"","congress","start_date","chamber","state_abbrev","party_code","bioname","bioguide_id","birthday","cmltv_cong","cmltv_chamber","age_days","age_years","generation","lastname","stars"
"19",97,"1981-01-03","Senate","SD",200,"ABDNOR, James","A000009","1923-02-13",5,1,21144,57.8891170431211,"Greatest","ABDNOR",""
"20",98,"1983-01-03","Senate","SD",200,"ABDNOR, James","A000009","1923-02-13",6,2,21874,59.8877481177276,"Greatest","ABDNOR",""
"21",99,"1985-01-03","Senate","SD",200,"ABDNOR, James","A000009","1923-02-13",7,3,22605,61.8891170431211,"Greatest","ABDNOR",""
"22",83,"1953-01-03","Senate","NE",200,"ABEL, Hazel Hempel","A000010","1888-07-10",1,1,23552,64.4818617385352,"Lost","ABEL",""
"58",93,"1973-01-03","Senate","SD",100,"ABOUREZK, James George","A000017","1931-02-24",2,1,15289,41.8590006844627,"Silent","ABOUREZK",""
"59",94,"1975-01-03","Senate","SD",100,"ABOUREZK, James George","A000017","1931-02-24",3,2,16019,43.8576317590691,"Silent","ABOUREZK",""
"60",95,"1977-01-03","Senate","SD",100,"ABOUREZK, James George","A000017","1931-02-24",4,3,16750,45.8590006844627,"Silent","ABOUREZK",""
"98",68,"1923-03-04","Senate","CO",100,"ADAMS, Alva Blanchard","A000028","1875-10-29",1,1,17292,47.3429158110883,"Missionary","ADAMS",""
"99",73,"1933-03-04","Senate","CO",100,"ADAMS, Alva Blanchard","A000028","1875-10-29",2,2,20945,57.3442847364819,"Missionary","ADAMS",""
"100",74,"1935-01-03","Senate","CO",100,"ADAMS, Alva Blanchard","A000028","1875-10-29",3,3,21615,59.1786447638604,"Missionary","ADAMS",""
"101",75,"1937-01-03","Senate","CO",100,"ADAMS, Alva Blanchard","A000028","1875-10-29",4,4,22346,61.1800136892539,"Missionary","ADAMS",""
"102",76,"1939-01-03","Senate","CO",100,"ADAMS, Alva Blanchard","A000028","1875-10-29",5,5,23076,63.1786447638604,"Missionary","ADAMS",""
"103",77,"1941-01-03","Senate","CO",100,"ADAMS, Alva Blanchard","A000028","1875-10-29",6,6,23807,65.1800136892539,"Missionary","ADAMS",""
"111",100,"1987-01-03","Senate","WA",100,"ADAMS, Brockman (Brock)","A000031","1927-01-13",8,1,21905,59.9726214921287,"Greatest","ADAMS",""
"112",101,"1989-01-03","Senate","WA",100,"ADAMS, Brockman (Brock)","A000031","1927-01-13",9,2,22636,61.9739904175222,"Greatest","ADAMS",""
"113",102,"1991-01-03","Senate","WA",100,"ADAMS, Brockman (Brock)","A000031","1927-01-13",10,3,23366,63.9726214921287,"Greatest","ADAMS",""
"154",77,"1941-01-03","Senate","VT",200,"AIKEN, George David","A000062","1892-08-20",1,1,17667,48.3696098562628,"Lost","AIKEN",""
"155",78,"1943-01-03","Senate","VT",200,"AIKEN, George David","A000062","1892-08-20",2,2,18397,50.3682409308693,"Lost","AIKEN",""
"156",79,"1945-01-03","Senate","VT",200,"AIKEN, George David","A000062","1892-08-20",3,3,19128,52.3696098562628,"Lost","AIKEN",""
"157",80,"1947-01-03","Senate","VT",200,"AIKEN, George David","A000062","1892-08-20",4,4,19858,54.3682409308693,"Lost","AIKEN",""
"158",81,"1949-01-03","Senate","VT",200,"AIKEN, George David","A000062","1892-08-20",5,5,20589,56.3696098562628,"Lost","AIKEN",""
"159",82,"1951-01-03","Senate","VT",200,"AIKEN, George David","A000062","1892-08-20",6,6,21319,58.3682409308693,"Lost","AIKEN",""
"160",83,"1953-01-03","Senate","VT",200,"AIKEN, George David","A000062","1892-08-20",7,7,22050,60.3696098562628,"Lost","AIKEN",""
"161",84,"1955-01-03","Senate","VT",200,"AIKEN, George David","A000062","1892-08-20",8,8,22780,62.3682409308693,"Lost","AIKEN",""
"162",85,"1957-01-03","Senate","VT",200,"AIKEN, George David","A000062","1892-08-20",9,9,23511,64.3696098562628,"Lost","AIKEN",""
"163",86,"1959-01-03","Senate","VT",200,"AIKEN, George David","A000062","1892-08-20",10,10,24241,66.3682409308693,"Lost","AIKEN",""
"164",87,"1961-01-03","Senate","VT",200,"AIKEN, George David","A000062","1892-08-20",11,11,24972,68.3696098562628,"Lost","AIKEN",""
"165",88,"1963-01-03","Senate","VT",200,"AIKEN, George David","A000062","1892-08-20",12,12,25702,70.3682409308693,"Lost","AIKEN",""
"166",89,"1965-01-03","Senate","VT",200,"AIKEN, George David","A000062","1892-08-20",13,13,26433,72.3696098562628,"Lost","AIKEN",""
"167",90,"1967-01-03","Senate","VT",200,"AIKEN, George David","A000062","1892-08-20",14,14,27163,74.3682409308693,"Lost","AIKEN",""
"168",91,"1969-01-03","Senate","VT",200,"AIKEN, George David","A000062","1892-08-20",15,15,27894,76.3696098562628,"Lost","AIKEN",""
"169",92,"1971-01-03","Senate","VT",200,"AIKEN, George David","A000062","1892-08-20",16,16,28624,78.3682409308693,"Lost","AIKEN",""
"170",93,"1973-01-03","Senate","VT",200,"AIKEN, George David","A000062","1892-08-20",17,17,29355,80.3696098562628,"Lost","AIKEN",""
"178",102,"1991-01-03","Senate","HI",100,"AKAKA, Daniel Kahikina","A000069","1924-09-11",8,1,24220,66.3107460643395,"Greatest","AKAKA",""
"179",103,"1993-01-03","Senate","HI",100,"AKAKA, Daniel Kahikina","A000069","1924-09-11",9,2,24951,68.3121149897331,"Greatest","AKAKA",""
"180",104,"1995-01-03","Senate","HI",100,"AKAKA, Daniel Kahikina","A000069","1924-09-11",10,3,25681,70.3107460643395,"Greatest","AKAKA",""
"181",105,"1997-01-03","Senate","HI",100,"AKAKA, Daniel Kahikina","A000069","1924-09-11",11,4,26412,72.3121149897331,"Greatest","AKAKA",""
"182",106,"1999-01-03","Senate","HI",100,"AKAKA, Daniel Kahikina","A000069","1924-09-11",12,5,27142,74.3107460643395,"Greatest","AKAKA",""
"183",107,"2001-01-03","Senate","HI",100,"AKAKA, Daniel Kahikina","A000069","1924-09-11",13,6,27873,76.3121149897331,"Greatest","AKAKA",""
"184",108,"2003-01-03","Senate","HI",100,"AKAKA, Daniel Kahikina","A000069","1924-09-11",14,7,28603,78.3107460643395,"Greatest","AKAKA",""
"185",109,"2005-01-03","Senate","HI",100,"AKAKA, Daniel Kahikina","A000069","1924-09-11",15,8,29334,80.3121149897331,"Greatest","AKAKA",""
"186",110,"2007-01-03","Senate","HI",100,"AKAKA, Daniel Kahikina","A000069","1924-09-11",16,9,30064,82.3107460643395,"Greatest","AKAKA",""
"187",111,"2009-01-03","Senate","HI",100,"AKAKA, Daniel Kahikina","A000069","1924-09-11",17,10,30795,84.3121149897331,"Greatest","AKAKA",""
"188",112,"2011-01-03","Senate","HI",100,"AKAKA, Daniel Kahikina","A000069","1924-09-11",18,11,31525,86.3107460643395,"Greatest","AKAKA",""
"243",105,"1997-01-03","Senate","CO",200,"ALLARD, A. Wayne","A000109","1943-12-02",4,1,19391,53.0896646132786,"Silent","ALLARD",""
"244",106,"1999-01-03","Senate","CO",200,"ALLARD, A. Wayne","A000109","1943-12-02",5,2,20121,55.088295687885,"Silent","ALLARD",""
"245",107,"2001-01-03","Senate","CO",200,"ALLARD, A. Wayne","A000109","1943-12-02",6,3,20852,57.0896646132786,"Silent","ALLARD",""
"246",108,"2003-01-03","Senate","CO",200,"ALLARD, A. Wayne","A000109","1943-12-02",7,4,21582,59.088295687885,"Silent","ALLARD",""
"247",109,"2005-01-03","Senate","CO",200,"ALLARD, A. Wayne","A000109","1943-12-02",8,5,22313,61.0896646132786,"Silent","ALLARD",""
"248",110,"2007-01-03","Senate","CO",200,"ALLARD, A. Wayne","A000109","1943-12-02",9,6,23043,63.088295687885,"Silent","ALLARD",""
"260",107,"2001-01-03","Senate","VA",200,"ALLEN, George","A000121","1952-03-08",2,1,17833,48.8240930869268,"Boomers","ALLEN",""
"261",108,"2003-01-03","Senate","VA",200,"ALLEN, George","A000121","1952-03-08",3,2,18563,50.8227241615332,"Boomers","ALLEN",""
"262",109,"2005-01-03","Senate","VA",200,"ALLEN, George","A000121","1952-03-08",4,3,19294,52.8240930869268,"Boomers","ALLEN",""
"263",71,"1929-03-04","Senate","KS",200,"ALLEN, Henry Justin","A000126","1868-09-11",1,1,22088,60.4736481861739,"Missionary","ALLEN",""
"264",91,"1969-01-03","Senate","AL",100,"ALLEN, James Browning","A000127","1912-12-28",1,1,20460,56.0164271047228,"Greatest","ALLEN",""
"265",92,"1971-01-03","Senate","AL",100,"ALLEN, James Browning","A000127","1912-12-28",2,2,21190,58.0150581793292,"Greatest","ALLEN",""
"266",93,"1973-01-03","Senate","AL",100,"ALLEN, James Browning","A000127","1912-12-28",3,3,21921,60.0164271047228,"Greatest","ALLEN",""
"267",94,"1975-01-03","Senate","AL",100,"ALLEN, James Browning","A000127","1912-12-28",4,4,22651,62.0150581793292,"Greatest","ALLEN",""
"268",95,"1977-01-03","Senate","AL",100,"ALLEN, James Browning","A000127","1912-12-28",5,5,23382,64.0164271047228,"Greatest","ALLEN",""
"293",95,"1977-01-03","Senate","AL",100,"ALLEN, Maryon Pittman","A000139","1925-11-30",1,1,18662,51.0937713894593,"Greatest","ALLEN",""
"306",84,"1955-01-03","Senate","CO",200,"ALLOTT, Gordon Llewellyn","A000161","1907-01-02",1,1,17533,48.0027378507871,"Greatest","ALLOTT",""
"307",85,"1957-01-03","Senate","CO",200,"ALLOTT, Gordon Llewellyn","A000161","1907-01-02",2,2,18264,50.0041067761807,"Greatest","ALLOTT",""
"308",86,"1959-01-03","Senate","CO",200,"ALLOTT, Gordon Llewellyn","A000161","1907-01-02",3,3,18994,52.0027378507871,"Greatest","ALLOTT",""
"309",87,"1961-01-03","Senate","CO",200,"ALLOTT, Gordon Llewellyn","A000161","1907-01-02",4,4,19725,54.0041067761807,"Greatest","ALLOTT",""
"310",88,"1963-01-03","Senate","CO",200,"ALLOTT, Gordon Llewellyn","A000161","1907-01-02",5,5,20455,56.0027378507871,"Greatest","ALLOTT",""
"311",89,"1965-01-03","Senate","CO",200,"ALLOTT, Gordon Llewellyn","A000161","1907-01-02",6,6,21186,58.0041067761807,"Greatest","ALLOTT",""
"312",90,"1967-01-03","Senate","CO",200,"ALLOTT, Gordon Llewellyn","A000161","1907-01-02",7,7,21916,60.0027378507871,"Greatest","ALLOTT",""
"313",91,"1969-01-03","Senate","CO",200,"ALLOTT, Gordon Llewellyn","A000161","1907-01-02",8,8,22647,62.0041067761807,"Greatest","ALLOTT",""
"314",92,"1971-01-03","Senate","CO",200,"ALLOTT, Gordon Llewellyn","A000161","1907-01-02",9,9,23377,64.0027378507871,"Greatest","ALLOTT",""
"349",81,"1949-01-03","Senate","NM",100,"ANDERSON, Clinton Presba","A000186","1895-10-23",4,1,19430,53.1964407939767,"Lost","ANDERSON",""
"350",82,"1951-01-03","Senate","NM",100,"ANDERSON, Clinton Presba","A000186","1895-10-23",5,2,20160,55.1950718685832,"Lost","ANDERSON",""
"351",83,"1953-01-03","Senate","NM",100,"ANDERSON, Clinton Presba","A000186","1895-10-23",6,3,20891,57.1964407939767,"Lost","ANDERSON",""
"352",84,"1955-01-03","Senate","NM",100,"ANDERSON, Clinton Presba","A000186","1895-10-23",7,4,21621,59.1950718685832,"Lost","ANDERSON",""
"353",85,"1957-01-03","Senate","NM",100,"ANDERSON, Clinton Presba","A000186","1895-10-23",8,5,22352,61.1964407939767,"Lost","ANDERSON",""
"354",86,"1959-01-03","Senate","NM",100,"ANDERSON, Clinton Presba","A000186","1895-10-23",9,6,23082,63.1950718685832,"Lost","ANDERSON",""
"355",87,"1961-01-03","Senate","NM",100,"ANDERSON, Clinton Presba","A000186","1895-10-23",10,7,23813,65.1964407939767,"Lost","ANDERSON",""
"356",88,"1963-01-03","Senate","NM",100,"ANDERSON, Clinton Presba","A000186","1895-10-23",11,8,24543,67.1950718685832,"Lost","ANDERSON",""
"357",89,"1965-01-03","Senate","NM",100,"ANDERSON, Clinton Presba","A000186","1895-10-23",12,9,25274,69.1964407939767,"Lost","ANDERSON",""
"358",90,"1967-01-03","Senate","NM",100,"ANDERSON, Clinton Presba","A000186","1895-10-23",13,10,26004,71.1950718685832,"Lost","ANDERSON",""
"359",91,"1969-01-03","Senate","NM",100,"ANDERSON, Clinton Presba","A000186","1895-10-23",14,11,26735,73.1964407939767,"Lost","ANDERSON",""
"360",92,"1971-01-03","Senate","NM",100,"ANDERSON, Clinton Presba","A000186","1895-10-23",15,12,27465,75.1950718685832,"Lost","ANDERSON",""
"392",94,"1975-01-03","Senate","MN",100,"ANDERSON, Wendell Richard","A000202","1933-02-01",1,1,15311,41.9192334017796,"Silent","ANDERSON",""
"393",95,"1977-01-03","Senate","MN",100,"ANDERSON, Wendell Richard","A000202","1933-02-01",2,2,16042,43.9206023271732,"Silent","ANDERSON",""
"430",97,"1981-01-03","Senate","ND",200,"ANDREWS, Mark","A000208","1926-05-19",10,1,19953,54.6283367556468,"Greatest","ANDREWS",""
"431",98,"1983-01-03","Senate","ND",200,"ANDREWS, Mark","A000208","1926-05-19",11,2,20683,56.6269678302532,"Greatest","ANDREWS",""
"432",99,"1985-01-03","Senate","ND",200,"ANDREWS, Mark","A000208","1926-05-19",12,3,21414,58.6283367556468,"Greatest","ANDREWS",""
"532",96,"1979-01-03","Senate","CO",200,"ARMSTRONG, William Lester","A000219","1937-03-16",4,1,15268,41.8015058179329,"Silent","ARMSTRONG",""
"533",97,"1981-01-03","Senate","CO",200,"ARMSTRONG, William Lester","A000219","1937-03-16",5,2,15999,43.8028747433265,"Silent","ARMSTRONG",""
"534",98,"1983-01-03","Senate","CO",200,"ARMSTRONG, William Lester","A000219","1937-03-16",6,3,16729,45.8015058179329,"Silent","ARMSTRONG",""
"535",99,"1985-01-03","Senate","CO",200,"ARMSTRONG, William Lester","A000219","1937-03-16",7,4,17460,47.8028747433265,"Silent","ARMSTRONG",""
"536",100,"1987-01-03","Senate","CO",200,"ARMSTRONG, William Lester","A000219","1937-03-16",8,5,18190,49.8015058179329,"Silent","ARMSTRONG",""
"537",101,"1989-01-03","Senate","CO",200,"ARMSTRONG, William Lester","A000219","1937-03-16",9,6,18921,51.8028747433265,"Silent","ARMSTRONG",""
"652",74,"1935-01-03","Senate","FL",100,"ANDREWS, Charles Oscar","A000244","1877-03-07",1,1,21120,57.82340862423,"Missionary","ANDREWS",""
"653",75,"1937-01-03","Senate","FL",100,"ANDREWS, Charles Oscar","A000244","1877-03-07",2,2,21851,59.8247775496235,"Missionary","ANDREWS",""
"654",76,"1939-01-03","Senate","FL",100,"ANDREWS, Charles Oscar","A000244","1877-03-07",3,3,22581,61.82340862423,"Missionary","ANDREWS",""
"655",77,"1941-01-03","Senate","FL",100,"ANDREWS, Charles Oscar","A000244","1877-03-07",4,4,23312,63.8247775496235,"Missionary","ANDREWS",""
"656",78,"1943-01-03","Senate","FL",100,"ANDREWS, Charles Oscar","A000244","1877-03-07",5,5,24042,65.82340862423,"Missionary","ANDREWS",""
"657",79,"1945-01-03","Senate","FL",100,"ANDREWS, Charles Oscar","A000244","1877-03-07",6,6,24773,67.8247775496235,"Missionary","ANDREWS",""
"714",66,"1919-03-04","Senate","AZ",100,"ASHURST, Henry Fountain","A000319","1874-09-13",5,5,16242,44.4681724845996,"Missionary","ASHURST",""
"715",67,"1921-03-04","Senate","AZ",100,"ASHURST, Henry Fountain","A000319","1874-09-13",6,6,16973,46.4695414099932,"Missionary","ASHURST",""
"716",68,"1923-03-04","Senate","AZ",100,"ASHURST, Henry Fountain","A000319","1874-09-13",7,7,17703,48.4681724845996,"Missionary","ASHURST",""
"717",69,"1925-03-04","Senate","AZ",100,"ASHURST, Henry Fountain","A000319","1874-09-13",8,8,18434,50.4695414099932,"Missionary","ASHURST",""
"718",70,"1927-03-04","Senate","AZ",100,"ASHURST, Henry Fountain","A000319","1874-09-13",9,9,19164,52.4681724845996,"Missionary","ASHURST",""
"719",71,"1929-03-04","Senate","AZ",100,"ASHURST, Henry Fountain","A000319","1874-09-13",10,10,19895,54.4695414099932,"Missionary","ASHURST",""
"720",72,"1931-03-04","Senate","AZ",100,"ASHURST, Henry Fountain","A000319","1874-09-13",11,11,20625,56.4681724845996,"Missionary","ASHURST",""
"721",73,"1933-03-04","Senate","AZ",100,"ASHURST, Henry Fountain","A000319","1874-09-13",12,12,21356,58.4695414099932,"Missionary","ASHURST",""
"722",74,"1935-01-03","Senate","AZ",100,"ASHURST, Henry Fountain","A000319","1874-09-13",13,13,22026,60.3039014373717,"Missionary","ASHURST",""
"723",75,"1937-01-03","Senate","AZ",100,"ASHURST, Henry Fountain","A000319","1874-09-13",14,14,22757,62.3052703627652,"Missionary","ASHURST",""
"724",76,"1939-01-03","Senate","AZ",100,"ASHURST, Henry Fountain","A000319","1874-09-13",15,15,23487,64.3039014373717,"Missionary","ASHURST",""
"751",72,"1931-03-04","Senate","VT",200,"AUSTIN, Warren Robinson","A000342","1877-11-12",1,1,19469,53.3032169746749,"Missionary","AUSTIN",""
"752",73,"1933-03-04","Senate","VT",200,"AUSTIN, Warren Robinson","A000342","1877-11-12",2,2,20200,55.3045859000684,"Missionary","AUSTIN",""
"753",74,"1935-01-03","Senate","VT",200,"AUSTIN, Warren Robinson","A000342","1877-11-12",3,3,20870,57.138945927447,"Missionary","AUSTIN",""
"754",75,"1937-01-03","Senate","VT",200,"AUSTIN, Warren Robinson","A000342","1877-11-12",4,4,21601,59.1403148528405,"Missionary","AUSTIN",""
"755",76,"1939-01-03","Senate","VT",200,"AUSTIN, Warren Robinson","A000342","1877-11-12",5,5,22331,61.138945927447,"Missionary","AUSTIN",""
"756",77,"1941-01-03","Senate","VT",200,"AUSTIN, Warren Robinson","A000342","1877-11-12",6,6,23062,63.1403148528405,"Missionary","AUSTIN",""
"757",78,"1943-01-03","Senate","VT",200,"AUSTIN, Warren Robinson","A000342","1877-11-12",7,7,23792,65.138945927447,"Missionary","AUSTIN",""
"758",79,"1945-01-03","Senate","VT",200,"AUSTIN, Warren Robinson","A000342","1877-11-12",8,8,24523,67.1403148528405,"Missionary","AUSTIN",""
"768",104,"1995-01-03","Senate","MI",200,"ABRAHAM, Spencer","A000355","1952-06-12",1,1,15545,42.5598904859685,"Boomers","ABRAHAM",""
"769",105,"1997-01-03","Senate","MI",200,"ABRAHAM, Spencer","A000355","1952-06-12",2,2,16276,44.5612594113621,"Boomers","ABRAHAM",""
"770",106,"1999-01-03","Senate","MI",200,"ABRAHAM, Spencer","A000355","1952-06-12",3,3,17006,46.5598904859685,"Boomers","ABRAHAM",""
"771",104,"1995-01-03","Senate","MO",200,"ASHCROFT, John David","A000356","1942-05-09",1,1,19232,52.6543463381246,"Silent","ASHCROFT",""
"772",105,"1997-01-03","Senate","MO",200,"ASHCROFT, John David","A000356","1942-05-09",2,2,19963,54.6557152635181,"Silent","ASHCROFT",""
"773",106,"1999-01-03","Senate","MO",200,"ASHCROFT, John David","A000356","1942-05-09",3,3,20693,56.6543463381246,"Silent","ASHCROFT",""
"786",108,"2003-01-03","Senate","TN",200,"ALEXANDER, Lamar","A000360","1940-07-03",1,1,22829,62.5023956194387,"Silent","ALEXANDER",""
"787",109,"2005-01-03","Senate","TN",200,"ALEXANDER, Lamar","A000360","1940-07-03",2,2,23560,64.5037645448323,"Silent","ALEXANDER",""
"788",110,"2007-01-03","Senate","TN",200,"ALEXANDER, Lamar","A000360","1940-07-03",3,3,24290,66.5023956194387,"Silent","ALEXANDER",""
"789",111,"2009-01-03","Senate","TN",200,"ALEXANDER, Lamar","A000360","1940-07-03",4,4,25021,68.5037645448323,"Silent","ALEXANDER",""
"790",112,"2011-01-03","Senate","TN",200,"ALEXANDER, Lamar","A000360","1940-07-03",5,5,25751,70.5023956194387,"Silent","ALEXANDER",""
"791",113,"2013-01-03","Senate","TN",200,"ALEXANDER, Lamar","A000360","1940-07-03",6,6,26482,72.5037645448323,"Silent","ALEXANDER",""
"792",114,"2015-01-03","Senate","TN",200,"ALEXANDER, Lamar","A000360","1940-07-03",7,7,27212,74.5023956194387,"Silent","ALEXANDER",""
"793",115,"2017-01-03","Senate","TN",200,"ALEXANDER, Lamar","A000360","1940-07-03",8,8,27943,76.5037645448323,"Silent","ALEXANDER",""
"794",116,"2019-01-03","Senate","TN",200,"ALEXANDER, Lamar","A000360","1940-07-03",9,9,28673,78.5023956194387,"Silent","ALEXANDER",""
"815",112,"2011-01-03","Senate","NH",200,"AYOTTE, Kelly","A000368","1968-06-27",1,1,15530,42.5188227241615,"Gen X","AYOTTE",""
"816",113,"2013-01-03","Senate","NH",200,"AYOTTE, Kelly","A000368","1968-06-27",2,2,16261,44.5201916495551,"Gen X","AYOTTE",""
"817",114,"2015-01-03","Senate","NH",200,"AYOTTE, Kelly","A000368","1968-06-27",3,3,16991,46.5188227241615,"Gen X","AYOTTE",""
"870",72,"1931-03-04","Senate","TN",100,"BACHMAN, Nathan Lynn","B000010","1878-08-02",1,1,19206,52.5831622176591,"Missionary","BACHMAN",""
"871",73,"1933-03-04","Senate","TN",100,"BACHMAN, Nathan Lynn","B000010","1878-08-02",2,2,19937,54.5845311430527,"Missionary","BACHMAN",""
"872",74,"1935-01-03","Senate","TN",100,"BACHMAN, Nathan Lynn","B000010","1878-08-02",3,3,20607,56.4188911704312,"Missionary","BACHMAN",""
"873",75,"1937-01-03","Senate","TN",100,"BACHMAN, Nathan Lynn","B000010","1878-08-02",4,4,21338,58.4202600958248,"Missionary","BACHMAN",""
"927",72,"1931-03-04","Senate","NC",100,"BAILEY, Josiah William","B000046","1873-09-14",1,1,20989,57.4647501711157,"Missionary","BAILEY",""
"928",73,"1933-03-04","Senate","NC",100,"BAILEY, Josiah William","B000046","1873-09-14",2,2,21720,59.4661190965092,"Missionary","BAILEY",""
"929",74,"1935-01-03","Senate","NC",100,"BAILEY, Josiah William","B000046","1873-09-14",3,3,22390,61.3004791238877,"Missionary","BAILEY",""
"930",75,"1937-01-03","Senate","NC",100,"BAILEY, Josiah William","B000046","1873-09-14",4,4,23121,63.3018480492813,"Missionary","BAILEY",""
"931",76,"1939-01-03","Senate","NC",100,"BAILEY, Josiah William","B000046","1873-09-14",5,5,23851,65.3004791238878,"Missionary","BAILEY",""
"932",77,"1941-01-03","Senate","NC",100,"BAILEY, Josiah William","B000046","1873-09-14",6,6,24582,67.3018480492813,"Missionary","BAILEY",""
"933",78,"1943-01-03","Senate","NC",100,"BAILEY, Josiah William","B000046","1873-09-14",7,7,25312,69.3004791238878,"Missionary","BAILEY",""
"934",79,"1945-01-03","Senate","NC",100,"BAILEY, Josiah William","B000046","1873-09-14",8,8,26043,71.3018480492813,"Missionary","BAILEY",""
"937",71,"1929-03-04","Senate","NJ",200,"BAIRD, David, Jr.","B000053","1881-10-10",1,1,17311,47.3949349760438,"Missionary","BAIRD",""
"946",90,"1967-01-03","Senate","TN",200,"BAKER, Howard Henry, Jr.","B000063","1925-11-15",1,1,15024,41.1334702258727,"Greatest","BAKER",""
"947",91,"1969-01-03","Senate","TN",200,"BAKER, Howard Henry, Jr.","B000063","1925-11-15",2,2,15755,43.1348391512663,"Greatest","BAKER",""
"948",92,"1971-01-03","Senate","TN",200,"BAKER, Howard Henry, Jr.","B000063","1925-11-15",3,3,16485,45.1334702258727,"Greatest","BAKER",""
"949",93,"1973-01-03","Senate","TN",200,"BAKER, Howard Henry, Jr.","B000063","1925-11-15",4,4,17216,47.1348391512663,"Greatest","BAKER",""
"950",94,"1975-01-03","Senate","TN",200,"BAKER, Howard Henry, Jr.","B000063","1925-11-15",5,5,17946,49.1334702258727,"Greatest","BAKER",""
"951",95,"1977-01-03","Senate","TN",200,"BAKER, Howard Henry, Jr.","B000063","1925-11-15",6,6,18677,51.1348391512663,"Greatest","BAKER",""
"952",96,"1979-01-03","Senate","TN",200,"BAKER, Howard Henry, Jr.","B000063","1925-11-15",7,7,19407,53.1334702258727,"Greatest","BAKER",""
"953",97,"1981-01-03","Senate","TN",200,"BAKER, Howard Henry, Jr.","B000063","1925-11-15",8,8,20138,55.1348391512663,"Greatest","BAKER",""
"954",98,"1983-01-03","Senate","TN",200,"BAKER, Howard Henry, Jr.","B000063","1925-11-15",9,9,20868,57.1334702258727,"Greatest","BAKER",""
"993",79,"1945-01-03","Senate","CT",200,"BALDWIN, Raymond Earl","B000095","1893-08-31",1,1,18752,51.3401779603012,"Lost","BALDWIN",""
"994",80,"1947-01-03","Senate","CT",200,"BALDWIN, Raymond Earl","B000095","1893-08-31",2,2,19482,53.3388090349076,"Lost","BALDWIN",""
"995",81,"1949-01-03","Senate","CT",200,"BALDWIN, Raymond Earl","B000095","1893-08-31",3,3,20213,55.3401779603012,"Lost","BALDWIN",""
"996",76,"1939-01-03","Senate","MN",200,"BALL, Joseph Hurst","B000099","1905-11-03",1,1,12114,33.1663244353183,"Greatest","BALL",""
"997",77,"1941-01-03","Senate","MN",200,"BALL, Joseph Hurst","B000099","1905-11-03",2,2,12845,35.1676933607118,"Greatest","BALL",""
"998",78,"1943-01-03","Senate","MN",200,"BALL, Joseph Hurst","B000099","1905-11-03",3,3,13575,37.1663244353183,"Greatest","BALL",""
"999",79,"1945-01-03","Senate","MN",200,"BALL, Joseph Hurst","B000099","1905-11-03",4,4,14306,39.1676933607118,"Greatest","BALL",""
"1000",80,"1947-01-03","Senate","MN",200,"BALL, Joseph Hurst","B000099","1905-11-03",5,5,15036,41.1663244353183,"Greatest","BALL",""
"1001",66,"1919-03-04","Senate","DE",200,"BALL, Lewis Heisler","B000100","1861-09-21",3,2,20982,57.4455852156057,"Missionary","BALL",""
"1002",67,"1921-03-04","Senate","DE",200,"BALL, Lewis Heisler","B000100","1861-09-21",4,3,21713,59.4469541409993,"Missionary","BALL",""
"1003",68,"1923-03-04","Senate","DE",200,"BALL, Lewis Heisler","B000100","1861-09-21",5,4,22443,61.4455852156057,"Missionary","BALL",""
"1016",66,"1919-03-04","Senate","AL",100,"BANKHEAD, John Hollis","B000110","1842-09-13",17,7,27930,76.4681724845996,"Gilded","BANKHEAD",""
"1017",72,"1931-03-04","Senate","AL",100,"BANKHEAD, John Hollis II","B000111","1872-07-08",1,1,21422,58.6502395619439,"Missionary","BANKHEAD",""
"1018",73,"1933-03-04","Senate","AL",100,"BANKHEAD, John Hollis II","B000111","1872-07-08",2,2,22153,60.6516084873374,"Missionary","BANKHEAD",""
"1019",74,"1935-01-03","Senate","AL",100,"BANKHEAD, John Hollis II","B000111","1872-07-08",3,3,22823,62.485968514716,"Missionary","BANKHEAD",""
"1020",75,"1937-01-03","Senate","AL",100,"BANKHEAD, John Hollis II","B000111","1872-07-08",4,4,23554,64.4873374401095,"Missionary","BANKHEAD",""
"1021",76,"1939-01-03","Senate","AL",100,"BANKHEAD, John Hollis II","B000111","1872-07-08",5,5,24284,66.485968514716,"Missionary","BANKHEAD",""
"1022",77,"1941-01-03","Senate","AL",100,"BANKHEAD, John Hollis II","B000111","1872-07-08",6,6,25015,68.4873374401095,"Missionary","BANKHEAD",""
"1023",78,"1943-01-03","Senate","AL",100,"BANKHEAD, John Hollis II","B000111","1872-07-08",7,7,25745,70.485968514716,"Missionary","BANKHEAD",""
"1024",79,"1945-01-03","Senate","AL",100,"BANKHEAD, John Hollis II","B000111","1872-07-08",8,8,26476,72.4873374401095,"Missionary","BANKHEAD",""
"1045",72,"1931-03-04","Senate","NJ",200,"BARBOUR, William Warren","B000132","1888-07-31",1,1,15555,42.5872689938398,"Lost","BARBOUR",""
"1046",73,"1933-03-04","Senate","NJ",200,"BARBOUR, William Warren","B000132","1888-07-31",2,2,16286,44.5886379192334,"Lost","BARBOUR",""
"1047",74,"1935-01-03","Senate","NJ",200,"BARBOUR, William Warren","B000132","1888-07-31",3,3,16956,46.4229979466119,"Lost","BARBOUR",""
"1048",75,"1937-01-03","Senate","NJ",200,"BARBOUR, William Warren","B000132","1888-07-31",4,4,17687,48.4243668720055,"Lost","BARBOUR",""
"1049",76,"1939-01-03","Senate","NJ",200,"BARBOUR, William Warren","B000132","1888-07-31",5,5,18417,50.4229979466119,"Lost","BARBOUR",""
"1050",77,"1941-01-03","Senate","NJ",200,"BARBOUR, William Warren","B000132","1888-07-31",6,6,19148,52.4243668720055,"Lost","BARBOUR",""
"1051",78,"1943-01-03","Senate","NJ",200,"BARBOUR, William Warren","B000132","1888-07-31",7,7,19878,54.4229979466119,"Lost","BARBOUR",""
"1084",70,"1927-03-04","Senate","KY",100,"BARKLEY, Alben William","B000145","1877-11-24",8,1,17996,49.2703627652293,"Missionary","BARKLEY",""
"1085",71,"1929-03-04","Senate","KY",100,"BARKLEY, Alben William","B000145","1877-11-24",9,2,18727,51.2717316906229,"Missionary","BARKLEY",""
"1086",72,"1931-03-04","Senate","KY",100,"BARKLEY, Alben William","B000145","1877-11-24",10,3,19457,53.2703627652293,"Missionary","BARKLEY",""
"1087",73,"1933-03-04","Senate","KY",100,"BARKLEY, Alben William","B000145","1877-11-24",11,4,20188,55.2717316906229,"Missionary","BARKLEY",""
"1088",74,"1935-01-03","Senate","KY",100,"BARKLEY, Alben William","B000145","1877-11-24",12,5,20858,57.1060917180014,"Missionary","BARKLEY",""
"1089",75,"1937-01-03","Senate","KY",100,"BARKLEY, Alben William","B000145","1877-11-24",13,6,21589,59.1074606433949,"Missionary","BARKLEY",""
"1090",76,"1939-01-03","Senate","KY",100,"BARKLEY, Alben William","B000145","1877-11-24",14,7,22319,61.1060917180014,"Missionary","BARKLEY",""
"1091",77,"1941-01-03","Senate","KY",100,"BARKLEY, Alben William","B000145","1877-11-24",15,8,23050,63.1074606433949,"Missionary","BARKLEY",""
"1092",78,"1943-01-03","Senate","KY",100,"BARKLEY, Alben William","B000145","1877-11-24",16,9,23780,65.1060917180014,"Missionary","BARKLEY",""
"1093",79,"1945-01-03","Senate","KY",100,"BARKLEY, Alben William","B000145","1877-11-24",17,10,24511,67.1074606433949,"Missionary","BARKLEY",""
"1094",80,"1947-01-03","Senate","KY",100,"BARKLEY, Alben William","B000145","1877-11-24",18,11,25241,69.1060917180014,"Missionary","BARKLEY",""
"1095",81,"1949-01-03","Senate","KY",100,"BARKLEY, Alben William","B000145","1877-11-24",19,12,25972,71.1074606433949,"Missionary","BARKLEY",""
"1096",84,"1955-01-03","Senate","KY",100,"BARKLEY, Alben William","B000145","1877-11-24",20,13,28163,77.1060917180014,"Missionary","BARKLEY",""
"1121",83,"1953-01-03","Senate","WY",200,"BARRETT, Frank Aloysius","B000176","1892-11-10",5,1,21968,60.145106091718,"Lost","BARRETT",""
"1122",84,"1955-01-03","Senate","WY",200,"BARRETT, Frank Aloysius","B000176","1892-11-10",6,2,22698,62.1437371663244,"Lost","BARRETT",""
"1123",85,"1957-01-03","Senate","WY",200,"BARRETT, Frank Aloysius","B000176","1892-11-10",7,3,23429,64.145106091718,"Lost","BARRETT",""
"1149",75,"1937-01-03","Senate","OR",200,"BARRY, Alexander Grant","B000187","1892-08-23",1,1,16203,44.3613963039014,"Lost","BARRY",""
"1159",93,"1973-01-03","Senate","OK",200,"BARTLETT, Dewey Follett","B000200","1919-03-28",1,1,19640,53.7713894592745,"Greatest","BARTLETT",""
"1160",94,"1975-01-03","Senate","OK",200,"BARTLETT, Dewey Follett","B000200","1919-03-28",2,2,20370,55.7700205338809,"Greatest","BARTLETT",""
"1161",95,"1977-01-03","Senate","OK",200,"BARTLETT, Dewey Follett","B000200","1919-03-28",3,3,21101,57.7713894592745,"Greatest","BARTLETT",""
"1162",86,"1959-01-03","Senate","AK",100,"BARTLETT, Edward Lewis (Bob)","B000201","1904-04-20",1,1,19981,54.7049965776865,"Greatest","BARTLETT",""
"1163",87,"1961-01-03","Senate","AK",100,"BARTLETT, Edward Lewis (Bob)","B000201","1904-04-20",2,2,20712,56.7063655030801,"Greatest","BARTLETT",""
"1164",88,"1963-01-03","Senate","AK",100,"BARTLETT, Edward Lewis (Bob)","B000201","1904-04-20",3,3,21442,58.7049965776865,"Greatest","BARTLETT",""
"1165",89,"1965-01-03","Senate","AK",100,"BARTLETT, Edward Lewis (Bob)","B000201","1904-04-20",4,4,22173,60.7063655030801,"Greatest","BARTLETT",""
"1166",90,"1967-01-03","Senate","AK",100,"BARTLETT, Edward Lewis (Bob)","B000201","1904-04-20",5,5,22903,62.7049965776865,"Greatest","BARTLETT",""
"1218",89,"1965-01-03","Senate","TN",100,"BASS, Ross","B000223","1918-03-17",6,1,17094,46.8008213552361,"Greatest","BASS",""
"1269",96,"1979-01-03","Senate","MT",100,"BAUCUS, Max Sieben","B000243","1941-12-11",3,1,13537,37.0622861054073,"Silent","BAUCUS",""
"1270",97,"1981-01-03","Senate","MT",100,"BAUCUS, Max Sieben","B000243","1941-12-11",4,2,14268,39.0636550308008,"Silent","BAUCUS",""
"1271",98,"1983-01-03","Senate","MT",100,"BAUCUS, Max Sieben","B000243","1941-12-11",5,3,14998,41.0622861054073,"Silent","BAUCUS",""
"1272",99,"1985-01-03","Senate","MT",100,"BAUCUS, Max Sieben","B000243","1941-12-11",6,4,15729,43.0636550308008,"Silent","BAUCUS",""
"1273",100,"1987-01-03","Senate","MT",100,"BAUCUS, Max Sieben","B000243","1941-12-11",7,5,16459,45.0622861054073,"Silent","BAUCUS",""
"1274",101,"1989-01-03","Senate","MT",100,"BAUCUS, Max Sieben","B000243","1941-12-11",8,6,17190,47.0636550308008,"Silent","BAUCUS",""
"1275",102,"1991-01-03","Senate","MT",100,"BAUCUS, Max Sieben","B000243","1941-12-11",9,7,17920,49.0622861054073,"Silent","BAUCUS",""
"1276",103,"1993-01-03","Senate","MT",100,"BAUCUS, Max Sieben","B000243","1941-12-11",10,8,18651,51.0636550308008,"Silent","BAUCUS",""
"1277",104,"1995-01-03","Senate","MT",100,"BAUCUS, Max Sieben","B000243","1941-12-11",11,9,19381,53.0622861054073,"Silent","BAUCUS",""
"1278",105,"1997-01-03","Senate","MT",100,"BAUCUS, Max Sieben","B000243","1941-12-11",12,10,20112,55.0636550308008,"Silent","BAUCUS",""
"1279",106,"1999-01-03","Senate","MT",100,"BAUCUS, Max Sieben","B000243","1941-12-11",13,11,20842,57.0622861054073,"Silent","BAUCUS",""
"1280",107,"2001-01-03","Senate","MT",100,"BAUCUS, Max Sieben","B000243","1941-12-11",14,12,21573,59.0636550308008,"Silent","BAUCUS",""
"1281",108,"2003-01-03","Senate","MT",100,"BAUCUS, Max Sieben","B000243","1941-12-11",15,13,22303,61.0622861054073,"Silent","BAUCUS",""
"1282",109,"2005-01-03","Senate","MT",100,"BAUCUS, Max Sieben","B000243","1941-12-11",16,14,23034,63.0636550308008,"Silent","BAUCUS",""
"1283",110,"2007-01-03","Senate","MT",100,"BAUCUS, Max Sieben","B000243","1941-12-11",17,15,23764,65.0622861054073,"Silent","BAUCUS",""
"1284",111,"2009-01-03","Senate","MT",100,"BAUCUS, Max Sieben","B000243","1941-12-11",18,16,24495,67.0636550308008,"Silent","BAUCUS",""
"1285",112,"2011-01-03","Senate","MT",100,"BAUCUS, Max Sieben","B000243","1941-12-11",19,17,25225,69.0622861054073,"Silent","BAUCUS",""
"1286",113,"2013-01-03","Senate","MT",100,"BAUCUS, Max Sieben","B000243","1941-12-11",20,18,25956,71.0636550308008,"Silent","BAUCUS",""
"1295",67,"1921-03-04","Senate","DE",100,"BAYARD, Thomas Francis, Jr.","B000252","1868-06-04",1,1,19265,52.7446954140999,"Missionary","BAYARD",""
"1296",68,"1923-03-04","Senate","DE",100,"BAYARD, Thomas Francis, Jr.","B000252","1868-06-04",2,2,19995,54.7433264887064,"Missionary","BAYARD",""
"1297",69,"1925-03-04","Senate","DE",100,"BAYARD, Thomas Francis, Jr.","B000252","1868-06-04",3,3,20726,56.7446954140999,"Missionary","BAYARD",""
"1298",70,"1927-03-04","Senate","DE",100,"BAYARD, Thomas Francis, Jr.","B000252","1868-06-04",4,4,21456,58.7433264887064,"Missionary","BAYARD",""
"1299",88,"1963-01-03","Senate","IN",100,"BAYH, Birch Evans","B000254","1928-01-22",1,1,12765,34.9486652977413,"Silent","BAYH",""
"1300",89,"1965-01-03","Senate","IN",100,"BAYH, Birch Evans","B000254","1928-01-22",2,2,13496,36.9500342231348,"Silent","BAYH",""
"1301",90,"1967-01-03","Senate","IN",100,"BAYH, Birch Evans","B000254","1928-01-22",3,3,14226,38.9486652977413,"Silent","BAYH",""
"1302",91,"1969-01-03","Senate","IN",100,"BAYH, Birch Evans","B000254","1928-01-22",4,4,14957,40.9500342231348,"Silent","BAYH",""
"1303",92,"1971-01-03","Senate","IN",100,"BAYH, Birch Evans","B000254","1928-01-22",5,5,15687,42.9486652977413,"Silent","BAYH",""
"1304",93,"1973-01-03","Senate","IN",100,"BAYH, Birch Evans","B000254","1928-01-22",6,6,16418,44.9500342231348,"Silent","BAYH",""
"1305",94,"1975-01-03","Senate","IN",100,"BAYH, Birch Evans","B000254","1928-01-22",7,7,17148,46.9486652977413,"Silent","BAYH",""
"1306",95,"1977-01-03","Senate","IN",100,"BAYH, Birch Evans","B000254","1928-01-22",8,8,17879,48.9500342231348,"Silent","BAYH",""
"1307",96,"1979-01-03","Senate","IN",100,"BAYH, Birch Evans","B000254","1928-01-22",9,9,18609,50.9486652977413,"Silent","BAYH",""
"1313",83,"1953-01-03","Senate","MD",200,"BEALL, James Glenn","B000271","1894-06-05",6,1,21396,58.5790554414784,"Lost","BEALL",""
"1314",84,"1955-01-03","Senate","MD",200,"BEALL, James Glenn","B000271","1894-06-05",7,2,22126,60.5776865160849,"Lost","BEALL",""
"1315",85,"1957-01-03","Senate","MD",200,"BEALL, James Glenn","B000271","1894-06-05",8,3,22857,62.5790554414784,"Lost","BEALL",""
"1316",86,"1959-01-03","Senate","MD",200,"BEALL, James Glenn","B000271","1894-06-05",9,4,23587,64.5776865160849,"Lost","BEALL",""
"1317",87,"1961-01-03","Senate","MD",200,"BEALL, James Glenn","B000271","1894-06-05",10,5,24318,66.5790554414784,"Lost","BEALL",""
"1318",88,"1963-01-03","Senate","MD",200,"BEALL, James Glenn","B000271","1894-06-05",11,6,25048,68.5776865160849,"Lost","BEALL",""
"1320",92,"1971-01-03","Senate","MD",200,"BEALL, John Glenn, Jr.","B000272","1927-06-19",2,1,15904,43.5427789185489,"Greatest","BEALL",""
"1321",93,"1973-01-03","Senate","MD",200,"BEALL, John Glenn, Jr.","B000272","1927-06-19",3,2,16635,45.5441478439425,"Greatest","BEALL",""
"1322",94,"1975-01-03","Senate","MD",200,"BEALL, John Glenn, Jr.","B000272","1927-06-19",4,3,17365,47.5427789185489,"Greatest","BEALL",""
"1368",66,"1919-03-04","Senate","KY",100,"BECKHAM, John Crepps Wickliffe","B000293","1869-08-05",3,3,18107,49.574264202601,"Missionary","BECKHAM",""
"1455",91,"1969-01-03","Senate","OK",200,"BELLMON, Henry Louis","B000351","1921-09-03",1,1,17289,47.3347022587269,"Greatest","BELLMON",""
"1456",92,"1971-01-03","Senate","OK",200,"BELLMON, Henry Louis","B000351","1921-09-03",2,2,18019,49.3333333333333,"Greatest","BELLMON",""
"1457",93,"1973-01-03","Senate","OK",200,"BELLMON, Henry Louis","B000351","1921-09-03",3,3,18750,51.3347022587269,"Greatest","BELLMON",""
"1458",94,"1975-01-03","Senate","OK",200,"BELLMON, Henry Louis","B000351","1921-09-03",4,4,19480,53.3333333333333,"Greatest","BELLMON",""
"1459",95,"1977-01-03","Senate","OK",200,"BELLMON, Henry Louis","B000351","1921-09-03",5,5,20211,55.3347022587269,"Greatest","BELLMON",""
"1460",96,"1979-01-03","Senate","OK",200,"BELLMON, Henry Louis","B000351","1921-09-03",6,6,20941,57.3333333333333,"Greatest","BELLMON",""
"1468",84,"1955-01-03","Senate","OH",200,"BENDER, George Harrison","B000356","1896-09-29",8,1,21279,58.258726899384,"Lost","BENDER",""
"1512",103,"1993-01-03","Senate","UT",200,"BENNETT, Robert","B000382","1933-09-18",1,1,21657,59.2936344969199,"Silent","BENNETT",""
"1513",104,"1995-01-03","Senate","UT",200,"BENNETT, Robert","B000382","1933-09-18",2,2,22387,61.2922655715264,"Silent","BENNETT",""
"1514",105,"1997-01-03","Senate","UT",200,"BENNETT, Robert","B000382","1933-09-18",3,3,23118,63.2936344969199,"Silent","BENNETT",""
"1515",106,"1999-01-03","Senate","UT",200,"BENNETT, Robert","B000382","1933-09-18",4,4,23848,65.2922655715264,"Silent","BENNETT",""
"1516",107,"2001-01-03","Senate","UT",200,"BENNETT, Robert","B000382","1933-09-18",5,5,24579,67.2936344969199,"Silent","BENNETT",""
"1517",108,"2003-01-03","Senate","UT",200,"BENNETT, Robert","B000382","1933-09-18",6,6,25309,69.2922655715264,"Silent","BENNETT",""
"1518",109,"2005-01-03","Senate","UT",200,"BENNETT, Robert","B000382","1933-09-18",7,7,26040,71.2936344969199,"Silent","BENNETT",""
"1519",110,"2007-01-03","Senate","UT",200,"BENNETT, Robert","B000382","1933-09-18",8,8,26770,73.2922655715264,"Silent","BENNETT",""
"1520",111,"2009-01-03","Senate","UT",200,"BENNETT, Robert","B000382","1933-09-18",9,9,27501,75.2936344969199,"Silent","BENNETT",""
"1521",82,"1951-01-03","Senate","UT",200,"BENNETT, Wallace Foster","B000384","1898-11-13",1,1,19043,52.1368925393566,"Lost","BENNETT",""
"1522",83,"1953-01-03","Senate","UT",200,"BENNETT, Wallace Foster","B000384","1898-11-13",2,2,19774,54.1382614647502,"Lost","BENNETT",""
"1523",84,"1955-01-03","Senate","UT",200,"BENNETT, Wallace Foster","B000384","1898-11-13",3,3,20504,56.1368925393566,"Lost","BENNETT",""
"1524",85,"1957-01-03","Senate","UT",200,"BENNETT, Wallace Foster","B000384","1898-11-13",4,4,21235,58.1382614647502,"Lost","BENNETT",""
"1525",86,"1959-01-03","Senate","UT",200,"BENNETT, Wallace Foster","B000384","1898-11-13",5,5,21965,60.1368925393566,"Lost","BENNETT",""
"1526",87,"1961-01-03","Senate","UT",200,"BENNETT, Wallace Foster","B000384","1898-11-13",6,6,22696,62.1382614647502,"Lost","BENNETT",""
"1527",88,"1963-01-03","Senate","UT",200,"BENNETT, Wallace Foster","B000384","1898-11-13",7,7,23426,64.1368925393566,"Lost","BENNETT",""
"1528",89,"1965-01-03","Senate","UT",200,"BENNETT, Wallace Foster","B000384","1898-11-13",8,8,24157,66.1382614647502,"Lost","BENNETT",""
"1529",90,"1967-01-03","Senate","UT",200,"BENNETT, Wallace Foster","B000384","1898-11-13",9,9,24887,68.1368925393566,"Lost","BENNETT",""
"1530",91,"1969-01-03","Senate","UT",200,"BENNETT, Wallace Foster","B000384","1898-11-13",10,10,25618,70.1382614647502,"Lost","BENNETT",""
"1531",92,"1971-01-03","Senate","UT",200,"BENNETT, Wallace Foster","B000384","1898-11-13",11,11,26348,72.1368925393566,"Lost","BENNETT",""
"1532",93,"1973-01-03","Senate","UT",200,"BENNETT, Wallace Foster","B000384","1898-11-13",12,12,27079,74.1382614647502,"Lost","BENNETT",""
"1534",74,"1935-01-03","Senate","MN",537,"BENSON, Elmer Austin","B000389","1895-09-22",1,1,14347,39.2799452429843,"Lost","BENSON",""
"1544",81,"1949-01-03","Senate","CT",100,"BENTON, William","B000399","1900-04-01",1,1,17809,48.7583846680356,"Lost","BENTON",""
"1545",82,"1951-01-03","Senate","CT",100,"BENTON, William","B000399","1900-04-01",2,2,18539,50.757015742642,"Lost","BENTON",""
"1554",92,"1971-01-03","Senate","TX",100,"BENTSEN, Lloyd Millard, Jr.","B000401","1921-02-11",5,1,18223,49.8918548939083,"Greatest","BENTSEN",""
"1555",93,"1973-01-03","Senate","TX",100,"BENTSEN, Lloyd Millard, Jr.","B000401","1921-02-11",6,2,18954,51.8932238193018,"Greatest","BENTSEN",""
"1556",94,"1975-01-03","Senate","TX",100,"BENTSEN, Lloyd Millard, Jr.","B000401","1921-02-11",7,3,19684,53.8918548939083,"Greatest","BENTSEN",""
"1557",95,"1977-01-03","Senate","TX",100,"BENTSEN, Lloyd Millard, Jr.","B000401","1921-02-11",8,4,20415,55.8932238193018,"Greatest","BENTSEN",""
"1558",96,"1979-01-03","Senate","TX",100,"BENTSEN, Lloyd Millard, Jr.","B000401","1921-02-11",9,5,21145,57.8918548939083,"Greatest","BENTSEN",""
"1559",97,"1981-01-03","Senate","TX",100,"BENTSEN, Lloyd Millard, Jr.","B000401","1921-02-11",10,6,21876,59.8932238193018,"Greatest","BENTSEN",""
"1560",98,"1983-01-03","Senate","TX",100,"BENTSEN, Lloyd Millard, Jr.","B000401","1921-02-11",11,7,22606,61.8918548939083,"Greatest","BENTSEN",""
"1561",99,"1985-01-03","Senate","TX",100,"BENTSEN, Lloyd Millard, Jr.","B000401","1921-02-11",12,8,23337,63.8932238193018,"Greatest","BENTSEN",""
"1562",100,"1987-01-03","Senate","TX",100,"BENTSEN, Lloyd Millard, Jr.","B000401","1921-02-11",13,9,24067,65.8918548939083,"Greatest","BENTSEN",""
"1563",101,"1989-01-03","Senate","TX",100,"BENTSEN, Lloyd Millard, Jr.","B000401","1921-02-11",14,10,24798,67.8932238193019,"Greatest","BENTSEN",""
"1564",102,"1991-01-03","Senate","TX",100,"BENTSEN, Lloyd Millard, Jr.","B000401","1921-02-11",15,11,25528,69.8918548939083,"Greatest","BENTSEN",""
"1565",103,"1993-01-03","Senate","TX",100,"BENTSEN, Lloyd Millard, Jr.","B000401","1921-02-11",16,12,26259,71.8932238193019,"Greatest","BENTSEN",""
"1614",75,"1937-01-03","Senate","TN",100,"BERRY, George Leonard","B000417","1882-09-12",1,1,19836,54.3080082135524,"Missionary","BERRY",""
"1661",83,"1953-01-03","Senate","NV",100,"BIBLE, Alan Harvey","B000436","1909-11-20",1,1,15750,43.1211498973306,"Greatest","BIBLE",""
"1662",84,"1955-01-03","Senate","NV",100,"BIBLE, Alan Harvey","B000436","1909-11-20",2,2,16480,45.119780971937,"Greatest","BIBLE",""
"1663",85,"1957-01-03","Senate","NV",100,"BIBLE, Alan Harvey","B000436","1909-11-20",3,3,17211,47.1211498973306,"Greatest","BIBLE",""
"1664",86,"1959-01-03","Senate","NV",100,"BIBLE, Alan Harvey","B000436","1909-11-20",4,4,17941,49.119780971937,"Greatest","BIBLE",""
"1665",87,"1961-01-03","Senate","NV",100,"BIBLE, Alan Harvey","B000436","1909-11-20",5,5,18672,51.1211498973306,"Greatest","BIBLE",""
"1666",88,"1963-01-03","Senate","NV",100,"BIBLE, Alan Harvey","B000436","1909-11-20",6,6,19402,53.119780971937,"Greatest","BIBLE",""
"1667",89,"1965-01-03","Senate","NV",100,"BIBLE, Alan Harvey","B000436","1909-11-20",7,7,20133,55.1211498973306,"Greatest","BIBLE",""
"1668",90,"1967-01-03","Senate","NV",100,"BIBLE, Alan Harvey","B000436","1909-11-20",8,8,20863,57.119780971937,"Greatest","BIBLE",""
"1669",91,"1969-01-03","Senate","NV",100,"BIBLE, Alan Harvey","B000436","1909-11-20",9,9,21594,59.1211498973306,"Greatest","BIBLE",""
"1670",92,"1971-01-03","Senate","NV",100,"BIBLE, Alan Harvey","B000436","1909-11-20",10,10,22324,61.119780971937,"Greatest","BIBLE",""
"1671",93,"1973-01-03","Senate","NV",100,"BIBLE, Alan Harvey","B000436","1909-11-20",11,11,23055,63.1211498973306,"Greatest","BIBLE",""
"1673",93,"1973-01-03","Senate","DE",100,"BIDEN, Joseph Robinette, Jr.","B000444","1942-11-20",1,1,11002,30.1218343600274,"Silent","BIDEN","BIDEN"
"1674",94,"1975-01-03","Senate","DE",100,"BIDEN, Joseph Robinette, Jr.","B000444","1942-11-20",2,2,11732,32.1204654346338,"Silent","BIDEN","BIDEN"
"1675",95,"1977-01-03","Senate","DE",100,"BIDEN, Joseph Robinette, Jr.","B000444","1942-11-20",3,3,12463,34.1218343600274,"Silent","BIDEN","BIDEN"
"1676",96,"1979-01-03","Senate","DE",100,"BIDEN, Joseph Robinette, Jr.","B000444","1942-11-20",4,4,13193,36.1204654346338,"Silent","BIDEN","BIDEN"
"1677",97,"1981-01-03","Senate","DE",100,"BIDEN, Joseph Robinette, Jr.","B000444","1942-11-20",5,5,13924,38.1218343600274,"Silent","BIDEN","BIDEN"
"1678",98,"1983-01-03","Senate","DE",100,"BIDEN, Joseph Robinette, Jr.","B000444","1942-11-20",6,6,14654,40.1204654346338,"Silent","BIDEN","BIDEN"
"1679",99,"1985-01-03","Senate","DE",100,"BIDEN, Joseph Robinette, Jr.","B000444","1942-11-20",7,7,15385,42.1218343600274,"Silent","BIDEN","BIDEN"
"1680",100,"1987-01-03","Senate","DE",100,"BIDEN, Joseph Robinette, Jr.","B000444","1942-11-20",8,8,16115,44.1204654346338,"Silent","BIDEN","BIDEN"
"1681",101,"1989-01-03","Senate","DE",100,"BIDEN, Joseph Robinette, Jr.","B000444","1942-11-20",9,9,16846,46.1218343600274,"Silent","BIDEN","BIDEN"
"1682",102,"1991-01-03","Senate","DE",100,"BIDEN, Joseph Robinette, Jr.","B000444","1942-11-20",10,10,17576,48.1204654346338,"Silent","BIDEN","BIDEN"
"1683",103,"1993-01-03","Senate","DE",100,"BIDEN, Joseph Robinette, Jr.","B000444","1942-11-20",11,11,18307,50.1218343600274,"Silent","BIDEN","BIDEN"
"1684",104,"1995-01-03","Senate","DE",100,"BIDEN, Joseph Robinette, Jr.","B000444","1942-11-20",12,12,19037,52.1204654346338,"Silent","BIDEN","BIDEN"
"1685",105,"1997-01-03","Senate","DE",100,"BIDEN, Joseph Robinette, Jr.","B000444","1942-11-20",13,13,19768,54.1218343600274,"Silent","BIDEN","BIDEN"
"1686",106,"1999-01-03","Senate","DE",100,"BIDEN, Joseph Robinette, Jr.","B000444","1942-11-20",14,14,20498,56.1204654346338,"Silent","BIDEN","BIDEN"
"1687",107,"2001-01-03","Senate","DE",100,"BIDEN, Joseph Robinette, Jr.","B000444","1942-11-20",15,15,21229,58.1218343600274,"Silent","BIDEN","BIDEN"
"1688",108,"2003-01-03","Senate","DE",100,"BIDEN, Joseph Robinette, Jr.","B000444","1942-11-20",16,16,21959,60.1204654346338,"Silent","BIDEN","BIDEN"
"1689",109,"2005-01-03","Senate","DE",100,"BIDEN, Joseph Robinette, Jr.","B000444","1942-11-20",17,17,22690,62.1218343600274,"Silent","BIDEN","BIDEN"
"1690",110,"2007-01-03","Senate","DE",100,"BIDEN, Joseph Robinette, Jr.","B000444","1942-11-20",18,18,23420,64.1204654346338,"Silent","BIDEN","BIDEN"
"1691",111,"2009-01-03","Senate","DE",100,"BIDEN, Joseph Robinette, Jr.","B000444","1942-11-20",19,19,24151,66.1218343600274,"Silent","BIDEN","BIDEN"
"1703",74,"1935-01-03","Senate","MS",100,"BILBO, Theodore Gilmore","B000460","1877-10-13",1,1,20900,57.2210814510609,"Missionary","BILBO",""
"1704",75,"1937-01-03","Senate","MS",100,"BILBO, Theodore Gilmore","B000460","1877-10-13",2,2,21631,59.2224503764545,"Missionary","BILBO",""
"1705",76,"1939-01-03","Senate","MS",100,"BILBO, Theodore Gilmore","B000460","1877-10-13",3,3,22361,61.2210814510609,"Missionary","BILBO",""
"1706",77,"1941-01-03","Senate","MS",100,"BILBO, Theodore Gilmore","B000460","1877-10-13",4,4,23092,63.2224503764545,"Missionary","BILBO",""
"1707",78,"1943-01-03","Senate","MS",100,"BILBO, Theodore Gilmore","B000460","1877-10-13",5,5,23822,65.2210814510609,"Missionary","BILBO",""
"1708",79,"1945-01-03","Senate","MS",100,"BILBO, Theodore Gilmore","B000460","1877-10-13",6,6,24553,67.2224503764545,"Missionary","BILBO",""
"1709",80,"1947-01-03","Senate","MS",100,"BILBO, Theodore Gilmore","B000460","1877-10-13",7,7,25283,69.2210814510609,"Missionary","BILBO",""
"1735",98,"1983-01-03","Senate","NM",100,"BINGAMAN, Jesse Francis, Jr. (Jeff)","B000468","1943-10-03",1,1,14337,39.2525667351129,"Silent","BINGAMAN",""
"1736",99,"1985-01-03","Senate","NM",100,"BINGAMAN, Jesse Francis, Jr. (Jeff)","B000468","1943-10-03",2,2,15068,41.2539356605065,"Silent","BINGAMAN",""
"1737",100,"1987-01-03","Senate","NM",100,"BINGAMAN, Jesse Francis, Jr. (Jeff)","B000468","1943-10-03",3,3,15798,43.2525667351129,"Silent","BINGAMAN",""
"1738",101,"1989-01-03","Senate","NM",100,"BINGAMAN, Jesse Francis, Jr. (Jeff)","B000468","1943-10-03",4,4,16529,45.2539356605065,"Silent","BINGAMAN",""
"1739",102,"1991-01-03","Senate","NM",100,"BINGAMAN, Jesse Francis, Jr. (Jeff)","B000468","1943-10-03",5,5,17259,47.2525667351129,"Silent","BINGAMAN",""
"1740",103,"1993-01-03","Senate","NM",100,"BINGAMAN, Jesse Francis, Jr. (Jeff)","B000468","1943-10-03",6,6,17990,49.2539356605065,"Silent","BINGAMAN",""
"1741",104,"1995-01-03","Senate","NM",100,"BINGAMAN, Jesse Francis, Jr. (Jeff)","B000468","1943-10-03",7,7,18720,51.2525667351129,"Silent","BINGAMAN",""
"1742",105,"1997-01-03","Senate","NM",100,"BINGAMAN, Jesse Francis, Jr. (Jeff)","B000468","1943-10-03",8,8,19451,53.2539356605065,"Silent","BINGAMAN",""
"1743",106,"1999-01-03","Senate","NM",100,"BINGAMAN, Jesse Francis, Jr. (Jeff)","B000468","1943-10-03",9,9,20181,55.2525667351129,"Silent","BINGAMAN",""
"1744",107,"2001-01-03","Senate","NM",100,"BINGAMAN, Jesse Francis, Jr. (Jeff)","B000468","1943-10-03",10,10,20912,57.2539356605065,"Silent","BINGAMAN",""
"1745",108,"2003-01-03","Senate","NM",100,"BINGAMAN, Jesse Francis, Jr. (Jeff)","B000468","1943-10-03",11,11,21642,59.2525667351129,"Silent","BINGAMAN",""
"1746",109,"2005-01-03","Senate","NM",100,"BINGAMAN, Jesse Francis, Jr. (Jeff)","B000468","1943-10-03",12,12,22373,61.2539356605065,"Silent","BINGAMAN",""
"1747",110,"2007-01-03","Senate","NM",100,"BINGAMAN, Jesse Francis, Jr. (Jeff)","B000468","1943-10-03",13,13,23103,63.2525667351129,"Silent","BINGAMAN",""
"1748",111,"2009-01-03","Senate","NM",100,"BINGAMAN, Jesse Francis, Jr. (Jeff)","B000468","1943-10-03",14,14,23834,65.2539356605065,"Silent","BINGAMAN",""
"1749",112,"2011-01-03","Senate","NM",100,"BINGAMAN, Jesse Francis, Jr. (Jeff)","B000468","1943-10-03",15,15,24564,67.2525667351129,"Silent","BINGAMAN",""
"1750",68,"1923-03-04","Senate","CT",200,"BINGHAM, Hiram","B000470","1875-11-19",1,1,17271,47.2854209445585,"Missionary","BINGHAM",""
"1751",69,"1925-03-04","Senate","CT",200,"BINGHAM, Hiram","B000470","1875-11-19",2,2,18002,49.2867898699521,"Missionary","BINGHAM",""
"1752",70,"1927-03-04","Senate","CT",200,"BINGHAM, Hiram","B000470","1875-11-19",3,3,18732,51.2854209445585,"Missionary","BINGHAM",""
"1753",71,"1929-03-04","Senate","CT",200,"BINGHAM, Hiram","B000470","1875-11-19",4,4,19463,53.2867898699521,"Missionary","BINGHAM",""
"1754",72,"1931-03-04","Senate","CT",200,"BINGHAM, Hiram","B000470","1875-11-19",5,5,20193,55.2854209445585,"Missionary","BINGHAM",""
"1796",70,"1927-03-04","Senate","AL",100,"BLACK, Hugo Lafayette","B000499","1886-02-27",1,1,14979,41.0102669404517,"Lost","BLACK",""
"1797",71,"1929-03-04","Senate","AL",100,"BLACK, Hugo Lafayette","B000499","1886-02-27",2,2,15710,43.0116358658453,"Lost","BLACK",""
"1798",72,"1931-03-04","Senate","AL",100,"BLACK, Hugo Lafayette","B000499","1886-02-27",3,3,16440,45.0102669404517,"Lost","BLACK",""
"1799",73,"1933-03-04","Senate","AL",100,"BLACK, Hugo Lafayette","B000499","1886-02-27",4,4,17171,47.0116358658453,"Lost","BLACK",""
"1800",74,"1935-01-03","Senate","AL",100,"BLACK, Hugo Lafayette","B000499","1886-02-27",5,5,17841,48.8459958932238,"Lost","BLACK",""
"1801",75,"1937-01-03","Senate","AL",100,"BLACK, Hugo Lafayette","B000499","1886-02-27",6,6,18572,50.8473648186174,"Lost","BLACK",""
"1827",70,"1927-03-04","Senate","WI",200,"BLAINE, John James","B000520","1875-05-04",1,1,18931,51.8302532511978,"Missionary","BLAINE",""
"1828",71,"1929-03-04","Senate","WI",200,"BLAINE, John James","B000520","1875-05-04",2,2,19662,53.8316221765914,"Missionary","BLAINE",""
"1829",72,"1931-03-04","Senate","WI",200,"BLAINE, John James","B000520","1875-05-04",3,3,20392,55.8302532511978,"Missionary","BLAINE",""
"1831",85,"1957-01-03","Senate","TX",100,"BLAKLEY, William Arvis","B000536","1898-11-17",1,1,21231,58.1273100616016,"Lost","BLAKLEY",""
"1832",87,"1961-01-03","Senate","TX",100,"BLAKLEY, William Arvis","B000536","1898-11-17",2,2,22692,62.1273100616016,"Lost","BLAKLEY",""
"1883",69,"1925-03-04","Senate","SC",100,"BLEASE, Coleman Livingston","B000553","1868-10-08",1,1,20600,56.3997262149213,"Missionary","BLEASE",""
"1884",70,"1927-03-04","Senate","SC",100,"BLEASE, Coleman Livingston","B000553","1868-10-08",2,2,21330,58.3983572895277,"Missionary","BLEASE",""
"1885",71,"1929-03-04","Senate","SC",100,"BLEASE, Coleman Livingston","B000553","1868-10-08",3,3,22061,60.3997262149213,"Missionary","BLEASE",""
"1938",112,"2011-01-03","Senate","MO",200,"BLUNT, Roy","B000575","1950-01-10",8,1,22273,60.9801505817933,"Boomers","BLUNT",""
"1939",113,"2013-01-03","Senate","MO",200,"BLUNT, Roy","B000575","1950-01-10",9,2,23004,62.9815195071869,"Boomers","BLUNT",""
"1940",114,"2015-01-03","Senate","MO",200,"BLUNT, Roy","B000575","1950-01-10",10,3,23734,64.9801505817933,"Boomers","BLUNT",""
"1941",115,"2017-01-03","Senate","MO",200,"BLUNT, Roy","B000575","1950-01-10",11,4,24465,66.9815195071869,"Boomers","BLUNT",""
"1942",116,"2019-01-03","Senate","MO",200,"BLUNT, Roy","B000575","1950-01-10",12,5,25195,68.9801505817933,"Boomers","BLUNT",""
"1943",117,"2021-01-03","Senate","MO",200,"BLUNT, Roy","B000575","1950-01-10",13,6,25926,70.9815195071869,"Boomers","BLUNT",""
"1989",87,"1961-01-03","Senate","DE",200,"BOGGS, James Caleb","B000593","1909-05-15",4,1,18861,51.6386036960986,"Greatest","BOGGS",""
"1990",88,"1963-01-03","Senate","DE",200,"BOGGS, James Caleb","B000593","1909-05-15",5,2,19591,53.637234770705,"Greatest","BOGGS",""
"1991",89,"1965-01-03","Senate","DE",200,"BOGGS, James Caleb","B000593","1909-05-15",6,3,20322,55.6386036960986,"Greatest","BOGGS",""
"1992",90,"1967-01-03","Senate","DE",200,"BOGGS, James Caleb","B000593","1909-05-15",7,4,21052,57.637234770705,"Greatest","BOGGS",""
"1993",91,"1969-01-03","Senate","DE",200,"BOGGS, James Caleb","B000593","1909-05-15",8,5,21783,59.6386036960986,"Greatest","BOGGS",""
"1994",92,"1971-01-03","Senate","DE",200,"BOGGS, James Caleb","B000593","1909-05-15",9,6,22513,61.637234770705,"Greatest","BOGGS",""
"2090",100,"1987-01-03","Senate","MO",200,"BOND, Christopher Samuel (Kit)","B000611","1939-03-06",1,1,17470,47.8302532511978,"Silent","BOND",""
"2091",101,"1989-01-03","Senate","MO",200,"BOND, Christopher Samuel (Kit)","B000611","1939-03-06",2,2,18201,49.8316221765914,"Silent","BOND",""
"2092",102,"1991-01-03","Senate","MO",200,"BOND, Christopher Samuel (Kit)","B000611","1939-03-06",3,3,18931,51.8302532511978,"Silent","BOND",""
"2093",103,"1993-01-03","Senate","MO",200,"BOND, Christopher Samuel (Kit)","B000611","1939-03-06",4,4,19662,53.8316221765914,"Silent","BOND",""
"2094",104,"1995-01-03","Senate","MO",200,"BOND, Christopher Samuel (Kit)","B000611","1939-03-06",5,5,20392,55.8302532511978,"Silent","BOND",""
"2095",105,"1997-01-03","Senate","MO",200,"BOND, Christopher Samuel (Kit)","B000611","1939-03-06",6,6,21123,57.8316221765914,"Silent","BOND",""
"2096",106,"1999-01-03","Senate","MO",200,"BOND, Christopher Samuel (Kit)","B000611","1939-03-06",7,7,21853,59.8302532511978,"Silent","BOND",""
"2097",107,"2001-01-03","Senate","MO",200,"BOND, Christopher Samuel (Kit)","B000611","1939-03-06",8,8,22584,61.8316221765914,"Silent","BOND",""
"2098",108,"2003-01-03","Senate","MO",200,"BOND, Christopher Samuel (Kit)","B000611","1939-03-06",9,9,23314,63.8302532511978,"Silent","BOND",""
"2099",109,"2005-01-03","Senate","MO",200,"BOND, Christopher Samuel (Kit)","B000611","1939-03-06",10,10,24045,65.8316221765914,"Silent","BOND",""
"2100",110,"2007-01-03","Senate","MO",200,"BOND, Christopher Samuel (Kit)","B000611","1939-03-06",11,11,24775,67.8302532511978,"Silent","BOND",""
"2101",111,"2009-01-03","Senate","MO",200,"BOND, Christopher Samuel (Kit)","B000611","1939-03-06",12,12,25506,69.8316221765914,"Silent","BOND",""
"2102",73,"1933-03-04","Senate","WA",100,"BONE, Homer Truett","B000614","1883-01-25",1,1,18300,50.1026694045175,"Lost","BONE",""
"2103",74,"1935-01-03","Senate","WA",100,"BONE, Homer Truett","B000614","1883-01-25",2,2,18970,51.937029431896,"Lost","BONE",""
"2104",75,"1937-01-03","Senate","WA",100,"BONE, Homer Truett","B000614","1883-01-25",3,3,19701,53.9383983572895,"Lost","BONE",""
"2105",76,"1939-01-03","Senate","WA",100,"BONE, Homer Truett","B000614","1883-01-25",4,4,20431,55.937029431896,"Lost","BONE",""
"2106",77,"1941-01-03","Senate","WA",100,"BONE, Homer Truett","B000614","1883-01-25",5,5,21162,57.9383983572895,"Lost","BONE",""
"2107",78,"1943-01-03","Senate","WA",100,"BONE, Homer Truett","B000614","1883-01-25",6,6,21892,59.937029431896,"Lost","BONE",""
"2158",66,"1919-03-04","Senate","ID",200,"BORAH, William Edgar","B000634","1865-06-29",7,7,19605,53.6755646817248,"Missionary","BORAH",""
"2159",67,"1921-03-04","Senate","ID",200,"BORAH, William Edgar","B000634","1865-06-29",8,8,20336,55.6769336071184,"Missionary","BORAH",""
"2160",68,"1923-03-04","Senate","ID",200,"BORAH, William Edgar","B000634","1865-06-29",9,9,21066,57.6755646817248,"Missionary","BORAH",""
"2161",69,"1925-03-04","Senate","ID",200,"BORAH, William Edgar","B000634","1865-06-29",10,10,21797,59.6769336071184,"Missionary","BORAH",""
"2162",70,"1927-03-04","Senate","ID",200,"BORAH, William Edgar","B000634","1865-06-29",11,11,22527,61.6755646817248,"Missionary","BORAH",""
"2163",71,"1929-03-04","Senate","ID",200,"BORAH, William Edgar","B000634","1865-06-29",12,12,23258,63.6769336071184,"Missionary","BORAH",""
"2164",72,"1931-03-04","Senate","ID",200,"BORAH, William Edgar","B000634","1865-06-29",13,13,23988,65.6755646817249,"Missionary","BORAH",""
"2165",73,"1933-03-04","Senate","ID",200,"BORAH, William Edgar","B000634","1865-06-29",14,14,24719,67.6769336071184,"Missionary","BORAH",""
"2166",74,"1935-01-03","Senate","ID",200,"BORAH, William Edgar","B000634","1865-06-29",15,15,25389,69.5112936344969,"Missionary","BORAH",""
"2167",75,"1937-01-03","Senate","ID",200,"BORAH, William Edgar","B000634","1865-06-29",16,16,26120,71.5126625598905,"Missionary","BORAH",""
"2168",76,"1939-01-03","Senate","ID",200,"BORAH, William Edgar","B000634","1865-06-29",17,17,26850,73.5112936344969,"Missionary","BORAH",""
"2169",96,"1979-01-03","Senate","OK",100,"BOREN, David Lyle","B000639","1941-04-21",1,1,13771,37.7029431895962,"Silent","BOREN",""
"2170",97,"1981-01-03","Senate","OK",100,"BOREN, David Lyle","B000639","1941-04-21",2,2,14502,39.7043121149897,"Silent","BOREN",""
"2171",98,"1983-01-03","Senate","OK",100,"BOREN, David Lyle","B000639","1941-04-21",3,3,15232,41.7029431895962,"Silent","BOREN",""
"2172",99,"1985-01-03","Senate","OK",100,"BOREN, David Lyle","B000639","1941-04-21",4,4,15963,43.7043121149897,"Silent","BOREN",""
"2173",100,"1987-01-03","Senate","OK",100,"BOREN, David Lyle","B000639","1941-04-21",5,5,16693,45.7029431895962,"Silent","BOREN",""
"2174",101,"1989-01-03","Senate","OK",100,"BOREN, David Lyle","B000639","1941-04-21",6,6,17424,47.7043121149897,"Silent","BOREN",""
"2175",102,"1991-01-03","Senate","OK",100,"BOREN, David Lyle","B000639","1941-04-21",7,7,18154,49.7029431895962,"Silent","BOREN",""
"2176",103,"1993-01-03","Senate","OK",100,"BOREN, David Lyle","B000639","1941-04-21",8,8,18885,51.7043121149897,"Silent","BOREN",""
"2196",95,"1977-01-03","Senate","MN",200,"BOSCHWITZ, Rudolph Eli (Rudy)","B000647","1930-11-07",1,1,16859,46.1574264202601,"Silent","BOSCHWITZ",""
"2197",96,"1979-01-03","Senate","MN",200,"BOSCHWITZ, Rudolph Eli (Rudy)","B000647","1930-11-07",2,2,17589,48.1560574948665,"Silent","BOSCHWITZ",""
"2198",97,"1981-01-03","Senate","MN",200,"BOSCHWITZ, Rudolph Eli (Rudy)","B000647","1930-11-07",3,3,18320,50.1574264202601,"Silent","BOSCHWITZ",""
"2199",98,"1983-01-03","Senate","MN",200,"BOSCHWITZ, Rudolph Eli (Rudy)","B000647","1930-11-07",4,4,19050,52.1560574948665,"Silent","BOSCHWITZ",""
"2200",99,"1985-01-03","Senate","MN",200,"BOSCHWITZ, Rudolph Eli (Rudy)","B000647","1930-11-07",5,5,19781,54.1574264202601,"Silent","BOSCHWITZ",""
"2201",100,"1987-01-03","Senate","MN",200,"BOSCHWITZ, Rudolph Eli (Rudy)","B000647","1930-11-07",6,6,20511,56.1560574948665,"Silent","BOSCHWITZ",""
"2202",101,"1989-01-03","Senate","MN",200,"BOSCHWITZ, Rudolph Eli (Rudy)","B000647","1930-11-07",7,7,21242,58.1574264202601,"Silent","BOSCHWITZ",""
"2217",87,"1961-01-03","Senate","SD",200,"BOTTUM, Joseph H.","B000656","1903-08-07",1,1,20969,57.409993155373,"Greatest","BOTTUM",""
"2269",83,"1953-01-03","Senate","NE",200,"BOWRING, Eva Kelly","B000709","1892-01-09",1,1,22274,60.9828884325804,"Lost","BOWRING",""
"2281",103,"1993-01-03","Senate","CA",100,"BOXER, Barbara","B000711","1940-11-11",6,1,19046,52.145106091718,"Silent","BOXER",""
"2282",104,"1995-01-03","Senate","CA",100,"BOXER, Barbara","B000711","1940-11-11",7,2,19776,54.1437371663244,"Silent","BOXER",""
"2283",105,"1997-01-03","Senate","CA",100,"BOXER, Barbara","B000711","1940-11-11",8,3,20507,56.145106091718,"Silent","BOXER",""
"2284",106,"1999-01-03","Senate","CA",100,"BOXER, Barbara","B000711","1940-11-11",9,4,21237,58.1437371663244,"Silent","BOXER",""
"2285",107,"2001-01-03","Senate","CA",100,"BOXER, Barbara","B000711","1940-11-11",10,5,21968,60.145106091718,"Silent","BOXER",""
"2286",108,"2003-01-03","Senate","CA",100,"BOXER, Barbara","B000711","1940-11-11",11,6,22698,62.1437371663244,"Silent","BOXER",""
"2287",109,"2005-01-03","Senate","CA",100,"BOXER, Barbara","B000711","1940-11-11",12,7,23429,64.145106091718,"Silent","BOXER",""
"2288",110,"2007-01-03","Senate","CA",100,"BOXER, Barbara","B000711","1940-11-11",13,8,24159,66.1437371663244,"Silent","BOXER",""
"2289",111,"2009-01-03","Senate","CA",100,"BOXER, Barbara","B000711","1940-11-11",14,9,24890,68.145106091718,"Silent","BOXER",""
"2290",112,"2011-01-03","Senate","CA",100,"BOXER, Barbara","B000711","1940-11-11",15,10,25620,70.1437371663244,"Silent","BOXER",""
"2291",113,"2013-01-03","Senate","CA",100,"BOXER, Barbara","B000711","1940-11-11",16,11,26351,72.145106091718,"Silent","BOXER",""
"2292",114,"2015-01-03","Senate","CA",100,"BOXER, Barbara","B000711","1940-11-11",17,12,27081,74.1437371663244,"Silent","BOXER",""
"2364",97,"1981-01-03","Senate","NJ",200,"BRADY, Nicholas Frederick","B000756","1930-04-11",1,1,18530,50.7323750855578,"Silent","BRADY",""
"2382",66,"1919-03-04","Senate","CT",200,"BRANDEGEE, Frank Bosworth","B000769","1864-07-08",10,7,19961,54.6502395619439,"Missionary","BRANDEGEE",""
"2383",67,"1921-03-04","Senate","CT",200,"BRANDEGEE, Frank Bosworth","B000769","1864-07-08",11,8,20692,56.6516084873374,"Missionary","BRANDEGEE",""
"2384",68,"1923-03-04","Senate","CT",200,"BRANDEGEE, Frank Bosworth","B000769","1864-07-08",12,9,21422,58.6502395619439,"Missionary","BRANDEGEE",""
"2389",69,"1925-03-04","Senate","NM",100,"BRATTON, Sam Gilbert","B000774","1888-08-19",1,1,13345,36.5366187542779,"Lost","BRATTON",""
"2390",70,"1927-03-04","Senate","NM",100,"BRATTON, Sam Gilbert","B000774","1888-08-19",2,2,14075,38.5352498288843,"Lost","BRATTON",""
"2391",71,"1929-03-04","Senate","NM",100,"BRATTON, Sam Gilbert","B000774","1888-08-19",3,3,14806,40.5366187542779,"Lost","BRATTON",""
"2392",72,"1931-03-04","Senate","NM",100,"BRATTON, Sam Gilbert","B000774","1888-08-19",4,4,15536,42.5352498288843,"Lost","BRATTON",""
"2393",73,"1933-03-04","Senate","NM",100,"BRATTON, Sam Gilbert","B000774","1888-08-19",5,5,16267,44.5366187542779,"Lost","BRATTON",""
"2414",100,"1987-01-03","Senate","LA",100,"BREAUX, John Berlinger","B000780","1944-03-01",9,1,15648,42.8418891170431,"Silent","BREAUX",""
"2415",101,"1989-01-03","Senate","LA",100,"BREAUX, John Berlinger","B000780","1944-03-01",10,2,16379,44.8432580424367,"Silent","BREAUX",""
"2416",102,"1991-01-03","Senate","LA",100,"BREAUX, John Berlinger","B000780","1944-03-01",11,3,17109,46.8418891170431,"Silent","BREAUX",""
"2417",103,"1993-01-03","Senate","LA",100,"BREAUX, John Berlinger","B000780","1944-03-01",12,4,17840,48.8432580424367,"Silent","BREAUX",""
"2418",104,"1995-01-03","Senate","LA",100,"BREAUX, John Berlinger","B000780","1944-03-01",13,5,18570,50.8418891170431,"Silent","BREAUX",""
"2419",105,"1997-01-03","Senate","LA",100,"BREAUX, John Berlinger","B000780","1944-03-01",14,6,19301,52.8432580424367,"Silent","BREAUX",""
"2420",106,"1999-01-03","Senate","LA",100,"BREAUX, John Berlinger","B000780","1944-03-01",15,7,20031,54.8418891170431,"Silent","BREAUX",""
"2421",107,"2001-01-03","Senate","LA",100,"BREAUX, John Berlinger","B000780","1944-03-01",16,8,20762,56.8432580424367,"Silent","BREAUX",""
"2422",108,"2003-01-03","Senate","LA",100,"BREAUX, John Berlinger","B000780","1944-03-01",17,9,21492,58.8418891170431,"Silent","BREAUX",""
"2443",88,"1963-01-03","Senate","MD",100,"BREWSTER, Daniel Baugh","B000813","1923-11-23",3,1,14286,39.1129363449692,"Greatest","BREWSTER",""
"2444",89,"1965-01-03","Senate","MD",100,"BREWSTER, Daniel Baugh","B000813","1923-11-23",4,2,15017,41.1143052703628,"Greatest","BREWSTER",""
"2445",90,"1967-01-03","Senate","MD",100,"BREWSTER, Daniel Baugh","B000813","1923-11-23",5,3,15747,43.1129363449692,"Greatest","BREWSTER",""
"2449",77,"1941-01-03","Senate","ME",200,"BREWSTER, Ralph Owen","B000816","1888-02-22",4,1,19308,52.8624229979466,"Lost","BREWSTER",""
"2450",78,"1943-01-03","Senate","ME",200,"BREWSTER, Ralph Owen","B000816","1888-02-22",5,2,20038,54.861054072553,"Lost","BREWSTER",""
"2451",79,"1945-01-03","Senate","ME",200,"BREWSTER, Ralph Owen","B000816","1888-02-22",6,3,20769,56.8624229979466,"Lost","BREWSTER",""
"2452",80,"1947-01-03","Senate","ME",200,"BREWSTER, Ralph Owen","B000816","1888-02-22",7,4,21499,58.861054072553,"Lost","BREWSTER",""
"2453",81,"1949-01-03","Senate","ME",200,"BREWSTER, Ralph Owen","B000816","1888-02-22",8,5,22230,60.8624229979466,"Lost","BREWSTER",""
"2454",82,"1951-01-03","Senate","ME",200,"BREWSTER, Ralph Owen","B000816","1888-02-22",9,6,22960,62.861054072553,"Lost","BREWSTER",""
"2458",80,"1947-01-03","Senate","OH",200,"BRICKER, John William","B000820","1893-09-06",1,1,19476,53.3223819301848,"Lost","BRICKER",""
"2459",81,"1949-01-03","Senate","OH",200,"BRICKER, John William","B000820","1893-09-06",2,2,20207,55.3237508555784,"Lost","BRICKER",""
"2460",82,"1951-01-03","Senate","OH",200,"BRICKER, John William","B000820","1893-09-06",3,3,20937,57.3223819301848,"Lost","BRICKER",""
"2461",83,"1953-01-03","Senate","OH",200,"BRICKER, John William","B000820","1893-09-06",4,4,21668,59.3237508555784,"Lost","BRICKER",""
"2462",84,"1955-01-03","Senate","OH",200,"BRICKER, John William","B000820","1893-09-06",5,5,22398,61.3223819301848,"Lost","BRICKER",""
"2463",85,"1957-01-03","Senate","OH",200,"BRICKER, John William","B000820","1893-09-06",6,6,23129,63.3237508555784,"Lost","BRICKER",""
"2464",75,"1937-01-03","Senate","NH",200,"BRIDGES, Henry Styles (Styles)","B000823","1898-09-09",1,1,13995,38.3162217659138,"Lost","BRIDGES",""
"2465",76,"1939-01-03","Senate","NH",200,"BRIDGES, Henry Styles (Styles)","B000823","1898-09-09",2,2,14725,40.3148528405202,"Lost","BRIDGES",""
"2466",77,"1941-01-03","Senate","NH",200,"BRIDGES, Henry Styles (Styles)","B000823","1898-09-09",3,3,15456,42.3162217659138,"Lost","BRIDGES",""
"2467",78,"1943-01-03","Senate","NH",200,"BRIDGES, Henry Styles (Styles)","B000823","1898-09-09",4,4,16186,44.3148528405202,"Lost","BRIDGES",""
"2468",79,"1945-01-03","Senate","NH",200,"BRIDGES, Henry Styles (Styles)","B000823","1898-09-09",5,5,16917,46.3162217659138,"Lost","BRIDGES",""
"2469",80,"1947-01-03","Senate","NH",200,"BRIDGES, Henry Styles (Styles)","B000823","1898-09-09",6,6,17647,48.3148528405202,"Lost","BRIDGES",""
"2470",81,"1949-01-03","Senate","NH",200,"BRIDGES, Henry Styles (Styles)","B000823","1898-09-09",7,7,18378,50.3162217659138,"Lost","BRIDGES",""
"2471",82,"1951-01-03","Senate","NH",200,"BRIDGES, Henry Styles (Styles)","B000823","1898-09-09",8,8,19108,52.3148528405202,"Lost","BRIDGES",""
"2472",83,"1953-01-03","Senate","NH",200,"BRIDGES, Henry Styles (Styles)","B000823","1898-09-09",9,9,19839,54.3162217659138,"Lost","BRIDGES",""
"2473",84,"1955-01-03","Senate","NH",200,"BRIDGES, Henry Styles (Styles)","B000823","1898-09-09",10,10,20569,56.3148528405202,"Lost","BRIDGES",""
"2474",85,"1957-01-03","Senate","NH",200,"BRIDGES, Henry Styles (Styles)","B000823","1898-09-09",11,11,21300,58.3162217659138,"Lost","BRIDGES",""
"2475",86,"1959-01-03","Senate","NH",200,"BRIDGES, Henry Styles (Styles)","B000823","1898-09-09",12,12,22030,60.3148528405202,"Lost","BRIDGES",""
"2476",87,"1961-01-03","Senate","NH",200,"BRIDGES, Henry Styles (Styles)","B000823","1898-09-09",13,13,22761,62.3162217659138,"Lost","BRIDGES",""
"2487",79,"1945-01-03","Senate","MO",100,"BRIGGS, Frank Parks","B000828","1894-02-25",1,1,18574,50.8528405201916,"Lost","BRIGGS",""
"2511",71,"1929-03-04","Senate","TN",100,"BROCK, William Emerson","B000850","1872-03-14",1,1,20808,56.9691991786448,"Missionary","BROCK",""
"2516",92,"1971-01-03","Senate","TN",200,"BROCK, William Emerson, III","B000851","1930-11-23",5,1,14651,40.1122518822724,"Silent","BROCK",""
"2517",93,"1973-01-03","Senate","TN",200,"BROCK, William Emerson, III","B000851","1930-11-23",6,2,15382,42.113620807666,"Silent","BROCK",""
"2518",94,"1975-01-03","Senate","TN",200,"BROCK, William Emerson, III","B000851","1930-11-23",7,3,16112,44.1122518822724,"Silent","BROCK",""
"2525",90,"1967-01-03","Senate","MA",200,"BROOKE, Edward William, III","B000871","1919-10-26",1,1,17236,47.1895961670089,"Greatest","BROOKE",""
"2526",91,"1969-01-03","Senate","MA",200,"BROOKE, Edward William, III","B000871","1919-10-26",2,2,17967,49.1909650924025,"Greatest","BROOKE",""
"2527",92,"1971-01-03","Senate","MA",200,"BROOKE, Edward William, III","B000871","1919-10-26",3,3,18697,51.1895961670089,"Greatest","BROOKE",""
"2528",93,"1973-01-03","Senate","MA",200,"BROOKE, Edward William, III","B000871","1919-10-26",4,4,19428,53.1909650924025,"Greatest","BROOKE",""
"2529",94,"1975-01-03","Senate","MA",200,"BROOKE, Edward William, III","B000871","1919-10-26",5,5,20158,55.1895961670089,"Greatest","BROOKE",""
"2530",95,"1977-01-03","Senate","MA",200,"BROOKE, Edward William, III","B000871","1919-10-26",6,6,20889,57.1909650924025,"Greatest","BROOKE",""
"2531",67,"1921-03-04","Senate","IA",200,"BROOKHART, Smith Wildman","B000873","1869-02-02",1,1,19022,52.0793976728268,"Missionary","BROOKHART",""
"2532",68,"1923-03-04","Senate","IA",200,"BROOKHART, Smith Wildman","B000873","1869-02-02",2,2,19752,54.0780287474333,"Missionary","BROOKHART",""
"2533",69,"1925-03-04","Senate","IA",200,"BROOKHART, Smith Wildman","B000873","1869-02-02",3,3,20483,56.0793976728268,"Missionary","BROOKHART",""
"2534",70,"1927-03-04","Senate","IA",200,"BROOKHART, Smith Wildman","B000873","1869-02-02",4,4,21213,58.0780287474333,"Missionary","BROOKHART",""
"2535",71,"1929-03-04","Senate","IA",200,"BROOKHART, Smith Wildman","B000873","1869-02-02",5,5,21944,60.0793976728268,"Missionary","BROOKHART",""
"2536",72,"1931-03-04","Senate","IA",200,"BROOKHART, Smith Wildman","B000873","1869-02-02",6,6,22674,62.0780287474333,"Missionary","BROOKHART",""
"2537",76,"1939-01-03","Senate","IL",200,"BROOKS, Charles Wayland","B000874","1897-03-08",1,1,15275,41.8206707734428,"Lost","BROOKS",""
"2538",77,"1941-01-03","Senate","IL",200,"BROOKS, Charles Wayland","B000874","1897-03-08",2,2,16006,43.8220396988364,"Lost","BROOKS",""
"2539",78,"1943-01-03","Senate","IL",200,"BROOKS, Charles Wayland","B000874","1897-03-08",3,3,16736,45.8206707734428,"Lost","BROOKS",""
"2540",79,"1945-01-03","Senate","IL",200,"BROOKS, Charles Wayland","B000874","1897-03-08",4,4,17467,47.8220396988364,"Lost","BROOKS",""
"2541",80,"1947-01-03","Senate","IL",200,"BROOKS, Charles Wayland","B000874","1897-03-08",5,5,18197,49.8206707734428,"Lost","BROOKS",""
"2606",80,"1947-01-03","Senate","NC",100,"BROUGHTON, Joseph Melville","B000894","1888-11-17",1,1,21230,58.1245722108145,"Lost","BROUGHTON",""
"2607",81,"1949-01-03","Senate","NC",100,"BROUGHTON, Joseph Melville","B000894","1888-11-17",2,2,21961,60.1259411362081,"Lost","BROUGHTON",""
"2608",67,"1921-03-04","Senate","LA",100,"BROUSSARD, Edwin Sidney","B000895","1874-12-04",1,1,16891,46.2450376454483,"Missionary","BROUSSARD",""
"2609",68,"1923-03-04","Senate","LA",100,"BROUSSARD, Edwin Sidney","B000895","1874-12-04",2,2,17621,48.2436687200548,"Missionary","BROUSSARD",""
"2610",69,"1925-03-04","Senate","LA",100,"BROUSSARD, Edwin Sidney","B000895","1874-12-04",3,3,18352,50.2450376454483,"Missionary","BROUSSARD",""
"2611",70,"1927-03-04","Senate","LA",100,"BROUSSARD, Edwin Sidney","B000895","1874-12-04",4,4,19082,52.2436687200548,"Missionary","BROUSSARD",""
"2612",71,"1929-03-04","Senate","LA",100,"BROUSSARD, Edwin Sidney","B000895","1874-12-04",5,5,19813,54.2450376454483,"Missionary","BROUSSARD",""
"2613",72,"1931-03-04","Senate","LA",100,"BROUSSARD, Edwin Sidney","B000895","1874-12-04",6,6,20543,56.2436687200548,"Missionary","BROUSSARD",""
"2655",83,"1953-01-03","Senate","NV",200,"BROWN, Ernest S.","B000913","1903-09-25",1,1,17998,49.2758384668036,"Greatest","BROWN",""
"2656",73,"1933-03-04","Senate","NH",100,"BROWN, Fred Herbert","B000916","1879-04-12",1,1,19684,53.8918548939083,"Missionary","BROWN",""
"2657",74,"1935-01-03","Senate","NH",100,"BROWN, Fred Herbert","B000916","1879-04-12",2,2,20354,55.7262149212868,"Missionary","BROWN",""
"2658",75,"1937-01-03","Senate","NH",100,"BROWN, Fred Herbert","B000916","1879-04-12",3,3,21085,57.7275838466804,"Missionary","BROWN",""
"2688",102,"1991-01-03","Senate","CO",200,"BROWN, George Hanks (Hank)","B000919","1940-02-12",6,1,18588,50.8911704312115,"Silent","BROWN",""
"2689",103,"1993-01-03","Senate","CO",200,"BROWN, George Hanks (Hank)","B000919","1940-02-12",7,2,19319,52.8925393566051,"Silent","BROWN",""
"2690",104,"1995-01-03","Senate","CO",200,"BROWN, George Hanks (Hank)","B000919","1940-02-12",8,3,20049,54.8911704312115,"Silent","BROWN",""
"2709",75,"1937-01-03","Senate","MI",100,"BROWN, Prentiss Marsh","B000941","1889-06-18",3,1,17365,47.5427789185489,"Lost","BROWN",""
"2710",76,"1939-01-03","Senate","MI",100,"BROWN, Prentiss Marsh","B000941","1889-06-18",4,2,18095,49.5414099931554,"Lost","BROWN",""
"2711",77,"1941-01-03","Senate","MI",100,"BROWN, Prentiss Marsh","B000941","1889-06-18",5,3,18826,51.5427789185489,"Lost","BROWN",""
"2719",110,"2007-01-03","Senate","OH",100,"BROWN, Sherrod","B000944","1952-11-09",8,1,19778,54.1492128678987,"Boomers","BROWN",""
"2720",111,"2009-01-03","Senate","OH",100,"BROWN, Sherrod","B000944","1952-11-09",9,2,20509,56.1505817932923,"Boomers","BROWN",""
"2721",112,"2011-01-03","Senate","OH",100,"BROWN, Sherrod","B000944","1952-11-09",10,3,21239,58.1492128678987,"Boomers","BROWN",""
"2722",113,"2013-01-03","Senate","OH",100,"BROWN, Sherrod","B000944","1952-11-09",11,4,21970,60.1505817932923,"Boomers","BROWN",""
"2723",114,"2015-01-03","Senate","OH",100,"BROWN, Sherrod","B000944","1952-11-09",12,5,22700,62.1492128678987,"Boomers","BROWN",""
"2724",115,"2017-01-03","Senate","OH",100,"BROWN, Sherrod","B000944","1952-11-09",13,6,23431,64.1505817932923,"Boomers","BROWN",""
"2725",116,"2019-01-03","Senate","OH",100,"BROWN, Sherrod","B000944","1952-11-09",14,7,24161,66.1492128678987,"Boomers","BROWN",""
"2726",117,"2021-01-03","Senate","OH",100,"BROWN, Sherrod","B000944","1952-11-09",15,8,24892,68.1505817932923,"Boomers","BROWN",""
"2727",118,"2023-01-03","Senate","OH",100,"BROWN, Sherrod","B000944","1952-11-09",16,9,25622,70.1492128678987,"Boomers","BROWN",""
"2729",105,"1997-01-03","Senate","KS",200,"BROWNBACK, Sam Dale","B000953","1956-09-12",2,1,14723,40.3093771389459,"Boomers","BROWNBACK",""
"2730",106,"1999-01-03","Senate","KS",200,"BROWNBACK, Sam Dale","B000953","1956-09-12",3,2,15453,42.3080082135524,"Boomers","BROWNBACK",""
"2731",107,"2001-01-03","Senate","KS",200,"BROWNBACK, Sam Dale","B000953","1956-09-12",4,3,16184,44.3093771389459,"Boomers","BROWNBACK",""
"2732",108,"2003-01-03","Senate","KS",200,"BROWNBACK, Sam Dale","B000953","1956-09-12",5,4,16914,46.3080082135524,"Boomers","BROWNBACK",""
"2733",109,"2005-01-03","Senate","KS",200,"BROWNBACK, Sam Dale","B000953","1956-09-12",6,5,17645,48.3093771389459,"Boomers","BROWNBACK",""
"2734",110,"2007-01-03","Senate","KS",200,"BROWNBACK, Sam Dale","B000953","1956-09-12",7,6,18375,50.3080082135524,"Boomers","BROWNBACK",""
"2735",111,"2009-01-03","Senate","KS",200,"BROWNBACK, Sam Dale","B000953","1956-09-12",8,7,19106,52.3093771389459,"Boomers","BROWNBACK",""
"2783",68,"1923-03-04","Senate","MD",100,"BRUCE, William Cabell","B000972","1860-03-12",1,1,23001,62.9733059548255,"Missionary","BRUCE",""
"2784",69,"1925-03-04","Senate","MD",100,"BRUCE, William Cabell","B000972","1860-03-12",2,2,23732,64.974674880219,"Missionary","BRUCE",""
"2785",70,"1927-03-04","Senate","MD",100,"BRUCE, William Cabell","B000972","1860-03-12",3,3,24462,66.9733059548255,"Missionary","BRUCE",""
"2798",86,"1959-01-03","Senate","ND",200,"BRUNSDALE, Clarence Norman","B000982","1891-07-09",1,1,24649,67.4852840520192,"Lost","BRUNSDALE",""
"2799",101,"1989-01-03","Senate","NV",100,"BRYAN, Richard H","B000993","1937-07-16",1,1,18799,51.4688569472964,"Silent","BRYAN",""
"2800",102,"1991-01-03","Senate","NV",100,"BRYAN, Richard H","B000993","1937-07-16",2,2,19529,53.4674880219028,"Silent","BRYAN",""
"2801",103,"1993-01-03","Senate","NV",100,"BRYAN, Richard H","B000993","1937-07-16",3,3,20260,55.4688569472964,"Silent","BRYAN",""
"2802",104,"1995-01-03","Senate","NV",100,"BRYAN, Richard H","B000993","1937-07-16",4,4,20990,57.4674880219028,"Silent","BRYAN",""
"2803",105,"1997-01-03","Senate","NV",100,"BRYAN, Richard H","B000993","1937-07-16",5,5,21721,59.4688569472964,"Silent","BRYAN",""
"2804",106,"1999-01-03","Senate","NV",100,"BRYAN, Richard H","B000993","1937-07-16",6,6,22451,61.4674880219028,"Silent","BRYAN",""
"2849",78,"1943-01-03","Senate","DE",200,"BUCK, Clayton Douglass","B001013","1890-03-21",1,1,19280,52.7857631759069,"Lost","BUCK",""
"2850",79,"1945-01-03","Senate","DE",200,"BUCK, Clayton Douglass","B001013","1890-03-21",2,2,20011,54.7871321013005,"Lost","BUCK",""
"2851",80,"1947-01-03","Senate","DE",200,"BUCK, Clayton Douglass","B001013","1890-03-21",3,3,20741,56.7857631759069,"Lost","BUCK",""
"2884",92,"1971-01-03","Senate","NY",112,"BUCKLEY, James Lane","B001026","1923-03-09",1,1,17467,47.8220396988364,"Greatest","BUCKLEY",""
"2885",93,"1973-01-03","Senate","NY",112,"BUCKLEY, James Lane","B001026","1923-03-09",2,2,18198,49.82340862423,"Greatest","BUCKLEY",""
"2886",94,"1975-01-03","Senate","NY",112,"BUCKLEY, James Lane","B001026","1923-03-09",3,3,18928,51.8220396988364,"Greatest","BUCKLEY",""
"2900",71,"1929-03-04","Senate","OH",100,"BULKLEY, Robert Johns","B001045","1880-10-08",3,1,17678,48.3997262149213,"Missionary","BULKLEY",""
"2901",72,"1931-03-04","Senate","OH",100,"BULKLEY, Robert Johns","B001045","1880-10-08",4,2,18408,50.3983572895277,"Missionary","BULKLEY",""
"2902",73,"1933-03-04","Senate","OH",100,"BULKLEY, Robert Johns","B001045","1880-10-08",5,3,19139,52.3997262149213,"Missionary","BULKLEY",""
"2903",74,"1935-01-03","Senate","OH",100,"BULKLEY, Robert Johns","B001045","1880-10-08",6,4,19809,54.2340862422998,"Missionary","BULKLEY",""
"2904",75,"1937-01-03","Senate","OH",100,"BULKLEY, Robert Johns","B001045","1880-10-08",7,5,20540,56.2354551676934,"Missionary","BULKLEY",""
"2905",72,"1931-03-04","Senate","SD",100,"BULOW, William John","B001055","1869-01-13",1,1,22694,62.1327857631759,"Missionary","BULOW",""
"2906",73,"1933-03-04","Senate","SD",100,"BULOW, William John","B001055","1869-01-13",2,2,23425,64.1341546885695,"Missionary","BULOW",""
"2907",74,"1935-01-03","Senate","SD",100,"BULOW, William John","B001055","1869-01-13",3,3,24095,65.968514715948,"Missionary","BULOW",""
"2908",75,"1937-01-03","Senate","SD",100,"BULOW, William John","B001055","1869-01-13",4,4,24826,67.9698836413416,"Missionary","BULOW",""
"2909",76,"1939-01-03","Senate","SD",100,"BULOW, William John","B001055","1869-01-13",5,5,25556,69.968514715948,"Missionary","BULOW",""
"2910",77,"1941-01-03","Senate","SD",100,"BULOW, William John","B001055","1869-01-13",6,6,26287,71.9698836413416,"Missionary","BULOW",""
"2925",94,"1975-01-03","Senate","AR",100,"BUMPERS, Dale","B001057","1925-08-12",1,1,18041,49.3935660506502,"Greatest","BUMPERS",""
"2926",95,"1977-01-03","Senate","AR",100,"BUMPERS, Dale","B001057","1925-08-12",2,2,18772,51.3949349760438,"Greatest","BUMPERS",""
"2927",96,"1979-01-03","Senate","AR",100,"BUMPERS, Dale","B001057","1925-08-12",3,3,19502,53.3935660506502,"Greatest","BUMPERS",""
"2928",97,"1981-01-03","Senate","AR",100,"BUMPERS, Dale","B001057","1925-08-12",4,4,20233,55.3949349760438,"Greatest","BUMPERS",""
"2929",98,"1983-01-03","Senate","AR",100,"BUMPERS, Dale","B001057","1925-08-12",5,5,20963,57.3935660506502,"Greatest","BUMPERS",""
"2930",99,"1985-01-03","Senate","AR",100,"BUMPERS, Dale","B001057","1925-08-12",6,6,21694,59.3949349760438,"Greatest","BUMPERS",""
"2931",100,"1987-01-03","Senate","AR",100,"BUMPERS, Dale","B001057","1925-08-12",7,7,22424,61.3935660506502,"Greatest","BUMPERS",""
"2932",101,"1989-01-03","Senate","AR",100,"BUMPERS, Dale","B001057","1925-08-12",8,8,23155,63.3949349760438,"Greatest","BUMPERS",""
"2933",102,"1991-01-03","Senate","AR",100,"BUMPERS, Dale","B001057","1925-08-12",9,9,23885,65.3935660506502,"Greatest","BUMPERS",""
"2934",103,"1993-01-03","Senate","AR",100,"BUMPERS, Dale","B001057","1925-08-12",10,10,24616,67.3949349760438,"Greatest","BUMPERS",""
"2935",104,"1995-01-03","Senate","AR",100,"BUMPERS, Dale","B001057","1925-08-12",11,11,25346,69.3935660506502,"Greatest","BUMPERS",""
"2936",105,"1997-01-03","Senate","AR",100,"BUMPERS, Dale","B001057","1925-08-12",12,12,26077,71.3949349760438,"Greatest","BUMPERS",""
"2937",76,"1939-01-03","Senate","NV",100,"BUNKER, Berkeley Lloyd","B001061","1906-08-12",1,1,11832,32.394250513347,"Greatest","BUNKER",""
"2938",77,"1941-01-03","Senate","NV",100,"BUNKER, Berkeley Lloyd","B001061","1906-08-12",2,2,12563,34.3956194387406,"Greatest","BUNKER",""
"2947",106,"1999-01-03","Senate","KY",200,"BUNNING, James Paul David","B001066","1931-10-23",7,1,24544,67.1978097193703,"Silent","BUNNING",""
"2948",107,"2001-01-03","Senate","KY",200,"BUNNING, James Paul David","B001066","1931-10-23",8,2,25275,69.1991786447639,"Silent","BUNNING",""
"2949",108,"2003-01-03","Senate","KY",200,"BUNNING, James Paul David","B001066","1931-10-23",9,3,26005,71.1978097193703,"Silent","BUNNING",""
"2950",109,"2005-01-03","Senate","KY",200,"BUNNING, James Paul David","B001066","1931-10-23",10,4,26736,73.1991786447639,"Silent","BUNNING",""
"2951",110,"2007-01-03","Senate","KY",200,"BUNNING, James Paul David","B001066","1931-10-23",11,5,27466,75.1978097193703,"Silent","BUNNING",""
"2952",111,"2009-01-03","Senate","KY",200,"BUNNING, James Paul David","B001066","1931-10-23",12,6,28197,77.1991786447639,"Silent","BUNNING",""
"2969",102,"1991-01-03","Senate","ND",100,"BURDICK, Jocelyn Birch","B001076","1922-02-06",1,1,25168,68.9062286105407,"Greatest","BURDICK",""
"2971",87,"1961-01-03","Senate","ND",100,"BURDICK, Quentin Northrup","B001077","1908-06-19",2,1,19191,52.5420944558522,"Greatest","BURDICK",""
"2972",88,"1963-01-03","Senate","ND",100,"BURDICK, Quentin Northrup","B001077","1908-06-19",3,2,19921,54.5407255304586,"Greatest","BURDICK",""
"2973",89,"1965-01-03","Senate","ND",100,"BURDICK, Quentin Northrup","B001077","1908-06-19",4,3,20652,56.5420944558522,"Greatest","BURDICK",""
"2974",90,"1967-01-03","Senate","ND",100,"BURDICK, Quentin Northrup","B001077","1908-06-19",5,4,21382,58.5407255304586,"Greatest","BURDICK",""
"2975",91,"1969-01-03","Senate","ND",100,"BURDICK, Quentin Northrup","B001077","1908-06-19",6,5,22113,60.5420944558522,"Greatest","BURDICK",""
"2976",92,"1971-01-03","Senate","ND",100,"BURDICK, Quentin Northrup","B001077","1908-06-19",7,6,22843,62.5407255304586,"Greatest","BURDICK",""
"2977",93,"1973-01-03","Senate","ND",100,"BURDICK, Quentin Northrup","B001077","1908-06-19",8,7,23574,64.5420944558522,"Greatest","BURDICK",""
"2978",94,"1975-01-03","Senate","ND",100,"BURDICK, Quentin Northrup","B001077","1908-06-19",9,8,24304,66.5407255304586,"Greatest","BURDICK",""
"2979",95,"1977-01-03","Senate","ND",100,"BURDICK, Quentin Northrup","B001077","1908-06-19",10,9,25035,68.5420944558522,"Greatest","BURDICK",""
"2980",96,"1979-01-03","Senate","ND",100,"BURDICK, Quentin Northrup","B001077","1908-06-19",11,10,25765,70.5407255304586,"Greatest","BURDICK",""
"2981",97,"1981-01-03","Senate","ND",100,"BURDICK, Quentin Northrup","B001077","1908-06-19",12,11,26496,72.5420944558522,"Greatest","BURDICK",""
"2982",98,"1983-01-03","Senate","ND",100,"BURDICK, Quentin Northrup","B001077","1908-06-19",13,12,27226,74.5407255304586,"Greatest","BURDICK",""
"2983",99,"1985-01-03","Senate","ND",100,"BURDICK, Quentin Northrup","B001077","1908-06-19",14,13,27957,76.5420944558522,"Greatest","BURDICK",""
"2984",100,"1987-01-03","Senate","ND",100,"BURDICK, Quentin Northrup","B001077","1908-06-19",15,14,28687,78.5407255304586,"Greatest","BURDICK",""
"2985",101,"1989-01-03","Senate","ND",100,"BURDICK, Quentin Northrup","B001077","1908-06-19",16,15,29418,80.5420944558522,"Greatest","BURDICK",""
"2986",102,"1991-01-03","Senate","ND",100,"BURDICK, Quentin Northrup","B001077","1908-06-19",17,16,30148,82.5407255304586,"Greatest","BURDICK",""
"3007",74,"1935-01-03","Senate","NE",100,"BURKE, Edward Raymond","B001089","1880-11-28",2,1,19758,54.0944558521561,"Missionary","BURKE",""
"3008",75,"1937-01-03","Senate","NE",100,"BURKE, Edward Raymond","B001089","1880-11-28",3,2,20489,56.0958247775496,"Missionary","BURKE",""
"3009",76,"1939-01-03","Senate","NE",100,"BURKE, Edward Raymond","B001089","1880-11-28",4,3,21219,58.0944558521561,"Missionary","BURKE",""
"3030",83,"1953-01-03","Senate","OH",100,"BURKE, Thomas A.","B001099","1898-10-30",1,1,19788,54.17659137577,"Lost","BURKE",""
"3064",101,"1989-01-03","Senate","MT",200,"BURNS, Conrad","B001126","1935-01-25",1,1,19702,53.9411362080767,"Silent","BURNS",""
"3065",102,"1991-01-03","Senate","MT",200,"BURNS, Conrad","B001126","1935-01-25",2,2,20432,55.9397672826831,"Silent","BURNS",""
"3066",103,"1993-01-03","Senate","MT",200,"BURNS, Conrad","B001126","1935-01-25",3,3,21163,57.9411362080767,"Silent","BURNS",""
"3067",104,"1995-01-03","Senate","MT",200,"BURNS, Conrad","B001126","1935-01-25",4,4,21893,59.9397672826831,"Silent","BURNS",""
"3068",105,"1997-01-03","Senate","MT",200,"BURNS, Conrad","B001126","1935-01-25",5,5,22624,61.9411362080767,"Silent","BURNS",""
"3069",106,"1999-01-03","Senate","MT",200,"BURNS, Conrad","B001126","1935-01-25",6,6,23354,63.9397672826831,"Silent","BURNS",""
"3070",107,"2001-01-03","Senate","MT",200,"BURNS, Conrad","B001126","1935-01-25",7,7,24085,65.9411362080767,"Silent","BURNS",""
"3071",108,"2003-01-03","Senate","MT",200,"BURNS, Conrad","B001126","1935-01-25",8,8,24815,67.9397672826831,"Silent","BURNS",""
"3072",109,"2005-01-03","Senate","MT",200,"BURNS, Conrad","B001126","1935-01-25",9,9,25546,69.9411362080767,"Silent","BURNS",""
"3081",109,"2005-01-03","Senate","NC",200,"BURR, Richard M.","B001135","1955-11-30",6,1,17932,49.0951403148528,"Boomers","BURR",""
"3082",110,"2007-01-03","Senate","NC",200,"BURR, Richard M.","B001135","1955-11-30",7,2,18662,51.0937713894593,"Boomers","BURR",""
"3083",111,"2009-01-03","Senate","NC",200,"BURR, Richard M.","B001135","1955-11-30",8,3,19393,53.0951403148528,"Boomers","BURR",""
"3084",112,"2011-01-03","Senate","NC",200,"BURR, Richard M.","B001135","1955-11-30",9,4,20123,55.0937713894593,"Boomers","BURR",""
"3085",113,"2013-01-03","Senate","NC",200,"BURR, Richard M.","B001135","1955-11-30",10,5,20854,57.0951403148528,"Boomers","BURR",""
"3086",114,"2015-01-03","Senate","NC",200,"BURR, Richard M.","B001135","1955-11-30",11,6,21584,59.0937713894593,"Boomers","BURR",""
"3087",115,"2017-01-03","Senate","NC",200,"BURR, Richard M.","B001135","1955-11-30",12,7,22315,61.0951403148528,"Boomers","BURR",""
"3088",116,"2019-01-03","Senate","NC",200,"BURR, Richard M.","B001135","1955-11-30",13,8,23045,63.0937713894593,"Boomers","BURR",""
"3089",117,"2021-01-03","Senate","NC",200,"BURR, Richard M.","B001135","1955-11-30",14,9,23776,65.0951403148528,"Boomers","BURR",""
"3092",67,"1921-03-04","Senate","NM",200,"BURSUM, Holm Olaf","B001144","1867-02-10",1,1,19745,54.0588637919233,"Missionary","BURSUM",""
"3093",68,"1923-03-04","Senate","NM",200,"BURSUM, Holm Olaf","B001144","1867-02-10",2,2,20475,56.0574948665298,"Missionary","BURSUM",""
"3118",77,"1941-01-03","Senate","OH",200,"BURTON, Harold Hitz","B001150","1888-06-22",1,1,19187,52.5311430527036,"Lost","BURTON",""
"3119",78,"1943-01-03","Senate","OH",200,"BURTON, Harold Hitz","B001150","1888-06-22",2,2,19917,54.5297741273101,"Lost","BURTON",""
"3120",79,"1945-01-03","Senate","OH",200,"BURTON, Harold Hitz","B001150","1888-06-22",3,3,20648,56.5311430527036,"Lost","BURTON",""
"3148",71,"1929-03-04","Senate","OH",200,"BURTON, Theodore Elijah","B001159","1851-12-20",16,4,28198,77.201916495551,"Progressive","BURTON",""
"3166",82,"1951-01-03","Senate","CT",200,"BUSH, Prescott Sheldon","B001167","1895-05-15",1,1,20321,55.6358658453114,"Lost","BUSH",""
"3167",83,"1953-01-03","Senate","CT",200,"BUSH, Prescott Sheldon","B001167","1895-05-15",2,2,21052,57.637234770705,"Lost","BUSH",""
"3168",84,"1955-01-03","Senate","CT",200,"BUSH, Prescott Sheldon","B001167","1895-05-15",3,3,21782,59.6358658453114,"Lost","BUSH",""
"3169",85,"1957-01-03","Senate","CT",200,"BUSH, Prescott Sheldon","B001167","1895-05-15",4,4,22513,61.637234770705,"Lost","BUSH",""
"3170",86,"1959-01-03","Senate","CT",200,"BUSH, Prescott Sheldon","B001167","1895-05-15",5,5,23243,63.6358658453114,"Lost","BUSH",""
"3171",87,"1961-01-03","Senate","CT",200,"BUSH, Prescott Sheldon","B001167","1895-05-15",6,6,23974,65.637234770705,"Lost","BUSH",""
"3172",78,"1943-01-03","Senate","SD",200,"BUSHFIELD, Harlan John","B001168","1882-08-06",1,1,22064,60.4079397672827,"Missionary","BUSHFIELD",""
"3173",79,"1945-01-03","Senate","SD",200,"BUSHFIELD, Harlan John","B001168","1882-08-06",2,2,22795,62.4093086926762,"Missionary","BUSHFIELD",""
"3174",80,"1947-01-03","Senate","SD",200,"BUSHFIELD, Harlan John","B001168","1882-08-06",3,3,23525,64.4079397672827,"Missionary","BUSHFIELD",""
"3175",80,"1947-01-03","Senate","SD",200,"BUSHFIELD, Vera Cahalan","B001169","1889-08-09",1,1,20965,57.3990417522245,"Lost","BUSHFIELD",""
"3181",77,"1941-01-03","Senate","NE",200,"BUTLER, Hugh Alfred","B001177","1878-02-28",1,1,22954,62.8446269678303,"Missionary","BUTLER",""
"3182",78,"1943-01-03","Senate","NE",200,"BUTLER, Hugh Alfred","B001177","1878-02-28",2,2,23684,64.8432580424367,"Missionary","BUTLER",""
"3183",79,"1945-01-03","Senate","NE",200,"BUTLER, Hugh Alfred","B001177","1878-02-28",3,3,24415,66.8446269678303,"Missionary","BUTLER",""
"3184",80,"1947-01-03","Senate","NE",200,"BUTLER, Hugh Alfred","B001177","1878-02-28",4,4,25145,68.8432580424367,"Missionary","BUTLER",""
"3185",81,"1949-01-03","Senate","NE",200,"BUTLER, Hugh Alfred","B001177","1878-02-28",5,5,25876,70.8446269678303,"Missionary","BUTLER",""
"3186",82,"1951-01-03","Senate","NE",200,"BUTLER, Hugh Alfred","B001177","1878-02-28",6,6,26606,72.8432580424367,"Missionary","BUTLER",""
"3187",83,"1953-01-03","Senate","NE",200,"BUTLER, Hugh Alfred","B001177","1878-02-28",7,7,27337,74.8446269678303,"Missionary","BUTLER",""
"3193",82,"1951-01-03","Senate","MD",200,"BUTLER, John Marshall","B001180","1897-07-21",1,1,19523,53.45106091718,"Lost","BUTLER",""
"3194",83,"1953-01-03","Senate","MD",200,"BUTLER, John Marshall","B001180","1897-07-21",2,2,20254,55.4524298425736,"Lost","BUTLER",""
"3195",84,"1955-01-03","Senate","MD",200,"BUTLER, John Marshall","B001180","1897-07-21",3,3,20984,57.45106091718,"Lost","BUTLER",""
"3196",85,"1957-01-03","Senate","MD",200,"BUTLER, John Marshall","B001180","1897-07-21",4,4,21715,59.4524298425736,"Lost","BUTLER",""
"3197",86,"1959-01-03","Senate","MD",200,"BUTLER, John Marshall","B001180","1897-07-21",5,5,22445,61.45106091718,"Lost","BUTLER",""
"3198",87,"1961-01-03","Senate","MD",200,"BUTLER, John Marshall","B001180","1897-07-21",6,6,23176,63.4524298425736,"Lost","BUTLER",""
"3213",68,"1923-03-04","Senate","MA",200,"BUTLER, William Morgan","B001196","1861-01-29",1,1,22678,62.0889801505818,"Missionary","BUTLER",""
"3214",69,"1925-03-04","Senate","MA",200,"BUTLER, William Morgan","B001196","1861-01-29",2,2,23409,64.0903490759754,"Missionary","BUTLER",""
"3228",73,"1933-03-04","Senate","VA",100,"BYRD, Harry Flood","B001208","1887-06-10",1,1,16703,45.7303216974675,"Lost","BYRD",""
"3229",74,"1935-01-03","Senate","VA",100,"BYRD, Harry Flood","B001208","1887-06-10",2,2,17373,47.564681724846,"Lost","BYRD",""
"3230",75,"1937-01-03","Senate","VA",100,"BYRD, Harry Flood","B001208","1887-06-10",3,3,18104,49.5660506502396,"Lost","BYRD",""
"3231",76,"1939-01-03","Senate","VA",100,"BYRD, Harry Flood","B001208","1887-06-10",4,4,18834,51.564681724846,"Lost","BYRD",""
"3232",77,"1941-01-03","Senate","VA",100,"BYRD, Harry Flood","B001208","1887-06-10",5,5,19565,53.5660506502396,"Lost","BYRD",""
"3233",78,"1943-01-03","Senate","VA",100,"BYRD, Harry Flood","B001208","1887-06-10",6,6,20295,55.564681724846,"Lost","BYRD",""
"3234",79,"1945-01-03","Senate","VA",100,"BYRD, Harry Flood","B001208","1887-06-10",7,7,21026,57.5660506502396,"Lost","BYRD",""
"3235",80,"1947-01-03","Senate","VA",100,"BYRD, Harry Flood","B001208","1887-06-10",8,8,21756,59.564681724846,"Lost","BYRD",""
"3236",81,"1949-01-03","Senate","VA",100,"BYRD, Harry Flood","B001208","1887-06-10",9,9,22487,61.5660506502396,"Lost","BYRD",""
"3237",82,"1951-01-03","Senate","VA",100,"BYRD, Harry Flood","B001208","1887-06-10",10,10,23217,63.564681724846,"Lost","BYRD",""
"3238",83,"1953-01-03","Senate","VA",100,"BYRD, Harry Flood","B001208","1887-06-10",11,11,23948,65.5660506502396,"Lost","BYRD",""
"3239",84,"1955-01-03","Senate","VA",100,"BYRD, Harry Flood","B001208","1887-06-10",12,12,24678,67.564681724846,"Lost","BYRD",""
"3240",85,"1957-01-03","Senate","VA",100,"BYRD, Harry Flood","B001208","1887-06-10",13,13,25409,69.5660506502396,"Lost","BYRD",""
"3241",86,"1959-01-03","Senate","VA",100,"BYRD, Harry Flood","B001208","1887-06-10",14,14,26139,71.564681724846,"Lost","BYRD",""
"3242",87,"1961-01-03","Senate","VA",100,"BYRD, Harry Flood","B001208","1887-06-10",15,15,26870,73.5660506502396,"Lost","BYRD",""
"3243",88,"1963-01-03","Senate","VA",100,"BYRD, Harry Flood","B001208","1887-06-10",16,16,27600,75.564681724846,"Lost","BYRD",""
"3244",89,"1965-01-03","Senate","VA",100,"BYRD, Harry Flood","B001208","1887-06-10",17,17,28331,77.5660506502396,"Lost","BYRD",""
"3245",89,"1965-01-03","Senate","VA",100,"BYRD, Harry Flood, Jr.","B001209","1914-12-20",1,1,18277,50.0396988364134,"Greatest","BYRD",""
"3246",90,"1967-01-03","Senate","VA",100,"BYRD, Harry Flood, Jr.","B001209","1914-12-20",2,2,19007,52.0383299110199,"Greatest","BYRD",""
"3247",91,"1969-01-03","Senate","VA",100,"BYRD, Harry Flood, Jr.","B001209","1914-12-20",3,3,19738,54.0396988364134,"Greatest","BYRD",""
"3248",92,"1971-01-03","Senate","VA",328,"BYRD, Harry Flood, Jr.","B001209","1914-12-20",4,4,20468,56.0383299110199,"Greatest","BYRD",""
"3249",93,"1973-01-03","Senate","VA",328,"BYRD, Harry Flood, Jr.","B001209","1914-12-20",5,5,21199,58.0396988364134,"Greatest","BYRD",""
"3250",94,"1975-01-03","Senate","VA",328,"BYRD, Harry Flood, Jr.","B001209","1914-12-20",6,6,21929,60.0383299110199,"Greatest","BYRD",""
"3251",95,"1977-01-03","Senate","VA",328,"BYRD, Harry Flood, Jr.","B001209","1914-12-20",7,7,22660,62.0396988364134,"Greatest","BYRD",""
"3252",96,"1979-01-03","Senate","VA",328,"BYRD, Harry Flood, Jr.","B001209","1914-12-20",8,8,23390,64.0383299110198,"Greatest","BYRD",""
"3253",97,"1981-01-03","Senate","VA",328,"BYRD, Harry Flood, Jr.","B001209","1914-12-20",9,9,24121,66.0396988364134,"Greatest","BYRD",""
"3257",86,"1959-01-03","Senate","WV",100,"BYRD, Robert Carlyle","B001210","1917-11-20",4,1,15019,41.119780971937,"Greatest","BYRD",""
"3258",87,"1961-01-03","Senate","WV",100,"BYRD, Robert Carlyle","B001210","1917-11-20",5,2,15750,43.1211498973306,"Greatest","BYRD",""
"3259",88,"1963-01-03","Senate","WV",100,"BYRD, Robert Carlyle","B001210","1917-11-20",6,3,16480,45.119780971937,"Greatest","BYRD",""
"3260",89,"1965-01-03","Senate","WV",100,"BYRD, Robert Carlyle","B001210","1917-11-20",7,4,17211,47.1211498973306,"Greatest","BYRD",""
"3261",90,"1967-01-03","Senate","WV",100,"BYRD, Robert Carlyle","B001210","1917-11-20",8,5,17941,49.119780971937,"Greatest","BYRD",""
"3262",91,"1969-01-03","Senate","WV",100,"BYRD, Robert Carlyle","B001210","1917-11-20",9,6,18672,51.1211498973306,"Greatest","BYRD",""
"3263",92,"1971-01-03","Senate","WV",100,"BYRD, Robert Carlyle","B001210","1917-11-20",10,7,19402,53.119780971937,"Greatest","BYRD",""
"3264",93,"1973-01-03","Senate","WV",100,"BYRD, Robert Carlyle","B001210","1917-11-20",11,8,20133,55.1211498973306,"Greatest","BYRD",""
"3265",94,"1975-01-03","Senate","WV",100,"BYRD, Robert Carlyle","B001210","1917-11-20",12,9,20863,57.119780971937,"Greatest","BYRD",""
"3266",95,"1977-01-03","Senate","WV",100,"BYRD, Robert Carlyle","B001210","1917-11-20",13,10,21594,59.1211498973306,"Greatest","BYRD",""
"3267",96,"1979-01-03","Senate","WV",100,"BYRD, Robert Carlyle","B001210","1917-11-20",14,11,22324,61.119780971937,"Greatest","BYRD",""
"3268",97,"1981-01-03","Senate","WV",100,"BYRD, Robert Carlyle","B001210","1917-11-20",15,12,23055,63.1211498973306,"Greatest","BYRD",""
"3269",98,"1983-01-03","Senate","WV",100,"BYRD, Robert Carlyle","B001210","1917-11-20",16,13,23785,65.119780971937,"Greatest","BYRD",""
"3270",99,"1985-01-03","Senate","WV",100,"BYRD, Robert Carlyle","B001210","1917-11-20",17,14,24516,67.1211498973306,"Greatest","BYRD",""
"3271",100,"1987-01-03","Senate","WV",100,"BYRD, Robert Carlyle","B001210","1917-11-20",18,15,25246,69.119780971937,"Greatest","BYRD",""
"3272",101,"1989-01-03","Senate","WV",100,"BYRD, Robert Carlyle","B001210","1917-11-20",19,16,25977,71.1211498973306,"Greatest","BYRD",""
"3273",102,"1991-01-03","Senate","WV",100,"BYRD, Robert Carlyle","B001210","1917-11-20",20,17,26707,73.119780971937,"Greatest","BYRD",""
"3274",103,"1993-01-03","Senate","WV",100,"BYRD, Robert Carlyle","B001210","1917-11-20",21,18,27438,75.1211498973306,"Greatest","BYRD",""
"3275",104,"1995-01-03","Senate","WV",100,"BYRD, Robert Carlyle","B001210","1917-11-20",22,19,28168,77.119780971937,"Greatest","BYRD",""
"3276",105,"1997-01-03","Senate","WV",100,"BYRD, Robert Carlyle","B001210","1917-11-20",23,20,28899,79.1211498973306,"Greatest","BYRD",""
"3277",106,"1999-01-03","Senate","WV",100,"BYRD, Robert Carlyle","B001210","1917-11-20",24,21,29629,81.119780971937,"Greatest","BYRD",""
"3278",107,"2001-01-03","Senate","WV",100,"BYRD, Robert Carlyle","B001210","1917-11-20",25,22,30360,83.1211498973306,"Greatest","BYRD",""
"3279",108,"2003-01-03","Senate","WV",100,"BYRD, Robert Carlyle","B001210","1917-11-20",26,23,31090,85.119780971937,"Greatest","BYRD",""
"3280",109,"2005-01-03","Senate","WV",100,"BYRD, Robert Carlyle","B001210","1917-11-20",27,24,31821,87.1211498973306,"Greatest","BYRD",""
"3281",110,"2007-01-03","Senate","WV",100,"BYRD, Robert Carlyle","B001210","1917-11-20",28,25,32551,89.119780971937,"Greatest","BYRD",""
"3282",111,"2009-01-03","Senate","WV",100,"BYRD, Robert Carlyle","B001210","1917-11-20",29,26,33282,91.1211498973306,"Greatest","BYRD",""
"3306",72,"1931-03-04","Senate","SC",100,"BYRNES, James Francis","B001215","1882-05-02",8,1,17837,48.8350444900753,"Missionary","BYRNES",""
"3307",73,"1933-03-04","Senate","SC",100,"BYRNES, James Francis","B001215","1882-05-02",9,2,18568,50.8364134154689,"Missionary","BYRNES",""
"3308",74,"1935-01-03","Senate","SC",100,"BYRNES, James Francis","B001215","1882-05-02",10,3,19238,52.6707734428474,"Missionary","BYRNES",""
"3309",75,"1937-01-03","Senate","SC",100,"BYRNES, James Francis","B001215","1882-05-02",11,4,19969,54.6721423682409,"Missionary","BYRNES",""
"3310",76,"1939-01-03","Senate","SC",100,"BYRNES, James Francis","B001215","1882-05-02",12,5,20699,56.6707734428474,"Missionary","BYRNES",""
"3311",77,"1941-01-03","Senate","SC",100,"BYRNES, James Francis","B001215","1882-05-02",13,6,21430,58.6721423682409,"Missionary","BYRNES",""
"3352",96,"1979-01-03","Senate","NJ",100,"BRADLEY, William Warren (Bill)","B001225","1943-07-28",1,1,12943,35.4360027378508,"Silent","BRADLEY",""
"3353",97,"1981-01-03","Senate","NJ",100,"BRADLEY, William Warren (Bill)","B001225","1943-07-28",2,2,13674,37.4373716632444,"Silent","BRADLEY",""
"3354",98,"1983-01-03","Senate","NJ",100,"BRADLEY, William Warren (Bill)","B001225","1943-07-28",3,3,14404,39.4360027378508,"Silent","BRADLEY",""
"3355",99,"1985-01-03","Senate","NJ",100,"BRADLEY, William Warren (Bill)","B001225","1943-07-28",4,4,15135,41.4373716632444,"Silent","BRADLEY",""
"3356",100,"1987-01-03","Senate","NJ",100,"BRADLEY, William Warren (Bill)","B001225","1943-07-28",5,5,15865,43.4360027378508,"Silent","BRADLEY",""
"3357",101,"1989-01-03","Senate","NJ",100,"BRADLEY, William Warren (Bill)","B001225","1943-07-28",6,6,16596,45.4373716632444,"Silent","BRADLEY",""
"3358",102,"1991-01-03","Senate","NJ",100,"BRADLEY, William Warren (Bill)","B001225","1943-07-28",7,7,17326,47.4360027378508,"Silent","BRADLEY",""
"3359",103,"1993-01-03","Senate","NJ",100,"BRADLEY, William Warren (Bill)","B001225","1943-07-28",8,8,18057,49.4373716632444,"Silent","BRADLEY",""
"3360",104,"1995-01-03","Senate","NJ",100,"BRADLEY, William Warren (Bill)","B001225","1943-07-28",9,9,18787,51.4360027378508,"Silent","BRADLEY",""
"3394",113,"2013-01-03","Senate","WI",100,"BALDWIN, Tammy","B001230","1962-02-11",8,1,18589,50.8939082819986,"Boomers","BALDWIN",""
"3395",114,"2015-01-03","Senate","WI",100,"BALDWIN, Tammy","B001230","1962-02-11",9,2,19319,52.8925393566051,"Boomers","BALDWIN",""
"3396",115,"2017-01-03","Senate","WI",100,"BALDWIN, Tammy","B001230","1962-02-11",10,3,20050,54.8939082819986,"Boomers","BALDWIN",""
"3397",116,"2019-01-03","Senate","WI",100,"BALDWIN, Tammy","B001230","1962-02-11",11,4,20780,56.8925393566051,"Boomers","BALDWIN",""
"3398",117,"2021-01-03","Senate","WI",100,"BALDWIN, Tammy","B001230","1962-02-11",12,5,21511,58.8939082819986,"Boomers","BALDWIN",""
"3399",118,"2023-01-03","Senate","WI",100,"BALDWIN, Tammy","B001230","1962-02-11",13,6,22241,60.8925393566051,"Boomers","BALDWIN",""
"3414",106,"1999-01-03","Senate","IN",100,"BAYH, Evan","B001233","1955-12-26",1,1,15714,43.0225872689938,"Boomers","BAYH",""
"3415",107,"2001-01-03","Senate","IN",100,"BAYH, Evan","B001233","1955-12-26",2,2,16445,45.0239561943874,"Boomers","BAYH",""
"3416",108,"2003-01-03","Senate","IN",100,"BAYH, Evan","B001233","1955-12-26",3,3,17175,47.0225872689938,"Boomers","BAYH",""
"3417",109,"2005-01-03","Senate","IN",100,"BAYH, Evan","B001233","1955-12-26",4,4,17906,49.0239561943874,"Boomers","BAYH",""
"3418",110,"2007-01-03","Senate","IN",100,"BAYH, Evan","B001233","1955-12-26",5,5,18636,51.0225872689938,"Boomers","BAYH",""
"3419",111,"2009-01-03","Senate","IN",100,"BAYH, Evan","B001233","1955-12-26",6,6,19367,53.0239561943874,"Boomers","BAYH",""
"3437",112,"2011-01-03","Senate","AR",200,"BOOZMAN, John","B001236","1950-12-10",6,1,21939,60.0657084188912,"Boomers","BOOZMAN",""
"3438",113,"2013-01-03","Senate","AR",200,"BOOZMAN, John","B001236","1950-12-10",7,2,22670,62.0670773442847,"Boomers","BOOZMAN",""
"3439",114,"2015-01-03","Senate","AR",200,"BOOZMAN, John","B001236","1950-12-10",8,3,23400,64.0657084188912,"Boomers","BOOZMAN",""
"3440",115,"2017-01-03","Senate","AR",200,"BOOZMAN, John","B001236","1950-12-10",9,4,24131,66.0670773442847,"Boomers","BOOZMAN",""
"3441",116,"2019-01-03","Senate","AR",200,"BOOZMAN, John","B001236","1950-12-10",10,5,24861,68.0657084188912,"Boomers","BOOZMAN",""
"3442",117,"2021-01-03","Senate","AR",200,"BOOZMAN, John","B001236","1950-12-10",11,6,25592,70.0670773442847,"Boomers","BOOZMAN",""
"3443",118,"2023-01-03","Senate","AR",200,"BOOZMAN, John","B001236","1950-12-10",12,7,26322,72.0657084188912,"Boomers","BOOZMAN",""
"3444",107,"2001-01-03","Senate","MN",328,"BARKLEY, Dean","B001237","1950-08-31",1,1,18388,50.3436002737851,"Boomers","BARKLEY",""
"3467",116,"2019-01-03","Senate","TN",200,"BLACKBURN, Marsha","B001243","1952-06-06",9,1,24317,66.5763175906913,"Boomers","BLACKBURN",""
"3468",117,"2021-01-03","Senate","TN",200,"BLACKBURN, Marsha","B001243","1952-06-06",10,2,25048,68.5776865160849,"Boomers","BLACKBURN",""
"3469",118,"2023-01-03","Senate","TN",200,"BLACKBURN, Marsha","B001243","1952-06-06",11,3,25778,70.5763175906913,"Boomers","BLACKBURN",""
"3558",110,"2007-01-03","Senate","WY",200,"BARRASSO, John A.","B001261","1952-07-21",1,1,19889,54.4531143052704,"Boomers","BARRASSO",""
"3559",111,"2009-01-03","Senate","WY",200,"BARRASSO, John A.","B001261","1952-07-21",2,2,20620,56.4544832306639,"Boomers","BARRASSO",""
"3560",112,"2011-01-03","Senate","WY",200,"BARRASSO, John A.","B001261","1952-07-21",3,3,21350,58.4531143052704,"Boomers","BARRASSO",""
"3561",113,"2013-01-03","Senate","WY",200,"BARRASSO, John A.","B001261","1952-07-21",4,4,22081,60.4544832306639,"Boomers","BARRASSO",""
"3562",114,"2015-01-03","Senate","WY",200,"BARRASSO, John A.","B001261","1952-07-21",5,5,22811,62.4531143052704,"Boomers","BARRASSO",""
"3563",115,"2017-01-03","Senate","WY",200,"BARRASSO, John A.","B001261","1952-07-21",6,6,23542,64.4544832306639,"Boomers","BARRASSO",""
"3564",116,"2019-01-03","Senate","WY",200,"BARRASSO, John A.","B001261","1952-07-21",7,7,24272,66.4531143052704,"Boomers","BARRASSO",""
"3565",117,"2021-01-03","Senate","WY",200,"BARRASSO, John A.","B001261","1952-07-21",8,8,25003,68.4544832306639,"Boomers","BARRASSO",""
"3566",118,"2023-01-03","Senate","WY",200,"BARRASSO, John A.","B001261","1952-07-21",9,9,25733,70.4531143052704,"Boomers","BARRASSO",""
"3573",111,"2009-01-03","Senate","AK",100,"BEGICH, Mark","B001265","1962-03-30",1,1,17081,46.7652292950034,"Boomers","BEGICH",""
"3574",112,"2011-01-03","Senate","AK",100,"BEGICH, Mark","B001265","1962-03-30",2,2,17811,48.7638603696099,"Boomers","BEGICH",""
"3575",113,"2013-01-03","Senate","AK",100,"BEGICH, Mark","B001265","1962-03-30",3,3,18542,50.7652292950034,"Boomers","BEGICH",""
"3576",111,"2009-01-03","Senate","IL",100,"BURRIS, Roland","B001266","1937-08-03",1,1,26086,71.419575633128,"Silent","BURRIS",""
"3577",111,"2009-01-03","Senate","CO",100,"BENNET, Michael F.","B001267","1964-11-28",1,1,16107,44.0985626283368,"Boomers","BENNET",""
"3578",112,"2011-01-03","Senate","CO",100,"BENNET, Michael F.","B001267","1964-11-28",2,2,16837,46.0971937029432,"Boomers","BENNET",""
"3579",113,"2013-01-03","Senate","CO",100,"BENNET, Michael F.","B001267","1964-11-28",3,3,17568,48.0985626283368,"Boomers","BENNET",""
"3580",114,"2015-01-03","Senate","CO",100,"BENNET, Michael F.","B001267","1964-11-28",4,4,18298,50.0971937029432,"Boomers","BENNET",""
"3581",115,"2017-01-03","Senate","CO",100,"BENNET, Michael F.","B001267","1964-11-28",5,5,19029,52.0985626283368,"Boomers","BENNET",""
"3582",116,"2019-01-03","Senate","CO",100,"BENNET, Michael F.","B001267","1964-11-28",6,6,19759,54.0971937029432,"Boomers","BENNET",""
"3583",117,"2021-01-03","Senate","CO",100,"BENNET, Michael F.","B001267","1964-11-28",7,7,20490,56.0985626283368,"Boomers","BENNET",""
"3584",118,"2023-01-03","Senate","CO",100,"BENNET, Michael F.","B001267","1964-11-28",8,8,21220,58.0971937029432,"Boomers","BENNET",""
"3585",111,"2009-01-03","Senate","MA",200,"BROWN, Scott P.","B001268","1959-09-12",1,1,18011,49.3114305270363,"Boomers","BROWN",""
"3586",112,"2011-01-03","Senate","MA",200,"BROWN, Scott P.","B001268","1959-09-12",2,2,18741,51.3100616016427,"Boomers","BROWN",""
"3619",112,"2011-01-03","Senate","CT",100,"BLUMENTHAL, Richard","B001277","1946-02-13",1,1,23700,64.8870636550308,"Boomers","BLUMENTHAL",""
"3620",113,"2013-01-03","Senate","CT",100,"BLUMENTHAL, Richard","B001277","1946-02-13",2,2,24431,66.8884325804244,"Boomers","BLUMENTHAL",""
"3621",114,"2015-01-03","Senate","CT",100,"BLUMENTHAL, Richard","B001277","1946-02-13",3,3,25161,68.8870636550308,"Boomers","BLUMENTHAL",""
"3622",115,"2017-01-03","Senate","CT",100,"BLUMENTHAL, Richard","B001277","1946-02-13",4,4,25892,70.8884325804244,"Boomers","BLUMENTHAL",""
"3623",116,"2019-01-03","Senate","CT",100,"BLUMENTHAL, Richard","B001277","1946-02-13",5,5,26622,72.8870636550308,"Boomers","BLUMENTHAL",""
"3624",117,"2021-01-03","Senate","CT",100,"BLUMENTHAL, Richard","B001277","1946-02-13",6,6,27353,74.8884325804244,"Boomers","BLUMENTHAL",""
"3625",118,"2023-01-03","Senate","CT",100,"BLUMENTHAL, Richard","B001277","1946-02-13",7,7,28083,76.8870636550308,"Boomers","BLUMENTHAL",""
"3672",113,"2013-01-03","Senate","NJ",100,"BOOKER, Cory Anthony","B001288","1969-04-27",1,1,15957,43.6878850102669,"Gen X","BOOKER",""
"3673",114,"2015-01-03","Senate","NJ",100,"BOOKER, Cory Anthony","B001288","1969-04-27",2,2,16687,45.6865160848734,"Gen X","BOOKER",""
"3674",115,"2017-01-03","Senate","NJ",100,"BOOKER, Cory Anthony","B001288","1969-04-27",3,3,17418,47.6878850102669,"Gen X","BOOKER",""
"3675",116,"2019-01-03","Senate","NJ",100,"BOOKER, Cory Anthony","B001288","1969-04-27",4,4,18148,49.6865160848734,"Gen X","BOOKER",""
"3676",117,"2021-01-03","Senate","NJ",100,"BOOKER, Cory Anthony","B001288","1969-04-27",5,5,18879,51.6878850102669,"Gen X","BOOKER",""
"3677",118,"2023-01-03","Senate","NJ",100,"BOOKER, Cory Anthony","B001288","1969-04-27",6,6,19609,53.6865160848734,"Gen X","BOOKER",""
"3744",118,"2023-01-03","Senate","NC",200,"BUDD, Theodore Paul","B001305","1971-10-21",4,1,18702,51.2032854209446,"Gen X","BUDD",""
"3756",116,"2019-01-03","Senate","IN",200,"BRAUN, Michael","B001310","1954-03-24",1,1,23661,64.7802874743327,"Boomers","BRAUN",""
"3757",117,"2021-01-03","Senate","IN",200,"BRAUN, Michael","B001310","1954-03-24",2,2,24392,66.7816563997262,"Boomers","BRAUN",""
"3758",118,"2023-01-03","Senate","IN",200,"BRAUN, Michael","B001310","1954-03-24",3,3,25122,68.7802874743327,"Boomers","BRAUN",""
"3770",118,"2023-01-03","Senate","AL",200,"BRITT, Katie Elizabeth","B001319","1982-02-02",1,1,14945,40.9171800136893,"Millennial","BRITT",""
"3788",79,"1945-01-03","Senate","WA",200,"CAIN, Harry Pulliam","C000021","1906-01-10",1,1,14238,38.9815195071869,"Greatest","CAIN",""
"3789",80,"1947-01-03","Senate","WA",200,"CAIN, Harry Pulliam","C000021","1906-01-10",2,2,14968,40.9801505817933,"Greatest","CAIN",""
"3790",81,"1949-01-03","Senate","WA",200,"CAIN, Harry Pulliam","C000021","1906-01-10",3,3,15699,42.9815195071869,"Greatest","CAIN",""
"3791",82,"1951-01-03","Senate","WA",200,"CAIN, Harry Pulliam","C000021","1906-01-10",4,4,16429,44.9801505817933,"Greatest","CAIN",""
"3792",66,"1919-03-04","Senate","NY",200,"CALDER, William Musgrave","C000025","1869-03-03",7,2,18262,49.9986310746064,"Missionary","CALDER",""
"3793",67,"1921-03-04","Senate","NY",200,"CALDER, William Musgrave","C000025","1869-03-03",8,3,18993,52,"Missionary","CALDER",""
"3826",67,"1921-03-04","Senate","AZ",200,"CAMERON, Ralph Henry","C000066","1863-10-21",1,1,20953,57.3661875427789,"Missionary","CAMERON",""
"3827",68,"1923-03-04","Senate","AZ",200,"CAMERON, Ralph Henry","C000066","1863-10-21",2,2,21683,59.3648186173854,"Missionary","CAMERON",""
"3828",69,"1925-03-04","Senate","AZ",200,"CAMERON, Ralph Henry","C000066","1863-10-21",3,3,22414,61.3661875427789,"Missionary","CAMERON",""
"3857",103,"1993-01-03","Senate","CO",100,"CAMPBELL, Ben Nighthorse","C000077","1933-04-13",4,1,21815,59.7262149212868,"Silent","CAMPBELL",""
"3858",104,"1995-01-03","Senate","CO",200,"CAMPBELL, Ben Nighthorse","C000077","1933-04-13",5,2,22545,61.7248459958932,"Silent","CAMPBELL",""
"3859",105,"1997-01-03","Senate","CO",200,"CAMPBELL, Ben Nighthorse","C000077","1933-04-13",6,3,23276,63.7262149212868,"Silent","CAMPBELL",""
"3860",106,"1999-01-03","Senate","CO",200,"CAMPBELL, Ben Nighthorse","C000077","1933-04-13",7,4,24006,65.7248459958932,"Silent","CAMPBELL",""
"3861",107,"2001-01-03","Senate","CO",200,"CAMPBELL, Ben Nighthorse","C000077","1933-04-13",8,5,24737,67.7262149212868,"Silent","CAMPBELL",""
"3862",108,"2003-01-03","Senate","CO",200,"CAMPBELL, Ben Nighthorse","C000077","1933-04-13",9,6,25467,69.7248459958932,"Silent","CAMPBELL",""
"3936",86,"1959-01-03","Senate","NV",100,"CANNON, Howard Walter","C000120","1912-01-26",1,1,17144,46.9377138945927,"Greatest","CANNON",""
"3937",87,"1961-01-03","Senate","NV",100,"CANNON, Howard Walter","C000120","1912-01-26",2,2,17875,48.9390828199863,"Greatest","CANNON",""
"3938",88,"1963-01-03","Senate","NV",100,"CANNON, Howard Walter","C000120","1912-01-26",3,3,18605,50.9377138945927,"Greatest","CANNON",""
"3939",89,"1965-01-03","Senate","NV",100,"CANNON, Howard Walter","C000120","1912-01-26",4,4,19336,52.9390828199863,"Greatest","CANNON",""
"3940",90,"1967-01-03","Senate","NV",100,"CANNON, Howard Walter","C000120","1912-01-26",5,5,20066,54.9377138945927,"Greatest","CANNON",""
"3941",91,"1969-01-03","Senate","NV",100,"CANNON, Howard Walter","C000120","1912-01-26",6,6,20797,56.9390828199863,"Greatest","CANNON",""
"3942",92,"1971-01-03","Senate","NV",100,"CANNON, Howard Walter","C000120","1912-01-26",7,7,21527,58.9377138945927,"Greatest","CANNON",""
"3943",93,"1973-01-03","Senate","NV",100,"CANNON, Howard Walter","C000120","1912-01-26",8,8,22258,60.9390828199863,"Greatest","CANNON",""
"3944",94,"1975-01-03","Senate","NV",100,"CANNON, Howard Walter","C000120","1912-01-26",9,9,22988,62.9377138945927,"Greatest","CANNON",""
"3945",95,"1977-01-03","Senate","NV",100,"CANNON, Howard Walter","C000120","1912-01-26",10,10,23719,64.9390828199863,"Greatest","CANNON",""
"3946",96,"1979-01-03","Senate","NV",100,"CANNON, Howard Walter","C000120","1912-01-26",11,11,24449,66.9377138945927,"Greatest","CANNON",""
"3947",97,"1981-01-03","Senate","NV",100,"CANNON, Howard Walter","C000120","1912-01-26",12,12,25180,68.9390828199863,"Greatest","CANNON",""
"3957",107,"2001-01-03","Senate","WA",100,"CANTWELL, Maria E.","C000127","1958-10-13",2,1,15423,42.2258726899384,"Boomers","CANTWELL",""
"3958",108,"2003-01-03","Senate","WA",100,"CANTWELL, Maria E.","C000127","1958-10-13",3,2,16153,44.2245037645448,"Boomers","CANTWELL",""
"3959",109,"2005-01-03","Senate","WA",100,"CANTWELL, Maria E.","C000127","1958-10-13",4,3,16884,46.2258726899384,"Boomers","CANTWELL",""
"3960",110,"2007-01-03","Senate","WA",100,"CANTWELL, Maria E.","C000127","1958-10-13",5,4,17614,48.2245037645448,"Boomers","CANTWELL",""
"3961",111,"2009-01-03","Senate","WA",100,"CANTWELL, Maria E.","C000127","1958-10-13",6,5,18345,50.2258726899384,"Boomers","CANTWELL",""
"3962",112,"2011-01-03","Senate","WA",100,"CANTWELL, Maria E.","C000127","1958-10-13",7,6,19075,52.2245037645448,"Boomers","CANTWELL",""
"3963",113,"2013-01-03","Senate","WA",100,"CANTWELL, Maria E.","C000127","1958-10-13",8,7,19806,54.2258726899384,"Boomers","CANTWELL",""
"3964",114,"2015-01-03","Senate","WA",100,"CANTWELL, Maria E.","C000127","1958-10-13",9,8,20536,56.2245037645448,"Boomers","CANTWELL",""
"3965",115,"2017-01-03","Senate","WA",100,"CANTWELL, Maria E.","C000127","1958-10-13",10,9,21267,58.2258726899384,"Boomers","CANTWELL",""
"3966",116,"2019-01-03","Senate","WA",100,"CANTWELL, Maria E.","C000127","1958-10-13",11,10,21997,60.2245037645448,"Boomers","CANTWELL",""
"3967",117,"2021-01-03","Senate","WA",100,"CANTWELL, Maria E.","C000127","1958-10-13",12,11,22728,62.2258726899384,"Boomers","CANTWELL",""
"3968",118,"2023-01-03","Senate","WA",100,"CANTWELL, Maria E.","C000127","1958-10-13",13,12,23458,64.2245037645448,"Boomers","CANTWELL",""
"3969",79,"1945-01-03","Senate","IN",200,"CAPEHART, Homer Earl","C000128","1897-06-06",1,1,17377,47.5756331279945,"Lost","CAPEHART",""
"3970",80,"1947-01-03","Senate","IN",200,"CAPEHART, Homer Earl","C000128","1897-06-06",2,2,18107,49.574264202601,"Lost","CAPEHART",""
"3971",81,"1949-01-03","Senate","IN",200,"CAPEHART, Homer Earl","C000128","1897-06-06",3,3,18838,51.5756331279945,"Lost","CAPEHART",""
"3972",82,"1951-01-03","Senate","IN",200,"CAPEHART, Homer Earl","C000128","1897-06-06",4,4,19568,53.574264202601,"Lost","CAPEHART",""
"3973",83,"1953-01-03","Senate","IN",200,"CAPEHART, Homer Earl","C000128","1897-06-06",5,5,20299,55.5756331279945,"Lost","CAPEHART",""
"3974",84,"1955-01-03","Senate","IN",200,"CAPEHART, Homer Earl","C000128","1897-06-06",6,6,21029,57.574264202601,"Lost","CAPEHART",""
"3975",85,"1957-01-03","Senate","IN",200,"CAPEHART, Homer Earl","C000128","1897-06-06",7,7,21760,59.5756331279945,"Lost","CAPEHART",""
"3976",86,"1959-01-03","Senate","IN",200,"CAPEHART, Homer Earl","C000128","1897-06-06",8,8,22490,61.574264202601,"Lost","CAPEHART",""
"3977",87,"1961-01-03","Senate","IN",200,"CAPEHART, Homer Earl","C000128","1897-06-06",9,9,23221,63.5756331279945,"Lost","CAPEHART",""
"3980",66,"1919-03-04","Senate","KS",200,"CAPPER, Arthur","C000133","1865-07-14",1,1,19590,53.6344969199179,"Missionary","CAPPER",""
"3981",67,"1921-03-04","Senate","KS",200,"CAPPER, Arthur","C000133","1865-07-14",2,2,20321,55.6358658453114,"Missionary","CAPPER",""
"3982",68,"1923-03-04","Senate","KS",200,"CAPPER, Arthur","C000133","1865-07-14",3,3,21051,57.6344969199179,"Missionary","CAPPER",""
"3983",69,"1925-03-04","Senate","KS",200,"CAPPER, Arthur","C000133","1865-07-14",4,4,21782,59.6358658453114,"Missionary","CAPPER",""
"3984",70,"1927-03-04","Senate","KS",200,"CAPPER, Arthur","C000133","1865-07-14",5,5,22512,61.6344969199179,"Missionary","CAPPER",""
"3985",71,"1929-03-04","Senate","KS",200,"CAPPER, Arthur","C000133","1865-07-14",6,6,23243,63.6358658453114,"Missionary","CAPPER",""
"3986",72,"1931-03-04","Senate","KS",200,"CAPPER, Arthur","C000133","1865-07-14",7,7,23973,65.6344969199179,"Missionary","CAPPER",""
"3987",73,"1933-03-04","Senate","KS",200,"CAPPER, Arthur","C000133","1865-07-14",8,8,24704,67.6358658453114,"Missionary","CAPPER",""
"3988",74,"1935-01-03","Senate","KS",200,"CAPPER, Arthur","C000133","1865-07-14",9,9,25374,69.4702258726899,"Missionary","CAPPER",""
"3989",75,"1937-01-03","Senate","KS",200,"CAPPER, Arthur","C000133","1865-07-14",10,10,26105,71.4715947980835,"Missionary","CAPPER",""
"3990",76,"1939-01-03","Senate","KS",200,"CAPPER, Arthur","C000133","1865-07-14",11,11,26835,73.4702258726899,"Missionary","CAPPER",""
"3991",77,"1941-01-03","Senate","KS",200,"CAPPER, Arthur","C000133","1865-07-14",12,12,27566,75.4715947980835,"Missionary","CAPPER",""
"3992",78,"1943-01-03","Senate","KS",200,"CAPPER, Arthur","C000133","1865-07-14",13,13,28296,77.4702258726899,"Missionary","CAPPER",""
"3993",79,"1945-01-03","Senate","KS",200,"CAPPER, Arthur","C000133","1865-07-14",14,14,29027,79.4715947980835,"Missionary","CAPPER",""
"3994",80,"1947-01-03","Senate","KS",200,"CAPPER, Arthur","C000133","1865-07-14",15,15,29757,81.4702258726899,"Missionary","CAPPER",""
"3997",72,"1931-03-04","Senate","AR",100,"CARAWAY, Hattie Wyatt","C000138","1878-02-01",1,1,19388,53.0814510609172,"Missionary","CARAWAY",""
"3998",73,"1933-03-04","Senate","AR",100,"CARAWAY, Hattie Wyatt","C000138","1878-02-01",2,2,20119,55.0828199863107,"Missionary","CARAWAY",""
"3999",74,"1935-01-03","Senate","AR",100,"CARAWAY, Hattie Wyatt","C000138","1878-02-01",3,3,20789,56.9171800136893,"Missionary","CARAWAY",""
"4000",75,"1937-01-03","Senate","AR",100,"CARAWAY, Hattie Wyatt","C000138","1878-02-01",4,4,21520,58.9185489390828,"Missionary","CARAWAY",""
"4001",76,"1939-01-03","Senate","AR",100,"CARAWAY, Hattie Wyatt","C000138","1878-02-01",5,5,22250,60.9171800136893,"Missionary","CARAWAY",""
"4002",77,"1941-01-03","Senate","AR",100,"CARAWAY, Hattie Wyatt","C000138","1878-02-01",6,6,22981,62.9185489390828,"Missionary","CARAWAY",""
"4003",78,"1943-01-03","Senate","AR",100,"CARAWAY, Hattie Wyatt","C000138","1878-02-01",7,7,23711,64.9171800136892,"Missionary","CARAWAY",""
"4005",67,"1921-03-04","Senate","AR",100,"CARAWAY, Thaddeus Horatius","C000139","1871-10-17",5,1,18035,49.3771389459274,"Missionary","CARAWAY",""
"4006",68,"1923-03-04","Senate","AR",100,"CARAWAY, Thaddeus Horatius","C000139","1871-10-17",6,2,18765,51.3757700205339,"Missionary","CARAWAY",""
"4007",69,"1925-03-04","Senate","AR",100,"CARAWAY, Thaddeus Horatius","C000139","1871-10-17",7,3,19496,53.3771389459274,"Missionary","CARAWAY",""
"4008",70,"1927-03-04","Senate","AR",100,"CARAWAY, Thaddeus Horatius","C000139","1871-10-17",8,4,20226,55.3757700205339,"Missionary","CARAWAY",""
"4009",71,"1929-03-04","Senate","AR",100,"CARAWAY, Thaddeus Horatius","C000139","1871-10-17",9,5,20957,57.3771389459274,"Missionary","CARAWAY",""
"4010",72,"1931-03-04","Senate","AR",100,"CARAWAY, Thaddeus Horatius","C000139","1871-10-17",10,6,21687,59.3757700205339,"Missionary","CARAWAY",""
"4024",110,"2007-01-03","Senate","MD",100,"CARDIN, Benjamin Louis","C000141","1943-10-05",11,1,23101,63.2470910335387,"Silent","CARDIN",""
"4025",111,"2009-01-03","Senate","MD",100,"CARDIN, Benjamin Louis","C000141","1943-10-05",12,2,23832,65.2484599589322,"Silent","CARDIN",""
"4026",112,"2011-01-03","Senate","MD",100,"CARDIN, Benjamin Louis","C000141","1943-10-05",13,3,24562,67.2470910335387,"Silent","CARDIN",""
"4027",113,"2013-01-03","Senate","MD",100,"CARDIN, Benjamin Louis","C000141","1943-10-05",14,4,25293,69.2484599589322,"Silent","CARDIN",""
"4028",114,"2015-01-03","Senate","MD",100,"CARDIN, Benjamin Louis","C000141","1943-10-05",15,5,26023,71.2470910335387,"Silent","CARDIN",""
"4029",115,"2017-01-03","Senate","MD",100,"CARDIN, Benjamin Louis","C000141","1943-10-05",16,6,26754,73.2484599589322,"Silent","CARDIN",""
"4030",116,"2019-01-03","Senate","MD",100,"CARDIN, Benjamin Louis","C000141","1943-10-05",17,7,27484,75.2470910335387,"Silent","CARDIN",""
"4031",117,"2021-01-03","Senate","MD",100,"CARDIN, Benjamin Louis","C000141","1943-10-05",18,8,28215,77.2484599589322,"Silent","CARDIN",""
"4032",118,"2023-01-03","Senate","MD",100,"CARDIN, Benjamin Louis","C000141","1943-10-05",19,9,28945,79.2470910335387,"Silent","CARDIN",""
"4046",71,"1929-03-04","Senate","WY",200,"CAREY, Robert Davis","C000146","1878-08-12",1,1,18466,50.5571526351814,"Missionary","CAREY",""
"4047",72,"1931-03-04","Senate","WY",200,"CAREY, Robert Davis","C000146","1878-08-12",2,2,19196,52.5557837097878,"Missionary","CAREY",""
"4048",73,"1933-03-04","Senate","WY",200,"CAREY, Robert Davis","C000146","1878-08-12",3,3,19927,54.5571526351814,"Missionary","CAREY",""
"4049",74,"1935-01-03","Senate","WY",200,"CAREY, Robert Davis","C000146","1878-08-12",4,4,20597,56.3915126625599,"Missionary","CAREY",""
"4061",81,"1949-01-03","Senate","KS",200,"CARLSON, Frank","C000154","1893-01-23",7,1,20433,55.9425051334702,"Lost","CARLSON",""
"4062",82,"1951-01-03","Senate","KS",200,"CARLSON, Frank","C000154","1893-01-23",8,2,21163,57.9411362080767,"Lost","CARLSON",""
"4063",83,"1953-01-03","Senate","KS",200,"CARLSON, Frank","C000154","1893-01-23",9,3,21894,59.9425051334702,"Lost","CARLSON",""
"4064",84,"1955-01-03","Senate","KS",200,"CARLSON, Frank","C000154","1893-01-23",10,4,22624,61.9411362080767,"Lost","CARLSON",""
"4065",85,"1957-01-03","Senate","KS",200,"CARLSON, Frank","C000154","1893-01-23",11,5,23355,63.9425051334702,"Lost","CARLSON",""
"4066",86,"1959-01-03","Senate","KS",200,"CARLSON, Frank","C000154","1893-01-23",12,6,24085,65.9411362080767,"Lost","CARLSON",""
"4067",87,"1961-01-03","Senate","KS",200,"CARLSON, Frank","C000154","1893-01-23",13,7,24816,67.9425051334702,"Lost","CARLSON",""
"4068",88,"1963-01-03","Senate","KS",200,"CARLSON, Frank","C000154","1893-01-23",14,8,25546,69.9411362080767,"Lost","CARLSON",""
"4069",89,"1965-01-03","Senate","KS",200,"CARLSON, Frank","C000154","1893-01-23",15,9,26277,71.9425051334702,"Lost","CARLSON",""
"4070",90,"1967-01-03","Senate","KS",200,"CARLSON, Frank","C000154","1893-01-23",16,10,27007,73.9411362080767,"Lost","CARLSON",""
"4103",107,"2001-01-03","Senate","DE",100,"CARPER, Thomas Richard","C000174","1947-01-23",6,1,19704,53.9466119096509,"Boomers","CARPER",""
"4104",108,"2003-01-03","Senate","DE",100,"CARPER, Thomas Richard","C000174","1947-01-23",7,2,20434,55.9452429842574,"Boomers","CARPER",""
"4105",109,"2005-01-03","Senate","DE",100,"CARPER, Thomas Richard","C000174","1947-01-23",8,3,21165,57.9466119096509,"Boomers","CARPER",""
"4106",110,"2007-01-03","Senate","DE",100,"CARPER, Thomas Richard","C000174","1947-01-23",9,4,21895,59.9452429842574,"Boomers","CARPER",""
"4107",111,"2009-01-03","Senate","DE",100,"CARPER, Thomas Richard","C000174","1947-01-23",10,5,22626,61.9466119096509,"Boomers","CARPER",""
"4108",112,"2011-01-03","Senate","DE",100,"CARPER, Thomas Richard","C000174","1947-01-23",11,6,23356,63.9452429842574,"Boomers","CARPER",""
"4109",113,"2013-01-03","Senate","DE",100,"CARPER, Thomas Richard","C000174","1947-01-23",12,7,24087,65.9466119096509,"Boomers","CARPER",""
"4110",114,"2015-01-03","Senate","DE",100,"CARPER, Thomas Richard","C000174","1947-01-23",13,8,24817,67.9452429842574,"Boomers","CARPER",""
"4111",115,"2017-01-03","Senate","DE",100,"CARPER, Thomas Richard","C000174","1947-01-23",14,9,25548,69.9466119096509,"Boomers","CARPER",""
"4112",116,"2019-01-03","Senate","DE",100,"CARPER, Thomas Richard","C000174","1947-01-23",15,10,26278,71.9452429842574,"Boomers","CARPER",""
"4113",117,"2021-01-03","Senate","DE",100,"CARPER, Thomas Richard","C000174","1947-01-23",16,11,27009,73.9466119096509,"Boomers","CARPER",""
"4114",118,"2023-01-03","Senate","DE",100,"CARPER, Thomas Richard","C000174","1947-01-23",17,12,27739,75.9452429842574,"Boomers","CARPER",""
"4131",85,"1957-01-03","Senate","CO",100,"CARROLL, John Albert","C000189","1901-07-30",3,1,20246,55.4305270362765,"Greatest","CARROLL",""
"4132",86,"1959-01-03","Senate","CO",100,"CARROLL, John Albert","C000189","1901-07-30",4,2,20976,57.429158110883,"Greatest","CARROLL",""
"4133",87,"1961-01-03","Senate","CO",100,"CARROLL, John Albert","C000189","1901-07-30",5,3,21707,59.4305270362765,"Greatest","CARROLL",""
"4179",79,"1945-01-03","Senate","NV",100,"CARVILLE, Edward Peter","C000211","1885-05-14",1,1,21783,59.6386036960986,"Lost","CARVILLE",""
"4188",84,"1955-01-03","Senate","NJ",200,"CASE, Clifford Philip","C000220","1904-04-16",6,1,18524,50.715947980835,"Greatest","CASE",""
"4189",85,"1957-01-03","Senate","NJ",200,"CASE, Clifford Philip","C000220","1904-04-16",7,2,19255,52.7173169062286,"Greatest","CASE",""
"4190",86,"1959-01-03","Senate","NJ",200,"CASE, Clifford Philip","C000220","1904-04-16",8,3,19985,54.715947980835,"Greatest","CASE",""
"4191",87,"1961-01-03","Senate","NJ",200,"CASE, Clifford Philip","C000220","1904-04-16",9,4,20716,56.7173169062286,"Greatest","CASE",""
"4192",88,"1963-01-03","Senate","NJ",200,"CASE, Clifford Philip","C000220","1904-04-16",10,5,21446,58.715947980835,"Greatest","CASE",""
"4193",89,"1965-01-03","Senate","NJ",200,"CASE, Clifford Philip","C000220","1904-04-16",11,6,22177,60.7173169062286,"Greatest","CASE",""
"4194",90,"1967-01-03","Senate","NJ",200,"CASE, Clifford Philip","C000220","1904-04-16",12,7,22907,62.715947980835,"Greatest","CASE",""
"4195",91,"1969-01-03","Senate","NJ",200,"CASE, Clifford Philip","C000220","1904-04-16",13,8,23638,64.7173169062286,"Greatest","CASE",""
"4196",92,"1971-01-03","Senate","NJ",200,"CASE, Clifford Philip","C000220","1904-04-16",14,9,24368,66.715947980835,"Greatest","CASE",""
"4197",93,"1973-01-03","Senate","NJ",200,"CASE, Clifford Philip","C000220","1904-04-16",15,10,25099,68.7173169062286,"Greatest","CASE",""
"4198",94,"1975-01-03","Senate","NJ",200,"CASE, Clifford Philip","C000220","1904-04-16",16,11,25829,70.715947980835,"Greatest","CASE",""
"4199",95,"1977-01-03","Senate","NJ",200,"CASE, Clifford Philip","C000220","1904-04-16",17,12,26560,72.7173169062286,"Greatest","CASE",""
"4207",82,"1951-01-03","Senate","SD",200,"CASE, Francis Higbee","C000221","1896-12-09",8,1,19747,54.0643394934976,"Lost","CASE",""
"4208",83,"1953-01-03","Senate","SD",200,"CASE, Francis Higbee","C000221","1896-12-09",9,2,20478,56.0657084188912,"Lost","CASE",""
"4209",84,"1955-01-03","Senate","SD",200,"CASE, Francis Higbee","C000221","1896-12-09",10,3,21208,58.0643394934976,"Lost","CASE",""
"4210",85,"1957-01-03","Senate","SD",200,"CASE, Francis Higbee","C000221","1896-12-09",11,4,21939,60.0657084188912,"Lost","CASE",""
"4211",86,"1959-01-03","Senate","SD",200,"CASE, Francis Higbee","C000221","1896-12-09",12,5,22669,62.0643394934976,"Lost","CASE",""
"4212",87,"1961-01-03","Senate","SD",200,"CASE, Francis Higbee","C000221","1896-12-09",13,6,23400,64.0657084188912,"Lost","CASE",""
"4300",94,"1975-01-03","Senate","RI",200,"CHAFEE, John Hubbard","C000269","1922-10-22",1,1,19066,52.1998631074606,"Greatest","CHAFEE",""
"4301",95,"1977-01-03","Senate","RI",200,"CHAFEE, John Hubbard","C000269","1922-10-22",2,2,19797,54.2012320328542,"Greatest","CHAFEE",""
"4302",96,"1979-01-03","Senate","RI",200,"CHAFEE, John Hubbard","C000269","1922-10-22",3,3,20527,56.1998631074606,"Greatest","CHAFEE",""
"4303",97,"1981-01-03","Senate","RI",200,"CHAFEE, John Hubbard","C000269","1922-10-22",4,4,21258,58.2012320328542,"Greatest","CHAFEE",""
"4304",98,"1983-01-03","Senate","RI",200,"CHAFEE, John Hubbard","C000269","1922-10-22",5,5,21988,60.1998631074606,"Greatest","CHAFEE",""
"4305",99,"1985-01-03","Senate","RI",200,"CHAFEE, John Hubbard","C000269","1922-10-22",6,6,22719,62.2012320328542,"Greatest","CHAFEE",""
"4306",100,"1987-01-03","Senate","RI",200,"CHAFEE, John Hubbard","C000269","1922-10-22",7,7,23449,64.1998631074606,"Greatest","CHAFEE",""
"4307",101,"1989-01-03","Senate","RI",200,"CHAFEE, John Hubbard","C000269","1922-10-22",8,8,24180,66.2012320328542,"Greatest","CHAFEE",""
"4308",102,"1991-01-03","Senate","RI",200,"CHAFEE, John Hubbard","C000269","1922-10-22",9,9,24910,68.1998631074606,"Greatest","CHAFEE",""
"4309",103,"1993-01-03","Senate","RI",200,"CHAFEE, John Hubbard","C000269","1922-10-22",10,10,25641,70.2012320328542,"Greatest","CHAFEE",""
"4310",104,"1995-01-03","Senate","RI",200,"CHAFEE, John Hubbard","C000269","1922-10-22",11,11,26371,72.1998631074606,"Greatest","CHAFEE",""
"4311",105,"1997-01-03","Senate","RI",200,"CHAFEE, John Hubbard","C000269","1922-10-22",12,12,27102,74.2012320328542,"Greatest","CHAFEE",""
"4312",106,"1999-01-03","Senate","RI",200,"CHAFEE, John Hubbard","C000269","1922-10-22",13,13,27832,76.1998631074606,"Greatest","CHAFEE",""
"4326",66,"1919-03-04","Senate","OR",100,"CHAMBERLAIN, George Earle","C000277","1854-01-01",6,6,23802,65.1663244353183,"Progressive","CHAMBERLAIN",""
"4331",108,"2003-01-03","Senate","GA",200,"CHAMBLISS, Saxby","C000286","1943-11-10",5,1,21604,59.1485284052019,"Silent","CHAMBLISS",""
"4332",109,"2005-01-03","Senate","GA",200,"CHAMBLISS, Saxby","C000286","1943-11-10",6,2,22335,61.1498973305955,"Silent","CHAMBLISS",""
"4333",110,"2007-01-03","Senate","GA",200,"CHAMBLISS, Saxby","C000286","1943-11-10",7,3,23065,63.1485284052019,"Silent","CHAMBLISS",""
"4334",111,"2009-01-03","Senate","GA",200,"CHAMBLISS, Saxby","C000286","1943-11-10",8,4,23796,65.1498973305955,"Silent","CHAMBLISS",""
"4335",112,"2011-01-03","Senate","GA",200,"CHAMBLISS, Saxby","C000286","1943-11-10",9,5,24526,67.1485284052019,"Silent","CHAMBLISS",""
"4336",113,"2013-01-03","Senate","GA",200,"CHAMBLISS, Saxby","C000286","1943-11-10",10,6,25257,69.1498973305955,"Silent","CHAMBLISS",""
"4338",76,"1939-01-03","Senate","KY",100,"CHANDLER, Albert Benjamin (Happy)","C000290","1898-07-14",1,1,14782,40.4709103353867,"Lost","CHANDLER",""
"4339",77,"1941-01-03","Senate","KY",100,"CHANDLER, Albert Benjamin (Happy)","C000290","1898-07-14",2,2,15513,42.4722792607803,"Lost","CHANDLER",""
"4340",78,"1943-01-03","Senate","KY",100,"CHANDLER, Albert Benjamin (Happy)","C000290","1898-07-14",3,3,16243,44.4709103353867,"Lost","CHANDLER",""
"4341",79,"1945-01-03","Senate","KY",100,"CHANDLER, Albert Benjamin (Happy)","C000290","1898-07-14",4,4,16974,46.4722792607803,"Lost","CHANDLER",""
"4369",81,"1949-01-03","Senate","KY",100,"CHAPMAN, Virgil Munday","C000317","1895-03-15",12,1,19652,53.8042436687201,"Lost","CHAPMAN",""
"4370",82,"1951-01-03","Senate","KY",100,"CHAPMAN, Virgil Munday","C000317","1895-03-15",13,2,20382,55.8028747433265,"Lost","CHAPMAN",""
"4395",74,"1935-01-03","Senate","NM",100,"CHAVEZ, Dennis","C000338","1888-04-08",3,1,17070,46.735112936345,"Lost","CHAVEZ",""
"4396",75,"1937-01-03","Senate","NM",100,"CHAVEZ, Dennis","C000338","1888-04-08",4,2,17801,48.7364818617385,"Lost","CHAVEZ",""
"4397",76,"1939-01-03","Senate","NM",100,"CHAVEZ, Dennis","C000338","1888-04-08",5,3,18531,50.735112936345,"Lost","CHAVEZ",""
"4398",77,"1941-01-03","Senate","NM",100,"CHAVEZ, Dennis","C000338","1888-04-08",6,4,19262,52.7364818617385,"Lost","CHAVEZ",""
"4399",78,"1943-01-03","Senate","NM",100,"CHAVEZ, Dennis","C000338","1888-04-08",7,5,19992,54.735112936345,"Lost","CHAVEZ",""
"4400",79,"1945-01-03","Senate","NM",100,"CHAVEZ, Dennis","C000338","1888-04-08",8,6,20723,56.7364818617385,"Lost","CHAVEZ",""
"4401",80,"1947-01-03","Senate","NM",100,"CHAVEZ, Dennis","C000338","1888-04-08",9,7,21453,58.735112936345,"Lost","CHAVEZ",""
"4402",81,"1949-01-03","Senate","NM",100,"CHAVEZ, Dennis","C000338","1888-04-08",10,8,22184,60.7364818617385,"Lost","CHAVEZ",""
"4403",82,"1951-01-03","Senate","NM",100,"CHAVEZ, Dennis","C000338","1888-04-08",11,9,22914,62.735112936345,"Lost","CHAVEZ",""
"4404",83,"1953-01-03","Senate","NM",100,"CHAVEZ, Dennis","C000338","1888-04-08",12,10,23645,64.7364818617385,"Lost","CHAVEZ",""
"4405",84,"1955-01-03","Senate","NM",100,"CHAVEZ, Dennis","C000338","1888-04-08",13,11,24375,66.735112936345,"Lost","CHAVEZ",""
"4406",85,"1957-01-03","Senate","NM",100,"CHAVEZ, Dennis","C000338","1888-04-08",14,12,25106,68.7364818617385,"Lost","CHAVEZ",""
"4407",86,"1959-01-03","Senate","NM",100,"CHAVEZ, Dennis","C000338","1888-04-08",15,13,25836,70.735112936345,"Lost","CHAVEZ",""
"4408",87,"1961-01-03","Senate","NM",100,"CHAVEZ, Dennis","C000338","1888-04-08",16,14,26567,72.7364818617385,"Lost","CHAVEZ",""
"4441",92,"1971-01-03","Senate","FL",100,"CHILES, Lawton Mainor, Jr.","C000356","1930-04-03",1,1,14885,40.7529089664613,"Silent","CHILES",""
"4442",93,"1973-01-03","Senate","FL",100,"CHILES, Lawton Mainor, Jr.","C000356","1930-04-03",2,2,15616,42.7542778918549,"Silent","CHILES",""
"4443",94,"1975-01-03","Senate","FL",100,"CHILES, Lawton Mainor, Jr.","C000356","1930-04-03",3,3,16346,44.7529089664613,"Silent","CHILES",""
"4444",95,"1977-01-03","Senate","FL",100,"CHILES, Lawton Mainor, Jr.","C000356","1930-04-03",4,4,17077,46.7542778918549,"Silent","CHILES",""
"4445",96,"1979-01-03","Senate","FL",100,"CHILES, Lawton Mainor, Jr.","C000356","1930-04-03",5,5,17807,48.7529089664613,"Silent","CHILES",""
"4446",97,"1981-01-03","Senate","FL",100,"CHILES, Lawton Mainor, Jr.","C000356","1930-04-03",6,6,18538,50.7542778918549,"Silent","CHILES",""
"4447",98,"1983-01-03","Senate","FL",100,"CHILES, Lawton Mainor, Jr.","C000356","1930-04-03",7,7,19268,52.7529089664613,"Silent","CHILES",""
"4448",99,"1985-01-03","Senate","FL",100,"CHILES, Lawton Mainor, Jr.","C000356","1930-04-03",8,8,19999,54.7542778918549,"Silent","CHILES",""
"4449",100,"1987-01-03","Senate","FL",100,"CHILES, Lawton Mainor, Jr.","C000356","1930-04-03",9,9,20729,56.7529089664613,"Silent","CHILES",""
"4502",85,"1957-01-03","Senate","ID",100,"CHURCH, Frank Forrester","C000388","1924-07-25",1,1,11850,32.4435318275154,"Greatest","CHURCH",""
"4503",86,"1959-01-03","Senate","ID",100,"CHURCH, Frank Forrester","C000388","1924-07-25",2,2,12580,34.4421629021218,"Greatest","CHURCH",""
"4504",87,"1961-01-03","Senate","ID",100,"CHURCH, Frank Forrester","C000388","1924-07-25",3,3,13311,36.4435318275154,"Greatest","CHURCH",""
"4505",88,"1963-01-03","Senate","ID",100,"CHURCH, Frank Forrester","C000388","1924-07-25",4,4,14041,38.4421629021218,"Greatest","CHURCH",""
"4506",89,"1965-01-03","Senate","ID",100,"CHURCH, Frank Forrester","C000388","1924-07-25",5,5,14772,40.4435318275154,"Greatest","CHURCH",""
"4507",90,"1967-01-03","Senate","ID",100,"CHURCH, Frank Forrester","C000388","1924-07-25",6,6,15502,42.4421629021218,"Greatest","CHURCH",""
"4508",91,"1969-01-03","Senate","ID",100,"CHURCH, Frank Forrester","C000388","1924-07-25",7,7,16233,44.4435318275154,"Greatest","CHURCH",""
"4509",92,"1971-01-03","Senate","ID",100,"CHURCH, Frank Forrester","C000388","1924-07-25",8,8,16963,46.4421629021218,"Greatest","CHURCH",""
"4510",93,"1973-01-03","Senate","ID",100,"CHURCH, Frank Forrester","C000388","1924-07-25",9,9,17694,48.4435318275154,"Greatest","CHURCH",""
"4511",94,"1975-01-03","Senate","ID",100,"CHURCH, Frank Forrester","C000388","1924-07-25",10,10,18424,50.4421629021218,"Greatest","CHURCH",""
"4512",95,"1977-01-03","Senate","ID",100,"CHURCH, Frank Forrester","C000388","1924-07-25",11,11,19155,52.4435318275154,"Greatest","CHURCH",""
"4513",96,"1979-01-03","Senate","ID",100,"CHURCH, Frank Forrester","C000388","1924-07-25",12,12,19885,54.4421629021218,"Greatest","CHURCH",""
"4553",76,"1939-01-03","Senate","ID",100,"CLARK, David Worth","C000428","1902-04-02",3,1,13425,36.7556468172485,"Greatest","CLARK",""
"4554",77,"1941-01-03","Senate","ID",100,"CLARK, David Worth","C000428","1902-04-02",4,2,14156,38.757015742642,"Greatest","CLARK",""
"4555",78,"1943-01-03","Senate","ID",100,"CLARK, David Worth","C000428","1902-04-02",5,3,14886,40.7556468172485,"Greatest","CLARK",""
"4580",72,"1931-03-04","Senate","MO",100,"CLARK, Joel Bennett","C000440","1890-01-08",1,1,15029,41.1471594798084,"Lost","CLARK",""
"4581",73,"1933-03-04","Senate","MO",100,"CLARK, Joel Bennett","C000440","1890-01-08",2,2,15760,43.1485284052019,"Lost","CLARK",""
"4582",74,"1935-01-03","Senate","MO",100,"CLARK, Joel Bennett","C000440","1890-01-08",3,3,16430,44.9828884325804,"Lost","CLARK",""
"4583",75,"1937-01-03","Senate","MO",100,"CLARK, Joel Bennett","C000440","1890-01-08",4,4,17161,46.984257357974,"Lost","CLARK",""
"4584",76,"1939-01-03","Senate","MO",100,"CLARK, Joel Bennett","C000440","1890-01-08",5,5,17891,48.9828884325804,"Lost","CLARK",""
"4585",77,"1941-01-03","Senate","MO",100,"CLARK, Joel Bennett","C000440","1890-01-08",6,6,18622,50.984257357974,"Lost","CLARK",""
"4586",78,"1943-01-03","Senate","MO",100,"CLARK, Joel Bennett","C000440","1890-01-08",7,7,19352,52.9828884325804,"Lost","CLARK",""
"4587",85,"1957-01-03","Senate","PA",100,"CLARK, Joseph Sill","C000444","1901-10-21",1,1,20163,55.2032854209446,"Greatest","CLARK",""
"4588",86,"1959-01-03","Senate","PA",100,"CLARK, Joseph Sill","C000444","1901-10-21",2,2,20893,57.201916495551,"Greatest","CLARK",""
"4589",87,"1961-01-03","Senate","PA",100,"CLARK, Joseph Sill","C000444","1901-10-21",3,3,21624,59.2032854209446,"Greatest","CLARK",""
"4590",88,"1963-01-03","Senate","PA",100,"CLARK, Joseph Sill","C000444","1901-10-21",4,4,22354,61.201916495551,"Greatest","CLARK",""
"4591",89,"1965-01-03","Senate","PA",100,"CLARK, Joseph Sill","C000444","1901-10-21",5,5,23085,63.2032854209446,"Greatest","CLARK",""
"4592",90,"1967-01-03","Senate","PA",100,"CLARK, Joseph Sill","C000444","1901-10-21",6,6,23815,65.201916495551,"Greatest","CLARK",""
"4594",93,"1973-01-03","Senate","IA",100,"CLARK, Richard Clarence (Dick)","C000448","1928-09-14",1,1,16182,44.3039014373717,"Silent","CLARK",""
"4595",94,"1975-01-03","Senate","IA",100,"CLARK, Richard Clarence (Dick)","C000448","1928-09-14",2,2,16912,46.3025325119781,"Silent","CLARK",""
"4596",95,"1977-01-03","Senate","IA",100,"CLARK, Richard Clarence (Dick)","C000448","1928-09-14",3,3,17643,48.3039014373717,"Silent","CLARK",""
"4673",81,"1949-01-03","Senate","KY",100,"CLEMENTS, Earle C.","C000506","1896-10-22",3,1,19065,52.1971252566735,"Lost","CLEMENTS",""
"4674",82,"1951-01-03","Senate","KY",100,"CLEMENTS, Earle C.","C000506","1896-10-22",4,2,19795,54.1957563312799,"Lost","CLEMENTS",""
"4675",83,"1953-01-03","Senate","KY",100,"CLEMENTS, Earle C.","C000506","1896-10-22",5,3,20526,56.1971252566735,"Lost","CLEMENTS",""
"4676",84,"1955-01-03","Senate","KY",100,"CLEMENTS, Earle C.","C000506","1896-10-22",6,4,21256,58.19575633128,"Lost","CLEMENTS",""
"4737",102,"1991-01-03","Senate","IN",200,"COATS, Daniel Ray","C000542","1943-05-16",6,1,17399,47.6358658453114,"Silent","COATS",""
"4738",103,"1993-01-03","Senate","IN",200,"COATS, Daniel Ray","C000542","1943-05-16",7,2,18130,49.637234770705,"Silent","COATS",""
"4739",104,"1995-01-03","Senate","IN",200,"COATS, Daniel Ray","C000542","1943-05-16",8,3,18860,51.6358658453114,"Silent","COATS",""
"4740",105,"1997-01-03","Senate","IN",200,"COATS, Daniel Ray","C000542","1943-05-16",9,4,19591,53.637234770705,"Silent","COATS",""
"4741",112,"2011-01-03","Senate","IN",200,"COATS, Daniel Ray","C000542","1943-05-16",10,5,24704,67.6358658453114,"Silent","COATS",""
"4742",113,"2013-01-03","Senate","IN",200,"COATS, Daniel Ray","C000542","1943-05-16",11,6,25435,69.637234770705,"Silent","COATS",""
"4743",114,"2015-01-03","Senate","IN",200,"COATS, Daniel Ray","C000542","1943-05-16",12,7,26165,71.6358658453114,"Silent","COATS",""
"4763",109,"2005-01-03","Senate","OK",200,"COBURN, Thomas Allen","C000560","1948-03-14",4,1,20749,56.807665982204,"Boomers","COBURN",""
"4764",110,"2007-01-03","Senate","OK",200,"COBURN, Thomas Allen","C000560","1948-03-14",5,2,21479,58.8062970568104,"Boomers","COBURN",""
"4765",111,"2009-01-03","Senate","OK",200,"COBURN, Thomas Allen","C000560","1948-03-14",6,3,22210,60.807665982204,"Boomers","COBURN",""
"4766",112,"2011-01-03","Senate","OK",200,"COBURN, Thomas Allen","C000560","1948-03-14",7,4,22940,62.8062970568104,"Boomers","COBURN",""
"4767",113,"2013-01-03","Senate","OK",200,"COBURN, Thomas Allen","C000560","1948-03-14",8,5,23671,64.807665982204,"Boomers","COBURN",""
"4786",96,"1979-01-03","Senate","MS",200,"COCHRAN, William Thad","C000567","1937-12-07",4,1,15002,41.0732375085558,"Silent","COCHRAN",""
"4787",97,"1981-01-03","Senate","MS",200,"COCHRAN, William Thad","C000567","1937-12-07",5,2,15733,43.0746064339493,"Silent","COCHRAN",""
"4788",98,"1983-01-03","Senate","MS",200,"COCHRAN, William Thad","C000567","1937-12-07",6,3,16463,45.0732375085558,"Silent","COCHRAN",""
"4789",99,"1985-01-03","Senate","MS",200,"COCHRAN, William Thad","C000567","1937-12-07",7,4,17194,47.0746064339493,"Silent","COCHRAN",""
"4790",100,"1987-01-03","Senate","MS",200,"COCHRAN, William Thad","C000567","1937-12-07",8,5,17924,49.0732375085558,"Silent","COCHRAN",""
"4791",101,"1989-01-03","Senate","MS",200,"COCHRAN, William Thad","C000567","1937-12-07",9,6,18655,51.0746064339493,"Silent","COCHRAN",""
"4792",102,"1991-01-03","Senate","MS",200,"COCHRAN, William Thad","C000567","1937-12-07",10,7,19385,53.0732375085558,"Silent","COCHRAN",""
"4793",103,"1993-01-03","Senate","MS",200,"COCHRAN, William Thad","C000567","1937-12-07",11,8,20116,55.0746064339493,"Silent","COCHRAN",""
"4794",104,"1995-01-03","Senate","MS",200,"COCHRAN, William Thad","C000567","1937-12-07",12,9,20846,57.0732375085558,"Silent","COCHRAN",""
"4795",105,"1997-01-03","Senate","MS",200,"COCHRAN, William Thad","C000567","1937-12-07",13,10,21577,59.0746064339493,"Silent","COCHRAN",""
"4796",106,"1999-01-03","Senate","MS",200,"COCHRAN, William Thad","C000567","1937-12-07",14,11,22307,61.0732375085558,"Silent","COCHRAN",""
"4797",107,"2001-01-03","Senate","MS",200,"COCHRAN, William Thad","C000567","1937-12-07",15,12,23038,63.0746064339493,"Silent","COCHRAN",""
"4798",108,"2003-01-03","Senate","MS",200,"COCHRAN, William Thad","C000567","1937-12-07",16,13,23768,65.0732375085558,"Silent","COCHRAN",""
"4799",109,"2005-01-03","Senate","MS",200,"COCHRAN, William Thad","C000567","1937-12-07",17,14,24499,67.0746064339494,"Silent","COCHRAN",""
"4800",110,"2007-01-03","Senate","MS",200,"COCHRAN, William Thad","C000567","1937-12-07",18,15,25229,69.0732375085558,"Silent","COCHRAN",""
"4801",111,"2009-01-03","Senate","MS",200,"COCHRAN, William Thad","C000567","1937-12-07",19,16,25960,71.0746064339494,"Silent","COCHRAN",""
"4802",112,"2011-01-03","Senate","MS",200,"COCHRAN, William Thad","C000567","1937-12-07",20,17,26690,73.0732375085558,"Silent","COCHRAN",""
"4803",113,"2013-01-03","Senate","MS",200,"COCHRAN, William Thad","C000567","1937-12-07",21,18,27421,75.0746064339494,"Silent","COCHRAN",""
"4804",114,"2015-01-03","Senate","MS",200,"COCHRAN, William Thad","C000567","1937-12-07",22,19,28151,77.0732375085558,"Silent","COCHRAN",""
"4805",115,"2017-01-03","Senate","MS",200,"COCHRAN, William Thad","C000567","1937-12-07",23,20,28882,79.0746064339494,"Silent","COCHRAN",""
"4834",72,"1931-03-04","Senate","GA",100,"COHEN, John Sanford","C000597","1870-02-26",1,1,22285,61.0130047912389,"Missionary","COHEN",""
"4838",96,"1979-01-03","Senate","ME",200,"COHEN, William Sebastian","C000598","1940-08-28",4,1,14007,38.3490759753593,"Silent","COHEN",""
"4839",97,"1981-01-03","Senate","ME",200,"COHEN, William Sebastian","C000598","1940-08-28",5,2,14738,40.3504449007529,"Silent","COHEN",""
"4840",98,"1983-01-03","Senate","ME",200,"COHEN, William Sebastian","C000598","1940-08-28",6,3,15468,42.3490759753593,"Silent","COHEN",""
"4841",99,"1985-01-03","Senate","ME",200,"COHEN, William Sebastian","C000598","1940-08-28",7,4,16199,44.3504449007529,"Silent","COHEN",""
"4842",100,"1987-01-03","Senate","ME",200,"COHEN, William Sebastian","C000598","1940-08-28",8,5,16929,46.3490759753593,"Silent","COHEN",""
"4843",101,"1989-01-03","Senate","ME",200,"COHEN, William Sebastian","C000598","1940-08-28",9,6,17660,48.3504449007529,"Silent","COHEN",""
"4844",102,"1991-01-03","Senate","ME",200,"COHEN, William Sebastian","C000598","1940-08-28",10,7,18390,50.3490759753593,"Silent","COHEN",""
"4845",103,"1993-01-03","Senate","ME",200,"COHEN, William Sebastian","C000598","1940-08-28",11,8,19121,52.3504449007529,"Silent","COHEN",""
"4846",104,"1995-01-03","Senate","ME",200,"COHEN, William Sebastian","C000598","1940-08-28",12,9,19851,54.3490759753593,"Silent","COHEN",""
"4982",66,"1919-03-04","Senate","RI",200,"COLT, LeBaron Bradford","C000651","1846-06-25",4,4,26549,72.6872005475702,"Progressive","COLT",""
"4983",67,"1921-03-04","Senate","RI",200,"COLT, LeBaron Bradford","C000651","1846-06-25",5,5,27280,74.6885694729637,"Progressive","COLT",""
"4984",68,"1923-03-04","Senate","RI",200,"COLT, LeBaron Bradford","C000651","1846-06-25",6,6,28010,76.6872005475702,"Progressive","COLT",""
"5006",66,"1919-03-04","Senate","AL",100,"COMER, Braxton Bragg","C000657","1848-11-07",1,1,25683,70.3162217659138,"Progressive","COMER",""
"5037",71,"1929-03-04","Senate","TX",100,"CONNALLY, Thomas Terry (Tom)","C000684","1877-08-19",7,1,18824,51.5373032169747,"Missionary","CONNALLY",""
"5038",72,"1931-03-04","Senate","TX",100,"CONNALLY, Thomas Terry (Tom)","C000684","1877-08-19",8,2,19554,53.5359342915811,"Missionary","CONNALLY",""
"5039",73,"1933-03-04","Senate","TX",100,"CONNALLY, Thomas Terry (Tom)","C000684","1877-08-19",9,3,20285,55.5373032169747,"Missionary","CONNALLY",""
"5040",74,"1935-01-03","Senate","TX",100,"CONNALLY, Thomas Terry (Tom)","C000684","1877-08-19",10,4,20955,57.3716632443532,"Missionary","CONNALLY",""
"5041",75,"1937-01-03","Senate","TX",100,"CONNALLY, Thomas Terry (Tom)","C000684","1877-08-19",11,5,21686,59.3730321697468,"Missionary","CONNALLY",""
"5042",76,"1939-01-03","Senate","TX",100,"CONNALLY, Thomas Terry (Tom)","C000684","1877-08-19",12,6,22416,61.3716632443532,"Missionary","CONNALLY",""
"5043",77,"1941-01-03","Senate","TX",100,"CONNALLY, Thomas Terry (Tom)","C000684","1877-08-19",13,7,23147,63.3730321697468,"Missionary","CONNALLY",""
"5044",78,"1943-01-03","Senate","TX",100,"CONNALLY, Thomas Terry (Tom)","C000684","1877-08-19",14,8,23877,65.3716632443532,"Missionary","CONNALLY",""
"5045",79,"1945-01-03","Senate","TX",100,"CONNALLY, Thomas Terry (Tom)","C000684","1877-08-19",15,9,24608,67.3730321697468,"Missionary","CONNALLY",""
"5046",80,"1947-01-03","Senate","TX",100,"CONNALLY, Thomas Terry (Tom)","C000684","1877-08-19",16,10,25338,69.3716632443532,"Missionary","CONNALLY",""
"5047",81,"1949-01-03","Senate","TX",100,"CONNALLY, Thomas Terry (Tom)","C000684","1877-08-19",17,11,26069,71.3730321697468,"Missionary","CONNALLY",""
"5048",82,"1951-01-03","Senate","TX",100,"CONNALLY, Thomas Terry (Tom)","C000684","1877-08-19",18,12,26799,73.3716632443532,"Missionary","CONNALLY",""
"5069",100,"1987-01-03","Senate","ND",100,"CONRAD, Kent","C000705","1948-03-12",1,1,14176,38.8117727583847,"Boomers","CONRAD",""
"5070",101,"1989-01-03","Senate","ND",100,"CONRAD, Kent","C000705","1948-03-12",2,2,14907,40.8131416837782,"Boomers","CONRAD",""
"5071",102,"1991-01-03","Senate","ND",100,"CONRAD, Kent","C000705","1948-03-12",3,3,15637,42.8117727583847,"Boomers","CONRAD",""
"5072",103,"1993-01-03","Senate","ND",100,"CONRAD, Kent","C000705","1948-03-12",4,4,16368,44.8131416837782,"Boomers","CONRAD",""
"5073",104,"1995-01-03","Senate","ND",100,"CONRAD, Kent","C000705","1948-03-12",5,5,17098,46.8117727583847,"Boomers","CONRAD",""
"5074",105,"1997-01-03","Senate","ND",100,"CONRAD, Kent","C000705","1948-03-12",6,6,17829,48.8131416837782,"Boomers","CONRAD",""
"5075",106,"1999-01-03","Senate","ND",100,"CONRAD, Kent","C000705","1948-03-12",7,7,18559,50.8117727583847,"Boomers","CONRAD",""
"5076",107,"2001-01-03","Senate","ND",100,"CONRAD, Kent","C000705","1948-03-12",8,8,19290,52.8131416837782,"Boomers","CONRAD",""
"5077",108,"2003-01-03","Senate","ND",100,"CONRAD, Kent","C000705","1948-03-12",9,9,20020,54.8117727583847,"Boomers","CONRAD",""
"5078",109,"2005-01-03","Senate","ND",100,"CONRAD, Kent","C000705","1948-03-12",10,10,20751,56.8131416837782,"Boomers","CONRAD",""
"5079",110,"2007-01-03","Senate","ND",100,"CONRAD, Kent","C000705","1948-03-12",11,11,21481,58.8117727583847,"Boomers","CONRAD",""
"5080",111,"2009-01-03","Senate","ND",100,"CONRAD, Kent","C000705","1948-03-12",12,12,22212,60.8131416837782,"Boomers","CONRAD",""
"5081",112,"2011-01-03","Senate","ND",100,"CONRAD, Kent","C000705","1948-03-12",13,13,22942,62.8117727583847,"Boomers","CONRAD",""
"5126",90,"1967-01-03","Senate","KY",200,"COOK, Marlow Webster","C000721","1926-07-27",1,1,14770,40.4380561259411,"Greatest","COOK",""
"5127",91,"1969-01-03","Senate","KY",200,"COOK, Marlow Webster","C000721","1926-07-27",2,2,15501,42.4394250513347,"Greatest","COOK",""
"5128",92,"1971-01-03","Senate","KY",200,"COOK, Marlow Webster","C000721","1926-07-27",3,3,16231,44.4380561259411,"Greatest","COOK",""
"5129",93,"1973-01-03","Senate","KY",200,"COOK, Marlow Webster","C000721","1926-07-27",4,4,16962,46.4394250513347,"Greatest","COOK",""
"5158",72,"1931-03-04","Senate","MA",100,"COOLIDGE, Marcus Allen","C000740","1865-10-06",1,1,23889,65.4045174537988,"Missionary","COOLIDGE",""
"5159",73,"1933-03-04","Senate","MA",100,"COOLIDGE, Marcus Allen","C000740","1865-10-06",2,2,24620,67.4058863791923,"Missionary","COOLIDGE",""
"5160",74,"1935-01-03","Senate","MA",100,"COOLIDGE, Marcus Allen","C000740","1865-10-06",3,3,25290,69.2402464065708,"Missionary","COOLIDGE",""
"5208",79,"1945-01-03","Senate","KY",200,"COOPER, John Sherman","C000758","1901-08-23",1,1,15839,43.3648186173854,"Greatest","COOPER",""
"5209",80,"1947-01-03","Senate","KY",200,"COOPER, John Sherman","C000758","1901-08-23",2,2,16569,45.3634496919918,"Greatest","COOPER",""
"5210",82,"1951-01-03","Senate","KY",200,"COOPER, John Sherman","C000758","1901-08-23",3,3,18030,49.3634496919918,"Greatest","COOPER",""
"5211",83,"1953-01-03","Senate","KY",200,"COOPER, John Sherman","C000758","1901-08-23",4,4,18761,51.3648186173854,"Greatest","COOPER",""
"5212",84,"1955-01-03","Senate","KY",200,"COOPER, John Sherman","C000758","1901-08-23",5,5,19491,53.3634496919918,"Greatest","COOPER",""
"5213",85,"1957-01-03","Senate","KY",200,"COOPER, John Sherman","C000758","1901-08-23",6,6,20222,55.3648186173854,"Greatest","COOPER",""
"5214",86,"1959-01-03","Senate","KY",200,"COOPER, John Sherman","C000758","1901-08-23",7,7,20952,57.3634496919918,"Greatest","COOPER",""
"5215",87,"1961-01-03","Senate","KY",200,"COOPER, John Sherman","C000758","1901-08-23",8,8,21683,59.3648186173854,"Greatest","COOPER",""
"5216",88,"1963-01-03","Senate","KY",200,"COOPER, John Sherman","C000758","1901-08-23",9,9,22413,61.3634496919918,"Greatest","COOPER",""
"5217",89,"1965-01-03","Senate","KY",200,"COOPER, John Sherman","C000758","1901-08-23",10,10,23144,63.3648186173854,"Greatest","COOPER",""
"5218",90,"1967-01-03","Senate","KY",200,"COOPER, John Sherman","C000758","1901-08-23",11,11,23874,65.3634496919918,"Greatest","COOPER",""
"5219",91,"1969-01-03","Senate","KY",200,"COOPER, John Sherman","C000758","1901-08-23",12,12,24605,67.3648186173854,"Greatest","COOPER",""
"5220",92,"1971-01-03","Senate","KY",200,"COOPER, John Sherman","C000758","1901-08-23",13,13,25335,69.3634496919918,"Greatest","COOPER",""
"5223",68,"1923-03-04","Senate","NY",100,"COPELAND, Royal Samuel","C000769","1868-11-07",1,1,19839,54.3162217659138,"Missionary","COPELAND",""
"5224",69,"1925-03-04","Senate","NY",100,"COPELAND, Royal Samuel","C000769","1868-11-07",2,2,20570,56.3175906913073,"Missionary","COPELAND",""
"5225",70,"1927-03-04","Senate","NY",100,"COPELAND, Royal Samuel","C000769","1868-11-07",3,3,21300,58.3162217659138,"Missionary","COPELAND",""
"5226",71,"1929-03-04","Senate","NY",100,"COPELAND, Royal Samuel","C000769","1868-11-07",4,4,22031,60.3175906913073,"Missionary","COPELAND",""
"5227",72,"1931-03-04","Senate","NY",100,"COPELAND, Royal Samuel","C000769","1868-11-07",5,5,22761,62.3162217659138,"Missionary","COPELAND",""
"5228",73,"1933-03-04","Senate","NY",100,"COPELAND, Royal Samuel","C000769","1868-11-07",6,6,23492,64.3175906913073,"Missionary","COPELAND",""
"5229",74,"1935-01-03","Senate","NY",100,"COPELAND, Royal Samuel","C000769","1868-11-07",7,7,24162,66.1519507186858,"Missionary","COPELAND",""
"5230",75,"1937-01-03","Senate","NY",100,"COPELAND, Royal Samuel","C000769","1868-11-07",8,8,24893,68.1533196440794,"Missionary","COPELAND",""
"5252",78,"1943-01-03","Senate","OR",200,"CORDON, Guy","C000774","1890-04-24",1,1,19246,52.6926762491444,"Lost","CORDON",""
"5253",79,"1945-01-03","Senate","OR",200,"CORDON, Guy","C000774","1890-04-24",2,2,19977,54.694045174538,"Lost","CORDON",""
"5254",80,"1947-01-03","Senate","OR",200,"CORDON, Guy","C000774","1890-04-24",3,3,20707,56.6926762491444,"Lost","CORDON",""
"5255",81,"1949-01-03","Senate","OR",200,"CORDON, Guy","C000774","1890-04-24",4,4,21438,58.694045174538,"Lost","CORDON",""
"5256",82,"1951-01-03","Senate","OR",200,"CORDON, Guy","C000774","1890-04-24",5,5,22168,60.6926762491444,"Lost","CORDON",""
"5257",83,"1953-01-03","Senate","OR",200,"CORDON, Guy","C000774","1890-04-24",6,6,22899,62.694045174538,"Lost","CORDON",""
"5297",72,"1931-03-04","Senate","CO",100,"COSTIGAN, Edward Prentiss","C000797","1874-07-01",1,1,20699,56.6707734428474,"Missionary","COSTIGAN",""
"5298",73,"1933-03-04","Senate","CO",100,"COSTIGAN, Edward Prentiss","C000797","1874-07-01",2,2,21430,58.6721423682409,"Missionary","COSTIGAN",""
"5299",74,"1935-01-03","Senate","CO",100,"COSTIGAN, Edward Prentiss","C000797","1874-07-01",3,3,22100,60.5065023956194,"Missionary","COSTIGAN",""
"5310",84,"1955-01-03","Senate","NH",200,"COTTON, Norris H.","C000802","1900-05-11",5,1,19960,54.6475017111567,"Lost","COTTON",""
"5311",85,"1957-01-03","Senate","NH",200,"COTTON, Norris H.","C000802","1900-05-11",6,2,20691,56.6488706365503,"Lost","COTTON",""
"5312",86,"1959-01-03","Senate","NH",200,"COTTON, Norris H.","C000802","1900-05-11",7,3,21421,58.6475017111567,"Lost","COTTON",""
"5313",87,"1961-01-03","Senate","NH",200,"COTTON, Norris H.","C000802","1900-05-11",8,4,22152,60.6488706365503,"Lost","COTTON",""
"5314",88,"1963-01-03","Senate","NH",200,"COTTON, Norris H.","C000802","1900-05-11",9,5,22882,62.6475017111567,"Lost","COTTON",""
"5315",89,"1965-01-03","Senate","NH",200,"COTTON, Norris H.","C000802","1900-05-11",10,6,23613,64.6488706365503,"Lost","COTTON",""
"5316",90,"1967-01-03","Senate","NH",200,"COTTON, Norris H.","C000802","1900-05-11",11,7,24343,66.6475017111567,"Lost","COTTON",""
"5317",91,"1969-01-03","Senate","NH",200,"COTTON, Norris H.","C000802","1900-05-11",12,8,25074,68.6488706365503,"Lost","COTTON",""
"5318",92,"1971-01-03","Senate","NH",200,"COTTON, Norris H.","C000802","1900-05-11",13,9,25804,70.6475017111567,"Lost","COTTON",""
"5319",93,"1973-01-03","Senate","NH",200,"COTTON, Norris H.","C000802","1900-05-11",14,10,26535,72.6488706365503,"Lost","COTTON",""
"5320",94,"1975-01-03","Senate","NH",200,"COTTON, Norris H.","C000802","1900-05-11",15,11,27265,74.6475017111567,"Lost","COTTON",""
"5351",67,"1921-03-04","Senate","MI",200,"COUZENS, James","C000812","1872-08-26",1,1,17721,48.517453798768,"Missionary","COUZENS",""
"5352",68,"1923-03-04","Senate","MI",200,"COUZENS, James","C000812","1872-08-26",2,2,18451,50.5160848733744,"Missionary","COUZENS",""
"5353",69,"1925-03-04","Senate","MI",200,"COUZENS, James","C000812","1872-08-26",3,3,19182,52.517453798768,"Missionary","COUZENS",""
"5354",70,"1927-03-04","Senate","MI",200,"COUZENS, James","C000812","1872-08-26",4,4,19912,54.5160848733744,"Missionary","COUZENS",""
"5355",71,"1929-03-04","Senate","MI",200,"COUZENS, James","C000812","1872-08-26",5,5,20643,56.517453798768,"Missionary","COUZENS",""
"5356",72,"1931-03-04","Senate","MI",200,"COUZENS, James","C000812","1872-08-26",6,6,21373,58.5160848733744,"Missionary","COUZENS",""
"5357",73,"1933-03-04","Senate","MI",200,"COUZENS, James","C000812","1872-08-26",7,7,22104,60.517453798768,"Missionary","COUZENS",""
"5358",74,"1935-01-03","Senate","MI",200,"COUZENS, James","C000812","1872-08-26",8,8,22774,62.3518138261465,"Missionary","COUZENS",""
"5359",103,"1993-01-03","Senate","GA",200,"COVERDELL, Paul","C000813","1939-01-20",1,1,19707,53.9548254620123,"Silent","COVERDELL",""
"5360",104,"1995-01-03","Senate","GA",200,"COVERDELL, Paul","C000813","1939-01-20",2,2,20437,55.9534565366188,"Silent","COVERDELL",""
"5361",105,"1997-01-03","Senate","GA",200,"COVERDELL, Paul","C000813","1939-01-20",3,3,21168,57.9548254620123,"Silent","COVERDELL",""
"5362",106,"1999-01-03","Senate","GA",200,"COVERDELL, Paul","C000813","1939-01-20",4,4,21898,59.9534565366188,"Silent","COVERDELL",""
"5412",102,"1991-01-03","Senate","ID",200,"CRAIG, Larry Edwin","C000858","1945-07-20",6,1,16603,45.4565366187543,"Silent","CRAIG",""
"5413",103,"1993-01-03","Senate","ID",200,"CRAIG, Larry Edwin","C000858","1945-07-20",7,2,17334,47.4579055441478,"Silent","CRAIG",""
"5414",104,"1995-01-03","Senate","ID",200,"CRAIG, Larry Edwin","C000858","1945-07-20",8,3,18064,49.4565366187543,"Silent","CRAIG",""
"5415",105,"1997-01-03","Senate","ID",200,"CRAIG, Larry Edwin","C000858","1945-07-20",9,4,18795,51.4579055441478,"Silent","CRAIG",""
"5416",106,"1999-01-03","Senate","ID",200,"CRAIG, Larry Edwin","C000858","1945-07-20",10,5,19525,53.4565366187543,"Silent","CRAIG",""
"5417",107,"2001-01-03","Senate","ID",200,"CRAIG, Larry Edwin","C000858","1945-07-20",11,6,20256,55.4579055441478,"Silent","CRAIG",""
"5418",108,"2003-01-03","Senate","ID",200,"CRAIG, Larry Edwin","C000858","1945-07-20",12,7,20986,57.4565366187543,"Silent","CRAIG",""
"5419",109,"2005-01-03","Senate","ID",200,"CRAIG, Larry Edwin","C000858","1945-07-20",13,8,21717,59.4579055441478,"Silent","CRAIG",""
"5420",110,"2007-01-03","Senate","ID",200,"CRAIG, Larry Edwin","C000858","1945-07-20",14,9,22447,61.4565366187543,"Silent","CRAIG",""
"5469",91,"1969-01-03","Senate","CA",100,"CRANSTON, Alan","C000877","1914-06-19",1,1,19922,54.5434633812457,"Greatest","CRANSTON",""
"5470",92,"1971-01-03","Senate","CA",100,"CRANSTON, Alan","C000877","1914-06-19",2,2,20652,56.5420944558522,"Greatest","CRANSTON",""
"5471",93,"1973-01-03","Senate","CA",100,"CRANSTON, Alan","C000877","1914-06-19",3,3,21383,58.5434633812457,"Greatest","CRANSTON",""
"5472",94,"1975-01-03","Senate","CA",100,"CRANSTON, Alan","C000877","1914-06-19",4,4,22113,60.5420944558522,"Greatest","CRANSTON",""
"5473",95,"1977-01-03","Senate","CA",100,"CRANSTON, Alan","C000877","1914-06-19",5,5,22844,62.5434633812457,"Greatest","CRANSTON",""
"5474",96,"1979-01-03","Senate","CA",100,"CRANSTON, Alan","C000877","1914-06-19",6,6,23574,64.5420944558522,"Greatest","CRANSTON",""
"5475",97,"1981-01-03","Senate","CA",100,"CRANSTON, Alan","C000877","1914-06-19",7,7,24305,66.5434633812457,"Greatest","CRANSTON",""
"5476",98,"1983-01-03","Senate","CA",100,"CRANSTON, Alan","C000877","1914-06-19",8,8,25035,68.5420944558522,"Greatest","CRANSTON",""
"5477",99,"1985-01-03","Senate","CA",100,"CRANSTON, Alan","C000877","1914-06-19",9,9,25766,70.5434633812457,"Greatest","CRANSTON",""
"5478",100,"1987-01-03","Senate","CA",100,"CRANSTON, Alan","C000877","1914-06-19",10,10,26496,72.5420944558522,"Greatest","CRANSTON",""
"5479",101,"1989-01-03","Senate","CA",100,"CRANSTON, Alan","C000877","1914-06-19",11,11,27227,74.5434633812457,"Greatest","CRANSTON",""
"5480",102,"1991-01-03","Senate","CA",100,"CRANSTON, Alan","C000877","1914-06-19",12,12,27957,76.5420944558522,"Greatest","CRANSTON",""
"5484",106,"1999-01-03","Senate","ID",200,"CRAPO, Michael Dean","C000880","1951-05-20",4,1,17395,47.6249144421629,"Boomers","CRAPO",""
"5485",107,"2001-01-03","Senate","ID",200,"CRAPO, Michael Dean","C000880","1951-05-20",5,2,18126,49.6262833675565,"Boomers","CRAPO",""
"5486",108,"2003-01-03","Senate","ID",200,"CRAPO, Michael Dean","C000880","1951-05-20",6,3,18856,51.6249144421629,"Boomers","CRAPO",""
"5487",109,"2005-01-03","Senate","ID",200,"CRAPO, Michael Dean","C000880","1951-05-20",7,4,19587,53.6262833675565,"Boomers","CRAPO",""
"5488",110,"2007-01-03","Senate","ID",200,"CRAPO, Michael Dean","C000880","1951-05-20",8,5,20317,55.6249144421629,"Boomers","CRAPO",""
"5489",111,"2009-01-03","Senate","ID",200,"CRAPO, Michael Dean","C000880","1951-05-20",9,6,21048,57.6262833675565,"Boomers","CRAPO",""
"5490",112,"2011-01-03","Senate","ID",200,"CRAPO, Michael Dean","C000880","1951-05-20",10,7,21778,59.6249144421629,"Boomers","CRAPO",""
"5491",113,"2013-01-03","Senate","ID",200,"CRAPO, Michael Dean","C000880","1951-05-20",11,8,22509,61.6262833675565,"Boomers","CRAPO",""
"5492",114,"2015-01-03","Senate","ID",200,"CRAPO, Michael Dean","C000880","1951-05-20",12,9,23239,63.6249144421629,"Boomers","CRAPO",""
"5493",115,"2017-01-03","Senate","ID",200,"CRAPO, Michael Dean","C000880","1951-05-20",13,10,23970,65.6262833675565,"Boomers","CRAPO",""
"5494",116,"2019-01-03","Senate","ID",200,"CRAPO, Michael Dean","C000880","1951-05-20",14,11,24700,67.6249144421629,"Boomers","CRAPO",""
"5495",117,"2021-01-03","Senate","ID",200,"CRAPO, Michael Dean","C000880","1951-05-20",15,12,25431,69.6262833675565,"Boomers","CRAPO",""
"5496",118,"2023-01-03","Senate","ID",200,"CRAPO, Michael Dean","C000880","1951-05-20",16,13,26161,71.6249144421629,"Boomers","CRAPO",""
"5524",83,"1953-01-03","Senate","WY",200,"CRIPPA, Edward David","C000906","1899-04-08",1,1,19628,53.7385352498289,"Lost","CRIPPA",""
"5564",67,"1921-03-04","Senate","PA",200,"CROW, William Evans","C000938","1870-03-10",1,1,18621,50.9815195071869,"Missionary","CROW",""
"5597",66,"1919-03-04","Senate","TX",100,"CULBERSON, Charles Allen","C000963","1855-06-10",11,11,23277,63.7289527720739,"Progressive","CULBERSON",""
"5598",67,"1921-03-04","Senate","TX",100,"CULBERSON, Charles Allen","C000963","1855-06-10",12,12,24008,65.7303216974675,"Progressive","CULBERSON",""
"5626",94,"1975-01-03","Senate","IA",100,"CULVER, John Chester","C000979","1932-08-08",6,1,15488,42.403832991102,"Silent","CULVER",""
"5627",95,"1977-01-03","Senate","IA",100,"CULVER, John Chester","C000979","1932-08-08",7,2,16219,44.4052019164955,"Silent","CULVER",""
"5628",96,"1979-01-03","Senate","IA",100,"CULVER, John Chester","C000979","1932-08-08",8,3,16949,46.403832991102,"Silent","CULVER",""
"5647",66,"1919-03-04","Senate","IA",200,"CUMMINS, Albert Baird","C000988","1850-02-15",7,7,25218,69.0431211498973,"Progressive","CUMMINS",""
"5648",67,"1921-03-04","Senate","IA",200,"CUMMINS, Albert Baird","C000988","1850-02-15",8,8,25949,71.0444900752909,"Progressive","CUMMINS",""
"5649",68,"1923-03-04","Senate","IA",200,"CUMMINS, Albert Baird","C000988","1850-02-15",9,9,26679,73.0431211498973,"Progressive","CUMMINS",""
"5650",69,"1925-03-04","Senate","IA",200,"CUMMINS, Albert Baird","C000988","1850-02-15",10,10,27410,75.0444900752909,"Progressive","CUMMINS",""
"5703",84,"1955-01-03","Senate","NE",200,"CURTIS, Carl Thomas","C001006","1905-03-15",9,1,18191,49.8042436687201,"Greatest","CURTIS",""
"5704",85,"1957-01-03","Senate","NE",200,"CURTIS, Carl Thomas","C001006","1905-03-15",10,2,18922,51.8056125941136,"Greatest","CURTIS",""
"5705",86,"1959-01-03","Senate","NE",200,"CURTIS, Carl Thomas","C001006","1905-03-15",11,3,19652,53.8042436687201,"Greatest","CURTIS",""
"5706",87,"1961-01-03","Senate","NE",200,"CURTIS, Carl Thomas","C001006","1905-03-15",12,4,20383,55.8056125941136,"Greatest","CURTIS",""
"5707",88,"1963-01-03","Senate","NE",200,"CURTIS, Carl Thomas","C001006","1905-03-15",13,5,21113,57.80424366872,"Greatest","CURTIS",""
"5708",89,"1965-01-03","Senate","NE",200,"CURTIS, Carl Thomas","C001006","1905-03-15",14,6,21844,59.8056125941136,"Greatest","CURTIS",""
"5709",90,"1967-01-03","Senate","NE",200,"CURTIS, Carl Thomas","C001006","1905-03-15",15,7,22574,61.80424366872,"Greatest","CURTIS",""
"5710",91,"1969-01-03","Senate","NE",200,"CURTIS, Carl Thomas","C001006","1905-03-15",16,8,23305,63.8056125941136,"Greatest","CURTIS",""
"5711",92,"1971-01-03","Senate","NE",200,"CURTIS, Carl Thomas","C001006","1905-03-15",17,9,24035,65.80424366872,"Greatest","CURTIS",""
"5712",93,"1973-01-03","Senate","NE",200,"CURTIS, Carl Thomas","C001006","1905-03-15",18,10,24766,67.8056125941136,"Greatest","CURTIS",""
"5713",94,"1975-01-03","Senate","NE",200,"CURTIS, Carl Thomas","C001006","1905-03-15",19,11,25496,69.80424366872,"Greatest","CURTIS",""
"5714",95,"1977-01-03","Senate","NE",200,"CURTIS, Carl Thomas","C001006","1905-03-15",20,12,26227,71.8056125941136,"Greatest","CURTIS",""
"5715",66,"1919-03-04","Senate","KS",200,"CURTIS, Charles","C001008","1860-01-25",13,6,21587,59.1019849418207,"Missionary","CURTIS",""
"5716",67,"1921-03-04","Senate","KS",200,"CURTIS, Charles","C001008","1860-01-25",14,7,22318,61.1033538672142,"Missionary","CURTIS",""
"5717",68,"1923-03-04","Senate","KS",200,"CURTIS, Charles","C001008","1860-01-25",15,8,23048,63.1019849418207,"Missionary","CURTIS",""
"5718",69,"1925-03-04","Senate","KS",200,"CURTIS, Charles","C001008","1860-01-25",16,9,23779,65.1033538672142,"Missionary","CURTIS",""
"5719",70,"1927-03-04","Senate","KS",200,"CURTIS, Charles","C001008","1860-01-25",17,10,24509,67.1019849418207,"Missionary","CURTIS",""
"5734",70,"1927-03-04","Senate","NM",200,"CUTTING, Bronson Murray","C001028","1888-06-23",1,1,14132,38.6913073237509,"Lost","CUTTING",""
"5735",71,"1929-03-04","Senate","NM",200,"CUTTING, Bronson Murray","C001028","1888-06-23",2,2,14863,40.6926762491444,"Lost","CUTTING",""
"5736",72,"1931-03-04","Senate","NM",200,"CUTTING, Bronson Murray","C001028","1888-06-23",3,3,15593,42.6913073237509,"Lost","CUTTING",""
"5737",73,"1933-03-04","Senate","NM",200,"CUTTING, Bronson Murray","C001028","1888-06-23",4,4,16324,44.6926762491444,"Lost","CUTTING",""
"5738",74,"1935-01-03","Senate","NM",200,"CUTTING, Bronson Murray","C001028","1888-06-23",5,5,16994,46.5270362765229,"Lost","CUTTING",""
"5739",105,"1997-01-03","Senate","GA",100,"CLELAND, Joseph Maxwell (Max)","C001034","1942-08-24",1,1,19856,54.362765229295,"Silent","CLELAND",""
"5740",106,"1999-01-03","Senate","GA",100,"CLELAND, Joseph Maxwell (Max)","C001034","1942-08-24",2,2,20586,56.3613963039014,"Silent","CLELAND",""
"5741",107,"2001-01-03","Senate","GA",100,"CLELAND, Joseph Maxwell (Max)","C001034","1942-08-24",3,3,21317,58.362765229295,"Silent","CLELAND",""
"5742",105,"1997-01-03","Senate","ME",200,"COLLINS, Susan Margaret","C001035","1952-12-07",1,1,16098,44.0739219712526,"Boomers","COLLINS",""
"5743",106,"1999-01-03","Senate","ME",200,"COLLINS, Susan Margaret","C001035","1952-12-07",2,2,16828,46.072553045859,"Boomers","COLLINS",""
"5744",107,"2001-01-03","Senate","ME",200,"COLLINS, Susan Margaret","C001035","1952-12-07",3,3,17559,48.0739219712526,"Boomers","COLLINS",""
"5745",108,"2003-01-03","Senate","ME",200,"COLLINS, Susan Margaret","C001035","1952-12-07",4,4,18289,50.072553045859,"Boomers","COLLINS",""
"5746",109,"2005-01-03","Senate","ME",200,"COLLINS, Susan Margaret","C001035","1952-12-07",5,5,19020,52.0739219712526,"Boomers","COLLINS",""
"5747",110,"2007-01-03","Senate","ME",200,"COLLINS, Susan Margaret","C001035","1952-12-07",6,6,19750,54.072553045859,"Boomers","COLLINS",""
"5748",111,"2009-01-03","Senate","ME",200,"COLLINS, Susan Margaret","C001035","1952-12-07",7,7,20481,56.0739219712526,"Boomers","COLLINS",""
"5749",112,"2011-01-03","Senate","ME",200,"COLLINS, Susan Margaret","C001035","1952-12-07",8,8,21211,58.072553045859,"Boomers","COLLINS",""
"5750",113,"2013-01-03","Senate","ME",200,"COLLINS, Susan Margaret","C001035","1952-12-07",9,9,21942,60.0739219712526,"Boomers","COLLINS",""
"5751",114,"2015-01-03","Senate","ME",200,"COLLINS, Susan Margaret","C001035","1952-12-07",10,10,22672,62.072553045859,"Boomers","COLLINS",""
"5752",115,"2017-01-03","Senate","ME",200,"COLLINS, Susan Margaret","C001035","1952-12-07",11,11,23403,64.0739219712526,"Boomers","COLLINS",""
"5753",116,"2019-01-03","Senate","ME",200,"COLLINS, Susan Margaret","C001035","1952-12-07",12,12,24133,66.072553045859,"Boomers","COLLINS",""
"5754",117,"2021-01-03","Senate","ME",200,"COLLINS, Susan Margaret","C001035","1952-12-07",13,13,24864,68.0739219712526,"Boomers","COLLINS",""
"5755",118,"2023-01-03","Senate","ME",200,"COLLINS, Susan Margaret","C001035","1952-12-07",14,14,25594,70.072553045859,"Boomers","COLLINS",""
"5788",106,"1999-01-03","Senate","RI",200,"CHAFEE, Lincoln Davenport","C001040","1953-03-26",1,1,16719,45.7741273100616,"Boomers","CHAFEE",""
"5789",107,"2001-01-03","Senate","RI",200,"CHAFEE, Lincoln Davenport","C001040","1953-03-26",2,2,17450,47.7754962354552,"Boomers","CHAFEE",""
"5790",108,"2003-01-03","Senate","RI",200,"CHAFEE, Lincoln Davenport","C001040","1953-03-26",3,3,18180,49.7741273100616,"Boomers","CHAFEE",""
"5791",109,"2005-01-03","Senate","RI",200,"CHAFEE, Lincoln Davenport","C001040","1953-03-26",4,4,18911,51.7754962354552,"Boomers","CHAFEE",""
"5792",107,"2001-01-03","Senate","NY",100,"CLINTON, Hillary Rodham","C001041","1947-10-26",1,1,19428,53.1909650924025,"Boomers","CLINTON",""
"5793",108,"2003-01-03","Senate","NY",100,"CLINTON, Hillary Rodham","C001041","1947-10-26",2,2,20158,55.1895961670089,"Boomers","CLINTON",""
"5794",109,"2005-01-03","Senate","NY",100,"CLINTON, Hillary Rodham","C001041","1947-10-26",3,3,20889,57.1909650924025,"Boomers","CLINTON",""
"5795",110,"2007-01-03","Senate","NY",100,"CLINTON, Hillary Rodham","C001041","1947-10-26",4,4,21619,59.1895961670089,"Boomers","CLINTON",""
"5796",111,"2009-01-03","Senate","NY",100,"CLINTON, Hillary Rodham","C001041","1947-10-26",5,5,22350,61.1909650924025,"Boomers","CLINTON",""
"5797",107,"2001-01-03","Senate","NJ",100,"CORZINE, Jon Stevens","C001042","1947-01-01",1,1,19726,54.0068446269678,"Boomers","CORZINE",""
"5798",108,"2003-01-03","Senate","NJ",100,"CORZINE, Jon Stevens","C001042","1947-01-01",2,2,20456,56.0054757015743,"Boomers","CORZINE",""
"5799",109,"2005-01-03","Senate","NJ",100,"CORZINE, Jon Stevens","C001042","1947-01-01",3,3,21187,58.0068446269678,"Boomers","CORZINE",""
"5800",107,"2001-01-03","Senate","MO",100,"CARNAHAN, Jean","C001043","1933-12-20",1,1,24486,67.0390143737166,"Silent","CARNAHAN",""
"5825",114,"2015-01-03","Senate","WV",200,"CAPITO, Shelley Moore","C001047","1953-11-26",8,1,22318,61.1033538672142,"Boomers","CAPITO",""
"5826",115,"2017-01-03","Senate","WV",200,"CAPITO, Shelley Moore","C001047","1953-11-26",9,2,23049,63.1047227926078,"Boomers","CAPITO",""
"5827",116,"2019-01-03","Senate","WV",200,"CAPITO, Shelley Moore","C001047","1953-11-26",10,3,23779,65.1033538672142,"Boomers","CAPITO",""
"5828",117,"2021-01-03","Senate","WV",200,"CAPITO, Shelley Moore","C001047","1953-11-26",11,4,24510,67.1047227926078,"Boomers","CAPITO",""
"5829",118,"2023-01-03","Senate","WV",200,"CAPITO, Shelley Moore","C001047","1953-11-26",12,5,25240,69.1033538672142,"Boomers","CAPITO",""
"5886",107,"2001-01-03","Senate","TX",200,"CORNYN, John","C001056","1952-02-02",1,1,17868,48.9199178644764,"Boomers","CORNYN",""
"5887",108,"2003-01-03","Senate","TX",200,"CORNYN, John","C001056","1952-02-02",2,2,18598,50.9185489390828,"Boomers","CORNYN",""
"5888",109,"2005-01-03","Senate","TX",200,"CORNYN, John","C001056","1952-02-02",3,3,19329,52.9199178644764,"Boomers","CORNYN",""
"5889",110,"2007-01-03","Senate","TX",200,"CORNYN, John","C001056","1952-02-02",4,4,20059,54.9185489390828,"Boomers","CORNYN",""
"5890",111,"2009-01-03","Senate","TX",200,"CORNYN, John","C001056","1952-02-02",5,5,20790,56.9199178644764,"Boomers","CORNYN",""
"5891",112,"2011-01-03","Senate","TX",200,"CORNYN, John","C001056","1952-02-02",6,6,21520,58.9185489390828,"Boomers","CORNYN",""
"5892",113,"2013-01-03","Senate","TX",200,"CORNYN, John","C001056","1952-02-02",7,7,22251,60.9199178644764,"Boomers","CORNYN",""
"5893",114,"2015-01-03","Senate","TX",200,"CORNYN, John","C001056","1952-02-02",8,8,22981,62.9185489390828,"Boomers","CORNYN",""
"5894",115,"2017-01-03","Senate","TX",200,"CORNYN, John","C001056","1952-02-02",9,9,23712,64.9199178644764,"Boomers","CORNYN",""
"5895",116,"2019-01-03","Senate","TX",200,"CORNYN, John","C001056","1952-02-02",10,10,24442,66.9185489390828,"Boomers","CORNYN",""
"5896",117,"2021-01-03","Senate","TX",200,"CORNYN, John","C001056","1952-02-02",11,11,25173,68.9199178644764,"Boomers","CORNYN",""
"5897",118,"2023-01-03","Senate","TX",200,"CORNYN, John","C001056","1952-02-02",12,12,25903,70.9185489390828,"Boomers","CORNYN",""
"5898",108,"2003-01-03","Senate","MN",200,"COLEMAN, Norm","C001057","1949-08-17",1,1,19497,53.3798767967146,"Boomers","COLEMAN",""
"5899",109,"2005-01-03","Senate","MN",200,"COLEMAN, Norm","C001057","1949-08-17",2,2,20228,55.3812457221081,"Boomers","COLEMAN",""
"5900",110,"2007-01-03","Senate","MN",200,"COLEMAN, Norm","C001057","1949-08-17",3,3,20958,57.3798767967146,"Boomers","COLEMAN",""
"5991",110,"2007-01-03","Senate","PA",100,"CASEY, Robert (Bob), Jr.","C001070","1960-04-13",1,1,17066,46.7241615331964,"Boomers","CASEY",""
"5992",111,"2009-01-03","Senate","PA",100,"CASEY, Robert (Bob), Jr.","C001070","1960-04-13",2,2,17797,48.72553045859,"Boomers","CASEY",""
"5993",112,"2011-01-03","Senate","PA",100,"CASEY, Robert (Bob), Jr.","C001070","1960-04-13",3,3,18527,50.7241615331964,"Boomers","CASEY",""
"5994",113,"2013-01-03","Senate","PA",100,"CASEY, Robert (Bob), Jr.","C001070","1960-04-13",4,4,19258,52.72553045859,"Boomers","CASEY",""
"5995",114,"2015-01-03","Senate","PA",100,"CASEY, Robert (Bob), Jr.","C001070","1960-04-13",5,5,19988,54.7241615331964,"Boomers","CASEY",""
"5996",115,"2017-01-03","Senate","PA",100,"CASEY, Robert (Bob), Jr.","C001070","1960-04-13",6,6,20719,56.72553045859,"Boomers","CASEY",""
"5997",116,"2019-01-03","Senate","PA",100,"CASEY, Robert (Bob), Jr.","C001070","1960-04-13",7,7,21449,58.7241615331964,"Boomers","CASEY",""
"5998",117,"2021-01-03","Senate","PA",100,"CASEY, Robert (Bob), Jr.","C001070","1960-04-13",8,8,22180,60.72553045859,"Boomers","CASEY",""
"5999",118,"2023-01-03","Senate","PA",100,"CASEY, Robert (Bob), Jr.","C001070","1960-04-13",9,9,22910,62.7241615331964,"Boomers","CASEY",""
"6000",110,"2007-01-03","Senate","TN",200,"CORKER, Robert (Bob)","C001071","1952-08-24",1,1,19855,54.3600273785079,"Boomers","CORKER",""
"6001",111,"2009-01-03","Senate","TN",200,"CORKER, Robert (Bob)","C001071","1952-08-24",2,2,20586,56.3613963039014,"Boomers","CORKER",""
"6002",112,"2011-01-03","Senate","TN",200,"CORKER, Robert (Bob)","C001071","1952-08-24",3,3,21316,58.3600273785079,"Boomers","CORKER",""
"6003",113,"2013-01-03","Senate","TN",200,"CORKER, Robert (Bob)","C001071","1952-08-24",4,4,22047,60.3613963039014,"Boomers","CORKER",""
"6004",114,"2015-01-03","Senate","TN",200,"CORKER, Robert (Bob)","C001071","1952-08-24",5,5,22777,62.3600273785079,"Boomers","CORKER",""
"6005",115,"2017-01-03","Senate","TN",200,"CORKER, Robert (Bob)","C001071","1952-08-24",6,6,23508,64.3613963039014,"Boomers","CORKER",""
"6021",114,"2015-01-03","Senate","LA",200,"CASSIDY, Bill","C001075","1957-09-28",4,1,20916,57.264887063655,"Boomers","CASSIDY",""
"6022",115,"2017-01-03","Senate","LA",200,"CASSIDY, Bill","C001075","1957-09-28",5,2,21647,59.2662559890486,"Boomers","CASSIDY",""
"6023",116,"2019-01-03","Senate","LA",200,"CASSIDY, Bill","C001075","1957-09-28",6,3,22377,61.264887063655,"Boomers","CASSIDY",""
"6024",117,"2021-01-03","Senate","LA",200,"CASSIDY, Bill","C001075","1957-09-28",7,4,23108,63.2662559890486,"Boomers","CASSIDY",""
"6025",118,"2023-01-03","Senate","LA",200,"CASSIDY, Bill","C001075","1957-09-28",8,5,23838,65.264887063655,"Boomers","CASSIDY",""
"6075",111,"2009-01-03","Senate","DE",100,"COONS, Christopher A.","C001088","1963-09-09",1,1,16553,45.3196440793977,"Boomers","COONS",""
"6076",112,"2011-01-03","Senate","DE",100,"COONS, Christopher A.","C001088","1963-09-09",2,2,17283,47.3182751540041,"Boomers","COONS",""
"6077",113,"2013-01-03","Senate","DE",100,"COONS, Christopher A.","C001088","1963-09-09",3,3,18014,49.3196440793977,"Boomers","COONS",""
"6078",114,"2015-01-03","Senate","DE",100,"COONS, Christopher A.","C001088","1963-09-09",4,4,18744,51.3182751540041,"Boomers","COONS",""
"6079",115,"2017-01-03","Senate","DE",100,"COONS, Christopher A.","C001088","1963-09-09",5,5,19475,53.3196440793977,"Boomers","COONS",""
"6080",116,"2019-01-03","Senate","DE",100,"COONS, Christopher A.","C001088","1963-09-09",6,6,20205,55.3182751540041,"Boomers","COONS",""
"6081",117,"2021-01-03","Senate","DE",100,"COONS, Christopher A.","C001088","1963-09-09",7,7,20936,57.3196440793977,"Boomers","COONS",""
"6082",118,"2023-01-03","Senate","DE",100,"COONS, Christopher A.","C001088","1963-09-09",8,8,21666,59.3182751540041,"Boomers","COONS",""
"6109",114,"2015-01-03","Senate","AR",200,"COTTON, Tom","C001095","1977-05-13",2,1,13749,37.6427104722793,"Gen X","COTTON",""
"6110",115,"2017-01-03","Senate","AR",200,"COTTON, Tom","C001095","1977-05-13",3,2,14480,39.6440793976728,"Gen X","COTTON",""
"6111",116,"2019-01-03","Senate","AR",200,"COTTON, Tom","C001095","1977-05-13",4,3,15210,41.6427104722793,"Gen X","COTTON",""
"6112",117,"2021-01-03","Senate","AR",200,"COTTON, Tom","C001095","1977-05-13",5,4,15941,43.6440793976728,"Gen X","COTTON",""
"6113",118,"2023-01-03","Senate","AR",200,"COTTON, Tom","C001095","1977-05-13",6,5,16671,45.6427104722793,"Gen X","COTTON",""
"6117",116,"2019-01-03","Senate","ND",200,"CRAMER, Kevin","C001096","1961-01-21",4,1,21166,57.949349760438,"Boomers","CRAMER",""
"6118",117,"2021-01-03","Senate","ND",200,"CRAMER, Kevin","C001096","1961-01-21",5,2,21897,59.9507186858316,"Boomers","CRAMER",""
"6119",118,"2023-01-03","Senate","ND",200,"CRAMER, Kevin","C001096","1961-01-21",6,3,22627,61.949349760438,"Boomers","CRAMER",""
"6126",113,"2013-01-03","Senate","TX",200,"CRUZ, Rafael Edward (Ted)","C001098","1970-12-22",1,1,15353,42.0342231348392,"Gen X","CRUZ",""
"6127",114,"2015-01-03","Senate","TX",200,"CRUZ, Rafael Edward (Ted)","C001098","1970-12-22",2,2,16083,44.0328542094456,"Gen X","CRUZ",""
"6128",115,"2017-01-03","Senate","TX",200,"CRUZ, Rafael Edward (Ted)","C001098","1970-12-22",3,3,16814,46.0342231348392,"Gen X","CRUZ",""
"6129",116,"2019-01-03","Senate","TX",200,"CRUZ, Rafael Edward (Ted)","C001098","1970-12-22",4,4,17544,48.0328542094456,"Gen X","CRUZ",""
"6130",117,"2021-01-03","Senate","TX",200,"CRUZ, Rafael Edward (Ted)","C001098","1970-12-22",5,5,18275,50.0342231348392,"Gen X","CRUZ",""
"6131",118,"2023-01-03","Senate","TX",200,"CRUZ, Rafael Edward (Ted)","C001098","1970-12-22",6,6,19005,52.0328542094456,"Gen X","CRUZ",""
"6132",113,"2013-01-03","Senate","MA",100,"COWAN, William (Mo)","C001099","1969-04-04",1,1,15980,43.750855578371,"Gen X","COWAN",""
"6133",113,"2013-01-03","Senate","NJ",200,"CHIESA, Jeffrey Scott","C001100","1965-06-22",1,1,17362,47.5345653661875,"Gen X","CHIESA",""
"6173",115,"2017-01-03","Senate","NV",100,"CORTEZ MASTO, Catherine Marie","C001113","1964-03-29",1,1,19273,52.766598220397,"Boomers","CORTEZ MASTO",""
"6174",116,"2019-01-03","Senate","NV",100,"CORTEZ MASTO, Catherine Marie","C001113","1964-03-29",2,2,20003,54.7652292950034,"Boomers","CORTEZ MASTO",""
"6175",117,"2021-01-03","Senate","NV",100,"CORTEZ MASTO, Catherine Marie","C001113","1964-03-29",3,3,20734,56.766598220397,"Boomers","CORTEZ MASTO",""
"6176",118,"2023-01-03","Senate","NV",100,"CORTEZ MASTO, Catherine Marie","C001113","1964-03-29",4,4,21464,58.7652292950034,"Boomers","CORTEZ MASTO",""
"6243",69,"1925-03-04","Senate","VT",200,"DALE, Porter Hinman","D000009","1867-03-01",6,1,21187,58.0068446269678,"Missionary","DALE",""
"6244",70,"1927-03-04","Senate","VT",200,"DALE, Porter Hinman","D000009","1867-03-01",7,2,21917,60.0054757015743,"Missionary","DALE",""
"6245",71,"1929-03-04","Senate","VT",200,"DALE, Porter Hinman","D000009","1867-03-01",8,3,22648,62.0068446269678,"Missionary","DALE",""
"6246",72,"1931-03-04","Senate","VT",200,"DALE, Porter Hinman","D000009","1867-03-01",9,4,23378,64.0054757015743,"Missionary","DALE",""
"6247",73,"1933-03-04","Senate","VT",200,"DALE, Porter Hinman","D000009","1867-03-01",10,5,24109,66.0068446269678,"Missionary","DALE",""
"6263",97,"1981-01-03","Senate","NY",200,"D'AMATO, Alfonse Marcello","D000018","1937-08-01",1,1,15861,43.4250513347023,"Silent","D'AMATO",""
"6264",98,"1983-01-03","Senate","NY",200,"D'AMATO, Alfonse Marcello","D000018","1937-08-01",2,2,16591,45.4236824093087,"Silent","D'AMATO",""
"6265",99,"1985-01-03","Senate","NY",200,"D'AMATO, Alfonse Marcello","D000018","1937-08-01",3,3,17322,47.4250513347023,"Silent","D'AMATO",""
"6266",100,"1987-01-03","Senate","NY",200,"D'AMATO, Alfonse Marcello","D000018","1937-08-01",4,4,18052,49.4236824093087,"Silent","D'AMATO",""
"6267",101,"1989-01-03","Senate","NY",200,"D'AMATO, Alfonse Marcello","D000018","1937-08-01",5,5,18783,51.4250513347023,"Silent","D'AMATO",""
"6268",102,"1991-01-03","Senate","NY",200,"D'AMATO, Alfonse Marcello","D000018","1937-08-01",6,6,19513,53.4236824093087,"Silent","D'AMATO",""
"6269",103,"1993-01-03","Senate","NY",200,"D'AMATO, Alfonse Marcello","D000018","1937-08-01",7,7,20244,55.4250513347023,"Silent","D'AMATO",""
"6270",104,"1995-01-03","Senate","NY",200,"D'AMATO, Alfonse Marcello","D000018","1937-08-01",8,8,20974,57.4236824093087,"Silent","D'AMATO",""
"6271",105,"1997-01-03","Senate","NY",200,"D'AMATO, Alfonse Marcello","D000018","1937-08-01",9,9,21705,59.4250513347023,"Silent","D'AMATO",""
"6272",76,"1939-01-03","Senate","CT",200,"DANAHER, John Anthony","D000025","1899-01-09",1,1,14603,39.9808350444901,"Lost","DANAHER",""
"6273",77,"1941-01-03","Senate","CT",200,"DANAHER, John Anthony","D000025","1899-01-09",2,2,15334,41.9822039698836,"Lost","DANAHER",""
"6274",78,"1943-01-03","Senate","CT",200,"DANAHER, John Anthony","D000025","1899-01-09",3,3,16064,43.9808350444901,"Lost","DANAHER",""
"6275",94,"1975-01-03","Senate","MO",200,"DANFORTH, John Claggett","D000030","1936-09-05",1,1,13999,38.3271731690623,"Silent","DANFORTH",""
"6276",95,"1977-01-03","Senate","MO",200,"DANFORTH, John Claggett","D000030","1936-09-05",2,2,14730,40.3285420944559,"Silent","DANFORTH",""
"6277",96,"1979-01-03","Senate","MO",200,"DANFORTH, John Claggett","D000030","1936-09-05",3,3,15460,42.3271731690623,"Silent","DANFORTH",""
"6278",97,"1981-01-03","Senate","MO",200,"DANFORTH, John Claggett","D000030","1936-09-05",4,4,16191,44.3285420944559,"Silent","DANFORTH",""
"6279",98,"1983-01-03","Senate","MO",200,"DANFORTH, John Claggett","D000030","1936-09-05",5,5,16921,46.3271731690623,"Silent","DANFORTH",""
"6280",99,"1985-01-03","Senate","MO",200,"DANFORTH, John Claggett","D000030","1936-09-05",6,6,17652,48.3285420944559,"Silent","DANFORTH",""
"6281",100,"1987-01-03","Senate","MO",200,"DANFORTH, John Claggett","D000030","1936-09-05",7,7,18382,50.3271731690623,"Silent","DANFORTH",""
"6282",101,"1989-01-03","Senate","MO",200,"DANFORTH, John Claggett","D000030","1936-09-05",8,8,19113,52.3285420944559,"Silent","DANFORTH",""
"6283",102,"1991-01-03","Senate","MO",200,"DANFORTH, John Claggett","D000030","1936-09-05",9,9,19843,54.3271731690623,"Silent","DANFORTH",""
"6284",103,"1993-01-03","Senate","MO",200,"DANFORTH, John Claggett","D000030","1936-09-05",10,10,20574,56.3285420944559,"Silent","DANFORTH",""
"6285",83,"1953-01-03","Senate","SC",100,"DANIEL, Charles Ezra","D000031","1895-11-11",1,1,20872,57.1444216290212,"Lost","DANIEL",""
"6288",83,"1953-01-03","Senate","TX",100,"DANIEL, Marion Price","D000036","1910-10-10",1,1,15426,42.2340862422998,"Greatest","DANIEL",""
"6289",84,"1955-01-03","Senate","TX",100,"DANIEL, Marion Price","D000036","1910-10-10",2,2,16156,44.2327173169062,"Greatest","DANIEL",""
"6290",85,"1957-01-03","Senate","TX",100,"DANIEL, Marion Price","D000036","1910-10-10",3,3,16887,46.2340862422998,"Greatest","DANIEL",""
"6332",81,"1949-01-03","Senate","KS",200,"DARBY, Harry","D000048","1895-01-23",1,1,19703,53.9438740588638,"Lost","DARBY",""
"6357",100,"1987-01-03","Senate","SD",100,"DASCHLE, Thomas Andrew","D000064","1947-12-09",5,1,14270,39.0691307323751,"Boomers","DASCHLE",""
"6358",101,"1989-01-03","Senate","SD",100,"DASCHLE, Thomas Andrew","D000064","1947-12-09",6,2,15001,41.0704996577687,"Boomers","DASCHLE",""
"6359",102,"1991-01-03","Senate","SD",100,"DASCHLE, Thomas Andrew","D000064","1947-12-09",7,3,15731,43.0691307323751,"Boomers","DASCHLE",""
"6360",103,"1993-01-03","Senate","SD",100,"DASCHLE, Thomas Andrew","D000064","1947-12-09",8,4,16462,45.0704996577687,"Boomers","DASCHLE",""
"6361",104,"1995-01-03","Senate","SD",100,"DASCHLE, Thomas Andrew","D000064","1947-12-09",9,5,17192,47.0691307323751,"Boomers","DASCHLE",""
"6362",105,"1997-01-03","Senate","SD",100,"DASCHLE, Thomas Andrew","D000064","1947-12-09",10,6,17923,49.0704996577687,"Boomers","DASCHLE",""
"6363",106,"1999-01-03","Senate","SD",100,"DASCHLE, Thomas Andrew","D000064","1947-12-09",11,7,18653,51.0691307323751,"Boomers","DASCHLE",""
"6364",107,"2001-01-03","Senate","SD",100,"DASCHLE, Thomas Andrew","D000064","1947-12-09",12,8,19384,53.0704996577687,"Boomers","DASCHLE",""
"6365",108,"2003-01-03","Senate","SD",100,"DASCHLE, Thomas Andrew","D000064","1947-12-09",13,9,20114,55.0691307323751,"Boomers","DASCHLE",""
"6440",71,"1929-03-04","Senate","PA",200,"DAVIS, James John","D000111","1873-10-27",1,1,20216,55.3483915126626,"Missionary","DAVIS",""
"6441",72,"1931-03-04","Senate","PA",200,"DAVIS, James John","D000111","1873-10-27",2,2,20946,57.347022587269,"Missionary","DAVIS",""
"6442",73,"1933-03-04","Senate","PA",200,"DAVIS, James John","D000111","1873-10-27",3,3,21677,59.3483915126626,"Missionary","DAVIS",""
"6443",74,"1935-01-03","Senate","PA",200,"DAVIS, James John","D000111","1873-10-27",4,4,22347,61.1827515400411,"Missionary","DAVIS",""
"6444",75,"1937-01-03","Senate","PA",200,"DAVIS, James John","D000111","1873-10-27",5,5,23078,63.1841204654346,"Missionary","DAVIS",""
"6445",76,"1939-01-03","Senate","PA",200,"DAVIS, James John","D000111","1873-10-27",6,6,23808,65.1827515400411,"Missionary","DAVIS",""
"6446",77,"1941-01-03","Senate","PA",200,"DAVIS, James John","D000111","1873-10-27",7,7,24539,67.1841204654346,"Missionary","DAVIS",""
"6447",78,"1943-01-03","Senate","PA",200,"DAVIS, James John","D000111","1873-10-27",8,8,25269,69.1827515400411,"Missionary","DAVIS",""
"6522",95,"1977-01-03","Senate","AZ",100,"DeCONCINI, Dennis Webster","D000185","1937-05-08",1,1,14485,39.6577686516085,"Silent","DeCONCINI",""
"6523",96,"1979-01-03","Senate","AZ",100,"DeCONCINI, Dennis Webster","D000185","1937-05-08",2,2,15215,41.6563997262149,"Silent","DeCONCINI",""
"6524",97,"1981-01-03","Senate","AZ",100,"DeCONCINI, Dennis Webster","D000185","1937-05-08",3,3,15946,43.6577686516085,"Silent","DeCONCINI",""
"6525",98,"1983-01-03","Senate","AZ",100,"DeCONCINI, Dennis Webster","D000185","1937-05-08",4,4,16676,45.6563997262149,"Silent","DeCONCINI",""
"6526",99,"1985-01-03","Senate","AZ",100,"DeCONCINI, Dennis Webster","D000185","1937-05-08",5,5,17407,47.6577686516085,"Silent","DeCONCINI",""
"6527",100,"1987-01-03","Senate","AZ",100,"DeCONCINI, Dennis Webster","D000185","1937-05-08",6,6,18137,49.6563997262149,"Silent","DeCONCINI",""
"6528",101,"1989-01-03","Senate","AZ",100,"DeCONCINI, Dennis Webster","D000185","1937-05-08",7,7,18868,51.6577686516085,"Silent","DeCONCINI",""
"6529",102,"1991-01-03","Senate","AZ",100,"DeCONCINI, Dennis Webster","D000185","1937-05-08",8,8,19598,53.6563997262149,"Silent","DeCONCINI",""
"6530",103,"1993-01-03","Senate","AZ",100,"DeCONCINI, Dennis Webster","D000185","1937-05-08",9,9,20329,55.6577686516085,"Silent","DeCONCINI",""
"6680",68,"1923-03-04","Senate","IL",200,"DENEEN, Charles Samuel","D000233","1863-05-04",1,1,21853,59.8302532511978,"Missionary","DENEEN",""
"6681",69,"1925-03-04","Senate","IL",200,"DENEEN, Charles Samuel","D000233","1863-05-04",2,2,22584,61.8316221765914,"Missionary","DENEEN",""
"6682",70,"1927-03-04","Senate","IL",200,"DENEEN, Charles Samuel","D000233","1863-05-04",3,3,23314,63.8302532511978,"Missionary","DENEEN",""
"6683",71,"1929-03-04","Senate","IL",200,"DENEEN, Charles Samuel","D000233","1863-05-04",4,4,24045,65.8316221765914,"Missionary","DENEEN",""
"6711",96,"1979-01-03","Senate","AL",200,"DENTON, Jeremiah Andrew, Jr.","D000259","1924-07-15",1,1,19895,54.4695414099932,"Greatest","DENTON",""
"6712",97,"1981-01-03","Senate","AL",200,"DENTON, Jeremiah Andrew, Jr.","D000259","1924-07-15",2,2,20626,56.4709103353867,"Greatest","DENTON",""
"6713",98,"1983-01-03","Senate","AL",200,"DENTON, Jeremiah Andrew, Jr.","D000259","1924-07-15",3,3,21356,58.4695414099932,"Greatest","DENTON",""
"6714",99,"1985-01-03","Senate","AL",200,"DENTON, Jeremiah Andrew, Jr.","D000259","1924-07-15",4,4,22087,60.4709103353867,"Greatest","DENTON",""
"6795",104,"1995-01-03","Senate","OH",200,"DeWINE, Michael","D000294","1947-01-05",5,1,17530,47.9945242984257,"Boomers","DeWINE",""
"6796",105,"1997-01-03","Senate","OH",200,"DeWINE, Michael","D000294","1947-01-05",6,2,18261,49.9958932238193,"Boomers","DeWINE",""
"6797",106,"1999-01-03","Senate","OH",200,"DeWINE, Michael","D000294","1947-01-05",7,3,18991,51.9945242984257,"Boomers","DeWINE",""
"6798",107,"2001-01-03","Senate","OH",200,"DeWINE, Michael","D000294","1947-01-05",8,4,19722,53.9958932238193,"Boomers","DeWINE",""
"6799",108,"2003-01-03","Senate","OH",200,"DeWINE, Michael","D000294","1947-01-05",9,5,20452,55.9945242984257,"Boomers","DeWINE",""
"6800",109,"2005-01-03","Senate","OH",200,"DeWINE, Michael","D000294","1947-01-05",10,6,21183,57.9958932238193,"Boomers","DeWINE",""
"6801",66,"1919-03-04","Senate","SC",100,"DIAL, Nathaniel Barksdale","D000298","1862-04-24",1,1,20767,56.8569472963723,"Missionary","DIAL",""
"6802",67,"1921-03-04","Senate","SC",100,"DIAL, Nathaniel Barksdale","D000298","1862-04-24",2,2,21498,58.8583162217659,"Missionary","DIAL",""
"6803",68,"1923-03-04","Senate","SC",100,"DIAL, Nathaniel Barksdale","D000298","1862-04-24",3,3,22228,60.8569472963723,"Missionary","DIAL",""
"6829",72,"1931-03-04","Senate","IA",200,"DICKINSON, Lester Jesse","D000323","1873-10-29",7,1,20944,57.3415468856947,"Missionary","DICKINSON",""
"6830",73,"1933-03-04","Senate","IA",200,"DICKINSON, Lester Jesse","D000323","1873-10-29",8,2,21675,59.3429158110883,"Missionary","DICKINSON",""
"6831",74,"1935-01-03","Senate","IA",200,"DICKINSON, Lester Jesse","D000323","1873-10-29",9,3,22345,61.1772758384668,"Missionary","DICKINSON",""
"6887",73,"1933-03-04","Senate","IL",100,"DIETERICH, William Henry","D000339","1876-03-31",2,1,20791,56.9226557152635,"Missionary","DIETERICH",""
"6888",74,"1935-01-03","Senate","IL",100,"DIETERICH, William Henry","D000339","1876-03-31",3,2,21461,58.757015742642,"Missionary","DIETERICH",""
"6889",75,"1937-01-03","Senate","IL",100,"DIETERICH, William Henry","D000339","1876-03-31",4,3,22192,60.7583846680356,"Missionary","DIETERICH",""
"6904",68,"1923-03-04","Senate","WA",100,"DILL, Clarence Cleveland","D000345","1884-09-21",3,1,14042,38.444900752909,"Lost","DILL",""
"6905",69,"1925-03-04","Senate","WA",100,"DILL, Clarence Cleveland","D000345","1884-09-21",4,2,14773,40.4462696783025,"Lost","DILL",""
"6906",70,"1927-03-04","Senate","WA",100,"DILL, Clarence Cleveland","D000345","1884-09-21",5,3,15503,42.444900752909,"Lost","DILL",""
"6907",71,"1929-03-04","Senate","WA",100,"DILL, Clarence Cleveland","D000345","1884-09-21",6,4,16234,44.4462696783025,"Lost","DILL",""
"6908",72,"1931-03-04","Senate","WA",100,"DILL, Clarence Cleveland","D000345","1884-09-21",7,5,16964,46.444900752909,"Lost","DILL",""
"6909",73,"1933-03-04","Senate","WA",100,"DILL, Clarence Cleveland","D000345","1884-09-21",8,6,17695,48.4462696783025,"Lost","DILL",""
"6910",66,"1919-03-04","Senate","VT",200,"DILLINGHAM, William Paul","D000347","1843-12-12",11,11,27475,75.2224503764545,"Progressive","DILLINGHAM",""
"6911",67,"1921-03-04","Senate","VT",200,"DILLINGHAM, William Paul","D000347","1843-12-12",12,12,28206,77.223819301848,"Progressive","DILLINGHAM",""
"6912",68,"1923-03-04","Senate","VT",200,"DILLINGHAM, William Paul","D000347","1843-12-12",13,13,28936,79.2224503764545,"Progressive","DILLINGHAM",""
"6966",82,"1951-01-03","Senate","IL",200,"DIRKSEN, Everett McKinley","D000360","1896-01-04",9,1,20087,54.9952087611225,"Lost","DIRKSEN",""
"6967",83,"1953-01-03","Senate","IL",200,"DIRKSEN, Everett McKinley","D000360","1896-01-04",10,2,20818,56.9965776865161,"Lost","DIRKSEN",""
"6968",84,"1955-01-03","Senate","IL",200,"DIRKSEN, Everett McKinley","D000360","1896-01-04",11,3,21548,58.9952087611225,"Lost","DIRKSEN",""
"6969",85,"1957-01-03","Senate","IL",200,"DIRKSEN, Everett McKinley","D000360","1896-01-04",12,4,22279,60.9965776865161,"Lost","DIRKSEN",""
"6970",86,"1959-01-03","Senate","IL",200,"DIRKSEN, Everett McKinley","D000360","1896-01-04",13,5,23009,62.9952087611225,"Lost","DIRKSEN",""
"6971",87,"1961-01-03","Senate","IL",200,"DIRKSEN, Everett McKinley","D000360","1896-01-04",14,6,23740,64.9965776865161,"Lost","DIRKSEN",""
"6972",88,"1963-01-03","Senate","IL",200,"DIRKSEN, Everett McKinley","D000360","1896-01-04",15,7,24470,66.9952087611225,"Lost","DIRKSEN",""
"6973",89,"1965-01-03","Senate","IL",200,"DIRKSEN, Everett McKinley","D000360","1896-01-04",16,8,25201,68.9965776865161,"Lost","DIRKSEN",""
"6974",90,"1967-01-03","Senate","IL",200,"DIRKSEN, Everett McKinley","D000360","1896-01-04",17,9,25931,70.9952087611225,"Lost","DIRKSEN",""
"6975",91,"1969-01-03","Senate","IL",200,"DIRKSEN, Everett McKinley","D000360","1896-01-04",18,10,26662,72.9965776865161,"Lost","DIRKSEN",""
"6989",97,"1981-01-03","Senate","IL",100,"DIXON, Alan John","D000366","1927-07-07",1,1,19539,53.4948665297741,"Greatest","DIXON",""
"6990",98,"1983-01-03","Senate","IL",100,"DIXON, Alan John","D000366","1927-07-07",2,2,20269,55.4934976043806,"Greatest","DIXON",""
"6991",99,"1985-01-03","Senate","IL",100,"DIXON, Alan John","D000366","1927-07-07",3,3,21000,57.4948665297741,"Greatest","DIXON",""
"6992",100,"1987-01-03","Senate","IL",100,"DIXON, Alan John","D000366","1927-07-07",4,4,21730,59.4934976043806,"Greatest","DIXON",""
"6993",101,"1989-01-03","Senate","IL",100,"DIXON, Alan John","D000366","1927-07-07",5,5,22461,61.4948665297741,"Greatest","DIXON",""
"6994",102,"1991-01-03","Senate","IL",100,"DIXON, Alan John","D000366","1927-07-07",6,6,23191,63.4934976043806,"Greatest","DIXON",""
"7018",97,"1981-01-03","Senate","CT",100,"DODD, Christopher John","D000388","1944-05-27",4,1,13370,36.6050650239562,"Silent","DODD",""
"7019",98,"1983-01-03","Senate","CT",100,"DODD, Christopher John","D000388","1944-05-27",5,2,14100,38.6036960985626,"Silent","DODD",""
"7020",99,"1985-01-03","Senate","CT",100,"DODD, Christopher John","D000388","1944-05-27",6,3,14831,40.6050650239562,"Silent","DODD",""
"7021",100,"1987-01-03","Senate","CT",100,"DODD, Christopher John","D000388","1944-05-27",7,4,15561,42.6036960985626,"Silent","DODD",""
"7022",101,"1989-01-03","Senate","CT",100,"DODD, Christopher John","D000388","1944-05-27",8,5,16292,44.6050650239562,"Silent","DODD",""
"7023",102,"1991-01-03","Senate","CT",100,"DODD, Christopher John","D000388","1944-05-27",9,6,17022,46.6036960985626,"Silent","DODD",""
"7024",103,"1993-01-03","Senate","CT",100,"DODD, Christopher John","D000388","1944-05-27",10,7,17753,48.6050650239562,"Silent","DODD",""
"7025",104,"1995-01-03","Senate","CT",100,"DODD, Christopher John","D000388","1944-05-27",11,8,18483,50.6036960985626,"Silent","DODD",""
"7026",105,"1997-01-03","Senate","CT",100,"DODD, Christopher John","D000388","1944-05-27",12,9,19214,52.6050650239562,"Silent","DODD",""
"7027",106,"1999-01-03","Senate","CT",100,"DODD, Christopher John","D000388","1944-05-27",13,10,19944,54.6036960985626,"Silent","DODD",""
"7028",107,"2001-01-03","Senate","CT",100,"DODD, Christopher John","D000388","1944-05-27",14,11,20675,56.6050650239562,"Silent","DODD",""
"7029",108,"2003-01-03","Senate","CT",100,"DODD, Christopher John","D000388","1944-05-27",15,12,21405,58.6036960985626,"Silent","DODD",""
"7030",109,"2005-01-03","Senate","CT",100,"DODD, Christopher John","D000388","1944-05-27",16,13,22136,60.6050650239562,"Silent","DODD",""
"7031",110,"2007-01-03","Senate","CT",100,"DODD, Christopher John","D000388","1944-05-27",17,14,22866,62.6036960985626,"Silent","DODD",""
"7032",111,"2009-01-03","Senate","CT",100,"DODD, Christopher John","D000388","1944-05-27",18,15,23597,64.6050650239562,"Silent","DODD",""
"7035",86,"1959-01-03","Senate","CT",100,"DODD, Thomas Joseph","D000390","1907-05-15",3,1,18861,51.6386036960986,"Greatest","DODD",""
"7036",87,"1961-01-03","Senate","CT",100,"DODD, Thomas Joseph","D000390","1907-05-15",4,2,19592,53.6399726214921,"Greatest","DODD",""
"7037",88,"1963-01-03","Senate","CT",100,"DODD, Thomas Joseph","D000390","1907-05-15",5,3,20322,55.6386036960986,"Greatest","DODD",""
"7038",89,"1965-01-03","Senate","CT",100,"DODD, Thomas Joseph","D000390","1907-05-15",6,4,21053,57.6399726214921,"Greatest","DODD",""
"7039",90,"1967-01-03","Senate","CT",100,"DODD, Thomas Joseph","D000390","1907-05-15",7,5,21783,59.6386036960986,"Greatest","DODD",""
"7040",91,"1969-01-03","Senate","CT",100,"DODD, Thomas Joseph","D000390","1907-05-15",8,6,22514,61.6399726214921,"Greatest","DODD",""
"7060",91,"1969-01-03","Senate","KS",200,"DOLE, Robert Joseph","D000401","1923-07-22",5,1,16602,45.4537987679671,"Greatest","DOLE",""
"7061",92,"1971-01-03","Senate","KS",200,"DOLE, Robert Joseph","D000401","1923-07-22",6,2,17332,47.4524298425736,"Greatest","DOLE",""
"7062",93,"1973-01-03","Senate","KS",200,"DOLE, Robert Joseph","D000401","1923-07-22",7,3,18063,49.4537987679671,"Greatest","DOLE",""
"7063",94,"1975-01-03","Senate","KS",200,"DOLE, Robert Joseph","D000401","1923-07-22",8,4,18793,51.4524298425736,"Greatest","DOLE",""
"7064",95,"1977-01-03","Senate","KS",200,"DOLE, Robert Joseph","D000401","1923-07-22",9,5,19524,53.4537987679671,"Greatest","DOLE",""
"7065",96,"1979-01-03","Senate","KS",200,"DOLE, Robert Joseph","D000401","1923-07-22",10,6,20254,55.4524298425736,"Greatest","DOLE",""
"7066",97,"1981-01-03","Senate","KS",200,"DOLE, Robert Joseph","D000401","1923-07-22",11,7,20985,57.4537987679671,"Greatest","DOLE",""
"7067",98,"1983-01-03","Senate","KS",200,"DOLE, Robert Joseph","D000401","1923-07-22",12,8,21715,59.4524298425736,"Greatest","DOLE",""
"7068",99,"1985-01-03","Senate","KS",200,"DOLE, Robert Joseph","D000401","1923-07-22",13,9,22446,61.4537987679671,"Greatest","DOLE",""
"7069",100,"1987-01-03","Senate","KS",200,"DOLE, Robert Joseph","D000401","1923-07-22",14,10,23176,63.4524298425736,"Greatest","DOLE",""
"7070",101,"1989-01-03","Senate","KS",200,"DOLE, Robert Joseph","D000401","1923-07-22",15,11,23907,65.4537987679671,"Greatest","DOLE",""
"7071",102,"1991-01-03","Senate","KS",200,"DOLE, Robert Joseph","D000401","1923-07-22",16,12,24637,67.4524298425736,"Greatest","DOLE",""
"7072",103,"1993-01-03","Senate","KS",200,"DOLE, Robert Joseph","D000401","1923-07-22",17,13,25368,69.4537987679671,"Greatest","DOLE",""
"7073",104,"1995-01-03","Senate","KS",200,"DOLE, Robert Joseph","D000401","1923-07-22",18,14,26098,71.4524298425736,"Greatest","DOLE",""
"7090",93,"1973-01-03","Senate","NM",200,"DOMENICI, Pete Vichi","D000407","1932-05-07",1,1,14851,40.6598220396988,"Silent","DOMENICI",""
"7091",94,"1975-01-03","Senate","NM",200,"DOMENICI, Pete Vichi","D000407","1932-05-07",2,2,15581,42.6584531143053,"Silent","DOMENICI",""
"7092",95,"1977-01-03","Senate","NM",200,"DOMENICI, Pete Vichi","D000407","1932-05-07",3,3,16312,44.6598220396988,"Silent","DOMENICI",""
"7093",96,"1979-01-03","Senate","NM",200,"DOMENICI, Pete Vichi","D000407","1932-05-07",4,4,17042,46.6584531143053,"Silent","DOMENICI",""
"7094",97,"1981-01-03","Senate","NM",200,"DOMENICI, Pete Vichi","D000407","1932-05-07",5,5,17773,48.6598220396988,"Silent","DOMENICI",""
"7095",98,"1983-01-03","Senate","NM",200,"DOMENICI, Pete Vichi","D000407","1932-05-07",6,6,18503,50.6584531143053,"Silent","DOMENICI",""
"7096",99,"1985-01-03","Senate","NM",200,"DOMENICI, Pete Vichi","D000407","1932-05-07",7,7,19234,52.6598220396988,"Silent","DOMENICI",""
"7097",100,"1987-01-03","Senate","NM",200,"DOMENICI, Pete Vichi","D000407","1932-05-07",8,8,19964,54.6584531143053,"Silent","DOMENICI",""
"7098",101,"1989-01-03","Senate","NM",200,"DOMENICI, Pete Vichi","D000407","1932-05-07",9,9,20695,56.6598220396988,"Silent","DOMENICI",""
"7099",102,"1991-01-03","Senate","NM",200,"DOMENICI, Pete Vichi","D000407","1932-05-07",10,10,21425,58.6584531143053,"Silent","DOMENICI",""
"7100",103,"1993-01-03","Senate","NM",200,"DOMENICI, Pete Vichi","D000407","1932-05-07",11,11,22156,60.6598220396988,"Silent","DOMENICI",""
"7101",104,"1995-01-03","Senate","NM",200,"DOMENICI, Pete Vichi","D000407","1932-05-07",12,12,22886,62.6584531143053,"Silent","DOMENICI",""
"7102",105,"1997-01-03","Senate","NM",200,"DOMENICI, Pete Vichi","D000407","1932-05-07",13,13,23617,64.6598220396988,"Silent","DOMENICI",""
"7103",106,"1999-01-03","Senate","NM",200,"DOMENICI, Pete Vichi","D000407","1932-05-07",14,14,24347,66.6584531143053,"Silent","DOMENICI",""
"7104",107,"2001-01-03","Senate","NM",200,"DOMENICI, Pete Vichi","D000407","1932-05-07",15,15,25078,68.6598220396988,"Silent","DOMENICI",""
"7105",108,"2003-01-03","Senate","NM",200,"DOMENICI, Pete Vichi","D000407","1932-05-07",16,16,25808,70.6584531143053,"Silent","DOMENICI",""
"7106",109,"2005-01-03","Senate","NM",200,"DOMENICI, Pete Vichi","D000407","1932-05-07",17,17,26539,72.6598220396988,"Silent","DOMENICI",""
"7107",110,"2007-01-03","Senate","NM",200,"DOMENICI, Pete Vichi","D000407","1932-05-07",18,18,27269,74.6584531143053,"Silent","DOMENICI",""
"7116",88,"1963-01-03","Senate","CO",200,"DOMINICK, Peter Hoyt","D000409","1915-07-07",2,1,17347,47.4934976043806,"Greatest","DOMINICK",""
"7117",89,"1965-01-03","Senate","CO",200,"DOMINICK, Peter Hoyt","D000409","1915-07-07",3,2,18078,49.4948665297741,"Greatest","DOMINICK",""
"7118",90,"1967-01-03","Senate","CO",200,"DOMINICK, Peter Hoyt","D000409","1915-07-07",4,3,18808,51.4934976043806,"Greatest","DOMINICK",""
"7119",91,"1969-01-03","Senate","CO",200,"DOMINICK, Peter Hoyt","D000409","1915-07-07",5,4,19539,53.4948665297741,"Greatest","DOMINICK",""
"7120",92,"1971-01-03","Senate","CO",200,"DOMINICK, Peter Hoyt","D000409","1915-07-07",6,5,20269,55.4934976043806,"Greatest","DOMINICK",""
"7121",93,"1973-01-03","Senate","CO",200,"DOMINICK, Peter Hoyt","D000409","1915-07-07",7,6,21000,57.4948665297741,"Greatest","DOMINICK",""
"7122",74,"1935-01-03","Senate","OH",100,"DONAHEY, Alvin Victor","D000410","1873-07-07",1,1,22459,61.4893908281999,"Missionary","DONAHEY",""
"7123",75,"1937-01-03","Senate","OH",100,"DONAHEY, Alvin Victor","D000410","1873-07-07",2,2,23190,63.4907597535934,"Missionary","DONAHEY",""
"7124",76,"1939-01-03","Senate","OH",100,"DONAHEY, Alvin Victor","D000410","1873-07-07",3,3,23920,65.4893908281999,"Missionary","DONAHEY",""
"7137",79,"1945-01-03","Senate","MO",200,"DONNELL, Forrest C.","D000414","1884-08-20",1,1,22050,60.3696098562628,"Lost","DONNELL",""
"7138",80,"1947-01-03","Senate","MO",200,"DONNELL, Forrest C.","D000414","1884-08-20",2,2,22780,62.3682409308693,"Lost","DONNELL",""
"7139",81,"1949-01-03","Senate","MO",200,"DONNELL, Forrest C.","D000414","1884-08-20",3,3,23511,64.3696098562628,"Lost","DONNELL",""
"7192",103,"1993-01-03","Senate","ND",100,"DORGAN, Byron Leslie","D000432","1942-05-14",7,1,18497,50.6420260095825,"Silent","DORGAN",""
"7193",104,"1995-01-03","Senate","ND",100,"DORGAN, Byron Leslie","D000432","1942-05-14",8,2,19227,52.6406570841889,"Silent","DORGAN",""
"7194",105,"1997-01-03","Senate","ND",100,"DORGAN, Byron Leslie","D000432","1942-05-14",9,3,19958,54.6420260095825,"Silent","DORGAN",""
"7195",106,"1999-01-03","Senate","ND",100,"DORGAN, Byron Leslie","D000432","1942-05-14",10,4,20688,56.6406570841889,"Silent","DORGAN",""
"7196",107,"2001-01-03","Senate","ND",100,"DORGAN, Byron Leslie","D000432","1942-05-14",11,5,21419,58.6420260095825,"Silent","DORGAN",""
"7197",108,"2003-01-03","Senate","ND",100,"DORGAN, Byron Leslie","D000432","1942-05-14",12,6,22149,60.6406570841889,"Silent","DORGAN",""
"7198",109,"2005-01-03","Senate","ND",100,"DORGAN, Byron Leslie","D000432","1942-05-14",13,7,22880,62.6420260095825,"Silent","DORGAN",""
"7199",110,"2007-01-03","Senate","ND",100,"DORGAN, Byron Leslie","D000432","1942-05-14",14,8,23610,64.6406570841889,"Silent","DORGAN",""
"7200",111,"2009-01-03","Senate","ND",100,"DORGAN, Byron Leslie","D000432","1942-05-14",15,9,24341,66.6420260095825,"Silent","DORGAN",""
"7261",81,"1949-01-03","Senate","IL",100,"DOUGLAS, Paul Howard","D000456","1892-03-26",1,1,20736,56.7720739219713,"Lost","DOUGLAS",""
"7262",82,"1951-01-03","Senate","IL",100,"DOUGLAS, Paul Howard","D000456","1892-03-26",2,2,21466,58.7707049965777,"Lost","DOUGLAS",""
"7263",83,"1953-01-03","Senate","IL",100,"DOUGLAS, Paul Howard","D000456","1892-03-26",3,3,22197,60.7720739219713,"Lost","DOUGLAS",""
"7264",84,"1955-01-03","Senate","IL",100,"DOUGLAS, Paul Howard","D000456","1892-03-26",4,4,22927,62.7707049965777,"Lost","DOUGLAS",""
"7265",85,"1957-01-03","Senate","IL",100,"DOUGLAS, Paul Howard","D000456","1892-03-26",5,5,23658,64.7720739219713,"Lost","DOUGLAS",""
"7266",86,"1959-01-03","Senate","IL",100,"DOUGLAS, Paul Howard","D000456","1892-03-26",6,6,24388,66.7707049965777,"Lost","DOUGLAS",""
"7267",87,"1961-01-03","Senate","IL",100,"DOUGLAS, Paul Howard","D000456","1892-03-26",7,7,25119,68.7720739219713,"Lost","DOUGLAS",""
"7268",88,"1963-01-03","Senate","IL",100,"DOUGLAS, Paul Howard","D000456","1892-03-26",8,8,25849,70.7707049965777,"Lost","DOUGLAS",""
"7269",89,"1965-01-03","Senate","IL",100,"DOUGLAS, Paul Howard","D000456","1892-03-26",9,9,26580,72.7720739219713,"Lost","DOUGLAS",""
"7308",76,"1939-01-03","Senate","CA",100,"DOWNEY, Sheridan","D000469","1884-03-11",1,1,20020,54.8117727583847,"Lost","DOWNEY",""
"7309",77,"1941-01-03","Senate","CA",100,"DOWNEY, Sheridan","D000469","1884-03-11",2,2,20751,56.8131416837782,"Lost","DOWNEY",""
"7310",78,"1943-01-03","Senate","CA",100,"DOWNEY, Sheridan","D000469","1884-03-11",3,3,21481,58.8117727583847,"Lost","DOWNEY",""
"7311",79,"1945-01-03","Senate","CA",100,"DOWNEY, Sheridan","D000469","1884-03-11",4,4,22212,60.8131416837782,"Lost","DOWNEY",""
"7312",80,"1947-01-03","Senate","CA",100,"DOWNEY, Sheridan","D000469","1884-03-11",5,5,22942,62.8117727583847,"Lost","DOWNEY",""
"7313",81,"1949-01-03","Senate","CA",100,"DOWNEY, Sheridan","D000469","1884-03-11",6,6,23673,64.8131416837782,"Lost","DOWNEY",""
"7421",82,"1951-01-03","Senate","PA",200,"DUFF, James Henderson","D000516","1883-01-21",1,1,24818,67.9479808350445,"Lost","DUFF",""
"7422",83,"1953-01-03","Senate","PA",200,"DUFF, James Henderson","D000516","1883-01-21",2,2,25549,69.949349760438,"Lost","DUFF",""
"7423",84,"1955-01-03","Senate","PA",200,"DUFF, James Henderson","D000516","1883-01-21",3,3,26279,71.9479808350445,"Lost","DUFF",""
"7426",73,"1933-03-04","Senate","WI",100,"DUFFY, Francis Ryan","D000518","1888-06-23",1,1,16324,44.6926762491444,"Lost","DUFFY",""
"7427",74,"1935-01-03","Senate","WI",100,"DUFFY, Francis Ryan","D000518","1888-06-23",2,2,16994,46.5270362765229,"Lost","DUFFY",""
"7428",75,"1937-01-03","Senate","WI",100,"DUFFY, Francis Ryan","D000518","1888-06-23",3,3,17725,48.5284052019165,"Lost","DUFFY",""
"7430",81,"1949-01-03","Senate","NY",200,"DULLES, John Foster","D000522","1888-02-25",1,1,22227,60.8542094455852,"Lost","DULLES",""
"7498",67,"1921-03-04","Senate","DE",200,"du PONT, Thomas Coleman","D000560","1863-12-11",1,1,20902,57.2265571526352,"Missionary","du PONT",""
"7499",69,"1925-03-04","Senate","DE",200,"du PONT, Thomas Coleman","D000560","1863-12-11",2,2,22363,61.2265571526352,"Missionary","du PONT",""
"7500",70,"1927-03-04","Senate","DE",200,"du PONT, Thomas Coleman","D000560","1863-12-11",3,3,23093,63.2251882272416,"Missionary","du PONT",""
"7511",105,"1997-01-03","Senate","IL",100,"DURBIN, Richard Joseph","D000563","1944-11-21",8,1,19036,52.1177275838467,"Silent","DURBIN",""
"7512",106,"1999-01-03","Senate","IL",100,"DURBIN, Richard Joseph","D000563","1944-11-21",9,2,19766,54.1163586584531,"Silent","DURBIN",""
"7513",107,"2001-01-03","Senate","IL",100,"DURBIN, Richard Joseph","D000563","1944-11-21",10,3,20497,56.1177275838467,"Silent","DURBIN",""
"7514",108,"2003-01-03","Senate","IL",100,"DURBIN, Richard Joseph","D000563","1944-11-21",11,4,21227,58.1163586584531,"Silent","DURBIN",""
"7515",109,"2005-01-03","Senate","IL",100,"DURBIN, Richard Joseph","D000563","1944-11-21",12,5,21958,60.1177275838467,"Silent","DURBIN",""
"7516",110,"2007-01-03","Senate","IL",100,"DURBIN, Richard Joseph","D000563","1944-11-21",13,6,22688,62.1163586584531,"Silent","DURBIN",""
"7517",111,"2009-01-03","Senate","IL",100,"DURBIN, Richard Joseph","D000563","1944-11-21",14,7,23419,64.1177275838467,"Silent","DURBIN",""
"7518",112,"2011-01-03","Senate","IL",100,"DURBIN, Richard Joseph","D000563","1944-11-21",15,8,24149,66.1163586584531,"Silent","DURBIN",""
"7519",113,"2013-01-03","Senate","IL",100,"DURBIN, Richard Joseph","D000563","1944-11-21",16,9,24880,68.1177275838467,"Silent","DURBIN",""
"7520",114,"2015-01-03","Senate","IL",100,"DURBIN, Richard Joseph","D000563","1944-11-21",17,10,25610,70.1163586584531,"Silent","DURBIN",""
"7521",115,"2017-01-03","Senate","IL",100,"DURBIN, Richard Joseph","D000563","1944-11-21",18,11,26341,72.1177275838467,"Silent","DURBIN",""
"7522",116,"2019-01-03","Senate","IL",100,"DURBIN, Richard Joseph","D000563","1944-11-21",19,12,27071,74.1163586584531,"Silent","DURBIN",""
"7523",117,"2021-01-03","Senate","IL",100,"DURBIN, Richard Joseph","D000563","1944-11-21",20,13,27802,76.1177275838467,"Silent","DURBIN",""
"7524",118,"2023-01-03","Senate","IL",100,"DURBIN, Richard Joseph","D000563","1944-11-21",21,14,28532,78.1163586584531,"Silent","DURBIN",""
"7525",95,"1977-01-03","Senate","MN",200,"DURENBERGER, David Ferdinand","D000566","1934-08-19",1,1,15478,42.3764544832307,"Silent","DURENBERGER",""
"7526",96,"1979-01-03","Senate","MN",200,"DURENBERGER, David Ferdinand","D000566","1934-08-19",2,2,16208,44.3750855578371,"Silent","DURENBERGER",""
"7527",97,"1981-01-03","Senate","MN",200,"DURENBERGER, David Ferdinand","D000566","1934-08-19",3,3,16939,46.3764544832307,"Silent","DURENBERGER",""
"7528",98,"1983-01-03","Senate","MN",200,"DURENBERGER, David Ferdinand","D000566","1934-08-19",4,4,17669,48.3750855578371,"Silent","DURENBERGER",""
"7529",99,"1985-01-03","Senate","MN",200,"DURENBERGER, David Ferdinand","D000566","1934-08-19",5,5,18400,50.3764544832307,"Silent","DURENBERGER",""
"7530",100,"1987-01-03","Senate","MN",200,"DURENBERGER, David Ferdinand","D000566","1934-08-19",6,6,19130,52.3750855578371,"Silent","DURENBERGER",""
"7531",101,"1989-01-03","Senate","MN",200,"DURENBERGER, David Ferdinand","D000566","1934-08-19",7,7,19861,54.3764544832307,"Silent","DURENBERGER",""
"7532",102,"1991-01-03","Senate","MN",200,"DURENBERGER, David Ferdinand","D000566","1934-08-19",8,8,20591,56.3750855578371,"Silent","DURENBERGER",""
"7533",103,"1993-01-03","Senate","MN",200,"DURENBERGER, David Ferdinand","D000566","1934-08-19",9,9,21322,58.3764544832307,"Silent","DURENBERGER",""
"7546",94,"1975-01-03","Senate","NH",100,"DURKIN, John Anthony","D000574","1936-03-29",1,1,14159,38.7652292950034,"Silent","DURKIN",""
"7547",95,"1977-01-03","Senate","NH",100,"DURKIN, John Anthony","D000574","1936-03-29",2,2,14890,40.766598220397,"Silent","DURKIN",""
"7548",96,"1979-01-03","Senate","NH",100,"DURKIN, John Anthony","D000574","1936-03-29",3,3,15620,42.7652292950034,"Silent","DURKIN",""
"7554",80,"1947-01-03","Senate","ID",200,"DWORSHAK, Henry Clarence","D000585","1894-08-29",5,1,19119,52.3449691991786,"Lost","DWORSHAK",""
"7555",81,"1949-01-03","Senate","ID",200,"DWORSHAK, Henry Clarence","D000585","1894-08-29",6,2,19850,54.3463381245722,"Lost","DWORSHAK",""
"7556",82,"1951-01-03","Senate","ID",200,"DWORSHAK, Henry Clarence","D000585","1894-08-29",7,3,20580,56.3449691991786,"Lost","DWORSHAK",""
"7557",83,"1953-01-03","Senate","ID",200,"DWORSHAK, Henry Clarence","D000585","1894-08-29",8,4,21311,58.3463381245722,"Lost","DWORSHAK",""
"7558",84,"1955-01-03","Senate","ID",200,"DWORSHAK, Henry Clarence","D000585","1894-08-29",9,5,22041,60.3449691991786,"Lost","DWORSHAK",""
"7559",85,"1957-01-03","Senate","ID",200,"DWORSHAK, Henry Clarence","D000585","1894-08-29",10,6,22772,62.3463381245722,"Lost","DWORSHAK",""
"7560",86,"1959-01-03","Senate","ID",200,"DWORSHAK, Henry Clarence","D000585","1894-08-29",11,7,23502,64.3449691991786,"Lost","DWORSHAK",""
"7561",87,"1961-01-03","Senate","ID",200,"DWORSHAK, Henry Clarence","D000585","1894-08-29",12,8,24233,66.3463381245722,"Lost","DWORSHAK",""
"7599",109,"2005-01-03","Senate","SC",200,"DeMINT, James W.","D000595","1951-09-02",4,1,19482,53.3388090349076,"Boomers","DeMINT",""
"7600",110,"2007-01-03","Senate","SC",200,"DeMINT, James W.","D000595","1951-09-02",5,2,20212,55.337440109514,"Boomers","DeMINT",""
"7601",111,"2009-01-03","Senate","SC",200,"DeMINT, James W.","D000595","1951-09-02",6,3,20943,57.3388090349076,"Boomers","DeMINT",""
"7602",112,"2011-01-03","Senate","SC",200,"DeMINT, James W.","D000595","1951-09-02",7,4,21673,59.337440109514,"Boomers","DeMINT",""
"7603",107,"2001-01-03","Senate","MN",100,"DAYTON, Mark","D000596","1947-01-26",1,1,19701,53.9383983572895,"Boomers","DAYTON",""
"7604",108,"2003-01-03","Senate","MN",100,"DAYTON, Mark","D000596","1947-01-26",2,2,20431,55.937029431896,"Boomers","DAYTON",""
"7605",109,"2005-01-03","Senate","MN",100,"DAYTON, Mark","D000596","1947-01-26",3,3,21162,57.9383983572895,"Boomers","DAYTON",""
"7635",108,"2003-01-03","Senate","NC",200,"DOLE, Elizabeth Hanford","D000601","1936-07-29",1,1,24264,66.4312114989733,"Silent","DOLE",""
"7636",109,"2005-01-03","Senate","NC",200,"DOLE, Elizabeth Hanford","D000601","1936-07-29",2,2,24995,68.4325804243669,"Silent","DOLE",""
"7637",110,"2007-01-03","Senate","NC",200,"DOLE, Elizabeth Hanford","D000601","1936-07-29",3,3,25725,70.4312114989733,"Silent","DOLE",""
"7659",113,"2013-01-03","Senate","IN",100,"DONNELLY, Joe","D000607","1955-09-29",4,1,20916,57.264887063655,"Boomers","DONNELLY",""
"7660",114,"2015-01-03","Senate","IN",100,"DONNELLY, Joe","D000607","1955-09-29",5,2,21646,59.2635181382615,"Boomers","DONNELLY",""
"7661",115,"2017-01-03","Senate","IN",100,"DONNELLY, Joe","D000607","1955-09-29",6,3,22377,61.264887063655,"Boomers","DONNELLY",""
"7705",114,"2015-01-03","Senate","MT",200,"DAINES, Steve","D000618","1962-08-20",2,1,19129,52.37234770705,"Boomers","DAINES",""
"7706",115,"2017-01-03","Senate","MT",200,"DAINES, Steve","D000618","1962-08-20",3,2,19860,54.3737166324435,"Boomers","DAINES",""
"7707",116,"2019-01-03","Senate","MT",200,"DAINES, Steve","D000618","1962-08-20",4,3,20590,56.37234770705,"Boomers","DAINES",""
"7708",117,"2021-01-03","Senate","MT",200,"DAINES, Steve","D000618","1962-08-20",5,4,21321,58.3737166324435,"Boomers","DAINES",""
"7709",118,"2023-01-03","Senate","MT",200,"DAINES, Steve","D000618","1962-08-20",6,5,22051,60.37234770705,"Boomers","DAINES",""
"7723",115,"2017-01-03","Senate","IL",100,"DUCKWORTH, Tammy","D000622","1968-03-12",3,1,17829,48.8131416837782,"Gen X","DUCKWORTH",""
"7724",116,"2019-01-03","Senate","IL",100,"DUCKWORTH, Tammy","D000622","1968-03-12",4,2,18559,50.8117727583847,"Gen X","DUCKWORTH",""
"7725",117,"2021-01-03","Senate","IL",100,"DUCKWORTH, Tammy","D000622","1968-03-12",5,3,19290,52.8131416837782,"Gen X","DUCKWORTH",""
"7726",118,"2023-01-03","Senate","IL",100,"DUCKWORTH, Tammy","D000622","1968-03-12",6,4,20020,54.8117727583847,"Gen X","DUCKWORTH",""
"7767",90,"1967-01-03","Senate","MO",100,"EAGLETON, Thomas Francis","E000004","1929-09-04",1,1,13635,37.3305954825462,"Silent","EAGLETON",""
"7768",91,"1969-01-03","Senate","MO",100,"EAGLETON, Thomas Francis","E000004","1929-09-04",2,2,14366,39.3319644079398,"Silent","EAGLETON",""
"7769",92,"1971-01-03","Senate","MO",100,"EAGLETON, Thomas Francis","E000004","1929-09-04",3,3,15096,41.3305954825462,"Silent","EAGLETON",""
"7770",93,"1973-01-03","Senate","MO",100,"EAGLETON, Thomas Francis","E000004","1929-09-04",4,4,15827,43.3319644079398,"Silent","EAGLETON",""
"7771",94,"1975-01-03","Senate","MO",100,"EAGLETON, Thomas Francis","E000004","1929-09-04",5,5,16557,45.3305954825462,"Silent","EAGLETON",""
"7772",95,"1977-01-03","Senate","MO",100,"EAGLETON, Thomas Francis","E000004","1929-09-04",6,6,17288,47.3319644079398,"Silent","EAGLETON",""
"7773",96,"1979-01-03","Senate","MO",100,"EAGLETON, Thomas Francis","E000004","1929-09-04",7,7,18018,49.3305954825462,"Silent","EAGLETON",""
"7774",97,"1981-01-03","Senate","MO",100,"EAGLETON, Thomas Francis","E000004","1929-09-04",8,8,18749,51.3319644079398,"Silent","EAGLETON",""
"7775",98,"1983-01-03","Senate","MO",100,"EAGLETON, Thomas Francis","E000004","1929-09-04",9,9,19479,53.3305954825462,"Silent","EAGLETON",""
"7776",99,"1985-01-03","Senate","MO",100,"EAGLETON, Thomas Francis","E000004","1929-09-04",10,10,20210,55.3319644079398,"Silent","EAGLETON",""
"7788",97,"1981-01-03","Senate","NC",200,"EAST, John Porter","E000017","1931-05-05",1,1,18141,49.6673511293634,"Silent","EAST",""
"7789",98,"1983-01-03","Senate","NC",200,"EAST, John Porter","E000017","1931-05-05",2,2,18871,51.6659822039699,"Silent","EAST",""
"7790",99,"1985-01-03","Senate","NC",200,"EAST, John Porter","E000017","1931-05-05",3,3,19602,53.6673511293634,"Silent","EAST",""
"7791",77,"1941-01-03","Senate","MS",100,"EASTLAND, James Oliver","E000018","1904-11-28",1,1,13185,36.0985626283368,"Greatest","EASTLAND",""
"7792",78,"1943-01-03","Senate","MS",100,"EASTLAND, James Oliver","E000018","1904-11-28",2,2,13915,38.0971937029432,"Greatest","EASTLAND",""
"7793",79,"1945-01-03","Senate","MS",100,"EASTLAND, James Oliver","E000018","1904-11-28",3,3,14646,40.0985626283368,"Greatest","EASTLAND",""
"7794",80,"1947-01-03","Senate","MS",100,"EASTLAND, James Oliver","E000018","1904-11-28",4,4,15376,42.0971937029432,"Greatest","EASTLAND",""
"7795",81,"1949-01-03","Senate","MS",100,"EASTLAND, James Oliver","E000018","1904-11-28",5,5,16107,44.0985626283368,"Greatest","EASTLAND",""
"7796",82,"1951-01-03","Senate","MS",100,"EASTLAND, James Oliver","E000018","1904-11-28",6,6,16837,46.0971937029432,"Greatest","EASTLAND",""
"7797",83,"1953-01-03","Senate","MS",100,"EASTLAND, James Oliver","E000018","1904-11-28",7,7,17568,48.0985626283368,"Greatest","EASTLAND",""
"7798",84,"1955-01-03","Senate","MS",100,"EASTLAND, James Oliver","E000018","1904-11-28",8,8,18298,50.0971937029432,"Greatest","EASTLAND",""
"7799",85,"1957-01-03","Senate","MS",100,"EASTLAND, James Oliver","E000018","1904-11-28",9,9,19029,52.0985626283368,"Greatest","EASTLAND",""
"7800",86,"1959-01-03","Senate","MS",100,"EASTLAND, James Oliver","E000018","1904-11-28",10,10,19759,54.0971937029432,"Greatest","EASTLAND",""
"7801",87,"1961-01-03","Senate","MS",100,"EASTLAND, James Oliver","E000018","1904-11-28",11,11,20490,56.0985626283368,"Greatest","EASTLAND",""
"7802",88,"1963-01-03","Senate","MS",100,"EASTLAND, James Oliver","E000018","1904-11-28",12,12,21220,58.0971937029432,"Greatest","EASTLAND",""
"7803",89,"1965-01-03","Senate","MS",100,"EASTLAND, James Oliver","E000018","1904-11-28",13,13,21951,60.0985626283368,"Greatest","EASTLAND",""
"7804",90,"1967-01-03","Senate","MS",100,"EASTLAND, James Oliver","E000018","1904-11-28",14,14,22681,62.0971937029432,"Greatest","EASTLAND",""
"7805",91,"1969-01-03","Senate","MS",100,"EASTLAND, James Oliver","E000018","1904-11-28",15,15,23412,64.0985626283368,"Greatest","EASTLAND",""
"7806",92,"1971-01-03","Senate","MS",100,"EASTLAND, James Oliver","E000018","1904-11-28",16,16,24142,66.0971937029432,"Greatest","EASTLAND",""
"7807",93,"1973-01-03","Senate","MS",100,"EASTLAND, James Oliver","E000018","1904-11-28",17,17,24873,68.0985626283368,"Greatest","EASTLAND",""
"7808",94,"1975-01-03","Senate","MS",100,"EASTLAND, James Oliver","E000018","1904-11-28",18,18,25603,70.0971937029432,"Greatest","EASTLAND",""
"7809",95,"1977-01-03","Senate","MS",100,"EASTLAND, James Oliver","E000018","1904-11-28",19,19,26334,72.0985626283368,"Greatest","EASTLAND",""
"7856",80,"1947-01-03","Senate","MT",200,"ECTON, Zales Nelson","E000037","1898-04-01",1,1,17808,48.7556468172485,"Lost","ECTON",""
"7857",81,"1949-01-03","Senate","MT",200,"ECTON, Zales Nelson","E000037","1898-04-01",2,2,18539,50.757015742642,"Lost","ECTON",""
"7858",82,"1951-01-03","Senate","MT",200,"ECTON, Zales Nelson","E000037","1898-04-01",3,3,19269,52.7556468172485,"Lost","ECTON",""
"7867",66,"1919-03-04","Senate","NJ",200,"EDGE, Walter Evans","E000044","1873-11-20",1,1,16539,45.2813141683778,"Missionary","EDGE",""
"7868",67,"1921-03-04","Senate","NJ",200,"EDGE, Walter Evans","E000044","1873-11-20",2,2,17270,47.2826830937714,"Missionary","EDGE",""
"7869",68,"1923-03-04","Senate","NJ",200,"EDGE, Walter Evans","E000044","1873-11-20",3,3,18000,49.2813141683778,"Missionary","EDGE",""
"7870",69,"1925-03-04","Senate","NJ",200,"EDGE, Walter Evans","E000044","1873-11-20",4,4,18731,51.2826830937714,"Missionary","EDGE",""
"7871",70,"1927-03-04","Senate","NJ",200,"EDGE, Walter Evans","E000044","1873-11-20",5,5,19461,53.2813141683778,"Missionary","EDGE",""
"7872",71,"1929-03-04","Senate","NJ",200,"EDGE, Walter Evans","E000044","1873-11-20",6,6,20192,55.2826830937714,"Missionary","EDGE",""
"7892",88,"1963-01-03","Senate","OK",100,"EDMONDSON, James Howard","E000055","1925-09-27",1,1,13612,37.2676249144422,"Greatest","EDMONDSON",""
"7923",68,"1923-03-04","Senate","NJ",100,"EDWARDS, Edward Irving","E000066","1863-12-01",1,1,21642,59.2525667351129,"Missionary","EDWARDS",""
"7924",69,"1925-03-04","Senate","NJ",100,"EDWARDS, Edward Irving","E000066","1863-12-01",2,2,22373,61.2539356605065,"Missionary","EDWARDS",""
"7925",70,"1927-03-04","Senate","NJ",100,"EDWARDS, Edward Irving","E000066","1863-12-01",3,3,23103,63.2525667351129,"Missionary","EDWARDS",""
"7930",92,"1971-01-03","Senate","LA",100,"EDWARDS, Elaine Schwartzenburg","E000068","1929-03-08",1,1,15276,41.82340862423,"Silent","EDWARDS",""
"7975",66,"1919-03-04","Senate","WV",200,"ELKINS, Davis","E000109","1876-01-24",2,2,15744,43.1047227926078,"Missionary","ELKINS",""
"7976",67,"1921-03-04","Senate","WV",200,"ELKINS, Davis","E000109","1876-01-24",3,3,16475,45.1060917180014,"Missionary","ELKINS",""
"7977",68,"1923-03-04","Senate","WV",200,"ELKINS, Davis","E000109","1876-01-24",4,4,17205,47.1047227926078,"Missionary","ELKINS",""
"7981",75,"1937-01-03","Senate","LA",100,"ELLENDER, Allen Joseph","E000112","1890-09-24",1,1,16902,46.2751540041068,"Lost","ELLENDER",""
"7982",76,"1939-01-03","Senate","LA",100,"ELLENDER, Allen Joseph","E000112","1890-09-24",2,2,17632,48.2737850787132,"Lost","ELLENDER",""
"7983",77,"1941-01-03","Senate","LA",100,"ELLENDER, Allen Joseph","E000112","1890-09-24",3,3,18363,50.2751540041068,"Lost","ELLENDER",""
"7984",78,"1943-01-03","Senate","LA",100,"ELLENDER, Allen Joseph","E000112","1890-09-24",4,4,19093,52.2737850787132,"Lost","ELLENDER",""
"7985",79,"1945-01-03","Senate","LA",100,"ELLENDER, Allen Joseph","E000112","1890-09-24",5,5,19824,54.2751540041068,"Lost","ELLENDER",""
"7986",80,"1947-01-03","Senate","LA",100,"ELLENDER, Allen Joseph","E000112","1890-09-24",6,6,20554,56.2737850787132,"Lost","ELLENDER",""
"7987",81,"1949-01-03","Senate","LA",100,"ELLENDER, Allen Joseph","E000112","1890-09-24",7,7,21285,58.2751540041068,"Lost","ELLENDER",""
"7988",82,"1951-01-03","Senate","LA",100,"ELLENDER, Allen Joseph","E000112","1890-09-24",8,8,22015,60.2737850787132,"Lost","ELLENDER",""
"7989",83,"1953-01-03","Senate","LA",100,"ELLENDER, Allen Joseph","E000112","1890-09-24",9,9,22746,62.2751540041068,"Lost","ELLENDER",""
"7990",84,"1955-01-03","Senate","LA",100,"ELLENDER, Allen Joseph","E000112","1890-09-24",10,10,23476,64.2737850787132,"Lost","ELLENDER",""
"7991",85,"1957-01-03","Senate","LA",100,"ELLENDER, Allen Joseph","E000112","1890-09-24",11,11,24207,66.2751540041068,"Lost","ELLENDER",""
"7992",86,"1959-01-03","Senate","LA",100,"ELLENDER, Allen Joseph","E000112","1890-09-24",12,12,24937,68.2737850787132,"Lost","ELLENDER",""
"7993",87,"1961-01-03","Senate","LA",100,"ELLENDER, Allen Joseph","E000112","1890-09-24",13,13,25668,70.2751540041068,"Lost","ELLENDER",""
"7994",88,"1963-01-03","Senate","LA",100,"ELLENDER, Allen Joseph","E000112","1890-09-24",14,14,26398,72.2737850787132,"Lost","ELLENDER",""
"7995",89,"1965-01-03","Senate","LA",100,"ELLENDER, Allen Joseph","E000112","1890-09-24",15,15,27129,74.2751540041068,"Lost","ELLENDER",""
"7996",90,"1967-01-03","Senate","LA",100,"ELLENDER, Allen Joseph","E000112","1890-09-24",16,16,27859,76.2737850787132,"Lost","ELLENDER",""
"7997",91,"1969-01-03","Senate","LA",100,"ELLENDER, Allen Joseph","E000112","1890-09-24",17,17,28590,78.2751540041068,"Lost","ELLENDER",""
"7998",92,"1971-01-03","Senate","LA",100,"ELLENDER, Allen Joseph","E000112","1890-09-24",18,18,29320,80.2737850787132,"Lost","ELLENDER",""
"8111",86,"1959-01-03","Senate","CA",100,"ENGLE, Clair","E000181","1911-09-21",9,1,17271,47.2854209445585,"Greatest","ENGLE",""
"8112",87,"1961-01-03","Senate","CA",100,"ENGLE, Clair","E000181","1911-09-21",10,2,18002,49.2867898699521,"Greatest","ENGLE",""
"8113",88,"1963-01-03","Senate","CA",100,"ENGLE, Clair","E000181","1911-09-21",11,3,18732,51.2854209445585,"Greatest","ENGLE",""
"8144",107,"2001-01-03","Senate","NV",200,"ENSIGN, John Eric","E000194","1958-03-25",3,1,15625,42.7789185489391,"Boomers","ENSIGN",""
"8145",108,"2003-01-03","Senate","NV",200,"ENSIGN, John Eric","E000194","1958-03-25",4,2,16355,44.7775496235455,"Boomers","ENSIGN",""
"8146",109,"2005-01-03","Senate","NV",200,"ENSIGN, John Eric","E000194","1958-03-25",5,3,17086,46.7789185489391,"Boomers","ENSIGN",""
"8147",110,"2007-01-03","Senate","NV",200,"ENSIGN, John Eric","E000194","1958-03-25",6,4,17816,48.7775496235455,"Boomers","ENSIGN",""
"8148",111,"2009-01-03","Senate","NV",200,"ENSIGN, John Eric","E000194","1958-03-25",7,5,18547,50.7789185489391,"Boomers","ENSIGN",""
"8149",112,"2011-01-03","Senate","NV",200,"ENSIGN, John Eric","E000194","1958-03-25",8,6,19277,52.7775496235455,"Boomers","ENSIGN",""
"8157",73,"1933-03-04","Senate","MT",100,"ERICKSON, John Edward","E000202","1863-03-14",1,1,25557,69.9712525667351,"Missionary","ERICKSON",""
"8170",67,"1921-03-04","Senate","KY",200,"ERNST, Richard Pretlow","E000206","1858-02-28",1,1,23014,63.0088980150582,"Progressive","ERNST",""
"8171",68,"1923-03-04","Senate","KY",200,"ERNST, Richard Pretlow","E000206","1858-02-28",2,2,23744,65.0075290896646,"Progressive","ERNST",""
"8172",69,"1925-03-04","Senate","KY",200,"ERNST, Richard Pretlow","E000206","1858-02-28",3,3,24475,67.0088980150582,"Progressive","ERNST",""
"8178",83,"1953-01-03","Senate","NC",100,"ERVIN, Samuel James, Jr.","E000211","1896-09-27",2,1,20551,56.2655715263518,"Lost","ERVIN",""
"8179",84,"1955-01-03","Senate","NC",100,"ERVIN, Samuel James, Jr.","E000211","1896-09-27",3,2,21281,58.2642026009582,"Lost","ERVIN",""
"8180",85,"1957-01-03","Senate","NC",100,"ERVIN, Samuel James, Jr.","E000211","1896-09-27",4,3,22012,60.2655715263518,"Lost","ERVIN",""
"8181",86,"1959-01-03","Senate","NC",100,"ERVIN, Samuel James, Jr.","E000211","1896-09-27",5,4,22742,62.2642026009582,"Lost","ERVIN",""
"8182",87,"1961-01-03","Senate","NC",100,"ERVIN, Samuel James, Jr.","E000211","1896-09-27",6,5,23473,64.2655715263518,"Lost","ERVIN",""
"8183",88,"1963-01-03","Senate","NC",100,"ERVIN, Samuel James, Jr.","E000211","1896-09-27",7,6,24203,66.2642026009582,"Lost","ERVIN",""
"8184",89,"1965-01-03","Senate","NC",100,"ERVIN, Samuel James, Jr.","E000211","1896-09-27",8,7,24934,68.2655715263518,"Lost","ERVIN",""
"8185",90,"1967-01-03","Senate","NC",100,"ERVIN, Samuel James, Jr.","E000211","1896-09-27",9,8,25664,70.2642026009582,"Lost","ERVIN",""
"8186",91,"1969-01-03","Senate","NC",100,"ERVIN, Samuel James, Jr.","E000211","1896-09-27",10,9,26395,72.2655715263518,"Lost","ERVIN",""
"8187",92,"1971-01-03","Senate","NC",100,"ERVIN, Samuel James, Jr.","E000211","1896-09-27",11,10,27125,74.2642026009582,"Lost","ERVIN",""
"8188",93,"1973-01-03","Senate","NC",100,"ERVIN, Samuel James, Jr.","E000211","1896-09-27",12,11,27856,76.2655715263518,"Lost","ERVIN",""
"8243",98,"1983-01-03","Senate","WA",200,"EVANS, Daniel Jackson","E000236","1925-10-16",1,1,20898,57.2156057494867,"Greatest","EVANS",""
"8244",99,"1985-01-03","Senate","WA",200,"EVANS, Daniel Jackson","E000236","1925-10-16",2,2,21629,59.2169746748802,"Greatest","EVANS",""
"8245",100,"1987-01-03","Senate","WA",200,"EVANS, Daniel Jackson","E000236","1925-10-16",3,3,22359,61.2156057494867,"Greatest","EVANS",""
"8327",96,"1979-01-03","Senate","NE",100,"EXON, J. James","E000284","1921-08-09",1,1,20966,57.4017796030116,"Greatest","EXON",""
"8328",97,"1981-01-03","Senate","NE",100,"EXON, J. James","E000284","1921-08-09",2,2,21697,59.4031485284052,"Greatest","EXON",""
"8329",98,"1983-01-03","Senate","NE",100,"EXON, J. James","E000284","1921-08-09",3,3,22427,61.4017796030116,"Greatest","EXON",""
"8330",99,"1985-01-03","Senate","NE",100,"EXON, J. James","E000284","1921-08-09",4,4,23158,63.4031485284052,"Greatest","EXON",""
"8331",100,"1987-01-03","Senate","NE",100,"EXON, J. James","E000284","1921-08-09",5,5,23888,65.4017796030116,"Greatest","EXON",""
"8332",101,"1989-01-03","Senate","NE",100,"EXON, J. James","E000284","1921-08-09",6,6,24619,67.4031485284052,"Greatest","EXON",""
"8333",102,"1991-01-03","Senate","NE",100,"EXON, J. James","E000284","1921-08-09",7,7,25349,69.4017796030116,"Greatest","EXON",""
"8334",103,"1993-01-03","Senate","NE",100,"EXON, J. James","E000284","1921-08-09",8,8,26080,71.4031485284052,"Greatest","EXON",""
"8335",104,"1995-01-03","Senate","NE",100,"EXON, J. James","E000284","1921-08-09",9,9,26810,73.4017796030116,"Greatest","EXON",""
"8336",105,"1997-01-03","Senate","WY",200,"ENZI, Michael B.","E000285","1944-02-01",1,1,19330,52.9226557152635,"Silent","ENZI",""
"8337",106,"1999-01-03","Senate","WY",200,"ENZI, Michael B.","E000285","1944-02-01",2,2,20060,54.92128678987,"Silent","ENZI",""
"8338",107,"2001-01-03","Senate","WY",200,"ENZI, Michael B.","E000285","1944-02-01",3,3,20791,56.9226557152635,"Silent","ENZI",""
"8339",108,"2003-01-03","Senate","WY",200,"ENZI, Michael B.","E000285","1944-02-01",4,4,21521,58.92128678987,"Silent","ENZI",""
"8340",109,"2005-01-03","Senate","WY",200,"ENZI, Michael B.","E000285","1944-02-01",5,5,22252,60.9226557152635,"Silent","ENZI",""
"8341",110,"2007-01-03","Senate","WY",200,"ENZI, Michael B.","E000285","1944-02-01",6,6,22982,62.92128678987,"Silent","ENZI",""
"8342",111,"2009-01-03","Senate","WY",200,"ENZI, Michael B.","E000285","1944-02-01",7,7,23713,64.9226557152635,"Silent","ENZI",""
"8343",112,"2011-01-03","Senate","WY",200,"ENZI, Michael B.","E000285","1944-02-01",8,8,24443,66.92128678987,"Silent","ENZI",""
"8344",113,"2013-01-03","Senate","WY",200,"ENZI, Michael B.","E000285","1944-02-01",9,9,25174,68.9226557152635,"Silent","ENZI",""
"8345",114,"2015-01-03","Senate","WY",200,"ENZI, Michael B.","E000285","1944-02-01",10,10,25904,70.92128678987,"Silent","ENZI",""
"8346",115,"2017-01-03","Senate","WY",200,"ENZI, Michael B.","E000285","1944-02-01",11,11,26635,72.9226557152635,"Silent","ENZI",""
"8347",116,"2019-01-03","Senate","WY",200,"ENZI, Michael B.","E000285","1944-02-01",12,12,27365,74.92128678987,"Silent","ENZI",""
"8348",106,"1999-01-03","Senate","NC",100,"EDWARDS, John","E000286","1953-06-10",1,1,16643,45.5660506502396,"Boomers","EDWARDS",""
"8349",107,"2001-01-03","Senate","NC",100,"EDWARDS, John","E000286","1953-06-10",2,2,17374,47.5674195756331,"Boomers","EDWARDS",""
"8350",108,"2003-01-03","Senate","NC",100,"EDWARDS, John","E000286","1953-06-10",3,3,18104,49.5660506502396,"Boomers","EDWARDS",""
"8379",114,"2015-01-03","Senate","IA",200,"ERNST, Joni","E000295","1970-07-01",1,1,16257,44.5092402464066,"Gen X","ERNST",""
"8380",115,"2017-01-03","Senate","IA",200,"ERNST, Joni","E000295","1970-07-01",2,2,16988,46.5106091718001,"Gen X","ERNST",""
"8381",116,"2019-01-03","Senate","IA",200,"ERNST, Joni","E000295","1970-07-01",3,3,17718,48.5092402464066,"Gen X","ERNST",""
"8382",117,"2021-01-03","Senate","IA",200,"ERNST, Joni","E000295","1970-07-01",4,4,18449,50.5106091718001,"Gen X","ERNST",""
"8383",118,"2023-01-03","Senate","IA",200,"ERNST, Joni","E000295","1970-07-01",5,5,19179,52.5092402464066,"Gen X","ERNST",""
"8411",66,"1919-03-04","Senate","NM",200,"FALL, Albert Bacon","F000011","1861-11-26",5,5,20916,57.264887063655,"Missionary","FALL",""
"8412",67,"1921-03-04","Senate","NM",200,"FALL, Albert Bacon","F000011","1861-11-26",6,6,21647,59.2662559890486,"Missionary","FALL",""
"8426",89,"1965-01-03","Senate","AZ",200,"FANNIN, Paul Jones","F000013","1907-01-29",1,1,21159,57.9301848049281,"Greatest","FANNIN",""
"8427",90,"1967-01-03","Senate","AZ",200,"FANNIN, Paul Jones","F000013","1907-01-29",2,2,21889,59.9288158795346,"Greatest","FANNIN",""
"8428",91,"1969-01-03","Senate","AZ",200,"FANNIN, Paul Jones","F000013","1907-01-29",3,3,22620,61.9301848049281,"Greatest","FANNIN",""
"8429",92,"1971-01-03","Senate","AZ",200,"FANNIN, Paul Jones","F000013","1907-01-29",4,4,23350,63.9288158795346,"Greatest","FANNIN",""
"8430",93,"1973-01-03","Senate","AZ",200,"FANNIN, Paul Jones","F000013","1907-01-29",5,5,24081,65.9301848049281,"Greatest","FANNIN",""
"8431",94,"1975-01-03","Senate","AZ",200,"FANNIN, Paul Jones","F000013","1907-01-29",6,6,24811,67.9288158795346,"Greatest","FANNIN",""
"8516",80,"1947-01-03","Senate","LA",100,"FEAZEL, William Crosson","F000057","1895-06-10",1,1,18834,51.564681724846,"Lost","FEAZEL",""
"8536",103,"1993-01-03","Senate","WI",100,"FEINGOLD, Russell Dana","F000061","1953-03-02",1,1,14552,39.8412046543463,"Boomers","FEINGOLD",""
"8537",104,"1995-01-03","Senate","WI",100,"FEINGOLD, Russell Dana","F000061","1953-03-02",2,2,15282,41.8398357289528,"Boomers","FEINGOLD",""
"8538",105,"1997-01-03","Senate","WI",100,"FEINGOLD, Russell Dana","F000061","1953-03-02",3,3,16013,43.8412046543463,"Boomers","FEINGOLD",""
"8539",106,"1999-01-03","Senate","WI",100,"FEINGOLD, Russell Dana","F000061","1953-03-02",4,4,16743,45.8398357289528,"Boomers","FEINGOLD",""
"8540",107,"2001-01-03","Senate","WI",100,"FEINGOLD, Russell Dana","F000061","1953-03-02",5,5,17474,47.8412046543463,"Boomers","FEINGOLD",""
"8541",108,"2003-01-03","Senate","WI",100,"FEINGOLD, Russell Dana","F000061","1953-03-02",6,6,18204,49.8398357289528,"Boomers","FEINGOLD",""
"8542",109,"2005-01-03","Senate","WI",100,"FEINGOLD, Russell Dana","F000061","1953-03-02",7,7,18935,51.8412046543463,"Boomers","FEINGOLD",""
"8543",110,"2007-01-03","Senate","WI",100,"FEINGOLD, Russell Dana","F000061","1953-03-02",8,8,19665,53.8398357289528,"Boomers","FEINGOLD",""
"8544",111,"2009-01-03","Senate","WI",100,"FEINGOLD, Russell Dana","F000061","1953-03-02",9,9,20396,55.8412046543463,"Boomers","FEINGOLD",""
"8545",102,"1991-01-03","Senate","CA",100,"FEINSTEIN, Dianne","F000062","1933-06-22",1,1,21014,57.533196440794,"Silent","FEINSTEIN",""
"8546",103,"1993-01-03","Senate","CA",100,"FEINSTEIN, Dianne","F000062","1933-06-22",2,2,21745,59.5345653661875,"Silent","FEINSTEIN",""
"8547",104,"1995-01-03","Senate","CA",100,"FEINSTEIN, Dianne","F000062","1933-06-22",3,3,22475,61.533196440794,"Silent","FEINSTEIN",""
"8548",105,"1997-01-03","Senate","CA",100,"FEINSTEIN, Dianne","F000062","1933-06-22",4,4,23206,63.5345653661875,"Silent","FEINSTEIN",""
"8549",106,"1999-01-03","Senate","CA",100,"FEINSTEIN, Dianne","F000062","1933-06-22",5,5,23936,65.533196440794,"Silent","FEINSTEIN",""
"8550",107,"2001-01-03","Senate","CA",100,"FEINSTEIN, Dianne","F000062","1933-06-22",6,6,24667,67.5345653661875,"Silent","FEINSTEIN",""
"8551",108,"2003-01-03","Senate","CA",100,"FEINSTEIN, Dianne","F000062","1933-06-22",7,7,25397,69.533196440794,"Silent","FEINSTEIN",""
"8552",109,"2005-01-03","Senate","CA",100,"FEINSTEIN, Dianne","F000062","1933-06-22",8,8,26128,71.5345653661875,"Silent","FEINSTEIN",""
"8553",110,"2007-01-03","Senate","CA",100,"FEINSTEIN, Dianne","F000062","1933-06-22",9,9,26858,73.533196440794,"Silent","FEINSTEIN",""
"8554",111,"2009-01-03","Senate","CA",100,"FEINSTEIN, Dianne","F000062","1933-06-22",10,10,27589,75.5345653661875,"Silent","FEINSTEIN",""
"8555",112,"2011-01-03","Senate","CA",100,"FEINSTEIN, Dianne","F000062","1933-06-22",11,11,28319,77.533196440794,"Silent","FEINSTEIN",""
"8556",113,"2013-01-03","Senate","CA",100,"FEINSTEIN, Dianne","F000062","1933-06-22",12,12,29050,79.5345653661875,"Silent","FEINSTEIN",""
"8557",114,"2015-01-03","Senate","CA",100,"FEINSTEIN, Dianne","F000062","1933-06-22",13,13,29780,81.533196440794,"Silent","FEINSTEIN",""
"8558",115,"2017-01-03","Senate","CA",100,"FEINSTEIN, Dianne","F000062","1933-06-22",14,14,30511,83.5345653661875,"Silent","FEINSTEIN",""
"8559",116,"2019-01-03","Senate","CA",100,"FEINSTEIN, Dianne","F000062","1933-06-22",15,15,31241,85.533196440794,"Silent","FEINSTEIN",""
"8560",117,"2021-01-03","Senate","CA",100,"FEINSTEIN, Dianne","F000062","1933-06-22",16,16,31972,87.5345653661875,"Silent","FEINSTEIN",""
"8561",118,"2023-01-03","Senate","CA",100,"FEINSTEIN, Dianne","F000062","1933-06-22",17,17,32702,89.533196440794,"Silent","FEINSTEIN",""
"8568",67,"1921-03-04","Senate","GA",100,"FELTON, Rebecca Latimer","F000069","1835-06-10",1,1,31313,85.7303216974675,"Gilded","FELTON",""
"8591",78,"1943-01-03","Senate","MI",200,"FERGUSON, Homer Samuel","F000081","1889-02-25",1,1,19669,53.8507871321013,"Lost","FERGUSON",""
"8592",79,"1945-01-03","Senate","MI",200,"FERGUSON, Homer Samuel","F000081","1889-02-25",2,2,20400,55.8521560574949,"Lost","FERGUSON",""
"8593",80,"1947-01-03","Senate","MI",200,"FERGUSON, Homer Samuel","F000081","1889-02-25",3,3,21130,57.8507871321013,"Lost","FERGUSON",""
"8594",81,"1949-01-03","Senate","MI",200,"FERGUSON, Homer Samuel","F000081","1889-02-25",4,4,21861,59.8521560574949,"Lost","FERGUSON",""
"8595",82,"1951-01-03","Senate","MI",200,"FERGUSON, Homer Samuel","F000081","1889-02-25",5,5,22591,61.8507871321013,"Lost","FERGUSON",""
"8596",83,"1953-01-03","Senate","MI",200,"FERGUSON, Homer Samuel","F000081","1889-02-25",6,6,23322,63.8521560574949,"Lost","FERGUSON",""
"8600",66,"1919-03-04","Senate","ME",200,"FERNALD, Bert Manfred","F000084","1858-04-03",3,3,22249,60.9144421629021,"Progressive","FERNALD",""
"8601",67,"1921-03-04","Senate","ME",200,"FERNALD, Bert Manfred","F000084","1858-04-03",4,4,22980,62.9158110882957,"Progressive","FERNALD",""
"8602",68,"1923-03-04","Senate","ME",200,"FERNALD, Bert Manfred","F000084","1858-04-03",5,5,23710,64.9144421629021,"Progressive","FERNALD",""
"8603",69,"1925-03-04","Senate","ME",200,"FERNALD, Bert Manfred","F000084","1858-04-03",6,6,24441,66.9158110882957,"Progressive","FERNALD",""
"8620",68,"1923-03-04","Senate","MI",100,"FERRIS, Woodbridge Nathan","F000092","1853-01-06",1,1,25623,70.1519507186858,"Progressive","FERRIS",""
"8621",69,"1925-03-04","Senate","MI",100,"FERRIS, Woodbridge Nathan","F000092","1853-01-06",2,2,26354,72.1533196440794,"Progressive","FERRIS",""
"8622",70,"1927-03-04","Senate","MI",100,"FERRIS, Woodbridge Nathan","F000092","1853-01-06",3,3,27084,74.1519507186858,"Progressive","FERRIS",""
"8625",68,"1923-03-04","Senate","OH",200,"FESS, Simeon Davison","F000096","1861-12-11",6,1,22362,61.223819301848,"Missionary","FESS",""
"8626",69,"1925-03-04","Senate","OH",200,"FESS, Simeon Davison","F000096","1861-12-11",7,2,23093,63.2251882272416,"Missionary","FESS",""
"8627",70,"1927-03-04","Senate","OH",200,"FESS, Simeon Davison","F000096","1861-12-11",8,3,23823,65.223819301848,"Missionary","FESS",""
"8628",71,"1929-03-04","Senate","OH",200,"FESS, Simeon Davison","F000096","1861-12-11",9,4,24554,67.2251882272416,"Missionary","FESS",""
"8629",72,"1931-03-04","Senate","OH",200,"FESS, Simeon Davison","F000096","1861-12-11",10,5,25284,69.223819301848,"Missionary","FESS",""
"8630",73,"1933-03-04","Senate","OH",200,"FESS, Simeon Davison","F000096","1861-12-11",11,6,26015,71.2251882272416,"Missionary","FESS",""
"8775",79,"1945-01-03","Senate","VT",200,"FLANDERS, Ralph Edward","F000190","1880-09-28",1,1,23472,64.2628336755647,"Missionary","FLANDERS",""
"8776",80,"1947-01-03","Senate","VT",200,"FLANDERS, Ralph Edward","F000190","1880-09-28",2,2,24202,66.2614647501711,"Missionary","FLANDERS",""
"8777",81,"1949-01-03","Senate","VT",200,"FLANDERS, Ralph Edward","F000190","1880-09-28",3,3,24933,68.2628336755647,"Missionary","FLANDERS",""
"8778",82,"1951-01-03","Senate","VT",200,"FLANDERS, Ralph Edward","F000190","1880-09-28",4,4,25663,70.2614647501711,"Missionary","FLANDERS",""
"8779",83,"1953-01-03","Senate","VT",200,"FLANDERS, Ralph Edward","F000190","1880-09-28",5,5,26394,72.2628336755647,"Missionary","FLANDERS",""
"8780",84,"1955-01-03","Senate","VT",200,"FLANDERS, Ralph Edward","F000190","1880-09-28",6,6,27124,74.2614647501711,"Missionary","FLANDERS",""
"8781",85,"1957-01-03","Senate","VT",200,"FLANDERS, Ralph Edward","F000190","1880-09-28",7,7,27855,76.2628336755647,"Missionary","FLANDERS",""
"8797",66,"1919-03-04","Senate","FL",100,"FLETCHER, Duncan Upshaw","F000200","1859-01-06",6,6,21971,60.1533196440794,"Progressive","FLETCHER",""
"8798",67,"1921-03-04","Senate","FL",100,"FLETCHER, Duncan Upshaw","F000200","1859-01-06",7,7,22702,62.154688569473,"Progressive","FLETCHER",""
"8799",68,"1923-03-04","Senate","FL",100,"FLETCHER, Duncan Upshaw","F000200","1859-01-06",8,8,23432,64.1533196440794,"Progressive","FLETCHER",""
"8800",69,"1925-03-04","Senate","FL",100,"FLETCHER, Duncan Upshaw","F000200","1859-01-06",9,9,24163,66.154688569473,"Progressive","FLETCHER",""
"8801",70,"1927-03-04","Senate","FL",100,"FLETCHER, Duncan Upshaw","F000200","1859-01-06",10,10,24893,68.1533196440794,"Progressive","FLETCHER",""
"8802",71,"1929-03-04","Senate","FL",100,"FLETCHER, Duncan Upshaw","F000200","1859-01-06",11,11,25624,70.154688569473,"Progressive","FLETCHER",""
"8803",72,"1931-03-04","Senate","FL",100,"FLETCHER, Duncan Upshaw","F000200","1859-01-06",12,12,26354,72.1533196440794,"Progressive","FLETCHER",""
"8804",73,"1933-03-04","Senate","FL",100,"FLETCHER, Duncan Upshaw","F000200","1859-01-06",13,13,27085,74.154688569473,"Progressive","FLETCHER",""
"8805",74,"1935-01-03","Senate","FL",100,"FLETCHER, Duncan Upshaw","F000200","1859-01-06",14,14,27755,75.9890485968515,"Progressive","FLETCHER",""
"8920",86,"1959-01-03","Senate","HI",200,"FONG, Hiram Leong","F000245","1906-10-15",1,1,19073,52.2190280629706,"Greatest","FONG",""
"8921",87,"1961-01-03","Senate","HI",200,"FONG, Hiram Leong","F000245","1906-10-15",2,2,19804,54.2203969883641,"Greatest","FONG",""
"8922",88,"1963-01-03","Senate","HI",200,"FONG, Hiram Leong","F000245","1906-10-15",3,3,20534,56.2190280629706,"Greatest","FONG",""
"8923",89,"1965-01-03","Senate","HI",200,"FONG, Hiram Leong","F000245","1906-10-15",4,4,21265,58.2203969883641,"Greatest","FONG",""
"8924",90,"1967-01-03","Senate","HI",200,"FONG, Hiram Leong","F000245","1906-10-15",5,5,21995,60.2190280629706,"Greatest","FONG",""
"8925",91,"1969-01-03","Senate","HI",200,"FONG, Hiram Leong","F000245","1906-10-15",6,6,22726,62.2203969883641,"Greatest","FONG",""
"8926",92,"1971-01-03","Senate","HI",200,"FONG, Hiram Leong","F000245","1906-10-15",7,7,23456,64.2190280629706,"Greatest","FONG",""
"8927",93,"1973-01-03","Senate","HI",200,"FONG, Hiram Leong","F000245","1906-10-15",8,8,24187,66.2203969883641,"Greatest","FONG",""
"8928",94,"1975-01-03","Senate","HI",200,"FONG, Hiram Leong","F000245","1906-10-15",9,9,24917,68.2190280629706,"Greatest","FONG",""
"8987",93,"1973-01-03","Senate","KY",100,"FORD, Wendell Hampton","F000268","1924-09-08",1,1,17649,48.3203285420945,"Greatest","FORD",""
"8988",94,"1975-01-03","Senate","KY",100,"FORD, Wendell Hampton","F000268","1924-09-08",2,2,18379,50.3189596167009,"Greatest","FORD",""
"8989",95,"1977-01-03","Senate","KY",100,"FORD, Wendell Hampton","F000268","1924-09-08",3,3,19110,52.3203285420945,"Greatest","FORD",""
"8990",96,"1979-01-03","Senate","KY",100,"FORD, Wendell Hampton","F000268","1924-09-08",4,4,19840,54.3189596167009,"Greatest","FORD",""
"8991",97,"1981-01-03","Senate","KY",100,"FORD, Wendell Hampton","F000268","1924-09-08",5,5,20571,56.3203285420945,"Greatest","FORD",""
"8992",98,"1983-01-03","Senate","KY",100,"FORD, Wendell Hampton","F000268","1924-09-08",6,6,21301,58.3189596167009,"Greatest","FORD",""
"8993",99,"1985-01-03","Senate","KY",100,"FORD, Wendell Hampton","F000268","1924-09-08",7,7,22032,60.3203285420945,"Greatest","FORD",""
"8994",100,"1987-01-03","Senate","KY",100,"FORD, Wendell Hampton","F000268","1924-09-08",8,8,22762,62.3189596167009,"Greatest","FORD",""
"8995",101,"1989-01-03","Senate","KY",100,"FORD, Wendell Hampton","F000268","1924-09-08",9,9,23493,64.3203285420945,"Greatest","FORD",""
"8996",102,"1991-01-03","Senate","KY",100,"FORD, Wendell Hampton","F000268","1924-09-08",10,10,24223,66.3189596167009,"Greatest","FORD",""
"8997",103,"1993-01-03","Senate","KY",100,"FORD, Wendell Hampton","F000268","1924-09-08",11,11,24954,68.3203285420945,"Greatest","FORD",""
"8998",104,"1995-01-03","Senate","KY",100,"FORD, Wendell Hampton","F000268","1924-09-08",12,12,25684,70.3189596167009,"Greatest","FORD",""
"8999",105,"1997-01-03","Senate","KY",100,"FORD, Wendell Hampton","F000268","1924-09-08",13,13,26415,72.3203285420945,"Greatest","FORD",""
"9070",100,"1987-01-03","Senate","GA",100,"FOWLER, Wyche, Jr.","F000329","1940-10-06",6,1,16890,46.2422997946612,"Silent","FOWLER",""
"9071",101,"1989-01-03","Senate","GA",100,"FOWLER, Wyche, Jr.","F000329","1940-10-06",7,2,17621,48.2436687200548,"Silent","FOWLER",""
"9072",102,"1991-01-03","Senate","GA",100,"FOWLER, Wyche, Jr.","F000329","1940-10-06",8,3,18351,50.2422997946612,"Silent","FOWLER",""
"9075",66,"1919-03-04","Senate","MD",200,"FRANCE, Joseph Irwin","F000333","1873-10-11",2,2,16579,45.3908281998631,"Missionary","FRANCE",""
"9076",67,"1921-03-04","Senate","MD",200,"FRANCE, Joseph Irwin","F000333","1873-10-11",3,3,17310,47.3921971252567,"Missionary","FRANCE",""
"9118",68,"1923-03-04","Senate","ND",200,"FRAZIER, Lynn Joseph","F000354","1874-12-21",1,1,17604,48.1971252566735,"Missionary","FRAZIER",""
"9119",69,"1925-03-04","Senate","ND",200,"FRAZIER, Lynn Joseph","F000354","1874-12-21",2,2,18335,50.1984941820671,"Missionary","FRAZIER",""
"9120",70,"1927-03-04","Senate","ND",200,"FRAZIER, Lynn Joseph","F000354","1874-12-21",3,3,19065,52.1971252566735,"Missionary","FRAZIER",""
"9121",71,"1929-03-04","Senate","ND",200,"FRAZIER, Lynn Joseph","F000354","1874-12-21",4,4,19796,54.1984941820671,"Missionary","FRAZIER",""
"9122",72,"1931-03-04","Senate","ND",200,"FRAZIER, Lynn Joseph","F000354","1874-12-21",5,5,20526,56.1971252566735,"Missionary","FRAZIER",""
"9123",73,"1933-03-04","Senate","ND",200,"FRAZIER, Lynn Joseph","F000354","1874-12-21",6,6,21257,58.1984941820671,"Missionary","FRAZIER",""
"9124",74,"1935-01-03","Senate","ND",200,"FRAZIER, Lynn Joseph","F000354","1874-12-21",7,7,21927,60.0328542094456,"Missionary","FRAZIER",""
"9125",75,"1937-01-03","Senate","ND",200,"FRAZIER, Lynn Joseph","F000354","1874-12-21",8,8,22658,62.0342231348392,"Missionary","FRAZIER",""
"9126",76,"1939-01-03","Senate","ND",200,"FRAZIER, Lynn Joseph","F000354","1874-12-21",9,9,23388,64.0328542094456,"Missionary","FRAZIER",""
"9135",81,"1949-01-03","Senate","DE",100,"FREAR, Joseph Allen, Jr.","F000356","1903-03-07",1,1,16739,45.8288843258042,"Greatest","FREAR",""
"9136",82,"1951-01-03","Senate","DE",100,"FREAR, Joseph Allen, Jr.","F000356","1903-03-07",2,2,17469,47.8275154004107,"Greatest","FREAR",""
"9137",83,"1953-01-03","Senate","DE",100,"FREAR, Joseph Allen, Jr.","F000356","1903-03-07",3,3,18200,49.8288843258042,"Greatest","FREAR",""
"9138",84,"1955-01-03","Senate","DE",100,"FREAR, Joseph Allen, Jr.","F000356","1903-03-07",4,4,18930,51.8275154004107,"Greatest","FREAR",""
"9139",85,"1957-01-03","Senate","DE",100,"FREAR, Joseph Allen, Jr.","F000356","1903-03-07",5,5,19661,53.8288843258042,"Greatest","FREAR",""
"9140",86,"1959-01-03","Senate","DE",100,"FREAR, Joseph Allen, Jr.","F000356","1903-03-07",6,6,20391,55.8275154004107,"Greatest","FREAR",""
"9156",66,"1919-03-04","Senate","NJ",200,"FRELINGHUYSEN, Joseph Sherman","F000370","1869-03-12",2,2,18253,49.9739904175222,"Missionary","FRELINGHUYSEN",""
"9157",67,"1921-03-04","Senate","NJ",200,"FRELINGHUYSEN, Joseph Sherman","F000370","1869-03-12",3,3,18984,51.9753593429158,"Missionary","FRELINGHUYSEN",""
"9242",79,"1945-01-03","Senate","AR",100,"FULBRIGHT, James William","F000401","1905-04-09",2,1,14514,39.7371663244353,"Greatest","FULBRIGHT",""
"9243",80,"1947-01-03","Senate","AR",100,"FULBRIGHT, James William","F000401","1905-04-09",3,2,15244,41.7357973990418,"Greatest","FULBRIGHT",""
"9244",81,"1949-01-03","Senate","AR",100,"FULBRIGHT, James William","F000401","1905-04-09",4,3,15975,43.7371663244353,"Greatest","FULBRIGHT",""
"9245",82,"1951-01-03","Senate","AR",100,"FULBRIGHT, James William","F000401","1905-04-09",5,4,16705,45.7357973990418,"Greatest","FULBRIGHT",""
"9246",83,"1953-01-03","Senate","AR",100,"FULBRIGHT, James William","F000401","1905-04-09",6,5,17436,47.7371663244353,"Greatest","FULBRIGHT",""
"9247",84,"1955-01-03","Senate","AR",100,"FULBRIGHT, James William","F000401","1905-04-09",7,6,18166,49.7357973990418,"Greatest","FULBRIGHT",""
"9248",85,"1957-01-03","Senate","AR",100,"FULBRIGHT, James William","F000401","1905-04-09",8,7,18897,51.7371663244353,"Greatest","FULBRIGHT",""
"9249",86,"1959-01-03","Senate","AR",100,"FULBRIGHT, James William","F000401","1905-04-09",9,8,19627,53.7357973990418,"Greatest","FULBRIGHT",""
"9250",87,"1961-01-03","Senate","AR",100,"FULBRIGHT, James William","F000401","1905-04-09",10,9,20358,55.7371663244353,"Greatest","FULBRIGHT",""
"9251",88,"1963-01-03","Senate","AR",100,"FULBRIGHT, James William","F000401","1905-04-09",11,10,21088,57.7357973990418,"Greatest","FULBRIGHT",""
"9252",89,"1965-01-03","Senate","AR",100,"FULBRIGHT, James William","F000401","1905-04-09",12,11,21819,59.7371663244353,"Greatest","FULBRIGHT",""
"9253",90,"1967-01-03","Senate","AR",100,"FULBRIGHT, James William","F000401","1905-04-09",13,12,22549,61.7357973990418,"Greatest","FULBRIGHT",""
"9254",91,"1969-01-03","Senate","AR",100,"FULBRIGHT, James William","F000401","1905-04-09",14,13,23280,63.7371663244353,"Greatest","FULBRIGHT",""
"9255",92,"1971-01-03","Senate","AR",100,"FULBRIGHT, James William","F000401","1905-04-09",15,14,24010,65.7357973990418,"Greatest","FULBRIGHT",""
"9256",93,"1973-01-03","Senate","AR",100,"FULBRIGHT, James William","F000401","1905-04-09",16,15,24741,67.7371663244353,"Greatest","FULBRIGHT",""
"9328",103,"1993-01-03","Senate","NC",200,"FAIRCLOTH, Duncan McLauchlin (Lauch)","F000437","1928-01-14",1,1,23731,64.9719370294319,"Silent","FAIRCLOTH",""
"9329",104,"1995-01-03","Senate","NC",200,"FAIRCLOTH, Duncan McLauchlin (Lauch)","F000437","1928-01-14",2,2,24461,66.9705681040383,"Silent","FAIRCLOTH",""
"9330",105,"1997-01-03","Senate","NC",200,"FAIRCLOTH, Duncan McLauchlin (Lauch)","F000437","1928-01-14",3,3,25192,68.9719370294319,"Silent","FAIRCLOTH",""
"9331",104,"1995-01-03","Senate","KS",200,"FRAHM, Sheila","F000438","1945-03-22",1,1,18184,49.7850787132101,"Silent","FRAHM",""
"9332",104,"1995-01-03","Senate","TN",200,"FRIST, William H.","F000439","1952-02-22",1,1,15656,42.8637919233402,"Boomers","FRIST",""
"9333",105,"1997-01-03","Senate","TN",200,"FRIST, William H.","F000439","1952-02-22",2,2,16387,44.8651608487337,"Boomers","FRIST",""
"9334",106,"1999-01-03","Senate","TN",200,"FRIST, William H.","F000439","1952-02-22",3,3,17117,46.8637919233402,"Boomers","FRIST",""
"9335",107,"2001-01-03","Senate","TN",200,"FRIST, William H.","F000439","1952-02-22",4,4,17848,48.8651608487337,"Boomers","FRIST",""
"9336",108,"2003-01-03","Senate","TN",200,"FRIST, William H.","F000439","1952-02-22",5,5,18578,50.8637919233402,"Boomers","FRIST",""
"9337",109,"2005-01-03","Senate","TN",200,"FRIST, William H.","F000439","1952-02-22",6,6,19309,52.8651608487337,"Boomers","FRIST",""
"9347",106,"1999-01-03","Senate","IL",200,"FITZGERALD, Peter G.","F000442","1960-10-20",1,1,13954,38.2039698836413,"Boomers","FITZGERALD",""
"9348",107,"2001-01-03","Senate","IL",200,"FITZGERALD, Peter G.","F000442","1960-10-20",2,2,14685,40.2053388090349,"Boomers","FITZGERALD",""
"9349",108,"2003-01-03","Senate","IL",200,"FITZGERALD, Peter G.","F000442","1960-10-20",3,3,15415,42.2039698836413,"Boomers","FITZGERALD",""
"9360",113,"2013-01-03","Senate","AZ",200,"FLAKE, Jeff","F000444","1962-12-31",7,1,18266,50.009582477755,"Boomers","FLAKE",""
"9361",114,"2015-01-03","Senate","AZ",200,"FLAKE, Jeff","F000444","1962-12-31",8,2,18996,52.0082135523614,"Boomers","FLAKE",""
"9362",115,"2017-01-03","Senate","AZ",200,"FLAKE, Jeff","F000444","1962-12-31",9,3,19727,54.009582477755,"Boomers","FLAKE",""
"9429",111,"2009-01-03","Senate","MN",100,"FRANKEN, Al","F000457","1951-05-21",1,1,21047,57.6235455167693,"Boomers","FRANKEN",""
"9430",112,"2011-01-03","Senate","MN",100,"FRANKEN, Al","F000457","1951-05-21",2,2,21777,59.6221765913758,"Boomers","FRANKEN",""
"9431",113,"2013-01-03","Senate","MN",100,"FRANKEN, Al","F000457","1951-05-21",3,3,22508,61.6235455167693,"Boomers","FRANKEN",""
"9432",114,"2015-01-03","Senate","MN",100,"FRANKEN, Al","F000457","1951-05-21",4,4,23238,63.6221765913758,"Boomers","FRANKEN",""
"9433",115,"2017-01-03","Senate","MN",100,"FRANKEN, Al","F000457","1951-05-21",5,5,23969,65.6235455167693,"Boomers","FRANKEN",""
"9459",113,"2013-01-03","Senate","NE",200,"FISCHER, Debra (Deb)","F000463","1951-03-01",1,1,22589,61.845311430527,"Boomers","FISCHER",""
"9460",114,"2015-01-03","Senate","NE",200,"FISCHER, Debra (Deb)","F000463","1951-03-01",2,2,23319,63.8439425051335,"Boomers","FISCHER",""
"9461",115,"2017-01-03","Senate","NE",200,"FISCHER, Debra (Deb)","F000463","1951-03-01",3,3,24050,65.845311430527,"Boomers","FISCHER",""
"9462",116,"2019-01-03","Senate","NE",200,"FISCHER, Debra (Deb)","F000463","1951-03-01",4,4,24780,67.8439425051335,"Boomers","FISCHER",""
"9463",117,"2021-01-03","Senate","NE",200,"FISCHER, Debra (Deb)","F000463","1951-03-01",5,5,25511,69.845311430527,"Boomers","FISCHER",""
"9464",118,"2023-01-03","Senate","NE",200,"FISCHER, Debra (Deb)","F000463","1951-03-01",6,6,26241,71.8439425051335,"Boomers","FISCHER",""
"9495",118,"2023-01-03","Senate","PA",100,"FETTERMAN, John Karl","F000479","1969-08-15",1,1,19499,53.3853524982888,"Gen X","FETTERMAN",""
"9546",92,"1971-01-03","Senate","GA",100,"GAMBRELL, David Henry","G000034","1929-12-20",1,1,14989,41.0376454483231,"Silent","GAMBRELL",""
"9600",93,"1973-01-03","Senate","UT",200,"GARN, Edwin Jacob (Jake)","G000072","1932-10-12",1,1,14693,40.227241615332,"Silent","GARN",""
"9601",94,"1975-01-03","Senate","UT",200,"GARN, Edwin Jacob (Jake)","G000072","1932-10-12",2,2,15423,42.2258726899384,"Silent","GARN",""
"9602",95,"1977-01-03","Senate","UT",200,"GARN, Edwin Jacob (Jake)","G000072","1932-10-12",3,3,16154,44.227241615332,"Silent","GARN",""
"9603",96,"1979-01-03","Senate","UT",200,"GARN, Edwin Jacob (Jake)","G000072","1932-10-12",4,4,16884,46.2258726899384,"Silent","GARN",""
"9604",97,"1981-01-03","Senate","UT",200,"GARN, Edwin Jacob (Jake)","G000072","1932-10-12",5,5,17615,48.227241615332,"Silent","GARN",""
"9605",98,"1983-01-03","Senate","UT",200,"GARN, Edwin Jacob (Jake)","G000072","1932-10-12",6,6,18345,50.2258726899384,"Silent","GARN",""
"9606",99,"1985-01-03","Senate","UT",200,"GARN, Edwin Jacob (Jake)","G000072","1932-10-12",7,7,19076,52.227241615332,"Silent","GARN",""
"9607",100,"1987-01-03","Senate","UT",200,"GARN, Edwin Jacob (Jake)","G000072","1932-10-12",8,8,19806,54.2258726899384,"Silent","GARN",""
"9608",101,"1989-01-03","Senate","UT",200,"GARN, Edwin Jacob (Jake)","G000072","1932-10-12",9,9,20537,56.227241615332,"Silent","GARN",""
"9609",102,"1991-01-03","Senate","UT",200,"GARN, Edwin Jacob (Jake)","G000072","1932-10-12",10,10,21267,58.2258726899384,"Silent","GARN",""
"9685",66,"1919-03-04","Senate","LA",100,"GAY, Edward James","G000104","1878-05-05",2,2,14912,40.8268309377139,"Missionary","GAY",""
"9740",67,"1921-03-04","Senate","GA",100,"GEORGE, Walter Franklin","G000131","1878-01-29",1,1,15739,43.0910335386721,"Missionary","GEORGE",""
"9741",68,"1923-03-04","Senate","GA",100,"GEORGE, Walter Franklin","G000131","1878-01-29",2,2,16469,45.0896646132786,"Missionary","GEORGE",""
"9742",69,"1925-03-04","Senate","GA",100,"GEORGE, Walter Franklin","G000131","1878-01-29",3,3,17200,47.0910335386721,"Missionary","GEORGE",""
"9743",70,"1927-03-04","Senate","GA",100,"GEORGE, Walter Franklin","G000131","1878-01-29",4,4,17930,49.0896646132786,"Missionary","GEORGE",""
"9744",71,"1929-03-04","Senate","GA",100,"GEORGE, Walter Franklin","G000131","1878-01-29",5,5,18661,51.0910335386721,"Missionary","GEORGE",""
"9745",72,"1931-03-04","Senate","GA",100,"GEORGE, Walter Franklin","G000131","1878-01-29",6,6,19391,53.0896646132786,"Missionary","GEORGE",""
"9746",73,"1933-03-04","Senate","GA",100,"GEORGE, Walter Franklin","G000131","1878-01-29",7,7,20122,55.0910335386721,"Missionary","GEORGE",""
"9747",74,"1935-01-03","Senate","GA",100,"GEORGE, Walter Franklin","G000131","1878-01-29",8,8,20792,56.9253935660507,"Missionary","GEORGE",""
"9748",75,"1937-01-03","Senate","GA",100,"GEORGE, Walter Franklin","G000131","1878-01-29",9,9,21523,58.9267624914442,"Missionary","GEORGE",""
"9749",76,"1939-01-03","Senate","GA",100,"GEORGE, Walter Franklin","G000131","1878-01-29",10,10,22253,60.9253935660507,"Missionary","GEORGE",""
"9750",77,"1941-01-03","Senate","GA",100,"GEORGE, Walter Franklin","G000131","1878-01-29",11,11,22984,62.9267624914442,"Missionary","GEORGE",""
"9751",78,"1943-01-03","Senate","GA",100,"GEORGE, Walter Franklin","G000131","1878-01-29",12,12,23714,64.9253935660506,"Missionary","GEORGE",""
"9752",79,"1945-01-03","Senate","GA",100,"GEORGE, Walter Franklin","G000131","1878-01-29",13,13,24445,66.9267624914442,"Missionary","GEORGE",""
"9753",80,"1947-01-03","Senate","GA",100,"GEORGE, Walter Franklin","G000131","1878-01-29",14,14,25175,68.9253935660506,"Missionary","GEORGE",""
"9754",81,"1949-01-03","Senate","GA",100,"GEORGE, Walter Franklin","G000131","1878-01-29",15,15,25906,70.9267624914442,"Missionary","GEORGE",""
"9755",82,"1951-01-03","Senate","GA",100,"GEORGE, Walter Franklin","G000131","1878-01-29",16,16,26636,72.9253935660506,"Missionary","GEORGE",""
"9756",83,"1953-01-03","Senate","GA",100,"GEORGE, Walter Franklin","G000131","1878-01-29",17,17,27367,74.9267624914442,"Missionary","GEORGE",""
"9757",84,"1955-01-03","Senate","GA",100,"GEORGE, Walter Franklin","G000131","1878-01-29",18,18,28097,76.9253935660506,"Missionary","GEORGE",""
"9783",66,"1919-03-04","Senate","RI",100,"GERRY, Peter Goelet","G000141","1879-09-18",3,2,14411,39.4551676933607,"Missionary","GERRY",""
"9784",67,"1921-03-04","Senate","RI",100,"GERRY, Peter Goelet","G000141","1879-09-18",4,3,15142,41.4565366187543,"Missionary","GERRY",""
"9785",68,"1923-03-04","Senate","RI",100,"GERRY, Peter Goelet","G000141","1879-09-18",5,4,15872,43.4551676933607,"Missionary","GERRY",""
"9786",69,"1925-03-04","Senate","RI",100,"GERRY, Peter Goelet","G000141","1879-09-18",6,5,16603,45.4565366187543,"Missionary","GERRY",""
"9787",70,"1927-03-04","Senate","RI",100,"GERRY, Peter Goelet","G000141","1879-09-18",7,6,17333,47.4551676933607,"Missionary","GERRY",""
"9788",74,"1935-01-03","Senate","RI",100,"GERRY, Peter Goelet","G000141","1879-09-18",8,7,20195,55.2908966461328,"Missionary","GERRY",""
"9789",75,"1937-01-03","Senate","RI",100,"GERRY, Peter Goelet","G000141","1879-09-18",9,8,20926,57.2922655715264,"Missionary","GERRY",""
"9790",76,"1939-01-03","Senate","RI",100,"GERRY, Peter Goelet","G000141","1879-09-18",10,9,21656,59.2908966461328,"Missionary","GERRY",""
"9791",77,"1941-01-03","Senate","RI",100,"GERRY, Peter Goelet","G000141","1879-09-18",11,10,22387,61.2922655715264,"Missionary","GERRY",""
"9792",78,"1943-01-03","Senate","RI",100,"GERRY, Peter Goelet","G000141","1879-09-18",12,11,23117,63.2908966461328,"Missionary","GERRY",""
"9793",79,"1945-01-03","Senate","RI",100,"GERRY, Peter Goelet","G000141","1879-09-18",13,12,23848,65.2922655715264,"Missionary","GERRY",""
"9843",74,"1935-01-03","Senate","VT",200,"GIBSON, Ernest Willard","G000158","1872-12-29",7,1,22649,62.009582477755,"Missionary","GIBSON",""
"9844",75,"1937-01-03","Senate","VT",200,"GIBSON, Ernest Willard","G000158","1872-12-29",8,2,23380,64.0109514031485,"Missionary","GIBSON",""
"9845",76,"1939-01-03","Senate","VT",200,"GIBSON, Ernest Willard","G000158","1872-12-29",9,3,24110,66.009582477755,"Missionary","GIBSON",""
"9846",76,"1939-01-03","Senate","VT",200,"GIBSON, Ernest William, Jr.","G000159","1901-03-06",1,1,13817,37.8288843258042,"Greatest","GIBSON",""
"9901",69,"1925-03-04","Senate","MA",200,"GILLETT, Frederick Huntington","G000201","1851-10-16",17,1,26802,73.3798767967146,"Progressive","GILLETT",""
"9902",70,"1927-03-04","Senate","MA",200,"GILLETT, Frederick Huntington","G000201","1851-10-16",18,2,27532,75.378507871321,"Progressive","GILLETT",""
"9903",71,"1929-03-04","Senate","MA",200,"GILLETT, Frederick Huntington","G000201","1851-10-16",19,3,28263,77.3798767967146,"Progressive","GILLETT",""
"9906",75,"1937-01-03","Senate","IA",100,"GILLETTE, Guy Mark","G000205","1879-02-03",3,1,21153,57.9137577002053,"Missionary","GILLETTE",""
"9907",76,"1939-01-03","Senate","IA",100,"GILLETTE, Guy Mark","G000205","1879-02-03",4,2,21883,59.9123887748118,"Missionary","GILLETTE",""
"9908",77,"1941-01-03","Senate","IA",100,"GILLETTE, Guy Mark","G000205","1879-02-03",5,3,22614,61.9137577002053,"Missionary","GILLETTE",""
"9909",78,"1943-01-03","Senate","IA",100,"GILLETTE, Guy Mark","G000205","1879-02-03",6,4,23344,63.9123887748118,"Missionary","GILLETTE",""
"9910",81,"1949-01-03","Senate","IA",100,"GILLETTE, Guy Mark","G000205","1879-02-03",7,5,25536,69.9137577002053,"Missionary","GILLETTE",""
"9911",82,"1951-01-03","Senate","IA",100,"GILLETTE, Guy Mark","G000205","1879-02-03",8,6,26266,71.9123887748118,"Missionary","GILLETTE",""
"9912",83,"1953-01-03","Senate","IA",100,"GILLETTE, Guy Mark","G000205","1879-02-03",9,7,26997,73.9137577002053,"Missionary","GILLETTE",""
"9968",66,"1919-03-04","Senate","VA",100,"GLASS, Carter","G000232","1858-01-04",10,1,22338,61.1581108829569,"Progressive","GLASS",""
"9969",67,"1921-03-04","Senate","VA",100,"GLASS, Carter","G000232","1858-01-04",11,2,23069,63.1594798083504,"Progressive","GLASS",""
"9970",68,"1923-03-04","Senate","VA",100,"GLASS, Carter","G000232","1858-01-04",12,3,23799,65.1581108829569,"Progressive","GLASS",""
"9971",69,"1925-03-04","Senate","VA",100,"GLASS, Carter","G000232","1858-01-04",13,4,24530,67.1594798083504,"Progressive","GLASS",""
"9972",70,"1927-03-04","Senate","VA",100,"GLASS, Carter","G000232","1858-01-04",14,5,25260,69.1581108829569,"Progressive","GLASS",""
"9973",71,"1929-03-04","Senate","VA",100,"GLASS, Carter","G000232","1858-01-04",15,6,25991,71.1594798083504,"Progressive","GLASS",""
"9974",72,"1931-03-04","Senate","VA",100,"GLASS, Carter","G000232","1858-01-04",16,7,26721,73.1581108829569,"Progressive","GLASS",""
"9975",73,"1933-03-04","Senate","VA",100,"GLASS, Carter","G000232","1858-01-04",17,8,27452,75.1594798083504,"Progressive","GLASS",""
"9976",74,"1935-01-03","Senate","VA",100,"GLASS, Carter","G000232","1858-01-04",18,9,28122,76.993839835729,"Progressive","GLASS",""
"9977",75,"1937-01-03","Senate","VA",100,"GLASS, Carter","G000232","1858-01-04",19,10,28853,78.9952087611225,"Progressive","GLASS",""
"9978",76,"1939-01-03","Senate","VA",100,"GLASS, Carter","G000232","1858-01-04",20,11,29583,80.993839835729,"Progressive","GLASS",""
"9979",77,"1941-01-03","Senate","VA",100,"GLASS, Carter","G000232","1858-01-04",21,12,30314,82.9952087611225,"Progressive","GLASS",""
"9980",78,"1943-01-03","Senate","VA",100,"GLASS, Carter","G000232","1858-01-04",22,13,31044,84.993839835729,"Progressive","GLASS",""
"9981",79,"1945-01-03","Senate","VA",100,"GLASS, Carter","G000232","1858-01-04",23,14,31775,86.9952087611225,"Progressive","GLASS",""
"9983",93,"1973-01-03","Senate","OH",100,"GLENN, John Herschel, Jr.","G000236","1921-07-18",1,1,18797,51.4633812457221,"Greatest","GLENN",""
"9984",94,"1975-01-03","Senate","OH",100,"GLENN, John Herschel, Jr.","G000236","1921-07-18",2,2,19527,53.4620123203285,"Greatest","GLENN",""
"9985",95,"1977-01-03","Senate","OH",100,"GLENN, John Herschel, Jr.","G000236","1921-07-18",3,3,20258,55.4633812457221,"Greatest","GLENN",""
"9986",96,"1979-01-03","Senate","OH",100,"GLENN, John Herschel, Jr.","G000236","1921-07-18",4,4,20988,57.4620123203285,"Greatest","GLENN",""
"9987",97,"1981-01-03","Senate","OH",100,"GLENN, John Herschel, Jr.","G000236","1921-07-18",5,5,21719,59.4633812457221,"Greatest","GLENN",""
"9988",98,"1983-01-03","Senate","OH",100,"GLENN, John Herschel, Jr.","G000236","1921-07-18",6,6,22449,61.4620123203285,"Greatest","GLENN",""
"9989",99,"1985-01-03","Senate","OH",100,"GLENN, John Herschel, Jr.","G000236","1921-07-18",7,7,23180,63.4633812457221,"Greatest","GLENN",""
"9990",100,"1987-01-03","Senate","OH",100,"GLENN, John Herschel, Jr.","G000236","1921-07-18",8,8,23910,65.4620123203285,"Greatest","GLENN",""
"9991",101,"1989-01-03","Senate","OH",100,"GLENN, John Herschel, Jr.","G000236","1921-07-18",9,9,24641,67.4633812457221,"Greatest","GLENN",""
"9992",102,"1991-01-03","Senate","OH",100,"GLENN, John Herschel, Jr.","G000236","1921-07-18",10,10,25371,69.4620123203285,"Greatest","GLENN",""
"9993",103,"1993-01-03","Senate","OH",100,"GLENN, John Herschel, Jr.","G000236","1921-07-18",11,11,26102,71.4633812457221,"Greatest","GLENN",""
"9994",104,"1995-01-03","Senate","OH",100,"GLENN, John Herschel, Jr.","G000236","1921-07-18",12,12,26832,73.4620123203285,"Greatest","GLENN",""
"9995",105,"1997-01-03","Senate","OH",100,"GLENN, John Herschel, Jr.","G000236","1921-07-18",13,13,27563,75.4633812457221,"Greatest","GLENN",""
"10000",70,"1927-03-04","Senate","IL",200,"GLENN, Otis Ferguson","G000238","1879-08-27",1,1,17355,47.5154004106776,"Missionary","GLENN",""
"10001",71,"1929-03-04","Senate","IL",200,"GLENN, Otis Ferguson","G000238","1879-08-27",2,2,18086,49.5167693360712,"Missionary","GLENN",""
"10002",72,"1931-03-04","Senate","IL",200,"GLENN, Otis Ferguson","G000238","1879-08-27",3,3,18816,51.5154004106776,"Missionary","GLENN",""
"10022",69,"1925-03-04","Senate","WV",200,"GOFF, Guy Despard","G000254","1866-09-13",1,1,21356,58.4695414099932,"Missionary","GOFF",""
"10023",70,"1927-03-04","Senate","WV",200,"GOFF, Guy Despard","G000254","1866-09-13",2,2,22086,60.4681724845996,"Missionary","GOFF",""
"10024",71,"1929-03-04","Senate","WV",200,"GOFF, Guy Despard","G000254","1866-09-13",3,3,22817,62.4695414099932,"Missionary","GOFF",""
"10033",71,"1929-03-04","Senate","MD",200,"GOLDSBOROUGH, Phillips Lee","G000262","1865-08-06",1,1,23220,63.5728952772074,"Missionary","GOLDSBOROUGH",""
"10034",72,"1931-03-04","Senate","MD",200,"GOLDSBOROUGH, Phillips Lee","G000262","1865-08-06",2,2,23950,65.5715263518138,"Missionary","GOLDSBOROUGH",""
"10035",73,"1933-03-04","Senate","MD",200,"GOLDSBOROUGH, Phillips Lee","G000262","1865-08-06",3,3,24681,67.5728952772074,"Missionary","GOLDSBOROUGH",""
"10046",83,"1953-01-03","Senate","AZ",200,"GOLDWATER, Barry Morris","G000267","1909-01-01",1,1,16073,44.0054757015743,"Greatest","GOLDWATER",""
"10047",84,"1955-01-03","Senate","AZ",200,"GOLDWATER, Barry Morris","G000267","1909-01-01",2,2,16803,46.0041067761807,"Greatest","GOLDWATER",""
"10048",85,"1957-01-03","Senate","AZ",200,"GOLDWATER, Barry Morris","G000267","1909-01-01",3,3,17534,48.0054757015743,"Greatest","GOLDWATER",""
"10049",86,"1959-01-03","Senate","AZ",200,"GOLDWATER, Barry Morris","G000267","1909-01-01",4,4,18264,50.0041067761807,"Greatest","GOLDWATER",""
"10050",87,"1961-01-03","Senate","AZ",200,"GOLDWATER, Barry Morris","G000267","1909-01-01",5,5,18995,52.0054757015743,"Greatest","GOLDWATER",""
"10051",88,"1963-01-03","Senate","AZ",200,"GOLDWATER, Barry Morris","G000267","1909-01-01",6,6,19725,54.0041067761807,"Greatest","GOLDWATER",""
"10052",91,"1969-01-03","Senate","AZ",200,"GOLDWATER, Barry Morris","G000267","1909-01-01",7,7,21917,60.0054757015743,"Greatest","GOLDWATER",""
"10053",92,"1971-01-03","Senate","AZ",200,"GOLDWATER, Barry Morris","G000267","1909-01-01",8,8,22647,62.0041067761807,"Greatest","GOLDWATER",""
"10054",93,"1973-01-03","Senate","AZ",200,"GOLDWATER, Barry Morris","G000267","1909-01-01",9,9,23378,64.0054757015743,"Greatest","GOLDWATER",""
"10055",94,"1975-01-03","Senate","AZ",200,"GOLDWATER, Barry Morris","G000267","1909-01-01",10,10,24108,66.0041067761807,"Greatest","GOLDWATER",""
"10056",95,"1977-01-03","Senate","AZ",200,"GOLDWATER, Barry Morris","G000267","1909-01-01",11,11,24839,68.0054757015743,"Greatest","GOLDWATER",""
"10057",96,"1979-01-03","Senate","AZ",200,"GOLDWATER, Barry Morris","G000267","1909-01-01",12,12,25569,70.0041067761807,"Greatest","GOLDWATER",""
"10058",97,"1981-01-03","Senate","AZ",200,"GOLDWATER, Barry Morris","G000267","1909-01-01",13,13,26300,72.0054757015743,"Greatest","GOLDWATER",""
"10059",98,"1983-01-03","Senate","AZ",200,"GOLDWATER, Barry Morris","G000267","1909-01-01",14,14,27030,74.0041067761807,"Greatest","GOLDWATER",""
"10060",99,"1985-01-03","Senate","AZ",200,"GOLDWATER, Barry Morris","G000267","1909-01-01",15,15,27761,76.0054757015743,"Greatest","GOLDWATER",""
"10101",91,"1969-01-03","Senate","NY",200,"GOODELL, Charles Ellsworth","G000282","1926-03-16",6,1,15634,42.8035592060233,"Greatest","GOODELL",""
"10102",66,"1919-03-04","Senate","ID",200,"GOODING, Frank Robert","G000288","1859-09-16",1,1,21718,59.460643394935,"Progressive","GOODING",""
"10103",67,"1921-03-04","Senate","ID",200,"GOODING, Frank Robert","G000288","1859-09-16",2,2,22449,61.4620123203285,"Progressive","GOODING",""
"10104",68,"1923-03-04","Senate","ID",200,"GOODING, Frank Robert","G000288","1859-09-16",3,3,23179,63.460643394935,"Progressive","GOODING",""
"10105",69,"1925-03-04","Senate","ID",200,"GOODING, Frank Robert","G000288","1859-09-16",4,4,23910,65.4620123203285,"Progressive","GOODING",""
"10106",70,"1927-03-04","Senate","ID",200,"GOODING, Frank Robert","G000288","1859-09-16",5,5,24640,67.460643394935,"Progressive","GOODING",""
"10184",83,"1953-01-03","Senate","TN",100,"GORE, Albert Arnold","G000320","1907-12-26",8,1,16445,45.0239561943874,"Greatest","GORE",""
"10185",84,"1955-01-03","Senate","TN",100,"GORE, Albert Arnold","G000320","1907-12-26",9,2,17175,47.0225872689938,"Greatest","GORE",""
"10186",85,"1957-01-03","Senate","TN",100,"GORE, Albert Arnold","G000320","1907-12-26",10,3,17906,49.0239561943874,"Greatest","GORE",""
"10187",86,"1959-01-03","Senate","TN",100,"GORE, Albert Arnold","G000320","1907-12-26",11,4,18636,51.0225872689938,"Greatest","GORE",""
"10188",87,"1961-01-03","Senate","TN",100,"GORE, Albert Arnold","G000320","1907-12-26",12,5,19367,53.0239561943874,"Greatest","GORE",""
"10189",88,"1963-01-03","Senate","TN",100,"GORE, Albert Arnold","G000320","1907-12-26",13,6,20097,55.0225872689938,"Greatest","GORE",""
"10190",89,"1965-01-03","Senate","TN",100,"GORE, Albert Arnold","G000320","1907-12-26",14,7,20828,57.0239561943874,"Greatest","GORE",""
"10191",90,"1967-01-03","Senate","TN",100,"GORE, Albert Arnold","G000320","1907-12-26",15,8,21558,59.0225872689938,"Greatest","GORE",""
"10192",91,"1969-01-03","Senate","TN",100,"GORE, Albert Arnold","G000320","1907-12-26",16,9,22289,61.0239561943874,"Greatest","GORE",""
"10197",99,"1985-01-03","Senate","TN",100,"GORE, Albert Arnold, Jr.","G000321","1948-03-31",5,1,13427,36.7611225188227,"Boomers","GORE",""
"10198",100,"1987-01-03","Senate","TN",100,"GORE, Albert Arnold, Jr.","G000321","1948-03-31",6,2,14157,38.7597535934292,"Boomers","GORE",""
"10199",101,"1989-01-03","Senate","TN",100,"GORE, Albert Arnold, Jr.","G000321","1948-03-31",7,3,14888,40.7611225188227,"Boomers","GORE",""
"10200",102,"1991-01-03","Senate","TN",100,"GORE, Albert Arnold, Jr.","G000321","1948-03-31",8,4,15618,42.7597535934292,"Boomers","GORE",""
"10201",66,"1919-03-04","Senate","OK",100,"GORE, Thomas Pryor","G000323","1870-12-10",7,7,17615,48.227241615332,"Missionary","GORE",""
"10202",72,"1931-03-04","Senate","OK",100,"GORE, Thomas Pryor","G000323","1870-12-10",8,8,21998,60.227241615332,"Missionary","GORE",""
"10203",73,"1933-03-04","Senate","OK",100,"GORE, Thomas Pryor","G000323","1870-12-10",9,9,22729,62.2286105407255,"Missionary","GORE",""
"10204",74,"1935-01-03","Senate","OK",100,"GORE, Thomas Pryor","G000323","1870-12-10",10,10,23399,64.062970568104,"Missionary","GORE",""
"10212",97,"1981-01-03","Senate","WA",200,"GORTON, Thomas Slade, III (Slade)","G000333","1928-01-08",1,1,19354,52.9883641341547,"Silent","GORTON",""
"10213",98,"1983-01-03","Senate","WA",200,"GORTON, Thomas Slade, III (Slade)","G000333","1928-01-08",2,2,20084,54.9869952087611,"Silent","GORTON",""
"10214",99,"1985-01-03","Senate","WA",200,"GORTON, Thomas Slade, III (Slade)","G000333","1928-01-08",3,3,20815,56.9883641341547,"Silent","GORTON",""
"10215",101,"1989-01-03","Senate","WA",200,"GORTON, Thomas Slade, III (Slade)","G000333","1928-01-08",4,4,22276,60.9883641341547,"Silent","GORTON",""
"10216",102,"1991-01-03","Senate","WA",200,"GORTON, Thomas Slade, III (Slade)","G000333","1928-01-08",5,5,23006,62.9869952087611,"Silent","GORTON",""
"10217",103,"1993-01-03","Senate","WA",200,"GORTON, Thomas Slade, III (Slade)","G000333","1928-01-08",6,6,23737,64.9883641341547,"Silent","GORTON",""
"10218",104,"1995-01-03","Senate","WA",200,"GORTON, Thomas Slade, III (Slade)","G000333","1928-01-08",7,7,24467,66.9869952087611,"Silent","GORTON",""
"10219",105,"1997-01-03","Senate","WA",200,"GORTON, Thomas Slade, III (Slade)","G000333","1928-01-08",8,8,25198,68.9883641341547,"Silent","GORTON",""
"10220",106,"1999-01-03","Senate","WA",200,"GORTON, Thomas Slade, III (Slade)","G000333","1928-01-08",9,9,25928,70.9869952087611,"Silent","GORTON",""
"10232",79,"1945-01-03","Senate","ID",100,"GOSSETT, Charles Clinton","G000337","1888-09-02",1,1,20576,56.3340177960301,"Lost","GOSSETT",""
"10240",69,"1925-03-04","Senate","ME",200,"GOULD, Arthur Robinson","G000340","1857-03-16",1,1,24824,67.9644079397673,"Progressive","GOULD",""
"10241",70,"1927-03-04","Senate","ME",200,"GOULD, Arthur Robinson","G000340","1857-03-16",2,2,25554,69.9630390143737,"Progressive","GOULD",""
"10242",71,"1929-03-04","Senate","ME",200,"GOULD, Arthur Robinson","G000340","1857-03-16",3,3,26285,71.9644079397673,"Progressive","GOULD",""
"10257",100,"1987-01-03","Senate","FL",100,"GRAHAM, Daniel Robert (Bob)","G000352","1936-11-09",1,1,18317,50.1492128678987,"Silent","GRAHAM",""
"10258",101,"1989-01-03","Senate","FL",100,"GRAHAM, Daniel Robert (Bob)","G000352","1936-11-09",2,2,19048,52.1505817932923,"Silent","GRAHAM",""
"10259",102,"1991-01-03","Senate","FL",100,"GRAHAM, Daniel Robert (Bob)","G000352","1936-11-09",3,3,19778,54.1492128678987,"Silent","GRAHAM",""
"10260",103,"1993-01-03","Senate","FL",100,"GRAHAM, Daniel Robert (Bob)","G000352","1936-11-09",4,4,20509,56.1505817932923,"Silent","GRAHAM",""
"10261",104,"1995-01-03","Senate","FL",100,"GRAHAM, Daniel Robert (Bob)","G000352","1936-11-09",5,5,21239,58.1492128678987,"Silent","GRAHAM",""
"10262",105,"1997-01-03","Senate","FL",100,"GRAHAM, Daniel Robert (Bob)","G000352","1936-11-09",6,6,21970,60.1505817932923,"Silent","GRAHAM",""
"10263",106,"1999-01-03","Senate","FL",100,"GRAHAM, Daniel Robert (Bob)","G000352","1936-11-09",7,7,22700,62.1492128678987,"Silent","GRAHAM",""
"10264",107,"2001-01-03","Senate","FL",100,"GRAHAM, Daniel Robert (Bob)","G000352","1936-11-09",8,8,23431,64.1505817932923,"Silent","GRAHAM",""
"10265",108,"2003-01-03","Senate","FL",100,"GRAHAM, Daniel Robert (Bob)","G000352","1936-11-09",9,9,24161,66.1492128678987,"Silent","GRAHAM",""
"10266",81,"1949-01-03","Senate","NC",100,"GRAHAM, Frank Porter","G000353","1886-10-14",1,1,22726,62.2203969883641,"Lost","GRAHAM",""
"10278",108,"2003-01-03","Senate","SC",200,"GRAHAM, Lindsey O.","G000359","1955-07-09",5,1,17345,47.4880219028063,"Boomers","GRAHAM",""
"10279",109,"2005-01-03","Senate","SC",200,"GRAHAM, Lindsey O.","G000359","1955-07-09",6,2,18076,49.4893908281999,"Boomers","GRAHAM",""
"10280",110,"2007-01-03","Senate","SC",200,"GRAHAM, Lindsey O.","G000359","1955-07-09",7,3,18806,51.4880219028063,"Boomers","GRAHAM",""
"10281",111,"2009-01-03","Senate","SC",200,"GRAHAM, Lindsey O.","G000359","1955-07-09",8,4,19537,53.4893908281999,"Boomers","GRAHAM",""
"10282",112,"2011-01-03","Senate","SC",200,"GRAHAM, Lindsey O.","G000359","1955-07-09",9,5,20267,55.4880219028063,"Boomers","GRAHAM",""
"10283",113,"2013-01-03","Senate","SC",200,"GRAHAM, Lindsey O.","G000359","1955-07-09",10,6,20998,57.4893908281999,"Boomers","GRAHAM",""
"10284",114,"2015-01-03","Senate","SC",200,"GRAHAM, Lindsey O.","G000359","1955-07-09",11,7,21728,59.4880219028063,"Boomers","GRAHAM",""
"10285",115,"2017-01-03","Senate","SC",200,"GRAHAM, Lindsey O.","G000359","1955-07-09",12,8,22459,61.4893908281999,"Boomers","GRAHAM",""
"10286",116,"2019-01-03","Senate","SC",200,"GRAHAM, Lindsey O.","G000359","1955-07-09",13,9,23189,63.4880219028063,"Boomers","GRAHAM",""
"10287",117,"2021-01-03","Senate","SC",200,"GRAHAM, Lindsey O.","G000359","1955-07-09",14,10,23920,65.4893908281999,"Boomers","GRAHAM",""
"10288",118,"2023-01-03","Senate","SC",200,"GRAHAM, Lindsey O.","G000359","1955-07-09",15,11,24650,67.4880219028063,"Boomers","GRAHAM",""
"10303",99,"1985-01-03","Senate","TX",200,"GRAMM, William Philip (Phil)","G000365","1942-07-08",4,1,15520,42.4914442162902,"Silent","GRAMM",""
"10304",100,"1987-01-03","Senate","TX",200,"GRAMM, William Philip (Phil)","G000365","1942-07-08",5,2,16250,44.4900752908966,"Silent","GRAMM",""
"10305",101,"1989-01-03","Senate","TX",200,"GRAMM, William Philip (Phil)","G000365","1942-07-08",6,3,16981,46.4914442162902,"Silent","GRAMM",""
"10306",102,"1991-01-03","Senate","TX",200,"GRAMM, William Philip (Phil)","G000365","1942-07-08",7,4,17711,48.4900752908966,"Silent","GRAMM",""
"10307",103,"1993-01-03","Senate","TX",200,"GRAMM, William Philip (Phil)","G000365","1942-07-08",8,5,18442,50.4914442162902,"Silent","GRAMM",""
"10308",104,"1995-01-03","Senate","TX",200,"GRAMM, William Philip (Phil)","G000365","1942-07-08",9,6,19172,52.4900752908966,"Silent","GRAMM",""
"10309",105,"1997-01-03","Senate","TX",200,"GRAMM, William Philip (Phil)","G000365","1942-07-08",10,7,19903,54.4914442162902,"Silent","GRAMM",""
"10310",106,"1999-01-03","Senate","TX",200,"GRAMM, William Philip (Phil)","G000365","1942-07-08",11,8,20633,56.4900752908966,"Silent","GRAMM",""
"10311",107,"2001-01-03","Senate","TX",200,"GRAMM, William Philip (Phil)","G000365","1942-07-08",12,9,21364,58.4914442162902,"Silent","GRAMM",""
"10312",72,"1931-03-04","Senate","WA",200,"GRAMMER, Elijah Sherman","G000366","1868-04-03",1,1,22979,62.9130732375086,"Missionary","GRAMMER",""
"10314",104,"1995-01-03","Senate","MN",200,"GRAMS, Rod","G000367","1948-02-04",2,1,17135,46.9130732375086,"Boomers","GRAMS",""
"10315",105,"1997-01-03","Senate","MN",200,"GRAMS, Rod","G000367","1948-02-04",3,2,17866,48.9144421629021,"Boomers","GRAMS",""
"10316",106,"1999-01-03","Senate","MN",200,"GRAMS, Rod","G000367","1948-02-04",4,3,18596,50.9130732375086,"Boomers","GRAMS",""
"10379",97,"1981-01-03","Senate","IA",200,"GRASSLEY, Charles Ernest","G000386","1933-09-17",4,1,17275,47.296372347707,"Silent","GRASSLEY",""
"10380",98,"1983-01-03","Senate","IA",200,"GRASSLEY, Charles Ernest","G000386","1933-09-17",5,2,18005,49.2950034223135,"Silent","GRASSLEY",""
"10381",99,"1985-01-03","Senate","IA",200,"GRASSLEY, Charles Ernest","G000386","1933-09-17",6,3,18736,51.296372347707,"Silent","GRASSLEY",""
"10382",100,"1987-01-03","Senate","IA",200,"GRASSLEY, Charles Ernest","G000386","1933-09-17",7,4,19466,53.2950034223135,"Silent","GRASSLEY",""
"10383",101,"1989-01-03","Senate","IA",200,"GRASSLEY, Charles Ernest","G000386","1933-09-17",8,5,20197,55.296372347707,"Silent","GRASSLEY",""
"10384",102,"1991-01-03","Senate","IA",200,"GRASSLEY, Charles Ernest","G000386","1933-09-17",9,6,20927,57.2950034223135,"Silent","GRASSLEY",""
"10385",103,"1993-01-03","Senate","IA",200,"GRASSLEY, Charles Ernest","G000386","1933-09-17",10,7,21658,59.296372347707,"Silent","GRASSLEY",""
"10386",104,"1995-01-03","Senate","IA",200,"GRASSLEY, Charles Ernest","G000386","1933-09-17",11,8,22388,61.2950034223135,"Silent","GRASSLEY",""
"10387",105,"1997-01-03","Senate","IA",200,"GRASSLEY, Charles Ernest","G000386","1933-09-17",12,9,23119,63.296372347707,"Silent","GRASSLEY",""
"10388",106,"1999-01-03","Senate","IA",200,"GRASSLEY, Charles Ernest","G000386","1933-09-17",13,10,23849,65.2950034223135,"Silent","GRASSLEY",""
"10389",107,"2001-01-03","Senate","IA",200,"GRASSLEY, Charles Ernest","G000386","1933-09-17",14,11,24580,67.296372347707,"Silent","GRASSLEY",""
"10390",108,"2003-01-03","Senate","IA",200,"GRASSLEY, Charles Ernest","G000386","1933-09-17",15,12,25310,69.2950034223135,"Silent","GRASSLEY",""
"10391",109,"2005-01-03","Senate","IA",200,"GRASSLEY, Charles Ernest","G000386","1933-09-17",16,13,26041,71.296372347707,"Silent","GRASSLEY",""
"10392",110,"2007-01-03","Senate","IA",200,"GRASSLEY, Charles Ernest","G000386","1933-09-17",17,14,26771,73.2950034223135,"Silent","GRASSLEY",""
"10393",111,"2009-01-03","Senate","IA",200,"GRASSLEY, Charles Ernest","G000386","1933-09-17",18,15,27502,75.296372347707,"Silent","GRASSLEY",""
"10394",112,"2011-01-03","Senate","IA",200,"GRASSLEY, Charles Ernest","G000386","1933-09-17",19,16,28232,77.2950034223135,"Silent","GRASSLEY",""
"10395",113,"2013-01-03","Senate","IA",200,"GRASSLEY, Charles Ernest","G000386","1933-09-17",20,17,28963,79.296372347707,"Silent","GRASSLEY",""
"10396",114,"2015-01-03","Senate","IA",200,"GRASSLEY, Charles Ernest","G000386","1933-09-17",21,18,29693,81.2950034223135,"Silent","GRASSLEY",""
"10397",115,"2017-01-03","Senate","IA",200,"GRASSLEY, Charles Ernest","G000386","1933-09-17",22,19,30424,83.296372347707,"Silent","GRASSLEY",""
"10398",116,"2019-01-03","Senate","IA",200,"GRASSLEY, Charles Ernest","G000386","1933-09-17",23,20,31154,85.2950034223135,"Silent","GRASSLEY",""
"10399",117,"2021-01-03","Senate","IA",200,"GRASSLEY, Charles Ernest","G000386","1933-09-17",24,21,31885,87.296372347707,"Silent","GRASSLEY",""
"10400",118,"2023-01-03","Senate","IA",200,"GRASSLEY, Charles Ernest","G000386","1933-09-17",25,22,32615,89.2950034223135,"Silent","GRASSLEY",""
"10403",91,"1969-01-03","Senate","AK",100,"GRAVEL, Maurice Robert (Mike)","G000388","1930-05-13",1,1,14115,38.6447638603696,"Silent","GRAVEL",""
"10404",92,"1971-01-03","Senate","AK",100,"GRAVEL, Maurice Robert (Mike)","G000388","1930-05-13",2,2,14845,40.643394934976,"Silent","GRAVEL",""
"10405",93,"1973-01-03","Senate","AK",100,"GRAVEL, Maurice Robert (Mike)","G000388","1930-05-13",3,3,15576,42.6447638603696,"Silent","GRAVEL",""
"10406",94,"1975-01-03","Senate","AK",100,"GRAVEL, Maurice Robert (Mike)","G000388","1930-05-13",4,4,16306,44.643394934976,"Silent","GRAVEL",""
"10407",95,"1977-01-03","Senate","AK",100,"GRAVEL, Maurice Robert (Mike)","G000388","1930-05-13",5,5,17037,46.6447638603696,"Silent","GRAVEL",""
"10408",96,"1979-01-03","Senate","AK",100,"GRAVEL, Maurice Robert (Mike)","G000388","1930-05-13",6,6,17767,48.643394934976,"Silent","GRAVEL",""
"10409",75,"1937-01-03","Senate","AL",100,"GRAVES, Dixie Bibb","G000391","1882-07-26",1,1,19884,54.4394250513347,"Missionary","GRAVES",""
"10476",75,"1937-01-03","Senate","RI",100,"GREEN, Theodore Francis","G000418","1867-10-02",1,1,25295,69.2539356605065,"Missionary","GREEN",""
"10477",76,"1939-01-03","Senate","RI",100,"GREEN, Theodore Francis","G000418","1867-10-02",2,2,26025,71.2525667351129,"Missionary","GREEN",""
"10478",77,"1941-01-03","Senate","RI",100,"GREEN, Theodore Francis","G000418","1867-10-02",3,3,26756,73.2539356605065,"Missionary","GREEN",""
"10479",78,"1943-01-03","Senate","RI",100,"GREEN, Theodore Francis","G000418","1867-10-02",4,4,27486,75.2525667351129,"Missionary","GREEN",""
"10480",79,"1945-01-03","Senate","RI",100,"GREEN, Theodore Francis","G000418","1867-10-02",5,5,28217,77.2539356605065,"Missionary","GREEN",""
"10481",80,"1947-01-03","Senate","RI",100,"GREEN, Theodore Francis","G000418","1867-10-02",6,6,28947,79.2525667351129,"Missionary","GREEN",""
"10482",81,"1949-01-03","Senate","RI",100,"GREEN, Theodore Francis","G000418","1867-10-02",7,7,29678,81.2539356605065,"Missionary","GREEN",""
"10483",82,"1951-01-03","Senate","RI",100,"GREEN, Theodore Francis","G000418","1867-10-02",8,8,30408,83.2525667351129,"Missionary","GREEN",""
"10484",83,"1953-01-03","Senate","RI",100,"GREEN, Theodore Francis","G000418","1867-10-02",9,9,31139,85.2539356605065,"Missionary","GREEN",""
"10485",84,"1955-01-03","Senate","RI",100,"GREEN, Theodore Francis","G000418","1867-10-02",10,10,31869,87.2525667351129,"Missionary","GREEN",""
"10486",85,"1957-01-03","Senate","RI",100,"GREEN, Theodore Francis","G000418","1867-10-02",11,11,32600,89.2539356605065,"Missionary","GREEN",""
"10487",86,"1959-01-03","Senate","RI",100,"GREEN, Theodore Francis","G000418","1867-10-02",12,12,33330,91.2525667351129,"Missionary","GREEN",""
"10511",68,"1923-03-04","Senate","VT",200,"GREENE, Frank Lester","G000425","1870-02-10",7,1,19379,53.056810403833,"Missionary","GREENE",""
"10512",69,"1925-03-04","Senate","VT",200,"GREENE, Frank Lester","G000425","1870-02-10",8,2,20110,55.0581793292266,"Missionary","GREENE",""
"10513",70,"1927-03-04","Senate","VT",200,"GREENE, Frank Lester","G000425","1870-02-10",9,3,20840,57.056810403833,"Missionary","GREENE",""
"10514",71,"1929-03-04","Senate","VT",200,"GREENE, Frank Lester","G000425","1870-02-10",10,4,21571,59.0581793292266,"Missionary","GREENE",""
"10541",103,"1993-01-03","Senate","NH",200,"GREGG, Judd Alan","G000445","1947-02-14",5,1,16760,45.886379192334,"Boomers","GREGG",""
"10542",104,"1995-01-03","Senate","NH",200,"GREGG, Judd Alan","G000445","1947-02-14",6,2,17490,47.8850102669405,"Boomers","GREGG",""
"10543",105,"1997-01-03","Senate","NH",200,"GREGG, Judd Alan","G000445","1947-02-14",7,3,18221,49.886379192334,"Boomers","GREGG",""
"10544",106,"1999-01-03","Senate","NH",200,"GREGG, Judd Alan","G000445","1947-02-14",8,4,18951,51.8850102669405,"Boomers","GREGG",""
"10545",107,"2001-01-03","Senate","NH",200,"GREGG, Judd Alan","G000445","1947-02-14",9,5,19682,53.886379192334,"Boomers","GREGG",""
"10546",108,"2003-01-03","Senate","NH",200,"GREGG, Judd Alan","G000445","1947-02-14",10,6,20412,55.8850102669405,"Boomers","GREGG",""
"10547",109,"2005-01-03","Senate","NH",200,"GREGG, Judd Alan","G000445","1947-02-14",11,7,21143,57.886379192334,"Boomers","GREGG",""
"10548",110,"2007-01-03","Senate","NH",200,"GREGG, Judd Alan","G000445","1947-02-14",12,8,21873,59.8850102669405,"Boomers","GREGG",""
"10549",111,"2009-01-03","Senate","NH",200,"GREGG, Judd Alan","G000445","1947-02-14",13,9,22604,61.886379192334,"Boomers","GREGG",""
"10591",90,"1967-01-03","Senate","MI",200,"GRIFFIN, Robert Paul","G000465","1923-11-06",6,1,15764,43.1594798083504,"Greatest","GRIFFIN",""
"10592",91,"1969-01-03","Senate","MI",200,"GRIFFIN, Robert Paul","G000465","1923-11-06",7,2,16495,45.160848733744,"Greatest","GRIFFIN",""
"10593",92,"1971-01-03","Senate","MI",200,"GRIFFIN, Robert Paul","G000465","1923-11-06",8,3,17225,47.1594798083504,"Greatest","GRIFFIN",""
"10594",93,"1973-01-03","Senate","MI",200,"GRIFFIN, Robert Paul","G000465","1923-11-06",9,4,17956,49.160848733744,"Greatest","GRIFFIN",""
"10595",94,"1975-01-03","Senate","MI",200,"GRIFFIN, Robert Paul","G000465","1923-11-06",10,5,18686,51.1594798083504,"Greatest","GRIFFIN",""
"10596",95,"1977-01-03","Senate","MI",200,"GRIFFIN, Robert Paul","G000465","1923-11-06",11,6,19417,53.160848733744,"Greatest","GRIFFIN",""
"10614",82,"1951-01-03","Senate","NE",200,"GRISWOLD, Dwight Palmer","G000481","1893-11-27",1,1,20855,57.09787816564,"Lost","GRISWOLD",""
"10615",83,"1953-01-03","Senate","NE",200,"GRISWOLD, Dwight Palmer","G000481","1893-11-27",2,2,21586,59.0992470910335,"Lost","GRISWOLD",""
"10621",66,"1919-03-04","Senate","ND",200,"GRONNA, Asle Jorgenson","G000491","1858-12-10",8,5,21998,60.227241615332,"Progressive","GRONNA",""
"10646",86,"1959-01-03","Senate","AK",100,"GRUENING, Ernest Henry","G000508","1887-02-06",1,1,26263,71.9041752224504,"Lost","GRUENING",""
"10647",87,"1961-01-03","Senate","AK",100,"GRUENING, Ernest Henry","G000508","1887-02-06",2,2,26994,73.9055441478439,"Lost","GRUENING",""
"10648",88,"1963-01-03","Senate","AK",100,"GRUENING, Ernest Henry","G000508","1887-02-06",3,3,27724,75.9041752224504,"Lost","GRUENING",""
"10649",89,"1965-01-03","Senate","AK",100,"GRUENING, Ernest Henry","G000508","1887-02-06",4,4,28455,77.9055441478439,"Lost","GRUENING",""
"10650",90,"1967-01-03","Senate","AK",100,"GRUENING, Ernest Henry","G000508","1887-02-06",5,5,29185,79.9041752224504,"Lost","GRUENING",""
"10651",71,"1929-03-04","Senate","PA",200,"GRUNDY, Joseph Ridgway","G000510","1863-01-13",1,1,24156,66.135523613963,"Missionary","GRUNDY",""
"10677",74,"1935-01-03","Senate","PA",100,"GUFFEY, Joseph F.","G000519","1870-12-29",1,1,23380,64.0109514031485,"Missionary","GUFFEY",""
"10678",75,"1937-01-03","Senate","PA",100,"GUFFEY, Joseph F.","G000519","1870-12-29",2,2,24111,66.0123203285421,"Missionary","GUFFEY",""
"10679",76,"1939-01-03","Senate","PA",100,"GUFFEY, Joseph F.","G000519","1870-12-29",3,3,24841,68.0109514031485,"Missionary","GUFFEY",""
"10680",77,"1941-01-03","Senate","PA",100,"GUFFEY, Joseph F.","G000519","1870-12-29",4,4,25572,70.0123203285421,"Missionary","GUFFEY",""
"10681",78,"1943-01-03","Senate","PA",100,"GUFFEY, Joseph F.","G000519","1870-12-29",5,5,26302,72.0109514031485,"Missionary","GUFFEY",""
"10682",79,"1945-01-03","Senate","PA",100,"GUFFEY, Joseph F.","G000519","1870-12-29",6,6,27033,74.0123203285421,"Missionary","GUFFEY",""
"10696",91,"1969-01-03","Senate","FL",200,"GURNEY, Edward John","G000531","1914-01-12",4,1,20080,54.9760438056126,"Greatest","GURNEY",""
"10697",92,"1971-01-03","Senate","FL",200,"GURNEY, Edward John","G000531","1914-01-12",5,2,20810,56.974674880219,"Greatest","GURNEY",""
"10698",93,"1973-01-03","Senate","FL",200,"GURNEY, Edward John","G000531","1914-01-12",6,3,21541,58.9760438056126,"Greatest","GURNEY",""
"10699",76,"1939-01-03","Senate","SD",200,"GURNEY, John Chandler (Chan)","G000532","1896-05-21",1,1,15566,42.6173853524983,"Lost","GURNEY",""
"10700",77,"1941-01-03","Senate","SD",200,"GURNEY, John Chandler (Chan)","G000532","1896-05-21",2,2,16297,44.6187542778919,"Lost","GURNEY",""
"10701",78,"1943-01-03","Senate","SD",200,"GURNEY, John Chandler (Chan)","G000532","1896-05-21",3,3,17027,46.6173853524983,"Lost","GURNEY",""
"10702",79,"1945-01-03","Senate","SD",200,"GURNEY, John Chandler (Chan)","G000532","1896-05-21",4,4,17758,48.6187542778919,"Lost","GURNEY",""
"10703",80,"1947-01-03","Senate","SD",200,"GURNEY, John Chandler (Chan)","G000532","1896-05-21",5,5,18488,50.6173853524983,"Lost","GURNEY",""
"10704",81,"1949-01-03","Senate","SD",200,"GURNEY, John Chandler (Chan)","G000532","1896-05-21",6,6,19219,52.6187542778919,"Lost","GURNEY",""
"10830",111,"2009-01-03","Senate","NY",100,"GILLIBRAND, Kirsten","G000555","1966-12-09",2,1,15366,42.0698151950719,"Gen X","GILLIBRAND",""
"10831",112,"2011-01-03","Senate","NY",100,"GILLIBRAND, Kirsten","G000555","1966-12-09",3,2,16096,44.0684462696783,"Gen X","GILLIBRAND",""
"10832",113,"2013-01-03","Senate","NY",100,"GILLIBRAND, Kirsten","G000555","1966-12-09",4,3,16827,46.0698151950719,"Gen X","GILLIBRAND",""
"10833",114,"2015-01-03","Senate","NY",100,"GILLIBRAND, Kirsten","G000555","1966-12-09",5,4,17557,48.0684462696783,"Gen X","GILLIBRAND",""
"10834",115,"2017-01-03","Senate","NY",100,"GILLIBRAND, Kirsten","G000555","1966-12-09",6,5,18288,50.0698151950719,"Gen X","GILLIBRAND",""
"10835",116,"2019-01-03","Senate","NY",100,"GILLIBRAND, Kirsten","G000555","1966-12-09",7,6,19018,52.0684462696783,"Gen X","GILLIBRAND",""
"10836",117,"2021-01-03","Senate","NY",100,"GILLIBRAND, Kirsten","G000555","1966-12-09",8,7,19749,54.0698151950719,"Gen X","GILLIBRAND",""
"10837",118,"2023-01-03","Senate","NY",100,"GILLIBRAND, Kirsten","G000555","1966-12-09",9,8,20479,56.0684462696783,"Gen X","GILLIBRAND",""
"10864",111,"2009-01-03","Senate","WV",100,"GOODWIN, Carte P.","G000561","1974-02-27",1,1,12729,34.8501026694045,"Gen X","GOODWIN",""
"10867",114,"2015-01-03","Senate","CO",200,"GARDNER, Cory","G000562","1974-08-22",3,1,14744,40.3668720054757,"Gen X","GARDNER",""
"10868",115,"2017-01-03","Senate","CO",200,"GARDNER, Cory","G000562","1974-08-22",4,2,15475,42.3682409308693,"Gen X","GARDNER",""
"10869",116,"2019-01-03","Senate","CO",200,"GARDNER, Cory","G000562","1974-08-22",5,3,16205,44.3668720054757,"Gen X","GARDNER",""
"11020",66,"1919-03-04","Senate","ME",200,"HALE, Frederick","H000031","1874-10-07",2,2,16218,44.4024640657084,"Missionary","HALE",""
"11021",67,"1921-03-04","Senate","ME",200,"HALE, Frederick","H000031","1874-10-07",3,3,16949,46.403832991102,"Missionary","HALE",""
"11022",68,"1923-03-04","Senate","ME",200,"HALE, Frederick","H000031","1874-10-07",4,4,17679,48.4024640657084,"Missionary","HALE",""
"11023",69,"1925-03-04","Senate","ME",200,"HALE, Frederick","H000031","1874-10-07",5,5,18410,50.403832991102,"Missionary","HALE",""
"11024",70,"1927-03-04","Senate","ME",200,"HALE, Frederick","H000031","1874-10-07",6,6,19140,52.4024640657084,"Missionary","HALE",""
"11025",71,"1929-03-04","Senate","ME",200,"HALE, Frederick","H000031","1874-10-07",7,7,19871,54.403832991102,"Missionary","HALE",""
"11026",72,"1931-03-04","Senate","ME",200,"HALE, Frederick","H000031","1874-10-07",8,8,20601,56.4024640657084,"Missionary","HALE",""
"11027",73,"1933-03-04","Senate","ME",200,"HALE, Frederick","H000031","1874-10-07",9,9,21332,58.403832991102,"Missionary","HALE",""
"11028",74,"1935-01-03","Senate","ME",200,"HALE, Frederick","H000031","1874-10-07",10,10,22002,60.2381930184805,"Missionary","HALE",""
"11029",75,"1937-01-03","Senate","ME",200,"HALE, Frederick","H000031","1874-10-07",11,11,22733,62.2395619438741,"Missionary","HALE",""
"11030",76,"1939-01-03","Senate","ME",200,"HALE, Frederick","H000031","1874-10-07",12,12,23463,64.2381930184805,"Missionary","HALE",""
"11123",78,"1943-01-03","Senate","SC",100,"HALL, Wilton Earle","H000080","1901-03-11",1,1,15273,41.8151950718686,"Greatest","HALL",""
"11236",90,"1967-01-03","Senate","WY",200,"HANSEN, Clifford Peter","H000170","1912-10-16",1,1,19802,54.2149212867899,"Greatest","HANSEN",""
"11237",91,"1969-01-03","Senate","WY",200,"HANSEN, Clifford Peter","H000170","1912-10-16",2,2,20533,56.2162902121834,"Greatest","HANSEN",""
"11238",92,"1971-01-03","Senate","WY",200,"HANSEN, Clifford Peter","H000170","1912-10-16",3,3,21263,58.2149212867899,"Greatest","HANSEN",""
"11239",93,"1973-01-03","Senate","WY",200,"HANSEN, Clifford Peter","H000170","1912-10-16",4,4,21994,60.2162902121834,"Greatest","HANSEN",""
"11240",94,"1975-01-03","Senate","WY",200,"HANSEN, Clifford Peter","H000170","1912-10-16",5,5,22724,62.2149212867899,"Greatest","HANSEN",""
"11241",95,"1977-01-03","Senate","WY",200,"HANSEN, Clifford Peter","H000170","1912-10-16",6,6,23455,64.2162902121834,"Greatest","HANSEN",""
"11279",66,"1919-03-04","Senate","OH",200,"HARDING, Warren Gamaliel","H000192","1865-11-02",3,3,19479,53.3305954825462,"Missionary","HARDING",""
"11315",99,"1985-01-03","Senate","IA",100,"HARKIN, Thomas Richard (Tom)","H000206","1939-11-19",6,1,16482,45.1252566735113,"Silent","HARKIN",""
"11316",100,"1987-01-03","Senate","IA",100,"HARKIN, Thomas Richard (Tom)","H000206","1939-11-19",7,2,17212,47.1238877481177,"Silent","HARKIN",""
"11317",101,"1989-01-03","Senate","IA",100,"HARKIN, Thomas Richard (Tom)","H000206","1939-11-19",8,3,17943,49.1252566735113,"Silent","HARKIN",""
"11318",102,"1991-01-03","Senate","IA",100,"HARKIN, Thomas Richard (Tom)","H000206","1939-11-19",9,4,18673,51.1238877481177,"Silent","HARKIN",""
"11319",103,"1993-01-03","Senate","IA",100,"HARKIN, Thomas Richard (Tom)","H000206","1939-11-19",10,5,19404,53.1252566735113,"Silent","HARKIN",""
"11320",104,"1995-01-03","Senate","IA",100,"HARKIN, Thomas Richard (Tom)","H000206","1939-11-19",11,6,20134,55.1238877481177,"Silent","HARKIN",""
"11321",105,"1997-01-03","Senate","IA",100,"HARKIN, Thomas Richard (Tom)","H000206","1939-11-19",12,7,20865,57.1252566735113,"Silent","HARKIN",""
"11322",106,"1999-01-03","Senate","IA",100,"HARKIN, Thomas Richard (Tom)","H000206","1939-11-19",13,8,21595,59.1238877481177,"Silent","HARKIN",""
"11323",107,"2001-01-03","Senate","IA",100,"HARKIN, Thomas Richard (Tom)","H000206","1939-11-19",14,9,22326,61.1252566735113,"Silent","HARKIN",""
"11324",108,"2003-01-03","Senate","IA",100,"HARKIN, Thomas Richard (Tom)","H000206","1939-11-19",15,10,23056,63.1238877481177,"Silent","HARKIN",""
"11325",109,"2005-01-03","Senate","IA",100,"HARKIN, Thomas Richard (Tom)","H000206","1939-11-19",16,11,23787,65.1252566735113,"Silent","HARKIN",""
"11326",110,"2007-01-03","Senate","IA",100,"HARKIN, Thomas Richard (Tom)","H000206","1939-11-19",17,12,24517,67.1238877481177,"Silent","HARKIN",""
"11327",111,"2009-01-03","Senate","IA",100,"HARKIN, Thomas Richard (Tom)","H000206","1939-11-19",18,13,25248,69.1252566735113,"Silent","HARKIN",""
"11328",112,"2011-01-03","Senate","IA",100,"HARKIN, Thomas Richard (Tom)","H000206","1939-11-19",19,14,25978,71.1238877481177,"Silent","HARKIN",""
"11329",113,"2013-01-03","Senate","IA",100,"HARKIN, Thomas Richard (Tom)","H000206","1939-11-19",20,15,26709,73.1252566735113,"Silent","HARKIN",""
"11353",67,"1921-03-04","Senate","OK",200,"HARRELD, John William","H000227","1872-01-24",2,1,17936,49.1060917180014,"Missionary","HARRELD",""
"11354",68,"1923-03-04","Senate","OK",200,"HARRELD, John William","H000227","1872-01-24",3,2,18666,51.1047227926078,"Missionary","HARRELD",""
"11355",69,"1925-03-04","Senate","OK",200,"HARRELD, John William","H000227","1872-01-24",4,3,19397,53.1060917180014,"Missionary","HARRELD",""
"11367",88,"1963-01-03","Senate","OK",100,"HARRIS, Fred Roy","H000237","1930-11-13",1,1,11739,32.1396303901437,"Silent","HARRIS",""
"11368",89,"1965-01-03","Senate","OK",100,"HARRIS, Fred Roy","H000237","1930-11-13",2,2,12470,34.1409993155373,"Silent","HARRIS",""
"11369",90,"1967-01-03","Senate","OK",100,"HARRIS, Fred Roy","H000237","1930-11-13",3,3,13200,36.1396303901437,"Silent","HARRIS",""
"11370",91,"1969-01-03","Senate","OK",100,"HARRIS, Fred Roy","H000237","1930-11-13",4,4,13931,38.1409993155373,"Silent","HARRIS",""
"11371",92,"1971-01-03","Senate","OK",100,"HARRIS, Fred Roy","H000237","1930-11-13",5,5,14661,40.1396303901437,"Silent","HARRIS",""
"11388",66,"1919-03-04","Senate","GA",100,"HARRIS, William Julius","H000259","1868-02-03",1,1,18656,51.0773442847365,"Missionary","HARRIS",""
"11389",67,"1921-03-04","Senate","GA",100,"HARRIS, William Julius","H000259","1868-02-03",2,2,19387,53.07871321013,"Missionary","HARRIS",""
"11390",68,"1923-03-04","Senate","GA",100,"HARRIS, William Julius","H000259","1868-02-03",3,3,20117,55.0773442847365,"Missionary","HARRIS",""
"11391",69,"1925-03-04","Senate","GA",100,"HARRIS, William Julius","H000259","1868-02-03",4,4,20848,57.07871321013,"Missionary","HARRIS",""
"11392",70,"1927-03-04","Senate","GA",100,"HARRIS, William Julius","H000259","1868-02-03",5,5,21578,59.0773442847365,"Missionary","HARRIS",""
"11393",71,"1929-03-04","Senate","GA",100,"HARRIS, William Julius","H000259","1868-02-03",6,6,22309,61.07871321013,"Missionary","HARRIS",""
"11394",72,"1931-03-04","Senate","GA",100,"HARRIS, William Julius","H000259","1868-02-03",7,7,23039,63.0773442847365,"Missionary","HARRIS",""
"11406",66,"1919-03-04","Senate","MS",100,"HARRISON, Byron Patton (Pat)","H000265","1881-08-29",5,1,13700,37.5085557837098,"Missionary","HARRISON",""
"11407",67,"1921-03-04","Senate","MS",100,"HARRISON, Byron Patton (Pat)","H000265","1881-08-29",6,2,14431,39.5099247091034,"Missionary","HARRISON",""
"11408",68,"1923-03-04","Senate","MS",100,"HARRISON, Byron Patton (Pat)","H000265","1881-08-29",7,3,15161,41.5085557837098,"Missionary","HARRISON",""
"11409",69,"1925-03-04","Senate","MS",100,"HARRISON, Byron Patton (Pat)","H000265","1881-08-29",8,4,15892,43.5099247091034,"Missionary","HARRISON",""
"11410",70,"1927-03-04","Senate","MS",100,"HARRISON, Byron Patton (Pat)","H000265","1881-08-29",9,5,16622,45.5085557837098,"Missionary","HARRISON",""
"11411",71,"1929-03-04","Senate","MS",100,"HARRISON, Byron Patton (Pat)","H000265","1881-08-29",10,6,17353,47.5099247091034,"Missionary","HARRISON",""
"11412",72,"1931-03-04","Senate","MS",100,"HARRISON, Byron Patton (Pat)","H000265","1881-08-29",11,7,18083,49.5085557837098,"Missionary","HARRISON",""
"11413",73,"1933-03-04","Senate","MS",100,"HARRISON, Byron Patton (Pat)","H000265","1881-08-29",12,8,18814,51.5099247091034,"Missionary","HARRISON",""
"11414",74,"1935-01-03","Senate","MS",100,"HARRISON, Byron Patton (Pat)","H000265","1881-08-29",13,9,19484,53.3442847364819,"Missionary","HARRISON",""
"11415",75,"1937-01-03","Senate","MS",100,"HARRISON, Byron Patton (Pat)","H000265","1881-08-29",14,10,20215,55.3456536618754,"Missionary","HARRISON",""
"11416",76,"1939-01-03","Senate","MS",100,"HARRISON, Byron Patton (Pat)","H000265","1881-08-29",15,11,20945,57.3442847364819,"Missionary","HARRISON",""
"11417",77,"1941-01-03","Senate","MS",100,"HARRISON, Byron Patton (Pat)","H000265","1881-08-29",16,12,21676,59.3456536618754,"Missionary","HARRISON",""
"11419",117,"2021-01-03","Senate","CO",100,"HICKENLOOPER, John Wright","H000273","1952-02-07",1,1,25168,68.9062286105407,"Boomers","HICKENLOOPER",""
"11420",118,"2023-01-03","Senate","CO",100,"HICKENLOOPER, John Wright","H000273","1952-02-07",2,2,25898,70.9048596851472,"Boomers","HICKENLOOPER",""
"11455",94,"1975-01-03","Senate","CO",100,"HART, Gary Warren","H000287","1936-11-28",1,1,13915,38.0971937029432,"Silent","HART",""
"11456",95,"1977-01-03","Senate","CO",100,"HART, Gary Warren","H000287","1936-11-28",2,2,14646,40.0985626283368,"Silent","HART",""
"11457",96,"1979-01-03","Senate","CO",100,"HART, Gary Warren","H000287","1936-11-28",3,3,15376,42.0971937029432,"Silent","HART",""
"11458",97,"1981-01-03","Senate","CO",100,"HART, Gary Warren","H000287","1936-11-28",4,4,16107,44.0985626283368,"Silent","HART",""
"11459",98,"1983-01-03","Senate","CO",100,"HART, Gary Warren","H000287","1936-11-28",5,5,16837,46.0971937029432,"Silent","HART",""
"11460",99,"1985-01-03","Senate","CO",100,"HART, Gary Warren","H000287","1936-11-28",6,6,17568,48.0985626283368,"Silent","HART",""
"11463",86,"1959-01-03","Senate","MI",100,"HART, Philip Aloysius","H000291","1912-12-10",1,1,16825,46.0643394934976,"Greatest","HART",""
"11464",87,"1961-01-03","Senate","MI",100,"HART, Philip Aloysius","H000291","1912-12-10",2,2,17556,48.0657084188912,"Greatest","HART",""
"11465",88,"1963-01-03","Senate","MI",100,"HART, Philip Aloysius","H000291","1912-12-10",3,3,18286,50.0643394934976,"Greatest","HART",""
"11466",89,"1965-01-03","Senate","MI",100,"HART, Philip Aloysius","H000291","1912-12-10",4,4,19017,52.0657084188912,"Greatest","HART",""
"11467",90,"1967-01-03","Senate","MI",100,"HART, Philip Aloysius","H000291","1912-12-10",5,5,19747,54.0643394934976,"Greatest","HART",""
"11468",91,"1969-01-03","Senate","MI",100,"HART, Philip Aloysius","H000291","1912-12-10",6,6,20478,56.0657084188912,"Greatest","HART",""
"11469",92,"1971-01-03","Senate","MI",100,"HART, Philip Aloysius","H000291","1912-12-10",7,7,21208,58.0643394934976,"Greatest","HART",""
"11470",93,"1973-01-03","Senate","MI",100,"HART, Philip Aloysius","H000291","1912-12-10",8,8,21939,60.0657084188912,"Greatest","HART",""
"11471",94,"1975-01-03","Senate","MI",100,"HART, Philip Aloysius","H000291","1912-12-10",9,9,22669,62.0643394934976,"Greatest","HART",""
"11472",79,"1945-01-03","Senate","CT",200,"HART, Thomas Charles","H000293","1877-06-12",1,1,24676,67.5592060232717,"Missionary","HART",""
"11479",86,"1959-01-03","Senate","IN",100,"HARTKE, Rupert Vance","H000297","1919-05-31",1,1,14462,39.5947980835045,"Greatest","HARTKE",""
"11480",87,"1961-01-03","Senate","IN",100,"HARTKE, Rupert Vance","H000297","1919-05-31",2,2,15193,41.596167008898,"Greatest","HARTKE",""
"11481",88,"1963-01-03","Senate","IN",100,"HARTKE, Rupert Vance","H000297","1919-05-31",3,3,15923,43.5947980835045,"Greatest","HARTKE",""
"11482",89,"1965-01-03","Senate","IN",100,"HARTKE, Rupert Vance","H000297","1919-05-31",4,4,16654,45.596167008898,"Greatest","HARTKE",""
"11483",90,"1967-01-03","Senate","IN",100,"HARTKE, Rupert Vance","H000297","1919-05-31",5,5,17384,47.5947980835045,"Greatest","HARTKE",""
"11484",91,"1969-01-03","Senate","IN",100,"HARTKE, Rupert Vance","H000297","1919-05-31",6,6,18115,49.596167008898,"Greatest","HARTKE",""
"11485",92,"1971-01-03","Senate","IN",100,"HARTKE, Rupert Vance","H000297","1919-05-31",7,7,18845,51.5947980835045,"Greatest","HARTKE",""
"11486",93,"1973-01-03","Senate","IN",100,"HARTKE, Rupert Vance","H000297","1919-05-31",8,8,19576,53.596167008898,"Greatest","HARTKE",""
"11487",94,"1975-01-03","Senate","IN",100,"HARTKE, Rupert Vance","H000297","1919-05-31",9,9,20306,55.5947980835045,"Greatest","HARTKE",""
"11517",93,"1973-01-03","Senate","CO",100,"HASKELL, Floyd Kirk","H000317","1916-02-07",1,1,20785,56.9062286105407,"Greatest","HASKELL",""
"11518",94,"1975-01-03","Senate","CO",100,"HASKELL, Floyd Kirk","H000317","1916-02-07",2,2,21515,58.9048596851472,"Greatest","HASKELL",""
"11519",95,"1977-01-03","Senate","CO",100,"HASKELL, Floyd Kirk","H000317","1916-02-07",3,3,22246,60.9062286105407,"Greatest","HASKELL",""
"11548",70,"1927-03-04","Senate","DE",200,"HASTINGS, Daniel Oren","H000325","1874-03-05",1,1,19356,52.993839835729,"Missionary","HASTINGS",""
"11549",71,"1929-03-04","Senate","DE",200,"HASTINGS, Daniel Oren","H000325","1874-03-05",2,2,20087,54.9952087611225,"Missionary","HASTINGS",""
"11550",72,"1931-03-04","Senate","DE",200,"HASTINGS, Daniel Oren","H000325","1874-03-05",3,3,20817,56.993839835729,"Missionary","HASTINGS",""
"11551",73,"1933-03-04","Senate","DE",200,"HASTINGS, Daniel Oren","H000325","1874-03-05",4,4,21548,58.9952087611225,"Missionary","HASTINGS",""
"11552",74,"1935-01-03","Senate","DE",200,"HASTINGS, Daniel Oren","H000325","1874-03-05",5,5,22218,60.829568788501,"Missionary","HASTINGS",""
"11574",73,"1933-03-04","Senate","NM",100,"HATCH, Carl Atwood","H000334","1889-11-27",1,1,15802,43.2635181382615,"Lost","HATCH",""
"11575",74,"1935-01-03","Senate","NM",100,"HATCH, Carl Atwood","H000334","1889-11-27",2,2,16472,45.09787816564,"Lost","HATCH",""
"11576",75,"1937-01-03","Senate","NM",100,"HATCH, Carl Atwood","H000334","1889-11-27",3,3,17203,47.0992470910335,"Lost","HATCH",""
"11577",76,"1939-01-03","Senate","NM",100,"HATCH, Carl Atwood","H000334","1889-11-27",4,4,17933,49.09787816564,"Lost","HATCH",""
"11578",77,"1941-01-03","Senate","NM",100,"HATCH, Carl Atwood","H000334","1889-11-27",5,5,18664,51.0992470910335,"Lost","HATCH",""
"11579",78,"1943-01-03","Senate","NM",100,"HATCH, Carl Atwood","H000334","1889-11-27",6,6,19394,53.09787816564,"Lost","HATCH",""
"11580",79,"1945-01-03","Senate","NM",100,"HATCH, Carl Atwood","H000334","1889-11-27",7,7,20125,55.0992470910335,"Lost","HATCH",""
"11581",80,"1947-01-03","Senate","NM",100,"HATCH, Carl Atwood","H000334","1889-11-27",8,8,20855,57.09787816564,"Lost","HATCH",""
"11582",95,"1977-01-03","Senate","UT",200,"HATCH, Orrin Grant","H000338","1934-03-22",1,1,15628,42.7871321013005,"Silent","HATCH",""
"11583",96,"1979-01-03","Senate","UT",200,"HATCH, Orrin Grant","H000338","1934-03-22",2,2,16358,44.7857631759069,"Silent","HATCH",""
"11584",97,"1981-01-03","Senate","UT",200,"HATCH, Orrin Grant","H000338","1934-03-22",3,3,17089,46.7871321013005,"Silent","HATCH",""
"11585",98,"1983-01-03","Senate","UT",200,"HATCH, Orrin Grant","H000338","1934-03-22",4,4,17819,48.7857631759069,"Silent","HATCH",""
"11586",99,"1985-01-03","Senate","UT",200,"HATCH, Orrin Grant","H000338","1934-03-22",5,5,18550,50.7871321013005,"Silent","HATCH",""
"11587",100,"1987-01-03","Senate","UT",200,"HATCH, Orrin Grant","H000338","1934-03-22",6,6,19280,52.7857631759069,"Silent","HATCH",""
"11588",101,"1989-01-03","Senate","UT",200,"HATCH, Orrin Grant","H000338","1934-03-22",7,7,20011,54.7871321013005,"Silent","HATCH",""
"11589",102,"1991-01-03","Senate","UT",200,"HATCH, Orrin Grant","H000338","1934-03-22",8,8,20741,56.7857631759069,"Silent","HATCH",""
"11590",103,"1993-01-03","Senate","UT",200,"HATCH, Orrin Grant","H000338","1934-03-22",9,9,21472,58.7871321013005,"Silent","HATCH",""
"11591",104,"1995-01-03","Senate","UT",200,"HATCH, Orrin Grant","H000338","1934-03-22",10,10,22202,60.7857631759069,"Silent","HATCH",""
"11592",105,"1997-01-03","Senate","UT",200,"HATCH, Orrin Grant","H000338","1934-03-22",11,11,22933,62.7871321013005,"Silent","HATCH",""
"11593",106,"1999-01-03","Senate","UT",200,"HATCH, Orrin Grant","H000338","1934-03-22",12,12,23663,64.7857631759069,"Silent","HATCH",""
"11594",107,"2001-01-03","Senate","UT",200,"HATCH, Orrin Grant","H000338","1934-03-22",13,13,24394,66.7871321013005,"Silent","HATCH",""
"11595",108,"2003-01-03","Senate","UT",200,"HATCH, Orrin Grant","H000338","1934-03-22",14,14,25124,68.7857631759069,"Silent","HATCH",""
"11596",109,"2005-01-03","Senate","UT",200,"HATCH, Orrin Grant","H000338","1934-03-22",15,15,25855,70.7871321013005,"Silent","HATCH",""
"11597",110,"2007-01-03","Senate","UT",200,"HATCH, Orrin Grant","H000338","1934-03-22",16,16,26585,72.7857631759069,"Silent","HATCH",""
"11598",111,"2009-01-03","Senate","UT",200,"HATCH, Orrin Grant","H000338","1934-03-22",17,17,27316,74.7871321013005,"Silent","HATCH",""
"11599",112,"2011-01-03","Senate","UT",200,"HATCH, Orrin Grant","H000338","1934-03-22",18,18,28046,76.7857631759069,"Silent","HATCH",""
"11600",113,"2013-01-03","Senate","UT",200,"HATCH, Orrin Grant","H000338","1934-03-22",19,19,28777,78.7871321013005,"Silent","HATCH",""
"11601",114,"2015-01-03","Senate","UT",200,"HATCH, Orrin Grant","H000338","1934-03-22",20,20,29507,80.7857631759069,"Silent","HATCH",""
"11602",115,"2017-01-03","Senate","UT",200,"HATCH, Orrin Grant","H000338","1934-03-22",21,21,30238,82.7871321013005,"Silent","HATCH",""
"11609",71,"1929-03-04","Senate","WV",200,"HATFIELD, Henry Drury","H000342","1875-09-15",1,1,19528,53.4647501711157,"Missionary","HATFIELD",""
"11610",72,"1931-03-04","Senate","WV",200,"HATFIELD, Henry Drury","H000342","1875-09-15",2,2,20258,55.4633812457221,"Missionary","HATFIELD",""
"11611",73,"1933-03-04","Senate","WV",200,"HATFIELD, Henry Drury","H000342","1875-09-15",3,3,20989,57.4647501711157,"Missionary","HATFIELD",""
"11612",90,"1967-01-03","Senate","OR",200,"HATFIELD, Mark Odom","H000343","1922-07-12",1,1,16246,44.4791238877481,"Greatest","HATFIELD",""
"11613",91,"1969-01-03","Senate","OR",200,"HATFIELD, Mark Odom","H000343","1922-07-12",2,2,16977,46.4804928131417,"Greatest","HATFIELD",""
"11614",92,"1971-01-03","Senate","OR",200,"HATFIELD, Mark Odom","H000343","1922-07-12",3,3,17707,48.4791238877481,"Greatest","HATFIELD",""
"11615",93,"1973-01-03","Senate","OR",200,"HATFIELD, Mark Odom","H000343","1922-07-12",4,4,18438,50.4804928131417,"Greatest","HATFIELD",""
"11616",94,"1975-01-03","Senate","OR",200,"HATFIELD, Mark Odom","H000343","1922-07-12",5,5,19168,52.4791238877481,"Greatest","HATFIELD",""
"11617",95,"1977-01-03","Senate","OR",200,"HATFIELD, Mark Odom","H000343","1922-07-12",6,6,19899,54.4804928131417,"Greatest","HATFIELD",""
"11618",96,"1979-01-03","Senate","OR",200,"HATFIELD, Mark Odom","H000343","1922-07-12",7,7,20629,56.4791238877481,"Greatest","HATFIELD",""
"11619",97,"1981-01-03","Senate","OR",200,"HATFIELD, Mark Odom","H000343","1922-07-12",8,8,21360,58.4804928131417,"Greatest","HATFIELD",""
"11620",98,"1983-01-03","Senate","OR",200,"HATFIELD, Mark Odom","H000343","1922-07-12",9,9,22090,60.4791238877481,"Greatest","HATFIELD",""
"11621",99,"1985-01-03","Senate","OR",200,"HATFIELD, Mark Odom","H000343","1922-07-12",10,10,22821,62.4804928131417,"Greatest","HATFIELD",""
"11622",100,"1987-01-03","Senate","OR",200,"HATFIELD, Mark Odom","H000343","1922-07-12",11,11,23551,64.4791238877481,"Greatest","HATFIELD",""
"11623",101,"1989-01-03","Senate","OR",200,"HATFIELD, Mark Odom","H000343","1922-07-12",12,12,24282,66.4804928131417,"Greatest","HATFIELD",""
"11624",102,"1991-01-03","Senate","OR",200,"HATFIELD, Mark Odom","H000343","1922-07-12",13,13,25012,68.4791238877481,"Greatest","HATFIELD",""
"11625",103,"1993-01-03","Senate","OR",200,"HATFIELD, Mark Odom","H000343","1922-07-12",14,14,25743,70.4804928131417,"Greatest","HATFIELD",""
"11626",104,"1995-01-03","Senate","OR",200,"HATFIELD, Mark Odom","H000343","1922-07-12",15,15,26473,72.4791238877481,"Greatest","HATFIELD",""
"11627",95,"1977-01-03","Senate","MT",100,"HATFIELD, Paul Gerhart","H000344","1928-04-29",1,1,17781,48.6817248459959,"Silent","HATFIELD",""
"11632",93,"1973-01-03","Senate","ME",100,"HATHAWAY, William Dodd","H000346","1924-02-21",5,1,17849,48.8678986995209,"Greatest","HATHAWAY",""
"11633",94,"1975-01-03","Senate","ME",100,"HATHAWAY, William Dodd","H000346","1924-02-21",6,2,18579,50.8665297741273,"Greatest","HATHAWAY",""
"11634",95,"1977-01-03","Senate","ME",100,"HATHAWAY, William Dodd","H000346","1924-02-21",7,3,19310,52.8678986995209,"Greatest","HATHAWAY",""
"11651",70,"1927-03-04","Senate","MO",100,"HAWES, Harry Bartow","H000362","1869-11-15",4,1,20927,57.2950034223135,"Missionary","HAWES",""
"11652",71,"1929-03-04","Senate","MO",100,"HAWES, Harry Bartow","H000362","1869-11-15",5,2,21658,59.296372347707,"Missionary","HAWES",""
"11653",72,"1931-03-04","Senate","MO",100,"HAWES, Harry Bartow","H000362","1869-11-15",6,3,22388,61.2950034223135,"Missionary","HAWES",""
"11654",78,"1943-01-03","Senate","NJ",200,"HAWKES, Albert Wahl","H000365","1878-11-20",1,1,23419,64.1177275838467,"Missionary","HAWKES",""
"11655",79,"1945-01-03","Senate","NJ",200,"HAWKES, Albert Wahl","H000365","1878-11-20",2,2,24150,66.1190965092403,"Missionary","HAWKES",""
"11656",80,"1947-01-03","Senate","NJ",200,"HAWKES, Albert Wahl","H000365","1878-11-20",3,3,24880,68.1177275838467,"Missionary","HAWKES",""
"11671",96,"1979-01-03","Senate","FL",200,"HAWKINS, Paula","H000374","1927-01-24",1,1,18972,51.9425051334702,"Greatest","HAWKINS",""
"11672",97,"1981-01-03","Senate","FL",200,"HAWKINS, Paula","H000374","1927-01-24",2,2,19703,53.9438740588638,"Greatest","HAWKINS",""
"11673",98,"1983-01-03","Senate","FL",200,"HAWKINS, Paula","H000374","1927-01-24",3,3,20433,55.9425051334702,"Greatest","HAWKINS",""
"11674",99,"1985-01-03","Senate","FL",200,"HAWKINS, Paula","H000374","1927-01-24",4,4,21164,57.9438740588638,"Greatest","HAWKINS",""
"11683",94,"1975-01-03","Senate","CA",200,"HAYAKAWA, Samuel Ichiye","H000384","1906-07-18",1,1,25006,68.4626967830253,"Greatest","HAYAKAWA",""
"11684",95,"1977-01-03","Senate","CA",200,"HAYAKAWA, Samuel Ichiye","H000384","1906-07-18",2,2,25737,70.4640657084189,"Greatest","HAYAKAWA",""
"11685",96,"1979-01-03","Senate","CA",200,"HAYAKAWA, Samuel Ichiye","H000384","1906-07-18",3,3,26467,72.4626967830253,"Greatest","HAYAKAWA",""
"11686",97,"1981-01-03","Senate","CA",200,"HAYAKAWA, Samuel Ichiye","H000384","1906-07-18",4,4,27198,74.4640657084189,"Greatest","HAYAKAWA",""
"11691",70,"1927-03-04","Senate","AZ",100,"HAYDEN, Carl Trumbull","H000385","1877-10-02",9,1,18049,49.4154688569473,"Missionary","HAYDEN",""
"11692",71,"1929-03-04","Senate","AZ",100,"HAYDEN, Carl Trumbull","H000385","1877-10-02",10,2,18780,51.4168377823409,"Missionary","HAYDEN",""
"11693",72,"1931-03-04","Senate","AZ",100,"HAYDEN, Carl Trumbull","H000385","1877-10-02",11,3,19510,53.4154688569473,"Missionary","HAYDEN",""
"11694",73,"1933-03-04","Senate","AZ",100,"HAYDEN, Carl Trumbull","H000385","1877-10-02",12,4,20241,55.4168377823409,"Missionary","HAYDEN",""
"11695",74,"1935-01-03","Senate","AZ",100,"HAYDEN, Carl Trumbull","H000385","1877-10-02",13,5,20911,57.2511978097194,"Missionary","HAYDEN",""
"11696",75,"1937-01-03","Senate","AZ",100,"HAYDEN, Carl Trumbull","H000385","1877-10-02",14,6,21642,59.2525667351129,"Missionary","HAYDEN",""
"11697",76,"1939-01-03","Senate","AZ",100,"HAYDEN, Carl Trumbull","H000385","1877-10-02",15,7,22372,61.2511978097194,"Missionary","HAYDEN",""
"11698",77,"1941-01-03","Senate","AZ",100,"HAYDEN, Carl Trumbull","H000385","1877-10-02",16,8,23103,63.2525667351129,"Missionary","HAYDEN",""
"11699",78,"1943-01-03","Senate","AZ",100,"HAYDEN, Carl Trumbull","H000385","1877-10-02",17,9,23833,65.2511978097194,"Missionary","HAYDEN",""
"11700",79,"1945-01-03","Senate","AZ",100,"HAYDEN, Carl Trumbull","H000385","1877-10-02",18,10,24564,67.2525667351129,"Missionary","HAYDEN",""
"11701",80,"1947-01-03","Senate","AZ",100,"HAYDEN, Carl Trumbull","H000385","1877-10-02",19,11,25294,69.2511978097194,"Missionary","HAYDEN",""
"11702",81,"1949-01-03","Senate","AZ",100,"HAYDEN, Carl Trumbull","H000385","1877-10-02",20,12,26025,71.2525667351129,"Missionary","HAYDEN",""
"11703",82,"1951-01-03","Senate","AZ",100,"HAYDEN, Carl Trumbull","H000385","1877-10-02",21,13,26755,73.2511978097194,"Missionary","HAYDEN",""
"11704",83,"1953-01-03","Senate","AZ",100,"HAYDEN, Carl Trumbull","H000385","1877-10-02",22,14,27486,75.2525667351129,"Missionary","HAYDEN",""
"11705",84,"1955-01-03","Senate","AZ",100,"HAYDEN, Carl Trumbull","H000385","1877-10-02",23,15,28216,77.2511978097194,"Missionary","HAYDEN",""
"11706",85,"1957-01-03","Senate","AZ",100,"HAYDEN, Carl Trumbull","H000385","1877-10-02",24,16,28947,79.2525667351129,"Missionary","HAYDEN",""
"11707",86,"1959-01-03","Senate","AZ",100,"HAYDEN, Carl Trumbull","H000385","1877-10-02",25,17,29677,81.2511978097194,"Missionary","HAYDEN",""
"11708",87,"1961-01-03","Senate","AZ",100,"HAYDEN, Carl Trumbull","H000385","1877-10-02",26,18,30408,83.2525667351129,"Missionary","HAYDEN",""
"11709",88,"1963-01-03","Senate","AZ",100,"HAYDEN, Carl Trumbull","H000385","1877-10-02",27,19,31138,85.2511978097194,"Missionary","HAYDEN",""
"11710",89,"1965-01-03","Senate","AZ",100,"HAYDEN, Carl Trumbull","H000385","1877-10-02",28,20,31869,87.2525667351129,"Missionary","HAYDEN",""
"11711",90,"1967-01-03","Senate","AZ",100,"HAYDEN, Carl Trumbull","H000385","1877-10-02",29,21,32599,89.2511978097194,"Missionary","HAYDEN",""
"11766",71,"1929-03-04","Senate","RI",200,"HÉBERT, Felix","H000436","1874-12-11",1,1,19806,54.2258726899384,"Missionary","HÉBERT",""
"11767",72,"1931-03-04","Senate","RI",200,"HÉBERT, Felix","H000436","1874-12-11",2,2,20536,56.2245037645448,"Missionary","HÉBERT",""
"11768",73,"1933-03-04","Senate","RI",200,"HÉBERT, Felix","H000436","1874-12-11",3,3,21267,58.2258726899384,"Missionary","HÉBERT",""
"11796",98,"1983-01-03","Senate","NV",200,"HECHT, Jacob Chic","H000439","1928-11-30",1,1,19757,54.0917180013689,"Silent","HECHT",""
"11797",99,"1985-01-03","Senate","NV",200,"HECHT, Jacob Chic","H000439","1928-11-30",2,2,20488,56.0930869267625,"Silent","HECHT",""
"11798",100,"1987-01-03","Senate","NV",200,"HECHT, Jacob Chic","H000439","1928-11-30",3,3,21218,58.0917180013689,"Silent","HECHT",""
"11827",96,"1979-01-03","Senate","AL",100,"HEFLIN, Howell Thomas","H000445","1921-06-19",1,1,21017,57.5414099931554,"Greatest","HEFLIN",""
"11828",97,"1981-01-03","Senate","AL",100,"HEFLIN, Howell Thomas","H000445","1921-06-19",2,2,21748,59.5427789185489,"Greatest","HEFLIN",""
"11829",98,"1983-01-03","Senate","AL",100,"HEFLIN, Howell Thomas","H000445","1921-06-19",3,3,22478,61.5414099931554,"Greatest","HEFLIN",""
"11830",99,"1985-01-03","Senate","AL",100,"HEFLIN, Howell Thomas","H000445","1921-06-19",4,4,23209,63.5427789185489,"Greatest","HEFLIN",""
"11831",100,"1987-01-03","Senate","AL",100,"HEFLIN, Howell Thomas","H000445","1921-06-19",5,5,23939,65.5414099931554,"Greatest","HEFLIN",""
"11832",101,"1989-01-03","Senate","AL",100,"HEFLIN, Howell Thomas","H000445","1921-06-19",6,6,24670,67.5427789185489,"Greatest","HEFLIN",""
"11833",102,"1991-01-03","Senate","AL",100,"HEFLIN, Howell Thomas","H000445","1921-06-19",7,7,25400,69.5414099931554,"Greatest","HEFLIN",""
"11834",103,"1993-01-03","Senate","AL",100,"HEFLIN, Howell Thomas","H000445","1921-06-19",8,8,26131,71.5427789185489,"Greatest","HEFLIN",""
"11835",104,"1995-01-03","Senate","AL",100,"HEFLIN, Howell Thomas","H000445","1921-06-19",9,9,26861,73.5414099931554,"Greatest","HEFLIN",""
"11837",67,"1921-03-04","Senate","AL",100,"HEFLIN, James Thomas","H000446","1869-04-09",10,1,18956,51.8986995208761,"Missionary","HEFLIN",""
"11838",68,"1923-03-04","Senate","AL",100,"HEFLIN, James Thomas","H000446","1869-04-09",11,2,19686,53.8973305954825,"Missionary","HEFLIN",""
"11839",69,"1925-03-04","Senate","AL",100,"HEFLIN, James Thomas","H000446","1869-04-09",12,3,20417,55.8986995208761,"Missionary","HEFLIN",""
"11840",70,"1927-03-04","Senate","AL",100,"HEFLIN, James Thomas","H000446","1869-04-09",13,4,21147,57.8973305954825,"Missionary","HEFLIN",""
"11841",71,"1929-03-04","Senate","AL",100,"HEFLIN, James Thomas","H000446","1869-04-09",14,5,21878,59.8986995208761,"Missionary","HEFLIN",""
"11867",95,"1977-01-03","Senate","PA",200,"HEINZ, Henry John, III","H000456","1938-10-23",4,1,13952,38.1984941820671,"Silent","HEINZ",""
"11868",96,"1979-01-03","Senate","PA",200,"HEINZ, Henry John, III","H000456","1938-10-23",5,2,14682,40.1971252566735,"Silent","HEINZ",""
"11869",97,"1981-01-03","Senate","PA",200,"HEINZ, Henry John, III","H000456","1938-10-23",6,3,15413,42.1984941820671,"Silent","HEINZ",""
"11870",98,"1983-01-03","Senate","PA",200,"HEINZ, Henry John, III","H000456","1938-10-23",7,4,16143,44.1971252566735,"Silent","HEINZ",""
"11871",99,"1985-01-03","Senate","PA",200,"HEINZ, Henry John, III","H000456","1938-10-23",8,5,16874,46.1984941820671,"Silent","HEINZ",""
"11872",100,"1987-01-03","Senate","PA",200,"HEINZ, Henry John, III","H000456","1938-10-23",9,6,17604,48.1971252566735,"Silent","HEINZ",""
"11873",101,"1989-01-03","Senate","PA",200,"HEINZ, Henry John, III","H000456","1938-10-23",10,7,18335,50.1984941820671,"Silent","HEINZ",""
"11874",102,"1991-01-03","Senate","PA",200,"HEINZ, Henry John, III","H000456","1938-10-23",11,8,19065,52.1971252566735,"Silent","HEINZ",""
"11878",93,"1973-01-03","Senate","NC",200,"HELMS, Jesse","H000463","1921-10-18",1,1,18705,51.211498973306,"Greatest","HELMS",""
"11879",94,"1975-01-03","Senate","NC",200,"HELMS, Jesse","H000463","1921-10-18",2,2,19435,53.2101300479124,"Greatest","HELMS",""
"11880",95,"1977-01-03","Senate","NC",200,"HELMS, Jesse","H000463","1921-10-18",3,3,20166,55.211498973306,"Greatest","HELMS",""
"11881",96,"1979-01-03","Senate","NC",200,"HELMS, Jesse","H000463","1921-10-18",4,4,20896,57.2101300479124,"Greatest","HELMS",""
"11882",97,"1981-01-03","Senate","NC",200,"HELMS, Jesse","H000463","1921-10-18",5,5,21627,59.211498973306,"Greatest","HELMS",""
"11883",98,"1983-01-03","Senate","NC",200,"HELMS, Jesse","H000463","1921-10-18",6,6,22357,61.2101300479124,"Greatest","HELMS",""
"11884",99,"1985-01-03","Senate","NC",200,"HELMS, Jesse","H000463","1921-10-18",7,7,23088,63.211498973306,"Greatest","HELMS",""
"11885",100,"1987-01-03","Senate","NC",200,"HELMS, Jesse","H000463","1921-10-18",8,8,23818,65.2101300479124,"Greatest","HELMS",""
"11886",101,"1989-01-03","Senate","NC",200,"HELMS, Jesse","H000463","1921-10-18",9,9,24549,67.211498973306,"Greatest","HELMS",""
"11887",102,"1991-01-03","Senate","NC",200,"HELMS, Jesse","H000463","1921-10-18",10,10,25279,69.2101300479124,"Greatest","HELMS",""
"11888",103,"1993-01-03","Senate","NC",200,"HELMS, Jesse","H000463","1921-10-18",11,11,26010,71.211498973306,"Greatest","HELMS",""
"11889",104,"1995-01-03","Senate","NC",200,"HELMS, Jesse","H000463","1921-10-18",12,12,26740,73.2101300479124,"Greatest","HELMS",""
"11890",105,"1997-01-03","Senate","NC",200,"HELMS, Jesse","H000463","1921-10-18",13,13,27471,75.211498973306,"Greatest","HELMS",""
"11891",106,"1999-01-03","Senate","NC",200,"HELMS, Jesse","H000463","1921-10-18",14,14,28201,77.2101300479124,"Greatest","HELMS",""
"11892",107,"2001-01-03","Senate","NC",200,"HELMS, Jesse","H000463","1921-10-18",15,15,28932,79.211498973306,"Greatest","HELMS",""
"11903",66,"1919-03-04","Senate","NV",100,"HENDERSON, Charles Belknap","H000477","1873-06-08",2,2,16704,45.7330595482546,"Missionary","HENDERSON",""
"11923",81,"1949-01-03","Senate","NJ",200,"HENDRICKSON, Robert Clymer","H000495","1898-08-12",1,1,18406,50.3928815879535,"Lost","HENDRICKSON",""
"11924",82,"1951-01-03","Senate","NJ",200,"HENDRICKSON, Robert Clymer","H000495","1898-08-12",2,2,19136,52.3915126625599,"Lost","HENDRICKSON",""
"11925",83,"1953-01-03","Senate","NJ",200,"HENDRICKSON, Robert Clymer","H000495","1898-08-12",3,3,19867,54.3928815879535,"Lost","HENDRICKSON",""
"11930",82,"1951-01-03","Senate","MO",100,"HENNINGS, Thomas Carey, Jr.","H000502","1903-06-25",4,1,17359,47.5263518138261,"Greatest","HENNINGS",""
"11931",83,"1953-01-03","Senate","MO",100,"HENNINGS, Thomas Carey, Jr.","H000502","1903-06-25",5,2,18090,49.5277207392197,"Greatest","HENNINGS",""
"11932",84,"1955-01-03","Senate","MO",100,"HENNINGS, Thomas Carey, Jr.","H000502","1903-06-25",6,3,18820,51.5263518138261,"Greatest","HENNINGS",""
"11933",85,"1957-01-03","Senate","MO",100,"HENNINGS, Thomas Carey, Jr.","H000502","1903-06-25",7,4,19551,53.5277207392197,"Greatest","HENNINGS",""
"11934",86,"1959-01-03","Senate","MO",100,"HENNINGS, Thomas Carey, Jr.","H000502","1903-06-25",8,5,20281,55.5263518138261,"Greatest","HENNINGS",""
"11967",75,"1937-01-03","Senate","IA",100,"HERRING, Clyde LaVerne","H000543","1879-05-03",1,1,21064,57.6700889801506,"Missionary","HERRING",""
"11968",76,"1939-01-03","Senate","IA",100,"HERRING, Clyde LaVerne","H000543","1879-05-03",2,2,21794,59.668720054757,"Missionary","HERRING",""
"11969",77,"1941-01-03","Senate","IA",100,"HERRING, Clyde LaVerne","H000543","1879-05-03",3,3,22525,61.6700889801506,"Missionary","HERRING",""
"12008",79,"1945-01-03","Senate","IA",200,"HICKENLOOPER, Bourke Blakemore","H000559","1896-07-21",1,1,17697,48.4517453798768,"Lost","HICKENLOOPER",""
"12009",80,"1947-01-03","Senate","IA",200,"HICKENLOOPER, Bourke Blakemore","H000559","1896-07-21",2,2,18427,50.4503764544832,"Lost","HICKENLOOPER",""
"12010",81,"1949-01-03","Senate","IA",200,"HICKENLOOPER, Bourke Blakemore","H000559","1896-07-21",3,3,19158,52.4517453798768,"Lost","HICKENLOOPER",""
"12011",82,"1951-01-03","Senate","IA",200,"HICKENLOOPER, Bourke Blakemore","H000559","1896-07-21",4,4,19888,54.4503764544832,"Lost","HICKENLOOPER",""
"12012",83,"1953-01-03","Senate","IA",200,"HICKENLOOPER, Bourke Blakemore","H000559","1896-07-21",5,5,20619,56.4517453798768,"Lost","HICKENLOOPER",""
"12013",84,"1955-01-03","Senate","IA",200,"HICKENLOOPER, Bourke Blakemore","H000559","1896-07-21",6,6,21349,58.4503764544832,"Lost","HICKENLOOPER",""
"12014",85,"1957-01-03","Senate","IA",200,"HICKENLOOPER, Bourke Blakemore","H000559","1896-07-21",7,7,22080,60.4517453798768,"Lost","HICKENLOOPER",""
"12015",86,"1959-01-03","Senate","IA",200,"HICKENLOOPER, Bourke Blakemore","H000559","1896-07-21",8,8,22810,62.4503764544832,"Lost","HICKENLOOPER",""
"12016",87,"1961-01-03","Senate","IA",200,"HICKENLOOPER, Bourke Blakemore","H000559","1896-07-21",9,9,23541,64.4517453798768,"Lost","HICKENLOOPER",""
"12017",88,"1963-01-03","Senate","IA",200,"HICKENLOOPER, Bourke Blakemore","H000559","1896-07-21",10,10,24271,66.4503764544832,"Lost","HICKENLOOPER",""
"12018",89,"1965-01-03","Senate","IA",200,"HICKENLOOPER, Bourke Blakemore","H000559","1896-07-21",11,11,25002,68.4517453798768,"Lost","HICKENLOOPER",""
"12019",90,"1967-01-03","Senate","IA",200,"HICKENLOOPER, Bourke Blakemore","H000559","1896-07-21",12,12,25732,70.4503764544832,"Lost","HICKENLOOPER",""
"12026",87,"1961-01-03","Senate","WY",100,"HICKEY, John Joseph","H000561","1911-08-22",1,1,18032,49.368925393566,"Greatest","HICKEY",""
"12069",76,"1939-01-03","Senate","AL",100,"HILL, Joseph Lister","H000598","1894-12-29",9,1,16075,44.0109514031485,"Lost","HILL",""
"12070",77,"1941-01-03","Senate","AL",100,"HILL, Joseph Lister","H000598","1894-12-29",10,2,16806,46.0123203285421,"Lost","HILL",""
"12071",78,"1943-01-03","Senate","AL",100,"HILL, Joseph Lister","H000598","1894-12-29",11,3,17536,48.0109514031485,"Lost","HILL",""
"12072",79,"1945-01-03","Senate","AL",100,"HILL, Joseph Lister","H000598","1894-12-29",12,4,18267,50.0123203285421,"Lost","HILL",""
"12073",80,"1947-01-03","Senate","AL",100,"HILL, Joseph Lister","H000598","1894-12-29",13,5,18997,52.0109514031485,"Lost","HILL",""
"12074",81,"1949-01-03","Senate","AL",100,"HILL, Joseph Lister","H000598","1894-12-29",14,6,19728,54.0123203285421,"Lost","HILL",""
"12075",82,"1951-01-03","Senate","AL",100,"HILL, Joseph Lister","H000598","1894-12-29",15,7,20458,56.0109514031485,"Lost","HILL",""
"12076",83,"1953-01-03","Senate","AL",100,"HILL, Joseph Lister","H000598","1894-12-29",16,8,21189,58.0123203285421,"Lost","HILL",""
"12077",84,"1955-01-03","Senate","AL",100,"HILL, Joseph Lister","H000598","1894-12-29",17,9,21919,60.0109514031485,"Lost","HILL",""
"12078",85,"1957-01-03","Senate","AL",100,"HILL, Joseph Lister","H000598","1894-12-29",18,10,22650,62.0123203285421,"Lost","HILL",""
"12079",86,"1959-01-03","Senate","AL",100,"HILL, Joseph Lister","H000598","1894-12-29",19,11,23380,64.0109514031485,"Lost","HILL",""
"12080",87,"1961-01-03","Senate","AL",100,"HILL, Joseph Lister","H000598","1894-12-29",20,12,24111,66.0123203285421,"Lost","HILL",""
"12081",88,"1963-01-03","Senate","AL",100,"HILL, Joseph Lister","H000598","1894-12-29",21,13,24841,68.0109514031485,"Lost","HILL",""
"12082",89,"1965-01-03","Senate","AL",100,"HILL, Joseph Lister","H000598","1894-12-29",22,14,25572,70.0123203285421,"Lost","HILL",""
"12083",90,"1967-01-03","Senate","AL",100,"HILL, Joseph Lister","H000598","1894-12-29",23,15,26302,72.0109514031485,"Lost","HILL",""
"12089",117,"2021-01-03","Senate","TN",200,"HAGERTY, William Francis (Bill)","H000601","1959-08-14",1,1,22423,61.3908281998631,"Boomers","HAGERTY",""
"12090",118,"2023-01-03","Senate","TN",200,"HAGERTY, William Francis (Bill)","H000601","1959-08-14",2,2,23153,63.3894592744695,"Boomers","HAGERTY",""
"12102",74,"1935-01-03","Senate","FL",100,"HILL, William Luther","H000612","1873-10-17",1,1,22357,61.2101300479124,"Missionary","HILL",""
"12168",66,"1919-03-04","Senate","NE",100,"HITCHCOCK, Gilbert Monell","H000645","1859-09-18",8,5,21716,59.4551676933607,"Progressive","HITCHCOCK",""
"12169",67,"1921-03-04","Senate","NE",100,"HITCHCOCK, Gilbert Monell","H000645","1859-09-18",9,6,22447,61.4565366187543,"Progressive","HITCHCOCK",""
"12170",74,"1935-01-03","Senate","SD",100,"HITCHCOCK, Herbert Emery","H000646","1867-08-22",1,1,24605,67.3648186173854,"Missionary","HITCHCOCK",""
"12171",75,"1937-01-03","Senate","SD",100,"HITCHCOCK, Herbert Emery","H000646","1867-08-22",2,2,25336,69.3661875427789,"Missionary","HITCHCOCK",""
"12183",85,"1957-01-03","Senate","WV",200,"HOBLITZELL, John Dempsey, Jr.","H000665","1912-12-30",1,1,16075,44.0109514031485,"Greatest","HOBLITZELL",""
"12206",95,"1977-01-03","Senate","AR",100,"HODGES, Kaneaster, Jr.","H000675","1938-08-20",1,1,14016,38.3737166324435,"Silent","HODGES",""
"12230",79,"1945-01-03","Senate","NC",100,"HOEY, Clyde Roark","H000679","1877-12-11",2,1,24494,67.0609171800137,"Missionary","HOEY",""
"12231",80,"1947-01-03","Senate","NC",100,"HOEY, Clyde Roark","H000679","1877-12-11",3,2,25224,69.0595482546201,"Missionary","HOEY",""
"12232",81,"1949-01-03","Senate","NC",100,"HOEY, Clyde Roark","H000679","1877-12-11",4,3,25955,71.0609171800137,"Missionary","HOEY",""
"12233",82,"1951-01-03","Senate","NC",100,"HOEY, Clyde Roark","H000679","1877-12-11",5,4,26685,73.0595482546201,"Missionary","HOEY",""
"12234",83,"1953-01-03","Senate","NC",100,"HOEY, Clyde Roark","H000679","1877-12-11",6,5,27416,75.0609171800137,"Missionary","HOEY",""
"12318",79,"1945-01-03","Senate","FL",100,"HOLLAND, Spessard Lindsey","H000720","1892-07-10",1,1,19169,52.4818617385353,"Lost","HOLLAND",""
"12319",80,"1947-01-03","Senate","FL",100,"HOLLAND, Spessard Lindsey","H000720","1892-07-10",2,2,19899,54.4804928131417,"Lost","HOLLAND",""
"12320",81,"1949-01-03","Senate","FL",100,"HOLLAND, Spessard Lindsey","H000720","1892-07-10",3,3,20630,56.4818617385353,"Lost","HOLLAND",""
"12321",82,"1951-01-03","Senate","FL",100,"HOLLAND, Spessard Lindsey","H000720","1892-07-10",4,4,21360,58.4804928131417,"Lost","HOLLAND",""
"12322",83,"1953-01-03","Senate","FL",100,"HOLLAND, Spessard Lindsey","H000720","1892-07-10",5,5,22091,60.4818617385353,"Lost","HOLLAND",""
"12323",84,"1955-01-03","Senate","FL",100,"HOLLAND, Spessard Lindsey","H000720","1892-07-10",6,6,22821,62.4804928131417,"Lost","HOLLAND",""
"12324",85,"1957-01-03","Senate","FL",100,"HOLLAND, Spessard Lindsey","H000720","1892-07-10",7,7,23552,64.4818617385352,"Lost","HOLLAND",""
"12325",86,"1959-01-03","Senate","FL",100,"HOLLAND, Spessard Lindsey","H000720","1892-07-10",8,8,24282,66.4804928131417,"Lost","HOLLAND",""
"12326",87,"1961-01-03","Senate","FL",100,"HOLLAND, Spessard Lindsey","H000720","1892-07-10",9,9,25013,68.4818617385352,"Lost","HOLLAND",""
"12327",88,"1963-01-03","Senate","FL",100,"HOLLAND, Spessard Lindsey","H000720","1892-07-10",10,10,25743,70.4804928131417,"Lost","HOLLAND",""
"12328",89,"1965-01-03","Senate","FL",100,"HOLLAND, Spessard Lindsey","H000720","1892-07-10",11,11,26474,72.4818617385352,"Lost","HOLLAND",""
"12329",90,"1967-01-03","Senate","FL",100,"HOLLAND, Spessard Lindsey","H000720","1892-07-10",12,12,27204,74.4804928131417,"Lost","HOLLAND",""
"12330",91,"1969-01-03","Senate","FL",100,"HOLLAND, Spessard Lindsey","H000720","1892-07-10",13,13,27935,76.4818617385352,"Lost","HOLLAND",""
"12334",89,"1965-01-03","Senate","SC",100,"HOLLINGS, Ernest Frederick","H000725","1922-01-01",1,1,15708,43.006160164271,"Greatest","HOLLINGS",""
"12335",90,"1967-01-03","Senate","SC",100,"HOLLINGS, Ernest Frederick","H000725","1922-01-01",2,2,16438,45.0047912388775,"Greatest","HOLLINGS",""
"12336",91,"1969-01-03","Senate","SC",100,"HOLLINGS, Ernest Frederick","H000725","1922-01-01",3,3,17169,47.006160164271,"Greatest","HOLLINGS",""
"12337",92,"1971-01-03","Senate","SC",100,"HOLLINGS, Ernest Frederick","H000725","1922-01-01",4,4,17899,49.0047912388775,"Greatest","HOLLINGS",""
"12338",93,"1973-01-03","Senate","SC",100,"HOLLINGS, Ernest Frederick","H000725","1922-01-01",5,5,18630,51.006160164271,"Greatest","HOLLINGS",""
"12339",94,"1975-01-03","Senate","SC",100,"HOLLINGS, Ernest Frederick","H000725","1922-01-01",6,6,19360,53.0047912388775,"Greatest","HOLLINGS",""
"12340",95,"1977-01-03","Senate","SC",100,"HOLLINGS, Ernest Frederick","H000725","1922-01-01",7,7,20091,55.006160164271,"Greatest","HOLLINGS",""
"12341",96,"1979-01-03","Senate","SC",100,"HOLLINGS, Ernest Frederick","H000725","1922-01-01",8,8,20821,57.0047912388775,"Greatest","HOLLINGS",""
"12342",97,"1981-01-03","Senate","SC",100,"HOLLINGS, Ernest Frederick","H000725","1922-01-01",9,9,21552,59.006160164271,"Greatest","HOLLINGS",""
"12343",98,"1983-01-03","Senate","SC",100,"HOLLINGS, Ernest Frederick","H000725","1922-01-01",10,10,22282,61.0047912388775,"Greatest","HOLLINGS",""
"12344",99,"1985-01-03","Senate","SC",100,"HOLLINGS, Ernest Frederick","H000725","1922-01-01",11,11,23013,63.006160164271,"Greatest","HOLLINGS",""
"12345",100,"1987-01-03","Senate","SC",100,"HOLLINGS, Ernest Frederick","H000725","1922-01-01",12,12,23743,65.0047912388775,"Greatest","HOLLINGS",""
"12346",101,"1989-01-03","Senate","SC",100,"HOLLINGS, Ernest Frederick","H000725","1922-01-01",13,13,24474,67.006160164271,"Greatest","HOLLINGS",""
"12347",102,"1991-01-03","Senate","SC",100,"HOLLINGS, Ernest Frederick","H000725","1922-01-01",14,14,25204,69.0047912388775,"Greatest","HOLLINGS",""
"12348",103,"1993-01-03","Senate","SC",100,"HOLLINGS, Ernest Frederick","H000725","1922-01-01",15,15,25935,71.006160164271,"Greatest","HOLLINGS",""
"12349",104,"1995-01-03","Senate","SC",100,"HOLLINGS, Ernest Frederick","H000725","1922-01-01",16,16,26665,73.0047912388775,"Greatest","HOLLINGS",""
"12350",105,"1997-01-03","Senate","SC",100,"HOLLINGS, Ernest Frederick","H000725","1922-01-01",17,17,27396,75.006160164271,"Greatest","HOLLINGS",""
"12351",106,"1999-01-03","Senate","SC",100,"HOLLINGS, Ernest Frederick","H000725","1922-01-01",18,18,28126,77.0047912388775,"Greatest","HOLLINGS",""
"12352",107,"2001-01-03","Senate","SC",100,"HOLLINGS, Ernest Frederick","H000725","1922-01-01",19,19,28857,79.006160164271,"Greatest","HOLLINGS",""
"12353",108,"2003-01-03","Senate","SC",100,"HOLLINGS, Ernest Frederick","H000725","1922-01-01",20,20,29587,81.0047912388775,"Greatest","HOLLINGS",""
"12360",76,"1939-01-03","Senate","OR",200,"HOLMAN, Rufus Cecil","H000731","1877-10-14",1,1,22360,61.2183436002738,"Missionary","HOLMAN",""
"12361",77,"1941-01-03","Senate","OR",200,"HOLMAN, Rufus Cecil","H000731","1877-10-14",2,2,23091,63.2197125256674,"Missionary","HOLMAN",""
"12362",78,"1943-01-03","Senate","OR",200,"HOLMAN, Rufus Cecil","H000731","1877-10-14",3,3,23821,65.2183436002738,"Missionary","HOLMAN",""
"12390",74,"1935-01-03","Senate","WV",100,"HOLT, Rush Dew","H000749","1905-06-19",1,1,10790,29.5414099931554,"Greatest","HOLT",""
"12391",75,"1937-01-03","Senate","WV",100,"HOLT, Rush Dew","H000749","1905-06-19",2,2,11521,31.5427789185489,"Greatest","HOLT",""
"12392",76,"1939-01-03","Senate","WV",100,"HOLT, Rush Dew","H000749","1905-06-19",3,3,12251,33.5414099931554,"Greatest","HOLT",""
"12510",77,"1941-01-03","Senate","TX",100,"HOUSTON, Andrew Jackson","H000821","1854-06-21",1,1,31607,86.5352498288843,"Progressive","HOUSTON",""
"12528",74,"1935-01-03","Senate","MN",200,"HOWARD, Guy Victor","H000838","1879-11-28",1,1,20124,55.0965092402464,"Missionary","HOWARD",""
"12549",68,"1923-03-04","Senate","NE",200,"HOWELL, Robert Beecher","H000868","1864-01-21",1,1,21591,59.1129363449692,"Missionary","HOWELL",""
"12550",69,"1925-03-04","Senate","NE",200,"HOWELL, Robert Beecher","H000868","1864-01-21",2,2,22322,61.1143052703628,"Missionary","HOWELL",""
"12551",70,"1927-03-04","Senate","NE",200,"HOWELL, Robert Beecher","H000868","1864-01-21",3,3,23052,63.1129363449692,"Missionary","HOWELL",""
"12552",71,"1929-03-04","Senate","NE",200,"HOWELL, Robert Beecher","H000868","1864-01-21",4,4,23783,65.1143052703628,"Missionary","HOWELL",""
"12553",72,"1931-03-04","Senate","NE",200,"HOWELL, Robert Beecher","H000868","1864-01-21",5,5,24513,67.1129363449692,"Missionary","HOWELL",""
"12554",73,"1933-03-04","Senate","NE",200,"HOWELL, Robert Beecher","H000868","1864-01-21",6,6,25244,69.1143052703628,"Missionary","HOWELL",""
"12578",84,"1955-01-03","Senate","NE",200,"HRUSKA, Roman Lee","H000875","1904-08-16",2,1,18402,50.3819301848049,"Greatest","HRUSKA",""
"12579",85,"1957-01-03","Senate","NE",200,"HRUSKA, Roman Lee","H000875","1904-08-16",3,2,19133,52.3832991101985,"Greatest","HRUSKA",""
"12580",86,"1959-01-03","Senate","NE",200,"HRUSKA, Roman Lee","H000875","1904-08-16",4,3,19863,54.3819301848049,"Greatest","HRUSKA",""
"12581",87,"1961-01-03","Senate","NE",200,"HRUSKA, Roman Lee","H000875","1904-08-16",5,4,20594,56.3832991101985,"Greatest","HRUSKA",""
"12582",88,"1963-01-03","Senate","NE",200,"HRUSKA, Roman Lee","H000875","1904-08-16",6,5,21324,58.3819301848049,"Greatest","HRUSKA",""
"12583",89,"1965-01-03","Senate","NE",200,"HRUSKA, Roman Lee","H000875","1904-08-16",7,6,22055,60.3832991101985,"Greatest","HRUSKA",""
"12584",90,"1967-01-03","Senate","NE",200,"HRUSKA, Roman Lee","H000875","1904-08-16",8,7,22785,62.3819301848049,"Greatest","HRUSKA",""
"12585",91,"1969-01-03","Senate","NE",200,"HRUSKA, Roman Lee","H000875","1904-08-16",9,8,23516,64.3832991101985,"Greatest","HRUSKA",""
"12586",92,"1971-01-03","Senate","NE",200,"HRUSKA, Roman Lee","H000875","1904-08-16",10,9,24246,66.3819301848049,"Greatest","HRUSKA",""
"12587",93,"1973-01-03","Senate","NE",200,"HRUSKA, Roman Lee","H000875","1904-08-16",11,10,24977,68.3832991101985,"Greatest","HRUSKA",""
"12588",94,"1975-01-03","Senate","NE",200,"HRUSKA, Roman Lee","H000875","1904-08-16",12,11,25707,70.3819301848049,"Greatest","HRUSKA",""
"12625",93,"1973-01-03","Senate","KY",100,"HUDDLESTON, Walter Darlington","H000905","1926-04-15",1,1,17065,46.7214236824093,"Greatest","HUDDLESTON",""
"12626",94,"1975-01-03","Senate","KY",100,"HUDDLESTON, Walter Darlington","H000905","1926-04-15",2,2,17795,48.7200547570157,"Greatest","HUDDLESTON",""
"12627",95,"1977-01-03","Senate","KY",100,"HUDDLESTON, Walter Darlington","H000905","1926-04-15",3,3,18526,50.7214236824093,"Greatest","HUDDLESTON",""
"12628",96,"1979-01-03","Senate","KY",100,"HUDDLESTON, Walter Darlington","H000905","1926-04-15",4,4,19256,52.7200547570157,"Greatest","HUDDLESTON",""
"12629",97,"1981-01-03","Senate","KY",100,"HUDDLESTON, Walter Darlington","H000905","1926-04-15",5,5,19987,54.7214236824093,"Greatest","HUDDLESTON",""
"12630",98,"1983-01-03","Senate","KY",100,"HUDDLESTON, Walter Darlington","H000905","1926-04-15",6,6,20717,56.7200547570157,"Greatest","HUDDLESTON",""
"12643",79,"1945-01-03","Senate","OH",100,"HUFFMAN, James Wylie","H000913","1894-09-13",1,1,18374,50.3052703627652,"Lost","HUFFMAN",""
"12644",91,"1969-01-03","Senate","IA",100,"HUGHES, Harold Everett","H000922","1922-02-10",1,1,17129,46.8966461327858,"Greatest","HUGHES",""
"12645",92,"1971-01-03","Senate","IA",100,"HUGHES, Harold Everett","H000922","1922-02-10",2,2,17859,48.8952772073922,"Greatest","HUGHES",""
"12646",93,"1973-01-03","Senate","IA",100,"HUGHES, Harold Everett","H000922","1922-02-10",3,3,18590,50.8966461327858,"Greatest","HUGHES",""
"12650",75,"1937-01-03","Senate","DE",100,"HUGHES, James Hurd","H000926","1867-01-14",1,1,25556,69.968514715948,"Missionary","HUGHES",""
"12651",76,"1939-01-03","Senate","DE",100,"HUGHES, James Hurd","H000926","1867-01-14",2,2,26286,71.9671457905544,"Missionary","HUGHES",""
"12652",77,"1941-01-03","Senate","DE",100,"HUGHES, James Hurd","H000926","1867-01-14",3,3,27017,73.968514715948,"Missionary","HUGHES",""
"12670",72,"1931-03-04","Senate","TN",100,"HULL, Cordell","H000940","1871-10-02",12,1,21702,59.4168377823409,"Missionary","HULL",""
"12711",96,"1979-01-03","Senate","NH",200,"HUMPHREY, Gordon John","H000951","1940-10-09",1,1,13965,38.2340862422998,"Silent","HUMPHREY",""
"12712",97,"1981-01-03","Senate","NH",200,"HUMPHREY, Gordon John","H000951","1940-10-09",2,2,14696,40.2354551676934,"Silent","HUMPHREY",""
"12713",98,"1983-01-03","Senate","NH",200,"HUMPHREY, Gordon John","H000951","1940-10-09",3,3,15426,42.2340862422998,"Silent","HUMPHREY",""
"12714",99,"1985-01-03","Senate","NH",200,"HUMPHREY, Gordon John","H000951","1940-10-09",4,4,16157,44.2354551676934,"Silent","HUMPHREY",""
"12715",100,"1987-01-03","Senate","NH",200,"HUMPHREY, Gordon John","H000951","1940-10-09",5,5,16887,46.2340862422998,"Silent","HUMPHREY",""
"12716",101,"1989-01-03","Senate","NH",200,"HUMPHREY, Gordon John","H000951","1940-10-09",6,6,17618,48.2354551676934,"Silent","HUMPHREY",""
"12717",81,"1949-01-03","Senate","MN",100,"HUMPHREY, Hubert Horatio, Jr.","H000953","1911-05-27",1,1,13736,37.6071184120465,"Greatest","HUMPHREY",""
"12718",82,"1951-01-03","Senate","MN",100,"HUMPHREY, Hubert Horatio, Jr.","H000953","1911-05-27",2,2,14466,39.605749486653,"Greatest","HUMPHREY",""
"12719",83,"1953-01-03","Senate","MN",100,"HUMPHREY, Hubert Horatio, Jr.","H000953","1911-05-27",3,3,15197,41.6071184120465,"Greatest","HUMPHREY",""
"12720",84,"1955-01-03","Senate","MN",100,"HUMPHREY, Hubert Horatio, Jr.","H000953","1911-05-27",4,4,15927,43.605749486653,"Greatest","HUMPHREY",""
"12721",85,"1957-01-03","Senate","MN",100,"HUMPHREY, Hubert Horatio, Jr.","H000953","1911-05-27",5,5,16658,45.6071184120465,"Greatest","HUMPHREY",""
"12722",86,"1959-01-03","Senate","MN",100,"HUMPHREY, Hubert Horatio, Jr.","H000953","1911-05-27",6,6,17388,47.605749486653,"Greatest","HUMPHREY",""
"12723",87,"1961-01-03","Senate","MN",100,"HUMPHREY, Hubert Horatio, Jr.","H000953","1911-05-27",7,7,18119,49.6071184120465,"Greatest","HUMPHREY",""
"12724",88,"1963-01-03","Senate","MN",100,"HUMPHREY, Hubert Horatio, Jr.","H000953","1911-05-27",8,8,18849,51.605749486653,"Greatest","HUMPHREY",""
"12725",92,"1971-01-03","Senate","MN",100,"HUMPHREY, Hubert Horatio, Jr.","H000953","1911-05-27",9,9,21771,59.605749486653,"Greatest","HUMPHREY",""
"12726",93,"1973-01-03","Senate","MN",100,"HUMPHREY, Hubert Horatio, Jr.","H000953","1911-05-27",10,10,22502,61.6071184120465,"Greatest","HUMPHREY",""
"12727",94,"1975-01-03","Senate","MN",100,"HUMPHREY, Hubert Horatio, Jr.","H000953","1911-05-27",11,11,23232,63.605749486653,"Greatest","HUMPHREY",""
"12728",95,"1977-01-03","Senate","MN",100,"HUMPHREY, Hubert Horatio, Jr.","H000953","1911-05-27",12,12,23963,65.6071184120465,"Greatest","HUMPHREY",""
"12729",95,"1977-01-03","Senate","MN",100,"HUMPHREY, Muriel Buck","H000956","1912-02-20",1,1,23694,64.870636550308,"Greatest","HUMPHREY",""
"12733",84,"1955-01-03","Senate","KY",100,"HUMPHREYS, Robert","H000963","1893-08-20",1,1,22415,61.368925393566,"Lost","HUMPHREYS",""
"12746",81,"1949-01-03","Senate","WY",100,"HUNT, Lester Callaway","H000975","1892-07-08",1,1,20632,56.4873374401095,"Lost","HUNT",""
"12747",82,"1951-01-03","Senate","WY",100,"HUNT, Lester Callaway","H000975","1892-07-08",2,2,21362,58.485968514716,"Lost","HUNT",""
"12748",83,"1953-01-03","Senate","WY",100,"HUNT, Lester Callaway","H000975","1892-07-08",3,3,22093,60.4873374401095,"Lost","HUNT",""
"12768",73,"1933-03-04","Senate","NE",100,"HUNTER, Richard Charles","H000987","1884-12-03",1,1,17622,48.2464065708419,"Lost","HUNTER",""
"12787",105,"1997-01-03","Senate","AR",200,"HUTCHINSON, Timothy","H001015","1949-08-11",3,1,17312,47.3976728268309,"Boomers","HUTCHINSON",""
"12788",106,"1999-01-03","Senate","AR",200,"HUTCHINSON, Timothy","H001015","1949-08-11",4,2,18042,49.3963039014374,"Boomers","HUTCHINSON",""
"12789",107,"2001-01-03","Senate","AR",200,"HUTCHINSON, Timothy","H001015","1949-08-11",5,3,18773,51.3976728268309,"Boomers","HUTCHINSON",""
"12790",103,"1993-01-03","Senate","TX",200,"HUTCHISON, Kathryn Ann Bailey (Kay)","H001016","1943-07-22",1,1,18063,49.4537987679671,"Silent","HUTCHISON",""
"12791",104,"1995-01-03","Senate","TX",200,"HUTCHISON, Kathryn Ann Bailey (Kay)","H001016","1943-07-22",2,2,18793,51.4524298425736,"Silent","HUTCHISON",""
"12792",105,"1997-01-03","Senate","TX",200,"HUTCHISON, Kathryn Ann Bailey (Kay)","H001016","1943-07-22",3,3,19524,53.4537987679671,"Silent","HUTCHISON",""
"12793",106,"1999-01-03","Senate","TX",200,"HUTCHISON, Kathryn Ann Bailey (Kay)","H001016","1943-07-22",4,4,20254,55.4524298425736,"Silent","HUTCHISON",""
"12794",107,"2001-01-03","Senate","TX",200,"HUTCHISON, Kathryn Ann Bailey (Kay)","H001016","1943-07-22",5,5,20985,57.4537987679671,"Silent","HUTCHISON",""
"12795",108,"2003-01-03","Senate","TX",200,"HUTCHISON, Kathryn Ann Bailey (Kay)","H001016","1943-07-22",6,6,21715,59.4524298425736,"Silent","HUTCHISON",""
"12796",109,"2005-01-03","Senate","TX",200,"HUTCHISON, Kathryn Ann Bailey (Kay)","H001016","1943-07-22",7,7,22446,61.4537987679671,"Silent","HUTCHISON",""
"12797",110,"2007-01-03","Senate","TX",200,"HUTCHISON, Kathryn Ann Bailey (Kay)","H001016","1943-07-22",8,8,23176,63.4524298425736,"Silent","HUTCHISON",""
"12798",111,"2009-01-03","Senate","TX",200,"HUTCHISON, Kathryn Ann Bailey (Kay)","H001016","1943-07-22",9,9,23907,65.4537987679671,"Silent","HUTCHISON",""
"12799",112,"2011-01-03","Senate","TX",200,"HUTCHISON, Kathryn Ann Bailey (Kay)","H001016","1943-07-22",10,10,24637,67.4524298425736,"Silent","HUTCHISON",""
"12827",105,"1997-01-03","Senate","NE",200,"HAGEL, Charles Timothy (Chuck)","H001028","1946-10-04",1,1,18354,50.2505133470226,"Boomers","HAGEL",""
"12828",106,"1999-01-03","Senate","NE",200,"HAGEL, Charles Timothy (Chuck)","H001028","1946-10-04",2,2,19084,52.249144421629,"Boomers","HAGEL",""
"12829",107,"2001-01-03","Senate","NE",200,"HAGEL, Charles Timothy (Chuck)","H001028","1946-10-04",3,3,19815,54.2505133470226,"Boomers","HAGEL",""
"12830",108,"2003-01-03","Senate","NE",200,"HAGEL, Charles Timothy (Chuck)","H001028","1946-10-04",4,4,20545,56.249144421629,"Boomers","HAGEL",""
"12831",109,"2005-01-03","Senate","NE",200,"HAGEL, Charles Timothy (Chuck)","H001028","1946-10-04",5,5,21276,58.2505133470226,"Boomers","HAGEL",""
"12832",110,"2007-01-03","Senate","NE",200,"HAGEL, Charles Timothy (Chuck)","H001028","1946-10-04",6,6,22006,60.249144421629,"Boomers","HAGEL",""
"12895",112,"2011-01-03","Senate","NV",200,"HELLER, Dean","H001041","1960-05-10",3,1,18500,50.6502395619439,"Boomers","HELLER",""
"12896",113,"2013-01-03","Senate","NV",200,"HELLER, Dean","H001041","1960-05-10",4,2,19231,52.6516084873374,"Boomers","HELLER",""
"12897",114,"2015-01-03","Senate","NV",200,"HELLER, Dean","H001041","1960-05-10",5,3,19961,54.6502395619439,"Boomers","HELLER",""
"12898",115,"2017-01-03","Senate","NV",200,"HELLER, Dean","H001041","1960-05-10",6,4,20692,56.6516084873374,"Boomers","HELLER",""
"12902",113,"2013-01-03","Senate","HI",100,"HIRONO, Mazie","H001042","1947-11-03",4,1,23803,65.1690622861054,"Boomers","HIRONO",""
"12903",114,"2015-01-03","Senate","HI",100,"HIRONO, Mazie","H001042","1947-11-03",5,2,24533,67.1676933607118,"Boomers","HIRONO",""
"12904",115,"2017-01-03","Senate","HI",100,"HIRONO, Mazie","H001042","1947-11-03",6,3,25264,69.1690622861054,"Boomers","HIRONO",""
"12905",116,"2019-01-03","Senate","HI",100,"HIRONO, Mazie","H001042","1947-11-03",7,4,25994,71.1676933607118,"Boomers","HIRONO",""
"12906",117,"2021-01-03","Senate","HI",100,"HIRONO, Mazie","H001042","1947-11-03",8,5,26725,73.1690622861054,"Boomers","HIRONO",""
"12907",118,"2023-01-03","Senate","HI",100,"HIRONO, Mazie","H001042","1947-11-03",9,6,27455,75.1676933607118,"Boomers","HIRONO",""
"12918",113,"2013-01-03","Senate","NM",100,"HEINRICH, Martin","H001046","1971-10-17",3,1,15054,41.2156057494867,"Gen X","HEINRICH",""
"12919",114,"2015-01-03","Senate","NM",100,"HEINRICH, Martin","H001046","1971-10-17",4,2,15784,43.2142368240931,"Gen X","HEINRICH",""
"12920",115,"2017-01-03","Senate","NM",100,"HEINRICH, Martin","H001046","1971-10-17",5,3,16515,45.2156057494867,"Gen X","HEINRICH",""
"12921",116,"2019-01-03","Senate","NM",100,"HEINRICH, Martin","H001046","1971-10-17",6,4,17245,47.2142368240931,"Gen X","HEINRICH",""
"12922",117,"2021-01-03","Senate","NM",100,"HEINRICH, Martin","H001046","1971-10-17",7,5,17976,49.2156057494867,"Gen X","HEINRICH",""
"12923",118,"2023-01-03","Senate","NM",100,"HEINRICH, Martin","H001046","1971-10-17",8,6,18706,51.2142368240931,"Gen X","HEINRICH",""
"12938",111,"2009-01-03","Senate","NC",100,"HAGAN, Kay","H001049","1953-05-26",1,1,20311,55.6084873374401,"Boomers","HAGAN",""
"12939",112,"2011-01-03","Senate","NC",100,"HAGAN, Kay","H001049","1953-05-26",2,2,21041,57.6071184120465,"Boomers","HAGAN",""
"12940",113,"2013-01-03","Senate","NC",100,"HAGAN, Kay","H001049","1953-05-26",3,3,21772,59.6084873374401,"Boomers","HAGAN",""
"12988",112,"2011-01-03","Senate","ND",200,"HOEVEN, John","H001061","1957-03-13",1,1,19654,53.8097193702943,"Boomers","HOEVEN",""
"12989",113,"2013-01-03","Senate","ND",200,"HOEVEN, John","H001061","1957-03-13",2,2,20385,55.8110882956879,"Boomers","HOEVEN",""
"12990",114,"2015-01-03","Senate","ND",200,"HOEVEN, John","H001061","1957-03-13",3,3,21115,57.8097193702943,"Boomers","HOEVEN",""
"12991",115,"2017-01-03","Senate","ND",200,"HOEVEN, John","H001061","1957-03-13",4,4,21846,59.8110882956879,"Boomers","HOEVEN",""
"12992",116,"2019-01-03","Senate","ND",200,"HOEVEN, John","H001061","1957-03-13",5,5,22576,61.8097193702943,"Boomers","HOEVEN",""
"12993",117,"2021-01-03","Senate","ND",200,"HOEVEN, John","H001061","1957-03-13",6,6,23307,63.8110882956879,"Boomers","HOEVEN",""
"12994",118,"2023-01-03","Senate","ND",200,"HOEVEN, John","H001061","1957-03-13",7,7,24037,65.8097193702943,"Boomers","HOEVEN",""
"13023",113,"2013-01-03","Senate","ND",100,"HEITKAMP, Mary Kathryn (Heidi)","H001069","1955-10-30",1,1,20885,57.1800136892539,"Boomers","HEITKAMP",""
"13024",114,"2015-01-03","Senate","ND",100,"HEITKAMP, Mary Kathryn (Heidi)","H001069","1955-10-30",2,2,21615,59.1786447638604,"Boomers","HEITKAMP",""
"13025",115,"2017-01-03","Senate","ND",100,"HEITKAMP, Mary Kathryn (Heidi)","H001069","1955-10-30",3,3,22346,61.1800136892539,"Boomers","HEITKAMP",""
"13042",115,"2017-01-03","Senate","CA",100,"HARRIS, Kamala Devi","H001075","1964-10-20",1,1,19068,52.2053388090349,"Boomers","HARRIS",""
"13043",116,"2019-01-03","Senate","CA",100,"HARRIS, Kamala Devi","H001075","1964-10-20",2,2,19798,54.2039698836413,"Boomers","HARRIS",""
"13044",117,"2021-01-03","Senate","CA",100,"HARRIS, Kamala Devi","H001075","1964-10-20",3,3,20529,56.2053388090349,"Boomers","HARRIS",""
"13045",115,"2017-01-03","Senate","NH",100,"HASSAN, Margaret (Maggie)","H001076","1958-02-27",1,1,21495,58.8501026694045,"Boomers","HASSAN",""
"13046",116,"2019-01-03","Senate","NH",100,"HASSAN, Margaret (Maggie)","H001076","1958-02-27",2,2,22225,60.848733744011,"Boomers","HASSAN",""
"13047",117,"2021-01-03","Senate","NH",100,"HASSAN, Margaret (Maggie)","H001076","1958-02-27",3,3,22956,62.8501026694045,"Boomers","HASSAN",""
"13048",118,"2023-01-03","Senate","NH",100,"HASSAN, Margaret (Maggie)","H001076","1958-02-27",4,4,23686,64.848733744011,"Boomers","HASSAN",""
"13054",115,"2017-01-03","Senate","MS",200,"HYDE-SMITH, Cindy","H001079","1959-05-10",1,1,21058,57.6536618754278,"Boomers","HYDE-SMITH",""
"13055",116,"2019-01-03","Senate","MS",200,"HYDE-SMITH, Cindy","H001079","1959-05-10",2,2,21788,59.6522929500342,"Boomers","HYDE-SMITH",""
"13056",117,"2021-01-03","Senate","MS",200,"HYDE-SMITH, Cindy","H001079","1959-05-10",3,3,22519,61.6536618754278,"Boomers","HYDE-SMITH",""
"13057",118,"2023-01-03","Senate","MS",200,"HYDE-SMITH, Cindy","H001079","1959-05-10",4,4,23249,63.6522929500342,"Boomers","HYDE-SMITH",""
"13077",116,"2019-01-03","Senate","MO",200,"HAWLEY, Joshua David","H001089","1979-12-31",1,1,14248,39.0088980150582,"Gen X","HAWLEY",""
"13078",117,"2021-01-03","Senate","MO",200,"HAWLEY, Joshua David","H001089","1979-12-31",2,2,14979,41.0102669404517,"Gen X","HAWLEY",""
"13079",118,"2023-01-03","Senate","MO",200,"HAWLEY, Joshua David","H001089","1979-12-31",3,3,15709,43.0088980150582,"Gen X","HAWLEY",""
"13125",104,"1995-01-03","Senate","OK",200,"INHOFE, James Mountain","I000024","1934-11-17",5,1,21962,60.1286789869952,"Silent","INHOFE",""
"13126",105,"1997-01-03","Senate","OK",200,"INHOFE, James Mountain","I000024","1934-11-17",6,2,22693,62.1300479123888,"Silent","INHOFE",""
"13127",106,"1999-01-03","Senate","OK",200,"INHOFE, James Mountain","I000024","1934-11-17",7,3,23423,64.1286789869952,"Silent","INHOFE",""
"13128",107,"2001-01-03","Senate","OK",200,"INHOFE, James Mountain","I000024","1934-11-17",8,4,24154,66.1300479123888,"Silent","INHOFE",""
"13129",108,"2003-01-03","Senate","OK",200,"INHOFE, James Mountain","I000024","1934-11-17",9,5,24884,68.1286789869952,"Silent","INHOFE",""
"13130",109,"2005-01-03","Senate","OK",200,"INHOFE, James Mountain","I000024","1934-11-17",10,6,25615,70.1300479123888,"Silent","INHOFE",""
"13131",110,"2007-01-03","Senate","OK",200,"INHOFE, James Mountain","I000024","1934-11-17",11,7,26345,72.1286789869952,"Silent","INHOFE",""
"13132",111,"2009-01-03","Senate","OK",200,"INHOFE, James Mountain","I000024","1934-11-17",12,8,27076,74.1300479123888,"Silent","INHOFE",""
"13133",112,"2011-01-03","Senate","OK",200,"INHOFE, James Mountain","I000024","1934-11-17",13,9,27806,76.1286789869952,"Silent","INHOFE",""
"13134",113,"2013-01-03","Senate","OK",200,"INHOFE, James Mountain","I000024","1934-11-17",14,10,28537,78.1300479123888,"Silent","INHOFE",""
"13135",114,"2015-01-03","Senate","OK",200,"INHOFE, James Mountain","I000024","1934-11-17",15,11,29267,80.1286789869952,"Silent","INHOFE",""
"13136",115,"2017-01-03","Senate","OK",200,"INHOFE, James Mountain","I000024","1934-11-17",16,12,29998,82.1300479123888,"Silent","INHOFE",""
"13137",116,"2019-01-03","Senate","OK",200,"INHOFE, James Mountain","I000024","1934-11-17",17,13,30728,84.1286789869952,"Silent","INHOFE",""
"13138",117,"2021-01-03","Senate","OK",200,"INHOFE, James Mountain","I000024","1934-11-17",18,14,31459,86.1300479123888,"Silent","INHOFE",""
"13141",88,"1963-01-03","Senate","HI",100,"INOUYE, Daniel Ken","I000025","1924-09-07",3,1,13997,38.321697467488,"Greatest","INOUYE",""
"13142",89,"1965-01-03","Senate","HI",100,"INOUYE, Daniel Ken","I000025","1924-09-07",4,2,14728,40.3230663928816,"Greatest","INOUYE",""
"13143",90,"1967-01-03","Senate","HI",100,"INOUYE, Daniel Ken","I000025","1924-09-07",5,3,15458,42.321697467488,"Greatest","INOUYE",""
"13144",91,"1969-01-03","Senate","HI",100,"INOUYE, Daniel Ken","I000025","1924-09-07",6,4,16189,44.3230663928816,"Greatest","INOUYE",""
"13145",92,"1971-01-03","Senate","HI",100,"INOUYE, Daniel Ken","I000025","1924-09-07",7,5,16919,46.321697467488,"Greatest","INOUYE",""
"13146",93,"1973-01-03","Senate","HI",100,"INOUYE, Daniel Ken","I000025","1924-09-07",8,6,17650,48.3230663928816,"Greatest","INOUYE",""
"13147",94,"1975-01-03","Senate","HI",100,"INOUYE, Daniel Ken","I000025","1924-09-07",9,7,18380,50.321697467488,"Greatest","INOUYE",""
"13148",95,"1977-01-03","Senate","HI",100,"INOUYE, Daniel Ken","I000025","1924-09-07",10,8,19111,52.3230663928816,"Greatest","INOUYE",""
"13149",96,"1979-01-03","Senate","HI",100,"INOUYE, Daniel Ken","I000025","1924-09-07",11,9,19841,54.321697467488,"Greatest","INOUYE",""
"13150",97,"1981-01-03","Senate","HI",100,"INOUYE, Daniel Ken","I000025","1924-09-07",12,10,20572,56.3230663928816,"Greatest","INOUYE",""
"13151",98,"1983-01-03","Senate","HI",100,"INOUYE, Daniel Ken","I000025","1924-09-07",13,11,21302,58.321697467488,"Greatest","INOUYE",""
"13152",99,"1985-01-03","Senate","HI",100,"INOUYE, Daniel Ken","I000025","1924-09-07",14,12,22033,60.3230663928816,"Greatest","INOUYE",""
"13153",100,"1987-01-03","Senate","HI",100,"INOUYE, Daniel Ken","I000025","1924-09-07",15,13,22763,62.321697467488,"Greatest","INOUYE",""
"13154",101,"1989-01-03","Senate","HI",100,"INOUYE, Daniel Ken","I000025","1924-09-07",16,14,23494,64.3230663928816,"Greatest","INOUYE",""
"13155",102,"1991-01-03","Senate","HI",100,"INOUYE, Daniel Ken","I000025","1924-09-07",17,15,24224,66.321697467488,"Greatest","INOUYE",""
"13156",103,"1993-01-03","Senate","HI",100,"INOUYE, Daniel Ken","I000025","1924-09-07",18,16,24955,68.3230663928816,"Greatest","INOUYE",""
"13157",104,"1995-01-03","Senate","HI",100,"INOUYE, Daniel Ken","I000025","1924-09-07",19,17,25685,70.321697467488,"Greatest","INOUYE",""
"13158",105,"1997-01-03","Senate","HI",100,"INOUYE, Daniel Ken","I000025","1924-09-07",20,18,26416,72.3230663928816,"Greatest","INOUYE",""
"13159",106,"1999-01-03","Senate","HI",100,"INOUYE, Daniel Ken","I000025","1924-09-07",21,19,27146,74.321697467488,"Greatest","INOUYE",""
"13160",107,"2001-01-03","Senate","HI",100,"INOUYE, Daniel Ken","I000025","1924-09-07",22,20,27877,76.3230663928816,"Greatest","INOUYE",""
"13161",108,"2003-01-03","Senate","HI",100,"INOUYE, Daniel Ken","I000025","1924-09-07",23,21,28607,78.321697467488,"Greatest","INOUYE",""
"13162",109,"2005-01-03","Senate","HI",100,"INOUYE, Daniel Ken","I000025","1924-09-07",24,22,29338,80.3230663928816,"Greatest","INOUYE",""
"13163",110,"2007-01-03","Senate","HI",100,"INOUYE, Daniel Ken","I000025","1924-09-07",25,23,30068,82.321697467488,"Greatest","INOUYE",""
"13164",111,"2009-01-03","Senate","HI",100,"INOUYE, Daniel Ken","I000025","1924-09-07",26,24,30799,84.3230663928816,"Greatest","INOUYE",""
"13165",112,"2011-01-03","Senate","HI",100,"INOUYE, Daniel Ken","I000025","1924-09-07",27,25,31529,86.321697467488,"Greatest","INOUYE",""
"13200",80,"1947-01-03","Senate","NY",200,"IVES, Irving McNeil","I000050","1896-01-24",1,1,18606,50.9404517453799,"Lost","IVES",""
"13201",81,"1949-01-03","Senate","NY",200,"IVES, Irving McNeil","I000050","1896-01-24",2,2,19337,52.9418206707734,"Lost","IVES",""
"13202",82,"1951-01-03","Senate","NY",200,"IVES, Irving McNeil","I000050","1896-01-24",3,3,20067,54.9404517453799,"Lost","IVES",""
"13203",83,"1953-01-03","Senate","NY",200,"IVES, Irving McNeil","I000050","1896-01-24",4,4,20798,56.9418206707734,"Lost","IVES",""
"13204",84,"1955-01-03","Senate","NY",200,"IVES, Irving McNeil","I000050","1896-01-24",5,5,21528,58.9404517453799,"Lost","IVES",""
"13205",85,"1957-01-03","Senate","NY",200,"IVES, Irving McNeil","I000050","1896-01-24",6,6,22259,60.9418206707734,"Lost","IVES",""
"13214",109,"2005-01-03","Senate","GA",200,"ISAKSON, Johnny","I000055","1944-12-28",4,1,21921,60.0164271047228,"Silent","ISAKSON",""
"13215",110,"2007-01-03","Senate","GA",200,"ISAKSON, Johnny","I000055","1944-12-28",5,2,22651,62.0150581793292,"Silent","ISAKSON",""
"13216",111,"2009-01-03","Senate","GA",200,"ISAKSON, Johnny","I000055","1944-12-28",6,3,23382,64.0164271047228,"Silent","ISAKSON",""
"13217",112,"2011-01-03","Senate","GA",200,"ISAKSON, Johnny","I000055","1944-12-28",7,4,24112,66.0150581793292,"Silent","ISAKSON",""
"13218",113,"2013-01-03","Senate","GA",200,"ISAKSON, Johnny","I000055","1944-12-28",8,5,24843,68.0164271047228,"Silent","ISAKSON",""
"13219",114,"2015-01-03","Senate","GA",200,"ISAKSON, Johnny","I000055","1944-12-28",9,6,25573,70.0150581793292,"Silent","ISAKSON",""
"13220",115,"2017-01-03","Senate","GA",200,"ISAKSON, Johnny","I000055","1944-12-28",10,7,26304,72.0164271047228,"Silent","ISAKSON",""
"13221",116,"2019-01-03","Senate","GA",200,"ISAKSON, Johnny","I000055","1944-12-28",11,8,27034,74.0150581793292,"Silent","ISAKSON",""
"13255",83,"1953-01-03","Senate","WA",100,"JACKSON, Henry Martin (Scoop)","J000013","1912-05-31",7,1,14827,40.5941136208077,"Greatest","JACKSON",""
"13256",84,"1955-01-03","Senate","WA",100,"JACKSON, Henry Martin (Scoop)","J000013","1912-05-31",8,2,15557,42.5927446954141,"Greatest","JACKSON",""
"13257",85,"1957-01-03","Senate","WA",100,"JACKSON, Henry Martin (Scoop)","J000013","1912-05-31",9,3,16288,44.5941136208077,"Greatest","JACKSON",""
"13258",86,"1959-01-03","Senate","WA",100,"JACKSON, Henry Martin (Scoop)","J000013","1912-05-31",10,4,17018,46.5927446954141,"Greatest","JACKSON",""
"13259",87,"1961-01-03","Senate","WA",100,"JACKSON, Henry Martin (Scoop)","J000013","1912-05-31",11,5,17749,48.5941136208077,"Greatest","JACKSON",""
"13260",88,"1963-01-03","Senate","WA",100,"JACKSON, Henry Martin (Scoop)","J000013","1912-05-31",12,6,18479,50.5927446954141,"Greatest","JACKSON",""
"13261",89,"1965-01-03","Senate","WA",100,"JACKSON, Henry Martin (Scoop)","J000013","1912-05-31",13,7,19210,52.5941136208077,"Greatest","JACKSON",""
"13262",90,"1967-01-03","Senate","WA",100,"JACKSON, Henry Martin (Scoop)","J000013","1912-05-31",14,8,19940,54.5927446954141,"Greatest","JACKSON",""
"13263",91,"1969-01-03","Senate","WA",100,"JACKSON, Henry Martin (Scoop)","J000013","1912-05-31",15,9,20671,56.5941136208077,"Greatest","JACKSON",""
"13264",92,"1971-01-03","Senate","WA",100,"JACKSON, Henry Martin (Scoop)","J000013","1912-05-31",16,10,21401,58.5927446954141,"Greatest","JACKSON",""
"13265",93,"1973-01-03","Senate","WA",100,"JACKSON, Henry Martin (Scoop)","J000013","1912-05-31",17,11,22132,60.5941136208077,"Greatest","JACKSON",""
"13266",94,"1975-01-03","Senate","WA",100,"JACKSON, Henry Martin (Scoop)","J000013","1912-05-31",18,12,22862,62.5927446954141,"Greatest","JACKSON",""
"13267",95,"1977-01-03","Senate","WA",100,"JACKSON, Henry Martin (Scoop)","J000013","1912-05-31",19,13,23593,64.5941136208077,"Greatest","JACKSON",""
"13268",96,"1979-01-03","Senate","WA",100,"JACKSON, Henry Martin (Scoop)","J000013","1912-05-31",20,14,24323,66.5927446954141,"Greatest","JACKSON",""
"13269",97,"1981-01-03","Senate","WA",100,"JACKSON, Henry Martin (Scoop)","J000013","1912-05-31",21,15,25054,68.5941136208077,"Greatest","JACKSON",""
"13270",98,"1983-01-03","Senate","WA",100,"JACKSON, Henry Martin (Scoop)","J000013","1912-05-31",22,16,25784,70.5927446954141,"Greatest","JACKSON",""
"13273",78,"1943-01-03","Senate","IN",100,"JACKSON, Samuel Dillon","J000026","1895-05-28",1,1,17386,47.6002737850787,"Lost","JACKSON",""
"13360",85,"1957-01-03","Senate","NY",200,"JAVITS, Jacob Koppel","J000064","1904-05-18",5,1,19223,52.6297056810404,"Greatest","JAVITS",""
"13361",86,"1959-01-03","Senate","NY",200,"JAVITS, Jacob Koppel","J000064","1904-05-18",6,2,19953,54.6283367556468,"Greatest","JAVITS",""
"13362",87,"1961-01-03","Senate","NY",200,"JAVITS, Jacob Koppel","J000064","1904-05-18",7,3,20684,56.6297056810404,"Greatest","JAVITS",""
"13363",88,"1963-01-03","Senate","NY",200,"JAVITS, Jacob Koppel","J000064","1904-05-18",8,4,21414,58.6283367556468,"Greatest","JAVITS",""
"13364",89,"1965-01-03","Senate","NY",200,"JAVITS, Jacob Koppel","J000064","1904-05-18",9,5,22145,60.6297056810404,"Greatest","JAVITS",""
"13365",90,"1967-01-03","Senate","NY",200,"JAVITS, Jacob Koppel","J000064","1904-05-18",10,6,22875,62.6283367556468,"Greatest","JAVITS",""
"13366",91,"1969-01-03","Senate","NY",200,"JAVITS, Jacob Koppel","J000064","1904-05-18",11,7,23606,64.6297056810404,"Greatest","JAVITS",""
"13367",92,"1971-01-03","Senate","NY",200,"JAVITS, Jacob Koppel","J000064","1904-05-18",12,8,24336,66.6283367556468,"Greatest","JAVITS",""
"13368",93,"1973-01-03","Senate","NY",200,"JAVITS, Jacob Koppel","J000064","1904-05-18",13,9,25067,68.6297056810404,"Greatest","JAVITS",""
"13369",94,"1975-01-03","Senate","NY",200,"JAVITS, Jacob Koppel","J000064","1904-05-18",14,10,25797,70.6283367556468,"Greatest","JAVITS",""
"13370",95,"1977-01-03","Senate","NY",200,"JAVITS, Jacob Koppel","J000064","1904-05-18",15,11,26528,72.6297056810404,"Greatest","JAVITS",""
"13371",96,"1979-01-03","Senate","NY",200,"JAVITS, Jacob Koppel","J000064","1904-05-18",16,12,27258,74.6283367556468,"Greatest","JAVITS",""
"13397",101,"1989-01-03","Senate","VT",200,"JEFFORDS, James Merrill","J000072","1934-05-11",8,1,19961,54.6502395619439,"Silent","JEFFORDS",""
"13398",102,"1991-01-03","Senate","VT",200,"JEFFORDS, James Merrill","J000072","1934-05-11",9,2,20691,56.6488706365503,"Silent","JEFFORDS",""
"13399",103,"1993-01-03","Senate","VT",200,"JEFFORDS, James Merrill","J000072","1934-05-11",10,3,21422,58.6502395619439,"Silent","JEFFORDS",""
"13400",104,"1995-01-03","Senate","VT",200,"JEFFORDS, James Merrill","J000072","1934-05-11",11,4,22152,60.6488706365503,"Silent","JEFFORDS",""
"13401",105,"1997-01-03","Senate","VT",200,"JEFFORDS, James Merrill","J000072","1934-05-11",12,5,22883,62.6502395619439,"Silent","JEFFORDS",""
"13402",106,"1999-01-03","Senate","VT",200,"JEFFORDS, James Merrill","J000072","1934-05-11",13,6,23613,64.6488706365503,"Silent","JEFFORDS",""
"13403",107,"2001-01-03","Senate","VT",328,"JEFFORDS, James Merrill","J000072","1934-05-11",14,7,24344,66.6502395619439,"Silent","JEFFORDS",""
"13404",108,"2003-01-03","Senate","VT",328,"JEFFORDS, James Merrill","J000072","1934-05-11",15,8,25074,68.6488706365503,"Silent","JEFFORDS",""
"13405",109,"2005-01-03","Senate","VT",328,"JEFFORDS, James Merrill","J000072","1934-05-11",16,9,25805,70.6502395619439,"Silent","JEFFORDS",""
"13450",78,"1943-01-03","Senate","IN",200,"JENNER, William Ezra","J000093","1908-07-21",1,1,12584,34.4531143052704,"Greatest","JENNER",""
"13451",80,"1947-01-03","Senate","IN",200,"JENNER, William Ezra","J000093","1908-07-21",2,2,14045,38.4531143052704,"Greatest","JENNER",""
"13452",81,"1949-01-03","Senate","IN",200,"JENNER, William Ezra","J000093","1908-07-21",3,3,14776,40.4544832306639,"Greatest","JENNER",""
"13453",82,"1951-01-03","Senate","IN",200,"JENNER, William Ezra","J000093","1908-07-21",4,4,15506,42.4531143052704,"Greatest","JENNER",""
"13454",83,"1953-01-03","Senate","IN",200,"JENNER, William Ezra","J000093","1908-07-21",5,5,16237,44.4544832306639,"Greatest","JENNER",""
"13455",84,"1955-01-03","Senate","IN",200,"JENNER, William Ezra","J000093","1908-07-21",6,6,16967,46.4531143052704,"Greatest","JENNER",""
"13456",85,"1957-01-03","Senate","IN",200,"JENNER, William Ezra","J000093","1908-07-21",7,7,17698,48.4544832306639,"Greatest","JENNER",""
"13485",96,"1979-01-03","Senate","IA",200,"JEPSEN, Roger William","J000101","1928-12-23",1,1,18273,50.0287474332649,"Silent","JEPSEN",""
"13486",97,"1981-01-03","Senate","IA",200,"JEPSEN, Roger William","J000101","1928-12-23",2,2,19004,52.0301163586585,"Silent","JEPSEN",""
"13487",98,"1983-01-03","Senate","IA",200,"JEPSEN, Roger William","J000101","1928-12-23",3,3,19734,54.0287474332649,"Silent","JEPSEN",""
"13546",75,"1937-01-03","Senate","CO",100,"JOHNSON, Edwin Carl","J000127","1884-01-01",1,1,19360,53.0047912388775,"Lost","JOHNSON",""
"13547",76,"1939-01-03","Senate","CO",100,"JOHNSON, Edwin Carl","J000127","1884-01-01",2,2,20090,55.0034223134839,"Lost","JOHNSON",""
"13548",77,"1941-01-03","Senate","CO",100,"JOHNSON, Edwin Carl","J000127","1884-01-01",3,3,20821,57.0047912388775,"Lost","JOHNSON",""
"13549",78,"1943-01-03","Senate","CO",100,"JOHNSON, Edwin Carl","J000127","1884-01-01",4,4,21551,59.0034223134839,"Lost","JOHNSON",""
"13550",79,"1945-01-03","Senate","CO",100,"JOHNSON, Edwin Carl","J000127","1884-01-01",5,5,22282,61.0047912388775,"Lost","JOHNSON",""
"13551",80,"1947-01-03","Senate","CO",100,"JOHNSON, Edwin Carl","J000127","1884-01-01",6,6,23012,63.0034223134839,"Lost","JOHNSON",""
"13552",81,"1949-01-03","Senate","CO",100,"JOHNSON, Edwin Carl","J000127","1884-01-01",7,7,23743,65.0047912388775,"Lost","JOHNSON",""
"13553",82,"1951-01-03","Senate","CO",100,"JOHNSON, Edwin Carl","J000127","1884-01-01",8,8,24473,67.0034223134839,"Lost","JOHNSON",""
"13554",83,"1953-01-03","Senate","CO",100,"JOHNSON, Edwin Carl","J000127","1884-01-01",9,9,25204,69.0047912388775,"Lost","JOHNSON",""
"13555",66,"1919-03-04","Senate","SD",100,"JOHNSON, Edwin Stockton","J000128","1857-02-26",3,3,22650,62.0123203285421,"Progressive","JOHNSON",""
"13575",66,"1919-03-04","Senate","CA",200,"JOHNSON, Hiram Warren","J000140","1866-09-02",2,2,19175,52.498288843258,"Missionary","JOHNSON",""
"13576",67,"1921-03-04","Senate","CA",200,"JOHNSON, Hiram Warren","J000140","1866-09-02",3,3,19906,54.4996577686516,"Missionary","JOHNSON",""
"13577",68,"1923-03-04","Senate","CA",200,"JOHNSON, Hiram Warren","J000140","1866-09-02",4,4,20636,56.498288843258,"Missionary","JOHNSON",""
"13578",69,"1925-03-04","Senate","CA",200,"JOHNSON, Hiram Warren","J000140","1866-09-02",5,5,21367,58.4996577686516,"Missionary","JOHNSON",""
"13579",70,"1927-03-04","Senate","CA",200,"JOHNSON, Hiram Warren","J000140","1866-09-02",6,6,22097,60.498288843258,"Missionary","JOHNSON",""
"13580",71,"1929-03-04","Senate","CA",200,"JOHNSON, Hiram Warren","J000140","1866-09-02",7,7,22828,62.4996577686516,"Missionary","JOHNSON",""
"13581",72,"1931-03-04","Senate","CA",200,"JOHNSON, Hiram Warren","J000140","1866-09-02",8,8,23558,64.498288843258,"Missionary","JOHNSON",""
"13582",73,"1933-03-04","Senate","CA",200,"JOHNSON, Hiram Warren","J000140","1866-09-02",9,9,24289,66.4996577686516,"Missionary","JOHNSON",""
"13583",74,"1935-01-03","Senate","CA",200,"JOHNSON, Hiram Warren","J000140","1866-09-02",10,10,24959,68.3340177960301,"Missionary","JOHNSON",""
"13584",75,"1937-01-03","Senate","CA",200,"JOHNSON, Hiram Warren","J000140","1866-09-02",11,11,25690,70.3353867214237,"Missionary","JOHNSON",""
"13585",76,"1939-01-03","Senate","CA",200,"JOHNSON, Hiram Warren","J000140","1866-09-02",12,12,26420,72.3340177960301,"Missionary","JOHNSON",""
"13586",77,"1941-01-03","Senate","CA",200,"JOHNSON, Hiram Warren","J000140","1866-09-02",13,13,27151,74.3353867214237,"Missionary","JOHNSON",""
"13587",78,"1943-01-03","Senate","CA",200,"JOHNSON, Hiram Warren","J000140","1866-09-02",14,14,27881,76.3340177960301,"Missionary","JOHNSON",""
"13588",79,"1945-01-03","Senate","CA",200,"JOHNSON, Hiram Warren","J000140","1866-09-02",15,15,28612,78.3353867214237,"Missionary","JOHNSON",""
"13636",81,"1949-01-03","Senate","TX",100,"JOHNSON, Lyndon Baines","J000160","1908-08-27",7,1,14739,40.35318275154,"Greatest","JOHNSON",""
"13637",82,"1951-01-03","Senate","TX",100,"JOHNSON, Lyndon Baines","J000160","1908-08-27",8,2,15469,42.3518138261465,"Greatest","JOHNSON",""
"13638",83,"1953-01-03","Senate","TX",100,"JOHNSON, Lyndon Baines","J000160","1908-08-27",9,3,16200,44.35318275154,"Greatest","JOHNSON",""
"13639",84,"1955-01-03","Senate","TX",100,"JOHNSON, Lyndon Baines","J000160","1908-08-27",10,4,16930,46.3518138261465,"Greatest","JOHNSON",""
"13640",85,"1957-01-03","Senate","TX",100,"JOHNSON, Lyndon Baines","J000160","1908-08-27",11,5,17661,48.35318275154,"Greatest","JOHNSON",""
"13641",86,"1959-01-03","Senate","TX",100,"JOHNSON, Lyndon Baines","J000160","1908-08-27",12,6,18391,50.3518138261465,"Greatest","JOHNSON",""
"13642",68,"1923-03-04","Senate","MN",537,"JOHNSON, Magnus","J000161","1871-09-19",1,1,18793,51.4524298425736,"Missionary","JOHNSON",""
"13695",105,"1997-01-03","Senate","SD",100,"JOHNSON, Timothy Peter (Tim)","J000177","1946-12-28",6,1,18269,50.0177960301164,"Boomers","JOHNSON",""
"13696",106,"1999-01-03","Senate","SD",100,"JOHNSON, Timothy Peter (Tim)","J000177","1946-12-28",7,2,18999,52.0164271047228,"Boomers","JOHNSON",""
"13697",107,"2001-01-03","Senate","SD",100,"JOHNSON, Timothy Peter (Tim)","J000177","1946-12-28",8,3,19730,54.0177960301164,"Boomers","JOHNSON",""
"13698",108,"2003-01-03","Senate","SD",100,"JOHNSON, Timothy Peter (Tim)","J000177","1946-12-28",9,4,20460,56.0164271047228,"Boomers","JOHNSON",""
"13699",109,"2005-01-03","Senate","SD",100,"JOHNSON, Timothy Peter (Tim)","J000177","1946-12-28",10,5,21191,58.0177960301164,"Boomers","JOHNSON",""
"13700",110,"2007-01-03","Senate","SD",100,"JOHNSON, Timothy Peter (Tim)","J000177","1946-12-28",11,6,21921,60.0164271047228,"Boomers","JOHNSON",""
"13701",111,"2009-01-03","Senate","SD",100,"JOHNSON, Timothy Peter (Tim)","J000177","1946-12-28",12,7,22652,62.0177960301164,"Boomers","JOHNSON",""
"13702",112,"2011-01-03","Senate","SD",100,"JOHNSON, Timothy Peter (Tim)","J000177","1946-12-28",13,8,23382,64.0164271047228,"Boomers","JOHNSON",""
"13703",113,"2013-01-03","Senate","SD",100,"JOHNSON, Timothy Peter (Tim)","J000177","1946-12-28",14,9,24113,66.0177960301164,"Boomers","JOHNSON",""
"13714",92,"1971-01-03","Senate","LA",100,"JOHNSTON, John Bennett, Jr.","J000189","1932-06-10",1,1,14086,38.5653661875428,"Silent","JOHNSTON",""
"13715",93,"1973-01-03","Senate","LA",100,"JOHNSTON, John Bennett, Jr.","J000189","1932-06-10",2,2,14817,40.5667351129363,"Silent","JOHNSTON",""
"13716",94,"1975-01-03","Senate","LA",100,"JOHNSTON, John Bennett, Jr.","J000189","1932-06-10",3,3,15547,42.5653661875428,"Silent","JOHNSTON",""
"13717",95,"1977-01-03","Senate","LA",100,"JOHNSTON, John Bennett, Jr.","J000189","1932-06-10",4,4,16278,44.5667351129363,"Silent","JOHNSTON",""
"13718",96,"1979-01-03","Senate","LA",100,"JOHNSTON, John Bennett, Jr.","J000189","1932-06-10",5,5,17008,46.5653661875428,"Silent","JOHNSTON",""
"13719",97,"1981-01-03","Senate","LA",100,"JOHNSTON, John Bennett, Jr.","J000189","1932-06-10",6,6,17739,48.5667351129363,"Silent","JOHNSTON",""
"13720",98,"1983-01-03","Senate","LA",100,"JOHNSTON, John Bennett, Jr.","J000189","1932-06-10",7,7,18469,50.5653661875428,"Silent","JOHNSTON",""
"13721",99,"1985-01-03","Senate","LA",100,"JOHNSTON, John Bennett, Jr.","J000189","1932-06-10",8,8,19200,52.5667351129363,"Silent","JOHNSTON",""
"13722",100,"1987-01-03","Senate","LA",100,"JOHNSTON, John Bennett, Jr.","J000189","1932-06-10",9,9,19930,54.5653661875428,"Silent","JOHNSTON",""
"13723",101,"1989-01-03","Senate","LA",100,"JOHNSTON, John Bennett, Jr.","J000189","1932-06-10",10,10,20661,56.5667351129363,"Silent","JOHNSTON",""
"13724",102,"1991-01-03","Senate","LA",100,"JOHNSTON, John Bennett, Jr.","J000189","1932-06-10",11,11,21391,58.5653661875428,"Silent","JOHNSTON",""
"13725",103,"1993-01-03","Senate","LA",100,"JOHNSTON, John Bennett, Jr.","J000189","1932-06-10",12,12,22122,60.5667351129363,"Silent","JOHNSTON",""
"13726",104,"1995-01-03","Senate","LA",100,"JOHNSTON, John Bennett, Jr.","J000189","1932-06-10",13,13,22852,62.5653661875428,"Silent","JOHNSTON",""
"13728",79,"1945-01-03","Senate","SC",100,"JOHNSTON, Olin DeWitt Talmadge","J000195","1896-11-18",1,1,17577,48.1232032854209,"Lost","JOHNSTON",""
"13729",80,"1947-01-03","Senate","SC",100,"JOHNSTON, Olin DeWitt Talmadge","J000195","1896-11-18",2,2,18307,50.1218343600274,"Lost","JOHNSTON",""
"13730",81,"1949-01-03","Senate","SC",100,"JOHNSTON, Olin DeWitt Talmadge","J000195","1896-11-18",3,3,19038,52.1232032854209,"Lost","JOHNSTON",""
"13731",82,"1951-01-03","Senate","SC",100,"JOHNSTON, Olin DeWitt Talmadge","J000195","1896-11-18",4,4,19768,54.1218343600274,"Lost","JOHNSTON",""
"13732",83,"1953-01-03","Senate","SC",100,"JOHNSTON, Olin DeWitt Talmadge","J000195","1896-11-18",5,5,20499,56.1232032854209,"Lost","JOHNSTON",""
"13733",84,"1955-01-03","Senate","SC",100,"JOHNSTON, Olin DeWitt Talmadge","J000195","1896-11-18",6,6,21229,58.1218343600274,"Lost","JOHNSTON",""
"13734",85,"1957-01-03","Senate","SC",100,"JOHNSTON, Olin DeWitt Talmadge","J000195","1896-11-18",7,7,21960,60.1232032854209,"Lost","JOHNSTON",""
"13735",86,"1959-01-03","Senate","SC",100,"JOHNSTON, Olin DeWitt Talmadge","J000195","1896-11-18",8,8,22690,62.1218343600274,"Lost","JOHNSTON",""
"13736",87,"1961-01-03","Senate","SC",100,"JOHNSTON, Olin DeWitt Talmadge","J000195","1896-11-18",9,9,23421,64.1232032854209,"Lost","JOHNSTON",""
"13737",88,"1963-01-03","Senate","SC",100,"JOHNSTON, Olin DeWitt Talmadge","J000195","1896-11-18",10,10,24151,66.1218343600274,"Lost","JOHNSTON",""
"13738",89,"1965-01-03","Senate","SC",100,"JOHNSTON, Olin DeWitt Talmadge","J000195","1896-11-18",11,11,24882,68.1232032854209,"Lost","JOHNSTON",""
"13755",66,"1919-03-04","Senate","NM",100,"JONES, Andrieus Aristieus","J000210","1862-05-16",2,2,20745,56.7967145790554,"Missionary","JONES",""
"13756",67,"1921-03-04","Senate","NM",100,"JONES, Andrieus Aristieus","J000210","1862-05-16",3,3,21476,58.798083504449,"Missionary","JONES",""
"13757",68,"1923-03-04","Senate","NM",100,"JONES, Andrieus Aristieus","J000210","1862-05-16",4,4,22206,60.7967145790554,"Missionary","JONES",""
"13758",69,"1925-03-04","Senate","NM",100,"JONES, Andrieus Aristieus","J000210","1862-05-16",5,5,22937,62.798083504449,"Missionary","JONES",""
"13759",70,"1927-03-04","Senate","NM",100,"JONES, Andrieus Aristieus","J000210","1862-05-16",6,6,23667,64.7967145790554,"Missionary","JONES",""
"13854",66,"1919-03-04","Senate","WA",200,"JONES, Wesley Livsey","J000257","1863-10-09",11,6,20234,55.3976728268309,"Missionary","JONES",""
"13855",67,"1921-03-04","Senate","WA",200,"JONES, Wesley Livsey","J000257","1863-10-09",12,7,20965,57.3990417522245,"Missionary","JONES",""
"13856",68,"1923-03-04","Senate","WA",200,"JONES, Wesley Livsey","J000257","1863-10-09",13,8,21695,59.3976728268309,"Missionary","JONES",""
"13857",69,"1925-03-04","Senate","WA",200,"JONES, Wesley Livsey","J000257","1863-10-09",14,9,22426,61.3990417522245,"Missionary","JONES",""
"13858",70,"1927-03-04","Senate","WA",200,"JONES, Wesley Livsey","J000257","1863-10-09",15,10,23156,63.3976728268309,"Missionary","JONES",""
"13859",71,"1929-03-04","Senate","WA",200,"JONES, Wesley Livsey","J000257","1863-10-09",16,11,23887,65.3990417522245,"Missionary","JONES",""
"13860",72,"1931-03-04","Senate","WA",200,"JONES, Wesley Livsey","J000257","1863-10-09",17,12,24617,67.3976728268309,"Missionary","JONES",""
"13876",85,"1957-01-03","Senate","NC",100,"JORDAN, Benjamin Everett","J000267","1896-09-08",1,1,22031,60.3175906913073,"Lost","JORDAN",""
"13877",86,"1959-01-03","Senate","NC",100,"JORDAN, Benjamin Everett","J000267","1896-09-08",2,2,22761,62.3162217659138,"Lost","JORDAN",""
"13878",87,"1961-01-03","Senate","NC",100,"JORDAN, Benjamin Everett","J000267","1896-09-08",3,3,23492,64.3175906913073,"Lost","JORDAN",""
"13879",88,"1963-01-03","Senate","NC",100,"JORDAN, Benjamin Everett","J000267","1896-09-08",4,4,24222,66.3162217659138,"Lost","JORDAN",""
"13880",89,"1965-01-03","Senate","NC",100,"JORDAN, Benjamin Everett","J000267","1896-09-08",5,5,24953,68.3175906913073,"Lost","JORDAN",""
"13881",90,"1967-01-03","Senate","NC",100,"JORDAN, Benjamin Everett","J000267","1896-09-08",6,6,25683,70.3162217659138,"Lost","JORDAN",""
"13882",91,"1969-01-03","Senate","NC",100,"JORDAN, Benjamin Everett","J000267","1896-09-08",7,7,26414,72.3175906913073,"Lost","JORDAN",""
"13883",92,"1971-01-03","Senate","NC",100,"JORDAN, Benjamin Everett","J000267","1896-09-08",8,8,27144,74.3162217659138,"Lost","JORDAN",""
"13884",87,"1961-01-03","Senate","ID",200,"JORDAN, Leonard Beck (Len)","J000269","1899-05-15",1,1,22513,61.637234770705,"Lost","JORDAN",""
"13885",88,"1963-01-03","Senate","ID",200,"JORDAN, Leonard Beck (Len)","J000269","1899-05-15",2,2,23243,63.6358658453114,"Lost","JORDAN",""
"13886",89,"1965-01-03","Senate","ID",200,"JORDAN, Leonard Beck (Len)","J000269","1899-05-15",3,3,23974,65.637234770705,"Lost","JORDAN",""
"13887",90,"1967-01-03","Senate","ID",200,"JORDAN, Leonard Beck (Len)","J000269","1899-05-15",4,4,24704,67.6358658453114,"Lost","JORDAN",""
"13888",91,"1969-01-03","Senate","ID",200,"JORDAN, Leonard Beck (Len)","J000269","1899-05-15",5,5,25435,69.637234770705,"Lost","JORDAN",""
"13889",92,"1971-01-03","Senate","ID",200,"JORDAN, Leonard Beck (Len)","J000269","1899-05-15",6,6,26165,71.6358658453114,"Lost","JORDAN",""
"13948",111,"2009-01-03","Senate","NE",200,"JOHANNS, Mike","J000291","1950-06-18",1,1,21384,58.5462012320329,"Boomers","JOHANNS",""
"13949",112,"2011-01-03","Senate","NE",200,"JOHANNS, Mike","J000291","1950-06-18",2,2,22114,60.5448323066393,"Boomers","JOHANNS",""
"13950",113,"2013-01-03","Senate","NE",200,"JOHANNS, Mike","J000291","1950-06-18",3,3,22845,62.5462012320329,"Boomers","JOHANNS",""
"13958",112,"2011-01-03","Senate","WI",200,"JOHNSON, Ron","J000293","1955-04-08",1,1,20359,55.7399041752224,"Boomers","JOHNSON",""
"13959",113,"2013-01-03","Senate","WI",200,"JOHNSON, Ron","J000293","1955-04-08",2,2,21090,57.741273100616,"Boomers","JOHNSON",""
"13960",114,"2015-01-03","Senate","WI",200,"JOHNSON, Ron","J000293","1955-04-08",3,3,21820,59.7399041752224,"Boomers","JOHNSON",""
"13961",115,"2017-01-03","Senate","WI",200,"JOHNSON, Ron","J000293","1955-04-08",4,4,22551,61.741273100616,"Boomers","JOHNSON",""
"13962",116,"2019-01-03","Senate","WI",200,"JOHNSON, Ron","J000293","1955-04-08",5,5,23281,63.7399041752224,"Boomers","JOHNSON",""
"13963",117,"2021-01-03","Senate","WI",200,"JOHNSON, Ron","J000293","1955-04-08",6,6,24012,65.741273100616,"Boomers","JOHNSON",""
"13964",118,"2023-01-03","Senate","WI",200,"JOHNSON, Ron","J000293","1955-04-08",7,7,24742,67.7399041752224,"Boomers","JOHNSON",""
"13989",115,"2017-01-03","Senate","AL",100,"JONES, Gordon Douglas (Doug)","J000300","1954-05-04",1,1,22890,62.6694045174538,"Boomers","JONES",""
"13990",116,"2019-01-03","Senate","AL",100,"JONES, Gordon Douglas (Doug)","J000300","1954-05-04",2,2,23620,64.6680355920602,"Boomers","JONES",""
"14053",100,"1987-01-03","Senate","NE",200,"KARNES, David Kemp","K000011","1948-12-12",1,1,13901,38.0588637919233,"Boomers","KARNES",""
"14085",95,"1977-01-03","Senate","KS",200,"KASSEBAUM, Nancy Landon","K000017","1932-07-29",1,1,16229,44.4325804243669,"Silent","KASSEBAUM",""
"14086",96,"1979-01-03","Senate","KS",200,"KASSEBAUM, Nancy Landon","K000017","1932-07-29",2,2,16959,46.4312114989733,"Silent","KASSEBAUM",""
"14087",97,"1981-01-03","Senate","KS",200,"KASSEBAUM, Nancy Landon","K000017","1932-07-29",3,3,17690,48.4325804243669,"Silent","KASSEBAUM",""
"14088",98,"1983-01-03","Senate","KS",200,"KASSEBAUM, Nancy Landon","K000017","1932-07-29",4,4,18420,50.4312114989733,"Silent","KASSEBAUM",""
"14089",99,"1985-01-03","Senate","KS",200,"KASSEBAUM, Nancy Landon","K000017","1932-07-29",5,5,19151,52.4325804243669,"Silent","KASSEBAUM",""
"14090",100,"1987-01-03","Senate","KS",200,"KASSEBAUM, Nancy Landon","K000017","1932-07-29",6,6,19881,54.4312114989733,"Silent","KASSEBAUM",""
"14091",101,"1989-01-03","Senate","KS",200,"KASSEBAUM, Nancy Landon","K000017","1932-07-29",7,7,20612,56.4325804243669,"Silent","KASSEBAUM",""
"14092",102,"1991-01-03","Senate","KS",200,"KASSEBAUM, Nancy Landon","K000017","1932-07-29",8,8,21342,58.4312114989733,"Silent","KASSEBAUM",""
"14093",103,"1993-01-03","Senate","KS",200,"KASSEBAUM, Nancy Landon","K000017","1932-07-29",9,9,22073,60.4325804243669,"Silent","KASSEBAUM",""
"14094",104,"1995-01-03","Senate","KS",200,"KASSEBAUM, Nancy Landon","K000017","1932-07-29",10,10,22803,62.4312114989733,"Silent","KASSEBAUM",""
"14097",97,"1981-01-03","Senate","WI",200,"KASTEN, Robert Walter, Jr.","K000019","1942-06-19",3,1,14078,38.5434633812457,"Silent","KASTEN",""
"14098",98,"1983-01-03","Senate","WI",200,"KASTEN, Robert Walter, Jr.","K000019","1942-06-19",4,2,14808,40.5420944558522,"Silent","KASTEN",""
"14099",99,"1985-01-03","Senate","WI",200,"KASTEN, Robert Walter, Jr.","K000019","1942-06-19",5,3,15539,42.5434633812457,"Silent","KASTEN",""
"14100",100,"1987-01-03","Senate","WI",200,"KASTEN, Robert Walter, Jr.","K000019","1942-06-19",6,4,16269,44.5420944558522,"Silent","KASTEN",""
"14101",101,"1989-01-03","Senate","WI",200,"KASTEN, Robert Walter, Jr.","K000019","1942-06-19",7,5,17000,46.5434633812457,"Silent","KASTEN",""
"14102",102,"1991-01-03","Senate","WI",200,"KASTEN, Robert Walter, Jr.","K000019","1942-06-19",8,6,17730,48.5420944558522,"Silent","KASTEN",""
"14129",71,"1929-03-04","Senate","NJ",200,"KEAN, Hamilton Fish","K000026","1862-02-27",1,1,24476,67.0116358658453,"Missionary","KEAN",""
"14130",72,"1931-03-04","Senate","NJ",200,"KEAN, Hamilton Fish","K000026","1862-02-27",2,2,25206,69.0102669404517,"Missionary","KEAN",""
"14131",73,"1933-03-04","Senate","NJ",200,"KEAN, Hamilton Fish","K000026","1862-02-27",3,3,25937,71.0116358658453,"Missionary","KEAN",""
"14170",86,"1959-01-03","Senate","NY",200,"KEATING, Kenneth Barnard","K000036","1900-05-18",7,1,21414,58.6283367556468,"Lost","KEATING",""
"14171",87,"1961-01-03","Senate","NY",200,"KEATING, Kenneth Barnard","K000036","1900-05-18",8,2,22145,60.6297056810404,"Lost","KEATING",""
"14172",88,"1963-01-03","Senate","NY",200,"KEATING, Kenneth Barnard","K000036","1900-05-18",9,3,22875,62.6283367556468,"Lost","KEATING",""
"14208",81,"1949-01-03","Senate","TN",100,"KEFAUVER, Carey Estes","K000044","1903-07-26",6,1,16598,45.4428473648186,"Greatest","KEFAUVER",""
"14209",82,"1951-01-03","Senate","TN",100,"KEFAUVER, Carey Estes","K000044","1903-07-26",7,2,17328,47.4414784394251,"Greatest","KEFAUVER",""
"14210",83,"1953-01-03","Senate","TN",100,"KEFAUVER, Carey Estes","K000044","1903-07-26",8,3,18059,49.4428473648186,"Greatest","KEFAUVER",""
"14211",84,"1955-01-03","Senate","TN",100,"KEFAUVER, Carey Estes","K000044","1903-07-26",9,4,18789,51.4414784394251,"Greatest","KEFAUVER",""
"14212",85,"1957-01-03","Senate","TN",100,"KEFAUVER, Carey Estes","K000044","1903-07-26",10,5,19520,53.4428473648186,"Greatest","KEFAUVER",""
"14213",86,"1959-01-03","Senate","TN",100,"KEFAUVER, Carey Estes","K000044","1903-07-26",11,6,20250,55.4414784394251,"Greatest","KEFAUVER",""
"14214",87,"1961-01-03","Senate","TN",100,"KEFAUVER, Carey Estes","K000044","1903-07-26",12,7,20981,57.4428473648186,"Greatest","KEFAUVER",""
"14215",88,"1963-01-03","Senate","TN",100,"KEFAUVER, Carey Estes","K000044","1903-07-26",13,8,21711,59.441478439425,"Greatest","KEFAUVER",""
"14243",66,"1919-03-04","Senate","MN",200,"KELLOGG, Frank Billings","K000065","1856-12-22",2,2,22716,62.1930184804928,"Progressive","KELLOGG",""
"14244",67,"1921-03-04","Senate","MN",200,"KELLOGG, Frank Billings","K000065","1856-12-22",3,3,23447,64.1943874058864,"Progressive","KELLOGG",""
"14280",80,"1947-01-03","Senate","MO",200,"KEM, James Preston","K000082","1890-04-02",1,1,20729,56.7529089664613,"Lost","KEM",""
"14281",81,"1949-01-03","Senate","MO",200,"KEM, James Preston","K000082","1890-04-02",2,2,21460,58.7542778918549,"Lost","KEM",""
"14282",82,"1951-01-03","Senate","MO",200,"KEM, James Preston","K000082","1890-04-02",3,3,22190,60.7529089664613,"Lost","KEM",""
"14297",103,"1993-01-03","Senate","ID",200,"KEMPTHORNE, Dirk","K000088","1951-10-29",1,1,15042,41.1827515400411,"Boomers","KEMPTHORNE",""
"14298",104,"1995-01-03","Senate","ID",200,"KEMPTHORNE, Dirk","K000088","1951-10-29",2,2,15772,43.1813826146475,"Boomers","KEMPTHORNE",""
"14299",105,"1997-01-03","Senate","ID",200,"KEMPTHORNE, Dirk","K000088","1951-10-29",3,3,16503,45.1827515400411,"Boomers","KEMPTHORNE",""
"14308",66,"1919-03-04","Senate","WY",100,"KENDRICK, John Benjamin","K000098","1857-09-06",2,2,22458,61.4866529774127,"Progressive","KENDRICK",""
"14309",67,"1921-03-04","Senate","WY",100,"KENDRICK, John Benjamin","K000098","1857-09-06",3,3,23189,63.4880219028063,"Progressive","KENDRICK",""
"14310",68,"1923-03-04","Senate","WY",100,"KENDRICK, John Benjamin","K000098","1857-09-06",4,4,23919,65.4866529774127,"Progressive","KENDRICK",""
"14311",69,"1925-03-04","Senate","WY",100,"KENDRICK, John Benjamin","K000098","1857-09-06",5,5,24650,67.4880219028063,"Progressive","KENDRICK",""
"14312",70,"1927-03-04","Senate","WY",100,"KENDRICK, John Benjamin","K000098","1857-09-06",6,6,25380,69.4866529774127,"Progressive","KENDRICK",""
"14313",71,"1929-03-04","Senate","WY",100,"KENDRICK, John Benjamin","K000098","1857-09-06",7,7,26111,71.4880219028063,"Progressive","KENDRICK",""
"14314",72,"1931-03-04","Senate","WY",100,"KENDRICK, John Benjamin","K000098","1857-09-06",8,8,26841,73.4866529774127,"Progressive","KENDRICK",""
"14315",73,"1933-03-04","Senate","WY",100,"KENDRICK, John Benjamin","K000098","1857-09-06",9,9,27572,75.4880219028063,"Progressive","KENDRICK",""
"14324",87,"1961-01-03","Senate","MA",100,"KENNEDY, Edward Moore (Ted)","K000105","1932-02-22",1,1,10543,28.8651608487337,"Silent","KENNEDY",""
"14325",88,"1963-01-03","Senate","MA",100,"KENNEDY, Edward Moore (Ted)","K000105","1932-02-22",2,2,11273,30.8637919233402,"Silent","KENNEDY",""
"14326",89,"1965-01-03","Senate","MA",100,"KENNEDY, Edward Moore (Ted)","K000105","1932-02-22",3,3,12004,32.8651608487337,"Silent","KENNEDY",""
"14327",90,"1967-01-03","Senate","MA",100,"KENNEDY, Edward Moore (Ted)","K000105","1932-02-22",4,4,12734,34.8637919233402,"Silent","KENNEDY",""
"14328",91,"1969-01-03","Senate","MA",100,"KENNEDY, Edward Moore (Ted)","K000105","1932-02-22",5,5,13465,36.8651608487337,"Silent","KENNEDY",""
"14329",92,"1971-01-03","Senate","MA",100,"KENNEDY, Edward Moore (Ted)","K000105","1932-02-22",6,6,14195,38.8637919233402,"Silent","KENNEDY",""
"14330",93,"1973-01-03","Senate","MA",100,"KENNEDY, Edward Moore (Ted)","K000105","1932-02-22",7,7,14926,40.8651608487337,"Silent","KENNEDY",""
"14331",94,"1975-01-03","Senate","MA",100,"KENNEDY, Edward Moore (Ted)","K000105","1932-02-22",8,8,15656,42.8637919233402,"Silent","KENNEDY",""
"14332",95,"1977-01-03","Senate","MA",100,"KENNEDY, Edward Moore (Ted)","K000105","1932-02-22",9,9,16387,44.8651608487337,"Silent","KENNEDY",""
"14333",96,"1979-01-03","Senate","MA",100,"KENNEDY, Edward Moore (Ted)","K000105","1932-02-22",10,10,17117,46.8637919233402,"Silent","KENNEDY",""
"14334",97,"1981-01-03","Senate","MA",100,"KENNEDY, Edward Moore (Ted)","K000105","1932-02-22",11,11,17848,48.8651608487337,"Silent","KENNEDY",""
"14335",98,"1983-01-03","Senate","MA",100,"KENNEDY, Edward Moore (Ted)","K000105","1932-02-22",12,12,18578,50.8637919233402,"Silent","KENNEDY",""
"14336",99,"1985-01-03","Senate","MA",100,"KENNEDY, Edward Moore (Ted)","K000105","1932-02-22",13,13,19309,52.8651608487337,"Silent","KENNEDY",""
"14337",100,"1987-01-03","Senate","MA",100,"KENNEDY, Edward Moore (Ted)","K000105","1932-02-22",14,14,20039,54.8637919233402,"Silent","KENNEDY",""
"14338",101,"1989-01-03","Senate","MA",100,"KENNEDY, Edward Moore (Ted)","K000105","1932-02-22",15,15,20770,56.8651608487337,"Silent","KENNEDY",""
"14339",102,"1991-01-03","Senate","MA",100,"KENNEDY, Edward Moore (Ted)","K000105","1932-02-22",16,16,21500,58.8637919233402,"Silent","KENNEDY",""
"14340",103,"1993-01-03","Senate","MA",100,"KENNEDY, Edward Moore (Ted)","K000105","1932-02-22",17,17,22231,60.8651608487337,"Silent","KENNEDY",""
"14341",104,"1995-01-03","Senate","MA",100,"KENNEDY, Edward Moore (Ted)","K000105","1932-02-22",18,18,22961,62.8637919233402,"Silent","KENNEDY",""
"14342",105,"1997-01-03","Senate","MA",100,"KENNEDY, Edward Moore (Ted)","K000105","1932-02-22",19,19,23692,64.8651608487337,"Silent","KENNEDY",""
"14343",106,"1999-01-03","Senate","MA",100,"KENNEDY, Edward Moore (Ted)","K000105","1932-02-22",20,20,24422,66.8637919233402,"Silent","KENNEDY",""
"14344",107,"2001-01-03","Senate","MA",100,"KENNEDY, Edward Moore (Ted)","K000105","1932-02-22",21,21,25153,68.8651608487337,"Silent","KENNEDY",""
"14345",108,"2003-01-03","Senate","MA",100,"KENNEDY, Edward Moore (Ted)","K000105","1932-02-22",22,22,25883,70.8637919233402,"Silent","KENNEDY",""
"14346",109,"2005-01-03","Senate","MA",100,"KENNEDY, Edward Moore (Ted)","K000105","1932-02-22",23,23,26614,72.8651608487337,"Silent","KENNEDY",""
"14347",110,"2007-01-03","Senate","MA",100,"KENNEDY, Edward Moore (Ted)","K000105","1932-02-22",24,24,27344,74.8637919233402,"Silent","KENNEDY",""
"14348",111,"2009-01-03","Senate","MA",100,"KENNEDY, Edward Moore (Ted)","K000105","1932-02-22",25,25,28075,76.8651608487337,"Silent","KENNEDY",""
"14352",83,"1953-01-03","Senate","MA",100,"KENNEDY, John Fitzgerald","K000107","1917-05-29",4,1,13003,35.6002737850787,"Greatest","KENNEDY",""
"14353",84,"1955-01-03","Senate","MA",100,"KENNEDY, John Fitzgerald","K000107","1917-05-29",5,2,13733,37.5989048596851,"Greatest","KENNEDY",""
"14354",85,"1957-01-03","Senate","MA",100,"KENNEDY, John Fitzgerald","K000107","1917-05-29",6,3,14464,39.6002737850787,"Greatest","KENNEDY",""
"14355",86,"1959-01-03","Senate","MA",100,"KENNEDY, John Fitzgerald","K000107","1917-05-29",7,4,15194,41.5989048596851,"Greatest","KENNEDY",""
"14380",89,"1965-01-03","Senate","NY",100,"KENNEDY, Robert Francis","K000114","1925-11-20",1,1,14289,39.1211498973306,"Greatest","KENNEDY",""
"14381",90,"1967-01-03","Senate","NY",100,"KENNEDY, Robert Francis","K000114","1925-11-20",2,2,15019,41.119780971937,"Greatest","KENNEDY",""
"14396",66,"1919-03-04","Senate","IA",200,"KENYON, William Squire","K000129","1869-06-10",5,5,18163,49.7275838466804,"Missionary","KENYON",""
"14397",67,"1921-03-04","Senate","IA",200,"KENYON, William Squire","K000129","1869-06-10",6,6,18894,51.7289527720739,"Missionary","KENYON",""
"14428",81,"1949-01-03","Senate","OK",100,"KERR, Robert Samuel","K000144","1896-09-11",1,1,19106,52.3093771389459,"Lost","KERR",""
"14429",82,"1951-01-03","Senate","OK",100,"KERR, Robert Samuel","K000144","1896-09-11",2,2,19836,54.3080082135524,"Lost","KERR",""
"14430",83,"1953-01-03","Senate","OK",100,"KERR, Robert Samuel","K000144","1896-09-11",3,3,20567,56.3093771389459,"Lost","KERR",""
"14431",84,"1955-01-03","Senate","OK",100,"KERR, Robert Samuel","K000144","1896-09-11",4,4,21297,58.3080082135524,"Lost","KERR",""
"14432",85,"1957-01-03","Senate","OK",100,"KERR, Robert Samuel","K000144","1896-09-11",5,5,22028,60.3093771389459,"Lost","KERR",""
"14433",86,"1959-01-03","Senate","OK",100,"KERR, Robert Samuel","K000144","1896-09-11",6,6,22758,62.3080082135524,"Lost","KERR",""
"14434",87,"1961-01-03","Senate","OK",100,"KERR, Robert Samuel","K000144","1896-09-11",7,7,23489,64.3093771389459,"Lost","KERR",""
"14435",101,"1989-01-03","Senate","NE",100,"KERREY, J. Robert","K000146","1943-08-27",1,1,16566,45.3552361396304,"Silent","KERREY",""
"14436",102,"1991-01-03","Senate","NE",100,"KERREY, J. Robert","K000146","1943-08-27",2,2,17296,47.3538672142368,"Silent","KERREY",""
"14437",103,"1993-01-03","Senate","NE",100,"KERREY, J. Robert","K000146","1943-08-27",3,3,18027,49.3552361396304,"Silent","KERREY",""
"14438",104,"1995-01-03","Senate","NE",100,"KERREY, J. Robert","K000146","1943-08-27",4,4,18757,51.3538672142368,"Silent","KERREY",""
"14439",105,"1997-01-03","Senate","NE",100,"KERREY, J. Robert","K000146","1943-08-27",5,5,19488,53.3552361396304,"Silent","KERREY",""
"14440",106,"1999-01-03","Senate","NE",100,"KERREY, J. Robert","K000146","1943-08-27",6,6,20218,55.3538672142368,"Silent","KERREY",""
"14441",98,"1983-01-03","Senate","MA",100,"KERRY, John Forbes","K000148","1943-12-11",1,1,14268,39.0636550308008,"Silent","KERRY",""
"14442",99,"1985-01-03","Senate","MA",100,"KERRY, John Forbes","K000148","1943-12-11",2,2,14999,41.0650239561944,"Silent","KERRY",""
"14443",100,"1987-01-03","Senate","MA",100,"KERRY, John Forbes","K000148","1943-12-11",3,3,15729,43.0636550308008,"Silent","KERRY",""
"14444",101,"1989-01-03","Senate","MA",100,"KERRY, John Forbes","K000148","1943-12-11",4,4,16460,45.0650239561944,"Silent","KERRY",""
"14445",102,"1991-01-03","Senate","MA",100,"KERRY, John Forbes","K000148","1943-12-11",5,5,17190,47.0636550308008,"Silent","KERRY",""
"14446",103,"1993-01-03","Senate","MA",100,"KERRY, John Forbes","K000148","1943-12-11",6,6,17921,49.0650239561944,"Silent","KERRY",""
"14447",104,"1995-01-03","Senate","MA",100,"KERRY, John Forbes","K000148","1943-12-11",7,7,18651,51.0636550308008,"Silent","KERRY",""
"14448",105,"1997-01-03","Senate","MA",100,"KERRY, John Forbes","K000148","1943-12-11",8,8,19382,53.0650239561944,"Silent","KERRY",""
"14449",106,"1999-01-03","Senate","MA",100,"KERRY, John Forbes","K000148","1943-12-11",9,9,20112,55.0636550308008,"Silent","KERRY",""
"14450",107,"2001-01-03","Senate","MA",100,"KERRY, John Forbes","K000148","1943-12-11",10,10,20843,57.0650239561944,"Silent","KERRY",""
"14451",108,"2003-01-03","Senate","MA",100,"KERRY, John Forbes","K000148","1943-12-11",11,11,21573,59.0636550308008,"Silent","KERRY",""
"14452",109,"2005-01-03","Senate","MA",100,"KERRY, John Forbes","K000148","1943-12-11",12,12,22304,61.0650239561944,"Silent","KERRY",""
"14453",110,"2007-01-03","Senate","MA",100,"KERRY, John Forbes","K000148","1943-12-11",13,13,23034,63.0636550308008,"Silent","KERRY",""
"14454",111,"2009-01-03","Senate","MA",100,"KERRY, John Forbes","K000148","1943-12-11",14,14,23765,65.0650239561944,"Silent","KERRY",""
"14455",112,"2011-01-03","Senate","MA",100,"KERRY, John Forbes","K000148","1943-12-11",15,15,24495,67.0636550308008,"Silent","KERRY",""
"14456",113,"2013-01-03","Senate","MA",100,"KERRY, John Forbes","K000148","1943-12-11",16,16,25226,69.0650239561944,"Silent","KERRY",""
"14470",66,"1919-03-04","Senate","NH",200,"KEYES, Henry Wilder","K000161","1863-05-23",1,1,20373,55.7782340862423,"Missionary","KEYES",""
"14471",67,"1921-03-04","Senate","NH",200,"KEYES, Henry Wilder","K000161","1863-05-23",2,2,21104,57.7796030116359,"Missionary","KEYES",""
"14472",68,"1923-03-04","Senate","NH",200,"KEYES, Henry Wilder","K000161","1863-05-23",3,3,21834,59.7782340862423,"Missionary","KEYES",""
"14473",69,"1925-03-04","Senate","NH",200,"KEYES, Henry Wilder","K000161","1863-05-23",4,4,22565,61.7796030116359,"Missionary","KEYES",""
"14474",70,"1927-03-04","Senate","NH",200,"KEYES, Henry Wilder","K000161","1863-05-23",5,5,23295,63.7782340862423,"Missionary","KEYES",""
"14475",71,"1929-03-04","Senate","NH",200,"KEYES, Henry Wilder","K000161","1863-05-23",6,6,24026,65.7796030116359,"Missionary","KEYES",""
"14476",72,"1931-03-04","Senate","NH",200,"KEYES, Henry Wilder","K000161","1863-05-23",7,7,24756,67.7782340862423,"Missionary","KEYES",""
"14477",73,"1933-03-04","Senate","NH",200,"KEYES, Henry Wilder","K000161","1863-05-23",8,8,25487,69.7796030116359,"Missionary","KEYES",""
"14478",74,"1935-01-03","Senate","NH",200,"KEYES, Henry Wilder","K000161","1863-05-23",9,9,26157,71.6139630390144,"Missionary","KEYES",""
"14532",77,"1941-01-03","Senate","WV",100,"KILGORE, Harley Martin","K000176","1893-01-11",1,1,17523,47.9753593429158,"Lost","KILGORE",""
"14533",78,"1943-01-03","Senate","WV",100,"KILGORE, Harley Martin","K000176","1893-01-11",2,2,18253,49.9739904175222,"Lost","KILGORE",""
"14534",79,"1945-01-03","Senate","WV",100,"KILGORE, Harley Martin","K000176","1893-01-11",3,3,18984,51.9753593429158,"Lost","KILGORE",""
"14535",80,"1947-01-03","Senate","WV",100,"KILGORE, Harley Martin","K000176","1893-01-11",4,4,19714,53.9739904175222,"Lost","KILGORE",""
"14536",81,"1949-01-03","Senate","WV",100,"KILGORE, Harley Martin","K000176","1893-01-11",5,5,20445,55.9753593429158,"Lost","KILGORE",""
"14537",82,"1951-01-03","Senate","WV",100,"KILGORE, Harley Martin","K000176","1893-01-11",6,6,21175,57.9739904175222,"Lost","KILGORE",""
"14538",83,"1953-01-03","Senate","WV",100,"KILGORE, Harley Martin","K000176","1893-01-11",7,7,21906,59.9753593429158,"Lost","KILGORE",""
"14539",84,"1955-01-03","Senate","WV",100,"KILGORE, Harley Martin","K000176","1893-01-11",8,8,22636,61.9739904175222,"Lost","KILGORE",""
"14631",66,"1919-03-04","Senate","UT",100,"KING, William Henry","K000216","1863-06-03",4,2,20362,55.7481177275838,"Missionary","KING",""
"14632",67,"1921-03-04","Senate","UT",100,"KING, William Henry","K000216","1863-06-03",5,3,21093,57.7494866529774,"Missionary","KING",""
"14633",68,"1923-03-04","Senate","UT",100,"KING, William Henry","K000216","1863-06-03",6,4,21823,59.7481177275838,"Missionary","KING",""
"14634",69,"1925-03-04","Senate","UT",100,"KING, William Henry","K000216","1863-06-03",7,5,22554,61.7494866529774,"Missionary","KING",""
"14635",70,"1927-03-04","Senate","UT",100,"KING, William Henry","K000216","1863-06-03",8,6,23284,63.7481177275838,"Missionary","KING",""
"14636",71,"1929-03-04","Senate","UT",100,"KING, William Henry","K000216","1863-06-03",9,7,24015,65.7494866529774,"Missionary","KING",""
"14637",72,"1931-03-04","Senate","UT",100,"KING, William Henry","K000216","1863-06-03",10,8,24745,67.7481177275838,"Missionary","KING",""
"14638",73,"1933-03-04","Senate","UT",100,"KING, William Henry","K000216","1863-06-03",11,9,25476,69.7494866529774,"Missionary","KING",""
"14639",74,"1935-01-03","Senate","UT",100,"KING, William Henry","K000216","1863-06-03",12,10,26146,71.5838466803559,"Missionary","KING",""
"14640",75,"1937-01-03","Senate","UT",100,"KING, William Henry","K000216","1863-06-03",13,11,26877,73.5852156057495,"Missionary","KING",""
"14641",76,"1939-01-03","Senate","UT",100,"KING, William Henry","K000216","1863-06-03",14,12,27607,75.5838466803559,"Missionary","KING",""
"14664",66,"1919-03-04","Senate","AR",100,"KIRBY, William Fosgate","K000233","1867-11-16",3,3,18735,51.2936344969199,"Missionary","KIRBY",""
"14763",79,"1945-01-03","Senate","CA",200,"KNOWLAND, William Fife","K000292","1908-06-26",1,1,13340,36.5229295003422,"Greatest","KNOWLAND",""
"14764",80,"1947-01-03","Senate","CA",200,"KNOWLAND, William Fife","K000292","1908-06-26",2,2,14070,38.5215605749487,"Greatest","KNOWLAND",""
"14765",81,"1949-01-03","Senate","CA",200,"KNOWLAND, William Fife","K000292","1908-06-26",3,3,14801,40.5229295003422,"Greatest","KNOWLAND",""
"14766",82,"1951-01-03","Senate","CA",200,"KNOWLAND, William Fife","K000292","1908-06-26",4,4,15531,42.5215605749487,"Greatest","KNOWLAND",""
"14767",83,"1953-01-03","Senate","CA",200,"KNOWLAND, William Fife","K000292","1908-06-26",5,5,16262,44.5229295003422,"Greatest","KNOWLAND",""
"14768",84,"1955-01-03","Senate","CA",200,"KNOWLAND, William Fife","K000292","1908-06-26",6,6,16992,46.5215605749487,"Greatest","KNOWLAND",""
"14769",85,"1957-01-03","Senate","CA",200,"KNOWLAND, William Fife","K000292","1908-06-26",7,7,17723,48.5229295003422,"Greatest","KNOWLAND",""
"14770",66,"1919-03-04","Senate","PA",200,"KNOX, Philander Chase","K000296","1853-05-06",5,5,24042,65.82340862423,"Progressive","KNOX",""
"14771",67,"1921-03-04","Senate","PA",200,"KNOX, Philander Chase","K000296","1853-05-06",6,6,24773,67.8247775496235,"Progressive","KNOX",""
"14808",101,"1989-01-03","Senate","WI",100,"KOHL, Herbert H.","K000305","1935-02-07",1,1,19689,53.9055441478439,"Silent","KOHL",""
"14809",102,"1991-01-03","Senate","WI",100,"KOHL, Herbert H.","K000305","1935-02-07",2,2,20419,55.9041752224504,"Silent","KOHL",""
"14810",103,"1993-01-03","Senate","WI",100,"KOHL, Herbert H.","K000305","1935-02-07",3,3,21150,57.9055441478439,"Silent","KOHL",""
"14811",104,"1995-01-03","Senate","WI",100,"KOHL, Herbert H.","K000305","1935-02-07",4,4,21880,59.9041752224504,"Silent","KOHL",""
"14812",105,"1997-01-03","Senate","WI",100,"KOHL, Herbert H.","K000305","1935-02-07",5,5,22611,61.9055441478439,"Silent","KOHL",""
"14813",106,"1999-01-03","Senate","WI",100,"KOHL, Herbert H.","K000305","1935-02-07",6,6,23341,63.9041752224504,"Silent","KOHL",""
"14814",107,"2001-01-03","Senate","WI",100,"KOHL, Herbert H.","K000305","1935-02-07",7,7,24072,65.9055441478439,"Silent","KOHL",""
"14815",108,"2003-01-03","Senate","WI",100,"KOHL, Herbert H.","K000305","1935-02-07",8,8,24802,67.9041752224504,"Silent","KOHL",""
"14816",109,"2005-01-03","Senate","WI",100,"KOHL, Herbert H.","K000305","1935-02-07",9,9,25533,69.9055441478439,"Silent","KOHL",""
"14817",110,"2007-01-03","Senate","WI",100,"KOHL, Herbert H.","K000305","1935-02-07",10,10,26263,71.9041752224504,"Silent","KOHL",""
"14818",111,"2009-01-03","Senate","WI",100,"KOHL, Herbert H.","K000305","1935-02-07",11,11,26994,73.9055441478439,"Silent","KOHL",""
"14819",112,"2011-01-03","Senate","WI",100,"KOHL, Herbert H.","K000305","1935-02-07",12,12,27724,75.9041752224504,"Silent","KOHL",""
"14887",103,"1993-01-03","Senate","TX",100,"KRUEGER, Robert Charles","K000333","1935-09-19",3,1,20926,57.2922655715264,"Silent","KRUEGER",""
"14889",82,"1951-01-03","Senate","CA",200,"KUCHEL, Thomas Henry","K000335","1910-08-15",1,1,14751,40.3860369609856,"Greatest","KUCHEL",""
"14890",83,"1953-01-03","Senate","CA",200,"KUCHEL, Thomas Henry","K000335","1910-08-15",2,2,15482,42.3874058863792,"Greatest","KUCHEL",""
"14891",84,"1955-01-03","Senate","CA",200,"KUCHEL, Thomas Henry","K000335","1910-08-15",3,3,16212,44.3860369609856,"Greatest","KUCHEL",""
"14892",85,"1957-01-03","Senate","CA",200,"KUCHEL, Thomas Henry","K000335","1910-08-15",4,4,16943,46.3874058863792,"Greatest","KUCHEL",""
"14893",86,"1959-01-03","Senate","CA",200,"KUCHEL, Thomas Henry","K000335","1910-08-15",5,5,17673,48.3860369609856,"Greatest","KUCHEL",""
"14894",87,"1961-01-03","Senate","CA",200,"KUCHEL, Thomas Henry","K000335","1910-08-15",6,6,18404,50.3874058863792,"Greatest","KUCHEL",""
"14895",88,"1963-01-03","Senate","CA",200,"KUCHEL, Thomas Henry","K000335","1910-08-15",7,7,19134,52.3860369609856,"Greatest","KUCHEL",""
"14896",89,"1965-01-03","Senate","CA",200,"KUCHEL, Thomas Henry","K000335","1910-08-15",8,8,19865,54.3874058863792,"Greatest","KUCHEL",""
"14897",90,"1967-01-03","Senate","CA",200,"KUCHEL, Thomas Henry","K000335","1910-08-15",9,9,20595,56.3860369609856,"Greatest","KUCHEL",""
"14952",104,"1995-01-03","Senate","AZ",200,"KYL, Jon Llewellyn","K000352","1942-04-25",5,1,19246,52.6926762491444,"Silent","KYL",""
"14953",105,"1997-01-03","Senate","AZ",200,"KYL, Jon Llewellyn","K000352","1942-04-25",6,2,19977,54.694045174538,"Silent","KYL",""
"14954",106,"1999-01-03","Senate","AZ",200,"KYL, Jon Llewellyn","K000352","1942-04-25",7,3,20707,56.6926762491444,"Silent","KYL",""
"14955",107,"2001-01-03","Senate","AZ",200,"KYL, Jon Llewellyn","K000352","1942-04-25",8,4,21438,58.694045174538,"Silent","KYL",""
"14956",108,"2003-01-03","Senate","AZ",200,"KYL, Jon Llewellyn","K000352","1942-04-25",9,5,22168,60.6926762491444,"Silent","KYL",""
"14957",109,"2005-01-03","Senate","AZ",200,"KYL, Jon Llewellyn","K000352","1942-04-25",10,6,22899,62.694045174538,"Silent","KYL",""
"14958",110,"2007-01-03","Senate","AZ",200,"KYL, Jon Llewellyn","K000352","1942-04-25",11,7,23629,64.6926762491444,"Silent","KYL",""
"14959",111,"2009-01-03","Senate","AZ",200,"KYL, Jon Llewellyn","K000352","1942-04-25",12,8,24360,66.694045174538,"Silent","KYL",""
"14960",112,"2011-01-03","Senate","AZ",200,"KYL, Jon Llewellyn","K000352","1942-04-25",13,9,25090,68.6926762491444,"Silent","KYL",""
"14961",115,"2017-01-03","Senate","AZ",200,"KYL, Jon Llewellyn","K000352","1942-04-25",14,10,27282,74.694045174538,"Silent","KYL",""
"14976",112,"2011-01-03","Senate","IL",200,"KIRK, Mark Steven","K000360","1959-09-15",6,1,18738,51.3018480492813,"Boomers","KIRK",""
"14977",113,"2013-01-03","Senate","IL",200,"KIRK, Mark Steven","K000360","1959-09-15",7,2,19469,53.3032169746749,"Boomers","KIRK",""
"14978",114,"2015-01-03","Senate","IL",200,"KIRK, Mark Steven","K000360","1959-09-15",8,3,20199,55.3018480492813,"Boomers","KIRK",""
"15005",110,"2007-01-03","Senate","MN",100,"KLOBUCHAR, Amy","K000367","1960-05-25",1,1,17024,46.6091718001369,"Boomers","KLOBUCHAR",""
"15006",111,"2009-01-03","Senate","MN",100,"KLOBUCHAR, Amy","K000367","1960-05-25",2,2,17755,48.6105407255305,"Boomers","KLOBUCHAR",""
"15007",112,"2011-01-03","Senate","MN",100,"KLOBUCHAR, Amy","K000367","1960-05-25",3,3,18485,50.6091718001369,"Boomers","KLOBUCHAR",""
"15008",113,"2013-01-03","Senate","MN",100,"KLOBUCHAR, Amy","K000367","1960-05-25",4,4,19216,52.6105407255305,"Boomers","KLOBUCHAR",""
"15009",114,"2015-01-03","Senate","MN",100,"KLOBUCHAR, Amy","K000367","1960-05-25",5,5,19946,54.6091718001369,"Boomers","KLOBUCHAR",""
"15010",115,"2017-01-03","Senate","MN",100,"KLOBUCHAR, Amy","K000367","1960-05-25",6,6,20677,56.6105407255305,"Boomers","KLOBUCHAR",""
"15011",116,"2019-01-03","Senate","MN",100,"KLOBUCHAR, Amy","K000367","1960-05-25",7,7,21407,58.6091718001369,"Boomers","KLOBUCHAR",""
"15012",117,"2021-01-03","Senate","MN",100,"KLOBUCHAR, Amy","K000367","1960-05-25",8,8,22138,60.6105407255305,"Boomers","KLOBUCHAR",""
"15013",118,"2023-01-03","Senate","MN",100,"KLOBUCHAR, Amy","K000367","1960-05-25",9,9,22868,62.6091718001369,"Boomers","KLOBUCHAR",""
"15024",111,"2009-01-03","Senate","DE",100,"KAUFMAN, Edward E. (Ted)","K000373","1939-03-15",1,1,25497,69.8069815195072,"Silent","KAUFMAN",""
"15025",111,"2009-01-03","Senate","MA",100,"KIRK, Paul G., Jr.","K000374","1938-01-18",1,1,25918,70.9596167008898,"Silent","KIRK",""
"15040",116,"2019-01-03","Senate","AZ",100,"KELLY, Mark Edward","K000377","1964-02-21",1,1,20040,54.8665297741273,"Boomers","KELLY",""
"15041",117,"2021-01-03","Senate","AZ",100,"KELLY, Mark Edward","K000377","1964-02-21",2,2,20771,56.8678986995209,"Boomers","KELLY",""
"15042",118,"2023-01-03","Senate","AZ",100,"KELLY, Mark Edward","K000377","1964-02-21",3,3,21501,58.8665297741273,"Boomers","KELLY",""
"15071",113,"2013-01-03","Senate","ME",328,"KING, Angus Stanley, Jr.","K000383","1944-03-31",1,1,25115,68.7611225188227,"Silent","KING",""
"15072",114,"2015-01-03","Senate","ME",328,"KING, Angus Stanley, Jr.","K000383","1944-03-31",2,2,25845,70.7597535934292,"Silent","KING",""
"15073",115,"2017-01-03","Senate","ME",328,"KING, Angus Stanley, Jr.","K000383","1944-03-31",3,3,26576,72.7611225188227,"Silent","KING",""
"15074",116,"2019-01-03","Senate","ME",328,"KING, Angus Stanley, Jr.","K000383","1944-03-31",4,4,27306,74.7597535934292,"Silent","KING",""
"15075",117,"2021-01-03","Senate","ME",328,"KING, Angus Stanley, Jr.","K000383","1944-03-31",5,5,28037,76.7611225188227,"Silent","KING",""
"15076",118,"2023-01-03","Senate","ME",328,"KING, Angus Stanley, Jr.","K000383","1944-03-31",6,6,28767,78.7597535934292,"Silent","KING",""
"15077",113,"2013-01-03","Senate","VA",100,"KAINE, Timothy Michael (Tim)","K000384","1958-02-26",1,1,20035,54.8528405201916,"Boomers","KAINE",""
"15078",114,"2015-01-03","Senate","VA",100,"KAINE, Timothy Michael (Tim)","K000384","1958-02-26",2,2,20765,56.8514715947981,"Boomers","KAINE",""
"15079",115,"2017-01-03","Senate","VA",100,"KAINE, Timothy Michael (Tim)","K000384","1958-02-26",3,3,21496,58.8528405201916,"Boomers","KAINE",""
"15080",116,"2019-01-03","Senate","VA",100,"KAINE, Timothy Michael (Tim)","K000384","1958-02-26",4,4,22226,60.8514715947981,"Boomers","KAINE",""
"15081",117,"2021-01-03","Senate","VA",100,"KAINE, Timothy Michael (Tim)","K000384","1958-02-26",5,5,22957,62.8528405201916,"Boomers","KAINE",""
"15082",118,"2023-01-03","Senate","VA",100,"KAINE, Timothy Michael (Tim)","K000384","1958-02-26",6,6,23687,64.8514715947981,"Boomers","KAINE",""
"15113",115,"2017-01-03","Senate","LA",200,"KENNEDY, John Neely","K000393","1951-11-21",1,1,23785,65.119780971937,"Boomers","KENNEDY",""
"15114",116,"2019-01-03","Senate","LA",200,"KENNEDY, John Neely","K000393","1951-11-21",2,2,24515,67.1184120465435,"Boomers","KENNEDY",""
"15115",117,"2021-01-03","Senate","LA",200,"KENNEDY, John Neely","K000393","1951-11-21",3,3,25246,69.119780971937,"Boomers","KENNEDY",""
"15116",118,"2023-01-03","Senate","LA",200,"KENNEDY, John Neely","K000393","1951-11-21",4,4,25976,71.1184120465435,"Boomers","KENNEDY",""
"15131",66,"1919-03-04","Senate","WI",200,"LA FOLLETTE, Robert Marion","L000004","1855-06-14",11,8,23273,63.7180013689254,"Progressive","LA FOLLETTE",""
"15132",67,"1921-03-04","Senate","WI",200,"LA FOLLETTE, Robert Marion","L000004","1855-06-14",12,9,24004,65.719370294319,"Progressive","LA FOLLETTE",""
"15133",68,"1923-03-04","Senate","WI",200,"LA FOLLETTE, Robert Marion","L000004","1855-06-14",13,10,24734,67.7180013689254,"Progressive","LA FOLLETTE",""
"15134",69,"1925-03-04","Senate","WI",200,"LA FOLLETTE, Robert Marion","L000004","1855-06-14",14,11,25465,69.719370294319,"Progressive","LA FOLLETTE",""
"15135",69,"1925-03-04","Senate","WI",200,"LA FOLLETTE, Robert Marion, Jr.","L000005","1895-02-06",1,1,10983,30.0698151950719,"Lost","LA FOLLETTE",""
"15136",70,"1927-03-04","Senate","WI",200,"LA FOLLETTE, Robert Marion, Jr.","L000005","1895-02-06",2,2,11713,32.0684462696783,"Lost","LA FOLLETTE",""
"15137",71,"1929-03-04","Senate","WI",200,"LA FOLLETTE, Robert Marion, Jr.","L000005","1895-02-06",3,3,12444,34.0698151950719,"Lost","LA FOLLETTE",""
"15138",72,"1931-03-04","Senate","WI",200,"LA FOLLETTE, Robert Marion, Jr.","L000005","1895-02-06",4,4,13174,36.0684462696783,"Lost","LA FOLLETTE",""
"15139",73,"1933-03-04","Senate","WI",200,"LA FOLLETTE, Robert Marion, Jr.","L000005","1895-02-06",5,5,13905,38.0698151950719,"Lost","LA FOLLETTE",""
"15140",74,"1935-01-03","Senate","WI",370,"LA FOLLETTE, Robert Marion, Jr.","L000005","1895-02-06",6,6,14575,39.9041752224504,"Lost","LA FOLLETTE",""
"15141",75,"1937-01-03","Senate","WI",370,"LA FOLLETTE, Robert Marion, Jr.","L000005","1895-02-06",7,7,15306,41.9055441478439,"Lost","LA FOLLETTE",""
"15142",76,"1939-01-03","Senate","WI",370,"LA FOLLETTE, Robert Marion, Jr.","L000005","1895-02-06",8,8,16036,43.9041752224504,"Lost","LA FOLLETTE",""
"15143",77,"1941-01-03","Senate","WI",370,"LA FOLLETTE, Robert Marion, Jr.","L000005","1895-02-06",9,9,16767,45.9055441478439,"Lost","LA FOLLETTE",""
"15144",78,"1943-01-03","Senate","WI",370,"LA FOLLETTE, Robert Marion, Jr.","L000005","1895-02-06",10,10,17497,47.9041752224504,"Lost","LA FOLLETTE",""
"15145",79,"1945-01-03","Senate","WI",370,"LA FOLLETTE, Robert Marion, Jr.","L000005","1895-02-06",11,11,18228,49.9055441478439,"Lost","LA FOLLETTE",""
"15152",67,"1921-03-04","Senate","ND",200,"LADD, Edwin Fremont","L000012","1859-12-13",1,1,22361,61.2210814510609,"Progressive","LADD",""
"15153",68,"1923-03-04","Senate","ND",200,"LADD, Edwin Fremont","L000012","1859-12-13",2,2,23091,63.2197125256674,"Progressive","LADD",""
"15154",69,"1925-03-04","Senate","ND",200,"LADD, Edwin Fremont","L000012","1859-12-13",3,3,23822,65.2210814510609,"Progressive","LADD",""
"15176",84,"1955-01-03","Senate","WV",100,"LAIRD, William Ramsey, III","L000025","1916-06-02",1,1,14094,38.5872689938398,"Greatest","LAIRD",""
"15179",106,"1999-01-03","Senate","AR",100,"LINCOLN, Blanche Lambert","L000035","1960-09-30",3,1,13974,38.258726899384,"Boomers","LINCOLN",""
"15180",107,"2001-01-03","Senate","AR",100,"LINCOLN, Blanche Lambert","L000035","1960-09-30",4,2,14705,40.2600958247776,"Boomers","LINCOLN",""
"15181",108,"2003-01-03","Senate","AR",100,"LINCOLN, Blanche Lambert","L000035","1960-09-30",5,3,15435,42.258726899384,"Boomers","LINCOLN",""
"15182",109,"2005-01-03","Senate","AR",100,"LINCOLN, Blanche Lambert","L000035","1960-09-30",6,4,16166,44.2600958247776,"Boomers","LINCOLN",""
"15183",110,"2007-01-03","Senate","AR",100,"LINCOLN, Blanche Lambert","L000035","1960-09-30",7,5,16896,46.258726899384,"Boomers","LINCOLN",""
"15184",111,"2009-01-03","Senate","AR",100,"LINCOLN, Blanche Lambert","L000035","1960-09-30",8,6,17627,48.2600958247776,"Boomers","LINCOLN",""
"15253",77,"1941-01-03","Senate","ND",200,"LANGER, William","L000070","1886-09-30",1,1,19818,54.258726899384,"Lost","LANGER",""
"15254",78,"1943-01-03","Senate","ND",200,"LANGER, William","L000070","1886-09-30",2,2,20548,56.2573579739904,"Lost","LANGER",""
"15255",79,"1945-01-03","Senate","ND",200,"LANGER, William","L000070","1886-09-30",3,3,21279,58.258726899384,"Lost","LANGER",""
"15256",80,"1947-01-03","Senate","ND",200,"LANGER, William","L000070","1886-09-30",4,4,22009,60.2573579739904,"Lost","LANGER",""
"15257",81,"1949-01-03","Senate","ND",200,"LANGER, William","L000070","1886-09-30",5,5,22740,62.258726899384,"Lost","LANGER",""
"15258",82,"1951-01-03","Senate","ND",200,"LANGER, William","L000070","1886-09-30",6,6,23470,64.2573579739904,"Lost","LANGER",""
"15259",83,"1953-01-03","Senate","ND",200,"LANGER, William","L000070","1886-09-30",7,7,24201,66.258726899384,"Lost","LANGER",""
"15260",84,"1955-01-03","Senate","ND",200,"LANGER, William","L000070","1886-09-30",8,8,24931,68.2573579739904,"Lost","LANGER",""
"15261",85,"1957-01-03","Senate","ND",200,"LANGER, William","L000070","1886-09-30",9,9,25662,70.258726899384,"Lost","LANGER",""
"15262",86,"1959-01-03","Senate","ND",200,"LANGER, William","L000070","1886-09-30",10,10,26392,72.2573579739904,"Lost","LANGER",""
"15339",70,"1927-03-04","Senate","NM",200,"LARRAZOLO, Octaviano Ambrosio","L000101","1859-12-07",1,1,24558,67.2361396303901,"Progressive","LARRAZOLO",""
"15385",85,"1957-01-03","Senate","OH",100,"LAUSCHE, Frank John","L000122","1895-11-14",1,1,22330,61.1362080766598,"Lost","LAUSCHE",""
"15386",86,"1959-01-03","Senate","OH",100,"LAUSCHE, Frank John","L000122","1895-11-14",2,2,23060,63.1348391512663,"Lost","LAUSCHE",""
"15387",87,"1961-01-03","Senate","OH",100,"LAUSCHE, Frank John","L000122","1895-11-14",3,3,23791,65.1362080766598,"Lost","LAUSCHE",""
"15388",88,"1963-01-03","Senate","OH",100,"LAUSCHE, Frank John","L000122","1895-11-14",4,4,24521,67.1348391512663,"Lost","LAUSCHE",""
"15389",89,"1965-01-03","Senate","OH",100,"LAUSCHE, Frank John","L000122","1895-11-14",5,5,25252,69.1362080766598,"Lost","LAUSCHE",""
"15390",90,"1967-01-03","Senate","OH",100,"LAUSCHE, Frank John","L000122","1895-11-14",6,6,25982,71.1348391512663,"Lost","LAUSCHE",""
"15391",97,"1981-01-03","Senate","NJ",100,"LAUTENBERG, Frank Raleigh","L000123","1924-01-23",1,1,20800,56.9472963723477,"Greatest","LAUTENBERG",""
"15392",98,"1983-01-03","Senate","NJ",100,"LAUTENBERG, Frank Raleigh","L000123","1924-01-23",2,2,21530,58.9459274469541,"Greatest","LAUTENBERG",""
"15393",99,"1985-01-03","Senate","NJ",100,"LAUTENBERG, Frank Raleigh","L000123","1924-01-23",3,3,22261,60.9472963723477,"Greatest","LAUTENBERG",""
"15394",100,"1987-01-03","Senate","NJ",100,"LAUTENBERG, Frank Raleigh","L000123","1924-01-23",4,4,22991,62.9459274469541,"Greatest","LAUTENBERG",""
"15395",101,"1989-01-03","Senate","NJ",100,"LAUTENBERG, Frank Raleigh","L000123","1924-01-23",5,5,23722,64.9472963723477,"Greatest","LAUTENBERG",""
"15396",102,"1991-01-03","Senate","NJ",100,"LAUTENBERG, Frank Raleigh","L000123","1924-01-23",6,6,24452,66.9459274469541,"Greatest","LAUTENBERG",""
"15397",103,"1993-01-03","Senate","NJ",100,"LAUTENBERG, Frank Raleigh","L000123","1924-01-23",7,7,25183,68.9472963723477,"Greatest","LAUTENBERG",""
"15398",104,"1995-01-03","Senate","NJ",100,"LAUTENBERG, Frank Raleigh","L000123","1924-01-23",8,8,25913,70.9459274469541,"Greatest","LAUTENBERG",""
"15399",105,"1997-01-03","Senate","NJ",100,"LAUTENBERG, Frank Raleigh","L000123","1924-01-23",9,9,26644,72.9472963723477,"Greatest","LAUTENBERG",""
"15400",106,"1999-01-03","Senate","NJ",100,"LAUTENBERG, Frank Raleigh","L000123","1924-01-23",10,10,27374,74.9459274469541,"Greatest","LAUTENBERG",""
"15401",108,"2003-01-03","Senate","NJ",100,"LAUTENBERG, Frank Raleigh","L000123","1924-01-23",11,11,28835,78.9459274469541,"Greatest","LAUTENBERG",""
"15402",109,"2005-01-03","Senate","NJ",100,"LAUTENBERG, Frank Raleigh","L000123","1924-01-23",12,12,29566,80.9472963723477,"Greatest","LAUTENBERG",""
"15403",110,"2007-01-03","Senate","NJ",100,"LAUTENBERG, Frank Raleigh","L000123","1924-01-23",13,13,30296,82.9459274469541,"Greatest","LAUTENBERG",""
"15404",111,"2009-01-03","Senate","NJ",100,"LAUTENBERG, Frank Raleigh","L000123","1924-01-23",14,14,31027,84.9472963723477,"Greatest","LAUTENBERG",""
"15405",112,"2011-01-03","Senate","NJ",100,"LAUTENBERG, Frank Raleigh","L000123","1924-01-23",15,15,31757,86.9459274469541,"Greatest","LAUTENBERG",""
"15406",113,"2013-01-03","Senate","NJ",100,"LAUTENBERG, Frank Raleigh","L000123","1924-01-23",16,16,32488,88.9472963723477,"Greatest","LAUTENBERG",""
"15408",93,"1973-01-03","Senate","NV",200,"LAXALT, Paul Dominque","L000148","1922-08-02",1,1,18417,50.4229979466119,"Greatest","LAXALT",""
"15409",94,"1975-01-03","Senate","NV",200,"LAXALT, Paul Dominque","L000148","1922-08-02",2,2,19147,52.4216290212183,"Greatest","LAXALT",""
"15410",95,"1977-01-03","Senate","NV",200,"LAXALT, Paul Dominque","L000148","1922-08-02",3,3,19878,54.4229979466119,"Greatest","LAXALT",""
"15411",96,"1979-01-03","Senate","NV",200,"LAXALT, Paul Dominque","L000148","1922-08-02",4,4,20608,56.4216290212183,"Greatest","LAXALT",""
"15412",97,"1981-01-03","Senate","NV",200,"LAXALT, Paul Dominque","L000148","1922-08-02",5,5,21339,58.4229979466119,"Greatest","LAXALT",""
"15413",98,"1983-01-03","Senate","NV",200,"LAXALT, Paul Dominque","L000148","1922-08-02",6,6,22069,60.4216290212183,"Greatest","LAXALT",""
"15414",99,"1985-01-03","Senate","NV",200,"LAXALT, Paul Dominque","L000148","1922-08-02",7,7,22800,62.4229979466119,"Greatest","LAXALT",""
"15472",81,"1949-01-03","Senate","RI",100,"LEAHY, Edward Laurence","L000173","1886-02-09",1,1,22973,62.8966461327858,"Lost","LEAHY",""
"15473",94,"1975-01-03","Senate","VT",100,"LEAHY, Patrick Joseph","L000174","1940-03-31",1,1,12696,34.7597535934292,"Silent","LEAHY",""
"15474",95,"1977-01-03","Senate","VT",100,"LEAHY, Patrick Joseph","L000174","1940-03-31",2,2,13427,36.7611225188227,"Silent","LEAHY",""
"15475",96,"1979-01-03","Senate","VT",100,"LEAHY, Patrick Joseph","L000174","1940-03-31",3,3,14157,38.7597535934292,"Silent","LEAHY",""
"15476",97,"1981-01-03","Senate","VT",100,"LEAHY, Patrick Joseph","L000174","1940-03-31",4,4,14888,40.7611225188227,"Silent","LEAHY",""
"15477",98,"1983-01-03","Senate","VT",100,"LEAHY, Patrick Joseph","L000174","1940-03-31",5,5,15618,42.7597535934292,"Silent","LEAHY",""
"15478",99,"1985-01-03","Senate","VT",100,"LEAHY, Patrick Joseph","L000174","1940-03-31",6,6,16349,44.7611225188227,"Silent","LEAHY",""
"15479",100,"1987-01-03","Senate","VT",100,"LEAHY, Patrick Joseph","L000174","1940-03-31",7,7,17079,46.7597535934292,"Silent","LEAHY",""
"15480",101,"1989-01-03","Senate","VT",100,"LEAHY, Patrick Joseph","L000174","1940-03-31",8,8,17810,48.7611225188227,"Silent","LEAHY",""
"15481",102,"1991-01-03","Senate","VT",100,"LEAHY, Patrick Joseph","L000174","1940-03-31",9,9,18540,50.7597535934292,"Silent","LEAHY",""
"15482",103,"1993-01-03","Senate","VT",100,"LEAHY, Patrick Joseph","L000174","1940-03-31",10,10,19271,52.7611225188227,"Silent","LEAHY",""
"15483",104,"1995-01-03","Senate","VT",100,"LEAHY, Patrick Joseph","L000174","1940-03-31",11,11,20001,54.7597535934292,"Silent","LEAHY",""
"15484",105,"1997-01-03","Senate","VT",100,"LEAHY, Patrick Joseph","L000174","1940-03-31",12,12,20732,56.7611225188227,"Silent","LEAHY",""
"15485",106,"1999-01-03","Senate","VT",100,"LEAHY, Patrick Joseph","L000174","1940-03-31",13,13,21462,58.7597535934292,"Silent","LEAHY",""
"15486",107,"2001-01-03","Senate","VT",100,"LEAHY, Patrick Joseph","L000174","1940-03-31",14,14,22193,60.7611225188227,"Silent","LEAHY",""
"15487",108,"2003-01-03","Senate","VT",100,"LEAHY, Patrick Joseph","L000174","1940-03-31",15,15,22923,62.7597535934292,"Silent","LEAHY",""
"15488",109,"2005-01-03","Senate","VT",100,"LEAHY, Patrick Joseph","L000174","1940-03-31",16,16,23654,64.7611225188227,"Silent","LEAHY",""
"15489",110,"2007-01-03","Senate","VT",100,"LEAHY, Patrick Joseph","L000174","1940-03-31",17,17,24384,66.7597535934292,"Silent","LEAHY",""
"15490",111,"2009-01-03","Senate","VT",100,"LEAHY, Patrick Joseph","L000174","1940-03-31",18,18,25115,68.7611225188227,"Silent","LEAHY",""
"15491",112,"2011-01-03","Senate","VT",100,"LEAHY, Patrick Joseph","L000174","1940-03-31",19,19,25845,70.7597535934292,"Silent","LEAHY",""
"15492",113,"2013-01-03","Senate","VT",100,"LEAHY, Patrick Joseph","L000174","1940-03-31",20,20,26576,72.7611225188227,"Silent","LEAHY",""
"15493",114,"2015-01-03","Senate","VT",100,"LEAHY, Patrick Joseph","L000174","1940-03-31",21,21,27306,74.7597535934292,"Silent","LEAHY",""
"15494",115,"2017-01-03","Senate","VT",100,"LEAHY, Patrick Joseph","L000174","1940-03-31",22,22,28037,76.7611225188227,"Silent","LEAHY",""
"15495",116,"2019-01-03","Senate","VT",100,"LEAHY, Patrick Joseph","L000174","1940-03-31",23,23,28767,78.7597535934292,"Silent","LEAHY",""
"15496",117,"2021-01-03","Senate","VT",100,"LEAHY, Patrick Joseph","L000174","1940-03-31",24,24,29498,80.7611225188227,"Silent","LEAHY",""
"15527",75,"1937-01-03","Senate","OK",100,"LEE, Joshua Bryan","L000198","1892-01-23",2,1,16416,44.9445585215606,"Lost","LEE",""
"15528",76,"1939-01-03","Senate","OK",100,"LEE, Joshua Bryan","L000198","1892-01-23",3,2,17146,46.943189596167,"Lost","LEE",""
"15529",77,"1941-01-03","Senate","OK",100,"LEE, Joshua Bryan","L000198","1892-01-23",4,3,17877,48.9445585215606,"Lost","LEE",""
"15552",81,"1949-01-03","Senate","NY",100,"LEHMAN, Herbert Henry","L000224","1878-03-28",1,1,25848,70.7679671457905,"Missionary","LEHMAN",""
"15553",82,"1951-01-03","Senate","NY",100,"LEHMAN, Herbert Henry","L000224","1878-03-28",2,2,26578,72.766598220397,"Missionary","LEHMAN",""
"15554",83,"1953-01-03","Senate","NY",100,"LEHMAN, Herbert Henry","L000224","1878-03-28",3,3,27309,74.7679671457905,"Missionary","LEHMAN",""
"15555",84,"1955-01-03","Senate","NY",100,"LEHMAN, Herbert Henry","L000224","1878-03-28",4,4,28039,76.766598220397,"Missionary","LEHMAN",""
"15587",83,"1953-01-03","Senate","NC",100,"LENNON, Alton Asa","L000240","1906-08-17",1,1,16941,46.3819301848049,"Greatest","LENNON",""
"15596",66,"1919-03-04","Senate","WI",200,"LENROOT, Irvine Luther","L000241","1869-01-31",6,1,18293,50.0835044490075,"Missionary","LENROOT",""
"15597",67,"1921-03-04","Senate","WI",200,"LENROOT, Irvine Luther","L000241","1869-01-31",7,2,19024,52.0848733744011,"Missionary","LENROOT",""
"15598",68,"1923-03-04","Senate","WI",200,"LENROOT, Irvine Luther","L000241","1869-01-31",8,3,19754,54.0835044490075,"Missionary","LENROOT",""
"15599",69,"1925-03-04","Senate","WI",200,"LENROOT, Irvine Luther","L000241","1869-01-31",9,4,20485,56.0848733744011,"Missionary","LENROOT",""
"15633",96,"1979-01-03","Senate","MI",100,"LEVIN, Carl","L000261","1934-06-28",1,1,16260,44.517453798768,"Silent","LEVIN",""
"15634",97,"1981-01-03","Senate","MI",100,"LEVIN, Carl","L000261","1934-06-28",2,2,16991,46.5188227241615,"Silent","LEVIN",""
"15635",98,"1983-01-03","Senate","MI",100,"LEVIN, Carl","L000261","1934-06-28",3,3,17721,48.517453798768,"Silent","LEVIN",""
"15636",99,"1985-01-03","Senate","MI",100,"LEVIN, Carl","L000261","1934-06-28",4,4,18452,50.5188227241615,"Silent","LEVIN",""
"15637",100,"1987-01-03","Senate","MI",100,"LEVIN, Carl","L000261","1934-06-28",5,5,19182,52.517453798768,"Silent","LEVIN",""
"15638",101,"1989-01-03","Senate","MI",100,"LEVIN, Carl","L000261","1934-06-28",6,6,19913,54.5188227241615,"Silent","LEVIN",""
"15639",102,"1991-01-03","Senate","MI",100,"LEVIN, Carl","L000261","1934-06-28",7,7,20643,56.517453798768,"Silent","LEVIN",""
"15640",103,"1993-01-03","Senate","MI",100,"LEVIN, Carl","L000261","1934-06-28",8,8,21374,58.5188227241615,"Silent","LEVIN",""
"15641",104,"1995-01-03","Senate","MI",100,"LEVIN, Carl","L000261","1934-06-28",9,9,22104,60.517453798768,"Silent","LEVIN",""
"15642",105,"1997-01-03","Senate","MI",100,"LEVIN, Carl","L000261","1934-06-28",10,10,22835,62.5188227241615,"Silent","LEVIN",""
"15643",106,"1999-01-03","Senate","MI",100,"LEVIN, Carl","L000261","1934-06-28",11,11,23565,64.517453798768,"Silent","LEVIN",""
"15644",107,"2001-01-03","Senate","MI",100,"LEVIN, Carl","L000261","1934-06-28",12,12,24296,66.5188227241615,"Silent","LEVIN",""
"15645",108,"2003-01-03","Senate","MI",100,"LEVIN, Carl","L000261","1934-06-28",13,13,25026,68.517453798768,"Silent","LEVIN",""
"15646",109,"2005-01-03","Senate","MI",100,"LEVIN, Carl","L000261","1934-06-28",14,14,25757,70.5188227241615,"Silent","LEVIN",""
"15647",110,"2007-01-03","Senate","MI",100,"LEVIN, Carl","L000261","1934-06-28",15,15,26487,72.517453798768,"Silent","LEVIN",""
"15648",111,"2009-01-03","Senate","MI",100,"LEVIN, Carl","L000261","1934-06-28",16,16,27218,74.5188227241615,"Silent","LEVIN",""
"15649",112,"2011-01-03","Senate","MI",100,"LEVIN, Carl","L000261","1934-06-28",17,17,27948,76.517453798768,"Silent","LEVIN",""
"15650",113,"2013-01-03","Senate","MI",100,"LEVIN, Carl","L000261","1934-06-28",18,18,28679,78.5188227241615,"Silent","LEVIN",""
"15709",72,"1931-03-04","Senate","IL",100,"LEWIS, James Hamilton","L000284","1863-05-18",5,4,24761,67.791923340178,"Missionary","LEWIS",""
"15710",73,"1933-03-04","Senate","IL",100,"LEWIS, James Hamilton","L000284","1863-05-18",6,5,25492,69.7932922655715,"Missionary","LEWIS",""
"15711",74,"1935-01-03","Senate","IL",100,"LEWIS, James Hamilton","L000284","1863-05-18",7,6,26162,71.62765229295,"Missionary","LEWIS",""
"15712",75,"1937-01-03","Senate","IL",100,"LEWIS, James Hamilton","L000284","1863-05-18",8,7,26893,73.6290212183436,"Missionary","LEWIS",""
"15713",76,"1939-01-03","Senate","IL",100,"LEWIS, James Hamilton","L000284","1863-05-18",9,8,27623,75.62765229295,"Missionary","LEWIS",""
"15759",101,"1989-01-03","Senate","CT",100,"LIEBERMAN, Joseph I.","L000304","1942-02-24",1,1,17115,46.8583162217659,"Silent","LIEBERMAN",""
"15760",102,"1991-01-03","Senate","CT",100,"LIEBERMAN, Joseph I.","L000304","1942-02-24",2,2,17845,48.8569472963723,"Silent","LIEBERMAN",""
"15761",103,"1993-01-03","Senate","CT",100,"LIEBERMAN, Joseph I.","L000304","1942-02-24",3,3,18576,50.8583162217659,"Silent","LIEBERMAN",""
"15762",104,"1995-01-03","Senate","CT",100,"LIEBERMAN, Joseph I.","L000304","1942-02-24",4,4,19306,52.8569472963723,"Silent","LIEBERMAN",""
"15763",105,"1997-01-03","Senate","CT",100,"LIEBERMAN, Joseph I.","L000304","1942-02-24",5,5,20037,54.8583162217659,"Silent","LIEBERMAN",""
"15764",106,"1999-01-03","Senate","CT",100,"LIEBERMAN, Joseph I.","L000304","1942-02-24",6,6,20767,56.8569472963723,"Silent","LIEBERMAN",""
"15765",107,"2001-01-03","Senate","CT",100,"LIEBERMAN, Joseph I.","L000304","1942-02-24",7,7,21498,58.8583162217659,"Silent","LIEBERMAN",""
"15766",108,"2003-01-03","Senate","CT",100,"LIEBERMAN, Joseph I.","L000304","1942-02-24",8,8,22228,60.8569472963723,"Silent","LIEBERMAN",""
"15767",109,"2005-01-03","Senate","CT",100,"LIEBERMAN, Joseph I.","L000304","1942-02-24",9,9,22959,62.8583162217659,"Silent","LIEBERMAN",""
"15768",110,"2007-01-03","Senate","CT",100,"LIEBERMAN, Joseph I.","L000304","1942-02-24",10,10,23689,64.8569472963724,"Silent","LIEBERMAN",""
"15769",111,"2009-01-03","Senate","CT",100,"LIEBERMAN, Joseph I.","L000304","1942-02-24",11,11,24420,66.8583162217659,"Silent","LIEBERMAN",""
"15770",112,"2011-01-03","Senate","CT",100,"LIEBERMAN, Joseph I.","L000304","1942-02-24",12,12,25150,68.8569472963724,"Silent","LIEBERMAN",""
"15869",70,"1927-03-04","Senate","OH",100,"LOCHER, Cyrus","L000386","1878-03-08",1,1,17892,48.9856262833676,"Missionary","LOCHER",""
"15870",66,"1919-03-04","Senate","MA",200,"LODGE, Henry Cabot","L000393","1850-05-12",17,14,25132,68.807665982204,"Progressive","LODGE",""
"15871",67,"1921-03-04","Senate","MA",200,"LODGE, Henry Cabot","L000393","1850-05-12",18,15,25863,70.8090349075975,"Progressive","LODGE",""
"15872",68,"1923-03-04","Senate","MA",200,"LODGE, Henry Cabot","L000393","1850-05-12",19,16,26593,72.807665982204,"Progressive","LODGE",""
"15873",75,"1937-01-03","Senate","MA",200,"LODGE, Henry Cabot, Jr.","L000394","1902-07-05",1,1,12601,34.4996577686516,"Greatest","LODGE",""
"15874",76,"1939-01-03","Senate","MA",200,"LODGE, Henry Cabot, Jr.","L000394","1902-07-05",2,2,13331,36.498288843258,"Greatest","LODGE",""
"15875",77,"1941-01-03","Senate","MA",200,"LODGE, Henry Cabot, Jr.","L000394","1902-07-05",3,3,14062,38.4996577686516,"Greatest","LODGE",""
"15876",78,"1943-01-03","Senate","MA",200,"LODGE, Henry Cabot, Jr.","L000394","1902-07-05",4,4,14792,40.498288843258,"Greatest","LODGE",""
"15877",80,"1947-01-03","Senate","MA",200,"LODGE, Henry Cabot, Jr.","L000394","1902-07-05",5,5,16253,44.498288843258,"Greatest","LODGE",""
"15878",81,"1949-01-03","Senate","MA",200,"LODGE, Henry Cabot, Jr.","L000394","1902-07-05",6,6,16984,46.4996577686516,"Greatest","LODGE",""
"15879",82,"1951-01-03","Senate","MA",200,"LODGE, Henry Cabot, Jr.","L000394","1902-07-05",7,7,17714,48.498288843258,"Greatest","LODGE",""
"15901",74,"1935-01-03","Senate","FL",100,"LOFTIN, Scott Marion","L000400","1878-09-14",1,1,20564,56.3011635865845,"Missionary","LOFTIN",""
"15902",72,"1931-03-04","Senate","KY",100,"LOGAN, Marvel Mills","L000404","1874-01-07",1,1,20874,57.1498973305955,"Missionary","LOGAN",""
"15903",73,"1933-03-04","Senate","KY",100,"LOGAN, Marvel Mills","L000404","1874-01-07",2,2,21605,59.151266255989,"Missionary","LOGAN",""
"15904",74,"1935-01-03","Senate","KY",100,"LOGAN, Marvel Mills","L000404","1874-01-07",3,3,22275,60.9856262833676,"Missionary","LOGAN",""
"15905",75,"1937-01-03","Senate","KY",100,"LOGAN, Marvel Mills","L000404","1874-01-07",4,4,23006,62.9869952087611,"Missionary","LOGAN",""
"15906",76,"1939-01-03","Senate","KY",100,"LOGAN, Marvel Mills","L000404","1874-01-07",5,5,23736,64.9856262833676,"Missionary","LOGAN",""
"15912",73,"1933-03-04","Senate","CT",100,"LONERGAN, Augustine","L000409","1874-05-20",5,1,21472,58.7871321013005,"Missionary","LONERGAN",""
"15913",74,"1935-01-03","Senate","CT",100,"LONERGAN, Augustine","L000409","1874-05-20",6,2,22142,60.621492128679,"Missionary","LONERGAN",""
"15914",75,"1937-01-03","Senate","CT",100,"LONERGAN, Augustine","L000409","1874-05-20",7,3,22873,62.6228610540726,"Missionary","LONERGAN",""
"15927",86,"1959-01-03","Senate","MO",100,"LONG, Edward Vaughn","L000415","1908-07-18",1,1,18431,50.4613278576318,"Greatest","LONG",""
"15928",87,"1961-01-03","Senate","MO",100,"LONG, Edward Vaughn","L000415","1908-07-18",2,2,19162,52.4626967830253,"Greatest","LONG",""
"15929",88,"1963-01-03","Senate","MO",100,"LONG, Edward Vaughn","L000415","1908-07-18",3,3,19892,54.4613278576318,"Greatest","LONG",""
"15930",89,"1965-01-03","Senate","MO",100,"LONG, Edward Vaughn","L000415","1908-07-18",4,4,20623,56.4626967830253,"Greatest","LONG",""
"15931",90,"1967-01-03","Senate","MO",100,"LONG, Edward Vaughn","L000415","1908-07-18",5,5,21353,58.4613278576318,"Greatest","LONG",""
"15943",72,"1931-03-04","Senate","LA",100,"LONG, Huey Pierce","L000418","1893-08-30",1,1,13699,37.5058179329227,"Lost","LONG",""
"15944",73,"1933-03-04","Senate","LA",100,"LONG, Huey Pierce","L000418","1893-08-30",2,2,14430,39.5071868583162,"Lost","LONG",""
"15945",74,"1935-01-03","Senate","LA",100,"LONG, Huey Pierce","L000418","1893-08-30",3,3,15100,41.3415468856947,"Lost","LONG",""
"15950",86,"1959-01-03","Senate","HI",100,"LONG, Oren Ethelbirt","L000425","1889-03-04",1,1,25506,69.8316221765914,"Lost","LONG",""
"15951",87,"1961-01-03","Senate","HI",100,"LONG, Oren Ethelbirt","L000425","1889-03-04",2,2,26237,71.832991101985,"Lost","LONG",""
"15952",74,"1935-01-03","Senate","LA",100,"LONG, Rose McConnell","L000427","1892-04-08",1,1,15609,42.735112936345,"Lost","LONG",""
"15953",80,"1947-01-03","Senate","LA",100,"LONG, Russell Billiu","L000428","1918-11-03",1,1,10288,28.1670088980151,"Greatest","LONG",""
"15954",81,"1949-01-03","Senate","LA",100,"LONG, Russell Billiu","L000428","1918-11-03",2,2,11019,30.1683778234086,"Greatest","LONG",""
"15955",82,"1951-01-03","Senate","LA",100,"LONG, Russell Billiu","L000428","1918-11-03",3,3,11749,32.1670088980151,"Greatest","LONG",""
"15956",83,"1953-01-03","Senate","LA",100,"LONG, Russell Billiu","L000428","1918-11-03",4,4,12480,34.1683778234086,"Greatest","LONG",""
"15957",84,"1955-01-03","Senate","LA",100,"LONG, Russell Billiu","L000428","1918-11-03",5,5,13210,36.1670088980151,"Greatest","LONG",""
"15958",85,"1957-01-03","Senate","LA",100,"LONG, Russell Billiu","L000428","1918-11-03",6,6,13941,38.1683778234086,"Greatest","LONG",""
"15959",86,"1959-01-03","Senate","LA",100,"LONG, Russell Billiu","L000428","1918-11-03",7,7,14671,40.1670088980151,"Greatest","LONG",""
"15960",87,"1961-01-03","Senate","LA",100,"LONG, Russell Billiu","L000428","1918-11-03",8,8,15402,42.1683778234086,"Greatest","LONG",""
"15961",88,"1963-01-03","Senate","LA",100,"LONG, Russell Billiu","L000428","1918-11-03",9,9,16132,44.1670088980151,"Greatest","LONG",""
"15962",89,"1965-01-03","Senate","LA",100,"LONG, Russell Billiu","L000428","1918-11-03",10,10,16863,46.1683778234086,"Greatest","LONG",""
"15963",90,"1967-01-03","Senate","LA",100,"LONG, Russell Billiu","L000428","1918-11-03",11,11,17593,48.1670088980151,"Greatest","LONG",""
"15964",91,"1969-01-03","Senate","LA",100,"LONG, Russell Billiu","L000428","1918-11-03",12,12,18324,50.1683778234086,"Greatest","LONG",""
"15965",92,"1971-01-03","Senate","LA",100,"LONG, Russell Billiu","L000428","1918-11-03",13,13,19054,52.1670088980151,"Greatest","LONG",""
"15966",93,"1973-01-03","Senate","LA",100,"LONG, Russell Billiu","L000428","1918-11-03",14,14,19785,54.1683778234086,"Greatest","LONG",""
"15967",94,"1975-01-03","Senate","LA",100,"LONG, Russell Billiu","L000428","1918-11-03",15,15,20515,56.1670088980151,"Greatest","LONG",""
"15968",95,"1977-01-03","Senate","LA",100,"LONG, Russell Billiu","L000428","1918-11-03",16,16,21246,58.1683778234086,"Greatest","LONG",""
"15969",96,"1979-01-03","Senate","LA",100,"LONG, Russell Billiu","L000428","1918-11-03",17,17,21976,60.167008898015,"Greatest","LONG",""
"15970",97,"1981-01-03","Senate","LA",100,"LONG, Russell Billiu","L000428","1918-11-03",18,18,22707,62.1683778234086,"Greatest","LONG",""
"15971",98,"1983-01-03","Senate","LA",100,"LONG, Russell Billiu","L000428","1918-11-03",19,19,23437,64.167008898015,"Greatest","LONG",""
"15972",99,"1985-01-03","Senate","LA",100,"LONG, Russell Billiu","L000428","1918-11-03",20,20,24168,66.1683778234086,"Greatest","LONG",""
"16001",101,"1989-01-03","Senate","MS",200,"LOTT, Chester Trent","L000447","1941-10-09",9,1,17253,47.2361396303901,"Silent","LOTT",""
"16002",102,"1991-01-03","Senate","MS",200,"LOTT, Chester Trent","L000447","1941-10-09",10,2,17983,49.2347707049966,"Silent","LOTT",""
"16003",103,"1993-01-03","Senate","MS",200,"LOTT, Chester Trent","L000447","1941-10-09",11,3,18714,51.2361396303901,"Silent","LOTT",""
"16004",104,"1995-01-03","Senate","MS",200,"LOTT, Chester Trent","L000447","1941-10-09",12,4,19444,53.2347707049966,"Silent","LOTT",""
"16005",105,"1997-01-03","Senate","MS",200,"LOTT, Chester Trent","L000447","1941-10-09",13,5,20175,55.2361396303901,"Silent","LOTT",""
"16006",106,"1999-01-03","Senate","MS",200,"LOTT, Chester Trent","L000447","1941-10-09",14,6,20905,57.2347707049966,"Silent","LOTT",""
"16007",107,"2001-01-03","Senate","MS",200,"LOTT, Chester Trent","L000447","1941-10-09",15,7,21636,59.2361396303901,"Silent","LOTT",""
"16008",108,"2003-01-03","Senate","MS",200,"LOTT, Chester Trent","L000447","1941-10-09",16,8,22366,61.2347707049966,"Silent","LOTT",""
"16009",109,"2005-01-03","Senate","MS",200,"LOTT, Chester Trent","L000447","1941-10-09",17,9,23097,63.2361396303901,"Silent","LOTT",""
"16010",110,"2007-01-03","Senate","MS",200,"LOTT, Chester Trent","L000447","1941-10-09",18,10,23827,65.2347707049966,"Silent","LOTT",""
"16074",76,"1939-01-03","Senate","IL",100,"LUCAS, Scott Wike","L000493","1892-02-19",3,1,17119,46.8692676249144,"Lost","LUCAS",""
"16075",77,"1941-01-03","Senate","IL",100,"LUCAS, Scott Wike","L000493","1892-02-19",4,2,17850,48.870636550308,"Lost","LUCAS",""
"16076",78,"1943-01-03","Senate","IL",100,"LUCAS, Scott Wike","L000493","1892-02-19",5,3,18580,50.8692676249144,"Lost","LUCAS",""
"16077",79,"1945-01-03","Senate","IL",100,"LUCAS, Scott Wike","L000493","1892-02-19",6,4,19311,52.870636550308,"Lost","LUCAS",""
"16078",80,"1947-01-03","Senate","IL",100,"LUCAS, Scott Wike","L000493","1892-02-19",7,5,20041,54.8692676249144,"Lost","LUCAS",""
"16079",81,"1949-01-03","Senate","IL",100,"LUCAS, Scott Wike","L000493","1892-02-19",8,6,20772,56.870636550308,"Lost","LUCAS",""
"16111",95,"1977-01-03","Senate","IN",200,"LUGAR, Richard Green","L000504","1932-04-04",1,1,16345,44.7501711156742,"Silent","LUGAR",""
"16112",96,"1979-01-03","Senate","IN",200,"LUGAR, Richard Green","L000504","1932-04-04",2,2,17075,46.7488021902806,"Silent","LUGAR",""
"16113",97,"1981-01-03","Senate","IN",200,"LUGAR, Richard Green","L000504","1932-04-04",3,3,17806,48.7501711156742,"Silent","LUGAR",""
"16114",98,"1983-01-03","Senate","IN",200,"LUGAR, Richard Green","L000504","1932-04-04",4,4,18536,50.7488021902806,"Silent","LUGAR",""
"16115",99,"1985-01-03","Senate","IN",200,"LUGAR, Richard Green","L000504","1932-04-04",5,5,19267,52.7501711156742,"Silent","LUGAR",""
"16116",100,"1987-01-03","Senate","IN",200,"LUGAR, Richard Green","L000504","1932-04-04",6,6,19997,54.7488021902806,"Silent","LUGAR",""
"16117",101,"1989-01-03","Senate","IN",200,"LUGAR, Richard Green","L000504","1932-04-04",7,7,20728,56.7501711156742,"Silent","LUGAR",""
"16118",102,"1991-01-03","Senate","IN",200,"LUGAR, Richard Green","L000504","1932-04-04",8,8,21458,58.7488021902806,"Silent","LUGAR",""
"16119",103,"1993-01-03","Senate","IN",200,"LUGAR, Richard Green","L000504","1932-04-04",9,9,22189,60.7501711156742,"Silent","LUGAR",""
"16120",104,"1995-01-03","Senate","IN",200,"LUGAR, Richard Green","L000504","1932-04-04",10,10,22919,62.7488021902806,"Silent","LUGAR",""
"16121",105,"1997-01-03","Senate","IN",200,"LUGAR, Richard Green","L000504","1932-04-04",11,11,23650,64.7501711156742,"Silent","LUGAR",""
"16122",106,"1999-01-03","Senate","IN",200,"LUGAR, Richard Green","L000504","1932-04-04",12,12,24380,66.7488021902806,"Silent","LUGAR",""
"16123",107,"2001-01-03","Senate","IN",200,"LUGAR, Richard Green","L000504","1932-04-04",13,13,25111,68.7501711156742,"Silent","LUGAR",""
"16124",108,"2003-01-03","Senate","IN",200,"LUGAR, Richard Green","L000504","1932-04-04",14,14,25841,70.7488021902806,"Silent","LUGAR",""
"16125",109,"2005-01-03","Senate","IN",200,"LUGAR, Richard Green","L000504","1932-04-04",15,15,26572,72.7501711156742,"Silent","LUGAR",""
"16126",110,"2007-01-03","Senate","IN",200,"LUGAR, Richard Green","L000504","1932-04-04",16,16,27302,74.7488021902806,"Silent","LUGAR",""
"16127",111,"2009-01-03","Senate","IN",200,"LUGAR, Richard Green","L000504","1932-04-04",17,17,28033,76.7501711156742,"Silent","LUGAR",""
"16128",112,"2011-01-03","Senate","IN",200,"LUGAR, Richard Green","L000504","1932-04-04",18,18,28763,78.7488021902806,"Silent","LUGAR",""
"16154",77,"1941-01-03","Senate","SC",100,"LUMPKIN, Alva Moore","L000510","1886-11-13",1,1,19774,54.1382614647502,"Lost","LUMPKIN",""
"16157",75,"1937-01-03","Senate","MN",537,"LUNDEEN, Ernest","L000514","1878-08-04",4,1,21336,58.4147843942505,"Missionary","LUNDEEN",""
"16158",76,"1939-01-03","Senate","MN",537,"LUNDEEN, Ernest","L000514","1878-08-04",5,2,22066,60.413415468857,"Missionary","LUNDEEN",""
"16175",86,"1959-01-03","Senate","OR",100,"LUSK, Hall Stoner","L000520","1883-09-21",1,1,27497,75.2826830937714,"Lost","LUSK",""
"16196",105,"1997-01-03","Senate","LA",100,"LANDRIEU, Mary L.","L000550","1955-11-23",1,1,15017,41.1143052703628,"Boomers","LANDRIEU",""
"16197",106,"1999-01-03","Senate","LA",100,"LANDRIEU, Mary L.","L000550","1955-11-23",2,2,15747,43.1129363449692,"Boomers","LANDRIEU",""
"16198",107,"2001-01-03","Senate","LA",100,"LANDRIEU, Mary L.","L000550","1955-11-23",3,3,16478,45.1143052703628,"Boomers","LANDRIEU",""
"16199",108,"2003-01-03","Senate","LA",100,"LANDRIEU, Mary L.","L000550","1955-11-23",4,4,17208,47.1129363449692,"Boomers","LANDRIEU",""
"16200",109,"2005-01-03","Senate","LA",100,"LANDRIEU, Mary L.","L000550","1955-11-23",5,5,17939,49.1143052703628,"Boomers","LANDRIEU",""
"16201",110,"2007-01-03","Senate","LA",100,"LANDRIEU, Mary L.","L000550","1955-11-23",6,6,18669,51.1129363449692,"Boomers","LANDRIEU",""
"16202",111,"2009-01-03","Senate","LA",100,"LANDRIEU, Mary L.","L000550","1955-11-23",7,7,19400,53.1143052703628,"Boomers","LANDRIEU",""
"16203",112,"2011-01-03","Senate","LA",100,"LANDRIEU, Mary L.","L000550","1955-11-23",8,8,20130,55.1129363449692,"Boomers","LANDRIEU",""
"16204",113,"2013-01-03","Senate","LA",100,"LANDRIEU, Mary L.","L000550","1955-11-23",9,9,20861,57.1143052703628,"Boomers","LANDRIEU",""
"16367",117,"2021-01-03","Senate","NM",100,"LUJÁN, Ben Ray","L000570","1972-06-07",7,1,17742,48.5749486652977,"Gen X","LUJÁN",""
"16368",118,"2023-01-03","Senate","NM",100,"LUJÁN, Ben Ray","L000570","1972-06-07",8,2,18472,50.5735797399042,"Gen X","LUJÁN",""
"16373",117,"2021-01-03","Senate","WY",200,"LUMMIS, Cynthia M.","L000571","1954-09-10",5,1,24222,66.3162217659138,"Boomers","LUMMIS",""
"16374",118,"2023-01-03","Senate","WY",200,"LUMMIS, Cynthia M.","L000571","1954-09-10",6,2,24952,68.3148528405202,"Boomers","LUMMIS",""
"16375",111,"2009-01-03","Senate","FL",200,"LEMIEUX, George S.","L000572","1969-05-21",1,1,14472,39.6221765913758,"Gen X","LEMIEUX",""
"16383",114,"2015-01-03","Senate","OK",200,"LANKFORD, James","L000575","1968-03-04",3,1,17106,46.8336755646817,"Gen X","LANKFORD",""
"16384",115,"2017-01-03","Senate","OK",200,"LANKFORD, James","L000575","1968-03-04",4,2,17837,48.8350444900753,"Gen X","LANKFORD",""
"16385",116,"2019-01-03","Senate","OK",200,"LANKFORD, James","L000575","1968-03-04",5,3,18567,50.8336755646817,"Gen X","LANKFORD",""
"16386",117,"2021-01-03","Senate","OK",200,"LANKFORD, James","L000575","1968-03-04",6,4,19298,52.8350444900753,"Gen X","LANKFORD",""
"16387",118,"2023-01-03","Senate","OK",200,"LANKFORD, James","L000575","1968-03-04",7,5,20028,54.8336755646817,"Gen X","LANKFORD",""
"16394",112,"2011-01-03","Senate","UT",200,"LEE, Mike","L000577","1971-06-04",1,1,14458,39.5838466803559,"Gen X","LEE",""
"16395",113,"2013-01-03","Senate","UT",200,"LEE, Mike","L000577","1971-06-04",2,2,15189,41.5852156057495,"Gen X","LEE",""
"16396",114,"2015-01-03","Senate","UT",200,"LEE, Mike","L000577","1971-06-04",3,3,15919,43.5838466803559,"Gen X","LEE",""
"16397",115,"2017-01-03","Senate","UT",200,"LEE, Mike","L000577","1971-06-04",4,4,16650,45.5852156057495,"Gen X","LEE",""
"16398",116,"2019-01-03","Senate","UT",200,"LEE, Mike","L000577","1971-06-04",5,5,17380,47.5838466803559,"Gen X","LEE",""
"16399",117,"2021-01-03","Senate","UT",200,"LEE, Mike","L000577","1971-06-04",6,6,18111,49.5852156057495,"Gen X","LEE",""
"16400",118,"2023-01-03","Senate","UT",200,"LEE, Mike","L000577","1971-06-04",7,7,18841,51.5838466803559,"Gen X","LEE",""
"16457",116,"2019-01-03","Senate","GA",200,"LOEFFLER, Kelly","L000594","1970-11-27",1,1,17569,48.1013004791239,"Gen X","LOEFFLER",""
"16458",117,"2021-01-03","Senate","GA",200,"LOEFFLER, Kelly","L000594","1970-11-27",2,2,18300,50.1026694045175,"Gen X","LOEFFLER",""
"16516",101,"1989-01-03","Senate","FL",200,"MACK, Connie, III","M000019","1940-10-29",4,1,17598,48.1806981519507,"Silent","MACK",""
"16517",102,"1991-01-03","Senate","FL",200,"MACK, Connie, III","M000019","1940-10-29",5,2,18328,50.1793292265572,"Silent","MACK",""
"16518",103,"1993-01-03","Senate","FL",200,"MACK, Connie, III","M000019","1940-10-29",6,3,19059,52.1806981519507,"Silent","MACK",""
"16519",104,"1995-01-03","Senate","FL",200,"MACK, Connie, III","M000019","1940-10-29",7,4,19789,54.1793292265572,"Silent","MACK",""
"16520",105,"1997-01-03","Senate","FL",200,"MACK, Connie, III","M000019","1940-10-29",8,5,20520,56.1806981519507,"Silent","MACK",""
"16521",106,"1999-01-03","Senate","FL",200,"MACK, Connie, III","M000019","1940-10-29",9,6,21250,58.1793292265572,"Silent","MACK",""
"16596",79,"1945-01-03","Senate","WA",100,"MAGNUSON, Warren Grant","M000053","1905-04-12",5,1,14511,39.7289527720739,"Greatest","MAGNUSON",""
"16597",80,"1947-01-03","Senate","WA",100,"MAGNUSON, Warren Grant","M000053","1905-04-12",6,2,15241,41.7275838466804,"Greatest","MAGNUSON",""
"16598",81,"1949-01-03","Senate","WA",100,"MAGNUSON, Warren Grant","M000053","1905-04-12",7,3,15972,43.7289527720739,"Greatest","MAGNUSON",""
"16599",82,"1951-01-03","Senate","WA",100,"MAGNUSON, Warren Grant","M000053","1905-04-12",8,4,16702,45.7275838466804,"Greatest","MAGNUSON",""
"16600",83,"1953-01-03","Senate","WA",100,"MAGNUSON, Warren Grant","M000053","1905-04-12",9,5,17433,47.7289527720739,"Greatest","MAGNUSON",""
"16601",84,"1955-01-03","Senate","WA",100,"MAGNUSON, Warren Grant","M000053","1905-04-12",10,6,18163,49.7275838466804,"Greatest","MAGNUSON",""
"16602",85,"1957-01-03","Senate","WA",100,"MAGNUSON, Warren Grant","M000053","1905-04-12",11,7,18894,51.7289527720739,"Greatest","MAGNUSON",""
"16603",86,"1959-01-03","Senate","WA",100,"MAGNUSON, Warren Grant","M000053","1905-04-12",12,8,19624,53.7275838466804,"Greatest","MAGNUSON",""
"16604",87,"1961-01-03","Senate","WA",100,"MAGNUSON, Warren Grant","M000053","1905-04-12",13,9,20355,55.7289527720739,"Greatest","MAGNUSON",""
"16605",88,"1963-01-03","Senate","WA",100,"MAGNUSON, Warren Grant","M000053","1905-04-12",14,10,21085,57.7275838466804,"Greatest","MAGNUSON",""
"16606",89,"1965-01-03","Senate","WA",100,"MAGNUSON, Warren Grant","M000053","1905-04-12",15,11,21816,59.7289527720739,"Greatest","MAGNUSON",""
"16607",90,"1967-01-03","Senate","WA",100,"MAGNUSON, Warren Grant","M000053","1905-04-12",16,12,22546,61.7275838466804,"Greatest","MAGNUSON",""
"16608",91,"1969-01-03","Senate","WA",100,"MAGNUSON, Warren Grant","M000053","1905-04-12",17,13,23277,63.7289527720739,"Greatest","MAGNUSON",""
"16609",92,"1971-01-03","Senate","WA",100,"MAGNUSON, Warren Grant","M000053","1905-04-12",18,14,24007,65.7275838466804,"Greatest","MAGNUSON",""
"16610",93,"1973-01-03","Senate","WA",100,"MAGNUSON, Warren Grant","M000053","1905-04-12",19,15,24738,67.7289527720739,"Greatest","MAGNUSON",""
"16611",94,"1975-01-03","Senate","WA",100,"MAGNUSON, Warren Grant","M000053","1905-04-12",20,16,25468,69.7275838466804,"Greatest","MAGNUSON",""
"16612",95,"1977-01-03","Senate","WA",100,"MAGNUSON, Warren Grant","M000053","1905-04-12",21,17,26199,71.7289527720739,"Greatest","MAGNUSON",""
"16613",96,"1979-01-03","Senate","WA",100,"MAGNUSON, Warren Grant","M000053","1905-04-12",22,18,26929,73.7275838466804,"Greatest","MAGNUSON",""
"16669",80,"1947-01-03","Senate","NV",200,"MALONE, George Wilson","M000086","1890-08-07",1,1,20602,56.4052019164955,"Lost","MALONE",""
"16670",81,"1949-01-03","Senate","NV",200,"MALONE, George Wilson","M000086","1890-08-07",2,2,21333,58.4065708418891,"Lost","MALONE",""
"16671",82,"1951-01-03","Senate","NV",200,"MALONE, George Wilson","M000086","1890-08-07",3,3,22063,60.4052019164955,"Lost","MALONE",""
"16672",83,"1953-01-03","Senate","NV",200,"MALONE, George Wilson","M000086","1890-08-07",4,4,22794,62.4065708418891,"Lost","MALONE",""
"16673",84,"1955-01-03","Senate","NV",200,"MALONE, George Wilson","M000086","1890-08-07",5,5,23524,64.4052019164956,"Lost","MALONE",""
"16674",85,"1957-01-03","Senate","NV",200,"MALONE, George Wilson","M000086","1890-08-07",6,6,24255,66.4065708418891,"Lost","MALONE",""
"16691",74,"1935-01-03","Senate","CT",100,"MALONEY, Francis Thomas","M000088","1894-03-31",2,1,14887,40.7583846680356,"Lost","MALONEY",""
"16692",75,"1937-01-03","Senate","CT",100,"MALONEY, Francis Thomas","M000088","1894-03-31",3,2,15618,42.7597535934292,"Lost","MALONEY",""
"16693",76,"1939-01-03","Senate","CT",100,"MALONEY, Francis Thomas","M000088","1894-03-31",4,3,16348,44.7583846680356,"Lost","MALONEY",""
"16694",77,"1941-01-03","Senate","CT",100,"MALONEY, Francis Thomas","M000088","1894-03-31",5,4,17079,46.7597535934292,"Lost","MALONEY",""
"16695",78,"1943-01-03","Senate","CT",100,"MALONEY, Francis Thomas","M000088","1894-03-31",6,5,17809,48.7583846680356,"Lost","MALONEY",""
"16696",79,"1945-01-03","Senate","CT",100,"MALONEY, Francis Thomas","M000088","1894-03-31",7,6,18540,50.7597535934292,"Lost","MALONEY",""
"16748",83,"1953-01-03","Senate","MT",100,"MANSFIELD, Michael Joseph (Mike)","M000113","1903-03-16",6,1,18191,49.8042436687201,"Greatest","MANSFIELD",""
"16749",84,"1955-01-03","Senate","MT",100,"MANSFIELD, Michael Joseph (Mike)","M000113","1903-03-16",7,2,18921,51.8028747433265,"Greatest","MANSFIELD",""
"16750",85,"1957-01-03","Senate","MT",100,"MANSFIELD, Michael Joseph (Mike)","M000113","1903-03-16",8,3,19652,53.8042436687201,"Greatest","MANSFIELD",""
"16751",86,"1959-01-03","Senate","MT",100,"MANSFIELD, Michael Joseph (Mike)","M000113","1903-03-16",9,4,20382,55.8028747433265,"Greatest","MANSFIELD",""
"16752",87,"1961-01-03","Senate","MT",100,"MANSFIELD, Michael Joseph (Mike)","M000113","1903-03-16",10,5,21113,57.80424366872,"Greatest","MANSFIELD",""
"16753",88,"1963-01-03","Senate","MT",100,"MANSFIELD, Michael Joseph (Mike)","M000113","1903-03-16",11,6,21843,59.8028747433265,"Greatest","MANSFIELD",""
"16754",89,"1965-01-03","Senate","MT",100,"MANSFIELD, Michael Joseph (Mike)","M000113","1903-03-16",12,7,22574,61.80424366872,"Greatest","MANSFIELD",""
"16755",90,"1967-01-03","Senate","MT",100,"MANSFIELD, Michael Joseph (Mike)","M000113","1903-03-16",13,8,23304,63.8028747433265,"Greatest","MANSFIELD",""
"16756",91,"1969-01-03","Senate","MT",100,"MANSFIELD, Michael Joseph (Mike)","M000113","1903-03-16",14,9,24035,65.80424366872,"Greatest","MANSFIELD",""
"16757",92,"1971-01-03","Senate","MT",100,"MANSFIELD, Michael Joseph (Mike)","M000113","1903-03-16",15,10,24765,67.8028747433265,"Greatest","MANSFIELD",""
"16758",93,"1973-01-03","Senate","MT",100,"MANSFIELD, Michael Joseph (Mike)","M000113","1903-03-16",16,11,25496,69.80424366872,"Greatest","MANSFIELD",""
"16759",94,"1975-01-03","Senate","MT",100,"MANSFIELD, Michael Joseph (Mike)","M000113","1903-03-16",17,12,26226,71.8028747433265,"Greatest","MANSFIELD",""
"16806",113,"2013-01-03","Senate","MA",100,"MARKEY, Edward John","M000133","1946-07-11",20,1,24283,66.4832306639288,"Boomers","MARKEY",""
"16807",114,"2015-01-03","Senate","MA",100,"MARKEY, Edward John","M000133","1946-07-11",21,2,25013,68.4818617385352,"Boomers","MARKEY",""
"16808",115,"2017-01-03","Senate","MA",100,"MARKEY, Edward John","M000133","1946-07-11",22,3,25744,70.4832306639288,"Boomers","MARKEY",""
"16809",116,"2019-01-03","Senate","MA",100,"MARKEY, Edward John","M000133","1946-07-11",23,4,26474,72.4818617385352,"Boomers","MARKEY",""
"16810",117,"2021-01-03","Senate","MA",100,"MARKEY, Edward John","M000133","1946-07-11",24,5,27205,74.4832306639288,"Boomers","MARKEY",""
"16811",118,"2023-01-03","Senate","MA",100,"MARKEY, Edward John","M000133","1946-07-11",25,6,27935,76.4818617385352,"Boomers","MARKEY",""
"16858",80,"1947-01-03","Senate","PA",200,"MARTIN, Edward","M000177","1879-09-18",1,1,24578,67.2908966461328,"Missionary","MARTIN",""
"16859",81,"1949-01-03","Senate","PA",200,"MARTIN, Edward","M000177","1879-09-18",2,2,25309,69.2922655715264,"Missionary","MARTIN",""
"16860",82,"1951-01-03","Senate","PA",200,"MARTIN, Edward","M000177","1879-09-18",3,3,26039,71.2908966461328,"Missionary","MARTIN",""
"16861",83,"1953-01-03","Senate","PA",200,"MARTIN, Edward","M000177","1879-09-18",4,4,26770,73.2922655715264,"Missionary","MARTIN",""
"16862",84,"1955-01-03","Senate","PA",200,"MARTIN, Edward","M000177","1879-09-18",5,5,27500,75.2908966461328,"Missionary","MARTIN",""
"16863",85,"1957-01-03","Senate","PA",200,"MARTIN, Edward","M000177","1879-09-18",6,6,28231,77.2922655715264,"Missionary","MARTIN",""
"16913",84,"1955-01-03","Senate","IA",200,"MARTIN, Thomas Ellsworth","M000199","1893-01-18",9,1,22629,61.9548254620123,"Lost","MARTIN",""
"16914",85,"1957-01-03","Senate","IA",200,"MARTIN, Thomas Ellsworth","M000199","1893-01-18",10,2,23360,63.9561943874059,"Lost","MARTIN",""
"16915",86,"1959-01-03","Senate","IA",200,"MARTIN, Thomas Ellsworth","M000199","1893-01-18",11,3,24090,65.9548254620123,"Lost","MARTIN",""
"16916",66,"1919-03-04","Senate","VA",100,"MARTIN, Thomas Staples","M000200","1847-07-29",13,13,26150,71.5947980835044,"Progressive","MARTIN",""
"16960",102,"1991-01-03","Senate","TN",100,"MATHEWS, Harlan","M000236","1927-01-17",1,1,23362,63.9616700889801,"Greatest","MATHEWS",""
"16961",103,"1993-01-03","Senate","TN",100,"MATHEWS, Harlan","M000236","1927-01-17",2,2,24093,65.9630390143737,"Greatest","MATHEWS",""
"16966",91,"1969-01-03","Senate","MD",200,"MATHIAS, Charles McCurdy, Jr.","M000241","1922-07-24",5,1,16965,46.4476386036961,"Greatest","MATHIAS",""
"16967",92,"1971-01-03","Senate","MD",200,"MATHIAS, Charles McCurdy, Jr.","M000241","1922-07-24",6,2,17695,48.4462696783025,"Greatest","MATHIAS",""
"16968",93,"1973-01-03","Senate","MD",200,"MATHIAS, Charles McCurdy, Jr.","M000241","1922-07-24",7,3,18426,50.4476386036961,"Greatest","MATHIAS",""
"16969",94,"1975-01-03","Senate","MD",200,"MATHIAS, Charles McCurdy, Jr.","M000241","1922-07-24",8,4,19156,52.4462696783025,"Greatest","MATHIAS",""
"16970",95,"1977-01-03","Senate","MD",200,"MATHIAS, Charles McCurdy, Jr.","M000241","1922-07-24",9,5,19887,54.4476386036961,"Greatest","MATHIAS",""
"16971",96,"1979-01-03","Senate","MD",200,"MATHIAS, Charles McCurdy, Jr.","M000241","1922-07-24",10,6,20617,56.4462696783025,"Greatest","MATHIAS",""
"16972",97,"1981-01-03","Senate","MD",200,"MATHIAS, Charles McCurdy, Jr.","M000241","1922-07-24",11,7,21348,58.4476386036961,"Greatest","MATHIAS",""
"16973",98,"1983-01-03","Senate","MD",200,"MATHIAS, Charles McCurdy, Jr.","M000241","1922-07-24",12,8,22078,60.4462696783025,"Greatest","MATHIAS",""
"16974",99,"1985-01-03","Senate","MD",200,"MATHIAS, Charles McCurdy, Jr.","M000241","1922-07-24",13,9,22809,62.4476386036961,"Greatest","MATHIAS",""
"17004",95,"1977-01-03","Senate","HI",100,"MATSUNAGA, Spark Masayuki","M000250","1916-10-08",8,1,22002,60.2381930184805,"Greatest","MATSUNAGA",""
"17005",96,"1979-01-03","Senate","HI",100,"MATSUNAGA, Spark Masayuki","M000250","1916-10-08",9,2,22732,62.2368240930869,"Greatest","MATSUNAGA",""
"17006",97,"1981-01-03","Senate","HI",100,"MATSUNAGA, Spark Masayuki","M000250","1916-10-08",10,3,23463,64.2381930184805,"Greatest","MATSUNAGA",""
"17007",98,"1983-01-03","Senate","HI",100,"MATSUNAGA, Spark Masayuki","M000250","1916-10-08",11,4,24193,66.2368240930869,"Greatest","MATSUNAGA",""
"17008",99,"1985-01-03","Senate","HI",100,"MATSUNAGA, Spark Masayuki","M000250","1916-10-08",12,5,24924,68.2381930184805,"Greatest","MATSUNAGA",""
"17009",100,"1987-01-03","Senate","HI",100,"MATSUNAGA, Spark Masayuki","M000250","1916-10-08",13,6,25654,70.2368240930869,"Greatest","MATSUNAGA",""
"17010",101,"1989-01-03","Senate","HI",100,"MATSUNAGA, Spark Masayuki","M000250","1916-10-08",14,7,26385,72.2381930184805,"Greatest","MATSUNAGA",""
"17018",97,"1981-01-03","Senate","GA",200,"MATTINGLY, Mack Francis","M000257","1931-01-07",1,1,18259,49.990417522245,"Silent","MATTINGLY",""
"17019",98,"1983-01-03","Senate","GA",200,"MATTINGLY, Mack Francis","M000257","1931-01-07",2,2,18989,51.9890485968515,"Silent","MATTINGLY",""
"17020",99,"1985-01-03","Senate","GA",200,"MATTINGLY, Mack Francis","M000257","1931-01-07",3,3,19720,53.990417522245,"Silent","MATTINGLY",""
"17048",77,"1941-01-03","Senate","SC",100,"MAYBANK, Burnet Rhett","M000279","1899-03-07",1,1,15277,41.8261464750171,"Lost","MAYBANK",""
"17049",78,"1943-01-03","Senate","SC",100,"MAYBANK, Burnet Rhett","M000279","1899-03-07",2,2,16007,43.8247775496235,"Lost","MAYBANK",""
"17050",79,"1945-01-03","Senate","SC",100,"MAYBANK, Burnet Rhett","M000279","1899-03-07",3,3,16738,45.8261464750171,"Lost","MAYBANK",""
"17051",80,"1947-01-03","Senate","SC",100,"MAYBANK, Burnet Rhett","M000279","1899-03-07",4,4,17468,47.8247775496235,"Lost","MAYBANK",""
"17052",81,"1949-01-03","Senate","SC",100,"MAYBANK, Burnet Rhett","M000279","1899-03-07",5,5,18199,49.8261464750171,"Lost","MAYBANK",""
"17053",82,"1951-01-03","Senate","SC",100,"MAYBANK, Burnet Rhett","M000279","1899-03-07",6,6,18929,51.8247775496235,"Lost","MAYBANK",""
"17054",83,"1953-01-03","Senate","SC",100,"MAYBANK, Burnet Rhett","M000279","1899-03-07",7,7,19660,53.8261464750171,"Lost","MAYBANK",""
"17055",68,"1923-03-04","Senate","TX",100,"MAYFIELD, Earle Bradford","M000281","1881-04-12",1,1,15300,41.8891170431211,"Missionary","MAYFIELD",""
"17056",69,"1925-03-04","Senate","TX",100,"MAYFIELD, Earle Bradford","M000281","1881-04-12",2,2,16031,43.8904859685147,"Missionary","MAYFIELD",""
"17057",70,"1927-03-04","Senate","TX",100,"MAYFIELD, Earle Bradford","M000281","1881-04-12",3,3,16761,45.8891170431211,"Missionary","MAYFIELD",""
"17075",73,"1933-03-04","Senate","CA",100,"McADOO, William Gibbs","M000293","1863-10-31",1,1,25326,69.3388090349076,"Missionary","McADOO",""
"17076",74,"1935-01-03","Senate","CA",100,"McADOO, William Gibbs","M000293","1863-10-31",2,2,25996,71.1731690622861,"Missionary","McADOO",""
"17077",75,"1937-01-03","Senate","CA",100,"McADOO, William Gibbs","M000293","1863-10-31",3,3,26727,73.1745379876797,"Missionary","McADOO",""
"17088",100,"1987-01-03","Senate","AZ",200,"McCAIN, John Sidney, III","M000303","1936-08-29",3,1,18389,50.3463381245722,"Silent","McCAIN",""
"17089",101,"1989-01-03","Senate","AZ",200,"McCAIN, John Sidney, III","M000303","1936-08-29",4,2,19120,52.3477070499658,"Silent","McCAIN",""
"17090",102,"1991-01-03","Senate","AZ",200,"McCAIN, John Sidney, III","M000303","1936-08-29",5,3,19850,54.3463381245722,"Silent","McCAIN",""
"17091",103,"1993-01-03","Senate","AZ",200,"McCAIN, John Sidney, III","M000303","1936-08-29",6,4,20581,56.3477070499658,"Silent","McCAIN",""
"17092",104,"1995-01-03","Senate","AZ",200,"McCAIN, John Sidney, III","M000303","1936-08-29",7,5,21311,58.3463381245722,"Silent","McCAIN",""
"17093",105,"1997-01-03","Senate","AZ",200,"McCAIN, John Sidney, III","M000303","1936-08-29",8,6,22042,60.3477070499658,"Silent","McCAIN",""
"17094",106,"1999-01-03","Senate","AZ",200,"McCAIN, John Sidney, III","M000303","1936-08-29",9,7,22772,62.3463381245722,"Silent","McCAIN",""
"17095",107,"2001-01-03","Senate","AZ",200,"McCAIN, John Sidney, III","M000303","1936-08-29",10,8,23503,64.3477070499658,"Silent","McCAIN",""
"17096",108,"2003-01-03","Senate","AZ",200,"McCAIN, John Sidney, III","M000303","1936-08-29",11,9,24233,66.3463381245722,"Silent","McCAIN",""
"17097",109,"2005-01-03","Senate","AZ",200,"McCAIN, John Sidney, III","M000303","1936-08-29",12,10,24964,68.3477070499658,"Silent","McCAIN",""
"17098",110,"2007-01-03","Senate","AZ",200,"McCAIN, John Sidney, III","M000303","1936-08-29",13,11,25694,70.3463381245722,"Silent","McCAIN",""
"17099",111,"2009-01-03","Senate","AZ",200,"McCAIN, John Sidney, III","M000303","1936-08-29",14,12,26425,72.3477070499658,"Silent","McCAIN",""
"17100",112,"2011-01-03","Senate","AZ",200,"McCAIN, John Sidney, III","M000303","1936-08-29",15,13,27155,74.3463381245722,"Silent","McCAIN",""
"17101",113,"2013-01-03","Senate","AZ",200,"McCAIN, John Sidney, III","M000303","1936-08-29",16,14,27886,76.3477070499658,"Silent","McCAIN",""
"17102",114,"2015-01-03","Senate","AZ",200,"McCAIN, John Sidney, III","M000303","1936-08-29",17,15,28616,78.3463381245722,"Silent","McCAIN",""
"17103",115,"2017-01-03","Senate","AZ",200,"McCAIN, John Sidney, III","M000303","1936-08-29",18,16,29347,80.3477070499658,"Silent","McCAIN",""
"17110",73,"1933-03-04","Senate","NV",100,"McCARRAN, Patrick Anthony (Pat)","M000308","1876-08-08",1,1,20661,56.5667351129363,"Missionary","McCARRAN",""
"17111",74,"1935-01-03","Senate","NV",100,"McCARRAN, Patrick Anthony (Pat)","M000308","1876-08-08",2,2,21331,58.4010951403149,"Missionary","McCARRAN",""
"17112",75,"1937-01-03","Senate","NV",100,"McCARRAN, Patrick Anthony (Pat)","M000308","1876-08-08",3,3,22062,60.4024640657084,"Missionary","McCARRAN",""
"17113",76,"1939-01-03","Senate","NV",100,"McCARRAN, Patrick Anthony (Pat)","M000308","1876-08-08",4,4,22792,62.4010951403149,"Missionary","McCARRAN",""
"17114",77,"1941-01-03","Senate","NV",100,"McCARRAN, Patrick Anthony (Pat)","M000308","1876-08-08",5,5,23523,64.4024640657084,"Missionary","McCARRAN",""
"17115",78,"1943-01-03","Senate","NV",100,"McCARRAN, Patrick Anthony (Pat)","M000308","1876-08-08",6,6,24253,66.4010951403149,"Missionary","McCARRAN",""
"17116",79,"1945-01-03","Senate","NV",100,"McCARRAN, Patrick Anthony (Pat)","M000308","1876-08-08",7,7,24984,68.4024640657084,"Missionary","McCARRAN",""
"17117",80,"1947-01-03","Senate","NV",100,"McCARRAN, Patrick Anthony (Pat)","M000308","1876-08-08",8,8,25714,70.4010951403149,"Missionary","McCARRAN",""
"17118",81,"1949-01-03","Senate","NV",100,"McCARRAN, Patrick Anthony (Pat)","M000308","1876-08-08",9,9,26445,72.4024640657084,"Missionary","McCARRAN",""
"17119",82,"1951-01-03","Senate","NV",100,"McCARRAN, Patrick Anthony (Pat)","M000308","1876-08-08",10,10,27175,74.4010951403149,"Missionary","McCARRAN",""
"17120",83,"1953-01-03","Senate","NV",100,"McCARRAN, Patrick Anthony (Pat)","M000308","1876-08-08",11,11,27906,76.4024640657084,"Missionary","McCARRAN",""
"17135",86,"1959-01-03","Senate","MN",100,"McCARTHY, Eugene Joseph","M000311","1916-03-29",6,1,15620,42.7652292950034,"Greatest","McCARTHY",""
"17136",87,"1961-01-03","Senate","MN",100,"McCARTHY, Eugene Joseph","M000311","1916-03-29",7,2,16351,44.766598220397,"Greatest","McCARTHY",""
"17137",88,"1963-01-03","Senate","MN",100,"McCARTHY, Eugene Joseph","M000311","1916-03-29",8,3,17081,46.7652292950034,"Greatest","McCARTHY",""
"17138",89,"1965-01-03","Senate","MN",100,"McCARTHY, Eugene Joseph","M000311","1916-03-29",9,4,17812,48.766598220397,"Greatest","McCARTHY",""
"17139",90,"1967-01-03","Senate","MN",100,"McCARTHY, Eugene Joseph","M000311","1916-03-29",10,5,18542,50.7652292950034,"Greatest","McCARTHY",""
"17140",91,"1969-01-03","Senate","MN",100,"McCARTHY, Eugene Joseph","M000311","1916-03-29",11,6,19273,52.766598220397,"Greatest","McCARTHY",""
"17155",80,"1947-01-03","Senate","WI",200,"McCARTHY, Joseph Raymond","M000315","1908-11-14",1,1,13929,38.135523613963,"Greatest","McCARTHY",""
"17156",81,"1949-01-03","Senate","WI",200,"McCARTHY, Joseph Raymond","M000315","1908-11-14",2,2,14660,40.1368925393566,"Greatest","McCARTHY",""
"17157",82,"1951-01-03","Senate","WI",200,"McCARTHY, Joseph Raymond","M000315","1908-11-14",3,3,15390,42.135523613963,"Greatest","McCARTHY",""
"17158",83,"1953-01-03","Senate","WI",200,"McCARTHY, Joseph Raymond","M000315","1908-11-14",4,4,16121,44.1368925393566,"Greatest","McCARTHY",""
"17159",84,"1955-01-03","Senate","WI",200,"McCARTHY, Joseph Raymond","M000315","1908-11-14",5,5,16851,46.135523613963,"Greatest","McCARTHY",""
"17160",85,"1957-01-03","Senate","WI",200,"McCARTHY, Joseph Raymond","M000315","1908-11-14",6,6,17582,48.1368925393566,"Greatest","McCARTHY",""
"17173",78,"1943-01-03","Senate","AR",100,"McCLELLAN, John Little","M000332","1896-02-25",3,1,17113,46.8528405201916,"Lost","McCLELLAN",""
"17174",79,"1945-01-03","Senate","AR",100,"McCLELLAN, John Little","M000332","1896-02-25",4,2,17844,48.8542094455852,"Lost","McCLELLAN",""
"17175",80,"1947-01-03","Senate","AR",100,"McCLELLAN, John Little","M000332","1896-02-25",5,3,18574,50.8528405201916,"Lost","McCLELLAN",""
"17176",81,"1949-01-03","Senate","AR",100,"McCLELLAN, John Little","M000332","1896-02-25",6,4,19305,52.8542094455852,"Lost","McCLELLAN",""
"17177",82,"1951-01-03","Senate","AR",100,"McCLELLAN, John Little","M000332","1896-02-25",7,5,20035,54.8528405201916,"Lost","McCLELLAN",""
"17178",83,"1953-01-03","Senate","AR",100,"McCLELLAN, John Little","M000332","1896-02-25",8,6,20766,56.8542094455852,"Lost","McCLELLAN",""
"17179",84,"1955-01-03","Senate","AR",100,"McCLELLAN, John Little","M000332","1896-02-25",9,7,21496,58.8528405201916,"Lost","McCLELLAN",""
"17180",85,"1957-01-03","Senate","AR",100,"McCLELLAN, John Little","M000332","1896-02-25",10,8,22227,60.8542094455852,"Lost","McCLELLAN",""
"17181",86,"1959-01-03","Senate","AR",100,"McCLELLAN, John Little","M000332","1896-02-25",11,9,22957,62.8528405201916,"Lost","McCLELLAN",""
"17182",87,"1961-01-03","Senate","AR",100,"McCLELLAN, John Little","M000332","1896-02-25",12,10,23688,64.8542094455852,"Lost","McCLELLAN",""
"17183",88,"1963-01-03","Senate","AR",100,"McCLELLAN, John Little","M000332","1896-02-25",13,11,24418,66.8528405201916,"Lost","McCLELLAN",""
"17184",89,"1965-01-03","Senate","AR",100,"McCLELLAN, John Little","M000332","1896-02-25",14,12,25149,68.8542094455852,"Lost","McCLELLAN",""
"17185",90,"1967-01-03","Senate","AR",100,"McCLELLAN, John Little","M000332","1896-02-25",15,13,25879,70.8528405201916,"Lost","McCLELLAN",""
"17186",91,"1969-01-03","Senate","AR",100,"McCLELLAN, John Little","M000332","1896-02-25",16,14,26610,72.8542094455852,"Lost","McCLELLAN",""
"17187",92,"1971-01-03","Senate","AR",100,"McCLELLAN, John Little","M000332","1896-02-25",17,15,27340,74.8528405201916,"Lost","McCLELLAN",""
"17188",93,"1973-01-03","Senate","AR",100,"McCLELLAN, John Little","M000332","1896-02-25",18,16,28071,76.8542094455852,"Lost","McCLELLAN",""
"17189",94,"1975-01-03","Senate","AR",100,"McCLELLAN, John Little","M000332","1896-02-25",19,17,28801,78.8528405201916,"Lost","McCLELLAN",""
"17190",95,"1977-01-03","Senate","AR",100,"McCLELLAN, John Little","M000332","1896-02-25",20,18,29532,80.8542094455852,"Lost","McCLELLAN",""
"17229",93,"1973-01-03","Senate","ID",200,"McCLURE, James Albertus","M000346","1924-12-27",4,1,17539,48.0191649555099,"Greatest","McCLURE",""
"17230",94,"1975-01-03","Senate","ID",200,"McCLURE, James Albertus","M000346","1924-12-27",5,2,18269,50.0177960301164,"Greatest","McCLURE",""
"17231",95,"1977-01-03","Senate","ID",200,"McCLURE, James Albertus","M000346","1924-12-27",6,3,19000,52.0191649555099,"Greatest","McCLURE",""
"17232",96,"1979-01-03","Senate","ID",200,"McCLURE, James Albertus","M000346","1924-12-27",7,4,19730,54.0177960301164,"Greatest","McCLURE",""
"17233",97,"1981-01-03","Senate","ID",200,"McCLURE, James Albertus","M000346","1924-12-27",8,5,20461,56.0191649555099,"Greatest","McCLURE",""
"17234",98,"1983-01-03","Senate","ID",200,"McCLURE, James Albertus","M000346","1924-12-27",9,6,21191,58.0177960301164,"Greatest","McCLURE",""
"17235",99,"1985-01-03","Senate","ID",200,"McCLURE, James Albertus","M000346","1924-12-27",10,7,21922,60.0191649555099,"Greatest","McCLURE",""
"17236",100,"1987-01-03","Senate","ID",200,"McCLURE, James Albertus","M000346","1924-12-27",11,8,22652,62.0177960301164,"Greatest","McCLURE",""
"17237",101,"1989-01-03","Senate","ID",200,"McCLURE, James Albertus","M000346","1924-12-27",12,9,23383,64.0191649555099,"Greatest","McCLURE",""
"17259",99,"1985-01-03","Senate","KY",200,"McCONNELL, Addison Mitchell (Mitch)","M000355","1942-02-20",1,1,15658,42.8692676249144,"Silent","McCONNELL",""
"17260",100,"1987-01-03","Senate","KY",200,"McCONNELL, Addison Mitchell (Mitch)","M000355","1942-02-20",2,2,16388,44.8678986995209,"Silent","McCONNELL",""
"17261",101,"1989-01-03","Senate","KY",200,"McCONNELL, Addison Mitchell (Mitch)","M000355","1942-02-20",3,3,17119,46.8692676249144,"Silent","McCONNELL",""
"17262",102,"1991-01-03","Senate","KY",200,"McCONNELL, Addison Mitchell (Mitch)","M000355","1942-02-20",4,4,17849,48.8678986995209,"Silent","McCONNELL",""
"17263",103,"1993-01-03","Senate","KY",200,"McCONNELL, Addison Mitchell (Mitch)","M000355","1942-02-20",5,5,18580,50.8692676249144,"Silent","McCONNELL",""
"17264",104,"1995-01-03","Senate","KY",200,"McCONNELL, Addison Mitchell (Mitch)","M000355","1942-02-20",6,6,19310,52.8678986995209,"Silent","McCONNELL",""
"17265",105,"1997-01-03","Senate","KY",200,"McCONNELL, Addison Mitchell (Mitch)","M000355","1942-02-20",7,7,20041,54.8692676249144,"Silent","McCONNELL",""
"17266",106,"1999-01-03","Senate","KY",200,"McCONNELL, Addison Mitchell (Mitch)","M000355","1942-02-20",8,8,20771,56.8678986995209,"Silent","McCONNELL",""
"17267",107,"2001-01-03","Senate","KY",200,"McCONNELL, Addison Mitchell (Mitch)","M000355","1942-02-20",9,9,21502,58.8692676249144,"Silent","McCONNELL",""
"17268",108,"2003-01-03","Senate","KY",200,"McCONNELL, Addison Mitchell (Mitch)","M000355","1942-02-20",10,10,22232,60.8678986995209,"Silent","McCONNELL",""
"17269",109,"2005-01-03","Senate","KY",200,"McCONNELL, Addison Mitchell (Mitch)","M000355","1942-02-20",11,11,22963,62.8692676249144,"Silent","McCONNELL",""
"17270",110,"2007-01-03","Senate","KY",200,"McCONNELL, Addison Mitchell (Mitch)","M000355","1942-02-20",12,12,23693,64.8678986995209,"Silent","McCONNELL",""
"17271",111,"2009-01-03","Senate","KY",200,"McCONNELL, Addison Mitchell (Mitch)","M000355","1942-02-20",13,13,24424,66.8692676249144,"Silent","McCONNELL",""
"17272",112,"2011-01-03","Senate","KY",200,"McCONNELL, Addison Mitchell (Mitch)","M000355","1942-02-20",14,14,25154,68.8678986995209,"Silent","McCONNELL",""
"17273",113,"2013-01-03","Senate","KY",200,"McCONNELL, Addison Mitchell (Mitch)","M000355","1942-02-20",15,15,25885,70.8692676249144,"Silent","McCONNELL",""
"17274",114,"2015-01-03","Senate","KY",200,"McCONNELL, Addison Mitchell (Mitch)","M000355","1942-02-20",16,16,26615,72.8678986995209,"Silent","McCONNELL",""
"17275",115,"2017-01-03","Senate","KY",200,"McCONNELL, Addison Mitchell (Mitch)","M000355","1942-02-20",17,17,27346,74.8692676249144,"Silent","McCONNELL",""
"17276",116,"2019-01-03","Senate","KY",200,"McCONNELL, Addison Mitchell (Mitch)","M000355","1942-02-20",18,18,28076,76.8678986995209,"Silent","McCONNELL",""
"17277",117,"2021-01-03","Senate","KY",200,"McCONNELL, Addison Mitchell (Mitch)","M000355","1942-02-20",19,19,28807,78.8692676249144,"Silent","McCONNELL",""
"17278",118,"2023-01-03","Senate","KY",200,"McCONNELL, Addison Mitchell (Mitch)","M000355","1942-02-20",20,20,29537,80.8678986995209,"Silent","McCONNELL",""
"17307",66,"1919-03-04","Senate","IL",200,"McCORMICK, Joseph Medill","M000369","1877-05-16",2,1,15266,41.7960301163587,"Missionary","McCORMICK",""
"17308",67,"1921-03-04","Senate","IL",200,"McCORMICK, Joseph Medill","M000369","1877-05-16",3,2,15997,43.7973990417522,"Missionary","McCORMICK",""
"17309",68,"1923-03-04","Senate","IL",200,"McCORMICK, Joseph Medill","M000369","1877-05-16",4,3,16727,45.7960301163587,"Missionary","McCORMICK",""
"17327",71,"1929-03-04","Senate","OH",200,"McCULLOCH, Roscoe Conkling","M000392","1880-11-27",4,1,17628,48.2628336755647,"Missionary","McCULLOCH",""
"17341",66,"1919-03-04","Senate","ND",200,"McCUMBER, Porter James","M000397","1858-02-03",11,11,22308,61.0759753593429,"Progressive","McCUMBER",""
"17342",67,"1921-03-04","Senate","ND",200,"McCUMBER, Porter James","M000397","1858-02-03",12,12,23039,63.0773442847365,"Progressive","McCUMBER",""
"17448",77,"1941-01-03","Senate","AZ",100,"McFARLAND, Ernest William","M000438","1894-10-09",1,1,16887,46.2340862422998,"Lost","McFARLAND",""
"17449",78,"1943-01-03","Senate","AZ",100,"McFARLAND, Ernest William","M000438","1894-10-09",2,2,17617,48.2327173169062,"Lost","McFARLAND",""
"17450",79,"1945-01-03","Senate","AZ",100,"McFARLAND, Ernest William","M000438","1894-10-09",3,3,18348,50.2340862422998,"Lost","McFARLAND",""
"17451",80,"1947-01-03","Senate","AZ",100,"McFARLAND, Ernest William","M000438","1894-10-09",4,4,19078,52.2327173169062,"Lost","McFARLAND",""
"17452",81,"1949-01-03","Senate","AZ",100,"McFARLAND, Ernest William","M000438","1894-10-09",5,5,19809,54.2340862422998,"Lost","McFARLAND",""
"17453",82,"1951-01-03","Senate","AZ",100,"McFARLAND, Ernest William","M000438","1894-10-09",6,6,20539,56.2327173169062,"Lost","McFARLAND",""
"17458",86,"1959-01-03","Senate","WY",100,"McGEE, Gale William","M000445","1915-03-17",1,1,15998,43.8001368925394,"Greatest","McGEE",""
"17459",87,"1961-01-03","Senate","WY",100,"McGEE, Gale William","M000445","1915-03-17",2,2,16729,45.8015058179329,"Greatest","McGEE",""
"17460",88,"1963-01-03","Senate","WY",100,"McGEE, Gale William","M000445","1915-03-17",3,3,17459,47.8001368925394,"Greatest","McGEE",""
"17461",89,"1965-01-03","Senate","WY",100,"McGEE, Gale William","M000445","1915-03-17",4,4,18190,49.8015058179329,"Greatest","McGEE",""
"17462",90,"1967-01-03","Senate","WY",100,"McGEE, Gale William","M000445","1915-03-17",5,5,18920,51.8001368925394,"Greatest","McGEE",""
"17463",91,"1969-01-03","Senate","WY",100,"McGEE, Gale William","M000445","1915-03-17",6,6,19651,53.8015058179329,"Greatest","McGEE",""
"17464",92,"1971-01-03","Senate","WY",100,"McGEE, Gale William","M000445","1915-03-17",7,7,20381,55.8001368925394,"Greatest","McGEE",""
"17465",93,"1973-01-03","Senate","WY",100,"McGEE, Gale William","M000445","1915-03-17",8,8,21112,57.8015058179329,"Greatest","McGEE",""
"17466",94,"1975-01-03","Senate","WY",100,"McGEE, Gale William","M000445","1915-03-17",9,9,21842,59.8001368925394,"Greatest","McGEE",""
"17473",71,"1929-03-04","Senate","KS",100,"McGILL, George","M000447","1879-02-12",1,1,18282,50.0533880903491,"Missionary","McGILL",""
"17474",72,"1931-03-04","Senate","KS",100,"McGILL, George","M000447","1879-02-12",2,2,19012,52.0520191649555,"Missionary","McGILL",""
"17475",73,"1933-03-04","Senate","KS",100,"McGILL, George","M000447","1879-02-12",3,3,19743,54.0533880903491,"Missionary","McGILL",""
"17476",74,"1935-01-03","Senate","KS",100,"McGILL, George","M000447","1879-02-12",4,4,20413,55.8877481177276,"Missionary","McGILL",""
"17477",75,"1937-01-03","Senate","KS",100,"McGILL, George","M000447","1879-02-12",5,5,21144,57.8891170431211,"Missionary","McGILL",""
"17483",88,"1963-01-03","Senate","SD",100,"McGOVERN, George Stanley","M000452","1922-07-19",3,1,14778,40.4599589322382,"Greatest","McGOVERN",""
"17484",89,"1965-01-03","Senate","SD",100,"McGOVERN, George Stanley","M000452","1922-07-19",4,2,15509,42.4613278576318,"Greatest","McGOVERN",""
"17485",90,"1967-01-03","Senate","SD",100,"McGOVERN, George Stanley","M000452","1922-07-19",5,3,16239,44.4599589322382,"Greatest","McGOVERN",""
"17486",91,"1969-01-03","Senate","SD",100,"McGOVERN, George Stanley","M000452","1922-07-19",6,4,16970,46.4613278576318,"Greatest","McGOVERN",""
"17487",92,"1971-01-03","Senate","SD",100,"McGOVERN, George Stanley","M000452","1922-07-19",7,5,17700,48.4599589322382,"Greatest","McGOVERN",""
"17488",93,"1973-01-03","Senate","SD",100,"McGOVERN, George Stanley","M000452","1922-07-19",8,6,18431,50.4613278576318,"Greatest","McGOVERN",""
"17489",94,"1975-01-03","Senate","SD",100,"McGOVERN, George Stanley","M000452","1922-07-19",9,7,19161,52.4599589322382,"Greatest","McGOVERN",""
"17490",95,"1977-01-03","Senate","SD",100,"McGOVERN, George Stanley","M000452","1922-07-19",10,8,19892,54.4613278576318,"Greatest","McGOVERN",""
"17491",96,"1979-01-03","Senate","SD",100,"McGOVERN, George Stanley","M000452","1922-07-19",11,9,20622,56.4599589322382,"Greatest","McGOVERN",""
"17498",80,"1947-01-03","Senate","RI",100,"McGRATH, James Howard","M000456","1903-11-28",1,1,15742,43.0992470910335,"Greatest","McGRATH",""
"17499",81,"1949-01-03","Senate","RI",100,"McGRATH, James Howard","M000456","1903-11-28",2,2,16473,45.1006160164271,"Greatest","McGRATH",""
"17574",87,"1961-01-03","Senate","NH",100,"McINTYRE, Thomas James","M000486","1915-02-20",1,1,16754,45.8699520876112,"Greatest","McINTYRE",""
"17575",88,"1963-01-03","Senate","NH",100,"McINTYRE, Thomas James","M000486","1915-02-20",2,2,17484,47.8685831622177,"Greatest","McINTYRE",""
"17576",89,"1965-01-03","Senate","NH",100,"McINTYRE, Thomas James","M000486","1915-02-20",3,3,18215,49.8699520876112,"Greatest","McINTYRE",""
"17577",90,"1967-01-03","Senate","NH",100,"McINTYRE, Thomas James","M000486","1915-02-20",4,4,18945,51.8685831622177,"Greatest","McINTYRE",""
"17578",91,"1969-01-03","Senate","NH",100,"McINTYRE, Thomas James","M000486","1915-02-20",5,5,19676,53.8699520876112,"Greatest","McINTYRE",""
"17579",92,"1971-01-03","Senate","NH",100,"McINTYRE, Thomas James","M000486","1915-02-20",6,6,20406,55.8685831622177,"Greatest","McINTYRE",""
"17580",93,"1973-01-03","Senate","NH",100,"McINTYRE, Thomas James","M000486","1915-02-20",7,7,21137,57.8699520876112,"Greatest","McINTYRE",""
"17581",94,"1975-01-03","Senate","NH",100,"McINTYRE, Thomas James","M000486","1915-02-20",8,8,21867,59.8685831622177,"Greatest","McINTYRE",""
"17582",95,"1977-01-03","Senate","NH",100,"McINTYRE, Thomas James","M000486","1915-02-20",9,9,22598,61.8699520876112,"Greatest","McINTYRE",""
"17588",66,"1919-03-04","Senate","TN",100,"McKELLAR, Kenneth Douglas","M000499","1869-01-29",5,2,18295,50.0889801505818,"Missionary","McKELLAR",""
"17589",67,"1921-03-04","Senate","TN",100,"McKELLAR, Kenneth Douglas","M000499","1869-01-29",6,3,19026,52.0903490759754,"Missionary","McKELLAR",""
"17590",68,"1923-03-04","Senate","TN",100,"McKELLAR, Kenneth Douglas","M000499","1869-01-29",7,4,19756,54.0889801505818,"Missionary","McKELLAR",""
"17591",69,"1925-03-04","Senate","TN",100,"McKELLAR, Kenneth Douglas","M000499","1869-01-29",8,5,20487,56.0903490759754,"Missionary","McKELLAR",""
"17592",70,"1927-03-04","Senate","TN",100,"McKELLAR, Kenneth Douglas","M000499","1869-01-29",9,6,21217,58.0889801505818,"Missionary","McKELLAR",""
"17593",71,"1929-03-04","Senate","TN",100,"McKELLAR, Kenneth Douglas","M000499","1869-01-29",10,7,21948,60.0903490759754,"Missionary","McKELLAR",""
"17594",72,"1931-03-04","Senate","TN",100,"McKELLAR, Kenneth Douglas","M000499","1869-01-29",11,8,22678,62.0889801505818,"Missionary","McKELLAR",""
"17595",73,"1933-03-04","Senate","TN",100,"McKELLAR, Kenneth Douglas","M000499","1869-01-29",12,9,23409,64.0903490759754,"Missionary","McKELLAR",""
"17596",74,"1935-01-03","Senate","TN",100,"McKELLAR, Kenneth Douglas","M000499","1869-01-29",13,10,24079,65.9247091033539,"Missionary","McKELLAR",""
"17597",75,"1937-01-03","Senate","TN",100,"McKELLAR, Kenneth Douglas","M000499","1869-01-29",14,11,24810,67.9260780287474,"Missionary","McKELLAR",""
"17598",76,"1939-01-03","Senate","TN",100,"McKELLAR, Kenneth Douglas","M000499","1869-01-29",15,12,25540,69.9247091033539,"Missionary","McKELLAR",""
"17599",77,"1941-01-03","Senate","TN",100,"McKELLAR, Kenneth Douglas","M000499","1869-01-29",16,13,26271,71.9260780287474,"Missionary","McKELLAR",""
"17600",78,"1943-01-03","Senate","TN",100,"McKELLAR, Kenneth Douglas","M000499","1869-01-29",17,14,27001,73.9247091033539,"Missionary","McKELLAR",""
"17601",79,"1945-01-03","Senate","TN",100,"McKELLAR, Kenneth Douglas","M000499","1869-01-29",18,15,27732,75.9260780287474,"Missionary","McKELLAR",""
"17602",80,"1947-01-03","Senate","TN",100,"McKELLAR, Kenneth Douglas","M000499","1869-01-29",19,16,28462,77.9247091033539,"Missionary","McKELLAR",""
"17603",81,"1949-01-03","Senate","TN",100,"McKELLAR, Kenneth Douglas","M000499","1869-01-29",20,17,29193,79.9260780287474,"Missionary","McKELLAR",""
"17604",82,"1951-01-03","Senate","TN",100,"McKELLAR, Kenneth Douglas","M000499","1869-01-29",21,18,29923,81.9247091033539,"Missionary","McKELLAR",""
"17637",67,"1921-03-04","Senate","IL",200,"McKINLEY, William Brown","M000521","1856-09-05",8,1,23555,64.4900752908966,"Progressive","McKINLEY",""
"17638",68,"1923-03-04","Senate","IL",200,"McKINLEY, William Brown","M000521","1856-09-05",9,2,24285,66.4887063655031,"Progressive","McKINLEY",""
"17639",69,"1925-03-04","Senate","IL",200,"McKINLEY, William Brown","M000521","1856-09-05",10,3,25016,68.4900752908966,"Progressive","McKINLEY",""
"17681",66,"1919-03-04","Senate","CT",200,"McLEAN, George Payne","M000547","1857-10-07",5,5,22427,61.4017796030116,"Progressive","McLEAN",""
"17682",67,"1921-03-04","Senate","CT",200,"McLEAN, George Payne","M000547","1857-10-07",6,6,23158,63.4031485284052,"Progressive","McLEAN",""
"17683",68,"1923-03-04","Senate","CT",200,"McLEAN, George Payne","M000547","1857-10-07",7,7,23888,65.4017796030116,"Progressive","McLEAN",""
"17684",69,"1925-03-04","Senate","CT",200,"McLEAN, George Payne","M000547","1857-10-07",8,8,24619,67.4031485284052,"Progressive","McLEAN",""
"17685",70,"1927-03-04","Senate","CT",200,"McLEAN, George Payne","M000547","1857-10-07",9,9,25349,69.4017796030116,"Progressive","McLEAN",""
"17696",79,"1945-01-03","Senate","CT",100,"McMAHON, Brien","M000559","1903-10-06",1,1,15065,41.2457221081451,"Greatest","McMAHON",""
"17697",80,"1947-01-03","Senate","CT",100,"McMAHON, Brien","M000559","1903-10-06",2,2,15795,43.2443531827515,"Greatest","McMAHON",""
"17698",81,"1949-01-03","Senate","CT",100,"McMAHON, Brien","M000559","1903-10-06",3,3,16526,45.2457221081451,"Greatest","McMAHON",""
"17699",82,"1951-01-03","Senate","CT",100,"McMAHON, Brien","M000559","1903-10-06",4,4,17256,47.2443531827515,"Greatest","McMAHON",""
"17701",69,"1925-03-04","Senate","SD",200,"McMASTER, William Henry","M000563","1877-05-10",1,1,17464,47.813826146475,"Missionary","McMASTER",""
"17702",70,"1927-03-04","Senate","SD",200,"McMASTER, William Henry","M000563","1877-05-10",2,2,18194,49.8124572210815,"Missionary","McMASTER",""
"17703",71,"1929-03-04","Senate","SD",200,"McMASTER, William Henry","M000563","1877-05-10",3,3,18925,51.813826146475,"Missionary","McMASTER",""
"17744",84,"1955-01-03","Senate","MI",100,"McNAMARA, Patrick Vincent","M000582","1894-10-04",1,1,22005,60.2464065708419,"Lost","McNAMARA",""
"17745",85,"1957-01-03","Senate","MI",100,"McNAMARA, Patrick Vincent","M000582","1894-10-04",2,2,22736,62.2477754962355,"Lost","McNAMARA",""
"17746",86,"1959-01-03","Senate","MI",100,"McNAMARA, Patrick Vincent","M000582","1894-10-04",3,3,23466,64.2464065708419,"Lost","McNAMARA",""
"17747",87,"1961-01-03","Senate","MI",100,"McNAMARA, Patrick Vincent","M000582","1894-10-04",4,4,24197,66.2477754962354,"Lost","McNAMARA",""
"17748",88,"1963-01-03","Senate","MI",100,"McNAMARA, Patrick Vincent","M000582","1894-10-04",5,5,24927,68.2464065708419,"Lost","McNAMARA",""
"17749",89,"1965-01-03","Senate","MI",100,"McNAMARA, Patrick Vincent","M000582","1894-10-04",6,6,25658,70.2477754962354,"Lost","McNAMARA",""
"17750",66,"1919-03-04","Senate","OR",200,"McNARY, Charles Linza","M000583","1874-06-12",2,2,16335,44.7227926078029,"Missionary","McNARY",""
"17751",67,"1921-03-04","Senate","OR",200,"McNARY, Charles Linza","M000583","1874-06-12",3,3,17066,46.7241615331964,"Missionary","McNARY",""
"17752",68,"1923-03-04","Senate","OR",200,"McNARY, Charles Linza","M000583","1874-06-12",4,4,17796,48.7227926078029,"Missionary","McNARY",""
"17753",69,"1925-03-04","Senate","OR",200,"McNARY, Charles Linza","M000583","1874-06-12",5,5,18527,50.7241615331964,"Missionary","McNARY",""
"17754",70,"1927-03-04","Senate","OR",200,"McNARY, Charles Linza","M000583","1874-06-12",6,6,19257,52.7227926078029,"Missionary","McNARY",""
"17755",71,"1929-03-04","Senate","OR",200,"McNARY, Charles Linza","M000583","1874-06-12",7,7,19988,54.7241615331964,"Missionary","McNARY",""
"17756",72,"1931-03-04","Senate","OR",200,"McNARY, Charles Linza","M000583","1874-06-12",8,8,20718,56.7227926078029,"Missionary","McNARY",""
"17757",73,"1933-03-04","Senate","OR",200,"McNARY, Charles Linza","M000583","1874-06-12",9,9,21449,58.7241615331964,"Missionary","McNARY",""
"17758",74,"1935-01-03","Senate","OR",200,"McNARY, Charles Linza","M000583","1874-06-12",10,10,22119,60.558521560575,"Missionary","McNARY",""
"17759",75,"1937-01-03","Senate","OR",200,"McNARY, Charles Linza","M000583","1874-06-12",11,11,22850,62.5598904859685,"Missionary","McNARY",""
"17760",76,"1939-01-03","Senate","OR",200,"McNARY, Charles Linza","M000583","1874-06-12",12,12,23580,64.558521560575,"Missionary","McNARY",""
"17761",77,"1941-01-03","Senate","OR",200,"McNARY, Charles Linza","M000583","1874-06-12",13,13,24311,66.5598904859685,"Missionary","McNARY",""
"17762",78,"1943-01-03","Senate","OR",200,"McNARY, Charles Linza","M000583","1874-06-12",14,14,25041,68.558521560575,"Missionary","McNARY",""
"17819",76,"1939-01-03","Senate","NY",100,"MEAD, James Michael","M000615","1885-12-27",11,1,19364,53.015742642026,"Lost","MEAD",""
"17820",77,"1941-01-03","Senate","NY",100,"MEAD, James Michael","M000615","1885-12-27",12,2,20095,55.0171115674196,"Lost","MEAD",""
"17821",78,"1943-01-03","Senate","NY",100,"MEAD, James Michael","M000615","1885-12-27",13,3,20825,57.015742642026,"Lost","MEAD",""
"17822",79,"1945-01-03","Senate","NY",100,"MEAD, James Michael","M000615","1885-12-27",14,4,21556,59.0171115674196,"Lost","MEAD",""
"17832",68,"1923-03-04","Senate","CO",200,"MEANS, Rice William","M000621","1877-11-16",1,1,16543,45.2922655715264,"Missionary","MEANS",""
"17833",69,"1925-03-04","Senate","CO",200,"MEANS, Rice William","M000621","1877-11-16",2,2,17274,47.2936344969199,"Missionary","MEANS",""
"17834",87,"1961-01-03","Senate","NM",200,"MECHEM, Edwin Leard","M000623","1912-07-02",1,1,17717,48.5065023956194,"Greatest","MECHEM",""
"17835",88,"1963-01-03","Senate","NM",200,"MECHEM, Edwin Leard","M000623","1912-07-02",2,2,18447,50.5051334702259,"Greatest","MECHEM",""
"17863",95,"1977-01-03","Senate","MT",100,"MELCHER, John","M000635","1924-09-06",5,1,19112,52.3258042436687,"Greatest","MELCHER",""
"17864",96,"1979-01-03","Senate","MT",100,"MELCHER, John","M000635","1924-09-06",6,2,19842,54.3244353182752,"Greatest","MELCHER",""
"17865",97,"1981-01-03","Senate","MT",100,"MELCHER, John","M000635","1924-09-06",7,3,20573,56.3258042436687,"Greatest","MELCHER",""
"17866",98,"1983-01-03","Senate","MT",100,"MELCHER, John","M000635","1924-09-06",8,4,21303,58.3244353182752,"Greatest","MELCHER",""
"17867",99,"1985-01-03","Senate","MT",100,"MELCHER, John","M000635","1924-09-06",9,5,22034,60.3258042436687,"Greatest","MELCHER",""
"17868",100,"1987-01-03","Senate","MT",100,"MELCHER, John","M000635","1924-09-06",10,6,22764,62.3244353182752,"Greatest","MELCHER",""
"17876",110,"2007-01-03","Senate","NJ",100,"MENENDEZ, Robert","M000639","1954-01-01",8,1,19360,53.0047912388775,"Boomers","MENENDEZ",""
"17877",111,"2009-01-03","Senate","NJ",100,"MENENDEZ, Robert","M000639","1954-01-01",9,2,20091,55.006160164271,"Boomers","MENENDEZ",""
"17878",112,"2011-01-03","Senate","NJ",100,"MENENDEZ, Robert","M000639","1954-01-01",10,3,20821,57.0047912388775,"Boomers","MENENDEZ",""
"17879",113,"2013-01-03","Senate","NJ",100,"MENENDEZ, Robert","M000639","1954-01-01",11,4,21552,59.006160164271,"Boomers","MENENDEZ",""
"17880",114,"2015-01-03","Senate","NJ",100,"MENENDEZ, Robert","M000639","1954-01-01",12,5,22282,61.0047912388775,"Boomers","MENENDEZ",""
"17881",115,"2017-01-03","Senate","NJ",100,"MENENDEZ, Robert","M000639","1954-01-01",13,6,23013,63.006160164271,"Boomers","MENENDEZ",""
"17882",116,"2019-01-03","Senate","NJ",100,"MENENDEZ, Robert","M000639","1954-01-01",14,7,23743,65.0047912388775,"Boomers","MENENDEZ",""
"17883",117,"2021-01-03","Senate","NJ",100,"MENENDEZ, Robert","M000639","1954-01-01",15,8,24474,67.006160164271,"Boomers","MENENDEZ",""
"17884",118,"2023-01-03","Senate","NJ",100,"MENENDEZ, Robert","M000639","1954-01-01",16,9,25204,69.0047912388775,"Boomers","MENENDEZ",""
"17917",68,"1923-03-04","Senate","RI",200,"METCALF, Jesse Houghton","M000670","1860-11-16",1,1,22752,62.2915811088296,"Missionary","METCALF",""
"17918",69,"1925-03-04","Senate","RI",200,"METCALF, Jesse Houghton","M000670","1860-11-16",2,2,23483,64.2929500342231,"Missionary","METCALF",""
"17919",70,"1927-03-04","Senate","RI",200,"METCALF, Jesse Houghton","M000670","1860-11-16",3,3,24213,66.2915811088296,"Missionary","METCALF",""
"17920",71,"1929-03-04","Senate","RI",200,"METCALF, Jesse Houghton","M000670","1860-11-16",4,4,24944,68.2929500342231,"Missionary","METCALF",""
"17921",72,"1931-03-04","Senate","RI",200,"METCALF, Jesse Houghton","M000670","1860-11-16",5,5,25674,70.2915811088296,"Missionary","METCALF",""
"17922",73,"1933-03-04","Senate","RI",200,"METCALF, Jesse Houghton","M000670","1860-11-16",6,6,26405,72.2929500342231,"Missionary","METCALF",""
"17923",74,"1935-01-03","Senate","RI",200,"METCALF, Jesse Houghton","M000670","1860-11-16",7,7,27075,74.1273100616016,"Missionary","METCALF",""
"17928",87,"1961-01-03","Senate","MT",100,"METCALF, Lee Warren","M000671","1911-01-28",5,1,18238,49.9329226557153,"Greatest","METCALF",""
"17929",88,"1963-01-03","Senate","MT",100,"METCALF, Lee Warren","M000671","1911-01-28",6,2,18968,51.9315537303217,"Greatest","METCALF",""
"17930",89,"1965-01-03","Senate","MT",100,"METCALF, Lee Warren","M000671","1911-01-28",7,3,19699,53.9329226557153,"Greatest","METCALF",""
"17931",90,"1967-01-03","Senate","MT",100,"METCALF, Lee Warren","M000671","1911-01-28",8,4,20429,55.9315537303217,"Greatest","METCALF",""
"17932",91,"1969-01-03","Senate","MT",100,"METCALF, Lee Warren","M000671","1911-01-28",9,5,21160,57.9329226557153,"Greatest","METCALF",""
"17933",92,"1971-01-03","Senate","MT",100,"METCALF, Lee Warren","M000671","1911-01-28",10,6,21890,59.9315537303217,"Greatest","METCALF",""
"17934",93,"1973-01-03","Senate","MT",100,"METCALF, Lee Warren","M000671","1911-01-28",11,7,22621,61.9329226557153,"Greatest","METCALF",""
"17935",94,"1975-01-03","Senate","MT",100,"METCALF, Lee Warren","M000671","1911-01-28",12,8,23351,63.9315537303217,"Greatest","METCALF",""
"17936",95,"1977-01-03","Senate","MT",100,"METCALF, Lee Warren","M000671","1911-01-28",13,9,24082,65.9329226557153,"Greatest","METCALF",""
"17941",93,"1973-01-03","Senate","OH",100,"METZENBAUM, Howard Morton","M000678","1917-06-04",1,1,20302,55.5838466803559,"Greatest","METZENBAUM",""
"17942",94,"1975-01-03","Senate","OH",100,"METZENBAUM, Howard Morton","M000678","1917-06-04",2,2,21032,57.5824777549624,"Greatest","METZENBAUM",""
"17943",95,"1977-01-03","Senate","OH",100,"METZENBAUM, Howard Morton","M000678","1917-06-04",3,3,21763,59.5838466803559,"Greatest","METZENBAUM",""
"17944",96,"1979-01-03","Senate","OH",100,"METZENBAUM, Howard Morton","M000678","1917-06-04",4,4,22493,61.5824777549624,"Greatest","METZENBAUM",""
"17945",97,"1981-01-03","Senate","OH",100,"METZENBAUM, Howard Morton","M000678","1917-06-04",5,5,23224,63.5838466803559,"Greatest","METZENBAUM",""
"17946",98,"1983-01-03","Senate","OH",100,"METZENBAUM, Howard Morton","M000678","1917-06-04",6,6,23954,65.5824777549624,"Greatest","METZENBAUM",""
"17947",99,"1985-01-03","Senate","OH",100,"METZENBAUM, Howard Morton","M000678","1917-06-04",7,7,24685,67.5838466803559,"Greatest","METZENBAUM",""
"17948",100,"1987-01-03","Senate","OH",100,"METZENBAUM, Howard Morton","M000678","1917-06-04",8,8,25415,69.5824777549624,"Greatest","METZENBAUM",""
"17949",101,"1989-01-03","Senate","OH",100,"METZENBAUM, Howard Morton","M000678","1917-06-04",9,9,26146,71.5838466803559,"Greatest","METZENBAUM",""
"17950",102,"1991-01-03","Senate","OH",100,"METZENBAUM, Howard Morton","M000678","1917-06-04",10,10,26876,73.5824777549624,"Greatest","METZENBAUM",""
"17951",103,"1993-01-03","Senate","OH",100,"METZENBAUM, Howard Morton","M000678","1917-06-04",11,11,27607,75.5838466803559,"Greatest","METZENBAUM",""
"18035",100,"1987-01-03","Senate","MD",100,"MIKULSKI, Barbara Ann","M000702","1936-07-20",6,1,18429,50.4558521560575,"Silent","MIKULSKI",""
"18036",101,"1989-01-03","Senate","MD",100,"MIKULSKI, Barbara Ann","M000702","1936-07-20",7,2,19160,52.4572210814511,"Silent","MIKULSKI",""
"18037",102,"1991-01-03","Senate","MD",100,"MIKULSKI, Barbara Ann","M000702","1936-07-20",8,3,19890,54.4558521560575,"Silent","MIKULSKI",""
"18038",103,"1993-01-03","Senate","MD",100,"MIKULSKI, Barbara Ann","M000702","1936-07-20",9,4,20621,56.4572210814511,"Silent","MIKULSKI",""
"18039",104,"1995-01-03","Senate","MD",100,"MIKULSKI, Barbara Ann","M000702","1936-07-20",10,5,21351,58.4558521560575,"Silent","MIKULSKI",""
"18040",105,"1997-01-03","Senate","MD",100,"MIKULSKI, Barbara Ann","M000702","1936-07-20",11,6,22082,60.4572210814511,"Silent","MIKULSKI",""
"18041",106,"1999-01-03","Senate","MD",100,"MIKULSKI, Barbara Ann","M000702","1936-07-20",12,7,22812,62.4558521560575,"Silent","MIKULSKI",""
"18042",107,"2001-01-03","Senate","MD",100,"MIKULSKI, Barbara Ann","M000702","1936-07-20",13,8,23543,64.4572210814511,"Silent","MIKULSKI",""
"18043",108,"2003-01-03","Senate","MD",100,"MIKULSKI, Barbara Ann","M000702","1936-07-20",14,9,24273,66.4558521560575,"Silent","MIKULSKI",""
"18044",109,"2005-01-03","Senate","MD",100,"MIKULSKI, Barbara Ann","M000702","1936-07-20",15,10,25004,68.4572210814511,"Silent","MIKULSKI",""
"18045",110,"2007-01-03","Senate","MD",100,"MIKULSKI, Barbara Ann","M000702","1936-07-20",16,11,25734,70.4558521560575,"Silent","MIKULSKI",""
"18046",111,"2009-01-03","Senate","MD",100,"MIKULSKI, Barbara Ann","M000702","1936-07-20",17,12,26465,72.4572210814511,"Silent","MIKULSKI",""
"18047",112,"2011-01-03","Senate","MD",100,"MIKULSKI, Barbara Ann","M000702","1936-07-20",18,13,27195,74.4558521560575,"Silent","MIKULSKI",""
"18048",113,"2013-01-03","Senate","MD",100,"MIKULSKI, Barbara Ann","M000702","1936-07-20",19,14,27926,76.4572210814511,"Silent","MIKULSKI",""
"18049",114,"2015-01-03","Senate","MD",100,"MIKULSKI, Barbara Ann","M000702","1936-07-20",20,15,28656,78.4558521560575,"Silent","MIKULSKI",""
"18078",81,"1949-01-03","Senate","ID",100,"MILLER, Bert Henry","M000716","1876-12-15",1,1,26316,72.0492813141684,"Missionary","MILLER",""
"18141",87,"1961-01-03","Senate","IA",200,"MILLER, Jack Richard","M000730","1916-06-06",1,1,16282,44.5776865160849,"Greatest","MILLER",""
"18142",88,"1963-01-03","Senate","IA",200,"MILLER, Jack Richard","M000730","1916-06-06",2,2,17012,46.5763175906913,"Greatest","MILLER",""
"18143",89,"1965-01-03","Senate","IA",200,"MILLER, Jack Richard","M000730","1916-06-06",3,3,17743,48.5776865160849,"Greatest","MILLER",""
"18144",90,"1967-01-03","Senate","IA",200,"MILLER, Jack Richard","M000730","1916-06-06",4,4,18473,50.5763175906913,"Greatest","MILLER",""
"18145",91,"1969-01-03","Senate","IA",200,"MILLER, Jack Richard","M000730","1916-06-06",5,5,19204,52.5776865160849,"Greatest","MILLER",""
"18146",92,"1971-01-03","Senate","IA",200,"MILLER, Jack Richard","M000730","1916-06-06",6,6,19934,54.5763175906913,"Greatest","MILLER",""
"18155",76,"1939-01-03","Senate","AR",100,"MILLER, John Elvis","M000738","1888-05-15",5,1,18494,50.6338124572211,"Lost","MILLER",""
"18156",77,"1941-01-03","Senate","AR",100,"MILLER, John Elvis","M000738","1888-05-15",6,2,19225,52.6351813826146,"Lost","MILLER",""
"18187",77,"1941-01-03","Senate","CO",200,"MILLIKIN, Eugene Donald","M000771","1891-02-12",1,1,18222,49.8891170431211,"Lost","MILLIKIN",""
"18188",78,"1943-01-03","Senate","CO",200,"MILLIKIN, Eugene Donald","M000771","1891-02-12",2,2,18952,51.8877481177276,"Lost","MILLIKIN",""
"18189",79,"1945-01-03","Senate","CO",200,"MILLIKIN, Eugene Donald","M000771","1891-02-12",3,3,19683,53.8891170431211,"Lost","MILLIKIN",""
"18190",80,"1947-01-03","Senate","CO",200,"MILLIKIN, Eugene Donald","M000771","1891-02-12",4,4,20413,55.8877481177276,"Lost","MILLIKIN",""
"18191",81,"1949-01-03","Senate","CO",200,"MILLIKIN, Eugene Donald","M000771","1891-02-12",5,5,21144,57.8891170431211,"Lost","MILLIKIN",""
"18192",82,"1951-01-03","Senate","CO",200,"MILLIKIN, Eugene Donald","M000771","1891-02-12",6,6,21874,59.8877481177276,"Lost","MILLIKIN",""
"18193",83,"1953-01-03","Senate","CO",200,"MILLIKIN, Eugene Donald","M000771","1891-02-12",7,7,22605,61.8891170431211,"Lost","MILLIKIN",""
"18194",84,"1955-01-03","Senate","CO",200,"MILLIKIN, Eugene Donald","M000771","1891-02-12",8,8,23335,63.8877481177276,"Lost","MILLIKIN",""
"18223",75,"1937-01-03","Senate","NJ",100,"MILTON, John Gerald","M000787","1881-01-21",1,1,20435,55.9479808350445,"Missionary","MILTON",""
"18275",74,"1935-01-03","Senate","IN",100,"MINTON, Sherman","M000800","1890-10-20",1,1,16145,44.2026009582478,"Lost","MINTON",""
"18276",75,"1937-01-03","Senate","IN",100,"MINTON, Sherman","M000800","1890-10-20",2,2,16876,46.2039698836413,"Lost","MINTON",""
"18277",76,"1939-01-03","Senate","IN",100,"MINTON, Sherman","M000800","1890-10-20",3,3,17606,48.2026009582478,"Lost","MINTON",""
"18288",96,"1979-01-03","Senate","ME",100,"MITCHELL, George John","M000811","1933-08-20",1,1,16572,45.3716632443532,"Silent","MITCHELL",""
"18289",97,"1981-01-03","Senate","ME",100,"MITCHELL, George John","M000811","1933-08-20",2,2,17303,47.3730321697468,"Silent","MITCHELL",""
"18290",98,"1983-01-03","Senate","ME",100,"MITCHELL, George John","M000811","1933-08-20",3,3,18033,49.3716632443532,"Silent","MITCHELL",""
"18291",99,"1985-01-03","Senate","ME",100,"MITCHELL, George John","M000811","1933-08-20",4,4,18764,51.3730321697468,"Silent","MITCHELL",""
"18292",100,"1987-01-03","Senate","ME",100,"MITCHELL, George John","M000811","1933-08-20",5,5,19494,53.3716632443532,"Silent","MITCHELL",""
"18293",101,"1989-01-03","Senate","ME",100,"MITCHELL, George John","M000811","1933-08-20",6,6,20225,55.3730321697468,"Silent","MITCHELL",""
"18294",102,"1991-01-03","Senate","ME",100,"MITCHELL, George John","M000811","1933-08-20",7,7,20955,57.3716632443532,"Silent","MITCHELL",""
"18295",103,"1993-01-03","Senate","ME",100,"MITCHELL, George John","M000811","1933-08-20",8,8,21686,59.3730321697468,"Silent","MITCHELL",""
"18298",79,"1945-01-03","Senate","WA",100,"MITCHELL, Hugh Burnton","M000814","1907-03-22",1,1,13802,37.7878165639973,"Greatest","MITCHELL",""
"18386",88,"1963-01-03","Senate","MN",100,"MONDALE, Walter Frederick","M000851","1928-01-05",1,1,12782,34.9952087611225,"Silent","MONDALE",""
"18387",89,"1965-01-03","Senate","MN",100,"MONDALE, Walter Frederick","M000851","1928-01-05",2,2,13513,36.9965776865161,"Silent","MONDALE",""
"18388",90,"1967-01-03","Senate","MN",100,"MONDALE, Walter Frederick","M000851","1928-01-05",3,3,14243,38.9952087611225,"Silent","MONDALE",""
"18389",91,"1969-01-03","Senate","MN",100,"MONDALE, Walter Frederick","M000851","1928-01-05",4,4,14974,40.9965776865161,"Silent","MONDALE",""
"18390",92,"1971-01-03","Senate","MN",100,"MONDALE, Walter Frederick","M000851","1928-01-05",5,5,15704,42.9952087611225,"Silent","MONDALE",""
"18391",93,"1973-01-03","Senate","MN",100,"MONDALE, Walter Frederick","M000851","1928-01-05",6,6,16435,44.9965776865161,"Silent","MONDALE",""
"18392",94,"1975-01-03","Senate","MN",100,"MONDALE, Walter Frederick","M000851","1928-01-05",7,7,17165,46.9952087611225,"Silent","MONDALE",""
"18403",82,"1951-01-03","Senate","OK",100,"MONRONEY, Almer Stillwell Mike","M000859","1902-03-02",7,1,17839,48.8405201916496,"Greatest","MONRONEY",""
"18404",83,"1953-01-03","Senate","OK",100,"MONRONEY, Almer Stillwell Mike","M000859","1902-03-02",8,2,18570,50.8418891170431,"Greatest","MONRONEY",""
"18405",84,"1955-01-03","Senate","OK",100,"MONRONEY, Almer Stillwell Mike","M000859","1902-03-02",9,3,19300,52.8405201916496,"Greatest","MONRONEY",""
"18406",85,"1957-01-03","Senate","OK",100,"MONRONEY, Almer Stillwell Mike","M000859","1902-03-02",10,4,20031,54.8418891170431,"Greatest","MONRONEY",""
"18407",86,"1959-01-03","Senate","OK",100,"MONRONEY, Almer Stillwell Mike","M000859","1902-03-02",11,5,20761,56.8405201916496,"Greatest","MONRONEY",""
"18408",87,"1961-01-03","Senate","OK",100,"MONRONEY, Almer Stillwell Mike","M000859","1902-03-02",12,6,21492,58.8418891170431,"Greatest","MONRONEY",""
"18409",88,"1963-01-03","Senate","OK",100,"MONRONEY, Almer Stillwell Mike","M000859","1902-03-02",13,7,22222,60.8405201916496,"Greatest","MONRONEY",""
"18410",89,"1965-01-03","Senate","OK",100,"MONRONEY, Almer Stillwell Mike","M000859","1902-03-02",14,8,22953,62.8418891170431,"Greatest","MONRONEY",""
"18411",90,"1967-01-03","Senate","OK",100,"MONRONEY, Almer Stillwell Mike","M000859","1902-03-02",15,9,23683,64.8405201916496,"Greatest","MONRONEY",""
"18449",89,"1965-01-03","Senate","NM",100,"MONTOYA, Joseph Manuel","M000876","1915-09-24",5,1,17999,49.2785763175907,"Greatest","MONTOYA",""
"18450",90,"1967-01-03","Senate","NM",100,"MONTOYA, Joseph Manuel","M000876","1915-09-24",6,2,18729,51.2772073921971,"Greatest","MONTOYA",""
"18451",91,"1969-01-03","Senate","NM",100,"MONTOYA, Joseph Manuel","M000876","1915-09-24",7,3,19460,53.2785763175907,"Greatest","MONTOYA",""
"18452",92,"1971-01-03","Senate","NM",100,"MONTOYA, Joseph Manuel","M000876","1915-09-24",8,4,20190,55.2772073921971,"Greatest","MONTOYA",""
"18453",93,"1973-01-03","Senate","NM",100,"MONTOYA, Joseph Manuel","M000876","1915-09-24",9,5,20921,57.2785763175907,"Greatest","MONTOYA",""
"18454",94,"1975-01-03","Senate","NM",100,"MONTOYA, Joseph Manuel","M000876","1915-09-24",10,6,21651,59.2772073921971,"Greatest","MONTOYA",""
"18456",82,"1951-01-03","Senate","MI",100,"MOODY, Arthur Edson Blair","M000878","1902-02-13",1,1,17856,48.8870636550308,"Greatest","MOODY",""
"18477",74,"1935-01-03","Senate","NJ",100,"MOORE, Arthur Harry","M000893","1877-07-03",1,1,21002,57.5003422313484,"Missionary","MOORE",""
"18478",75,"1937-01-03","Senate","NJ",100,"MOORE, Arthur Harry","M000893","1877-07-03",2,2,21733,59.501711156742,"Missionary","MOORE",""
"18486",78,"1943-01-03","Senate","OK",200,"MOORE, Edward Hall","M000895","1871-11-19",1,1,25977,71.1211498973306,"Missionary","MOORE",""
"18487",79,"1945-01-03","Senate","OK",200,"MOORE, Edward Hall","M000895","1871-11-19",2,2,26708,73.1225188227242,"Missionary","MOORE",""
"18488",80,"1947-01-03","Senate","OK",200,"MOORE, Edward Hall","M000895","1871-11-19",3,3,27438,75.1211498973306,"Missionary","MOORE",""
"18557",112,"2011-01-03","Senate","KS",200,"MORAN, Jerry","M000934","1954-05-29",8,1,20673,56.5995893223819,"Boomers","MORAN",""
"18558",113,"2013-01-03","Senate","KS",200,"MORAN, Jerry","M000934","1954-05-29",9,2,21404,58.6009582477755,"Boomers","MORAN",""
"18559",114,"2015-01-03","Senate","KS",200,"MORAN, Jerry","M000934","1954-05-29",10,3,22134,60.5995893223819,"Boomers","MORAN",""
"18560",115,"2017-01-03","Senate","KS",200,"MORAN, Jerry","M000934","1954-05-29",11,4,22865,62.6009582477755,"Boomers","MORAN",""
"18561",116,"2019-01-03","Senate","KS",200,"MORAN, Jerry","M000934","1954-05-29",12,5,23595,64.5995893223819,"Boomers","MORAN",""
"18562",117,"2021-01-03","Senate","KS",200,"MORAN, Jerry","M000934","1954-05-29",13,6,24326,66.6009582477755,"Boomers","MORAN",""
"18563",118,"2023-01-03","Senate","KS",200,"MORAN, Jerry","M000934","1954-05-29",14,7,25056,68.5995893223819,"Boomers","MORAN",""
"18583",94,"1975-01-03","Senate","NC",100,"MORGAN, Robert Burren","M000956","1925-10-05",1,1,17987,49.2457221081451,"Greatest","MORGAN",""
"18584",95,"1977-01-03","Senate","NC",100,"MORGAN, Robert Burren","M000956","1925-10-05",2,2,18718,51.2470910335387,"Greatest","MORGAN",""
"18585",96,"1979-01-03","Senate","NC",100,"MORGAN, Robert Burren","M000956","1925-10-05",3,3,19448,53.2457221081451,"Greatest","MORGAN",""
"18628",71,"1929-03-04","Senate","NC",100,"MORRISON, Cameron A.","M000993","1869-10-05",1,1,21699,59.4086242299795,"Missionary","MORRISON",""
"18629",72,"1931-03-04","Senate","NC",100,"MORRISON, Cameron A.","M000993","1869-10-05",2,2,22429,61.4072553045859,"Missionary","MORRISON",""
"18649",71,"1929-03-04","Senate","NJ",200,"MORROW, Dwight Whitney","M001002","1873-01-11",1,1,20505,56.1396303901437,"Missionary","MORROW",""
"18650",72,"1931-03-04","Senate","NJ",200,"MORROW, Dwight Whitney","M001002","1873-01-11",2,2,21235,58.1382614647502,"Missionary","MORROW",""
"18660",79,"1945-01-03","Senate","OR",200,"MORSE, Wayne Lyman","M001014","1900-10-20",1,1,16146,44.2053388090349,"Lost","MORSE",""
"18661",80,"1947-01-03","Senate","OR",200,"MORSE, Wayne Lyman","M001014","1900-10-20",2,2,16876,46.2039698836413,"Lost","MORSE",""
"18662",81,"1949-01-03","Senate","OR",200,"MORSE, Wayne Lyman","M001014","1900-10-20",3,3,17607,48.2053388090349,"Lost","MORSE",""
"18663",82,"1951-01-03","Senate","OR",200,"MORSE, Wayne Lyman","M001014","1900-10-20",4,4,18337,50.2039698836413,"Lost","MORSE",""
"18664",83,"1953-01-03","Senate","OR",328,"MORSE, Wayne Lyman","M001014","1900-10-20",5,5,19068,52.2053388090349,"Lost","MORSE",""
"18665",84,"1955-01-03","Senate","OR",328,"MORSE, Wayne Lyman","M001014","1900-10-20",6,6,19798,54.2039698836413,"Lost","MORSE",""
"18666",85,"1957-01-03","Senate","OR",100,"MORSE, Wayne Lyman","M001014","1900-10-20",7,7,20529,56.2053388090349,"Lost","MORSE",""
"18667",86,"1959-01-03","Senate","OR",100,"MORSE, Wayne Lyman","M001014","1900-10-20",8,8,21259,58.2039698836413,"Lost","MORSE",""
"18668",87,"1961-01-03","Senate","OR",100,"MORSE, Wayne Lyman","M001014","1900-10-20",9,9,21990,60.2053388090349,"Lost","MORSE",""
"18669",88,"1963-01-03","Senate","OR",100,"MORSE, Wayne Lyman","M001014","1900-10-20",10,10,22720,62.2039698836413,"Lost","MORSE",""
"18670",89,"1965-01-03","Senate","OR",100,"MORSE, Wayne Lyman","M001014","1900-10-20",11,11,23451,64.2053388090349,"Lost","MORSE",""
"18671",90,"1967-01-03","Senate","OR",100,"MORSE, Wayne Lyman","M001014","1900-10-20",12,12,24181,66.2039698836413,"Lost","MORSE",""
"18680",85,"1957-01-03","Senate","KY",200,"MORTON, Thruston Ballard","M001022","1907-08-19",4,1,18035,49.3771389459274,"Greatest","MORTON",""
"18681",86,"1959-01-03","Senate","KY",200,"MORTON, Thruston Ballard","M001022","1907-08-19",5,2,18765,51.3757700205339,"Greatest","MORTON",""
"18682",87,"1961-01-03","Senate","KY",200,"MORTON, Thruston Ballard","M001022","1907-08-19",6,3,19496,53.3771389459274,"Greatest","MORTON",""
"18683",88,"1963-01-03","Senate","KY",200,"MORTON, Thruston Ballard","M001022","1907-08-19",7,4,20226,55.3757700205339,"Greatest","MORTON",""
"18684",89,"1965-01-03","Senate","KY",200,"MORTON, Thruston Ballard","M001022","1907-08-19",8,5,20957,57.3771389459274,"Greatest","MORTON",""
"18685",90,"1967-01-03","Senate","KY",200,"MORTON, Thruston Ballard","M001022","1907-08-19",9,6,21687,59.3757700205339,"Greatest","MORTON",""
"18686",103,"1993-01-03","Senate","IL",100,"MOSELEY BRAUN, Carol","M001025","1947-08-16",1,1,16577,45.3853524982888,"Boomers","MOSELEY BRAUN",""
"18687",104,"1995-01-03","Senate","IL",100,"MOSELEY BRAUN, Carol","M001025","1947-08-16",2,2,17307,47.3839835728953,"Boomers","MOSELEY BRAUN",""
"18688",105,"1997-01-03","Senate","IL",100,"MOSELEY BRAUN, Carol","M001025","1947-08-16",3,3,18038,49.3853524982888,"Boomers","MOSELEY BRAUN",""
"18692",66,"1919-03-04","Senate","NH",200,"MOSES, George Higgins","M001028","1869-02-09",2,2,18284,50.0588637919233,"Missionary","MOSES",""
"18693",67,"1921-03-04","Senate","NH",200,"MOSES, George Higgins","M001028","1869-02-09",3,3,19015,52.0602327173169,"Missionary","MOSES",""
"18694",68,"1923-03-04","Senate","NH",200,"MOSES, George Higgins","M001028","1869-02-09",4,4,19745,54.0588637919233,"Missionary","MOSES",""
"18695",69,"1925-03-04","Senate","NH",200,"MOSES, George Higgins","M001028","1869-02-09",5,5,20476,56.0602327173169,"Missionary","MOSES",""
"18696",70,"1927-03-04","Senate","NH",200,"MOSES, George Higgins","M001028","1869-02-09",6,6,21206,58.0588637919233,"Missionary","MOSES",""
"18697",71,"1929-03-04","Senate","NH",200,"MOSES, George Higgins","M001028","1869-02-09",7,7,21937,60.0602327173169,"Missionary","MOSES",""
"18698",72,"1931-03-04","Senate","NH",200,"MOSES, George Higgins","M001028","1869-02-09",8,8,22667,62.0588637919233,"Missionary","MOSES",""
"18699",79,"1945-01-03","Senate","ND",100,"MOSES, John","M001029","1885-06-12",1,1,21754,59.5592060232717,"Lost","MOSES",""
"18709",86,"1959-01-03","Senate","UT",100,"MOSS, Frank Edward (Ted)","M001033","1911-09-23",1,1,17269,47.2799452429843,"Greatest","MOSS",""
"18710",87,"1961-01-03","Senate","UT",100,"MOSS, Frank Edward (Ted)","M001033","1911-09-23",2,2,18000,49.2813141683778,"Greatest","MOSS",""
"18711",88,"1963-01-03","Senate","UT",100,"MOSS, Frank Edward (Ted)","M001033","1911-09-23",3,3,18730,51.2799452429843,"Greatest","MOSS",""
"18712",89,"1965-01-03","Senate","UT",100,"MOSS, Frank Edward (Ted)","M001033","1911-09-23",4,4,19461,53.2813141683778,"Greatest","MOSS",""
"18713",90,"1967-01-03","Senate","UT",100,"MOSS, Frank Edward (Ted)","M001033","1911-09-23",5,5,20191,55.2799452429843,"Greatest","MOSS",""
"18714",91,"1969-01-03","Senate","UT",100,"MOSS, Frank Edward (Ted)","M001033","1911-09-23",6,6,20922,57.2813141683778,"Greatest","MOSS",""
"18715",92,"1971-01-03","Senate","UT",100,"MOSS, Frank Edward (Ted)","M001033","1911-09-23",7,7,21652,59.2799452429843,"Greatest","MOSS",""
"18716",93,"1973-01-03","Senate","UT",100,"MOSS, Frank Edward (Ted)","M001033","1911-09-23",8,8,22383,61.2813141683778,"Greatest","MOSS",""
"18717",94,"1975-01-03","Senate","UT",100,"MOSS, Frank Edward (Ted)","M001033","1911-09-23",9,9,23113,63.2799452429843,"Greatest","MOSS",""
"18756",95,"1977-01-03","Senate","NY",100,"MOYNIHAN, Daniel Patrick","M001054","1927-03-16",1,1,18191,49.8042436687201,"Greatest","MOYNIHAN",""
"18757",96,"1979-01-03","Senate","NY",100,"MOYNIHAN, Daniel Patrick","M001054","1927-03-16",2,2,18921,51.8028747433265,"Greatest","MOYNIHAN",""
"18758",97,"1981-01-03","Senate","NY",100,"MOYNIHAN, Daniel Patrick","M001054","1927-03-16",3,3,19652,53.8042436687201,"Greatest","MOYNIHAN",""
"18759",98,"1983-01-03","Senate","NY",100,"MOYNIHAN, Daniel Patrick","M001054","1927-03-16",4,4,20382,55.8028747433265,"Greatest","MOYNIHAN",""
"18760",99,"1985-01-03","Senate","NY",100,"MOYNIHAN, Daniel Patrick","M001054","1927-03-16",5,5,21113,57.80424366872,"Greatest","MOYNIHAN",""
"18761",100,"1987-01-03","Senate","NY",100,"MOYNIHAN, Daniel Patrick","M001054","1927-03-16",6,6,21843,59.8028747433265,"Greatest","MOYNIHAN",""
"18762",101,"1989-01-03","Senate","NY",100,"MOYNIHAN, Daniel Patrick","M001054","1927-03-16",7,7,22574,61.80424366872,"Greatest","MOYNIHAN",""
"18763",102,"1991-01-03","Senate","NY",100,"MOYNIHAN, Daniel Patrick","M001054","1927-03-16",8,8,23304,63.8028747433265,"Greatest","MOYNIHAN",""
"18764",103,"1993-01-03","Senate","NY",100,"MOYNIHAN, Daniel Patrick","M001054","1927-03-16",9,9,24035,65.80424366872,"Greatest","MOYNIHAN",""
"18765",104,"1995-01-03","Senate","NY",100,"MOYNIHAN, Daniel Patrick","M001054","1927-03-16",10,10,24765,67.8028747433265,"Greatest","MOYNIHAN",""
"18766",105,"1997-01-03","Senate","NY",100,"MOYNIHAN, Daniel Patrick","M001054","1927-03-16",11,11,25496,69.80424366872,"Greatest","MOYNIHAN",""
"18767",106,"1999-01-03","Senate","NY",100,"MOYNIHAN, Daniel Patrick","M001054","1927-03-16",12,12,26226,71.8028747433265,"Greatest","MOYNIHAN",""
"18802",81,"1949-01-03","Senate","SD",200,"MUNDT, Karl Earl","M001078","1900-06-03",6,1,17746,48.5859000684463,"Lost","MUNDT",""
"18803",82,"1951-01-03","Senate","SD",200,"MUNDT, Karl Earl","M001078","1900-06-03",7,2,18476,50.5845311430527,"Lost","MUNDT",""
"18804",83,"1953-01-03","Senate","SD",200,"MUNDT, Karl Earl","M001078","1900-06-03",8,3,19207,52.5859000684463,"Lost","MUNDT",""
"18805",84,"1955-01-03","Senate","SD",200,"MUNDT, Karl Earl","M001078","1900-06-03",9,4,19937,54.5845311430527,"Lost","MUNDT",""
"18806",85,"1957-01-03","Senate","SD",200,"MUNDT, Karl Earl","M001078","1900-06-03",10,5,20668,56.5859000684463,"Lost","MUNDT",""
"18807",86,"1959-01-03","Senate","SD",200,"MUNDT, Karl Earl","M001078","1900-06-03",11,6,21398,58.5845311430527,"Lost","MUNDT",""
"18808",87,"1961-01-03","Senate","SD",200,"MUNDT, Karl Earl","M001078","1900-06-03",12,7,22129,60.5859000684463,"Lost","MUNDT",""
"18809",88,"1963-01-03","Senate","SD",200,"MUNDT, Karl Earl","M001078","1900-06-03",13,8,22859,62.5845311430527,"Lost","MUNDT",""
"18810",89,"1965-01-03","Senate","SD",200,"MUNDT, Karl Earl","M001078","1900-06-03",14,9,23590,64.5859000684463,"Lost","MUNDT",""
"18811",90,"1967-01-03","Senate","SD",200,"MUNDT, Karl Earl","M001078","1900-06-03",15,10,24320,66.5845311430527,"Lost","MUNDT",""
"18812",91,"1969-01-03","Senate","SD",200,"MUNDT, Karl Earl","M001078","1900-06-03",16,11,25051,68.5859000684463,"Lost","MUNDT",""
"18813",92,"1971-01-03","Senate","SD",200,"MUNDT, Karl Earl","M001078","1900-06-03",17,12,25781,70.5845311430527,"Lost","MUNDT",""
"18826",77,"1941-01-03","Senate","UT",100,"MURDOCK, Orrice Abram, Jr. (Abe)","M001082","1893-07-18",5,1,17335,47.460643394935,"Lost","MURDOCK",""
"18827",78,"1943-01-03","Senate","UT",100,"MURDOCK, Orrice Abram, Jr. (Abe)","M001082","1893-07-18",6,2,18065,49.4592744695414,"Lost","MURDOCK",""
"18828",79,"1945-01-03","Senate","UT",100,"MURDOCK, Orrice Abram, Jr. (Abe)","M001082","1893-07-18",7,3,18796,51.460643394935,"Lost","MURDOCK",""
"18829",97,"1981-01-03","Senate","AK",200,"MURKOWSKI, Frank Hughes","M001085","1933-03-28",1,1,17448,47.7700205338809,"Silent","MURKOWSKI",""
"18830",98,"1983-01-03","Senate","AK",200,"MURKOWSKI, Frank Hughes","M001085","1933-03-28",2,2,18178,49.7686516084873,"Silent","MURKOWSKI",""
"18831",99,"1985-01-03","Senate","AK",200,"MURKOWSKI, Frank Hughes","M001085","1933-03-28",3,3,18909,51.7700205338809,"Silent","MURKOWSKI",""
"18832",100,"1987-01-03","Senate","AK",200,"MURKOWSKI, Frank Hughes","M001085","1933-03-28",4,4,19639,53.7686516084873,"Silent","MURKOWSKI",""
"18833",101,"1989-01-03","Senate","AK",200,"MURKOWSKI, Frank Hughes","M001085","1933-03-28",5,5,20370,55.7700205338809,"Silent","MURKOWSKI",""
"18834",102,"1991-01-03","Senate","AK",200,"MURKOWSKI, Frank Hughes","M001085","1933-03-28",6,6,21100,57.7686516084873,"Silent","MURKOWSKI",""
"18835",103,"1993-01-03","Senate","AK",200,"MURKOWSKI, Frank Hughes","M001085","1933-03-28",7,7,21831,59.7700205338809,"Silent","MURKOWSKI",""
"18836",104,"1995-01-03","Senate","AK",200,"MURKOWSKI, Frank Hughes","M001085","1933-03-28",8,8,22561,61.7686516084873,"Silent","MURKOWSKI",""
"18837",105,"1997-01-03","Senate","AK",200,"MURKOWSKI, Frank Hughes","M001085","1933-03-28",9,9,23292,63.7700205338809,"Silent","MURKOWSKI",""
"18838",106,"1999-01-03","Senate","AK",200,"MURKOWSKI, Frank Hughes","M001085","1933-03-28",10,10,24022,65.7686516084873,"Silent","MURKOWSKI",""
"18839",107,"2001-01-03","Senate","AK",200,"MURKOWSKI, Frank Hughes","M001085","1933-03-28",11,11,24753,67.7700205338809,"Silent","MURKOWSKI",""
"18856",88,"1963-01-03","Senate","CA",200,"MURPHY, George Lloyd","M001092","1902-07-04",1,1,22098,60.5010266940452,"Greatest","MURPHY",""
"18857",89,"1965-01-03","Senate","CA",200,"MURPHY, George Lloyd","M001092","1902-07-04",2,2,22829,62.5023956194387,"Greatest","MURPHY",""
"18858",90,"1967-01-03","Senate","CA",200,"MURPHY, George Lloyd","M001092","1902-07-04",3,3,23559,64.5010266940452,"Greatest","MURPHY",""
"18859",91,"1969-01-03","Senate","CA",200,"MURPHY, George Lloyd","M001092","1902-07-04",4,4,24290,66.5023956194387,"Greatest","MURPHY",""
"18873",87,"1961-01-03","Senate","NH",200,"MURPHY, Maurice J., Jr.","M001100","1927-10-03",1,1,12146,33.2539356605065,"Greatest","MURPHY",""
"18879",73,"1933-03-04","Senate","IA",100,"MURPHY, Richard Louis","M001103","1875-11-06",1,1,20937,57.3223819301848,"Missionary","MURPHY",""
"18880",74,"1935-01-03","Senate","IA",100,"MURPHY, Richard Louis","M001103","1875-11-06",2,2,21607,59.1567419575633,"Missionary","MURPHY",""
"18888",73,"1933-03-04","Senate","MT",100,"MURRAY, James Edward","M001108","1876-05-03",1,1,20758,56.8323066392882,"Missionary","MURRAY",""
"18889",74,"1935-01-03","Senate","MT",100,"MURRAY, James Edward","M001108","1876-05-03",2,2,21428,58.6666666666667,"Missionary","MURRAY",""
"18890",75,"1937-01-03","Senate","MT",100,"MURRAY, James Edward","M001108","1876-05-03",3,3,22159,60.6680355920602,"Missionary","MURRAY",""
"18891",76,"1939-01-03","Senate","MT",100,"MURRAY, James Edward","M001108","1876-05-03",4,4,22889,62.6666666666667,"Missionary","MURRAY",""
"18892",77,"1941-01-03","Senate","MT",100,"MURRAY, James Edward","M001108","1876-05-03",5,5,23620,64.6680355920602,"Missionary","MURRAY",""
"18893",78,"1943-01-03","Senate","MT",100,"MURRAY, James Edward","M001108","1876-05-03",6,6,24350,66.6666666666667,"Missionary","MURRAY",""
"18894",79,"1945-01-03","Senate","MT",100,"MURRAY, James Edward","M001108","1876-05-03",7,7,25081,68.6680355920602,"Missionary","MURRAY",""
"18895",80,"1947-01-03","Senate","MT",100,"MURRAY, James Edward","M001108","1876-05-03",8,8,25811,70.6666666666667,"Missionary","MURRAY",""
"18896",81,"1949-01-03","Senate","MT",100,"MURRAY, James Edward","M001108","1876-05-03",9,9,26542,72.6680355920602,"Missionary","MURRAY",""
"18897",82,"1951-01-03","Senate","MT",100,"MURRAY, James Edward","M001108","1876-05-03",10,10,27272,74.6666666666667,"Missionary","MURRAY",""
"18898",83,"1953-01-03","Senate","MT",100,"MURRAY, James Edward","M001108","1876-05-03",11,11,28003,76.6680355920602,"Missionary","MURRAY",""
"18899",84,"1955-01-03","Senate","MT",100,"MURRAY, James Edward","M001108","1876-05-03",12,12,28733,78.6666666666667,"Missionary","MURRAY",""
"18900",85,"1957-01-03","Senate","MT",100,"MURRAY, James Edward","M001108","1876-05-03",13,13,29464,80.6680355920602,"Missionary","MURRAY",""
"18901",86,"1959-01-03","Senate","MT",100,"MURRAY, James Edward","M001108","1876-05-03",14,14,30194,82.6666666666667,"Missionary","MURRAY",""
"18902",103,"1993-01-03","Senate","WA",100,"MURRAY, Patty","M001111","1950-10-11",1,1,15425,42.2313483915127,"Boomers","MURRAY",""
"18903",104,"1995-01-03","Senate","WA",100,"MURRAY, Patty","M001111","1950-10-11",2,2,16155,44.2299794661191,"Boomers","MURRAY",""
"18904",105,"1997-01-03","Senate","WA",100,"MURRAY, Patty","M001111","1950-10-11",3,3,16886,46.2313483915127,"Boomers","MURRAY",""
"18905",106,"1999-01-03","Senate","WA",100,"MURRAY, Patty","M001111","1950-10-11",4,4,17616,48.2299794661191,"Boomers","MURRAY",""
"18906",107,"2001-01-03","Senate","WA",100,"MURRAY, Patty","M001111","1950-10-11",5,5,18347,50.2313483915127,"Boomers","MURRAY",""
"18907",108,"2003-01-03","Senate","WA",100,"MURRAY, Patty","M001111","1950-10-11",6,6,19077,52.2299794661191,"Boomers","MURRAY",""
"18908",109,"2005-01-03","Senate","WA",100,"MURRAY, Patty","M001111","1950-10-11",7,7,19808,54.2313483915127,"Boomers","MURRAY",""
"18909",110,"2007-01-03","Senate","WA",100,"MURRAY, Patty","M001111","1950-10-11",8,8,20538,56.2299794661191,"Boomers","MURRAY",""
"18910",111,"2009-01-03","Senate","WA",100,"MURRAY, Patty","M001111","1950-10-11",9,9,21269,58.2313483915127,"Boomers","MURRAY",""
"18911",112,"2011-01-03","Senate","WA",100,"MURRAY, Patty","M001111","1950-10-11",10,10,21999,60.2299794661191,"Boomers","MURRAY",""
"18912",113,"2013-01-03","Senate","WA",100,"MURRAY, Patty","M001111","1950-10-11",11,11,22730,62.2313483915127,"Boomers","MURRAY",""
"18913",114,"2015-01-03","Senate","WA",100,"MURRAY, Patty","M001111","1950-10-11",12,12,23460,64.2299794661191,"Boomers","MURRAY",""
"18914",115,"2017-01-03","Senate","WA",100,"MURRAY, Patty","M001111","1950-10-11",13,13,24191,66.2313483915127,"Boomers","MURRAY",""
"18915",116,"2019-01-03","Senate","WA",100,"MURRAY, Patty","M001111","1950-10-11",14,14,24921,68.2299794661191,"Boomers","MURRAY",""
"18916",117,"2021-01-03","Senate","WA",100,"MURRAY, Patty","M001111","1950-10-11",15,15,25652,70.2313483915127,"Boomers","MURRAY",""
"18917",118,"2023-01-03","Senate","WA",100,"MURRAY, Patty","M001111","1950-10-11",16,16,26382,72.2299794661191,"Boomers","MURRAY",""
"18956",86,"1959-01-03","Senate","ME",100,"MUSKIE, Edmund Sixtus","M001121","1914-03-28",1,1,16352,44.7693360711841,"Greatest","MUSKIE",""
"18957",87,"1961-01-03","Senate","ME",100,"MUSKIE, Edmund Sixtus","M001121","1914-03-28",2,2,17083,46.7707049965777,"Greatest","MUSKIE",""
"18958",88,"1963-01-03","Senate","ME",100,"MUSKIE, Edmund Sixtus","M001121","1914-03-28",3,3,17813,48.7693360711841,"Greatest","MUSKIE",""
"18959",89,"1965-01-03","Senate","ME",100,"MUSKIE, Edmund Sixtus","M001121","1914-03-28",4,4,18544,50.7707049965777,"Greatest","MUSKIE",""
"18960",90,"1967-01-03","Senate","ME",100,"MUSKIE, Edmund Sixtus","M001121","1914-03-28",5,5,19274,52.7693360711841,"Greatest","MUSKIE",""
"18961",91,"1969-01-03","Senate","ME",100,"MUSKIE, Edmund Sixtus","M001121","1914-03-28",6,6,20005,54.7707049965777,"Greatest","MUSKIE",""
"18962",92,"1971-01-03","Senate","ME",100,"MUSKIE, Edmund Sixtus","M001121","1914-03-28",7,7,20735,56.7693360711841,"Greatest","MUSKIE",""
"18963",93,"1973-01-03","Senate","ME",100,"MUSKIE, Edmund Sixtus","M001121","1914-03-28",8,8,21466,58.7707049965777,"Greatest","MUSKIE",""
"18964",94,"1975-01-03","Senate","ME",100,"MUSKIE, Edmund Sixtus","M001121","1914-03-28",9,9,22196,60.7693360711841,"Greatest","MUSKIE",""
"18965",95,"1977-01-03","Senate","ME",100,"MUSKIE, Edmund Sixtus","M001121","1914-03-28",10,10,22927,62.7707049965777,"Greatest","MUSKIE",""
"18966",96,"1979-01-03","Senate","ME",100,"MUSKIE, Edmund Sixtus","M001121","1914-03-28",11,11,23657,64.7693360711841,"Greatest","MUSKIE",""
"18972",79,"1945-01-03","Senate","PA",100,"MYERS, Francis John","M001127","1901-12-18",4,1,15722,43.0444900752909,"Greatest","MYERS",""
"18973",80,"1947-01-03","Senate","PA",100,"MYERS, Francis John","M001127","1901-12-18",5,2,16452,45.0431211498973,"Greatest","MYERS",""
"18974",81,"1949-01-03","Senate","PA",100,"MYERS, Francis John","M001127","1901-12-18",6,3,17183,47.0444900752909,"Greatest","MYERS",""
"18977",66,"1919-03-04","Senate","MT",100,"MYERS, Henry Lee","M001129","1862-10-09",5,5,20599,56.3969883641342,"Missionary","MYERS",""
"18978",67,"1921-03-04","Senate","MT",100,"MYERS, Henry Lee","M001129","1862-10-09",6,6,21330,58.3983572895277,"Missionary","MYERS",""
"19048",106,"1999-01-03","Senate","GA",100,"MILLER, Zell Bryan","M001141","1932-02-24",1,1,24420,66.8583162217659,"Silent","MILLER",""
"19049",107,"2001-01-03","Senate","GA",100,"MILLER, Zell Bryan","M001141","1932-02-24",2,2,25151,68.8596851471595,"Silent","MILLER",""
"19050",108,"2003-01-03","Senate","GA",100,"MILLER, Zell Bryan","M001141","1932-02-24",3,3,25881,70.8583162217659,"Silent","MILLER",""
"19116",107,"2001-01-03","Senate","AK",200,"MURKOWSKI, Lisa","M001153","1957-05-22",1,1,15932,43.6194387405886,"Boomers","MURKOWSKI",""
"19117",108,"2003-01-03","Senate","AK",200,"MURKOWSKI, Lisa","M001153","1957-05-22",2,2,16662,45.6180698151951,"Boomers","MURKOWSKI",""
"19118",109,"2005-01-03","Senate","AK",200,"MURKOWSKI, Lisa","M001153","1957-05-22",3,3,17393,47.6194387405886,"Boomers","MURKOWSKI",""
"19119",110,"2007-01-03","Senate","AK",200,"MURKOWSKI, Lisa","M001153","1957-05-22",4,4,18123,49.6180698151951,"Boomers","MURKOWSKI",""
"19120",111,"2009-01-03","Senate","AK",200,"MURKOWSKI, Lisa","M001153","1957-05-22",5,5,18854,51.6194387405886,"Boomers","MURKOWSKI",""
"19121",112,"2011-01-03","Senate","AK",200,"MURKOWSKI, Lisa","M001153","1957-05-22",6,6,19584,53.6180698151951,"Boomers","MURKOWSKI",""
"19122",113,"2013-01-03","Senate","AK",200,"MURKOWSKI, Lisa","M001153","1957-05-22",7,7,20315,55.6194387405886,"Boomers","MURKOWSKI",""
"19123",114,"2015-01-03","Senate","AK",200,"MURKOWSKI, Lisa","M001153","1957-05-22",8,8,21045,57.6180698151951,"Boomers","MURKOWSKI",""
"19124",115,"2017-01-03","Senate","AK",200,"MURKOWSKI, Lisa","M001153","1957-05-22",9,9,21776,59.6194387405886,"Boomers","MURKOWSKI",""
"19125",116,"2019-01-03","Senate","AK",200,"MURKOWSKI, Lisa","M001153","1957-05-22",10,10,22506,61.6180698151951,"Boomers","MURKOWSKI",""
"19126",117,"2021-01-03","Senate","AK",200,"MURKOWSKI, Lisa","M001153","1957-05-22",11,11,23237,63.6194387405886,"Boomers","MURKOWSKI",""
"19127",118,"2023-01-03","Senate","AK",200,"MURKOWSKI, Lisa","M001153","1957-05-22",12,12,23967,65.6180698151951,"Boomers","MURKOWSKI",""
"19188",109,"2005-01-03","Senate","FL",200,"MARTINEZ, Melquiades R. (Mel)","M001162","1946-10-23",1,1,21257,58.1984941820671,"Boomers","MARTINEZ",""
"19189",110,"2007-01-03","Senate","FL",200,"MARTINEZ, Melquiades R. (Mel)","M001162","1946-10-23",2,2,21987,60.1971252566735,"Boomers","MARTINEZ",""
"19190",111,"2009-01-03","Senate","FL",200,"MARTINEZ, Melquiades R. (Mel)","M001162","1946-10-23",3,3,22718,62.1984941820671,"Boomers","MARTINEZ",""
"19226",113,"2013-01-03","Senate","CT",100,"MURPHY, Christopher","M001169","1973-08-03",4,1,14398,39.419575633128,"Gen X","MURPHY",""
"19227",114,"2015-01-03","Senate","CT",100,"MURPHY, Christopher","M001169","1973-08-03",5,2,15128,41.4182067077344,"Gen X","MURPHY",""
"19228",115,"2017-01-03","Senate","CT",100,"MURPHY, Christopher","M001169","1973-08-03",6,3,15859,43.419575633128,"Gen X","MURPHY",""
"19229",116,"2019-01-03","Senate","CT",100,"MURPHY, Christopher","M001169","1973-08-03",7,4,16589,45.4182067077344,"Gen X","MURPHY",""
"19230",117,"2021-01-03","Senate","CT",100,"MURPHY, Christopher","M001169","1973-08-03",8,5,17320,47.419575633128,"Gen X","MURPHY",""
"19231",118,"2023-01-03","Senate","CT",100,"MURPHY, Christopher","M001169","1973-08-03",9,6,18050,49.4182067077344,"Gen X","MURPHY",""
"19232",110,"2007-01-03","Senate","MO",100,"McCASKILL, Claire","M001170","1953-07-24",1,1,19521,53.4455852156057,"Boomers","McCASKILL",""
"19233",111,"2009-01-03","Senate","MO",100,"McCASKILL, Claire","M001170","1953-07-24",2,2,20252,55.4469541409993,"Boomers","McCASKILL",""
"19234",112,"2011-01-03","Senate","MO",100,"McCASKILL, Claire","M001170","1953-07-24",3,3,20982,57.4455852156057,"Boomers","McCASKILL",""
"19235",113,"2013-01-03","Senate","MO",100,"McCASKILL, Claire","M001170","1953-07-24",4,4,21713,59.4469541409993,"Boomers","McCASKILL",""
"19236",114,"2015-01-03","Senate","MO",100,"McCASKILL, Claire","M001170","1953-07-24",5,5,22443,61.4455852156057,"Boomers","McCASKILL",""
"19237",115,"2017-01-03","Senate","MO",100,"McCASKILL, Claire","M001170","1953-07-24",6,6,23174,63.4469541409993,"Boomers","McCASKILL",""
"19244",111,"2009-01-03","Senate","OR",100,"MERKLEY, Jeff","M001176","1956-10-24",1,1,19064,52.1943874058864,"Boomers","MERKLEY",""
"19245",112,"2011-01-03","Senate","OR",100,"MERKLEY, Jeff","M001176","1956-10-24",2,2,19794,54.1930184804928,"Boomers","MERKLEY",""
"19246",113,"2013-01-03","Senate","OR",100,"MERKLEY, Jeff","M001176","1956-10-24",3,3,20525,56.1943874058864,"Boomers","MERKLEY",""
"19247",114,"2015-01-03","Senate","OR",100,"MERKLEY, Jeff","M001176","1956-10-24",4,4,21255,58.1930184804928,"Boomers","MERKLEY",""
"19248",115,"2017-01-03","Senate","OR",100,"MERKLEY, Jeff","M001176","1956-10-24",5,5,21986,60.1943874058864,"Boomers","MERKLEY",""
"19249",116,"2019-01-03","Senate","OR",100,"MERKLEY, Jeff","M001176","1956-10-24",6,6,22716,62.1930184804928,"Boomers","MERKLEY",""
"19250",117,"2021-01-03","Senate","OR",100,"MERKLEY, Jeff","M001176","1956-10-24",7,7,23447,64.1943874058864,"Boomers","MERKLEY",""
"19251",118,"2023-01-03","Senate","OR",100,"MERKLEY, Jeff","M001176","1956-10-24",8,8,24177,66.1930184804928,"Boomers","MERKLEY",""
"19280",111,"2009-01-03","Senate","WV",100,"MANCHIN, Joe, III","M001183","1947-08-24",1,1,22413,61.3634496919918,"Boomers","MANCHIN",""
"19281",112,"2011-01-03","Senate","WV",100,"MANCHIN, Joe, III","M001183","1947-08-24",2,2,23143,63.3620807665982,"Boomers","MANCHIN",""
"19282",113,"2013-01-03","Senate","WV",100,"MANCHIN, Joe, III","M001183","1947-08-24",3,3,23874,65.3634496919918,"Boomers","MANCHIN",""
"19283",114,"2015-01-03","Senate","WV",100,"MANCHIN, Joe, III","M001183","1947-08-24",4,4,24604,67.3620807665982,"Boomers","MANCHIN",""
"19284",115,"2017-01-03","Senate","WV",100,"MANCHIN, Joe, III","M001183","1947-08-24",5,5,25335,69.3634496919918,"Boomers","MANCHIN",""
"19285",116,"2019-01-03","Senate","WV",100,"MANCHIN, Joe, III","M001183","1947-08-24",6,6,26065,71.3620807665982,"Boomers","MANCHIN",""
"19286",117,"2021-01-03","Senate","WV",100,"MANCHIN, Joe, III","M001183","1947-08-24",7,7,26796,73.3634496919918,"Boomers","MANCHIN",""
"19287",118,"2023-01-03","Senate","WV",100,"MANCHIN, Joe, III","M001183","1947-08-24",8,8,27526,75.3620807665982,"Boomers","MANCHIN",""
"19319",118,"2023-01-03","Senate","OK",200,"MULLIN, Markwayne","M001190","1977-07-26",6,1,16597,45.4401095140315,"Gen X","MULLIN",""
"19342",116,"2019-01-03","Senate","AZ",200,"McSALLY, Martha","M001197","1966-03-22",3,1,19280,52.7857631759069,"Gen X","McSALLY",""
"19345",117,"2021-01-03","Senate","KS",200,"MARSHALL, Roger Wayne","M001198","1960-08-09",3,1,22062,60.4024640657084,"Boomers","MARSHALL",""
"19346",118,"2023-01-03","Senate","KS",200,"MARSHALL, Roger Wayne","M001198","1960-08-09",4,2,22792,62.4010951403149,"Boomers","MARSHALL",""
"19484",68,"1923-03-04","Senate","WV",100,"NEELY, Matthew Mansfield","N000023","1874-11-09",5,1,17646,48.3121149897331,"Missionary","NEELY",""
"19485",69,"1925-03-04","Senate","WV",100,"NEELY, Matthew Mansfield","N000023","1874-11-09",6,2,18377,50.3134839151266,"Missionary","NEELY",""
"19486",70,"1927-03-04","Senate","WV",100,"NEELY, Matthew Mansfield","N000023","1874-11-09",7,3,19107,52.3121149897331,"Missionary","NEELY",""
"19487",72,"1931-03-04","Senate","WV",100,"NEELY, Matthew Mansfield","N000023","1874-11-09",8,4,20568,56.3121149897331,"Missionary","NEELY",""
"19488",73,"1933-03-04","Senate","WV",100,"NEELY, Matthew Mansfield","N000023","1874-11-09",9,5,21299,58.3134839151266,"Missionary","NEELY",""
"19489",74,"1935-01-03","Senate","WV",100,"NEELY, Matthew Mansfield","N000023","1874-11-09",10,6,21969,60.1478439425051,"Missionary","NEELY",""
"19490",75,"1937-01-03","Senate","WV",100,"NEELY, Matthew Mansfield","N000023","1874-11-09",11,7,22700,62.1492128678987,"Missionary","NEELY",""
"19491",76,"1939-01-03","Senate","WV",100,"NEELY, Matthew Mansfield","N000023","1874-11-09",12,8,23430,64.1478439425051,"Missionary","NEELY",""
"19492",77,"1941-01-03","Senate","WV",100,"NEELY, Matthew Mansfield","N000023","1874-11-09",13,9,24161,66.1492128678987,"Missionary","NEELY",""
"19494",81,"1949-01-03","Senate","WV",100,"NEELY, Matthew Mansfield","N000023","1874-11-09",15,10,27083,74.1492128678987,"Missionary","NEELY",""
"19495",82,"1951-01-03","Senate","WV",100,"NEELY, Matthew Mansfield","N000023","1874-11-09",16,11,27813,76.1478439425051,"Missionary","NEELY",""
"19496",83,"1953-01-03","Senate","WV",100,"NEELY, Matthew Mansfield","N000023","1874-11-09",17,12,28544,78.1492128678987,"Missionary","NEELY",""
"19497",84,"1955-01-03","Senate","WV",100,"NEELY, Matthew Mansfield","N000023","1874-11-09",18,13,29274,80.1478439425051,"Missionary","NEELY",""
"19498",85,"1957-01-03","Senate","WV",100,"NEELY, Matthew Mansfield","N000023","1874-11-09",19,14,30005,82.1492128678987,"Missionary","NEELY",""
"19512",77,"1941-01-03","Senate","MN",200,"NELSON, Arthur Emanuel","N000030","1892-05-10",1,1,17769,48.6488706365503,"Lost","NELSON",""
"19523",107,"2001-01-03","Senate","FL",100,"NELSON, Clarence William (Bill)","N000032","1942-09-29",7,1,21281,58.2642026009582,"Silent","NELSON",""
"19524",108,"2003-01-03","Senate","FL",100,"NELSON, Clarence William (Bill)","N000032","1942-09-29",8,2,22011,60.2628336755647,"Silent","NELSON",""
"19525",109,"2005-01-03","Senate","FL",100,"NELSON, Clarence William (Bill)","N000032","1942-09-29",9,3,22742,62.2642026009582,"Silent","NELSON",""
"19526",110,"2007-01-03","Senate","FL",100,"NELSON, Clarence William (Bill)","N000032","1942-09-29",10,4,23472,64.2628336755647,"Silent","NELSON",""
"19527",111,"2009-01-03","Senate","FL",100,"NELSON, Clarence William (Bill)","N000032","1942-09-29",11,5,24203,66.2642026009582,"Silent","NELSON",""
"19528",112,"2011-01-03","Senate","FL",100,"NELSON, Clarence William (Bill)","N000032","1942-09-29",12,6,24933,68.2628336755647,"Silent","NELSON",""
"19529",113,"2013-01-03","Senate","FL",100,"NELSON, Clarence William (Bill)","N000032","1942-09-29",13,7,25664,70.2642026009582,"Silent","NELSON",""
"19530",114,"2015-01-03","Senate","FL",100,"NELSON, Clarence William (Bill)","N000032","1942-09-29",14,8,26394,72.2628336755647,"Silent","NELSON",""
"19531",115,"2017-01-03","Senate","FL",100,"NELSON, Clarence William (Bill)","N000032","1942-09-29",15,9,27125,74.2642026009582,"Silent","NELSON",""
"19532",88,"1963-01-03","Senate","WI",100,"NELSON, Gaylord Anton","N000033","1916-06-04",1,1,17014,46.5817932922656,"Greatest","NELSON",""
"19533",89,"1965-01-03","Senate","WI",100,"NELSON, Gaylord Anton","N000033","1916-06-04",2,2,17745,48.5831622176591,"Greatest","NELSON",""
"19534",90,"1967-01-03","Senate","WI",100,"NELSON, Gaylord Anton","N000033","1916-06-04",3,3,18475,50.5817932922656,"Greatest","NELSON",""
"19535",91,"1969-01-03","Senate","WI",100,"NELSON, Gaylord Anton","N000033","1916-06-04",4,4,19206,52.5831622176591,"Greatest","NELSON",""
"19536",92,"1971-01-03","Senate","WI",100,"NELSON, Gaylord Anton","N000033","1916-06-04",5,5,19936,54.5817932922656,"Greatest","NELSON",""
"19537",93,"1973-01-03","Senate","WI",100,"NELSON, Gaylord Anton","N000033","1916-06-04",6,6,20667,56.5831622176591,"Greatest","NELSON",""
"19538",94,"1975-01-03","Senate","WI",100,"NELSON, Gaylord Anton","N000033","1916-06-04",7,7,21397,58.5817932922656,"Greatest","NELSON",""
"19539",95,"1977-01-03","Senate","WI",100,"NELSON, Gaylord Anton","N000033","1916-06-04",8,8,22128,60.5831622176591,"Greatest","NELSON",""
"19540",96,"1979-01-03","Senate","WI",100,"NELSON, Gaylord Anton","N000033","1916-06-04",9,9,22858,62.5817932922656,"Greatest","NELSON",""
"19553",66,"1919-03-04","Senate","MN",200,"NELSON, Knute","N000040","1843-02-02",16,13,27788,76.0793976728268,"Progressive","NELSON",""
"19554",67,"1921-03-04","Senate","MN",200,"NELSON, Knute","N000040","1843-02-02",17,14,28519,78.0807665982204,"Progressive","NELSON",""
"19555",68,"1923-03-04","Senate","MN",200,"NELSON, Knute","N000040","1843-02-02",18,15,29249,80.0793976728268,"Progressive","NELSON",""
"19571",86,"1959-01-03","Senate","OR",100,"NEUBERGER, Maurine Brown","N000052","1907-01-09",1,1,18987,51.9835728952772,"Greatest","NEUBERGER",""
"19572",87,"1961-01-03","Senate","OR",100,"NEUBERGER, Maurine Brown","N000052","1907-01-09",2,2,19718,53.9849418206708,"Greatest","NEUBERGER",""
"19573",88,"1963-01-03","Senate","OR",100,"NEUBERGER, Maurine Brown","N000052","1907-01-09",3,3,20448,55.9835728952772,"Greatest","NEUBERGER",""
"19574",89,"1965-01-03","Senate","OR",100,"NEUBERGER, Maurine Brown","N000052","1907-01-09",4,4,21179,57.9849418206708,"Greatest","NEUBERGER",""
"19575",84,"1955-01-03","Senate","OR",100,"NEUBERGER, Richard Lewis","N000053","1912-12-26",1,1,15348,42.0205338809035,"Greatest","NEUBERGER",""
"19576",85,"1957-01-03","Senate","OR",100,"NEUBERGER, Richard Lewis","N000053","1912-12-26",2,2,16079,44.0219028062971,"Greatest","NEUBERGER",""
"19577",86,"1959-01-03","Senate","OR",100,"NEUBERGER, Richard Lewis","N000053","1912-12-26",3,3,16809,46.0205338809035,"Greatest","NEUBERGER",""
"19580",66,"1919-03-04","Senate","IN",200,"NEW, Harry Stewart","N000059","1858-12-31",2,2,21977,60.1697467488022,"Progressive","NEW",""
"19581",67,"1921-03-04","Senate","IN",200,"NEW, Harry Stewart","N000059","1858-12-31",3,3,22708,62.1711156741958,"Progressive","NEW",""
"19582",66,"1919-03-04","Senate","MI",200,"NEWBERRY, Truman Handy","N000062","1864-11-05",1,1,19841,54.321697467488,"Missionary","NEWBERRY",""
"19583",67,"1921-03-04","Senate","MI",200,"NEWBERRY, Truman Handy","N000062","1864-11-05",2,2,20572,56.3230663928816,"Missionary","NEWBERRY",""
"19627",67,"1921-03-04","Senate","CO",200,"NICHOLSON, Samuel Danford","N000101","1859-02-22",1,1,22655,62.0260095824778,"Progressive","NICHOLSON",""
"19628",68,"1923-03-04","Senate","CO",200,"NICHOLSON, Samuel Danford","N000101","1859-02-22",2,2,23385,64.0246406570842,"Progressive","NICHOLSON",""
"19629",97,"1981-01-03","Senate","OK",200,"NICKLES, Donald Lee","N000102","1948-12-06",1,1,11716,32.0766598220397,"Boomers","NICKLES",""
"19630",98,"1983-01-03","Senate","OK",200,"NICKLES, Donald Lee","N000102","1948-12-06",2,2,12446,34.0752908966461,"Boomers","NICKLES",""
"19631",99,"1985-01-03","Senate","OK",200,"NICKLES, Donald Lee","N000102","1948-12-06",3,3,13177,36.0766598220397,"Boomers","NICKLES",""
"19632",100,"1987-01-03","Senate","OK",200,"NICKLES, Donald Lee","N000102","1948-12-06",4,4,13907,38.0752908966461,"Boomers","NICKLES",""
"19633",101,"1989-01-03","Senate","OK",200,"NICKLES, Donald Lee","N000102","1948-12-06",5,5,14638,40.0766598220397,"Boomers","NICKLES",""
"19634",102,"1991-01-03","Senate","OK",200,"NICKLES, Donald Lee","N000102","1948-12-06",6,6,15368,42.0752908966461,"Boomers","NICKLES",""
"19635",103,"1993-01-03","Senate","OK",200,"NICKLES, Donald Lee","N000102","1948-12-06",7,7,16099,44.0766598220397,"Boomers","NICKLES",""
"19636",104,"1995-01-03","Senate","OK",200,"NICKLES, Donald Lee","N000102","1948-12-06",8,8,16829,46.0752908966461,"Boomers","NICKLES",""
"19637",105,"1997-01-03","Senate","OK",200,"NICKLES, Donald Lee","N000102","1948-12-06",9,9,17560,48.0766598220397,"Boomers","NICKLES",""
"19638",106,"1999-01-03","Senate","OK",200,"NICKLES, Donald Lee","N000102","1948-12-06",10,10,18290,50.0752908966461,"Boomers","NICKLES",""
"19639",107,"2001-01-03","Senate","OK",200,"NICKLES, Donald Lee","N000102","1948-12-06",11,11,19021,52.0766598220397,"Boomers","NICKLES",""
"19640",108,"2003-01-03","Senate","OK",200,"NICKLES, Donald Lee","N000102","1948-12-06",12,12,19751,54.0752908966461,"Boomers","NICKLES",""
"19662",82,"1951-01-03","Senate","CA",200,"NIXON, Richard Milhous","N000116","1913-01-09",3,1,13873,37.9822039698836,"Greatest","NIXON",""
"19677",67,"1921-03-04","Senate","SD",200,"NORBECK, Peter","N000132","1870-08-27",1,1,18451,50.5160848733744,"Missionary","NORBECK",""
"19678",68,"1923-03-04","Senate","SD",200,"NORBECK, Peter","N000132","1870-08-27",2,2,19181,52.5147159479808,"Missionary","NORBECK",""
"19679",69,"1925-03-04","Senate","SD",200,"NORBECK, Peter","N000132","1870-08-27",3,3,19912,54.5160848733744,"Missionary","NORBECK",""
"19680",70,"1927-03-04","Senate","SD",200,"NORBECK, Peter","N000132","1870-08-27",4,4,20642,56.5147159479808,"Missionary","NORBECK",""
"19681",71,"1929-03-04","Senate","SD",200,"NORBECK, Peter","N000132","1870-08-27",5,5,21373,58.5160848733744,"Missionary","NORBECK",""
"19682",72,"1931-03-04","Senate","SD",200,"NORBECK, Peter","N000132","1870-08-27",6,6,22103,60.5147159479808,"Missionary","NORBECK",""
"19683",73,"1933-03-04","Senate","SD",200,"NORBECK, Peter","N000132","1870-08-27",7,7,22834,62.5160848733744,"Missionary","NORBECK",""
"19684",74,"1935-01-03","Senate","SD",200,"NORBECK, Peter","N000132","1870-08-27",8,8,23504,64.3504449007529,"Missionary","NORBECK",""
"19710",66,"1919-03-04","Senate","NE",200,"NORRIS, George William","N000139","1861-07-11",9,4,21054,57.6427104722793,"Missionary","NORRIS",""
"19711",67,"1921-03-04","Senate","NE",200,"NORRIS, George William","N000139","1861-07-11",10,5,21785,59.6440793976728,"Missionary","NORRIS",""
"19712",68,"1923-03-04","Senate","NE",200,"NORRIS, George William","N000139","1861-07-11",11,6,22515,61.6427104722793,"Missionary","NORRIS",""
"19713",69,"1925-03-04","Senate","NE",200,"NORRIS, George William","N000139","1861-07-11",12,7,23246,63.6440793976728,"Missionary","NORRIS",""
"19714",70,"1927-03-04","Senate","NE",200,"NORRIS, George William","N000139","1861-07-11",13,8,23976,65.6427104722793,"Missionary","NORRIS",""
"19715",71,"1929-03-04","Senate","NE",200,"NORRIS, George William","N000139","1861-07-11",14,9,24707,67.6440793976728,"Missionary","NORRIS",""
"19716",72,"1931-03-04","Senate","NE",200,"NORRIS, George William","N000139","1861-07-11",15,10,25437,69.6427104722793,"Missionary","NORRIS",""
"19717",73,"1933-03-04","Senate","NE",200,"NORRIS, George William","N000139","1861-07-11",16,11,26168,71.6440793976728,"Missionary","NORRIS",""
"19718",74,"1935-01-03","Senate","NE",200,"NORRIS, George William","N000139","1861-07-11",17,12,26838,73.4784394250513,"Missionary","NORRIS",""
"19719",75,"1937-01-03","Senate","NE",328,"NORRIS, George William","N000139","1861-07-11",18,13,27569,75.4798083504449,"Missionary","NORRIS",""
"19720",76,"1939-01-03","Senate","NE",328,"NORRIS, George William","N000139","1861-07-11",19,14,28299,77.4784394250513,"Missionary","NORRIS",""
"19721",77,"1941-01-03","Senate","NE",328,"NORRIS, George William","N000139","1861-07-11",20,15,29030,79.4798083504449,"Missionary","NORRIS",""
"19759",66,"1919-03-04","Senate","ID",100,"NUGENT, John Frost","N000169","1868-06-28",2,2,18510,50.6776180698152,"Missionary","NUGENT",""
"19760",92,"1971-01-03","Senate","GA",100,"NUNN, Samuel Augustus","N000171","1938-09-08",1,1,11805,32.3203285420945,"Silent","NUNN",""
"19761",93,"1973-01-03","Senate","GA",100,"NUNN, Samuel Augustus","N000171","1938-09-08",2,2,12536,34.321697467488,"Silent","NUNN",""
"19762",94,"1975-01-03","Senate","GA",100,"NUNN, Samuel Augustus","N000171","1938-09-08",3,3,13266,36.3203285420945,"Silent","NUNN",""
"19763",95,"1977-01-03","Senate","GA",100,"NUNN, Samuel Augustus","N000171","1938-09-08",4,4,13997,38.321697467488,"Silent","NUNN",""
"19764",96,"1979-01-03","Senate","GA",100,"NUNN, Samuel Augustus","N000171","1938-09-08",5,5,14727,40.3203285420945,"Silent","NUNN",""
"19765",97,"1981-01-03","Senate","GA",100,"NUNN, Samuel Augustus","N000171","1938-09-08",6,6,15458,42.321697467488,"Silent","NUNN",""
"19766",98,"1983-01-03","Senate","GA",100,"NUNN, Samuel Augustus","N000171","1938-09-08",7,7,16188,44.3203285420945,"Silent","NUNN",""
"19767",99,"1985-01-03","Senate","GA",100,"NUNN, Samuel Augustus","N000171","1938-09-08",8,8,16919,46.321697467488,"Silent","NUNN",""
"19768",100,"1987-01-03","Senate","GA",100,"NUNN, Samuel Augustus","N000171","1938-09-08",9,9,17649,48.3203285420945,"Silent","NUNN",""
"19769",101,"1989-01-03","Senate","GA",100,"NUNN, Samuel Augustus","N000171","1938-09-08",10,10,18380,50.321697467488,"Silent","NUNN",""
"19770",102,"1991-01-03","Senate","GA",100,"NUNN, Samuel Augustus","N000171","1938-09-08",11,11,19110,52.3203285420945,"Silent","NUNN",""
"19771",103,"1993-01-03","Senate","GA",100,"NUNN, Samuel Augustus","N000171","1938-09-08",12,12,19841,54.321697467488,"Silent","NUNN",""
"19772",104,"1995-01-03","Senate","GA",100,"NUNN, Samuel Augustus","N000171","1938-09-08",13,13,20571,56.3203285420945,"Silent","NUNN",""
"19781",69,"1925-03-04","Senate","ND",200,"NYE, Gerald Prentice","N000176","1892-12-19",1,1,11762,32.2026009582478,"Lost","NYE",""
"19782",70,"1927-03-04","Senate","ND",200,"NYE, Gerald Prentice","N000176","1892-12-19",2,2,12492,34.2012320328542,"Lost","NYE",""
"19783",71,"1929-03-04","Senate","ND",200,"NYE, Gerald Prentice","N000176","1892-12-19",3,3,13223,36.2026009582478,"Lost","NYE",""
"19784",72,"1931-03-04","Senate","ND",200,"NYE, Gerald Prentice","N000176","1892-12-19",4,4,13953,38.2012320328542,"Lost","NYE",""
"19785",73,"1933-03-04","Senate","ND",200,"NYE, Gerald Prentice","N000176","1892-12-19",5,5,14684,40.2026009582478,"Lost","NYE",""
"19786",74,"1935-01-03","Senate","ND",200,"NYE, Gerald Prentice","N000176","1892-12-19",6,6,15354,42.0369609856263,"Lost","NYE",""
"19787",75,"1937-01-03","Senate","ND",200,"NYE, Gerald Prentice","N000176","1892-12-19",7,7,16085,44.0383299110199,"Lost","NYE",""
"19788",76,"1939-01-03","Senate","ND",200,"NYE, Gerald Prentice","N000176","1892-12-19",8,8,16815,46.0369609856263,"Lost","NYE",""
"19789",77,"1941-01-03","Senate","ND",200,"NYE, Gerald Prentice","N000176","1892-12-19",9,9,17546,48.0383299110199,"Lost","NYE",""
"19790",78,"1943-01-03","Senate","ND",200,"NYE, Gerald Prentice","N000176","1892-12-19",10,10,18276,50.0369609856263,"Lost","NYE",""
"19806",107,"2001-01-03","Senate","NE",100,"NELSON, Earl Benjamin (Ben)","N000180","1941-05-17",1,1,21781,59.6331279945243,"Silent","NELSON",""
"19807",108,"2003-01-03","Senate","NE",100,"NELSON, Earl Benjamin (Ben)","N000180","1941-05-17",2,2,22511,61.6317590691307,"Silent","NELSON",""
"19808",109,"2005-01-03","Senate","NE",100,"NELSON, Earl Benjamin (Ben)","N000180","1941-05-17",3,3,23242,63.6331279945243,"Silent","NELSON",""
"19809",110,"2007-01-03","Senate","NE",100,"NELSON, Earl Benjamin (Ben)","N000180","1941-05-17",4,4,23972,65.6317590691307,"Silent","NELSON",""
"19810",111,"2009-01-03","Senate","NE",100,"NELSON, Earl Benjamin (Ben)","N000180","1941-05-17",5,5,24703,67.6331279945243,"Silent","NELSON",""
"19811",112,"2011-01-03","Senate","NE",100,"NELSON, Earl Benjamin (Ben)","N000180","1941-05-17",6,6,25433,69.6317590691307,"Silent","NELSON",""
"19986",80,"1947-01-03","Senate","MD",100,"O'CONOR, Herbert Romulus","O000032","1896-11-17",1,1,18308,50.1245722108145,"Lost","O'CONOR",""
"19987",81,"1949-01-03","Senate","MD",100,"O'CONOR, Herbert Romulus","O000032","1896-11-17",2,2,19039,52.1259411362081,"Lost","O'CONOR",""
"19988",82,"1951-01-03","Senate","MD",100,"O'CONOR, Herbert Romulus","O000032","1896-11-17",3,3,19769,54.1245722108145,"Lost","O'CONOR",""
"19993",77,"1941-01-03","Senate","TX",100,"O'DANIEL, Wilbert Lee (Pappy)","O000034","1890-03-11",1,1,18560,50.8145106091718,"Lost","O'DANIEL",""
"19994",78,"1943-01-03","Senate","TX",100,"O'DANIEL, Wilbert Lee (Pappy)","O000034","1890-03-11",2,2,19290,52.8131416837782,"Lost","O'DANIEL",""
"19995",79,"1945-01-03","Senate","TX",100,"O'DANIEL, Wilbert Lee (Pappy)","O000034","1890-03-11",3,3,20021,54.8145106091718,"Lost","O'DANIEL",""
"19996",80,"1947-01-03","Senate","TX",100,"O'DANIEL, Wilbert Lee (Pappy)","O000034","1890-03-11",4,4,20751,56.8131416837782,"Lost","O'DANIEL",""
"19997",67,"1921-03-04","Senate","NV",200,"ODDIE, Tasker Lowndes","O000035","1870-10-20",1,1,18397,50.3682409308693,"Missionary","ODDIE",""
"19998",68,"1923-03-04","Senate","NV",200,"ODDIE, Tasker Lowndes","O000035","1870-10-20",2,2,19127,52.3668720054757,"Missionary","ODDIE",""
"19999",69,"1925-03-04","Senate","NV",200,"ODDIE, Tasker Lowndes","O000035","1870-10-20",3,3,19858,54.3682409308693,"Missionary","ODDIE",""
"20000",70,"1927-03-04","Senate","NV",200,"ODDIE, Tasker Lowndes","O000035","1870-10-20",4,4,20588,56.3668720054757,"Missionary","ODDIE",""
"20001",71,"1929-03-04","Senate","NV",200,"ODDIE, Tasker Lowndes","O000035","1870-10-20",5,5,21319,58.3682409308693,"Missionary","ODDIE",""
"20002",72,"1931-03-04","Senate","NV",200,"ODDIE, Tasker Lowndes","O000035","1870-10-20",6,6,22049,60.3668720054757,"Missionary","ODDIE",""
"20109",73,"1933-03-04","Senate","WY",100,"O'MAHONEY, Joseph Christopher","O000088","1884-11-05",1,1,17650,48.3230663928816,"Lost","O'MAHONEY",""
"20110",74,"1935-01-03","Senate","WY",100,"O'MAHONEY, Joseph Christopher","O000088","1884-11-05",2,2,18320,50.1574264202601,"Lost","O'MAHONEY",""
"20111",75,"1937-01-03","Senate","WY",100,"O'MAHONEY, Joseph Christopher","O000088","1884-11-05",3,3,19051,52.1587953456537,"Lost","O'MAHONEY",""
"20112",76,"1939-01-03","Senate","WY",100,"O'MAHONEY, Joseph Christopher","O000088","1884-11-05",4,4,19781,54.1574264202601,"Lost","O'MAHONEY",""
"20113",77,"1941-01-03","Senate","WY",100,"O'MAHONEY, Joseph Christopher","O000088","1884-11-05",5,5,20512,56.1587953456537,"Lost","O'MAHONEY",""
"20114",78,"1943-01-03","Senate","WY",100,"O'MAHONEY, Joseph Christopher","O000088","1884-11-05",6,6,21242,58.1574264202601,"Lost","O'MAHONEY",""
"20115",79,"1945-01-03","Senate","WY",100,"O'MAHONEY, Joseph Christopher","O000088","1884-11-05",7,7,21973,60.1587953456537,"Lost","O'MAHONEY",""
"20116",80,"1947-01-03","Senate","WY",100,"O'MAHONEY, Joseph Christopher","O000088","1884-11-05",8,8,22703,62.1574264202601,"Lost","O'MAHONEY",""
"20117",81,"1949-01-03","Senate","WY",100,"O'MAHONEY, Joseph Christopher","O000088","1884-11-05",9,9,23434,64.1587953456537,"Lost","O'MAHONEY",""
"20118",82,"1951-01-03","Senate","WY",100,"O'MAHONEY, Joseph Christopher","O000088","1884-11-05",10,10,24164,66.1574264202601,"Lost","O'MAHONEY",""
"20119",83,"1953-01-03","Senate","WY",100,"O'MAHONEY, Joseph Christopher","O000088","1884-11-05",11,11,24895,68.1587953456537,"Lost","O'MAHONEY",""
"20120",84,"1955-01-03","Senate","WY",100,"O'MAHONEY, Joseph Christopher","O000088","1884-11-05",12,12,25625,70.1574264202601,"Lost","O'MAHONEY",""
"20121",85,"1957-01-03","Senate","WY",100,"O'MAHONEY, Joseph Christopher","O000088","1884-11-05",13,13,26356,72.1587953456537,"Lost","O'MAHONEY",""
"20122",86,"1959-01-03","Senate","WY",100,"O'MAHONEY, Joseph Christopher","O000088","1884-11-05",14,14,27086,74.1574264202601,"Lost","O'MAHONEY",""
"20207",66,"1919-03-04","Senate","NC",100,"OVERMAN, Lee Slater","O000140","1854-01-03",9,9,23800,65.160848733744,"Progressive","OVERMAN",""
"20208",67,"1921-03-04","Senate","NC",100,"OVERMAN, Lee Slater","O000140","1854-01-03",10,10,24531,67.1622176591376,"Progressive","OVERMAN",""
"20209",68,"1923-03-04","Senate","NC",100,"OVERMAN, Lee Slater","O000140","1854-01-03",11,11,25261,69.160848733744,"Progressive","OVERMAN",""
"20210",69,"1925-03-04","Senate","NC",100,"OVERMAN, Lee Slater","O000140","1854-01-03",12,12,25992,71.1622176591376,"Progressive","OVERMAN",""
"20211",70,"1927-03-04","Senate","NC",100,"OVERMAN, Lee Slater","O000140","1854-01-03",13,13,26722,73.160848733744,"Progressive","OVERMAN",""
"20212",71,"1929-03-04","Senate","NC",100,"OVERMAN, Lee Slater","O000140","1854-01-03",14,14,27453,75.1622176591376,"Progressive","OVERMAN",""
"20216",73,"1933-03-04","Senate","LA",100,"OVERTON, John Holmes","O000146","1875-09-17",2,1,20987,57.4592744695414,"Missionary","OVERTON",""
"20217",74,"1935-01-03","Senate","LA",100,"OVERTON, John Holmes","O000146","1875-09-17",3,2,21657,59.2936344969199,"Missionary","OVERTON",""
"20218",75,"1937-01-03","Senate","LA",100,"OVERTON, John Holmes","O000146","1875-09-17",4,3,22388,61.2950034223135,"Missionary","OVERTON",""
"20219",76,"1939-01-03","Senate","LA",100,"OVERTON, John Holmes","O000146","1875-09-17",5,4,23118,63.2936344969199,"Missionary","OVERTON",""
"20220",77,"1941-01-03","Senate","LA",100,"OVERTON, John Holmes","O000146","1875-09-17",6,5,23849,65.2950034223135,"Missionary","OVERTON",""
"20221",78,"1943-01-03","Senate","LA",100,"OVERTON, John Holmes","O000146","1875-09-17",7,6,24579,67.2936344969199,"Missionary","OVERTON",""
"20222",79,"1945-01-03","Senate","LA",100,"OVERTON, John Holmes","O000146","1875-09-17",8,7,25310,69.2950034223135,"Missionary","OVERTON",""
"20223",80,"1947-01-03","Senate","LA",100,"OVERTON, John Holmes","O000146","1875-09-17",9,8,26040,71.2936344969199,"Missionary","OVERTON",""
"20228",66,"1919-03-04","Senate","OK",100,"OWEN, Robert Latham","O000153","1856-02-02",7,7,23040,63.0800821355236,"Progressive","OWEN",""
"20229",67,"1921-03-04","Senate","OK",100,"OWEN, Robert Latham","O000153","1856-02-02",8,8,23771,65.0814510609172,"Progressive","OWEN",""
"20230",68,"1923-03-04","Senate","OK",100,"OWEN, Robert Latham","O000153","1856-02-02",9,9,24501,67.0800821355236,"Progressive","OWEN",""
"20272",109,"2005-01-03","Senate","IL",100,"OBAMA, Barack","O000167","1961-08-04",1,1,15858,43.4168377823409,"Boomers","OBAMA",""
"20273",110,"2007-01-03","Senate","IL",100,"OBAMA, Barack","O000167","1961-08-04",2,2,16588,45.4154688569473,"Boomers","OBAMA",""
"20295",117,"2021-01-03","Senate","GA",100,"OSSOFF, Thomas Jonathan (Jon)","O000174","1987-02-16",1,1,12375,33.8809034907598,"Millennial","OSSOFF",""
"20296",118,"2023-01-03","Senate","GA",100,"OSSOFF, Thomas Jonathan (Jon)","O000174","1987-02-16",2,2,13105,35.8795345653662,"Millennial","OSSOFF",""
"20314",91,"1969-01-03","Senate","OR",200,"PACKWOOD, Robert William","P000009","1932-09-11",1,1,13263,36.3121149897331,"Silent","PACKWOOD",""
"20315",92,"1971-01-03","Senate","OR",200,"PACKWOOD, Robert William","P000009","1932-09-11",2,2,13993,38.3107460643395,"Silent","PACKWOOD",""
"20316",93,"1973-01-03","Senate","OR",200,"PACKWOOD, Robert William","P000009","1932-09-11",3,3,14724,40.3121149897331,"Silent","PACKWOOD",""
"20317",94,"1975-01-03","Senate","OR",200,"PACKWOOD, Robert William","P000009","1932-09-11",4,4,15454,42.3107460643395,"Silent","PACKWOOD",""
"20318",95,"1977-01-03","Senate","OR",200,"PACKWOOD, Robert William","P000009","1932-09-11",5,5,16185,44.3121149897331,"Silent","PACKWOOD",""
"20319",96,"1979-01-03","Senate","OR",200,"PACKWOOD, Robert William","P000009","1932-09-11",6,6,16915,46.3107460643395,"Silent","PACKWOOD",""
"20320",97,"1981-01-03","Senate","OR",200,"PACKWOOD, Robert William","P000009","1932-09-11",7,7,17646,48.3121149897331,"Silent","PACKWOOD",""
"20321",98,"1983-01-03","Senate","OR",200,"PACKWOOD, Robert William","P000009","1932-09-11",8,8,18376,50.3107460643395,"Silent","PACKWOOD",""
"20322",99,"1985-01-03","Senate","OR",200,"PACKWOOD, Robert William","P000009","1932-09-11",9,9,19107,52.3121149897331,"Silent","PACKWOOD",""
"20323",100,"1987-01-03","Senate","OR",200,"PACKWOOD, Robert William","P000009","1932-09-11",10,10,19837,54.3107460643395,"Silent","PACKWOOD",""
"20324",101,"1989-01-03","Senate","OR",200,"PACKWOOD, Robert William","P000009","1932-09-11",11,11,20568,56.3121149897331,"Silent","PACKWOOD",""
"20325",102,"1991-01-03","Senate","OR",200,"PACKWOOD, Robert William","P000009","1932-09-11",12,12,21298,58.3107460643395,"Silent","PACKWOOD",""
"20326",103,"1993-01-03","Senate","OR",200,"PACKWOOD, Robert William","P000009","1932-09-11",13,13,22029,60.3121149897331,"Silent","PACKWOOD",""
"20327",104,"1995-01-03","Senate","OR",200,"PACKWOOD, Robert William","P000009","1932-09-11",14,14,22759,62.3107460643395,"Silent","PACKWOOD",""
"20331",66,"1919-03-04","Senate","VT",200,"PAGE, Carroll Smalley","P000014","1843-01-10",7,7,27811,76.1423682409309,"Progressive","PAGE",""
"20332",67,"1921-03-04","Senate","VT",200,"PAGE, Carroll Smalley","P000014","1843-01-10",8,8,28542,78.1437371663244,"Progressive","PAGE",""
"20417",71,"1929-03-04","Senate","VT",200,"PARTRIDGE, Frank Charles","P000091","1861-05-07",1,1,24772,67.8220396988364,"Missionary","PARTRIDGE",""
"20418",72,"1931-03-04","Senate","VT",200,"PARTRIDGE, Frank Charles","P000091","1861-05-07",2,2,25502,69.8206707734428,"Missionary","PARTRIDGE",""
"20466",81,"1949-01-03","Senate","RI",100,"PASTORE, John Orlando","P000100","1907-03-17",1,1,15268,41.8015058179329,"Greatest","PASTORE",""
"20467",82,"1951-01-03","Senate","RI",100,"PASTORE, John Orlando","P000100","1907-03-17",2,2,15998,43.8001368925394,"Greatest","PASTORE",""
"20468",83,"1953-01-03","Senate","RI",100,"PASTORE, John Orlando","P000100","1907-03-17",3,3,16729,45.8015058179329,"Greatest","PASTORE",""
"20469",84,"1955-01-03","Senate","RI",100,"PASTORE, John Orlando","P000100","1907-03-17",4,4,17459,47.8001368925394,"Greatest","PASTORE",""
"20470",85,"1957-01-03","Senate","RI",100,"PASTORE, John Orlando","P000100","1907-03-17",5,5,18190,49.8015058179329,"Greatest","PASTORE",""
"20471",86,"1959-01-03","Senate","RI",100,"PASTORE, John Orlando","P000100","1907-03-17",6,6,18920,51.8001368925394,"Greatest","PASTORE",""
"20472",87,"1961-01-03","Senate","RI",100,"PASTORE, John Orlando","P000100","1907-03-17",7,7,19651,53.8015058179329,"Greatest","PASTORE",""
"20473",88,"1963-01-03","Senate","RI",100,"PASTORE, John Orlando","P000100","1907-03-17",8,8,20381,55.8001368925394,"Greatest","PASTORE",""
"20474",89,"1965-01-03","Senate","RI",100,"PASTORE, John Orlando","P000100","1907-03-17",9,9,21112,57.8015058179329,"Greatest","PASTORE",""
"20475",90,"1967-01-03","Senate","RI",100,"PASTORE, John Orlando","P000100","1907-03-17",10,10,21842,59.8001368925394,"Greatest","PASTORE",""
"20476",91,"1969-01-03","Senate","RI",100,"PASTORE, John Orlando","P000100","1907-03-17",11,11,22573,61.8015058179329,"Greatest","PASTORE",""
"20477",92,"1971-01-03","Senate","RI",100,"PASTORE, John Orlando","P000100","1907-03-17",12,12,23303,63.8001368925394,"Greatest","PASTORE",""
"20478",93,"1973-01-03","Senate","RI",100,"PASTORE, John Orlando","P000100","1907-03-17",13,13,24034,65.8015058179329,"Greatest","PASTORE",""
"20479",94,"1975-01-03","Senate","RI",100,"PASTORE, John Orlando","P000100","1907-03-17",14,14,24764,67.8001368925394,"Greatest","PASTORE",""
"20547",71,"1929-03-04","Senate","MO",200,"PATTERSON, Roscoe Conkling","P000127","1876-09-15",2,1,19162,52.4626967830253,"Missionary","PATTERSON",""
"20548",72,"1931-03-04","Senate","MO",200,"PATTERSON, Roscoe Conkling","P000127","1876-09-15",3,2,19892,54.4613278576318,"Missionary","PATTERSON",""
"20549",73,"1933-03-04","Senate","MO",200,"PATTERSON, Roscoe Conkling","P000127","1876-09-15",4,3,20623,56.4626967830253,"Missionary","PATTERSON",""
"20558",117,"2021-01-03","Senate","CA",100,"PADILLA, Alejandro (Alex)","P000145","1973-03-22",1,1,17454,47.7864476386037,"Gen X","PADILLA",""
"20559",118,"2023-01-03","Senate","CA",100,"PADILLA, Alejandro (Alex)","P000145","1973-03-22",2,2,18184,49.7850787132101,"Gen X","PADILLA",""
"20577",83,"1953-01-03","Senate","ME",200,"PAYNE, Frederick George","P000150","1904-07-24",1,1,17695,48.4462696783025,"Greatest","PAYNE",""
"20578",84,"1955-01-03","Senate","ME",200,"PAYNE, Frederick George","P000150","1904-07-24",2,2,18425,50.444900752909,"Greatest","PAYNE",""
"20579",85,"1957-01-03","Senate","ME",200,"PAYNE, Frederick George","P000150","1904-07-24",3,3,19156,52.4462696783025,"Greatest","PAYNE",""
"20585",77,"1941-01-03","Senate","SC",100,"PEACE, Roger Craft","P000159","1899-05-19",1,1,15204,41.6262833675565,"Lost","PEACE",""
"20590",87,"1961-01-03","Senate","KS",200,"PEARSON, James Blackwood","P000166","1920-05-07",1,1,14851,40.6598220396988,"Greatest","PEARSON",""
"20591",88,"1963-01-03","Senate","KS",200,"PEARSON, James Blackwood","P000166","1920-05-07",2,2,15581,42.6584531143053,"Greatest","PEARSON",""
"20592",89,"1965-01-03","Senate","KS",200,"PEARSON, James Blackwood","P000166","1920-05-07",3,3,16312,44.6598220396988,"Greatest","PEARSON",""
"20593",90,"1967-01-03","Senate","KS",200,"PEARSON, James Blackwood","P000166","1920-05-07",4,4,17042,46.6584531143053,"Greatest","PEARSON",""
"20594",91,"1969-01-03","Senate","KS",200,"PEARSON, James Blackwood","P000166","1920-05-07",5,5,17773,48.6598220396988,"Greatest","PEARSON",""
"20595",92,"1971-01-03","Senate","KS",200,"PEARSON, James Blackwood","P000166","1920-05-07",6,6,18503,50.6584531143053,"Greatest","PEARSON",""
"20596",93,"1973-01-03","Senate","KS",200,"PEARSON, James Blackwood","P000166","1920-05-07",7,7,19234,52.6598220396988,"Greatest","PEARSON",""
"20597",94,"1975-01-03","Senate","KS",200,"PEARSON, James Blackwood","P000166","1920-05-07",8,8,19964,54.6584531143053,"Greatest","PEARSON",""
"20598",95,"1977-01-03","Senate","KS",200,"PEARSON, James Blackwood","P000166","1920-05-07",9,9,20695,56.6598220396988,"Greatest","PEARSON",""
"20619",87,"1961-01-03","Senate","RI",100,"PELL, Claiborne de Borda","P000193","1918-11-22",1,1,15383,42.1163586584531,"Greatest","PELL",""
"20620",88,"1963-01-03","Senate","RI",100,"PELL, Claiborne de Borda","P000193","1918-11-22",2,2,16113,44.1149897330595,"Greatest","PELL",""
"20621",89,"1965-01-03","Senate","RI",100,"PELL, Claiborne de Borda","P000193","1918-11-22",3,3,16844,46.1163586584531,"Greatest","PELL",""
"20622",90,"1967-01-03","Senate","RI",100,"PELL, Claiborne de Borda","P000193","1918-11-22",4,4,17574,48.1149897330595,"Greatest","PELL",""
"20623",91,"1969-01-03","Senate","RI",100,"PELL, Claiborne de Borda","P000193","1918-11-22",5,5,18305,50.1163586584531,"Greatest","PELL",""
"20624",92,"1971-01-03","Senate","RI",100,"PELL, Claiborne de Borda","P000193","1918-11-22",6,6,19035,52.1149897330595,"Greatest","PELL",""
"20625",93,"1973-01-03","Senate","RI",100,"PELL, Claiborne de Borda","P000193","1918-11-22",7,7,19766,54.1163586584531,"Greatest","PELL",""
"20626",94,"1975-01-03","Senate","RI",100,"PELL, Claiborne de Borda","P000193","1918-11-22",8,8,20496,56.1149897330595,"Greatest","PELL",""
"20627",95,"1977-01-03","Senate","RI",100,"PELL, Claiborne de Borda","P000193","1918-11-22",9,9,21227,58.1163586584531,"Greatest","PELL",""
"20628",96,"1979-01-03","Senate","RI",100,"PELL, Claiborne de Borda","P000193","1918-11-22",10,10,21957,60.1149897330595,"Greatest","PELL",""
"20629",97,"1981-01-03","Senate","RI",100,"PELL, Claiborne de Borda","P000193","1918-11-22",11,11,22688,62.1163586584531,"Greatest","PELL",""
"20630",98,"1983-01-03","Senate","RI",100,"PELL, Claiborne de Borda","P000193","1918-11-22",12,12,23418,64.1149897330595,"Greatest","PELL",""
"20631",99,"1985-01-03","Senate","RI",100,"PELL, Claiborne de Borda","P000193","1918-11-22",13,13,24149,66.1163586584531,"Greatest","PELL",""
"20632",100,"1987-01-03","Senate","RI",100,"PELL, Claiborne de Borda","P000193","1918-11-22",14,14,24879,68.1149897330595,"Greatest","PELL",""
"20633",101,"1989-01-03","Senate","RI",100,"PELL, Claiborne de Borda","P000193","1918-11-22",15,15,25610,70.1163586584531,"Greatest","PELL",""
"20634",102,"1991-01-03","Senate","RI",100,"PELL, Claiborne de Borda","P000193","1918-11-22",16,16,26340,72.1149897330595,"Greatest","PELL",""
"20635",103,"1993-01-03","Senate","RI",100,"PELL, Claiborne de Borda","P000193","1918-11-22",17,17,27071,74.1163586584531,"Greatest","PELL",""
"20636",104,"1995-01-03","Senate","RI",100,"PELL, Claiborne de Borda","P000193","1918-11-22",18,18,27801,76.1149897330595,"Greatest","PELL",""
"20673",66,"1919-03-04","Senate","PA",200,"PENROSE, Boies","P000217","1860-11-01",12,12,21306,58.3326488706366,"Missionary","PENROSE",""
"20674",67,"1921-03-04","Senate","PA",200,"PENROSE, Boies","P000217","1860-11-01",13,13,22037,60.3340177960301,"Missionary","PENROSE",""
"20675",74,"1935-01-03","Senate","FL",100,"PEPPER, Claude Denson","P000218","1900-09-08",1,1,12535,34.3189596167009,"Lost","PEPPER",""
"20676",75,"1937-01-03","Senate","FL",100,"PEPPER, Claude Denson","P000218","1900-09-08",2,2,13266,36.3203285420945,"Lost","PEPPER",""
"20677",76,"1939-01-03","Senate","FL",100,"PEPPER, Claude Denson","P000218","1900-09-08",3,3,13996,38.3189596167009,"Lost","PEPPER",""
"20678",77,"1941-01-03","Senate","FL",100,"PEPPER, Claude Denson","P000218","1900-09-08",4,4,14727,40.3203285420945,"Lost","PEPPER",""
"20679",78,"1943-01-03","Senate","FL",100,"PEPPER, Claude Denson","P000218","1900-09-08",5,5,15457,42.3189596167009,"Lost","PEPPER",""
"20680",79,"1945-01-03","Senate","FL",100,"PEPPER, Claude Denson","P000218","1900-09-08",6,6,16188,44.3203285420945,"Lost","PEPPER",""
"20681",80,"1947-01-03","Senate","FL",100,"PEPPER, Claude Denson","P000218","1900-09-08",7,7,16918,46.3189596167009,"Lost","PEPPER",""
"20682",81,"1949-01-03","Senate","FL",100,"PEPPER, Claude Denson","P000218","1900-09-08",8,8,17649,48.3203285420945,"Lost","PEPPER",""
"20697",67,"1921-03-04","Senate","PA",200,"PEPPER, George Wharton","P000219","1867-03-16",1,1,19711,53.9657768651608,"Missionary","PEPPER",""
"20698",68,"1923-03-04","Senate","PA",200,"PEPPER, George Wharton","P000219","1867-03-16",2,2,20441,55.9644079397673,"Missionary","PEPPER",""
"20699",69,"1925-03-04","Senate","PA",200,"PEPPER, George Wharton","P000219","1867-03-16",3,3,21172,57.9657768651608,"Missionary","PEPPER",""
"20700",90,"1967-01-03","Senate","IL",200,"PERCY, Charles Harting","P000222","1919-09-27",1,1,17265,47.2689938398357,"Greatest","PERCY",""
"20701",91,"1969-01-03","Senate","IL",200,"PERCY, Charles Harting","P000222","1919-09-27",2,2,17996,49.2703627652293,"Greatest","PERCY",""
"20702",92,"1971-01-03","Senate","IL",200,"PERCY, Charles Harting","P000222","1919-09-27",3,3,18726,51.2689938398357,"Greatest","PERCY",""
"20703",93,"1973-01-03","Senate","IL",200,"PERCY, Charles Harting","P000222","1919-09-27",4,4,19457,53.2703627652293,"Greatest","PERCY",""
"20704",94,"1975-01-03","Senate","IL",200,"PERCY, Charles Harting","P000222","1919-09-27",5,5,20187,55.2689938398357,"Greatest","PERCY",""
"20705",95,"1977-01-03","Senate","IL",200,"PERCY, Charles Harting","P000222","1919-09-27",6,6,20918,57.2703627652293,"Greatest","PERCY",""
"20706",96,"1979-01-03","Senate","IL",200,"PERCY, Charles Harting","P000222","1919-09-27",7,7,21648,59.2689938398357,"Greatest","PERCY",""
"20707",97,"1981-01-03","Senate","IL",200,"PERCY, Charles Harting","P000222","1919-09-27",8,8,22379,61.2703627652293,"Greatest","PERCY",""
"20708",98,"1983-01-03","Senate","IL",200,"PERCY, Charles Harting","P000222","1919-09-27",9,9,23109,63.2689938398357,"Greatest","PERCY",""
"20840",66,"1919-03-04","Senate","CA",100,"PHELAN, James Duval","P000290","1861-04-20",3,3,21136,57.8672142368241,"Missionary","PHELAN",""
"20868",66,"1919-03-04","Senate","CO",200,"PHIPPS, Lawrence Cowle","P000317","1862-08-30",1,1,20639,56.5065023956194,"Missionary","PHIPPS",""
"20869",67,"1921-03-04","Senate","CO",200,"PHIPPS, Lawrence Cowle","P000317","1862-08-30",2,2,21370,58.507871321013,"Missionary","PHIPPS",""
"20870",68,"1923-03-04","Senate","CO",200,"PHIPPS, Lawrence Cowle","P000317","1862-08-30",3,3,22100,60.5065023956194,"Missionary","PHIPPS",""
"20871",69,"1925-03-04","Senate","CO",200,"PHIPPS, Lawrence Cowle","P000317","1862-08-30",4,4,22831,62.507871321013,"Missionary","PHIPPS",""
"20872",70,"1927-03-04","Senate","CO",200,"PHIPPS, Lawrence Cowle","P000317","1862-08-30",5,5,23561,64.5065023956194,"Missionary","PHIPPS",""
"20873",71,"1929-03-04","Senate","CO",200,"PHIPPS, Lawrence Cowle","P000317","1862-08-30",6,6,24292,66.507871321013,"Missionary","PHIPPS",""
"20934",69,"1925-03-04","Senate","OK",200,"PINE, William Bliss","P000360","1877-12-30",1,1,17230,47.1731690622861,"Missionary","PINE",""
"20935",70,"1927-03-04","Senate","OK",200,"PINE, William Bliss","P000360","1877-12-30",2,2,17960,49.1718001368925,"Missionary","PINE",""
"20936",71,"1929-03-04","Senate","OK",200,"PINE, William Bliss","P000360","1877-12-30",3,3,18691,51.1731690622861,"Missionary","PINE",""
"20951",66,"1919-03-04","Senate","NV",100,"PITTMAN, Key","P000372","1872-09-12",5,5,16973,46.4695414099932,"Missionary","PITTMAN",""
"20952",67,"1921-03-04","Senate","NV",100,"PITTMAN, Key","P000372","1872-09-12",6,6,17704,48.4709103353867,"Missionary","PITTMAN",""
"20953",68,"1923-03-04","Senate","NV",100,"PITTMAN, Key","P000372","1872-09-12",7,7,18434,50.4695414099932,"Missionary","PITTMAN",""
"20954",69,"1925-03-04","Senate","NV",100,"PITTMAN, Key","P000372","1872-09-12",8,8,19165,52.4709103353867,"Missionary","PITTMAN",""
"20955",70,"1927-03-04","Senate","NV",100,"PITTMAN, Key","P000372","1872-09-12",9,9,19895,54.4695414099932,"Missionary","PITTMAN",""
"20956",71,"1929-03-04","Senate","NV",100,"PITTMAN, Key","P000372","1872-09-12",10,10,20626,56.4709103353867,"Missionary","PITTMAN",""
"20957",72,"1931-03-04","Senate","NV",100,"PITTMAN, Key","P000372","1872-09-12",11,11,21356,58.4695414099932,"Missionary","PITTMAN",""
"20958",73,"1933-03-04","Senate","NV",100,"PITTMAN, Key","P000372","1872-09-12",12,12,22087,60.4709103353867,"Missionary","PITTMAN",""
"20959",74,"1935-01-03","Senate","NV",100,"PITTMAN, Key","P000372","1872-09-12",13,13,22757,62.3052703627652,"Missionary","PITTMAN",""
"20960",75,"1937-01-03","Senate","NV",100,"PITTMAN, Key","P000372","1872-09-12",14,14,23488,64.3066392881588,"Missionary","PITTMAN",""
"20961",76,"1939-01-03","Senate","NV",100,"PITTMAN, Key","P000372","1872-09-12",15,15,24218,66.3052703627652,"Missionary","PITTMAN",""
"21022",66,"1919-03-04","Senate","WA",200,"POINDEXTER, Miles","P000403","1868-04-22",6,5,18577,50.861054072553,"Missionary","POINDEXTER",""
"21023",67,"1921-03-04","Senate","WA",200,"POINDEXTER, Miles","P000403","1868-04-22",7,6,19308,52.8624229979466,"Missionary","POINDEXTER",""
"21044",66,"1919-03-04","Senate","OH",100,"POMERENE, Atlee","P000420","1863-12-06",5,5,20176,55.2388774811773,"Missionary","POMERENE",""
"21045",67,"1921-03-04","Senate","OH",100,"POMERENE, Atlee","P000420","1863-12-06",6,6,20907,57.2402464065708,"Missionary","POMERENE",""
"21058",73,"1933-03-04","Senate","ID",100,"POPE, James Pinckney","P000430","1884-03-31",1,1,17869,48.9226557152635,"Lost","POPE",""
"21059",74,"1935-01-03","Senate","ID",100,"POPE, James Pinckney","P000430","1884-03-31",2,2,18539,50.757015742642,"Lost","POPE",""
"21060",75,"1937-01-03","Senate","ID",100,"POPE, James Pinckney","P000430","1884-03-31",3,3,19270,52.7583846680356,"Lost","POPE",""
"21087",112,"2011-01-03","Senate","OH",200,"PORTMAN, Robert Jones (Rob)","P000449","1955-12-19",8,1,20104,55.0417522245038,"Boomers","PORTMAN",""
"21088",113,"2013-01-03","Senate","OH",200,"PORTMAN, Robert Jones (Rob)","P000449","1955-12-19",9,2,20835,57.0431211498973,"Boomers","PORTMAN",""
"21089",114,"2015-01-03","Senate","OH",200,"PORTMAN, Robert Jones (Rob)","P000449","1955-12-19",10,3,21565,59.0417522245038,"Boomers","PORTMAN",""
"21090",115,"2017-01-03","Senate","OH",200,"PORTMAN, Robert Jones (Rob)","P000449","1955-12-19",11,4,22296,61.0431211498973,"Boomers","PORTMAN",""
"21091",116,"2019-01-03","Senate","OH",200,"PORTMAN, Robert Jones (Rob)","P000449","1955-12-19",12,5,23026,63.0417522245038,"Boomers","PORTMAN",""
"21092",117,"2021-01-03","Senate","OH",200,"PORTMAN, Robert Jones (Rob)","P000449","1955-12-19",13,6,23757,65.0431211498973,"Boomers","PORTMAN",""
"21101",83,"1953-01-03","Senate","MI",200,"POTTER, Charles Edward","P000460","1916-10-30",4,1,13214,36.1779603011636,"Greatest","POTTER",""
"21102",84,"1955-01-03","Senate","MI",200,"POTTER, Charles Edward","P000460","1916-10-30",5,2,13944,38.17659137577,"Greatest","POTTER",""
"21103",85,"1957-01-03","Senate","MI",200,"POTTER, Charles Edward","P000460","1916-10-30",6,3,14675,40.1779603011636,"Greatest","POTTER",""
"21156",96,"1979-01-03","Senate","SD",200,"PRESSLER, Larry Lee","P000513","1942-03-29",3,1,13429,36.766598220397,"Silent","PRESSLER",""
"21157",97,"1981-01-03","Senate","SD",200,"PRESSLER, Larry Lee","P000513","1942-03-29",4,2,14160,38.7679671457906,"Silent","PRESSLER",""
"21158",98,"1983-01-03","Senate","SD",200,"PRESSLER, Larry Lee","P000513","1942-03-29",5,3,14890,40.766598220397,"Silent","PRESSLER",""
"21159",99,"1985-01-03","Senate","SD",200,"PRESSLER, Larry Lee","P000513","1942-03-29",6,4,15621,42.7679671457906,"Silent","PRESSLER",""
"21160",100,"1987-01-03","Senate","SD",200,"PRESSLER, Larry Lee","P000513","1942-03-29",7,5,16351,44.766598220397,"Silent","PRESSLER",""
"21161",101,"1989-01-03","Senate","SD",200,"PRESSLER, Larry Lee","P000513","1942-03-29",8,6,17082,46.7679671457906,"Silent","PRESSLER",""
"21162",102,"1991-01-03","Senate","SD",200,"PRESSLER, Larry Lee","P000513","1942-03-29",9,7,17812,48.766598220397,"Silent","PRESSLER",""
"21163",103,"1993-01-03","Senate","SD",200,"PRESSLER, Larry Lee","P000513","1942-03-29",10,8,18543,50.7679671457906,"Silent","PRESSLER",""
"21164",104,"1995-01-03","Senate","SD",200,"PRESSLER, Larry Lee","P000513","1942-03-29",11,9,19273,52.766598220397,"Silent","PRESSLER",""
"21245",86,"1959-01-03","Senate","VT",200,"PROUTY, Winston Lewis","P000552","1906-09-01",5,1,19117,52.3394934976044,"Greatest","PROUTY",""
"21246",87,"1961-01-03","Senate","VT",200,"PROUTY, Winston Lewis","P000552","1906-09-01",6,2,19848,54.3408624229979,"Greatest","PROUTY",""
"21247",88,"1963-01-03","Senate","VT",200,"PROUTY, Winston Lewis","P000552","1906-09-01",7,3,20578,56.3394934976044,"Greatest","PROUTY",""
"21248",89,"1965-01-03","Senate","VT",200,"PROUTY, Winston Lewis","P000552","1906-09-01",8,4,21309,58.340862422998,"Greatest","PROUTY",""
"21249",90,"1967-01-03","Senate","VT",200,"PROUTY, Winston Lewis","P000552","1906-09-01",9,5,22039,60.3394934976044,"Greatest","PROUTY",""
"21250",91,"1969-01-03","Senate","VT",200,"PROUTY, Winston Lewis","P000552","1906-09-01",10,6,22770,62.340862422998,"Greatest","PROUTY",""
"21251",92,"1971-01-03","Senate","VT",200,"PROUTY, Winston Lewis","P000552","1906-09-01",11,7,23500,64.3394934976044,"Greatest","PROUTY",""
"21252",85,"1957-01-03","Senate","WI",100,"PROXMIRE, William","P000553","1915-11-11",1,1,15029,41.1471594798084,"Greatest","PROXMIRE",""
"21253",86,"1959-01-03","Senate","WI",100,"PROXMIRE, William","P000553","1915-11-11",2,2,15759,43.1457905544148,"Greatest","PROXMIRE",""
"21254",87,"1961-01-03","Senate","WI",100,"PROXMIRE, William","P000553","1915-11-11",3,3,16490,45.1471594798084,"Greatest","PROXMIRE",""
"21255",88,"1963-01-03","Senate","WI",100,"PROXMIRE, William","P000553","1915-11-11",4,4,17220,47.1457905544148,"Greatest","PROXMIRE",""
"21256",89,"1965-01-03","Senate","WI",100,"PROXMIRE, William","P000553","1915-11-11",5,5,17951,49.1471594798084,"Greatest","PROXMIRE",""
"21257",90,"1967-01-03","Senate","WI",100,"PROXMIRE, William","P000553","1915-11-11",6,6,18681,51.1457905544148,"Greatest","PROXMIRE",""
"21258",91,"1969-01-03","Senate","WI",100,"PROXMIRE, William","P000553","1915-11-11",7,7,19412,53.1471594798084,"Greatest","PROXMIRE",""
"21259",92,"1971-01-03","Senate","WI",100,"PROXMIRE, William","P000553","1915-11-11",8,8,20142,55.1457905544148,"Greatest","PROXMIRE",""
"21260",93,"1973-01-03","Senate","WI",100,"PROXMIRE, William","P000553","1915-11-11",9,9,20873,57.1471594798084,"Greatest","PROXMIRE",""
"21261",94,"1975-01-03","Senate","WI",100,"PROXMIRE, William","P000553","1915-11-11",10,10,21603,59.1457905544148,"Greatest","PROXMIRE",""
"21262",95,"1977-01-03","Senate","WI",100,"PROXMIRE, William","P000553","1915-11-11",11,11,22334,61.1471594798084,"Greatest","PROXMIRE",""
"21263",96,"1979-01-03","Senate","WI",100,"PROXMIRE, William","P000553","1915-11-11",12,12,23064,63.1457905544148,"Greatest","PROXMIRE",""
"21264",97,"1981-01-03","Senate","WI",100,"PROXMIRE, William","P000553","1915-11-11",13,13,23795,65.1471594798084,"Greatest","PROXMIRE",""
"21265",98,"1983-01-03","Senate","WI",100,"PROXMIRE, William","P000553","1915-11-11",14,14,24525,67.1457905544148,"Greatest","PROXMIRE",""
"21266",99,"1985-01-03","Senate","WI",100,"PROXMIRE, William","P000553","1915-11-11",15,15,25256,69.1471594798084,"Greatest","PROXMIRE",""
"21267",100,"1987-01-03","Senate","WI",100,"PROXMIRE, William","P000553","1915-11-11",16,16,25986,71.1457905544148,"Greatest","PROXMIRE",""
"21280",96,"1979-01-03","Senate","AR",100,"PRYOR, David Hampton","P000556","1934-08-29",5,1,16198,44.3477070499658,"Silent","PRYOR",""
"21281",97,"1981-01-03","Senate","AR",100,"PRYOR, David Hampton","P000556","1934-08-29",6,2,16929,46.3490759753593,"Silent","PRYOR",""
"21282",98,"1983-01-03","Senate","AR",100,"PRYOR, David Hampton","P000556","1934-08-29",7,3,17659,48.3477070499658,"Silent","PRYOR",""
"21283",99,"1985-01-03","Senate","AR",100,"PRYOR, David Hampton","P000556","1934-08-29",8,4,18390,50.3490759753593,"Silent","PRYOR",""
"21284",100,"1987-01-03","Senate","AR",100,"PRYOR, David Hampton","P000556","1934-08-29",9,5,19120,52.3477070499658,"Silent","PRYOR",""
"21285",101,"1989-01-03","Senate","AR",100,"PRYOR, David Hampton","P000556","1934-08-29",10,6,19851,54.3490759753593,"Silent","PRYOR",""
"21286",102,"1991-01-03","Senate","AR",100,"PRYOR, David Hampton","P000556","1934-08-29",11,7,20581,56.3477070499658,"Silent","PRYOR",""
"21287",103,"1993-01-03","Senate","AR",100,"PRYOR, David Hampton","P000556","1934-08-29",12,8,21312,58.3490759753593,"Silent","PRYOR",""
"21288",104,"1995-01-03","Senate","AR",100,"PRYOR, David Hampton","P000556","1934-08-29",13,9,22042,60.3477070499658,"Silent","PRYOR",""
"21317",82,"1951-01-03","Senate","CT",200,"PURTELL, William Arthur","P000575","1897-05-06",1,1,19599,53.6591375770021,"Lost","PURTELL",""
"21318",83,"1953-01-03","Senate","CT",200,"PURTELL, William Arthur","P000575","1897-05-06",2,2,20330,55.6605065023956,"Lost","PURTELL",""
"21319",84,"1955-01-03","Senate","CT",200,"PURTELL, William Arthur","P000575","1897-05-06",3,3,21060,57.659137577002,"Lost","PURTELL",""
"21320",85,"1957-01-03","Senate","CT",200,"PURTELL, William Arthur","P000575","1897-05-06",4,4,21791,59.6605065023956,"Lost","PURTELL",""
"21321",75,"1937-01-03","Senate","SD",200,"PYLE, Gladys","P000581","1890-10-04",1,1,16892,46.2477754962355,"Lost","PYLE",""
"21363",108,"2003-01-03","Senate","AR",100,"PRYOR, Mark","P000590","1963-01-10",1,1,14603,39.9808350444901,"Boomers","PRYOR",""
"21364",109,"2005-01-03","Senate","AR",100,"PRYOR, Mark","P000590","1963-01-10",2,2,15334,41.9822039698836,"Boomers","PRYOR",""
"21365",110,"2007-01-03","Senate","AR",100,"PRYOR, Mark","P000590","1963-01-10",3,3,16064,43.9808350444901,"Boomers","PRYOR",""
"21366",111,"2009-01-03","Senate","AR",100,"PRYOR, Mark","P000590","1963-01-10",4,4,16795,45.9822039698836,"Boomers","PRYOR",""
"21367",112,"2011-01-03","Senate","AR",100,"PRYOR, Mark","P000590","1963-01-10",5,5,17525,47.9808350444901,"Boomers","PRYOR",""
"21368",113,"2013-01-03","Senate","AR",100,"PRYOR, Mark","P000590","1963-01-10",6,6,18256,49.9822039698836,"Boomers","PRYOR",""
"21399",114,"2015-01-03","Senate","MI",100,"PETERS, Gary C.","P000595","1958-12-01",4,1,20487,56.0903490759754,"Boomers","PETERS",""
"21400",115,"2017-01-03","Senate","MI",100,"PETERS, Gary C.","P000595","1958-12-01",5,2,21218,58.0917180013689,"Boomers","PETERS",""
"21401",116,"2019-01-03","Senate","MI",100,"PETERS, Gary C.","P000595","1958-12-01",6,3,21948,60.0903490759754,"Boomers","PETERS",""
"21402",117,"2021-01-03","Senate","MI",100,"PETERS, Gary C.","P000595","1958-12-01",7,4,22679,62.0917180013689,"Boomers","PETERS",""
"21403",118,"2023-01-03","Senate","MI",100,"PETERS, Gary C.","P000595","1958-12-01",8,5,23409,64.0903490759754,"Boomers","PETERS",""
"21436",112,"2011-01-03","Senate","KY",200,"PAUL, Rand","P000603","1963-01-07",1,1,17528,47.9890485968515,"Boomers","PAUL",""
"21437",113,"2013-01-03","Senate","KY",200,"PAUL, Rand","P000603","1963-01-07",2,2,18259,49.990417522245,"Boomers","PAUL",""
"21438",114,"2015-01-03","Senate","KY",200,"PAUL, Rand","P000603","1963-01-07",3,3,18989,51.9890485968515,"Boomers","PAUL",""
"21439",115,"2017-01-03","Senate","KY",200,"PAUL, Rand","P000603","1963-01-07",4,4,19720,53.990417522245,"Boomers","PAUL",""
"21440",116,"2019-01-03","Senate","KY",200,"PAUL, Rand","P000603","1963-01-07",5,5,20450,55.9890485968515,"Boomers","PAUL",""
"21441",117,"2021-01-03","Senate","KY",200,"PAUL, Rand","P000603","1963-01-07",6,6,21181,57.990417522245,"Boomers","PAUL",""
"21442",118,"2023-01-03","Senate","KY",200,"PAUL, Rand","P000603","1963-01-07",7,7,21911,59.9890485968515,"Boomers","PAUL",""
"21478",114,"2015-01-03","Senate","GA",200,"PERDUE, David Alfred, Jr.","P000612","1949-12-10",1,1,23765,65.0650239561944,"Boomers","PERDUE",""
"21479",115,"2017-01-03","Senate","GA",200,"PERDUE, David Alfred, Jr.","P000612","1949-12-10",2,2,24496,67.066392881588,"Boomers","PERDUE",""
"21480",116,"2019-01-03","Senate","GA",200,"PERDUE, David Alfred, Jr.","P000612","1949-12-10",3,3,25226,69.0650239561944,"Boomers","PERDUE",""
"21505",97,"1981-01-03","Senate","IN",200,"QUAYLE, James Danforth (Dan)","Q000007","1947-02-04",3,1,12387,33.9137577002053,"Boomers","QUAYLE",""
"21506",98,"1983-01-03","Senate","IN",200,"QUAYLE, James Danforth (Dan)","Q000007","1947-02-04",4,2,13117,35.9123887748118,"Boomers","QUAYLE",""
"21507",99,"1985-01-03","Senate","IN",200,"QUAYLE, James Danforth (Dan)","Q000007","1947-02-04",5,3,13848,37.9137577002053,"Boomers","QUAYLE",""
"21508",100,"1987-01-03","Senate","IN",200,"QUAYLE, James Danforth (Dan)","Q000007","1947-02-04",6,4,14578,39.9123887748118,"Boomers","QUAYLE",""
"21596",74,"1935-01-03","Senate","MD",100,"RADCLIFFE, George Lovic Pierce","R000006","1877-08-22",1,1,20952,57.3634496919918,"Missionary","RADCLIFFE",""
"21597",75,"1937-01-03","Senate","MD",100,"RADCLIFFE, George Lovic Pierce","R000006","1877-08-22",2,2,21683,59.3648186173854,"Missionary","RADCLIFFE",""
"21598",76,"1939-01-03","Senate","MD",100,"RADCLIFFE, George Lovic Pierce","R000006","1877-08-22",3,3,22413,61.3634496919918,"Missionary","RADCLIFFE",""
"21599",77,"1941-01-03","Senate","MD",100,"RADCLIFFE, George Lovic Pierce","R000006","1877-08-22",4,4,23144,63.3648186173854,"Missionary","RADCLIFFE",""
"21600",78,"1943-01-03","Senate","MD",100,"RADCLIFFE, George Lovic Pierce","R000006","1877-08-22",5,5,23874,65.3634496919918,"Missionary","RADCLIFFE",""
"21601",79,"1945-01-03","Senate","MD",100,"RADCLIFFE, George Lovic Pierce","R000006","1877-08-22",6,6,24605,67.3648186173854,"Missionary","RADCLIFFE",""
"21666",68,"1923-03-04","Senate","IN",100,"RALSTON, Samuel Moffett","R000020","1857-12-01",1,1,23833,65.2511978097194,"Progressive","RALSTON",""
"21667",69,"1925-03-04","Senate","IN",100,"RALSTON, Samuel Moffett","R000020","1857-12-01",2,2,24564,67.2525667351129,"Progressive","RALSTON",""
"21722",85,"1957-01-03","Senate","WV",100,"RANDOLPH, Jennings","R000046","1902-03-08",8,1,20025,54.8254620123203,"Greatest","RANDOLPH",""
"21723",86,"1959-01-03","Senate","WV",100,"RANDOLPH, Jennings","R000046","1902-03-08",9,2,20755,56.8240930869268,"Greatest","RANDOLPH",""
"21724",87,"1961-01-03","Senate","WV",100,"RANDOLPH, Jennings","R000046","1902-03-08",10,3,21486,58.8254620123203,"Greatest","RANDOLPH",""
"21725",88,"1963-01-03","Senate","WV",100,"RANDOLPH, Jennings","R000046","1902-03-08",11,4,22216,60.8240930869268,"Greatest","RANDOLPH",""
"21726",89,"1965-01-03","Senate","WV",100,"RANDOLPH, Jennings","R000046","1902-03-08",12,5,22947,62.8254620123203,"Greatest","RANDOLPH",""
"21727",90,"1967-01-03","Senate","WV",100,"RANDOLPH, Jennings","R000046","1902-03-08",13,6,23677,64.8240930869268,"Greatest","RANDOLPH",""
"21728",91,"1969-01-03","Senate","WV",100,"RANDOLPH, Jennings","R000046","1902-03-08",14,7,24408,66.8254620123203,"Greatest","RANDOLPH",""
"21729",92,"1971-01-03","Senate","WV",100,"RANDOLPH, Jennings","R000046","1902-03-08",15,8,25138,68.8240930869268,"Greatest","RANDOLPH",""
"21730",93,"1973-01-03","Senate","WV",100,"RANDOLPH, Jennings","R000046","1902-03-08",16,9,25869,70.8254620123203,"Greatest","RANDOLPH",""
"21731",94,"1975-01-03","Senate","WV",100,"RANDOLPH, Jennings","R000046","1902-03-08",17,10,26599,72.8240930869268,"Greatest","RANDOLPH",""
"21732",95,"1977-01-03","Senate","WV",100,"RANDOLPH, Jennings","R000046","1902-03-08",18,11,27330,74.8254620123203,"Greatest","RANDOLPH",""
"21733",96,"1979-01-03","Senate","WV",100,"RANDOLPH, Jennings","R000046","1902-03-08",19,12,28060,76.8240930869268,"Greatest","RANDOLPH",""
"21734",97,"1981-01-03","Senate","WV",100,"RANDOLPH, Jennings","R000046","1902-03-08",20,13,28791,78.8254620123203,"Greatest","RANDOLPH",""
"21735",98,"1983-01-03","Senate","WV",100,"RANDOLPH, Jennings","R000046","1902-03-08",21,14,29521,80.8240930869268,"Greatest","RANDOLPH",""
"21776",66,"1919-03-04","Senate","LA",100,"RANSDELL, Joseph Eugene","R000059","1858-10-07",11,4,22062,60.4024640657084,"Progressive","RANSDELL",""
"21777",67,"1921-03-04","Senate","LA",100,"RANSDELL, Joseph Eugene","R000059","1858-10-07",12,5,22793,62.403832991102,"Progressive","RANSDELL",""
"21778",68,"1923-03-04","Senate","LA",100,"RANSDELL, Joseph Eugene","R000059","1858-10-07",13,6,23523,64.4024640657084,"Progressive","RANSDELL",""
"21779",69,"1925-03-04","Senate","LA",100,"RANSDELL, Joseph Eugene","R000059","1858-10-07",14,7,24254,66.403832991102,"Progressive","RANSDELL",""
"21780",70,"1927-03-04","Senate","LA",100,"RANSDELL, Joseph Eugene","R000059","1858-10-07",15,8,24984,68.4024640657084,"Progressive","RANSDELL",""
"21781",71,"1929-03-04","Senate","LA",100,"RANSDELL, Joseph Eugene","R000059","1858-10-07",16,9,25715,70.403832991102,"Progressive","RANSDELL",""
"21805",67,"1921-03-04","Senate","IA",200,"RAWSON, Charles Augustus","R000075","1867-05-29",1,1,19637,53.7631759069131,"Missionary","RAWSON",""
"21840",75,"1937-01-03","Senate","OR",100,"REAMES, Alfred Evan","R000099","1870-02-05",1,1,24438,66.9075975359343,"Missionary","REAMES",""
"21883",76,"1939-01-03","Senate","KS",200,"REED, Clyde Martin","R000112","1871-10-19",1,1,24547,67.2060232717317,"Missionary","REED",""
"21884",77,"1941-01-03","Senate","KS",200,"REED, Clyde Martin","R000112","1871-10-19",2,2,25278,69.2073921971253,"Missionary","REED",""
"21885",78,"1943-01-03","Senate","KS",200,"REED, Clyde Martin","R000112","1871-10-19",3,3,26008,71.2060232717317,"Missionary","REED",""
"21886",79,"1945-01-03","Senate","KS",200,"REED, Clyde Martin","R000112","1871-10-19",4,4,26739,73.2073921971253,"Missionary","REED",""
"21887",80,"1947-01-03","Senate","KS",200,"REED, Clyde Martin","R000112","1871-10-19",5,5,27469,75.2060232717317,"Missionary","REED",""
"21888",81,"1949-01-03","Senate","KS",200,"REED, Clyde Martin","R000112","1871-10-19",6,6,28200,77.2073921971253,"Missionary","REED",""
"21910",67,"1921-03-04","Senate","PA",200,"REED, David Aiken","R000114","1880-12-21",1,1,14682,40.1971252566735,"Missionary","REED",""
"21911",68,"1923-03-04","Senate","PA",200,"REED, David Aiken","R000114","1880-12-21",2,2,15412,42.1957563312799,"Missionary","REED",""
"21912",69,"1925-03-04","Senate","PA",200,"REED, David Aiken","R000114","1880-12-21",3,3,16143,44.1971252566735,"Missionary","REED",""
"21913",70,"1927-03-04","Senate","PA",200,"REED, David Aiken","R000114","1880-12-21",4,4,16873,46.1957563312799,"Missionary","REED",""
"21914",71,"1929-03-04","Senate","PA",200,"REED, David Aiken","R000114","1880-12-21",5,5,17604,48.1971252566735,"Missionary","REED",""
"21915",72,"1931-03-04","Senate","PA",200,"REED, David Aiken","R000114","1880-12-21",6,6,18334,50.1957563312799,"Missionary","REED",""
"21916",73,"1933-03-04","Senate","PA",200,"REED, David Aiken","R000114","1880-12-21",7,7,19065,52.1971252566735,"Missionary","REED",""
"21917",66,"1919-03-04","Senate","MO",100,"REED, James Alexander","R000118","1861-11-09",5,5,20933,57.3114305270363,"Missionary","REED",""
"21918",67,"1921-03-04","Senate","MO",100,"REED, James Alexander","R000118","1861-11-09",6,6,21664,59.3127994524298,"Missionary","REED",""
"21919",68,"1923-03-04","Senate","MO",100,"REED, James Alexander","R000118","1861-11-09",7,7,22394,61.3114305270363,"Missionary","REED",""
"21920",69,"1925-03-04","Senate","MO",100,"REED, James Alexander","R000118","1861-11-09",8,8,23125,63.3127994524298,"Missionary","REED",""
"21921",70,"1927-03-04","Senate","MO",100,"REED, James Alexander","R000118","1861-11-09",9,9,23855,65.3114305270363,"Missionary","REED",""
"21928",105,"1997-01-03","Senate","RI",100,"REED, John F. (Jack)","R000122","1949-11-12",4,1,17219,47.1430527036277,"Boomers","REED",""
"21929",106,"1999-01-03","Senate","RI",100,"REED, John F. (Jack)","R000122","1949-11-12",5,2,17949,49.1416837782341,"Boomers","REED",""
"21930",107,"2001-01-03","Senate","RI",100,"REED, John F. (Jack)","R000122","1949-11-12",6,3,18680,51.1430527036277,"Boomers","REED",""
"21931",108,"2003-01-03","Senate","RI",100,"REED, John F. (Jack)","R000122","1949-11-12",7,4,19410,53.1416837782341,"Boomers","REED",""
"21932",109,"2005-01-03","Senate","RI",100,"REED, John F. (Jack)","R000122","1949-11-12",8,5,20141,55.1430527036277,"Boomers","REED",""
"21933",110,"2007-01-03","Senate","RI",100,"REED, John F. (Jack)","R000122","1949-11-12",9,6,20871,57.1416837782341,"Boomers","REED",""
"21934",111,"2009-01-03","Senate","RI",100,"REED, John F. (Jack)","R000122","1949-11-12",10,7,21602,59.1430527036277,"Boomers","REED",""
"21935",112,"2011-01-03","Senate","RI",100,"REED, John F. (Jack)","R000122","1949-11-12",11,8,22332,61.1416837782341,"Boomers","REED",""
"21936",113,"2013-01-03","Senate","RI",100,"REED, John F. (Jack)","R000122","1949-11-12",12,9,23063,63.1430527036277,"Boomers","REED",""
"21937",114,"2015-01-03","Senate","RI",100,"REED, John F. (Jack)","R000122","1949-11-12",13,10,23793,65.1416837782341,"Boomers","REED",""
"21938",115,"2017-01-03","Senate","RI",100,"REED, John F. (Jack)","R000122","1949-11-12",14,11,24524,67.1430527036276,"Boomers","REED",""
"21939",116,"2019-01-03","Senate","RI",100,"REED, John F. (Jack)","R000122","1949-11-12",15,12,25254,69.1416837782341,"Boomers","REED",""
"21940",117,"2021-01-03","Senate","RI",100,"REED, John F. (Jack)","R000122","1949-11-12",16,13,25985,71.1430527036276,"Boomers","REED",""
"21941",118,"2023-01-03","Senate","RI",100,"REED, John F. (Jack)","R000122","1949-11-12",17,14,26715,73.1416837782341,"Boomers","REED",""
"21999",100,"1987-01-03","Senate","NV",100,"REID, Harry","R000146","1939-12-02",3,1,17199,47.088295687885,"Silent","REID",""
"22000",101,"1989-01-03","Senate","NV",100,"REID, Harry","R000146","1939-12-02",4,2,17930,49.0896646132786,"Silent","REID",""
"22001",102,"1991-01-03","Senate","NV",100,"REID, Harry","R000146","1939-12-02",5,3,18660,51.088295687885,"Silent","REID",""
"22002",103,"1993-01-03","Senate","NV",100,"REID, Harry","R000146","1939-12-02",6,4,19391,53.0896646132786,"Silent","REID",""
"22003",104,"1995-01-03","Senate","NV",100,"REID, Harry","R000146","1939-12-02",7,5,20121,55.088295687885,"Silent","REID",""
"22004",105,"1997-01-03","Senate","NV",100,"REID, Harry","R000146","1939-12-02",8,6,20852,57.0896646132786,"Silent","REID",""
"22005",106,"1999-01-03","Senate","NV",100,"REID, Harry","R000146","1939-12-02",9,7,21582,59.088295687885,"Silent","REID",""
"22006",107,"2001-01-03","Senate","NV",100,"REID, Harry","R000146","1939-12-02",10,8,22313,61.0896646132786,"Silent","REID",""
"22007",108,"2003-01-03","Senate","NV",100,"REID, Harry","R000146","1939-12-02",11,9,23043,63.088295687885,"Silent","REID",""
"22008",109,"2005-01-03","Senate","NV",100,"REID, Harry","R000146","1939-12-02",12,10,23774,65.0896646132786,"Silent","REID",""
"22009",110,"2007-01-03","Senate","NV",100,"REID, Harry","R000146","1939-12-02",13,11,24504,67.088295687885,"Silent","REID",""
"22010",111,"2009-01-03","Senate","NV",100,"REID, Harry","R000146","1939-12-02",14,12,25235,69.0896646132786,"Silent","REID",""
"22011",112,"2011-01-03","Senate","NV",100,"REID, Harry","R000146","1939-12-02",15,13,25965,71.088295687885,"Silent","REID",""
"22012",113,"2013-01-03","Senate","NV",100,"REID, Harry","R000146","1939-12-02",16,14,26696,73.0896646132786,"Silent","REID",""
"22013",114,"2015-01-03","Senate","NV",100,"REID, Harry","R000146","1939-12-02",17,15,27426,75.088295687885,"Silent","REID",""
"22050",78,"1943-01-03","Senate","WV",200,"REVERCOMB, William Chapman","R000167","1895-07-20",1,1,17333,47.4551676933607,"Lost","REVERCOMB",""
"22051",79,"1945-01-03","Senate","WV",200,"REVERCOMB, William Chapman","R000167","1895-07-20",2,2,18064,49.4565366187543,"Lost","REVERCOMB",""
"22052",80,"1947-01-03","Senate","WV",200,"REVERCOMB, William Chapman","R000167","1895-07-20",3,3,18794,51.4551676933607,"Lost","REVERCOMB",""
"22053",84,"1955-01-03","Senate","WV",200,"REVERCOMB, William Chapman","R000167","1895-07-20",4,4,21716,59.4551676933607,"Lost","REVERCOMB",""
"22054",85,"1957-01-03","Senate","WV",200,"REVERCOMB, William Chapman","R000167","1895-07-20",5,5,22447,61.4565366187543,"Lost","REVERCOMB",""
"22065",72,"1931-03-04","Senate","NC",100,"REYNOLDS, Robert Rice","R000179","1884-06-18",1,1,17059,46.7049965776865,"Lost","REYNOLDS",""
"22066",73,"1933-03-04","Senate","NC",100,"REYNOLDS, Robert Rice","R000179","1884-06-18",2,2,17790,48.7063655030801,"Lost","REYNOLDS",""
"22067",74,"1935-01-03","Senate","NC",100,"REYNOLDS, Robert Rice","R000179","1884-06-18",3,3,18460,50.5407255304586,"Lost","REYNOLDS",""
"22068",75,"1937-01-03","Senate","NC",100,"REYNOLDS, Robert Rice","R000179","1884-06-18",4,4,19191,52.5420944558522,"Lost","REYNOLDS",""
"22069",76,"1939-01-03","Senate","NC",100,"REYNOLDS, Robert Rice","R000179","1884-06-18",5,5,19921,54.5407255304586,"Lost","REYNOLDS",""
"22070",77,"1941-01-03","Senate","NC",100,"REYNOLDS, Robert Rice","R000179","1884-06-18",6,6,20652,56.5420944558522,"Lost","REYNOLDS",""
"22071",78,"1943-01-03","Senate","NC",100,"REYNOLDS, Robert Rice","R000179","1884-06-18",7,7,21382,58.5407255304586,"Lost","REYNOLDS",""
"22072",83,"1953-01-03","Senate","NE",200,"REYNOLDS, Samuel Williams","R000180","1890-08-11",1,1,22790,62.3956194387406,"Lost","REYNOLDS",""
"22105",88,"1963-01-03","Senate","CT",100,"RIBICOFF, Abraham Alexander","R000191","1910-04-09",3,1,19262,52.7364818617385,"Greatest","RIBICOFF",""
"22106",89,"1965-01-03","Senate","CT",100,"RIBICOFF, Abraham Alexander","R000191","1910-04-09",4,2,19993,54.7378507871321,"Greatest","RIBICOFF",""
"22107",90,"1967-01-03","Senate","CT",100,"RIBICOFF, Abraham Alexander","R000191","1910-04-09",5,3,20723,56.7364818617385,"Greatest","RIBICOFF",""
"22108",91,"1969-01-03","Senate","CT",100,"RIBICOFF, Abraham Alexander","R000191","1910-04-09",6,4,21454,58.7378507871321,"Greatest","RIBICOFF",""
"22109",92,"1971-01-03","Senate","CT",100,"RIBICOFF, Abraham Alexander","R000191","1910-04-09",7,5,22184,60.7364818617385,"Greatest","RIBICOFF",""
"22110",93,"1973-01-03","Senate","CT",100,"RIBICOFF, Abraham Alexander","R000191","1910-04-09",8,6,22915,62.7378507871321,"Greatest","RIBICOFF",""
"22111",94,"1975-01-03","Senate","CT",100,"RIBICOFF, Abraham Alexander","R000191","1910-04-09",9,7,23645,64.7364818617385,"Greatest","RIBICOFF",""
"22112",95,"1977-01-03","Senate","CT",100,"RIBICOFF, Abraham Alexander","R000191","1910-04-09",10,8,24376,66.7378507871321,"Greatest","RIBICOFF",""
"22113",96,"1979-01-03","Senate","CT",100,"RIBICOFF, Abraham Alexander","R000191","1910-04-09",11,9,25106,68.7364818617385,"Greatest","RIBICOFF",""
"22167",95,"1977-01-03","Senate","MI",100,"RIEGLE, Donald Wayne, Jr.","R000249","1938-02-04",6,1,14213,38.9130732375086,"Silent","RIEGLE",""
"22168",96,"1979-01-03","Senate","MI",100,"RIEGLE, Donald Wayne, Jr.","R000249","1938-02-04",7,2,14943,40.911704312115,"Silent","RIEGLE",""
"22169",97,"1981-01-03","Senate","MI",100,"RIEGLE, Donald Wayne, Jr.","R000249","1938-02-04",8,3,15674,42.9130732375086,"Silent","RIEGLE",""
"22170",98,"1983-01-03","Senate","MI",100,"RIEGLE, Donald Wayne, Jr.","R000249","1938-02-04",9,4,16404,44.911704312115,"Silent","RIEGLE",""
"22171",99,"1985-01-03","Senate","MI",100,"RIEGLE, Donald Wayne, Jr.","R000249","1938-02-04",10,5,17135,46.9130732375086,"Silent","RIEGLE",""
"22172",100,"1987-01-03","Senate","MI",100,"RIEGLE, Donald Wayne, Jr.","R000249","1938-02-04",11,6,17865,48.911704312115,"Silent","RIEGLE",""
"22173",101,"1989-01-03","Senate","MI",100,"RIEGLE, Donald Wayne, Jr.","R000249","1938-02-04",12,7,18596,50.9130732375086,"Silent","RIEGLE",""
"22174",102,"1991-01-03","Senate","MI",100,"RIEGLE, Donald Wayne, Jr.","R000249","1938-02-04",13,8,19326,52.911704312115,"Silent","RIEGLE",""
"22175",103,"1993-01-03","Senate","MI",100,"RIEGLE, Donald Wayne, Jr.","R000249","1938-02-04",14,9,20057,54.9130732375086,"Silent","RIEGLE",""
"22255",101,"1989-01-03","Senate","VA",100,"ROBB, Charles Spittal","R000295","1939-06-26",1,1,18089,49.5249828884326,"Silent","ROBB",""
"22256",102,"1991-01-03","Senate","VA",100,"ROBB, Charles Spittal","R000295","1939-06-26",2,2,18819,51.523613963039,"Silent","ROBB",""
"22257",103,"1993-01-03","Senate","VA",100,"ROBB, Charles Spittal","R000295","1939-06-26",3,3,19550,53.5249828884326,"Silent","ROBB",""
"22258",104,"1995-01-03","Senate","VA",100,"ROBB, Charles Spittal","R000295","1939-06-26",4,4,20280,55.523613963039,"Silent","ROBB",""
"22259",105,"1997-01-03","Senate","VA",100,"ROBB, Charles Spittal","R000295","1939-06-26",5,5,21011,57.5249828884326,"Silent","ROBB",""
"22260",106,"1999-01-03","Senate","VA",100,"ROBB, Charles Spittal","R000295","1939-06-26",6,6,21741,59.523613963039,"Silent","ROBB",""
"22271",105,"1997-01-03","Senate","KS",200,"ROBERTS, Charles Patrick (Pat)","R000307","1936-04-20",9,1,22173,60.7063655030801,"Silent","ROBERTS",""
"22272",106,"1999-01-03","Senate","KS",200,"ROBERTS, Charles Patrick (Pat)","R000307","1936-04-20",10,2,22903,62.7049965776865,"Silent","ROBERTS",""
"22273",107,"2001-01-03","Senate","KS",200,"ROBERTS, Charles Patrick (Pat)","R000307","1936-04-20",11,3,23634,64.7063655030801,"Silent","ROBERTS",""
"22274",108,"2003-01-03","Senate","KS",200,"ROBERTS, Charles Patrick (Pat)","R000307","1936-04-20",12,4,24364,66.7049965776865,"Silent","ROBERTS",""
"22275",109,"2005-01-03","Senate","KS",200,"ROBERTS, Charles Patrick (Pat)","R000307","1936-04-20",13,5,25095,68.7063655030801,"Silent","ROBERTS",""
"22276",110,"2007-01-03","Senate","KS",200,"ROBERTS, Charles Patrick (Pat)","R000307","1936-04-20",14,6,25825,70.7049965776865,"Silent","ROBERTS",""
"22277",111,"2009-01-03","Senate","KS",200,"ROBERTS, Charles Patrick (Pat)","R000307","1936-04-20",15,7,26556,72.7063655030801,"Silent","ROBERTS",""
"22278",112,"2011-01-03","Senate","KS",200,"ROBERTS, Charles Patrick (Pat)","R000307","1936-04-20",16,8,27286,74.7049965776865,"Silent","ROBERTS",""
"22279",113,"2013-01-03","Senate","KS",200,"ROBERTS, Charles Patrick (Pat)","R000307","1936-04-20",17,9,28017,76.7063655030801,"Silent","ROBERTS",""
"22280",114,"2015-01-03","Senate","KS",200,"ROBERTS, Charles Patrick (Pat)","R000307","1936-04-20",18,10,28747,78.7049965776865,"Silent","ROBERTS",""
"22281",115,"2017-01-03","Senate","KS",200,"ROBERTS, Charles Patrick (Pat)","R000307","1936-04-20",19,11,29478,80.7063655030801,"Silent","ROBERTS",""
"22282",116,"2019-01-03","Senate","KS",200,"ROBERTS, Charles Patrick (Pat)","R000307","1936-04-20",20,12,30208,82.7049965776865,"Silent","ROBERTS",""
"22308",80,"1947-01-03","Senate","VA",100,"ROBERTSON, Absalom Willis","R000317","1887-05-27",8,1,21770,59.6030116358658,"Lost","ROBERTSON",""
"22309",81,"1949-01-03","Senate","VA",100,"ROBERTSON, Absalom Willis","R000317","1887-05-27",9,2,22501,61.6043805612594,"Lost","ROBERTSON",""
"22310",82,"1951-01-03","Senate","VA",100,"ROBERTSON, Absalom Willis","R000317","1887-05-27",10,3,23231,63.6030116358658,"Lost","ROBERTSON",""
"22311",83,"1953-01-03","Senate","VA",100,"ROBERTSON, Absalom Willis","R000317","1887-05-27",11,4,23962,65.6043805612594,"Lost","ROBERTSON",""
"22312",84,"1955-01-03","Senate","VA",100,"ROBERTSON, Absalom Willis","R000317","1887-05-27",12,5,24692,67.6030116358658,"Lost","ROBERTSON",""
"22313",85,"1957-01-03","Senate","VA",100,"ROBERTSON, Absalom Willis","R000317","1887-05-27",13,6,25423,69.6043805612594,"Lost","ROBERTSON",""
"22314",86,"1959-01-03","Senate","VA",100,"ROBERTSON, Absalom Willis","R000317","1887-05-27",14,7,26153,71.6030116358658,"Lost","ROBERTSON",""
"22315",87,"1961-01-03","Senate","VA",100,"ROBERTSON, Absalom Willis","R000317","1887-05-27",15,8,26884,73.6043805612594,"Lost","ROBERTSON",""
"22316",88,"1963-01-03","Senate","VA",100,"ROBERTSON, Absalom Willis","R000317","1887-05-27",16,9,27614,75.6030116358658,"Lost","ROBERTSON",""
"22317",89,"1965-01-03","Senate","VA",100,"ROBERTSON, Absalom Willis","R000317","1887-05-27",17,10,28345,77.6043805612594,"Lost","ROBERTSON",""
"22322",78,"1943-01-03","Senate","WY",200,"ROBERTSON, Edward Vivian","R000320","1881-05-27",1,1,22500,61.6016427104723,"Missionary","ROBERTSON",""
"22323",79,"1945-01-03","Senate","WY",200,"ROBERTSON, Edward Vivian","R000320","1881-05-27",2,2,23231,63.6030116358658,"Missionary","ROBERTSON",""
"22324",80,"1947-01-03","Senate","WY",200,"ROBERTSON, Edward Vivian","R000320","1881-05-27",3,3,23961,65.6016427104723,"Missionary","ROBERTSON",""
"22330",69,"1925-03-04","Senate","IN",200,"ROBINSON, Arthur Raymond","R000332","1881-03-12",1,1,16062,43.9753593429158,"Missionary","ROBINSON",""
"22331",70,"1927-03-04","Senate","IN",200,"ROBINSON, Arthur Raymond","R000332","1881-03-12",2,2,16792,45.9739904175222,"Missionary","ROBINSON",""
"22332",71,"1929-03-04","Senate","IN",200,"ROBINSON, Arthur Raymond","R000332","1881-03-12",3,3,17523,47.9753593429158,"Missionary","ROBINSON",""
"22333",72,"1931-03-04","Senate","IN",200,"ROBINSON, Arthur Raymond","R000332","1881-03-12",4,4,18253,49.9739904175222,"Missionary","ROBINSON",""
"22334",73,"1933-03-04","Senate","IN",200,"ROBINSON, Arthur Raymond","R000332","1881-03-12",5,5,18984,51.9753593429158,"Missionary","ROBINSON",""
"22349",66,"1919-03-04","Senate","AR",100,"ROBINSON, Joseph Taylor","R000347","1872-08-26",9,4,16990,46.5160848733744,"Missionary","ROBINSON",""
"22350",67,"1921-03-04","Senate","AR",100,"ROBINSON, Joseph Taylor","R000347","1872-08-26",10,5,17721,48.517453798768,"Missionary","ROBINSON",""
"22351",68,"1923-03-04","Senate","AR",100,"ROBINSON, Joseph Taylor","R000347","1872-08-26",11,6,18451,50.5160848733744,"Missionary","ROBINSON",""
"22352",69,"1925-03-04","Senate","AR",100,"ROBINSON, Joseph Taylor","R000347","1872-08-26",12,7,19182,52.517453798768,"Missionary","ROBINSON",""
"22353",70,"1927-03-04","Senate","AR",100,"ROBINSON, Joseph Taylor","R000347","1872-08-26",13,8,19912,54.5160848733744,"Missionary","ROBINSON",""
"22354",71,"1929-03-04","Senate","AR",100,"ROBINSON, Joseph Taylor","R000347","1872-08-26",14,9,20643,56.517453798768,"Missionary","ROBINSON",""
"22355",72,"1931-03-04","Senate","AR",100,"ROBINSON, Joseph Taylor","R000347","1872-08-26",15,10,21373,58.5160848733744,"Missionary","ROBINSON",""
"22356",73,"1933-03-04","Senate","AR",100,"ROBINSON, Joseph Taylor","R000347","1872-08-26",16,11,22104,60.517453798768,"Missionary","ROBINSON",""
"22357",74,"1935-01-03","Senate","AR",100,"ROBINSON, Joseph Taylor","R000347","1872-08-26",17,12,22774,62.3518138261465,"Missionary","ROBINSON",""
"22358",75,"1937-01-03","Senate","AR",100,"ROBINSON, Joseph Taylor","R000347","1872-08-26",18,13,23505,64.35318275154,"Missionary","ROBINSON",""
"22393",99,"1985-01-03","Senate","WV",100,"ROCKEFELLER, John Davison IV (Jay)","R000361","1937-06-18",1,1,17366,47.5455167693361,"Silent","ROCKEFELLER",""
"22394",100,"1987-01-03","Senate","WV",100,"ROCKEFELLER, John Davison IV (Jay)","R000361","1937-06-18",2,2,18096,49.5441478439425,"Silent","ROCKEFELLER",""
"22395",101,"1989-01-03","Senate","WV",100,"ROCKEFELLER, John Davison IV (Jay)","R000361","1937-06-18",3,3,18827,51.5455167693361,"Silent","ROCKEFELLER",""
"22396",102,"1991-01-03","Senate","WV",100,"ROCKEFELLER, John Davison IV (Jay)","R000361","1937-06-18",4,4,19557,53.5441478439425,"Silent","ROCKEFELLER",""
"22397",103,"1993-01-03","Senate","WV",100,"ROCKEFELLER, John Davison IV (Jay)","R000361","1937-06-18",5,5,20288,55.5455167693361,"Silent","ROCKEFELLER",""
"22398",104,"1995-01-03","Senate","WV",100,"ROCKEFELLER, John Davison IV (Jay)","R000361","1937-06-18",6,6,21018,57.5441478439425,"Silent","ROCKEFELLER",""
"22399",105,"1997-01-03","Senate","WV",100,"ROCKEFELLER, John Davison IV (Jay)","R000361","1937-06-18",7,7,21749,59.5455167693361,"Silent","ROCKEFELLER",""
"22400",106,"1999-01-03","Senate","WV",100,"ROCKEFELLER, John Davison IV (Jay)","R000361","1937-06-18",8,8,22479,61.5441478439425,"Silent","ROCKEFELLER",""
"22401",107,"2001-01-03","Senate","WV",100,"ROCKEFELLER, John Davison IV (Jay)","R000361","1937-06-18",9,9,23210,63.5455167693361,"Silent","ROCKEFELLER",""
"22402",108,"2003-01-03","Senate","WV",100,"ROCKEFELLER, John Davison IV (Jay)","R000361","1937-06-18",10,10,23940,65.5441478439425,"Silent","ROCKEFELLER",""
"22403",109,"2005-01-03","Senate","WV",100,"ROCKEFELLER, John Davison IV (Jay)","R000361","1937-06-18",11,11,24671,67.5455167693361,"Silent","ROCKEFELLER",""
"22404",110,"2007-01-03","Senate","WV",100,"ROCKEFELLER, John Davison IV (Jay)","R000361","1937-06-18",12,12,25401,69.5441478439425,"Silent","ROCKEFELLER",""
"22405",111,"2009-01-03","Senate","WV",100,"ROCKEFELLER, John Davison IV (Jay)","R000361","1937-06-18",13,13,26132,71.5455167693361,"Silent","ROCKEFELLER",""
"22406",112,"2011-01-03","Senate","WV",100,"ROCKEFELLER, John Davison IV (Jay)","R000361","1937-06-18",14,14,26862,73.5441478439425,"Silent","ROCKEFELLER",""
"22407",113,"2013-01-03","Senate","WV",100,"ROCKEFELLER, John Davison IV (Jay)","R000361","1937-06-18",15,15,27593,75.5455167693361,"Silent","ROCKEFELLER",""
"22672",77,"1941-01-03","Senate","WV",100,"ROSIER, Joseph","R000443","1870-01-24",1,1,25911,70.9404517453799,"Missionary","ROSIER",""
"22705",92,"1971-01-03","Senate","DE",200,"ROTH, William Victor, Jr.","R000460","1921-07-22",3,1,18062,49.45106091718,"Greatest","ROTH",""
"22706",93,"1973-01-03","Senate","DE",200,"ROTH, William Victor, Jr.","R000460","1921-07-22",4,2,18793,51.4524298425736,"Greatest","ROTH",""
"22707",94,"1975-01-03","Senate","DE",200,"ROTH, William Victor, Jr.","R000460","1921-07-22",5,3,19523,53.45106091718,"Greatest","ROTH",""
"22708",95,"1977-01-03","Senate","DE",200,"ROTH, William Victor, Jr.","R000460","1921-07-22",6,4,20254,55.4524298425736,"Greatest","ROTH",""
"22709",96,"1979-01-03","Senate","DE",200,"ROTH, William Victor, Jr.","R000460","1921-07-22",7,5,20984,57.45106091718,"Greatest","ROTH",""
"22710",97,"1981-01-03","Senate","DE",200,"ROTH, William Victor, Jr.","R000460","1921-07-22",8,6,21715,59.4524298425736,"Greatest","ROTH",""
"22711",98,"1983-01-03","Senate","DE",200,"ROTH, William Victor, Jr.","R000460","1921-07-22",9,7,22445,61.45106091718,"Greatest","ROTH",""
"22712",99,"1985-01-03","Senate","DE",200,"ROTH, William Victor, Jr.","R000460","1921-07-22",10,8,23176,63.4524298425736,"Greatest","ROTH",""
"22713",100,"1987-01-03","Senate","DE",200,"ROTH, William Victor, Jr.","R000460","1921-07-22",11,9,23906,65.45106091718,"Greatest","ROTH",""
"22714",101,"1989-01-03","Senate","DE",200,"ROTH, William Victor, Jr.","R000460","1921-07-22",12,10,24637,67.4524298425736,"Greatest","ROTH",""
"22715",102,"1991-01-03","Senate","DE",200,"ROTH, William Victor, Jr.","R000460","1921-07-22",13,11,25367,69.45106091718,"Greatest","ROTH",""
"22716",103,"1993-01-03","Senate","DE",200,"ROTH, William Victor, Jr.","R000460","1921-07-22",14,12,26098,71.4524298425736,"Greatest","ROTH",""
"22717",104,"1995-01-03","Senate","DE",200,"ROTH, William Victor, Jr.","R000460","1921-07-22",15,13,26828,73.45106091718,"Greatest","ROTH",""
"22718",105,"1997-01-03","Senate","DE",200,"ROTH, William Victor, Jr.","R000460","1921-07-22",16,14,27559,75.4524298425736,"Greatest","ROTH",""
"22719",106,"1999-01-03","Senate","DE",200,"ROTH, William Victor, Jr.","R000460","1921-07-22",17,15,28289,77.45106091718,"Greatest","ROTH",""
"22843",96,"1979-01-03","Senate","NH",200,"RUDMAN, Warren Bruce","R000497","1930-05-18",1,1,17762,48.6297056810404,"Silent","RUDMAN",""
"22844",97,"1981-01-03","Senate","NH",200,"RUDMAN, Warren Bruce","R000497","1930-05-18",2,2,18493,50.631074606434,"Silent","RUDMAN",""
"22845",98,"1983-01-03","Senate","NH",200,"RUDMAN, Warren Bruce","R000497","1930-05-18",3,3,19223,52.6297056810404,"Silent","RUDMAN",""
"22846",99,"1985-01-03","Senate","NH",200,"RUDMAN, Warren Bruce","R000497","1930-05-18",4,4,19954,54.631074606434,"Silent","RUDMAN",""
"22847",100,"1987-01-03","Senate","NH",200,"RUDMAN, Warren Bruce","R000497","1930-05-18",5,5,20684,56.6297056810404,"Silent","RUDMAN",""
"22848",101,"1989-01-03","Senate","NH",200,"RUDMAN, Warren Bruce","R000497","1930-05-18",6,6,21415,58.631074606434,"Silent","RUDMAN",""
"22849",102,"1991-01-03","Senate","NH",200,"RUDMAN, Warren Bruce","R000497","1930-05-18",7,7,22145,60.6297056810404,"Silent","RUDMAN",""
"22882",89,"1965-01-03","Senate","SC",100,"RUSSELL, Donald Stuart","R000525","1906-02-22",1,1,21500,58.8637919233402,"Greatest","RUSSELL",""
"22883",72,"1931-03-04","Senate","GA",100,"RUSSELL, Richard Brevard, Jr.","R000536","1897-11-02",1,1,12174,33.3305954825462,"Lost","RUSSELL",""
"22884",73,"1933-03-04","Senate","GA",100,"RUSSELL, Richard Brevard, Jr.","R000536","1897-11-02",2,2,12905,35.3319644079398,"Lost","RUSSELL",""
"22885",74,"1935-01-03","Senate","GA",100,"RUSSELL, Richard Brevard, Jr.","R000536","1897-11-02",3,3,13575,37.1663244353183,"Lost","RUSSELL",""
"22886",75,"1937-01-03","Senate","GA",100,"RUSSELL, Richard Brevard, Jr.","R000536","1897-11-02",4,4,14306,39.1676933607118,"Lost","RUSSELL",""
"22887",76,"1939-01-03","Senate","GA",100,"RUSSELL, Richard Brevard, Jr.","R000536","1897-11-02",5,5,15036,41.1663244353183,"Lost","RUSSELL",""
"22888",77,"1941-01-03","Senate","GA",100,"RUSSELL, Richard Brevard, Jr.","R000536","1897-11-02",6,6,15767,43.1676933607118,"Lost","RUSSELL",""
"22889",78,"1943-01-03","Senate","GA",100,"RUSSELL, Richard Brevard, Jr.","R000536","1897-11-02",7,7,16497,45.1663244353183,"Lost","RUSSELL",""
"22890",79,"1945-01-03","Senate","GA",100,"RUSSELL, Richard Brevard, Jr.","R000536","1897-11-02",8,8,17228,47.1676933607118,"Lost","RUSSELL",""
"22891",80,"1947-01-03","Senate","GA",100,"RUSSELL, Richard Brevard, Jr.","R000536","1897-11-02",9,9,17958,49.1663244353183,"Lost","RUSSELL",""
"22892",81,"1949-01-03","Senate","GA",100,"RUSSELL, Richard Brevard, Jr.","R000536","1897-11-02",10,10,18689,51.1676933607118,"Lost","RUSSELL",""
"22893",82,"1951-01-03","Senate","GA",100,"RUSSELL, Richard Brevard, Jr.","R000536","1897-11-02",11,11,19419,53.1663244353183,"Lost","RUSSELL",""
"22894",83,"1953-01-03","Senate","GA",100,"RUSSELL, Richard Brevard, Jr.","R000536","1897-11-02",12,12,20150,55.1676933607118,"Lost","RUSSELL",""
"22895",84,"1955-01-03","Senate","GA",100,"RUSSELL, Richard Brevard, Jr.","R000536","1897-11-02",13,13,20880,57.1663244353183,"Lost","RUSSELL",""
"22896",85,"1957-01-03","Senate","GA",100,"RUSSELL, Richard Brevard, Jr.","R000536","1897-11-02",14,14,21611,59.1676933607118,"Lost","RUSSELL",""
"22897",86,"1959-01-03","Senate","GA",100,"RUSSELL, Richard Brevard, Jr.","R000536","1897-11-02",15,15,22341,61.1663244353183,"Lost","RUSSELL",""
"22898",87,"1961-01-03","Senate","GA",100,"RUSSELL, Richard Brevard, Jr.","R000536","1897-11-02",16,16,23072,63.1676933607118,"Lost","RUSSELL",""
"22899",88,"1963-01-03","Senate","GA",100,"RUSSELL, Richard Brevard, Jr.","R000536","1897-11-02",17,17,23802,65.1663244353183,"Lost","RUSSELL",""
"22900",89,"1965-01-03","Senate","GA",100,"RUSSELL, Richard Brevard, Jr.","R000536","1897-11-02",18,18,24533,67.1676933607118,"Lost","RUSSELL",""
"22901",90,"1967-01-03","Senate","GA",100,"RUSSELL, Richard Brevard, Jr.","R000536","1897-11-02",19,19,25263,69.1663244353183,"Lost","RUSSELL",""
"22902",91,"1969-01-03","Senate","GA",100,"RUSSELL, Richard Brevard, Jr.","R000536","1897-11-02",20,20,25994,71.1676933607118,"Lost","RUSSELL",""
"22903",92,"1971-01-03","Senate","GA",100,"RUSSELL, Richard Brevard, Jr.","R000536","1897-11-02",21,21,26724,73.1663244353183,"Lost","RUSSELL",""
"23058",111,"2009-01-03","Senate","ID",200,"RISCH, James","R000584","1943-05-03",1,1,23987,65.6728268309377,"Silent","RISCH",""
"23059",112,"2011-01-03","Senate","ID",200,"RISCH, James","R000584","1943-05-03",2,2,24717,67.6714579055441,"Silent","RISCH",""
"23060",113,"2013-01-03","Senate","ID",200,"RISCH, James","R000584","1943-05-03",3,3,25448,69.6728268309377,"Silent","RISCH",""
"23061",114,"2015-01-03","Senate","ID",200,"RISCH, James","R000584","1943-05-03",4,4,26178,71.6714579055441,"Silent","RISCH",""
"23062",115,"2017-01-03","Senate","ID",200,"RISCH, James","R000584","1943-05-03",5,5,26909,73.6728268309377,"Silent","RISCH",""
"23063",116,"2019-01-03","Senate","ID",200,"RISCH, James","R000584","1943-05-03",6,6,27639,75.6714579055441,"Silent","RISCH",""
"23064",117,"2021-01-03","Senate","ID",200,"RISCH, James","R000584","1943-05-03",7,7,28370,77.6728268309377,"Silent","RISCH",""
"23065",118,"2023-01-03","Senate","ID",200,"RISCH, James","R000584","1943-05-03",8,8,29100,79.6714579055441,"Silent","RISCH",""
"23105",112,"2011-01-03","Senate","FL",200,"RUBIO, Marco","R000595","1971-05-28",1,1,14465,39.6030116358658,"Gen X","RUBIO",""
"23106",113,"2013-01-03","Senate","FL",200,"RUBIO, Marco","R000595","1971-05-28",2,2,15196,41.6043805612594,"Gen X","RUBIO",""
"23107",114,"2015-01-03","Senate","FL",200,"RUBIO, Marco","R000595","1971-05-28",3,3,15926,43.6030116358658,"Gen X","RUBIO",""
"23108",115,"2017-01-03","Senate","FL",200,"RUBIO, Marco","R000595","1971-05-28",4,4,16657,45.6043805612594,"Gen X","RUBIO",""
"23109",116,"2019-01-03","Senate","FL",200,"RUBIO, Marco","R000595","1971-05-28",5,5,17387,47.6030116358658,"Gen X","RUBIO",""
"23110",117,"2021-01-03","Senate","FL",200,"RUBIO, Marco","R000595","1971-05-28",6,6,18118,49.6043805612594,"Gen X","RUBIO",""
"23111",118,"2023-01-03","Senate","FL",200,"RUBIO, Marco","R000595","1971-05-28",7,7,18848,51.6030116358658,"Gen X","RUBIO",""
"23141",114,"2015-01-03","Senate","SD",200,"ROUNDS, Marion Michael (Mike)","R000605","1954-10-24",1,1,21986,60.1943874058864,"Boomers","ROUNDS",""
"23142",115,"2017-01-03","Senate","SD",200,"ROUNDS, Marion Michael (Mike)","R000605","1954-10-24",2,2,22717,62.19575633128,"Boomers","ROUNDS",""
"23143",116,"2019-01-03","Senate","SD",200,"ROUNDS, Marion Michael (Mike)","R000605","1954-10-24",3,3,23447,64.1943874058864,"Boomers","ROUNDS",""
"23144",117,"2021-01-03","Senate","SD",200,"ROUNDS, Marion Michael (Mike)","R000605","1954-10-24",4,4,24178,66.19575633128,"Boomers","ROUNDS",""
"23145",118,"2023-01-03","Senate","SD",200,"ROUNDS, Marion Michael (Mike)","R000605","1954-10-24",5,5,24908,68.1943874058864,"Boomers","ROUNDS",""
"23153",116,"2019-01-03","Senate","NV",100,"ROSEN, Jacklyn Sheryl","R000608","1957-08-02",2,1,22434,61.4209445585216,"Boomers","ROSEN",""
"23154",117,"2021-01-03","Senate","NV",100,"ROSEN, Jacklyn Sheryl","R000608","1957-08-02",3,2,23165,63.4223134839151,"Boomers","ROSEN",""
"23155",118,"2023-01-03","Senate","NV",100,"ROSEN, Jacklyn Sheryl","R000608","1957-08-02",4,3,23895,65.4209445585216,"Boomers","ROSEN",""
"23171",116,"2019-01-03","Senate","UT",200,"ROMNEY, Willard Mitt (Mitt)","R000615","1947-03-12",1,1,26230,71.813826146475,"Boomers","ROMNEY",""
"23172",117,"2021-01-03","Senate","UT",200,"ROMNEY, Willard Mitt (Mitt)","R000615","1947-03-12",2,2,26961,73.8151950718686,"Boomers","ROMNEY",""
"23173",118,"2023-01-03","Senate","UT",200,"ROMNEY, Willard Mitt (Mitt)","R000615","1947-03-12",3,3,27691,75.813826146475,"Boomers","ROMNEY",""
"23176",118,"2023-01-03","Senate","NE",200,"RICKETTS, John Peter (Pete)","R000618","1964-08-19",1,1,21321,58.3737166324435,"Boomers","RICKETTS",""
"23208",69,"1925-03-04","Senate","KY",200,"SACKETT, Frederic Mosley","S000006","1868-12-17",1,1,20530,56.208076659822,"Missionary","SACKETT",""
"23209",70,"1927-03-04","Senate","KY",200,"SACKETT, Frederic Mosley","S000006","1868-12-17",2,2,21260,58.2067077344285,"Missionary","SACKETT",""
"23210",71,"1929-03-04","Senate","KY",200,"SACKETT, Frederic Mosley","S000006","1868-12-17",3,3,21991,60.208076659822,"Missionary","SACKETT",""
"23229",88,"1963-01-03","Senate","CA",100,"SALINGER, Pierre Emil George","S000016","1925-06-14",1,1,13717,37.555099247091,"Greatest","SALINGER",""
"23236",79,"1945-01-03","Senate","MA",200,"SALTONSTALL, Leverett","S000021","1892-09-01",1,1,19116,52.3367556468172,"Lost","SALTONSTALL",""
"23237",80,"1947-01-03","Senate","MA",200,"SALTONSTALL, Leverett","S000021","1892-09-01",2,2,19846,54.3353867214237,"Lost","SALTONSTALL",""
"23238",81,"1949-01-03","Senate","MA",200,"SALTONSTALL, Leverett","S000021","1892-09-01",3,3,20577,56.3367556468172,"Lost","SALTONSTALL",""
"23239",82,"1951-01-03","Senate","MA",200,"SALTONSTALL, Leverett","S000021","1892-09-01",4,4,21307,58.3353867214237,"Lost","SALTONSTALL",""
"23240",83,"1953-01-03","Senate","MA",200,"SALTONSTALL, Leverett","S000021","1892-09-01",5,5,22038,60.3367556468172,"Lost","SALTONSTALL",""
"23241",84,"1955-01-03","Senate","MA",200,"SALTONSTALL, Leverett","S000021","1892-09-01",6,6,22768,62.3353867214237,"Lost","SALTONSTALL",""
"23242",85,"1957-01-03","Senate","MA",200,"SALTONSTALL, Leverett","S000021","1892-09-01",7,7,23499,64.3367556468173,"Lost","SALTONSTALL",""
"23243",86,"1959-01-03","Senate","MA",200,"SALTONSTALL, Leverett","S000021","1892-09-01",8,8,24229,66.3353867214237,"Lost","SALTONSTALL",""
"23244",87,"1961-01-03","Senate","MA",200,"SALTONSTALL, Leverett","S000021","1892-09-01",9,9,24960,68.3367556468173,"Lost","SALTONSTALL",""
"23245",88,"1963-01-03","Senate","MA",200,"SALTONSTALL, Leverett","S000021","1892-09-01",10,10,25690,70.3353867214237,"Lost","SALTONSTALL",""
"23246",89,"1965-01-03","Senate","MA",200,"SALTONSTALL, Leverett","S000021","1892-09-01",11,11,26421,72.3367556468173,"Lost","SALTONSTALL",""
"23275",110,"2007-01-03","Senate","VT",328,"SANDERS, Bernard","S000033","1941-09-08",9,1,23858,65.3196440793977,"Silent","SANDERS",""
"23276",111,"2009-01-03","Senate","VT",328,"SANDERS, Bernard","S000033","1941-09-08",10,2,24589,67.3210130047912,"Silent","SANDERS",""
"23277",112,"2011-01-03","Senate","VT",328,"SANDERS, Bernard","S000033","1941-09-08",11,3,25319,69.3196440793977,"Silent","SANDERS",""
"23278",113,"2013-01-03","Senate","VT",328,"SANDERS, Bernard","S000033","1941-09-08",12,4,26050,71.3210130047912,"Silent","SANDERS",""
"23279",114,"2015-01-03","Senate","VT",328,"SANDERS, Bernard","S000033","1941-09-08",13,5,26780,73.3196440793977,"Silent","SANDERS",""
"23280",115,"2017-01-03","Senate","VT",328,"SANDERS, Bernard","S000033","1941-09-08",14,6,27511,75.3210130047912,"Silent","SANDERS",""
"23281",116,"2019-01-03","Senate","VT",328,"SANDERS, Bernard","S000033","1941-09-08",15,7,28241,77.3196440793977,"Silent","SANDERS",""
"23282",117,"2021-01-03","Senate","VT",328,"SANDERS, Bernard","S000033","1941-09-08",16,8,28972,79.3210130047912,"Silent","SANDERS",""
"23283",118,"2023-01-03","Senate","VT",328,"SANDERS, Bernard","S000033","1941-09-08",17,9,29702,81.3196440793977,"Silent","SANDERS",""
"23323",99,"1985-01-03","Senate","NC",100,"SANFORD, (James) Terry","S000055","1917-08-20",1,1,24608,67.3730321697468,"Greatest","SANFORD",""
"23324",100,"1987-01-03","Senate","NC",100,"SANFORD, (James) Terry","S000055","1917-08-20",2,2,25338,69.3716632443532,"Greatest","SANFORD",""
"23325",101,"1989-01-03","Senate","NC",100,"SANFORD, (James) Terry","S000055","1917-08-20",3,3,26069,71.3730321697468,"Greatest","SANFORD",""
"23326",102,"1991-01-03","Senate","NC",100,"SANFORD, (James) Terry","S000055","1917-08-20",4,4,26799,73.3716632443532,"Greatest","SANFORD",""
"23339",104,"1995-01-03","Senate","PA",200,"SANTORUM, Richard John (Rick)","S000059","1958-05-10",3,1,13387,36.6516084873374,"Boomers","SANTORUM",""
"23340",105,"1997-01-03","Senate","PA",200,"SANTORUM, Richard John (Rick)","S000059","1958-05-10",4,2,14118,38.652977412731,"Boomers","SANTORUM",""
"23341",106,"1999-01-03","Senate","PA",200,"SANTORUM, Richard John (Rick)","S000059","1958-05-10",5,3,14848,40.6516084873374,"Boomers","SANTORUM",""
"23342",107,"2001-01-03","Senate","PA",200,"SANTORUM, Richard John (Rick)","S000059","1958-05-10",6,4,15579,42.652977412731,"Boomers","SANTORUM",""
"23343",108,"2003-01-03","Senate","PA",200,"SANTORUM, Richard John (Rick)","S000059","1958-05-10",7,5,16309,44.6516084873374,"Boomers","SANTORUM",""
"23344",109,"2005-01-03","Senate","PA",200,"SANTORUM, Richard John (Rick)","S000059","1958-05-10",8,6,17040,46.652977412731,"Boomers","SANTORUM",""
"23352",95,"1977-01-03","Senate","MD",100,"SARBANES, Paul Spyros","S000064","1933-02-03",4,1,16040,43.9151266255989,"Silent","SARBANES",""
"23353",96,"1979-01-03","Senate","MD",100,"SARBANES, Paul Spyros","S000064","1933-02-03",5,2,16770,45.9137577002053,"Silent","SARBANES",""
"23354",97,"1981-01-03","Senate","MD",100,"SARBANES, Paul Spyros","S000064","1933-02-03",6,3,17501,47.9151266255989,"Silent","SARBANES",""
"23355",98,"1983-01-03","Senate","MD",100,"SARBANES, Paul Spyros","S000064","1933-02-03",7,4,18231,49.9137577002053,"Silent","SARBANES",""
"23356",99,"1985-01-03","Senate","MD",100,"SARBANES, Paul Spyros","S000064","1933-02-03",8,5,18962,51.9151266255989,"Silent","SARBANES",""
"23357",100,"1987-01-03","Senate","MD",100,"SARBANES, Paul Spyros","S000064","1933-02-03",9,6,19692,53.9137577002053,"Silent","SARBANES",""
"23358",101,"1989-01-03","Senate","MD",100,"SARBANES, Paul Spyros","S000064","1933-02-03",10,7,20423,55.9151266255989,"Silent","SARBANES",""
"23359",102,"1991-01-03","Senate","MD",100,"SARBANES, Paul Spyros","S000064","1933-02-03",11,8,21153,57.9137577002053,"Silent","SARBANES",""
"23360",103,"1993-01-03","Senate","MD",100,"SARBANES, Paul Spyros","S000064","1933-02-03",12,9,21884,59.9151266255989,"Silent","SARBANES",""
"23361",104,"1995-01-03","Senate","MD",100,"SARBANES, Paul Spyros","S000064","1933-02-03",13,10,22614,61.9137577002053,"Silent","SARBANES",""
"23362",105,"1997-01-03","Senate","MD",100,"SARBANES, Paul Spyros","S000064","1933-02-03",14,11,23345,63.9151266255989,"Silent","SARBANES",""
"23363",106,"1999-01-03","Senate","MD",100,"SARBANES, Paul Spyros","S000064","1933-02-03",15,12,24075,65.9137577002053,"Silent","SARBANES",""
"23364",107,"2001-01-03","Senate","MD",100,"SARBANES, Paul Spyros","S000064","1933-02-03",16,13,24806,67.9151266255989,"Silent","SARBANES",""
"23365",108,"2003-01-03","Senate","MD",100,"SARBANES, Paul Spyros","S000064","1933-02-03",17,14,25536,69.9137577002053,"Silent","SARBANES",""
"23366",109,"2005-01-03","Senate","MD",100,"SARBANES, Paul Spyros","S000064","1933-02-03",18,15,26267,71.9151266255989,"Silent","SARBANES",""
"23377",95,"1977-01-03","Senate","TN",100,"SASSER, James Ralph","S000068","1936-09-30",1,1,14705,40.2600958247776,"Silent","SASSER",""
"23378",96,"1979-01-03","Senate","TN",100,"SASSER, James Ralph","S000068","1936-09-30",2,2,15435,42.258726899384,"Silent","SASSER",""
"23379",97,"1981-01-03","Senate","TN",100,"SASSER, James Ralph","S000068","1936-09-30",3,3,16166,44.2600958247776,"Silent","SASSER",""
"23380",98,"1983-01-03","Senate","TN",100,"SASSER, James Ralph","S000068","1936-09-30",4,4,16896,46.258726899384,"Silent","SASSER",""
"23381",99,"1985-01-03","Senate","TN",100,"SASSER, James Ralph","S000068","1936-09-30",5,5,17627,48.2600958247776,"Silent","SASSER",""
"23382",100,"1987-01-03","Senate","TN",100,"SASSER, James Ralph","S000068","1936-09-30",6,6,18357,50.258726899384,"Silent","SASSER",""
"23383",101,"1989-01-03","Senate","TN",100,"SASSER, James Ralph","S000068","1936-09-30",7,7,19088,52.2600958247776,"Silent","SASSER",""
"23384",102,"1991-01-03","Senate","TN",100,"SASSER, James Ralph","S000068","1936-09-30",8,8,19818,54.258726899384,"Silent","SASSER",""
"23385",103,"1993-01-03","Senate","TN",100,"SASSER, James Ralph","S000068","1936-09-30",9,9,20549,56.2600958247776,"Silent","SASSER",""
"23427",91,"1969-01-03","Senate","OH",200,"SAXBE, William Bart","S000096","1916-06-24",1,1,19186,52.5284052019165,"Greatest","SAXBE",""
"23428",92,"1971-01-03","Senate","OH",200,"SAXBE, William Bart","S000096","1916-06-24",2,2,19916,54.5270362765229,"Greatest","SAXBE",""
"23429",93,"1973-01-03","Senate","OH",200,"SAXBE, William Bart","S000096","1916-06-24",3,3,20647,56.5284052019165,"Greatest","SAXBE",""
"23491",69,"1925-03-04","Senate","MN",200,"SCHALL, Thomas David","S000113","1878-06-04",6,1,17074,46.7460643394935,"Missionary","SCHALL",""
"23492",70,"1927-03-04","Senate","MN",200,"SCHALL, Thomas David","S000113","1878-06-04",7,2,17804,48.7446954140999,"Missionary","SCHALL",""
"23493",71,"1929-03-04","Senate","MN",200,"SCHALL, Thomas David","S000113","1878-06-04",8,3,18535,50.7460643394935,"Missionary","SCHALL",""
"23494",72,"1931-03-04","Senate","MN",200,"SCHALL, Thomas David","S000113","1878-06-04",9,4,19265,52.7446954140999,"Missionary","SCHALL",""
"23495",73,"1933-03-04","Senate","MN",200,"SCHALL, Thomas David","S000113","1878-06-04",10,5,19996,54.7460643394935,"Missionary","SCHALL",""
"23496",74,"1935-01-03","Senate","MN",200,"SCHALL, Thomas David","S000113","1878-06-04",11,6,20666,56.580424366872,"Missionary","SCHALL",""
"23536",95,"1977-01-03","Senate","NM",200,"SCHMITT, Harrison Hagan","S000132","1935-07-03",1,1,15160,41.5058179329227,"Silent","SCHMITT",""
"23537",96,"1979-01-03","Senate","NM",200,"SCHMITT, Harrison Hagan","S000132","1935-07-03",2,2,15890,43.5044490075291,"Silent","SCHMITT",""
"23538",97,"1981-01-03","Senate","NM",200,"SCHMITT, Harrison Hagan","S000132","1935-07-03",3,3,16621,45.5058179329227,"Silent","SCHMITT",""
"23562",81,"1949-01-03","Senate","KS",200,"SCHOEPPEL, Andrew Frank","S000138","1894-11-23",1,1,19764,54.1108829568789,"Lost","SCHOEPPEL",""
"23563",82,"1951-01-03","Senate","KS",200,"SCHOEPPEL, Andrew Frank","S000138","1894-11-23",2,2,20494,56.1095140314853,"Lost","SCHOEPPEL",""
"23564",83,"1953-01-03","Senate","KS",200,"SCHOEPPEL, Andrew Frank","S000138","1894-11-23",3,3,21225,58.1108829568789,"Lost","SCHOEPPEL",""
"23565",84,"1955-01-03","Senate","KS",200,"SCHOEPPEL, Andrew Frank","S000138","1894-11-23",4,4,21955,60.1095140314853,"Lost","SCHOEPPEL",""
"23566",85,"1957-01-03","Senate","KS",200,"SCHOEPPEL, Andrew Frank","S000138","1894-11-23",5,5,22686,62.1108829568789,"Lost","SCHOEPPEL",""
"23567",86,"1959-01-03","Senate","KS",200,"SCHOEPPEL, Andrew Frank","S000138","1894-11-23",6,6,23416,64.1095140314853,"Lost","SCHOEPPEL",""
"23568",87,"1961-01-03","Senate","KS",200,"SCHOEPPEL, Andrew Frank","S000138","1894-11-23",7,7,24147,66.1108829568789,"Lost","SCHOEPPEL",""
"23614",106,"1999-01-03","Senate","NY",100,"SCHUMER, Charles Ellis (Chuck)","S000148","1950-11-23",10,1,17573,48.1122518822724,"Boomers","SCHUMER",""
"23615",107,"2001-01-03","Senate","NY",100,"SCHUMER, Charles Ellis (Chuck)","S000148","1950-11-23",11,2,18304,50.113620807666,"Boomers","SCHUMER",""
"23616",108,"2003-01-03","Senate","NY",100,"SCHUMER, Charles Ellis (Chuck)","S000148","1950-11-23",12,3,19034,52.1122518822724,"Boomers","SCHUMER",""
"23617",109,"2005-01-03","Senate","NY",100,"SCHUMER, Charles Ellis (Chuck)","S000148","1950-11-23",13,4,19765,54.113620807666,"Boomers","SCHUMER",""
"23618",110,"2007-01-03","Senate","NY",100,"SCHUMER, Charles Ellis (Chuck)","S000148","1950-11-23",14,5,20495,56.1122518822724,"Boomers","SCHUMER",""
"23619",111,"2009-01-03","Senate","NY",100,"SCHUMER, Charles Ellis (Chuck)","S000148","1950-11-23",15,6,21226,58.113620807666,"Boomers","SCHUMER",""
"23620",112,"2011-01-03","Senate","NY",100,"SCHUMER, Charles Ellis (Chuck)","S000148","1950-11-23",16,7,21956,60.1122518822724,"Boomers","SCHUMER",""
"23621",113,"2013-01-03","Senate","NY",100,"SCHUMER, Charles Ellis (Chuck)","S000148","1950-11-23",17,8,22687,62.113620807666,"Boomers","SCHUMER",""
"23622",114,"2015-01-03","Senate","NY",100,"SCHUMER, Charles Ellis (Chuck)","S000148","1950-11-23",18,9,23417,64.1122518822724,"Boomers","SCHUMER",""
"23623",115,"2017-01-03","Senate","NY",100,"SCHUMER, Charles Ellis (Chuck)","S000148","1950-11-23",19,10,24148,66.113620807666,"Boomers","SCHUMER",""
"23624",116,"2019-01-03","Senate","NY",100,"SCHUMER, Charles Ellis (Chuck)","S000148","1950-11-23",20,11,24878,68.1122518822724,"Boomers","SCHUMER",""
"23625",117,"2021-01-03","Senate","NY",100,"SCHUMER, Charles Ellis (Chuck)","S000148","1950-11-23",21,12,25609,70.113620807666,"Boomers","SCHUMER",""
"23626",118,"2023-01-03","Senate","NY",100,"SCHUMER, Charles Ellis (Chuck)","S000148","1950-11-23",22,13,26339,72.1122518822724,"Boomers","SCHUMER",""
"23627",72,"1931-03-04","Senate","CO",200,"SCHUYLER, Karl Cortlandt","S000152","1877-04-03",1,1,19692,53.9137577002053,"Missionary","SCHUYLER",""
"23634",75,"1937-01-03","Senate","WY",100,"SCHWARTZ, Henry Herman (Harry)","S000157","1869-05-18",1,1,24701,67.62765229295,"Missionary","SCHWARTZ",""
"23635",76,"1939-01-03","Senate","WY",100,"SCHWARTZ, Henry Herman (Harry)","S000157","1869-05-18",2,2,25431,69.6262833675565,"Missionary","SCHWARTZ",""
"23636",77,"1941-01-03","Senate","WY",100,"SCHWARTZ, Henry Herman (Harry)","S000157","1869-05-18",3,3,26162,71.62765229295,"Missionary","SCHWARTZ",""
"23641",91,"1969-01-03","Senate","PA",200,"SCHWEIKER, Richard Schultz","S000159","1926-06-01",5,1,15557,42.5927446954141,"Greatest","SCHWEIKER",""
"23642",92,"1971-01-03","Senate","PA",200,"SCHWEIKER, Richard Schultz","S000159","1926-06-01",6,2,16287,44.5913757700205,"Greatest","SCHWEIKER",""
"23643",93,"1973-01-03","Senate","PA",200,"SCHWEIKER, Richard Schultz","S000159","1926-06-01",7,3,17018,46.5927446954141,"Greatest","SCHWEIKER",""
"23644",94,"1975-01-03","Senate","PA",200,"SCHWEIKER, Richard Schultz","S000159","1926-06-01",8,4,17748,48.5913757700205,"Greatest","SCHWEIKER",""
"23645",95,"1977-01-03","Senate","PA",200,"SCHWEIKER, Richard Schultz","S000159","1926-06-01",9,5,18479,50.5927446954141,"Greatest","SCHWEIKER",""
"23646",96,"1979-01-03","Senate","PA",200,"SCHWEIKER, Richard Schultz","S000159","1926-06-01",10,6,19209,52.5913757700205,"Greatest","SCHWEIKER",""
"23647",74,"1935-01-03","Senate","WA",100,"SCHWELLENBACH, Lewis Baxter","S000160","1894-09-20",1,1,14714,40.2847364818617,"Lost","SCHWELLENBACH",""
"23648",75,"1937-01-03","Senate","WA",100,"SCHWELLENBACH, Lewis Baxter","S000160","1894-09-20",2,2,15445,42.2861054072553,"Lost","SCHWELLENBACH",""
"23649",76,"1939-01-03","Senate","WA",100,"SCHWELLENBACH, Lewis Baxter","S000160","1894-09-20",3,3,16175,44.2847364818617,"Lost","SCHWELLENBACH",""
"23681",86,"1959-01-03","Senate","PA",200,"SCOTT, Hugh Doggett, Jr.","S000174","1900-11-11",9,1,21237,58.1437371663244,"Lost","SCOTT",""
"23682",87,"1961-01-03","Senate","PA",200,"SCOTT, Hugh Doggett, Jr.","S000174","1900-11-11",10,2,21968,60.145106091718,"Lost","SCOTT",""
"23683",88,"1963-01-03","Senate","PA",200,"SCOTT, Hugh Doggett, Jr.","S000174","1900-11-11",11,3,22698,62.1437371663244,"Lost","SCOTT",""
"23684",89,"1965-01-03","Senate","PA",200,"SCOTT, Hugh Doggett, Jr.","S000174","1900-11-11",12,4,23429,64.145106091718,"Lost","SCOTT",""
"23685",90,"1967-01-03","Senate","PA",200,"SCOTT, Hugh Doggett, Jr.","S000174","1900-11-11",13,5,24159,66.1437371663244,"Lost","SCOTT",""
"23686",91,"1969-01-03","Senate","PA",200,"SCOTT, Hugh Doggett, Jr.","S000174","1900-11-11",14,6,24890,68.145106091718,"Lost","SCOTT",""
"23687",92,"1971-01-03","Senate","PA",200,"SCOTT, Hugh Doggett, Jr.","S000174","1900-11-11",15,7,25620,70.1437371663244,"Lost","SCOTT",""
"23688",93,"1973-01-03","Senate","PA",200,"SCOTT, Hugh Doggett, Jr.","S000174","1900-11-11",16,8,26351,72.145106091718,"Lost","SCOTT",""
"23689",94,"1975-01-03","Senate","PA",200,"SCOTT, Hugh Doggett, Jr.","S000174","1900-11-11",17,9,27081,74.1437371663244,"Lost","SCOTT",""
"23712",83,"1953-01-03","Senate","NC",100,"SCOTT, William Kerr","S000187","1896-04-17",1,1,20714,56.7118412046543,"Lost","SCOTT",""
"23713",84,"1955-01-03","Senate","NC",100,"SCOTT, William Kerr","S000187","1896-04-17",2,2,21444,58.7104722792608,"Lost","SCOTT",""
"23714",85,"1957-01-03","Senate","NC",100,"SCOTT, William Kerr","S000187","1896-04-17",3,3,22175,60.7118412046543,"Lost","SCOTT",""
"23718",93,"1973-01-03","Senate","VA",200,"SCOTT, William Lloyd","S000189","1915-07-01",4,1,21006,57.5112936344969,"Greatest","SCOTT",""
"23719",94,"1975-01-03","Senate","VA",200,"SCOTT, William Lloyd","S000189","1915-07-01",5,2,21736,59.5099247091034,"Greatest","SCOTT",""
"23720",95,"1977-01-03","Senate","VA",200,"SCOTT, William Lloyd","S000189","1915-07-01",6,3,22467,61.5112936344969,"Greatest","SCOTT",""
"23735",78,"1943-01-03","Senate","NV",100,"SCRUGHAM, James Graves","S000196","1880-01-19",6,1,22994,62.9541409993155,"Missionary","SCRUGHAM",""
"23736",79,"1945-01-03","Senate","NV",100,"SCRUGHAM, James Graves","S000196","1880-01-19",7,2,23725,64.9555099247091,"Missionary","SCRUGHAM",""
"23755",82,"1951-01-03","Senate","NE",200,"SEATON, Frederick Andrew","S000214","1909-12-11",1,1,14998,41.0622861054073,"Greatest","SEATON",""
"23862",102,"1991-01-03","Senate","CA",200,"SEYMOUR, John","S000269","1937-12-03",1,1,19389,53.0841889117043,"Silent","SEYMOUR",""
"23933",100,"1987-01-03","Senate","AL",100,"SHELBY, Richard C.","S000320","1934-05-06",5,1,19235,52.662559890486,"Silent","SHELBY",""
"23934",101,"1989-01-03","Senate","AL",100,"SHELBY, Richard C.","S000320","1934-05-06",6,2,19966,54.6639288158795,"Silent","SHELBY",""
"23935",102,"1991-01-03","Senate","AL",100,"SHELBY, Richard C.","S000320","1934-05-06",7,3,20696,56.662559890486,"Silent","SHELBY",""
"23936",103,"1993-01-03","Senate","AL",100,"SHELBY, Richard C.","S000320","1934-05-06",8,4,21427,58.6639288158795,"Silent","SHELBY",""
"23937",104,"1995-01-03","Senate","AL",200,"SHELBY, Richard C.","S000320","1934-05-06",9,5,22157,60.662559890486,"Silent","SHELBY",""
"23938",105,"1997-01-03","Senate","AL",200,"SHELBY, Richard C.","S000320","1934-05-06",10,6,22888,62.6639288158795,"Silent","SHELBY",""
"23939",106,"1999-01-03","Senate","AL",200,"SHELBY, Richard C.","S000320","1934-05-06",11,7,23618,64.662559890486,"Silent","SHELBY",""
"23940",107,"2001-01-03","Senate","AL",200,"SHELBY, Richard C.","S000320","1934-05-06",12,8,24349,66.6639288158795,"Silent","SHELBY",""
"23941",108,"2003-01-03","Senate","AL",200,"SHELBY, Richard C.","S000320","1934-05-06",13,9,25079,68.662559890486,"Silent","SHELBY",""
"23942",109,"2005-01-03","Senate","AL",200,"SHELBY, Richard C.","S000320","1934-05-06",14,10,25810,70.6639288158795,"Silent","SHELBY",""
"23943",110,"2007-01-03","Senate","AL",200,"SHELBY, Richard C.","S000320","1934-05-06",15,11,26540,72.662559890486,"Silent","SHELBY",""
"23944",111,"2009-01-03","Senate","AL",200,"SHELBY, Richard C.","S000320","1934-05-06",16,12,27271,74.6639288158795,"Silent","SHELBY",""
"23945",112,"2011-01-03","Senate","AL",200,"SHELBY, Richard C.","S000320","1934-05-06",17,13,28001,76.662559890486,"Silent","SHELBY",""
"23946",113,"2013-01-03","Senate","AL",200,"SHELBY, Richard C.","S000320","1934-05-06",18,14,28732,78.6639288158795,"Silent","SHELBY",""
"23947",114,"2015-01-03","Senate","AL",200,"SHELBY, Richard C.","S000320","1934-05-06",19,15,29462,80.662559890486,"Silent","SHELBY",""
"23948",115,"2017-01-03","Senate","AL",200,"SHELBY, Richard C.","S000320","1934-05-06",20,16,30193,82.6639288158795,"Silent","SHELBY",""
"23949",116,"2019-01-03","Senate","AL",200,"SHELBY, Richard C.","S000320","1934-05-06",21,17,30923,84.662559890486,"Silent","SHELBY",""
"23950",117,"2021-01-03","Senate","AL",200,"SHELBY, Richard C.","S000320","1934-05-06",22,18,31654,86.6639288158795,"Silent","SHELBY",""
"23975",66,"1919-03-04","Senate","TX",100,"SHEPPARD, Morris","S000337","1875-05-28",10,4,15985,43.7645448323066,"Missionary","SHEPPARD",""
"23976",67,"1921-03-04","Senate","TX",100,"SHEPPARD, Morris","S000337","1875-05-28",11,5,16716,45.7659137577002,"Missionary","SHEPPARD",""
"23977",68,"1923-03-04","Senate","TX",100,"SHEPPARD, Morris","S000337","1875-05-28",12,6,17446,47.7645448323066,"Missionary","SHEPPARD",""
"23978",69,"1925-03-04","Senate","TX",100,"SHEPPARD, Morris","S000337","1875-05-28",13,7,18177,49.7659137577002,"Missionary","SHEPPARD",""
"23979",70,"1927-03-04","Senate","TX",100,"SHEPPARD, Morris","S000337","1875-05-28",14,8,18907,51.7645448323066,"Missionary","SHEPPARD",""
"23980",71,"1929-03-04","Senate","TX",100,"SHEPPARD, Morris","S000337","1875-05-28",15,9,19638,53.7659137577002,"Missionary","SHEPPARD",""
"23981",72,"1931-03-04","Senate","TX",100,"SHEPPARD, Morris","S000337","1875-05-28",16,10,20368,55.7645448323066,"Missionary","SHEPPARD",""
"23982",73,"1933-03-04","Senate","TX",100,"SHEPPARD, Morris","S000337","1875-05-28",17,11,21099,57.7659137577002,"Missionary","SHEPPARD",""
"23983",74,"1935-01-03","Senate","TX",100,"SHEPPARD, Morris","S000337","1875-05-28",18,12,21769,59.6002737850787,"Missionary","SHEPPARD",""
"23984",75,"1937-01-03","Senate","TX",100,"SHEPPARD, Morris","S000337","1875-05-28",19,13,22500,61.6016427104723,"Missionary","SHEPPARD",""
"23985",76,"1939-01-03","Senate","TX",100,"SHEPPARD, Morris","S000337","1875-05-28",20,14,23230,63.6002737850787,"Missionary","SHEPPARD",""
"23986",77,"1941-01-03","Senate","TX",100,"SHEPPARD, Morris","S000337","1875-05-28",21,15,23961,65.6016427104723,"Missionary","SHEPPARD",""
"24005",66,"1919-03-04","Senate","IL",200,"SHERMAN, Lawrence Yates","S000348","1858-11-08",4,4,22030,60.3148528405202,"Progressive","SHERMAN",""
"24008",66,"1919-03-04","Senate","TN",100,"SHIELDS, John Knight","S000363","1858-08-15",4,4,22115,60.5475701574264,"Progressive","SHIELDS",""
"24009",67,"1921-03-04","Senate","TN",100,"SHIELDS, John Knight","S000363","1858-08-15",5,5,22846,62.54893908282,"Progressive","SHIELDS",""
"24010",68,"1923-03-04","Senate","TN",100,"SHIELDS, John Knight","S000363","1858-08-15",6,6,23576,64.5475701574264,"Progressive","SHIELDS",""
"24033",68,"1923-03-04","Senate","MN",537,"SHIPSTEAD, Henrik","S000369","1881-01-08",1,1,15394,42.1464750171116,"Missionary","SHIPSTEAD",""
"24034",69,"1925-03-04","Senate","MN",537,"SHIPSTEAD, Henrik","S000369","1881-01-08",2,2,16125,44.1478439425051,"Missionary","SHIPSTEAD",""
"24035",70,"1927-03-04","Senate","MN",537,"SHIPSTEAD, Henrik","S000369","1881-01-08",3,3,16855,46.1464750171116,"Missionary","SHIPSTEAD",""
"24036",71,"1929-03-04","Senate","MN",537,"SHIPSTEAD, Henrik","S000369","1881-01-08",4,4,17586,48.1478439425051,"Missionary","SHIPSTEAD",""
"24037",72,"1931-03-04","Senate","MN",537,"SHIPSTEAD, Henrik","S000369","1881-01-08",5,5,18316,50.1464750171116,"Missionary","SHIPSTEAD",""
"24038",73,"1933-03-04","Senate","MN",537,"SHIPSTEAD, Henrik","S000369","1881-01-08",6,6,19047,52.1478439425051,"Missionary","SHIPSTEAD",""
"24039",74,"1935-01-03","Senate","MN",537,"SHIPSTEAD, Henrik","S000369","1881-01-08",7,7,19717,53.9822039698836,"Missionary","SHIPSTEAD",""
"24040",75,"1937-01-03","Senate","MN",537,"SHIPSTEAD, Henrik","S000369","1881-01-08",8,8,20448,55.9835728952772,"Missionary","SHIPSTEAD",""
"24041",76,"1939-01-03","Senate","MN",537,"SHIPSTEAD, Henrik","S000369","1881-01-08",9,9,21178,57.9822039698836,"Missionary","SHIPSTEAD",""
"24042",77,"1941-01-03","Senate","MN",200,"SHIPSTEAD, Henrik","S000369","1881-01-08",10,10,21909,59.9835728952772,"Missionary","SHIPSTEAD",""
"24043",78,"1943-01-03","Senate","MN",200,"SHIPSTEAD, Henrik","S000369","1881-01-08",11,11,22639,61.9822039698836,"Missionary","SHIPSTEAD",""
"24044",79,"1945-01-03","Senate","MN",200,"SHIPSTEAD, Henrik","S000369","1881-01-08",12,12,23370,63.9835728952772,"Missionary","SHIPSTEAD",""
"24061",67,"1921-03-04","Senate","CA",200,"SHORTRIDGE, Samuel Morgan","S000380","1861-08-03",1,1,21762,59.5811088295688,"Missionary","SHORTRIDGE",""
"24062",68,"1923-03-04","Senate","CA",200,"SHORTRIDGE, Samuel Morgan","S000380","1861-08-03",2,2,22492,61.5797399041752,"Missionary","SHORTRIDGE",""
"24063",69,"1925-03-04","Senate","CA",200,"SHORTRIDGE, Samuel Morgan","S000380","1861-08-03",3,3,23223,63.5811088295688,"Missionary","SHORTRIDGE",""
"24064",70,"1927-03-04","Senate","CA",200,"SHORTRIDGE, Samuel Morgan","S000380","1861-08-03",4,4,23953,65.5797399041752,"Missionary","SHORTRIDGE",""
"24065",71,"1929-03-04","Senate","CA",200,"SHORTRIDGE, Samuel Morgan","S000380","1861-08-03",5,5,24684,67.5811088295688,"Missionary","SHORTRIDGE",""
"24066",72,"1931-03-04","Senate","CA",200,"SHORTRIDGE, Samuel Morgan","S000380","1861-08-03",6,6,25414,69.5797399041752,"Missionary","SHORTRIDGE",""
"24069",77,"1941-01-03","Senate","WV",200,"SHOTT, Hugh Ike","S000381","1866-09-03",3,1,27150,74.3326488706365,"Missionary","SHOTT",""
"24153",66,"1919-03-04","Senate","NC",100,"SIMMONS, Furnifold McLendel","S000415","1854-01-20",11,10,23783,65.1143052703628,"Progressive","SIMMONS",""
"24154",67,"1921-03-04","Senate","NC",100,"SIMMONS, Furnifold McLendel","S000415","1854-01-20",12,11,24514,67.1156741957563,"Progressive","SIMMONS",""
"24155",68,"1923-03-04","Senate","NC",100,"SIMMONS, Furnifold McLendel","S000415","1854-01-20",13,12,25244,69.1143052703628,"Progressive","SIMMONS",""
"24156",69,"1925-03-04","Senate","NC",100,"SIMMONS, Furnifold McLendel","S000415","1854-01-20",14,13,25975,71.1156741957563,"Progressive","SIMMONS",""
"24157",70,"1927-03-04","Senate","NC",100,"SIMMONS, Furnifold McLendel","S000415","1854-01-20",15,14,26705,73.1143052703628,"Progressive","SIMMONS",""
"24158",71,"1929-03-04","Senate","NC",100,"SIMMONS, Furnifold McLendel","S000415","1854-01-20",16,15,27436,75.1156741957563,"Progressive","SIMMONS",""
"24170",99,"1985-01-03","Senate","IL",100,"SIMON, Paul Martin","S000423","1928-11-29",6,1,20489,56.0958247775496,"Silent","SIMON",""
"24171",100,"1987-01-03","Senate","IL",100,"SIMON, Paul Martin","S000423","1928-11-29",7,2,21219,58.0944558521561,"Silent","SIMON",""
"24172",101,"1989-01-03","Senate","IL",100,"SIMON, Paul Martin","S000423","1928-11-29",8,3,21950,60.0958247775496,"Silent","SIMON",""
"24173",102,"1991-01-03","Senate","IL",100,"SIMON, Paul Martin","S000423","1928-11-29",9,4,22680,62.0944558521561,"Silent","SIMON",""
"24174",103,"1993-01-03","Senate","IL",100,"SIMON, Paul Martin","S000423","1928-11-29",10,5,23411,64.0958247775496,"Silent","SIMON",""
"24175",104,"1995-01-03","Senate","IL",100,"SIMON, Paul Martin","S000423","1928-11-29",11,6,24141,66.0944558521561,"Silent","SIMON",""
"24176",95,"1977-01-03","Senate","WY",200,"SIMPSON, Alan Kooi","S000429","1931-09-02",1,1,16560,45.3388090349076,"Silent","SIMPSON",""
"24177",96,"1979-01-03","Senate","WY",200,"SIMPSON, Alan Kooi","S000429","1931-09-02",2,2,17290,47.337440109514,"Silent","SIMPSON",""
"24178",97,"1981-01-03","Senate","WY",200,"SIMPSON, Alan Kooi","S000429","1931-09-02",3,3,18021,49.3388090349076,"Silent","SIMPSON",""
"24179",98,"1983-01-03","Senate","WY",200,"SIMPSON, Alan Kooi","S000429","1931-09-02",4,4,18751,51.337440109514,"Silent","SIMPSON",""
"24180",99,"1985-01-03","Senate","WY",200,"SIMPSON, Alan Kooi","S000429","1931-09-02",5,5,19482,53.3388090349076,"Silent","SIMPSON",""
"24181",100,"1987-01-03","Senate","WY",200,"SIMPSON, Alan Kooi","S000429","1931-09-02",6,6,20212,55.337440109514,"Silent","SIMPSON",""
"24182",101,"1989-01-03","Senate","WY",200,"SIMPSON, Alan Kooi","S000429","1931-09-02",7,7,20943,57.3388090349076,"Silent","SIMPSON",""
"24183",102,"1991-01-03","Senate","WY",200,"SIMPSON, Alan Kooi","S000429","1931-09-02",8,8,21673,59.337440109514,"Silent","SIMPSON",""
"24184",103,"1993-01-03","Senate","WY",200,"SIMPSON, Alan Kooi","S000429","1931-09-02",9,9,22404,61.3388090349076,"Silent","SIMPSON",""
"24185",104,"1995-01-03","Senate","WY",200,"SIMPSON, Alan Kooi","S000429","1931-09-02",10,10,23134,63.337440109514,"Silent","SIMPSON",""
"24189",87,"1961-01-03","Senate","WY",200,"SIMPSON, Milward Lee","S000434","1897-11-12",1,1,23062,63.1403148528405,"Lost","SIMPSON",""
"24190",88,"1963-01-03","Senate","WY",200,"SIMPSON, Milward Lee","S000434","1897-11-12",2,2,23792,65.138945927447,"Lost","SIMPSON",""
"24191",89,"1965-01-03","Senate","WY",200,"SIMPSON, Milward Lee","S000434","1897-11-12",3,3,24523,67.1403148528405,"Lost","SIMPSON",""
"24321",76,"1939-01-03","Senate","IL",100,"SLATTERY, James Michael","S000478","1878-07-29",1,1,22072,60.4298425735797,"Missionary","SLATTERY",""
"24351",82,"1951-01-03","Senate","FL",100,"SMATHERS, George Armistead","S000505","1913-11-14",3,1,13564,37.1362080766598,"Greatest","SMATHERS",""
"24352",83,"1953-01-03","Senate","FL",100,"SMATHERS, George Armistead","S000505","1913-11-14",4,2,14295,39.1375770020534,"Greatest","SMATHERS",""
"24353",84,"1955-01-03","Senate","FL",100,"SMATHERS, George Armistead","S000505","1913-11-14",5,3,15025,41.1362080766598,"Greatest","SMATHERS",""
"24354",85,"1957-01-03","Senate","FL",100,"SMATHERS, George Armistead","S000505","1913-11-14",6,4,15756,43.1375770020534,"Greatest","SMATHERS",""
"24355",86,"1959-01-03","Senate","FL",100,"SMATHERS, George Armistead","S000505","1913-11-14",7,5,16486,45.1362080766598,"Greatest","SMATHERS",""
"24356",87,"1961-01-03","Senate","FL",100,"SMATHERS, George Armistead","S000505","1913-11-14",8,6,17217,47.1375770020534,"Greatest","SMATHERS",""
"24357",88,"1963-01-03","Senate","FL",100,"SMATHERS, George Armistead","S000505","1913-11-14",9,7,17947,49.1362080766598,"Greatest","SMATHERS",""
"24358",89,"1965-01-03","Senate","FL",100,"SMATHERS, George Armistead","S000505","1913-11-14",10,8,18678,51.1375770020534,"Greatest","SMATHERS",""
"24359",90,"1967-01-03","Senate","FL",100,"SMATHERS, George Armistead","S000505","1913-11-14",11,9,19408,53.1362080766598,"Greatest","SMATHERS",""
"24360",75,"1937-01-03","Senate","NJ",100,"SMATHERS, William Howell","S000506","1891-01-07",1,1,16797,45.9876796714579,"Lost","SMATHERS",""
"24361",76,"1939-01-03","Senate","NJ",100,"SMATHERS, William Howell","S000506","1891-01-07",2,2,17527,47.9863107460643,"Lost","SMATHERS",""
"24362",77,"1941-01-03","Senate","NJ",100,"SMATHERS, William Howell","S000506","1891-01-07",3,3,18258,49.9876796714579,"Lost","SMATHERS",""
"24385",86,"1959-01-03","Senate","MA",100,"SMITH, Benjamin A. II","S000517","1916-03-26",1,1,15623,42.7734428473648,"Greatest","SMITH",""
"24386",87,"1961-01-03","Senate","MA",100,"SMITH, Benjamin A. II","S000517","1916-03-26",2,2,16354,44.7748117727584,"Greatest","SMITH",""
"24416",66,"1919-03-04","Senate","SC",100,"SMITH, Ellison DuRant","S000530","1864-08-01",6,6,19937,54.5845311430527,"Missionary","SMITH",""
"24417",67,"1921-03-04","Senate","SC",100,"SMITH, Ellison DuRant","S000530","1864-08-01",7,7,20668,56.5859000684463,"Missionary","SMITH",""
"24418",68,"1923-03-04","Senate","SC",100,"SMITH, Ellison DuRant","S000530","1864-08-01",8,8,21398,58.5845311430527,"Missionary","SMITH",""
"24419",69,"1925-03-04","Senate","SC",100,"SMITH, Ellison DuRant","S000530","1864-08-01",9,9,22129,60.5859000684463,"Missionary","SMITH",""
"24420",70,"1927-03-04","Senate","SC",100,"SMITH, Ellison DuRant","S000530","1864-08-01",10,10,22859,62.5845311430527,"Missionary","SMITH",""
"24421",71,"1929-03-04","Senate","SC",100,"SMITH, Ellison DuRant","S000530","1864-08-01",11,11,23590,64.5859000684463,"Missionary","SMITH",""
"24422",72,"1931-03-04","Senate","SC",100,"SMITH, Ellison DuRant","S000530","1864-08-01",12,12,24320,66.5845311430527,"Missionary","SMITH",""
"24423",73,"1933-03-04","Senate","SC",100,"SMITH, Ellison DuRant","S000530","1864-08-01",13,13,25051,68.5859000684463,"Missionary","SMITH",""
"24424",74,"1935-01-03","Senate","SC",100,"SMITH, Ellison DuRant","S000530","1864-08-01",14,14,25721,70.4202600958248,"Missionary","SMITH",""
"24425",75,"1937-01-03","Senate","SC",100,"SMITH, Ellison DuRant","S000530","1864-08-01",15,15,26452,72.4216290212183,"Missionary","SMITH",""
"24426",76,"1939-01-03","Senate","SC",100,"SMITH, Ellison DuRant","S000530","1864-08-01",16,16,27182,74.4202600958248,"Missionary","SMITH",""
"24427",77,"1941-01-03","Senate","SC",100,"SMITH, Ellison DuRant","S000530","1864-08-01",17,17,27913,76.4216290212183,"Missionary","SMITH",""
"24428",78,"1943-01-03","Senate","SC",100,"SMITH, Ellison DuRant","S000530","1864-08-01",18,18,28643,78.4202600958248,"Missionary","SMITH",""
"24437",70,"1927-03-04","Senate","IL",200,"SMITH, Frank Leslie","S000534","1867-11-24",2,1,21649,59.2717316906229,"Missionary","SMITH",""
"24458",66,"1919-03-04","Senate","GA",100,"SMITH, Hoke","S000551","1855-09-02",5,5,23193,63.4989733059548,"Progressive","SMITH",""
"24459",78,"1943-01-03","Senate","NJ",200,"SMITH, Howard Alexander","S000553","1880-01-30",1,1,22983,62.9240246406571,"Missionary","SMITH",""
"24460",79,"1945-01-03","Senate","NJ",200,"SMITH, Howard Alexander","S000553","1880-01-30",2,2,23714,64.9253935660506,"Missionary","SMITH",""
"24461",80,"1947-01-03","Senate","NJ",200,"SMITH, Howard Alexander","S000553","1880-01-30",3,3,24444,66.9240246406571,"Missionary","SMITH",""
"24462",81,"1949-01-03","Senate","NJ",200,"SMITH, Howard Alexander","S000553","1880-01-30",4,4,25175,68.9253935660506,"Missionary","SMITH",""
"24463",82,"1951-01-03","Senate","NJ",200,"SMITH, Howard Alexander","S000553","1880-01-30",5,5,25905,70.9240246406571,"Missionary","SMITH",""
"24464",83,"1953-01-03","Senate","NJ",200,"SMITH, Howard Alexander","S000553","1880-01-30",6,6,26636,72.9253935660506,"Missionary","SMITH",""
"24465",84,"1955-01-03","Senate","NJ",200,"SMITH, Howard Alexander","S000553","1880-01-30",7,7,27366,74.9240246406571,"Missionary","SMITH",""
"24466",85,"1957-01-03","Senate","NJ",200,"SMITH, Howard Alexander","S000553","1880-01-30",8,8,28097,76.9253935660506,"Missionary","SMITH",""
"24493",66,"1919-03-04","Senate","MD",100,"SMITH, John Walter","S000577","1845-02-05",8,7,27054,74.0698151950719,"Progressive","SMITH",""
"24536",66,"1919-03-04","Senate","AZ",100,"SMITH, Marcus Aurelius","S000589","1851-01-24",5,5,24875,68.104038329911,"Progressive","SMITH",""
"24542",81,"1949-01-03","Senate","ME",200,"SMITH, Margaret Chase","S000590","1897-12-14",6,1,18647,51.0527036276523,"Lost","SMITH",""
"24543",82,"1951-01-03","Senate","ME",200,"SMITH, Margaret Chase","S000590","1897-12-14",7,2,19377,53.0513347022587,"Lost","SMITH",""
"24544",83,"1953-01-03","Senate","ME",200,"SMITH, Margaret Chase","S000590","1897-12-14",8,3,20108,55.0527036276523,"Lost","SMITH",""
"24545",84,"1955-01-03","Senate","ME",200,"SMITH, Margaret Chase","S000590","1897-12-14",9,4,20838,57.0513347022587,"Lost","SMITH",""
"24546",85,"1957-01-03","Senate","ME",200,"SMITH, Margaret Chase","S000590","1897-12-14",10,5,21569,59.0527036276523,"Lost","SMITH",""
"24547",86,"1959-01-03","Senate","ME",200,"SMITH, Margaret Chase","S000590","1897-12-14",11,6,22299,61.0513347022587,"Lost","SMITH",""
"24548",87,"1961-01-03","Senate","ME",200,"SMITH, Margaret Chase","S000590","1897-12-14",12,7,23030,63.0527036276523,"Lost","SMITH",""
"24549",88,"1963-01-03","Senate","ME",200,"SMITH, Margaret Chase","S000590","1897-12-14",13,8,23760,65.0513347022587,"Lost","SMITH",""
"24550",89,"1965-01-03","Senate","ME",200,"SMITH, Margaret Chase","S000590","1897-12-14",14,9,24491,67.0527036276523,"Lost","SMITH",""
"24551",90,"1967-01-03","Senate","ME",200,"SMITH, Margaret Chase","S000590","1897-12-14",15,10,25221,69.0513347022587,"Lost","SMITH",""
"24552",91,"1969-01-03","Senate","ME",200,"SMITH, Margaret Chase","S000590","1897-12-14",16,11,25952,71.0527036276523,"Lost","SMITH",""
"24553",92,"1971-01-03","Senate","ME",200,"SMITH, Margaret Chase","S000590","1897-12-14",17,12,26682,73.0513347022587,"Lost","SMITH",""
"24584",91,"1969-01-03","Senate","IL",200,"SMITH, Ralph Tyler","S000602","1915-10-06",1,1,19448,53.2457221081451,"Greatest","SMITH",""
"24588",102,"1991-01-03","Senate","NH",200,"SMITH, Robert C.","S000606","1941-03-30",4,1,18176,49.7631759069131,"Silent","SMITH",""
"24589",103,"1993-01-03","Senate","NH",200,"SMITH, Robert C.","S000606","1941-03-30",5,2,18907,51.7645448323066,"Silent","SMITH",""
"24590",104,"1995-01-03","Senate","NH",200,"SMITH, Robert C.","S000606","1941-03-30",6,3,19637,53.7631759069131,"Silent","SMITH",""
"24591",105,"1997-01-03","Senate","NH",200,"SMITH, Robert C.","S000606","1941-03-30",7,4,20368,55.7645448323066,"Silent","SMITH",""
"24592",106,"1999-01-03","Senate","NH",200,"SMITH, Robert C.","S000606","1941-03-30",8,5,21098,57.7631759069131,"Silent","SMITH",""
"24593",107,"2001-01-03","Senate","NH",200,"SMITH, Robert C.","S000606","1941-03-30",9,6,21829,59.7645448323066,"Silent","SMITH",""
"24611",81,"1949-01-03","Senate","NC",100,"SMITH, Willis","S000639","1887-12-19",1,1,22295,61.0403832991102,"Lost","SMITH",""
"24612",82,"1951-01-03","Senate","NC",100,"SMITH, Willis","S000639","1887-12-19",2,2,23025,63.0390143737166,"Lost","SMITH",""
"24613",83,"1953-01-03","Senate","NC",100,"SMITH, Willis","S000639","1887-12-19",3,3,23756,65.0403832991102,"Lost","SMITH",""
"24625",66,"1919-03-04","Senate","UT",200,"SMOOT, Reed","S000644","1862-01-10",9,9,20871,57.1416837782341,"Missionary","SMOOT",""
"24626",67,"1921-03-04","Senate","UT",200,"SMOOT, Reed","S000644","1862-01-10",10,10,21602,59.1430527036277,"Missionary","SMOOT",""
"24627",68,"1923-03-04","Senate","UT",200,"SMOOT, Reed","S000644","1862-01-10",11,11,22332,61.1416837782341,"Missionary","SMOOT",""
"24628",69,"1925-03-04","Senate","UT",200,"SMOOT, Reed","S000644","1862-01-10",12,12,23063,63.1430527036277,"Missionary","SMOOT",""
"24629",70,"1927-03-04","Senate","UT",200,"SMOOT, Reed","S000644","1862-01-10",13,13,23793,65.1416837782341,"Missionary","SMOOT",""
"24630",71,"1929-03-04","Senate","UT",200,"SMOOT, Reed","S000644","1862-01-10",14,14,24524,67.1430527036276,"Missionary","SMOOT",""
"24631",72,"1931-03-04","Senate","UT",200,"SMOOT, Reed","S000644","1862-01-10",15,15,25254,69.1416837782341,"Missionary","SMOOT",""
"24653",104,"1995-01-03","Senate","ME",200,"SNOWE, Olympia Jean","S000663","1947-02-21",9,1,17483,47.8658453114305,"Boomers","SNOWE",""
"24654",105,"1997-01-03","Senate","ME",200,"SNOWE, Olympia Jean","S000663","1947-02-21",10,2,18214,49.8672142368241,"Boomers","SNOWE",""
"24655",106,"1999-01-03","Senate","ME",200,"SNOWE, Olympia Jean","S000663","1947-02-21",11,3,18944,51.8658453114305,"Boomers","SNOWE",""
"24656",107,"2001-01-03","Senate","ME",200,"SNOWE, Olympia Jean","S000663","1947-02-21",12,4,19675,53.8672142368241,"Boomers","SNOWE",""
"24657",108,"2003-01-03","Senate","ME",200,"SNOWE, Olympia Jean","S000663","1947-02-21",13,5,20405,55.8658453114305,"Boomers","SNOWE",""
"24658",109,"2005-01-03","Senate","ME",200,"SNOWE, Olympia Jean","S000663","1947-02-21",14,6,21136,57.8672142368241,"Boomers","SNOWE",""
"24659",110,"2007-01-03","Senate","ME",200,"SNOWE, Olympia Jean","S000663","1947-02-21",15,7,21866,59.8658453114305,"Boomers","SNOWE",""
"24660",111,"2009-01-03","Senate","ME",200,"SNOWE, Olympia Jean","S000663","1947-02-21",16,8,22597,61.8672142368241,"Boomers","SNOWE",""
"24661",112,"2011-01-03","Senate","ME",200,"SNOWE, Olympia Jean","S000663","1947-02-21",17,9,23327,63.8658453114305,"Boomers","SNOWE",""
"24733",80,"1947-01-03","Senate","AL",100,"SPARKMAN, John Jackson","S000701","1899-12-20",6,1,17180,47.0362765229295,"Lost","SPARKMAN",""
"24734",81,"1949-01-03","Senate","AL",100,"SPARKMAN, John Jackson","S000701","1899-12-20",7,2,17911,49.0376454483231,"Lost","SPARKMAN",""
"24735",82,"1951-01-03","Senate","AL",100,"SPARKMAN, John Jackson","S000701","1899-12-20",8,3,18641,51.0362765229295,"Lost","SPARKMAN",""
"24736",83,"1953-01-03","Senate","AL",100,"SPARKMAN, John Jackson","S000701","1899-12-20",9,4,19372,53.0376454483231,"Lost","SPARKMAN",""
"24737",84,"1955-01-03","Senate","AL",100,"SPARKMAN, John Jackson","S000701","1899-12-20",10,5,20102,55.0362765229295,"Lost","SPARKMAN",""
"24738",85,"1957-01-03","Senate","AL",100,"SPARKMAN, John Jackson","S000701","1899-12-20",11,6,20833,57.0376454483231,"Lost","SPARKMAN",""
"24739",86,"1959-01-03","Senate","AL",100,"SPARKMAN, John Jackson","S000701","1899-12-20",12,7,21563,59.0362765229295,"Lost","SPARKMAN",""
"24740",87,"1961-01-03","Senate","AL",100,"SPARKMAN, John Jackson","S000701","1899-12-20",13,8,22294,61.0376454483231,"Lost","SPARKMAN",""
"24741",88,"1963-01-03","Senate","AL",100,"SPARKMAN, John Jackson","S000701","1899-12-20",14,9,23024,63.0362765229295,"Lost","SPARKMAN",""
"24742",89,"1965-01-03","Senate","AL",100,"SPARKMAN, John Jackson","S000701","1899-12-20",15,10,23755,65.0376454483231,"Lost","SPARKMAN",""
"24743",90,"1967-01-03","Senate","AL",100,"SPARKMAN, John Jackson","S000701","1899-12-20",16,11,24485,67.0362765229295,"Lost","SPARKMAN",""
"24744",91,"1969-01-03","Senate","AL",100,"SPARKMAN, John Jackson","S000701","1899-12-20",17,12,25216,69.0376454483231,"Lost","SPARKMAN",""
"24745",92,"1971-01-03","Senate","AL",100,"SPARKMAN, John Jackson","S000701","1899-12-20",18,13,25946,71.0362765229295,"Lost","SPARKMAN",""
"24746",93,"1973-01-03","Senate","AL",100,"SPARKMAN, John Jackson","S000701","1899-12-20",19,14,26677,73.0376454483231,"Lost","SPARKMAN",""
"24747",94,"1975-01-03","Senate","AL",100,"SPARKMAN, John Jackson","S000701","1899-12-20",20,15,27407,75.0362765229295,"Lost","SPARKMAN",""
"24748",95,"1977-01-03","Senate","AL",100,"SPARKMAN, John Jackson","S000701","1899-12-20",21,16,28138,77.0376454483231,"Lost","SPARKMAN",""
"24760",97,"1981-01-03","Senate","PA",200,"SPECTER, Arlen","S000709","1930-02-12",1,1,18588,50.8911704312115,"Silent","SPECTER",""
"24761",98,"1983-01-03","Senate","PA",200,"SPECTER, Arlen","S000709","1930-02-12",2,2,19318,52.8898015058179,"Silent","SPECTER",""
"24762",99,"1985-01-03","Senate","PA",200,"SPECTER, Arlen","S000709","1930-02-12",3,3,20049,54.8911704312115,"Silent","SPECTER",""
"24763",100,"1987-01-03","Senate","PA",200,"SPECTER, Arlen","S000709","1930-02-12",4,4,20779,56.8898015058179,"Silent","SPECTER",""
"24764",101,"1989-01-03","Senate","PA",200,"SPECTER, Arlen","S000709","1930-02-12",5,5,21510,58.8911704312115,"Silent","SPECTER",""
"24765",102,"1991-01-03","Senate","PA",200,"SPECTER, Arlen","S000709","1930-02-12",6,6,22240,60.8898015058179,"Silent","SPECTER",""
"24766",103,"1993-01-03","Senate","PA",200,"SPECTER, Arlen","S000709","1930-02-12",7,7,22971,62.8911704312115,"Silent","SPECTER",""
"24767",104,"1995-01-03","Senate","PA",200,"SPECTER, Arlen","S000709","1930-02-12",8,8,23701,64.8898015058179,"Silent","SPECTER",""
"24768",105,"1997-01-03","Senate","PA",200,"SPECTER, Arlen","S000709","1930-02-12",9,9,24432,66.8911704312115,"Silent","SPECTER",""
"24769",106,"1999-01-03","Senate","PA",200,"SPECTER, Arlen","S000709","1930-02-12",10,10,25162,68.8898015058179,"Silent","SPECTER",""
"24770",107,"2001-01-03","Senate","PA",200,"SPECTER, Arlen","S000709","1930-02-12",11,11,25893,70.8911704312115,"Silent","SPECTER",""
"24771",108,"2003-01-03","Senate","PA",200,"SPECTER, Arlen","S000709","1930-02-12",12,12,26623,72.8898015058179,"Silent","SPECTER",""
"24772",109,"2005-01-03","Senate","PA",200,"SPECTER, Arlen","S000709","1930-02-12",13,13,27354,74.8911704312115,"Silent","SPECTER",""
"24773",110,"2007-01-03","Senate","PA",200,"SPECTER, Arlen","S000709","1930-02-12",14,14,28084,76.8898015058179,"Silent","SPECTER",""
"24774",111,"2009-01-03","Senate","PA",100,"SPECTER, Arlen","S000709","1930-02-12",15,15,28815,78.8911704312115,"Silent","SPECTER",""
"24810",77,"1941-01-03","Senate","AR",100,"SPENCER, George Lloyd","S000724","1893-03-27",1,1,17448,47.7700205338809,"Lost","SPENCER",""
"24811",66,"1919-03-04","Senate","MO",200,"SPENCER, Selden Palmer","S000730","1862-09-16",2,2,20622,56.4599589322382,"Missionary","SPENCER",""
"24812",67,"1921-03-04","Senate","MO",200,"SPENCER, Selden Palmer","S000730","1862-09-16",3,3,21353,58.4613278576318,"Missionary","SPENCER",""
"24813",68,"1923-03-04","Senate","MO",200,"SPENCER, Selden Palmer","S000730","1862-09-16",4,4,22083,60.4599589322382,"Missionary","SPENCER",""
"24814",69,"1925-03-04","Senate","MO",200,"SPENCER, Selden Palmer","S000730","1862-09-16",5,5,22814,62.4613278576318,"Missionary","SPENCER",""
"24815",89,"1965-01-03","Senate","VA",100,"SPONG, William Belser, Jr.","S000739","1920-09-29",1,1,16167,44.2628336755647,"Greatest","SPONG",""
"24816",90,"1967-01-03","Senate","VA",100,"SPONG, William Belser, Jr.","S000739","1920-09-29",2,2,16897,46.2614647501711,"Greatest","SPONG",""
"24817",91,"1969-01-03","Senate","VA",100,"SPONG, William Belser, Jr.","S000739","1920-09-29",3,3,17628,48.2628336755647,"Greatest","SPONG",""
"24818",92,"1971-01-03","Senate","VA",100,"SPONG, William Belser, Jr.","S000739","1920-09-29",4,4,18358,50.2614647501711,"Greatest","SPONG",""
"24887",107,"2001-01-03","Senate","MI",100,"STABENOW, Deborah Ann","S000770","1950-04-29",3,1,18512,50.6830937713895,"Boomers","STABENOW",""
"24888",108,"2003-01-03","Senate","MI",100,"STABENOW, Deborah Ann","S000770","1950-04-29",4,2,19242,52.6817248459959,"Boomers","STABENOW",""
"24889",109,"2005-01-03","Senate","MI",100,"STABENOW, Deborah Ann","S000770","1950-04-29",5,3,19973,54.6830937713895,"Boomers","STABENOW",""
"24890",110,"2007-01-03","Senate","MI",100,"STABENOW, Deborah Ann","S000770","1950-04-29",6,4,20703,56.6817248459959,"Boomers","STABENOW",""
"24891",111,"2009-01-03","Senate","MI",100,"STABENOW, Deborah Ann","S000770","1950-04-29",7,5,21434,58.6830937713895,"Boomers","STABENOW",""
"24892",112,"2011-01-03","Senate","MI",100,"STABENOW, Deborah Ann","S000770","1950-04-29",8,6,22164,60.6817248459959,"Boomers","STABENOW",""
"24893",113,"2013-01-03","Senate","MI",100,"STABENOW, Deborah Ann","S000770","1950-04-29",9,7,22895,62.6830937713895,"Boomers","STABENOW",""
"24894",114,"2015-01-03","Senate","MI",100,"STABENOW, Deborah Ann","S000770","1950-04-29",10,8,23625,64.6817248459959,"Boomers","STABENOW",""
"24895",115,"2017-01-03","Senate","MI",100,"STABENOW, Deborah Ann","S000770","1950-04-29",11,9,24356,66.6830937713895,"Boomers","STABENOW",""
"24896",116,"2019-01-03","Senate","MI",100,"STABENOW, Deborah Ann","S000770","1950-04-29",12,10,25086,68.6817248459959,"Boomers","STABENOW",""
"24897",117,"2021-01-03","Senate","MI",100,"STABENOW, Deborah Ann","S000770","1950-04-29",13,11,25817,70.6830937713895,"Boomers","STABENOW",""
"24898",118,"2023-01-03","Senate","MI",100,"STABENOW, Deborah Ann","S000770","1950-04-29",14,12,26547,72.6817248459959,"Boomers","STABENOW",""
"24909",93,"1973-01-03","Senate","VT",200,"STAFFORD, Robert Theodore","S000776","1913-08-08",7,1,21698,59.4058863791923,"Greatest","STAFFORD",""
"24910",94,"1975-01-03","Senate","VT",200,"STAFFORD, Robert Theodore","S000776","1913-08-08",8,2,22428,61.4045174537988,"Greatest","STAFFORD",""
"24911",95,"1977-01-03","Senate","VT",200,"STAFFORD, Robert Theodore","S000776","1913-08-08",9,3,23159,63.4058863791923,"Greatest","STAFFORD",""
"24912",96,"1979-01-03","Senate","VT",200,"STAFFORD, Robert Theodore","S000776","1913-08-08",10,4,23889,65.4045174537988,"Greatest","STAFFORD",""
"24913",97,"1981-01-03","Senate","VT",200,"STAFFORD, Robert Theodore","S000776","1913-08-08",11,5,24620,67.4058863791923,"Greatest","STAFFORD",""
"24914",98,"1983-01-03","Senate","VT",200,"STAFFORD, Robert Theodore","S000776","1913-08-08",12,6,25350,69.4045174537988,"Greatest","STAFFORD",""
"24915",99,"1985-01-03","Senate","VT",200,"STAFFORD, Robert Theodore","S000776","1913-08-08",13,7,26081,71.4058863791923,"Greatest","STAFFORD",""
"24916",100,"1987-01-03","Senate","VT",200,"STAFFORD, Robert Theodore","S000776","1913-08-08",14,8,26811,73.4045174537988,"Greatest","STAFFORD",""
"24952",67,"1921-03-04","Senate","OR",200,"STANFIELD, Robert Nelson","S000791","1877-07-09",1,1,15943,43.6495550992471,"Missionary","STANFIELD",""
"24953",68,"1923-03-04","Senate","OR",200,"STANFIELD, Robert Nelson","S000791","1877-07-09",2,2,16673,45.6481861738535,"Missionary","STANFIELD",""
"24954",69,"1925-03-04","Senate","OR",200,"STANFIELD, Robert Nelson","S000791","1877-07-09",3,3,17404,47.6495550992471,"Missionary","STANFIELD",""
"24955",79,"1945-01-03","Senate","KY",200,"STANFILL, William Abner","S000792","1892-01-16",1,1,19345,52.9637234770705,"Lost","STANFILL",""
"24963",66,"1919-03-04","Senate","KY",100,"STANLEY, Augustus Owsley","S000796","1867-05-21",7,1,18914,51.7837097878166,"Missionary","STANLEY",""
"24964",67,"1921-03-04","Senate","KY",100,"STANLEY, Augustus Owsley","S000796","1867-05-21",8,2,19645,53.7850787132101,"Missionary","STANLEY",""
"24965",68,"1923-03-04","Senate","KY",100,"STANLEY, Augustus Owsley","S000796","1867-05-21",9,3,20375,55.7837097878166,"Missionary","STANLEY",""
"25041",69,"1925-03-04","Senate","IA",100,"STECK, Daniel Frederic","S000826","1881-12-16",1,1,15783,43.211498973306,"Missionary","STECK",""
"25042",70,"1927-03-04","Senate","IA",100,"STECK, Daniel Frederic","S000826","1881-12-16",2,2,16513,45.2101300479124,"Missionary","STECK",""
"25043",71,"1929-03-04","Senate","IA",100,"STECK, Daniel Frederic","S000826","1881-12-16",3,3,17244,47.211498973306,"Missionary","STECK",""
"25097",70,"1927-03-04","Senate","OR",200,"STEIWER, Frederick","S000848","1883-10-13",1,1,15847,43.3867214236824,"Lost","STEIWER",""
"25098",71,"1929-03-04","Senate","OR",200,"STEIWER, Frederick","S000848","1883-10-13",2,2,16578,45.388090349076,"Lost","STEIWER",""
"25099",72,"1931-03-04","Senate","OR",200,"STEIWER, Frederick","S000848","1883-10-13",3,3,17308,47.3867214236824,"Lost","STEIWER",""
"25100",73,"1933-03-04","Senate","OR",200,"STEIWER, Frederick","S000848","1883-10-13",4,4,18039,49.388090349076,"Lost","STEIWER",""
"25101",74,"1935-01-03","Senate","OR",200,"STEIWER, Frederick","S000848","1883-10-13",5,5,18709,51.2224503764545,"Lost","STEIWER",""
"25102",75,"1937-01-03","Senate","OR",200,"STEIWER, Frederick","S000848","1883-10-13",6,6,19440,53.223819301848,"Lost","STEIWER",""
"25117",80,"1947-01-03","Senate","MS",100,"STENNIS, John Cornelius","S000852","1901-08-03",1,1,16589,45.4182067077344,"Greatest","STENNIS",""
"25118",81,"1949-01-03","Senate","MS",100,"STENNIS, John Cornelius","S000852","1901-08-03",2,2,17320,47.419575633128,"Greatest","STENNIS",""
"25119",82,"1951-01-03","Senate","MS",100,"STENNIS, John Cornelius","S000852","1901-08-03",3,3,18050,49.4182067077344,"Greatest","STENNIS",""
"25120",83,"1953-01-03","Senate","MS",100,"STENNIS, John Cornelius","S000852","1901-08-03",4,4,18781,51.419575633128,"Greatest","STENNIS",""
"25121",84,"1955-01-03","Senate","MS",100,"STENNIS, John Cornelius","S000852","1901-08-03",5,5,19511,53.4182067077344,"Greatest","STENNIS",""
"25122",85,"1957-01-03","Senate","MS",100,"STENNIS, John Cornelius","S000852","1901-08-03",6,6,20242,55.419575633128,"Greatest","STENNIS",""
"25123",86,"1959-01-03","Senate","MS",100,"STENNIS, John Cornelius","S000852","1901-08-03",7,7,20972,57.4182067077344,"Greatest","STENNIS",""
"25124",87,"1961-01-03","Senate","MS",100,"STENNIS, John Cornelius","S000852","1901-08-03",8,8,21703,59.419575633128,"Greatest","STENNIS",""
"25125",88,"1963-01-03","Senate","MS",100,"STENNIS, John Cornelius","S000852","1901-08-03",9,9,22433,61.4182067077344,"Greatest","STENNIS",""
"25126",89,"1965-01-03","Senate","MS",100,"STENNIS, John Cornelius","S000852","1901-08-03",10,10,23164,63.419575633128,"Greatest","STENNIS",""
"25127",90,"1967-01-03","Senate","MS",100,"STENNIS, John Cornelius","S000852","1901-08-03",11,11,23894,65.4182067077344,"Greatest","STENNIS",""
"25128",91,"1969-01-03","Senate","MS",100,"STENNIS, John Cornelius","S000852","1901-08-03",12,12,24625,67.419575633128,"Greatest","STENNIS",""
"25129",92,"1971-01-03","Senate","MS",100,"STENNIS, John Cornelius","S000852","1901-08-03",13,13,25355,69.4182067077344,"Greatest","STENNIS",""
"25130",93,"1973-01-03","Senate","MS",100,"STENNIS, John Cornelius","S000852","1901-08-03",14,14,26086,71.419575633128,"Greatest","STENNIS",""
"25131",94,"1975-01-03","Senate","MS",100,"STENNIS, John Cornelius","S000852","1901-08-03",15,15,26816,73.4182067077344,"Greatest","STENNIS",""
"25132",95,"1977-01-03","Senate","MS",100,"STENNIS, John Cornelius","S000852","1901-08-03",16,16,27547,75.419575633128,"Greatest","STENNIS",""
"25133",96,"1979-01-03","Senate","MS",100,"STENNIS, John Cornelius","S000852","1901-08-03",17,17,28277,77.4182067077344,"Greatest","STENNIS",""
"25134",97,"1981-01-03","Senate","MS",100,"STENNIS, John Cornelius","S000852","1901-08-03",18,18,29008,79.419575633128,"Greatest","STENNIS",""
"25135",98,"1983-01-03","Senate","MS",100,"STENNIS, John Cornelius","S000852","1901-08-03",19,19,29738,81.4182067077344,"Greatest","STENNIS",""
"25136",99,"1985-01-03","Senate","MS",100,"STENNIS, John Cornelius","S000852","1901-08-03",20,20,30469,83.419575633128,"Greatest","STENNIS",""
"25137",100,"1987-01-03","Senate","MS",100,"STENNIS, John Cornelius","S000852","1901-08-03",21,21,31199,85.4182067077344,"Greatest","STENNIS",""
"25143",68,"1923-03-04","Senate","MS",100,"STEPHENS, Hubert Durrett","S000857","1875-07-02",6,1,17411,47.668720054757,"Missionary","STEPHENS",""
"25144",69,"1925-03-04","Senate","MS",100,"STEPHENS, Hubert Durrett","S000857","1875-07-02",7,2,18142,49.6700889801506,"Missionary","STEPHENS",""
"25145",70,"1927-03-04","Senate","MS",100,"STEPHENS, Hubert Durrett","S000857","1875-07-02",8,3,18872,51.668720054757,"Missionary","STEPHENS",""
"25146",71,"1929-03-04","Senate","MS",100,"STEPHENS, Hubert Durrett","S000857","1875-07-02",9,4,19603,53.6700889801506,"Missionary","STEPHENS",""
"25147",72,"1931-03-04","Senate","MS",100,"STEPHENS, Hubert Durrett","S000857","1875-07-02",10,5,20333,55.668720054757,"Missionary","STEPHENS",""
"25148",73,"1933-03-04","Senate","MS",100,"STEPHENS, Hubert Durrett","S000857","1875-07-02",11,6,21064,57.6700889801506,"Missionary","STEPHENS",""
"25157",66,"1919-03-04","Senate","SD",200,"STERLING, Thomas","S000872","1851-02-21",4,4,24847,68.0273785078713,"Progressive","STERLING",""
"25158",67,"1921-03-04","Senate","SD",200,"STERLING, Thomas","S000872","1851-02-21",5,5,25578,70.0287474332649,"Progressive","STERLING",""
"25159",68,"1923-03-04","Senate","SD",200,"STERLING, Thomas","S000872","1851-02-21",6,6,26308,72.0273785078713,"Progressive","STERLING",""
"25160",90,"1967-01-03","Senate","AK",200,"STEVENS, Theodore Fulton (Ted)","S000888","1923-11-18",1,1,15752,43.1266255989049,"Greatest","STEVENS",""
"25161",91,"1969-01-03","Senate","AK",200,"STEVENS, Theodore Fulton (Ted)","S000888","1923-11-18",2,2,16483,45.1279945242984,"Greatest","STEVENS",""
"25162",92,"1971-01-03","Senate","AK",200,"STEVENS, Theodore Fulton (Ted)","S000888","1923-11-18",3,3,17213,47.1266255989049,"Greatest","STEVENS",""
"25163",93,"1973-01-03","Senate","AK",200,"STEVENS, Theodore Fulton (Ted)","S000888","1923-11-18",4,4,17944,49.1279945242984,"Greatest","STEVENS",""
"25164",94,"1975-01-03","Senate","AK",200,"STEVENS, Theodore Fulton (Ted)","S000888","1923-11-18",5,5,18674,51.1266255989049,"Greatest","STEVENS",""
"25165",95,"1977-01-03","Senate","AK",200,"STEVENS, Theodore Fulton (Ted)","S000888","1923-11-18",6,6,19405,53.1279945242984,"Greatest","STEVENS",""
"25166",96,"1979-01-03","Senate","AK",200,"STEVENS, Theodore Fulton (Ted)","S000888","1923-11-18",7,7,20135,55.1266255989049,"Greatest","STEVENS",""
"25167",97,"1981-01-03","Senate","AK",200,"STEVENS, Theodore Fulton (Ted)","S000888","1923-11-18",8,8,20866,57.1279945242984,"Greatest","STEVENS",""
"25168",98,"1983-01-03","Senate","AK",200,"STEVENS, Theodore Fulton (Ted)","S000888","1923-11-18",9,9,21596,59.1266255989049,"Greatest","STEVENS",""
"25169",99,"1985-01-03","Senate","AK",200,"STEVENS, Theodore Fulton (Ted)","S000888","1923-11-18",10,10,22327,61.1279945242984,"Greatest","STEVENS",""
"25170",100,"1987-01-03","Senate","AK",200,"STEVENS, Theodore Fulton (Ted)","S000888","1923-11-18",11,11,23057,63.1266255989049,"Greatest","STEVENS",""
"25171",101,"1989-01-03","Senate","AK",200,"STEVENS, Theodore Fulton (Ted)","S000888","1923-11-18",12,12,23788,65.1279945242984,"Greatest","STEVENS",""
"25172",102,"1991-01-03","Senate","AK",200,"STEVENS, Theodore Fulton (Ted)","S000888","1923-11-18",13,13,24518,67.1266255989049,"Greatest","STEVENS",""
"25173",103,"1993-01-03","Senate","AK",200,"STEVENS, Theodore Fulton (Ted)","S000888","1923-11-18",14,14,25249,69.1279945242984,"Greatest","STEVENS",""
"25174",104,"1995-01-03","Senate","AK",200,"STEVENS, Theodore Fulton (Ted)","S000888","1923-11-18",15,15,25979,71.1266255989049,"Greatest","STEVENS",""
"25175",105,"1997-01-03","Senate","AK",200,"STEVENS, Theodore Fulton (Ted)","S000888","1923-11-18",16,16,26710,73.1279945242984,"Greatest","STEVENS",""
"25176",106,"1999-01-03","Senate","AK",200,"STEVENS, Theodore Fulton (Ted)","S000888","1923-11-18",17,17,27440,75.1266255989049,"Greatest","STEVENS",""
"25177",107,"2001-01-03","Senate","AK",200,"STEVENS, Theodore Fulton (Ted)","S000888","1923-11-18",18,18,28171,77.1279945242984,"Greatest","STEVENS",""
"25178",108,"2003-01-03","Senate","AK",200,"STEVENS, Theodore Fulton (Ted)","S000888","1923-11-18",19,19,28901,79.1266255989049,"Greatest","STEVENS",""
"25179",109,"2005-01-03","Senate","AK",200,"STEVENS, Theodore Fulton (Ted)","S000888","1923-11-18",20,20,29632,81.1279945242984,"Greatest","STEVENS",""
"25180",110,"2007-01-03","Senate","AK",200,"STEVENS, Theodore Fulton (Ted)","S000888","1923-11-18",21,21,30362,83.1266255989049,"Greatest","STEVENS",""
"25181",91,"1969-01-03","Senate","IL",100,"STEVENSON, Adlai Ewing III","S000890","1930-10-10",1,1,13965,38.2340862422998,"Silent","STEVENSON",""
"25182",92,"1971-01-03","Senate","IL",100,"STEVENSON, Adlai Ewing III","S000890","1930-10-10",2,2,14695,40.2327173169062,"Silent","STEVENSON",""
"25183",93,"1973-01-03","Senate","IL",100,"STEVENSON, Adlai Ewing III","S000890","1930-10-10",3,3,15426,42.2340862422998,"Silent","STEVENSON",""
"25184",94,"1975-01-03","Senate","IL",100,"STEVENSON, Adlai Ewing III","S000890","1930-10-10",4,4,16156,44.2327173169062,"Silent","STEVENSON",""
"25185",95,"1977-01-03","Senate","IL",100,"STEVENSON, Adlai Ewing III","S000890","1930-10-10",5,5,16887,46.2340862422998,"Silent","STEVENSON",""
"25186",96,"1979-01-03","Senate","IL",100,"STEVENSON, Adlai Ewing III","S000890","1930-10-10",6,6,17617,48.2327173169062,"Silent","STEVENSON",""
"25198",76,"1939-01-03","Senate","TN",100,"STEWART, Arthur Thomas","S000901","1892-01-11",1,1,17158,46.9760438056126,"Lost","STEWART",""
"25199",77,"1941-01-03","Senate","TN",100,"STEWART, Arthur Thomas","S000901","1892-01-11",2,2,17889,48.9774127310062,"Lost","STEWART",""
"25200",78,"1943-01-03","Senate","TN",100,"STEWART, Arthur Thomas","S000901","1892-01-11",3,3,18619,50.9760438056126,"Lost","STEWART",""
"25201",79,"1945-01-03","Senate","TN",100,"STEWART, Arthur Thomas","S000901","1892-01-11",4,4,19350,52.9774127310062,"Lost","STEWART",""
"25202",80,"1947-01-03","Senate","TN",100,"STEWART, Arthur Thomas","S000901","1892-01-11",5,5,20080,54.9760438056126,"Lost","STEWART",""
"25204",69,"1925-03-04","Senate","IA",200,"STEWART, David Wallace","S000906","1887-01-22",1,1,13920,38.1108829568789,"Lost","STEWART",""
"25205",95,"1977-01-03","Senate","AL",100,"STEWART, Donald Wilbur","S000907","1940-02-08",1,1,13479,36.9034907597536,"Silent","STEWART",""
"25206",96,"1979-01-03","Senate","AL",100,"STEWART, Donald Wilbur","S000907","1940-02-08",2,2,14209,38.90212183436,"Silent","STEWART",""
"25253",93,"1973-01-03","Senate","FL",100,"STONE, Richard Bernard","S000962","1928-09-22",1,1,16174,44.2819986310746,"Silent","STONE",""
"25254",94,"1975-01-03","Senate","FL",100,"STONE, Richard Bernard","S000962","1928-09-22",2,2,16904,46.280629705681,"Silent","STONE",""
"25255",95,"1977-01-03","Senate","FL",100,"STONE, Richard Bernard","S000962","1928-09-22",3,3,17635,48.2819986310746,"Silent","STONE",""
"25256",96,"1979-01-03","Senate","FL",100,"STONE, Richard Bernard","S000962","1928-09-22",4,4,18365,50.280629705681,"Silent","STONE",""
"25258",75,"1937-01-03","Senate","CA",100,"STORKE, Thomas More","S000973","1876-11-23",1,1,21955,60.1095140314853,"Missionary","STORKE",""
"25384",71,"1929-03-04","Senate","WY",200,"SULLIVAN, Patrick Joseph","S001060","1865-03-17",1,1,23362,63.9616700889801,"Missionary","SULLIVAN",""
"25422",108,"2003-01-03","Senate","NH",200,"SUNUNU, John E.","S001078","1964-09-10",4,1,13994,38.3134839151266,"Boomers","SUNUNU",""
"25423",109,"2005-01-03","Senate","NH",200,"SUNUNU, John E.","S001078","1964-09-10",5,2,14725,40.3148528405202,"Boomers","SUNUNU",""
"25424",110,"2007-01-03","Senate","NH",200,"SUNUNU, John E.","S001078","1964-09-10",6,3,15455,42.3134839151266,"Boomers","SUNUNU",""
"25425",66,"1919-03-04","Senate","WV",200,"SUTHERLAND, Howard","S001081","1865-09-08",4,2,19534,53.4811772758385,"Missionary","SUTHERLAND",""
"25426",67,"1921-03-04","Senate","WV",200,"SUTHERLAND, Howard","S001081","1865-09-08",5,3,20265,55.482546201232,"Missionary","SUTHERLAND",""
"25444",66,"1919-03-04","Senate","VA",100,"SWANSON, Claude Augustus","S001094","1862-03-31",13,6,20791,56.9226557152635,"Missionary","SWANSON",""
"25445",67,"1921-03-04","Senate","VA",100,"SWANSON, Claude Augustus","S001094","1862-03-31",14,7,21522,58.9240246406571,"Missionary","SWANSON",""
"25446",68,"1923-03-04","Senate","VA",100,"SWANSON, Claude Augustus","S001094","1862-03-31",15,8,22252,60.9226557152635,"Missionary","SWANSON",""
"25447",69,"1925-03-04","Senate","VA",100,"SWANSON, Claude Augustus","S001094","1862-03-31",16,9,22983,62.9240246406571,"Missionary","SWANSON",""
"25448",70,"1927-03-04","Senate","VA",100,"SWANSON, Claude Augustus","S001094","1862-03-31",17,10,23713,64.9226557152635,"Missionary","SWANSON",""
"25449",71,"1929-03-04","Senate","VA",100,"SWANSON, Claude Augustus","S001094","1862-03-31",18,11,24444,66.9240246406571,"Missionary","SWANSON",""
"25450",72,"1931-03-04","Senate","VA",100,"SWANSON, Claude Augustus","S001094","1862-03-31",19,12,25174,68.9226557152635,"Missionary","SWANSON",""
"25481",79,"1945-01-03","Senate","AL",100,"SWIFT, George Robinson","S001117","1887-12-19",1,1,20834,57.0403832991102,"Lost","SWIFT",""
"25501",83,"1953-01-03","Senate","MO",100,"SYMINGTON, William Stuart (Stuart)","S001136","1901-06-26",1,1,18819,51.523613963039,"Greatest","SYMINGTON",""
"25502",84,"1955-01-03","Senate","MO",100,"SYMINGTON, William Stuart (Stuart)","S001136","1901-06-26",2,2,19549,53.5222450376454,"Greatest","SYMINGTON",""
"25503",85,"1957-01-03","Senate","MO",100,"SYMINGTON, William Stuart (Stuart)","S001136","1901-06-26",3,3,20280,55.523613963039,"Greatest","SYMINGTON",""
"25504",86,"1959-01-03","Senate","MO",100,"SYMINGTON, William Stuart (Stuart)","S001136","1901-06-26",4,4,21010,57.5222450376454,"Greatest","SYMINGTON",""
"25505",87,"1961-01-03","Senate","MO",100,"SYMINGTON, William Stuart (Stuart)","S001136","1901-06-26",5,5,21741,59.523613963039,"Greatest","SYMINGTON",""
"25506",88,"1963-01-03","Senate","MO",100,"SYMINGTON, William Stuart (Stuart)","S001136","1901-06-26",6,6,22471,61.5222450376454,"Greatest","SYMINGTON",""
"25507",89,"1965-01-03","Senate","MO",100,"SYMINGTON, William Stuart (Stuart)","S001136","1901-06-26",7,7,23202,63.523613963039,"Greatest","SYMINGTON",""
"25508",90,"1967-01-03","Senate","MO",100,"SYMINGTON, William Stuart (Stuart)","S001136","1901-06-26",8,8,23932,65.5222450376454,"Greatest","SYMINGTON",""
"25509",91,"1969-01-03","Senate","MO",100,"SYMINGTON, William Stuart (Stuart)","S001136","1901-06-26",9,9,24663,67.523613963039,"Greatest","SYMINGTON",""
"25510",92,"1971-01-03","Senate","MO",100,"SYMINGTON, William Stuart (Stuart)","S001136","1901-06-26",10,10,25393,69.5222450376454,"Greatest","SYMINGTON",""
"25511",93,"1973-01-03","Senate","MO",100,"SYMINGTON, William Stuart (Stuart)","S001136","1901-06-26",11,11,26124,71.523613963039,"Greatest","SYMINGTON",""
"25512",94,"1975-01-03","Senate","MO",100,"SYMINGTON, William Stuart (Stuart)","S001136","1901-06-26",12,12,26854,73.5222450376454,"Greatest","SYMINGTON",""
"25517",97,"1981-01-03","Senate","ID",200,"SYMMS, Steven Douglas","S001138","1938-04-23",5,1,15596,42.6995208761123,"Silent","SYMMS",""
"25518",98,"1983-01-03","Senate","ID",200,"SYMMS, Steven Douglas","S001138","1938-04-23",6,2,16326,44.6981519507187,"Silent","SYMMS",""
"25519",99,"1985-01-03","Senate","ID",200,"SYMMS, Steven Douglas","S001138","1938-04-23",7,3,17057,46.6995208761123,"Silent","SYMMS",""
"25520",100,"1987-01-03","Senate","ID",200,"SYMMS, Steven Douglas","S001138","1938-04-23",8,4,17787,48.6981519507187,"Silent","SYMMS",""
"25521",101,"1989-01-03","Senate","ID",200,"SYMMS, Steven Douglas","S001138","1938-04-23",9,5,18518,50.6995208761123,"Silent","SYMMS",""
"25522",102,"1991-01-03","Senate","ID",200,"SYMMS, Steven Douglas","S001138","1938-04-23",10,6,19248,52.6981519507187,"Silent","SYMMS",""
"25531",105,"1997-01-03","Senate","AL",200,"SESSIONS, Jefferson Beauregard III (Jeff)","S001141","1946-12-24",1,1,18273,50.0287474332649,"Boomers","SESSIONS",""
"25532",106,"1999-01-03","Senate","AL",200,"SESSIONS, Jefferson Beauregard III (Jeff)","S001141","1946-12-24",2,2,19003,52.0273785078713,"Boomers","SESSIONS",""
"25533",107,"2001-01-03","Senate","AL",200,"SESSIONS, Jefferson Beauregard III (Jeff)","S001141","1946-12-24",3,3,19734,54.0287474332649,"Boomers","SESSIONS",""
"25534",108,"2003-01-03","Senate","AL",200,"SESSIONS, Jefferson Beauregard III (Jeff)","S001141","1946-12-24",4,4,20464,56.0273785078713,"Boomers","SESSIONS",""
"25535",109,"2005-01-03","Senate","AL",200,"SESSIONS, Jefferson Beauregard III (Jeff)","S001141","1946-12-24",5,5,21195,58.0287474332649,"Boomers","SESSIONS",""
"25536",110,"2007-01-03","Senate","AL",200,"SESSIONS, Jefferson Beauregard III (Jeff)","S001141","1946-12-24",6,6,21925,60.0273785078713,"Boomers","SESSIONS",""
"25537",111,"2009-01-03","Senate","AL",200,"SESSIONS, Jefferson Beauregard III (Jeff)","S001141","1946-12-24",7,7,22656,62.0287474332649,"Boomers","SESSIONS",""
"25538",112,"2011-01-03","Senate","AL",200,"SESSIONS, Jefferson Beauregard III (Jeff)","S001141","1946-12-24",8,8,23386,64.0273785078713,"Boomers","SESSIONS",""
"25539",113,"2013-01-03","Senate","AL",200,"SESSIONS, Jefferson Beauregard III (Jeff)","S001141","1946-12-24",9,9,24117,66.0287474332649,"Boomers","SESSIONS",""
"25540",114,"2015-01-03","Senate","AL",200,"SESSIONS, Jefferson Beauregard III (Jeff)","S001141","1946-12-24",10,10,24847,68.0273785078713,"Boomers","SESSIONS",""
"25541",115,"2017-01-03","Senate","AL",200,"SESSIONS, Jefferson Beauregard III (Jeff)","S001141","1946-12-24",11,11,25578,70.0287474332649,"Boomers","SESSIONS",""
"25542",105,"1997-01-03","Senate","OR",200,"SMITH, Gordon Harold","S001142","1952-05-25",1,1,16294,44.6105407255305,"Boomers","SMITH",""
"25543",106,"1999-01-03","Senate","OR",200,"SMITH, Gordon Harold","S001142","1952-05-25",2,2,17024,46.6091718001369,"Boomers","SMITH",""
"25544",107,"2001-01-03","Senate","OR",200,"SMITH, Gordon Harold","S001142","1952-05-25",3,3,17755,48.6105407255305,"Boomers","SMITH",""
"25545",108,"2003-01-03","Senate","OR",200,"SMITH, Gordon Harold","S001142","1952-05-25",4,4,18485,50.6091718001369,"Boomers","SMITH",""
"25546",109,"2005-01-03","Senate","OR",200,"SMITH, Gordon Harold","S001142","1952-05-25",5,5,19216,52.6105407255305,"Boomers","SMITH",""
"25547",110,"2007-01-03","Senate","OR",200,"SMITH, Gordon Harold","S001142","1952-05-25",6,6,19946,54.6091718001369,"Boomers","SMITH",""
"25674",109,"2005-01-03","Senate","CO",100,"SALAZAR, Kenneth Lee","S001163","1955-03-02",1,1,18205,49.8425735797399,"Boomers","SALAZAR",""
"25675",110,"2007-01-03","Senate","CO",100,"SALAZAR, Kenneth Lee","S001163","1955-03-02",2,2,18935,51.8412046543463,"Boomers","SALAZAR",""
"25676",111,"2009-01-03","Senate","CO",100,"SALAZAR, Kenneth Lee","S001163","1955-03-02",3,3,19666,53.8425735797399,"Boomers","SALAZAR",""
"25753",111,"2009-01-03","Senate","NH",100,"SHAHEEN, Jeanne","S001181","1947-01-28",1,1,22621,61.9329226557153,"Boomers","SHAHEEN",""
"25754",112,"2011-01-03","Senate","NH",100,"SHAHEEN, Jeanne","S001181","1947-01-28",2,2,23351,63.9315537303217,"Boomers","SHAHEEN",""
"25755",113,"2013-01-03","Senate","NH",100,"SHAHEEN, Jeanne","S001181","1947-01-28",3,3,24082,65.9329226557153,"Boomers","SHAHEEN",""
"25756",114,"2015-01-03","Senate","NH",100,"SHAHEEN, Jeanne","S001181","1947-01-28",4,4,24812,67.9315537303217,"Boomers","SHAHEEN",""
"25757",115,"2017-01-03","Senate","NH",100,"SHAHEEN, Jeanne","S001181","1947-01-28",5,5,25543,69.9329226557153,"Boomers","SHAHEEN",""
"25758",116,"2019-01-03","Senate","NH",100,"SHAHEEN, Jeanne","S001181","1947-01-28",6,6,26273,71.9315537303217,"Boomers","SHAHEEN",""
"25759",117,"2021-01-03","Senate","NH",100,"SHAHEEN, Jeanne","S001181","1947-01-28",7,7,27004,73.9329226557153,"Boomers","SHAHEEN",""
"25760",118,"2023-01-03","Senate","NH",100,"SHAHEEN, Jeanne","S001181","1947-01-28",8,8,27734,75.9315537303217,"Boomers","SHAHEEN",""
"25770",113,"2013-01-03","Senate","SC",200,"SCOTT, Tim","S001184","1965-09-19",2,1,17273,47.2908966461328,"Gen X","SCOTT",""
"25771",114,"2015-01-03","Senate","SC",200,"SCOTT, Tim","S001184","1965-09-19",3,2,18003,49.2895277207392,"Gen X","SCOTT",""
"25772",115,"2017-01-03","Senate","SC",200,"SCOTT, Tim","S001184","1965-09-19",4,3,18734,51.2908966461328,"Gen X","SCOTT",""
"25773",116,"2019-01-03","Senate","SC",200,"SCOTT, Tim","S001184","1965-09-19",5,4,19464,53.2895277207392,"Gen X","SCOTT",""
"25774",117,"2021-01-03","Senate","SC",200,"SCOTT, Tim","S001184","1965-09-19",6,5,20195,55.2908966461328,"Gen X","SCOTT",""
"25775",118,"2023-01-03","Senate","SC",200,"SCOTT, Tim","S001184","1965-09-19",7,6,20925,57.2895277207392,"Gen X","SCOTT",""
"25810",116,"2019-01-03","Senate","AZ",100,"SINEMA, Kyrsten","S001191","1976-07-12",4,1,15515,42.4777549623546,"Gen X","SINEMA",""
"25811",117,"2021-01-03","Senate","AZ",100,"SINEMA, Kyrsten","S001191","1976-07-12",5,2,16246,44.4791238877481,"Gen X","SINEMA",""
"25812",118,"2023-01-03","Senate","AZ",328,"SINEMA, Kyrsten","S001191","1976-07-12",6,3,16976,46.4777549623546,"Gen X","SINEMA",""
"25825",112,"2011-01-03","Senate","HI",100,"SCHATZ, Brian Emanuel","S001194","1972-10-20",1,1,13954,38.2039698836413,"Gen X","SCHATZ",""
"25826",113,"2013-01-03","Senate","HI",100,"SCHATZ, Brian Emanuel","S001194","1972-10-20",2,2,14685,40.2053388090349,"Gen X","SCHATZ",""
"25827",114,"2015-01-03","Senate","HI",100,"SCHATZ, Brian Emanuel","S001194","1972-10-20",3,3,15415,42.2039698836413,"Gen X","SCHATZ",""
"25828",115,"2017-01-03","Senate","HI",100,"SCHATZ, Brian Emanuel","S001194","1972-10-20",4,4,16146,44.2053388090349,"Gen X","SCHATZ",""
"25829",116,"2019-01-03","Senate","HI",100,"SCHATZ, Brian Emanuel","S001194","1972-10-20",5,5,16876,46.2039698836413,"Gen X","SCHATZ",""
"25830",117,"2021-01-03","Senate","HI",100,"SCHATZ, Brian Emanuel","S001194","1972-10-20",6,6,17607,48.2053388090349,"Gen X","SCHATZ",""
"25831",118,"2023-01-03","Senate","HI",100,"SCHATZ, Brian Emanuel","S001194","1972-10-20",7,7,18337,50.2039698836413,"Gen X","SCHATZ",""
"25843",114,"2015-01-03","Senate","NE",200,"SASSE, Benjamin Eric","S001197","1972-02-22",1,1,15656,42.8637919233402,"Gen X","SASSE",""
"25844",115,"2017-01-03","Senate","NE",200,"SASSE, Benjamin Eric","S001197","1972-02-22",2,2,16387,44.8651608487337,"Gen X","SASSE",""
"25845",116,"2019-01-03","Senate","NE",200,"SASSE, Benjamin Eric","S001197","1972-02-22",3,3,17117,46.8637919233402,"Gen X","SASSE",""
"25846",117,"2021-01-03","Senate","NE",200,"SASSE, Benjamin Eric","S001197","1972-02-22",4,4,17848,48.8651608487337,"Gen X","SASSE",""
"25847",118,"2023-01-03","Senate","NE",200,"SASSE, Benjamin Eric","S001197","1972-02-22",5,5,18578,50.8637919233402,"Gen X","SASSE",""
"25848",114,"2015-01-03","Senate","AK",200,"SULLIVAN, Daniel Scott","S001198","1964-11-13",1,1,18313,50.1382614647502,"Boomers","SULLIVAN",""
"25849",115,"2017-01-03","Senate","AK",200,"SULLIVAN, Daniel Scott","S001198","1964-11-13",2,2,19044,52.1396303901437,"Boomers","SULLIVAN",""
"25850",116,"2019-01-03","Senate","AK",200,"SULLIVAN, Daniel Scott","S001198","1964-11-13",3,3,19774,54.1382614647502,"Boomers","SULLIVAN",""
"25851",117,"2021-01-03","Senate","AK",200,"SULLIVAN, Daniel Scott","S001198","1964-11-13",4,4,20505,56.1396303901437,"Boomers","SULLIVAN",""
"25852",118,"2023-01-03","Senate","AK",200,"SULLIVAN, Daniel Scott","S001198","1964-11-13",5,5,21235,58.1382614647502,"Boomers","SULLIVAN",""
"25864",115,"2017-01-03","Senate","AL",200,"STRANGE, Luther  Johnson, III","S001202","1953-03-01",1,1,23319,63.8439425051335,"Boomers","STRANGE",""
"25865",115,"2017-01-03","Senate","MN",100,"SMITH, Tina","S001203","1958-03-04",1,1,21490,58.8364134154689,"Boomers","SMITH",""
"25866",116,"2019-01-03","Senate","MN",100,"SMITH, Tina","S001203","1958-03-04",2,2,22220,60.8350444900753,"Boomers","SMITH",""
"25867",117,"2021-01-03","Senate","MN",100,"SMITH, Tina","S001203","1958-03-04",3,3,22951,62.8364134154689,"Boomers","SMITH",""
"25868",118,"2023-01-03","Senate","MN",100,"SMITH, Tina","S001203","1958-03-04",4,4,23681,64.8350444900753,"Boomers","SMITH",""
"25902",116,"2019-01-03","Senate","FL",200,"SCOTT, Richard Lynn (Rick)","S001217","1952-12-01",1,1,24139,66.0889801505818,"Boomers","SCOTT",""
"25903",117,"2021-01-03","Senate","FL",200,"SCOTT, Richard Lynn (Rick)","S001217","1952-12-01",2,2,24870,68.0903490759754,"Boomers","SCOTT",""
"25904",118,"2023-01-03","Senate","FL",200,"SCOTT, Richard Lynn (Rick)","S001217","1952-12-01",3,3,25600,70.0889801505818,"Boomers","SCOTT",""
"25915",118,"2023-01-03","Senate","MO",200,"SCHMITT, Eric Stephen","S001227","1975-06-20",1,1,17364,47.5400410677618,"Gen X","SCHMITT",""
"25938",79,"1945-01-03","Senate","OH",200,"TAFT, Kingsley Arter","T000008","1903-07-19",1,1,15144,41.4620123203285,"Greatest","TAFT",""
"25939",76,"1939-01-03","Senate","OH",200,"TAFT, Robert Alphonso","T000009","1889-09-08",1,1,18013,49.3169062286105,"Lost","TAFT",""
"25940",77,"1941-01-03","Senate","OH",200,"TAFT, Robert Alphonso","T000009","1889-09-08",2,2,18744,51.3182751540041,"Lost","TAFT",""
"25941",78,"1943-01-03","Senate","OH",200,"TAFT, Robert Alphonso","T000009","1889-09-08",3,3,19474,53.3169062286105,"Lost","TAFT",""
"25942",79,"1945-01-03","Senate","OH",200,"TAFT, Robert Alphonso","T000009","1889-09-08",4,4,20205,55.3182751540041,"Lost","TAFT",""
"25943",80,"1947-01-03","Senate","OH",200,"TAFT, Robert Alphonso","T000009","1889-09-08",5,5,20935,57.3169062286105,"Lost","TAFT",""
"25944",81,"1949-01-03","Senate","OH",200,"TAFT, Robert Alphonso","T000009","1889-09-08",6,6,21666,59.3182751540041,"Lost","TAFT",""
"25945",82,"1951-01-03","Senate","OH",200,"TAFT, Robert Alphonso","T000009","1889-09-08",7,7,22396,61.3169062286105,"Lost","TAFT",""
"25946",83,"1953-01-03","Senate","OH",200,"TAFT, Robert Alphonso","T000009","1889-09-08",8,8,23127,63.3182751540041,"Lost","TAFT",""
"25950",92,"1971-01-03","Senate","OH",200,"TAFT, Robert, Jr.","T000010","1917-02-26",4,1,19669,53.8507871321013,"Greatest","TAFT",""
"25951",93,"1973-01-03","Senate","OH",200,"TAFT, Robert, Jr.","T000010","1917-02-26",5,2,20400,55.8521560574949,"Greatest","TAFT",""
"25952",94,"1975-01-03","Senate","OH",200,"TAFT, Robert, Jr.","T000010","1917-02-26",6,3,21130,57.8507871321013,"Greatest","TAFT",""
"25970",107,"2001-01-03","Senate","MO",200,"TALENT, James Matthes","T000024","1956-10-18",5,1,16148,44.2108145106092,"Boomers","TALENT",""
"25971",108,"2003-01-03","Senate","MO",200,"TALENT, James Matthes","T000024","1956-10-18",6,2,16878,46.2094455852156,"Boomers","TALENT",""
"25972",109,"2005-01-03","Senate","MO",200,"TALENT, James Matthes","T000024","1956-10-18",7,3,17609,48.2108145106092,"Boomers","TALENT",""
"25988",85,"1957-01-03","Senate","GA",100,"TALMADGE, Herman Eugene","T000035","1913-08-09",1,1,15853,43.4031485284052,"Greatest","TALMADGE",""
"25989",86,"1959-01-03","Senate","GA",100,"TALMADGE, Herman Eugene","T000035","1913-08-09",2,2,16583,45.4017796030116,"Greatest","TALMADGE",""
"25990",87,"1961-01-03","Senate","GA",100,"TALMADGE, Herman Eugene","T000035","1913-08-09",3,3,17314,47.4031485284052,"Greatest","TALMADGE",""
"25991",88,"1963-01-03","Senate","GA",100,"TALMADGE, Herman Eugene","T000035","1913-08-09",4,4,18044,49.4017796030116,"Greatest","TALMADGE",""
"25992",89,"1965-01-03","Senate","GA",100,"TALMADGE, Herman Eugene","T000035","1913-08-09",5,5,18775,51.4031485284052,"Greatest","TALMADGE",""
"25993",90,"1967-01-03","Senate","GA",100,"TALMADGE, Herman Eugene","T000035","1913-08-09",6,6,19505,53.4017796030116,"Greatest","TALMADGE",""
"25994",91,"1969-01-03","Senate","GA",100,"TALMADGE, Herman Eugene","T000035","1913-08-09",7,7,20236,55.4031485284052,"Greatest","TALMADGE",""
"25995",92,"1971-01-03","Senate","GA",100,"TALMADGE, Herman Eugene","T000035","1913-08-09",8,8,20966,57.4017796030116,"Greatest","TALMADGE",""
"25996",93,"1973-01-03","Senate","GA",100,"TALMADGE, Herman Eugene","T000035","1913-08-09",9,9,21697,59.4031485284052,"Greatest","TALMADGE",""
"25997",94,"1975-01-03","Senate","GA",100,"TALMADGE, Herman Eugene","T000035","1913-08-09",10,10,22427,61.4017796030116,"Greatest","TALMADGE",""
"25998",95,"1977-01-03","Senate","GA",100,"TALMADGE, Herman Eugene","T000035","1913-08-09",11,11,23158,63.4031485284052,"Greatest","TALMADGE",""
"25999",96,"1979-01-03","Senate","GA",100,"TALMADGE, Herman Eugene","T000035","1913-08-09",12,12,23888,65.4017796030116,"Greatest","TALMADGE",""
"26099",79,"1945-01-03","Senate","ID",100,"TAYLOR, Glen Hearst","T000079","1904-04-12",1,1,14876,40.7282683093771,"Greatest","TAYLOR",""
"26100",80,"1947-01-03","Senate","ID",100,"TAYLOR, Glen Hearst","T000079","1904-04-12",2,2,15606,42.7268993839836,"Greatest","TAYLOR",""
"26101",81,"1949-01-03","Senate","ID",100,"TAYLOR, Glen Hearst","T000079","1904-04-12",3,3,16337,44.7282683093771,"Greatest","TAYLOR",""
"26212",66,"1919-03-04","Senate","CO",100,"THOMAS, Charles Spalding","T000160","1849-12-06",5,5,25289,69.2375085557837,"Progressive","THOMAS",""
"26216",104,"1995-01-03","Senate","WY",200,"THOMAS, Craig Lyle","T000162","1933-02-17",4,1,22600,61.8754277891855,"Silent","THOMAS",""
"26217",105,"1997-01-03","Senate","WY",200,"THOMAS, Craig Lyle","T000162","1933-02-17",5,2,23331,63.8767967145791,"Silent","THOMAS",""
"26218",106,"1999-01-03","Senate","WY",200,"THOMAS, Craig Lyle","T000162","1933-02-17",6,3,24061,65.8754277891855,"Silent","THOMAS",""
"26219",107,"2001-01-03","Senate","WY",200,"THOMAS, Craig Lyle","T000162","1933-02-17",7,4,24792,67.8767967145791,"Silent","THOMAS",""
"26220",108,"2003-01-03","Senate","WY",200,"THOMAS, Craig Lyle","T000162","1933-02-17",8,5,25522,69.8754277891855,"Silent","THOMAS",""
"26221",109,"2005-01-03","Senate","WY",200,"THOMAS, Craig Lyle","T000162","1933-02-17",9,6,26253,71.8767967145791,"Silent","THOMAS",""
"26222",110,"2007-01-03","Senate","WY",200,"THOMAS, Craig Lyle","T000162","1933-02-17",10,7,26983,73.8754277891855,"Silent","THOMAS",""
"26223",73,"1933-03-04","Senate","UT",100,"THOMAS, Elbert Duncan","T000164","1883-06-17",1,1,18157,49.7111567419576,"Lost","THOMAS",""
"26224",74,"1935-01-03","Senate","UT",100,"THOMAS, Elbert Duncan","T000164","1883-06-17",2,2,18827,51.5455167693361,"Lost","THOMAS",""
"26225",75,"1937-01-03","Senate","UT",100,"THOMAS, Elbert Duncan","T000164","1883-06-17",3,3,19558,53.5468856947296,"Lost","THOMAS",""
"26226",76,"1939-01-03","Senate","UT",100,"THOMAS, Elbert Duncan","T000164","1883-06-17",4,4,20288,55.5455167693361,"Lost","THOMAS",""
"26227",77,"1941-01-03","Senate","UT",100,"THOMAS, Elbert Duncan","T000164","1883-06-17",5,5,21019,57.5468856947296,"Lost","THOMAS",""
"26228",78,"1943-01-03","Senate","UT",100,"THOMAS, Elbert Duncan","T000164","1883-06-17",6,6,21749,59.5455167693361,"Lost","THOMAS",""
"26229",79,"1945-01-03","Senate","UT",100,"THOMAS, Elbert Duncan","T000164","1883-06-17",7,7,22480,61.5468856947296,"Lost","THOMAS",""
"26230",80,"1947-01-03","Senate","UT",100,"THOMAS, Elbert Duncan","T000164","1883-06-17",8,8,23210,63.5455167693361,"Lost","THOMAS",""
"26231",81,"1949-01-03","Senate","UT",100,"THOMAS, Elbert Duncan","T000164","1883-06-17",9,9,23941,65.5468856947296,"Lost","THOMAS",""
"26235",70,"1927-03-04","Senate","ID",200,"THOMAS, John","T000172","1874-01-04",1,1,19416,53.1581108829569,"Missionary","THOMAS",""
"26236",71,"1929-03-04","Senate","ID",200,"THOMAS, John","T000172","1874-01-04",2,2,20147,55.1594798083504,"Missionary","THOMAS",""
"26237",72,"1931-03-04","Senate","ID",200,"THOMAS, John","T000172","1874-01-04",3,3,20877,57.1581108829569,"Missionary","THOMAS",""
"26238",76,"1939-01-03","Senate","ID",200,"THOMAS, John","T000172","1874-01-04",4,4,23739,64.993839835729,"Missionary","THOMAS",""
"26239",77,"1941-01-03","Senate","ID",200,"THOMAS, John","T000172","1874-01-04",5,5,24470,66.9952087611225,"Missionary","THOMAS",""
"26240",78,"1943-01-03","Senate","ID",200,"THOMAS, John","T000172","1874-01-04",6,6,25200,68.993839835729,"Missionary","THOMAS",""
"26241",79,"1945-01-03","Senate","ID",200,"THOMAS, John","T000172","1874-01-04",7,7,25931,70.9952087611225,"Missionary","THOMAS",""
"26251",70,"1927-03-04","Senate","OK",100,"THOMAS, John William Elmer","T000177","1876-09-08",3,1,18438,50.4804928131417,"Missionary","THOMAS",""
"26252",71,"1929-03-04","Senate","OK",100,"THOMAS, John William Elmer","T000177","1876-09-08",4,2,19169,52.4818617385353,"Missionary","THOMAS",""
"26253",72,"1931-03-04","Senate","OK",100,"THOMAS, John William Elmer","T000177","1876-09-08",5,3,19899,54.4804928131417,"Missionary","THOMAS",""
"26254",73,"1933-03-04","Senate","OK",100,"THOMAS, John William Elmer","T000177","1876-09-08",6,4,20630,56.4818617385353,"Missionary","THOMAS",""
"26255",74,"1935-01-03","Senate","OK",100,"THOMAS, John William Elmer","T000177","1876-09-08",7,5,21300,58.3162217659138,"Missionary","THOMAS",""
"26256",75,"1937-01-03","Senate","OK",100,"THOMAS, John William Elmer","T000177","1876-09-08",8,6,22031,60.3175906913073,"Missionary","THOMAS",""
"26257",76,"1939-01-03","Senate","OK",100,"THOMAS, John William Elmer","T000177","1876-09-08",9,7,22761,62.3162217659138,"Missionary","THOMAS",""
"26258",77,"1941-01-03","Senate","OK",100,"THOMAS, John William Elmer","T000177","1876-09-08",10,8,23492,64.3175906913073,"Missionary","THOMAS",""
"26259",78,"1943-01-03","Senate","OK",100,"THOMAS, John William Elmer","T000177","1876-09-08",11,9,24222,66.3162217659138,"Missionary","THOMAS",""
"26260",79,"1945-01-03","Senate","OK",100,"THOMAS, John William Elmer","T000177","1876-09-08",12,10,24953,68.3175906913073,"Missionary","THOMAS",""
"26261",80,"1947-01-03","Senate","OK",100,"THOMAS, John William Elmer","T000177","1876-09-08",13,11,25683,70.3162217659138,"Missionary","THOMAS",""
"26262",81,"1949-01-03","Senate","OK",100,"THOMAS, John William Elmer","T000177","1876-09-08",14,12,26414,72.3175906913073,"Missionary","THOMAS",""
"26361",73,"1933-03-04","Senate","NE",100,"THOMPSON, William Henry","T000225","1853-12-14",1,1,28934,79.2169746748802,"Progressive","THOMPSON",""
"26408",109,"2005-01-03","Senate","SD",200,"THUNE, John","T000250","1961-01-07",4,1,16067,43.9890485968515,"Boomers","THUNE",""
"26409",110,"2007-01-03","Senate","SD",200,"THUNE, John","T000250","1961-01-07",5,2,16797,45.9876796714579,"Boomers","THUNE",""
"26410",111,"2009-01-03","Senate","SD",200,"THUNE, John","T000250","1961-01-07",6,3,17528,47.9890485968515,"Boomers","THUNE",""
"26411",112,"2011-01-03","Senate","SD",200,"THUNE, John","T000250","1961-01-07",7,4,18258,49.9876796714579,"Boomers","THUNE",""
"26412",113,"2013-01-03","Senate","SD",200,"THUNE, John","T000250","1961-01-07",8,5,18989,51.9890485968515,"Boomers","THUNE",""
"26413",114,"2015-01-03","Senate","SD",200,"THUNE, John","T000250","1961-01-07",9,6,19719,53.9876796714579,"Boomers","THUNE",""
"26414",115,"2017-01-03","Senate","SD",200,"THUNE, John","T000250","1961-01-07",10,7,20450,55.9890485968515,"Boomers","THUNE",""
"26415",116,"2019-01-03","Senate","SD",200,"THUNE, John","T000250","1961-01-07",11,8,21180,57.9876796714579,"Boomers","THUNE",""
"26416",117,"2021-01-03","Senate","SD",200,"THUNE, John","T000250","1961-01-07",12,9,21911,59.9890485968515,"Boomers","THUNE",""
"26417",118,"2023-01-03","Senate","SD",200,"THUNE, John","T000250","1961-01-07",13,10,22641,61.9876796714579,"Boomers","THUNE",""
"26423",83,"1953-01-03","Senate","SC",100,"THURMOND, James Strom","T000254","1902-12-05",1,1,18292,50.0807665982204,"Greatest","THURMOND","THURMOND"
"26424",84,"1955-01-03","Senate","SC",100,"THURMOND, James Strom","T000254","1902-12-05",2,2,19022,52.0793976728268,"Greatest","THURMOND","THURMOND"
"26425",85,"1957-01-03","Senate","SC",100,"THURMOND, James Strom","T000254","1902-12-05",3,3,19753,54.0807665982204,"Greatest","THURMOND","THURMOND"
"26426",86,"1959-01-03","Senate","SC",100,"THURMOND, James Strom","T000254","1902-12-05",4,4,20483,56.0793976728268,"Greatest","THURMOND","THURMOND"
"26427",87,"1961-01-03","Senate","SC",100,"THURMOND, James Strom","T000254","1902-12-05",5,5,21214,58.0807665982204,"Greatest","THURMOND","THURMOND"
"26428",88,"1963-01-03","Senate","SC",100,"THURMOND, James Strom","T000254","1902-12-05",6,6,21944,60.0793976728268,"Greatest","THURMOND","THURMOND"
"26429",89,"1965-01-03","Senate","SC",200,"THURMOND, James Strom","T000254","1902-12-05",7,7,22675,62.0807665982204,"Greatest","THURMOND","THURMOND"
"26430",90,"1967-01-03","Senate","SC",200,"THURMOND, James Strom","T000254","1902-12-05",8,8,23405,64.0793976728268,"Greatest","THURMOND","THURMOND"
"26431",91,"1969-01-03","Senate","SC",200,"THURMOND, James Strom","T000254","1902-12-05",9,9,24136,66.0807665982204,"Greatest","THURMOND","THURMOND"
"26432",92,"1971-01-03","Senate","SC",200,"THURMOND, James Strom","T000254","1902-12-05",10,10,24866,68.0793976728268,"Greatest","THURMOND","THURMOND"
"26433",93,"1973-01-03","Senate","SC",200,"THURMOND, James Strom","T000254","1902-12-05",11,11,25597,70.0807665982204,"Greatest","THURMOND","THURMOND"
"26434",94,"1975-01-03","Senate","SC",200,"THURMOND, James Strom","T000254","1902-12-05",12,12,26327,72.0793976728268,"Greatest","THURMOND","THURMOND"
"26435",95,"1977-01-03","Senate","SC",200,"THURMOND, James Strom","T000254","1902-12-05",13,13,27058,74.0807665982204,"Greatest","THURMOND","THURMOND"
"26436",96,"1979-01-03","Senate","SC",200,"THURMOND, James Strom","T000254","1902-12-05",14,14,27788,76.0793976728268,"Greatest","THURMOND","THURMOND"
"26437",97,"1981-01-03","Senate","SC",200,"THURMOND, James Strom","T000254","1902-12-05",15,15,28519,78.0807665982204,"Greatest","THURMOND","THURMOND"
"26438",98,"1983-01-03","Senate","SC",200,"THURMOND, James Strom","T000254","1902-12-05",16,16,29249,80.0793976728268,"Greatest","THURMOND","THURMOND"
"26439",99,"1985-01-03","Senate","SC",200,"THURMOND, James Strom","T000254","1902-12-05",17,17,29980,82.0807665982204,"Greatest","THURMOND","THURMOND"
"26440",100,"1987-01-03","Senate","SC",200,"THURMOND, James Strom","T000254","1902-12-05",18,18,30710,84.0793976728268,"Greatest","THURMOND","THURMOND"
"26441",101,"1989-01-03","Senate","SC",200,"THURMOND, James Strom","T000254","1902-12-05",19,19,31441,86.0807665982204,"Greatest","THURMOND","THURMOND"
"26442",102,"1991-01-03","Senate","SC",200,"THURMOND, James Strom","T000254","1902-12-05",20,20,32171,88.0793976728268,"Greatest","THURMOND","THURMOND"
"26443",103,"1993-01-03","Senate","SC",200,"THURMOND, James Strom","T000254","1902-12-05",21,21,32902,90.0807665982204,"Greatest","THURMOND","THURMOND"
"26444",104,"1995-01-03","Senate","SC",200,"THURMOND, James Strom","T000254","1902-12-05",22,22,33632,92.0793976728268,"Greatest","THURMOND","THURMOND"
"26445",105,"1997-01-03","Senate","SC",200,"THURMOND, James Strom","T000254","1902-12-05",23,23,34363,94.0807665982204,"Greatest","THURMOND","THURMOND"
"26446",106,"1999-01-03","Senate","SC",200,"THURMOND, James Strom","T000254","1902-12-05",24,24,35093,96.0793976728268,"Greatest","THURMOND","THURMOND"
"26447",107,"2001-01-03","Senate","SC",200,"THURMOND, James Strom","T000254","1902-12-05",25,25,35824,98.0807665982204,"Greatest","THURMOND","THURMOND"
"26455",80,"1947-01-03","Senate","MN",200,"THYE, Edward John","T000259","1896-04-26",1,1,18513,50.6858316221766,"Lost","THYE",""
"26456",81,"1949-01-03","Senate","MN",200,"THYE, Edward John","T000259","1896-04-26",2,2,19244,52.6872005475702,"Lost","THYE",""
"26457",82,"1951-01-03","Senate","MN",200,"THYE, Edward John","T000259","1896-04-26",3,3,19974,54.6858316221766,"Lost","THYE",""
"26458",83,"1953-01-03","Senate","MN",200,"THYE, Edward John","T000259","1896-04-26",4,4,20705,56.6872005475702,"Lost","THYE",""
"26459",84,"1955-01-03","Senate","MN",200,"THYE, Edward John","T000259","1896-04-26",5,5,21435,58.6858316221766,"Lost","THYE",""
"26460",85,"1957-01-03","Senate","MN",200,"THYE, Edward John","T000259","1896-04-26",6,6,22166,60.6872005475702,"Lost","THYE",""
"26493",117,"2021-01-03","Senate","AL",200,"TUBERVILLE, Thomas Hawley (Tommy)","T000278","1954-09-18",1,1,24214,66.2943189596167,"Boomers","TUBERVILLE",""
"26494",118,"2023-01-03","Senate","AL",200,"TUBERVILLE, Thomas Hawley (Tommy)","T000278","1954-09-18",2,2,24944,68.2929500342231,"Boomers","TUBERVILLE",""
"26528",76,"1939-01-03","Senate","NH",200,"TOBEY, Charles William","T000289","1880-07-22",4,1,21348,58.4476386036961,"Missionary","TOBEY",""
"26529",77,"1941-01-03","Senate","NH",200,"TOBEY, Charles William","T000289","1880-07-22",5,2,22079,60.4490075290897,"Missionary","TOBEY",""
"26530",78,"1943-01-03","Senate","NH",200,"TOBEY, Charles William","T000289","1880-07-22",6,3,22809,62.4476386036961,"Missionary","TOBEY",""
"26531",79,"1945-01-03","Senate","NH",200,"TOBEY, Charles William","T000289","1880-07-22",7,4,23540,64.4490075290897,"Missionary","TOBEY",""
"26532",80,"1947-01-03","Senate","NH",200,"TOBEY, Charles William","T000289","1880-07-22",8,5,24270,66.4476386036961,"Missionary","TOBEY",""
"26533",81,"1949-01-03","Senate","NH",200,"TOBEY, Charles William","T000289","1880-07-22",9,6,25001,68.4490075290897,"Missionary","TOBEY",""
"26534",82,"1951-01-03","Senate","NH",200,"TOBEY, Charles William","T000289","1880-07-22",10,7,25731,70.4476386036961,"Missionary","TOBEY",""
"26535",83,"1953-01-03","Senate","NH",200,"TOBEY, Charles William","T000289","1880-07-22",11,8,26462,72.4490075290897,"Missionary","TOBEY",""
"26578",105,"1997-01-03","Senate","NJ",100,"TORRICELLI, Robert Guy","T000317","1951-08-27",8,1,16566,45.3552361396304,"Boomers","TORRICELLI",""
"26579",106,"1999-01-03","Senate","NJ",100,"TORRICELLI, Robert Guy","T000317","1951-08-27",9,2,17296,47.3538672142368,"Boomers","TORRICELLI",""
"26580",107,"2001-01-03","Senate","NJ",100,"TORRICELLI, Robert Guy","T000317","1951-08-27",10,3,18027,49.3552361396304,"Boomers","TORRICELLI",""
"26587",87,"1961-01-03","Senate","TX",200,"TOWER, John Goodwin","T000322","1925-09-29",1,1,12880,35.2635181382615,"Greatest","TOWER",""
"26588",88,"1963-01-03","Senate","TX",200,"TOWER, John Goodwin","T000322","1925-09-29",2,2,13610,37.2621492128679,"Greatest","TOWER",""
"26589",89,"1965-01-03","Senate","TX",200,"TOWER, John Goodwin","T000322","1925-09-29",3,3,14341,39.2635181382615,"Greatest","TOWER",""
"26590",90,"1967-01-03","Senate","TX",200,"TOWER, John Goodwin","T000322","1925-09-29",4,4,15071,41.2621492128679,"Greatest","TOWER",""
"26591",91,"1969-01-03","Senate","TX",200,"TOWER, John Goodwin","T000322","1925-09-29",5,5,15802,43.2635181382615,"Greatest","TOWER",""
"26592",92,"1971-01-03","Senate","TX",200,"TOWER, John Goodwin","T000322","1925-09-29",6,6,16532,45.2621492128679,"Greatest","TOWER",""
"26593",93,"1973-01-03","Senate","TX",200,"TOWER, John Goodwin","T000322","1925-09-29",7,7,17263,47.2635181382615,"Greatest","TOWER",""
"26594",94,"1975-01-03","Senate","TX",200,"TOWER, John Goodwin","T000322","1925-09-29",8,8,17993,49.2621492128679,"Greatest","TOWER",""
"26595",95,"1977-01-03","Senate","TX",200,"TOWER, John Goodwin","T000322","1925-09-29",9,9,18724,51.2635181382615,"Greatest","TOWER",""
"26596",96,"1979-01-03","Senate","TX",200,"TOWER, John Goodwin","T000322","1925-09-29",10,10,19454,53.2621492128679,"Greatest","TOWER",""
"26597",97,"1981-01-03","Senate","TX",200,"TOWER, John Goodwin","T000322","1925-09-29",11,11,20185,55.2635181382615,"Greatest","TOWER",""
"26598",98,"1983-01-03","Senate","TX",200,"TOWER, John Goodwin","T000322","1925-09-29",12,12,20915,57.2621492128679,"Greatest","TOWER",""
"26618",66,"1919-03-04","Senate","MI",200,"TOWNSEND, Charles Elroy","T000330","1856-08-15",9,5,22845,62.5462012320329,"Progressive","TOWNSEND",""
"26619",67,"1921-03-04","Senate","MI",200,"TOWNSEND, Charles Elroy","T000330","1856-08-15",10,6,23576,64.5475701574264,"Progressive","TOWNSEND",""
"26620",71,"1929-03-04","Senate","DE",200,"TOWNSEND, John Gillis, Jr.","T000335","1871-05-31",1,1,21096,57.7577002053388,"Missionary","TOWNSEND",""
"26621",72,"1931-03-04","Senate","DE",200,"TOWNSEND, John Gillis, Jr.","T000335","1871-05-31",2,2,21826,59.7563312799452,"Missionary","TOWNSEND",""
"26622",73,"1933-03-04","Senate","DE",200,"TOWNSEND, John Gillis, Jr.","T000335","1871-05-31",3,3,22557,61.7577002053388,"Missionary","TOWNSEND",""
"26623",74,"1935-01-03","Senate","DE",200,"TOWNSEND, John Gillis, Jr.","T000335","1871-05-31",4,4,23227,63.5920602327173,"Missionary","TOWNSEND",""
"26624",75,"1937-01-03","Senate","DE",200,"TOWNSEND, John Gillis, Jr.","T000335","1871-05-31",5,5,23958,65.5934291581109,"Missionary","TOWNSEND",""
"26625",76,"1939-01-03","Senate","DE",200,"TOWNSEND, John Gillis, Jr.","T000335","1871-05-31",6,6,24688,67.5920602327173,"Missionary","TOWNSEND",""
"26636",66,"1919-03-04","Senate","FL",100,"TRAMMELL, Park","T000353","1876-04-09",2,2,15668,42.8966461327858,"Missionary","TRAMMELL",""
"26637",67,"1921-03-04","Senate","FL",100,"TRAMMELL, Park","T000353","1876-04-09",3,3,16399,44.8980150581793,"Missionary","TRAMMELL",""
"26638",68,"1923-03-04","Senate","FL",100,"TRAMMELL, Park","T000353","1876-04-09",4,4,17129,46.8966461327858,"Missionary","TRAMMELL",""
"26639",69,"1925-03-04","Senate","FL",100,"TRAMMELL, Park","T000353","1876-04-09",5,5,17860,48.8980150581793,"Missionary","TRAMMELL",""
"26640",70,"1927-03-04","Senate","FL",100,"TRAMMELL, Park","T000353","1876-04-09",6,6,18590,50.8966461327858,"Missionary","TRAMMELL",""
"26641",71,"1929-03-04","Senate","FL",100,"TRAMMELL, Park","T000353","1876-04-09",7,7,19321,52.8980150581793,"Missionary","TRAMMELL",""
"26642",72,"1931-03-04","Senate","FL",100,"TRAMMELL, Park","T000353","1876-04-09",8,8,20051,54.8966461327858,"Missionary","TRAMMELL",""
"26643",73,"1933-03-04","Senate","FL",100,"TRAMMELL, Park","T000353","1876-04-09",9,9,20782,56.8980150581793,"Missionary","TRAMMELL",""
"26644",74,"1935-01-03","Senate","FL",100,"TRAMMELL, Park","T000353","1876-04-09",10,10,21452,58.7323750855578,"Missionary","TRAMMELL",""
"26678",98,"1983-01-03","Senate","VA",200,"TRIBLE, Paul Seward, Jr.","T000367","1946-12-29",4,1,13154,36.0136892539357,"Boomers","TRIBLE",""
"26679",99,"1985-01-03","Senate","VA",200,"TRIBLE, Paul Seward, Jr.","T000367","1946-12-29",5,2,13885,38.0150581793292,"Boomers","TRIBLE",""
"26680",100,"1987-01-03","Senate","VA",200,"TRIBLE, Paul Seward, Jr.","T000367","1946-12-29",6,3,14615,40.0136892539357,"Boomers","TRIBLE",""
"26695",74,"1935-01-03","Senate","MO",100,"TRUMAN, Harry S.","T000387","1884-05-08",1,1,18501,50.652977412731,"Lost","TRUMAN",""
"26696",75,"1937-01-03","Senate","MO",100,"TRUMAN, Harry S.","T000387","1884-05-08",2,2,19232,52.6543463381246,"Lost","TRUMAN",""
"26697",76,"1939-01-03","Senate","MO",100,"TRUMAN, Harry S.","T000387","1884-05-08",3,3,19962,54.652977412731,"Lost","TRUMAN",""
"26698",77,"1941-01-03","Senate","MO",100,"TRUMAN, Harry S.","T000387","1884-05-08",4,4,20693,56.6543463381246,"Lost","TRUMAN",""
"26699",78,"1943-01-03","Senate","MO",100,"TRUMAN, Harry S.","T000387","1884-05-08",5,5,21423,58.652977412731,"Lost","TRUMAN",""
"26700",79,"1945-01-03","Senate","MO",100,"TRUMAN, Harry S.","T000387","1884-05-08",6,6,22154,60.6543463381246,"Lost","TRUMAN",""
"26703",96,"1979-01-03","Senate","MA",100,"TSONGAS, Paul Efthemios","T000393","1941-02-14",3,1,13837,37.8836413415469,"Silent","TSONGAS",""
"26704",97,"1981-01-03","Senate","MA",100,"TSONGAS, Paul Efthemios","T000393","1941-02-14",4,2,14568,39.8850102669405,"Silent","TSONGAS",""
"26705",98,"1983-01-03","Senate","MA",100,"TSONGAS, Paul Efthemios","T000393","1941-02-14",5,3,15298,41.8836413415469,"Silent","TSONGAS",""
"26724",77,"1941-01-03","Senate","DE",100,"TUNNELL, James Miller","T000409","1879-08-02",1,1,22434,61.4209445585216,"Missionary","TUNNELL",""
"26725",78,"1943-01-03","Senate","DE",100,"TUNNELL, James Miller","T000409","1879-08-02",2,2,23164,63.419575633128,"Missionary","TUNNELL",""
"26726",79,"1945-01-03","Senate","DE",100,"TUNNELL, James Miller","T000409","1879-08-02",3,3,23895,65.4209445585216,"Missionary","TUNNELL",""
"26730",92,"1971-01-03","Senate","CA",100,"TUNNEY, John Varick","T000410","1934-06-26",4,1,13340,36.5229295003422,"Silent","TUNNEY",""
"26731",93,"1973-01-03","Senate","CA",100,"TUNNEY, John Varick","T000410","1934-06-26",5,2,14071,38.5242984257358,"Silent","TUNNEY",""
"26732",94,"1975-01-03","Senate","CA",100,"TUNNEY, John Varick","T000410","1934-06-26",6,3,14801,40.5229295003422,"Silent","TUNNEY",""
"26752",89,"1965-01-03","Senate","MD",100,"TYDINGS, Joseph Davies","T000445","1928-05-04",1,1,13393,36.6680355920602,"Silent","TYDINGS",""
"26753",90,"1967-01-03","Senate","MD",100,"TYDINGS, Joseph Davies","T000445","1928-05-04",2,2,14123,38.6666666666667,"Silent","TYDINGS",""
"26754",91,"1969-01-03","Senate","MD",100,"TYDINGS, Joseph Davies","T000445","1928-05-04",3,3,14854,40.6680355920602,"Silent","TYDINGS",""
"26757",70,"1927-03-04","Senate","MD",100,"TYDINGS, Millard Evelyn","T000446","1890-04-06",3,1,13480,36.9062286105407,"Lost","TYDINGS",""
"26758",71,"1929-03-04","Senate","MD",100,"TYDINGS, Millard Evelyn","T000446","1890-04-06",4,2,14211,38.9075975359343,"Lost","TYDINGS",""
"26759",72,"1931-03-04","Senate","MD",100,"TYDINGS, Millard Evelyn","T000446","1890-04-06",5,3,14941,40.9062286105407,"Lost","TYDINGS",""
"26760",73,"1933-03-04","Senate","MD",100,"TYDINGS, Millard Evelyn","T000446","1890-04-06",6,4,15672,42.9075975359343,"Lost","TYDINGS",""
"26761",74,"1935-01-03","Senate","MD",100,"TYDINGS, Millard Evelyn","T000446","1890-04-06",7,5,16342,44.7419575633128,"Lost","TYDINGS",""
"26762",75,"1937-01-03","Senate","MD",100,"TYDINGS, Millard Evelyn","T000446","1890-04-06",8,6,17073,46.7433264887064,"Lost","TYDINGS",""
"26763",76,"1939-01-03","Senate","MD",100,"TYDINGS, Millard Evelyn","T000446","1890-04-06",9,7,17803,48.7419575633128,"Lost","TYDINGS",""
"26764",77,"1941-01-03","Senate","MD",100,"TYDINGS, Millard Evelyn","T000446","1890-04-06",10,8,18534,50.7433264887064,"Lost","TYDINGS",""
"26765",78,"1943-01-03","Senate","MD",100,"TYDINGS, Millard Evelyn","T000446","1890-04-06",11,9,19264,52.7419575633128,"Lost","TYDINGS",""
"26766",79,"1945-01-03","Senate","MD",100,"TYDINGS, Millard Evelyn","T000446","1890-04-06",12,10,19995,54.7433264887064,"Lost","TYDINGS",""
"26767",80,"1947-01-03","Senate","MD",100,"TYDINGS, Millard Evelyn","T000446","1890-04-06",13,11,20725,56.7419575633128,"Lost","TYDINGS",""
"26768",81,"1949-01-03","Senate","MD",100,"TYDINGS, Millard Evelyn","T000446","1890-04-06",14,12,21456,58.7433264887064,"Lost","TYDINGS",""
"26771",69,"1925-03-04","Senate","TN",100,"TYSON, Lawrence Davis","T000456","1861-07-04",1,1,23253,63.6632443531828,"Missionary","TYSON",""
"26772",70,"1927-03-04","Senate","TN",100,"TYSON, Lawrence Davis","T000456","1861-07-04",2,2,23983,65.6618754277892,"Missionary","TYSON",""
"26773",71,"1929-03-04","Senate","TN",100,"TYSON, Lawrence Davis","T000456","1861-07-04",3,3,24714,67.6632443531827,"Missionary","TYSON",""
"26774",103,"1993-01-03","Senate","TN",200,"THOMPSON, Fred Dalton","T000457","1942-08-19",1,1,18400,50.3764544832307,"Silent","THOMPSON",""
"26775",104,"1995-01-03","Senate","TN",200,"THOMPSON, Fred Dalton","T000457","1942-08-19",2,2,19130,52.3750855578371,"Silent","THOMPSON",""
"26776",105,"1997-01-03","Senate","TN",200,"THOMPSON, Fred Dalton","T000457","1942-08-19",3,3,19861,54.3764544832307,"Silent","THOMPSON",""
"26777",106,"1999-01-03","Senate","TN",200,"THOMPSON, Fred Dalton","T000457","1942-08-19",4,4,20591,56.3750855578371,"Silent","THOMPSON",""
"26778",107,"2001-01-03","Senate","TN",200,"THOMPSON, Fred Dalton","T000457","1942-08-19",5,5,21322,58.3764544832307,"Silent","THOMPSON",""
"26808",112,"2011-01-03","Senate","PA",200,"TOOMEY, Patrick Joseph","T000461","1961-11-17",4,1,17944,49.1279945242984,"Boomers","TOOMEY",""
"26809",113,"2013-01-03","Senate","PA",200,"TOOMEY, Patrick Joseph","T000461","1961-11-17",5,2,18675,51.129363449692,"Boomers","TOOMEY",""
"26810",114,"2015-01-03","Senate","PA",200,"TOOMEY, Patrick Joseph","T000461","1961-11-17",6,3,19405,53.1279945242984,"Boomers","TOOMEY",""
"26811",115,"2017-01-03","Senate","PA",200,"TOOMEY, Patrick Joseph","T000461","1961-11-17",7,4,20136,55.129363449692,"Boomers","TOOMEY",""
"26812",116,"2019-01-03","Senate","PA",200,"TOOMEY, Patrick Joseph","T000461","1961-11-17",8,5,20866,57.1279945242984,"Boomers","TOOMEY",""
"26813",117,"2021-01-03","Senate","PA",200,"TOOMEY, Patrick Joseph","T000461","1961-11-17",9,6,21597,59.129363449692,"Boomers","TOOMEY",""
"26834",110,"2007-01-03","Senate","MT",100,"TESTER, Jon","T000464","1956-08-21",1,1,18397,50.3682409308693,"Boomers","TESTER",""
"26835",111,"2009-01-03","Senate","MT",100,"TESTER, Jon","T000464","1956-08-21",2,2,19128,52.3696098562628,"Boomers","TESTER",""
"26836",112,"2011-01-03","Senate","MT",100,"TESTER, Jon","T000464","1956-08-21",3,3,19858,54.3682409308693,"Boomers","TESTER",""
"26837",113,"2013-01-03","Senate","MT",100,"TESTER, Jon","T000464","1956-08-21",4,4,20589,56.3696098562628,"Boomers","TESTER",""
"26838",114,"2015-01-03","Senate","MT",100,"TESTER, Jon","T000464","1956-08-21",5,5,21319,58.3682409308693,"Boomers","TESTER",""
"26839",115,"2017-01-03","Senate","MT",100,"TESTER, Jon","T000464","1956-08-21",6,6,22050,60.3696098562628,"Boomers","TESTER",""
"26840",116,"2019-01-03","Senate","MT",100,"TESTER, Jon","T000464","1956-08-21",7,7,22780,62.3682409308693,"Boomers","TESTER",""
"26841",117,"2021-01-03","Senate","MT",100,"TESTER, Jon","T000464","1956-08-21",8,8,23511,64.3696098562628,"Boomers","TESTER",""
"26842",118,"2023-01-03","Senate","MT",100,"TESTER, Jon","T000464","1956-08-21",9,9,24241,66.3682409308693,"Boomers","TESTER",""
"26893",114,"2015-01-03","Senate","NC",200,"TILLIS, Thomas Roland (Thom)","T000476","1960-08-30",1,1,19849,54.3436002737851,"Boomers","TILLIS",""
"26894",115,"2017-01-03","Senate","NC",200,"TILLIS, Thomas Roland (Thom)","T000476","1960-08-30",2,2,20580,56.3449691991786,"Boomers","TILLIS",""
"26895",116,"2019-01-03","Senate","NC",200,"TILLIS, Thomas Roland (Thom)","T000476","1960-08-30",3,3,21310,58.3436002737851,"Boomers","TILLIS",""
"26896",117,"2021-01-03","Senate","NC",200,"TILLIS, Thomas Roland (Thom)","T000476","1960-08-30",4,4,22041,60.3449691991786,"Boomers","TILLIS",""
"26897",118,"2023-01-03","Senate","NC",200,"TILLIS, Thomas Roland (Thom)","T000476","1960-08-30",5,5,22771,62.3436002737851,"Boomers","TILLIS",""
"26956",79,"1945-01-03","Senate","NC",100,"UMSTEAD, William Bradley","U000005","1895-05-13",4,1,18132,49.6427104722793,"Lost","UMSTEAD",""
"26957",80,"1947-01-03","Senate","NC",100,"UMSTEAD, William Bradley","U000005","1895-05-13",5,2,18862,51.6413415468857,"Lost","UMSTEAD",""
"26971",66,"1919-03-04","Senate","AL",100,"UNDERWOOD, Oscar Wilder","U000013","1862-05-06",13,3,20755,56.8240930869268,"Missionary","UNDERWOOD",""
"26972",67,"1921-03-04","Senate","AL",100,"UNDERWOOD, Oscar Wilder","U000013","1862-05-06",14,4,21486,58.8254620123203,"Missionary","UNDERWOOD",""
"26973",68,"1923-03-04","Senate","AL",100,"UNDERWOOD, Oscar Wilder","U000013","1862-05-06",15,5,22216,60.8240930869268,"Missionary","UNDERWOOD",""
"26974",69,"1925-03-04","Senate","AL",100,"UNDERWOOD, Oscar Wilder","U000013","1862-05-06",16,6,22947,62.8254620123203,"Missionary","UNDERWOOD",""
"27004",83,"1953-01-03","Senate","NH",200,"UPTON, Robert William","U000032","1884-02-03",1,1,25171,68.9144421629021,"Lost","UPTON",""
"27021",111,"2009-01-03","Senate","CO",100,"UDALL, Mark","U000038","1950-07-18",6,1,21354,58.4640657084189,"Boomers","UDALL",""
"27022",112,"2011-01-03","Senate","CO",100,"UDALL, Mark","U000038","1950-07-18",7,2,22084,60.4626967830253,"Boomers","UDALL",""
"27023",113,"2013-01-03","Senate","CO",100,"UDALL, Mark","U000038","1950-07-18",8,3,22815,62.4640657084189,"Boomers","UDALL",""
"27029",111,"2009-01-03","Senate","NM",100,"UDALL, Thomas (Tom)","U000039","1948-05-18",6,1,22145,60.6297056810404,"Boomers","UDALL",""
"27030",112,"2011-01-03","Senate","NM",100,"UDALL, Thomas (Tom)","U000039","1948-05-18",7,2,22875,62.6283367556468,"Boomers","UDALL",""
"27031",113,"2013-01-03","Senate","NM",100,"UDALL, Thomas (Tom)","U000039","1948-05-18",8,3,23606,64.6297056810404,"Boomers","UDALL",""
"27032",114,"2015-01-03","Senate","NM",100,"UDALL, Thomas (Tom)","U000039","1948-05-18",9,4,24336,66.6283367556468,"Boomers","UDALL",""
"27033",115,"2017-01-03","Senate","NM",100,"UDALL, Thomas (Tom)","U000039","1948-05-18",10,5,25067,68.6297056810404,"Boomers","UDALL",""
"27034",116,"2019-01-03","Senate","NM",100,"UDALL, Thomas (Tom)","U000039","1948-05-18",11,6,25797,70.6283367556468,"Boomers","UDALL",""
"27060",70,"1927-03-04","Senate","MI",200,"VANDENBERG, Arthur Hendrick","V000025","1884-03-22",1,1,15686,42.9459274469541,"Lost","VANDENBERG",""
"27061",71,"1929-03-04","Senate","MI",200,"VANDENBERG, Arthur Hendrick","V000025","1884-03-22",2,2,16417,44.9472963723477,"Lost","VANDENBERG",""
"27062",72,"1931-03-04","Senate","MI",200,"VANDENBERG, Arthur Hendrick","V000025","1884-03-22",3,3,17147,46.9459274469541,"Lost","VANDENBERG",""
"27063",73,"1933-03-04","Senate","MI",200,"VANDENBERG, Arthur Hendrick","V000025","1884-03-22",4,4,17878,48.9472963723477,"Lost","VANDENBERG",""
"27064",74,"1935-01-03","Senate","MI",200,"VANDENBERG, Arthur Hendrick","V000025","1884-03-22",5,5,18548,50.7816563997262,"Lost","VANDENBERG",""
"27065",75,"1937-01-03","Senate","MI",200,"VANDENBERG, Arthur Hendrick","V000025","1884-03-22",6,6,19279,52.7830253251198,"Lost","VANDENBERG",""
"27066",76,"1939-01-03","Senate","MI",200,"VANDENBERG, Arthur Hendrick","V000025","1884-03-22",7,7,20009,54.7816563997262,"Lost","VANDENBERG",""
"27067",77,"1941-01-03","Senate","MI",200,"VANDENBERG, Arthur Hendrick","V000025","1884-03-22",8,8,20740,56.7830253251198,"Lost","VANDENBERG",""
"27068",78,"1943-01-03","Senate","MI",200,"VANDENBERG, Arthur Hendrick","V000025","1884-03-22",9,9,21470,58.7816563997262,"Lost","VANDENBERG",""
"27069",79,"1945-01-03","Senate","MI",200,"VANDENBERG, Arthur Hendrick","V000025","1884-03-22",10,10,22201,60.7830253251198,"Lost","VANDENBERG",""
"27070",80,"1947-01-03","Senate","MI",200,"VANDENBERG, Arthur Hendrick","V000025","1884-03-22",11,11,22931,62.7816563997262,"Lost","VANDENBERG",""
"27071",81,"1949-01-03","Senate","MI",200,"VANDENBERG, Arthur Hendrick","V000025","1884-03-22",12,12,23662,64.7830253251198,"Lost","VANDENBERG",""
"27072",82,"1951-01-03","Senate","MI",200,"VANDENBERG, Arthur Hendrick","V000025","1884-03-22",13,13,24392,66.7816563997262,"Lost","VANDENBERG",""
"27104",73,"1933-03-04","Senate","IN",100,"VAN NUYS, Frederick","V000050","1874-04-16",1,1,21506,58.880219028063,"Missionary","VAN NUYS",""
"27105",74,"1935-01-03","Senate","IN",100,"VAN NUYS, Frederick","V000050","1874-04-16",2,2,22176,60.7145790554415,"Missionary","VAN NUYS",""
"27106",75,"1937-01-03","Senate","IN",100,"VAN NUYS, Frederick","V000050","1874-04-16",3,3,22907,62.715947980835,"Missionary","VAN NUYS",""
"27107",76,"1939-01-03","Senate","IN",100,"VAN NUYS, Frederick","V000050","1874-04-16",4,4,23637,64.7145790554415,"Missionary","VAN NUYS",""
"27108",77,"1941-01-03","Senate","IN",100,"VAN NUYS, Frederick","V000050","1874-04-16",5,5,24368,66.715947980835,"Missionary","VAN NUYS",""
"27109",78,"1943-01-03","Senate","IN",100,"VAN NUYS, Frederick","V000050","1874-04-16",6,6,25098,68.7145790554415,"Missionary","VAN NUYS",""
"27290",106,"1999-01-03","Senate","OH",200,"VOINOVICH, George Victor","V000126","1936-07-15",1,1,22817,62.4695414099932,"Silent","VOINOVICH",""
"27291",107,"2001-01-03","Senate","OH",200,"VOINOVICH, George Victor","V000126","1936-07-15",2,2,23548,64.4709103353867,"Silent","VOINOVICH",""
"27292",108,"2003-01-03","Senate","OH",200,"VOINOVICH, George Victor","V000126","1936-07-15",3,3,24278,66.4695414099932,"Silent","VOINOVICH",""
"27293",109,"2005-01-03","Senate","OH",200,"VOINOVICH, George Victor","V000126","1936-07-15",4,4,25009,68.4709103353867,"Silent","VOINOVICH",""
"27294",110,"2007-01-03","Senate","OH",200,"VOINOVICH, George Victor","V000126","1936-07-15",5,5,25739,70.4695414099932,"Silent","VOINOVICH",""
"27295",111,"2009-01-03","Senate","OH",200,"VOINOVICH, George Victor","V000126","1936-07-15",6,6,26470,72.4709103353867,"Silent","VOINOVICH",""
"27299",109,"2005-01-03","Senate","LA",200,"VITTER, David","V000127","1961-05-03",4,1,15951,43.6714579055441,"Boomers","VITTER",""
"27300",110,"2007-01-03","Senate","LA",200,"VITTER, David","V000127","1961-05-03",5,2,16681,45.6700889801506,"Boomers","VITTER",""
"27301",111,"2009-01-03","Senate","LA",200,"VITTER, David","V000127","1961-05-03",6,3,17412,47.6714579055441,"Boomers","VITTER",""
"27302",112,"2011-01-03","Senate","LA",200,"VITTER, David","V000127","1961-05-03",7,4,18142,49.6700889801506,"Boomers","VITTER",""
"27303",113,"2013-01-03","Senate","LA",200,"VITTER, David","V000127","1961-05-03",8,5,18873,51.6714579055441,"Boomers","VITTER",""
"27304",114,"2015-01-03","Senate","LA",200,"VITTER, David","V000127","1961-05-03",9,6,19603,53.6700889801506,"Boomers","VITTER",""
"27312",115,"2017-01-03","Senate","MD",100,"VAN HOLLEN, Christopher","V000128","1959-01-10",8,1,21178,57.9822039698836,"Boomers","VAN HOLLEN",""
"27313",116,"2019-01-03","Senate","MD",100,"VAN HOLLEN, Christopher","V000128","1959-01-10",9,2,21908,59.9808350444901,"Boomers","VAN HOLLEN",""
"27314",117,"2021-01-03","Senate","MD",100,"VAN HOLLEN, Christopher","V000128","1959-01-10",10,3,22639,61.9822039698836,"Boomers","VAN HOLLEN",""
"27315",118,"2023-01-03","Senate","MD",100,"VAN HOLLEN, Christopher","V000128","1959-01-10",11,4,23369,63.9808350444901,"Boomers","VAN HOLLEN",""
"27345",118,"2023-01-03","Senate","OH",200,"VANCE, James David","V000137","1984-08-02",1,1,14033,38.4202600958248,"Millennial","VANCE",""
"27346",66,"1919-03-04","Senate","NY",200,"WADSWORTH, James Wolcott, Jr.","W000012","1877-08-12",3,3,15178,41.555099247091,"Missionary","WADSWORTH",""
"27347",67,"1921-03-04","Senate","NY",200,"WADSWORTH, James Wolcott, Jr.","W000012","1877-08-12",4,4,15909,43.5564681724846,"Missionary","WADSWORTH",""
"27348",68,"1923-03-04","Senate","NY",200,"WADSWORTH, James Wolcott, Jr.","W000012","1877-08-12",5,5,16639,45.555099247091,"Missionary","WADSWORTH",""
"27349",69,"1925-03-04","Senate","NY",200,"WADSWORTH, James Wolcott, Jr.","W000012","1877-08-12",6,6,17370,47.5564681724846,"Missionary","WADSWORTH",""
"27369",70,"1927-03-04","Senate","NY",100,"WAGNER, Robert Ferdinand","W000021","1877-06-08",1,1,18165,49.7330595482546,"Missionary","WAGNER",""
"27370",71,"1929-03-04","Senate","NY",100,"WAGNER, Robert Ferdinand","W000021","1877-06-08",2,2,18896,51.7344284736482,"Missionary","WAGNER",""
"27371",72,"1931-03-04","Senate","NY",100,"WAGNER, Robert Ferdinand","W000021","1877-06-08",3,3,19626,53.7330595482546,"Missionary","WAGNER",""
"27372",73,"1933-03-04","Senate","NY",100,"WAGNER, Robert Ferdinand","W000021","1877-06-08",4,4,20357,55.7344284736482,"Missionary","WAGNER",""
"27373",74,"1935-01-03","Senate","NY",100,"WAGNER, Robert Ferdinand","W000021","1877-06-08",5,5,21027,57.5687885010267,"Missionary","WAGNER",""
"27374",75,"1937-01-03","Senate","NY",100,"WAGNER, Robert Ferdinand","W000021","1877-06-08",6,6,21758,59.5701574264203,"Missionary","WAGNER",""
"27375",76,"1939-01-03","Senate","NY",100,"WAGNER, Robert Ferdinand","W000021","1877-06-08",7,7,22488,61.5687885010267,"Missionary","WAGNER",""
"27376",77,"1941-01-03","Senate","NY",100,"WAGNER, Robert Ferdinand","W000021","1877-06-08",8,8,23219,63.5701574264203,"Missionary","WAGNER",""
"27377",78,"1943-01-03","Senate","NY",100,"WAGNER, Robert Ferdinand","W000021","1877-06-08",9,9,23949,65.5687885010267,"Missionary","WAGNER",""
"27378",79,"1945-01-03","Senate","NY",100,"WAGNER, Robert Ferdinand","W000021","1877-06-08",10,10,24680,67.5701574264203,"Missionary","WAGNER",""
"27379",80,"1947-01-03","Senate","NY",100,"WAGNER, Robert Ferdinand","W000021","1877-06-08",11,11,25410,69.5687885010267,"Missionary","WAGNER",""
"27380",81,"1949-01-03","Senate","NY",100,"WAGNER, Robert Ferdinand","W000021","1877-06-08",12,12,26141,71.5701574264203,"Missionary","WAGNER",""
"27389",71,"1929-03-04","Senate","CT",200,"WALCOTT, Frederic Collin","W000032","1869-02-19",1,1,21927,60.0328542094456,"Missionary","WALCOTT",""
"27390",72,"1931-03-04","Senate","CT",200,"WALCOTT, Frederic Collin","W000032","1869-02-19",2,2,22657,62.031485284052,"Missionary","WALCOTT",""
"27391",73,"1933-03-04","Senate","CT",200,"WALCOTT, Frederic Collin","W000032","1869-02-19",3,3,23388,64.0328542094456,"Missionary","WALCOTT",""
"27420",72,"1931-03-04","Senate","CO",100,"WALKER, Walter","W000069","1883-04-03",1,1,17501,47.9151266255989,"Lost","WALKER",""
"27425",77,"1941-01-03","Senate","WA",100,"WALLGREN, Monrad Charles","W000088","1891-04-17",5,1,18158,49.7138945927447,"Lost","WALLGREN",""
"27426",78,"1943-01-03","Senate","WA",100,"WALLGREN, Monrad Charles","W000088","1891-04-17",6,2,18888,51.7125256673511,"Lost","WALLGREN",""
"27427",79,"1945-01-03","Senate","WA",100,"WALLGREN, Monrad Charles","W000088","1891-04-17",7,3,19619,53.7138945927447,"Lost","WALLGREN",""
"27431",95,"1977-01-03","Senate","WY",200,"WALLOP, Malcolm","W000092","1933-02-27",1,1,16016,43.8494182067077,"Silent","WALLOP",""
"27432",96,"1979-01-03","Senate","WY",200,"WALLOP, Malcolm","W000092","1933-02-27",2,2,16746,45.8480492813142,"Silent","WALLOP",""
"27433",97,"1981-01-03","Senate","WY",200,"WALLOP, Malcolm","W000092","1933-02-27",3,3,17477,47.8494182067077,"Silent","WALLOP",""
"27434",98,"1983-01-03","Senate","WY",200,"WALLOP, Malcolm","W000092","1933-02-27",4,4,18207,49.8480492813142,"Silent","WALLOP",""
"27435",99,"1985-01-03","Senate","WY",200,"WALLOP, Malcolm","W000092","1933-02-27",5,5,18938,51.8494182067077,"Silent","WALLOP",""
"27436",100,"1987-01-03","Senate","WY",200,"WALLOP, Malcolm","W000092","1933-02-27",6,6,19668,53.8480492813142,"Silent","WALLOP",""
"27437",101,"1989-01-03","Senate","WY",200,"WALLOP, Malcolm","W000092","1933-02-27",7,7,20399,55.8494182067077,"Silent","WALLOP",""
"27438",102,"1991-01-03","Senate","WY",200,"WALLOP, Malcolm","W000092","1933-02-27",8,8,21129,57.8480492813142,"Silent","WALLOP",""
"27439",103,"1993-01-03","Senate","WY",200,"WALLOP, Malcolm","W000092","1933-02-27",9,9,21860,59.8494182067077,"Silent","WALLOP",""
"27440",78,"1943-01-03","Senate","NJ",100,"WALSH, Arthur","W000096","1896-02-26",1,1,17112,46.8501026694045,"Lost","WALSH",""
"27441",66,"1919-03-04","Senate","MA",100,"WALSH, David Ignatius","W000097","1872-11-11",1,1,16913,46.3052703627652,"Missionary","WALSH",""
"27442",67,"1921-03-04","Senate","MA",100,"WALSH, David Ignatius","W000097","1872-11-11",2,2,17644,48.3066392881588,"Missionary","WALSH",""
"27443",68,"1923-03-04","Senate","MA",100,"WALSH, David Ignatius","W000097","1872-11-11",3,3,18374,50.3052703627652,"Missionary","WALSH",""
"27444",69,"1925-03-04","Senate","MA",100,"WALSH, David Ignatius","W000097","1872-11-11",4,4,19105,52.3066392881588,"Missionary","WALSH",""
"27445",70,"1927-03-04","Senate","MA",100,"WALSH, David Ignatius","W000097","1872-11-11",5,5,19835,54.3052703627652,"Missionary","WALSH",""
"27446",71,"1929-03-04","Senate","MA",100,"WALSH, David Ignatius","W000097","1872-11-11",6,6,20566,56.3066392881588,"Missionary","WALSH",""
"27447",72,"1931-03-04","Senate","MA",100,"WALSH, David Ignatius","W000097","1872-11-11",7,7,21296,58.3052703627652,"Missionary","WALSH",""
"27448",73,"1933-03-04","Senate","MA",100,"WALSH, David Ignatius","W000097","1872-11-11",8,8,22027,60.3066392881588,"Missionary","WALSH",""
"27449",74,"1935-01-03","Senate","MA",100,"WALSH, David Ignatius","W000097","1872-11-11",9,9,22697,62.1409993155373,"Missionary","WALSH",""
"27450",75,"1937-01-03","Senate","MA",100,"WALSH, David Ignatius","W000097","1872-11-11",10,10,23428,64.1423682409309,"Missionary","WALSH",""
"27451",76,"1939-01-03","Senate","MA",100,"WALSH, David Ignatius","W000097","1872-11-11",11,11,24158,66.1409993155373,"Missionary","WALSH",""
"27452",77,"1941-01-03","Senate","MA",100,"WALSH, David Ignatius","W000097","1872-11-11",12,12,24889,68.1423682409309,"Missionary","WALSH",""
"27453",78,"1943-01-03","Senate","MA",100,"WALSH, David Ignatius","W000097","1872-11-11",13,13,25619,70.1409993155373,"Missionary","WALSH",""
"27454",79,"1945-01-03","Senate","MA",100,"WALSH, David Ignatius","W000097","1872-11-11",14,14,26350,72.1423682409309,"Missionary","WALSH",""
"27468",66,"1919-03-04","Senate","MT",100,"WALSH, Thomas James","W000104","1859-06-12",4,4,21814,59.7234770704997,"Progressive","WALSH",""
"27469",67,"1921-03-04","Senate","MT",100,"WALSH, Thomas James","W000104","1859-06-12",5,5,22545,61.7248459958932,"Progressive","WALSH",""
"27470",68,"1923-03-04","Senate","MT",100,"WALSH, Thomas James","W000104","1859-06-12",6,6,23275,63.7234770704997,"Progressive","WALSH",""
"27471",69,"1925-03-04","Senate","MT",100,"WALSH, Thomas James","W000104","1859-06-12",7,7,24006,65.7248459958932,"Progressive","WALSH",""
"27472",70,"1927-03-04","Senate","MT",100,"WALSH, Thomas James","W000104","1859-06-12",8,8,24736,67.7234770704997,"Progressive","WALSH",""
"27473",71,"1929-03-04","Senate","MT",100,"WALSH, Thomas James","W000104","1859-06-12",9,9,25467,69.7248459958932,"Progressive","WALSH",""
"27474",72,"1931-03-04","Senate","MT",100,"WALSH, Thomas James","W000104","1859-06-12",10,10,26197,71.7234770704997,"Progressive","WALSH",""
"27497",88,"1963-01-03","Senate","TN",100,"WALTERS, Herbert Sanford","W000110","1891-11-17",1,1,25979,71.1266255989049,"Lost","WALTERS",""
"27530",95,"1977-01-03","Senate","VA",200,"WARNER, John William","W000154","1927-02-18",1,1,18217,49.8754277891855,"Greatest","WARNER",""
"27531",96,"1979-01-03","Senate","VA",200,"WARNER, John William","W000154","1927-02-18",2,2,18947,51.8740588637919,"Greatest","WARNER",""
"27532",97,"1981-01-03","Senate","VA",200,"WARNER, John William","W000154","1927-02-18",3,3,19678,53.8754277891855,"Greatest","WARNER",""
"27533",98,"1983-01-03","Senate","VA",200,"WARNER, John William","W000154","1927-02-18",4,4,20408,55.8740588637919,"Greatest","WARNER",""
"27534",99,"1985-01-03","Senate","VA",200,"WARNER, John William","W000154","1927-02-18",5,5,21139,57.8754277891855,"Greatest","WARNER",""
"27535",100,"1987-01-03","Senate","VA",200,"WARNER, John William","W000154","1927-02-18",6,6,21869,59.8740588637919,"Greatest","WARNER",""
"27536",101,"1989-01-03","Senate","VA",200,"WARNER, John William","W000154","1927-02-18",7,7,22600,61.8754277891855,"Greatest","WARNER",""
"27537",102,"1991-01-03","Senate","VA",200,"WARNER, John William","W000154","1927-02-18",8,8,23330,63.8740588637919,"Greatest","WARNER",""
"27538",103,"1993-01-03","Senate","VA",200,"WARNER, John William","W000154","1927-02-18",9,9,24061,65.8754277891855,"Greatest","WARNER",""
"27539",104,"1995-01-03","Senate","VA",200,"WARNER, John William","W000154","1927-02-18",10,10,24791,67.8740588637919,"Greatest","WARNER",""
"27540",105,"1997-01-03","Senate","VA",200,"WARNER, John William","W000154","1927-02-18",11,11,25522,69.8754277891855,"Greatest","WARNER",""
"27541",106,"1999-01-03","Senate","VA",200,"WARNER, John William","W000154","1927-02-18",12,12,26252,71.8740588637919,"Greatest","WARNER",""
"27542",107,"2001-01-03","Senate","VA",200,"WARNER, John William","W000154","1927-02-18",13,13,26983,73.8754277891855,"Greatest","WARNER",""
"27543",108,"2003-01-03","Senate","VA",200,"WARNER, John William","W000154","1927-02-18",14,14,27713,75.8740588637919,"Greatest","WARNER",""
"27544",109,"2005-01-03","Senate","VA",200,"WARNER, John William","W000154","1927-02-18",15,15,28444,77.8754277891855,"Greatest","WARNER",""
"27545",110,"2007-01-03","Senate","VA",200,"WARNER, John William","W000154","1927-02-18",16,16,29174,79.8740588637919,"Greatest","WARNER",""
"27546",66,"1919-03-04","Senate","WY",200,"WARREN, Francis Emroy","W000164","1844-06-20",15,15,27284,74.6995208761122,"Progressive","WARREN",""
"27547",67,"1921-03-04","Senate","WY",200,"WARREN, Francis Emroy","W000164","1844-06-20",16,16,28015,76.7008898015058,"Progressive","WARREN",""
"27548",68,"1923-03-04","Senate","WY",200,"WARREN, Francis Emroy","W000164","1844-06-20",17,17,28745,78.6995208761122,"Progressive","WARREN",""
"27549",69,"1925-03-04","Senate","WY",200,"WARREN, Francis Emroy","W000164","1844-06-20",18,18,29476,80.7008898015058,"Progressive","WARREN",""
"27550",70,"1927-03-04","Senate","WY",200,"WARREN, Francis Emroy","W000164","1844-06-20",19,19,30206,82.6995208761122,"Progressive","WARREN",""
"27551",71,"1929-03-04","Senate","WY",200,"WARREN, Francis Emroy","W000164","1844-06-20",20,20,30937,84.7008898015058,"Progressive","WARREN",""
"27575",70,"1927-03-04","Senate","CO",200,"WATERMAN, Charles Winfield","W000186","1861-11-02",1,1,23862,65.3305954825462,"Missionary","WATERMAN",""
"27576",71,"1929-03-04","Senate","CO",200,"WATERMAN, Charles Winfield","W000186","1861-11-02",2,2,24593,67.3319644079398,"Missionary","WATERMAN",""
"27577",72,"1931-03-04","Senate","CO",200,"WATERMAN, Charles Winfield","W000186","1861-11-02",3,3,25323,69.3305954825462,"Missionary","WATERMAN",""
"27595",80,"1947-01-03","Senate","UT",200,"WATKINS, Arthur Vivian","W000190","1886-12-18",1,1,21930,60.041067761807,"Lost","WATKINS",""
"27596",81,"1949-01-03","Senate","UT",200,"WATKINS, Arthur Vivian","W000190","1886-12-18",2,2,22661,62.0424366872005,"Lost","WATKINS",""
"27597",82,"1951-01-03","Senate","UT",200,"WATKINS, Arthur Vivian","W000190","1886-12-18",3,3,23391,64.041067761807,"Lost","WATKINS",""
"27598",83,"1953-01-03","Senate","UT",200,"WATKINS, Arthur Vivian","W000190","1886-12-18",4,4,24122,66.0424366872005,"Lost","WATKINS",""
"27599",84,"1955-01-03","Senate","UT",200,"WATKINS, Arthur Vivian","W000190","1886-12-18",5,5,24852,68.041067761807,"Lost","WATKINS",""
"27600",85,"1957-01-03","Senate","UT",200,"WATKINS, Arthur Vivian","W000190","1886-12-18",6,6,25583,70.0424366872005,"Lost","WATKINS",""
"27632",66,"1919-03-04","Senate","IN",200,"WATSON, James Eli","W000203","1864-11-02",9,3,19844,54.3299110198494,"Missionary","WATSON",""
"27633",67,"1921-03-04","Senate","IN",200,"WATSON, James Eli","W000203","1864-11-02",10,4,20575,56.331279945243,"Missionary","WATSON",""
"27634",68,"1923-03-04","Senate","IN",200,"WATSON, James Eli","W000203","1864-11-02",11,5,21305,58.3299110198494,"Missionary","WATSON",""
"27635",69,"1925-03-04","Senate","IN",200,"WATSON, James Eli","W000203","1864-11-02",12,6,22036,60.331279945243,"Missionary","WATSON",""
"27636",70,"1927-03-04","Senate","IN",200,"WATSON, James Eli","W000203","1864-11-02",13,7,22766,62.3299110198494,"Missionary","WATSON",""
"27637",71,"1929-03-04","Senate","IN",200,"WATSON, James Eli","W000203","1864-11-02",14,8,23497,64.331279945243,"Missionary","WATSON",""
"27638",72,"1931-03-04","Senate","IN",200,"WATSON, James Eli","W000203","1864-11-02",15,9,24227,66.3299110198494,"Missionary","WATSON",""
"27639",67,"1921-03-04","Senate","GA",100,"WATSON, Thomas Edward","W000205","1856-09-05",2,1,23555,64.4900752908966,"Progressive","WATSON",""
"27727",78,"1943-01-03","Senate","MA",200,"WEEKS, Sinclair","W000248","1893-06-15",1,1,18098,49.5496235455168,"Lost","WEEKS",""
"27737",92,"1971-01-03","Senate","CT",200,"WEICKER, Lowell Palmer, Jr.","W000253","1931-05-16",2,1,14477,39.6358658453114,"Silent","WEICKER",""
"27738",93,"1973-01-03","Senate","CT",200,"WEICKER, Lowell Palmer, Jr.","W000253","1931-05-16",3,2,15208,41.637234770705,"Silent","WEICKER",""
"27739",94,"1975-01-03","Senate","CT",200,"WEICKER, Lowell Palmer, Jr.","W000253","1931-05-16",4,3,15938,43.6358658453114,"Silent","WEICKER",""
"27740",95,"1977-01-03","Senate","CT",200,"WEICKER, Lowell Palmer, Jr.","W000253","1931-05-16",5,4,16669,45.637234770705,"Silent","WEICKER",""
"27741",96,"1979-01-03","Senate","CT",200,"WEICKER, Lowell Palmer, Jr.","W000253","1931-05-16",6,5,17399,47.6358658453114,"Silent","WEICKER",""
"27742",97,"1981-01-03","Senate","CT",200,"WEICKER, Lowell Palmer, Jr.","W000253","1931-05-16",7,6,18130,49.637234770705,"Silent","WEICKER",""
"27743",98,"1983-01-03","Senate","CT",200,"WEICKER, Lowell Palmer, Jr.","W000253","1931-05-16",8,7,18860,51.6358658453114,"Silent","WEICKER",""
"27744",99,"1985-01-03","Senate","CT",200,"WEICKER, Lowell Palmer, Jr.","W000253","1931-05-16",9,8,19591,53.637234770705,"Silent","WEICKER",""
"27745",100,"1987-01-03","Senate","CT",200,"WEICKER, Lowell Palmer, Jr.","W000253","1931-05-16",10,9,20321,55.6358658453114,"Silent","WEICKER",""
"27792",82,"1951-01-03","Senate","ID",200,"WELKER, Herman","W000269","1906-12-11",1,1,16094,44.062970568104,"Greatest","WELKER",""
"27793",83,"1953-01-03","Senate","ID",200,"WELKER, Herman","W000269","1906-12-11",2,2,16825,46.0643394934976,"Greatest","WELKER",""
"27794",84,"1955-01-03","Senate","ID",200,"WELKER, Herman","W000269","1906-12-11",3,3,17555,48.062970568104,"Greatest","WELKER",""
"27802",67,"1921-03-04","Senate","MD",200,"WELLER, Ovington Eugene","W000276","1862-01-23",1,1,21589,59.1074606433949,"Missionary","WELLER",""
"27803",68,"1923-03-04","Senate","MD",200,"WELLER, Ovington Eugene","W000276","1862-01-23",2,2,22319,61.1060917180014,"Missionary","WELLER",""
"27804",69,"1925-03-04","Senate","MD",200,"WELLER, Ovington Eugene","W000276","1862-01-23",3,3,23050,63.1074606433949,"Missionary","WELLER",""
"27809",102,"1991-01-03","Senate","MN",100,"WELLSTONE, Paul David","W000288","1944-07-21",1,1,16967,46.4531143052704,"Silent","WELLSTONE",""
"27810",103,"1993-01-03","Senate","MN",100,"WELLSTONE, Paul David","W000288","1944-07-21",2,2,17698,48.4544832306639,"Silent","WELLSTONE",""
"27811",104,"1995-01-03","Senate","MN",100,"WELLSTONE, Paul David","W000288","1944-07-21",3,3,18428,50.4531143052704,"Silent","WELLSTONE",""
"27812",105,"1997-01-03","Senate","MN",100,"WELLSTONE, Paul David","W000288","1944-07-21",4,4,19159,52.4544832306639,"Silent","WELLSTONE",""
"27813",106,"1999-01-03","Senate","MN",100,"WELLSTONE, Paul David","W000288","1944-07-21",5,5,19889,54.4531143052704,"Silent","WELLSTONE",""
"27814",107,"2001-01-03","Senate","MN",100,"WELLSTONE, Paul David","W000288","1944-07-21",6,6,20620,56.4544832306639,"Silent","WELLSTONE",""
"27886",68,"1923-03-04","Senate","MT",100,"WHEELER, Burton Kendall","W000330","1882-02-27",1,1,14979,41.0102669404517,"Missionary","WHEELER",""
"27887",69,"1925-03-04","Senate","MT",100,"WHEELER, Burton Kendall","W000330","1882-02-27",2,2,15710,43.0116358658453,"Missionary","WHEELER",""
"27888",70,"1927-03-04","Senate","MT",100,"WHEELER, Burton Kendall","W000330","1882-02-27",3,3,16440,45.0102669404517,"Missionary","WHEELER",""
"27889",71,"1929-03-04","Senate","MT",100,"WHEELER, Burton Kendall","W000330","1882-02-27",4,4,17171,47.0116358658453,"Missionary","WHEELER",""
"27890",72,"1931-03-04","Senate","MT",100,"WHEELER, Burton Kendall","W000330","1882-02-27",5,5,17901,49.0102669404517,"Missionary","WHEELER",""
"27891",73,"1933-03-04","Senate","MT",100,"WHEELER, Burton Kendall","W000330","1882-02-27",6,6,18632,51.0116358658453,"Missionary","WHEELER",""
"27892",74,"1935-01-03","Senate","MT",100,"WHEELER, Burton Kendall","W000330","1882-02-27",7,7,19302,52.8459958932238,"Missionary","WHEELER",""
"27893",75,"1937-01-03","Senate","MT",100,"WHEELER, Burton Kendall","W000330","1882-02-27",8,8,20033,54.8473648186174,"Missionary","WHEELER",""
"27894",76,"1939-01-03","Senate","MT",100,"WHEELER, Burton Kendall","W000330","1882-02-27",9,9,20763,56.8459958932238,"Missionary","WHEELER",""
"27895",77,"1941-01-03","Senate","MT",100,"WHEELER, Burton Kendall","W000330","1882-02-27",10,10,21494,58.8473648186174,"Missionary","WHEELER",""
"27896",78,"1943-01-03","Senate","MT",100,"WHEELER, Burton Kendall","W000330","1882-02-27",11,11,22224,60.8459958932238,"Missionary","WHEELER",""
"27897",79,"1945-01-03","Senate","MT",100,"WHEELER, Burton Kendall","W000330","1882-02-27",12,12,22955,62.8473648186174,"Missionary","WHEELER",""
"27910",78,"1943-01-03","Senate","NE",200,"WHERRY, Kenneth Spicer","W000344","1892-02-28",1,1,18571,50.8446269678303,"Lost","WHERRY",""
"27911",79,"1945-01-03","Senate","NE",200,"WHERRY, Kenneth Spicer","W000344","1892-02-28",2,2,19302,52.8459958932238,"Lost","WHERRY",""
"27912",80,"1947-01-03","Senate","NE",200,"WHERRY, Kenneth Spicer","W000344","1892-02-28",3,3,20032,54.8446269678303,"Lost","WHERRY",""
"27913",81,"1949-01-03","Senate","NE",200,"WHERRY, Kenneth Spicer","W000344","1892-02-28",4,4,20763,56.8459958932238,"Lost","WHERRY",""
"27914",82,"1951-01-03","Senate","NE",200,"WHERRY, Kenneth Spicer","W000344","1892-02-28",5,5,21493,58.8446269678303,"Lost","WHERRY",""
"27954",72,"1931-03-04","Senate","ME",200,"WHITE, Wallace Humphrey, Jr.","W000396","1877-08-06",8,1,19567,53.5715263518138,"Missionary","WHITE",""
"27955",73,"1933-03-04","Senate","ME",200,"WHITE, Wallace Humphrey, Jr.","W000396","1877-08-06",9,2,20298,55.5728952772074,"Missionary","WHITE",""
"27956",74,"1935-01-03","Senate","ME",200,"WHITE, Wallace Humphrey, Jr.","W000396","1877-08-06",10,3,20968,57.4072553045859,"Missionary","WHITE",""
"27957",75,"1937-01-03","Senate","ME",200,"WHITE, Wallace Humphrey, Jr.","W000396","1877-08-06",11,4,21699,59.4086242299795,"Missionary","WHITE",""
"27958",76,"1939-01-03","Senate","ME",200,"WHITE, Wallace Humphrey, Jr.","W000396","1877-08-06",12,5,22429,61.4072553045859,"Missionary","WHITE",""
"27959",77,"1941-01-03","Senate","ME",200,"WHITE, Wallace Humphrey, Jr.","W000396","1877-08-06",13,6,23160,63.4086242299795,"Missionary","WHITE",""
"27960",78,"1943-01-03","Senate","ME",200,"WHITE, Wallace Humphrey, Jr.","W000396","1877-08-06",14,7,23890,65.4072553045859,"Missionary","WHITE",""
"27961",79,"1945-01-03","Senate","ME",200,"WHITE, Wallace Humphrey, Jr.","W000396","1877-08-06",15,8,24621,67.4086242299795,"Missionary","WHITE",""
"27962",80,"1947-01-03","Senate","ME",200,"WHITE, Wallace Humphrey, Jr.","W000396","1877-08-06",16,9,25351,69.4072553045859,"Missionary","WHITE",""
"28054",111,"2009-01-03","Senate","MS",200,"WICKER, Roger F.","W000437","1951-07-05",8,1,21002,57.5003422313484,"Boomers","WICKER",""
"28055",112,"2011-01-03","Senate","MS",200,"WICKER, Roger F.","W000437","1951-07-05",9,2,21732,59.4989733059548,"Boomers","WICKER",""
"28056",113,"2013-01-03","Senate","MS",200,"WICKER, Roger F.","W000437","1951-07-05",10,3,22463,61.5003422313484,"Boomers","WICKER",""
"28057",114,"2015-01-03","Senate","MS",200,"WICKER, Roger F.","W000437","1951-07-05",11,4,23193,63.4989733059548,"Boomers","WICKER",""
"28058",115,"2017-01-03","Senate","MS",200,"WICKER, Roger F.","W000437","1951-07-05",12,5,23924,65.5003422313484,"Boomers","WICKER",""
"28059",116,"2019-01-03","Senate","MS",200,"WICKER, Roger F.","W000437","1951-07-05",13,6,24654,67.4989733059548,"Boomers","WICKER",""
"28060",117,"2021-01-03","Senate","MS",200,"WICKER, Roger F.","W000437","1951-07-05",14,7,25385,69.5003422313484,"Boomers","WICKER",""
"28061",118,"2023-01-03","Senate","MS",200,"WICKER, Roger F.","W000437","1951-07-05",15,8,26115,71.4989733059548,"Boomers","WICKER",""
"28115",76,"1939-01-03","Senate","WI",200,"WILEY, Alexander","W000465","1884-05-26",1,1,19944,54.6036960985626,"Lost","WILEY",""
"28116",77,"1941-01-03","Senate","WI",200,"WILEY, Alexander","W000465","1884-05-26",2,2,20675,56.6050650239562,"Lost","WILEY",""
"28117",78,"1943-01-03","Senate","WI",200,"WILEY, Alexander","W000465","1884-05-26",3,3,21405,58.6036960985626,"Lost","WILEY",""
"28118",79,"1945-01-03","Senate","WI",200,"WILEY, Alexander","W000465","1884-05-26",4,4,22136,60.6050650239562,"Lost","WILEY",""
"28119",80,"1947-01-03","Senate","WI",200,"WILEY, Alexander","W000465","1884-05-26",5,5,22866,62.6036960985626,"Lost","WILEY",""
"28120",81,"1949-01-03","Senate","WI",200,"WILEY, Alexander","W000465","1884-05-26",6,6,23597,64.6050650239562,"Lost","WILEY",""
"28121",82,"1951-01-03","Senate","WI",200,"WILEY, Alexander","W000465","1884-05-26",7,7,24327,66.6036960985626,"Lost","WILEY",""
"28122",83,"1953-01-03","Senate","WI",200,"WILEY, Alexander","W000465","1884-05-26",8,8,25058,68.6050650239562,"Lost","WILEY",""
"28123",84,"1955-01-03","Senate","WI",200,"WILEY, Alexander","W000465","1884-05-26",9,9,25788,70.6036960985626,"Lost","WILEY",""
"28124",85,"1957-01-03","Senate","WI",200,"WILEY, Alexander","W000465","1884-05-26",10,10,26519,72.6050650239562,"Lost","WILEY",""
"28125",86,"1959-01-03","Senate","WI",200,"WILEY, Alexander","W000465","1884-05-26",11,11,27249,74.6036960985626,"Lost","WILEY",""
"28126",87,"1961-01-03","Senate","WI",200,"WILEY, Alexander","W000465","1884-05-26",12,12,27980,76.6050650239562,"Lost","WILEY",""
"28138",69,"1925-03-04","Senate","MO",200,"WILLIAMS, George Howard","W000499","1871-12-01",1,1,19451,53.2539356605065,"Missionary","WILLIAMS",""
"28148",86,"1959-01-03","Senate","NJ",100,"WILLIAMS, Harrison Arlington, Jr.","W000502","1919-12-10",3,1,14269,39.066392881588,"Greatest","WILLIAMS",""
"28149",87,"1961-01-03","Senate","NJ",100,"WILLIAMS, Harrison Arlington, Jr.","W000502","1919-12-10",4,2,15000,41.0677618069815,"Greatest","WILLIAMS",""
"28150",88,"1963-01-03","Senate","NJ",100,"WILLIAMS, Harrison Arlington, Jr.","W000502","1919-12-10",5,3,15730,43.066392881588,"Greatest","WILLIAMS",""
"28151",89,"1965-01-03","Senate","NJ",100,"WILLIAMS, Harrison Arlington, Jr.","W000502","1919-12-10",6,4,16461,45.0677618069815,"Greatest","WILLIAMS",""
"28152",90,"1967-01-03","Senate","NJ",100,"WILLIAMS, Harrison Arlington, Jr.","W000502","1919-12-10",7,5,17191,47.066392881588,"Greatest","WILLIAMS",""
"28153",91,"1969-01-03","Senate","NJ",100,"WILLIAMS, Harrison Arlington, Jr.","W000502","1919-12-10",8,6,17922,49.0677618069815,"Greatest","WILLIAMS",""
"28154",92,"1971-01-03","Senate","NJ",100,"WILLIAMS, Harrison Arlington, Jr.","W000502","1919-12-10",9,7,18652,51.066392881588,"Greatest","WILLIAMS",""
"28155",93,"1973-01-03","Senate","NJ",100,"WILLIAMS, Harrison Arlington, Jr.","W000502","1919-12-10",10,8,19383,53.0677618069815,"Greatest","WILLIAMS",""
"28156",94,"1975-01-03","Senate","NJ",100,"WILLIAMS, Harrison Arlington, Jr.","W000502","1919-12-10",11,9,20113,55.066392881588,"Greatest","WILLIAMS",""
"28157",95,"1977-01-03","Senate","NJ",100,"WILLIAMS, Harrison Arlington, Jr.","W000502","1919-12-10",12,10,20844,57.0677618069815,"Greatest","WILLIAMS",""
"28158",96,"1979-01-03","Senate","NJ",100,"WILLIAMS, Harrison Arlington, Jr.","W000502","1919-12-10",13,11,21574,59.066392881588,"Greatest","WILLIAMS",""
"28159",97,"1981-01-03","Senate","NJ",100,"WILLIAMS, Harrison Arlington, Jr.","W000502","1919-12-10",14,12,22305,61.0677618069815,"Greatest","WILLIAMS",""
"28171",80,"1947-01-03","Senate","DE",200,"WILLIAMS, John James","W000518","1904-05-17",1,1,15571,42.631074606434,"Greatest","WILLIAMS",""
"28172",81,"1949-01-03","Senate","DE",200,"WILLIAMS, John James","W000518","1904-05-17",2,2,16302,44.6324435318275,"Greatest","WILLIAMS",""
"28173",82,"1951-01-03","Senate","DE",200,"WILLIAMS, John James","W000518","1904-05-17",3,3,17032,46.631074606434,"Greatest","WILLIAMS",""
"28174",83,"1953-01-03","Senate","DE",200,"WILLIAMS, John James","W000518","1904-05-17",4,4,17763,48.6324435318275,"Greatest","WILLIAMS",""
"28175",84,"1955-01-03","Senate","DE",200,"WILLIAMS, John James","W000518","1904-05-17",5,5,18493,50.631074606434,"Greatest","WILLIAMS",""
"28176",85,"1957-01-03","Senate","DE",200,"WILLIAMS, John James","W000518","1904-05-17",6,6,19224,52.6324435318275,"Greatest","WILLIAMS",""
"28177",86,"1959-01-03","Senate","DE",200,"WILLIAMS, John James","W000518","1904-05-17",7,7,19954,54.631074606434,"Greatest","WILLIAMS",""
"28178",87,"1961-01-03","Senate","DE",200,"WILLIAMS, John James","W000518","1904-05-17",8,8,20685,56.6324435318275,"Greatest","WILLIAMS",""
"28179",88,"1963-01-03","Senate","DE",200,"WILLIAMS, John James","W000518","1904-05-17",9,9,21415,58.631074606434,"Greatest","WILLIAMS",""
"28180",89,"1965-01-03","Senate","DE",200,"WILLIAMS, John James","W000518","1904-05-17",10,10,22146,60.6324435318275,"Greatest","WILLIAMS",""
"28181",90,"1967-01-03","Senate","DE",200,"WILLIAMS, John James","W000518","1904-05-17",11,11,22876,62.631074606434,"Greatest","WILLIAMS",""
"28182",91,"1969-01-03","Senate","DE",200,"WILLIAMS, John James","W000518","1904-05-17",12,12,23607,64.6324435318275,"Greatest","WILLIAMS",""
"28192",66,"1919-03-04","Senate","MS",100,"WILLIAMS, John Sharp","W000521","1854-07-30",13,5,23592,64.5913757700205,"Progressive","WILLIAMS",""
"28193",67,"1921-03-04","Senate","MS",100,"WILLIAMS, John Sharp","W000521","1854-07-30",14,6,24323,66.5927446954141,"Progressive","WILLIAMS",""
"28211",71,"1929-03-04","Senate","KY",100,"WILLIAMSON, Ben Mitchell","W000550","1864-10-16",1,1,23514,64.3778234086242,"Missionary","WILLIAMSON",""
"28228",66,"1919-03-04","Senate","OH",200,"WILLIS, Frank Bartlett","W000561","1871-12-28",3,1,17232,47.1786447638604,"Missionary","WILLIS",""
"28229",67,"1921-03-04","Senate","OH",200,"WILLIS, Frank Bartlett","W000561","1871-12-28",4,2,17963,49.1800136892539,"Missionary","WILLIS",""
"28230",68,"1923-03-04","Senate","OH",200,"WILLIS, Frank Bartlett","W000561","1871-12-28",5,3,18693,51.1786447638604,"Missionary","WILLIS",""
"28231",69,"1925-03-04","Senate","OH",200,"WILLIS, Frank Bartlett","W000561","1871-12-28",6,4,19424,53.1800136892539,"Missionary","WILLIS",""
"28232",70,"1927-03-04","Senate","OH",200,"WILLIS, Frank Bartlett","W000561","1871-12-28",7,5,20154,55.1786447638604,"Missionary","WILLIS",""
"28233",77,"1941-01-03","Senate","IN",200,"WILLIS, Raymond Eugene","W000563","1875-08-11",1,1,23886,65.3963039014374,"Missionary","WILLIS",""
"28234",78,"1943-01-03","Senate","IN",200,"WILLIS, Raymond Eugene","W000563","1875-08-11",2,2,24616,67.3949349760438,"Missionary","WILLIS",""
"28235",79,"1945-01-03","Senate","IN",200,"WILLIS, Raymond Eugene","W000563","1875-08-11",3,3,25347,69.3963039014374,"Missionary","WILLIS",""
"28268",78,"1943-01-03","Senate","IA",200,"WILSON, George Allison","W000581","1884-04-01",1,1,21460,58.7542778918549,"Lost","WILSON",""
"28269",79,"1945-01-03","Senate","IA",200,"WILSON, George Allison","W000581","1884-04-01",2,2,22191,60.7556468172485,"Lost","WILSON",""
"28270",80,"1947-01-03","Senate","IA",200,"WILSON, George Allison","W000581","1884-04-01",3,3,22921,62.7542778918549,"Lost","WILSON",""
"28278",98,"1983-01-03","Senate","CA",200,"WILSON, Pete","W000607","1933-08-23",1,1,18030,49.3634496919918,"Silent","WILSON",""
"28279",99,"1985-01-03","Senate","CA",200,"WILSON, Pete","W000607","1933-08-23",2,2,18761,51.3648186173854,"Silent","WILSON",""
"28280",100,"1987-01-03","Senate","CA",200,"WILSON, Pete","W000607","1933-08-23",3,3,19491,53.3634496919918,"Silent","WILSON",""
"28281",101,"1989-01-03","Senate","CA",200,"WILSON, Pete","W000607","1933-08-23",4,4,20222,55.3648186173854,"Silent","WILSON",""
"28282",102,"1991-01-03","Senate","CA",200,"WILSON, Pete","W000607","1933-08-23",5,5,20952,57.3634496919918,"Silent","WILSON",""
"28356",100,"1987-01-03","Senate","CO",100,"WIRTH, Timothy E.","W000647","1939-09-22",7,1,17270,47.2826830937714,"Silent","WIRTH",""
"28357",101,"1989-01-03","Senate","CO",100,"WIRTH, Timothy E.","W000647","1939-09-22",8,2,18001,49.284052019165,"Silent","WIRTH",""
"28358",102,"1991-01-03","Senate","CO",100,"WIRTH, Timothy E.","W000647","1939-09-22",9,3,18731,51.2826830937714,"Silent","WIRTH",""
"28371",81,"1949-01-03","Senate","KY",100,"WITHERS, Garrett Lee","W000658","1884-06-21",1,1,23571,64.5338809034908,"Lost","WITHERS",""
"28384",102,"1991-01-03","Senate","PA",100,"WOFFORD, Harris","W000665","1926-04-09",1,1,23645,64.7364818617385,"Greatest","WOFFORD",""
"28385",103,"1993-01-03","Senate","PA",100,"WOFFORD, Harris","W000665","1926-04-09",2,2,24376,66.7378507871321,"Greatest","WOFFORD",""
"28386",84,"1955-01-03","Senate","SC",100,"WOFFORD, Thomas Albert","W000666","1908-09-27",1,1,16899,46.2669404517454,"Greatest","WOFFORD",""
"28400",66,"1919-03-04","Senate","DE",100,"WOLCOTT, Josiah Oliver","W000669","1877-10-31",2,2,15098,41.3360711841205,"Missionary","WOLCOTT",""
"28401",67,"1921-03-04","Senate","DE",100,"WOLCOTT, Josiah Oliver","W000669","1877-10-31",3,3,15829,43.337440109514,"Missionary","WOLCOTT",""
"28591",105,"1997-01-03","Senate","OR",100,"WYDEN, Ronald Lee","W000779","1949-05-03",9,1,17412,47.6714579055441,"Boomers","WYDEN",""
"28592",106,"1999-01-03","Senate","OR",100,"WYDEN, Ronald Lee","W000779","1949-05-03",10,2,18142,49.6700889801506,"Boomers","WYDEN",""
"28593",107,"2001-01-03","Senate","OR",100,"WYDEN, Ronald Lee","W000779","1949-05-03",11,3,18873,51.6714579055441,"Boomers","WYDEN",""
"28594",108,"2003-01-03","Senate","OR",100,"WYDEN, Ronald Lee","W000779","1949-05-03",12,4,19603,53.6700889801506,"Boomers","WYDEN",""
"28595",109,"2005-01-03","Senate","OR",100,"WYDEN, Ronald Lee","W000779","1949-05-03",13,5,20334,55.6714579055441,"Boomers","WYDEN",""
"28596",110,"2007-01-03","Senate","OR",100,"WYDEN, Ronald Lee","W000779","1949-05-03",14,6,21064,57.6700889801506,"Boomers","WYDEN",""
"28597",111,"2009-01-03","Senate","OR",100,"WYDEN, Ronald Lee","W000779","1949-05-03",15,7,21795,59.6714579055441,"Boomers","WYDEN",""
"28598",112,"2011-01-03","Senate","OR",100,"WYDEN, Ronald Lee","W000779","1949-05-03",16,8,22525,61.6700889801506,"Boomers","WYDEN",""
"28599",113,"2013-01-03","Senate","OR",100,"WYDEN, Ronald Lee","W000779","1949-05-03",17,9,23256,63.6714579055441,"Boomers","WYDEN",""
"28600",114,"2015-01-03","Senate","OR",100,"WYDEN, Ronald Lee","W000779","1949-05-03",18,10,23986,65.6700889801506,"Boomers","WYDEN",""
"28601",115,"2017-01-03","Senate","OR",100,"WYDEN, Ronald Lee","W000779","1949-05-03",19,11,24717,67.6714579055441,"Boomers","WYDEN",""
"28602",116,"2019-01-03","Senate","OR",100,"WYDEN, Ronald Lee","W000779","1949-05-03",20,12,25447,69.6700889801506,"Boomers","WYDEN",""
"28603",117,"2021-01-03","Senate","OR",100,"WYDEN, Ronald Lee","W000779","1949-05-03",21,13,26178,71.6714579055441,"Boomers","WYDEN",""
"28604",118,"2023-01-03","Senate","OR",100,"WYDEN, Ronald Lee","W000779","1949-05-03",22,14,26908,73.6700889801506,"Boomers","WYDEN",""
"28648",117,"2021-01-03","Senate","GA",100,"WARNOCK, Raphael Gamaliel","W000790","1969-07-23",1,1,18792,51.4496919917864,"Gen X","WARNOCK",""
"28649",118,"2023-01-03","Senate","GA",100,"WARNOCK, Raphael Gamaliel","W000790","1969-07-23",2,2,19522,53.4483230663929,"Gen X","WARNOCK",""
"28730",118,"2023-01-03","Senate","VT",100,"WELCH, Peter","W000800","1947-05-02",9,1,27640,75.6741957563313,"Boomers","WELCH",""
"28733",110,"2007-01-03","Senate","RI",100,"WHITEHOUSE, Sheldon","W000802","1955-10-20",1,1,18703,51.2060232717317,"Boomers","WHITEHOUSE",""
"28734",111,"2009-01-03","Senate","RI",100,"WHITEHOUSE, Sheldon","W000802","1955-10-20",2,2,19434,53.2073921971253,"Boomers","WHITEHOUSE",""
"28735",112,"2011-01-03","Senate","RI",100,"WHITEHOUSE, Sheldon","W000802","1955-10-20",3,3,20164,55.2060232717317,"Boomers","WHITEHOUSE",""
"28736",113,"2013-01-03","Senate","RI",100,"WHITEHOUSE, Sheldon","W000802","1955-10-20",4,4,20895,57.2073921971253,"Boomers","WHITEHOUSE",""
"28737",114,"2015-01-03","Senate","RI",100,"WHITEHOUSE, Sheldon","W000802","1955-10-20",5,5,21625,59.2060232717317,"Boomers","WHITEHOUSE",""
"28738",115,"2017-01-03","Senate","RI",100,"WHITEHOUSE, Sheldon","W000802","1955-10-20",6,6,22356,61.2073921971253,"Boomers","WHITEHOUSE",""
"28739",116,"2019-01-03","Senate","RI",100,"WHITEHOUSE, Sheldon","W000802","1955-10-20",7,7,23086,63.2060232717317,"Boomers","WHITEHOUSE",""
"28740",117,"2021-01-03","Senate","RI",100,"WHITEHOUSE, Sheldon","W000802","1955-10-20",8,8,23817,65.2073921971253,"Boomers","WHITEHOUSE",""
"28741",118,"2023-01-03","Senate","RI",100,"WHITEHOUSE, Sheldon","W000802","1955-10-20",9,9,24547,67.2060232717317,"Boomers","WHITEHOUSE",""
"28742",110,"2007-01-03","Senate","VA",100,"WEBB, James H. (Jim)","W000803","1946-02-09",1,1,22243,60.8980150581793,"Boomers","WEBB",""
"28743",111,"2009-01-03","Senate","VA",100,"WEBB, James H. (Jim)","W000803","1946-02-09",2,2,22974,62.8993839835729,"Boomers","WEBB",""
"28744",112,"2011-01-03","Senate","VA",100,"WEBB, James H. (Jim)","W000803","1946-02-09",3,3,23704,64.8980150581793,"Boomers","WEBB",""
"28754",111,"2009-01-03","Senate","VA",100,"WARNER, Mark","W000805","1954-12-15",1,1,19743,54.0533880903491,"Boomers","WARNER",""
"28755",112,"2011-01-03","Senate","VA",100,"WARNER, Mark","W000805","1954-12-15",2,2,20473,56.0520191649555,"Boomers","WARNER",""
"28756",113,"2013-01-03","Senate","VA",100,"WARNER, Mark","W000805","1954-12-15",3,3,21204,58.0533880903491,"Boomers","WARNER",""
"28757",114,"2015-01-03","Senate","VA",100,"WARNER, Mark","W000805","1954-12-15",4,4,21934,60.0520191649555,"Boomers","WARNER",""
"28758",115,"2017-01-03","Senate","VA",100,"WARNER, Mark","W000805","1954-12-15",5,5,22665,62.0533880903491,"Boomers","WARNER",""
"28759",116,"2019-01-03","Senate","VA",100,"WARNER, Mark","W000805","1954-12-15",6,6,23395,64.0520191649555,"Boomers","WARNER",""
"28760",117,"2021-01-03","Senate","VA",100,"WARNER, Mark","W000805","1954-12-15",7,7,24126,66.0533880903491,"Boomers","WARNER",""
"28761",118,"2023-01-03","Senate","VA",100,"WARNER, Mark","W000805","1954-12-15",8,8,24856,68.0520191649555,"Boomers","WARNER",""
"28819",113,"2013-01-03","Senate","MA",100,"WARREN, Elizabeth","W000817","1949-06-22",1,1,23206,63.5345653661875,"Boomers","WARREN",""
"28820",114,"2015-01-03","Senate","MA",100,"WARREN, Elizabeth","W000817","1949-06-22",2,2,23936,65.533196440794,"Boomers","WARREN",""
"28821",115,"2017-01-03","Senate","MA",100,"WARREN, Elizabeth","W000817","1949-06-22",3,3,24667,67.5345653661875,"Boomers","WARREN",""
"28822",116,"2019-01-03","Senate","MA",100,"WARREN, Elizabeth","W000817","1949-06-22",4,4,25397,69.533196440794,"Boomers","WARREN",""
"28823",117,"2021-01-03","Senate","MA",100,"WARREN, Elizabeth","W000817","1949-06-22",5,5,26128,71.5345653661875,"Boomers","WARREN",""
"28824",118,"2023-01-03","Senate","MA",100,"WARREN, Elizabeth","W000817","1949-06-22",6,6,26858,73.533196440794,"Boomers","WARREN",""
"28825",113,"2013-01-03","Senate","MT",100,"WALSH, John E.","W000818","1960-11-03",1,1,19054,52.1670088980151,"Boomers","WALSH",""
"28855",85,"1957-01-03","Senate","TX",100,"YARBOROUGH, Ralph Webster","Y000006","1903-06-08",1,1,19568,53.574264202601,"Greatest","YARBOROUGH",""
"28856",86,"1959-01-03","Senate","TX",100,"YARBOROUGH, Ralph Webster","Y000006","1903-06-08",2,2,20298,55.5728952772074,"Greatest","YARBOROUGH",""
"28857",87,"1961-01-03","Senate","TX",100,"YARBOROUGH, Ralph Webster","Y000006","1903-06-08",3,3,21029,57.574264202601,"Greatest","YARBOROUGH",""
"28858",88,"1963-01-03","Senate","TX",100,"YARBOROUGH, Ralph Webster","Y000006","1903-06-08",4,4,21759,59.5728952772074,"Greatest","YARBOROUGH",""
"28859",89,"1965-01-03","Senate","TX",100,"YARBOROUGH, Ralph Webster","Y000006","1903-06-08",5,5,22490,61.574264202601,"Greatest","YARBOROUGH",""
"28860",90,"1967-01-03","Senate","TX",100,"YARBOROUGH, Ralph Webster","Y000006","1903-06-08",6,6,23220,63.5728952772074,"Greatest","YARBOROUGH",""
"28861",91,"1969-01-03","Senate","TX",100,"YARBOROUGH, Ralph Webster","Y000006","1903-06-08",7,7,23951,65.574264202601,"Greatest","YARBOROUGH",""
"28978",79,"1945-01-03","Senate","ND",200,"YOUNG, Milton Ruben","Y000047","1897-12-06",1,1,17194,47.0746064339493,"Lost","YOUNG",""
"28979",80,"1947-01-03","Senate","ND",200,"YOUNG, Milton Ruben","Y000047","1897-12-06",2,2,17924,49.0732375085558,"Lost","YOUNG",""
"28980",81,"1949-01-03","Senate","ND",200,"YOUNG, Milton Ruben","Y000047","1897-12-06",3,3,18655,51.0746064339493,"Lost","YOUNG",""
"28981",82,"1951-01-03","Senate","ND",200,"YOUNG, Milton Ruben","Y000047","1897-12-06",4,4,19385,53.0732375085558,"Lost","YOUNG",""
"28982",83,"1953-01-03","Senate","ND",200,"YOUNG, Milton Ruben","Y000047","1897-12-06",5,5,20116,55.0746064339493,"Lost","YOUNG",""
"28983",84,"1955-01-03","Senate","ND",200,"YOUNG, Milton Ruben","Y000047","1897-12-06",6,6,20846,57.0732375085558,"Lost","YOUNG",""
"28984",85,"1957-01-03","Senate","ND",200,"YOUNG, Milton Ruben","Y000047","1897-12-06",7,7,21577,59.0746064339493,"Lost","YOUNG",""
"28985",86,"1959-01-03","Senate","ND",200,"YOUNG, Milton Ruben","Y000047","1897-12-06",8,8,22307,61.0732375085558,"Lost","YOUNG",""
"28986",87,"1961-01-03","Senate","ND",200,"YOUNG, Milton Ruben","Y000047","1897-12-06",9,9,23038,63.0746064339493,"Lost","YOUNG",""
"28987",88,"1963-01-03","Senate","ND",200,"YOUNG, Milton Ruben","Y000047","1897-12-06",10,10,23768,65.0732375085558,"Lost","YOUNG",""
"28988",89,"1965-01-03","Senate","ND",200,"YOUNG, Milton Ruben","Y000047","1897-12-06",11,11,24499,67.0746064339494,"Lost","YOUNG",""
"28989",90,"1967-01-03","Senate","ND",200,"YOUNG, Milton Ruben","Y000047","1897-12-06",12,12,25229,69.0732375085558,"Lost","YOUNG",""
"28990",91,"1969-01-03","Senate","ND",200,"YOUNG, Milton Ruben","Y000047","1897-12-06",13,13,25960,71.0746064339494,"Lost","YOUNG",""
"28991",92,"1971-01-03","Senate","ND",200,"YOUNG, Milton Ruben","Y000047","1897-12-06",14,14,26690,73.0732375085558,"Lost","YOUNG",""
"28992",93,"1973-01-03","Senate","ND",200,"YOUNG, Milton Ruben","Y000047","1897-12-06",15,15,27421,75.0746064339494,"Lost","YOUNG",""
"28993",94,"1975-01-03","Senate","ND",200,"YOUNG, Milton Ruben","Y000047","1897-12-06",16,16,28151,77.0732375085558,"Lost","YOUNG",""
"28994",95,"1977-01-03","Senate","ND",200,"YOUNG, Milton Ruben","Y000047","1897-12-06",17,17,28882,79.0746064339494,"Lost","YOUNG",""
"28995",96,"1979-01-03","Senate","ND",200,"YOUNG, Milton Ruben","Y000047","1897-12-06",18,18,29612,81.0732375085558,"Lost","YOUNG",""
"29006",86,"1959-01-03","Senate","OH",100,"YOUNG, Stephen Marvin","Y000053","1889-05-04",5,1,25445,69.6646132785763,"Lost","YOUNG",""
"29007",87,"1961-01-03","Senate","OH",100,"YOUNG, Stephen Marvin","Y000053","1889-05-04",6,2,26176,71.6659822039699,"Lost","YOUNG",""
"29008",88,"1963-01-03","Senate","OH",100,"YOUNG, Stephen Marvin","Y000053","1889-05-04",7,3,26906,73.6646132785763,"Lost","YOUNG",""
"29009",89,"1965-01-03","Senate","OH",100,"YOUNG, Stephen Marvin","Y000053","1889-05-04",8,4,27637,75.6659822039699,"Lost","YOUNG",""
"29010",90,"1967-01-03","Senate","OH",100,"YOUNG, Stephen Marvin","Y000053","1889-05-04",9,5,28367,77.6646132785763,"Lost","YOUNG",""
"29011",91,"1969-01-03","Senate","OH",100,"YOUNG, Stephen Marvin","Y000053","1889-05-04",10,6,29098,79.6659822039699,"Lost","YOUNG",""
"29038",115,"2017-01-03","Senate","IN",200,"YOUNG, Todd","Y000064","1972-08-24",4,1,16203,44.3613963039014,"Gen X","YOUNG",""
"29039",116,"2019-01-03","Senate","IN",200,"YOUNG, Todd","Y000064","1972-08-24",5,2,16933,46.3600273785079,"Gen X","YOUNG",""
"29040",117,"2021-01-03","Senate","IN",200,"YOUNG, Todd","Y000064","1972-08-24",6,3,17664,48.3613963039014,"Gen X","YOUNG",""
"29041",118,"2023-01-03","Senate","IN",200,"YOUNG, Todd","Y000064","1972-08-24",7,4,18394,50.3600273785079,"Gen X","YOUNG",""
"29101",94,"1975-01-03","Senate","NE",100,"ZORINSKY, Edward","Z000013","1928-11-11",1,1,16854,46.1437371663244,"Silent","ZORINSKY",""
"29102",95,"1977-01-03","Senate","NE",100,"ZORINSKY, Edward","Z000013","1928-11-11",2,2,17585,48.145106091718,"Silent","ZORINSKY",""
"29103",96,"1979-01-03","Senate","NE",100,"ZORINSKY, Edward","Z000013","1928-11-11",3,3,18315,50.1437371663244,"Silent","ZORINSKY",""
"29104",97,"1981-01-03","Senate","NE",100,"ZORINSKY, Edward","Z000013","1928-11-11",4,4,19046,52.145106091718,"Silent","ZORINSKY",""
"29105",98,"1983-01-03","Senate","NE",100,"ZORINSKY, Edward","Z000013","1928-11-11",5,5,19776,54.1437371663244,"Silent","ZORINSKY",""
"29106",99,"1985-01-03","Senate","NE",100,"ZORINSKY, Edward","Z000013","1928-11-11",6,6,20507,56.145106091718,"Silent","ZORINSKY",""
"29107",100,"1987-01-03","Senate","NE",100,"ZORINSKY, Edward","Z000013","1928-11-11",7,7,21237,58.1437371663244,"Silent","ZORINSKY",""
