"","player","season","team","goals_z","xg_z","crosses_z","boxtouches_z","passes_z","progpasses_z","takeons_z","progruns_z","tackles_z","interceptions_z","clearances_z","blocks_z","aerials_z","fouls_z","fouled_z","nsxg_z"
"1","Cristian Pavón",2018,"Argentina",-0.42,-0.55,0.08,-0.24,-0.61,-0.72,-0.05,0.15,0.3,-0.79,-0.8,-0.45,-0.23,-0.38,-0.91,-0.58
"2","Eduardo Salvio",2018,"Argentina",-0.42,-0.5,-0.51,0.64,0.02,-0.46,-0.05,0.48,0.61,0.67,0.32,-0.45,0.21,-1.11,0.68,-0.03
"3","Enzo Pérez",2018,"Argentina",-0.42,0.11,-0.51,-0.69,0.27,-0.65,-0.36,-0.34,0.35,-0.22,-0.8,-0.45,-0.89,0.72,0.04,-0.66
"4","Federico Fazio",2018,"Argentina",-0.42,-0.59,-0.51,-0.69,-0.97,-0.91,-0.67,-0.84,-0.82,-0.79,-0.64,-0.45,0.21,-1.11,-0.59,-0.77
"5","Franco Armani",2018,"Argentina",-0.42,-0.59,-0.51,-0.8,-0.67,0.64,-0.67,-0.67,-0.82,-0.79,-0.64,-0.45,-0.89,-1.11,-0.91,-0.77
"6","Gabriel Mercado",2018,"Argentina",1.3,-0.3,0.08,-0.35,1,-0.2,-0.36,0.15,1.43,0.79,0.64,0.73,-0.01,1.81,0.68,-0.47
"7","Gonzalo Higuaín",2018,"Argentina",-0.42,0.25,-0.51,-0.02,-0.77,-1.1,-0.36,-0.67,-0.82,-0.79,-0.64,-0.45,-0.67,-0.38,-0.59,-0.31
"8","Javier Mascherano",2018,"Argentina",-0.42,-0.52,-0.51,-0.8,3.25,0.51,0.26,1.63,3.71,2.75,0.8,-0.45,-0.01,4.37,1.32,-0.31
"9","Lionel Messi",2018,"Argentina",1.3,3.08,0.66,1.3,1.17,0.32,6.76,2.12,2.15,-0.79,-0.8,-0.45,-0.89,0.35,4.49,4.55
"10","Lucas Biglia",2018,"Argentina",-0.42,-0.5,-0.51,-0.35,-0.58,-0.91,-0.67,-0.84,-0.11,-0.79,-0.8,-0.45,-0.45,-1.11,-0.59,-0.69
"11","Marcos Acuña",2018,"Argentina",-0.42,-0.55,0.08,-0.69,-0.83,-0.85,-0.36,-0.84,-0.31,-0.79,-0.48,0.73,-0.67,-0.74,0.04,-0.5
"12","Marcos Rojo",2018,"Argentina",1.3,-0.17,0.08,-0.02,0.87,0.19,-0.36,1.46,0.49,1.79,1.44,1.19,1.53,-0.01,-0.27,-0.44
"13","Maximiliano Meza",2018,"Argentina",-0.42,0.07,1.24,1.3,0.04,-0.78,0.57,1.3,0.25,-0.27,-0.48,-0.45,-0.67,-0.01,1.32,1.27
"14","Nicolás Otamendi",2018,"Argentina",-0.42,-0.28,-0.51,0.42,2.51,0.96,-0.67,3.76,2.9,3.48,2.88,2.37,3.95,-0.01,0.68,-0.47
"15","Nicolás Tagliafico",2018,"Argentina",-0.42,-0.37,-0.51,-0.02,1.5,0.51,-0.05,0.15,0.77,0.79,0.48,0.73,0.21,1.08,1.32,-0.55
"16","Sergio Agüero",2018,"Argentina",3.02,0.62,-0.51,1.52,-0.54,-0.97,0.26,-0.67,1.32,-0.27,-0.8,-0.45,-0.67,-1.11,-0.59,-0.28
"17","Wilfredo Caballero",2018,"Argentina",-0.42,-0.59,-0.51,-0.8,-0.75,-0.26,-0.67,-0.84,-0.82,-0.79,-0.48,-0.45,-0.89,-1.11,-0.91,-0.77
"18","Ángel Di María",2018,"Argentina",1.3,-0.19,1.24,0.53,-0.39,-0.59,0.26,0.97,-0.82,-0.12,-0.8,-0.45,-0.67,-0.74,1.32,0.8
"19","Éver Banega",2018,"Argentina",-0.42,-0.39,0.66,-0.35,1.37,0.9,0.88,1.79,2.94,0.55,-0.48,-0.45,-0.89,-0.01,0.04,1.4
"20","Aaron Mooy",2018,"Australia",-0.42,-0.27,7.26,-0.8,1.91,0.53,0.98,-0.18,-0.28,0.45,1.12,-0.45,-0.6,0.84,-0.49,3.09
"21","Andrew Nabbout",2018,"Australia",-0.42,-0.59,-0.51,-0.35,-1,-1.1,-0.26,-0.18,-0.82,-0.79,-0.8,-0.45,0.57,-0.62,-0.49,-0.66
"22","Aziz Behich",2018,"Australia",-0.42,-0.3,1.05,0.09,1.66,0.96,0.16,0.91,0.39,-0.07,0.26,-0.45,-0.89,0.84,-0.06,0.55
"23","Daniel Arzani",2018,"Australia",-0.42,-0.38,0.27,-0.35,-0.93,-1.02,-0.26,0.48,-0.82,-0.79,-0.8,0.32,-0.89,-0.62,-0.49,-0.08
"24","Jackson Irvine",2018,"Australia",-0.42,-0.59,0.27,-0.5,-1.1,-1.02,-0.26,-0.84,0.22,-0.07,-0.8,-0.45,-0.89,-1.11,-0.49,-0.37
"25","Joshua Risdon",2018,"Australia",-0.42,-0.47,-0.51,-0.06,0.97,2.51,0.98,0.26,3.57,0.82,1.97,-0.45,-0.6,0.84,-0.49,-0.55
"26","Mark Milligan",2018,"Australia",-0.42,-0.59,-0.51,-0.8,3.13,3.12,-0.67,0.91,0.94,0.66,2.4,-0.45,-0.01,0.35,-0.91,-0.15
"27","Mathew Leckie",2018,"Australia",-0.42,1.26,0.27,3.91,-0.18,-0.41,0.98,0.91,-0.82,-0.45,1.12,-0.45,3.8,1.81,1.21,0.88
"28","Mathew Ryan",2018,"Australia",-0.42,-0.59,-0.51,-0.8,0.78,2.6,-0.67,-0.84,-0.82,-0.79,-0.38,-0.45,-0.6,-1.11,-0.91,-0.77
"29","Mile Jedinak",2018,"Australia",4.17,4.51,0.27,0.23,1.56,0.36,0.16,-0.4,1.14,1,-0.38,0.32,2.04,1.81,-0.06,-0.15
"30","Robbie Kruse",2018,"Australia",-0.42,-0.27,-0.51,0.82,-0.45,-0.67,-0.26,-0.4,0.52,-0.79,-0.59,-0.45,-0.6,-0.14,2.48,-0.63
"31","Tim Cahill",2018,"Australia",-0.42,-0.21,-0.51,0.23,-1.17,-1.02,-0.67,-0.84,-0.82,-0.79,-0.8,-0.45,-0.01,-0.14,-0.49,-0.74
"32","Tom Rogic",2018,"Australia",-0.42,0.11,-0.51,-0.65,-0.27,-0.59,3.04,0.48,-0.28,-0.07,-0.8,-0.45,-0.01,0.35,0.79,0.81
"33","Tomi Juric",2018,"Australia",-0.42,-0.59,-0.51,-0.5,-1.04,-0.85,-0.67,-0.84,-0.82,-0.79,-0.59,-0.45,0.57,-1.11,-0.49,-0.7
"34","Trent Sainsbury",2018,"Australia",-0.42,-0.06,-0.51,0.68,1.98,2.86,-0.67,0.26,-0.12,2.61,2.4,-0.45,2.04,-0.14,0.36,-0.19
"35","Adnan Januzaj",2018,"Belgium",0.57,-0.43,-0.17,-0.48,-1.15,-0.96,-0.14,-0.37,-0.82,-0.54,-0.8,-0.45,-0.89,-0.9,-0.73,-0.29
"36","Axel Witsel",2018,"Belgium",-0.42,-0.34,-0.17,-0.61,1.31,-0.33,0.39,-0.37,-0.07,0.82,-0.44,0.34,-0.14,0.77,0.73,-0.38
"37","Dedryck Boyata",2018,"Belgium",-0.42,-0.59,-0.51,-0.67,0.25,-0.22,-0.67,-0.65,-0.82,-0.01,0.48,0.61,0.36,-0.27,-0.55,-0.77
"38","Dries Mertens",2018,"Belgium",0.57,-0.24,0.82,0.84,-0.47,-0.51,-0.32,-0.55,-0.61,-0.23,-0.8,-0.45,-0.89,-0.27,-0.18,1.27
"39","Eden Hazard",2018,"Belgium",2.53,3.05,-0.17,2.55,0.55,0.67,6.41,3.19,0.51,0.23,-0.71,-0.45,-0.14,0.14,3.99,3.31
"40","Jan Vertonghen",2018,"Belgium",0.57,-0.56,-0.17,-0.23,1.26,1.37,-0.32,-0.46,0.97,0.75,0.66,0.59,0.74,-0.07,-0.36,-0.77
"41","Kevin De Bruyne",2018,"Belgium",0.57,0.34,3.15,0.4,1.03,1.11,0.22,1.7,0.5,1.1,-0.35,-0.45,-0.39,-0.07,-0.36,3.26
"42","Leander Dendoncker",2018,"Belgium",-0.42,-0.59,-0.51,-0.8,-0.74,-0.88,-0.67,-0.65,-0.58,-0.79,-0.62,0.11,-0.89,-0.69,-0.73,-0.77
"43","Marouane Fellaini",2018,"Belgium",0.57,-0.19,-0.17,0.53,-0.32,-0.73,-0.14,-0.65,0.33,-0.56,-0.16,1.75,1.12,1.19,0.18,-0.21
"44","Michy Batshuayi",2018,"Belgium",0.57,2.57,-0.51,0.34,-1.1,-1.1,-0.14,-0.55,-0.82,-0.79,-0.8,-0.45,-0.64,-1.11,-0.73,-0.29
"45","Mousa Dembélé",2018,"Belgium",-0.42,-0.59,-0.51,-0.8,-0.38,-0.81,-0.67,-0.37,0.37,-0.19,-0.53,1.14,-0.64,0.35,-0.73,-0.71
"46","Nacer Chadli",2018,"Belgium",0.57,0.25,0.82,0.09,0.03,0.11,0.57,0.48,-0.36,-0.01,-0.16,-0.45,-0.01,-0.69,-0.73,0.27
"47","Romelu Lukaku",2018,"Belgium",3.51,2.86,-0.17,1.92,-0.66,-0.92,0.39,0.29,-0.61,-0.79,-0.71,-0.45,0.62,0.98,-0.36,0.5
"48","Thibaut Courtois",2018,"Belgium",-0.42,-0.59,-0.51,-0.8,0.22,1.59,-0.67,-0.84,-0.82,-0.79,-0.35,-0.45,-0.64,-1.11,-0.91,-0.77
"49","Thomas Meunier",2018,"Belgium",0.57,0.25,0.82,0.28,0.33,0.93,0.04,1.13,-0.05,0.08,-0.25,0.58,-0.27,0.77,-0.73,1.13
"50","Thomas Vermaelen",2018,"Belgium",-0.42,-0.59,-0.51,-0.8,-0.7,-0.62,-0.67,-0.74,-0.58,-0.67,-0.53,-0.18,-0.77,-0.48,-0.73,-0.77
"51","Thorgan Hazard",2018,"Belgium",-0.42,-0.41,0.16,-0.54,-0.89,-0.73,-0.14,-0.18,0,-0.29,-0.53,-0.45,-0.77,-0.9,-0.91,-0.21
"52","Toby Alderweireld",2018,"Belgium",-0.42,-0.21,-0.51,-0.48,2.03,1.15,-0.67,1.98,0.76,0.33,1.12,3.42,-0.27,-0.27,-0.73,-0.73
"53","Vincent Kompany",2018,"Belgium",-0.42,-0.34,-0.51,0.34,0.94,0.3,-0.67,0.48,0.06,-0.31,1.3,1.59,-0.39,0.35,-0.73,-0.77
"54","Yannick Carrasco",2018,"Belgium",-0.42,-0.3,-0.51,0.15,-0.67,-0.44,0.22,0.1,0.06,-0.79,-0.44,-0.45,-0.89,-0.07,0,0.11
"55","Youri Tielemans",2018,"Belgium",-0.42,-0.43,-0.17,-0.8,-0.46,-0.62,-0.14,-0.46,-0.34,-0.55,-0.8,-0.45,-0.77,-0.27,-0.36,-0.24
"56","Alisson",2018,"Brazil",-0.42,-0.59,-0.51,-0.8,-0.33,1.12,-0.67,-0.84,-0.82,-0.79,-0.55,-0.45,-0.54,-1.11,-0.91,-0.77
"57","Casemiro",2018,"Brazil",-0.42,-0.34,-0.04,0.09,1.36,0.45,0.82,0.21,3.12,1.41,0.61,0.17,0.69,-0.23,-0.4,-0.11
"58","Danilo",2018,"Brazil",-0.42,-0.59,-0.51,-0.8,-0.65,-0.74,-0.42,-0.7,-0.43,-0.39,-0.55,-0.45,-0.89,-1.11,-0.66,-0.66
"59","Douglas Costa",2018,"Brazil",-0.42,-0.38,-0.51,0,-0.79,-0.74,1.31,2.05,-0.27,0.09,-0.8,-0.45,-0.89,-1.11,-0.91,0.75
"60","Fagner",2018,"Brazil",-0.42,-0.59,0.42,-0.27,1.16,0.34,-0.17,0.21,0.86,2.81,0.35,-0.45,-0.89,0.94,-0.15,0
"61","Fernandinho",2018,"Brazil",-0.42,-0.38,-0.04,-0.71,-0.01,-0.59,-0.67,-0.7,-0.82,2.58,-0.67,0.56,0.52,0.06,-0.4,-0.64
"62","Filipe Luís",2018,"Brazil",-0.42,-0.55,-0.04,-0.53,0.07,0.03,-0.42,0.21,-0.11,0.11,-0.55,0.17,-0.54,-0.82,-0.91,-0.33
"63","Gabriel Jesus",2018,"Brazil",-0.42,0.78,-0.04,4.32,-0.42,-0.69,0.82,0.21,1.71,1.74,-0.29,-0.45,0.52,0.64,-0.15,1.96
"64","Marcelo",2018,"Brazil",-0.42,-0.41,1.36,0.09,1.6,1.94,0.32,2.05,0.94,2.2,-0.03,-0.45,-0.01,-0.82,-0.15,1.23
"65","Miranda",2018,"Brazil",-0.42,-0.47,-0.51,-0.09,1.5,0.29,-0.42,-0.44,2.31,1.81,1.63,3.79,0.87,1.23,0.11,-0.44
"66","Neymar",2018,"Brazil",2.33,5.02,4.15,5.82,1.3,0.91,4.78,4.28,0.39,-0.79,-0.8,0.17,-0.72,0.06,5.7,7.28
"67","Paulinho",2018,"Brazil",0.96,1.84,0.42,1.15,0.29,-0.74,0.32,-0.18,1.96,-0.23,-0.8,-0.45,-0.72,-0.23,0.62,0.95
"68","Philippe Coutinho",2018,"Brazil",2.33,2.19,-0.04,1.94,2.12,0.24,1.06,3.76,1.19,-0.23,-0.55,-0.45,-0.19,-0.23,0.87,2.03
"69","Renato Augusto",2018,"Brazil",0.96,0.39,-0.51,-0.35,-0.81,-0.95,-0.67,-0.57,-0.82,-0.39,-0.8,-0.45,-0.72,-1.11,-0.66,-0.53
"70","Roberto Firmino",2018,"Brazil",0.96,2.19,-0.51,1.5,-0.9,-1.05,-0.42,-0.31,-0.27,-0.79,-0.8,-0.45,-0.37,-0.52,-0.66,0.09
"71","Thiago Silva",2018,"Brazil",0.96,1.15,-0.51,1.23,1.89,0.7,-0.67,1.13,0.99,1.95,2.02,3.44,0.87,-0.52,-0.15,-0.6
"72","Willian",2018,"Brazil",-0.42,-0.34,1.36,0,0.42,0.03,2.05,2.71,0.14,1.18,-0.55,-0.45,-0.19,0.35,1.63,1.39
"73","Abel Aguilar",2018,"Colombia",-0.42,-0.59,-0.51,-0.8,-1.16,-1.04,-0.67,-0.68,-0.82,-0.79,-0.8,-0.45,-0.69,-1.11,-0.91,-0.77
"74","Carlos Bacca",2018,"Colombia",-0.42,-0.35,-0.51,0.12,-1.01,-0.98,-0.67,-0.53,-0.26,-0.79,-0.8,-0.45,0.12,0.24,-0.62,-0.21
"75","Carlos Sánchez",2018,"Colombia",-0.42,-0.59,-0.51,-0.8,-0.37,-0.39,-0.67,-0.84,0.21,-0.5,-0.65,-0.45,-0.49,0.91,-0.62,-0.62
"76","David Ospina",2018,"Colombia",-0.42,-0.59,-0.51,-0.8,-0.36,1.1,-0.67,-0.84,-0.82,-0.79,-0.65,-0.45,-0.69,-1.11,-0.32,-0.77
"77","Davinson Sánchez",2018,"Colombia",-0.42,-0.41,-0.51,0.22,0.88,1.04,-0.67,-0.68,-0.52,0.91,3.19,2.92,1.14,-0.44,-0.32,-0.72
"78","James Rodríguez",2018,"Colombia",-0.42,-0.35,-0.51,0.02,-0.16,-0.15,0.76,-0.53,-0.39,-0.26,-0.65,-0.45,-0.69,0.24,-0.32,-0.16
"79","Jefferson Lerma",2018,"Colombia",-0.42,-0.53,-0.51,-0.8,-0.25,-0.86,-0.67,-0.53,-0.67,-0.48,0.08,0.55,-0.28,-0.1,-0.03,-0.52
"80","Johan Mojica",2018,"Colombia",-0.42,-0.57,1.11,-0.8,0.77,1.64,-0.1,-0.08,0.86,0.1,1.12,-0.45,0.73,-0.1,-0.32,0.01
"81","José Izquierdo",2018,"Colombia",-0.42,-0.59,0.03,-0.8,-1.03,-1.1,-0.1,-0.53,-0.82,-0.79,-0.8,-0.45,-0.69,-0.77,-0.91,-0.65
"82","Juan Cuadrado",2018,"Colombia",1.17,0.65,2.18,-0.08,0.51,0.63,1.9,0.83,-0.39,0.18,-0.06,-0.45,-0.49,0.24,2.61,1.41
"83","Juan Quintero",2018,"Colombia",1.17,0,1.11,-0.59,0.55,1.46,-0.1,0.83,-0.16,-0.79,-0.65,-0.45,-0.89,-0.77,-0.03,1.77
"84","Luis Muriel",2018,"Colombia",-0.42,-0.43,-0.51,-0.69,-1.03,-1.04,-0.38,-0.53,-0.02,-0.79,-0.8,-0.45,0.12,-0.1,-0.91,-0.49
"85","Mateus Uribe",2018,"Colombia",-0.42,-0.14,-0.51,-0.69,-0.26,-0.63,-0.1,-0.53,1.16,0.1,-0.36,0.55,-0.49,-0.44,-0.62,-0.57
"86","Radamel Falcao",2018,"Colombia",1.17,1.68,-0.51,1.85,-0.13,-1.1,0.76,-0.23,-0.67,-0.79,-0.21,-0.45,1.95,1.25,1.73,-0.32
"87","Santiago Arias",2018,"Colombia",-0.42,-0.57,0.03,-0.29,1.06,1.4,-0.67,-0.38,0.41,1.9,0.82,1.21,0.73,1.92,0.56,-0.42
"88","Wilmar Barrios",2018,"Colombia",-0.42,-0.59,-0.51,-0.8,0.15,-0.15,-0.67,-0.38,1.8,0.55,0.08,0.2,-0.49,1.59,-0.03,-0.7
"89","Yerry Mina",2018,"Colombia",4.34,0.69,-0.51,0.22,0.61,-0.21,-0.38,0.38,0.34,0.55,2.6,0.85,1.95,0.91,0.56,-0.77
"90","Óscar Murillo",2018,"Colombia",-0.42,-0.49,-0.51,-0.29,-0.81,-0.75,-0.67,-0.53,-0.82,-0.48,0.68,-0.45,0.33,-1.11,-0.62,-0.77
"91","Bryan Oviedo",2018,"Costa Rica",-0.42,-0.36,0.27,-0.06,-0.27,0.45,-0.67,-0.4,-0.49,-0.19,0.05,-0.45,-0.31,0.84,-0.91,-0.26
"92","Bryan Ruiz",2018,"Costa Rica",-0.42,1.93,-0.51,-0.21,0.62,0.1,2.63,0.26,-0.56,-0.07,-0.38,-0.45,0.87,0.35,1.63,-0.33
"93","Celso Borges",2018,"Costa Rica",-0.42,0.76,0.27,0.38,0.66,-0.07,0.16,-0.4,0.01,-0.14,0.48,-0.45,0.87,-0.14,-0.91,-0.11
"94","Christian Bolaños",2018,"Costa Rica",-0.42,-0.59,0.27,-0.35,-0.79,-0.93,0.16,-0.62,-0.26,-0.79,-0.8,-0.45,-0.89,-1.11,-0.91,-0.41
"95","Cristian Gamboa",2018,"Costa Rica",-0.42,-0.38,1.05,-0.65,0.17,1.48,0.57,-0.62,1.49,-0.65,0.05,-0.3,0.28,0.84,1.63,0.48
"96","Daniel Colindres",2018,"Costa Rica",-0.42,-0.24,0.27,0.23,-0.89,-0.76,-0.26,-0.4,-0.26,-0.39,-0.8,-0.45,-0.89,0.84,0.36,-0.19
"97","David Guzmán",2018,"Costa Rica",-0.42,-0.5,1.05,-0.8,0.53,0.53,0.16,-0.18,-0.26,0.84,0.26,-0.45,-0.31,2.3,-0.49,0.4
"98","Francisco Calvo",2018,"Costa Rica",-0.42,-0.5,-0.51,-0.8,-0.31,0.27,-0.26,-0.84,0.52,-0.21,0.05,-0.45,-0.01,-0.62,-0.91,-0.48
"99","Giancarlo González",2018,"Costa Rica",-0.42,0.88,-0.51,-0.06,0.15,0.02,-0.67,-0.62,-0.82,0.19,3.89,2.22,0.87,-0.62,-0.06,-0.77
"100","Joel Campbell",2018,"Costa Rica",-0.42,-0.18,0.27,1.12,-0.7,-0.41,2.63,0.48,-0.82,-0.59,-0.8,-0.45,-0.6,0.35,0.36,1.5
"101","Johan Venegas",2018,"Costa Rica",-0.42,-0.59,-0.51,0.09,-0.72,-0.59,-0.26,-0.84,-0.76,0.44,-0.8,-0.45,1.16,1.81,0.79,-0.52
"102","Johnny Acosta",2018,"Costa Rica",-0.42,-0.59,-0.51,-0.8,0.07,0.79,-0.67,-0.4,0.01,-0.59,0.69,-0.14,0.28,-0.62,1.21,-0.77
"103","Kendall Waston",2018,"Costa Rica",1.88,-0.36,-0.51,-0.5,-0.56,-0.07,-0.67,-0.4,-0.82,-0.19,0.48,0,-0.31,-1.11,-0.49,-0.63
"104","Keylor Navas",2018,"Costa Rica",-0.42,-0.59,0.27,-0.8,-0.08,2.51,-0.67,-0.84,-0.82,0.37,-0.38,-0.45,0.28,-1.11,-0.06,-0.66
"105","Marco Ureña",2018,"Costa Rica",-0.42,-0.27,-0.51,-0.21,-0.96,-1.1,-0.26,-0.84,-0.19,-0.79,-0.8,-0.45,-0.6,0.84,-0.49,-0.37
"106","Óscar Duarte",2018,"Costa Rica",-0.42,-0.47,0.27,0.38,-0.12,0.1,0.16,0.04,-0.82,-0.72,1.12,-0.45,0.87,-0.14,-0.49,0.07
"107","Andrej Kramaric",2018,"Croatia",0.52,0.27,0.45,0.83,-0.34,-0.93,-0.16,0.15,-0.22,-0.79,-0.54,-0.45,-0.65,-0.71,-0.39,-0.13
"108","Ante Rebic",2018,"Croatia",0.52,0.62,-0.19,1.37,-0.68,-0.65,2.37,0.51,1.02,0.97,-0.19,-0.45,0.79,3.07,1,0.34
"109","Danijel Subasic",2018,"Croatia",-0.42,-0.59,-0.51,-0.8,-0.03,1.93,-0.67,-0.75,-0.82,-0.79,-0.72,-0.45,-0.41,-1.11,-0.56,-0.77
"110","Dejan Lovren",2018,"Croatia",-0.42,0.25,-0.51,0.71,1.36,0.76,-0.67,0.24,0.51,0.19,2.08,2.91,3.55,0.28,-0.04,-0.59
"111","Domagoj Vida",2018,"Croatia",0.52,-0.37,-0.51,-0.13,0.81,0.13,-0.5,-0.39,0.13,1.86,2.25,1.56,0.79,-0.71,-0.56,-0.53
"112","Duje Caleta-Car",2018,"Croatia",-0.42,-0.59,-0.51,-0.8,-1.02,-1.03,-0.67,-0.84,-0.82,-0.79,-0.1,-0.45,-0.77,-1.11,-0.91,-0.77
"113","Filip Bradaric",2018,"Croatia",-0.42,-0.59,-0.51,-0.8,-1.19,-1.07,-0.67,-0.84,-0.82,-0.79,-0.72,-0.45,-0.89,-1.11,-0.91,-0.77
"114","Ivan Perisic",2018,"Croatia",2.4,1,0.76,2.51,-0.21,-0.22,0.17,0.51,0.67,0.31,-0.19,0.9,0.55,-0.31,-0.04,1.03
"115","Ivan Rakitic",2018,"Croatia",0.52,0.88,1.4,-0.07,1.6,0.98,1.19,1.13,-0.1,0.18,0.07,0.39,0.55,0.68,2.56,1.12
"116","Ivan Strinic",2018,"Croatia",-0.42,-0.59,-0.19,-0.43,0.52,0.9,0.01,0.24,0.72,0.43,1.12,0.13,0.43,0.88,0.48,-0.46
"117","Josip Pivaric",2018,"Croatia",-0.42,-0.52,0.13,-0.62,-0.24,-0.08,0.68,-0.39,-0.15,-0.43,-0.45,0.13,-0.77,-0.11,-0.91,-0.26
"118","Lovre Kalinic",2018,"Croatia",-0.42,-0.59,-0.51,-0.8,-1.16,-0.86,-0.67,-0.84,-0.82,-0.79,-0.72,-0.45,-0.53,-1.11,-0.74,-0.77
"119","Luka Modric",2018,"Croatia",1.46,1.59,2.35,-0.07,2.12,1.64,1.86,1.67,0.51,1.56,-0.54,-0.45,0.07,1.28,1.17,2.05
"120","Marcelo Brozovic",2018,"Croatia",-0.42,-0.47,-0.51,-0.68,1.36,0.27,-0.67,-0.03,2.05,0.05,0.33,-0.45,0.79,-0.11,0.13,-0.41
"121","Mario Mandzukic",2018,"Croatia",2.4,2.97,-0.19,2.09,-0.37,-0.68,-0.33,-0.3,2.27,-0.54,0.16,0.13,2.11,1.48,1.17,0.08
"122","Marko Pjaca",2018,"Croatia",-0.42,-0.55,-0.51,-0.74,-1.11,-1.03,-0.67,-0.84,-0.47,-0.79,-0.8,-0.45,-0.53,-0.91,-0.22,-0.71
"123","Mateo Kovacic",2018,"Croatia",-0.42,-0.41,-0.51,-0.43,-0.37,-0.65,0.34,0.06,1.04,-0.79,-0.54,0.32,-0.65,-0.51,0.3,-0.41
"124","Milan Badelj",2018,"Croatia",0.52,-0.41,-0.51,-0.74,-0.75,-0.72,-0.16,-0.66,-0.15,1.26,-0.63,-0.45,-0.89,-0.31,-0.56,-0.56
"125","Sime Vrsaljko",2018,"Croatia",-0.42,-0.47,1.72,0.11,1.01,1.12,-0.16,0.95,0.35,1.78,0.59,0.13,0.79,0.88,0.3,0.85
"126","Tin Jedvaj",2018,"Croatia",-0.42,-0.59,-0.51,-0.8,-0.98,-0.68,-0.67,-0.75,-0.49,-0.45,-0.54,-0.45,-0.53,-0.91,-0.91,-0.56
"127","Vedran Corluka",2018,"Croatia",-0.42,-0.59,-0.51,-0.8,-0.81,-0.65,-0.16,-0.66,-0.49,0.25,0.42,-0.45,-0.29,-0.51,-0.91,-0.77
"128","Andreas Christensen",2018,"Denmark",-0.42,-0.59,-0.51,-0.59,0.88,-0.39,-0.67,0.53,-0.31,0.16,1.41,2.17,-0.08,-0.44,-0.03,-0.77
"129","Andreas Cornelius",2018,"Denmark",-0.42,-0.59,0.03,0.32,-0.99,-0.86,-0.38,-0.68,-0.82,-0.79,-0.51,-0.45,2.97,-0.1,-0.03,-0.14
"130","Christian Eriksen",2018,"Denmark",1.17,0.91,2.18,0.73,0.51,0.03,0.47,0.22,-0.31,0.06,-0.36,0.26,0.12,-1.11,-0.03,0.7
"131","Henrik Dalsgaard",2018,"Denmark",-0.42,-0.59,0.03,-0.8,0.52,1.52,-0.38,-0.08,1.53,0.42,2.74,0.8,2.15,1.59,-0.62,-0.19
"132","Jens Stryger Larsen",2018,"Denmark",-0.42,-0.43,-0.51,-0.18,-0.24,-0.21,-0.38,-0.68,-0.52,-0.46,0.08,0.26,-0.08,-0.77,-0.91,-0.21
"133","Jonas Knudsen",2018,"Denmark",-0.42,-0.59,0.03,-0.59,-0.83,-0.21,-0.38,-0.84,-0.82,-0.79,-0.36,-0.45,-0.28,-0.77,-0.91,0.45
"134","Kasper Schmeichel",2018,"Denmark",-0.42,-0.59,-0.51,-0.8,-0.18,2.53,-0.67,-0.84,-0.82,-0.48,-0.51,-0.45,-0.69,-1.11,-0.91,-0.32
"135","Lasse Schöne",2018,"Denmark",-0.42,-0.33,-0.51,-0.59,0.11,-0.27,-0.67,-0.68,0.04,0.56,0.08,0.18,-0.08,-0.44,-0.32,0.07
"136","Martin Braithwaite",2018,"Denmark",-0.42,-0.16,-0.51,0.32,-0.78,-0.92,0.19,-0.84,-0.82,-0.72,-0.36,-0.45,-0.08,0.58,-0.62,-0.47
"137","Mathias Jørgensen",2018,"Denmark",1.17,-0.27,-0.51,-0.49,-0.18,-0.21,-0.67,-0.53,-0.76,-0.51,0.82,-0.45,-0.08,0.24,-0.32,-0.55
"138","Nicolai Jørgensen",2018,"Denmark",-0.42,0.42,-0.51,1.04,-0.85,-0.98,-0.67,-0.23,-0.31,-0.79,-0.06,-0.45,0.53,0.24,-0.91,0.65
"139","Pione Sisto",2018,"Denmark",-0.42,-0.24,0.57,0.02,-0.34,-0.39,2.47,0.53,-0.26,-0.15,-0.65,-0.45,-0.89,-1.11,0.85,0.42
"140","Simon Kjaer",2018,"Denmark",-0.42,-0.59,-0.51,0.02,1.25,1.58,-0.67,-0.08,-0.21,-0.79,3.93,0.13,0.53,-0.44,-0.62,0.12
"141","Thomas Delaney",2018,"Denmark",-0.42,-0.22,-0.51,0.63,0.56,-0.09,-0.1,-0.23,1.12,0.75,-0.06,0.33,1.55,2.94,-0.03,-0.04
"142","Viktor Fischer",2018,"Denmark",-0.42,-0.55,-0.51,-0.8,-1.16,-1.04,-0.67,-0.84,-0.82,-0.79,-0.65,-0.45,-0.89,-1.11,-0.91,-0.77
"143","William Kvist",2018,"Denmark",-0.42,-0.59,-0.51,-0.8,-1.02,-0.98,-0.67,-0.84,-0.82,-0.79,-0.8,-0.45,-0.69,-1.11,-0.62,-0.75
"144","Yussuf Yurary Poulsen",2018,"Denmark",1.17,0.14,-0.51,1.24,-0.5,-0.81,1.33,0.53,-0.03,0.02,-0.06,0.8,2.15,1.92,-0.32,-0.04
"145","Abdalla Said",2018,"Egypt",-0.42,-0.24,1.82,-0.35,0.91,0.88,0.16,1.13,-0.16,0.79,-0.59,-0.45,-0.01,-1.11,-0.06,1.43
"146","Ahmed Fathi",2018,"Egypt",-0.42,-0.56,1.82,-0.65,1.31,2.94,-0.26,0.26,1.45,1.63,1.55,-0.45,-0.31,2.3,-0.49,0.66
"147","Ahmed Hegazi",2018,"Egypt",-0.42,-0.59,-0.51,-0.5,0.51,0.7,-0.26,0.48,-0.26,3.7,4.53,1.25,1.45,-0.14,-0.49,-0.77
"148","Ali Gabr",2018,"Egypt",-0.42,-0.5,0.27,-0.06,-0.08,-0.07,-0.67,-0.84,0.64,-0.28,2.83,1.44,-0.01,-0.14,-0.49,-0.33
"149","Amr Warda",2018,"Egypt",-0.42,-0.47,-0.51,-0.5,-0.54,-0.33,0.57,1.13,-0.57,0.04,-0.16,-0.08,0.28,-0.62,1.21,0.18
"150","Essam El-Hadary",2018,"Egypt",-0.42,-0.59,-0.51,-0.8,-0.91,-0.41,-0.67,-0.84,-0.82,-0.79,-0.8,-0.45,-0.89,-1.11,-0.91,-0.77
"151","Kahraba",2018,"Egypt",-0.42,-0.59,-0.51,1.41,-1.04,-0.93,-0.67,-0.62,-0.26,-0.79,-0.59,-0.45,-0.6,-0.14,-0.91,0.14
"152","Marwan Mohsen",2018,"Egypt",-0.42,-0.21,-0.51,1.85,-0.73,-0.93,0.16,-0.62,-0.26,-0.79,0.05,-0.45,2.92,0.84,0.79,-0.15
"153","Mohamed Abdel-Shafy",2018,"Egypt",-0.42,-0.59,1.05,-0.8,1.45,3.46,0.16,0.7,0.25,1.21,1.12,-0.45,-0.31,-0.14,-0.06,0.11
"154","Mohamed El-Shenawy",2018,"Egypt",-0.42,-0.59,-0.51,-0.8,-0.89,0.02,-0.67,-0.84,-0.82,-0.79,-0.8,-0.45,-0.6,-1.11,-0.91,-0.77
"155","Mohamed Elneny",2018,"Egypt",-0.42,-0.09,-0.51,-0.5,0.66,0.02,-0.67,0.26,-0.57,-0.04,-0.16,0.86,-0.89,0.35,-0.91,0.18
"156","Mohamed Salah",2018,"Egypt",4.17,3.69,-0.51,1.26,-0.73,-0.5,0.16,0.91,-0.66,-0.62,-0.8,-0.45,-0.89,-0.62,-0.49,0.77
"157","Ramadan Sobhi",2018,"Egypt",-0.42,-0.59,-0.51,-0.21,-0.91,-0.76,-0.26,0.48,-0.66,-0.79,-0.8,-0.45,-0.6,-0.62,-0.49,-0.77
"158","Sam Morsy",2018,"Egypt",-0.42,-0.59,-0.51,-0.8,-0.83,-1.02,-0.67,-0.4,-0.82,-0.02,-0.59,-0.45,-0.89,-0.14,-0.91,-0.77
"159","Tarek Hamed",2018,"Egypt",-0.42,-0.47,-0.51,-0.8,0.99,-0.07,-0.67,-0.62,0.98,2.84,-0.38,-0.08,-0.6,1.81,0.36,-0.33
"160","Trezeguet",2018,"Egypt",-0.42,1.11,-0.51,1.56,0.09,-0.24,0.57,1.57,0.66,1.88,-0.16,0.13,1.16,1.32,-0.49,1.21
"161","Ashley Young",2018,"England",-0.42,-0.42,1.08,-0.8,0.35,0.38,-0.33,0.06,-0.2,0.59,-0.37,-0.45,-0.77,-0.31,-0.39,0.67
"162","Danny Rose",2018,"England",-0.42,-0.55,-0.51,-0.43,-0.55,-0.54,-0.16,-0.3,-0.36,-0.32,-0.45,-0.45,-0.89,-0.91,0.3,-0.52
"163","Dele Alli",2018,"England",0.52,0.5,-0.51,0.41,-0.31,-0.54,-0.5,-0.48,-0.01,-0.15,-0.28,-0.45,-0.17,-0.51,0.65,-0.01
"164","Eric Dier",2018,"England",-0.42,0.14,-0.51,-0.31,0.08,-0.58,0.01,-0.48,0.15,-0.49,-0.45,-0.11,-0.29,-0.11,-0.22,-0.53
"165","Fabian Delph",2018,"England",-0.42,-0.49,-0.19,-0.68,-0.18,-0.79,0.17,-0.48,-0.05,0.27,-0.54,-0.45,-0.65,-0.91,-0.39,-0.58
"166","Gary Cahill",2018,"England",-0.42,-0.59,-0.51,-0.8,-0.94,-0.96,-0.67,-0.84,-0.82,-0.79,-0.72,0.72,-0.53,-0.91,-0.91,-0.77
"167","Harry Kane",2018,"England",5.21,3.82,-0.51,0.59,-0.45,-0.65,-0.33,-0.39,-0.59,-0.01,-0.72,-0.45,2.47,-0.31,2.73,0.47
"168","Harry Maguire",2018,"England",0.52,0.07,-0.51,2.63,1.79,1.29,0.17,1.58,0.37,0.63,0.86,2.58,4.15,0.28,0.13,0.4
"169","Jamie Vardy",2018,"England",-0.42,-0.43,-0.51,0.11,-1.17,-1.03,-0.33,-0.84,-0.65,-0.79,-0.8,-0.45,-0.17,-0.71,-0.74,-0.71
"170","Jesse Lingard",2018,"England",0.52,1.16,0.13,0.95,0.39,-0.47,0.85,-0.12,-0.15,-0.79,-0.54,-0.45,-0.77,0.68,-0.04,0.26
"171","John Stones",2018,"England",1.46,1.02,-0.51,0.17,2.29,0.55,-0.67,1.13,1.4,0.94,2.17,4.09,1.63,-0.31,-0.22,-0.76
"172","Jordan Henderson",2018,"England",-0.42,-0.41,-0.51,-0.68,0.51,-0.15,-0.5,-0.39,-0.06,0.41,-0.37,0.56,0.31,-0.51,-0.39,-0.16
"173","Jordan Pickford",2018,"England",-0.42,-0.59,-0.51,-0.8,0.13,2.17,-0.67,-0.75,-0.82,-0.79,-0.72,-0.45,-0.53,-1.11,-0.39,-0.77
"174","Kieran Trippier",2018,"England",0.52,-0.37,5.53,0.05,1.11,1.82,0.01,0.06,0.74,1.7,0.51,-0.45,1.03,0.09,0.13,3.84
"175","Kyle Walker",2018,"England",-0.42,-0.59,-0.51,-0.8,1.45,0.52,0.17,0.6,-0.23,0.37,1.73,0.44,1.15,-0.71,-0.04,-0.7
"176","Marcus Rashford",2018,"England",-0.42,-0.09,-0.51,-0.13,-0.75,-1.03,0.68,0.33,-0.51,-0.79,-0.8,-0.45,-0.65,-0.31,-0.04,-0.43
"177","Phil Jones",2018,"England",-0.42,-0.59,-0.51,-0.8,-0.19,-0.75,-0.67,-0.3,-0.65,0.15,-0.02,-0.45,-0.29,-0.71,-0.56,-0.77
"178","Raheem Sterling",2018,"England",-0.42,0.68,-0.51,1.25,-0.34,-0.96,0.68,0.06,-0.82,-0.79,-0.8,-0.45,-0.53,0.88,0.48,0.38
"179","Ruben Loftus-Cheek",2018,"England",-0.42,-0.41,-0.51,0.53,-0.45,-1.03,1.36,0.6,-0.82,-0.18,-0.8,-0.45,-0.17,-0.71,0.13,0.22
"180","Trent Alexander-Arnold",2018,"England",-0.42,-0.53,0.13,-0.8,-0.86,-0.61,-0.67,-0.75,-0.82,-0.62,-0.8,-0.06,-0.65,-1.11,-0.91,-0.26
"181","Antoine Griezmann",2018,"France",3.51,3.99,1.16,1.16,0.22,-0.4,0.75,0.01,0.95,-0.4,-0.53,-0.45,-0.27,0.14,1.09,1.05
"182","Benjamin Mendy",2018,"France",-0.42,-0.59,0.16,-0.8,-1.04,-0.88,-0.67,-0.65,-0.82,-0.79,-0.71,-0.45,-0.89,-1.11,-0.91,-0.41
"183","Benjamin Pavard",2018,"France",0.57,-0.2,0.49,-0.35,0.85,1.15,-0.32,0.2,1.53,0.28,1.58,-0.09,0.11,0.77,0,-0.13
"184","Blaise Matuidi",2018,"France",-0.42,-0.29,-0.51,-0.04,-0.5,-0.51,-0.67,-0.65,0.03,-0.01,-0.62,-0.45,-0.14,1.19,0,-0.54
"185","Corentin Tolisso",2018,"France",-0.42,-0.49,-0.51,-0.54,-0.33,-0.4,-0.49,-0.46,-0.55,0.56,-0.35,-0.45,-0.64,-0.48,0.18,-0.3
"186","Djibril Sidibé",2018,"France",-0.42,-0.59,-0.17,-0.73,-0.55,-0.48,-0.67,-0.46,-0.44,-0.01,-0.71,-0.45,-0.52,-0.9,-0.91,-0.47
"187","Hugo Lloris",2018,"France",-0.42,-0.59,-0.51,-0.8,-0.42,1.78,-0.67,-0.74,-0.82,-0.79,-0.71,-0.45,-0.77,-1.11,-0.91,-0.62
"188","Kylian Mbappé",2018,"France",3.51,1.52,0.49,2.17,-0.26,-0.44,4.99,1.51,-0.03,-0.58,-0.71,-0.45,-0.64,-0.9,1.63,1.97
"189","Lucas Hernández",2018,"France",-0.42,-0.35,0.49,-0.17,0.58,0.59,0.39,0.57,0.39,0.01,1.39,0.19,0.49,0.56,1.82,0
"190","N'Golo Kanté",2018,"France",-0.42,-0.54,-0.51,-0.8,1.35,0.19,0.22,0.29,0.97,3.85,0.39,-0.22,-0.52,1.19,-0.18,-0.44
"191","Nabil Fekir",2018,"France",-0.42,-0.49,-0.17,-0.67,-1.05,-0.96,0.04,-0.65,-0.27,-0.79,-0.62,-0.45,-0.52,-0.48,0.18,-0.38
"192","Olivier Giroud",2018,"France",-0.42,1.23,-0.51,2.55,-0.57,-0.77,-0.14,-0.55,-0.29,-0.35,0.11,-0.45,2.13,1.81,-0.18,0.79
"193","Ousmane Dembélé",2018,"France",-0.42,-0.45,-0.51,-0.48,-0.82,-0.77,-0.32,0.66,0.12,-0.5,-0.71,-0.45,-0.64,-0.9,-0.73,-0.33
"194","Paul Pogba",2018,"France",0.57,-0.14,-0.51,-0.04,0.76,0.48,0.75,-0.09,0.65,-0.18,0.3,0.37,1.5,1.81,2.18,1.08
"195","Presnel Kimpembe",2018,"France",-0.42,-0.59,-0.51,-0.8,-0.7,-0.73,-0.67,-0.55,-0.44,-0.79,0.11,-0.45,-0.39,-0.9,-0.55,-0.77
"196","Raphaël Varane",2018,"France",0.57,-0.29,-0.51,0.09,1.12,0.74,-0.32,0.2,-0.68,-0.01,3.22,0.51,2.5,-0.69,-0.73,-0.49
"197","Samuel Umtiti",2018,"France",0.57,-0.49,-0.51,-0.42,0.26,0.59,-0.32,0.01,-0.49,-0.24,2.49,0.51,0.11,0.14,0.73,-0.6
"198","Steve Mandanda",2018,"France",-0.42,-0.59,-0.51,-0.8,-1.07,-0.51,-0.67,-0.84,-0.82,-0.79,-0.8,-0.45,-0.77,-1.11,-0.91,-0.77
"199","Steven N'Zonzi",2018,"France",-0.42,-0.59,-0.51,-0.8,-0.56,-0.77,-0.67,-0.84,-0.33,0.1,-0.16,0.42,0.62,-1.11,-0.55,-0.77
"200","Thomas Lemar",2018,"France",-0.42,-0.54,-0.17,-0.8,-0.87,-0.92,-0.32,-0.37,-0.82,-0.79,-0.71,-0.45,-0.89,-0.9,-0.73,-0.49
"201","Antonio Rüdiger",2018,"Germany",-0.42,-0.59,-0.51,-0.8,0.36,-0.5,-0.67,-0.62,-0.82,0.17,-0.16,-0.45,0.28,-0.14,-0.49,-0.77
"202","Ilkay Gündogan",2018,"Germany",-0.42,-0.5,-0.51,-0.8,-0.29,-0.93,-0.67,-0.18,-0.82,0.17,-0.8,-0.45,-0.89,-1.11,-0.49,-0.08
"203","Jonas Hector",2018,"Germany",-0.42,-0.15,-0.51,0.68,0.41,0.53,-0.26,-0.4,1.97,0.16,0.48,-0.45,0.57,-0.14,0.36,-0.63
"204","Joshua Kimmich",2018,"Germany",-0.42,-0.09,2.6,1.26,2.96,2.43,-0.26,2.88,0.1,1.02,-0.38,-0.45,0.28,-0.62,4.18,3.23
"205","Julian Brandt",2018,"Germany",-0.42,0,-0.51,-0.35,-0.87,-0.67,0.16,-0.62,0.11,-0.79,-0.8,-0.45,-0.89,-1.11,-0.49,-0.26
"206","Julian Draxler",2018,"Germany",-0.42,1.64,-0.51,1.71,0.17,-0.07,1.39,1.35,0.96,0.07,-0.8,-0.45,-0.01,0.84,-0.49,0.92
"207","Jérôme Boateng",2018,"Germany",-0.42,-0.47,0.27,-0.8,1.85,1.91,-0.26,5.94,0.88,3.63,-0.38,5.64,-0.31,1.32,0.36,0.51
"208","Leon Goretzka",2018,"Germany",-0.42,0.58,-0.51,0.53,-0.89,-0.76,-0.26,-0.4,0.1,-0.79,-0.8,-0.45,-0.6,-0.62,-0.49,-0.19
"209","Manuel Neuer",2018,"Germany",-0.42,-0.59,-0.51,-0.8,0.59,3.63,-0.26,-0.84,-0.82,0.16,-0.16,-0.45,-0.89,-1.11,-0.91,-0.77
"210","Marco Reus",2018,"Germany",1.88,0.38,0.27,3.18,0.68,0.27,-0.67,0.48,0.1,-0.79,-0.8,-0.45,-0.6,0.35,-0.49,0.92
"211","Mario Gómez",2018,"Germany",-0.42,0.64,-0.51,2.44,-1.12,-1.02,-0.67,-0.84,-0.82,-0.79,-0.38,-0.45,1.16,-1.11,-0.91,0.26
"212","Marvin Plattenhardt",2018,"Germany",-0.42,-0.53,-0.51,-0.8,-0.83,-0.76,-0.67,-0.84,-0.82,-0.79,-0.59,-0.45,-0.31,-1.11,-0.49,-0.77
"213","Mats Hummels",2018,"Germany",-0.42,3.1,-0.51,1.56,0.7,1.05,-0.26,0.91,2.9,3.79,0.69,-0.45,0.87,0.35,-0.49,-0.22
"214","Mesut Özil",2018,"Germany",-0.42,-0.36,1.82,-0.21,1.66,0.7,0.98,0.7,-0.82,0.16,-0.8,-0.45,-0.89,-1.11,-0.06,3.6
"215","Niklas Süle",2018,"Germany",-0.42,-0.56,-0.51,-0.5,0.24,0.53,-0.67,0.04,0.1,1.1,-0.38,3.83,-0.31,-1.11,-0.49,-0.74
"216","Sami Khedira",2018,"Germany",-0.42,-0.24,-0.51,0.38,0.4,-0.41,-0.26,0.26,1.03,0.16,-0.59,-0.45,-0.6,-0.14,-0.49,-0.66
"217","Sebastian Rudy",2018,"Germany",-0.42,-0.5,-0.51,-0.8,-0.94,-1.02,-0.67,-0.84,-0.82,-0.79,-0.8,-0.45,-0.89,-0.62,-0.91,-0.77
"218","Thomas Müller",2018,"Germany",-0.42,0.2,1.82,4.35,0.3,0.36,-0.67,0.48,2.76,1.03,-0.59,-0.45,0.87,0.35,-0.49,3.38
"219","Timo Werner",2018,"Germany",-0.42,0.9,-0.51,4.35,-0.14,-0.59,0.16,1.79,0.1,0.17,-0.59,-0.45,-0.89,-0.62,0.79,2.13
"220","Toni Kroos",2018,"Germany",1.88,1.4,4.15,0.53,4.63,5.53,1.81,5.51,2.83,-0.79,-0.8,-0.45,-0.31,-0.62,1.63,5.95
"221","Alfred Finnbogason",2018,"Iceland",1.88,1.93,-0.51,2.15,-0.52,-0.93,0.57,-0.18,-0.66,-0.68,-0.59,-0.45,0.57,1.81,-0.06,0.62
"222","Aron Gunnarsson",2018,"Iceland",-0.42,-0.24,-0.51,0.82,-0.03,0.19,0.16,-0.18,-0.46,-0.38,0.69,-0.45,-0.01,-0.62,-0.91,0.81
"223","Birkir Bjarnason",2018,"Iceland",-0.42,2.34,0.27,1.26,-0.37,-0.07,-0.26,0.48,-0.43,-0.22,-0.59,-0.3,0.28,1.32,0.79,0.29
"224","Birkir Saevarsson",2018,"Iceland",-0.42,-0.59,-0.51,-0.5,-0.18,1.14,-0.67,0.04,-0.82,0.12,2.61,0.09,-0.01,-0.62,-0.49,-0.48
"225","Björn Sigurdarson",2018,"Iceland",-0.42,-0.59,-0.51,-0.65,-1.08,-1.02,-0.67,-0.84,-0.82,-0.79,-0.8,-0.45,0.28,-0.62,-0.91,-0.52
"226","Emil Hallfredsson",2018,"Iceland",-0.42,-0.5,0.27,-0.8,-0.29,-0.5,0.57,-0.18,-0.59,-0.55,-0.38,-0.45,-0.6,0.35,1.63,-0.48
"227","Gylfi Sigurdsson",2018,"Iceland",1.88,4.68,4.15,1.56,0.26,0.19,3.46,0.04,-0.18,-0.19,-0.8,-0.45,-0.89,-0.14,0.79,3.56
"228","Hannes Halldórsson",2018,"Iceland",-0.42,-0.59,-0.51,-0.8,-0.29,2.26,-0.67,-0.62,-0.82,-0.79,-0.59,-0.45,-0.89,-1.11,-0.49,-0.59
"229","Hördur Magnússon",2018,"Iceland",-0.42,-0.36,-0.51,0.82,-0.45,0.1,0.16,-0.62,-0.29,-0.42,3.04,-0.14,2.34,0.84,-0.91,-0.41
"230","Johann Gudmundsson",2018,"Iceland",-0.42,-0.41,1.82,-0.65,-0.56,-0.07,-0.67,0.7,-0.82,-0.51,-0.59,-0.45,0.57,-1.11,-0.49,0.37
"231","Jón Bödvarsson",2018,"Iceland",-0.42,-0.59,-0.51,0.09,-1.02,-0.93,-0.26,-0.4,-0.82,-0.79,-0.59,-0.45,0.28,-1.11,-0.49,-0.55
"232","Kári Árnason",2018,"Iceland",-0.42,-0.59,-0.51,0.53,-0.77,-0.41,-0.67,-0.4,-0.72,-0.59,1.97,-0.01,1.45,0.84,-0.49,-0.41
"233","Ragnar Sigurdsson",2018,"Iceland",-0.42,-0.59,-0.51,-0.65,-0.6,0.1,-0.67,-0.62,-0.82,0.03,1.76,0.39,-0.31,0.35,-0.91,-0.55
"234","Rúrik Gíslason",2018,"Iceland",-0.42,-0.47,0.27,-0.8,-0.83,-0.59,-0.67,0.04,-0.63,-0.75,-0.16,-0.45,-0.31,-0.14,0.79,-0.19
"235","Sverrir Ingason",2018,"Iceland",-0.42,0.93,-0.51,0.38,-0.62,-0.24,-0.67,-0.84,-0.66,-0.79,0.69,1.71,0.87,0.35,-0.91,-0.63
"236","Alireza Beiranvand",2018,"Iran",-0.42,-0.59,-0.51,-0.8,-0.73,0.27,-0.26,-0.84,-0.82,-0.79,-0.8,-0.45,-0.89,-1.11,-0.06,-0.77
"237","Alireza Jahanbakhsh",2018,"Iran",-0.42,-0.38,1.05,-0.5,-0.77,-0.5,0.57,0.04,-0.52,-0.62,-0.38,-0.45,-0.31,1.32,0.79,0.48
"238","Ehsan Hajsafi",2018,"Iran",-0.42,-0.38,-0.51,-0.8,-0.45,0.02,0.16,-0.4,-0.66,-0.63,0.69,-0.18,-0.31,-1.11,1.63,-0.59
"239","Karim Ansarifard",2018,"Iran",1.88,2.05,-0.51,-0.06,-0.87,-0.85,-0.26,-0.4,-0.71,-0.53,-0.16,-0.45,-0.31,0.35,-0.06,-0.22
"240","Majid Hosseini",2018,"Iran",-0.42,-0.59,-0.51,-0.8,-0.73,-0.67,-0.26,-0.4,-0.82,-0.73,0.91,-0.06,-0.89,-0.62,-0.49,-0.77
"241","Masoud Shojaei",2018,"Iran",-0.42,-0.59,-0.51,-0.5,-1.06,-0.93,0.57,-0.62,-0.66,-0.7,-0.8,-0.45,-0.89,0.35,-0.49,-0.41
"242","Mehdi Taremi",2018,"Iran",-0.42,2.28,-0.51,1.26,-0.83,-0.85,0.16,-0.62,-0.74,-0.49,0.69,-0.45,1.45,0.84,0.79,-0.74
"243","Milad Mohammadi",2018,"Iran",-0.42,-0.59,-0.51,-0.8,-1.08,-0.85,0.16,-0.4,-0.57,-0.62,-0.16,-0.45,-0.89,-1.11,-0.49,-0.77
"244","Morteza Pouraliganji",2018,"Iran",-0.42,-0.59,-0.51,-0.5,-0.49,-0.85,-0.67,-0.84,-0.82,-0.61,1.55,-0.1,0.28,-1.11,-0.06,-0.77
"245","Omid Ebrahimi",2018,"Iran",-0.42,-0.5,0.27,-0.65,-0.2,0.1,-0.26,-0.62,-0.74,-0.5,0.48,-0.38,-0.01,1.32,-0.06,0.14
"246","Ramin Rezaeian",2018,"Iran",-0.42,-0.41,1.82,-0.8,-0.24,0.88,0.16,0.04,-0.6,-0.64,1.97,-0.38,-0.31,0.84,0.36,0.37
"247","Roozbeh Cheshmi",2018,"Iran",-0.42,-0.41,-0.51,-0.5,-1.1,-1.1,-0.67,-0.84,-0.74,-0.7,0.05,-0.26,-0.89,-1.11,-0.91,-0.77
"248","Saeid Ezatolahi",2018,"Iran",-0.42,-0.38,-0.51,-0.35,-0.7,-0.76,-0.26,-0.4,-0.79,-0.51,1.12,-0.17,-0.6,0.84,0.79,-0.77
"249","Saman Ghoddos",2018,"Iran",-0.42,-0.33,-0.51,-0.8,-1.23,-1.1,-0.67,-0.62,-0.82,-0.79,-0.59,-0.45,-0.89,0.84,-0.49,-0.77
"250","Sardar Azmoun",2018,"Iran",-0.42,0.88,-0.51,1.71,-0.79,-0.85,-0.26,0.04,-0.66,-0.65,0.69,-0.25,4.98,1.32,0.36,0.03
"251","Vahid Amiri",2018,"Iran",-0.42,-0.41,0.27,-0.65,-0.52,-0.33,0.57,0.04,-0.77,-0.3,-0.59,-0.45,-0.6,1.81,2.9,0.4
"252","Eiji Kawashima",2018,"Japan",-0.42,-0.59,-0.51,-0.8,-0.22,1.67,-0.67,-0.34,-0.82,-0.79,-0.8,-0.45,-0.67,-1.11,-0.91,-0.77
"253","Gaku Shibasaki",2018,"Japan",-0.42,-0.48,2.4,-0.46,1.6,0.77,-0.05,0.15,2.45,1.27,0.16,1.07,-0.23,1.45,-0.27,1.49
"254","Gen Shoji",2018,"Japan",-0.42,-0.57,-0.51,-0.8,1.03,0.58,-0.36,0.64,0.17,0.01,1.28,2.49,1.75,-1.11,-0.27,-0.53
"255","Genki Haraguchi",2018,"Japan",1.3,-0.13,0.08,-0.24,-0.28,-0.85,-0.36,-0.34,2.19,0.01,0.16,0.88,-0.67,0.35,0.36,-0.14
"256","Gotoku Sakai",2018,"Japan",-0.42,-0.48,-0.51,-0.24,-1.04,-0.97,-0.67,-0.84,-0.82,-0.79,-0.8,-0.45,-0.89,-1.11,-0.91,-0.55
"257","Hiroki Sakai",2018,"Japan",-0.42,-0.28,0.66,0.31,0.71,0.77,-0.05,0.48,0.71,0.3,1.12,0.69,2.41,-1.11,0.36,-0.2
"258","Hotaru Yamaguchi",2018,"Japan",-0.42,-0.59,-0.51,-0.8,0.06,-0.46,-0.67,-0.67,-0.37,-0.79,-0.48,-0.45,-0.89,-0.38,-0.59,-0.77
"259","Keisuke Honda",2018,"Japan",1.3,0.84,0.08,-0.35,-0.84,-0.97,-0.05,-0.18,-0.82,-0.79,-0.8,-0.45,0.21,-1.11,-0.27,-0.31
"260","Makoto Hasebe",2018,"Japan",-0.42,-0.52,-0.51,-0.8,1.51,-0.39,-0.36,0.31,0.54,0.13,0,0.02,-0.67,1.08,0.04,-0.64
"261","Maya Yoshida",2018,"Japan",-0.42,-0.24,-0.51,0.09,2.4,1.16,-0.67,0.64,-0.82,0.22,4.64,2.7,2.41,0.72,-0.27,-0.2
"262","Shinji Kagawa",2018,"Japan",1.3,1.81,-0.51,0.31,0.45,-0.59,-0.05,0.15,-0.12,0.89,-0.64,-0.45,-0.89,-0.38,0.68,0.52
"263","Shinji Okazaki",2018,"Japan",-0.42,-0.26,-0.51,-0.13,-1.1,-1.1,-0.36,-0.84,-0.82,-0.32,-0.64,-0.45,-0.45,-0.74,-0.27,-0.61
"264","Takashi Inui",2018,"Japan",3.02,0.38,-0.51,1.08,0.32,-0.26,-0.36,1.3,1.67,-0.79,-0.64,-0.45,-0.67,-0.38,1.95,0.14
"265","Takashi Usami",2018,"Japan",-0.42,-0.26,-0.51,-0.35,-0.91,-0.72,-0.67,-0.18,-0.37,0.61,-0.32,-0.45,-0.89,-0.38,0.04,-0.03
"266","Tomoaki Makino",2018,"Japan",-0.42,-0.26,-0.51,-0.35,-0.18,-0.72,-0.67,-0.84,-0.82,0.61,0,0.6,-0.23,-0.74,-0.91,-0.77
"267","Yoshinori Muto",2018,"Japan",-0.42,-0.24,-0.51,-0.46,-1.07,-0.91,-0.67,-0.67,-0.37,-0.79,-0.64,-0.45,-0.45,-0.74,-0.91,-0.61
"268","Yuto Nagatomo",2018,"Japan",-0.42,-0.55,0.66,0.2,1.04,0.25,0.26,0.31,1.21,0.3,1.6,0.02,0.43,-0.38,0.04,0.41
"269","Yuya Osako",2018,"Japan",1.3,1.81,-0.51,1.41,-0.48,-0.85,0.88,-0.34,-0.62,-0.79,-0.8,3.74,2.63,-0.38,1.32,0.19
"270","Andrés Guardado",2018,"Mexico",-0.42,-0.04,0.08,0.31,0.5,-0.01,0.57,1.95,0.43,1.07,-0.48,-0.45,-0.45,-0.38,-0.27,0.66
"271","Carlos Salcedo",2018,"Mexico",-0.42,-0.28,-0.51,0.75,1.56,1.22,-0.36,2.45,0.66,1.54,1.92,10.91,1.09,0.72,-0.91,-0.55
"272","Carlos Vela",2018,"Mexico",1.3,3.12,1.82,1.52,0.24,-0.13,2.43,2.61,0.22,-0.38,-0.8,-0.45,-0.23,-0.01,2.27,1.76
"273","Edson Álvarez",2018,"Mexico",-0.42,-0.59,-0.51,-0.46,0.8,1.48,1.19,1.13,2.28,1.24,0.64,0.25,0.21,0.35,0.36,-0.77
"274","Guillermo Ochoa",2018,"Mexico",-0.42,-0.59,-0.51,-0.8,-0.06,2.71,-0.67,-0.84,-0.82,-0.79,-0.64,-0.45,-0.45,-0.74,-0.59,-0.77
"275","Hirving Lozano",2018,"Mexico",1.3,1.52,-0.51,2.18,-0.24,-0.39,4.28,2.45,-0.08,0.51,-0.64,-0.45,-0.45,1.08,3.54,1.85
"276","Hugo Ayala",2018,"Mexico",-0.42,-0.59,-0.51,-0.69,-0.44,-0.13,-0.67,-0.01,0.09,0.24,1.12,0.48,-0.45,-1.11,-0.91,-0.77
"277","Héctor Herrera",2018,"Mexico",-0.42,-0.15,0.66,0.09,1.39,0.96,2.12,0.64,3.53,0.68,-0.48,1.03,-0.23,4.37,1,1.76
"278","Héctor Moreno",2018,"Mexico",-0.42,-0.24,-0.51,0.2,0.5,0.64,-0.67,0.97,0.8,0.55,0.16,2.03,0.65,0.72,-0.91,-0.28
"279","Javier Hernández",2018,"Mexico",1.3,1.12,0.08,2.18,-0.45,-0.46,0.57,-0.34,-0.18,-0.79,-0.48,-0.45,-0.23,-0.01,1.32,0.55
"280","Jesús Corona",2018,"Mexico",-0.42,-0.59,0.66,-0.58,-1.01,-0.91,-0.36,0.15,-0.82,-0.24,-0.8,-0.45,-0.89,-1.11,-0.91,-0.03
"281","Jesús Gallardo",2018,"Mexico",-0.42,-0.52,-0.51,-0.69,0.84,1.42,0.26,-0.01,0.59,1.25,2.08,0.95,0.87,0.35,-0.91,-0.53
"282","Jonathan Dos Santos",2018,"Mexico",-0.42,-0.59,-0.51,-0.8,-0.94,-0.91,-0.67,-0.67,-0.42,-0.38,-0.8,-0.45,-0.89,-1.11,-0.91,-0.77
"283","Miguel Layún",2018,"Mexico",-0.42,0.27,1.82,0.2,0.05,0.83,0.57,2.28,0.22,0.41,-0.48,-0.45,-0.01,-0.38,0.04,1.24
"284","Rafael Márquez",2018,"Mexico",-0.42,-0.59,-0.51,-0.8,-0.75,-0.97,-0.36,-0.84,0.12,-0.38,0,-0.45,-0.67,-0.74,-0.91,-0.77
"285","Raúl Jiménez",2018,"Mexico",-0.42,-0.5,-0.51,-0.35,-1.13,-0.91,-0.67,-0.51,-0.82,-0.79,-0.8,-0.45,-0.23,-0.38,-0.91,-0.77
"286","Achraf Hakimi",2018,"Morocco",-0.42,-0.53,-0.51,-0.35,0.57,0.62,0.98,0.26,1.81,-0.07,1.12,-0.45,0.57,-0.14,-0.91,-0.48
"287","Amine Harit",2018,"Morocco",-0.42,-0.15,-0.51,0.23,-0.91,-1.1,1.81,0.26,-0.82,-0.79,-0.8,-0.45,-0.6,-0.62,-0.06,-0.52
"288","Ayoub El Kaabi",2018,"Morocco",-0.42,-0.36,-0.51,0.38,-1.16,-1.1,-0.67,-0.62,-0.82,-0.79,-0.59,-0.45,0.57,-0.14,-0.49,-0.3
"289","Aziz Bouhaddouz",2018,"Morocco",-0.42,-0.59,-0.51,-0.21,-1.23,-1.1,-0.67,-0.84,-0.82,-0.79,-0.8,-0.45,-0.31,-0.62,-0.49,-0.59
"290","Fayçal Fajr",2018,"Morocco",-0.42,-0.59,0.27,-0.8,-0.93,-0.85,-0.67,-0.84,-0.82,-0.79,-0.8,-0.45,-0.89,0.35,-0.91,-0.33
"291","Hakim Ziyech",2018,"Morocco",-0.42,0.73,4.15,1.12,0.59,0.62,0.57,0.7,-0.6,0.31,-0.8,-0.45,-0.6,2.79,0.36,2.98
"292","Karim El Ahmadi",2018,"Morocco",-0.42,-0.56,-0.51,-0.8,0.57,0.02,-0.67,-0.84,2.1,1.72,0.05,-0.45,0.87,2.3,-0.49,-0.77
"293","Khalid Boutaïb",2018,"Morocco",1.88,1.96,-0.51,0.68,-0.91,-1.1,0.16,-0.18,-0.77,-0.73,-0.38,-0.45,1.45,0.35,-0.06,-0.77
"294","Manuel da Costa",2018,"Morocco",-0.42,-0.5,-0.51,-0.21,-0.1,0.27,-0.67,0.04,0.79,1.99,0.69,1.19,0.57,-0.14,-0.91,-0.63
"295","Mbark Boussoufa",2018,"Morocco",-0.42,-0.59,1.05,0.23,0.87,0.02,0.16,-0.4,3.61,0.85,-0.59,-0.45,-0.31,1.32,2.9,0.7
"296","Medhi Benatia",2018,"Morocco",-0.42,1.08,-0.51,0.68,0.72,-0.07,-0.26,0.91,-0.82,-0.79,0.26,3.13,1.75,1.32,-0.06,0.4
"297","Munir",2018,"Morocco",-0.42,-0.59,-0.51,-0.8,-0.39,1.14,-0.67,-0.84,-0.82,-0.79,-0.8,-0.45,-0.89,-1.11,-0.49,-0.77
"298","Nabil Dirar",2018,"Morocco",-0.42,-0.56,1.05,-0.35,0.24,0.53,0.57,1.13,0.48,1.38,0.05,1.05,-0.6,0.84,-0.49,0.4
"299","Nordin Amrabat",2018,"Morocco",-0.42,-0.56,1.82,-0.21,-0.1,-0.41,4.28,1.13,0.19,-0.73,-0.8,-0.45,0.57,3.76,2.48,0.66
"300","Romain Saïss",2018,"Morocco",-0.42,-0.59,-0.51,-0.8,0.24,0.45,-0.67,0.26,-0.71,-0.67,0.91,-0.32,-0.01,-0.14,-0.49,-0.77
"301","Younès Belhanda",2018,"Morocco",-0.42,0.64,-0.51,1.41,0.41,-0.59,0.16,-0.62,0.14,-0.13,0.48,1.05,0.28,0.84,1.21,-0.08
"302","Abdullahi Shehu",2018,"Nigeria",-0.42,-0.59,-0.51,-0.8,-0.58,-0.33,-0.67,-0.84,-0.46,-0.05,0.05,-0.45,-0.89,-0.62,-0.49,-0.77
"303","Ahmed Musa",2018,"Nigeria",4.17,0.67,-0.51,0.82,-0.5,-0.59,2.22,1.13,-0.03,-0.79,-0.38,-0.45,-0.31,0.84,0.36,1.69
"304","Alex Iwobi",2018,"Nigeria",-0.42,0.03,-0.51,-0.21,-0.93,-0.67,-0.67,-0.84,-0.82,-0.79,-0.16,-0.45,-0.89,-0.62,-0.91,-0.19
"305","Bryan Idowu",2018,"Nigeria",-0.42,-0.59,0.27,-0.5,0.09,0.96,-0.67,-0.4,-0.49,0.29,0.69,-0.45,0.28,0.35,-0.06,0.07
"306","Francis Uzoho",2018,"Nigeria",-0.42,-0.59,-0.51,-0.8,-0.58,1.57,-0.67,-0.84,-0.82,-0.79,-0.38,-0.45,-0.89,-1.11,-0.49,-0.77
"307","John Obi Mikel",2018,"Nigeria",-0.42,-0.59,1.05,-0.5,1.06,0.96,0.98,0.04,2.29,-0.68,-0.38,-0.45,1.16,1.32,-0.49,1.06
"308","Kelechi Iheanacho",2018,"Nigeria",-0.42,-0.3,1.05,0.82,-0.66,-0.67,0.98,-0.18,-0.82,-0.79,-0.8,-0.45,-0.31,-0.62,-0.49,0.7
"309","Kenneth Omeruo",2018,"Nigeria",-0.42,-0.59,-0.51,-0.21,-0.27,0.19,-0.67,-0.84,0.08,1.75,1.12,-0.45,0.87,-0.14,0.36,-0.77
"310","Leon Balogun",2018,"Nigeria",-0.42,0.05,-0.51,1.12,0.49,0.36,-0.26,-0.4,-0.82,3.09,0.91,1.22,1.45,0.35,-0.49,-0.59
"311","Odion Ighalo",2018,"Nigeria",-0.42,0.67,-0.51,0.97,-1.06,-1.1,0.16,0.26,-0.72,-0.79,0.26,-0.45,0.57,1.81,1.21,-0.37
"312","Oghenekaro Etebo",2018,"Nigeria",-0.42,0.11,-0.51,-0.35,1.16,0.45,5.52,0.04,1.03,0.13,0.26,-0.45,-0.31,0.84,3.75,0.4
"313","Tyronne Ebuehi",2018,"Nigeria",-0.42,-0.59,-0.51,-0.8,-0.83,-1.02,-0.67,-0.84,-0.03,-0.79,-0.8,-0.45,-0.89,-0.62,-0.91,-0.77
"314","Victor Moses",2018,"Nigeria",1.88,2.25,1.82,-0.06,0.24,0.7,1.81,1.79,-0.35,-0.05,0.91,1.88,-0.6,0.84,1.63,-0.04
"315","Wilfred Ndidi",2018,"Nigeria",-0.42,-0.33,0.27,0.53,1.16,1.22,0.57,-0.4,2.3,2.5,0.69,-0.45,4.39,1.32,2.06,-0.44
"316","William Troost-Ekong",2018,"Nigeria",-0.42,-0.41,-0.51,0.23,0.41,1.14,0.16,-0.4,-0.35,0.17,1.33,-0.45,1.16,-0.14,-0.06,-0.3
"317","Abdiel Arroyo",2018,"Panama",-0.42,-0.59,-0.51,-0.21,-1.16,-1.02,-0.26,-0.62,-0.82,-0.79,-0.8,-0.45,-0.01,-0.62,-0.91,-0.08
"318","Adolfo Machado",2018,"Panama",-0.42,-0.59,-0.51,-0.8,-0.87,-0.41,-0.67,-0.84,-0.53,-0.59,0.05,-0.45,-0.6,-1.11,-0.91,-0.3
"319","Aníbal Godoy",2018,"Panama",-0.42,-0.21,-0.51,0.09,0.62,-0.24,-0.26,0.48,-0.82,-0.17,-0.38,-0.45,-0.6,1.32,3.33,0.4
"320","Armando Cooper",2018,"Panama",-0.42,-0.53,-0.51,-0.8,0.01,-0.24,0.98,0.48,-0.62,-0.06,-0.59,-0.45,-0.6,0.84,1.21,-0.44
"321","Blas Pérez",2018,"Panama",-0.42,-0.33,-0.51,-0.06,-0.77,-1.1,-0.67,-0.62,-0.82,-0.79,-0.38,-0.45,2.04,-0.62,-0.49,-0.26
"322","Fidel Escobar",2018,"Panama",-0.42,-0.41,-0.51,-0.65,0.17,0.36,-0.67,-0.4,-0.15,-0.49,1.12,0.23,-0.89,1.32,0.36,-0.77
"323","Gabriel Gómez",2018,"Panama",-0.42,-0.59,-0.51,-0.35,0.8,0.02,-0.26,-0.62,-0.32,-0.06,0.05,0.02,-0.6,1.32,1.21,-0.33
"324","Gabriel Torres",2018,"Panama",-0.42,-0.44,-0.51,-0.35,-1.06,-0.85,-0.67,-0.84,-0.52,-0.79,-0.8,-0.45,-0.6,-0.62,-0.91,-0.48
"325","Harold Cummings",2018,"Panama",-0.42,-0.59,-0.51,-0.8,-1.04,-0.85,-0.67,-0.84,-0.73,-0.59,-0.16,-0.45,-0.6,-1.11,-0.91,-0.77
"326","Ismael Díaz",2018,"Panama",-0.42,-0.59,-0.51,-0.8,-1.17,-1.1,-0.26,-0.62,-0.82,-0.79,-0.8,-0.45,-0.89,-1.11,-0.91,-0.77
"327","Jaime Penedo",2018,"Panama",-0.42,-0.59,-0.51,-0.8,-0.73,0.62,-0.67,-0.84,-0.57,-0.79,-0.38,-0.45,-0.89,-1.11,-0.91,-0.77
"328","José Luis Rodríguez",2018,"Panama",-0.42,-0.33,0.27,0.09,-0.27,-0.67,0.16,-0.62,-0.82,-0.22,-0.16,-0.45,-0.6,0.35,3.75,-0.19
"329","Luis Ovalle",2018,"Panama",-0.42,-0.59,-0.51,-0.8,-0.79,-0.07,-0.67,-0.84,-0.73,-0.79,0.48,-0.45,-0.31,-1.11,-0.49,-0.77
"330","Luis Tejada",2018,"Panama",-0.42,-0.59,-0.51,-0.21,-0.96,-1.02,-0.67,-0.84,-0.62,-0.79,-0.8,-0.45,-0.6,0.84,-0.49,-0.37
"331","Michael Murillo",2018,"Panama",-0.42,1.37,-0.51,-0.21,0.15,0.88,0.16,-0.18,-0.11,-0.32,-0.38,-0.45,-0.89,1.81,-0.06,-0.77
"332","Ricardo Ávila",2018,"Panama",-0.42,-0.56,1.82,-0.8,-0.6,-0.76,0.98,-0.18,-0.47,-0.79,-0.8,-0.45,-0.6,1.32,-0.06,0.14
"333","Román Torres",2018,"Panama",-0.42,0.9,-0.51,0.53,-0.18,-0.16,-0.26,-0.84,-0.82,-0.06,3.25,0.14,0.57,-0.62,-0.06,-0.59
"334","Édgar Bárcenas",2018,"Panama",-0.42,0.2,1.05,-0.5,-0.26,0.1,0.16,0.48,-0.62,0.03,-0.59,-0.45,-0.6,0.84,0.36,0.92
"335","Érick Davis",2018,"Panama",-0.42,-0.59,1.05,-0.8,0.55,0.79,-0.67,0.26,-0.41,-0.32,0.05,-0.45,-0.6,0.84,-0.49,-0.22
"336","Alberto Rodríguez",2018,"Peru",-0.42,-0.36,-0.51,0.23,-0.33,-0.41,-0.67,-0.18,-0.82,-0.16,0.91,2.51,0.57,-0.14,-0.91,-0.77
"337","Anderson Santamaría",2018,"Peru",-0.42,-0.59,-0.51,-0.65,0.07,-0.59,-0.67,-0.4,0.68,-0.79,0.91,-0.45,-0.31,-1.11,-0.91,-0.77
"338","André Carrillo",2018,"Peru",1.88,-0.3,1.05,1.56,0.24,-0.67,3.46,2.01,0.08,0.13,-0.38,-0.45,-0.31,-0.14,0.36,0.95
"339","Christian Cueva",2018,"Peru",-0.42,1.93,-0.51,2.59,0.72,0.53,0.57,2.23,-0.54,0.17,-0.16,-0.45,-0.89,-1.11,1.21,1.5
"340","Christian Ramos",2018,"Peru",-0.42,-0.59,-0.51,-0.65,0.7,0.62,-0.67,2.01,-0.2,1.43,2.19,0.19,0.57,-1.11,-0.49,-0.77
"341","Edison Flores",2018,"Peru",-0.42,-0.21,0.27,-0.35,0.18,0.1,0.16,-0.4,1.3,0.17,0.26,-0.45,0.28,0.35,-0.06,-0.19
"342","Jefferson Farfán",2018,"Peru",-0.42,0.14,-0.51,0.97,-0.7,-0.85,-0.26,-0.18,-0.16,-0.79,0.05,-0.45,0.87,1.32,1.63,0.07
"343","Luis Advíncula",2018,"Peru",-0.42,-0.44,-0.51,-0.06,1.26,2.6,0.16,1.13,3,0.84,1.12,1.63,-0.6,-0.14,2.48,-0.44
"344","Miguel Trauco",2018,"Peru",-0.42,-0.59,1.82,-0.5,1.89,4.41,0.16,-0.84,1.12,2.82,1.12,1.07,0.28,-0.14,-0.49,1.36
"345","Paolo Guerrero",2018,"Peru",1.88,0.82,-0.51,2.59,-0.7,-0.93,-0.67,-0.4,0.49,-0.79,-0.16,0.19,1.45,0.84,-0.06,0.07
"346","Paolo Hurtado",2018,"Peru",-0.42,-0.59,-0.51,-0.8,-0.96,-1.02,-0.26,-0.4,-0.54,-0.79,-0.16,-0.45,-0.89,-0.14,-0.91,-0.77
"347","Pedro Aquino",2018,"Peru",-0.42,-0.5,-0.51,-0.8,0.45,-0.24,-0.67,-0.62,3.46,1.23,0.05,-0.45,-0.01,1.32,-0.06,-0.52
"348","Pedro Gallese",2018,"Peru",-0.42,-0.59,-0.51,-0.8,-0.41,1.22,-0.67,-0.84,-0.82,-0.79,-0.8,-0.45,-0.89,-1.11,-0.06,-0.77
"349","Renato Tapia",2018,"Peru",-0.42,-0.53,-0.51,-0.8,-0.49,-0.76,-0.67,-0.62,-0.2,-0.22,0.05,0.83,-0.31,0.35,-0.06,-0.63
"350","Yoshimar Yotún",2018,"Peru",-0.42,-0.5,0.27,-0.8,1.08,0.79,0.16,0.26,0.08,-0.12,-0.8,-0.45,-0.89,1.32,1.21,1.28
"351","Arkadiusz Milik",2018,"Poland",-0.42,-0.09,0.27,-0.06,-1.02,-0.93,-0.67,-0.62,-0.82,-0.79,-0.8,-0.45,-0.6,-1.11,-0.91,-0.52
"352","Artur Jedrzejczyk",2018,"Poland",-0.42,-0.44,-0.51,-0.35,-0.45,-0.16,-0.67,-0.62,-0.45,-0.41,-0.59,-0.45,-0.01,-0.14,-0.91,-0.11
"353","Bartosz Bereszynski",2018,"Poland",-0.42,-0.59,1.05,-0.21,0.01,0.96,-0.26,-0.4,-0.47,0.35,-0.16,-0.45,0.57,0.84,-0.06,0.22
"354","Dawid Kownacki",2018,"Poland",-0.42,-0.38,-0.51,0.38,-0.98,-1.02,-0.67,-0.84,-0.82,-0.79,-0.38,-0.45,0.57,-0.14,-0.91,-0.33
"355","Grzegorz Krychowiak",2018,"Poland",1.88,1.23,-0.51,0.23,1.56,1.14,-0.67,-0.18,1.79,2.16,0.05,1.31,1.16,0.35,2.48,-0.3
"356","Jacek Góralski",2018,"Poland",-0.42,-0.56,-0.51,-0.8,-0.12,-0.76,-0.67,-0.62,2.78,-0.43,-0.38,0.37,-0.31,0.35,0.36,-0.77
"357","Jakub Blaszczykowski",2018,"Poland",-0.42,-0.59,-0.51,-0.65,-1.17,-1.1,-0.67,-0.84,-0.82,-0.79,-0.8,-0.45,-0.6,-1.11,-0.91,-0.77
"358","Jan Bednarek",2018,"Poland",1.88,0.96,-0.51,-0.5,1.66,1.31,-0.26,-0.4,-0.06,1.09,2.19,2.86,0.28,-0.14,0.36,-0.77
"359","Kamil Glik",2018,"Poland",-0.42,-0.44,-0.51,-0.35,-0.01,-0.59,-0.67,-0.18,-0.82,-0.79,0.69,1.28,-0.6,-0.14,-0.49,-0.55
"360","Kamil Grosicki",2018,"Poland",-0.42,-0.12,1.82,1.71,-0.52,-0.41,-0.26,0.04,-0.47,-0.43,-0.8,-0.45,-0.6,-0.62,-0.06,2.09
"361","Lukasz Fabianski",2018,"Poland",-0.42,-0.59,-0.51,-0.8,-0.85,-0.16,-0.67,-0.84,-0.82,-0.41,-0.8,-0.45,-0.89,-1.11,-0.91,-0.77
"362","Lukasz Piszczek",2018,"Poland",-0.42,-0.3,-0.51,0.09,0.18,1.31,-0.67,0.7,-0.82,0.29,1.12,-0.45,0.87,-1.11,0.36,1.06
"363","Lukasz Teodorczyk",2018,"Poland",-0.42,-0.44,-0.51,0.23,-1.16,-1.02,-0.26,-0.84,-0.47,-0.79,-0.8,-0.45,0.28,-0.62,-0.91,-0.59
"364","Maciej Rybus",2018,"Poland",-0.42,-0.41,1.05,-0.21,-0.1,0.02,-0.26,-0.62,1.06,0.71,1.97,-0.45,-0.01,-0.14,-0.49,0.4
"365","Michal Pazdan",2018,"Poland",-0.42,-0.59,-0.51,-0.8,1.16,1.65,-0.67,-0.62,1.06,2.21,0.69,1.31,0.87,-0.62,-0.91,-0.33
"366","Piotr Zielinski",2018,"Poland",-0.42,-0.24,0.27,0.09,1.29,0.79,0.16,0.48,1,-0.79,-0.8,-0.45,-0.31,-0.14,-0.06,0.99
"367","Rafal Kurzawa",2018,"Poland",-0.42,-0.36,-0.51,-0.65,-0.83,-0.5,-0.26,-0.62,-0.82,-0.03,-0.59,-0.45,-0.01,-1.11,-0.06,-0.04
"368","Robert Lewandowski",2018,"Poland",-0.42,3.28,-0.51,2.44,-0.14,-0.93,0.57,-0.4,0.3,-0.79,-0.38,-0.45,1.75,1.32,1.21,-0.15
"369","Thiago Cionek",2018,"Poland",-0.42,-0.59,-0.51,-0.65,0.15,-0.07,-0.26,0.7,1.47,-0.01,0.05,-0.45,0.28,-0.62,-0.06,-0.77
"370","Wojciech Szczesny",2018,"Poland",-0.42,-0.59,-0.51,-0.8,-0.35,1.22,-0.67,-0.62,-0.82,-0.79,-0.59,-0.45,-0.6,-1.11,-0.91,-0.77
"371","Adrien Silva",2018,"Portugal",-0.42,-0.44,-0.51,-0.58,0.93,-0.46,-0.67,-0.34,0.58,-0.11,-0.8,-0.45,-0.67,-0.38,-0.59,-0.31
"372","André Silva",2018,"Portugal",-0.42,-0.55,-0.51,-0.35,-0.9,-0.91,-0.67,-0.67,-0.82,-0.79,-0.64,-0.45,-0.45,-0.74,-0.27,-0.77
"373","Bernardo Silva",2018,"Portugal",-0.42,-0.3,0.08,0.64,0.28,-0.01,1.5,1.95,0.64,0.18,-0.48,-0.45,-0.67,-0.38,0.36,0.38
"374","Bruno Fernandes",2018,"Portugal",-0.42,-0.46,-0.51,-0.8,-0.91,-1.04,-0.67,-0.51,-0.72,-0.59,-0.64,-0.45,-0.67,-0.74,-0.91,-0.39
"375","Cristiano Ronaldo",2018,"Portugal",6.46,5.59,-0.51,1.19,0.15,-0.52,2.12,1.13,-0.82,-0.08,-0.16,-0.22,0.65,-0.01,3.54,1.18
"376","Cédric Soares",2018,"Portugal",-0.42,-0.59,0.08,-0.8,0.41,1.09,-0.36,-0.34,0.43,0.99,0.8,0.36,-0.01,1.08,-0.27,-0.64
"377","Gelson Martins",2018,"Portugal",-0.42,-0.59,-0.51,-0.8,-1.16,-0.97,-0.36,-0.67,-0.57,-0.79,-0.8,-0.45,-0.89,-1.11,-0.59,-0.77
"378","Gonçalo Guedes",2018,"Portugal",-0.42,0.38,-0.51,0.75,-0.51,-0.78,0.26,0.64,-0.32,-0.79,-0.48,-0.45,-0.01,-0.01,1,-0.11
"379","José Fonte",2018,"Portugal",-0.42,-0.28,-0.51,1.08,0.91,0.32,-0.67,-0.18,-0.82,3.38,2.88,1.16,3.95,0.35,0.36,-0.44
"380","João Moutinho",2018,"Portugal",-0.42,-0.59,1.82,-0.8,-0.24,-0.39,-0.36,-0.67,0.63,-0.69,-0.32,-0.45,-0.45,1.08,0.36,0.25
"381","João Mário",2018,"Portugal",-0.42,-0.44,1.24,-0.35,0.77,-0.2,0.26,-0.01,0.76,-0.53,-0.64,-0.45,1.09,0.72,0.04,0.6
"382","Pepe",2018,"Portugal",1.3,0.27,-0.51,0.31,0.71,1.61,0.88,-0.34,2.01,1.67,1.76,0.13,2.19,-0.01,0.36,-0.61
"383","Raphaël Guerreiro",2018,"Portugal",-0.42,-0.39,2.4,-0.46,1.62,1.87,1.81,1.3,0.44,1.5,0.48,-0.45,0.43,1.08,0.68,1.29
"384","Ricardo Pereira",2018,"Portugal",-0.42,-0.59,0.08,-0.35,-0.54,-0.33,-0.67,-0.67,-0.82,-0.11,-0.64,-0.45,-0.67,-0.01,-0.59,-0.31
"385","Ricardo Quaresma",2018,"Portugal",1.3,-0.11,1.82,0.53,-0.64,-0.52,0.88,0.31,0.54,-0.11,-0.8,-0.45,-0.89,0.35,-0.27,0.3
"386","Rui Patrício",2018,"Portugal",-0.42,-0.59,-0.51,-0.58,-0.31,1.29,-0.67,-0.84,-0.82,-0.79,-0.8,-0.45,-0.45,-1.11,-0.27,-0.77
"387","William Carvalho",2018,"Portugal",-0.42,-0.52,0.08,-0.58,1.95,0.45,0.26,0.15,1.81,0.18,-0.48,-0.45,-0.67,1.08,0.36,0.19
"388","Alan Dzagoev",2018,"Russia",-0.42,-0.46,0.8,-0.63,-1.1,-0.91,-0.44,-0.59,-0.82,-0.79,-0.8,-0.45,-0.56,-1.11,-0.67,0.11
"389","Aleksandr Erokhin",2018,"Russia",-0.42,-0.29,-0.51,0.36,-1.18,-0.96,-0.44,-0.59,-0.82,-0.72,-0.8,-0.29,-0.56,-0.29,-0.91,-0.77
"390","Aleksandr Golovin",2018,"Russia",0.87,-0.33,1.24,0.36,-0.14,-0.33,0.49,0.4,-0.41,-0.15,-0.44,-0.45,-0.23,3,0.04,1.15
"391","Aleksandr Samedov",2018,"Russia",-0.42,-0.44,1.68,0.11,-0.04,-0.28,0.49,0.15,-0.1,-0.56,-0.44,-0.45,-0.23,1.08,1,0.94
"392","Aleksei Miranchuk",2018,"Russia",-0.42,-0.59,-0.51,-0.8,-1.1,-1.06,-0.67,-0.84,-0.67,-0.79,-0.8,-0.45,-0.73,-0.84,-0.67,-0.71
"393","Artem Dzyuba",2018,"Russia",3.45,2.26,-0.51,2.27,-0.52,-0.72,0.03,0.15,-0.82,-0.31,-0.2,-0.1,5.38,3,1.47,0.3
"394","Daler Kuziaev",2018,"Russia",-0.42,-0.51,-0.51,-0.55,-0.42,-0.76,-0.44,-0.59,-0.41,-0.63,-0.32,-0.45,-0.4,0.53,-0.43,-0.51
"395","Denis Cheryshev",2018,"Russia",4.74,1.68,0.37,1.44,-0.67,-0.38,0.49,0.64,-0.19,0.1,-0.8,-0.45,0.1,0.81,-0.67,0.03
"396","Fedor Kudryashov",2018,"Russia",-0.42,-0.59,-0.51,-0.71,-0.17,0.59,-0.67,-0.59,-0.76,-0.77,0.4,-0.41,-0.07,0.81,-0.67,-0.63
"397","Fedor Smolov",2018,"Russia",-0.42,-0.52,-0.51,0.53,-0.69,-0.91,0.72,0.52,-0.52,-0.79,-0.8,-0.45,0.1,-0.01,-0.67,0.26
"398","Igor Akinfeev",2018,"Russia",-0.42,-0.59,-0.51,-0.8,-0.54,1.46,-0.67,-0.71,-0.82,-0.79,-0.56,-0.45,-0.89,-1.11,-0.91,-0.71
"399","Igor Smolnikov",2018,"Russia",-0.42,-0.59,-0.51,-0.8,-1.15,-1.01,-0.67,-0.59,-0.82,-0.79,-0.8,-0.45,-0.89,-0.84,-0.43,-0.77
"400","Ilya Kutepov",2018,"Russia",-0.42,-0.46,-0.07,-0.55,-0.01,0.16,-0.67,-0.84,-0.65,0.61,3.52,0.55,1.91,0.26,-0.43,-0.4
"401","Iury Gazinsky",2018,"Russia",0.87,-0.03,-0.07,-0.55,-0.3,-0.47,-0.44,-0.84,-0.08,-0.36,0.28,-0.45,0.1,0.53,-0.19,-0.36
"402","Mário Fernandes",2018,"Russia",0.87,0.04,0.37,-0.05,0.79,2,-0.67,0.03,0,0.47,1.96,0.63,2.41,-0.01,0.52,1.05
"403","Roman Zobnin",2018,"Russia",-0.42,-0.19,-0.07,-0.13,0.15,-0.13,0.72,0.64,0.42,1.82,-0.32,0.34,0.43,1.08,1.24,0.43
"404","Sergey Ignashevich",2018,"Russia",-0.42,-0.44,-0.51,-0.46,-0.06,0.2,-0.67,-0.71,-0.53,0.3,4.24,1.08,1.58,-0.56,-0.19,-0.55
"405","Yury Zhirkov",2018,"Russia",-0.42,-0.51,-0.51,-0.63,-0.52,0.45,-0.44,-0.59,-0.57,-0.79,0.16,-0.45,0.59,-0.29,-0.67,-0.71
"406","Abdullah Al-Mayouf",2018,"Saudi Arabia",-0.42,-0.59,-0.51,-0.8,-0.93,-0.41,-0.67,-0.62,-0.04,-0.79,-0.8,-0.45,-0.89,-1.11,-0.91,-0.77
"407","Abdullah Otayf",2018,"Saudi Arabia",-0.42,-0.36,-0.51,-0.35,3.34,2,0.16,0.48,0.86,4.24,-0.16,-0.45,-0.89,-0.14,2.48,0.29
"408","Ali Al-Bulayhi",2018,"Saudi Arabia",-0.42,-0.59,-0.51,-0.8,-0.62,-0.5,-0.67,-0.84,-0.82,-0.79,0.26,2.13,-0.6,-1.11,-0.49,-0.77
"409","Fahad Al-Muwallad",2018,"Saudi Arabia",-0.42,1.73,-0.51,1.12,-0.93,-0.93,-0.26,-0.18,0,-0.79,-0.8,-0.45,-0.89,0.84,-0.06,-0.08
"410","Hatan Bahbir",2018,"Saudi Arabia",-0.42,1.64,-0.51,0.82,-0.2,-0.93,-0.26,0.04,-0.04,-0.79,-0.8,-0.45,-0.89,-0.62,-0.49,0
"411","Hussain Al-Mogahwi",2018,"Saudi Arabia",-0.42,0.93,-0.51,0.09,0.68,-0.5,-0.67,0.48,1.39,-0.22,-0.59,-0.45,-0.89,-0.14,0.79,-0.08
"412","Mohammed Al-Burayk",2018,"Saudi Arabia",-0.42,-0.3,3.38,-0.21,2.69,1.39,-0.26,0.91,3.51,2.3,0.05,4.44,-0.31,-1.11,2.9,0
"413","Mohammed Al-Owais",2018,"Saudi Arabia",-0.42,-0.59,-0.51,-0.8,-0.91,-0.16,-0.67,-0.84,-0.82,-0.79,-0.8,-0.45,-0.6,-1.11,-0.91,-0.77
"414","Mohammed Al-Sahlawi",2018,"Saudi Arabia",-0.42,-0.5,-0.51,-0.65,-1.02,-1.1,-0.67,-0.84,-0.82,-0.79,-0.8,-0.45,0.28,-0.14,-0.91,-0.77
"415","Motaz Hawsawi",2018,"Saudi Arabia",-0.42,-0.59,-0.51,-0.8,-0.75,-0.5,-0.26,-0.84,0.83,-0.79,-0.8,-0.45,-0.6,-1.11,-0.49,-0.77
"416","Muhannad Assiri",2018,"Saudi Arabia",-0.42,-0.3,-0.51,-0.5,-1.25,-1.1,-0.67,-0.84,-0.82,-0.79,-0.16,-0.45,-0.31,-1.11,-0.91,-0.77
"417","Omar Hawsawi",2018,"Saudi Arabia",-0.42,-0.59,-0.51,-0.8,-0.41,-0.76,-0.26,-0.18,-0.04,0,0.26,1.35,-0.6,-0.62,-0.06,-0.77
"418","Osama Hawsawi",2018,"Saudi Arabia",-0.42,-0.59,0.27,-0.8,0.87,0.62,-0.67,-0.62,3.65,3.35,1.55,1.35,0.28,0.35,0.79,-0.77
"419","Salem Al-Dawsari",2018,"Saudi Arabia",1.88,0.03,-0.51,0.68,1.72,0.62,3.87,2.88,3.17,0.84,-0.8,-0.45,-0.6,0.84,1.63,0.14
"420","Salman Al-Faraj",2018,"Saudi Arabia",1.88,2.05,3.38,-0.06,3.25,2.43,0.98,2.45,-0.04,-0.22,0.48,-0.45,-0.31,0.35,0.36,2.79
"421","Taisir Al-Jassim",2018,"Saudi Arabia",-0.42,-0.59,-0.51,-0.8,-0.08,-0.76,-0.26,-0.62,-0.04,0,-0.59,-0.45,-0.89,0.35,-0.06,-0.66
"422","Yahia Al-Shehri",2018,"Saudi Arabia",-0.42,-0.59,-0.51,-0.8,-0.29,-0.67,-0.67,0.04,-0.82,0,-0.8,-0.45,-0.89,-1.11,-0.91,-0.77
"423","Yaseer Al-Shahrani",2018,"Saudi Arabia",-0.42,-0.21,0.27,-0.21,1.98,0.88,0.57,1.35,3.13,0,1.55,1.45,1.75,0.84,-0.06,0.07
"424","Yasser Al-Mosailem",2018,"Saudi Arabia",-0.42,-0.59,-0.51,-0.8,-0.98,0.02,-0.67,-0.62,-0.82,-0.79,-0.8,-0.45,-0.89,-1.11,-0.91,-0.77
"425","Alfred N'Diaye",2018,"Senegal",-0.42,-0.38,-0.51,-0.21,-0.52,-0.5,-0.26,-0.84,-0.38,-0.01,-0.59,-0.45,0.28,-0.62,-0.91,-0.59
"426","Badou Ndiaye",2018,"Senegal",-0.42,-0.41,1.05,-0.5,-0.93,-0.85,-0.26,-0.84,-0.82,-0.13,-0.8,-0.45,-0.6,-0.62,-0.91,0.03
"427","Cheikh N'Doye",2018,"Senegal",-0.42,-0.44,-0.51,0.09,-1.12,-0.93,-0.67,-0.84,-0.6,-0.56,-0.8,-0.45,0.57,-0.62,-0.49,-0.33
"428","Cheikhou Kouyaté",2018,"Senegal",-0.42,-0.59,-0.51,-0.8,-0.64,-0.85,-0.26,-0.62,-0.28,-0.79,-0.38,-0.45,-0.31,-0.62,-0.49,-0.63
"429","Idrissa Gueye",2018,"Senegal",-0.42,-0.41,-0.51,-0.8,1.12,0.62,-0.67,0.48,0.94,-0.32,0.05,-0.45,0.57,1.81,-0.06,-0.59
"430","Ismaïla Sarr",2018,"Senegal",-0.42,0.03,-0.51,0.53,-0.31,-0.07,1.39,3.1,-0.34,-0.46,-0.16,-0.45,0.28,0.84,1.63,0.14
"431","Kalidou Koulibaly",2018,"Senegal",-0.42,-0.59,-0.51,-0.65,0.41,1.31,-0.67,-0.18,0.05,0.51,1.12,0.1,0.57,0.84,-0.91,-0.74
"432","Keita Baldé",2018,"Senegal",-0.42,-0.53,-0.51,-0.65,-1.06,-0.85,0.16,-0.18,-0.34,-0.79,-0.59,-0.45,-0.31,-0.62,0.36,-0.44
"433","Khadim N'Diaye",2018,"Senegal",-0.42,-0.59,-0.51,-0.8,-0.64,1.22,-0.67,-0.84,-0.82,-0.79,-0.59,-0.45,-0.31,-1.11,-0.49,-0.77
"434","Lamine Gassama",2018,"Senegal",-0.42,-0.59,-0.51,-0.8,-0.73,0.1,0.16,-0.84,-0.34,-0.29,-0.38,-0.45,-0.31,-0.62,0.36,-0.77
"435","M'Baye Niang",2018,"Senegal",1.88,1.67,2.6,2.59,-0.22,0.02,0.16,0.26,-0.26,-0.29,-0.38,-0.45,1.16,1.81,0.79,1.32
"436","Mame Biram Diouf",2018,"Senegal",-0.42,-0.3,-0.51,-0.35,-1.16,-0.85,-0.67,-0.84,-0.6,-0.79,-0.8,-0.45,0.28,-0.14,-0.91,-0.77
"437","Moussa Konaté",2018,"Senegal",-0.42,-0.18,-0.51,-0.65,-1.17,-1.02,-0.67,-0.84,-0.82,-0.79,-0.8,-0.45,-0.6,-1.11,-0.91,-0.59
"438","Moussa Wagué",2018,"Senegal",1.88,-0.36,2.6,-0.5,0.13,1.22,0.57,-0.84,-0.6,0.39,0.05,-0.45,-0.89,-0.62,-0.49,1.1
"439","Sadio Mané",2018,"Senegal",1.88,0.61,0.27,0.68,0.15,-0.33,1.39,1.79,-0.34,0.22,-0.59,-0.45,-0.31,2.3,1.63,1.06
"440","Salif Sané",2018,"Senegal",-0.42,0.2,-0.51,0.68,0.51,0.62,-0.67,0.26,-0.26,0.49,2.83,0.81,4.1,-0.62,-0.91,-0.44
"441","Youssouf Sabaly",2018,"Senegal",-0.42,-0.47,-0.51,0.23,0.41,0.96,0.57,0.91,-0.58,-0.09,0.69,-0.45,-0.6,2.79,-0.06,1.03
"442","Adem Ljajic",2018,"Serbia",-0.42,-0.44,1.05,-0.35,-0.12,-0.5,1.81,1.13,-0.57,-0.79,-0.8,-0.45,-0.89,-0.62,-0.91,0.48
"443","Aleksandar Kolarov",2018,"Serbia",1.88,-0.41,0.27,-0.8,0.91,2,-0.67,0.26,-0.82,0.11,0.48,-0.02,1.45,2.3,1.21,0.4
"444","Aleksandar Mitrovic",2018,"Serbia",1.88,4.22,-0.51,5.97,-0.7,-1.1,0.16,-0.4,0.62,-0.79,0.48,-0.02,4.39,1.32,2.06,0.48
"445","Antonio Rukavina",2018,"Serbia",-0.42,-0.59,0.27,-0.21,-0.47,-0.07,-0.26,-0.84,0.35,-0.79,0.26,-0.45,-0.89,-0.14,-0.91,-0.19
"446","Branislav Ivanovic",2018,"Serbia",-0.42,-0.59,2.6,0.23,0.11,1.65,0.57,-0.18,1.23,-0.36,0.91,-0.45,0.57,-0.62,0.79,0.99
"447","Dusan Tadic",2018,"Serbia",-0.42,-0.33,4.15,3.03,-0.1,0.45,0.98,1.35,1.06,-0.11,0.05,-0.45,-0.31,0.35,0.79,5.11
"448","Dusko Tosic",2018,"Serbia",-0.42,0.73,-0.51,-0.5,0.03,0.45,-0.67,0.91,0.39,0.25,0.91,0.42,0.28,0.84,0.79,0.03
"449","Filip Kostic",2018,"Serbia",-0.42,-0.03,-0.51,0.82,-0.81,-1.1,0.57,0.04,0.25,-0.79,-0.8,-0.45,-0.6,0.35,0.36,-0.37
"450","Luka Milivojevic",2018,"Serbia",-0.42,-0.59,0.27,-0.8,0.18,0.02,-0.67,0.26,0.2,-0.6,-0.59,0.51,-0.01,-0.14,0.36,-0.33
"451","Milos Veljkovic",2018,"Serbia",-0.42,-0.59,-0.51,-0.65,-0.47,-0.33,-0.67,-0.18,-0.82,-0.53,-0.59,-0.45,-0.6,-1.11,-0.91,-0.77
"452","Nemanja Matic",2018,"Serbia",-0.42,0.23,-0.51,0.82,0.95,0.27,1.81,2.23,0.5,0.34,-0.16,1.97,1.45,2.3,1.21,-0.19
"453","Nikola Milenkovic",2018,"Serbia",-0.42,-0.59,-0.51,-0.65,0.74,0.88,-0.67,-0.18,0.26,-0.09,2.83,3.21,1.45,-0.62,-0.49,-0.37
"454","Sergej Milinkovic-Savic",2018,"Serbia",-0.42,-0.03,-0.51,1.85,0.41,-0.24,1.39,0.26,-0.32,-0.28,0.05,-0.02,1.75,3.27,-0.06,2.53
"455","Vladimir Stojkovic",2018,"Serbia",-0.42,-0.59,-0.51,-0.8,-0.22,1.91,-0.67,-0.84,-0.57,-0.79,-0.8,-0.45,-0.6,-1.11,-0.91,-0.7
"456","Hong Chul",2018,"South Korea",-0.42,-0.59,-0.51,-0.8,-0.85,-0.33,-0.26,-0.84,-0.77,-0.67,1.12,-0.45,-0.89,-0.14,-0.49,-0.48
"457","Hwang Hee-Chan",2018,"South Korea",-0.42,0.47,-0.51,0.68,-0.87,-0.85,2.22,0.04,1.37,0.11,-0.38,-0.45,-0.6,1.32,1.21,0.7
"458","Jang Hyun-Soo",2018,"South Korea",-0.42,-0.59,-0.51,-0.65,0.28,0.19,0.16,0.48,-0.82,-0.73,2.83,1.55,0.57,1.81,0.36,-0.77
"459","Jo Hyeon-Woo",2018,"South Korea",-0.42,-0.59,-0.51,-0.8,-0.33,1.14,-0.67,-0.84,-0.82,-0.79,-0.38,-0.45,-0.01,-1.11,-0.49,-0.77
"460","Ju Se-Jong",2018,"South Korea",-0.42,-0.59,-0.51,-0.5,-0.72,-0.41,-0.67,-0.18,-0.5,-0.24,-0.8,-0.45,-0.89,0.35,-0.49,-0.22
"461","Jung Woo-Young",2018,"South Korea",-0.42,-0.3,-0.51,-0.8,-0.29,-0.16,-0.26,-0.4,-0.44,-0.61,0.69,-0.32,-0.89,0.84,-0.06,-0.19
"462","Ki Sung-Yueng",2018,"South Korea",-0.42,-0.3,-0.51,-0.06,0.15,-0.24,-0.26,-0.4,-0.48,1.88,0.26,1.77,0.87,1.81,0.36,-0.48
"463","Kim Min-Woo",2018,"South Korea",-0.42,-0.53,0.27,-0.5,-0.41,-0.41,-0.26,-0.18,-0.56,-0.52,0.69,-0.45,-0.31,0.35,-0.91,0.11
"464","Kim Shin-Wook",2018,"South Korea",-0.42,-0.59,-0.51,-0.8,-1.16,-1.02,-0.67,-0.84,-0.82,-0.79,-0.8,-0.45,0.28,0.35,-0.91,-0.59
"465","Kim Young-Gwon",2018,"South Korea",1.88,0.9,-0.51,-0.35,0.2,0.1,0.16,-0.84,-0.71,-0.02,1.55,0.74,-0.01,0.84,-0.06,-0.48
"466","Koo Ja-Cheol",2018,"South Korea",-0.42,-0.47,-0.51,-0.21,-0.85,-1.02,-0.26,-0.18,-0.36,-0.38,-0.59,-0.45,-0.01,-1.11,0.36,-0.52
"467","Lee Jae-Sung",2018,"South Korea",-0.42,0.23,0.27,0.82,0.57,0.36,1.39,0.91,0.2,0.72,-0.16,0.34,0.57,1.81,-0.49,1.5
"468","Lee Seung-Woo",2018,"South Korea",-0.42,-0.53,-0.51,-0.8,-0.94,-0.85,-0.26,-0.62,-0.82,-0.79,-0.8,-0.45,-0.6,-0.14,-0.91,-0.77
"469","Lee Yong",2018,"South Korea",-0.42,-0.53,1.05,-0.65,0.4,1.14,0.16,-0.18,1.12,-0.26,2.61,-0.45,-0.01,1.81,1.21,0.07
"470","Moon Seon-Min",2018,"South Korea",-0.42,-0.21,-0.51,0.82,-0.81,-0.85,0.16,0.48,0.1,-0.24,-0.8,-0.45,-0.89,2.3,-0.91,0.55
"471","Son Heung-Min",2018,"South Korea",4.17,2.87,1.05,2.88,0.01,-0.07,3.04,1.57,-0.82,-0.44,0.48,-0.45,-0.31,0.35,1.21,2.87
"472","Yun Young-Sun",2018,"South Korea",-0.42,-0.59,-0.51,-0.8,-1.06,-1.02,-0.67,-0.84,-0.77,-0.73,0.48,-0.18,-0.89,-0.62,-0.91,-0.77
"473","Andrés Iniesta",2018,"Spain",-0.42,-0.06,-0.51,1.65,2.07,0.86,1.33,0.38,-0.18,-0.79,-0.8,-0.45,-0.49,-0.1,0.26,1.95
"474","Dani Carvajal",2018,"Spain",-0.42,0.2,0.57,-0.18,0.92,0.63,-0.1,0.07,1.11,-0.12,-0.51,-0.45,-0.69,-0.44,-0.32,0.68
"475","David De Gea",2018,"Spain",-0.42,-0.59,-0.51,-0.8,-0.36,1.1,-0.67,-0.84,-0.82,-0.79,-0.8,-0.45,-0.49,-1.11,-0.91,-0.77
"476","David Silva",2018,"Spain",-0.42,0.89,0.57,2.16,1.13,-0.33,0.76,0.53,-0.23,0.47,-0.51,1.07,-0.69,-0.1,-0.91,1.62
"477","Diego Costa",2018,"Spain",4.34,3.45,-0.51,2.36,-0.54,-0.81,0.19,-0.53,-0.16,-0.79,-0.06,-0.45,-0.28,-0.1,-0.32,0.83
"478","Gerard Piqué",2018,"Spain",-0.42,1.7,-0.51,1.55,3.09,2.18,-0.67,4.77,0.5,3.14,1.12,1.03,3.17,-0.1,-0.32,-0.44
"479","Iago Aspas",2018,"Spain",1.17,0.91,-0.51,0.73,-0.98,-0.92,-0.67,-0.68,-0.82,-0.79,-0.65,-0.45,-0.69,-0.44,-0.91,0.27
"480","Isco",2018,"Spain",1.17,1.24,5.41,1.55,4.36,0.98,6.47,7.34,0.47,1.19,-0.51,-0.45,-0.08,-0.77,4.67,4.44
"481","Jordi Alba",2018,"Spain",-0.42,-0.39,0.03,-0.08,3.9,1.76,0.19,0.68,1.07,1.8,0.23,-0.45,-0.89,-0.44,-0.03,1.44
"482","Koke",2018,"Spain",-0.42,-0.22,1.11,-0.59,2.15,0.45,-0.1,-0.08,1.81,0.41,-0.21,0.91,-0.89,-1.11,-0.62,0.5
"483","Lucas Vázquez",2018,"Spain",-0.42,-0.59,-0.51,-0.39,-0.91,-0.81,-0.1,-0.53,-0.16,-0.12,-0.51,-0.45,-0.89,-0.44,-0.03,-0.72
"484","Marco Asensio",2018,"Spain",-0.42,-0.37,0.57,-0.29,-0.53,-0.81,-0.1,-0.23,-0.82,-0.79,-0.65,-0.45,-0.89,-1.11,-0.62,-0.04
"485","Nacho",2018,"Spain",1.17,-0.51,0.57,-0.59,0.04,0.09,0.19,-0.38,2.8,0.41,-0.65,-0.45,-0.69,-0.1,0.26,0.09
"486","Rodrigo",2018,"Spain",-0.42,0.02,-0.51,-0.39,-1.2,-1.1,-0.38,-0.84,-0.82,-0.79,-0.8,-0.45,-0.69,-1.11,-0.62,-0.67
"487","Sergio Busquets",2018,"Spain",-0.42,0.55,-0.51,0.83,2.56,0.51,0.19,-0.08,1.73,3.08,-0.8,0.91,1.14,0.58,2.61,0.32
"488","Sergio Ramos",2018,"Spain",-0.42,0.89,-0.51,0.83,5.12,2.65,-0.67,2.34,2.46,1.76,0.08,0.91,1.55,0.24,0.26,-0.01
"489","Thiago",2018,"Spain",-0.42,-0.35,-0.51,-0.29,0.19,-0.81,0.47,-0.23,0.41,-0.14,-0.8,-0.45,-0.69,-0.77,-0.62,-0.01
"490","Albin Ekdal",2018,"Sweden",-0.42,0.43,-0.51,-0.62,0.25,-0.28,1.31,0.35,-0.48,-0.07,0.73,-0.19,0.52,-0.82,1.12,-0.38
"491","Andreas Granqvist",2018,"Sweden",2.33,2.45,-0.51,0.88,0.38,0.5,-0.17,0.61,-0.72,0.47,3.94,4.04,0.87,1.52,0.62,0.17
"492","Emil Forsberg",2018,"Sweden",0.96,1.33,-0.51,-0.09,-0.29,-0.69,1.06,0.35,-0.38,0.53,-0.03,-0.24,-0.37,-0.23,1.63,-0.18
"493","Emil Krafth",2018,"Sweden",-0.42,-0.59,0.42,-0.8,-0.8,-0.43,-0.17,-0.57,-0.82,-0.79,-0.03,-0.06,-0.72,-1.11,-0.91,-0.44
"494","Gustav Svensson",2018,"Sweden",-0.42,-0.59,-0.51,-0.8,-1.04,-1.05,-0.42,-0.84,-0.76,-0.73,-0.03,-0.16,-0.54,-0.82,-0.91,-0.77
"495","Isaac Kiese Thelin",2018,"Sweden",-0.42,-0.59,-0.51,-0.27,-1.18,-1.05,-0.67,-0.7,-0.82,-0.79,-0.67,-0.45,-0.19,-0.23,-0.91,-0.77
"496","John Guidetti",2018,"Sweden",-0.42,-0.55,-0.51,-0.44,-1.21,-1,-0.67,-0.84,-0.82,-0.76,-0.67,-0.45,-0.89,-0.82,-0.66,-0.53
"497","Ludwig Augustinsson",2018,"Sweden",0.96,0.48,2.29,-0.53,-0.01,0.81,-0.42,-0.31,-0.18,0.02,1.25,-0.19,0.16,-0.23,-0.4,1.12
"498","Marcus Berg",2018,"Sweden",-0.42,3.19,-0.51,3.88,-0.55,-0.85,-0.17,-0.44,-0.24,-0.41,-0.29,-0.39,1.4,3.27,1.89,0.7
"499","Martin Olsson",2018,"Sweden",-0.42,-0.59,-0.04,-0.8,-1.16,-0.95,-0.67,-0.84,-0.82,-0.79,-0.8,-0.45,-0.54,-0.82,-0.66,-0.55
"500","Mikael Lustig",2018,"Sweden",-0.42,-0.55,0.89,-0.18,-0.29,0.6,-0.42,-0.84,-0.38,-0.53,2.14,0.83,0.69,0.06,-0.15,0.68
"501","Ola Toivonen",2018,"Sweden",0.96,0.48,-0.51,1.59,-0.57,-0.79,-0.17,-0.57,-0.77,-0.79,-0.16,-0.33,1.57,0.06,2.14,0.99
"502","Oscar Hiljemark",2018,"Sweden",-0.42,-0.59,-0.51,-0.8,-1.2,-1.1,-0.67,-0.84,-0.82,-0.74,-0.67,-0.45,-0.89,-1.11,-0.66,-0.77
"503","Pontus Jansson",2018,"Sweden",-0.42,-0.5,-0.51,-0.09,-0.66,-0.48,-0.67,-0.84,-0.82,-0.01,-0.67,-0.45,1.04,-0.23,-0.91,-0.44
"504","Robin Olsen",2018,"Sweden",-0.42,-0.59,-0.51,-0.8,-0.41,1.63,-0.67,-0.57,-0.82,-0.79,-0.42,-0.45,-0.54,-1.11,-0.66,-0.77
"505","Sebastian Larsson",2018,"Sweden",-0.42,-0.55,1.36,-0.8,0.25,-0.07,-0.67,-0.18,-0.43,-0.76,0.35,-0.26,-0.37,1.52,-0.4,0.64
"506","Victor Lindelöf",2018,"Sweden",-0.42,-0.59,-0.51,-0.8,-0.33,-0.17,-0.42,0.21,-0.6,-0.58,1.89,-0.32,0.34,-0.82,-0.91,-0.55
"507","Viktor Claesson",2018,"Sweden",-0.42,0.9,-0.51,0.79,-0.12,0.14,0.82,-0.31,0.67,0.98,0.09,-0.09,0.69,0.35,0.62,1.5
"508","Blerim Džemaili",2018,"Switzerland",1.3,3.94,-0.51,2.18,-0.14,-0.59,0.26,0.64,2.07,0.07,-0.64,1.07,-0.45,1.81,0.36,-0.03
"509","Breel Embolo",2018,"Switzerland",-0.42,0.09,0.08,1.63,-0.81,-0.72,0.57,-0.51,-0.23,0.42,-0.48,-0.45,0.21,-0.01,0.36,0.52
"510","Denis Zakaria",2018,"Switzerland",-0.42,-0.59,0.08,-0.8,-0.9,-0.97,-0.67,-0.67,0.36,-0.79,-0.8,-0.45,-0.89,-0.01,-0.59,-0.47
"511","Fabian Schär",2018,"Switzerland",-0.42,-0.48,-0.51,-0.02,1.37,1.48,-0.67,0.15,-0.32,3.98,0.8,0.72,1.09,0.35,0.36,-0.2
"512","Granit Xhaka",2018,"Switzerland",1.3,-0.44,0.08,-0.8,3.21,1.42,0.26,1.46,1.88,0.68,-0.32,1.49,-0.23,0.35,0.36,-0.42
"513","Haris Seferović",2018,"Switzerland",-0.42,-0.46,-0.51,-0.13,-1.1,-0.97,-0.67,-0.84,-0.82,-0.79,0,-0.45,-0.23,-0.01,-0.59,-0.58
"514","Johan Djourou",2018,"Switzerland",-0.42,-0.44,-0.51,-0.13,-0.42,-0.85,-0.67,-0.67,-0.82,-0.79,0.32,-0.45,-0.01,-0.74,0.04,-0.66
"515","Josip Drmić",2018,"Switzerland",1.3,0.6,-0.51,-0.02,-1.04,-1.1,-0.67,-0.84,-0.82,-0.11,-0.8,-0.45,-0.23,-1.11,-0.59,-0.66
"516","Manuel Akanji",2018,"Switzerland",-0.42,-0.37,-0.51,-0.58,2.62,2.38,0.26,3.27,3.51,2.98,0.96,2.44,1.31,-0.01,1,-0.72
"517","Mario Gavranović",2018,"Switzerland",-0.42,0.77,-0.51,0.42,-1.14,-1.04,-0.67,-0.84,-0.22,-0.79,-0.8,-0.45,-0.67,-0.74,0.04,-0.61
"518","Michael Lang",2018,"Switzerland",-0.42,-0.48,0.08,-0.46,-0.5,-0.72,-0.67,-0.67,-0.82,1.49,0.16,-0.45,-0.89,-0.01,-0.91,-0.47
"519","Ricardo Rodríguez",2018,"Switzerland",-0.42,-0.24,5.9,-0.02,1.14,2.26,1.5,0.31,1.56,1.71,0.64,-0.45,-0.23,0.72,0.04,2.95
"520","Stephan Lichtsteiner",2018,"Switzerland",-0.42,-0.48,1.82,-0.35,0.5,1.54,-0.05,0.48,2.75,1.19,0,3.48,-0.23,-0.38,0.36,0.69
"521","Steven Zuber",2018,"Switzerland",1.3,0.75,-0.51,0.31,-0.32,-0.46,-0.05,0.15,0.44,0.14,-0.48,-0.45,-0.67,-0.38,-0.91,0.27
"522","Valon Behrami",2018,"Switzerland",-0.42,-0.55,-0.51,-0.69,1.87,0.19,-0.05,0.31,3.06,1.07,-0.48,0.13,-0.45,2.18,0.68,-0.64
"523","Xherdan Shaqiri",2018,"Switzerland",1.3,1.06,2.4,0.31,0.85,0.32,1.19,1.79,0.35,0.34,-0.8,1.07,-0.89,-0.01,1.95,2.15
"524","Yann Sommer",2018,"Switzerland",-0.42,-0.59,-0.51,-0.8,0.32,2,-0.36,-0.67,-0.82,-0.79,-0.48,-0.45,-0.89,-1.11,-0.91,-0.77
"525","Ali Maâloul",2018,"Tunisia",-0.42,-0.59,1.05,-0.8,0.57,2,0.16,0.04,-0.82,-0.3,-0.16,0.66,-0.89,-0.62,-0.49,0.7
"526","Anice Badri",2018,"Tunisia",-0.42,-0.06,-0.51,-0.06,0.2,-0.76,0.57,0.7,-0.61,-0.57,-0.8,0.04,-0.89,0.35,-0.06,0.51
"527","Aymen Mathlouthi",2018,"Tunisia",-0.42,-0.59,-0.51,-0.8,-0.81,-0.33,-0.67,-0.84,-0.82,-0.79,-0.8,-0.45,-0.6,-1.11,-0.49,-0.77
"528","Dylan Bronn",2018,"Tunisia",1.88,-0.33,0.27,-0.35,-0.43,-0.33,-0.67,-0.4,-0.13,-0.35,-0.16,0.04,-0.31,-0.62,-0.49,0.07
"529","Ellyes Skhiri",2018,"Tunisia",-0.42,-0.59,-0.51,-0.8,1.52,-0.24,0.16,-0.4,1.19,2.72,-0.38,0.66,0.28,1.81,-0.91,-0.66
"530","Fakhreddine Ben Youssef",2018,"Tunisia",1.88,2.46,-0.51,1.71,0.09,0.62,-0.67,0.26,-0.18,0.61,0.91,-0.45,0.28,0.35,1.63,0.48
"531","Farouk Ben Mustapha",2018,"Tunisia",-0.42,-0.59,-0.51,-0.8,-0.62,0.1,-0.67,-0.84,-0.82,-0.3,-0.59,-0.45,-0.89,-1.11,-0.49,-0.77
"532","Ferjani Sassi",2018,"Tunisia",1.88,2.22,-0.51,-0.65,1.12,0.27,-0.26,-0.4,0.28,-0.08,-0.38,-0.45,-0.6,1.81,-0.49,0.88
"533","Ghaylen Chaaleli",2018,"Tunisia",-0.42,-0.47,0.27,-0.8,-0.03,-0.5,-0.26,-0.62,3.62,0.12,-0.8,-0.45,-0.6,1.32,0.36,-0.48
"534","Hamdi Naguez",2018,"Tunisia",-0.42,-0.59,-0.51,-0.06,0.32,0.88,0.98,0.91,1.44,0.12,-0.59,-0.45,-0.01,0.35,-0.06,0.59
"535","Naïm Sliti",2018,"Tunisia",-0.42,0.17,-0.51,0.38,-0.49,-0.85,1.81,0.48,-0.34,-0.57,-0.59,-0.45,-0.6,-0.62,0.36,0.03
"536","Oussama Haddadi",2018,"Tunisia",-0.42,-0.59,1.05,-0.21,-0.66,-0.07,-0.67,-0.62,0.06,2.83,-0.16,-0.45,-0.6,-0.62,-0.91,0.66
"537","Rami Bedoui",2018,"Tunisia",-0.42,-0.59,-0.51,-0.06,0.15,0.53,-0.26,0.04,-0.82,-0.79,-0.59,-0.45,1.16,-1.11,-0.49,-0.77
"538","Saif-Eddine Khaoui",2018,"Tunisia",-0.42,-0.36,-0.51,-0.35,-0.7,-0.67,0.57,-0.62,-0.82,-0.3,-0.59,-0.45,-0.89,-0.14,-0.06,-0.59
"539","Syam Ben Youssef",2018,"Tunisia",-0.42,-0.59,-0.51,-0.65,-0.56,-0.85,0.16,-0.84,0.09,-0.35,0.05,1.15,-0.6,1.32,-0.49,-0.77
"540","Wahbi Khazri",2018,"Tunisia",4.17,3.78,3.38,2.15,0.01,-0.24,-0.67,0.26,0.55,-0.3,-0.8,-0.45,-0.6,-0.14,0.79,2.2
"541","Yassine Meriah",2018,"Tunisia",-0.42,-0.59,-0.51,-0.8,2,2.51,-0.26,1.79,-0.13,0.33,0.91,2.71,0.87,0.84,0.79,-0.77
"542","Yohan Benalouane",2018,"Tunisia",-0.42,-0.59,-0.51,-0.8,-1.1,-0.93,-0.67,-0.84,-0.34,0.2,-0.8,-0.45,-0.6,-0.62,-0.49,-0.77
"543","Carlos Sánchez",2018,"Uruguay",-0.42,0.06,2.75,-0.35,-0.71,-0.48,-0.42,-0.18,-0.38,-0.73,-0.55,-0.45,-0.72,-0.82,0.11,1.1
"544","Cristhian Stuani",2018,"Uruguay",-0.42,-0.54,-0.51,-0.44,-1.19,-1.1,-0.67,-0.84,-0.63,-0.69,-0.8,-0.45,-0.19,0.35,-0.15,-0.77
"545","Cristian Rodríguez",2018,"Uruguay",-0.42,-0.43,-0.51,0.35,-0.62,-0.43,-0.42,-0.57,-0.77,-0.21,-0.67,-0.45,-0.37,-0.52,-0.4,-0.22
"546","Diego Godín",2018,"Uruguay",-0.42,0.9,-0.51,0,0.98,1.43,0.57,1,0.82,3.27,2.14,0.56,0.69,0.35,0.36,-0.27
"547","Diego Laxalt",2018,"Uruguay",-0.42,-0.55,0.42,-0.8,-0.21,0.24,-0.17,-0.44,-0.61,-0.51,0.73,-0.45,-0.37,0.06,0.36,-0.33
"548","Edinson Cavani",2018,"Uruguay",3.71,3.03,-0.04,1.32,-0.45,-0.33,1.06,-0.18,0.35,-0.73,-0.55,-0.45,-0.37,0.06,0.62,1.48
"549","Fernando Muslera",2018,"Uruguay",-0.42,-0.59,-0.51,-0.8,-0.11,1.79,-0.67,-0.84,-0.82,-0.79,-0.8,-0.45,-0.37,-1.11,-0.66,-0.77
"550","Giorgian de Arrascaeta",2018,"Uruguay",-0.42,-0.33,0.89,-0.53,-0.82,-0.79,-0.17,-0.44,0.05,-0.34,-0.8,-0.45,-0.72,-0.82,-0.4,0.04
"551","Gullermo Varela",2018,"Uruguay",-0.42,-0.59,-0.04,-0.62,-0.03,-0.12,-0.42,-0.57,0.76,-0.34,-0.55,-0.45,-0.72,-1.11,-0.4,-0.38
"552","José Giménez",2018,"Uruguay",0.96,-0.33,-0.51,0.88,0.43,0.5,-0.42,-0.18,0.03,3.55,1.89,-0.18,0.87,-0.23,-0.66,-0.6
"553","Lucas Torreira",2018,"Uruguay",-0.42,-0.52,-0.04,-0.8,0.19,-0.28,-0.42,-0.7,-0.54,1.81,0.61,1.68,-0.01,0.06,0.87,0.11
"554","Luis Suárez",2018,"Uruguay",2.33,1.66,0.89,1.76,-0.26,-0.54,0.32,0.21,-0.82,0.17,-0.16,-0.32,-0.01,0.35,1.89,1.7
"555","Martín Cáceres",2018,"Uruguay",-0.42,1.22,0.42,0.97,0.89,1.07,0.07,0.08,-0.67,0.51,0.48,-0.45,-0.01,0.06,-0.4,0.17
"556","Matías Vecino",2018,"Uruguay",-0.42,-0.33,-0.51,0.18,1.18,0.65,-0.17,0.87,0.03,3.37,-0.42,0.13,1.22,1.23,-0.15,-0.51
"557","Maxi Gómez",2018,"Uruguay",-0.42,-0.59,-0.51,-0.44,-1.22,-1.05,-0.67,-0.84,-0.73,-0.79,-0.8,-0.45,-0.54,-0.82,-0.66,-0.49
"558","Nahitan Nández",2018,"Uruguay",-0.42,-0.55,-0.04,-0.44,-0.16,0.24,0.07,0.87,0.78,0.1,-0.29,-0.24,1.22,0.64,0.87,-0.27
"559","Rodrigo Bentancur",2018,"Uruguay",-0.42,0.27,-0.51,-0.27,0.99,0.03,0.57,1.13,0.82,2.49,-0.55,0.56,-0.19,1.23,0.87,0.24
"560","Sebastián Coates",2018,"Uruguay",-0.42,-0.59,-0.51,-0.8,-0.62,-0.79,-0.67,-0.84,-0.82,-0.35,-0.55,-0.45,-0.72,-0.52,-0.91,-0.77
"561","Abdelmouméne Djabou",2014,"Algeria",2.6,0.85,1.03,-0.07,-0.86,-0.79,0.22,0.32,-0.56,0.06,-0.62,-0.52,-0.81,-0.5,0.5,0.29
"562","Aïssa Mandi",2014,"Algeria",-0.43,-0.57,-0.02,-0.68,0.05,1.32,-0.38,-0.31,0.04,0.48,0.32,0.2,-0.26,0.15,-0.1,-0.25
"563","Carl Medjani",2014,"Algeria",-0.43,-0.35,-0.54,-0.07,-0.46,-0.57,-0.68,-0.94,0.26,0.12,0.01,-0.52,1.67,1.12,0.2,-0.09
"564","Djamel Mesbah",2014,"Algeria",-0.43,-0.47,0.5,-0.56,-0.03,1.16,-0.38,0.16,0.05,-0.38,0.53,-0.52,0.02,0.47,-0.4,-0.17
"565","Essaïd Belkalem",2014,"Algeria",-0.43,-0.49,-0.54,-0.44,-0.67,-0.62,-0.68,-0.78,-0.78,0.31,1.48,0.81,0.85,-0.5,-0.4,-0.79
"566","Faouzi Ghoulam",2014,"Algeria",-0.43,-0.47,-0.54,-0.56,-0.16,0.35,-0.38,-0.47,-0.66,-0.63,0.32,-0.52,-0.53,-0.5,-0.7,-0.63
"567","Hillel Soudani",2014,"Algeria",-0.43,-0.47,-0.02,-0.19,-1.07,-0.95,-0.68,-0.16,-0.72,-0.7,-0.41,-0.52,0.02,-0.18,0.5,-0.52
"568","Islam Slimani",2014,"Algeria",2.6,3.12,-0.54,2.26,-0.51,-1.11,-0.38,-0.47,-0.64,-0.56,-0.2,-0.52,2.22,0.8,-0.4,0.05
"569","Madjid Bouguerra",2014,"Algeria",-0.43,-0.47,-0.54,-0.44,-0.22,-0.35,-0.68,-0.47,-0.08,-0.11,0.64,-0.19,-0.26,-0.82,-0.1,-0.79
"570","Medhi Lacen",2014,"Algeria",-0.43,-0.57,-0.54,-0.8,-0.73,-0.79,-0.38,-0.94,-0.72,-0.51,-0.72,-0.52,-0.53,-0.5,-0.1,-0.79
"571","Mehdi Mostefa",2014,"Algeria",-0.43,-0.31,-0.54,-0.44,-0.76,-0.51,-0.68,-0.94,-0.72,-0.76,-0.51,-0.52,-0.81,0.47,-0.4,-0.79
"572","Nabil Bentaleb",2014,"Algeria",-0.43,-0.55,-0.54,-0.8,0.35,-0.46,0.22,-0.31,0.23,-0.76,-0.41,-0.36,-0.26,0.47,-0.7,-0.79
"573","Nabil Ghilas",2014,"Algeria",-0.43,-0.33,-0.54,-0.44,-1.32,-1,-0.38,-0.78,-0.73,-0.64,-0.41,-0.52,-0.26,-0.5,-0.99,-0.71
"574","Rafik Halliche",2014,"Algeria",1.09,0.53,-0.54,0.05,0.32,-0.24,-0.68,-0.16,-0.18,0.61,3.05,0.2,0.57,0.15,-0.99,-0.79
"575","Rais M'Bolhi",2014,"Algeria",-0.43,-0.57,-0.54,-0.8,-0.54,1.32,-0.68,-0.94,-0.9,-0.82,-0.41,-0.52,-0.81,-1.15,-0.7,-0.54
"576","Riyad Mahrez",2014,"Algeria",-0.43,-0.51,-0.02,-0.68,-1.19,-1.11,-0.68,-0.78,-0.79,-0.7,-0.62,-0.52,-0.53,-0.18,-0.4,-0.54
"577","Saphir Taïder",2014,"Algeria",-0.43,-0.57,-0.02,-0.56,-0.72,-0.84,-0.08,-0.94,-0.66,-0.76,-0.72,-0.52,-0.81,0.15,0.8,-0.44
"578","Sofiane Feghouli",2014,"Algeria",1.09,1.24,-0.02,0.42,0.02,-0.41,1.41,0.79,-0.38,-0.07,-0.31,-0.52,1.12,0.47,1.09,0.48
"579","Yacine Brahimi",2014,"Algeria",1.09,0.63,1.55,0.3,-0.16,-0.35,2.01,-0.16,0.29,-0.82,-0.72,-0.52,-0.26,0.8,0.8,1.62
"580","Enzo Pérez",2014,"Argentina",-0.43,-0.57,-0.26,-0.67,-0.68,-0.84,-0.03,-0.09,-0.6,-0.71,-0.55,-0.37,-0.66,-1.15,-0.51,-0.45
"581","Ezequiel Garay",2014,"Argentina",-0.43,0.87,-0.54,0.26,1.17,0.27,-0.68,-0.26,0.22,1.68,3.3,0.48,2.03,0.08,-0.67,-0.79
"582","Ezequiel Lavezzi",2014,"Argentina",-0.43,-0.35,0.59,0.66,-0.61,-0.72,0.78,0.68,-0.54,-0.69,-0.67,-0.52,-0.51,-0.8,0.95,0.3
"583","Federico Fernández",2014,"Argentina",-0.43,-0.43,-0.54,-0.14,0.19,-0.17,-0.68,-0.35,0.53,0.6,0.81,2.04,0.53,-0.45,0.14,-0.79
"584","Fernando Gago",2014,"Argentina",-0.43,-0.54,-0.54,-0.67,1.46,0.42,-0.52,1.61,0.82,0.18,-0.33,-0.52,0.09,-0.27,0.62,-0.3
"585","Gonzalo Higuaín",2014,"Argentina",0.39,1.97,-0.54,1.45,-0.43,-0.75,-0.35,-0.26,-0.78,-0.47,-0.44,-0.52,-0.51,-0.27,-0.02,0.15
"586","Hugo Campagnaro",2014,"Argentina",-0.43,-0.57,-0.54,-0.8,-1.06,-0.96,-0.52,-0.77,-0.9,-0.37,-0.55,0.1,-0.66,-1.15,-0.67,-0.79
"587","Javier Mascherano",2014,"Argentina",-0.43,-0.47,-0.54,-0.8,3.05,1.18,-0.52,1.61,3.79,2.03,0.18,2.57,0.39,0.61,1.59,-0.33
"588","José Basanta",2014,"Argentina",-0.43,-0.57,-0.26,-0.74,-1.07,-0.78,-0.68,-0.94,-0.28,-0.43,-0.16,0.17,-0.81,-0.8,-0.67,-0.71
"589","Lionel Messi",2014,"Argentina",2.85,1.34,2.01,1.05,0.68,0.24,6.75,3.23,0.72,-0.62,-0.72,-0.52,-0.81,-0.09,1.92,4.2
"590","Lucas Biglia",2014,"Argentina",-0.43,-0.54,-0.54,-0.8,-0.15,-0.55,-0.68,-0.6,0.14,0.15,-0.55,-0.52,-0.36,-0.09,0.46,-0.74
"591","Marcos Rojo",2014,"Argentina",0.39,0.3,1.16,0.32,0.73,0.65,-0.19,-0.43,2.4,1.89,0.75,0.25,0.24,0.08,0.14,0.69
"592","Martín Demichelis",2014,"Argentina",-0.43,-0.57,-0.54,-0.8,-0.35,-0.4,-0.68,0.16,-0.5,0.58,0.41,-0.24,0.39,-0.45,-0.51,-0.79
"593","Maxi Rodríguez",2014,"Argentina",-0.43,-0.44,-0.54,-0.67,-1.11,-1.05,-0.52,-0.86,-0.46,-0.49,-0.72,-0.52,-0.81,-1.15,-0.99,-0.63
"594","Pablo Zabaleta",2014,"Argentina",-0.43,-0.54,0.02,-0.14,1.2,0.86,-0.52,-0.35,1.62,1.4,0.81,1.57,-0.06,-0.09,-0.19,-0.44
"595","Ricardo Alvarez",2014,"Argentina",-0.43,-0.57,-0.54,-0.54,-1.33,-1.13,-0.68,-0.86,-0.9,-0.58,-0.72,-0.52,-0.66,-1.15,-0.67,-0.77
"596","Rodrigo Palacio",2014,"Argentina",-0.43,0.28,-0.54,0.39,-1.2,-1.05,0.13,-0.77,-0.9,-0.82,-0.5,-0.52,-0.66,-0.09,-0.99,-0.7
"597","Sergio Agüero",2014,"Argentina",-0.43,-0.17,-0.54,1.32,-0.99,-1.05,-0.68,-0.52,-0.63,-0.54,-0.67,-0.52,-0.21,-0.45,-0.51,-0.58
"598","Sergio Romero",2014,"Argentina",-0.43,-0.57,-0.54,-0.8,-0.27,1.59,-0.68,-0.86,-0.9,-0.82,-0.67,-0.52,-0.66,-1.15,-0.99,-0.76
"599","Ángel Di María",2014,"Argentina",0.39,0.16,3.43,0.86,0.39,0.3,3.36,1.1,0.91,-0.82,-0.55,-0.52,-0.81,-0.62,0.46,1.85
"600","Adam Taggart",2014,"Australia",-0.43,-0.57,-0.54,-0.8,-1.37,-1.16,-0.68,-0.94,-0.9,-0.82,-0.72,-0.52,-0.81,-1.15,-0.99,-0.79
"601","Alex Wilkinson",2014,"Australia",-0.43,-0.57,-0.54,-0.63,1.23,0.16,-0.68,-0.71,-0.9,0.37,2,-0.13,-0.01,0.73,-0.99,-0.79
"602","Ben Halloran",2014,"Australia",-0.43,-0.57,0.21,-0.63,-1,-0.93,0.62,0.42,-0.51,-0.01,-0.42,-0.52,-0.81,-0.68,1.16,-0.55
"603","Ivan Franjic",2014,"Australia",-0.43,-0.57,0.21,-0.8,-1,-0.46,-0.68,-0.03,-0.9,-0.39,-0.42,-0.13,-0.41,-1.15,-0.56,-0.28
"604","James Troisi",2014,"Australia",-0.43,-0.49,-0.54,-0.63,-0.93,-1.09,-0.25,-0.71,-0.44,-0.82,-0.72,-0.52,-0.81,-0.68,-0.56,-0.2
"605","Jason Davidson",2014,"Australia",-0.43,-0.57,1.73,-0.8,1.46,1.65,-0.25,0.87,-0.37,2.17,1.09,1.62,3.17,2.13,1.16,0.77
"606","Mark Bresciano",2014,"Australia",-0.43,0.58,0.21,0.61,0.13,-0.62,1.48,-0.03,-0.9,-0.27,-0.72,-0.52,-0.81,0.73,-0.13,-0.09
"607","Mark Milligan",2014,"Australia",-0.43,-0.49,-0.54,-0.8,-0.61,-1.01,-0.25,-0.49,-0.62,-0.53,-0.42,-0.13,-0.81,-0.21,-0.99,-0.55
"608","Mathew Leckie",2014,"Australia",-0.43,1.07,0.21,1.67,0.08,-0.38,3.2,3.14,-0.9,1.39,-0.72,-0.52,0.39,0.73,1.16,0.93
"609","Mathew Ryan",2014,"Australia",-0.43,-0.57,-0.54,-0.8,1.05,3.52,-0.25,-0.71,-0.9,-0.82,-0.57,-0.52,-0.81,-1.15,-0.99,-0.79
"610","Matt McKay",2014,"Australia",-0.43,-0.43,0.21,-0.27,0.54,0.01,-0.25,-0.94,-0.44,-0.18,-0.57,-0.52,-0.41,0.26,-0.13,0.03
"611","Matthew Spiranovic",2014,"Australia",-0.43,0.61,-0.54,-0.45,1.23,0.16,0.18,0.87,-0.9,0.28,1.55,0.77,-0.01,1.19,0.3,-0.79
"612","Mile Jedinak",2014,"Australia",1.76,1.79,-0.54,-0.63,1.28,0.63,-0.68,-0.03,0.01,0.77,-0.27,2.34,0.78,1.66,0.73,-0.48
"613","Oliver Bozanic",2014,"Australia",-0.43,-0.37,-0.54,-0.27,-0.61,-0.93,-0.25,-0.03,-0.67,-0.82,-0.57,-0.52,-0.41,-0.21,-0.13,-0.79
"614","Ryan McGowan",2014,"Australia",-0.43,-0.57,-0.54,-0.63,0.54,1.49,0.18,0.65,1.46,-0.53,0.64,-0.52,-0.81,0.26,0.3,-0.44
"615","Tim Cahill",2014,"Australia",3.95,1.07,-0.54,2.38,-0.66,-0.93,-0.68,-0.26,-0.9,-0.42,-0.42,-0.52,1.18,2.13,-0.56,-0.24
"616","Tommy Oar",2014,"Australia",-0.43,-0.4,2.48,0.08,-0.89,-0.7,0.62,0.19,-0.48,-0.82,-0.72,-0.52,-0.81,-0.68,1.16,1.52
"617","Adnan Januzaj",2014,"Belgium",-0.43,-0.57,-0.54,-0.8,-1.26,-0.99,-0.19,-0.81,-0.59,-0.66,-0.72,-0.52,-0.81,-0.88,-0.51,-0.57
"618","Anthony Vanden Borre",2014,"Belgium",-0.43,-0.57,-0.54,-0.41,-0.89,-0.68,-0.43,-0.3,-0.75,-0.82,-0.38,-0.52,-0.81,-0.88,-0.75,-0.79
"619","Axel Witsel",2014,"Belgium",-0.43,-0.09,-0.54,-0.71,1.23,-0.33,-0.43,-0.18,1.21,1.46,0.04,-0.52,0.98,-0.09,1.67,-0.57
"620","Daniel van Buyten",2014,"Belgium",-0.43,-0.31,-0.54,0.89,1.43,0.73,-0.43,1.1,-0.59,2.03,1.83,3.82,3.9,-0.36,-0.27,-0.13
"621","Divock Origi",2014,"Belgium",0.8,0.73,-0.12,1.09,-0.95,-1.03,1.5,0.21,-0.75,-0.65,-0.72,-0.52,0.31,0.17,-0.27,0.16
"622","Dries Mertens",2014,"Belgium",0.8,0.95,2.01,1.09,-0.56,-0.46,1.02,0.72,-0.33,-0.41,-0.72,-0.52,-0.81,0.43,0.22,1.39
"623","Eden Hazard",2014,"Belgium",-0.43,-0.05,-0.54,0.89,0.46,-0.02,4.17,4.93,-0.17,0.75,-0.64,-0.52,-0.81,0.43,1.67,1.39
"624","Jan Vertonghen",2014,"Belgium",0.8,0.84,0.73,0.19,1.03,1.34,0.53,0.33,0.25,2.09,1.91,1.84,0.98,0.17,-0.27,0.64
"625","Kevin De Bruyne",2014,"Belgium",0.8,0.77,2.44,-0.11,0.72,0.29,0.05,1.36,1.95,0.78,-0.64,-0.52,-0.36,-0.09,-0.75,2.55
"626","Kevin Mirallas",2014,"Belgium",-0.43,0.4,1.58,0.89,-0.78,-0.37,0.78,0.97,-0.39,-0.66,-0.72,-0.52,-0.81,-0.09,-0.75,0.82
"627","Marouane Fellaini",2014,"Belgium",0.8,0.32,-0.54,3.38,0.33,-0.68,0.53,-0.05,1.23,0.17,0.04,-0.52,3.9,3.86,-0.02,0.13
"628","Mousa Dembélé",2014,"Belgium",-0.43,-0.54,-0.54,-0.8,-0.32,-1.08,0.29,0.08,0.12,-0.66,-0.64,0.35,-0.14,0.17,0.46,-0.57
"629","Nacer Chadli",2014,"Belgium",-0.43,-0.35,-0.12,-0.21,-0.83,-0.99,0.29,-0.18,-0.75,-0.66,-0.72,-0.52,-0.59,0.17,-0.99,-0.15
"630","Nicolas Lombaerts",2014,"Belgium",-0.43,-0.57,-0.54,-0.8,-1.09,-1.03,-0.68,-0.94,-0.59,-0.66,-0.13,-0.08,-0.14,-0.62,-0.99,-0.79
"631","Romelu Lukaku",2014,"Belgium",0.8,0.21,-0.12,0.49,-1.05,-1.03,0.05,-0.43,-0.5,-0.82,-0.72,-0.52,-0.14,-0.36,-0.99,-0.33
"632","Steven Defour",2014,"Belgium",-0.43,-0.57,-0.54,-0.8,-1.09,-1.16,-0.43,-0.56,-0.59,-0.82,-0.55,-0.52,-0.81,-0.62,-0.75,-0.79
"633","Thibaut Courtois",2014,"Belgium",-0.43,-0.57,-0.54,-0.8,-0.33,1.78,-0.68,-0.56,-0.9,-0.82,-0.55,-0.52,-0.81,-1.15,-0.75,-0.61
"634","Thomas Vermaelen",2014,"Belgium",-0.43,-0.57,-0.54,-0.8,-1.17,-0.81,-0.68,-0.81,-0.9,-0.82,-0.47,-0.52,-0.59,-0.88,-0.99,-0.79
"635","Toby Alderweireld",2014,"Belgium",-0.43,-0.51,0.31,-0.8,0.9,0.86,0.05,-0.18,1.42,0.09,0.72,0.88,0.53,0.7,0.46,0.51
"636","Vincent Kompany",2014,"Belgium",-0.43,-0.18,-0.54,-0.11,0.91,0.42,-0.43,2.5,0.71,0.72,0.64,0.66,0.53,-0.09,-0.75,-0.26
"637","Anel Hadzic",2014,"Bosnia and Herzegovina",-0.43,-0.57,-0.54,-0.45,-0.75,-0.62,-0.68,-0.94,-0.9,-0.12,-0.42,-0.52,-0.81,-0.68,-0.99,-0.51
"638","Asmir Begovic",2014,"Bosnia and Herzegovina",-0.43,-0.57,-0.54,-0.8,-0.2,1.88,-0.68,-0.94,-0.9,-0.82,-0.72,-0.52,-0.81,-1.15,-0.99,-0.79
"639","Avdija Vrsajevic",2014,"Bosnia and Herzegovina",1.76,-0.31,0.97,0.26,-0.52,-0.54,-0.68,0.19,-0.21,0.58,-0.57,-0.52,-0.41,-0.68,-0.99,0.03
"640","Edin Dzeko",2014,"Bosnia and Herzegovina",1.76,2.83,-0.54,4.33,-0.24,-0.77,-0.25,-0.49,-0.3,-0.2,0.03,-0.52,0.78,1.19,1.16,0.62
"641","Edin Visca",2014,"Bosnia and Herzegovina",-0.43,-0.37,-0.54,-0.63,-1.26,-1.16,-0.25,-0.49,-0.9,-0.82,-0.72,-0.52,-0.41,-0.68,-0.99,-0.79
"642","Emir Spahic",2014,"Bosnia and Herzegovina",-0.43,-0.52,-0.54,1.14,1.69,1.26,-0.25,0.42,2.44,4.45,2.6,4.77,0.78,0.26,0.3,0.27
"643","Ermin Bicakcic",2014,"Bosnia and Herzegovina",-0.43,-0.57,-0.54,-0.8,-0.77,-0.54,-0.68,-0.71,-0.9,-0.61,0.34,0.65,-0.01,-1.15,-0.99,-0.79
"644","Haris Medunjanin",2014,"Bosnia and Herzegovina",-0.43,-0.34,0.21,-0.63,0.66,0.16,-0.68,-0.03,0.31,-0.61,-0.57,-0.52,-0.81,-0.68,-0.99,0.07
"645","Izet Hajrovic",2014,"Bosnia and Herzegovina",-0.43,-0.11,0.21,-0.45,-0.61,-0.7,0.62,0.42,-0.9,-0.82,-0.42,-0.52,-0.81,-0.21,-0.13,0.58
"646","Mensur Mujdza",2014,"Bosnia and Herzegovina",-0.43,-0.57,0.97,-0.45,-0.27,0.01,-0.25,-0.49,-0.7,0.01,0.64,-0.52,-0.01,0.73,0.3,0.15
"647","Miralem Pjanic",2014,"Bosnia and Herzegovina",1.76,1.01,7.02,0.26,2.93,1.73,4.92,2.01,1.02,1.49,-0.72,-0.52,-0.41,-0.21,2.02,5.22
"648","Muhamed Besic",2014,"Bosnia and Herzegovina",-0.43,-0.28,-0.54,-0.8,3.26,1.57,3.63,2.46,3.06,2.55,0.18,1.98,-0.81,3.53,-0.13,-0.2
"649","Ognjen Vranjes",2014,"Bosnia and Herzegovina",-0.43,-0.57,0.21,-0.63,-1.14,-1.09,-0.68,-0.49,-0.21,-0.82,-0.27,-0.52,-0.81,-0.68,-0.13,-0.55
"650","Sead Kolasinac",2014,"Bosnia and Herzegovina",-0.43,-0.57,-0.54,-0.45,0.56,0.63,1.48,0.42,0.62,0.09,-0.42,-0.52,-0.81,0.73,-0.13,-0.32
"651","Sejad Salihovic",2014,"Bosnia and Herzegovina",-0.43,-0.57,0.21,-0.8,-0.89,-0.54,-0.68,-0.26,-0.3,-0.12,-0.72,-0.52,-0.81,-1.15,-0.56,0.19
"652","Senad Lulic",2014,"Bosnia and Herzegovina",-0.43,-0.28,-0.54,0.08,-0.15,-0.07,1.05,0.42,-0.09,-0.61,-0.57,-0.52,-0.01,-0.21,-0.56,-0.2
"653","Tino Susic",2014,"Bosnia and Herzegovina",-0.43,-0.49,0.97,0.97,-0.06,-0.77,0.62,-0.49,1.08,-0.82,-0.57,1.4,-0.81,-0.21,-0.56,1.16
"654","Toni Sunjic",2014,"Bosnia and Herzegovina",-0.43,-0.57,-0.54,-0.63,0.77,0.32,-0.68,-0.26,4.03,1.81,1.55,4.99,-0.41,-0.21,-0.56,-0.79
"655","Vedad Ibisevic",2014,"Bosnia and Herzegovina",1.76,0.87,-0.54,1.5,-0.86,-1.09,-0.25,-0.94,-0.9,-0.12,-0.57,-0.52,-0.01,-1.15,-0.56,0.03
"656","Zvjezdan Misimovic",2014,"Bosnia and Herzegovina",-0.43,-0.31,0.21,0.08,0.31,-0.23,0.62,0.42,0.12,-0.61,-0.72,-0.52,0.39,-1.15,0.3,1.91
"657","Bernard",2014,"Brazil",-0.43,-0.51,0.07,0.14,-0.92,-0.81,-0.32,-0.01,-0.65,-0.68,-0.54,-0.52,-0.81,-0.76,-0.64,-0.28
"658","Dani Alves",2014,"Brazil",-0.43,-0.43,0.07,-0.3,0.75,1.23,0.38,0.91,1.63,0.63,0.14,-0.52,-0.16,-0.38,0.06,0.49
"659","Dante",2014,"Brazil",-0.43,-0.57,-0.54,-0.8,-0.96,-0.78,-0.68,-0.85,-0.9,-0.4,-0.48,-0.52,-0.81,-0.96,-0.99,-0.79
"660","David Luiz",2014,"Brazil",1.36,0.81,0.07,0.21,1.12,0.88,0.73,2.21,0.73,1.69,1.75,1.16,1.15,1.15,0.95,-0.01
"661","Fernandinho",2014,"Brazil",0.47,-0.15,-0.54,-0.3,-0.27,-0.33,-0.15,-0.29,1.03,-0.5,-0.29,-0.14,-0.48,1.53,0.24,-0.4
"662","Fred",2014,"Brazil",0.47,1,-0.54,1.3,-0.77,-1.04,-0.68,-0.94,-0.7,-0.82,-0.35,-0.52,0.33,0,0.24,-0.31
"663","Hernanes",2014,"Brazil",-0.43,-0.57,-0.54,-0.59,-1.19,-1.07,0.03,-0.57,-0.17,-0.32,-0.66,-0.52,-0.65,-0.38,-0.64,-0.79
"664","Hulk",2014,"Brazil",-0.43,0.43,0.38,1.44,-0.76,-0.84,1.61,0.73,-0.33,-0.39,-0.48,-0.52,0.33,0.38,1.47,0.68
"665","Jô",2014,"Brazil",-0.43,-0.11,-0.54,0.35,-1.09,-1.1,-0.68,-0.85,-0.9,-0.82,-0.6,0.03,0.49,-0.96,-0.64,-0.58
"666","Júlio César",2014,"Brazil",-0.43,-0.57,-0.54,-0.8,-0.24,1.2,-0.5,-0.85,-0.77,-0.82,-0.41,-0.52,-0.81,-0.96,-0.99,-0.79
"667","Luiz Gustavo",2014,"Brazil",-0.43,-0.41,-0.23,-0.52,1,-0.27,0.03,-0.29,1.28,3.48,0.39,-0.52,1.96,1.73,1.3,-0.48
"668","Maicon",2014,"Brazil",-0.43,-0.53,-0.23,-0.59,-0.33,0.15,0.03,0.64,0.3,0.38,-0.23,-0.52,-0.32,-0.76,-0.29,-0.37
"669","Marcelo",2014,"Brazil",-0.43,-0.31,-0.23,-0.08,1.27,1.68,1.44,2.77,1.41,1.41,0.02,0.06,-0.48,0.58,1.12,0.49
"670","Maxwell",2014,"Brazil",-0.43,-0.55,-0.54,-0.52,-0.99,-0.65,-0.68,-0.57,-0.9,-0.58,-0.35,-0.52,-0.32,-0.96,-0.99,-0.56
"671","Neymar",2014,"Brazil",3.15,1.65,2.55,1.44,-0.07,-0.24,2.32,1.29,-0.16,-0.56,-0.72,-0.03,-0.16,0.38,2.18,2.37
"672","Oscar",2014,"Brazil",1.36,0.96,1.31,1.51,0.66,0.85,1.44,1.38,3.16,0.82,-0.17,-0.52,0.17,0.58,1.3,1.85
"673","Paulinho",2014,"Brazil",-0.43,1.13,-0.54,1.15,-0.48,-0.78,0.2,-0.29,0.44,0.16,-0.41,-0.52,-0.32,0.58,-0.47,0.31
"674","Ramires",2014,"Brazil",-0.43,-0.33,-0.54,-0.23,-0.87,-0.91,-0.15,-0.38,-0.06,0.01,-0.48,-0.52,0.01,0.58,0.06,-0.2
"675","Thiago Silva",2014,"Brazil",0.47,0.62,-0.54,-0.01,0.81,0.27,-0.68,0.08,-0.13,0.93,2.25,4.08,1.31,-0.19,0.06,-0.34
"676","Willian",2014,"Brazil",-0.43,-0.4,-0.23,-0.08,-0.6,-0.68,0.03,-0.11,-0.9,-0.61,-0.66,-0.52,-0.81,-0.57,-0.64,0.41
"677","Alex Song",2014,"Cameroon",-0.43,-0.46,0.97,-0.63,-0.27,-0.7,-0.68,0.87,-0.9,-0.82,-0.72,-0.52,-0.81,0.26,0.3,0.34
"678","Allan Nyom",2014,"Cameroon",-0.43,-0.46,0.21,-0.27,-0.8,-0.3,-0.25,-0.03,-0.9,-0.52,-0.12,0.29,-0.81,-1.15,-0.56,-0.28
"679","Aurélien Chedjou",2014,"Cameroon",-0.43,-0.34,-0.54,-0.27,-0.5,-0.62,0.18,-0.94,-0.28,0.06,0.64,-0.52,-0.81,-0.68,-0.99,-0.67
"680","Benjamin Moukandjo",2014,"Cameroon",-0.43,-0.05,2.48,0.79,-0.4,-0.23,1.91,1.55,-0.61,-0.5,-0.42,-0.52,-0.01,0.26,0.73,2.18
"681","Benoît Assou-Ekotto",2014,"Cameroon",-0.43,-0.31,2.48,-0.63,-0.04,1.1,0.62,-0.26,-0.9,0.44,0.79,0.13,-0.01,0.26,-0.56,1.48
"682","Charles Itandje",2014,"Cameroon",-0.43,-0.57,-0.54,-0.8,-0.36,1.41,-0.68,-0.26,-0.9,-0.82,-0.42,-0.52,-0.81,-1.15,-0.56,-0.79
"683","Cédric Djeugoue",2014,"Cameroon",-0.43,-0.57,-0.54,-0.8,-1.23,-0.93,-0.68,-0.94,-0.9,-0.82,-0.42,-0.52,-0.81,-1.15,-0.99,-0.79
"684","Dany Nounkeu",2014,"Cameroon",-0.43,-0.37,0.21,-0.1,-0.59,-0.23,-0.68,-0.71,-0.74,-0.1,-0.12,-0.52,-0.81,-0.21,-0.99,-0.09
"685","Edgar Salli",2014,"Cameroon",-0.43,-0.57,0.21,-0.45,-1.12,-1.01,1.05,0.19,-0.67,-0.82,-0.72,-0.52,-0.81,-0.21,-0.13,0.15
"686","Eyong Enoh",2014,"Cameroon",-0.43,-0.4,-0.54,-0.63,0.15,-0.54,0.18,-0.49,0.65,-0.82,-0.42,-0.52,-0.01,3.07,0.73,-0.48
"687","Henri Bedimo",2014,"Cameroon",-0.43,-0.57,-0.54,-0.45,-0.61,-0.62,0.62,0.19,-0.32,-0.82,-0.57,-0.52,-0.81,-0.68,-0.13,-0.75
"688","Joël Matip",2014,"Cameroon",1.76,1.16,-0.54,0.26,-0.52,-0.23,-0.25,0.19,-0.44,0.66,0.64,2.72,0.78,-0.21,-0.56,-0.16
"689","Landry N'Guemo",2014,"Cameroon",-0.43,-0.4,-0.54,-0.63,-0.54,-0.46,-0.68,-0.49,0.26,0.36,-0.72,-0.52,-0.81,-0.21,1.59,-0.79
"690","Maxim Choupo-Moting",2014,"Cameroon",-0.43,0.21,-0.54,1.85,-0.47,-0.3,0.62,1.1,-0.28,1.47,-0.42,0.29,1.18,-0.68,-0.99,-0.59
"691","Nicolas N'Koulou",2014,"Cameroon",-0.43,-0.37,-0.54,-0.27,0.45,-0.38,-0.68,-0.49,0.38,-0.52,1.39,2.55,-0.81,-0.68,-0.56,-0.79
"692","Pierre Webó",2014,"Cameroon",-0.43,0.12,-0.54,0.79,-1.14,-0.93,-0.68,-0.94,-0.9,-0.82,-0.72,-0.52,0.39,-0.68,-0.99,-0.55
"693","Samuel Eto'o",2014,"Cameroon",-0.43,-0.17,-0.54,0.08,-1.12,-0.93,-0.68,-0.94,-0.58,-0.82,-0.57,-0.52,-0.81,-1.15,-0.56,-0.09
"694","Stéphane M'bia",2014,"Cameroon",-0.43,-0.11,0.21,0.79,1.09,1.02,1.91,1.55,-0.06,1.76,-0.42,-0.52,-0.41,1.66,2.02,-0.44
"695","Vincent Aboubakar",2014,"Cameroon",-0.43,0.15,-0.54,0.61,-0.73,-1.09,0.18,-0.26,-0.9,-0.52,-0.72,-0.52,-0.81,-1.15,-0.56,-0.24
"696","Alexis Sánchez",2014,"Chile",2.6,0.91,2.08,1.28,0.26,0.19,5.88,0.94,0.06,0.48,-0.72,-0.52,-0.26,1.12,6.17,3.27
"697","Arturo Vidal",2014,"Chile",-0.43,-0.47,-0.54,0.42,0.1,-0.51,-0.08,-0.78,0.37,-0.5,-0.51,-0.52,1.4,1.45,1.69,0.05
"698","Charles Aránguiz",2014,"Chile",1.09,0.29,-0.54,1.4,0.54,-0.14,0.52,-0.31,0.59,0.47,-0.62,0.86,-0.81,-0.18,0.5,0.67
"699","Claudio Bravo",2014,"Chile",-0.43,-0.57,-0.54,-0.8,0.24,2.51,-0.68,-0.94,-0.9,-0.82,-0.62,-0.52,-0.81,-1.15,-0.1,-0.71
"700","Eduardo Vargas",2014,"Chile",1.09,1.54,-0.54,1.52,-0.51,-0.79,-0.08,-0.63,-0.9,-0.82,-0.31,-0.52,0.02,-1.15,-0.7,1.46
"701","Eugenio Mena",2014,"Chile",-0.43,-0.31,0.5,0.05,0.78,1,0.22,-0.47,1.55,1.3,0.43,1.74,-0.81,0.47,-0.1,0.08
"702","Felipe Gutiérrez",2014,"Chile",-0.43,0.05,-0.54,0.18,-0.29,-0.62,-0.68,-0.47,1.03,-0.18,-0.31,0.63,0.02,0.47,0.2,-0.38
"703","Francisco Silva",2014,"Chile",-0.43,-0.57,-0.54,-0.8,0.67,0.78,-0.38,-0.31,0.53,0.07,0.85,0.36,0.02,2.09,1.99,-0.76
"704","Gary Medel",2014,"Chile",-0.43,-0.41,-0.54,-0.31,2.52,1.27,-0.38,0.32,0.15,1.8,3.57,2.77,2.78,-0.18,1.09,-0.71
"705","Gonzalo Jara",2014,"Chile",-0.43,-0.49,-0.02,-0.68,1.85,2.51,-0.38,0.32,0.73,1.39,0.85,-0.52,0.57,1.12,-0.4,-0.14
"706","Jean Beauséjour",2014,"Chile",1.09,-0.51,-0.54,-0.19,-1.26,-1.16,-0.38,-0.78,-0.9,-0.82,-0.72,-0.52,-0.53,-0.82,-0.99,-0.79
"707","Jorge Valdívia",2014,"Chile",1.09,-0.41,-0.54,0.05,-0.8,-0.79,-0.38,-0.78,-0.81,0.2,-0.72,-0.52,-0.81,-0.82,-0.4,0.02
"708","Marcelo Díaz",2014,"Chile",-0.43,-0.27,0.5,-0.8,1.55,0.62,-0.68,-0.47,0.92,0.55,0.11,-0.52,-0.81,0.47,-0.1,-0.09
"709","Mauricio Isla",2014,"Chile",-0.43,0.33,-0.54,0.42,1.68,2.78,-0.08,-0.47,1.55,1.15,0.74,2.4,-0.53,0.15,1.09,0.29
"710","Mauricio Pinilla",2014,"Chile",-0.43,0.45,-0.54,-0.31,-1.19,-1.11,-0.68,-0.78,-0.9,-0.82,-0.51,-0.52,0.29,-0.5,-0.4,-0.6
"711","Abel Aguilar",2014,"Colombia",-0.43,-0.57,-0.54,-0.27,0.06,-0.55,-0.68,-0.4,0.07,-0.17,-0.09,0.18,0.39,0.54,-0.22,-0.3
"712","Adrián Ramos",2014,"Colombia",-0.43,-0.07,-0.09,1.21,-0.93,-0.98,0.1,-0.12,-0.68,-0.6,-0.54,-0.52,-0.33,0.26,-0.48,0.06
"713","Alexander Mejía",2014,"Colombia",-0.43,-0.57,-0.54,-0.8,-0.96,-1.07,-0.68,-0.81,-0.32,-0.36,0,0.43,-0.57,0.26,-0.99,-0.79
"714","Carlos Carbonero",2014,"Colombia",-0.43,0.45,-0.54,-0.59,-1.22,-1.02,-0.68,-0.94,-0.79,-0.82,-0.63,-0.52,-0.09,-0.59,-0.22,-0.79
"715","Carlos Sánchez",2014,"Colombia",-0.43,-0.56,-0.54,-0.8,-0.19,-0.51,-0.42,-0.94,0.42,-0.03,0.09,0.7,1.34,-0.02,-0.48,-0.79
"716","Carlos Valdés",2014,"Colombia",-0.43,-0.57,-0.54,-0.8,-1.22,-1.02,-0.68,-0.94,-0.9,-0.47,-0.09,-0.2,-0.81,-0.59,-0.99,-0.79
"717","Cristián Zapata",2014,"Colombia",-0.43,-0.42,-0.54,-0.17,-0.09,-0.09,-0.42,-0.81,0.15,0.34,1,1.6,0.15,-0.02,0.04,-0.79
"718","David Ospina",2014,"Colombia",-0.43,-0.57,-0.54,-0.8,-0.21,1.55,-0.68,-0.81,-0.9,-0.82,-0.45,-0.52,-0.81,-1.15,-0.74,-0.79
"719","Fredy Guarín",2014,"Colombia",-0.43,-0.4,-0.54,-0.59,-0.7,-0.55,0.36,-0.53,-0.24,-0.25,-0.36,0.11,-0.09,0.26,-0.22,-0.72
"720","Jackson Martínez",2014,"Colombia",2.2,0.1,-0.54,0.68,-0.92,-0.88,-0.68,-0.4,0.18,-0.82,-0.45,0.18,0.39,-0.02,0.04,-0.48
"721","James Rodríguez",2014,"Colombia",7.45,3.6,3.09,1.64,0.79,0.85,3.2,1.51,0.27,-0.56,-0.54,-0.05,-0.57,1.66,2.11,4.6
"722","Juan Cuadrado",2014,"Colombia",0.88,1.16,0.36,1.85,0.13,-0.04,1.39,2.46,0.17,-0.1,-0.09,-0.52,-0.33,1.38,3.66,2.73
"723","Juan Quintero",2014,"Colombia",0.88,0.4,-0.09,-0.38,-1.02,-0.79,-0.16,-0.4,-0.57,-0.42,-0.63,-0.52,-0.81,-0.87,-0.74,-0.25
"724","Juan Zúñiga",2014,"Colombia",-0.43,-0.5,-0.54,-0.49,0.48,1.27,0.36,0.96,0.64,0.02,0.37,-0.52,-0.81,-0.02,2.63,-0.23
"725","Mario Yepes",2014,"Colombia",-0.43,-0.49,-0.54,-0.38,-0.31,-0.65,-0.68,-0.67,1.37,1.11,1.36,1.39,-0.09,-0.59,-0.48,-0.79
"726","Pablo Armero",2014,"Colombia",0.88,-0.4,0.82,-0.38,0.53,1.23,-0.42,0.28,-0.29,0.29,0.37,-0.05,-0.09,1.1,0.04,0.38
"727","Santiago Arias",2014,"Colombia",-0.43,-0.49,-0.54,-0.59,-0.67,-0.18,-0.42,-0.4,-0.51,-0.53,-0.27,-0.2,-0.57,-0.87,-0.99,-0.6
"728","Teófilo Gutiérrez",2014,"Colombia",0.88,1.56,-0.54,1.85,-0.53,-0.88,-0.68,-0.26,-0.4,-0.56,-0.63,-0.05,0.39,0.82,-0.48,0.06
"729","Víctor Ibarbo",2014,"Colombia",-0.43,-0.57,-0.09,-0.27,-0.85,-1.02,-0.16,-0.53,-0.47,-0.6,-0.36,-0.05,-0.57,0.82,0.56,0.13
"730","Éder Balanta",2014,"Colombia",-0.43,-0.57,-0.54,-0.8,-1.21,-0.93,-0.68,-0.67,-0.79,-0.7,0,-0.2,-0.33,-0.59,-0.99,-0.79
"731","Bryan Ruiz",2014,"Costa Rica",1.89,0.43,0.26,0.23,0.58,0.24,0.24,-0.58,-0.66,-0.63,-0.08,-0.52,-0.18,2.07,0.83,0.16
"732","Celso Borges",2014,"Costa Rica",-0.43,0.48,-0.54,0.13,0.72,0.08,-0.68,-0.58,-0.62,-0.19,0.4,-0.52,0.67,-0.16,-0.54,-0.31
"733","Christian Bolaños",2014,"Costa Rica",-0.43,-0.13,1.46,0.69,-0.36,-0.38,-0.22,-0.22,-0.61,-0.58,-0.4,-0.26,-0.39,2.32,-0.08,1.82
"734","Cristian Gamboa",2014,"Costa Rica",-0.43,-0.54,-0.14,-0.71,0,0.45,-0.22,-0.34,1.08,-0.27,0.32,-0.52,-0.39,1.08,0.83,-0.39
"735","Dave Myrie",2014,"Costa Rica",-0.43,-0.57,-0.54,-0.8,-1.34,-1.12,-0.68,-0.94,-0.86,-0.68,-0.64,-0.52,-0.81,-1.15,-0.77,-0.7
"736","Giancarlo González",2014,"Costa Rica",-0.43,-0.18,-0.54,0.13,-0.25,-0.38,-0.68,-0.82,-0.18,0.52,3.36,0.38,1.72,-0.16,0.15,-0.6
"737","Joel Campbell",2014,"Costa Rica",0.73,-0.3,-0.14,0.13,-0.38,-0.79,1.38,0.86,-0.61,-0.64,-0.64,-0.52,0.67,0.84,3.57,-0.25
"738","Johnny Acosta",2014,"Costa Rica",-0.43,-0.3,-0.54,-0.62,-0.93,-0.58,-0.68,-0.46,-0.57,-0.77,0,-0.52,-0.81,-0.9,-0.54,-0.79
"739","José Cubero",2014,"Costa Rica",-0.43,-0.57,-0.54,-0.8,-1.16,-1.08,-0.22,-0.7,-0.82,-0.82,-0.4,-0.52,-0.6,-0.4,-0.77,-0.77
"740","Júnior Díaz",2014,"Costa Rica",-0.43,-0.57,0.26,-0.52,0.42,0.82,-0.68,-0.46,0.04,0,2,0.23,0.46,0.84,1.29,-0.31
"741","Keylor Navas",2014,"Costa Rica",-0.43,-0.57,-0.54,-0.8,-0.3,1.73,-0.68,-0.82,-0.9,-0.68,-0.48,-0.52,-0.39,-1.15,-0.31,-0.6
"742","Marco Ureña",2014,"Costa Rica",0.73,0.04,-0.54,0.13,-1.23,-1.08,-0.45,-0.22,-0.75,-0.82,-0.64,-0.39,-0.6,-0.65,-0.77,-0.11
"743","Michael Umaña",2014,"Costa Rica",-0.43,-0.57,-0.54,-0.8,-0.21,-0.38,-0.68,-0.58,-0.26,-0.26,2.08,-0.52,0.24,-0.16,-0.54,-0.77
"744","Randall Brenes",2014,"Costa Rica",-0.43,-0.41,-0.14,-0.05,-1.14,-0.87,-0.68,-0.94,-0.81,-0.72,-0.4,-0.52,-0.81,0.09,-0.77,-0.52
"745","Roy Miller",2014,"Costa Rica",-0.43,-0.57,-0.54,-0.8,-1.08,-0.92,-0.68,-0.7,-0.63,-0.12,-0.16,-0.52,-0.81,-0.65,-0.77,-0.79
"746","Yeltsin Tejeda",2014,"Costa Rica",-0.43,-0.51,-0.54,-0.62,0.29,-0.34,-0.45,-0.82,0.06,-0.35,-0.48,0.46,-0.6,0.34,-0.54,-0.7
"747","Óscar Duarte",2014,"Costa Rica",0.73,0.25,-0.54,-0.05,0.14,0.41,-0.68,-0.1,0.08,0.61,-0.08,0.13,-0.18,1.08,-0.54,-0.79
"748","Ante Rebic",2014,"Croatia",-0.43,0.23,-0.54,0.43,-1.09,-0.77,1.48,0.19,-0.23,-0.82,-0.42,-0.52,-0.81,0.26,-0.99,0.77
"749","Danijel Pranjic",2014,"Croatia",-0.43,-0.46,1.73,-0.27,0.19,0.71,-0.68,-0.49,0.16,-0.25,-0.12,-0.52,-0.81,-0.68,-0.56,-0.01
"750","Darijo Srna",2014,"Croatia",-0.43,0.09,1.73,-0.1,0.98,1.96,-0.68,-0.26,1.03,1.01,1.85,0.87,1.18,0.73,0.3,1.2
"751","Dejan Lovren",2014,"Croatia",-0.43,-0.49,-0.54,-0.27,0.49,1.1,-0.68,0.87,0.16,0.7,3.21,2.63,2.38,1.66,-0.13,-0.44
"752","Ivan Perisic",2014,"Croatia",3.95,3.21,1.73,3.8,-0.31,-0.54,0.18,0.87,0.59,-0.46,0.03,-0.52,0.39,0.26,1.16,1.28
"753","Ivan Rakitic",2014,"Croatia",-0.43,-0.52,3.24,-0.1,2.11,1.26,-0.25,1.33,-0.05,2.6,0.18,2.93,-0.41,0.26,-0.99,2.02
"754","Ivica Olic",2014,"Croatia",1.76,1.07,0.97,3.09,-0.61,-0.7,0.18,0.19,1.67,-0.07,-0.12,-0.52,0.78,1.19,-0.99,-0.05
"755","Luka Modric",2014,"Croatia",-0.43,-0.43,0.97,-0.45,1.78,0.87,2.77,0.42,-0.41,1.36,-0.57,1.06,-0.41,0.26,2.02,0.85
"756","Marcelo Brozovic",2014,"Croatia",-0.43,-0.37,-0.54,-0.63,-1.12,-0.93,-0.68,-0.94,-0.55,-0.64,-0.72,-0.52,-0.81,-0.68,-0.99,-0.75
"757","Mario Mandzukic",2014,"Croatia",3.95,2.49,-0.54,1.32,-0.82,-0.93,-0.68,-0.71,-0.34,-0.82,-0.72,-0.52,3.57,0.26,0.3,0.03
"758","Mateo Kovacic",2014,"Croatia",-0.43,-0.52,-0.54,-0.63,-0.13,-0.62,-0.25,-0.49,-0.55,-0.82,-0.72,-0.52,-0.81,-1.15,-0.56,0.11
"759","Nikica Jelavic",2014,"Croatia",-0.43,0.75,-0.54,0.43,-1.26,-1.16,-0.68,-0.94,-0.9,-0.82,-0.72,-0.52,1.58,0.73,-0.99,-0.79
"760","Sammir",2014,"Croatia",-0.43,-0.34,-0.54,-0.27,-0.96,-0.7,-0.68,-0.49,-0.9,-0.25,-0.72,-0.52,-0.81,-0.21,-0.56,-0.48
"761","Sime Vrsaljko",2014,"Croatia",-0.43,-0.57,-0.54,-0.8,0.03,0.87,-0.68,-0.71,-0.73,-0.29,1.7,0.93,0.39,1.19,-0.56,-0.79
"762","Stipe Pletikosa",2014,"Croatia",-0.43,-0.57,-0.54,-0.8,-0.17,1.96,-0.68,-0.94,-0.9,-0.82,-0.72,-0.52,-0.81,-1.15,-0.56,-0.51
"763","Vedran Corluka",2014,"Croatia",-0.43,-0.46,-0.54,-0.27,0.72,1.65,-0.25,0.42,0.23,1.85,2.45,2.44,0.39,0.26,-0.13,-0.59
"764","Alexander Domínguez",2014,"Ecuador",-0.43,-0.57,-0.54,-0.8,-0.33,1.57,-0.68,-0.94,-0.9,-0.82,-0.57,-0.52,-0.01,-1.15,-0.56,-0.79
"765","Antonio Valencia",2014,"Ecuador",-0.43,-0.4,0.21,-0.27,0.15,-0.46,-0.25,0.65,-0.9,-0.82,-0.27,-0.52,4.37,3.07,-0.13,-0.09
"766","Carlos Gruezo",2014,"Ecuador",-0.43,-0.52,-0.54,-0.8,-0.86,-1.09,-0.25,-0.94,-0.74,-0.82,-0.42,-0.05,-0.81,-0.21,-0.56,-0.48
"767","Christian Noboa",2014,"Ecuador",-0.43,0.12,-0.54,0.79,0.47,0.55,0.18,-0.49,2.21,-0.31,0.34,2.21,0.78,2.13,-0.56,0.62
"768","Enner Valencia",2014,"Ecuador",6.14,5.46,-0.54,1.5,-0.63,-1.01,1.48,1.1,0.22,-0.82,-0.42,-0.52,1.58,2.13,2.02,-0.48
"769","Felipe Caicedo",2014,"Ecuador",-0.43,-0.17,-0.54,0.08,-0.75,-1.09,-0.25,-0.49,-0.74,-0.82,-0.72,-0.52,0.39,-0.21,-0.56,-0.44
"770","Frickson Erazo",2014,"Ecuador",-0.43,-0.11,-0.54,0.26,0.06,-0.15,0.18,-0.03,-0.65,0.4,2.76,0.88,1.58,-1.15,-0.99,-0.32
"771","Jefferson Montero",2014,"Ecuador",-0.43,-0.28,-0.54,0.79,-0.1,-0.15,0.18,3.14,-0.12,-0.25,-0.57,-0.52,-0.81,0.26,0.73,-0.44
"772","Jorge Guagua",2014,"Ecuador",-0.43,-0.57,-0.54,-0.45,-0.27,-0.46,-0.68,-0.26,-0.12,-0.31,4.27,-0.52,1.98,0.73,0.3,-0.63
"773","Juan Carlos Paredes",2014,"Ecuador",-0.43,-0.54,1.73,-0.8,0.43,1.96,1.91,0.87,0.47,-0.16,-0.27,1.05,-0.81,0.26,1.16,0.46
"774","Michael Arroyo",2014,"Ecuador",-0.43,-0.14,0.21,0.08,-0.77,-1.01,-0.25,0.42,-0.74,-0.82,-0.72,-0.52,-0.41,-0.21,-0.56,-0.4
"775","Oswaldo Minda",2014,"Ecuador",-0.43,-0.57,-0.54,-0.8,-0.2,-1.01,-0.68,-0.94,0.13,-0.33,0.03,1.05,-0.41,-0.21,-0.99,-0.71
"776","Renato Ibarra",2014,"Ecuador",-0.43,-0.31,-0.54,-0.45,-1.32,-1.16,0.62,-0.49,-0.9,-0.82,-0.57,-0.52,-0.41,-0.21,-0.56,-0.36
"777","Walter Ayoví",2014,"Ecuador",-0.43,-0.28,2.48,-0.8,1.35,2.58,-0.68,-0.03,-0.4,-0.25,2.45,0.58,0.39,0.73,-0.56,1.48
"778","Adam Lallana",2014,"England",-0.43,-0.57,-0.54,0.79,-0.66,-1.01,-0.68,-0.71,-0.37,0.27,-0.72,-0.52,0.39,-0.21,-0.13,-0.36
"779","Ben Foster",2014,"England",-0.43,-0.57,-0.54,-0.8,-0.86,-0.3,-0.68,-0.94,-0.9,-0.82,-0.72,-0.52,-0.81,-1.15,-0.56,-0.79
"780","Chris Smalling",2014,"England",-0.43,-0.57,-0.54,-0.63,-0.54,-0.54,-0.25,-0.94,-0.37,0.82,0.18,-0.52,0.39,0.26,-0.56,-0.79
"781","Daniel Sturridge",2014,"England",1.76,3.18,-0.54,2.91,-0.27,-0.62,1.48,1.1,-0.9,-0.54,-0.72,-0.52,-0.41,-0.21,2.02,1.36
"782","Danny Welbeck",2014,"England",-0.43,-0.49,-0.54,0.43,-0.52,-0.62,-0.25,0.42,1.01,0.16,-0.42,-0.52,-0.81,-0.68,0.3,-0.51
"783","Frank Lampard",2014,"England",-0.43,-0.4,-0.54,-0.63,0.17,-0.38,0.18,-0.49,0.71,0.27,-0.57,-0.52,-0.41,-0.68,-0.13,-0.63
"784","Gary Cahill",2014,"England",-0.43,-0.57,-0.54,-0.27,1.81,0.94,-0.25,-0.49,1.01,1.36,3.06,0.98,2.38,0.73,0.73,-0.79
"785","Glen Johnson",2014,"England",-0.43,-0.49,-0.54,-0.45,1.35,1.18,0.18,1.55,1.01,-0.82,-0.12,-0.52,-0.01,-0.68,0.3,-0.59
"786","Jack Wilshere",2014,"England",-0.43,-0.57,-0.54,-0.8,-0.5,-0.62,-0.25,-0.71,-0.37,-0.27,-0.72,-0.52,-0.81,-0.68,-0.13,-0.05
"787","James Milner",2014,"England",-0.43,-0.57,0.21,-0.8,-0.91,-0.46,0.18,0.19,0.17,0.82,-0.72,-0.52,-0.41,-0.68,-0.99,0.15
"788","Joe Hart",2014,"England",-0.43,-0.57,-0.54,-0.8,-0.52,0.55,-0.68,-0.71,-0.9,-0.82,-0.42,-0.52,-0.81,-1.15,-0.99,-0.79
"789","Jordan Henderson",2014,"England",-0.43,-0.46,-0.54,-0.8,0.84,-0.3,0.18,-0.71,-0.21,0.16,-0.27,-0.52,-0.41,-0.68,-0.56,-0.32
"790","Leighton Baines",2014,"England",-0.43,-0.4,0.97,-0.8,0.91,1.02,0.18,-0.03,0.06,-0.27,-0.12,-0.52,-0.81,-0.21,-0.56,0.77
"791","Luke Shaw",2014,"England",-0.43,-0.49,-0.54,-0.8,-0.36,0.4,-0.25,-0.03,-0.37,0.27,-0.57,-0.52,-0.01,-0.68,0.3,-0.48
"792","Phil Jagielka",2014,"England",-0.43,-0.37,-0.54,-0.1,0.49,-0.23,-0.68,-0.49,-0.9,-0.12,1.55,0.98,0.39,-1.15,-0.56,-0.79
"793","Phil Jones",2014,"England",-0.43,-0.57,-0.54,-0.27,-0.38,-0.23,-0.68,-0.71,0.17,-0.82,-0.27,-0.52,-0.01,-0.21,0.3,-0.28
"794","Raheem Sterling",2014,"England",-0.43,-0.23,-0.54,-0.1,-0.06,-0.38,3.63,1.78,0.17,-0.82,-0.72,-0.52,-0.01,1.66,0.3,-0.67
"795","Ross Barkley",2014,"England",-0.43,-0.28,0.97,0.08,0.13,-0.85,1.05,0.87,-0.9,-0.12,-0.57,-0.52,-0.01,-0.21,-0.56,1.87
"796","Steven Gerrard",2014,"England",-0.43,-0.28,2.48,-0.1,0.98,0.16,0.18,-0.71,0.75,-0.12,-0.27,1.4,-0.01,-0.21,-0.99,1.44
"797","Wayne Rooney",2014,"England",1.76,5.2,0.97,0.97,0.01,-0.46,0.62,0.19,-0.37,-0.82,-0.57,-0.52,0.39,0.26,1.59,1.05
"798","Antoine Griezmann",2014,"France",-0.43,0.33,2.18,1.43,-0.06,-0.41,0.36,-0.4,-0.24,-0.14,-0.72,-0.52,0.15,-0.3,0.3,1.77
"799","Bacary Sagna",2014,"France",-0.43,-0.57,0.82,-0.8,-0.67,-0.27,-0.68,-0.4,-0.48,0.49,-0.27,-0.52,-0.09,-1.15,-0.74,-0.04
"800","Blaise Matuidi",2014,"France",0.88,0.47,-0.54,2.38,1.44,-0.04,2.68,0.01,0.91,0.04,-0.45,-0.13,0.39,1.1,1.33,0.29
"801","Hugo Lloris",2014,"France",-0.43,-0.57,-0.54,-0.8,-0.08,1.74,-0.68,-0.67,-0.9,-0.82,-0.63,-0.52,-0.81,-1.15,-0.48,-0.79
"802","Karim Benzema",2014,"France",3.51,7.69,-0.09,5.78,0.1,0.05,0.87,1.37,-0.53,-0.38,-0.63,-0.52,-0.33,-0.59,-0.22,4.53
"803","Laurent Koscielny",2014,"France",-0.43,-0.42,-0.54,-0.49,-0.31,-0.23,-0.68,-0.81,-0.9,0.05,1.09,1.86,1.58,-0.59,-0.74,-0.79
"804","Loïc Rémy",2014,"France",-0.43,-0.47,-0.09,-0.27,-1.18,-1.12,-0.42,-0.26,-0.9,-0.82,-0.72,-0.52,-0.81,-1.15,-0.74,-0.62
"805","Lucas Digne",2014,"France",-0.43,-0.57,-0.09,-0.7,-0.59,-0.18,-0.42,-0.53,0.38,-0.82,-0.36,-0.52,-0.33,-0.87,-0.22,-0.09
"806","Mamadou Sakho",2014,"France",-0.43,-0.52,-0.54,-0.59,1.06,1.32,-0.68,0.83,-0.48,0.2,0.82,2.75,3.01,-1.15,-0.74,-0.48
"807","Mathieu Debuchy",2014,"France",-0.43,-0.3,0.36,0.47,0.77,0.99,0.36,-0.12,2.71,1.1,0.46,0.66,0.86,0.82,0.04,-0.72
"808","Mathieu Valbuena",2014,"France",0.88,1.33,4.9,2.38,0.95,1.09,0.1,0.15,-0.62,-0.53,-0.72,-0.52,-0.09,0.54,0.82,3.92
"809","Morgan Schneiderlin",2014,"France",-0.43,-0.52,-0.54,-0.8,-0.52,-0.51,-0.42,-0.53,-0.48,0.05,-0.72,0.67,-0.81,-1.15,-0.74,-0.74
"810","Moussa Sissoko",2014,"France",0.88,-0.42,0.36,0.58,-0.3,-0.55,-0.42,0.15,-0.77,-0.68,-0.72,0.67,-0.81,-0.3,-0.48,0.24
"811","Olivier Giroud",2014,"France",0.88,0.64,-0.54,1.96,-0.96,-1.02,-0.68,-0.81,-0.05,-0.38,-0.27,0.27,0.62,0.54,0.56,0.55
"812","Patrice Evra",2014,"France",-0.43,-0.47,2.18,0.05,0.64,0.99,0.1,0.42,0.65,-0.09,0.46,-0.52,1.1,0.26,0.56,1.11
"813","Paul Pogba",2014,"France",0.88,1.26,-0.09,0.36,1.3,0.2,3.46,0.42,0.2,-0.14,-0.27,-0.52,0.39,1.1,1.59,0.45
"814","Raphaël Varane",2014,"France",-0.43,-0.52,-0.54,0.05,0.95,0.85,-0.42,0.42,1.39,0.24,0.82,2.91,-0.33,-1.15,-0.48,-0.44
"815","Yohan Cabaye",2014,"France",-0.43,0.6,0.36,-0.7,1.15,0.43,-0.68,-0.81,1.51,1.44,-0.27,0.93,-0.81,1.38,-0.22,0.38
"816","André Schürrle",2014,"Germany",2.14,2.51,-0.25,1.34,-0.5,-0.71,-0.51,-0.32,0.69,0.23,-0.55,-0.52,-0.5,0.13,-0.66,-0.12
"817","Bastian Schweinsteiger",2014,"Germany",-0.43,0.08,-0.25,-0.18,2.05,0.91,-0.51,0.3,1.89,-0.17,-0.01,-0.01,-0.19,0.87,1.7,0.28
"818","Benedikt Höwedes",2014,"Germany",-0.43,0.23,-0.54,0.37,1.2,1.37,-0.51,0.21,1.73,1.03,1.23,1.77,1.53,0.68,0.19,-0.63
"819","Christoph Kramer",2014,"Germany",-0.43,-0.52,-0.54,-0.67,-1.28,-1.16,-0.68,-0.94,-0.9,-0.82,-0.72,-0.52,-0.65,-1.15,-0.99,-0.79
"820","Jérôme Boateng",2014,"Germany",-0.43,-0.54,0.34,-0.6,1.62,1.65,-0.68,0.3,2.61,1.19,1.58,2.52,0.59,-0.41,-0.49,-0.07
"821","Lukas Podolski",2014,"Germany",-0.43,-0.37,-0.54,-0.39,-1.17,-1.1,-0.68,-0.85,-0.63,-0.55,-0.72,-0.52,-0.65,-1.15,-0.83,-0.79
"822","Manuel Neuer",2014,"Germany",-0.43,-0.57,-0.54,-0.8,0.66,2.87,-0.51,-0.85,-0.9,-0.82,-0.31,-0.52,-0.65,-1.15,-0.66,-0.79
"823","Mario Götze",2014,"Germany",1.28,1.41,0.05,1.69,-0.41,-0.89,0,0.3,0.69,-0.29,-0.61,-0.52,-0.19,-0.05,0.02,0.14
"824","Mats Hummels",2014,"Germany",1.28,-0.32,-0.54,-0.25,0.87,0.91,-0.17,0.12,1.3,1.74,1.17,1.38,1.37,-0.23,-0.66,-0.65
"825","Mesut Özil",2014,"Germany",0.43,0.92,0.64,1.83,1.51,0.88,1.01,1.81,0.69,-0.82,-0.72,-0.52,-0.81,-0.41,0.36,3.64
"826","Miroslav Klose",2014,"Germany",1.28,1.34,-0.25,0.37,-1.06,-1.07,-0.51,-0.76,0.81,-0.3,-0.66,-0.52,0.44,0.32,-0.15,-0.38
"827","Per Mertesacker",2014,"Germany",-0.43,-0.52,-0.54,-0.6,1.25,1.4,-0.68,-0.14,-0.11,0.27,1.29,0.75,1.06,-0.6,-0.49,-0.77
"828","Philipp Lahm",2014,"Germany",-0.43,-0.31,0.34,0.3,3.69,2.23,0.17,1.81,1.52,0.97,0.82,2.27,-0.19,-0.6,0.52,1.32
"829","Sami Khedira",2014,"Germany",0.43,0.15,-0.25,-0.18,0.34,-0.28,0,-0.41,-0.72,0.08,-0.31,-0.52,-0.5,-0.05,0.02,0.48
"830","Shkodran Mustafi",2014,"Germany",-0.43,-0.19,-0.25,-0.6,-0.87,-0.61,-0.68,-0.85,-0.7,-0.82,-0.43,-0.52,-0.03,-0.96,-0.99,-0.63
"831","Thomas Müller",2014,"Germany",3.85,3.22,0.64,3.56,0.5,0.24,1.35,1.01,0.65,-0.3,-0.66,0.61,0.91,1.42,1.87,2.44
"832","Toni Kroos",2014,"Germany",1.28,0.68,2.42,-0.04,3.59,2.23,0.17,0.21,2.55,0.26,-0.61,-0.52,-0.65,0.32,1.03,1.76
"833","Adam Kwarasey",2014,"Ghana",-0.43,-0.57,-0.54,-0.8,-0.98,-0.23,-0.68,-0.94,-0.9,-0.82,-0.57,-0.52,-0.81,-1.15,-0.99,-0.79
"834","André Ayew",2014,"Ghana",3.95,0.7,-0.54,2.38,0.13,-0.3,0.62,1.1,0.43,-0.06,-0.42,-0.52,0.78,-0.21,0.73,-0.2
"835","Asamoah Gyan",2014,"Ghana",3.95,5.52,0.21,6.28,-0.45,-0.93,0.62,0.19,-0.9,-0.82,-0.27,-0.52,3.57,0.73,2.45,0.54
"836","Christian Atsu",2014,"Ghana",-0.43,0.06,2.48,0.61,0.63,0.48,1.91,4.96,0.53,-0.18,-0.42,-0.52,0.39,0.73,-0.13,3
"837","Daniel Opare",2014,"Ghana",-0.43,-0.57,0.97,-0.8,-0.06,0.79,-0.25,-0.03,-0.9,0.47,-0.42,-0.52,0.39,0.26,-0.56,0.19
"838","Emmanuel Badu",2014,"Ghana",-0.43,-0.49,-0.54,-0.8,-0.63,-1.01,-0.68,-0.94,-0.47,-0.28,-0.57,-0.52,-0.81,-1.15,0.73,-0.79
"839","Fatau Dauda",2014,"Ghana",-0.43,-0.57,-0.54,-0.8,-0.5,0.79,-0.68,-0.94,-0.9,-0.82,-0.57,-0.52,-0.01,-1.15,-0.56,-0.79
"840","Harrison Afful",2014,"Ghana",-0.43,-0.57,1.73,-0.45,0.77,2.27,-0.68,0.87,0.38,0.98,0.64,0.97,-0.01,0.26,0.3,0.5
"841","John Boye",2014,"Ghana",-0.43,-0.37,-0.54,0.26,0.36,0.16,-0.68,-0.26,0,0.59,2.3,1.99,2.38,-0.21,-0.56,-0.44
"842","Jonathan Mensah",2014,"Ghana",-0.43,-0.23,-0.54,0.43,1.09,0.71,-0.25,0.42,0.69,4.25,2.3,-0.06,1.58,-0.68,-0.56,-0.71
"843","Jordan Ayew",2014,"Ghana",-0.43,0.06,0.21,0.43,-0.82,-1.16,0.62,-0.03,0.63,-0.82,-0.72,-0.52,-0.81,0.26,-0.56,-0.51
"844","Kevin-Prince Boateng",2014,"Ghana",-0.43,-0.11,0.21,0.08,-0.75,-0.7,-0.25,-0.71,-0.9,-0.82,-0.72,-0.52,-0.41,-0.21,-0.99,-0.01
"845","Kwadwo Asamoah",2014,"Ghana",-0.43,-0.46,4,-0.27,1.92,2.19,1.05,2.23,-0.11,2.27,0.03,-0.06,0.39,-0.68,1.16,2.53
"846","Majeed Waris",2014,"Ghana",-0.43,0.55,0.21,-0.27,-1.09,-1.01,-0.25,-0.49,-0.64,-0.82,-0.72,-0.52,-0.81,0.26,0.3,-0.4
"847","Mohammed Rabiu",2014,"Ghana",-0.43,-0.57,-0.54,-0.8,0.38,0.16,0.18,-0.71,0.26,0.97,-0.12,-0.52,0.78,2.13,-0.13,-0.59
"848","Mubarak Wakaso",2014,"Ghana",-0.43,-0.46,0.97,-0.8,-1.12,-0.93,0.18,-0.03,-0.64,-0.82,-0.42,-0.52,-0.41,-0.21,-0.13,-0.55
"849","Sulley Muntari",2014,"Ghana",-0.43,-0.11,3.24,-0.63,0.61,0.63,-0.25,-0.71,3.07,0.16,-0.27,-0.52,-0.41,1.19,1.16,2.61
"850","Andreas Samaris",2014,"Greece",1.09,0.19,-0.54,-0.68,-0.44,-0.3,-0.08,-0.78,0.33,-0.82,-0.51,0,-0.53,-0.5,-0.1,-0.52
"851","Dimitris Salpingidis",2014,"Greece",-0.43,0.99,-0.54,0.3,-0.86,-0.95,-0.68,-0.31,-0.48,-0.82,-0.62,-0.52,-0.53,0.15,0.8,-0.79
"852","Georgios Karagounis",2014,"Greece",-0.43,0.07,3.12,-0.8,0.45,-0.24,-0.08,0.79,1.24,-0.49,-0.62,-0.45,-0.81,0.8,1.69,1.75
"853","Georgios Samaras",2014,"Greece",1.09,1.38,-0.54,1.28,0.03,-0.68,1.11,1.89,-0.22,0.42,-0.62,-0.52,3.33,1.12,5.57,0.83
"854","Giannis Maniatis",2014,"Greece",-0.43,-0.49,-0.54,-0.68,0.83,-0.08,1.11,1.57,1.11,0.03,0.53,0.39,0.57,0.15,0.8,-0.6
"855","Ioannis Fetfatzidis",2014,"Greece",-0.43,-0.57,-0.54,-0.8,-1.13,-0.95,-0.68,-0.31,-0.6,-0.21,-0.62,-0.52,-0.53,-0.5,-0.99,-0.73
"856","José Holebas",2014,"Greece",-0.43,-0.33,4.17,-0.07,0.77,1.32,2.31,2.04,1.27,-0.02,0.32,-0.52,1.12,1.12,0.8,2.21
"857","Kostas Katsouranis",2014,"Greece",-0.43,-0.47,0.5,-0.44,0.22,0.08,-0.68,-0.16,0,0.71,0.01,-0.45,-0.53,0.8,-0.7,-0.17
"858","Kostas Manolas",2014,"Greece",-0.43,-0.41,-0.54,-0.31,0.15,-0.14,-0.68,0.32,1.4,-0.27,1.89,0.46,1.95,0.8,0.8,-0.79
"859","Kostas Mitroglou",2014,"Greece",-0.43,0.71,-0.54,0.54,-1.13,-1,-0.68,-0.31,-0.9,-0.82,-0.72,-0.52,-0.53,-0.82,-0.99,-0.03
"860","Lazaros Christodoulopoulos",2014,"Greece",-0.43,0.17,-0.54,0.18,-0.49,-0.89,2.01,1.57,-0.53,-0.82,-0.72,-0.52,-0.81,-1.15,0.2,-0.19
"861","Orestis Karnezis",2014,"Greece",-0.43,-0.57,-0.54,-0.8,-0.54,0.94,-0.68,-0.94,-0.9,-0.82,-0.62,-0.52,-0.81,-1.15,-0.7,-0.79
"862","Panagiotis Glykos",2014,"Greece",-0.43,-0.57,-0.54,-0.8,-1.16,-0.51,-0.68,-0.94,-0.9,-0.82,-0.72,-0.52,-0.81,-1.15,-0.7,-0.79
"863","Panagiotis Kone",2014,"Greece",-0.43,-0.11,-0.02,-0.31,-0.8,-0.89,0.81,0,-0.88,-0.82,-0.62,-0.45,-0.81,-0.18,0.5,-0.36
"864","Sokratis Papastathopoulos",2014,"Greece",1.09,0.59,-0.54,0.05,0.45,0.35,1.11,1.89,1.28,0.31,2.52,0.15,2.5,0.47,0.5,-0.27
"865","Theofanis Gekas",2014,"Greece",-0.43,0.81,-0.54,1.03,-1.08,-1,-0.68,-0.94,-0.9,-0.51,-0.62,-0.52,0.02,-0.82,-0.99,-0.46
"866","Vasilis Torosidis",2014,"Greece",-0.43,0.15,0.5,1.16,0.66,1.54,-0.38,0.94,-0.42,0.58,1.06,1.19,0.85,0.8,0.8,0.94
"867","Andy Najar",2014,"Honduras",-0.43,-0.46,-0.54,-0.27,-1.12,-1.09,-0.25,-0.26,-0.9,-0.82,-0.72,-0.52,-0.81,-1.15,-0.13,-0.75
"868","Boniek García",2014,"Honduras",-0.43,-0.34,1.73,-0.63,0.1,-0.23,0.18,0.19,-0.83,-0.75,-0.42,-0.52,-0.81,-0.21,2.89,1.79
"869","Brayan Beckeles",2014,"Honduras",-0.43,-0.11,0.97,-0.63,0.63,1.18,0.18,-0.49,3.48,-0.27,-0.12,-0.32,-0.01,0.26,-0.56,0.23
"870","Carlo Costly",2014,"Honduras",1.76,1.27,-0.54,0.26,-0.61,-1.09,-0.25,-0.71,-0.83,-0.41,-0.72,-0.52,3.57,1.19,0.73,-0.32
"871","Emilio Izaguirre",2014,"Honduras",-0.43,-0.57,-0.54,-0.8,-0.29,0.4,-0.25,0.42,0.05,-0.27,-0.12,0.6,-0.41,-0.21,-0.99,-0.67
"872","Jerry Bengtson",2014,"Honduras",-0.43,2.11,-0.54,1.32,-0.52,-1.16,0.18,-0.49,-0.5,-0.82,0.18,-0.52,-0.41,1.66,-0.13,0.15
"873","Jerry Palacios",2014,"Honduras",-0.43,-0.57,-0.54,-0.27,-1.19,-1.16,-0.68,-0.71,-0.9,-0.82,-0.72,-0.52,-0.81,-0.21,-0.56,-0.51
"874","Jorge Claros",2014,"Honduras",-0.43,-0.43,-0.54,-0.8,1.28,0.16,-0.68,-0.26,2.42,2.24,0.18,0.6,-0.01,-0.21,0.73,-0.36
"875","Juan Carlos García",2014,"Honduras",-0.43,-0.57,0.21,-0.8,0.47,0.4,-0.68,0.65,1.34,1.09,-0.12,-0.52,-0.01,-0.68,0.3,-0.09
"876","Luis Garrido",2014,"Honduras",-0.43,-0.57,-0.54,-0.8,-0.36,-0.93,-0.68,-0.49,-0.43,0.96,-0.57,-0.12,-0.01,-0.68,-0.56,-0.79
"877","Marvin Chávez",2014,"Honduras",-0.43,-0.57,0.21,-0.63,-0.96,-0.62,0.62,-0.49,-0.28,-0.82,-0.72,-0.52,-0.81,-0.21,-0.13,-0.2
"878","Maynor Figueroa",2014,"Honduras",-0.43,-0.31,-0.54,-0.1,1.35,1.26,-0.68,0.19,-0.09,2.24,2.76,2.97,2.78,2.6,1.16,-0.32
"879","Noel Valladares",2014,"Honduras",-0.43,-0.57,-0.54,-0.8,-0.31,1.8,-0.68,-0.94,-0.9,-0.82,-0.57,-0.52,-0.81,-1.15,-0.99,-0.51
"880","Osman Chávez",2014,"Honduras",-0.43,-0.57,-0.54,-0.8,-1.26,-1.09,-0.68,-0.94,-0.9,-0.82,0.03,-0.32,-0.81,-1.15,-0.56,-0.79
"881","Roger Espinoza",2014,"Honduras",-0.43,-0.23,-0.54,-0.8,0.17,-0.15,0.62,-0.26,-0.28,0.48,-0.57,-0.52,-0.41,0.73,-0.56,-0.36
"882","Víctor Bernárdez",2014,"Honduras",-0.43,-0.31,-0.54,-0.27,-0.17,0.09,-0.68,-0.94,-0.9,0.07,0.64,1.22,-0.41,1.19,-0.56,-0.36
"883","Wilson Palacios",2014,"Honduras",-0.43,-0.49,-0.54,-0.45,0.52,-0.15,0.18,0.42,0.5,-0.75,0.03,-0.52,-0.01,0.26,1.59,-0.4
"884","Alireza Haghighi",2014,"Iran",-0.43,-0.57,-0.54,-0.8,-0.59,1.41,-0.68,-0.49,-0.9,-0.82,-0.42,-0.52,-0.81,-1.15,-0.56,-0.79
"885","Alireza Jahanbakhsh",2014,"Iran",-0.43,-0.52,-0.54,-0.1,-1.19,-0.85,-0.25,-0.71,-0.83,-0.82,-0.57,-0.52,-0.01,-1.15,-0.56,-0.79
"886","Amir Hossein Sadeghi",2014,"Iran",-0.43,-0.57,-0.54,-0.8,-0.66,-0.07,-0.68,-0.94,-0.73,-0.56,2.6,-0.22,-0.01,0.26,-0.56,-0.67
"887","Andranik Teymourian",2014,"Iran",-0.43,-0.46,0.21,-0.8,0.06,-0.15,-0.25,-0.71,-0.04,-0.38,1.09,-0.52,-0.81,4.47,0.3,-0.12
"888","Ashkan Dejagah",2014,"Iran",-0.43,-0.46,4,0.43,-0.54,-0.15,0.62,0.87,-0.7,-0.67,-0.27,-0.52,1.18,0.26,1.59,2.33
"889","Ehsan Hajsafi",2014,"Iran",-0.43,-0.26,0.21,-0.27,-0.56,-0.46,0.18,0.65,-0.57,-0.82,-0.42,-0.52,-0.41,-1.15,-0.56,0.31
"890","Javad Nekounam",2014,"Iran",-0.43,-0.37,0.21,0.26,0.17,-0.23,-0.25,-0.94,-0.69,-0.12,0.94,-0.31,-0.01,0.26,-0.13,0.42
"891","Khosro Heydari",2014,"Iran",-0.43,-0.57,0.97,-0.1,-0.63,-0.3,-0.68,-0.03,-0.72,-0.82,-0.72,-0.52,-0.81,-0.68,-0.56,-0.12
"892","Masoud Shojaei",2014,"Iran",-0.43,-0.43,0.21,-0.27,-1.05,-1.09,0.18,-0.26,-0.73,-0.75,-0.57,-0.22,-0.81,1.19,1.59,-0.67
"893","Mehrdad Pooladi",2014,"Iran",-0.43,-0.57,0.97,-0.8,-0.43,0.71,0.18,-0.71,-0.48,-0.04,2.91,0.08,0.39,-0.21,1.16,-0.01
"894","Pejman Montazeri",2014,"Iran",-0.43,-0.57,1.73,-0.63,0.26,1.65,-0.25,0.19,-0.76,-0.45,2.45,-0.43,-0.41,0.26,-0.13,0.77
"895","Reza Ghoochannejhad",2014,"Iran",1.76,2.89,-0.54,2.21,-0.61,-0.77,0.62,0.19,-0.9,-0.74,-0.57,-0.52,3.17,6.34,3.32,-0.16
"896","Seyed Jalal Hosseini",2014,"Iran",-0.43,-0.11,-0.54,0.26,-0.89,-0.77,-0.68,-0.71,-0.57,-0.82,3.36,-0.43,0.39,-1.15,-0.99,-0.79
"897","Andrea Barzagli",2014,"Italy",-0.43,-0.52,-0.54,-0.45,2.7,2.58,-0.25,0.42,2.45,3.87,1.24,2.82,0.78,0.26,-0.56,-0.75
"898","Andrea Pirlo",2014,"Italy",-0.43,-0.05,0.21,-0.45,4.34,2.04,-0.68,0.65,-0.27,0.97,-0.57,1.06,-0.81,-0.21,2.89,0.54
"899","Antonio Candreva",2014,"Italy",-0.43,-0.26,0.21,0.08,-0.43,-0.7,0.62,0.19,-0.9,-0.82,-0.72,-0.52,-0.81,-1.15,-0.99,0.31
"900","Antonio Cassano",2014,"Italy",-0.43,-0.08,-0.54,0.08,-0.91,-1.09,-0.25,-0.71,-0.9,-0.82,-0.72,-0.52,-0.81,-1.15,0.3,-0.4
"901","Ciro Immobile",2014,"Italy",-0.43,-0.11,-0.54,0.43,-1.09,-1.16,-0.68,-0.94,-0.9,-0.82,-0.72,-0.52,-0.81,0.26,-0.56,-0.79
"902","Claudio Marchisio",2014,"Italy",1.76,-0.43,0.21,-0.8,0.49,0.01,-0.68,-0.49,0.36,2.22,-0.12,-0.52,-0.81,2.13,1.16,-0.05
"903","Daniele De Rossi",2014,"Italy",-0.43,-0.57,-0.54,-0.8,3.05,2.74,-0.68,1.1,0.15,2.72,-0.57,-0.52,-0.41,0.26,-0.13,-0.32
"904","Gabriel Paletta",2014,"Italy",-0.43,-0.57,-0.54,-0.8,-0.47,-0.62,-0.68,-0.94,-0.38,0.25,0.34,-0.52,-0.81,-1.15,-0.99,-0.79
"905","Gianluigi Buffon",2014,"Italy",-0.43,-0.57,-0.54,-0.8,-0.17,1.18,-0.68,-0.94,-0.9,-0.82,-0.57,-0.52,-0.81,-1.15,-0.99,-0.79
"906","Giorgio Chiellini",2014,"Italy",-0.43,-0.49,-0.54,-0.27,2.89,2.04,-0.25,2.01,3.08,4.69,2,1.24,1.58,-0.68,2.45,-0.09
"907","Ignazio Abate",2014,"Italy",-0.43,-0.57,-0.54,-0.8,-0.68,-0.54,-0.68,-0.94,1,-0.18,-0.57,-0.52,-0.81,0.26,-0.13,-0.79
"908","Leonardo Bonucci",2014,"Italy",-0.43,-0.57,-0.54,-0.8,-0.56,-0.85,-0.68,-0.71,-0.9,0.33,-0.12,1.06,-0.41,-1.15,-0.56,-0.79
"909","Lorenzo Insigne",2014,"Italy",-0.43,-0.4,-0.54,-0.45,-1.09,-0.77,-0.25,-0.94,-0.9,-0.18,-0.72,-0.52,-0.81,-1.15,-0.99,-0.51
"910","Marco Parolo",2014,"Italy",-0.43,-0.52,-0.54,-0.45,-0.93,-0.7,-0.25,-0.94,-0.34,-0.25,-0.42,-0.52,-0.41,-1.15,-0.56,-0.79
"911","Marco Verratti",2014,"Italy",-0.43,-0.57,-0.54,-0.63,0.91,-0.7,1.48,1.1,0.19,-0.25,-0.57,2.42,-0.81,0.26,0.73,-0.63
"912","Mario Balotelli",2014,"Italy",1.76,2.72,-0.54,0.97,-0.59,-1.09,0.62,0.19,-0.9,-0.29,-0.72,-0.52,-0.41,2.6,0.3,-0.44
"913","Matteo Darmian",2014,"Italy",-0.43,-0.03,-0.54,0.08,0.82,0.79,-0.25,0.42,0.23,1.57,0.79,-0.52,0.78,0.73,0.73,-0.12
"914","Mattia De Sciglio",2014,"Italy",-0.43,-0.57,0.21,-0.8,-0.73,-0.38,-0.68,-0.94,-0.9,-0.25,-0.57,1.06,-0.81,0.26,-0.99,-0.55
"915","Salvatore Sirigu",2014,"Italy",-0.43,-0.57,-0.54,-0.8,-0.66,-0.07,-0.68,-0.94,-0.9,-0.82,-0.72,-0.52,-0.81,-1.15,-0.99,-0.79
"916","Thiago Motta",2014,"Italy",-0.43,-0.46,-0.54,-0.8,0.36,-0.93,-0.25,0.19,0.23,1,-0.57,-0.52,-0.41,-1.15,0.3,-0.36
"917","Arthur Boka",2014,"Ivory Coast",-0.43,-0.26,1.73,-0.8,0.86,0.87,-0.68,0.19,1.9,0.37,0.49,-0.52,-0.01,0.26,-0.13,0.46
"918","Boubacar Barry",2014,"Ivory Coast",-0.43,-0.57,-0.54,-0.8,-0.15,2.12,-0.68,-0.94,-0.9,-0.82,-0.42,-0.52,-0.81,-1.15,-0.99,-0.79
"919","Cheick Tioté",2014,"Ivory Coast",-0.43,-0.31,-0.54,-0.8,2.17,0.79,0.62,0.65,1.24,2.01,-0.12,0.91,-0.41,1.66,0.3,-0.51
"920","Didier Drogba",2014,"Ivory Coast",-0.43,-0.03,0.21,1.14,-0.86,-0.7,-0.68,-0.26,-0.38,-0.82,-0.12,-0.52,1.58,1.66,1.16,0.46
"921","Didier Zokora",2014,"Ivory Coast",-0.43,-0.57,-0.54,-0.8,0.79,0.32,-0.68,-0.71,-0.32,0.82,1.55,-0.52,1.18,-0.68,-0.99,-0.48
"922","Gervinho",2014,"Ivory Coast",3.95,1.19,-0.54,4.15,0.08,-0.07,2.77,1.55,-0.9,0.3,-0.72,1.11,-0.41,-1.15,0.73,2.45
"923","Kolo Touré",2014,"Ivory Coast",-0.43,-0.54,-0.54,-0.63,-0.77,-0.77,-0.68,-0.94,-0.38,-0.82,0.49,-0.52,-0.41,-0.21,-0.13,-0.79
"924","Max Gradel",2014,"Ivory Coast",-0.43,-0.37,0.21,-0.63,-1.14,-0.85,-0.68,-0.71,0.13,-0.3,-0.42,-0.52,-0.81,-0.21,-0.13,0.07
"925","Salomon Kalou",2014,"Ivory Coast",-0.43,0.61,0.21,2.74,-0.31,-0.38,1.05,1.55,-0.32,-0.82,-0.57,-0.52,-0.01,2.13,-0.13,1.24
"926","Serey Dié",2014,"Ivory Coast",-0.43,-0.49,0.21,-0.63,1.81,1.02,0.18,0.19,2.32,0.82,-0.27,0.95,-0.81,1.66,-0.13,0.03
"927","Serge Aurier",2014,"Ivory Coast",-0.43,-0.28,2.48,0.43,1.16,2.04,1.91,0.19,2.93,4.34,0.79,0.91,0.39,0.73,1.16,1.63
"928","Sol Bamba",2014,"Ivory Coast",-0.43,-0.46,-0.54,-0.45,1.46,1.65,0.18,-0.49,-0.39,2.62,2.76,2.57,0.78,0.26,-0.56,-0.79
"929","Wilfried Bony",2014,"Ivory Coast",3.95,2.92,-0.54,1.14,-0.8,-0.85,0.18,-0.94,-0.39,-0.82,0.03,-0.52,-0.41,1.66,-0.56,-0.51
"930","Yaya Touré",2014,"Ivory Coast",-0.43,0.55,1.73,1.5,1.74,0.24,4.49,1.78,0.21,-0.3,-0.57,-0.52,-0.41,-0.68,0.73,3.27
"931","Atsuto Uchida",2014,"Japan",-0.43,0.87,1.73,1.32,0.7,1.33,0.62,0.65,2.22,1.78,0.49,-0.52,0.39,-0.68,0.73,2.69
"932","Eiji Kawashima",2014,"Japan",-0.43,-0.57,-0.54,-0.8,0.08,2.35,-0.68,-0.94,-0.9,-0.82,-0.12,-0.52,-0.81,-1.15,-0.99,-0.79
"933","Hotaru Yamaguchi",2014,"Japan",-0.43,-0.34,-0.54,-0.1,1.53,1.1,-0.68,-0.71,-0.49,2.32,-0.27,0.07,-0.81,-0.68,-0.99,-0.01
"934","Keisuke Honda",2014,"Japan",1.76,0.99,1.73,0.61,1.58,0.48,1.91,1.78,0.68,-0.61,-0.27,1.17,-0.01,-0.21,3.32,2.69
"935","Makoto Hasebe",2014,"Japan",-0.43,-0.46,-0.54,-0.27,1.32,0.32,0.18,2.23,-0.3,1.88,0.03,0.07,-0.01,0.26,1.16,1.52
"936","Masato Morishige",2014,"Japan",-0.43,-0.57,-0.54,-0.8,-0.8,-0.38,-0.68,-0.94,-0.49,-0.82,-0.27,1.23,-0.81,-0.21,-0.56,-0.79
"937","Maya Yoshida",2014,"Japan",-0.43,0.21,-0.54,1.32,1.28,0.79,-0.68,1.55,0.31,2.38,2.3,3.87,3.57,1.19,0.3,-0.4
"938","Shinji Kagawa",2014,"Japan",-0.43,0.64,-0.54,0.79,0.82,0.55,-0.25,1.78,1.49,0.22,-0.42,-0.52,-0.41,-0.21,0.73,0.46
"939","Shinji Okazaki",2014,"Japan",1.76,-0.14,-0.54,3.09,-0.61,-0.85,-0.25,-0.94,0.49,0.17,-0.42,-0.52,-0.01,3.07,2.02,-0.28
"940","Toshihiro Aoyama",2014,"Japan",-0.43,-0.46,-0.54,-0.63,-0.93,-0.77,-0.68,-0.49,-0.3,0.41,-0.72,-0.52,-0.81,-0.21,-0.99,-0.09
"941","Yasuhito Endo",2014,"Japan",-0.43,-0.17,-0.54,-0.1,0.26,0.32,-0.68,-0.94,-0.14,-0.82,-0.72,-0.52,-0.41,-0.21,-0.99,-0.59
"942","Yasuyuki Konno",2014,"Japan",-0.43,-0.52,-0.54,-0.63,1.25,1.49,-0.68,1.33,0.46,1.19,0.18,2.86,0.78,1.19,-0.56,-0.59
"943","Yoichiro Kakitani",2014,"Japan",-0.43,0.7,-0.54,-0.45,-1.35,-1.16,-0.25,-0.94,-0.3,-0.82,-0.72,-0.52,-0.81,-1.15,-0.99,-0.28
"944","Yoshito Okubo",2014,"Japan",-0.43,2,-0.54,2.03,-0.33,-0.62,1.48,-0.49,-0.14,-0.82,-0.72,-0.52,0.78,0.73,1.59,1.2
"945","Yuto Nagatomo",2014,"Japan",-0.43,-0.34,3.24,0.97,1.14,1.49,1.05,1.1,0.33,1.71,0.34,0.07,-0.01,1.19,-0.56,1.67
"946","Yuya Osako",2014,"Japan",-0.43,-0.2,-0.54,-0.27,-0.89,-1.01,-0.25,-0.94,-0.9,-0.82,-0.57,-0.52,0.39,0.26,0.3,-0.2
"947","Andrés Guardado",2014,"Mexico",1.21,-0.05,2.29,-0.01,0.4,0.18,-0.03,-0.26,-0.43,-0.59,-0.38,0.15,-0.51,1.31,1.27,1.14
"948","Carlos Salcido",2014,"Mexico",-0.43,-0.47,-0.54,-0.8,-0.93,-0.93,-0.03,-0.6,-0.72,-0.64,-0.61,-0.52,-0.21,-0.09,-0.99,-0.17
"949","Diego Reyes",2014,"Mexico",-0.43,-0.57,-0.54,-0.8,-1.28,-0.99,-0.68,-0.6,-0.9,-0.64,-0.27,-0.52,-0.21,-1.15,-0.99,-0.79
"950","Giovani Dos Santos",2014,"Mexico",1.21,0.68,-0.54,0.52,-0.1,-0.52,-0.35,-0.43,0.54,-0.82,-0.61,-0.52,-0.81,-0.09,0.95,0.38
"951","Guillermo Ochoa",2014,"Mexico",-0.43,-0.57,-0.54,-0.8,-0.19,1.88,-0.68,-0.77,-0.9,-0.64,-0.72,-0.52,-0.51,-1.15,-0.99,-0.79
"952","Héctor Herrera",2014,"Mexico",-0.43,-0.14,1.73,0.12,1.48,1.41,1.91,0.59,-0.02,-0.33,-0.04,-0.52,1.58,1.31,0.3,1.99
"953","Héctor Moreno",2014,"Mexico",-0.43,-0.57,-0.54,-0.8,0.76,0.53,-0.68,0.59,0.92,-0.11,1.2,2.06,0.39,0.26,-0.67,-0.49
"954","Javier Aquino",2014,"Mexico",-0.43,-0.57,-0.54,-0.8,-1.26,-0.99,-0.03,-0.26,-0.72,-0.82,-0.72,-0.52,-0.81,-1.15,-0.67,-0.79
"955","Javier Hernández",2014,"Mexico",1.21,1.09,-0.54,0.92,-1.19,-1.16,-0.68,-0.77,-0.9,-0.82,-0.72,-0.52,-0.21,-0.45,0.95,-0.76
"956","José Vázquez",2014,"Mexico",-0.43,-0.4,-0.54,-0.8,0.88,-0.34,-0.68,-0.94,1.01,1.12,-0.5,0.81,-0.51,0.96,-0.02,-0.38
"957","Marco Fabián",2014,"Mexico",-0.43,-0.49,-0.54,-0.8,-1.02,-0.81,-0.35,-0.77,0.05,-0.82,-0.72,-0.52,-0.81,-0.8,-0.67,-0.79
"958","Maza",2014,"Mexico",-0.43,-0.57,-0.54,-0.41,1.19,1.71,-0.68,0.42,0.92,1.88,2.11,-0.02,2.18,-0.09,-0.99,-0.67
"959","Miguel Layún",2014,"Mexico",-0.43,-0.31,1.73,-0.67,0.24,0.65,0.62,0.93,0.74,-0.58,0.75,-0.52,-0.81,-0.8,-0.02,0.35
"960","Oribe Peralta",2014,"Mexico",1.21,1.11,-0.54,1.72,-0.48,-0.75,-0.03,-0.26,-0.43,-0.35,0.07,-0.52,0.09,0.96,-0.02,0.65
"961","Paul Aguilar",2014,"Mexico",-0.43,-0.44,1.16,0.92,0.66,1.65,-0.03,0.08,0.2,0.8,1.32,0.6,0.09,1.31,1.59,-0.14
"962","Rafael Márquez",2014,"Mexico",1.21,-0.01,0.02,1.32,1.47,2,0.29,2.63,-0.2,1.8,1.43,2.81,1.28,-0.09,0.62,0.41
"963","Arjen Robben",2014,"Netherlands",2.14,1.35,3.31,1.9,0.48,0.27,5.05,5.1,-0.59,-0.73,-0.72,-0.52,0.13,0.68,3.73,5.29
"964","Bruno Martins Indi",2014,"Netherlands",-0.43,-0.57,-0.54,-0.74,0.91,0.91,-0.68,0.57,1.27,-0.03,-0.13,-0.13,-0.65,0.87,-0.49,-0.62
"965","Daley Blind",2014,"Netherlands",0.43,-0.08,-0.25,-0.39,1.58,1.37,-0.51,-0.32,0.93,0.77,0.34,-0.52,0.28,0.68,-0.15,-0.21
"966","Daryl Janmaat",2014,"Netherlands",-0.43,-0.57,0.05,-0.25,-0.19,0.18,-0.34,-0.14,0.21,0.33,0.22,0.06,-0.19,0.32,-0.83,0.13
"967","Dirk Kuyt",2014,"Netherlands",-0.43,-0.18,0.05,-0.11,0.78,1.34,0.33,0.66,-0.21,0.33,0.22,-0.52,1.53,-0.41,-0.99,-0.02
"968","Georginio Wijnaldum",2014,"Netherlands",0.43,-0.13,-0.25,0.1,0.4,-0.67,0.5,-0.41,-0.42,-0.61,-0.07,-0.52,0.59,-0.05,0.52,0.04
"969","Jasper Cillessen",2014,"Netherlands",-0.43,-0.57,-0.54,-0.8,0,1.56,-0.34,-0.85,-0.9,-0.82,-0.61,-0.52,-0.81,-1.15,-0.83,-0.79
"970","Jeremain Lens",2014,"Netherlands",-0.43,-0.38,-0.54,-0.32,-1.23,-1.04,-0.34,-0.41,-0.87,-0.79,-0.72,-0.52,-0.81,0.5,-0.15,-0.48
"971","Jonathan de Guzmán",2014,"Netherlands",-0.43,-0.51,-0.25,-0.53,-0.71,-0.89,-0.51,-0.76,-0.9,-0.55,-0.72,-0.52,-0.19,0.32,-0.99,-0.74
"972","Jordy Clasie",2014,"Netherlands",-0.43,-0.55,-0.25,-0.8,-0.82,-0.89,-0.34,-0.68,-0.73,-0.47,-0.49,-0.52,-0.34,-0.78,-0.83,-0.6
"973","Klaas Jan Huntelaar",2014,"Netherlands",0.43,0.28,-0.54,-0.39,-1.25,-1.1,-0.68,-0.94,-0.63,-0.61,-0.72,-0.52,-0.81,-0.6,-0.99,-0.48
"974","Memphis Depay",2014,"Netherlands",1.28,0.38,-0.54,-0.18,-0.98,-1.04,0.84,-0.05,-0.47,-0.26,-0.61,-0.52,-0.5,-0.41,-0.15,-0.56
"975","Nigel de Jong",2014,"Netherlands",-0.43,-0.46,-0.54,-0.67,-0.33,-0.74,-0.68,-0.85,-0.06,-0.17,-0.43,-0.08,-0.65,0.32,-0.15,-0.74
"976","Paul Verhaegh",2014,"Netherlands",-0.43,-0.57,-0.54,-0.8,-1.17,-0.92,-0.68,-0.94,-0.9,-0.82,-0.61,-0.52,-0.81,-0.96,-0.83,-0.79
"977","Robin van Persie",2014,"Netherlands",3,2.29,-0.54,1.83,-0.71,-1.07,0.33,-0.14,-0.77,-0.52,-0.31,-0.52,0.59,2.15,0.19,-0.18
"978","Ron Vlaar",2014,"Netherlands",-0.43,-0.26,-0.54,-0.11,1,0.06,-0.51,-0.32,1.62,2.25,3.36,1.65,2,-0.23,-0.66,-0.56
"979","Stefan de Vrij",2014,"Netherlands",0.43,2.02,-0.54,0.03,1.52,1.37,0.33,-0.23,2.41,3.06,2.3,1.36,2,0.68,-0.49,-0.28
"980","Wesley Sneijder",2014,"Netherlands",0.43,0.97,0.64,0.1,0.76,-0.06,-0.17,-0.05,-0.46,-0.48,-0.66,-0.52,-0.81,0.13,0.02,0.27
"981","Ahmed Musa",2014,"Nigeria",2.85,0.75,1.16,0.66,-0.66,-0.4,0.62,0.76,0.27,-0.28,-0.5,-0.52,-0.81,-0.09,-0.35,0.12
"982","Efe Ambrose",2014,"Nigeria",-0.43,-0.51,0.59,-0.14,1.5,1.59,2.23,2.46,0.6,2.57,1.09,-0.52,0.09,-0.8,0.62,0.24
"983","Emmanuel Emenike",2014,"Nigeria",-0.43,0.57,-0.54,2.38,-0.35,-0.75,2.88,2.46,-0.62,-0.82,-0.38,-0.52,1.58,-0.09,-0.02,0.94
"984","John Obi Mikel",2014,"Nigeria",-0.43,-0.34,0.02,-0.27,2.14,0.65,1.58,2.46,0.98,-0.53,0.07,2.5,-0.21,2.71,1.27,1
"985","Joseph Yobo",2014,"Nigeria",-0.43,-0.57,-0.54,-0.54,0.17,0.01,-0.68,-0.6,-0.14,0.19,2.11,0.95,0.39,-0.45,-0.99,-0.79
"986","Juwon Oshaniwa",2014,"Nigeria",-0.43,-0.4,1.16,-0.54,0.28,0.83,-0.03,0.08,0.4,0.25,1.2,-0.14,0.98,1.31,0.3,-0.03
"987","Kenneth Omeruo",2014,"Nigeria",-0.43,-0.57,-0.54,-0.8,0.66,0.12,-0.35,0.42,1.3,1.15,2.34,2.46,2.18,-0.09,0.3,-0.79
"988","Michael Babatunde",2014,"Nigeria",-0.43,-0.42,-0.54,-0.67,-0.83,-0.87,-0.35,-0.43,-0.34,-0.53,-0.61,-0.52,-0.81,-0.09,-0.35,-0.52
"989","Ogenyi Onazi",2014,"Nigeria",-0.43,0.31,-0.54,-0.27,1.9,0.65,0.29,0.25,1.96,0.96,-0.16,-0.52,-0.51,1.31,0.3,1.2
"990","Peter Odemwingie",2014,"Nigeria",1.21,0.9,1.16,0.39,0.38,-0.29,1.26,3.31,-0.09,-0.67,-0.04,-0.52,-0.21,1.31,0.3,0.82
"991","Ramon Azeez",2014,"Nigeria",-0.43,-0.57,-0.54,-0.8,-0.9,-1.1,-0.68,-0.77,-0.9,-0.82,-0.72,-0.52,-0.51,-1.15,-0.35,-0.52
"992","Reuben Gabriel",2014,"Nigeria",-0.43,-0.57,0.02,-0.8,-1.19,-0.93,-0.68,-0.94,-0.42,-0.57,-0.38,-0.52,-0.81,-0.45,-0.99,-0.64
"993","Shola Ameobi",2014,"Nigeria",-0.43,-0.47,-0.54,0.39,-1.12,-1.1,-0.68,-0.77,-0.9,-0.82,-0.61,-0.52,0.09,-0.45,-0.67,-0.79
"994","Victor Moses",2014,"Nigeria",-0.43,-0.4,-0.54,-0.54,-1.02,-1.05,0.29,-0.6,-0.42,-0.57,-0.61,-0.52,-0.81,0.26,-0.02,-0.79
"995","Vincent Enyeama",2014,"Nigeria",-0.43,-0.57,-0.54,-0.8,-0.28,1.47,-0.68,-0.94,-0.9,-0.82,-0.5,-0.52,-0.81,-1.15,-0.67,-0.79
"996","André Almeida",2014,"Portugal",-0.43,-0.57,-0.54,-0.8,-0.61,-0.46,-0.25,-0.94,-0.45,0.56,-0.42,0.23,-0.41,-1.15,-0.99,-0.79
"997","Beto",2014,"Portugal",-0.43,-0.57,-0.54,-0.8,-0.29,0.94,-0.68,-0.49,-0.9,-0.82,-0.57,-0.52,-0.41,-1.15,-0.99,-0.79
"998","Bruno Alves",2014,"Portugal",-0.43,-0.57,-0.54,-0.27,1.18,2.58,-0.68,-0.26,1.22,2.44,2.6,4.23,0.78,1.19,-0.56,-0.71
"999","Cristiano Ronaldo",2014,"Portugal",1.76,7.28,0.21,3.62,0.33,-0.3,1.05,1.78,-0.18,0.56,-0.57,0.96,-0.41,0.26,2.89,1.01
"1000","Fábio Coentrão",2014,"Portugal",-0.43,-0.57,-0.54,-0.45,-0.63,-0.46,-0.25,-0.71,-0.64,-0.82,-0.72,-0.52,-0.81,-0.68,-0.99,-0.79
"1001","João Moutinho",2014,"Portugal",-0.43,-0.46,0.97,-0.45,2.91,2.12,0.62,-0.26,-0.11,0.18,-0.27,0.75,-0.01,2.6,1.59,3
"1002","João Pereira",2014,"Portugal",-0.43,-0.57,0.21,-0.8,1.07,1.33,0.18,1.33,1.86,-0.55,-0.12,0.96,-0.41,-0.21,-0.56,-0.05
"1003","Miguel Veloso",2014,"Portugal",-0.43,-0.34,4.75,-0.1,1.39,1.41,0.18,1.1,0.61,0.91,0.18,-0.52,-0.01,-0.68,-0.13,2.26
"1004","Nani",2014,"Portugal",1.76,1.79,1.73,0.97,1,0.94,2.77,3.6,1.07,-0.82,-0.42,-0.52,-0.01,1.66,-0.13,2.41
"1005","Pepe",2014,"Portugal",-0.43,-0.57,-0.54,-0.8,-0.45,0.4,-0.68,-0.49,1.22,0.53,1.24,-0.52,-0.01,-0.21,0.3,-0.79
"1006","Raul Meireles",2014,"Portugal",-0.43,-0.26,-0.54,0.08,0.43,-0.15,-0.25,-0.94,-0.18,-0.28,-0.42,-0.52,-0.41,-0.21,-0.99,-0.71
"1007","Ricardo Costa",2014,"Portugal",-0.43,-0.57,-0.54,-0.45,0.08,-0.07,-0.68,-0.71,-0.18,-0.36,0.03,3.26,-0.01,0.26,-0.13,-0.59
"1008","Rui Patrício",2014,"Portugal",-0.43,-0.57,-0.54,-0.8,-0.96,-0.54,-0.68,-0.94,-0.9,-0.82,-0.72,-0.52,-0.81,-1.15,-0.99,-0.79
"1009","Rúben Amorim",2014,"Portugal",-0.43,-0.46,-0.54,0.08,-0.68,-0.62,-0.25,-0.03,-0.37,-0.82,-0.27,-0.52,-0.81,-0.21,-0.56,-0.09
"1010","Silvestre Varela",2014,"Portugal",1.76,0.99,-0.54,-0.1,-0.93,-0.85,-0.25,0.87,-0.9,-0.82,-0.72,-0.52,-0.81,-0.68,-0.56,-0.55
"1011","William Carvalho",2014,"Portugal",-0.43,-0.57,-0.54,-0.8,0.68,0.24,-0.25,-0.94,2.58,0.18,-0.27,-0.52,-0.41,1.66,-0.13,-0.55
"1012","Éder",2014,"Portugal",-0.43,1.19,-0.54,2.21,-0.4,-1.09,-0.68,-0.94,-0.45,-0.09,-0.57,-0.52,0.78,0.73,1.16,-0.28
"1013","Alan Dzagoev",2014,"Russia",-0.43,-0.4,-0.54,0.61,-0.82,-0.62,-0.68,-0.49,0.73,-0.82,-0.72,-0.52,-0.81,-0.21,-0.56,-0.51
"1014","Aleksandr Kokorin",2014,"Russia",1.76,1.01,0.21,2.91,-0.22,-0.93,-0.68,-0.03,0.03,-0.82,-0.72,-0.52,-0.01,3.53,-0.13,0.07
"1015","Aleksandr Samedov",2014,"Russia",-0.43,0.99,2.48,1.5,0.84,0.87,0.62,2.92,-0.2,0.45,-0.57,-0.52,-0.41,-0.68,1.59,2.73
"1016","Aleksei Kozlov",2014,"Russia",-0.43,-0.57,0.21,-0.8,-0.13,0.09,-0.68,-0.71,1.28,0.09,0.79,-0.52,-0.41,0.26,-0.99,-0.71
"1017","Alexander Kerzhakov",2014,"Russia",1.76,1.3,-0.54,0.61,-1.19,-0.93,0.62,-0.03,-0.9,-0.82,-0.72,-0.52,0.78,-0.68,-0.13,-0.4
"1018","Andrey Eshchenko",2014,"Russia",-0.43,-0.46,-0.54,-0.27,0.22,0.55,-0.68,-0.71,-0.13,-0.07,0.18,-0.52,-0.81,-0.68,-0.99,-0.36
"1019","Denis Glushakov",2014,"Russia",-0.43,-0.26,0.21,-0.1,-0.01,-0.54,0.62,-0.26,2.2,1.78,0.03,-0.52,-0.41,0.73,-0.56,0.38
"1020","Dmitri Kombarov",2014,"Russia",-0.43,-0.4,4.75,-0.63,1.25,1.49,0.18,1.78,0.93,1.36,1.24,0.46,-0.41,0.73,1.16,1.67
"1021","Igor Akinfeev",2014,"Russia",-0.43,-0.57,-0.54,-0.8,-0.2,1.65,-0.68,-0.94,-0.9,-0.82,-0.42,-0.52,-0.81,-1.15,-0.99,-0.79
"1022","Igor Denisov",2014,"Russia",-0.43,-0.43,-0.54,-0.8,-0.27,-0.3,-0.68,-0.26,0.03,0.84,-0.72,-0.52,-0.81,-0.21,-0.13,-0.71
"1023","Maksim Kanunnikov",2014,"Russia",-0.43,-0.46,-0.54,-0.45,-1.03,-0.93,0.18,0.65,-0.2,-0.11,-0.42,-0.52,-0.01,0.73,-0.13,-0.71
"1024","Oleg Shatov",2014,"Russia",-0.43,-0.43,-0.54,-0.1,0.03,-0.7,-0.25,2.01,-0.17,0.13,-0.57,-0.52,-0.01,0.26,-0.56,-0.09
"1025","Sergey Ignashevich",2014,"Russia",-0.43,-0.2,-0.54,-0.27,1.83,2.04,-0.68,3.37,2.75,0.09,4.57,3.48,2.78,-0.21,0.3,-0.59
"1026","Vasili Berezutski",2014,"Russia",-0.43,-0.37,-0.54,0.26,2.27,2.27,0.18,1.55,0.57,2.26,3.97,1.53,3.97,-1.15,-0.56,-0.67
"1027","Viktor Faizulin",2014,"Russia",-0.43,-0.26,0.21,-0.45,1.53,0.32,1.48,2.46,0.93,0.32,-0.57,-0.52,0.78,-0.68,2.02,0.93
"1028","Yury Zhirkov",2014,"Russia",-0.43,-0.52,-0.54,-0.8,-1.03,-0.85,-0.68,-0.71,-0.9,-0.82,-0.57,-0.52,-0.81,-1.15,-0.99,-0.71
"1029","Han Kook-Young",2014,"South Korea",-0.43,-0.57,-0.54,-0.8,0.59,-0.15,-0.68,-0.49,0.75,1.08,0.18,0.62,-0.41,0.26,-0.13,-0.79
"1030","Hong Jeong-Ho",2014,"South Korea",-0.43,-0.31,-0.54,-0.1,0.77,0.4,-0.68,-0.49,0.96,1.08,5.18,2.06,1.98,-0.68,-0.56,-0.12
"1031","Ji Dong-Won",2014,"South Korea",-0.43,-0.23,0.21,1.14,-1.03,-1.01,-0.68,-0.49,-0.9,-0.82,-0.57,-0.52,-0.01,-0.21,-0.99,-0.12
"1032","Jung Sung-Ryong",2014,"South Korea",-0.43,-0.57,-0.54,-0.8,-0.93,0.24,-0.68,-0.94,-0.9,-0.82,-0.72,-0.52,-0.41,-1.15,-0.56,-0.79
"1033","Keun-Ho Lee",2014,"South Korea",1.76,0.47,-0.54,1.85,-0.73,-0.7,0.18,0.42,-0.9,-0.82,-0.72,-0.52,-0.01,-1.15,-0.56,1.2
"1034","Ki Sung-Yueng",2014,"South Korea",-0.43,-0.05,3.24,-0.45,2.8,1.26,1.05,2.69,0.55,0.97,0.34,-0.52,0.78,1.66,1.59,1.75
"1035","Kim Bokyung",2014,"South Korea",-0.43,-0.57,0.21,-0.63,-0.77,-0.85,-0.68,-0.49,-0.39,-0.82,-0.72,-0.52,-0.81,-1.15,-0.99,0.38
"1036","Kim Seung-Gyu",2014,"South Korea",-0.43,-0.57,-0.54,-0.8,-1.12,-0.46,-0.68,-0.94,-0.9,-0.82,-0.42,-0.52,-0.81,-1.15,-0.99,-0.79
"1037","Kim Shin-Wook",2014,"South Korea",-0.43,-0.34,-0.54,1.5,-0.96,-1.01,-0.68,-0.94,-0.9,-0.82,-0.72,-0.52,4.77,-0.68,0.73,0.34
"1038","Kim Young-Gwon",2014,"South Korea",-0.43,-0.4,-0.54,-0.45,1.44,1.33,-0.25,0.87,0.03,0.66,3.36,2.95,0.39,-0.21,1.16,0.54
"1039","Koo Ja-Cheol",2014,"South Korea",1.76,2.51,-0.54,1.5,0.91,-0.23,-0.25,-0.03,1.6,0.03,-0.27,-0.52,1.58,1.19,2.02,0.34
"1040","Lee Chung-Yong",2014,"South Korea",-0.43,-0.37,1.73,1.5,0.72,0.55,2.77,1.1,0.97,0.03,-0.72,0.62,0.39,-0.21,0.3,2.92
"1041","Lee Yong",2014,"South Korea",-0.43,-0.57,0.21,-0.45,1.14,2.27,-0.68,-0.49,3.07,0.55,1.7,0.92,0.39,0.73,-0.13,-0.36
"1042","Park Chu-Young",2014,"South Korea",-0.43,-0.57,-0.54,0.61,-0.82,-0.62,-0.68,-0.71,-0.48,-0.39,-0.72,-0.52,1.58,0.73,-0.56,-0.09
"1043","Son Heung-Min",2014,"South Korea",1.76,0.23,1.73,1.5,-0.06,-0.46,4.92,1.55,-0.39,-0.39,-0.27,-0.52,0.78,0.26,0.73,1.4
"1044","Yun Suk-Young",2014,"South Korea",-0.43,-0.57,-0.54,-0.63,0.77,0.71,0.62,0.65,1.4,-0.4,1.24,2.1,-0.01,0.26,1.16,-0.36
"1045","Andrés Iniesta",2014,"Spain",-0.43,-0.34,1.73,0.79,2.89,1.33,1.05,3.6,2.21,-0.25,-0.57,-0.52,-0.81,0.26,2.45,3.62
"1046","Cesc Fàbregas",2014,"Spain",-0.43,-0.57,0.21,0.08,-0.61,-0.7,-0.25,-0.26,-0.25,-0.82,-0.72,-0.52,-0.81,-0.68,-0.99,0.73
"1047","César Azpilicueta",2014,"Spain",-0.43,-0.57,0.21,-0.45,1.12,0.32,0.62,0.87,1.73,4.53,-0.57,-0.52,-0.41,-0.21,-0.99,0.23
"1048","David Silva",2014,"Spain",-0.43,0.7,-0.54,2.38,0.89,-0.46,-0.25,-0.26,1.73,1.18,-0.57,-0.52,1.18,-1.15,0.73,1.44
"1049","David Villa",2014,"Spain",1.76,1.04,-0.54,0.08,-1.03,-0.77,0.18,0.65,-0.34,-0.82,-0.72,-0.52,-0.81,-0.21,-0.13,0.7
"1050","Diego Costa",2014,"Spain",-0.43,0.47,0.21,1.32,-0.86,-1.16,-0.25,-0.49,-0.9,-0.82,-0.72,-0.52,-0.81,-0.68,-0.13,0.77
"1051","Fernando Torres",2014,"Spain",1.76,0.23,-0.54,2.38,-0.73,-1.01,-0.25,0.19,-0.25,-0.82,-0.72,-0.52,1.98,-0.21,0.3,0.62
"1052","Gerard Piqué",2014,"Spain",-0.43,-0.57,-0.54,-0.45,0.03,-0.23,-0.68,0.19,0.42,-0.15,-0.27,-0.52,-0.01,-0.68,-0.56,-0.01
"1053","Iker Casillas",2014,"Spain",-0.43,-0.57,-0.54,-0.8,-0.61,0.63,-0.68,-0.94,-0.9,-0.82,-0.57,-0.52,-0.81,-1.15,-0.99,-0.79
"1054","Javi Martínez",2014,"Spain",-0.43,-0.57,-0.54,-0.63,-0.4,-0.62,-0.68,-0.03,-0.25,0.52,0.18,-0.52,-0.01,-0.68,-0.56,-0.71
"1055","Jordi Alba",2014,"Spain",-0.43,-0.28,-0.54,-0.1,3.1,1.65,0.18,1.78,2.67,3.96,0.49,-0.52,-0.81,-0.68,0.73,0.11
"1056","Juan Mata",2014,"Spain",1.76,0.78,0.21,0.61,-0.66,-1.09,-0.68,0.19,-0.34,-0.82,-0.72,-0.52,-0.81,-0.68,-0.99,-0.05
"1057","Juanfran",2014,"Spain",-0.43,-0.57,-0.54,-0.45,-0.24,-0.54,-0.25,-0.03,0.23,2.05,-0.57,-0.52,-0.81,-0.68,-0.13,-0.24
"1058","Koke",2014,"Spain",-0.43,-0.4,0.21,-0.45,1.32,-0.38,-0.68,-0.94,3.99,2.14,-0.27,-0.52,-0.81,-1.15,-0.13,-0.05
"1059","Pedro",2014,"Spain",-0.43,-0.4,-0.54,0.43,-0.56,-1.01,0.62,0.65,-0.25,-0.15,-0.72,-0.52,-0.81,-0.21,1.59,-0.05
"1060","Pepe Reina",2014,"Spain",-0.43,-0.57,-0.54,-0.8,-1,-0.46,-0.68,-0.94,-0.9,-0.82,-0.42,-0.52,-0.81,-1.15,-0.99,-0.79
"1061","Raúl Albiol",2014,"Spain",-0.43,-0.57,-0.54,-0.8,-0.7,-0.54,-0.25,-0.71,0.79,2.05,0.18,-0.52,-0.41,-1.15,-0.99,-0.79
"1062","Santi Cazorla",2014,"Spain",-0.43,-0.03,0.97,-0.1,-0.1,-0.62,-0.25,-0.49,-0.34,0.33,-0.72,-0.52,-0.81,-1.15,-0.13,0.46
"1063","Sergio Busquets",2014,"Spain",-0.43,1.01,-0.54,-0.45,1.53,0.4,-0.68,-0.49,0.42,0.52,-0.72,-0.52,-0.41,-1.15,-0.13,-0.79
"1064","Sergio Ramos",2014,"Spain",-0.43,0.9,-0.54,0.97,2.38,2.04,-0.68,2.46,4.75,3.1,1.55,1.31,3.97,0.73,0.3,-0.79
"1065","Xabi Alonso",2014,"Spain",1.76,3.29,-0.54,-0.1,1.85,0.4,-0.68,-0.49,1.55,1,-0.57,-0.52,-0.01,1.19,-0.13,-0.63
"1066","Xavi",2014,"Spain",-0.43,-0.57,0.21,-0.8,0.24,-0.62,-0.68,-0.49,-0.9,-0.82,-0.72,-0.52,-0.81,-0.68,-0.99,0.34
"1067","Admir Mehmedi",2014,"Switzerland",1.09,1.88,-0.54,1.65,0.38,0.19,1.11,0.63,1.69,0.91,-0.51,0,0.02,-0.18,0.8,0.75
"1068","Blerim Džemaili",2014,"Switzerland",1.09,1.66,-0.54,-0.44,-0.81,-0.84,-0.68,-0.31,-0.9,-0.82,-0.62,-0.52,-0.81,0.15,-0.7,-0.41
"1069","Diego Benaglio",2014,"Switzerland",-0.43,-0.33,-0.54,-0.56,-0.38,1.43,-0.68,-0.94,-0.9,-0.82,-0.51,-0.52,-0.81,-1.15,-0.7,-0.63
"1070","Fabian Schär",2014,"Switzerland",-0.43,-0.37,-0.54,-0.44,-0.92,-0.24,-0.68,-0.78,-0.9,0.14,1.69,-0.26,0.29,-0.5,-0.7,-0.65
"1071","Gelson Fernandes",2014,"Switzerland",-0.43,-0.57,-0.54,-0.8,-1.16,-1.06,-0.38,-0.94,-0.81,-0.82,-0.51,-0.52,-0.53,-0.5,-0.99,-0.63
"1072","Granit Xhaka",2014,"Switzerland",1.09,0.59,-0.02,0.91,0.54,-0.24,-0.68,-0.31,-0.37,-0.33,-0.51,-0.52,0.57,1.12,-0.1,0.13
"1073","Gökhan Inler",2014,"Switzerland",-0.43,-0.21,-0.02,-0.8,1.63,1.05,1.71,1.57,0.7,0.72,0.22,-0.26,0.02,0.8,1.09,0.48
"1074","Haris Seferović",2014,"Switzerland",1.09,0.81,-0.02,-0.19,-0.84,-1,-0.68,-0.31,-0.9,-0.82,-0.41,-0.52,-0.53,-0.18,-0.7,-0.46
"1075","Johan Djourou",2014,"Switzerland",-0.43,-0.57,-0.54,-0.68,0.8,1.05,-0.08,0,1.02,0.82,1.79,4.23,0.29,0.47,-0.4,-0.63
"1076","Josip Drmić",2014,"Switzerland",-0.43,0.43,-0.02,1.16,-0.95,-1,-0.08,-0.31,-0.9,-0.38,-0.72,-0.52,0.02,0.15,0.8,0.4
"1077","Philippe Senderos",2014,"Switzerland",-0.43,-0.57,-0.54,-0.8,-0.51,-0.19,-0.68,-0.47,-0.9,-0.82,-0.51,0.57,-0.81,-1.15,-0.99,-0.71
"1078","Ricardo Rodríguez",2014,"Switzerland",-0.43,-0.51,1.55,-0.8,0.96,1.49,0.52,0.47,3.79,0.43,0.64,0.07,1.12,-0.18,0.5,1.18
"1079","Stephan Lichtsteiner",2014,"Switzerland",-0.43,-0.47,-0.02,-0.19,1.15,2.51,-0.38,0.16,0.52,0.58,1.79,1.29,0.02,0.47,1.09,-0.25
"1080","Steve von Bergen",2014,"Switzerland",-0.43,-0.57,-0.54,-0.8,-0.91,-0.57,-0.68,-0.94,-0.03,-0.38,0.01,-0.52,0.29,-1.15,-0.4,-0.79
"1081","Valentin Stocker",2014,"Switzerland",-0.43,-0.51,-0.54,0.05,-1.32,-1.06,-0.68,-0.94,-0.9,-0.82,-0.72,-0.52,-0.26,-0.82,-0.99,-0.79
"1082","Valon Behrami",2014,"Switzerland",-0.43,-0.49,-0.54,-0.56,0.61,0.4,0.22,0.94,1.98,-0.72,-0.41,0,-0.53,1.45,0.8,-0.3
"1083","Xherdan Shaqiri",2014,"Switzerland",4.12,4.68,2.08,2.01,0.89,0.08,1.11,0.79,-0.25,-0.6,-0.72,-0.52,-0.81,3.07,3.78,3.24
"1084","Alejandro Bedoya",2014,"USA",-0.43,-0.35,-0.02,-0.07,-0.01,-0.51,-0.08,0,1.87,-0.5,-0.41,0.45,0.02,1.12,-0.7,-0.11
"1085","Aron Johannsson",2014,"USA",-0.43,-0.49,-0.54,-0.68,-1.24,-1.06,-0.68,-0.63,-0.9,-0.82,-0.72,-0.52,-0.81,-1.15,-0.99,-0.73
"1086","Brad Davis",2014,"USA",-0.43,-0.57,-0.54,-0.8,-1.18,-1,-0.68,-0.78,-0.83,-0.74,-0.62,-0.52,-0.81,-0.82,-0.99,-0.79
"1087","Chris Wondolowski",2014,"USA",-0.43,0.45,-0.54,-0.07,-1.11,-1,-0.38,-0.63,-0.9,-0.82,-0.72,-0.52,0.02,-0.82,-0.7,-0.19
"1088","Clint Dempsey",2014,"USA",2.6,3.14,-0.54,1.65,0.08,-0.79,0.52,0,-0.59,-0.46,0.32,-0.52,-0.53,0.47,0.8,0.67
"1089","DaMarcus Beasley",2014,"USA",-0.43,-0.53,0.5,-0.07,1.28,1.49,0.81,0.47,0.71,0.32,1.16,0.14,0.57,0.15,1.69,-0.33
"1090","DeAndre Yedlin",2014,"USA",-0.43,-0.49,-0.02,-0.19,-0.75,-0.14,0.81,0.47,-0.13,-0.82,-0.2,-0.52,0.02,-1.15,-0.7,0.29
"1091","Fabian Johnson",2014,"USA",-0.43,-0.47,-0.02,0.05,0.05,1.16,0.52,1.41,-0.32,-0.19,0.11,-0.1,-0.53,-0.82,0.2,0.75
"1092","Geoff Cameron",2014,"USA",-0.43,-0.57,-0.02,-0.44,0.32,0.51,0.81,0.16,0.84,0.24,2.21,5.31,1.4,-0.18,0.2,0.37
"1093","Graham Zusi",2014,"USA",-0.43,-0.21,1.03,0.18,-0.09,-0.51,-0.08,-0.16,-0.35,0.44,-0.2,-0.52,-0.26,-0.5,-0.1,0.75
"1094","Jermaine Jones",2014,"USA",1.09,0.49,-0.02,0.79,0.24,0.46,1.71,0.47,-0.14,0.8,-0.1,-0.52,3.88,1.45,2.29,0.4
"1095","John Brooks",2014,"USA",1.09,-0.03,-0.54,-0.56,-1.27,-0.79,-0.68,-0.94,-0.79,-0.59,0.01,0.11,-0.53,-1.15,-0.7,-0.79
"1096","Kyle Beckerman",2014,"USA",-0.43,-0.53,-0.54,-0.8,0.54,-0.08,-0.38,-0.47,-0.48,0.49,0.11,-0.52,-0.53,0.8,0.2,-0.79
"1097","Matt Besler",2014,"USA",-0.43,-0.57,-0.54,-0.8,0.67,0.24,-0.38,0.16,0.02,1.68,3.26,2.08,1.12,-0.82,0.5,-0.71
"1098","Michael Bradley",2014,"USA",-0.43,0.79,-0.02,-0.07,2.11,1.21,0.22,2.04,-0.13,-0.22,-0.62,-0.52,-0.81,1.45,-0.1,0.56
"1099","Omar González",2014,"USA",-0.43,-0.57,-0.54,-0.68,-0.09,0.51,-0.68,0.16,-0.06,0.67,2.42,2.39,0.57,-0.5,-0.4,-0.79
"1100","Tim Howard",2014,"USA",-0.43,-0.57,-0.54,-0.8,0.62,2.84,-0.68,-0.94,-0.9,-0.82,-0.62,-0.52,0.02,-1.15,-0.99,-0.71
"1101","Abel Hernández",2014,"Uruguay",-0.43,-0.57,-0.54,-0.8,-1.33,-1.1,-0.35,-0.77,-0.9,-0.82,-0.72,-0.52,-0.51,-1.15,-0.99,-0.41
"1102","Cristhian Stuani",2014,"Uruguay",-0.43,-0.34,0.02,0.66,-0.92,-0.87,-0.68,-0.94,-0.44,0.31,-0.5,-0.04,1.58,0.96,0.62,-0.17
"1103","Cristian Rodríguez",2014,"Uruguay",-0.43,0.03,0.59,0.39,0.31,-0.4,1.26,1.27,0.39,-0.39,-0.38,-0.52,2.18,0.61,2.24,0.62
"1104","Diego Forlán",2014,"Uruguay",-0.43,-0.29,-0.54,-0.54,-0.86,-0.99,-0.68,-0.77,-0.9,-0.82,-0.72,-0.52,-0.81,-0.8,-0.99,-0.52
"1105","Diego Godín",2014,"Uruguay",1.21,-0.23,-0.54,0.66,-0.28,-0.23,-0.35,-0.6,0.8,2.31,2.57,0.75,3.37,0.61,1.92,-0.32
"1106","Diego Lugano",2014,"Uruguay",-0.43,-0.57,-0.54,-0.8,-0.83,-0.81,-0.68,-0.6,-0.9,-0.43,0.18,0.55,0.39,-0.8,-0.02,-0.79
"1107","Edinson Cavani",2014,"Uruguay",1.21,3.3,0.02,3.44,0,-0.75,0.62,0.25,-0.9,0.01,-0.5,-0.52,-0.21,1.66,-0.02,0.62
"1108","Egidio Arévalo Ríos",2014,"Uruguay",-0.43,-0.51,-0.54,-0.67,0.69,0.07,0.29,-0.77,0.84,0.37,0.3,-0.52,0.39,1.66,0.95,-0.61
"1109","Fernando Muslera",2014,"Uruguay",-0.43,-0.57,-0.54,-0.8,-0.5,1.47,-0.68,-0.94,-0.9,-0.82,-0.72,-0.52,-0.21,-1.15,-0.67,-0.79
"1110","Gastón Ramírez",2014,"Uruguay",-0.43,-0.47,2.29,-0.8,-0.76,-0.58,-0.35,-0.77,-0.9,-0.64,-0.72,-0.52,-0.81,-0.09,-0.67,1.26
"1111","José Giménez",2014,"Uruguay",-0.43,-0.47,-0.54,-0.41,-0.64,-0.23,-0.68,-0.77,-0.22,-0.02,0.75,0.45,0.39,0.61,0.3,-0.61
"1112","Luis Suárez",2014,"Uruguay",2.85,1.29,-0.54,1.19,-0.86,-0.87,-0.35,0.08,-0.9,-0.82,-0.38,-0.52,-0.81,1.31,-0.35,0.47
"1113","Martín Cáceres",2014,"Uruguay",-0.43,-0.53,0.59,-0.41,1.43,2.58,-0.03,0.76,-0.28,1.82,0.18,-0.52,0.09,0.96,0.95,0.09
"1114","Maxi Pereira",2014,"Uruguay",-0.43,0.49,-0.54,-0.54,0.31,0.77,-0.68,0.08,0.32,0.42,-0.04,-0.52,-0.21,-0.09,0.95,-0.14
"1115","Nicolas Lodeiro",2014,"Uruguay",-0.43,-0.47,0.59,-0.01,-0.33,-0.4,-0.35,-0.43,-0.06,-0.47,-0.72,-0.52,-0.81,-0.09,-0.99,0.18
"1116","Walter Gargano",2014,"Uruguay",-0.43,-0.57,-0.54,-0.8,-0.86,-0.99,-0.03,-0.6,-0.9,-0.82,-0.72,-0.52,-0.51,-0.45,-0.99,-0.79
"1117","Álvaro González",2014,"Uruguay",-0.43,-0.12,0.59,-0.01,-0.07,-0.11,-0.68,-0.94,0.7,0.19,-0.16,0.27,0.98,-0.09,-0.35,-0.14
"1118","Álvaro Pereira",2014,"Uruguay",-0.43,-0.57,0.02,-0.67,-0.36,0.18,-0.68,-0.94,-0.37,-0.02,0.41,-0.29,0.09,0.96,0.62,-0.52
"1119","Abdelkader Ghezzal",2010,"Algeria",-0.4,0.11,-0.52,0.93,-1.28,-1.04,-0.65,-0.93,-0.86,-0.82,-0.74,-0.48,-0.77,0.12,-0.59,-0.68
"1120","Adlène Guédioura",2010,"Algeria",-0.4,-0.54,0.91,-0.38,-1.09,-0.77,-0.65,-0.93,-0.86,-0.13,-0.58,-0.48,-0.17,-0.28,-1.01,-0.51
"1121","Antar Yahia",2010,"Algeria",-0.4,-0.22,-0.52,-0.75,0.12,-0.02,-0.65,-0.93,-0.56,2.06,1.39,-0.48,-0.77,0.52,-0.59,-0.81
"1122","Fawzi Chaouchi",2010,"Algeria",-0.4,-0.63,-0.52,-0.75,-1.07,-0.36,-0.65,-0.93,-0.86,-0.82,-0.74,-0.48,-0.77,-1.09,-0.59,-0.81
"1123","Foued Kadir",2010,"Algeria",-0.4,-0.63,3.06,-0.75,1.37,1.27,0.48,2.64,-0.3,0.58,-0.09,0.34,-0.17,1.33,0.65,0.92
"1124","Hassan Yebda",2010,"Algeria",-0.4,0.94,-0.52,0.75,1.46,-0.09,0.48,0.41,1.62,1.13,0.08,-0.48,0.43,2.14,0.23,-0.34
"1125","Karim Matmour",2010,"Algeria",-0.4,0.02,-0.52,0.56,-0.23,-0.98,0.48,-0.26,-0.28,0.1,-0.58,-0.48,1.62,1.73,1.06,-0.64
"1126","Karim Ziani",2010,"Algeria",-0.4,0.2,3.06,-0.56,0.55,0.18,1.05,2.42,0.38,-0.36,-0.41,-0.48,-0.77,-0.28,-0.18,2.49
"1127","Madjid Bouguerra",2010,"Algeria",-0.4,-0.12,-0.52,-0.19,0.22,0.52,-0.65,-0.26,2.19,0.76,1.39,1.28,0.43,0.12,0.23,-0.34
"1128","Medhi Lacen",2010,"Algeria",-0.4,-0.59,-0.52,-0.75,1.69,0.39,-0.08,-0.48,1.06,1.28,-0.25,0.51,1.03,0.52,-0.18,-0.81
"1129","Nadir Belhadj",2010,"Algeria",-0.4,-0.26,3.78,-0.75,2.37,2.36,1.05,2.87,1.19,1.93,0.4,0.34,1.03,0.12,1.06,2.53
"1130","Rafik Djebbour",2010,"Algeria",-0.4,0.11,-0.52,1.68,-1.05,-1.04,-0.08,-0.48,-0.54,-0.82,-0.74,-0.48,-0.17,-0.28,-0.59,-0.3
"1131","Rafik Halliche",2010,"Algeria",-0.4,0.25,-0.52,0.19,0.45,0.18,-0.65,-0.48,-0.33,1.42,5.15,1.33,1.62,0.52,0.65,-0.43
"1132","Rais M'Bolhi",2010,"Algeria",-0.4,-0.63,-0.52,-0.75,-0.53,1.14,-0.65,-0.93,-0.86,-0.82,-0.41,-0.48,-0.17,-1.09,-1.01,-0.81
"1133","Ryad Boudebouz",2010,"Algeria",-0.4,-0.17,-0.52,-0.38,-0.81,-0.84,-0.08,-0.48,-0.86,-0.82,-0.74,-0.48,-0.77,0.12,-1.01,-0.81
"1134","Carlos Tevez",2010,"Argentina",2.37,1.14,-0.09,1.49,0.61,-0.09,1.39,0.14,0.37,0.35,-0.74,0.69,-0.77,-0.12,0.48,0.51
"1135","Clemente Rodríguez",2010,"Argentina",-0.4,-0.6,0.34,-0.64,-0.23,-0.62,-0.65,-0.93,-0.44,-0.49,-0.74,-0.48,-0.77,-0.85,-1.01,-0.2
"1136","Diego Milito",2010,"Argentina",-0.4,-0.63,-0.52,-0.3,-1.01,-0.99,-0.65,-0.79,-0.86,-0.82,-0.64,-0.48,-0.77,-0.85,0.23,-0.12
"1137","Gabriel Heinze",2010,"Argentina",0.98,-0.24,0.77,-0.19,1.29,1.18,-0.65,0.14,0.79,2.57,0.44,0.87,1.38,-0.61,1.48,-0.07
"1138","Gonzalo Higuaín",2010,"Argentina",5.13,3.28,-0.52,2.73,-0.34,-0.87,1.05,0.01,1.05,-0.29,-0.35,-0.48,-0.41,0.85,-0.01,0.33
"1139","Javier Mascherano",2010,"Argentina",-0.4,-0.63,-0.52,-0.75,1.43,0.6,-0.65,-0.66,3.3,2.8,-0.25,4.91,-0.05,2.3,-0.26,-0.56
"1140","Javier Pastore",2010,"Argentina",-0.4,-0.49,-0.52,-0.41,-0.85,-0.95,0.37,-0.52,-0.44,-0.82,-0.74,-0.48,-0.77,-0.61,-0.51,-0.63
"1141","Jonás Gutiérrez",2010,"Argentina",-0.4,-0.63,-0.52,-0.75,-0.13,-0.5,0.03,-0.79,2.78,0.04,-0.25,1.73,-0.41,0.12,-0.76,-0.81
"1142","Juan Sebastián Verón",2010,"Argentina",-0.4,-0.24,1.2,-0.53,1.51,0.97,-0.65,-0.12,1.88,1.42,-0.54,-0.48,-0.41,-0.61,-0.26,0.71
"1143","Lionel Messi",2010,"Argentina",-0.4,3.62,0.34,2.17,2.57,1.05,8.51,2.69,1.22,-0.37,-0.74,-0.48,-0.05,-0.37,2.72,4.14
"1144","Mario Bolatti",2010,"Argentina",-0.4,0.01,-0.52,-0.3,-0.08,-0.5,-0.65,-0.93,-0.02,-0.15,-0.64,-0.48,-0.77,-0.12,-1.01,-0.81
"1145","Martín Demichelis",2010,"Argentina",0.98,0.09,-0.52,0.15,1.51,0.89,-0.65,0.01,1.13,3.19,2.3,0.2,1.38,-0.61,-0.01,-0.45
"1146","Maxi Rodríguez",2010,"Argentina",-0.4,-0.13,0.77,0.6,1.47,0.52,-0.31,-0.26,1.19,0.96,-0.35,0.44,-0.77,0.12,0.48,1.22
"1147","Nicolás Burdisso",2010,"Argentina",-0.4,-0.44,-0.52,-0.41,0.71,0.03,-0.65,-0.39,-0.22,0.09,0.34,4.68,0.67,-0.37,-0.26,-0.51
"1148","Nicolás Otamendi",2010,"Argentina",-0.4,-0.63,-0.09,-0.64,0.68,0.32,1.05,-0.66,0.41,0.68,-0.05,0.44,-0.77,0.36,-0.26,-0.48
"1149","Sergio Agüero",2010,"Argentina",-0.4,-0.08,-0.52,0.82,-0.68,-0.87,0.37,-0.26,-0.44,-0.49,-0.74,-0.48,-0.77,-1.09,-0.26,0.48
"1150","Sergio Romero",2010,"Argentina",-0.4,-0.63,-0.52,-0.75,-0.3,0.81,-0.65,-0.93,-0.86,-0.82,-0.74,-0.48,-0.77,-1.09,-1.01,-0.81
"1151","Walter Samuel",2010,"Argentina",-0.4,-0.24,-0.52,-0.19,-0.88,-0.75,-0.65,-0.66,-0.86,-0.23,-0.35,-0.48,-0.77,-1.09,-1.01,-0.45
"1152","Ángel Di María",2010,"Argentina",-0.4,0.17,0.77,1.27,0.3,0.24,1.73,0.41,1.71,-0.29,-0.74,-0.48,-0.77,-0.37,1.23,1.88
"1153","Brett Emerton",2010,"Australia",-0.4,-0.08,0.91,-0.19,0.5,-0.23,-0.08,0.64,-0.59,-0.45,0.57,0.15,1.62,3.35,-0.59,0.5
"1154","Brett Holman",2010,"Australia",4.21,0.34,-0.52,-0.19,-0.56,-0.77,-0.65,-0.7,-0.39,-0.82,-0.74,-0.48,-0.77,-0.69,-0.59,0.16
"1155","Carl Valeri",2010,"Australia",-0.4,-0.63,0.2,-0.56,1.3,-0.16,-0.65,0.41,-0.11,0.13,0.24,0.27,-0.77,0.12,-0.18,-0.05
"1156","Craig Moore",2010,"Australia",-0.4,-0.26,-0.52,0.37,0.52,0.25,-0.65,-0.7,-0.05,-0.2,1.55,-0.48,1.62,1.33,-1.01,-0.81
"1157","David Carney",2010,"Australia",-0.4,-0.63,0.2,-0.75,-0.18,0.32,-0.65,0.64,-0.19,-0.07,0.4,-0.48,-0.17,0.52,0.23,0.16
"1158","Jason Culina",2010,"Australia",-0.4,0.25,-0.52,0.19,1.91,-0.09,-0.65,-0.48,-0.86,-0.25,-0.09,0.15,1.03,0.52,-0.18,-0.81
"1159","Joshua Kennedy",2010,"Australia",-0.4,1.73,-0.52,4.3,-1.05,-0.98,-0.65,-0.93,-0.66,-0.66,-0.74,-0.48,1.03,0.93,-0.18,-0.26
"1160","Lucas Neill",2010,"Australia",-0.4,-0.54,0.2,-0.56,1.25,1.82,-0.08,0.64,-0.39,0.15,2.2,2.81,-0.17,0.52,0.23,0.75
"1161","Luke Wilkshire",2010,"Australia",-0.4,0.11,8.08,-0.19,1.48,2.5,-0.08,0.86,0.52,0.12,0.9,0.38,-0.77,1.33,1.89,4.09
"1162","Mark Bresciano",2010,"Australia",-0.4,0.02,0.2,-0.75,-0.34,-0.43,0.48,-0.26,-0.66,-0.61,-0.41,-0.48,-0.77,-0.69,0.23,0.16
"1163","Mark Schwarzer",2010,"Australia",-0.4,-0.63,-0.52,-0.75,0.31,2.84,-0.65,-0.7,-0.86,-0.82,-0.25,-0.48,-0.77,-1.09,-0.59,-0.26
"1164","Michael Beauchamp",2010,"Australia",-0.4,-0.63,-0.52,-0.75,-0.7,-0.5,-0.65,-0.93,-0.46,-0.82,0.08,0.15,-0.77,-1.09,-1.01,-0.81
"1165","Nikita Rukavytsya",2010,"Australia",-0.4,0.52,-0.52,0,-1.16,-1.11,-0.65,-0.48,-0.86,-0.82,-0.74,-0.48,-0.77,-0.28,-0.59,-0.81
"1166","Richard Garcia",2010,"Australia",-0.4,0.52,-0.52,0.56,-0.95,-0.84,-0.08,-0.26,-0.18,-0.63,-0.41,-0.48,-0.77,-0.28,-0.59,-0.26
"1167","Scott Chipperfield",2010,"Australia",-0.4,0.02,0.2,0.93,-0.34,-0.43,-0.65,-0.48,-0.22,-0.2,-0.09,-0.48,-0.17,-0.28,0.23,0.12
"1168","Tim Cahill",2010,"Australia",1.91,1.22,-0.52,2.62,-0.67,-1.04,-0.65,-0.48,-0.62,-0.82,-0.41,0.15,0.43,0.93,0.23,-0.13
"1169","Vincenzo Grella",2010,"Australia",-0.4,-0.63,-0.52,-0.75,-1.12,-0.7,-0.65,-0.93,-0.14,-0.63,-0.74,-0.48,-0.77,-0.69,-0.59,-0.51
"1170","Dani Alves",2010,"Brazil",-0.4,0.28,3.78,-0.41,1.29,0.56,1.05,0.95,0.21,0.83,-0.64,0.08,-0.05,0.85,2.47,2.74
"1171","Elano",2010,"Brazil",2.37,0.48,-0.09,0.15,-0.75,-0.79,0.03,-0.79,1.36,-0.57,-0.64,-0.48,-0.05,-0.61,-0.76,-0.25
"1172","Felipe Melo",2010,"Brazil",-0.4,-0.38,-0.09,-0.3,1.84,0.24,0.37,0.14,2.15,1.15,-0.45,-0.48,0.31,0.36,-0.01,0
"1173","Gilberto Melo",2010,"Brazil",-0.4,-0.63,-0.52,-0.75,-1.23,-0.79,-0.65,-0.93,-0.44,-0.82,-0.64,-0.48,-0.77,-0.61,-0.51,-0.81
"1174","Gilberto Silva",2010,"Brazil",-0.4,-0.19,-0.52,-0.3,2.41,0.15,-0.31,0.14,1.14,2.48,0.24,2.48,-0.05,0.6,-0.51,-0.61
"1175","Josué",2010,"Brazil",-0.4,-0.63,-0.52,-0.75,-0.68,-1.03,-0.65,-0.79,-0.86,-0.52,-0.74,-0.48,-0.77,-0.85,-1.01,-0.81
"1176","Juan",2010,"Brazil",0.98,0.12,-0.52,0.48,1.37,0.89,-0.65,0.01,1.45,3.34,1.71,4.57,1.38,-0.61,-0.26,-0.81
"1177","Júlio Baptista",2010,"Brazil",-0.4,-0.6,-0.52,-0.75,-0.85,-1.07,-0.31,-0.79,-0.47,-0.82,-0.64,-0.48,-0.77,-0.61,-0.51,-0.63
"1178","Júlio César",2010,"Brazil",-0.4,-0.63,-0.52,-0.75,-0.06,1.22,-0.65,-0.79,-0.86,-0.82,-0.45,-0.48,-0.05,-1.09,-1.01,-0.81
"1179","Kaká",2010,"Brazil",-0.4,0.42,-0.52,1.49,0.22,-0.66,1.73,1.62,-0.86,0.29,-0.64,-0.48,-0.41,0.36,1.73,0.81
"1180","Luis Fabiano",2010,"Brazil",3.75,1.92,-0.09,3.4,-0.43,-0.79,0.71,-0.26,0.5,-0.63,-0.45,-0.48,0.67,1.09,1.23,2.08
"1181","Lúcio",2010,"Brazil",-0.4,-0.38,-0.52,0.82,1.26,0.15,4.44,4.03,1.68,2.82,0.93,0.82,0.31,-0.37,1.48,-0.25
"1182","Maicon",2010,"Brazil",0.98,-0.44,2.06,0.04,2.33,3.22,2.41,3.89,1.72,1,0.24,0.08,0.67,-0.61,-0.26,2.74
"1183","Michel Bastos",2010,"Brazil",-0.4,-0.11,-0.09,-0.53,1.88,1.75,0.71,1.35,1.73,2.25,0.14,-0.48,-0.41,1.81,-0.51,-0.28
"1184","Nilmar",2010,"Brazil",-0.4,0.42,-0.52,0.04,-1.22,-1.03,0.37,-0.52,0.08,0.1,-0.74,-0.48,-0.77,-0.12,-0.76,-0.43
"1185","Ramires",2010,"Brazil",-0.4,-0.41,-0.52,-0.75,-0.78,-0.75,-0.31,-0.26,-0.51,0.05,-0.45,0.08,-0.77,-0.12,-0.76,-0.25
"1186","Robinho",2010,"Brazil",2.37,0.7,-0.52,1.05,0.71,0.28,0.37,1.89,-0.11,0.3,-0.74,-0.48,-0.77,0.6,1.23,1.47
"1187","Achille Emaná",2010,"Cameroon",-0.4,0.66,-0.52,1.31,-0.32,-0.5,2.75,0.64,-0.86,-0.43,-0.74,-0.48,0.43,-0.28,-1.01,1.85
"1188","Alex Song",2010,"Cameroon",-0.4,-0.45,-0.52,-0.75,-0.06,0.05,-0.65,-0.48,2.08,-0.03,-0.74,1.07,-0.77,-0.69,-1.01,-0.18
"1189","Aurélien Chedjou",2010,"Cameroon",-0.4,-0.4,-0.52,-0.75,0.24,-0.16,-0.08,-0.26,-0.44,-0.49,-0.74,0.83,-0.17,0.12,-1.01,-0.81
"1190","Benoît Assou-Ekotto",2010,"Cameroon",-0.4,-0.45,2.34,-0.56,1.41,2.57,0.48,0.64,0.48,3.07,0.08,-0.48,-0.17,-0.28,1.89,1.73
"1191","Eyong Enoh",2010,"Cameroon",-0.4,-0.4,-0.52,-0.75,-0.27,-0.64,-0.65,-0.7,2.16,-0.43,-0.58,-0.48,-0.77,0.12,-0.59,-0.13
"1192","Gaëtan Bong",2010,"Cameroon",-0.4,-0.26,-0.52,-0.56,-1.19,-1.04,-0.65,-0.93,-0.86,-0.49,-0.74,-0.48,-0.77,-0.69,-0.18,-0.81
"1193","Geremi",2010,"Cameroon",-0.4,-0.17,7.36,-0.75,1.02,1.48,-0.08,-0.7,-0.37,0.18,-0.58,-0.48,-0.17,0.93,-0.18,4.05
"1194","Jean Makoun",2010,"Cameroon",-0.4,0.76,-0.52,0.93,1.95,1.2,-0.08,-0.7,-0.44,-0.09,-0.74,-0.48,-0.77,0.93,0.23,-0.05
"1195","Joël Matip",2010,"Cameroon",-0.4,-0.63,-0.52,-0.75,-0.65,-0.77,-0.65,-0.93,0.65,0.39,-0.41,-0.48,-0.77,0.52,-0.18,-0.81
"1196","Landry N'Guemo",2010,"Cameroon",-0.4,-0.22,0.2,-0.38,-0.3,-0.7,-0.65,-0.7,-0.44,-0.82,-0.74,-0.48,-0.17,0.12,-0.18,-0.26
"1197","Maxim Choupo-Moting",2010,"Cameroon",-0.4,0.11,-0.52,0.93,-0.65,-0.7,0.48,-0.26,-0.86,-0.15,-0.74,-0.48,-0.77,0.12,0.23,-0.47
"1198","Mohamadou Idrissou",2010,"Cameroon",-0.4,0.11,-0.52,1.68,-1.05,-1.04,-0.65,-0.03,-0.37,-0.42,-0.41,-0.48,2.22,0.12,-0.18,-0.39
"1199","Nicolas N'Koulou",2010,"Cameroon",-0.4,-0.63,-0.52,-0.75,1.46,0.39,0.48,-0.26,0.13,1.72,1.22,1.07,-0.77,0.12,-0.18,-0.81
"1200","Pierre Webó",2010,"Cameroon",-0.4,0.57,-0.52,2.8,-0.74,-0.91,-0.65,-0.93,0.64,-0.43,-0.58,1.07,2.82,0.12,0.23,0.8
"1201","Samuel Eto'o",2010,"Cameroon",4.21,4.27,-0.52,3.93,0.17,-0.09,2.18,0.86,-0.37,-0.82,-0.74,-0.48,-0.77,0.12,1.48,2.19
"1202","Souleymanou Hamidou",2010,"Cameroon",-0.4,-0.63,-0.52,-0.75,0.38,2.43,-0.65,-0.93,-0.86,-0.82,-0.58,-0.48,-0.17,-1.09,-1.01,-0.81
"1203","Stéphane M'bia",2010,"Cameroon",-0.4,0.43,0.91,0.19,2.14,2.02,-0.08,1.08,1.11,1.9,0.08,1.07,0.43,2.54,-1.01,0.37
"1204","Sébastien Bassong",2010,"Cameroon",-0.4,-0.63,-0.52,-0.75,0.01,-0.16,-0.65,-0.26,0.13,-0.03,1.71,-0.48,-0.77,0.12,-0.59,-0.81
"1205","Vincent Aboubakar",2010,"Cameroon",-0.4,0.29,0.2,-0.38,-1.12,-0.98,-0.08,-0.48,-0.86,-0.82,-0.74,-0.48,-0.77,-1.09,0.23,-0.13
"1206","Alexis Sánchez",2010,"Chile",-0.4,1.69,0.55,4.44,0.01,-0.04,6.56,2.42,4.22,0.59,-0.5,-0.48,1.03,1.63,4.27,3.76
"1207","Arturo Vidal",2010,"Chile",-0.4,-0.04,-0.52,0.37,1.57,1.75,-0.22,2.76,2.37,2.27,-0.13,-0.48,1.47,3.75,1.48,0.17
"1208","Carlos Carmona",2010,"Chile",-0.4,-0.39,-0.52,-0.75,1.34,0.68,-0.65,0.58,3.02,3.1,-0.13,0.96,-0.32,1.03,0.23,-0.81
"1209","Claudio Bravo",2010,"Chile",-0.4,-0.63,-0.52,-0.75,-0.03,1.24,-0.65,-0.42,-0.86,-0.82,-0.37,-0.48,-0.77,-1.09,-1.01,-0.81
"1210","Esteban Paredes",2010,"Chile",-0.4,0.3,0.02,0.37,-1.22,-1.06,0.2,-0.76,0.25,-0.82,-0.62,-0.48,-0.77,-0.79,-0.39,0.36
"1211","Gary Medel",2010,"Chile",-0.4,0.48,0.02,-0.33,0.61,0.47,-0.22,-0.42,1.21,1.76,0.73,0.96,1.03,0.72,-0.39,-0.46
"1212","Gonzalo Jara",2010,"Chile",-0.4,-0.56,-0.52,-0.75,1.26,1.7,-0.65,1.92,0.24,1.82,1.96,-0.31,2.37,0.42,-0.7,-0.37
"1213","Humberto Suazo",2010,"Chile",-0.4,0.44,-0.52,0.65,-0.92,-1.01,-0.65,-0.76,-0.86,-0.82,-0.74,-0.48,-0.77,-0.49,-1.01,-0.71
"1214","Ismael Fuentes",2010,"Chile",-0.4,-0.63,0.02,-0.75,-0.96,-0.3,-0.22,-0.76,0.11,-0.82,0,-0.48,0.13,-0.18,-1.01,-0.71
"1215","Jean Beauséjour",2010,"Chile",1.33,0.69,1.63,0.65,0.08,0.16,1.9,0.58,0.44,-0.15,-0.5,-0.48,-0.32,0.12,1.79,1.66
"1216","Jorge Valdívia",2010,"Chile",-0.4,0.34,-0.52,0.79,-0.31,-0.5,1.9,0.41,0.42,-0.42,-0.74,-0.48,-0.77,1.94,2.41,1.19
"1217","Marco Estrada",2010,"Chile",-0.4,-0.56,-0.52,-0.75,-1.22,-0.96,-0.65,-0.93,-0.75,-0.78,-0.62,-0.48,-0.77,-0.18,-1.01,-0.81
"1218","Mark González",2010,"Chile",1.33,1.38,-0.52,1.07,-0.89,-0.86,-0.22,-0.09,0.02,0.01,-0.37,-0.31,1.03,-0.18,-1.01,-0.37
"1219","Matías Fernández",2010,"Chile",-0.4,-0.08,1.63,0.09,-0.24,-0.45,-0.22,0.41,0.1,-0.42,-0.62,-0.48,-0.77,0.12,1.17,1.98
"1220","Mauricio Isla",2010,"Chile",-0.4,-0.32,-0.52,0.79,0.85,1.14,-0.22,0.41,0.96,0.26,-0.25,-0.48,-0.77,-0.18,-0.7,0.17
"1221","Pablo Contreras",2010,"Chile",-0.4,-0.63,-0.52,-0.75,-1.12,-0.76,-0.65,-0.93,-0.53,0.21,-0.25,-0.48,0.13,-1.09,-1.01,-0.49
"1222","Rodrigo Millar",2010,"Chile",1.33,-0.42,-0.52,0.09,-0.22,-0.4,-0.65,-0.26,-0.08,-0.48,-0.62,-0.48,-0.32,-0.79,-0.39,-0.08
"1223","Rodrigo Tello",2010,"Chile",-0.4,-0.49,0.02,-0.47,-0.91,-0.65,-0.65,-0.42,-0.53,-0.56,-0.74,-0.48,-0.77,-0.79,-1.01,0.4
"1224","Waldo Ponce",2010,"Chile",-0.4,0.27,-0.52,-0.19,0.39,0.62,0.2,-0.59,-0.69,-0.09,0.36,0.96,0.13,-0.49,-0.08,-0.62
"1225","Christian Eriksen",2010,"Denmark",-0.4,-0.49,-0.52,-0.75,-1,-0.91,-0.65,-0.7,-0.24,-0.82,-0.74,-0.48,-0.77,-1.09,-1.01,-0.26
"1226","Christian Poulsen",2010,"Denmark",-0.4,-0.54,0.91,-0.56,2.23,1.89,-0.65,0.41,-0.29,0.87,1.06,0.98,0.43,4.15,-0.59,1.52
"1227","Daniel Agger",2010,"Denmark",-0.4,0.57,0.2,-0.38,1.02,1.95,0.48,2.64,1.8,0.32,3.84,0.49,1.62,0.93,1.48,0.67
"1228","Daniel Jensen",2010,"Denmark",-0.4,-0.63,-0.52,-0.75,-1,-0.91,-0.65,-0.93,-0.39,-0.82,-0.25,-0.48,-0.77,-0.28,-1.01,-0.6
"1229","Dennis Rommedahl",2010,"Denmark",1.91,0.25,2.34,2.06,0.29,-0.23,1.05,1.53,0.94,0.32,-0.25,-0.48,-0.17,0.52,-0.59,2.45
"1230","Jakob Poulsen",2010,"Denmark",-0.4,-0.22,0.2,-0.56,-0.65,-0.98,-0.65,-0.7,-0.86,-0.32,-0.74,-0.48,-0.17,-1.09,-1.01,-0.26
"1231","Jesper Gronkjaer",2010,"Denmark",-0.4,-0.4,0.2,0,-0.72,-0.77,-0.65,0.19,-0.39,-0.26,-0.25,-0.48,-0.77,-0.28,-1.01,-0.81
"1232","Jon Dahl Tomasson",2010,"Denmark",1.91,7.33,-0.52,3.18,-0.25,-1.11,-0.65,-0.7,-0.86,-0.82,-0.74,-0.48,-0.77,-0.28,-0.18,-0.68
"1233","Lars Jacobsen",2010,"Denmark",-0.4,-0.63,0.2,-0.75,0.83,1.54,-0.65,-0.03,1.23,-0.56,1.22,-0.16,-0.77,-0.69,-0.59,1.77
"1234","Martin Jorgensen",2010,"Denmark",-0.4,-0.22,0.2,-0.38,0.03,-0.16,-0.65,-0.7,0.56,-0.24,0.08,-0.16,-0.77,0.12,-0.59,-0.26
"1235","Mikkel Beckmann",2010,"Denmark",-0.4,-0.63,-0.52,-0.56,-1.26,-1.04,-0.08,-0.7,-0.86,-0.74,-0.74,-0.48,-0.77,-1.09,-1.01,-0.81
"1236","Nicklas Bendtner",2010,"Denmark",1.91,1.22,-0.52,2.99,-0.25,-0.7,0.48,0.64,-0.86,-0.82,-0.58,-0.48,2.22,1.73,2.72,0.71
"1237","Per Kroldrup",2010,"Denmark",-0.4,-0.4,-0.52,-0.38,-0.72,0.11,-0.08,0.41,-0.86,-0.82,0.08,1.48,-0.17,-0.69,-1.01,-0.77
"1238","Simon Kjaer",2010,"Denmark",-0.4,-0.4,-0.52,0,-0.63,-0.64,-0.65,-0.03,-0.65,0.11,1.71,1.29,0.43,0.12,-0.18,-0.81
"1239","Simon Poulsen",2010,"Denmark",-0.4,-0.36,-0.52,-0.56,1.13,1.34,1.05,-0.03,2.42,0.67,1.55,-0.16,-0.17,0.93,-0.18,-0.77
"1240","Soren Larsen",2010,"Denmark",-0.4,-0.22,-0.52,0.37,-1.38,-1.04,-0.65,-0.93,-0.86,-0.82,-0.58,-0.48,1.62,-0.28,-1.01,-0.81
"1241","Thomas Enevoldsen",2010,"Denmark",-0.4,-0.36,-0.52,-0.75,-1.3,-1.11,-0.65,-0.7,-0.86,-0.82,-0.74,-0.48,-0.77,-1.09,-1.01,-0.81
"1242","Thomas Kahlenberg",2010,"Denmark",-0.4,0.15,1.63,0.19,-0.16,-0.64,-0.08,-0.26,0.1,-0.64,0.24,-0.48,-0.17,1.33,-0.18,0.54
"1243","Thomas Sorensen",2010,"Denmark",-0.4,-0.63,-0.52,-0.75,0.08,2.29,-0.65,-0.7,-0.86,-0.82,-0.58,-0.48,-0.77,-1.09,-1.01,-0.81
"1244","Aaron Lennon",2010,"England",-0.4,-0.56,-0.52,0.37,-0.73,-0.76,0.2,0.58,-0.51,-0.23,-0.74,-0.48,-0.77,-1.09,-0.7,0.14
"1245","Ashley Cole",2010,"England",-0.4,-0.63,-0.52,0.23,1.62,1.44,0.63,-0.09,2.82,2.42,0.49,-0.48,-0.32,0.42,-0.08,-0.11
"1246","David James",2010,"England",-0.4,-0.63,-0.52,-0.75,0.08,2,-0.65,-0.76,-0.86,-0.82,-0.62,-0.48,-0.77,-1.09,-1.01,-0.49
"1247","Emile Heskey",2010,"England",-0.4,-0.01,0.02,0.09,-0.82,-0.96,-0.65,-0.59,1.21,-0.82,-0.37,-0.48,2.82,0.12,0.86,0.52
"1248","Frank Lampard",2010,"England",-0.4,2.32,2.17,0.79,2.08,0.52,0.2,0.91,-0.09,0.13,0,-0.48,0.13,-0.49,0.23,1.95
"1249","Gareth Barry",2010,"England",-0.4,-0.04,1.09,-0.33,1.04,0.78,0.63,0.41,1.58,0.89,-0.37,0.61,-0.32,0.12,-0.39,1.12
"1250","Glen Johnson",2010,"England",-0.4,-0.08,0.55,0.37,1.66,1.8,1.47,0.75,2.68,2.36,0.24,1.99,-0.32,2.54,0.23,0.3
"1251","James Milner",2010,"England",-0.4,-0.36,0.55,-0.19,-0.48,-0.35,0.2,-0.26,0.68,1.3,-0.74,-0.48,0.58,0.42,-0.39,0.4
"1252","Jamie Carragher",2010,"England",-0.4,-0.63,-0.52,-0.75,-0.26,-0.4,-0.65,-0.26,-0.17,0.05,0.85,0.61,0.13,-0.18,-1.01,-0.46
"1253","Jermain Defoe",2010,"England",1.33,1.14,-0.52,0.79,-1.15,-1.11,-0.65,-0.93,-0.42,-0.12,-0.74,-0.48,-0.77,-1.09,-0.39,-0.59
"1254","Joe Cole",2010,"England",-0.4,-0.46,-0.52,-0.47,-1.05,-1.01,-0.65,-0.76,-0.86,-0.82,-0.74,-0.48,-0.77,-0.79,-0.39,-0.78
"1255","John Terry",2010,"England",-0.4,0.13,-0.52,0.51,1.8,1.14,-0.22,0.08,-0.53,2.14,1.22,9.34,1.47,0.72,1.17,-0.59
"1256","Ledley King",2010,"England",-0.4,-0.63,-0.52,-0.75,-1.19,-0.96,-0.65,-0.76,-0.86,-0.19,-0.62,-0.48,-0.77,-1.09,-1.01,-0.81
"1257","Matt Upson",2010,"England",1.33,-0.08,-0.52,-0.47,-0.05,-0.14,-0.65,-0.42,-0.53,-0.47,0.12,0.55,0.13,-0.49,-0.39,-0.81
"1258","Robert Green",2010,"England",-0.4,-0.63,-0.52,-0.75,-0.85,0.01,-0.65,-0.93,-0.86,-0.82,-0.62,-0.48,-0.77,-1.09,-1.01,-0.81
"1259","Shaun Wright-Phillips",2010,"England",-0.4,-0.42,-0.52,-0.47,-1.03,-0.91,-0.22,0.08,-0.12,0.41,-0.74,-0.48,-0.32,-0.79,0.55,-0.62
"1260","Steven Gerrard",2010,"England",1.33,0.86,3.24,1.63,1.85,1.34,-0.22,0.91,0.28,3.34,0,1.64,1.47,-0.49,-0.39,3.88
"1261","Wayne Rooney",2010,"England",-0.4,1.76,0.55,2.9,0.2,-0.5,2.32,1.25,-0.51,-0.55,-0.62,0.61,0.13,0.12,0.55,1.66
"1262","Abou Diaby",2010,"France",-0.4,-0.54,0.2,-0.19,0.83,-0.3,3.88,0.86,1.08,2.1,-0.25,-0.48,0.43,4.15,1.89,-0.18
"1263","Alou Diarra",2010,"France",-0.4,-0.63,-0.52,-0.75,-0.7,-0.84,-0.65,-0.93,-0.86,-0.05,-0.58,-0.48,-0.77,-1.09,-0.59,-0.81
"1264","André-Pierre Gignac",2010,"France",-0.4,0.06,-0.52,1.49,-1.12,-0.98,-0.65,-0.7,-0.45,-0.5,-0.74,-0.48,-0.77,1.33,-0.59,-0.64
"1265","Bacary Sagna",2010,"France",-0.4,-0.63,1.63,0.19,1.58,2.7,0.48,1.08,-0.34,3.42,2.37,-0.48,2.82,0.12,0.23,2.15
"1266","Djibril Cissé",2010,"France",-0.4,-0.17,-0.52,-0.19,-1.26,-1.11,-0.65,-0.7,-0.61,-0.82,-0.74,-0.48,-0.17,-1.09,-1.01,-0.81
"1267","Eric Abidal",2010,"France",-0.4,-0.63,-0.52,-0.75,0.45,0.73,-0.65,0.41,1.88,0,1.06,-0.48,-0.17,0.12,0.65,-0.81
"1268","Florent Malouda",2010,"France",1.91,0.62,0.2,0.56,0.15,-0.23,2.75,-0.26,-0.45,-0.82,-0.41,0.28,1.03,-0.28,1.06,1.01
"1269","Franck Ribéry",2010,"France",-0.4,0.25,2.34,1.31,0.55,0.32,4.44,2.64,2.17,1.06,-0.74,-0.48,-0.77,-0.28,3.13,3.8
"1270","Gaël Clichy",2010,"France",-0.4,-0.63,-0.52,-0.75,-0.34,-0.09,0.48,-0.26,-0.61,-0.63,0.57,0.28,-0.17,-1.09,-0.59,-0.81
"1271","Hugo Lloris",2010,"France",-0.4,-0.63,-0.52,-0.75,-0.06,2.23,-0.65,-0.93,-0.86,-0.82,-0.41,-0.48,-0.77,-1.09,-0.59,-0.47
"1272","Jérémy Toulalan",2010,"France",-0.4,-0.45,0.2,-0.38,0.36,0.18,-0.08,-0.7,1.99,3.77,0.4,-0.48,1.03,0.93,-0.18,-0.56
"1273","Nicolas Anelka",2010,"France",-0.4,0.99,-0.52,1.49,-0.77,-0.91,-0.08,-0.48,-0.34,-0.41,-0.74,-0.48,-0.17,-0.28,-1.01,-0.34
"1274","Patrice Evra",2010,"France",-0.4,-0.63,-0.52,-0.56,0.73,1.48,1.62,3.09,0.57,2.21,-0.09,-0.48,-0.77,0.52,0.65,0.08
"1275","Sidney Govou",2010,"France",-0.4,0.57,0.2,0.37,-0.77,-0.91,-0.08,-0.48,-0.45,-0.09,-0.25,0.79,0.43,0.52,0.23,-0.68
"1276","Sébastien Squillaci",2010,"France",-0.4,-0.63,-0.52,-0.75,-0.67,-0.7,-0.65,-0.93,-0.86,-0.44,0.73,-0.48,-0.77,-0.69,-1.01,-0.81
"1277","Thierry Henry",2010,"France",-0.4,0.29,-0.52,0.37,-1.02,-0.7,-0.65,-0.7,-0.61,-0.82,-0.74,-0.48,-0.17,-0.69,-0.18,-0.22
"1278","William Gallas",2010,"France",-0.4,-0.63,-0.52,-0.75,0.64,0.32,-0.65,-0.48,-0.37,1.6,2.04,1.13,1.03,0.52,0.23,-0.81
"1279","Yoann Gourcuff",2010,"France",-0.4,0.02,0.2,-0.75,-0.58,-0.84,-0.65,-0.48,-0.86,-0.82,-0.58,-0.48,-0.17,-0.28,-0.59,0.04
"1280","Arne Friedrich",2010,"Germany",0.59,-0.18,-0.52,0.05,1.08,0.64,-0.4,0.13,1.64,0.99,2.2,0.89,3.33,-0.05,-0.48,-0.81
"1281","Bastian Schweinsteiger",2010,"Germany",-0.4,0.18,0.4,-0.27,3.13,1.02,2.75,0.99,1.07,2.22,-0.11,3.09,0.26,1.33,1.66,1.58
"1282","Cacau",2010,"Germany",0.59,0.16,0.09,0.61,-0.77,-0.94,-0.16,-0.45,-0.42,-0.64,-0.53,-0.48,-0.77,-0.4,-0.3,-0.54
"1283","Dennis Aogo",2010,"Germany",-0.4,-0.63,-0.52,-0.75,-0.78,-0.27,-0.65,-0.83,-0.26,0.3,-0.53,0.16,-0.77,-0.75,-0.65,-0.81
"1284","Hans-Jörg Butt",2010,"Germany",-0.4,-0.63,-0.52,-0.75,-1.25,-0.76,-0.65,-0.93,-0.86,-0.82,-0.74,-0.48,-0.77,-1.09,-1.01,-0.81
"1285","Holger Badstuber",2010,"Germany",-0.4,-0.63,-0.52,-0.75,-0.6,-0.5,-0.65,-0.73,0.43,-0.66,-0.74,-0.48,-0.51,-0.75,-1.01,-0.61
"1286","Jérôme Boateng",2010,"Germany",-0.4,-0.55,0.09,-0.75,-0.08,0.26,-0.4,-0.07,0.9,0.31,0.73,-0.09,-0.25,-0.57,-0.65,0.02
"1287","Lukas Podolski",2010,"Germany",1.58,2.4,0.09,1.17,0.32,-0.12,-0.4,0.99,0.51,1.88,-0.53,-0.48,0,-0.75,0.95,1.06
"1288","Manuel Neuer",2010,"Germany",-0.4,-0.63,-0.52,-0.75,0.04,1.4,-0.65,-0.93,-0.86,-0.82,-0.67,-0.48,-0.77,-1.09,-0.65,-0.54
"1289","Marcell Jansen",2010,"Germany",0.59,-0.36,0.09,-0.51,-0.77,-0.59,-0.16,-0.07,-0.02,-0.37,-0.32,-0.48,-0.51,-0.92,-0.48,-0.37
"1290","Mario Gómez",2010,"Germany",-0.4,-0.2,-0.52,-0.19,-1.27,-1.11,-0.4,-0.73,-0.86,-0.82,-0.74,-0.09,-0.77,-0.92,-0.83,-0.65
"1291","Marko Marin",2010,"Germany",-0.4,-0.39,-0.21,-0.51,-1.35,-1,-0.65,-0.54,-0.86,-0.82,-0.74,-0.48,-0.77,-0.75,-1.01,-0.57
"1292","Mesut Özil",2010,"Germany",0.59,0.42,1.94,1.82,1.33,0.32,0.32,1.37,-0.49,-0.15,-0.67,-0.09,-0.51,-0.57,0.41,2.92
"1293","Miroslav Klose",2010,"Germany",3.55,2.76,-0.52,2.06,-0.74,-0.85,0.32,-0.54,-0.55,-0.61,-0.67,-0.48,0.77,0.81,-0.12,0.28
"1294","Per Mertesacker",2010,"Germany",-0.4,-0.63,-0.52,-0.51,1.5,1.46,-0.65,0.89,0.02,0.64,1.78,3.11,2.56,-0.57,-0.3,-0.68
"1295","Philipp Lahm",2010,"Germany",-0.4,-0.63,0.4,-0.43,2.15,1.98,1.29,2.52,1.24,0.72,0.24,2.37,-0.77,-0.23,-0.3,0.77
"1296","Piotr Trochowski",2010,"Germany",-0.4,-0.53,-0.52,-0.75,-0.88,-0.91,-0.16,-0.16,-0.5,-0.55,-0.67,-0.48,-0.51,-0.75,-1.01,-0.68
"1297","Sami Khedira",2010,"Germany",0.59,0.95,-0.52,1.33,1.54,-0.27,0.08,-0.45,0.61,0.54,0.24,0.05,1.54,0.29,-0.3,0.37
"1298","Thomas Müller",2010,"Germany",4.54,1.87,0.4,1.74,0.39,0.03,1.05,2.04,0.3,-0.07,-0.46,0.23,0.26,-0.23,0.41,2.49
"1299","Toni Kroos",2010,"Germany",-0.4,-0.41,-0.52,-0.59,-1.11,-1,-0.65,-0.73,-0.45,-0.55,-0.67,-0.48,-0.77,-0.92,-0.65,-0.81
"1300","André Ayew",2010,"Ghana",-0.4,-0.02,1.75,1.23,0.45,0.22,1.75,2.5,1.16,-0.25,-0.57,-0.48,-0.13,1.04,-0.35,2.23
"1301","Anthony Annan",2010,"Ghana",-0.4,-0.17,-0.52,-0.55,1.96,0.62,-0.35,0.14,0.83,1.18,0.04,-0.48,0.81,0.19,0.75,-0.43
"1302","Asamoah Gyan",2010,"Ghana",3.26,8.53,-0.52,3.8,0.04,-0.64,0.85,-0.1,-0.62,-0.25,-0.57,-0.48,2.4,0.19,0.31,1.72
"1303","Dominic Adiyiah",2010,"Ghana",-0.4,-0.27,-0.14,-0.55,-1.29,-1.08,-0.65,-0.57,-0.86,-0.82,-0.74,-0.48,-0.77,-1.09,-0.79,-0.63
"1304","Hans Sarpei",2010,"Ghana",-0.4,-0.63,-0.14,-0.75,0.77,1.52,-0.65,-0.22,1.08,0.53,0.13,0.12,-0.45,-0.45,0.75,-0.41
"1305","Isaac Vorsah",2010,"Ghana",-0.4,-0.49,-0.52,-0.25,-0.85,-0.39,-0.65,-0.81,-0.67,-0.15,0.21,0.1,-0.13,-0.24,-0.35,-0.74
"1306","John Mensah",2010,"Ghana",-0.4,-0.31,-0.52,-0.45,-0.32,-0.14,-0.65,-0.93,1.11,0.63,2.03,1.01,0.18,0.4,-0.35,-0.47
"1307","John Pantsil",2010,"Ghana",-0.4,-0.53,1,-0.16,1.58,3.36,-0.35,1.08,0.54,0.38,0.65,2.96,-0.77,-0.24,-0.57,1.05
"1308","Jonathan Mensah",2010,"Ghana",-0.4,0.03,-0.52,-0.35,-0.28,0.04,-0.65,-0.81,0.07,0.46,1.77,2.02,1.45,-0.02,-0.79,-0.81
"1309","Kevin-Prince Boateng",2010,"Ghana",0.82,1.2,-0.14,0.83,0.85,0.11,1.15,1.32,2.5,0.72,-0.31,0.44,-0.77,1.47,0.53,0.62
"1310","Kwadwo Asamoah",2010,"Ghana",-0.4,0.37,1,0.04,0.86,0.22,2.95,0.96,1.03,0.9,-0.39,-0.48,0.5,0.4,1.19,1.74
"1311","Lee Addy",2010,"Ghana",-0.4,-0.63,-0.52,-0.75,-0.84,-0.79,-0.65,-0.93,-0.46,-0.31,0.47,-0.48,-0.77,-0.66,-1.01,-0.63
"1312","Prince Tagoe",2010,"Ghana",-0.4,-0.14,-0.14,0.93,-0.89,-0.79,-0.35,0.37,-0.76,-0.82,-0.31,-0.48,-0.45,1.04,-0.57,0.09
"1313","Quincy Owusu-Abeyie",2010,"Ghana",-0.4,-0.46,-0.52,-0.75,-1.18,-0.97,-0.35,-0.45,-0.86,-0.63,-0.65,-0.48,-0.77,-0.88,-1.01,-0.36
"1314","Richard Kingson",2010,"Ghana",-0.4,-0.63,-0.52,-0.75,-0.13,1.63,-0.65,-0.57,-0.66,-0.66,-0.48,-0.48,-0.77,-1.09,-0.57,-0.63
"1315","Samuel Inkoom",2010,"Ghana",-0.4,-0.61,0.62,-0.55,-0.72,-0.72,-0.35,0.26,-0.02,0.01,-0.48,-0.48,-0.77,0.4,-0.79,0.04
"1316","Stephen Appiah",2010,"Ghana",-0.4,0,-0.14,-0.25,-0.84,-0.86,-0.65,-0.69,-0.66,-0.66,-0.74,-0.48,-0.77,-0.88,-0.79,-0.65
"1317","Sulley Muntari",2010,"Ghana",0.82,-0.12,0.62,-0.25,-0.74,-0.5,-0.65,-0.69,-0.56,-0.38,-0.65,-0.48,-0.77,0.19,-1.01,0.35
"1318","Alexandros Tziolis",2010,"Greece",-0.4,-0.26,-0.52,-0.75,1.72,0.25,-0.08,1.3,0.55,-0.09,0.08,2.31,0.43,-0.28,-0.18,0.63
"1319","Alexandros Tzorvas",2010,"Greece",-0.4,-0.63,-0.52,-0.75,-0.37,1,-0.65,-0.93,-0.86,-0.82,-0.25,-0.48,-0.77,-1.09,-1.01,-0.81
"1320","Angelos Charisteas",2010,"Greece",-0.4,-0.63,-0.52,-0.19,-1.16,-1.04,-0.65,-0.93,-0.86,-0.82,-0.74,-0.48,-0.17,0.12,-0.59,-0.3
"1321","Avraam Papadopoulos",2010,"Greece",-0.4,-0.54,-0.52,-0.56,-0.09,-0.02,-0.65,-0.03,0.33,-0.47,2.53,3.19,2.22,-0.28,0.23,-0.77
"1322","Christos Patsatzoglou",2010,"Greece",-0.4,-0.63,-0.52,-0.75,-0.88,-0.84,-0.08,-0.26,-0.86,-0.79,-0.74,0.7,-0.77,-1.09,-0.59,-0.56
"1323","Dimitris Salpingidis",2010,"Greece",1.91,0.52,0.2,0.75,-0.77,-0.77,-0.08,-0.7,0.26,-0.03,-0.58,-0.48,-0.77,-0.28,-0.18,1.26
"1324","Georgios Karagounis",2010,"Greece",-0.4,-0.12,3.78,-0.19,0.99,0.05,-0.08,2.64,2.39,-0.82,-0.25,-0.48,-0.77,0.12,2.72,3.42
"1325","Georgios Samaras",2010,"Greece",-0.4,1.96,-0.52,1.49,-0.77,-0.98,2.18,1.75,-0.48,-0.5,0.24,-0.48,3.42,1.33,-0.18,-0.3
"1326","Giourkas Seitaridis",2010,"Greece",-0.4,-0.63,-0.52,-0.56,-0.53,-0.16,0.48,0.86,0.64,-0.22,-0.41,-0.48,-0.77,-0.69,-0.59,-0.81
"1327","Kostas Katsouranis",2010,"Greece",-0.4,0.15,0.2,0.37,0.64,-0.09,-0.65,0.41,-0.09,-0.11,0.24,-0.48,-0.17,-0.69,-0.18,1.64
"1328","Loukas Vyntra",2010,"Greece",-0.4,-0.63,0.91,-0.75,0.8,2.02,-0.65,-0.26,-0.44,-0.11,0.4,4.66,-0.17,0.12,-0.18,0.88
"1329","Nikos Spyropoulos",2010,"Greece",-0.4,-0.59,-0.52,-0.75,-1.28,-0.84,-0.65,-0.48,-0.83,-0.81,-0.41,-0.48,-0.77,-1.09,-1.01,-0.34
"1330","Pantelis Kapetanos",2010,"Greece",-0.4,-0.08,-0.52,-0.38,-1.28,-1.11,-0.65,-0.93,-0.86,-0.82,-0.74,-0.48,-0.77,-0.69,-1.01,-0.09
"1331","Sokratis Papastathopoulos",2010,"Greece",-0.4,-0.63,-0.52,-0.75,-1.09,-0.98,-0.65,-0.48,0.26,-0.79,-0.25,-0.48,-0.17,0.52,0.23,-0.43
"1332","Sotirios Kyrgiakos",2010,"Greece",-0.4,0.29,-0.52,1.31,-0.63,-0.64,-0.65,-0.26,-0.86,-0.41,1.22,-0.48,1.62,0.52,-0.18,-0.81
"1333","Sotiris Ninis",2010,"Greece",-0.4,-0.59,-0.52,-0.75,-0.93,-0.84,-0.65,-0.7,-0.81,-0.81,-0.74,-0.48,-0.77,0.12,-0.18,-0.39
"1334","Theofanis Gekas",2010,"Greece",-0.4,1.91,0.2,1.87,-0.93,-1.04,-0.65,-0.93,-0.86,-0.43,-0.58,-0.48,-0.17,-1.09,-1.01,-0.56
"1335","Vangelis Moras",2010,"Greece",-0.4,-0.63,-0.52,-0.75,-1.33,-1.04,-0.08,-0.7,-0.81,-0.82,0.24,-0.27,-0.77,-1.09,-1.01,-0.81
"1336","Vasilis Torosidis",2010,"Greece",1.91,0.8,0.2,0.37,0.34,0.25,-0.08,1.3,0.26,-0.82,1.22,-0.48,1.03,0.52,-0.18,-0.81
"1337","Amado Guevara",2010,"Honduras",-0.4,-0.31,0.2,-0.56,-0.2,0.11,0.48,-0.48,-0.5,-0.36,-0.09,0.31,0.43,1.33,-0.59,-0.18
"1338","Carlos Pavón",2010,"Honduras",-0.4,-0.49,-0.52,-0.75,-1.3,-1.11,-0.65,-0.93,-0.86,-0.73,-0.58,-0.48,-0.17,-1.09,-0.18,-0.81
"1339","Danilo Turcios",2010,"Honduras",-0.4,-0.63,0.2,-0.75,-0.84,-0.7,-0.65,-0.48,-0.86,-0.71,-0.25,-0.48,-0.77,-1.09,-1.01,-0.47
"1340","David Suazo",2010,"Honduras",-0.4,-0.08,0.2,-0.19,-0.7,-0.91,-0.08,-0.03,-0.86,-0.82,-0.74,-0.48,-0.17,1.33,0.23,0.21
"1341","Edgar Álvarez",2010,"Honduras",-0.4,0.11,0.91,0,-0.48,-0.36,2.18,1.53,-0.74,-0.72,-0.74,-0.48,-0.77,-0.69,0.23,0.63
"1342","Emilio Izaguirre",2010,"Honduras",-0.4,-0.63,-0.52,-0.75,-0.2,0.25,-0.08,-0.26,-0.1,-0.12,1.71,-0.04,-0.17,0.52,-0.18,-0.81
"1343","Georgie Welcome",2010,"Honduras",-0.4,0.2,-0.52,0.37,-1.07,-1.04,-0.65,-0.26,-0.86,-0.82,-0.41,-0.48,-0.77,0.12,0.23,-0.3
"1344","Hendry Thomas",2010,"Honduras",-0.4,-0.63,-0.52,-0.75,-0.72,-0.77,-0.08,-0.7,-0.49,-0.41,-0.09,1.49,-0.77,0.52,0.23,-0.81
"1345","Jerry Palacios",2010,"Honduras",-0.4,-0.26,-0.52,0,-1.12,-0.84,-0.08,-0.7,-0.86,-0.82,-0.74,-0.48,-0.77,-1.09,0.23,-0.81
"1346","Mauricio Sabillón",2010,"Honduras",-0.4,-0.63,-0.52,-0.75,-0.58,-0.23,-0.65,-0.7,-0.21,-0.51,-0.58,-0.48,-0.77,0.12,-0.59,-0.81
"1347","Maynor Figueroa",2010,"Honduras",-0.4,-0.54,0.2,-0.75,0.27,1.2,-0.65,0.41,-0.36,-0.42,3.68,0.31,2.22,0.12,1.48,-0.47
"1348","Noel Valladares",2010,"Honduras",-0.4,-0.63,-0.52,-0.75,-0.09,1.82,-0.65,-0.7,-0.86,-0.73,-0.41,-0.48,-0.77,-1.09,-1.01,-0.81
"1349","Osman Chávez",2010,"Honduras",-0.4,-0.63,-0.52,-0.75,-0.41,-0.3,-0.65,-0.7,-0.61,0.11,1.71,1.21,-0.17,0.12,-0.59,-0.81
"1350","Ramón Núñez",2010,"Honduras",-0.4,0.25,-0.52,-0.56,-0.46,-0.7,-0.08,1.3,-0.73,-0.62,-0.74,-0.48,-0.77,-0.69,0.65,-0.81
"1351","Roger Espinoza",2010,"Honduras",-0.4,-0.54,-0.52,-0.38,-0.72,-0.84,-0.08,-0.48,-0.42,-0.82,-0.41,-0.48,0.43,0.52,-0.59,-0.68
"1352","Sergio Mendoza",2010,"Honduras",-0.4,-0.63,0.2,-0.75,0.03,1.48,0.48,-0.26,-0.47,-0.14,0.08,0.31,-0.77,-0.69,-0.59,-0.51
"1353","Víctor Bernárdez",2010,"Honduras",-0.4,-0.4,-0.52,-0.75,-0.79,-0.7,-0.65,-0.7,-0.34,-0.62,1.22,0.33,1.62,-0.69,-1.01,-0.81
"1354","Walter Martínez",2010,"Honduras",-0.4,-0.63,-0.52,-0.75,-0.63,-0.3,-0.65,-0.03,-0.72,-0.61,-0.74,-0.48,-0.77,0.12,-0.18,-0.77
"1355","Wilson Palacios",2010,"Honduras",-0.4,-0.63,-0.52,-0.75,0.31,-0.3,1.62,0.19,0.27,-0.11,0.9,0.31,1.03,2.54,0.23,-0.39
"1356","Alberto Gilardino",2010,"Italy",-0.4,-0.03,-0.52,0.19,-0.79,-0.84,-0.65,-0.93,-0.86,-0.4,-0.41,-0.48,1.62,0.12,0.65,-0.3
"1357","Andrea Pirlo",2010,"Italy",-0.4,-0.63,-0.52,-0.56,-0.86,-0.77,-0.08,0.41,-0.86,-0.82,-0.74,-0.48,-0.77,-1.09,-0.59,-0.81
"1358","Antonio Di Natale",2010,"Italy",1.91,0.89,3.06,0.93,-0.44,-0.36,-0.65,-0.7,0.21,-0.82,-0.74,-0.48,-0.77,-0.28,0.23,1.68
"1359","Christian Maggio",2010,"Italy",-0.4,-0.63,-0.52,-0.75,-0.88,-0.43,-0.65,-0.93,-0.44,-0.82,-0.58,-0.48,-0.77,-0.69,-0.18,-0.51
"1360","Claudio Marchisio",2010,"Italy",-0.4,-0.54,0.2,-0.38,-0.27,-0.36,-0.65,-0.7,-0.86,-0.4,-0.74,-0.48,-0.17,-0.28,-1.01,-0.01
"1361","Daniele De Rossi",2010,"Italy",1.91,0.57,0.2,-0.38,2.44,2.16,1.05,0.64,2.69,3.2,0.08,-0.48,-0.77,-0.28,0.23,0.21
"1362","Domenico Criscito",2010,"Italy",-0.4,-0.54,0.2,-0.38,1.41,2.29,1.62,0.86,1.26,1.19,-0.09,-0.48,1.03,-0.28,0.65,-0.13
"1363","Fabio Cannavaro",2010,"Italy",-0.4,-0.63,-0.52,-0.19,1.27,0.73,-0.08,-0.7,3.89,1.61,0.24,0.82,2.22,0.52,1.48,-0.43
"1364","Fabio Quagliarella",2010,"Italy",1.91,0.39,-0.52,-0.19,-1,-0.91,-0.08,-0.03,-0.04,-0.49,-0.74,-0.48,-0.17,-1.09,-0.18,0.12
"1365","Federico Marchetti",2010,"Italy",-0.4,-0.63,-0.52,-0.75,-0.34,0.93,-0.65,-0.93,-0.86,-0.82,-0.58,-0.48,-0.77,-1.09,-1.01,-0.81
"1366","Gennaro Gattuso",2010,"Italy",-0.4,-0.63,-0.52,-0.75,-1.16,-1.04,-0.65,-0.93,0.37,-0.16,-0.74,-0.48,-0.17,-0.28,-0.18,-0.81
"1367","Giampaolo Pazzini",2010,"Italy",-0.4,-0.63,-0.52,-0.38,-1.35,-1.11,-0.65,-0.93,-0.86,-0.82,-0.74,-0.48,-0.17,-1.09,-1.01,-0.81
"1368","Gianluca Zambrotta",2010,"Italy",-0.4,-0.08,0.2,0,1.88,2.09,1.05,-0.26,2.05,0.57,0.57,-0.48,1.03,0.12,1.06,0.12
"1369","Gianluigi Buffon",2010,"Italy",-0.4,-0.63,-0.52,-0.75,-1.14,-0.77,-0.65,-0.93,-0.86,-0.82,-0.74,-0.48,-0.77,-1.09,-1.01,-0.81
"1370","Giorgio Chiellini",2010,"Italy",-0.4,0.39,-0.52,0.37,1.39,1.75,-0.08,0.41,1.69,2.99,1.55,0.82,5.81,2.14,2.31,-0.64
"1371","Mauro Camoranesi",2010,"Italy",-0.4,-0.31,0.91,0,-0.67,-0.43,0.48,-0.26,-0.2,-0.82,-0.74,-0.48,-0.77,0.12,-0.18,0.12
"1372","Riccardo Montolivo",2010,"Italy",-0.4,0.8,0.2,0.19,1.41,1.07,-0.08,0.64,3.75,0.97,-0.58,-0.48,0.43,0.52,1.89,-0.05
"1373","Simone Pepe",2010,"Italy",-0.4,0.29,3.06,0.93,0.59,0.18,-0.08,0.19,1.66,1.52,-0.74,-0.48,-0.17,0.12,0.65,1.77
"1374","Vincenzo Iaquinta",2010,"Italy",1.91,4.5,0.2,3.18,-0.7,-0.84,0.48,-0.03,0.33,-0.82,0.08,0.82,1.62,0.93,0.23,0.8
"1375","Abdul Kader Keita",2010,"Ivory Coast",-0.4,-0.08,0.91,1.31,-0.34,-0.43,-0.65,1.08,-0.47,-0.67,-0.74,-0.48,-0.77,0.52,-0.59,-0.01
"1376","Arthur Boka",2010,"Ivory Coast",-0.4,-0.54,3.78,-0.75,-0.13,0.66,-0.08,0.64,-0.23,0.18,-0.74,-0.48,-0.77,-0.69,0.65,2.78
"1377","Aruna Dindane",2010,"Ivory Coast",-0.4,-0.12,1.63,0.75,0.08,-0.7,-0.65,2.2,-0.41,0.1,-0.58,-0.48,-0.77,0.93,2.31,0.12
"1378","Boubacar Barry",2010,"Ivory Coast",-0.4,-0.63,-0.52,-0.75,-0.09,2.16,-0.65,-0.93,-0.86,-0.82,-0.74,-0.48,-0.77,-1.09,-1.01,-0.81
"1379","Cheick Tioté",2010,"Ivory Coast",-0.4,-0.03,0.2,0,1.67,0.11,-0.08,-0.48,2.28,2.38,-0.25,0.34,1.62,3.35,1.06,-0.22
"1380","Didier Drogba",2010,"Ivory Coast",1.91,2.28,0.2,4.11,-0.86,-0.77,-0.08,-0.48,-0.04,-0.82,-0.58,-0.48,1.03,0.93,-0.18,0.88
"1381","Didier Zokora",2010,"Ivory Coast",-0.4,-0.63,-0.52,-0.75,0.5,0.59,-0.65,-0.03,0.48,0.75,1.71,-0.48,0.43,1.33,0.65,-0.3
"1382","Emmanuel Eboué",2010,"Ivory Coast",-0.4,-0.31,2.34,0.56,1.55,1.07,4.44,3.76,-0.47,1.82,-0.58,-0.48,-0.17,-0.28,1.89,3.42
"1383","Gervinho",2010,"Ivory Coast",-0.4,0.85,-0.52,2.8,-0.2,-0.64,0.48,2.2,-0.66,-0.82,-0.74,-0.48,-0.77,-0.69,-0.59,-0.09
"1384","Guy Demel",2010,"Ivory Coast",-0.4,-0.63,0.2,-0.75,0.08,0.86,0.48,-0.48,0.05,-0.04,0.9,-0.48,-0.77,-0.28,-0.18,-0.05
"1385","Kolo Touré",2010,"Ivory Coast",-0.4,0.11,0.91,0.37,0.64,0.45,-0.65,1.3,-0.41,2.47,1.22,2.09,-0.77,-0.28,-0.59,-0.26
"1386","Romaric",2010,"Ivory Coast",1.91,0.2,1.63,0.37,0.27,-0.16,-0.08,0.86,1.2,1.7,-0.58,-0.48,0.43,0.12,-0.59,1.85
"1387","Salomon Kalou",2010,"Ivory Coast",1.91,1.22,-0.52,1.49,-0.51,-0.57,-0.65,2.42,-0.41,-0.3,-0.74,-0.48,-0.17,0.12,-0.59,-0.6
"1388","Siaka Tiéné",2010,"Ivory Coast",-0.4,-0.45,0.2,-0.75,0.62,1.54,-0.65,-0.48,0.24,1,0.4,-0.48,-0.77,1.33,-0.18,-0.47
"1389","Yaya Touré",2010,"Ivory Coast",1.91,0.06,-0.52,0.56,2.89,1.2,1.05,1.08,0.24,-0.09,-0.74,-0.48,-0.77,0.52,0.23,0.8
"1390","Daisuke Matsui",2010,"Japan",-0.4,0.2,0.97,-0.1,-0.12,-0.5,0.53,0.62,-0.45,-0.53,-0.51,-0.48,-0.77,1.7,0.71,0.24
"1391","Eiji Kawashima",2010,"Japan",-0.4,-0.63,-0.52,-0.75,-0.72,0.63,-0.65,-0.93,-0.86,-0.82,-0.4,-0.48,-0.77,-1.09,-1.01,-0.72
"1392","Keiji Tamada",2010,"Japan",-0.4,-0.63,-0.52,-0.49,-1.29,-0.97,-0.65,-0.77,-0.86,-0.74,-0.74,-0.48,-0.77,-1.09,-0.72,-0.81
"1393","Keisuke Honda",2010,"Japan",2.79,0.71,-0.52,0.93,0.48,-0.69,0.92,0.93,-0.68,-0.58,-0.74,-0.48,-0.35,4.22,5.3,0.19
"1394","Kengo Nakamura",2010,"Japan",-0.4,-0.6,-0.52,-0.75,-1.32,-1.11,-0.25,-0.93,-0.75,-0.74,-0.74,-0.48,-0.77,-0.81,-1.01,-0.81
"1395","Makoto Hasebe",2010,"Japan",-0.4,-0.47,-0.02,-0.36,0.22,-0.12,-0.65,-0.46,-0.38,-0.43,0.85,-0.48,0.06,0.31,1.29,-0.6
"1396","Marcus Tulio Tanaka",2010,"Japan",-0.4,0.14,-0.52,0.67,-0.18,0.63,-0.25,-0.31,-0.6,-0.35,3.11,0.79,4.61,0.03,0.43,-0.4
"1397","Shinji Okazaki",2010,"Japan",1.2,0.52,-0.02,1.06,-1.22,-1.02,-0.65,-0.77,-0.7,-0.7,-0.74,-0.48,-0.77,0.03,0.43,-0.43
"1398","Yasuhito Endo",2010,"Japan",1.2,-0.47,2.95,-0.49,0.61,0.35,-0.25,-0.77,-0.12,-0.82,-0.51,-0.02,-0.77,0.31,-0.72,1.88
"1399","Yoshito Okubo",2010,"Japan",-0.4,0.2,-0.02,0.16,-0.51,-0.31,1.7,0.46,-0.52,-0.23,-0.51,-0.48,-0.35,1.14,2.72,0.27
"1400","Yuichi Komano",2010,"Japan",-0.4,-0.47,-0.52,-0.49,0.71,2.52,-0.65,0.62,0.7,-0.42,0.39,-0.13,0.47,0.03,0.14,-0.63
"1401","Yuji Nakazawa",2010,"Japan",-0.4,-0.5,-0.52,0.16,-0.1,0.21,-0.65,-0.93,-0.78,-0.64,3,1.82,2.96,-1.09,4.15,-0.72
"1402","Yuki Abe",2010,"Japan",-0.4,-0.63,-0.52,-0.49,-0.17,-0.59,-0.65,-0.62,-0.16,0.31,0.28,-0.26,0.06,-0.25,-0.15,-0.78
"1403","Yuto Nagatomo",2010,"Japan",-0.4,-0.22,-0.02,-0.36,-0.13,0.21,-0.65,-0.46,-0.34,-0.24,1.07,-0.48,-0.35,0.86,-0.15,-0.63
"1404","Adolfo Bautista",2010,"Mexico",-0.4,-0.63,-0.52,-0.75,-1.26,-1.06,-0.65,-0.93,-0.31,-0.82,-0.74,-0.48,-0.77,-0.79,-0.39,-0.81
"1405","Andrés Guardado",2010,"Mexico",-0.4,-0.08,0.55,-0.05,0.06,-0.4,1.47,0.58,-0.58,-0.38,-0.37,-0.48,0.13,-0.79,-0.7,0.21
"1406","Carlos Salcido",2010,"Mexico",-0.4,0.23,0.55,-0.33,1.64,2.21,1.05,2.92,4.18,0.17,2.2,0.38,-0.32,1.63,0.55,0.17
"1407","Carlos Vela",2010,"Mexico",-0.4,-0.49,-0.52,-0.19,-1.03,-0.86,-0.65,-0.76,-0.86,-0.82,-0.74,-0.48,-0.77,-1.09,-0.39,-0.21
"1408","Cuauhtémoc Blanco",2010,"Mexico",1.33,2.21,0.02,-0.75,-0.52,-0.65,-0.65,-0.42,0.34,-0.82,-0.74,-0.48,-0.77,-0.79,-0.08,1.12
"1409","Efraín Juárez",2010,"Mexico",-0.4,-0.56,-0.52,-0.47,0.62,0.01,-0.22,1.58,0.84,0.03,-0.13,1.81,-0.32,0.42,0.86,-0.43
"1410","Gerardo Torrado",2010,"Mexico",-0.4,-0.56,0.02,-0.75,2.43,0.62,-0.65,0.25,5.64,0.93,0,2.64,-0.32,3.75,-0.08,1.06
"1411","Giovani Dos Santos",2010,"Mexico",-0.4,0.58,1.09,1.78,0.27,-0.6,1.05,0.91,0.37,-0.19,-0.74,-0.48,-0.77,1.63,0.55,1.09
"1412","Guillermo Franco",2010,"Mexico",-0.4,0.76,-0.52,2.34,-0.38,-0.76,-0.22,-0.59,-0.13,-0.63,-0.37,0.27,1.92,1.94,0.55,0.9
"1413","Héctor Moreno",2010,"Mexico",-0.4,-0.63,-0.52,-0.75,-0.22,0.47,-0.65,-0.42,-0.14,-0.44,0.36,-0.48,-0.77,0.42,-0.39,-0.81
"1414","Israel Castro",2010,"Mexico",-0.4,-0.63,-0.52,-0.75,-1.08,-1.01,-0.65,-0.76,-0.38,-0.44,-0.74,-0.48,-0.77,-0.18,-1.01,-0.81
"1415","Javier Hernández",2010,"Mexico",3.06,1.28,-0.52,1.07,-0.91,-1.01,0.63,-0.42,-0.86,0.03,-0.62,-0.48,0.13,0.12,0.23,0.43
"1416","Maza",2010,"Mexico",-0.4,0.06,-0.52,0.09,1.94,1.9,-0.22,2.09,0.44,1.51,2.33,-0.48,1.03,0.72,1.17,-0.81
"1417","Pablo Barrera",2010,"Mexico",-0.4,0.17,0.55,0.79,-0.5,-0.7,1.9,1.42,-0.1,-0.82,-0.13,-0.48,-0.32,-1.09,-0.08,0.4
"1418","Paul Aguilar",2010,"Mexico",-0.4,-0.63,-0.52,-0.33,-0.87,-0.65,-0.22,-0.42,0.05,-0.82,-0.74,-0.48,-0.77,-0.79,-1.01,-0.59
"1419","Rafael Márquez",2010,"Mexico",1.33,0.27,-0.52,-0.19,1.99,1.65,-0.22,1.58,1.95,0.17,0,1.02,0.13,1.63,1.79,0.27
"1420","Ricardo Osorio",2010,"Mexico",-0.4,-0.6,0.02,-0.75,1.71,1.19,-0.22,2.09,3.19,0.58,1.35,-0.48,0.13,-0.18,0.55,-0.05
"1421","Óscar Pérez",2010,"Mexico",-0.4,-0.63,-0.52,-0.75,0.22,2.06,-0.65,-0.93,-0.86,-0.82,0,-0.48,-0.77,-1.09,-1.01,-0.81
"1422","Andre Ooijer",2010,"Netherlands",-0.4,-0.63,-0.52,-0.75,-1.16,-0.89,-0.65,-0.74,-0.86,-0.72,-0.21,-0.06,-0.77,-0.76,-1.01,-0.81
"1423","Arjen Robben",2010,"Netherlands",1.49,0.94,0.07,0.7,-0.61,-0.61,1.67,1.36,-0.32,-0.18,-0.74,-0.48,-0.28,-0.1,1.53,0.33
"1424","Demy De Zeeuw",2010,"Netherlands",-0.4,-0.63,-0.52,-0.75,-1.1,-0.95,-0.65,-0.83,-0.45,-0.82,-0.74,-0.48,-0.77,-0.93,-0.84,-0.81
"1425","Dirk Kuyt",2010,"Netherlands",0.54,0.81,1.24,1.39,0.66,-0.14,0.74,1.26,-0.1,0.72,0.2,-0.48,1.19,0.39,-0.16,1.33
"1426","Eljero Elia",2010,"Netherlands",-0.4,-0.31,-0.52,-0.14,-1.03,-0.95,0.74,-0.38,-0.21,-0.62,-0.61,-0.48,-0.77,-0.43,-0.5,-0.41
"1427","Giovanni van Bronckhorst",2010,"Netherlands",0.54,-0.61,-0.23,-0.52,1.25,1.79,-0.41,-0.47,0.9,1.54,0.4,0.31,0.7,1.22,-0.5,0.38
"1428","Gregory van der Wiel",2010,"Netherlands",-0.4,-0.59,-0.23,-0.75,0.87,0.7,0.28,0.9,-0.36,-0.11,0.13,-0.18,-0.03,0.06,-0.33,-0.67
"1429","Johnny Heitinga",2010,"Netherlands",-0.4,-0.63,-0.52,-0.29,0.96,1.26,-0.41,0.81,0.26,0.54,2.14,3.56,0.94,0.39,-0.5,-0.67
"1430","Joris Mathijsen",2010,"Netherlands",-0.4,0.03,-0.52,-0.06,0.98,0.87,-0.65,-0.01,0.26,0.56,1.27,1.44,0.46,0.23,-0.5,-0.81
"1431","Khalid Boulahrouz",2010,"Netherlands",-0.4,-0.63,-0.52,-0.67,-0.63,-0.33,-0.18,-0.65,0.17,-0.13,0.2,-0.48,-0.52,-0.1,-0.84,-0.71
"1432","Klaas Jan Huntelaar",2010,"Netherlands",0.54,-0.42,-0.52,-0.52,-1.34,-1.11,-0.65,-0.83,-0.86,-0.82,-0.74,-0.48,-0.77,-0.76,-0.33,-0.67
"1433","Maarten Stekelenburg",2010,"Netherlands",-0.4,-0.63,-0.52,-0.75,0.45,1.79,-0.65,-0.93,-0.86,-0.82,-0.61,-0.48,-0.77,-0.93,-0.84,-0.72
"1434","Mark van Bommel",2010,"Netherlands",-0.4,-0.52,-0.23,-0.67,1.54,0.39,0.05,0.17,4.13,1.77,0.33,0.58,0.46,2.05,2.89,0.16
"1435","Nigel de Jong",2010,"Netherlands",-0.4,-0.41,-0.52,-0.6,0.95,0.03,-0.65,-0.56,1.5,1.04,-0.14,-0.48,-0.52,-0.1,1.53,-0.6
"1436","Rafael van der Vaart",2010,"Netherlands",-0.4,0.37,-0.23,-0.06,-0.23,-0.42,-0.18,-0.83,-0.31,0.25,-0.67,-0.48,-0.28,-0.1,0.52,0.38
"1437","Robin van Persie",2010,"Netherlands",0.54,1.56,-0.23,3.08,-0.3,-0.78,1.2,0.26,-0.86,-0.58,-0.21,0.16,0.21,0.89,1.03,1.42
"1438","Wesley Sneijder",2010,"Netherlands",4.31,1.43,1.24,0.55,1.17,-0.08,0.28,0.08,-0.15,-0.23,-0.54,1.12,-0.77,1.05,1.03,1.49
"1439","Chris Killen",2010,"New Zealand",-0.4,0.2,-0.52,-0.19,-0.41,-0.91,1.62,-0.48,-0.65,-0.57,-0.41,-0.28,0.43,3.75,-0.18,0.12
"1440","Chris Wood",2010,"New Zealand",-0.4,-0.45,-0.52,0.56,-1.12,-1.04,-0.08,-0.93,-0.86,-0.69,-0.41,-0.48,-0.77,0.52,0.23,-0.47
"1441","Ivan Vicelich",2010,"New Zealand",-0.4,-0.54,0.2,-0.75,0.27,-0.16,-0.65,-0.7,-0.33,0.02,0.57,-0.16,-0.77,0.12,-0.59,-0.34
"1442","Jeremy Christie",2010,"New Zealand",-0.4,-0.63,-0.52,-0.75,-1.23,-0.98,-0.65,-0.93,-0.79,-0.77,-0.74,-0.48,-0.77,-1.09,-1.01,-0.64
"1443","Leo Bertos",2010,"New Zealand",-0.4,-0.54,0.91,-0.75,0.55,0.59,2.18,0.19,-0.55,0.71,0.08,-0.28,-0.77,-0.28,0.23,0.12
"1444","Mark Paston",2010,"New Zealand",-0.4,-0.63,-0.52,-0.75,-0.23,1.68,-0.65,-0.26,-0.86,-0.82,-0.09,-0.48,-0.77,-1.09,-1.01,-0.6
"1445","Rory Fallon",2010,"New Zealand",-0.4,-0.45,-0.52,0,-0.46,-0.91,-0.65,-0.7,-0.86,-0.73,0.24,-0.48,1.62,5.77,2.31,-0.13
"1446","Ryan Nelsen",2010,"New Zealand",-0.4,-0.63,-0.52,-0.75,0.34,0.79,-0.08,0.41,-0.75,-0.18,2.7,0.73,-0.17,-0.28,0.65,-0.81
"1447","Shane Smeltz",2010,"New Zealand",1.91,1.13,0.2,1.49,-0.37,-0.84,1.05,-0.26,-0.43,-0.65,0.24,-0.16,-0.17,-0.28,-0.59,-0.09
"1448","Simon Elliott",2010,"New Zealand",-0.4,-0.45,1.63,-0.75,0.9,0.59,-0.08,-0.7,0.19,-0.61,-0.41,-0.48,-0.17,0.12,0.65,1.47
"1449","Tommy Smith",2010,"New Zealand",-0.4,-0.49,-0.52,-0.38,-0.13,-0.3,-0.65,-0.03,-0.79,0.49,1.71,-0.28,-0.17,0.52,-0.59,0.04
"1450","Tony Lochhead",2010,"New Zealand",-0.4,-0.63,0.2,-0.75,-0.06,0.66,-0.65,-0.48,-0.68,-0.1,0.9,0.73,1.62,0.93,0.23,-0.05
"1451","Winston Reid",2010,"New Zealand",1.91,0.02,-0.52,0.75,-0.04,-0.16,-0.65,-0.93,0.37,-0.39,2.53,1.04,0.43,0.93,1.06,-0.3
"1452","Ayila Yussuf",2010,"Nigeria",-0.4,-0.63,-0.52,-0.38,-0.74,-1.04,-0.65,-0.93,-0.57,-0.82,-0.25,-0.48,1.62,0.93,-1.01,-0.18
"1453","Chidi Odiah",2010,"Nigeria",-0.4,-0.63,1.63,-0.75,1.02,2.23,1.62,2.64,-0.17,-0.2,0.4,-0.15,-0.77,-0.69,-0.59,0.16
"1454","Chinedu Obasi",2010,"Nigeria",-0.4,0.94,0.2,1.68,-0.04,0.05,2.18,1.75,1,1.63,-0.25,-0.48,-0.77,0.93,1.06,0.42
"1455","Danny Shittu",2010,"Nigeria",-0.4,-0.63,-0.52,-0.38,-0.34,-0.43,1.05,0.86,0.1,0.31,3.02,0.58,1.03,1.33,-1.01,-0.81
"1456","Dickson Etuhu",2010,"Nigeria",-0.4,-0.63,-0.52,-0.38,0.78,-0.02,-0.08,-0.7,0.33,0.66,0.73,0.96,-0.17,1.33,-0.59,0.16
"1457","Elderson Echiéjilé",2010,"Nigeria",-0.4,-0.63,-0.52,-0.75,-1.02,-0.77,-0.08,-0.48,-0.57,-0.37,0.57,-0.48,-0.17,-0.69,-1.01,-0.81
"1458","Joseph Yobo",2010,"Nigeria",-0.4,-0.63,-0.52,0,-0.48,-0.57,-0.65,-0.7,-0.47,-0.29,2.2,2.02,1.62,-0.69,-1.01,-0.81
"1459","Kalu Uche",2010,"Nigeria",4.21,1.13,0.2,0.19,0.08,-0.3,2.75,2.2,-0.62,-0.23,-0.74,-0.48,0.43,-0.69,1.06,0.8
"1460","Kanu",2010,"Nigeria",-0.4,-0.63,-0.52,-0.56,-1.05,-1.04,-0.65,-0.48,-0.86,-0.82,-0.74,-0.48,-0.17,-0.69,0.65,-0.47
"1461","Lukman Haruna",2010,"Nigeria",-0.4,-0.45,0.2,-0.75,0.17,-0.57,-0.65,1.08,-0.42,-0.47,-0.41,0.58,0.43,0.52,0.65,-0.13
"1462","Obafemi Martins",2010,"Nigeria",-0.4,-0.12,-0.52,-0.19,-1.09,-1.11,-0.08,-0.26,-0.86,-0.82,-0.58,-0.48,-0.17,-1.09,-0.18,-0.81
"1463","Peter Odemwingie",2010,"Nigeria",-0.4,-0.63,-0.52,-0.38,-0.86,-0.77,-0.65,-0.26,-0.75,-0.82,-0.58,-0.48,-0.17,-0.28,-0.18,-0.68
"1464","Rabiu Afolabi",2010,"Nigeria",-0.4,-0.63,-0.52,-0.75,-0.65,-0.7,-0.65,-0.93,-0.86,-0.41,0.73,-0.48,0.43,-1.09,-0.59,-0.77
"1465","Sani Kaita",2010,"Nigeria",-0.4,-0.12,0.2,-0.75,-0.44,-0.36,-0.65,-0.48,-0.65,-0.66,-0.74,-0.48,-0.77,-0.69,-1.01,-0.77
"1466","Taye Taiwo",2010,"Nigeria",-0.4,-0.17,-0.52,-0.75,-0.46,0.11,-0.08,-0.26,-0.43,-0.64,0.4,-0.48,-0.17,-0.69,-0.59,-0.05
"1467","Victor Obinna",2010,"Nigeria",-0.4,-0.26,-0.52,-0.75,-0.95,-0.98,-0.65,-0.48,-0.25,-0.74,-0.74,-0.48,0.43,-1.09,-1.01,-0.47
"1468","Vincent Enyeama",2010,"Nigeria",-0.4,-0.63,-0.52,-0.75,-0.39,1.41,-0.65,-0.93,-0.86,-0.74,-0.74,-0.48,-0.17,-0.69,-0.59,-0.81
"1469","Yakubu Ayegbeni",2010,"Nigeria",1.91,4.92,0.2,1.12,-0.51,-0.91,0.48,0.41,-0.65,-0.82,-0.41,-0.48,-0.77,2.14,1.06,0.04
"1470","An Yong-Hak",2010,"North Korea",-0.4,-0.54,-0.52,-0.56,1.13,0.66,-0.08,-0.26,0.02,0.12,-0.09,1.28,-0.17,-0.69,2.31,-0.18
"1471","Cha Jong-Hyok",2010,"North Korea",-0.4,-0.36,1.63,-0.75,0.38,1.07,1.05,1.97,-0.15,-0.45,1.22,-0.48,-0.17,-0.69,1.06,0.08
"1472","Hong Yong-Jo",2010,"North Korea",-0.4,0.34,0.2,-0.19,0.64,-0.02,1.62,0.41,-0.6,-0.59,-0.58,-0.48,-0.17,0.52,0.23,1.13
"1473","Ji Yun-Nam",2010,"North Korea",1.91,-0.26,-0.52,-0.38,0.24,1.2,0.48,0.64,0.11,-0.1,1.06,-0.17,-0.17,-0.69,-0.59,0.59
"1474","Jong Tae-Se",2010,"North Korea",-0.4,2.93,0.91,2.43,-0.39,-0.5,1.62,1.08,-0.86,-0.58,0.08,-0.48,2.22,0.93,1.06,0.84
"1475","Kim Kum-Il",2010,"North Korea",-0.4,-0.63,-0.52,-0.75,-1.09,-1.04,-0.65,-0.7,-0.86,-0.82,-0.74,-0.48,-0.77,-1.09,-1.01,-0.47
"1476","Kim Yong-Jun",2010,"North Korea",-0.4,-0.49,-0.52,-0.75,-1.19,-1.04,-0.65,-0.93,-0.86,-0.66,-0.74,-0.48,-0.77,-1.09,-0.18,-0.81
"1477","Mun In-Guk",2010,"North Korea",-0.4,-0.26,-0.52,-0.19,-0.13,0.11,0.48,-0.26,0,-0.18,-0.74,-0.48,-0.77,-1.09,-0.59,-0.51
"1478","Myong-Guk Ri",2010,"North Korea",-0.4,-0.63,-0.52,-0.75,-0.2,1.48,-0.65,-0.93,-0.86,-0.82,-0.74,-0.48,-0.77,-1.09,-1.01,-0.43
"1479","Pak Chol-Jin",2010,"North Korea",-0.4,-0.63,-0.52,-0.56,-0.32,0.25,-0.08,-0.93,0.05,-0.1,1.39,-0.17,-0.77,0.52,-0.59,-0.6
"1480","Pak Nam-Chol",2010,"North Korea",-0.4,-0.36,-0.52,-0.19,0.34,-0.3,1.62,-0.03,-0.43,-0.16,-0.58,-0.48,-0.77,1.33,1.48,0.33
"1481","Ri Jun-Il",2010,"North Korea",-0.4,-0.54,-0.52,-0.75,0.01,0.52,-0.08,-0.26,-0.8,0.16,2.04,-0.12,-0.17,-0.69,1.48,-0.72
"1482","Ri Kwang-Chon",2010,"North Korea",-0.4,-0.49,-0.52,-0.75,-0.46,-0.84,-0.08,-0.03,-0.44,-0.1,3.68,0.69,-0.17,0.12,0.23,-0.81
"1483","Antolin Alcaraz",2010,"Paraguay",0.9,-0.37,-0.52,-0.12,0.51,0.84,-0.33,0.71,0.48,-0.04,2.48,0.87,1.59,0.72,0.16,-0.79
"1484","Aureliano Torres",2010,"Paraguay",-0.4,-0.5,0.29,-0.75,-1.11,-0.84,-0.65,-0.93,-0.74,-0.32,-0.74,-0.48,-0.77,-1.09,-0.54,-0.26
"1485","Carlos Bonet",2010,"Paraguay",-0.4,-0.63,1.09,-0.54,0,1.34,-0.65,-0.55,-0.23,-0.09,0.46,-0.48,0.24,0.27,-0.08,0.45
"1486","Claudio Morel Rodríguez",2010,"Paraguay",-0.4,-0.55,3.51,-0.75,1.3,3.22,-0.01,0.08,-0.06,0.47,1.01,-0.12,-0.77,0.04,0.16,2.38
"1487","Cristian Riveros",2010,"Paraguay",0.9,-0.01,-0.52,0.62,0.97,0.31,-0.65,-0.05,2.32,0.4,-0.19,0.14,0.58,0.72,2.49,0.14
"1488","Darío Verón",2010,"Paraguay",-0.4,-0.63,-0.52,-0.75,-1.16,-0.88,-0.65,-0.93,-0.78,-0.72,-0.56,-0.48,-0.77,-0.86,-1.01,-0.81
"1489","Denis Caniza",2010,"Paraguay",-0.4,-0.45,0.29,-0.43,-0.92,-0.42,-0.33,-0.8,-0.86,-0.82,-0.56,-0.48,-0.43,-1.09,-1.01,0.28
"1490","Edgar Benítez",2010,"Paraguay",-0.4,-0.06,-0.12,0.3,-1.15,-0.88,-0.65,-0.68,-0.19,-0.82,-0.65,-0.48,-0.43,-0.86,-0.77,-0.45
"1491","Enrique Vera",2010,"Paraguay",0.9,0.04,0.29,0.62,-0.2,-0.04,-0.65,-0.55,1.06,0.88,-0.1,-0.48,0.58,1.41,0.86,0.36
"1492","Jonathan Santana",2010,"Paraguay",-0.4,-0.24,-0.12,-0.54,-1.19,-1.04,-0.65,-0.93,-0.71,-0.76,-0.65,-0.48,-0.77,0.5,-0.54,-0.62
"1493","Julio César Cáceres",2010,"Paraguay",-0.4,-0.63,-0.52,-0.75,-0.57,-0.5,-0.65,0.2,-0.86,-0.54,0.36,-0.48,-0.43,-0.64,-0.77,-0.71
"1494","Justo Villar",2010,"Paraguay",-0.4,-0.63,-0.52,-0.75,0.05,2.34,-0.65,-0.93,-0.86,-0.82,-0.74,-0.48,-0.77,-1.09,-0.77,-0.6
"1495","Lucas Barrios",2010,"Paraguay",-0.4,0.46,-0.52,2.3,-0.67,-0.81,0.63,-0.42,-0.54,-0.6,-0.46,0.62,1.25,1.18,-0.31,0.59
"1496","Nelson Haedo Valdez",2010,"Paraguay",-0.4,0.51,-0.52,1.56,-0.96,-1.04,1.26,0.08,1.02,-0.19,-0.74,0.06,-0.43,0.04,1.79,-0.14
"1497","Néstor Ortigoza",2010,"Paraguay",-0.4,-0.63,-0.52,-0.54,-0.74,-0.69,-0.33,-0.17,0.41,-0.82,-0.65,-0.48,-0.77,-0.86,-1.01,-0.64
"1498","Paulo da Silva",2010,"Paraguay",-0.4,-0.32,-0.52,0.93,1.16,0.77,-0.33,0.2,0.17,0.09,1.56,0.04,1.59,0.5,-0.31,-0.41
"1499","Roque Santa Cruz",2010,"Paraguay",-0.4,0.46,0.29,1.88,-0.08,-0.46,-0.01,-0.42,-0.69,-0.69,-0.46,-0.48,0.58,0.04,0.62,0.85
"1500","Victor Cáceres",2010,"Paraguay",-0.4,-0.19,-0.12,-0.54,0.28,-0.19,-0.01,-0.8,0.38,-0.47,0.36,-0.32,0.24,1.18,0.16,-0.43
"1501","Édgar Barreto",2010,"Paraguay",-0.4,-0.01,-0.52,-0.64,-1.02,-0.84,-0.65,-0.93,-0.51,-0.31,-0.56,-0.48,-0.77,-0.41,-0.31,-0.38
"1502","Óscar Cardozo",2010,"Paraguay",-0.4,1.5,-0.12,-0.22,-1,-0.84,-0.65,-0.93,-0.4,-0.78,-0.74,-0.48,-0.43,0.04,-0.08,-0.02
"1503","Bruno Alves",2010,"Portugal",-0.4,-0.56,-0.52,-0.05,1.01,0.47,-0.22,0.58,0.03,-0.18,1.35,-0.28,0.58,0.42,-0.7,-0.81
"1504","Cristiano Ronaldo",2010,"Portugal",1.33,2.07,-0.52,0.51,0.01,-0.24,2.32,1.92,-0.78,-0.39,-0.62,-0.48,-0.32,-0.79,1.48,1.66
"1505","Danny",2010,"Portugal",-0.4,-0.29,-0.52,-0.19,-0.52,-0.76,-0.22,0.58,0.71,-0.55,-0.62,-0.48,-0.32,-0.18,-0.08,-0.27
"1506","Deco",2010,"Portugal",-0.4,-0.63,0.55,-0.47,-0.73,-0.81,-0.22,-0.59,-0.51,-0.55,-0.62,-0.48,-0.77,-1.09,0.55,0.01
"1507","Duda",2010,"Portugal",-0.4,-0.63,-0.52,-0.47,-1.17,-0.96,-0.65,-0.59,-0.4,-0.41,-0.74,-0.48,-0.77,-1.09,-0.7,-0.56
"1508","Eduardo",2010,"Portugal",-0.4,-0.63,-0.52,-0.75,-0.01,1.54,-0.65,-0.93,-0.86,-0.82,-0.74,-0.48,0.13,-1.09,-1.01,-0.81
"1509","Fábio Coentrão",2010,"Portugal",-0.4,-0.32,2.17,-0.47,1.43,0.93,2.32,2.42,0.61,1.31,1.47,-0.48,-0.77,1.33,1.48,1.28
"1510","Hugo Almeida",2010,"Portugal",1.33,1.52,-0.52,0.65,-0.94,-0.91,-0.65,-0.59,-0.31,-0.82,-0.74,-0.48,1.03,0.12,-0.39,-0.43
"1511","Liédson",2010,"Portugal",1.33,0.65,-0.52,0.93,-1.08,-1.11,-0.65,-0.93,-0.12,-0.82,-0.74,-0.48,0.13,-0.18,-0.08,-0.62
"1512","Miguel",2010,"Portugal",-0.4,-0.56,-0.52,-0.75,-0.48,-0.3,-0.22,-0.76,-0.08,-0.51,-0.5,-0.48,-0.77,-0.79,-1.01,-0.4
"1513","Miguel Veloso",2010,"Portugal",-0.4,-0.56,0.02,-0.47,-1.03,-0.76,-0.65,-0.76,-0.79,-0.51,-0.62,-0.48,-0.32,-1.09,-0.7,-0.27
"1514","Paulo Ferreira",2010,"Portugal",-0.4,-0.63,-0.52,-0.75,-0.63,-0.55,-0.65,-0.93,-0.51,-0.55,-0.5,-0.48,-0.77,-1.09,-0.7,-0.81
"1515","Pedro Mendes",2010,"Portugal",-0.4,-0.53,-0.52,-0.75,0.36,-0.4,-0.65,-0.76,0.75,0.74,-0.37,-0.48,-0.32,-0.18,-0.7,-0.59
"1516","Pepe",2010,"Portugal",-0.4,-0.36,-0.52,-0.61,-0.82,-1.06,-0.65,-0.93,-0.64,-0.54,-0.37,0.4,-0.77,0.42,-0.39,-0.81
"1517","Raul Meireles",2010,"Portugal",1.33,1.48,1.09,0.37,0.82,-0.04,-0.22,0.75,-0.04,1.84,0.12,-0.23,-0.77,1.33,-1.01,1.63
"1518","Ricardo Carvalho",2010,"Portugal",-0.4,-0.04,-0.52,0.09,1.22,0.62,-0.22,0.08,0.86,0.39,2.2,2.32,1.47,0.42,-0.7,-0.65
"1519","Ricardo Costa",2010,"Portugal",-0.4,-0.63,-0.52,-0.75,-0.56,-0.3,-0.65,-0.93,-0.25,-0.77,0.12,-0.28,-0.77,-0.49,-1.01,-0.81
"1520","Simão",2010,"Portugal",1.33,0.27,1.09,0.09,-0.24,-0.6,0.2,0.25,0.1,0.26,-0.62,-0.48,-0.77,-0.49,-0.08,0.49
"1521","Tiago",2010,"Portugal",3.06,0.37,-0.52,1.21,0.8,-0.04,0.2,-0.26,0.99,0.23,-0.13,-0.08,1.03,1.94,1.48,0.08
"1522","Aleksandar Kolarov",2010,"Serbia",-0.4,-0.12,-0.52,-0.75,-0.32,-0.43,0.48,-0.03,0.88,0.75,0.24,-0.48,-0.17,-0.28,1.89,-0.64
"1523","Aleksandar Lukovic",2010,"Serbia",-0.4,-0.59,-0.52,-0.75,0.62,0.18,-0.08,2.64,1.56,1.24,1.88,-0.48,1.62,-0.28,1.48,-0.81
"1524","Branislav Ivanovic",2010,"Serbia",-0.4,0.06,-0.52,0.37,1.09,1.07,0.48,0.86,-0.42,-0.1,2.04,-0.48,-0.17,-0.28,1.06,-0.22
"1525","Danko Lazovic",2010,"Serbia",-0.4,-0.45,0.91,-0.56,-1.12,-0.7,-0.65,-0.03,-0.86,-0.52,-0.74,-0.48,-0.77,-0.69,-0.59,0.92
"1526","Dejan Stankovic",2010,"Serbia",-0.4,0.2,0.2,-0.38,1.93,0.45,-0.08,-0.03,-0.42,1.74,-0.41,2.61,1.03,0.52,0.23,-0.22
"1527","Ivan Obradovic",2010,"Serbia",-0.4,-0.59,0.91,-0.56,-0.39,-0.16,-0.65,-0.48,0.19,0.02,-0.09,4.47,-0.77,-1.09,0.23,0.16
"1528","Marko Pantelic",2010,"Serbia",1.91,0.76,0.2,1.31,-1,-1.04,-0.65,-0.48,-0.48,-0.82,-0.74,-0.48,-0.17,-0.69,-0.59,-0.22
"1529","Milan Jovanovic",2010,"Serbia",1.91,1.45,0.2,1.49,-0.04,-0.36,1.62,2.64,-0.33,0.25,-0.74,-0.48,-0.77,-0.69,1.06,0.8
"1530","Milos Krasic",2010,"Serbia",-0.4,0.57,4.49,0.93,0.05,-0.16,0.48,2.87,-0.26,-0.82,-0.41,-0.48,-0.77,-1.09,1.06,3.46
"1531","Milos Ninkovic",2010,"Serbia",-0.4,-0.45,-0.52,-0.38,0.57,-0.57,0.48,-0.48,-0.64,0.2,-0.41,-0.48,-0.77,-0.28,1.89,-0.56
"1532","Nemanja Vidic",2010,"Serbia",-0.4,0.2,-0.52,0.37,1.93,0.52,-0.65,0.41,1,0.85,3.19,2.81,2.22,0.12,0.23,-0.43
"1533","Nenad Milijas",2010,"Serbia",-0.4,-0.63,-0.52,-0.75,-0.74,-0.64,-0.65,-0.93,0.28,-0.82,-0.58,-0.48,-0.77,-0.69,-0.59,-0.47
"1534","Neven Subotic",2010,"Serbia",-0.4,-0.63,-0.52,-0.75,-0.39,-0.57,-0.65,-0.03,-0.64,-0.65,-0.41,1.59,-0.17,-0.69,-0.59,-0.68
"1535","Nikola Zigic",2010,"Serbia",-0.4,1.22,-0.52,2.62,-0.18,-0.91,-0.65,-0.7,-0.48,-0.65,-0.09,1.17,1.62,0.52,1.06,0.67
"1536","Vladimir Stojkovic",2010,"Serbia",-0.4,-0.63,-0.52,-0.75,0.38,1.82,-0.65,-0.93,-0.86,-0.82,-0.58,-0.48,-0.77,-1.09,-0.59,-0.81
"1537","Zdravko Kuzmanovic",2010,"Serbia",-0.4,0.39,2.34,0,0.92,-0.23,-0.65,-0.26,-0.86,-0.47,-0.41,-0.48,-0.77,0.93,-0.59,0.63
"1538","Zoran Tosic",2010,"Serbia",-0.4,-0.4,0.2,-0.75,-1.14,-0.77,-0.65,-0.48,-0.86,-0.4,-0.74,-0.48,-0.77,-1.09,-0.18,-0.18
"1539","Erik Jendrisek",2010,"Slovakia",-0.4,-0.39,-0.52,-0.05,-0.66,-0.65,-0.22,-0.09,0,-0.82,-0.25,0.26,-0.77,0.12,0.86,-0.56
"1540","Filip Holosko",2010,"Slovakia",-0.4,-0.63,-0.52,-0.61,-1.28,-1.06,-0.65,-0.93,-0.54,-0.82,-0.74,-0.48,-0.32,-1.09,-0.7,-0.65
"1541","Jan Durica",2010,"Slovakia",-0.4,-0.36,-0.52,-0.33,1.1,1.29,0.63,-0.09,-0.54,0.82,1.22,-0.48,0.58,0.12,2.72,-0.37
"1542","Jan Kozak",2010,"Slovakia",-0.4,-0.63,0.55,-0.75,-0.54,-0.76,-0.22,-0.42,0.08,-0.82,-0.62,-0.48,-0.32,-1.09,-0.7,-0.43
"1543","Jan Mucha",2010,"Slovakia",-0.4,-0.63,-0.52,-0.75,0.06,2.16,-0.65,-0.93,-0.86,-0.82,-0.62,-0.48,-0.32,-1.09,-0.39,-0.65
"1544","Juraj Kucka",2010,"Slovakia",-0.4,0.1,-0.52,-0.05,-0.48,-0.7,1.05,0.08,0.59,0.58,-0.13,-0.48,-0.77,1.03,0.23,-0.3
"1545","Kamil Kopunek",2010,"Slovakia",1.33,-0.42,-0.52,-0.47,-1.19,-1.11,-0.22,-0.76,-0.86,-0.82,-0.74,0.26,-0.32,-0.79,-0.7,-0.81
"1546","Kornel Salata",2010,"Slovakia",-0.4,-0.39,-0.52,-0.47,-0.78,-0.65,-0.65,-0.93,-0.54,-0.82,0.12,-0.48,0.13,-1.09,-0.7,-0.59
"1547","Marek Cech",2010,"Slovakia",-0.4,-0.63,-0.52,-0.75,-0.73,-0.7,-0.65,-0.76,-0.26,-0.58,-0.25,-0.48,-0.77,-1.09,-0.7,-0.81
"1548","Marek Hamsik",2010,"Slovakia",-0.4,0.17,0.55,0.65,0.96,0.22,0.63,-0.09,-0.07,-0.64,-0.5,-0.48,-0.32,0.42,0.86,0.46
"1549","Martin Skrtel",2010,"Slovakia",-0.4,-0.63,-0.52,-0.61,1.61,1.19,0.2,2.09,0.03,0.14,2.2,2.19,0.58,1.63,0.55,-0.59
"1550","Miroslav Stoch",2010,"Slovakia",-0.4,0.1,0.02,0.23,-0.22,-0.81,-0.65,-0.26,-0.62,-0.82,-0.25,-0.48,-0.77,-0.49,-0.39,-0.27
"1551","Peter Pekarik",2010,"Slovakia",-0.4,-0.56,0.02,-0.75,0.76,0.98,0.2,-0.26,0.59,0.04,0.61,1.06,0.13,-0.18,-0.08,-0.18
"1552","Radoslav Zabavnik",2010,"Slovakia",-0.4,-0.56,0.02,-0.75,0.39,1.24,-0.65,-0.42,0.89,0.84,1.47,-0.48,-0.32,1.33,-0.39,-0.49
"1553","Róbert Vittek",2010,"Slovakia",6.51,4.23,-0.52,2.06,-0.12,-0.81,-0.65,-0.26,-0.86,-0.57,-0.74,-0.48,5.06,1.33,0.86,0.68
"1554","Stanislav Sestak",2010,"Slovakia",-0.4,0.27,0.55,1.21,-0.96,-0.96,-0.22,-0.26,-0.86,-0.82,-0.62,-0.48,-0.32,-0.18,-0.08,0.49
"1555","Vladimir Weiss",2010,"Slovakia",-0.4,-0.49,0.55,-0.33,-0.1,-0.09,2.75,-0.09,-0.24,-0.82,-0.74,-0.48,-0.77,0.72,-0.7,0.93
"1556","Zdeno Strba",2010,"Slovakia",-0.4,-0.53,-0.52,-0.75,0.73,0.27,0.2,0.25,-0.09,-0.15,-0.25,-0.48,0.13,1.63,1.17,-0.27
"1557","Aleksander Radosavljevic",2010,"Slovenia",-0.4,-0.54,-0.52,0,1.09,-0.02,-0.65,0.64,0.61,0.97,0.08,-0.48,0.43,1.33,0.23,-0.22
"1558","Andraz Kirm",2010,"Slovenia",-0.4,-0.4,0.2,-0.38,0.31,-0.43,-0.08,0.64,-0.37,0.05,-0.41,-0.48,-0.17,1.33,1.06,-0.22
"1559","Bojan Jokic",2010,"Slovenia",-0.4,-0.63,0.2,-0.75,1.11,2.23,1.05,1.97,0.99,0.86,1.71,-0.04,-0.77,1.33,-0.18,0.25
"1560","Bostjan Cesar",2010,"Slovenia",-0.4,-0.12,-0.52,-0.56,0.38,0.66,-0.65,-0.03,-0.72,0.69,4.82,-0.48,1.62,0.52,1.06,-0.81
"1561","Marko Suler",2010,"Slovenia",-0.4,-0.63,-0.52,-0.75,0.59,0.86,-0.08,1.3,0.8,1.02,3.35,0.81,2.82,0.52,0.23,-0.09
"1562","Milivoje Novakovic",2010,"Slovenia",-0.4,0.34,-0.52,0.93,-0.37,-1.04,-0.08,-0.26,-0.5,-0.25,-0.09,-0.04,1.03,-0.28,1.89,-0.6
"1563","Miso Brecko",2010,"Slovenia",-0.4,-0.54,-0.52,-0.56,1.2,2.98,-0.08,0.41,0.17,2.24,-0.09,0.64,-0.77,-0.69,0.23,-0.18
"1564","Nejc Pecnik",2010,"Slovenia",-0.4,-0.63,0.2,-0.75,-1.33,-1.04,-0.65,-0.93,-0.86,-0.82,-0.74,-0.48,-0.77,-0.28,0.23,-0.39
"1565","Robert Koren",2010,"Slovenia",1.91,-0.08,-0.52,-0.75,1.62,0.39,-0.08,0.19,-0.37,-0.1,-0.41,-0.48,-0.77,-1.09,-0.59,0.71
"1566","Samir Handanovic",2010,"Slovenia",-0.4,-0.63,-0.52,-0.75,0.17,2.77,-0.65,-0.26,-0.86,-0.82,-0.58,-0.48,-0.77,-1.09,-1.01,-0.68
"1567","Valter Birsa",2010,"Slovenia",1.91,0.57,3.06,-0.38,-0.34,-0.02,1.62,0.86,-0.1,0.44,-0.58,-0.48,-0.77,0.52,1.48,1.9
"1568","Zlatan Ljubijankic",2010,"Slovenia",1.91,0.62,-0.52,1.68,-0.84,-0.84,-0.65,-0.26,-0.45,0.18,-0.74,-0.48,0.43,1.33,2.31,-0.81
"1569","Zlatko Dedic",2010,"Slovenia",-0.4,-0.17,-0.52,0.56,-1.05,-0.98,-0.65,-0.7,-0.72,-0.5,-0.74,-0.48,0.43,0.12,0.65,0.04
"1570","Aaron Mokoena",2010,"South Africa",-0.4,-0.63,-0.52,-0.75,-0.04,-0.02,-0.65,-0.93,1.2,3.56,1.55,-0.11,1.62,0.93,0.23,-0.81
"1571","Anele Ngcongca",2010,"South Africa",-0.4,-0.63,0.2,-0.75,-0.86,-0.3,-0.65,0.19,-0.86,-0.82,-0.25,-0.48,-0.17,-1.09,-1.01,-0.51
"1572","Bernard Parker",2010,"South Africa",-0.4,-0.49,-0.52,-0.38,-0.72,-0.91,-0.65,-0.26,0.1,-0.44,-0.74,-0.48,-0.77,-1.09,-1.01,-0.47
"1573","Bongani Khumalo",2010,"South Africa",1.91,0.76,-0.52,0.19,0.05,0.11,-0.65,-0.93,-0.63,0.46,0.9,3.84,1.62,-1.09,-1.01,-0.68
"1574","Itumeleng Khune",2010,"South Africa",-0.4,-0.63,-0.52,-0.75,-0.86,0.11,-0.65,-0.93,-0.86,-0.82,-0.74,-0.48,-0.77,-0.69,-1.01,-0.47
"1575","Kagisho Dikgacoi",2010,"South Africa",-0.4,-0.08,-0.52,-0.19,0.97,0.59,0.48,-0.03,0.17,-0.13,-0.41,1.15,0.43,0.52,-0.18,-0.64
"1576","Katlego Mphela",2010,"South Africa",1.91,4.64,-0.52,2.8,-0.25,-0.77,0.48,-0.03,-0.23,0.43,-0.58,-0.48,0.43,1.73,-0.59,-0.56
"1577","Lucas Thwala",2010,"South Africa",-0.4,-0.63,-0.52,-0.75,-0.86,-0.57,-0.65,-0.93,-0.74,-0.46,-0.58,-0.48,-0.77,-0.69,-0.59,-0.81
"1578","MacBeth Sibaya",2010,"South Africa",-0.4,-0.54,-0.52,-0.75,-0.56,-0.57,-0.65,-0.93,-0.38,0.72,-0.58,-0.48,-0.77,-0.69,-0.18,-0.81
"1579","Moeneeb Josephs",2010,"South Africa",-0.4,-0.63,-0.52,-0.75,-0.74,0.05,-0.65,-0.93,-0.86,-0.82,-0.58,-0.48,-0.77,-1.09,-0.59,-0.81
"1580","Reneilwe Letsholonyane",2010,"South Africa",-0.4,-0.63,-0.52,-0.75,0.36,-0.3,-0.65,-0.93,1.03,-0.32,-0.58,-0.11,-0.17,0.52,-0.59,-0.68
"1581","Siboniso Gaxa",2010,"South Africa",-0.4,-0.49,0.2,-0.38,0.97,2.02,-0.65,-0.48,-0.23,0.28,0.57,-0.48,0.43,-0.69,-0.59,0.29
"1582","Siphiwe Tshabalala",2010,"South Africa",1.91,1.03,2.34,1.31,1.2,0.79,0.48,0.41,0.77,-0.04,-0.58,1.15,-0.17,-0.28,-0.18,2.06
"1583","Steven Pienaar",2010,"South Africa",-0.4,0.02,0.91,-0.75,1.2,-0.3,0.48,0.41,-0.38,1.29,-0.74,-0.48,-0.17,2.14,2.31,0.12
"1584","Surprise Moriri",2010,"South Africa",-0.4,-0.63,-0.52,-0.75,-0.88,-0.98,-0.65,-0.7,-0.86,-0.82,-0.41,-0.48,-0.77,-1.09,-1.01,-0.43
"1585","Teko Modise",2010,"South Africa",-0.4,0.15,0.91,-0.38,1.02,0.45,0.48,1.53,0.14,0.25,-0.58,-0.48,-0.17,-0.69,1.06,0.67
"1586","Thanduyise Khuboni",2010,"South Africa",-0.4,-0.49,-0.52,-0.75,-0.37,-0.36,-0.65,-0.93,-0.38,-0.82,-0.41,-0.48,-0.77,-0.28,-0.59,-0.72
"1587","Tsepo Masilela",2010,"South Africa",-0.4,-0.63,0.2,-0.56,1.34,1.75,1.62,1.08,1.13,1.22,0.24,-0.48,0.43,0.93,-0.59,-0.09
"1588","Cha Du-Ri",2010,"South Korea",-0.4,-0.36,0.55,-0.75,0.45,1.39,-0.22,1.08,0.15,0.6,0.24,-0.48,0.58,-0.49,-0.7,0.14
"1589","Cho Yong-Hyung",2010,"South Korea",-0.4,-0.63,-0.52,-0.75,0.06,0.27,-0.65,0.25,1.25,-0.23,2.2,1.48,0.13,1.94,-0.7,-0.37
"1590","Jung Sung-Ryong",2010,"South Korea",-0.4,-0.63,-0.52,-0.75,-0.33,0.78,-0.65,-0.93,-0.86,-0.82,-0.25,-0.48,0.13,-1.09,-0.7,-0.05
"1591","Ki Sung-Yueng",2010,"South Korea",-0.4,-0.32,1.63,-0.19,1.22,-0.19,-0.22,-0.09,-0.13,0.4,-0.5,2.48,-0.32,0.12,0.86,0.87
"1592","Ki-Hun Yeom",2010,"South Korea",-0.4,-0.01,0.02,0.51,-0.2,-0.45,1.05,0.08,0.29,-0.82,-0.62,-0.48,0.58,0.12,-0.7,-0.27
"1593","Kim Jae-Sung",2010,"South Korea",-0.4,-0.63,-0.52,-0.19,-0.85,-0.96,-0.65,-0.93,-0.86,-0.82,-0.74,-0.48,0.13,-0.49,-0.39,-0.65
"1594","Kim Jung-Woo",2010,"South Korea",-0.4,0.34,0.02,0.23,1.2,0.32,-0.65,-0.76,0.87,1.84,-0.13,-0.48,0.58,0.42,1.48,0.74
"1595","Kim Nam-Il",2010,"South Korea",-0.4,-0.42,-0.52,-0.75,-0.94,-1.06,-0.65,-0.42,-0.55,-0.32,-0.5,-0.48,-0.77,-0.79,-0.7,-0.37
"1596","Lee Chung-Yong",2010,"South Korea",3.06,1.41,-0.52,1.07,0.61,0.93,1.9,1.25,1.77,1.81,-0.62,-0.48,0.13,0.12,1.17,1.44
"1597","Lee Donggook",2010,"South Korea",-0.4,-0.08,-0.52,-0.05,-1.22,-1.11,-0.65,-0.76,-0.86,-0.82,-0.62,-0.48,-0.77,-0.49,-1.01,-0.52
"1598","Lee Jung-Soo",2010,"South Korea",3.06,0.72,-0.52,-0.19,0.78,0.62,-0.65,0.41,0.28,0.12,1.84,-0.48,1.92,-0.18,1.48,-0.33
"1599","Lee Young-Pyo",2010,"South Korea",-0.4,-0.32,0.55,-0.47,1.59,2.21,1.05,3.09,-0.27,1.33,0.36,0.34,0.13,-0.49,1.17,-0.05
"1600","Oh Beom-Seok",2010,"South Korea",-0.4,-0.56,-0.52,-0.75,-0.7,-0.04,-0.22,-0.76,-0.55,-0.58,-0.37,-0.48,-0.77,0.12,-1.01,-0.68
"1601","Park Chu-Young",2010,"South Korea",1.33,3.32,-0.52,3.04,-0.34,-0.96,-0.22,0.08,-0.86,-0.14,-0.62,-0.48,3.27,1.03,0.23,-0.02
"1602","Park Ji-Sung",2010,"South Korea",1.33,0.65,0.55,0.37,0.36,0.11,2.75,1.25,2.59,1.42,0.36,-0.48,-0.32,1.03,2.72,2.3
"1603","Andrés Iniesta",2010,"Spain",1.49,0.54,0.07,1.85,1.57,-0.05,3.29,2.63,2.15,0.98,-0.61,-0.48,-0.52,0.23,3.23,1.84
"1604","Carles Puyol",2010,"Spain",0.54,-0.12,-0.52,0.55,1.33,0.14,-0.18,-0.74,0.98,1.55,1.33,3.47,2.17,-0.1,0.01,-0.5
"1605","Cesc Fàbregas",2010,"Spain",-0.4,-0.16,0.07,-0.29,-0.09,-0.44,-0.65,0.17,-0.34,-0.4,-0.74,-0.48,-0.77,-0.76,-0.84,0.63
"1606","David Silva",2010,"Spain",-0.4,-0.54,-0.52,0.25,-1.05,-0.95,-0.41,-0.65,-0.58,-0.82,-0.74,-0.48,-0.77,-0.93,-1.01,-0.43
"1607","David Villa",2010,"Spain",4.31,4.27,0.07,4.07,-0.11,-0.53,1.44,3.36,-0.58,0.37,-0.74,-0.48,0.7,-0.76,1.53,1.49
"1608","Fernando Llorente",2010,"Spain",-0.4,-0.37,-0.52,-0.44,-1.32,-1.11,-0.65,-0.93,-0.86,-0.82,-0.67,-0.48,-0.03,-0.93,-0.67,-0.77
"1609","Fernando Torres",2010,"Spain",-0.4,1.17,-0.52,2.46,-1.09,-1.03,0.51,-0.2,-0.86,-0.82,-0.67,-0.48,0.21,-0.27,-0.84,-0.41
"1610","Gerard Piqué",2010,"Spain",-0.4,-0.16,-0.52,-0.06,2.42,1.87,0.05,4.92,1.92,1.64,2.07,4.43,0.94,-0.43,-0.5,-0.52
"1611","Iker Casillas",2010,"Spain",-0.4,-0.63,-0.52,-0.75,-0.09,1.01,-0.65,-0.93,-0.86,-0.82,-0.41,-0.48,-0.28,-1.09,-1.01,-0.76
"1612","Jesús Navas",2010,"Spain",-0.4,-0.22,1.53,0.93,-0.67,-0.61,0.74,1.36,-0.58,-0.23,-0.74,0.3,-0.77,-1.09,-0.16,0.57
"1613","Joan Capdevila",2010,"Spain",-0.4,-0.41,0.65,-0.14,2.21,1.76,0.51,1.08,1.44,0.36,0.53,1.92,-0.52,-0.1,0.52,0.28
"1614","Pedro",2010,"Spain",-0.4,0.09,-0.52,0.25,-0.33,-0.72,0.74,0.9,-0.36,-0.42,-0.74,-0.48,-0.52,-0.1,-0.16,0.26
"1615","Sergio Busquets",2010,"Spain",-0.4,-0.63,-0.52,-0.21,3.37,0.53,0.51,0.63,3.92,4.69,-0.27,0.4,0.21,1.05,2.72,-0.43
"1616","Sergio Ramos",2010,"Spain",-0.4,0.9,1.24,2.31,3.06,2.2,0.51,2.72,1.46,5.02,1.6,0.4,3.14,2.05,1.36,1.37
"1617","Xabi Alonso",2010,"Spain",-0.4,1.58,0.07,-0.14,3.57,1.9,0.51,1.45,3.75,3.64,0.4,1.11,0.46,1.22,1.03,0.63
"1618","Xavi",2010,"Spain",-0.4,-0.1,3.88,-0.06,4.49,0.78,1.2,1.9,1.68,0.96,-0.67,-0.48,-0.77,-0.76,1.53,5.04
"1619","Alexander Frei",2010,"Switzerland",-0.4,0.76,0.91,0.37,-1.19,-0.98,-0.65,-0.7,-0.86,-0.82,-0.74,-0.48,-0.77,-1.09,-1.01,0.16
"1620","Benjamin Huggel",2010,"Switzerland",-0.4,-0.22,-0.52,-0.56,0.12,-0.36,0.48,-0.26,0.48,1.76,-0.09,-0.48,-0.17,1.33,-0.18,-0.77
"1621","Blaise N'kufo",2010,"Switzerland",-0.4,-0.26,-0.52,0.75,-0.46,-0.84,0.48,0.41,-0.26,-0.75,0.08,-0.48,4.01,0.52,0.23,-0.22
"1622","Diego Benaglio",2010,"Switzerland",-0.4,-0.63,-0.52,-0.75,0.08,2.43,-0.65,-0.48,-0.86,-0.82,-0.25,-0.48,-0.77,-1.09,-1.01,-0.81
"1623","Eren Derdiyok",2010,"Switzerland",-0.4,2.28,0.91,3.55,-0.6,-0.77,2.75,-0.26,-0.81,-0.82,-0.41,-0.48,1.03,-1.09,-0.18,1.94
"1624","Gelson Fernandes",2010,"Switzerland",1.91,1.03,-0.52,-0.19,-0.18,-0.57,-0.65,-0.26,-0.7,-0.13,-0.74,-0.48,-0.77,0.52,0.65,-0.81
"1625","Gökhan Inler",2010,"Switzerland",-0.4,-0.12,-0.52,-0.56,1.11,0.73,1.05,0.86,-0.08,0.4,-0.25,1.55,-0.77,2.54,1.89,-0.22
"1626","Hakan Yakin",2010,"Switzerland",-0.4,0.48,1.63,0.19,-0.91,-0.57,-0.08,0.64,-0.86,-0.79,-0.74,-0.48,-0.77,0.12,-0.59,1.09
"1627","Philippe Senderos",2010,"Switzerland",-0.4,-0.63,-0.52,-0.75,-1.28,-1.11,-0.65,-0.93,-0.86,-0.79,-0.41,-0.48,-0.77,-0.69,-1.01,-0.81
"1628","Reto Ziegler",2010,"Switzerland",-0.4,-0.45,0.2,-0.75,0.52,1.27,-0.08,-0.48,-0.67,0.77,1.55,1.38,0.43,0.52,-1.01,0.25
"1629","Stephan Lichtsteiner",2010,"Switzerland",-0.4,-0.36,1.63,-0.19,0.62,1.14,-0.65,0.41,0.02,1.41,2.04,-0.48,-0.77,1.33,1.89,0.75
"1630","Steve von Bergen",2010,"Switzerland",-0.4,-0.63,-0.52,-0.75,0.08,0.18,-0.08,-0.03,0.96,0.57,1.22,1.87,-0.17,-0.28,-1.01,-0.81
"1631","Stéphane Grichting",2010,"Switzerland",-0.4,-0.4,-0.52,0.19,0.17,0.45,-0.65,-0.7,-0.12,4.16,5.15,0.28,1.03,1.73,-0.18,-0.81
"1632","Tranquillo Barnetta",2010,"Switzerland",-0.4,0.11,1.63,0.37,0.59,0.11,0.48,0.86,-0.22,0.01,-0.41,-0.48,-0.17,0.93,1.06,3.76
"1633","Benny Feilhaber",2010,"USA",-0.4,0.58,-0.52,0.03,-0.52,-0.55,-0.25,-0.15,-0.03,-0.03,-0.63,-0.48,-0.35,-1.09,0.43,-0.37
"1634","Carlos Bocanegra",2010,"USA",-0.4,-0.25,-0.02,0.03,0.6,1.2,-0.65,-0.62,0.54,0.18,2.32,1.62,2.13,0.03,-0.43,-0.19
"1635","Clint Dempsey",2010,"USA",1.2,3.34,-0.52,3.52,0.27,-0.41,0.53,0.62,0,0.39,-0.29,-0.48,1.3,-0.25,1.29,1.03
"1636","Edson Buddle",2010,"USA",-0.4,-0.25,-0.52,-0.1,-1.29,-1.11,-0.65,-0.93,-0.86,-0.82,-0.74,-0.48,-0.35,-0.81,-0.72,-0.81
"1637","Herculez Gomez",2010,"USA",-0.4,-0.02,-0.52,0.16,-1.19,-1.02,-0.65,-0.93,-0.86,-0.82,-0.74,-0.48,-0.35,-0.53,-0.72,-0.49
"1638","Jay DeMerit",2010,"USA",-0.4,-0.44,-0.52,-0.62,0.4,0.26,-0.65,-0.93,0.33,-0.44,3.45,2.42,3.78,1.14,0.14,-0.66
"1639","Jonathan Bornstein",2010,"USA",-0.4,-0.5,0.97,-0.62,-0.15,0.26,-0.25,-0.15,0.21,0.81,1.64,0.44,-0.35,-1.09,-0.72,0.24
"1640","José Torres",2010,"USA",-0.4,-0.47,-0.52,-0.75,-0.96,-0.88,-0.65,-0.93,-0.86,-0.62,-0.74,-0.48,-0.77,-0.81,-0.43,-0.81
"1641","Jozy Altidore",2010,"USA",-0.4,1.35,-0.52,1.45,-0.56,-0.55,2.49,0.46,-0.48,-0.82,-0.74,-0.48,3.37,1.7,3.29,1.24
"1642","Landon Donovan",2010,"USA",4.39,3.28,3.45,0.16,1.05,1.15,0.14,1.39,0.42,0.88,-0.51,-0.05,-0.35,0.03,1,3.43
"1643","Maurice Edu",2010,"USA",-0.4,-0.12,-0.52,-0.23,0.05,-0.31,0.14,-0.46,-0.36,0.03,-0.63,-0.48,-0.35,-0.25,-0.43,-0.55
"1644","Michael Bradley",2010,"USA",1.2,0.68,-0.52,0.42,1.12,0.59,0.92,1.24,0.77,0.14,0.05,0.75,0.47,-0.25,-0.72,0.92
"1645","Oguchi Onyewu",2010,"USA",-0.4,-0.44,-0.52,-0.49,-0.6,-0.64,-0.65,-0.62,-0.72,-0.5,1.19,-0.48,0.89,0.03,-0.72,-0.81
"1646","Ricardo Clark",2010,"USA",-0.4,-0.63,-0.52,-0.75,-0.86,-0.69,-0.65,-0.77,-0.58,-0.5,-0.51,-0.05,0.06,-0.53,-1.01,-0.66
"1647","Robbie Findley",2010,"USA",-0.4,-0.44,-0.52,0.03,-0.93,-0.92,-0.25,-0.46,-0.86,-0.82,-0.74,-0.48,0.47,-0.53,-0.43,-0.31
"1648","Steve Cherundolo",2010,"USA",-0.4,-0.57,3.94,-0.49,1.6,2.61,-0.25,0.77,0.82,0.58,0.85,-0.48,0.47,0.03,1.57,2.91
"1649","Tim Howard",2010,"USA",-0.4,-0.63,-0.52,-0.75,-0.1,1.34,-0.65,-0.62,-0.86,-0.82,-0.17,-0.48,-0.35,-1.09,-1.01,0.01
"1650","Andrés Scotti",2010,"Uruguay",-0.4,-0.63,-0.52,-0.75,-1.25,-1.03,-0.65,-0.83,-0.54,-0.73,-0.21,-0.22,-0.28,-0.76,-1.01,-0.81
"1651","Diego Forlán",2010,"Uruguay",4.31,3.15,3,0.47,0.27,0.06,0.97,0.9,-0.86,-0.67,-0.67,-0.48,0.21,-0.93,-0.67,2.37
"1652","Diego Godín",2010,"Uruguay",-0.4,-0.39,-0.52,-0.6,-0.23,-0.25,0.28,0.63,-0.13,0.65,2.14,0.44,1.43,-0.43,-0.5,-0.79
"1653","Diego Lugano",2010,"Uruguay",-0.4,-0.56,-0.52,-0.29,-0.65,-0.69,-0.41,-0.74,-0.2,-0.28,1.54,1.04,1.43,0.06,-0.5,-0.6
"1654","Diego Pérez",2010,"Uruguay",-0.4,-0.52,-0.52,-0.6,0.76,0.45,0.28,-0.47,1.03,1.16,0,0,1.68,2.05,1.7,-0.48
"1655","Edinson Cavani",2010,"Uruguay",0.54,0.86,-0.23,1.55,-0.23,-0.67,0.51,0.9,-0.18,-0.43,-0.34,-0.48,-0.03,0.23,0.69,-0.1
"1656","Egidio Arévalo Ríos",2010,"Uruguay",-0.4,-0.29,-0.23,-0.6,0.36,-0.39,-0.65,-0.83,0.71,1.09,0.73,0.29,1.43,-0.27,0.69,-0.38
"1657","Fernando Muslera",2010,"Uruguay",-0.4,-0.63,-0.52,-0.75,-0.46,1.12,-0.65,-0.93,-0.86,-0.82,-0.74,-0.48,-0.77,-1.09,-1.01,-0.53
"1658","Ignacio González",2010,"Uruguay",-0.4,-0.63,-0.52,-0.75,-1.13,-0.95,-0.65,-0.93,-0.68,-0.76,-0.74,-0.48,-0.28,-0.76,-0.84,-0.79
"1659","Jorge Fucile",2010,"Uruguay",-0.4,-0.58,-0.52,-0.67,0.16,0.48,-0.41,0.26,0.68,1.01,1,0.21,-0.03,0.06,0.69,0.11
"1660","Luis Suárez",2010,"Uruguay",2.43,1.71,0.07,3.84,-0.25,-0.56,0.51,0.17,-0.59,-0.43,-0.47,0.26,-0.03,1.38,2.89,0.52
"1661","Martín Cáceres",2010,"Uruguay",-0.4,-0.63,-0.23,-0.67,-0.86,-0.69,-0.41,-0.38,-0.4,-0.35,-0.21,-0.48,-0.52,-0.76,0.01,-0.65
"1662","Mauricio Victorino",2010,"Uruguay",-0.4,-0.63,-0.52,-0.75,-0.44,-0.28,-0.65,-0.47,-0.35,0.16,2.27,0.84,0.94,-0.6,0.01,-0.81
"1663","Maxi Pereira",2010,"Uruguay",0.54,-0.12,-0.23,-0.29,0.81,0.75,2.13,0.9,0.5,-0.03,1.13,-0.12,0.94,0.23,-0.16,-0.36
"1664","Nicolas Lodeiro",2010,"Uruguay",-0.4,-0.63,-0.52,-0.52,-1.2,-1.03,-0.41,-0.56,-0.86,-0.57,-0.47,-0.22,-0.28,-0.43,-0.84,-0.64
"1665","Sebastián Abreu",2010,"Uruguay",-0.4,-0.63,-0.52,-0.29,-1.31,-1.09,-0.65,-0.93,-0.86,-0.76,-0.54,-0.21,-0.52,-0.43,-1.01,-0.65
"1666","Walter Gargano",2010,"Uruguay",-0.4,-0.63,-0.52,-0.75,-1.01,-1,-0.41,-0.83,-0.66,-0.67,-0.74,-0.48,-0.77,-0.76,-0.67,-0.76
"1667","Álvaro Fernández",2010,"Uruguay",-0.4,-0.58,-0.52,-0.6,-1.31,-1.09,-0.41,-0.93,-0.69,-0.8,-0.61,-0.48,-0.77,-0.76,-0.5,-0.81
"1668","Álvaro Pereira",2010,"Uruguay",0.54,0.28,0.07,-0.14,-0.35,-0.05,-0.65,-0.38,-0.18,-0.28,-0.07,-0.21,-0.52,-0.43,0.01,-0.2
"1669","André Macanga",2006,"Angola",-0.42,-0.56,-0.54,-0.53,0.46,0.02,1.62,0.04,-0.4,0.52,-0.57,-0.1,0.28,1.21,0.46,-0.56
"1670","Antonio Mendonca",2006,"Angola",-0.42,0.87,-0.54,-0.21,1.19,0.15,-0.11,0.04,0.08,-0.11,-0.43,0.06,-0.7,2.87,3.18,-0.84
"1671","Fabrice Akwa",2006,"Angola",-0.42,1.07,-0.54,1.88,-0.45,-0.87,-0.69,-0.67,-0.75,-0.96,-0.43,-0.1,0.78,2.04,-0.71,0.04
"1672","Flávio",2006,"Angola",2.08,0.33,-0.54,-0.21,-1.31,-1.12,0.47,-0.67,-0.94,-0.96,-0.72,-0.56,-0.7,-0.45,-1.1,-0.84
"1673","João Pereira",2006,"Angola",-0.42,-0.66,-0.54,-0.7,-0.5,0.02,-0.69,-0.9,-0.67,-0.3,2.82,0.7,3.74,1.63,-0.32,-0.6
"1674","Kali",2006,"Angola",-0.42,-0.66,-0.54,-0.7,-0.35,-0.23,-0.69,-0.9,0.15,0.14,3.85,0.08,0.78,-0.45,-1.1,-0.84
"1675","Love Cabúngula",2006,"Angola",-0.42,-0.22,-0.54,-0.7,-1.11,-1.06,-0.69,-0.9,-0.76,-0.64,-0.43,-0.56,0.28,-0.03,-0.32,-0.48
"1676","Luis Delgado",2006,"Angola",-0.42,-0.66,-0.54,-0.7,0.98,2.88,-0.11,0.28,0.61,0.54,1.2,-0.1,0.28,3.29,-0.32,0
"1677","Mantorras",2006,"Angola",-0.42,-0.47,-0.54,-0.53,-1.03,-1.06,-0.11,-0.67,-0.94,-0.96,-0.72,-0.56,-0.21,-0.03,0.46,-0.84
"1678","Manuel Loco",2006,"Angola",-0.42,-0.56,1.44,-0.7,0.28,1.8,0.47,-0.43,-0.62,-0.47,1.93,1.14,0.28,1.21,-0.71,-0.2
"1679","Manuel Rui Marques",2006,"Angola",-0.42,-0.66,-0.54,-0.7,-1.11,-0.93,-0.69,-0.9,-0.94,-0.46,-0.57,-0.56,-0.21,-1.28,-0.71,-0.76
"1680","Mateus",2006,"Angola",-0.42,0.52,-0.54,-0.21,-0.7,-0.93,-0.11,-0.19,-0.62,-0.73,-0.72,0.08,-0.7,-0.45,-0.32,-0.68
"1681","Miloy",2006,"Angola",-0.42,-0.51,-0.54,-0.7,-0.83,-0.8,-0.69,-0.9,0.29,0.45,-0.43,-0.56,1.27,-0.86,-0.32,-0.84
"1682","Paulo Batista Nsimba",2006,"Angola",-0.42,-0.61,1.44,-0.7,-0.05,-0.29,1.62,1.94,-0.38,-0.12,-0.57,-0.56,-0.7,0.38,1.24,0.63
"1683","Paulo Figueiredo",2006,"Angola",-0.42,-0.02,0.12,-0.7,0.88,0.47,-0.11,0.04,-0.3,1.1,-0.43,-0.56,0.78,1.21,3.18,0.75
"1684","Ricardo Joao",2006,"Angola",-0.42,-0.66,-0.54,-0.7,-0.65,0.72,-0.69,-0.43,-0.94,-0.96,-0.72,-0.56,-0.7,-1.28,0.07,-0.84
"1685","Carlos Tevez",2006,"Argentina",0.9,0.54,-0.54,0.67,-0.07,-0.55,2.99,0.6,0.01,-0.41,-0.72,-0.56,-0.44,0.7,0.76,0.93
"1686","Esteban Cambiasso",2006,"Argentina",0.9,-0.32,-0.54,-0.52,0.89,0.39,-0.69,-0.78,-0.37,0.44,0.22,0.24,-0.18,-0.18,-0.48,0.26
"1687","Fabricio Coloccini",2006,"Argentina",-0.42,-0.4,-0.19,-0.35,-0.5,0.09,-0.69,-0.78,0.47,-0.48,-0.02,-0.13,-0.7,-0.4,-0.69,-0.56
"1688","Gabriel Heinze",2006,"Argentina",-0.42,-0.45,-0.54,-0.27,0.61,0.53,-0.39,-0.53,-0.3,0.79,2.64,1.75,1.13,1.14,-0.27,-0.84
"1689","Gabriel Milito",2006,"Argentina",-0.42,-0.66,-0.54,-0.7,-1.04,-0.62,-0.69,-0.9,-0.81,-0.4,-0.17,-0.56,-0.18,-1.06,-0.69,-0.84
"1690","Hernán Crespo",2006,"Argentina",3.56,1.51,-0.54,1.18,-0.88,-1.02,-0.08,-0.65,-0.94,-0.57,-0.64,-0.56,-0.44,-0.18,-0.48,-0.37
"1691","Javier Mascherano",2006,"Argentina",-0.42,-0.56,-0.54,-0.7,1.65,0.26,-0.39,-0.78,1.88,1.33,0.37,2.08,-0.44,1.14,0.14,-0.69
"1692","Javier Saviola",2006,"Argentina",0.9,0.07,-0.54,-0.1,-0.74,-0.78,1.45,0.35,-0.06,-0.96,-0.72,-0.56,-0.7,0.04,0.14,0.05
"1693","Juan Pablo Sorin",2006,"Argentina",-0.42,-0.38,-0.54,-0.1,1.34,2.34,-0.08,-0.65,2.1,1.67,0.37,0.54,-0.44,0.92,0.96,0.22
"1694","Juan Riquelme",2006,"Argentina",-0.42,0.31,2.6,-0.35,3.02,0.7,1.76,0.98,-0.49,0.32,-0.72,0.94,-0.44,-0.18,1.17,2.79
"1695","Julio Cruz",2006,"Argentina",-0.42,-0.58,-0.19,-0.01,-1.26,-1.02,-0.69,-0.78,-0.94,-0.78,-0.64,-0.56,-0.18,-0.4,-0.07,-0.42
"1696","Leandro Cufré",2006,"Argentina",-0.42,-0.66,-0.54,-0.61,-1.11,-0.51,-0.39,-0.9,-0.81,-0.63,-0.56,-0.56,-0.44,-0.62,-0.48,-0.84
"1697","Leo Franco",2006,"Argentina",-0.42,-0.66,-0.54,-0.7,-1.44,-1.02,-0.69,-0.78,-0.94,-0.96,-0.72,-0.56,-0.7,-1.28,-1.1,-0.84
"1698","Lionel Messi",2006,"Argentina",0.9,-0.38,-0.54,-0.18,-0.67,-0.68,2.37,1.1,-0.45,-0.85,-0.72,-0.56,-0.44,-0.4,-0.27,0.34
"1699","Lionel Scaloni",2006,"Argentina",-0.42,-0.66,-0.19,-0.7,-0.71,-0.31,-0.69,-0.65,-0.23,0.08,-0.41,-0.56,-0.44,-0.4,-0.27,-0.69
"1700","Lucho González",2006,"Argentina",-0.42,-0.43,-0.19,-0.44,-0.63,-0.82,-0.69,-0.65,-0.52,0.24,-0.64,0.14,-0.44,-0.84,-0.69,-0.82
"1701","Maxi Rodríguez",2006,"Argentina",3.56,0.7,0.85,0.58,1.28,0.33,-0.08,0.22,1.09,-0.17,-0.33,0.84,-0.7,-0.62,2.41,-0.04
"1702","Nicolás Burdisso",2006,"Argentina",-0.42,-0.66,-0.54,-0.7,-0.24,0.09,-0.69,-0.78,-0.09,0.26,0.14,-0.56,-0.18,-0.4,-0.27,-0.84
"1703","Pablo Aimar",2006,"Argentina",-0.42,-0.58,-0.54,-0.44,-0.96,-1.02,-0.39,-0.78,-0.47,-0.75,-0.56,-0.56,-0.7,-1.06,-0.69,-0.63
"1704","Roberto Abbondanzieri",2006,"Argentina",-0.42,-0.66,-0.54,-0.7,-0.39,1.2,-0.69,-0.9,-0.94,-0.96,-0.72,-0.56,-0.7,-1.28,-0.89,-0.84
"1705","Roberto Ayala",2006,"Argentina",0.9,-0.3,-0.54,-0.35,0.46,0.26,-0.69,-0.53,1.64,0.78,3.18,4.56,1.13,0.48,0.96,-0.77
"1706","Brett Emerton",2006,"Australia",-0.42,-0.29,0.45,-0.45,0.76,0.69,0.18,2.47,0.19,-0.13,0.16,-0.56,0.41,1.52,-0.81,1.43
"1707","Craig Moore",2006,"Australia",1.46,2.16,-0.54,-0.21,1.07,1.07,-0.69,-0.02,3.12,-0.77,2.16,3.57,1.15,-0.03,-0.51,-0.21
"1708","Harry Kewell",2006,"Australia",1.46,1.64,0.45,2.09,-0.09,-0.41,1.91,1.05,-0.34,-0.77,-0.5,0.68,-0.7,-0.03,0.65,0.77
"1709","Jason Culina",2006,"Australia",-0.42,-0.14,0.45,-0.33,1.65,0.79,-0.69,0.34,0.22,-0.77,-0.5,0.74,-0.33,-0.03,-0.81,1.13
"1710","John Aloisi",2006,"Australia",1.46,0.23,-0.54,0.39,-1.2,-0.93,0.18,-0.73,-0.94,-0.64,-0.61,-0.56,0.41,-0.03,-0.22,0.63
"1711","Joshua Kennedy",2006,"Australia",-0.42,0.15,-0.54,1.36,-1.26,-1.07,0.18,-0.73,-0.94,-0.28,-0.17,-0.56,1.15,-0.34,0.07,0
"1712","Lucas Neill",2006,"Australia",-0.42,-0.37,-0.54,-0.45,2.24,3.03,0.18,3,1.46,2.01,2.27,4.07,1.15,0.59,0.07,0.63
"1713","Luke Wilkshire",2006,"Australia",-0.42,-0.44,-0.05,-0.57,-0.05,0.12,-0.69,-0.02,-0.94,-0.61,-0.72,-0.56,-0.7,-0.34,-0.81,0.21
"1714","Mark Bresciano",2006,"Australia",-0.42,0.6,3.41,0.15,0.06,-0.17,-0.26,-0.37,-0.19,0.5,-0.39,-0.56,-0.7,1.21,1.53,2.06
"1715","Mark Schwarzer",2006,"Australia",-0.42,-0.66,-0.54,-0.7,-0.22,1.12,-0.69,-0.73,-0.94,-0.96,-0.72,-0.56,-0.7,-1.28,-0.81,-0.66
"1716","Mark Viduka",2006,"Australia",-0.42,1.86,-0.54,6.44,-0.48,-0.98,1.04,0.34,0.2,-0.96,-0.39,0.68,1.15,3.39,-0.51,1.01
"1717","Mile Sterjovski",2006,"Australia",-0.42,-0.26,2.92,0.03,-0.33,-0.17,-0.26,-0.55,-0.94,-0.43,-0.5,-0.56,-0.7,-0.03,0.36,1.55
"1718","Scott Chipperfield",2006,"Australia",-0.42,0.04,0.94,-0.09,1.35,1.12,-0.26,1.94,2.78,1.21,0.94,4.18,0.78,1.52,0.65,0.27
"1719","Tim Cahill",2006,"Australia",3.34,1.19,0.45,2.81,0.23,-0.41,-0.69,-0.02,0.44,0.66,-0.5,0.74,1.15,3.39,0.95,1.55
"1720","Tony Popovic",2006,"Australia",-0.42,-0.66,-0.54,-0.7,-1.22,-0.93,-0.69,-0.9,-0.72,-0.96,-0.39,-0.56,-0.7,-0.97,-0.81,-0.84
"1721","Vincenzo Grella",2006,"Australia",-0.42,-0.59,-0.54,-0.45,2.05,1.55,-0.26,-0.19,2.25,0.6,-0.28,2.22,-0.7,1.52,-0.51,0.33
"1722","Zeljko Kalac",2006,"Australia",-0.42,-0.66,-0.54,-0.7,-1.09,-0.36,-0.69,-0.73,-0.94,-0.96,-0.72,-0.56,-0.7,-1.28,-1.1,-0.84
"1723","Adriano",2006,"Brazil",2.58,1.83,-0.15,1.72,-0.61,-0.97,0.7,0.09,-0.94,-0.73,-0.72,-0.56,0.19,0.96,0.3,0.24
"1724","Cafu",2006,"Brazil",-0.42,-0.34,0.64,-0.12,1.31,1.62,-0.69,0.09,1.38,-0.39,0.34,-0.56,-0.11,0.96,-0.16,0.31
"1725","Cicinho",2006,"Brazil",-0.42,-0.57,0.25,-0.31,-0.15,-0.17,0.35,1.23,0.68,0.57,-0.46,-0.56,-0.7,-0.78,-0.4,0.21
"1726","Dida",2006,"Brazil",-0.42,-0.66,-0.54,-0.7,0.24,1.93,-0.69,-0.9,-0.94,-0.96,-0.63,-0.56,-0.7,-1.28,-0.16,-0.67
"1727","Ferreira da Rosa Emerson",2006,"Brazil",-0.42,-0.6,-0.54,-0.7,-0.02,-0.13,-0.69,-0.05,0.15,1.62,-0.46,0.34,-0.7,0.22,-0.16,-0.84
"1728","Gilberto Melo",2006,"Brazil",1.08,-0.46,-0.15,-0.41,-0.38,-0.24,-0.69,-0.05,-0.59,0.26,-0.63,-0.56,-0.41,-0.78,-0.86,-0.57
"1729","Gilberto Silva",2006,"Brazil",-0.42,-0.49,-0.54,-0.31,0.65,-0.24,-0.69,-0.19,1.5,0.59,0.08,-0.56,0.48,0.22,-0.86,-0.72
"1730","Juan",2006,"Brazil",-0.42,-0.34,-0.54,-0.41,1.28,0.37,-0.69,0.09,2.18,1.58,3.09,3.69,1.07,0.96,0.07,-0.69
"1731","Juninho",2006,"Brazil",1.08,-0.13,-0.54,-0.7,0.4,-0.7,0.7,0.37,0.44,0.15,-0.63,-0.56,-0.7,-1.03,0.07,-0.6
"1732","Kaká",2006,"Brazil",1.08,0.7,-0.15,1.34,1.3,-0.05,3.13,3.07,-0.56,-0.63,-0.54,-0.56,-0.7,0.47,2.87,0.62
"1733","Lúcio",2006,"Brazil",-0.42,-0.51,-0.15,-0.12,1.04,0.44,0,0.94,2.56,3.35,1.76,2.96,0.78,-0.78,1,-0.43
"1734","Ricardo Luis Pozzi Rodrigues",2006,"Brazil",-0.42,-0.66,-0.15,-0.7,-0.85,-0.89,-0.34,-0.62,-0.94,-0.96,-0.72,-0.56,-0.7,-1.03,-0.86,0.24
"1735","Roberto Carlos",2006,"Brazil",-0.42,0.08,0.64,-0.5,0.99,0.82,-0.69,0.52,0.33,-0.04,1.14,-0.56,-0.11,-0.78,0.07,0.05
"1736","Robinho",2006,"Brazil",-0.42,0.79,-0.54,1.05,0,-0.78,2.78,0.8,0.01,-0.5,-0.72,-0.56,-0.7,-0.78,0.54,0.71
"1737","Ronaldinho",2006,"Brazil",-0.42,0.55,3.02,0.56,2.37,1.47,4.17,2.93,-0.94,0.04,-0.63,-0.56,-0.7,0.22,0.77,5.42
"1738","Ronaldo",2006,"Brazil",4.09,2.9,-0.54,1.63,-0.5,-0.93,1.39,0.09,-0.94,-0.66,-0.72,-0.56,-0.7,-0.03,0.07,1.36
"1739","Zé Roberto",2006,"Brazil",1.08,0.41,-0.15,-0.12,1.27,-0.13,-0.34,0.52,1.53,1.06,-0.1,0.08,-0.41,0.22,-0.16,-0.05
"1740","Carlos Hernandez",2006,"Costa Rica",-0.42,-0.27,-0.54,-0.7,-0.96,-0.99,0.47,-0.9,-0.94,-0.33,-0.72,-0.56,-0.7,-1.28,-0.32,0.32
"1741","Christian Bolaños",2006,"Costa Rica",-0.42,-0.47,0.12,-0.05,-0.6,-0.99,-0.11,0.04,-0.59,-0.65,-0.72,-0.56,-0.7,-1.28,-0.32,-0.52
"1742","Danny Fonseca",2006,"Costa Rica",-0.42,-0.47,-0.54,-0.37,-0.33,-0.74,-0.69,-0.67,-0.01,0.33,-0.43,1.31,-0.21,-0.45,-0.71,-0.52
"1743","Douglas Sequeira",2006,"Costa Rica",-0.42,-0.37,-0.54,-0.37,-0.38,0.21,-0.69,-0.9,-0.39,-0.48,0.9,-0.56,-0.21,1.21,-0.32,-0.36
"1744","Gabriel Badilla",2006,"Costa Rica",-0.42,-0.66,-0.54,-0.7,-1.01,-0.8,-0.11,-0.9,0.11,-0.96,0.61,0.64,-0.7,-0.86,-1.1,-0.84
"1745","Gilberto Martínez",2006,"Costa Rica",-0.42,-0.66,0.12,-0.7,-0.85,-0.1,-0.69,-0.67,-0.94,-0.71,-0.43,-0.56,-0.21,-1.28,-1.1,-0.4
"1746","Harold Wallace",2006,"Costa Rica",-0.42,-0.66,0.12,-0.7,0.3,0.34,-0.69,-0.43,0.13,-0.01,-0.13,-0.56,-0.21,-0.86,-0.32,-0.28
"1747","Jervis Drummond",2006,"Costa Rica",-0.42,-0.66,0.12,-0.7,-0.73,-0.49,-0.69,-0.67,0.05,-0.34,0.16,-0.56,-0.7,-0.45,0.07,-0.4
"1748","José Porras",2006,"Costa Rica",-0.42,-0.66,-0.54,-0.7,-0.35,0.98,-0.69,-0.9,-0.94,-0.96,-0.43,-0.56,-0.7,-1.28,-1.1,-0.84
"1749","Leonardo González",2006,"Costa Rica",-0.42,-0.42,0.78,-0.53,0.81,0.79,1.04,-0.19,2.34,0.32,0.31,0.97,0.28,1.63,0.07,0.52
"1750","Luis Marín",2006,"Costa Rica",-0.42,-0.51,-0.54,-0.37,0.68,0.4,-0.11,-0.19,0.06,-0.08,1.2,0.66,0.28,0.8,-0.32,-0.84
"1751","Mauricio Solis",2006,"Costa Rica",-0.42,-0.37,-0.54,-0.05,1.56,0.53,1.04,-0.19,-0.13,1.59,0.46,-0.56,0.78,-0.03,2.41,-0.6
"1752","Michael Umaña",2006,"Costa Rica",-0.42,-0.56,-0.54,-0.37,0.73,0.47,0.47,0.75,2.52,2.9,1.79,2.18,-0.21,0.38,2.02,-0.52
"1753","Paulo Wanchope",2006,"Costa Rica",4.59,2.16,-0.54,3.82,-0.05,-0.8,0.47,0.28,-0.23,-0.96,-0.72,-0.56,-0.21,1.63,0.46,0.12
"1754","Rónald Gómez",2006,"Costa Rica",2.08,0.67,2.1,1.56,0.81,-0.1,1.04,0.99,-0.03,-0.64,-0.43,-0.56,0.78,-0.03,0.85,1.83
"1755","Walter Centeno",2006,"Costa Rica",-0.42,-0.02,2.76,-0.37,2.09,1.8,0.47,1.23,0.12,-0.64,-0.28,0.66,0.78,-0.45,0.85,2.98
"1756","Álvaro Saborío",2006,"Costa Rica",-0.42,-0.37,-0.54,0.27,-0.93,-0.93,-0.69,-0.9,-0.94,-0.01,-0.72,0.66,0.28,1.21,-1.1,-0.12
"1757","Dado Prso",2006,"Croatia",-0.42,0.43,0.78,2.53,-0.22,-0.49,1.62,2.41,-0.66,-0.21,-0.13,0.17,3.24,1.63,2.02,1.91
"1758","Darijo Srna",2006,"Croatia",2.08,3.79,6.05,0.43,0.35,1.36,-0.11,3.59,-0.16,0.6,0.16,-0.56,0.28,1.21,2.41,4.1
"1759","Dario Simic",2006,"Croatia",-0.42,-0.66,-0.54,-0.7,0.18,0.28,-0.69,-0.67,-0.23,0.48,0.02,-0.56,-0.7,0.8,-1.1,-0.44
"1760","Igor Tudor",2006,"Croatia",-0.42,-0.17,-0.54,-0.21,1.16,0.6,-0.69,-0.19,0.82,1.42,0.02,2.81,1.27,-0.03,0.46,-0.2
"1761","Ivan Klasnic",2006,"Croatia",-0.42,1.02,-0.54,0.59,-0.98,-0.93,-0.69,-0.19,-0.94,-0.77,-0.72,-0.56,-0.21,-0.86,0.46,0.2
"1762","Ivica Olic",2006,"Croatia",-0.42,0.18,-0.54,1.08,-1.06,-0.99,-0.69,-0.19,-0.72,-0.96,-0.72,0.17,-0.7,0.38,0.07,-0.2
"1763","Jerko Leko",2006,"Croatia",-0.42,-0.47,-0.54,-0.7,-0.96,-0.99,-0.69,-0.67,-0.23,-0.4,-0.43,-0.56,-0.21,1.21,-0.71,-0.56
"1764","Josip Simunic",2006,"Croatia",-0.42,-0.22,-0.54,0.11,0.63,0.72,-0.11,0.28,0.19,0.29,1.64,1.13,0.28,1.63,0.85,-0.84
"1765","Luka Modric",2006,"Croatia",-0.42,-0.02,0.12,-0.05,-1.01,-0.8,-0.11,-0.43,-0.51,-0.58,-0.57,-0.56,-0.7,-1.28,-0.71,-0.2
"1766","Marko Babic",2006,"Croatia",-0.42,0.33,1.44,0.43,1.26,2.06,3.94,5.72,1.38,-0.59,-0.28,-0.56,0.28,0.8,2.02,1.11
"1767","Niko Kovac",2006,"Croatia",2.08,1.12,-0.54,0.11,0.46,-0.29,1.62,0.52,0.19,0.61,0.02,0.17,-0.21,0.8,1.63,-0.84
"1768","Niko Kranjcar",2006,"Croatia",-0.42,1.37,-0.54,0.92,0.38,-0.36,1.62,-0.43,-0.72,-0.52,-0.57,-0.56,-0.21,0.38,0.46,0.2
"1769","Robert Kovac",2006,"Croatia",-0.42,-0.66,-0.54,-0.7,0.23,0.02,-0.69,-0.9,0.4,0.23,0.16,-0.56,-0.7,0.8,-0.32,-0.8
"1770","Stipe Pletikosa",2006,"Croatia",-0.42,-0.66,-0.54,-0.7,-0.2,1.42,-0.69,-0.67,-0.94,-0.96,-0.57,-0.56,-0.7,-1.28,-0.71,-0.8
"1771","Stjepan Tomas",2006,"Croatia",-0.42,-0.66,-0.54,-0.7,-1.28,-1.06,-0.69,-0.67,-0.52,-0.59,0.46,0.88,-0.7,-0.86,-0.71,-0.84
"1772","David Rozehnal",2006,"Czech Republic",-0.42,-0.66,0.12,-0.7,0.66,0.91,-0.69,-0.43,0.28,2.34,2.52,1.52,1.76,0.38,0.46,-0.4
"1773","Jan Koller",2006,"Czech Republic",2.08,0.77,-0.54,-0.37,-1.23,-1.06,-0.69,-0.9,-0.67,-0.96,-0.72,-0.56,0.28,-0.45,0.07,-0.84
"1774","Jan Polak",2006,"Czech Republic",-0.42,-0.66,0.12,-0.7,-0.25,-0.8,-0.69,0.04,-0.21,-0.04,-0.72,0.76,-0.21,0.8,-0.32,-0.64
"1775","Jaroslav Plasil",2006,"Czech Republic",-0.42,0.72,0.78,0.92,0.46,0.15,-0.69,0.28,-0.06,1.46,-0.43,-0.56,0.78,-0.45,1.63,0.95
"1776","Jirí Stajner",2006,"Czech Republic",-0.42,-0.37,0.78,0.59,-0.78,-0.55,-0.11,-0.67,-0.17,-0.96,-0.72,-0.56,-0.21,-0.03,-0.32,0.36
"1777","Karel Poborský",2006,"Czech Republic",-0.42,-0.12,0.12,-0.21,-0.25,-0.36,-0.11,0.99,-0.33,0.1,-0.57,-0.56,-0.7,-0.03,-0.32,-0.32
"1778","Marek Jankulovski",2006,"Czech Republic",-0.42,-0.22,0.12,-0.37,1.36,1.74,-0.11,1.23,2.26,0.78,1.2,0.35,0.78,0.38,-0.32,0.24
"1779","Milan Baros",2006,"Czech Republic",-0.42,0.23,-0.54,0.59,-1.26,-1.06,-0.69,-0.67,-0.94,-0.96,-0.72,-0.56,-0.7,0.8,-1.1,-0.84
"1780","Pavel Nedved",2006,"Czech Republic",-0.42,0.82,3.41,1.72,1.59,0.53,0.47,0.52,1.42,1.05,-0.57,-0.56,-0.21,2.04,2.02,3.3
"1781","Petr Cech",2006,"Czech Republic",-0.42,-0.66,-0.54,-0.7,0.2,2.18,-0.69,-0.67,-0.94,-0.62,-0.43,-0.56,-0.7,-1.28,-1.1,-0.4
"1782","Radoslav Kovác",2006,"Czech Republic",-0.42,-0.66,-0.54,-0.7,-0.83,-0.8,-0.69,-0.9,-0.25,0.56,-0.43,0.61,-0.7,-1.28,-0.32,-0.84
"1783","Tomas Galasek",2006,"Czech Republic",-0.42,-0.66,-0.54,-0.7,0.2,-0.23,-0.69,-0.43,-0.29,0.47,-0.43,-0.56,-0.7,0.38,-0.71,-0.4
"1784","Tomas Rosicky",2006,"Czech Republic",4.59,1.76,-0.54,0.92,1.39,-0.04,1.04,5.25,0.44,1.63,-0.57,-0.56,0.28,-0.45,2.02,0.12
"1785","Tomas Ujfalusi",2006,"Czech Republic",-0.42,-0.37,-0.54,-0.37,-0.53,-0.49,-0.69,-0.9,-0.29,-0.01,2.82,0.35,1.27,-0.45,-1.1,-0.84
"1786","Vratislav Lokvenc",2006,"Czech Republic",-0.42,-0.02,-0.54,0.27,-0.7,-1.06,-0.69,-0.9,-0.94,-0.96,-0.72,0.35,2.75,1.21,-0.32,-0.24
"1787","Zdenek Grygera",2006,"Czech Republic",-0.42,-0.37,2.1,0.11,2.57,3.01,-0.69,0.52,0.33,1.22,1.34,-0.56,0.78,-0.45,0.46,1.35
"1788","Agustin Delgado",2006,"Ecuador",3.34,2.45,-0.54,2.21,-0.37,-0.83,0.18,-0.73,-0.66,-0.37,-0.28,-0.56,2.63,0.28,0.65,0.33
"1789","Antonio Valencia",2006,"Ecuador",-0.42,0.23,1.44,0.51,1.03,0.31,2.35,2.47,2.19,0.11,-0.61,-0.56,-0.33,3.39,-0.81,1.22
"1790","Carlos Tenorio",2006,"Ecuador",3.34,0.67,-0.54,0.88,-0.94,-1.03,0.18,-0.02,-0.71,-0.19,-0.72,-0.56,-0.7,1.21,3.28,0.89
"1791","Christian Benitez",2006,"Ecuador",-0.42,-0.66,-0.54,-0.7,-1.09,-1.12,1.04,0.16,-0.29,-0.67,-0.72,-0.56,-0.7,-1.28,-0.51,-0.66
"1792","Cristian Lara",2006,"Ecuador",-0.42,-0.59,-0.54,-0.7,-1.07,-0.83,0.18,-0.37,-0.71,-0.96,-0.72,-0.56,-0.7,-1.28,-0.51,-0.84
"1793","Cristian Mora",2006,"Ecuador",-0.42,-0.66,-0.54,-0.7,0.03,1.21,-0.69,-0.9,-0.94,-0.61,-0.39,-0.56,-0.7,-1.28,-0.51,-0.84
"1794","Edison Méndez",2006,"Ecuador",-0.42,0.86,2.43,-0.33,2.26,0.55,-0.26,0.69,-0.27,-0.58,-0.5,-0.56,0.04,0.28,-0.22,2.12
"1795","Edwin Tenorio",2006,"Ecuador",-0.42,-0.44,-0.54,-0.7,1.09,-0.02,-0.69,-0.9,-0.02,0.59,-0.5,-0.56,-0.33,0.59,1.82,-0.33
"1796","Felix Borja",2006,"Ecuador",-0.42,-0.66,-0.54,-0.7,-1.33,-1.12,-0.69,-0.9,-0.94,-0.96,-0.61,-0.56,-0.33,-1.28,-1.1,-0.84
"1797","Giovanny Espinoza",2006,"Ecuador",-0.42,-0.55,-0.54,-0.21,0.2,-0.07,-0.26,-0.37,-0.29,2.39,3.26,2.75,3.74,0.59,-0.51,-0.75
"1798","Iván Hurtado",2006,"Ecuador",-0.42,-0.51,-0.54,-0.7,0.14,0.26,-0.69,-0.73,-0.16,0.94,1.6,1.71,0.41,-0.65,-0.81,-0.66
"1799","Iván Kaviedes",2006,"Ecuador",1.46,1.23,-0.05,0.63,-0.71,-0.79,1.04,0.52,-0.39,-0.67,-0.72,-0.56,-0.7,-0.65,0.07,0.54
"1800","Jorge Guagua",2006,"Ecuador",-0.42,-0.66,-0.54,-0.7,-0.39,-0.45,-0.69,-0.9,-0.34,1.5,0.5,-0.56,1.15,-0.65,-0.81,-0.84
"1801","Marlon Ayovi",2006,"Ecuador",-0.42,-0.66,-0.54,-0.7,-0.82,-0.83,-0.69,-0.9,-0.94,-0.38,-0.61,-0.56,-0.7,-0.34,-0.81,-0.84
"1802","Neicer Reasco",2006,"Ecuador",-0.42,-0.59,-0.05,-0.57,0.88,1.83,1.04,0.16,0.21,0.56,0.72,-0.56,0.78,-0.65,-0.51,-0.3
"1803","Patricio Urrutia",2006,"Ecuador",-0.42,-0.66,-0.54,-0.33,-0.88,-0.93,-0.26,-0.73,-0.66,-0.96,-0.39,-0.56,-0.7,-0.03,-1.1,-0.63
"1804","Paúl Ambrosi",2006,"Ecuador",-0.42,-0.66,-0.54,-0.7,-0.67,-0.64,-0.69,-0.55,1.01,0.77,-0.61,-0.56,-0.33,-0.65,0.65,-0.81
"1805","Segundo Castillo",2006,"Ecuador",-0.42,-0.48,-0.54,-0.7,0.54,0.26,-0.26,-0.55,0,0.3,-0.06,-0.56,0.04,0.28,-0.81,-0.84
"1806","Ulises De la Cruz",2006,"Ecuador",-0.42,-0.51,0.94,-0.33,2.81,2.41,1.04,1.76,1.8,2.35,0.72,1.57,0.04,2.15,0.07,0.8
"1807","Aaron Lennon",2006,"England",-0.42,-0.25,-0.17,0.39,-1,-1.01,1.91,0.16,0.02,-0.75,-0.72,-0.56,-0.7,-1.04,-0.22,0.64
"1808","Ashley Cole",2006,"England",-0.42,-0.66,0.2,-0.24,1.97,2.67,-0.04,0.29,0.93,1.16,1.27,2.48,-0.42,-0.34,0.65,-0.1
"1809","David Beckham",2006,"England",0.99,0.56,5.39,1.03,0.7,0.56,-0.37,-0.24,-0.07,1.13,0.03,-0.56,0.41,-0.34,0.22,3.77
"1810","Frank Lampard",2006,"England",-0.42,2.84,0.2,2.21,1.58,0.02,-0.04,-0.1,1.3,-0.09,0.03,2.05,0.13,0.36,1.09,0.28
"1811","Gary Neville",2006,"England",-0.42,-0.66,-0.17,-0.33,-0.29,0.42,-0.69,-0.64,-0.94,-0.68,-0.06,-0.56,-0.7,-0.34,-0.66,1.04
"1812","Jamie Carragher",2006,"England",-0.42,-0.39,-0.17,-0.42,-0.51,-0.55,-0.69,-0.37,-0.35,-0.49,0.27,1.24,0.13,-1.04,-0.88,-0.52
"1813","Joe Cole",2006,"England",0.99,0.51,2.05,0.12,0.63,-0.05,2.89,2.42,1.05,-0.21,-0.56,-0.56,-0.42,1.06,2.84,1.22
"1814","John Terry",2006,"England",-0.42,-0.22,-0.54,-0.24,1.19,0.38,-0.69,0.29,1.57,-0.1,2.02,5.16,3.18,0.12,0.65,-0.79
"1815","Michael Carrick",2006,"England",-0.42,-0.66,-0.54,-0.7,-0.66,-0.58,-0.69,-0.5,-0.94,-0.96,-0.47,-0.56,-0.42,-1.28,-0.44,-0.5
"1816","Michael Owen",2006,"England",-0.42,0,-0.17,0.03,-1.26,-1.12,-0.37,-0.9,-0.72,-0.96,-0.72,-0.56,-0.42,-1.04,-0.66,-0.84
"1817","Owen Hargreaves",2006,"England",-0.42,-0.55,-0.54,-0.24,0.17,-0.41,0.94,-0.37,2.17,-0.23,-0.39,-0.56,0.69,1.76,-0.66,-0.46
"1818","Paul Robinson",2006,"England",-0.42,-0.66,-0.54,-0.7,0.2,2.2,-0.69,-0.64,-0.94,-0.96,-0.64,-0.56,-0.7,-1.28,-1.1,-0.28
"1819","Peter Crouch",2006,"England",0.99,2.18,-0.54,4.47,-0.15,-0.91,0.94,-0.37,0.01,-0.48,-0.39,-0.56,3.74,1.52,0,0.13
"1820","Rio Ferdinand",2006,"England",-0.42,-0.66,-0.54,0.12,1.24,0.74,-0.37,0.43,-0.06,0.47,2.76,3.16,0.96,0.12,-1.1,-0.05
"1821","Sol Campbell",2006,"England",-0.42,-0.66,-0.54,-0.7,-1.34,-1.01,-0.69,-0.9,-0.94,-0.96,-0.31,0.44,-0.15,-1.28,-0.88,-0.84
"1822","Steven Gerrard",2006,"England",2.4,0.37,0.2,0.66,0.85,0.7,-0.04,-0.1,-0.04,0.92,-0.22,5.88,-0.7,-0.81,0.22,1.07
"1823","Stewart Downing",2006,"England",-0.42,-0.61,-0.54,-0.7,-1.27,-0.98,-0.37,0.29,-0.94,-0.77,-0.72,-0.56,-0.7,-1.28,-1.1,-0.79
"1824","Wayne Rooney",2006,"England",-0.42,0.51,-0.17,0.57,-0.99,-0.91,0.61,-0.5,-0.72,-0.75,-0.72,-0.56,-0.42,-0.58,-0.66,0.75
"1825","Alou Diarra",2006,"France",-0.42,-0.66,-0.54,-0.7,-1.19,-1.02,-0.69,-0.9,-0.31,-0.68,-0.6,-0.56,-0.5,-0.43,-0.94,-0.84
"1826","Claude Makelele",2006,"France",-0.42,-0.54,-0.27,-0.7,1.88,0.49,0.26,1.13,1.51,0.88,-0.18,0.65,-0.3,0.76,0.49,-0.22
"1827","David Trezeguet",2006,"France",-0.42,0.31,-0.54,0.43,-1.25,-1.09,-0.69,-0.9,-0.94,-0.96,-0.72,-0.56,-0.5,-1.28,-1.1,-0.66
"1828","Eric Abidal",2006,"France",-0.42,-0.6,-0.27,-0.5,1.28,1.71,-0.69,0.06,1.92,1.64,1.69,-0.56,0.11,1.1,-0.3,-0.14
"1829","Fabien Barthez",2006,"France",-0.42,-0.66,-0.54,-0.7,-0.28,1.14,-0.69,-0.81,-0.94,-0.96,-0.54,-0.56,-0.7,-1.28,-0.62,-0.79
"1830","Florent Malouda",2006,"France",-0.42,0.25,1.08,2.01,0.32,-0.37,0.02,0.94,0.46,0.16,-0.48,0.4,-0.3,-0.26,1.61,1.33
"1831","Franck Ribéry",2006,"France",0.6,1.22,0.27,1.55,0.53,-0.18,3.33,2.97,-0.21,-0.41,-0.66,-0.56,-0.7,0.25,1.45,1.91
"1832","Lilian Thuram",2006,"France",-0.42,-0.66,-0.54,-0.5,0.6,0.44,-0.45,-0.71,-0.28,0.92,1.27,1.55,0.51,0.93,0.34,-0.66
"1833","Louis Saha",2006,"France",-0.42,-0.54,-0.54,-0.5,-1.4,-1.09,-0.69,-0.71,-0.94,-0.96,-0.72,-0.56,-0.7,-0.6,-1.1,-0.74
"1834","Mikaël Silvestre",2006,"France",-0.42,-0.6,0.27,-0.63,-0.89,-0.39,-0.45,-0.61,-0.25,0.06,-0.66,0.23,-0.5,-0.94,-1.1,-0.4
"1835","Patrick Vieira",2006,"France",1.63,0.41,-0.27,0.16,1.36,0.67,-0.22,0.06,2.43,1.23,0.06,-0.56,0.71,1.44,2.25,0.29
"1836","Sidney Govou",2006,"France",-0.42,-0.58,-0.54,-0.5,-1.41,-1.04,-0.69,-0.71,-0.94,-0.85,-0.72,-0.39,-0.5,-1.28,-0.78,-0.84
"1837","Sylvain Wiltord",2006,"France",-0.42,-0.42,-0.27,-0.3,-0.92,-0.73,-0.45,-0.42,-0.94,-0.67,-0.6,-0.56,-0.7,-0.6,-0.46,-0.28
"1838","Thierry Henry",2006,"France",2.65,2.72,-0.27,3.13,-0.37,-0.55,3.57,2.19,-0.71,-0.45,-0.66,-0.56,0.31,1.95,0.49,2.76
"1839","William Gallas",2006,"France",-0.42,-0.66,-0.54,-0.3,0.42,0.1,-0.45,-0.13,-0.1,-0.34,1.33,1.99,0.91,-0.6,-0.62,-0.61
"1840","Willy Sagnol",2006,"France",-0.42,-0.52,1.62,-0.56,1.43,2.08,1.44,1.03,1.2,0.23,0.91,0.96,-0.1,-0.43,0.34,1
"1841","Zinedine Zidane",2006,"France",2.65,3.71,1.35,0.16,1.6,0.49,2.62,1.23,-0.28,-0.03,-0.36,-0.56,-0.5,0.76,1.13,2.29
"1842","Arne Friedrich",2006,"Germany",-0.42,-0.51,-0.28,-0.63,1.37,1.37,0.21,1.13,1.68,1.39,0.61,0.23,-0.32,0.51,0.12,-0.49
"1843","Bastian Schweinsteiger",2006,"Germany",1.54,0.34,1.01,0.19,1.09,0.55,-0.01,1.97,2.17,0.45,-0.43,-0.56,0.26,-0.14,0.73,1.3
"1844","Bernd Schneider",2006,"Germany",-0.42,0.03,1.52,0.57,0.98,1.24,0.44,0.49,1.18,0.06,-0.55,1.38,-0.51,0.83,0.43,2.54
"1845","Christoph Metzelder",2006,"Germany",-0.42,-0.12,-0.54,0,0.08,-0.13,-0.46,-0.53,1.51,0.75,1.36,1.95,2,0.02,0.27,-0.57
"1846","David Odonkor",2006,"Germany",-0.42,-0.64,1.52,-0.44,-1.17,-0.87,-0.01,0.12,-0.31,-0.34,-0.72,-0.56,-0.7,-0.95,-0.64,0.21
"1847","Jens Lehmann",2006,"Germany",-0.42,-0.66,-0.54,-0.7,-0.27,1.27,-0.69,-0.63,-0.94,-0.96,-0.61,-0.56,-0.7,-1.28,-0.79,-0.73
"1848","Jens Nowotny",2006,"Germany",-0.42,-0.66,-0.54,-0.7,-1.25,-0.82,-0.69,-0.63,-0.94,-0.76,-0.26,-0.05,-0.51,-1.11,-1.1,-0.7
"1849","Lukas Podolski",2006,"Germany",2.52,2.94,-0.28,2.02,-0.15,-0.72,-0.24,-0.07,-0.17,-0.31,-0.66,-0.18,-0.12,1,1.34,-0.11
"1850","Marcell Jansen",2006,"Germany",-0.42,-0.66,-0.54,-0.7,-1.33,-0.92,-0.69,-0.72,-0.71,-0.83,-0.43,-0.56,-0.7,-1.11,-0.79,-0.84
"1851","Michael Ballack",2006,"Germany",-0.42,1.45,0.23,0.5,1.37,0.67,-0.24,0.58,-0.49,1.37,-0.09,1,0.26,0.83,1.64,0.08
"1852","Miroslav Klose",2006,"Germany",4.48,2.88,-0.28,3.53,-0.55,-0.6,0.67,-0.26,0.42,0.05,-0.61,-0.56,0.84,1.48,1.49,1.45
"1853","Oliver Kahn",2006,"Germany",-0.42,-0.66,-0.54,-0.7,-1.36,-0.8,-0.69,-0.9,-0.94,-0.96,-0.72,-0.56,-0.7,-1.28,-1.1,-0.84
"1854","Oliver Neuville",2006,"Germany",0.56,0.58,-0.28,0.69,-0.96,-1,-0.69,-0.72,-0.83,-0.54,-0.72,-0.56,-0.51,-0.63,-0.49,0.03
"1855","Per Mertesacker",2006,"Germany",-0.42,-0.35,-0.03,0,0.27,0.5,-0.69,-0.72,0.67,1.03,1.47,-0.56,0.84,-0.63,-0.34,-0.76
"1856","Philipp Lahm",2006,"Germany",0.56,-0.28,2.04,-0.06,2.5,2.68,1.35,2.06,1.77,0.35,0.49,0.63,0.07,-0.3,0.43,1.06
"1857","Robert Huth",2006,"Germany",-0.42,-0.66,-0.54,-0.7,-1.21,-0.97,-0.69,-0.9,-0.82,-0.86,-0.43,-0.18,-0.7,-0.95,-1.1,-0.84
"1858","Sebastian Kehl",2006,"Germany",-0.42,-0.35,-0.28,-0.44,-0.5,-0.72,-0.69,-0.44,-0.58,-0.19,-0.43,-0.56,-0.51,-0.3,-0.79,-0.46
"1859","Tim Borowski",2006,"Germany",-0.42,-0.22,-0.03,0.06,0.08,-0.25,-0.69,0.12,-0.09,-0.45,-0.49,-0.56,-0.32,0.02,-0.49,0.24
"1860","Torsten Frings",2006,"Germany",0.56,-0.12,0.23,-0.57,1.55,0.32,0.21,-0.07,2.25,-0.04,0.03,-0.56,0.65,0.18,0.27,0.25
"1861","Alex Tachie-Mensah",2006,"Ghana",-0.42,-0.51,-0.54,-0.45,-1.24,-0.93,-0.69,-0.55,-0.63,-0.96,-0.72,-0.56,-0.7,-0.65,-0.81,0.03
"1862","Asamoah Gyan",2006,"Ghana",1.46,4.68,-0.54,1.97,-0.54,-0.98,-0.26,-0.19,-0.94,-0.15,-0.72,-0.56,1.52,0.59,0.07,0.39
"1863","Derek Boateng",2006,"Ghana",-0.42,-0.51,-0.54,-0.57,-0.33,-0.31,-0.69,-0.19,-0.38,0.59,-0.28,-0.56,-0.33,0.9,-0.22,-0.84
"1864","Emmanuel Pappoe",2006,"Ghana",-0.42,-0.51,-0.54,-0.57,-0.09,-0.17,-0.69,-0.19,-0.58,0.49,-0.17,0.48,-0.7,-0.65,-1.1,-0.84
"1865","Eric Addo",2006,"Ghana",-0.42,-0.66,0.45,-0.7,0.39,-0.12,-0.69,-0.02,-0.63,-0.15,-0.5,0.66,0.04,-0.03,-0.22,0.18
"1866","Habib Mohamed",2006,"Ghana",-0.42,-0.59,-0.54,-0.7,-0.45,0.26,-0.69,-0.73,-0.42,-0.27,0.5,0.3,-0.7,-0.34,-0.81,-0.78
"1867","Haminu Draman",2006,"Ghana",1.46,-0.18,-0.05,0.15,-0.6,-0.69,-0.69,-0.02,-0.37,-0.5,-0.72,-0.56,-0.7,1.21,-0.81,-0.48
"1868","Illiasu Shilla",2006,"Ghana",-0.42,-0.66,-0.54,-0.7,0.03,0.12,-0.69,0.16,-0.43,0.13,2.6,1.23,0.78,-0.03,-0.22,-0.84
"1869","John Mensah",2006,"Ghana",-0.42,-0.11,-0.54,-0.45,0.52,0.5,-0.26,-0.37,1.46,2.39,3.04,1.2,1.52,-0.03,1.24,-0.84
"1870","John Pantsil",2006,"Ghana",-0.42,-0.26,0.94,-0.21,1.71,3.12,0.61,1.23,0.96,0.37,1.16,1.16,0.04,2.15,-0.81,0.24
"1871","Matthew Amoah",2006,"Ghana",-0.42,0.78,-0.54,1.72,-0.33,-0.88,-0.69,-0.19,-0.94,-0.64,-0.72,-0.56,0.41,1.52,0.07,0.36
"1872","Michael Essien",2006,"Ghana",-0.42,1.67,-0.05,0.88,1.29,-0.12,1.04,0.87,0.02,0.05,-0.28,-0.56,0.04,0.28,1.24,0.92
"1873","Otto Addo",2006,"Ghana",-0.42,-0.44,-0.54,0.15,-1.01,-0.83,0.18,-0.37,-0.94,-0.51,-0.5,-0.56,-0.7,-0.34,0.65,-0.21
"1874","Razak Pimpong",2006,"Ghana",-0.42,-0.4,-0.54,-0.33,-1.22,-1.07,-0.26,-0.73,-0.94,-0.96,-0.61,-0.56,-0.7,1.84,-0.51,-0.48
"1875","Richard Kingson",2006,"Ghana",-0.42,-0.66,-0.54,-0.7,0.06,1.69,-0.69,-0.55,-0.94,-0.73,-0.5,-0.56,-0.7,-1.28,-0.81,-0.63
"1876","Samuel Kuffour",2006,"Ghana",-0.42,-0.66,-0.54,-0.7,-0.88,-0.45,-0.69,-0.73,0.13,-0.96,-0.06,-0.56,0.41,-0.97,-1.1,-0.84
"1877","Stephen Appiah",2006,"Ghana",1.46,3.75,1.93,0.51,2.99,2.17,1.48,1.23,0.55,-0.69,-0.5,-0.56,-0.33,1.84,-0.51,1.94
"1878","Sulley Muntari",2006,"Ghana",1.46,0.26,1.93,0.51,0.37,0.07,0.18,0.34,1.39,-0.42,-0.17,0.48,-0.33,1.84,0.65,1.52
"1879","Ali Daei",2006,"Iran",-0.42,0.43,-0.54,1.4,-0.68,-0.93,-0.69,-0.9,-0.94,-0.01,-0.28,1.29,3.24,-0.45,0.07,-0.68
"1880","Ali Karimi",2006,"Iran",-0.42,-0.66,0.12,-0.37,-0.53,-0.61,1.62,0.52,0,-0.01,-0.13,0.35,-0.21,-0.45,0.07,-0.24
"1881","Andranik Teymourian",2006,"Iran",-0.42,-0.56,0.12,-0.21,1.11,-0.29,-0.11,0.04,2.01,3.82,-0.28,0.81,0.28,1.21,3.96,0.71
"1882","Arash Borhani",2006,"Iran",-0.42,-0.61,0.12,-0.7,-1.18,-0.93,0.47,-0.9,-0.67,-0.96,-0.72,-0.56,-0.7,-0.45,-1.1,0.16
"1883","Ebrahim Mirzapour",2006,"Iran",-0.42,-0.66,-0.54,-0.7,-0.6,1.04,-0.69,-0.9,-0.94,-0.96,-0.43,-0.56,-0.7,-1.28,-0.32,-0.84
"1884","Ferydoon Zandi",2006,"Iran",-0.42,0.57,0.78,0.59,-0.58,-0.55,0.47,-0.19,-0.67,-0.36,-0.72,-0.56,0.78,-0.03,-0.32,0.56
"1885","Hossein Kaebi",2006,"Iran",-0.42,-0.66,1.44,-0.37,0.51,0.28,0.47,0.52,0.4,-0.13,1.2,-0.1,-0.21,0.8,0.85,-0.28
"1886","Javad Nekounam",2006,"Iran",-0.42,0.23,-0.54,0.27,0.1,-0.61,1.62,-0.67,1.06,0.11,-0.28,-0.56,-0.21,0.8,1.24,-0.72
"1887","Manei Madanchi",2006,"Iran",-0.42,-0.42,0.78,-0.37,-0.4,-0.29,1.04,0.52,-0.8,0.71,-0.28,-0.56,-0.7,1.21,0.85,-0.28
"1888","Masoud Shojaei",2006,"Iran",-0.42,-0.66,-0.54,-0.37,-0.58,-0.42,0.47,0.04,0.14,0.95,-0.57,1.29,-0.21,0.8,-0.71,-0.44
"1889","Mehdi Mahdavikia",2006,"Iran",-0.42,0.03,6.05,-0.05,1.59,1.42,1.62,1.46,-0.4,0.59,0.02,-0.56,0.28,0.38,1.63,4.85
"1890","Mohammad Nosrati",2006,"Iran",-0.42,0.08,0.12,0.27,0.15,0.6,0.47,-0.43,0.39,0.11,0.16,-0.56,0.78,-0.03,1.63,-0.4
"1891","Rahman Rezaei",2006,"Iran",-0.42,-0.22,-0.54,0.11,0.15,-0.04,-0.69,-0.67,0.14,0.47,3.11,-0.1,0.28,0.38,0.46,-0.84
"1892","Rasoul Khatibi",2006,"Iran",-0.42,0.28,0.12,1.4,-1.06,-1.06,-0.69,0.04,-0.94,-0.48,-0.72,-0.56,-0.7,-1.28,-1.1,0.04
"1893","Sohrab Bakhtiarizadeh",2006,"Iran",2.08,-0.32,-0.54,-0.21,-0.73,-0.42,-0.69,-0.9,-0.8,0,1.64,-0.56,1.27,-0.45,-0.71,-0.72
"1894","Vahid Hashemian",2006,"Iran",-0.42,0.87,-0.54,1.88,-0.5,-0.87,0.47,0.28,-0.8,-0.84,0.16,-0.56,-0.21,0.8,-0.71,-0.36
"1895","Yahya Golmohammadi",2006,"Iran",2.08,0.08,-0.54,-0.21,-0.45,-0.61,-0.69,-0.9,-0.67,-0.01,1.64,-0.1,-0.7,0.38,0.46,-0.52
"1896","Alberto Gilardino",2006,"Italy",0.56,0.69,-0.54,1.39,-1.03,-0.97,-0.24,-0.81,-0.94,-0.96,-0.66,-0.56,0.65,-0.95,0.27,-0.03
"1897","Alessandro Del Piero",2006,"Italy",0.56,0.05,-0.28,-0.13,-0.87,-0.95,-0.69,-0.26,-0.86,-0.96,-0.72,-0.56,-0.51,-0.3,-0.34,-0.25
"1898","Alessandro Nesta",2006,"Italy",-0.42,-0.66,-0.28,-0.7,-0.54,-0.5,-0.69,-0.72,-0.73,-0.34,0.14,0.14,-0.32,-0.95,-1.1,-0.65
"1899","Andrea Barzagli",2006,"Italy",-0.42,-0.66,-0.54,-0.7,-1.3,-0.97,-0.69,-0.9,-0.69,-0.71,-0.37,-0.56,-0.51,-1.11,-0.49,-0.84
"1900","Andrea Pirlo",2006,"Italy",0.56,-0.26,1.78,-0.13,3.4,2.76,0.21,2.61,1.45,0.06,-0.49,0.59,-0.7,-0.3,1.19,4.19
"1901","Cristian Zaccardo",2006,"Italy",-0.42,-0.66,-0.03,-0.63,-0.94,-0.65,-0.69,-0.72,-0.44,-0.41,-0.32,-0.56,-0.51,-1.28,-0.79,-0.45
"1902","Daniele De Rossi",2006,"Italy",-0.42,-0.62,-0.54,-0.51,-0.62,-0.52,-0.69,-0.72,-0.61,-0.07,-0.2,1.13,-0.51,-0.95,-0.95,-0.45
"1903","Fabio Cannavaro",2006,"Italy",-0.42,0.01,-0.54,0.06,0.3,0.05,-0.69,-0.63,1.29,2.27,3.09,2.72,1.81,0.51,0.12,-0.84
"1904","Fabio Grosso",2006,"Italy",0.56,-0.47,-0.28,0.19,0.39,0.89,0.44,1.32,-0.4,-0.02,0.66,0.37,-0.51,-0.3,-0.03,-0.28
"1905","Filippo Inzaghi",2006,"Italy",0.56,0.05,-0.54,-0.38,-1.47,-1.12,-0.24,-0.63,-0.94,-0.83,-0.66,-0.56,-0.7,-0.95,-1.1,-0.46
"1906","Francesco Totti",2006,"Italy",0.56,2.16,1.01,0.12,0.28,0.2,-0.69,-0.07,-0.65,-0.48,-0.72,-0.56,-0.7,-0.79,1.19,2.12
"1907","Gennaro Gattuso",2006,"Italy",-0.42,-0.49,-0.54,-0.57,1.93,0.87,-0.01,0.58,3.21,1.31,-0.43,0.15,-0.12,1.16,1.64,0.24
"1908","Gianluca Zambrotta",2006,"Italy",0.56,-0.49,-0.03,-0.25,1.2,1.24,1.35,0.49,-0.36,0.78,0.95,-0.24,0.26,0.83,0.43,-0.14
"1909","Gianluigi Buffon",2006,"Italy",-0.42,-0.66,-0.54,-0.7,0.04,1.69,-0.69,-0.72,-0.94,-0.96,-0.66,-0.56,-0.7,-1.28,-0.79,-0.74
"1910","Luca Toni",2006,"Italy",1.54,2.57,-0.54,2.4,-0.84,-1.02,-0.46,-0.63,-0.66,-0.69,-0.55,-0.56,1.81,0.83,3.02,-0.2
"1911","Marco Materazzi",2006,"Italy",1.54,-0.2,-0.54,-0.19,-0.15,-0.05,-0.69,-0.53,0.79,0.66,1.65,1,1.61,-0.63,0.12,-0.71
"1912","Mauro Camoranesi",2006,"Italy",-0.42,-0.04,-0.28,0.06,-0.4,-0.67,0.44,0.3,0.39,-0.35,-0.55,-0.56,-0.51,0.02,0.58,0.05
"1913","Simone Barone",2006,"Italy",-0.42,-0.66,-0.54,-0.7,-1.39,-1.07,-0.69,-0.81,-0.7,-0.96,-0.66,-0.56,-0.7,-0.79,-0.79,-0.71
"1914","Simone Perrotta",2006,"Italy",-0.42,0.19,0.49,0.82,-0.04,-0.08,-0.24,-0.07,-0.24,0.36,-0.09,-0.56,-0.51,-0.63,-0.49,0.55
"1915","Vincenzo Iaquinta",2006,"Italy",0.56,-0.06,-0.28,0.69,-1.16,-1.05,-0.24,-0.63,-0.94,-0.81,-0.61,-0.56,-0.7,-0.63,-0.79,-0.15
"1916","Abdoulaye Méité",2006,"Ivory Coast",-0.42,-0.32,-0.54,-0.53,0.38,0.21,-0.69,-0.19,-0.6,-0.24,1.05,-0.56,-0.7,-0.03,-0.71,-0.84
"1917","Abdul Kader Keita",2006,"Ivory Coast",-0.42,1.71,-0.54,1.08,-0.68,-0.49,-0.11,0.52,0.06,-0.66,-0.57,1.72,-0.7,-0.03,-0.32,0.71
"1918","Arouna Koné",2006,"Ivory Coast",-0.42,1.71,0.12,1.4,-0.43,-0.55,-0.69,1.23,-0.27,-0.36,-0.72,-0.56,-0.7,-0.03,0.85,0.52
"1919","Arthur Boka",2006,"Ivory Coast",-0.42,0.43,3.41,-0.7,2.62,3.65,0.47,2.17,0.87,1.12,0.02,-0.56,-0.21,2.04,2.02,1.99
"1920","Aruna Dindane",2006,"Ivory Coast",4.59,5.57,0.78,3.66,-0.4,-0.68,0.47,0.75,-0.53,-0.07,-0.57,-0.56,-0.21,0.38,1.24,1.55
"1921","Bakary Koné",2006,"Ivory Coast",2.08,0.38,-0.54,0.43,-0.7,-0.74,-0.11,-0.43,-0.6,-0.96,-0.72,-0.56,-0.7,-0.45,-0.71,-0.36
"1922","Blaise Kouassi",2006,"Ivory Coast",-0.42,-0.51,-0.54,-0.7,-0.17,-0.36,-0.69,-0.19,-0.94,-0.96,0.31,-0.56,-0.7,-0.86,-1.1,-0.72
"1923","Bonaventure Kalou",2006,"Ivory Coast",2.08,3.69,-0.54,-0.37,-0.83,-0.93,1.04,-0.19,-0.27,-0.96,-0.72,-0.56,-0.7,-0.86,-0.32,-0.04
"1924","Boubacar Barry",2006,"Ivory Coast",-0.42,-0.66,-0.54,-0.7,-1.26,-0.68,-0.69,-0.9,-0.94,-0.96,-0.72,-0.56,-0.7,-1.28,-1.1,-0.84
"1925","Cyril Domoraud",2006,"Ivory Coast",-0.42,-0.66,-0.54,-0.7,-0.35,-0.17,-0.69,-0.67,-0.27,-0.96,-0.43,-0.56,-0.7,-0.03,-1.1,-0.84
"1926","Didier Drogba",2006,"Ivory Coast",2.08,2.01,-0.54,3.66,-0.91,-0.99,-0.11,0.04,-0.94,-0.6,-0.57,-0.56,1.27,0.38,2.02,0.08
"1927","Didier Zokora",2006,"Ivory Coast",-0.42,-0.07,0.78,-0.53,2.14,1.29,2.2,0.28,1.8,0.29,-0.43,-0.56,0.78,-0.45,2.02,1.59
"1928","Emmanuel Eboué",2006,"Ivory Coast",-0.42,-0.37,-0.54,-0.53,1.77,3.77,-0.11,0.75,0.6,0.65,0.31,-0.56,-0.7,2.04,0.07,-0.08
"1929","Gilles Yapi Yapo",2006,"Ivory Coast",-0.42,-0.47,0.12,-0.37,-0.88,-0.87,-0.69,-0.19,-0.94,-0.96,-0.72,0.82,-0.7,-1.28,-0.71,-0.84
"1930","Jean-Jacques Tizié",2006,"Ivory Coast",-0.42,-0.66,-0.54,-0.7,-0.5,0.72,-0.69,-0.9,-0.94,-0.96,-0.72,-0.56,-0.7,-1.28,-1.1,-0.84
"1931","Kanga Akalé",2006,"Ivory Coast",-0.42,0.82,2.1,-0.37,-0.2,-0.04,-0.69,0.04,-0.53,0.29,-0.57,-0.56,-0.7,-1.28,0.07,1.35
"1932","Kolo Touré",2006,"Ivory Coast",-0.42,-0.07,-0.54,-0.37,-0.17,0.09,-0.69,0.04,1,0.23,2.67,0.82,-0.7,-0.86,-1.1,-0.64
"1933","Romaric",2006,"Ivory Coast",-0.42,-0.51,-0.54,-0.37,-1.06,-0.68,-0.69,-0.9,-0.53,-0.96,-0.57,-0.56,-0.7,-1.28,0.46,-0.44
"1934","Yaya Touré",2006,"Ivory Coast",-0.42,1.61,0.12,0.27,2.65,1.23,2.2,1.23,0.06,0.59,-0.57,1.75,-0.21,0.38,0.46,2.62
"1935","Akira Kaji",2006,"Japan",-0.42,-0.42,-0.54,0.43,0.4,1.04,-0.69,1.7,-0.13,-0.12,0.9,1.68,-0.7,0.38,0.46,0.2
"1936","Alessandro Santos",2006,"Japan",-0.42,-0.27,-0.54,0.27,0.73,1.29,3.36,4.07,0.1,0.4,0.46,-0.06,-0.7,-0.45,0.85,1.11
"1937","Atsushi Yanagisawa",2006,"Japan",-0.42,0.23,-0.54,0.59,-0.63,-0.93,1.04,-0.43,-0.94,-0.51,-0.72,-0.56,-0.21,-0.03,0.46,-0.8
"1938","Hidetoshi Nakata",2006,"Japan",-0.42,-0.32,0.12,-0.05,1.61,0.53,-0.11,1.7,2.57,0.7,0.46,-0.56,-0.21,0.38,0.07,0.28
"1939","Junichi Inamoto",2006,"Japan",-0.42,0.43,-0.54,-0.37,-0.1,-0.61,-0.69,-0.43,1.18,0.21,-0.13,-0.06,-0.7,0.38,-0.32,-0.84
"1940","Keiji Tamada",2006,"Japan",2.08,-0.37,-0.54,-0.05,-0.7,-0.8,-0.11,-0.19,-0.49,-0.7,-0.72,-0.56,-0.7,-0.45,0.07,-0.72
"1941","Keisuke Tsuboi",2006,"Japan",-0.42,-0.66,-0.54,-0.7,-0.55,-0.29,-0.69,-0.9,-0.79,-0.14,1.34,-0.56,0.28,-1.28,-1.1,-0.84
"1942","Koji Nakata",2006,"Japan",-0.42,0.18,0.12,-0.37,-0.78,-0.8,-0.69,-0.9,-0.64,-0.57,-0.72,-0.56,-0.7,-1.28,-1.1,-0.36
"1943","Masashi Oguro",2006,"Japan",-0.42,-0.37,-0.54,-0.05,-1.28,-1.12,-0.69,-0.9,-0.64,-0.96,-0.72,-0.56,-0.7,-1.28,-1.1,-0.8
"1944","Mitsuo Ogasawara",2006,"Japan",-0.42,-0.56,0.12,-0.53,-0.35,-0.55,-0.11,-0.43,0.31,-0.38,-0.28,-0.56,-0.7,0.38,-0.71,-0.24
"1945","Naohiro Takahara",2006,"Japan",-0.42,0.38,-0.54,-0.37,-0.45,-0.55,-0.11,0.04,0.05,-0.96,-0.57,-0.56,-0.21,-0.45,1.63,0.91
"1946","Seiichiro Maki",2006,"Japan",-0.42,-0.51,-0.54,-0.7,-1.16,-1.12,-0.69,-0.9,-0.79,-0.83,-0.72,-0.56,-0.21,-1.28,-1.1,-0.84
"1947","Shunsuke Nakamura",2006,"Japan",2.08,0.52,2.76,0.43,2.14,1.23,1.04,2.65,0.19,0.29,-0.72,-0.56,-0.7,-0.03,1.63,2.46
"1948","Takashi Fukunishi",2006,"Japan",-0.42,-0.27,-0.54,-0.37,-0.15,-0.42,0.47,-0.67,-0.22,-0.51,0.02,0.25,-0.7,-1.28,0.07,-0.2
"1949","Teruyuki Moniwa",2006,"Japan",-0.42,-0.66,-0.54,-0.7,-1.38,-0.99,-0.69,-0.67,-0.7,-0.54,-0.43,-0.56,-0.7,-0.03,-1.1,-0.84
"1950","Tsuneyasu Miyamoto",2006,"Japan",-0.42,-0.66,-0.54,-0.7,-0.33,-0.04,-0.69,-0.67,0.05,-0.09,2.38,0.25,0.28,0.8,-1.1,-0.84
"1951","Yoshikatsu Kawaguchi",2006,"Japan",-0.42,-0.66,-0.54,-0.7,-0.07,1.48,-0.69,-0.9,-0.94,-0.96,-0.57,-0.56,-0.7,-1.28,-0.71,-0.84
"1952","Yuichi Komano",2006,"Japan",-0.42,-0.56,0.12,-0.05,-0.91,-0.17,0.47,0.28,-0.46,-0.75,-0.28,0.25,-0.21,-1.28,-0.71,-0.48
"1953","Yuji Nakazawa",2006,"Japan",-0.42,-0.42,-0.54,-0.21,0.35,-0.1,-0.69,-0.19,-0.7,1.11,4.59,2.81,0.28,-0.45,1.24,-0.76
"1954","Andrés Guardado",2006,"Mexico",-0.42,-0.59,-0.54,-0.7,-1.1,-0.9,-0.29,-0.25,-0.74,-0.62,-0.72,-0.56,-0.7,-0.99,-1.1,-0.56
"1955","Carlos Salcido",2006,"Mexico",-0.42,-0.46,0.37,-0.25,2.25,1.78,0.11,3.68,0.18,0.87,1.22,0.27,0.32,1.88,-0.56,0.68
"1956","Francisco Fonseca",2006,"Mexico",1.31,1.43,-0.54,3.44,-0.54,-0.86,0.11,-0.58,-0.62,-0.79,-0.52,0.27,0.32,0.73,0.52,0.95
"1957","Gerardo Torrado",2006,"Mexico",-0.42,-0.59,-0.54,-0.7,0.78,0.16,-0.29,-0.08,0.55,1.21,-0.31,0.1,-0.36,0.16,-1.1,-0.09
"1958","Gonzalo Pineda",2006,"Mexico",-0.42,-0.66,0.37,-0.58,-0.02,-0.02,0.11,0.57,1.23,-0.03,0.3,-0.56,-0.7,1.31,-0.02,0.18
"1959","Guillermo Franco",2006,"Mexico",-0.42,0.6,-0.54,0.31,-1,-1.08,-0.69,-0.25,-0.57,-0.96,-0.52,-0.56,-0.36,-0.13,0.52,-0.59
"1960","Jared Borgetti",2006,"Mexico",-0.42,0.67,-0.09,2.21,-1.01,-0.99,-0.69,-0.9,-0.94,-0.17,-0.72,0.1,1.69,0.45,-0.56,-0.23
"1961","Jesús Arellano",2006,"Mexico",-0.42,-0.32,-0.54,-0.36,-1.15,-0.94,-0.29,-0.74,-0.57,-0.96,-0.72,-0.56,-0.7,-1.28,-1.1,-0.04
"1962","Jose Antonio Castro",2006,"Mexico",-0.42,-0.66,-0.09,-0.7,-0.63,-0.86,-0.69,-0.58,-0.02,-0.79,-0.52,-0.56,-0.7,-0.7,0.25,-0.42
"1963","Luis Ernesto Pérez",2006,"Mexico",-0.42,-0.53,-0.54,-0.25,-0.63,-0.9,-0.29,-0.9,-0.38,-0.75,-0.62,-0.56,-0.7,0.16,-0.29,-0.53
"1964","Mario Mendez",2006,"Mexico",-0.42,-0.36,0.83,0.2,1.17,1.87,-0.29,0.41,3.33,0.7,-0.41,-0.56,0.32,2.17,2.14,0.95
"1965","Maza",2006,"Mexico",-0.42,-0.66,-0.54,-0.7,-1.07,-0.81,-0.69,-0.74,-0.94,-0.31,-0.41,-0.56,-0.02,-0.99,-0.56,-0.84
"1966","Omar Bravo",2006,"Mexico",3.05,5.09,-0.09,2.77,-0.6,-0.86,0.11,-0.41,-0.94,-0.19,-0.62,-0.56,-0.36,0.16,1.33,0.02
"1967","Oswaldo Sánchez",2006,"Mexico",-0.42,-0.66,-0.54,-0.7,0.07,0.86,-0.69,-0.9,-0.94,-0.96,-0.52,-0.56,-0.36,-1.28,-1.1,-0.84
"1968","Pável Pardo",2006,"Mexico",-0.42,-0.22,5.39,-0.7,1.71,1.34,1.31,0.24,0.28,-0.51,-0.31,-0.56,-0.36,1.6,-0.02,4.73
"1969","Rafael Márquez",2006,"Mexico",1.31,1.36,-0.54,0.98,2.58,3.01,-0.29,3.36,0.77,3.55,0.4,0.92,1.69,0.73,2.68,0.21
"1970","Ramón Morales",2006,"Mexico",-0.42,-0.39,0.83,-0.7,-1.03,-0.86,-0.29,-0.58,-0.94,-0.96,-0.72,-0.56,-0.7,-1.28,-0.29,0.4
"1971","Ricardo Osorio",2006,"Mexico",-0.42,-0.66,-0.09,-0.7,1.76,1.12,2.11,3.85,1.86,0.76,1.73,-0.56,-0.36,-0.7,1.6,-0.51
"1972","Sinha",2006,"Mexico",1.31,-0.08,-0.09,-0.14,0,-0.5,2.51,1.23,0.05,-0.34,-0.62,-0.56,-0.7,-0.42,-0.02,1.12
"1973","Andre Ooijer",2006,"Netherlands",-0.42,-0.4,-0.54,-0.45,1.58,1.41,-0.26,0.16,0.48,-0.02,1.71,4.68,0.78,-0.03,-1.1,-0.63
"1974","Arjen Robben",2006,"Netherlands",1.46,1.12,-0.05,2.69,-0.05,-0.02,4.52,3.36,-0.46,0.5,-0.61,-0.56,-0.7,1.21,0.07,2.86
"1975","Denny Landzaat",2006,"Netherlands",-0.42,-0.66,-0.54,-0.57,-0.62,-0.69,-0.69,-0.55,-0.7,-0.75,-0.5,1.49,-0.33,-0.65,-1.1,-0.72
"1976","Dirk Kuyt",2006,"Netherlands",-0.42,0.3,-0.54,1.12,-0.5,-0.79,-0.69,-0.02,-0.57,-0.96,-0.28,-0.56,1.15,1.21,-0.22,-0.12
"1977","Edwin van der Sar",2006,"Netherlands",-0.42,-0.66,-0.54,-0.7,0.86,2.41,-0.69,0.52,-0.94,-0.96,-0.5,-0.56,-0.7,-1.28,-0.51,-0.84
"1978","Giovanni van Bronckhorst",2006,"Netherlands",-0.42,-0.51,-0.05,-0.57,1.44,1.17,0.61,0.87,3.27,0.71,1.93,-0.56,1.15,0.59,-0.81,-0.12
"1979","Johnny Heitinga",2006,"Netherlands",-0.42,-0.44,-0.54,-0.45,-0.07,0.31,-0.69,0.16,0.47,0.7,-0.28,0.25,0.04,-0.03,0.36,-0.24
"1980","Joris Mathijsen",2006,"Netherlands",-0.42,-0.37,-0.54,-0.45,0.5,-0.07,-0.69,1.05,0.23,0.91,1.6,1.86,0.04,-0.34,0.07,-0.84
"1981","Kew Jaliens",2006,"Netherlands",-0.42,-0.66,0.45,-0.7,-0.88,-0.55,-0.69,-0.55,-0.57,-0.64,-0.06,-0.56,-0.33,-0.65,-0.51,-0.42
"1982","Khalid Boulahrouz",2006,"Netherlands",-0.42,-0.66,-0.54,-0.7,0.29,0.26,-0.26,0.16,2.1,2.14,0.83,0.25,-0.7,0.28,-0.51,-0.75
"1983","Mark van Bommel",2006,"Netherlands",-0.42,-0.14,-0.54,-0.57,-0.14,-0.6,-0.26,-0.19,0,2.33,-0.28,-0.56,-0.7,1.84,0.07,-0.63
"1984","Philip Cocu",2006,"Netherlands",-0.42,0.49,-0.05,0.27,1.44,-0.07,-0.26,1.05,1.51,2.27,0.72,0.25,0.04,0.9,0.07,0.15
"1985","Rafael van der Vaart",2006,"Netherlands",-0.42,0.97,-0.05,0.39,-0.86,-0.55,-0.26,-0.19,-0.21,-0.11,-0.61,-0.56,-0.7,-0.03,0.65,0.09
"1986","Robin van Persie",2006,"Netherlands",1.46,0.6,0.45,0.51,-0.16,-0.55,1.91,1.94,-0.46,-0.12,0.27,-0.56,0.04,2.77,2.41,1.19
"1987","Ruud van Nistelrooy",2006,"Netherlands",1.46,0.23,-0.54,0.03,-0.58,-0.98,-0.69,-0.73,0.01,-0.96,-0.72,-0.56,0.04,0.28,-0.22,-0.57
"1988","Ryan Babel",2006,"Netherlands",-0.42,-0.59,-0.54,-0.57,-1.35,-1.03,-0.69,-0.9,-0.94,-0.96,-0.72,-0.56,-0.7,-0.65,-1.1,-0.78
"1989","Tim de Cler",2006,"Netherlands",-0.42,-0.66,-0.54,-0.7,-0.45,-0.12,-0.26,0.16,0.51,-0.32,-0.06,-0.56,-0.33,-0.97,-0.81,-0.81
"1990","Wesley Sneijder",2006,"Netherlands",-0.42,0.78,0.94,0.03,1.43,0.26,-0.26,0.16,1.9,0.42,-0.39,1.02,-0.7,-0.34,-0.81,0.68
"1991","Aldo Bobadilla",2006,"Paraguay",-0.42,-0.66,-0.54,-0.7,-0.15,1.74,-0.69,-0.67,-0.94,-0.96,-0.57,-0.56,-0.7,-0.86,-1.1,-0.64
"1992","Carlos Bonet",2006,"Paraguay",-0.42,-0.42,1.44,-0.7,-0.17,-0.29,-0.69,-0.43,0.01,-0.37,-0.57,0.5,-0.7,-0.86,-0.32,0.48
"1993","Carlos Gamarra",2006,"Paraguay",-0.42,-0.66,-0.54,-0.7,-0.02,0.15,-0.69,0.99,1.01,0.89,2.67,1.19,1.27,-0.86,0.07,-0.6
"1994","Carlos Paredes",2006,"Paraguay",-0.42,1.66,-0.54,2.05,0.96,-0.17,-0.11,-0.19,0.52,1.23,0.46,0.59,1.76,3.29,0.46,0.2
"1995","Cristian Riveros",2006,"Paraguay",-0.42,-0.37,-0.54,-0.7,-0.53,-0.42,0.47,-0.43,-0.27,-0.39,-0.13,0.5,0.28,-0.45,0.85,-0.64
"1996","Dante López",2006,"Paraguay",-0.42,-0.66,-0.54,-0.37,-1.33,-0.99,-0.69,-0.67,-0.63,-0.96,-0.72,-0.56,-0.21,-0.86,-0.32,-0.84
"1997","Delio Toledo",2006,"Paraguay",-0.42,-0.66,-0.54,-0.7,-0.83,-0.36,-0.11,-0.67,-0.27,-0.37,0.02,-0.56,-0.21,-1.28,0.07,-0.48
"1998","Denis Caniza",2006,"Paraguay",-0.42,-0.61,2.1,-0.7,1.26,2.06,-0.11,0.52,0.57,0.44,0.46,0.5,-0.7,-0.03,0.85,1.03
"1999","Jorge Nunez",2006,"Paraguay",-0.42,-0.37,1.44,-0.7,0.4,1.8,-0.11,-0.19,1.37,-0.41,0.16,-0.56,-0.21,0.8,-0.32,0.71
"2000","Julio César Cáceres",2006,"Paraguay",-0.42,-0.66,-0.54,-0.37,0.08,0.4,-0.69,0.04,0.52,0.98,4.59,0.5,3.24,-0.03,-0.32,-0.84
"2001","Julio dos Santos",2006,"Paraguay",-0.42,-0.66,-0.54,-0.21,-0.33,-0.1,-0.69,-0.19,-0.12,-0.05,-0.72,-0.56,-0.7,0.8,-0.71,0.52
"2002","Nelson Cuevas",2006,"Paraguay",2.08,0.28,-0.54,0.11,-0.91,-1.12,2.2,0.04,-0.09,-0.96,-0.72,-0.56,-0.21,-1.28,-1.1,-0.48
"2003","Nelson Haedo Valdez",2006,"Paraguay",-0.42,3.39,-0.54,3.34,-0.1,-0.93,-0.11,0.52,0.42,0.38,-0.28,-0.56,1.76,-0.03,2.02,-0.52
"2004","Roberto Acuña",2006,"Paraguay",-0.42,0.08,0.78,-0.21,2.04,1.1,0.47,0.28,0.7,0.23,-0.28,2.95,-0.7,0.38,-0.32,2.27
"2005","Roque Santa Cruz",2006,"Paraguay",-0.42,1.86,0.12,3.17,1.11,-0.1,0.47,0.04,-0.94,-0.66,-0.57,-0.56,4.23,-1.28,0.46,2.03
"2006","Édgar Barreto",2006,"Paraguay",-0.42,-0.12,2.1,-0.53,-0.5,-0.04,-0.69,-0.67,0.4,-0.96,-0.43,-0.56,-0.21,0.8,0.46,1.15
"2007","Arek Radomski",2006,"Poland",-0.42,-0.66,-0.54,-0.53,2.14,0.72,0.47,-0.19,-0.67,0.5,-0.13,-0.12,0.78,2.04,-0.71,-0.64
"2008","Artur Boruc",2006,"Poland",-0.42,-0.66,-0.54,-0.7,-0.43,0.85,-0.11,-0.67,-0.94,-0.96,-0.43,-0.56,-0.7,-1.28,-0.71,-0.76
"2009","Bartosz Bosacki",2006,"Poland",4.59,0.33,-0.54,-0.21,-0.3,0.09,-0.69,0.04,1.54,0.95,0.75,2.5,-0.7,-0.03,-1.1,-0.76
"2010","Ebi Smolarek",2006,"Poland",-0.42,0.52,0.12,2.53,-0.25,-0.61,1.04,0.28,-0.81,0.27,-0.72,-0.56,-0.7,0.38,2.41,0.32
"2011","Ireneusz Jelen",2006,"Poland",-0.42,-0.07,-0.54,1.56,-0.78,-0.74,1.62,0.28,-0.67,-0.85,-0.72,-0.56,-0.21,-0.03,1.63,-0.08
"2012","Jacek Bak",2006,"Poland",-0.42,-0.66,-0.54,-0.7,0.91,1.42,-0.69,0.04,0.47,3.21,4.59,2.07,3.24,-0.03,0.85,-0.52
"2013","Jacek Krzynówek",2006,"Poland",-0.42,-0.07,2.76,-0.37,0.35,-0.04,1.04,0.75,-0.94,-0.4,-0.43,-0.56,-0.21,-0.45,0.85,1.47
"2014","Maciej Zurawski",2006,"Poland",-0.42,0.87,0.12,0.27,0.03,-0.74,-0.11,-0.9,-0.81,-0.51,-0.72,-0.12,0.78,-1.28,0.85,0.4
"2015","Marcin Baszcyznski",2006,"Poland",-0.42,-0.56,0.78,-0.7,1.49,3.01,-0.11,0.28,2.35,0.4,1.34,-0.56,-0.21,-0.45,0.85,-0.08
"2016","Mariusz Jop",2006,"Poland",-0.42,-0.61,-0.54,0.27,-0.33,-0.29,-0.69,-0.19,-0.43,-0.51,0.31,1.17,0.28,-0.03,-1.1,-0.84
"2017","Mariusz Lewandowski",2006,"Poland",-0.42,-0.66,-0.54,-0.7,-1.06,-1.06,-0.69,-0.9,-0.94,-0.63,-0.57,-0.56,-0.7,-1.28,-1.1,-0.84
"2018","Michal Zewlakow",2006,"Poland",-0.42,-0.66,0.12,-0.7,1.69,2.37,-0.69,0.52,3.47,1.38,1.49,2.44,3.24,-0.45,0.46,-0.48
"2019","Miroslaw Szymkowiak",2006,"Poland",-0.42,-0.12,-0.54,-0.37,1.06,0.28,-0.69,-0.67,-0.57,0.47,-0.72,0.71,-0.7,1.21,0.46,0.71
"2020","Pawel Brozek",2006,"Poland",-0.42,0.47,-0.54,0.59,-1.18,-0.99,-0.69,-0.19,-0.94,0.03,-0.72,-0.56,-0.7,-0.03,-0.71,-0.4
"2021","Radoslaw Sobolewski",2006,"Poland",-0.42,-0.32,-0.54,-0.37,-0.22,-0.17,0.47,0.04,-0.43,-0.4,-0.57,-0.56,0.28,0.38,-0.71,-0.44
"2022","Costinha",2006,"Portugal",-0.42,-0.38,-0.54,-0.3,-0.31,-0.6,-0.69,-0.9,1.18,0.79,-0.36,-0.56,0.11,0.25,-1.1,-0.84
"2023","Cristiano Ronaldo",2006,"Portugal",0.6,2.74,0,0.49,0.37,-0.5,3.57,2.87,-0.28,0.22,-0.66,-0.56,-0.3,0.08,2.56,0.06
"2024","Deco",2006,"Portugal",0.6,0.15,0.54,-0.23,0.32,-0.08,1.44,1.52,-0.21,-0.67,-0.72,-0.56,-0.7,-0.26,0.97,0.24
"2025","Fernando Meira",2006,"Portugal",-0.42,-0.48,-0.54,-0.43,0.62,0.26,-0.69,-0.23,2.83,2.07,1.69,1.03,1.32,0.25,-0.14,-0.76
"2026","Hugo Miguel Ferreira Viana",2006,"Portugal",-0.42,-0.48,-0.54,-0.63,-1.01,-0.94,-0.69,-0.81,-0.5,-0.55,-0.72,0.19,-0.7,-1.11,-1.1,-0.79
"2027","Hélder Postiga",2006,"Portugal",-0.42,-0.46,-0.54,0.1,-1.23,-1.09,-0.69,-0.81,-0.94,-0.83,-0.72,-0.56,-0.3,-0.26,-0.94,-0.66
"2028","Luis Figo",2006,"Portugal",-0.42,0.29,1.62,0.16,0.83,0.44,2.62,2.39,-0.36,0.43,-0.36,-0.56,-0.1,0.59,2.41,2.3
"2029","Maniche",2006,"Portugal",1.63,0.85,-0.54,0.03,2.34,0.39,-0.22,0.16,0.06,-0.02,-0.54,-0.56,-0.1,-0.26,-0.62,-0.46
"2030","Marco Caneira",2006,"Portugal",-0.42,-0.66,-0.27,-0.7,-0.98,-0.57,-0.69,-0.71,-0.78,-0.56,-0.48,-0.56,-0.7,-0.77,-0.62,-0.67
"2031","Miguel",2006,"Portugal",-0.42,-0.52,0,0.03,1.24,1.87,1.68,1.9,1.07,1.05,0.18,-0.56,0.31,-0.09,-0.3,0.48
"2032","Nuno Gomes",2006,"Portugal",0.6,0.04,-0.54,0.03,-1.38,-1.12,-0.69,-0.9,-0.94,-0.96,-0.72,-0.56,-0.5,-0.94,-1.1,-0.66
"2033","Nuno Valente",2006,"Portugal",-0.42,-0.5,0.27,-0.17,1.63,2.05,0.02,0.35,1.96,1.63,1.03,1.62,0.71,0.76,-0.62,-0.12
"2034","Pauleta",2006,"Portugal",0.6,0.98,-0.54,1.55,-1.05,-1.07,-0.22,-0.71,-0.49,-0.6,-0.54,-0.56,-0.3,-0.43,-1.1,-0.43
"2035","Paulo Ferreira",2006,"Portugal",-0.42,-0.66,-0.54,-0.63,-0.59,-0.11,-0.69,-0.32,0.08,-0.63,-0.54,-0.56,-0.7,-0.94,-0.78,-0.8
"2036","Petit",2006,"Portugal",-0.42,-0.4,-0.27,-0.63,0.95,0.28,-0.69,-0.71,0.38,1.01,0,1.67,0.11,0.25,-0.46,-0.3
"2037","Ricardo Alexandre Pereira",2006,"Portugal",-0.42,-0.66,-0.54,-0.7,-0.27,1.14,-0.45,-0.61,-0.94,-0.96,-0.54,-0.56,-0.5,-1.28,-0.62,-0.69
"2038","Ricardo Carvalho",2006,"Portugal",-0.42,-0.48,-0.54,-0.56,0.55,0.6,-0.69,-0.13,0.79,1.91,1.33,1.52,0.71,-0.09,-0.46,-0.54
"2039","Ricardo Costa",2006,"Portugal",-0.42,-0.66,-0.54,-0.7,-1.18,-0.94,-0.69,-0.9,-0.72,-0.39,-0.36,-0.56,-0.7,-0.94,-0.78,-0.84
"2040","Simão",2006,"Portugal",0.6,1.66,0.27,0.03,0.23,-0.11,0.26,1.03,-0.29,-0.13,-0.66,-0.41,0.51,0.93,1.13,1.13
"2041","Tiago",2006,"Portugal",-0.42,-0.04,-0.27,-0.1,-0.08,-0.6,-0.22,-0.13,-0.11,-0.61,-0.42,0.26,0.31,-0.43,0.34,-0.46
"2042","Abdulaziz Al Khathran",2006,"Saudi Arabia",-0.42,-0.66,0.12,-0.7,-0.17,0.28,-0.11,-0.19,-0.68,0.27,-0.43,-0.56,-0.21,-0.86,0.46,0.08
"2043","Ahmed Dukhi Al Dosari",2006,"Saudi Arabia",-0.42,-0.56,-0.54,-0.53,0.71,1.55,2.2,1.46,1.86,1.23,1.49,0.59,0.78,0.8,-0.71,-0.36
"2044","Hamad Al-Montashari",2006,"Saudi Arabia",-0.42,-0.37,-0.54,-0.37,0.96,0.15,0.47,1.46,1.21,0.57,1.93,2.89,0.28,-0.45,0.07,-0.16
"2045","Hussein Al Sulaimani",2006,"Saudi Arabia",-0.42,0.87,0.78,0.11,1.06,1.48,1.04,1.7,1.01,2.27,0.16,-0.56,-0.21,-0.86,1.24,0.63
"2046","Khaled Aziz",2006,"Saudi Arabia",-0.42,-0.47,-0.54,-0.7,0.83,-0.36,-0.69,0.52,1.1,1.46,0.02,0.59,-0.7,1.21,1.24,-0.36
"2047","Mabrouk Zayed",2006,"Saudi Arabia",-0.42,-0.66,-0.54,-0.7,0.1,1.74,-0.69,-0.9,-0.6,-0.96,-0.57,-0.56,-0.21,-1.28,-0.32,-0.84
"2048","Malek Mouath Al-Hawsawi",2006,"Saudi Arabia",-0.42,-0.47,0.12,-0.05,-1.08,-0.87,-0.11,-0.19,-0.26,-0.96,-0.72,-0.56,-0.21,-0.03,0.85,-0.2
"2049","Mohammed Ameen Haidar",2006,"Saudi Arabia",-0.42,-0.66,0.12,-0.05,-1.18,-0.87,-0.11,-0.19,-0.94,-0.96,-0.72,-0.56,-0.7,-0.45,-0.71,-0.44
"2050","Mohammed Noor",2006,"Saudi Arabia",-0.42,0.33,0.78,0.27,-0.02,-0.04,2.78,1.46,0.62,0.09,-0.28,-0.56,0.28,1.21,0.85,3.18
"2051","Nawaf Al Temyat",2006,"Saudi Arabia",-0.42,-0.07,0.12,-0.53,-0.38,-0.49,0.47,0.99,0.56,-0.43,-0.57,-0.13,-0.7,-0.45,0.85,0.04
"2052","Omar Al-Ghamdi",2006,"Saudi Arabia",-0.42,-0.37,-0.54,-0.53,0.35,0.02,-0.69,-0.19,-0.25,-0.06,0.02,0.59,0.28,0.8,1.24,-0.4
"2053","Redha Tukar",2006,"Saudi Arabia",-0.42,0.18,-0.54,-0.37,1.21,1.23,0.47,1.23,0.67,1.07,2.67,5.19,-0.21,1.63,-0.32,-0.64
"2054","Sa'ad Al-Harthi",2006,"Saudi Arabia",-0.42,0.03,-0.54,-0.05,-1.23,-0.99,-0.69,-0.67,-0.81,-0.74,-0.72,-0.56,0.78,-0.03,0.46,-0.56
"2055","Sami Al-Jaber",2006,"Saudi Arabia",2.08,0.08,-0.54,0.11,-1.16,-0.99,-0.69,0.28,-0.94,-0.85,-0.72,-0.56,-0.7,0.8,-0.32,-0.52
"2056","Saud Kariri",2006,"Saudi Arabia",-0.42,-0.51,-0.54,-0.37,0.25,-0.42,-0.69,-0.19,-0.47,0.8,-0.13,-0.56,1.76,1.21,0.07,-0.4
"2057","Yasser Al-Qahtani",2006,"Saudi Arabia",2.08,1.02,-0.54,1.72,-0.91,-0.93,-0.11,-0.19,-0.59,-0.66,-0.57,-0.56,-0.21,-0.03,0.46,0
"2058","Albert Nadj",2006,"Serbia",-0.42,-0.66,-0.54,-0.7,-0.85,-0.87,-0.69,-0.9,-0.66,-0.5,-0.72,-0.56,0.28,-0.45,0.85,-0.84
"2059","Danijel Ljuboja",2006,"Serbia",-0.42,-0.66,-0.54,-0.37,-1.13,-0.87,-0.69,-0.43,-0.94,-0.96,-0.72,-0.56,-0.7,-1.28,-0.71,-0.24
"2060","Dejan Stankovic",2006,"Serbia",-0.42,0.38,0.78,-0.05,-0.07,-0.1,-0.69,0.04,-0.74,-0.7,-0.13,0.34,-0.7,2.04,1.24,0.6
"2061","Dragoslav Jevric",2006,"Serbia",-0.42,-0.66,-0.54,-0.7,-0.4,1.29,-0.69,-0.9,-0.94,-0.96,-0.72,-0.56,-0.7,-1.28,-1.1,-0.76
"2062","Goran Gavrancic",2006,"Serbia",-0.42,-0.27,-0.54,-0.37,-0.38,-0.1,-0.69,-0.9,-0.84,-0.49,2.23,0.44,0.28,-0.03,1.24,-0.6
"2063","Igor Duljaj",2006,"Serbia",-0.42,-0.66,-0.54,-0.7,0.3,0.21,-0.69,-0.9,0.07,-0.29,0.46,0.17,-0.7,2.46,0.46,-0.84
"2064","Ivan Ergic",2006,"Serbia",-0.42,-0.56,-0.54,-0.7,-0.68,-0.74,1.04,0.04,-0.72,-0.71,-0.72,0.02,-0.7,-0.86,-0.32,-0.72
"2065","Ivica Dragutinovic",2006,"Serbia",-0.42,-0.66,0.12,-0.7,-0.85,-0.29,-0.69,-0.9,-0.94,-0.96,-0.43,-0.56,-0.21,-0.45,-0.32,-0.04
"2066","Mateja Kezman",2006,"Serbia",-0.42,-0.27,0.12,1.08,-0.96,-0.99,-0.11,-0.43,-0.7,-0.86,-0.72,-0.56,-0.7,1.21,0.07,0.08
"2067","Milan Dudic",2006,"Serbia",-0.42,-0.66,-0.54,-0.7,-0.75,-0.49,-0.69,-0.9,-0.7,-0.82,1.64,-0.38,-0.7,-0.03,-1.1,-0.64
"2068","Mladen Krstajic",2006,"Serbia",-0.42,-0.56,0.12,-0.05,-0.4,-0.1,-0.69,0.04,-0.69,-0.46,1.2,0.27,1.27,-0.03,-1.1,0.83
"2069","Nenad Djordjevic",2006,"Serbia",-0.42,-0.66,0.12,-0.7,-1.01,-0.49,-0.69,-0.9,-0.88,-0.91,-0.28,-0.56,-0.7,-1.28,-1.1,-0.6
"2070","Nikola Zigic",2006,"Serbia",2.08,0.87,-0.54,0.27,-1.13,-1.06,-0.69,-0.43,-0.88,-0.88,-0.28,-0.38,1.27,1.21,0.07,-0.16
"2071","Ognjen Koroman",2006,"Serbia",-0.42,-0.42,1.44,0.11,-0.83,-0.61,0.47,0.04,-0.94,-0.61,-0.57,-0.56,-0.7,0.8,-0.32,0.24
"2072","Predrag Djordjevic",2006,"Serbia",-0.42,-0.17,1.44,0.43,1.21,1.1,1.62,4.07,-0.79,-0.91,0.31,-0.56,-0.7,-0.45,2.02,2.03
"2073","Sasa Ilic",2006,"Serbia",2.08,-0.12,0.12,-0.21,-0.73,-0.68,0.47,-0.67,-0.94,-0.91,-0.43,-0.38,-0.21,-0.03,-1.1,1.11
"2074","Savo Milosevic",2006,"Serbia",-0.42,1.76,-0.54,1.72,-0.63,-0.99,1.04,0.52,-0.94,-0.86,-0.57,-0.56,-0.21,1.21,0.46,-0.36
"2075","Ahn Jung-Hwan",2006,"South Korea",2.08,0.33,-0.54,0.43,-0.75,-1.06,-0.69,-0.19,-0.94,-0.96,-0.72,-0.56,-0.7,-1.28,-1.1,-0.28
"2076","Cho Jae-Jin",2006,"South Korea",-0.42,0.87,-0.54,4.95,-0.43,-0.87,-0.69,-0.67,-0.58,-0.64,-0.72,-0.56,8.17,0.8,0.46,0.6
"2077","Eul-Young Lee",2006,"South Korea",-0.42,-0.42,0.12,-0.7,-0.15,-0.29,0.47,-0.67,-0.31,-0.49,-0.43,-0.56,-0.21,-0.03,0.07,-0.4
"2078","Ho Lee",2006,"South Korea",-0.42,-0.47,-0.54,-0.05,1.14,-0.29,1.04,-0.19,1.3,0.56,-0.43,-0.56,0.78,0.8,1.24,0.52
"2079","Jin-Cheul Choi",2006,"South Korea",-0.42,-0.66,-0.54,-0.53,1.24,1.17,-0.69,0.04,1.84,2.72,1.93,1.57,0.78,-0.03,-0.32,0.08
"2080","Jin-Kyu Kim",2006,"South Korea",-0.42,0.97,-0.54,-0.21,-0.25,0.09,-0.69,-0.67,-0.31,-0.08,-0.13,-0.56,-0.7,0.38,-0.71,-0.4
"2081","Kim Dong-Jin",2006,"South Korea",-0.42,-0.32,1.44,-0.21,0.18,0.09,-0.69,-0.19,0.05,0,0.31,-0.56,0.28,-0.45,-0.71,0.83
"2082","Kim Nam-Il",2006,"South Korea",-0.42,-0.66,-0.54,-0.37,1.01,0.34,-0.69,0.28,3.24,0.32,0.75,1.24,-0.21,1.21,0.07,0.4
"2083","Lee Chon-Su",2006,"South Korea",2.08,0.77,4.07,0.92,0.35,-0.36,0.47,0.28,-0.22,-0.08,-0.72,-0.56,0.28,-0.03,-0.32,2.94
"2084","Lee Woon-Jae",2006,"South Korea",-0.42,-0.66,-0.54,-0.7,-0.1,1.1,-0.69,-0.43,-0.94,-0.96,-0.43,-0.56,-0.7,-1.28,-1.1,-0.64
"2085","Lee Young-Pyo",2006,"South Korea",-0.42,-0.66,2.1,-0.53,2.17,2.25,1.62,1.94,1.37,1.59,-0.43,-0.56,-0.21,-0.03,0.85,0.75
"2086","Park Chu-Young",2006,"South Korea",-0.42,-0.07,-0.54,0.11,-1.06,-0.99,-0.69,-0.67,-0.22,-0.64,-0.72,-0.56,-0.7,-0.86,-1.1,-0.84
"2087","Park Ji-Sung",2006,"South Korea",2.08,1.12,1.44,2.05,0.61,-0.29,-0.69,0.99,1.73,-0.17,-0.72,-0.56,0.28,-0.03,3.57,2.03
"2088","Sang Sik Kim",2006,"South Korea",-0.42,-0.66,-0.54,-0.7,-1.33,-0.99,-0.69,-0.9,-0.94,-0.73,-0.43,-0.56,-0.7,-0.86,-1.1,-0.64
"2089","Seol Ki-Hyeon",2006,"South Korea",-0.42,-0.37,0.12,-0.37,-1.16,-0.93,-0.69,0.28,-0.41,-0.64,-0.72,-0.56,-0.7,-0.03,-0.71,-0.52
"2090","Song Chong-Gug",2006,"South Korea",-0.42,-0.56,0.12,-0.7,0.35,0.79,-0.69,-0.19,1.58,-0.96,-0.72,-0.56,-0.7,-0.03,-1.1,0.2
"2091","Young-Chul Kim",2006,"South Korea",-0.42,-0.66,-0.54,-0.7,0.28,-0.42,-0.69,-0.43,-0.31,-0.73,0.31,0.34,0.78,-0.86,0.07,-0.84
"2092","Andrés Iniesta",2006,"Spain",-0.42,-0.4,-0.54,-0.33,-0.69,-0.79,-0.26,-0.19,-0.05,-0.57,-0.72,-0.56,-0.33,-0.97,-1.1,0.3
"2093","Antonio López",2006,"Spain",-0.42,-0.55,-0.54,-0.45,-0.24,0.31,0.18,-0.55,0.84,1.42,-0.28,-0.56,-0.7,-0.97,-0.22,-0.75
"2094","Carles Puyol",2006,"Spain",-0.42,-0.66,-0.54,-0.7,1.03,0.36,-0.26,-0.73,1.78,4.45,1.38,2,0.04,0.28,0.36,-0.6
"2095","Carlos Marchena",2006,"Spain",-0.42,-0.66,-0.54,-0.7,-0.28,0.02,-0.69,-0.37,-0.49,1.02,0.27,-0.56,-0.33,0.59,-0.81,-0.84
"2096","Cesc Fàbregas",2006,"Spain",-0.42,0.3,-0.54,0.03,1.97,0.79,0.61,-0.19,1.66,1.49,-0.5,-0.56,-0.7,0.9,0.07,0.21
"2097","David Albelda",2006,"Spain",-0.42,-0.33,-0.54,-0.7,0.37,0.31,-0.69,-0.73,3.06,0.23,-0.61,-0.56,-0.33,-0.34,-0.22,0.12
"2098","David Villa",2006,"Spain",5.22,6.39,-0.54,0.76,-0.71,-0.83,-0.26,-0.37,-0.12,-0.56,-0.72,-0.56,-0.33,0.28,0.07,0.24
"2099","Fernando Torres",2006,"Spain",5.22,4.68,-0.05,4.63,-0.48,-0.74,2.78,1.05,-0.49,0.3,-0.72,-0.56,1.15,-0.34,2.7,0.92
"2100","Iker Casillas",2006,"Spain",-0.42,-0.66,-0.54,-0.7,-0.45,0.64,-0.69,-0.73,-0.94,-0.96,-0.61,-0.56,-0.7,-1.28,-0.22,-0.78
"2101","Joaquín",2006,"Spain",-0.42,0.64,1.44,0.39,-0.22,-0.55,4.08,1.76,-0.49,0.69,-0.72,-0.56,-0.7,0.28,-0.22,1.4
"2102","José Antonio Reyes",2006,"Spain",-0.42,0.23,1.93,0.39,-0.94,-0.69,1.91,-0.19,-0.49,-0.57,-0.72,-0.56,-0.7,-0.65,-0.51,1.94
"2103","Juanito",2006,"Spain",1.46,0.04,-0.54,0.15,-0.8,-0.31,-0.26,-0.55,-0.05,1.02,0.61,-0.56,0.78,-0.65,-1.1,-0.39
"2104","Luis García",2006,"Spain",-0.42,0.3,-0.05,1.24,-0.43,-0.93,0.18,-0.55,-0.45,-0.3,-0.5,-0.56,-0.7,-0.03,0.95,0.15
"2105","Marcos Senna",2006,"Spain",-0.42,-0.22,-0.54,-0.57,-0.07,0.02,0.18,-0.02,-0.08,1.66,-0.5,-0.56,-0.33,-0.03,-1.1,-0.69
"2106","Mariano Pernía",2006,"Spain",-0.42,-0.29,1.93,-0.7,1.5,2.31,-0.26,0.16,1.56,2.82,0.05,-0.56,-0.7,0.59,-0.22,0.86
"2107","Míchel Salgado",2006,"Spain",-0.42,-0.66,-0.54,-0.7,-0.35,-0.12,-0.69,-0.37,0.4,1.02,-0.5,0.97,-0.7,-0.97,-0.51,-0.78
"2108","Pablo Ibáñez",2006,"Spain",-0.42,-0.66,-0.54,-0.33,0.73,0.26,-0.69,-0.9,1.26,0.96,0.61,2.25,0.04,-0.65,-0.22,-0.51
"2109","Raúl",2006,"Spain",1.46,0.93,-0.05,0.76,-0.33,-0.64,-0.26,-0.55,0.33,-0.2,-0.72,-0.56,-0.7,-0.34,-0.22,-0.03
"2110","Santiago Cañizares",2006,"Spain",-0.42,-0.66,-0.54,-0.7,-1.03,-0.36,-0.69,-0.9,-0.94,-0.96,-0.61,-0.56,-0.7,-1.28,-0.81,-0.84
"2111","Sergio Ramos",2006,"Spain",-0.42,0.49,0.45,0.76,2.09,2.6,0.18,0.52,0.81,1.69,1.16,-0.56,0.78,0.9,0.95,0.48
"2112","Xabi Alonso",2006,"Spain",1.46,0.04,-0.54,-0.21,1.92,0.69,-0.26,-0.19,2.78,4.74,-0.39,0.97,-0.7,0.28,-0.81,-0.57
"2113","Xavi",2006,"Spain",-0.42,-0.33,5.39,-0.7,3.01,1.74,0.18,0.16,0.85,3.02,-0.72,-0.56,-0.7,-0.65,0.65,3.94
"2114","Anders Svensson",2006,"Sweden",-0.42,-0.66,-0.54,-0.45,-0.97,-0.74,-0.69,-0.73,0.44,-0.14,-0.72,-0.56,-0.7,-0.97,-1.1,-0.81
"2115","Andreas Isaksson",2006,"Sweden",-0.42,-0.66,-0.54,-0.7,-0.35,0.93,-0.69,-0.73,-0.94,-0.96,-0.5,-0.56,-0.7,-1.28,-1.1,-0.81
"2116","Christian Wilhelmsson",2006,"Sweden",-0.42,-0.18,-0.54,0.27,-0.18,-0.55,1.48,0.52,0.6,-0.56,-0.5,-0.2,-0.7,-0.03,0.36,0.33
"2117","Erik Edman",2006,"Sweden",-0.42,-0.22,1.93,-0.7,2.48,3.5,0.18,0.69,-0.38,1.69,0.83,-0.56,0.04,0.59,-0.51,1.67
"2118","Fredrik Ljungberg",2006,"Sweden",1.46,0.71,2.43,2.09,0.97,0.5,3.65,3.18,0.71,0.63,-0.72,-0.56,0.41,0.28,3.87,4.35
"2119","Henrik Larsson",2006,"Sweden",1.46,4.9,-0.05,4.14,0.05,-0.45,-0.26,-0.55,0.14,-0.87,-0.61,-0.56,1.89,0.59,-0.22,0.95
"2120","Kim Källström",2006,"Sweden",-0.42,0.56,1.44,0.63,0.16,0.21,0.61,-0.19,1.05,0.99,-0.5,-0.05,-0.33,-0.03,-0.81,1.64
"2121","Marcus Allbäck",2006,"Sweden",1.46,1.9,-0.05,1.72,-0.99,-0.83,-0.69,-0.55,0.13,-0.41,-0.61,0.49,-0.33,0.59,0.65,0.21
"2122","Mattias Jonson",2006,"Sweden",-0.42,-0.51,0.45,0.27,-0.82,-0.74,-0.26,-0.37,-0.38,-0.74,-0.28,-0.05,0.41,0.59,-0.22,0.24
"2123","Niclas Alexandersson",2006,"Sweden",-0.42,-0.66,3.41,-0.7,1.35,2.74,-0.26,1.94,0.13,1.08,0.94,1.56,-0.33,0.28,-0.51,2.15
"2124","Olof Mellberg",2006,"Sweden",-0.42,0.34,-0.54,1.6,0.61,0.4,-0.69,0.69,1.98,0.58,2.93,0.66,4.85,-0.03,0.07,-0.03
"2125","Petter Hansson",2006,"Sweden",-0.42,-0.48,-0.54,-0.09,-1.05,-0.83,-0.69,-0.37,-0.73,-0.59,-0.39,-0.2,0.04,-1.28,-1.1,-0.84
"2126","Rami Shaaban",2006,"Sweden",-0.42,-0.66,-0.54,-0.7,-1.09,-0.6,-0.69,-0.9,-0.94,-0.96,-0.72,-0.56,-0.7,-1.28,-1.1,-0.84
"2127","Teddy Lucic",2006,"Sweden",-0.42,-0.29,-0.54,0.15,-0.18,-0.5,-0.26,-0.9,0.75,0,1.27,2.56,0.41,0.59,-1.1,-0.45
"2128","Tobias Linderoth",2006,"Sweden",-0.42,-0.66,3.41,-0.7,1.5,1.17,-0.69,-0.19,3.51,2.09,-0.06,0.85,0.04,0.9,-0.22,2.92
"2129","Zlatan Ibrahimovic",2006,"Sweden",-0.42,2.23,-0.54,4.38,-0.67,-0.79,-0.26,-0.37,0.55,-0.68,-0.39,-0.56,1.15,0.28,-0.22,1.43
"2130","Alexander Frei",2006,"Switzerland",3.05,2.73,-0.54,2.32,-0.51,-0.68,-0.29,-0.41,-0.94,-0.29,-0.72,-0.56,-0.7,-0.13,1.06,0.15
"2131","Christoph Spycher",2006,"Switzerland",-0.42,-0.63,-0.54,-0.47,-0.7,-0.37,-0.29,-0.25,-0.19,-0.3,0.3,-0.56,-0.02,-0.99,-0.02,-0.51
"2132","Daniel Gygax",2006,"Switzerland",-0.42,0.5,-0.54,-0.47,-1.31,-1.08,-0.69,-0.74,-0.42,-0.96,-0.72,-0.56,0.66,-0.7,-0.56,-0.75
"2133","Hakan Yakin",2006,"Switzerland",-0.42,0.71,-0.09,0.64,-0.73,-0.86,-0.29,-0.58,0.76,-0.3,-0.41,-0.56,-0.02,-0.13,1.06,-0.26
"2134","Johan Djourou",2006,"Switzerland",-0.42,-0.66,-0.54,-0.7,-1.07,-0.68,-0.69,-0.9,-0.69,-0.18,0.2,0.74,-0.02,-0.7,-0.83,-0.84
"2135","Johann Vogel",2006,"Switzerland",-0.42,-0.49,-0.54,-0.47,1.95,1.43,0.51,0.57,0.39,5.7,0.5,-0.56,0.32,-0.13,-0.02,-0.45
"2136","Ludovic Magnin",2006,"Switzerland",-0.42,-0.59,1.28,-0.58,1.57,2.84,1.71,1.23,2.67,2.3,0.5,1.62,1.35,1.31,-0.83,1.26
"2137","Marco Streller",2006,"Switzerland",-0.42,-0.46,-0.54,-0.25,-1.15,-0.99,-0.29,-0.74,-0.68,-0.5,-0.72,-0.56,0.32,-0.13,0.25,-0.51
"2138","Pascal Zuberbuhler",2006,"Switzerland",-0.42,-0.66,-0.54,-0.7,0.05,1.69,-0.69,-0.58,-0.94,-0.96,-0.52,-0.56,-0.7,-1.28,-0.83,-0.75
"2139","Patrick Müller",2006,"Switzerland",-0.42,-0.42,-0.54,-0.47,1.24,1.21,-0.29,-0.25,0.79,2.23,2.65,1.21,1.69,-0.99,-0.29,-0.53
"2140","Philipp Degen",2006,"Switzerland",-0.42,-0.66,1.28,-0.25,2.23,3.32,0.91,-0.41,2.27,0.45,1.42,0.29,1.35,1.6,0.79,-0.2
"2141","Philippe Senderos",2006,"Switzerland",1.31,-0.36,-0.54,-0.36,-0.11,0.16,-0.29,-0.58,-0.36,-0.52,1.12,0.29,-0.02,-0.42,-0.56,-0.84
"2142","Raphael Wicky",2006,"Switzerland",-0.42,-0.63,-0.54,-0.58,1.2,0.42,0.51,-0.08,0.27,1.74,0.2,-0.56,3.05,-0.13,-0.02,-0.23
"2143","Ricardo Cabanas",2006,"Switzerland",-0.42,-0.25,-0.09,-0.47,1.43,0.2,-0.69,-0.58,2.41,0.9,-0.21,0.74,-0.7,0.73,0.52,0.6
"2144","Stéphane Grichting",2006,"Switzerland",-0.42,-0.66,-0.54,-0.7,-0.94,-0.81,-0.69,-0.9,0.2,0.38,0.3,-0.56,-0.36,-1.28,-0.83,-0.84
"2145","Tranquillo Barnetta",2006,"Switzerland",1.31,0.6,3.11,1.43,0.99,0.46,0.91,2.37,2.52,2.08,-0.11,0.51,0.66,1.02,2.14,2.33
"2146","Xavier Margairaz",2006,"Switzerland",-0.42,-0.66,-0.54,-0.58,-1.38,-1.03,-0.69,-0.74,-0.94,-0.96,-0.72,-0.56,-0.7,-1.28,-0.83,-0.42
"2147","Adekanmi Olufade",2006,"Togo",-0.42,-0.66,-0.54,-0.7,-1.41,-1.12,-0.69,-0.9,-0.62,-0.96,-0.72,-0.56,-0.7,-0.45,-0.71,-0.84
"2148","Agassa Kossi",2006,"Togo",-0.42,-0.66,-0.54,-0.7,-0.43,1.17,-0.69,-0.9,-0.78,-0.82,-0.72,-0.56,-0.7,-1.28,-1.1,-0.52
"2149","Alaixys Romao",2006,"Togo",-0.42,-0.66,-0.54,-0.7,0.03,-0.17,-0.69,-0.43,0.4,0.32,-0.57,-0.56,-0.7,0.8,0.07,-0.4
"2150","Assimiou Touré",2006,"Togo",-0.42,-0.66,-0.54,-0.7,-0.55,-0.42,-0.69,-0.67,-0.49,0.15,0.75,-0.56,0.28,-0.86,-0.71,-0.76
"2151","Chérif Touré Maman",2006,"Togo",-0.42,0.03,0.78,-0.37,0.35,-0.36,2.2,0.75,-0.33,-0.8,-0.13,-0.25,0.28,2.46,-0.71,0.24
"2152","Daré Nibombe",2006,"Togo",-0.42,-0.51,-0.54,-0.05,0.23,-0.23,-0.11,0.75,-0.06,1.25,2.97,2.35,0.28,-0.45,-0.71,-0.84
"2153","Emmanuel Adebayor",2006,"Togo",-0.42,0.52,0.12,2.85,0.58,-0.87,1.04,0.99,-0.94,-0.64,-0.72,-0.56,2.75,1.21,1.63,0.71
"2154","Jean-Paul Abalo",2006,"Togo",-0.42,-0.66,-0.54,-0.7,-0.85,-0.68,-0.69,-0.67,-0.94,-0.68,1.34,1.05,-0.7,-0.45,-1.1,-0.84
"2155","Junior Senaya",2006,"Togo",-0.42,-0.27,1.44,-0.21,-0.17,-0.55,-0.11,0.28,-0.62,-0.38,-0.57,-0.56,-0.21,-0.45,3.18,0.67
"2156","Ludovic Assemoassa",2006,"Togo",-0.42,-0.66,-0.54,-0.7,-0.88,-0.68,-0.11,-0.9,-0.94,-0.96,0.31,-0.56,-0.7,-0.45,-0.32,-0.84
"2157","Massamasso Tchangai",2006,"Togo",-0.42,-0.56,-0.54,-0.7,0.38,1.1,0.47,0.04,-0.69,-0.5,1.93,0.89,0.28,-1.28,-0.71,-0.76
"2158","Mohammed Toure",2006,"Togo",2.08,1.61,-0.54,1.72,-0.3,-1.12,2.2,1.7,-0.78,-0.96,-0.72,-0.56,0.78,0.8,1.24,0.36
"2159","Moustapha Salifou",2006,"Togo",-0.42,0.28,0.12,0.59,0.73,0.09,3.94,1.94,-0.04,0.94,-0.57,-0.25,0.78,2.46,0.46,0.48
"2160","Richmond Forson",2006,"Togo",-0.42,-0.66,0.78,-0.7,0.38,0.91,-0.11,-0.19,-0.15,-0.04,0.61,-0.56,-0.21,0.38,-0.71,-0.2
"2161","Thomas Dossevi",2006,"Togo",-0.42,-0.32,0.12,0.11,-0.85,-0.93,0.47,1.23,-0.24,-0.48,-0.72,-0.56,-0.7,-0.86,-1.1,-0.28
"2162","Yao Aziawonou",2006,"Togo",-0.42,-0.51,-0.54,-0.7,-0.38,-0.74,-0.69,-0.9,-0.94,-0.54,-0.28,-0.56,-0.21,0.8,-0.71,-0.36
"2163","Aurtis Whitley",2006,"Trinidad and Tobago",-0.42,-0.17,-0.54,-0.7,-0.63,-0.8,0.47,0.28,-0.57,0.28,-0.28,-0.56,-0.7,1.21,1.24,-0.84
"2164","Avery John",2006,"Trinidad and Tobago",-0.42,-0.66,0.12,-0.7,-0.98,-0.42,-0.69,-0.9,-0.72,-0.96,1.2,-0.56,0.78,-0.86,-1.1,0.08
"2165","Brent Sancho",2006,"Trinidad and Tobago",-0.42,-0.66,-0.54,-0.7,-0.91,-0.74,-0.69,-0.9,-0.44,-0.24,3.11,0.41,-0.21,1.21,0.07,-0.84
"2166","Carlos Edwards",2006,"Trinidad and Tobago",-0.42,-0.42,2.1,-0.21,0.25,1.17,0.47,2.65,0.52,0.28,0.61,0.06,-0.21,-0.45,0.46,0.67
"2167","Chris Birchall",2006,"Trinidad and Tobago",-0.42,-0.17,-0.54,-0.7,-0.02,-0.42,0.47,-0.67,-0.57,0.48,-0.13,-0.2,-0.21,0.38,0.46,0.16
"2168","Collin Samuel",2006,"Trinidad and Tobago",-0.42,-0.66,0.12,-0.05,-1.21,-0.99,-0.11,-0.19,-0.94,-0.96,-0.72,-0.56,-0.21,-1.28,-1.1,-0.6
"2169","Cornell Glen",2006,"Trinidad and Tobago",-0.42,0.13,-0.54,0.27,-1.23,-0.99,0.47,0.28,-0.94,-0.22,-0.43,-0.56,-0.21,-0.45,-0.71,-0.84
"2170","Cyd Gray",2006,"Trinidad and Tobago",-0.42,-0.66,-0.54,-0.7,-0.45,0.15,-0.11,-0.43,-0.76,-0.45,2.23,-0.56,-0.7,-0.45,0.85,-0.72
"2171","Dennis Lawrence",2006,"Trinidad and Tobago",-0.42,-0.66,-0.54,-0.7,-0.48,-0.17,-0.69,-0.19,-0.68,-0.4,4.59,1.14,1.27,-0.86,-0.32,-0.84
"2172","Densill Theobald",2006,"Trinidad and Tobago",-0.42,-0.51,-0.54,-0.53,0.08,0.09,-0.11,0.52,-0.42,-0.71,0.02,1.38,-0.7,0.8,0.85,-0.44
"2173","Dwight Yorke",2006,"Trinidad and Tobago",-0.42,-0.07,0.78,-0.05,1.21,1.17,2.2,0.28,0.39,0.02,0.9,0.06,-0.21,1.63,0.07,1.19
"2174","Evans Wise",2006,"Trinidad and Tobago",-0.42,-0.56,1.44,-0.05,-1.01,-0.74,-0.11,0.52,-0.31,-0.96,-0.43,0.15,-0.7,-0.86,-1.1,0.56
"2175","Kelvin Jack",2006,"Trinidad and Tobago",-0.42,-0.66,-0.54,-0.7,-1.06,-0.42,-0.69,-0.67,-0.94,-0.96,-0.72,-0.56,-0.7,-1.28,-1.1,-0.68
"2176","Kenwyne Jones",2006,"Trinidad and Tobago",-0.42,0.47,0.12,1.24,-0.93,-0.99,1.04,0.04,-0.94,-0.71,-0.43,-0.56,2.75,0.8,-0.32,0.08
"2177","Shaka Hislop",2006,"Trinidad and Tobago",-0.42,-0.66,-0.54,-0.7,-0.6,0.85,-0.69,-0.9,-0.94,-0.96,-0.72,-0.56,-0.7,-1.28,-0.71,-0.84
"2178","Stern John",2006,"Trinidad and Tobago",-0.42,2.31,-0.54,1.72,-0.2,-0.8,-0.69,-0.67,-0.94,-0.96,-0.43,-0.56,4.72,2.04,0.07,-0.72
"2179","Adel Chedli",2006,"Tunisia",-0.42,-0.32,1.44,-0.53,-0.12,-0.29,1.04,-0.43,0.3,0.48,-0.28,-0.56,-0.7,1.63,0.46,0.2
"2180","Alaeddine Yahia",2006,"Tunisia",-0.42,-0.66,-0.54,-0.7,-1.23,-0.68,-0.69,-0.9,-0.78,-0.9,-0.28,-0.56,-0.7,-0.86,-1.1,-0.84
"2181","Ali Boumnijel",2006,"Tunisia",-0.42,-0.66,-0.54,-0.7,-0.35,1.04,-0.69,-0.9,-0.94,-0.96,-0.72,-0.56,-0.21,-1.28,-1.1,-0.72
"2182","Anis Ayari",2006,"Tunisia",-0.42,-0.07,0.12,-0.7,-0.12,0.4,-0.69,-0.43,0.11,-0.16,1.34,1.1,-0.7,1.63,-0.32,-0.28
"2183","David Jemmali",2006,"Tunisia",-0.42,-0.66,-0.54,-0.7,-0.15,0.15,-0.69,-0.9,0.2,-0.63,-0.13,-0.56,-0.21,-1.28,-0.71,-0.8
"2184","Hamed Namouchi",2006,"Tunisia",-0.42,-0.12,-0.54,0.11,0.03,-0.49,0.47,-0.67,0.71,0.55,0.31,0.73,3.74,0.38,2.41,-0.84
"2185","Hatem Trabelsi",2006,"Tunisia",-0.42,-0.42,-0.54,0.11,2.09,2.44,5.67,3.36,2.18,0.37,0.75,-0.3,-0.7,1.63,1.24,0.04
"2186","Jaouhar Mnari",2006,"Tunisia",2.08,1.12,-0.54,-0.21,0.93,-0.29,-0.11,-0.19,-0.22,2.67,-0.43,2.03,-0.7,0.8,-1.1,-0.24
"2187","Kaies Ghodhbane",2006,"Tunisia",-0.42,-0.47,0.12,-0.7,-1.01,-0.74,-0.69,-0.9,-0.94,-0.9,-0.72,-0.56,-0.7,-1.28,-1.1,-0.36
"2188","Karim Haggui",2006,"Tunisia",-0.42,-0.07,-0.54,-0.21,0.4,0.21,-0.69,-0.19,-0.56,1.6,4.15,-0.56,-0.21,2.04,-0.32,-0.84
"2189","Mehdi Nafti",2006,"Tunisia",-0.42,-0.42,-0.54,-0.37,1.09,0.09,-0.11,-0.67,0.37,2.27,0.75,-0.56,-0.21,0.38,-0.32,-0.56
"2190","Radhi Jaïdi",2006,"Tunisia",2.08,-0.12,-0.54,0.43,0.61,0.34,-0.69,-0.9,2.2,1.96,1.79,2.29,2.26,1.63,0.07,-0.44
"2191","Riadh Bouazizi",2006,"Tunisia",-0.42,-0.66,0.78,-0.37,-0.25,-0.49,-0.11,-0.67,1.01,-0.13,-0.28,0.73,-0.21,1.63,-0.32,-0.44
"2192","Yassine Chikhaoui",2006,"Tunisia",-0.42,-0.66,-0.54,-0.37,-1.03,-1.12,-0.11,-0.67,-0.56,-0.63,-0.57,-0.56,0.28,-0.45,-0.71,-0.16
"2193","Ziad Jaziri",2006,"Tunisia",2.08,1.02,-0.54,1.08,-1.11,-0.99,0.47,-0.9,-0.56,0.05,-0.57,-0.56,-0.7,0.38,1.63,0.28
"2194","Ben Olsen",2006,"USA",-0.42,-0.12,-0.54,-0.37,-0.96,-0.8,-0.69,-0.9,-0.2,-0.63,-0.43,-0.56,-0.7,-0.03,0.46,-0.72
"2195","Bobby Convey",2006,"USA",-0.42,0.33,1.44,0.11,-0.65,-0.68,0.47,0.04,-0.09,-0.39,-0.57,-0.56,-0.7,-0.86,-0.32,0.48
"2196","Brian McBride",2006,"USA",-0.42,-0.17,-0.54,2.85,-0.43,-0.8,-0.69,-0.67,-0.35,-0.96,-0.43,-0.56,3.24,-0.03,0.85,0.08
"2197","Carlos Bocanegra",2006,"USA",-0.42,1.32,-0.54,0.43,0.05,0.6,-0.69,-0.67,0.19,0.22,0.61,-0.56,1.27,-0.45,-0.32,-0.68
"2198","Claudio Reyna",2006,"USA",-0.42,-0.07,0.12,-0.37,1.92,0.53,-0.11,0.52,0.92,1.87,-0.43,0.71,-0.7,-0.03,0.85,0.56
"2199","Clint Dempsey",2006,"USA",2.08,0.33,0.12,0.27,-0.65,-0.93,1.04,0.28,0.74,-0.46,-0.72,-0.56,-0.21,0.38,2.02,-0.16
"2200","DaMarcus Beasley",2006,"USA",-0.42,-0.61,1.44,-0.37,0.58,-0.04,-0.69,1.46,2.35,1.24,-0.72,-0.56,-0.7,-0.03,0.07,0.67
"2201","Eddie Johnson",2006,"USA",-0.42,0.43,-0.54,-0.21,-0.98,-0.93,-0.69,-0.9,-0.94,-0.96,-0.72,-0.56,0.78,-0.86,0.07,-0.64
"2202","Eddie Lewis",2006,"USA",-0.42,-0.66,0.78,0.27,-0.12,0.4,-0.11,0.04,-0.11,-0.63,-0.13,-0.56,-0.21,0.38,-0.32,-0.44
"2203","Eddie Pope",2006,"USA",-0.42,-0.51,-0.54,0.11,0.48,0.15,-0.69,-0.9,0.16,-0.16,-0.43,-0.56,-0.21,1.63,-1.1,-0.84
"2204","Jimmy Conrad",2006,"USA",-0.42,-0.66,-0.54,-0.7,-0.53,0.15,-0.69,-0.9,-0.57,-0.13,0.46,0.71,1.76,-0.45,0.85,-0.4
"2205","John O'Brien",2006,"USA",-0.42,-0.66,-0.54,-0.7,-1.03,-0.55,-0.69,-0.9,-0.94,-0.96,-0.57,-0.56,-0.7,-1.28,-0.71,-0.08
"2206","Kasey Keller",2006,"USA",-0.42,-0.66,-0.54,-0.7,-0.02,1.61,-0.11,-0.67,-0.94,-0.96,-0.72,-0.56,-0.7,-1.28,-1.1,-0.72
"2207","Landon Donovan",2006,"USA",-0.42,-0.32,2.1,0.11,0.38,-0.55,2.78,0.75,-0.57,-0.46,-0.57,-0.56,-0.7,-0.03,0.07,1.59
"2208","Oguchi Onyewu",2006,"USA",-0.42,-0.27,-0.54,-0.37,1.03,1.23,-0.69,0.04,-0.18,0.77,1.79,-0.56,3.24,3.7,2.02,0.36
"2209","Pablo Mastroeni",2006,"USA",-0.42,-0.42,-0.54,-0.7,-0.5,-0.8,-0.69,-0.9,-0.55,-0.62,-0.72,-0.56,-0.7,0.8,-0.32,-0.72
"2210","Steve Cherundolo",2006,"USA",-0.42,-0.66,1.44,-0.7,0.63,1.17,0.47,0.52,-0.18,1.11,-0.43,0.1,-0.7,-0.45,0.85,0.24
"2211","Anatoliy Tymoshchuk",2006,"Ukraine",-0.42,0.28,0.57,-0.06,1.83,0.17,2.24,0.16,3.72,2.27,0.27,1.04,0.96,1.06,0.87,0.62
"2212","Andriy Gusin",2006,"Ukraine",-0.42,-0.13,-0.54,-0.33,-0.1,-0.33,-0.37,-0.24,0.56,0.75,1.02,0.44,2.9,-0.34,-0.44,-0.84
"2213","Andriy Nesmachniy",2006,"Ukraine",-0.42,-0.41,-0.54,-0.33,1.22,1.35,-0.37,1.76,0.71,2,0.61,0.2,-0.7,0.36,2.41,-0.39
"2214","Andriy Rusol",2006,"Ukraine",0.99,-0.22,-0.54,-0.51,0.1,-0.51,-0.69,-0.9,0.36,-0.01,1.27,1.21,-0.15,-0.81,-0.88,-0.84
"2215","Andriy Shevchenko",2006,"Ukraine",2.4,4.21,-0.54,1.75,-0.28,-0.87,-0.04,0.83,-0.43,-0.68,-0.72,-0.56,0.41,1.76,2.62,0.48
"2216","Andriy Vorobei",2006,"Ukraine",-0.42,-0.55,0.94,-0.51,-0.55,-0.66,0.61,0.56,-0.71,-0.12,-0.56,-0.56,0.13,-1.04,-0.22,0.48
"2217","Andriy Voronin",2006,"Ukraine",-0.42,0.81,0.2,1.21,-0.31,-0.8,1.91,0.16,-0.32,0,-0.72,0.04,0.13,0.36,-0.66,0.48
"2218","Artem Milevskiy",2006,"Ukraine",-0.42,-0.61,-0.54,-0.15,-1.23,-0.98,-0.37,-0.5,-0.94,-0.96,-0.72,-0.56,-0.7,1.29,1.09,-0.41
"2219","Maksim Kalininchenko",2006,"Ukraine",0.99,0.73,3.17,-0.15,-0.08,0.06,0.29,0.16,0.4,0.93,-0.56,-0.56,-0.42,0.82,1.09,2.05
"2220","Oleg Gusev",2006,"Ukraine",-0.42,-0.33,0.2,-0.24,0.94,0.74,0.94,0.69,2.07,0.82,0.11,1.3,-0.7,1.06,1.09,-0.19
"2221","Oleg Shelayev",2006,"Ukraine",-0.42,-0.19,-0.54,-0.7,0.77,-0.12,-0.04,0.56,0.99,1.87,-0.31,-0.56,-0.15,1.52,-0.44,-0.75
"2222","Oleksandr Shovkovskiy",2006,"Ukraine",-0.42,-0.66,-0.54,-0.7,-0.38,1.2,-0.69,-0.77,-0.94,-0.96,-0.56,-0.56,-0.42,-1.28,-1.1,-0.75
"2223","Ruslan Rotan",2006,"Ukraine",-0.42,-0.64,0.2,-0.7,-1,-0.76,-0.37,-0.24,-0.61,-0.79,-0.56,-0.56,-0.7,-0.81,-0.44,-0.37
"2224","Serhiy Rebrov",2006,"Ukraine",0.99,0.39,-0.17,-0.15,-0.58,-0.8,-0.69,0.03,-0.33,-0.27,-0.64,-0.56,0.13,-1.04,-0.66,-0.3
"2225","Vladislav Vashchuk",2006,"Ukraine",-0.42,-0.66,-0.54,-0.7,-0.11,-0.51,-0.69,-0.24,-0.64,-0.85,0.36,0.37,-0.7,-0.81,-0.88,-0.84
"2226","Volodymyr Yezerskyiy",2006,"Ukraine",-0.42,-0.3,-0.54,-0.51,-0.72,-0.48,-0.69,-0.5,-0.81,-0.74,-0.47,0.29,-0.42,-0.34,-1.1,-0.84
"2227","Vyacheslav Sviderskyiy",2006,"Ukraine",-0.42,-0.66,-0.54,-0.7,-0.71,-0.76,-0.37,-0.64,-0.49,-0.34,0.36,0.78,-0.42,1.52,-0.44,-0.84
"2228","Ariel Ortega",2002,"Argentina",-0.41,2.96,1.77,1.1,1.25,0.67,0.36,4.53,-0.48,1.24,-0.75,1.11,-0.73,-0.05,4.31,2.83
"2229","Claudio Lopez",2002,"Argentina",-0.41,0.42,1.19,2.33,-0.04,0.36,0.36,-0.46,-0.48,0.24,-0.75,1.46,-0.73,-0.8,-1.07,0.93
"2230","Cristian González",2002,"Argentina",-0.41,0.78,0.61,0.8,-0.27,-0.33,0.36,-0.18,-0.48,-1.01,-0.61,-0.52,-0.73,-0.05,0.72,0.24
"2231","Diego Placente",2002,"Argentina",-0.41,-0.65,-0.56,-0.74,0.47,-0.08,-0.77,0.1,2.01,-0.15,0.5,-0.52,0.94,0.33,0.01,-0.82
"2232","Diego Simeone",2002,"Argentina",-0.41,-0.65,-0.56,-0.74,1.4,0.36,-0.21,-0.46,1,-0.15,0.36,1.38,-0.31,0.33,0.72,-0.6
"2233","Gabriel Batistuta",2002,"Argentina",1.7,1.89,-0.56,2.48,-0.76,-0.95,-0.77,-1.01,-0.48,-0.06,-0.61,3.45,0.52,1.46,-1.07,-0.64
"2234","Hernán Crespo",2002,"Argentina",1.7,0.78,-0.56,0.8,-1.3,-1.08,-0.77,-0.73,-0.48,-0.61,-0.75,-0.52,-0.73,-0.42,-0.71,-0.17
"2235","Javier Zanetti",2002,"Argentina",-0.41,-0.29,1.19,1.87,1.87,0.54,4.3,2.87,0.55,2.5,-0.05,-0.52,0.1,0.33,0.36,0.75
"2236","José Chamot",2002,"Argentina",-0.41,-0.43,-0.56,-0.43,-0.27,-0.52,-0.77,-0.18,0.76,-0.04,-0.19,-0.52,0.1,-0.42,-0.71,-0.82
"2237","Juan Pablo Sorin",2002,"Argentina",-0.41,2.38,-0.56,2.48,0.81,0.54,-0.21,0.37,1.07,2.17,-0.33,-0.52,0.52,-0.05,-0.35,1.22
"2238","Juan Sebastián Verón",2002,"Argentina",-0.41,-0.25,4.69,-0.58,1.53,1.41,0.36,0.93,2.09,0.64,-0.61,-0.52,-0.73,-0.42,1.44,3.86
"2239","Matías Almeyda",2002,"Argentina",-0.41,-0.47,-0.56,-0.74,-0.53,-0.7,-0.21,0.37,-0.38,-0.04,-0.75,-0.52,-0.73,-0.42,-1.07,-0.49
"2240","Mauricio Pochettino",2002,"Argentina",-0.41,1.09,-0.56,0.34,1.45,1.1,-0.77,-0.18,1.83,2.68,1.06,4.9,3.43,1.84,0.01,0.02
"2241","Pablo Aimar",2002,"Argentina",-0.41,0.55,1.77,0.95,0.86,-0.08,0.92,1.48,-0.38,-0.06,-0.75,-0.52,-0.73,-0.05,1.8,2.03
"2242","Pablo Cavallero",2002,"Argentina",-0.41,-0.65,-0.56,-0.74,-0.27,0.85,-0.77,-0.18,-0.95,-1.01,-0.61,-0.52,-0.73,-1.18,-0.35,-0.82
"2243","Walter Samuel",2002,"Argentina",-0.41,-0.65,-0.56,-0.28,1.48,0.54,-0.77,2.31,1.75,0.33,1.89,3.36,2.6,0.71,-0.71,-0.57
"2244","Bart Goor",2002,"Belgium",-0.41,1.19,2.06,1.45,0.91,0.54,0.5,1.48,0.08,0.03,-0.12,0.2,0.21,0.52,1.62,2.39
"2245","Branko Strupar",2002,"Belgium",-0.41,-0.48,-0.56,-0.39,-1.2,-1.09,-0.77,-1.01,-0.95,-0.71,-0.64,-0.52,-0.73,-0.61,-0.26,-0.19
"2246","Daniel van Buyten",2002,"Belgium",-0.41,-0.48,-0.12,-0.62,0.52,0.4,-0.35,-0.8,1.81,2.75,0.92,2.85,0.21,1.37,0.01,-0.41
"2247","Emile Mpenza",2002,"Belgium",-0.41,-0.28,-0.12,0.3,-1.22,-1,0.5,-0.39,-0.32,-0.65,-0.75,-0.52,-0.42,-0.61,-0.53,-0.22
"2248","Eric Deflandre",2002,"Belgium",-0.41,-0.65,-0.56,-0.74,-0.62,0.22,-0.77,-1.01,0.46,-0.71,-0.33,0.71,-0.1,-1.18,-0.26,-0.71
"2249","Eric Van Meir",2002,"Belgium",-0.41,-0.48,-0.56,-0.28,-1.16,-0.67,-0.77,-1.01,-0.46,-0.73,0.5,-0.52,-0.42,-0.9,-0.8,-0.6
"2250","Geert De Vlieger",2002,"Belgium",-0.41,-0.65,-0.56,-0.74,-0.2,1.71,-0.77,-0.6,-0.95,-1.01,-0.44,-0.52,-0.73,-1.18,-0.53,-0.71
"2251","Gert Verheyen",2002,"Belgium",-0.41,0.25,-0.12,2.14,0.07,-0.77,-0.77,-0.8,-0.72,-0.38,-0.64,-0.52,3.33,2.78,2.16,0.38
"2252","Glen De Boeck",2002,"Belgium",-0.41,-0.38,-0.56,-0.16,-0.29,-0.02,-0.77,-1.01,-0.39,1.73,0.5,0.2,0.52,-0.33,-0.53,-0.3
"2253","Jacky Peeters",2002,"Belgium",-0.41,-0.65,0.75,-0.74,0.07,1.43,0.5,0.24,-0.26,0.92,0.71,0.28,0.52,1.37,1.35,1.34
"2254","Johan Walem",2002,"Belgium",1.17,0.19,2.5,-0.62,-0.1,0.31,-0.77,-0.8,-0.26,-0.44,-0.33,-0.52,-0.73,-0.33,0.01,1.67
"2255","Marc Wilmots",2002,"Belgium",4.35,3.36,-0.12,2.25,0.17,0.03,0.92,-0.18,-0.35,-0.06,-0.64,-0.52,1.77,0.23,2.16,0.96
"2256","Mbo Mpenza",2002,"Belgium",-0.41,-0.38,-0.12,0.53,-1.11,-0.95,-0.35,-0.18,0.34,-0.03,-0.64,-0.52,0.21,-0.9,-0.53,0.05
"2257","Nico van Kerckhoven",2002,"Belgium",-0.41,-0.38,-0.12,-0.51,-0.18,0.78,-0.35,-0.39,-0.3,-0.07,0.09,-0.52,0.52,-1.18,-0.8,-0.19
"2258","Peter van der Heyden",2002,"Belgium",1.17,-0.48,1.19,-0.16,0.21,1.15,0.92,-0.18,-0.27,0,0.71,-0.52,0.21,0.8,0.27,0.6
"2259","Sven Vermant",2002,"Belgium",-0.41,-0.65,-0.56,-0.74,-1.26,-0.81,-0.77,-1.01,-0.6,-1.01,-0.75,0.71,-0.73,-1.18,-1.07,-0.82
"2260","Timmy Simons",2002,"Belgium",-0.41,-0.21,0.75,-0.51,0.06,-0.35,-0.35,-0.8,1.45,-0.1,0.09,0.2,0.52,1.08,-0.53,0.11
"2261","Welsey Sonck",2002,"Belgium",1.17,0.75,-0.56,1.22,-0.97,-1,-0.35,-1.01,-0.95,-0.71,-0.64,-0.52,-0.1,-0.33,0.01,-0.08
"2262","Yves Vanderhaeghe",2002,"Belgium",-0.41,-0.41,-0.12,-0.74,0.65,0.08,-0.35,-0.39,0.8,1.98,-0.23,0.2,0.21,2.21,0.27,-0.47
"2263","Anderson Polga",2002,"Brazil",-0.41,-0.61,-0.56,-0.74,-0.65,-0.74,-0.77,-0.77,-0.21,-0.15,0.26,-0.52,-0.73,-1.18,-0.92,-0.64
"2264","Cafu",2002,"Brazil",-0.41,-0.44,1.19,0.25,1.42,2.01,0.92,0.77,1.31,0.58,0.44,0.18,-0.37,1.73,-0.15,0.79
"2265","Denilson",2002,"Brazil",-0.41,-0.53,-0.06,-0.41,-1.06,-0.98,2.61,1.72,-0.95,-0.84,-0.69,-0.52,-0.73,-0.53,0.01,-0.28
"2266","Edílson da Silva Ferreira",2002,"Brazil",-0.41,-0.65,-0.31,0.18,-0.8,-0.93,0.2,-0.18,-0.75,-0.61,-0.75,-0.52,-0.73,-1.02,-0.92,0.3
"2267","Gilberto Silva",2002,"Brazil",-0.41,-0.44,-0.56,-0.54,1.48,-0.04,0.2,-0.3,1.88,1.29,0.62,1.4,0.16,1.73,-0.76,-0.29
"2268","Jose Edmilson",2002,"Brazil",0.49,-0.38,-0.31,-0.47,0.58,0.54,1.41,1.72,0.78,0.16,0.86,1.17,-0.37,-0.53,0.77,-0.21
"2269","José Vitor Roque Junior",2002,"Brazil",-0.41,-0.65,-0.31,-0.67,0.23,-0.31,-0.04,0.89,0.45,0.26,1.58,1.14,1.59,2.05,0.47,-0.68
"2270","Juninho Paulista",2002,"Brazil",-0.41,-0.38,-0.56,0.12,-0.32,-0.5,0.92,1.6,0.54,0.45,-0.75,-0.03,-0.73,-0.86,0.01,-0.13
"2271","Júnior",2002,"Brazil",0.49,-0.36,0.44,-0.54,-1.08,-0.82,-0.29,-0.42,-0.82,-0.78,-0.63,-0.52,-0.73,-1.18,-0.76,-0.01
"2272","Kléberson",2002,"Brazil",-0.41,-0.09,-0.31,-0.28,-0.45,-0.69,0.2,0.18,-0.41,-0.44,-0.45,-0.52,-0.73,-0.86,-0.61,-0.28
"2273","Luizinho",2002,"Brazil",-0.41,-0.11,-0.56,-0.14,-1.44,-1.14,-0.77,-0.65,-0.95,-0.89,-0.75,-0.52,-0.73,-1.02,-0.61,-0.71
"2274","Lúcio",2002,"Brazil",-0.41,-0.3,-0.56,-0.47,0.29,-0.21,0.44,0.53,1.94,1.51,2.35,1.72,1.41,-0.21,0.77,-0.59
"2275","Marcos Roberto Silveira Reis",2002,"Brazil",-0.41,-0.65,-0.56,-0.74,-0.34,1.05,-0.77,-1.01,-0.95,-1.01,-0.15,-0.52,-0.55,-1.18,-1.07,-0.82
"2276","Ricardo Luis Pozzi Rodrigues",2002,"Brazil",-0.41,-0.65,-0.56,-0.67,-0.94,-0.95,-0.77,-0.77,-0.41,-0.67,-0.75,-0.52,-0.73,-1.18,-1.07,-0.4
"2277","Rivaldo",2002,"Brazil",4.12,3.76,0.94,1.5,0.54,-0.42,2.61,0.77,0.06,-0.11,-0.39,-0.05,1.77,0.28,1.7,1.75
"2278","Roberto Carlos",2002,"Brazil",0.49,0.63,-0.06,-0.08,1.13,1.21,-0.04,3.15,1.04,0.6,0.32,-0.04,-0.37,0.11,-0.3,0.12
"2279","Ronaldinho",2002,"Brazil",1.4,1.6,0.44,0.12,-0.32,-0.45,2.13,0.77,-0.88,-0.59,-0.69,-0.52,-0.37,0.28,0.16,1.51
"2280","Ronaldo",2002,"Brazil",6.85,6.3,0.19,4.13,-0.63,-0.87,1.89,1.01,-0.4,-0.48,-0.75,-0.04,-0.37,-0.69,1.08,2.31
"2281","Bill Tchato",2002,"Cameroon",-0.41,-0.65,-0.56,-0.74,0.73,0.98,0.36,-0.46,0.31,1.85,0.92,1.03,0.1,-0.42,0.72,-0.46
"2282","Boukar Alioum",2002,"Cameroon",-0.41,-0.65,-0.56,-0.74,0.14,1.79,-0.77,-1.01,-0.95,-1.01,-0.61,-0.52,-0.73,-1.18,-1.07,-0.82
"2283","Daniel Armand Ngom Kome",2002,"Cameroon",-0.41,-0.56,0.02,-0.58,-0.87,-0.77,1.49,0.1,-0.5,-1.01,-0.75,-0.52,-0.73,0.71,0.01,-0.13
"2284","Geremi",2002,"Cameroon",-0.41,-0.34,5.86,-0.43,3.67,5.02,1.49,5.09,2.25,0.05,0.92,-0.52,0.52,-0.42,1.08,4.77
"2285","Lauren",2002,"Cameroon",-0.41,0.33,1.19,0.34,1.09,0.36,0.36,1.21,0.26,-0.63,-0.61,-0.52,-0.31,0.71,0.72,0.24
"2286","Marc-Vivien Foé",2002,"Cameroon",-0.41,0.15,-0.56,1.56,1.69,0.54,0.36,1.48,1.72,2.19,-0.05,3.35,3.02,1.46,1.08,0.53
"2287","Patrick M'Boma",2002,"Cameroon",1.7,1.4,0.02,1.56,-0.79,-0.95,-0.77,-0.73,-0.95,-1.01,-0.75,-0.52,1.35,-0.8,1.08,0.13
"2288","Patrick Suffo",2002,"Cameroon",-0.41,-0.07,-0.56,-0.12,-1.25,-1.08,-0.21,-0.73,-0.95,-1.01,-0.75,-0.52,-0.31,0.33,-0.71,-0.57
"2289","Pierre Womé",2002,"Cameroon",-0.41,0.11,1.19,-0.43,1.51,2.41,-0.21,2.31,0.2,1.24,0.22,-0.52,0.1,1.84,-0.35,0.86
"2290","Raymond Kalla",2002,"Cameroon",-0.41,-0.11,-0.56,0.95,0.65,0.11,-0.77,-0.73,-0.6,1.78,1.89,6.3,0.94,0.71,0.36,-0.35
"2291","Rigobert Song",2002,"Cameroon",-0.41,-0.16,0.02,0.18,0.96,0.6,-0.77,-0.46,0.16,1.78,1.75,2.44,0.52,-0.42,-0.71,-0.49
"2292","Salomon Olembé",2002,"Cameroon",-0.41,0.42,-0.56,0.49,-0.2,-0.64,4.3,0.37,0.56,-0.36,-0.75,-0.52,-0.31,0.33,0.72,-0.24
"2293","Samuel Eto'o",2002,"Cameroon",1.7,1.49,-0.56,3.25,0.32,-0.64,0.36,1.21,-0.6,-0.03,-0.75,-0.52,-0.73,2.21,0.01,1.96
"2294","Du Wei",2002,"China PR",-0.41,-0.38,-0.56,-0.28,0.11,0.17,-0.77,-0.18,-0.6,-0.43,1.34,0.1,0.52,-0.42,-0.35,-0.82
"2295","Fan Zhiyi",2002,"China PR",-0.41,-0.65,-0.56,-0.74,-0.71,-0.7,-0.77,-1.01,-0.62,-0.72,-0.19,-0.52,-0.73,-1.18,-1.07,-0.82
"2296","Hao Haidong",2002,"China PR",-0.41,-0.51,0.02,-0.43,-0.14,-0.45,-0.21,-0.18,-0.44,-0.72,-0.75,-0.52,-0.31,1.08,0.36,-0.13
"2297","Jiang Jin",2002,"China PR",-0.41,-0.65,-0.56,-0.74,-0.48,0.36,-0.77,-1.01,-0.95,-1.01,-0.33,-0.52,-0.73,-1.18,-1.07,-0.82
"2298","Li Tie",2002,"China PR",-0.41,-0.07,-0.56,-0.58,2.12,1.35,0.92,1.21,-0.11,0.16,0.64,2.46,-0.31,-0.05,-0.35,-0.35
"2299","Li Weifeng",2002,"China PR",-0.41,-0.11,-0.56,0.49,0.63,0.23,-0.21,-0.18,0.58,1.43,2.17,3.03,0.52,0.71,0.01,-0.82
"2300","Li Xiaopeng",2002,"China PR",-0.41,-0.65,0.61,-0.28,1.17,0.67,0.36,1.21,-0.12,-0.71,-0.61,-0.52,-0.31,-0.8,0.72,0.86
"2301","Ma Mingyu",2002,"China PR",-0.41,-0.29,0.02,0.03,-0.4,-0.39,0.36,1.21,-0.29,0.26,-0.75,0.07,-0.73,-1.18,-0.71,-0.49
"2302","Qi Hong",2002,"China PR",-0.41,-0.56,-0.56,-0.74,-1.18,-1.14,-0.21,-1.01,-0.95,-1.01,-0.75,-0.52,-0.73,-1.18,-1.07,-0.53
"2303","Qu Bo",2002,"China PR",-0.41,-0.38,-0.56,-0.12,-1,-1.01,-0.21,-0.73,-0.95,-0.44,-0.75,-0.52,-0.73,-1.18,-0.71,-0.68
"2304","Shao Jiayi",2002,"China PR",-0.41,-0.43,-0.56,-0.28,-1.12,-1.08,0.36,-0.73,-0.95,-1.01,-0.75,-0.52,-0.73,-0.8,-1.07,-0.53
"2305","Wu Chengying",2002,"China PR",-0.41,-0.51,0.61,-0.43,1.22,1.29,0.92,0.65,0.39,0.84,-0.33,-0.52,-0.31,-1.18,0.36,-0.24
"2306","Xu Yunlong",2002,"China PR",-0.41,-0.34,-0.56,-0.58,1.71,1.23,0.92,0.93,0.9,0.69,0.36,-0.52,-0.31,1.46,1.8,-0.82
"2307","Yang Chen",2002,"China PR",-0.41,0.2,0.02,0.34,-1,-0.89,-0.21,-1.01,-0.95,-0.72,-0.61,-0.52,0.1,1.08,0.72,-0.42
"2308","Yang Pu",2002,"China PR",-0.41,-0.65,-0.56,-0.74,-0.94,-0.77,-0.21,0.37,-0.07,-0.13,-0.47,-0.52,-0.73,0.33,0.36,-0.79
"2309","Yu Genwei",2002,"China PR",-0.41,-0.65,-0.56,-0.74,-1.3,-1.01,-0.77,-0.73,-0.95,-0.57,-0.75,-0.52,-0.73,-1.18,-0.71,-0.75
"2310","Zhao Junzhe",2002,"China PR",-0.41,-0.34,-0.56,-0.43,0.5,-0.21,-0.21,-0.46,-0.43,-0.28,-0.61,-0.52,-0.73,-0.05,0.72,-0.82
"2311","Carlos Castro",2002,"Costa Rica",-0.41,0.33,1.77,0.8,2.56,2.35,0.36,0.93,1.31,1.98,0.09,0.6,-0.31,-0.8,0.01,0.89
"2312","Erick Lonnis",2002,"Costa Rica",-0.41,-0.65,-0.56,-0.74,-0.4,0.6,-0.77,-1.01,-0.95,-1.01,-0.75,-0.52,-0.73,-1.18,-1.07,-0.82
"2313","Gilberto Martínez",2002,"Costa Rica",-0.41,-0.47,0.02,-0.74,0.24,-0.14,2.05,0.37,0.44,1.44,1.48,1.04,-0.73,-0.8,0.01,-0.46
"2314","Harold Wallace",2002,"Costa Rica",-0.41,-0.65,1.19,-0.43,0.91,1.41,-0.21,-0.46,0.43,0.16,0.22,0.6,0.1,0.33,-1.07,0.49
"2315","Hernán Medford",2002,"Costa Rica",-0.41,-0.65,-0.56,0.03,-1.1,-0.77,-0.77,-0.46,-0.95,-1.01,-0.75,-0.52,-0.31,-1.18,-0.71,-0.49
"2316","Luis Marín",2002,"Costa Rica",-0.41,-0.65,0.02,-0.74,0.68,0.73,-0.77,1.21,-0.1,0.52,0.92,1.65,0.1,0.33,-0.35,-0.38
"2317","Mauricio Solis",2002,"Costa Rica",-0.41,0.87,0.02,-0.43,0.99,0.48,0.36,0.65,2.04,0.79,-0.33,0.53,-0.31,0.33,-0.35,0.02
"2318","Mauricio Wright",2002,"Costa Rica",1.7,1.85,-0.56,1.1,0.04,-0.45,2.05,-0.18,0.97,1.24,1.75,1.38,-0.31,0.33,1.08,0.09
"2319","Paulo Wanchope",2002,"Costa Rica",1.7,1,-0.56,4.78,-0.2,-0.58,2.05,1.21,0.46,0.08,-0.75,-0.52,0.1,1.84,1.08,2.54
"2320","Rolando Fonseca Jimenez",2002,"Costa Rica",-0.41,-0.29,0.02,-0.28,-0.89,-0.77,-0.77,-0.46,-0.33,-0.47,-0.61,-0.52,-0.73,-0.42,-1.07,-0.46
"2321","Rónald Gómez",2002,"Costa Rica",3.82,2.78,1.19,4.02,0.4,0.29,2.61,1.21,-0.34,-0.1,-0.33,-0.52,0.52,3.34,0.36,4.62
"2322","Steven Bryce",2002,"Costa Rica",-0.41,-0.65,-0.56,-0.43,-0.43,0.17,-0.21,0.65,-0.65,-0.21,-0.33,-0.52,-0.73,-0.05,-1.07,0.13
"2323","Walter Centeno",2002,"Costa Rica",-0.41,0.2,1.19,0.64,1.92,1.1,-0.21,0.37,0.94,1.08,-0.19,0.6,-0.73,-0.05,-0.35,1.74
"2324","Wilmer López",2002,"Costa Rica",-0.41,0.11,0.02,1.41,1.2,0.29,1.49,-0.73,-0.18,-0.81,-0.75,-0.52,-0.73,-0.05,-0.71,1.92
"2325","Winston Parks",2002,"Costa Rica",1.7,0.82,-0.56,0.18,-1.46,-1.14,1.49,0.1,-0.95,-0.81,-0.75,-0.52,-0.73,-0.8,-1.07,0.38
"2326","Alen Boksic",2002,"Croatia",-0.41,0.29,0.61,2.18,-0.48,-0.7,-0.77,-0.46,-0.95,-0.02,-0.33,-0.52,0.94,-1.18,-0.35,1.63
"2327","Boris Zivkovic",2002,"Croatia",-0.41,-0.65,-0.56,-0.74,-0.79,-0.45,-0.77,-0.73,-0.6,-0.41,-0.33,-0.52,-0.31,-0.8,-1.07,-0.82
"2328","Danijel Saric",2002,"Croatia",-0.41,-0.65,0.02,-0.74,0.76,1.72,1.49,1.76,-0.13,1.12,-0.61,1.55,-0.73,-0.42,1.8,0.57
"2329","Dario Simic",2002,"Croatia",-0.41,-0.65,-0.56,-0.74,-0.87,-0.39,-0.77,-0.73,-0.95,-0.81,-0.19,-0.52,-0.73,-0.05,-0.35,-0.82
"2330","Davor Suker",2002,"Croatia",-0.41,-0.51,-0.56,-0.12,-1.38,-1.14,-0.77,-1.01,-0.95,-0.91,-0.75,-0.52,-0.73,-1.18,-0.71,-0.82
"2331","Davor Vugrinec",2002,"Croatia",-0.41,0.47,-0.56,0.18,-0.63,-0.89,-0.21,0.37,-0.5,-1.01,-0.75,-0.52,-0.73,-0.8,-0.35,-0.06
"2332","Ivica Olic",2002,"Croatia",1.7,0.91,-0.56,1.1,-0.87,-1.08,-0.77,-0.18,-0.2,-0.75,-0.75,-0.52,-0.73,-0.42,0.01,-0.79
"2333","Josip Simunic",2002,"Croatia",-0.41,-0.43,-0.56,0.03,0.24,0.36,-0.77,-0.18,1.36,0.59,4.26,0.52,3.02,0.71,0.01,-0.49
"2334","Jurica Vranjes",2002,"Croatia",-0.41,-0.65,-0.56,-0.74,-0.69,-0.39,0.92,-1.01,-0.13,-0.75,-0.19,-0.52,-0.31,-0.05,-0.35,-0.71
"2335","Mario Stanic",2002,"Croatia",-0.41,-0.16,-0.56,1.26,-1.3,-0.95,-0.21,-1.01,-0.83,-0.91,-0.75,-0.52,0.94,-0.42,-0.35,-0.24
"2336","Milan Rapaic",2002,"Croatia",1.7,0.91,3.52,1.1,-0.2,-0.14,2.61,1.76,-0.72,0.15,-0.19,-0.52,-0.31,-0.05,1.08,2.1
"2337","Niko Kovac",2002,"Croatia",-0.41,-0.07,0.02,1.26,0.5,0.17,-0.21,-0.46,1.05,-0.26,0.36,-0.52,3.02,3.34,5.02,1.55
"2338","Robert Jarni",2002,"Croatia",-0.41,-0.6,4.69,-0.74,1.07,2.29,-0.21,0.1,-0.43,0.14,0.64,-0.52,-0.31,0.71,1.8,3.6
"2339","Robert Kovac",2002,"Croatia",-0.41,-0.65,-0.56,-0.74,0.42,0.17,-0.21,0.1,-0.26,0.27,3.28,0.27,1.35,0.71,0.72,-0.64
"2340","Robert Prosinecki",2002,"Croatia",-0.41,-0.43,-0.56,-0.74,-1.15,-0.95,-0.21,-0.73,-0.6,-0.51,-0.61,-0.52,-0.73,-1.18,-1.07,-0.75
"2341","Stipe Pletikosa",2002,"Croatia",-0.41,-0.65,-0.56,-0.74,-0.12,1.79,-0.77,-1.01,-0.95,-1.01,-0.61,-0.52,-0.73,-1.18,-1.07,-0.82
"2342","Stjepan Tomas",2002,"Croatia",-0.41,-0.51,-0.56,-0.43,0.22,-0.39,-0.77,-0.73,1.63,1.23,0.78,-0.52,1.35,1.08,0.36,-0.79
"2343","Zvonimir Soldo",2002,"Croatia",-0.41,0.24,-0.56,-0.12,-0.25,-0.52,-0.77,-0.73,-0.36,-0.2,-0.33,-0.52,-0.31,1.08,-1.07,-0.71
"2344","Christian Poulsen",2002,"Denmark",-0.41,-0.41,-0.56,-0.28,-0.66,-0.63,-0.77,-0.39,-0.85,0.06,-0.44,-0.52,-0.42,-0.05,-1.07,-0.38
"2345","Claus Jensen",2002,"Denmark",-0.41,-0.55,-0.12,-0.62,-1.03,-1.09,0.08,-0.39,-0.57,-0.37,-0.75,-0.52,-0.73,-1.18,-0.8,-0.47
"2346","Dennis Rommedahl",2002,"Denmark",1.17,0.35,0.31,0.76,0.31,0.22,3.04,2.94,-0.42,0.16,-0.64,-0.52,-0.1,0.8,-0.8,0.79
"2347","Ebbe Sand",2002,"Denmark",-0.41,1.26,-0.56,1.91,-0.49,-1.05,-0.35,-0.8,-0.95,-0.73,-0.75,-0.52,0.52,-0.05,0.27,0.25
"2348","Jan Heintze",2002,"Denmark",-0.41,-0.65,-0.56,-0.74,-0.33,0.4,-0.35,-1.01,0.46,0.12,0.19,0.36,-0.1,-0.33,-0.8,-0.82
"2349","Jesper Gronkjaer",2002,"Denmark",-0.41,-0.28,2.06,-0.16,-0.06,-0.3,-0.35,2.52,1.01,-0.2,-0.44,-0.52,1.46,0.52,1.08,0.68
"2350","Jon Dahl Tomasson",2002,"Denmark",5.94,3.29,-0.56,2.71,0,-0.86,-0.77,-0.6,-0.7,-0.37,-0.44,0.61,-0.42,0.23,0.27,0.77
"2351","Kasper Bogelund",2002,"Denmark",-0.41,-0.08,-0.56,0.07,0.11,0.03,0.08,0.03,-0.95,0.27,-0.54,-0.52,-0.42,-0.61,-0.26,-0.47
"2352","Martin Jorgensen",2002,"Denmark",-0.41,-0.58,0.31,0.18,-0.49,-0.63,0.5,0.24,-0.27,-0.65,-0.75,-0.52,-0.73,-1.18,-0.53,0.36
"2353","Martin Laursen",2002,"Denmark",-0.41,-0.51,-0.56,-0.16,0.98,0.68,-0.77,0.44,0.87,1.68,3.21,0.19,2.71,0.8,1.35,-0.22
"2354","Niclas Jensen",2002,"Denmark",-0.41,-0.55,-0.12,-0.74,0.89,2.27,-0.77,0.86,-0.15,-0.48,-0.33,-0.52,-0.42,1.65,-0.8,-0.3
"2355","René Henriksen",2002,"Denmark",-0.41,-0.65,-0.56,-0.74,1.18,0.96,-0.77,-0.18,0.63,1.91,1.75,0.19,-0.42,-0.9,0.54,-0.71
"2356","Stig Töfting",2002,"Denmark",-0.41,-0.65,2.06,-0.74,0.64,0.08,-0.77,-0.6,2.07,1.33,-0.23,-0.52,-0.1,-0.61,-0.26,1.01
"2357","Thomas Gravesen",2002,"Denmark",-0.41,-0.08,0.31,-0.51,1.7,0.31,-0.35,-0.39,1.23,1.27,-0.44,-0.52,-0.42,0.8,0.01,0.25
"2358","Thomas Helveg",2002,"Denmark",-0.41,-0.61,-0.12,-0.74,0.64,1.34,0.92,0.03,1.31,0.62,0.4,-0.52,-0.1,1.65,-0.26,-0.47
"2359","Thomas Sorensen",2002,"Denmark",-0.41,-0.65,-0.56,-0.74,0.4,2.04,-0.77,-0.8,-0.95,-1.01,-0.75,-0.52,-0.42,-1.18,-1.07,-0.82
"2360","Agustin Delgado",2002,"Ecuador",1.7,0.02,-0.56,2.79,0.35,-0.95,0.92,-0.46,0.23,-0.22,-0.61,-0.52,3.02,0.71,0.36,0.16
"2361","Alfonso Obregón",2002,"Ecuador",-0.41,-0.34,-0.56,-0.74,1.97,0.73,0.36,0.1,1.16,0.12,-0.33,-0.52,-0.31,-0.05,-0.71,-0.13
"2362","Augusto Porozo",2002,"Ecuador",-0.41,-0.65,-0.56,-0.74,-0.14,-0.02,-0.77,-1.01,-0.16,0.68,3.14,1.37,1.35,-0.8,-0.35,-0.82
"2363","Carlos Tenorio",2002,"Ecuador",-0.41,-0.2,-0.56,0.03,-0.07,-0.77,1.49,0.1,0.14,-0.56,-0.75,2.72,0.94,0.71,0.72,-0.71
"2364","Edison Méndez",2002,"Ecuador",1.7,1.13,1.77,0.34,1.97,0.54,2.05,0.37,4.62,-0.09,-0.61,-0.52,-0.73,1.84,1.08,0.86
"2365","Edwin Tenorio",2002,"Ecuador",-0.41,-0.51,-0.56,-0.74,-0.07,-0.39,-0.21,-1.01,0.49,0.1,-0.61,1.29,-0.31,-0.05,-0.71,-0.64
"2366","Iván Hurtado",2002,"Ecuador",-0.41,-0.56,-0.56,-0.43,1.32,1.16,-0.77,-0.18,0.12,3.17,2.17,2.33,0.1,-1.18,0.01,-0.82
"2367","Iván Kaviedes",2002,"Ecuador",-0.41,-0.65,-0.56,-0.12,-1.36,-1.01,-0.77,-1.01,-0.68,-0.78,-0.75,-0.52,-0.73,-0.42,-0.71,-0.35
"2368","José Cevallos",2002,"Ecuador",-0.41,-0.65,-0.56,-0.74,0.06,1.79,-0.77,-0.73,-0.95,-1.01,-0.61,-0.52,-0.73,-1.18,-1.07,-0.82
"2369","Kléber Chalá",2002,"Ecuador",-0.41,-0.43,0.02,-0.58,0.63,0.54,-0.77,-0.18,0.77,0.69,-0.19,-0.52,0.1,3.34,0.36,0.05
"2370","Marlon Ayovi",2002,"Ecuador",-0.41,-0.29,-0.56,-0.74,0.91,-0.33,-0.21,0.1,0.68,0.95,0.09,-0.52,-0.31,0.33,-0.35,-0.82
"2371","Raúl Guerrón",2002,"Ecuador",-0.41,-0.11,0.02,-0.58,1.48,2.85,-0.21,0.93,3.07,2.29,1.89,1.29,0.1,2.59,0.01,-0.53
"2372","Ulises De la Cruz",2002,"Ecuador",-0.41,-0.56,2.36,-0.74,3.9,4.53,2.61,2.31,1.56,2.58,0.5,1.29,0.1,-0.05,0.72,1.11
"2373","Álex Aguinaga",2002,"Ecuador",-0.41,-0.65,0.02,-0.28,-0.25,-0.33,-0.21,-1.01,0,0.37,-0.47,1.37,0.52,-0.42,1.08,0.2
"2374","Ashley Cole",2002,"England",-0.41,-0.46,-0.21,-0.18,1.29,0.69,0.58,0.82,1.23,0.15,1.67,0.93,0.27,0.63,1.94,-0.41
"2375","Danny Mills",2002,"England",-0.41,-0.22,1.89,-0.09,0.55,0.73,0.92,2.65,0.98,0.56,1.59,-0.52,0.52,0.4,0.87,1.19
"2376","Darius Vassell",2002,"England",-0.41,-0.59,-0.56,-0.09,-1.22,-1.1,-0.43,-0.35,-0.81,-0.67,-0.67,-0.52,-0.48,-0.5,-0.42,-0.63
"2377","David Beckham",2002,"England",0.86,2.34,5.04,-0.18,0.78,1.18,-0.43,1.48,-0.1,-0.1,-0.5,-0.52,0.27,-0.95,0.87,3.45
"2378","David Seaman",2002,"England",-0.41,-0.65,-0.56,-0.74,0.13,1.96,-0.77,-0.01,-0.95,-1.01,-0.42,-0.52,-0.23,-1.18,-1.07,-0.74
"2379","Emile Heskey",2002,"England",0.86,0.95,-0.56,1.93,-0.21,-0.84,0.25,-0.01,-0.6,-0.61,-0.5,0.75,5.27,0.63,0.01,-0.6
"2380","Kieron Dyer",2002,"England",-0.41,-0.65,-0.56,-0.64,-0.8,-0.88,0.58,-0.01,-0.87,-0.87,-0.75,-0.02,-0.73,-0.5,-0.85,-0.67
"2381","Michael Owen",2002,"England",2.13,1.49,-0.56,1.84,-0.6,-1.03,0.92,0.49,-0.87,-0.84,-0.67,-0.52,-0.48,-0.73,0.65,0.08
"2382","Nicky Butt",2002,"England",-0.41,0.29,-0.56,0,0.69,-0.39,-0.43,-0.51,-0.06,-0.17,-0.33,-0.52,-0.73,1.31,-0.85,-0.58
"2383","Owen Hargreaves",2002,"England",-0.41,-0.65,-0.21,-0.74,-0.89,-0.99,0.25,-1.01,-0.54,-0.14,-0.67,-0.52,-0.73,-0.95,-0.85,-0.71
"2384","Paul Scholes",2002,"England",-0.41,-0.22,-0.56,-0.64,1.74,0.58,1.26,0.65,1.04,0.97,-0.58,-0.33,-0.73,1.08,0.44,-0.14
"2385","Rio Ferdinand",2002,"England",0.86,-0.27,-0.56,0.46,0.65,-0.06,-0.77,-0.68,-0.95,-0.31,3.01,1.64,0.52,-0.5,-0.21,-0.6
"2386","Robbie Fowler",2002,"England",-0.41,-0.65,-0.21,-0.74,-1.33,-1.1,-0.43,-1.01,-0.95,-1.01,-0.75,-0.52,-0.73,-0.95,-0.85,-0.49
"2387","Sol Campbell",2002,"England",0.86,-0.25,-0.56,-0.18,-0.01,-0.35,-0.43,-0.68,-0.69,-0.39,3.01,0.97,1.77,0.63,0.22,-0.82
"2388","Teddy Sheringham",2002,"England",-0.41,-0.01,-0.56,0,-1.06,-1.03,-0.43,-0.84,-0.95,-0.96,-0.67,-0.52,-0.73,-0.73,-0.64,-0.82
"2389","Trevor Sinclair",2002,"England",-0.41,0.02,-0.56,0,0.11,-0.28,0.92,1.15,-0.14,-0.38,-0.25,-0.52,0.02,-0.27,0.65,0.12
"2390","Bixente Lizarazu",2002,"France",-0.41,-0.6,0.61,-0.28,2.15,2.29,0.36,0.93,5.73,1.76,0.22,-0.52,-0.31,-0.05,2.16,1
"2391","Christophe Dugarry",2002,"France",-0.41,-0.47,0.61,0.18,-0.12,-0.52,0.36,0.1,0.11,-0.58,-0.75,-0.52,0.94,-0.8,0.72,0.49
"2392","Claude Makelele",2002,"France",-0.41,-0.6,-0.56,-0.43,0.24,-0.27,0.36,0.37,0.56,1.11,-0.61,-0.52,-0.73,-0.05,-0.35,-0.82
"2393","David Trezeguet",2002,"France",-0.41,3.85,-0.56,4.32,-0.38,-0.95,0.36,-0.46,-0.95,-1.01,-0.75,-0.52,0.52,-0.8,-0.35,1.59
"2394","Djibril Cissé",2002,"France",-0.41,0.33,0.61,0.8,-1.33,-1.14,0.36,-0.46,-0.45,-0.58,-0.75,-0.52,-0.31,-0.8,-0.35,-0.42
"2395","Emmanuel Petit",2002,"France",-0.41,0.11,2.94,0.18,1.69,0.85,-0.77,-0.18,0.08,2,-0.75,-0.52,-0.73,-0.42,0.01,2.32
"2396","Fabien Barthez",2002,"France",-0.41,-0.65,-0.56,-0.74,0.09,1.91,-0.77,1.48,-0.95,-1.01,-0.47,-0.52,-0.73,-1.18,-1.07,0.46
"2397","Frank Leboeuf",2002,"France",-0.41,-0.38,-0.56,-0.43,0.24,0.23,-0.77,0.65,0.16,0.4,-0.33,-0.52,0.1,-0.05,-0.35,-0.75
"2398","Johan Micoud",2002,"France",-0.41,-0.29,0.02,0.64,-0.09,-0.7,-0.21,0.93,0.5,0.22,-0.61,-0.52,-0.31,-0.42,0.01,0.89
"2399","Lilian Thuram",2002,"France",-0.41,-0.65,0.61,-0.58,2.2,1.79,-0.77,2.87,0.5,1.13,-0.19,1.13,0.1,0.33,-0.35,0.93
"2400","Marcel Desailly",2002,"France",-0.41,-0.11,-0.56,0.34,2.43,1.85,0.92,1.21,1.63,3.65,1.34,1.23,1.77,1.08,1.44,-0.82
"2401","Patrick Vieira",2002,"France",-0.41,0.78,-0.56,1.72,2.69,0.6,0.36,1.21,4.62,2.94,-0.33,-0.52,0.94,0.71,3.23,0.16
"2402","Sylvain Wiltord",2002,"France",-0.41,0.87,1.77,1.56,1.81,0.23,1.49,4.53,0.56,1.13,-0.75,-0.52,-0.73,1.08,1.08,2.94
"2403","Thierry Henry",2002,"France",-0.41,0.24,2.36,1.41,-0.79,-1.01,-0.21,0.37,0.63,-0.14,-0.75,-0.52,-0.31,0.71,-0.35,0.68
"2404","Vincent Candela",2002,"France",-0.41,-0.6,1.19,-0.58,0.83,1.23,0.92,0.65,1.95,1.45,-0.47,-0.52,-0.31,0.71,-0.71,0.57
"2405","Youri Djorkaeff",2002,"France",-0.41,-0.07,0.02,-0.74,-0.94,-0.77,-0.77,-0.73,-0.95,-1.01,-0.75,-0.52,-0.73,-0.42,0.01,0.31
"2406","Zinedine Zidane",2002,"France",-0.41,0.02,0.61,-0.12,0.04,-0.33,-0.21,0.1,0.05,-0.16,-0.75,-0.52,-0.73,-0.8,-0.35,0.27
"2407","Bernd Schneider",2002,"Germany",0.49,-0.17,3.19,-0.21,1.1,0.76,0.92,0.65,1.23,0.57,-0.45,-0.52,-0.19,0.11,1.7,3.31
"2408","Carsten Jancker",2002,"Germany",0.49,0.76,-0.56,0.97,-1.15,-1.06,-0.53,-0.89,-0.78,-0.89,-0.69,-0.52,0.34,0.28,-0.15,-0.37
"2409","Carsten Ramelow",2002,"Germany",-0.41,-0.46,-0.56,-0.67,0.38,-0.1,-0.53,0.65,0.54,0.34,0.5,0.19,0.16,-0.21,-0.15,-0.46
"2410","Christian Ziege",2002,"Germany",-0.41,-0.32,0.94,-0.47,-0.11,0.3,-0.53,-0.54,0.06,-0.15,-0.15,-0.52,-0.55,0.11,-0.92,1.07
"2411","Christoph Metzelder",2002,"Germany",-0.41,-0.5,-0.56,-0.28,0.37,-0.07,-0.29,0.06,0.54,1.01,0.98,1.13,0.16,0.76,1.54,-0.62
"2412","Dietmar Hamann",2002,"Germany",-0.41,0.15,-0.31,-0.67,1.24,-0.04,0.68,0.18,2.17,2.28,-0.15,0.4,0.16,1.24,0.31,-0.31
"2413","Frank Baumann",2002,"Germany",-0.41,-0.65,-0.31,-0.74,-1.33,-0.98,-0.77,-0.65,-0.75,-0.84,-0.69,-0.52,-0.55,-1.02,-1.07,-0.64
"2414","Jens Jeremies",2002,"Germany",-0.41,-0.32,-0.31,-0.47,-0.3,-0.74,-0.29,-0.42,0.7,0.09,-0.33,-0.31,-0.19,-0.86,0.16,-0.64
"2415","Marco Bode",2002,"Germany",0.49,0.23,-0.31,0.45,-0.72,-0.63,-0.53,-0.3,-0.26,-0.54,-0.51,-0.52,-0.19,-0.21,-0.3,-0.18
"2416","Marko Rehmer",2002,"Germany",-0.41,-0.65,-0.56,-0.74,-1.39,-1.09,-0.77,-0.89,-0.95,-0.5,-0.33,-0.52,-0.73,-0.86,-0.76,-0.76
"2417","Michael Ballack",2002,"Germany",2.31,1.95,0.69,1.76,0.48,-0.26,-0.04,-0.3,1.5,0.25,-0.39,0.67,0.88,1.08,0.31,1.09
"2418","Miroslav Klose",2002,"Germany",4.12,3.26,-0.31,3.6,-0.7,-0.77,0.68,0.41,0.2,-0.35,-0.75,-0.18,2.48,0.92,1.85,0.52
"2419","Oliver Bierhoff",2002,"Germany",0.49,-0.13,-0.56,-0.21,-1.36,-1.03,-0.77,-1.01,-0.75,-1.01,-0.75,-0.52,-0.01,-0.53,-0.45,-0.49
"2420","Oliver Kahn",2002,"Germany",-0.41,-0.65,-0.56,-0.74,-0.11,1.45,-0.77,-0.77,-0.95,-1.01,-0.51,-0.52,-0.73,-1.18,-0.92,-0.37
"2421","Oliver Neuville",2002,"Germany",0.49,0.46,1.94,0.05,-0.68,-0.74,-0.04,0.06,-0.4,-0.54,-0.75,0.18,-0.73,-0.21,0.77,1.42
"2422","Sebastian Kehl",2002,"Germany",-0.41,-0.65,-0.56,-0.67,-0.88,-0.95,-0.77,-0.3,-0.63,-0.67,-0.33,-0.52,-0.55,-0.86,-0.92,-0.82
"2423","Thomas Linke",2002,"Germany",0.49,0.31,-0.56,-0.14,1.27,1.24,-0.77,0.53,1.44,1.33,2.29,0.23,0.52,-0.05,-0.45,-0.59
"2424","Torsten Frings",2002,"Germany",-0.41,-0.17,3.69,-0.34,1.49,1.74,1.16,1.13,2.43,1.06,0.98,-0.52,0.52,1.08,0.77,2.29
"2425","Alessandro Del Piero",2002,"Italy",1.05,-0.03,-0.16,0.01,-1.08,-0.97,0.01,-0.44,-0.95,-0.87,-0.65,-0.24,-0.73,-0.4,-0.08,-0.44
"2426","Alessandro Nesta",2002,"Italy",-0.41,-0.62,-0.56,-0.74,-0.87,-0.54,-0.77,-0.82,-0.49,-0.95,1.27,-0.52,0.71,-0.66,-0.32,-0.62
"2427","Angelo Di Livio",2002,"Italy",-0.41,-0.65,-0.56,-0.74,-1.08,-0.88,-0.77,-0.63,-0.79,-0.87,-0.56,-0.52,-0.73,-1.18,-1.07,-0.72
"2428","Christian Panucci",2002,"Italy",-0.41,-0.25,0.65,-0.31,0.42,1.53,0.01,-0.05,-0.33,0.03,1.27,-0.52,0.71,-0.4,0.67,0.32
"2429","Christian Vieri",2002,"Italy",5.45,6.26,-0.56,5.21,-0.3,-1.01,0.79,0.52,-0.87,-0.8,-0.27,-0.24,2.15,0.65,2.65,0.19
"2430","Cristiano Doni",2002,"Italy",-0.41,0.34,-0.16,-0.42,-0.8,-0.84,-0.77,-0.44,-0.79,-0.48,-0.56,-0.52,-0.44,-0.4,-0.08,-0.17
"2431","Cristiano Zanetti",2002,"Italy",-0.41,-0.49,-0.56,-0.74,0.31,-0.02,-0.38,-0.63,-0.19,0.6,-0.36,-0.24,-0.73,1.43,0.42,-0.24
"2432","Damiano Tommasi",2002,"Italy",-0.41,-0.15,0.25,-0.31,0.4,0.24,0.4,-0.24,1.05,1.73,-0.36,-0.24,-0.44,2.47,0.42,0.32
"2433","Fabio Cannavaro",2002,"Italy",-0.41,-0.59,-0.56,-0.63,-0.69,-0.58,-0.77,-0.82,0.05,0.57,1.75,1.59,1,-0.4,-0.82,-0.82
"2434","Filippo Inzaghi",2002,"Italy",-0.41,-0.56,-0.56,0.11,-1.31,-1.05,-0.38,-0.44,-0.88,-1.01,-0.75,-0.52,-0.73,-0.66,-0.32,-0.37
"2435","Francesco Coco",2002,"Italy",-0.41,-0.65,-0.16,-0.63,-0.94,-0.54,0.01,-0.44,-0.16,-0.68,-0.56,-0.52,-0.73,-0.4,-1.07,-0.49
"2436","Francesco Totti",2002,"Italy",-0.41,1.66,3.08,0.64,0.54,0.28,0.4,-0.05,-0.81,-0.35,-0.75,-0.52,-0.44,2.21,3.65,2.97
"2437","Gennaro Gattuso",2002,"Italy",-0.41,-0.43,-0.56,-0.52,-0.99,-0.58,-0.77,-1.01,-0.47,-0.67,-0.27,-0.52,-0.73,-0.92,-0.08,-0.82
"2438","Gianluca Zambrotta",2002,"Italy",-0.41,0.06,2.67,0.33,-0.17,0.59,1.96,0.52,-0.02,-0.11,-0.27,-0.52,0.71,0.91,1.41,1.63
"2439","Gianluigi Buffon",2002,"Italy",-0.41,-0.65,-0.56,-0.74,-0.71,0.41,-0.77,-0.63,-0.95,-1.01,-0.65,-0.52,-0.73,-1.18,-1.07,-0.72
"2440","Luigi Di Biagio",2002,"Italy",-0.41,-0.65,-0.56,-0.52,-1.14,-0.92,-0.77,-1.01,-0.95,-0.47,-0.75,-0.24,-0.73,-0.92,-1.07,-0.8
"2441","Marco Materazzi",2002,"Italy",-0.41,-0.65,-0.56,-0.74,-1.26,-0.97,-0.77,-0.82,-0.95,-0.61,0.41,-0.52,0.14,-0.92,-1.07,-0.82
"2442","Mark Iuliano",2002,"Italy",-0.41,-0.65,-0.56,-0.74,-1.19,-0.71,-0.77,-1.01,-0.71,-0.94,-0.17,-0.52,-0.44,-0.4,-1.07,-0.6
"2443","Paolo Maldini",2002,"Italy",-0.41,-0.52,-0.56,-0.52,0.77,1.49,-0.77,0.33,-0.19,0.51,0.6,-0.52,0.71,0.91,-0.32,-0.65
"2444","Vincenzo Montella",2002,"Italy",-0.41,0,-0.16,-0.42,-1.42,-1.1,-0.77,-1.01,-0.88,-1.01,-0.75,-0.52,-0.73,-0.92,-1.07,-0.49
"2445","Akinori Nishizawa",2002,"Japan",-0.41,-0.08,-0.56,0.07,-1.16,-1.09,-0.35,-0.18,-0.95,-0.7,-0.64,-0.52,-0.42,0.23,-0.8,-0.58
"2446","Alessandro Santos",2002,"Japan",-0.41,-0.28,0.31,-0.05,-1.12,-0.77,0.08,-0.39,-0.27,-1.01,-0.75,-0.52,-0.73,-0.9,-0.26,-0.55
"2447","Atsushi Yanagisawa",2002,"Japan",-0.41,0.05,-0.12,0.64,-0.87,-0.86,0.08,-0.6,-0.77,-0.55,-0.75,-0.52,-0.1,0.8,1.62,-0.08
"2448","Daisuke Ichikawa",2002,"Japan",-0.41,-0.55,1.19,-0.62,-0.22,0.17,-0.35,0.44,-0.32,0.82,-0.54,-0.52,-0.73,-0.05,0.54,0.52
"2449","Hidetoshi Nakata",2002,"Japan",1.17,0.82,0.31,0.64,0.69,0.45,0.08,1.48,0.14,1.21,-0.75,-0.52,-0.73,-0.05,2.43,1.21
"2450","Hiroaki Morishima",2002,"Japan",1.17,0.39,-0.56,0.18,-1.11,-0.91,-0.35,-0.8,-0.95,0.24,-0.75,0.58,-0.42,-0.61,-0.26,-0.8
"2451","Junichi Inamoto",2002,"Japan",2.76,0.09,-0.56,0.18,-0.27,-0.3,2.19,0.44,1.21,2.28,-0.12,0.58,-0.1,1.65,0.54,0.03
"2452","Kazuyuki Toda",2002,"Japan",-0.41,-0.58,-0.56,-0.74,1.54,0.31,-0.35,0.03,1.18,2.56,-0.12,0.58,0.21,3.34,-0.8,-0.38
"2453","Koji Nakata",2002,"Japan",-0.41,-0.58,0.75,-0.62,2.01,2.13,0.5,0.86,-0.25,2.32,1.96,1.67,1.77,0.52,0.81,0.19
"2454","Naoki Matsuda",2002,"Japan",-0.41,-0.51,-0.56,-0.74,1.56,1.62,0.08,3.98,0.12,0.28,0.71,-0.52,0.21,-0.33,0.27,0
"2455","Ryuzo Morioka",2002,"Japan",-0.41,-0.65,-0.56,-0.74,-0.89,-0.81,-0.77,-1.01,-0.64,-1.01,-0.33,0.58,0.21,-0.9,-1.07,-0.82
"2456","Seigo Narazaki",2002,"Japan",-0.41,-0.65,-0.56,-0.74,0.02,1.2,-0.77,-0.8,-0.95,-1.01,-0.64,-0.52,-0.73,-1.18,-0.26,-0.55
"2457","Shinji Ono",2002,"Japan",-0.41,0.12,0.31,0.3,1.25,1.2,-0.35,0.86,1.71,1.21,-0.12,0.58,0.21,2.21,0.01,0.57
"2458","Takayuki Suzuki",2002,"Japan",1.17,0.15,-0.56,1.33,-0.27,-0.77,-0.35,-0.8,-0.95,0.24,-0.54,-0.52,1.46,1.93,3.5,0.22
"2459","Tomokazu Myojin",2002,"Japan",-0.41,-0.55,-0.56,-0.74,0.48,0.54,-0.77,-0.18,1.43,1.53,0.4,-0.52,-0.42,-0.05,0.01,-0.74
"2460","Tsuneyasu Miyamoto",2002,"Japan",-0.41,-0.65,-0.56,-0.74,0.58,0.26,-0.35,0.65,-0.77,1.33,1.34,3.34,0.21,-0.33,1.35,-0.63
"2461","Braulio Luna",2002,"Mexico",-0.41,0.49,0.75,0.99,0.91,0.12,0.92,1.48,0.23,-0.01,-0.12,0.83,-0.42,0.23,0.01,1.45
"2462","Cuauhtémoc Blanco",2002,"Mexico",1.17,3.43,2.06,1.79,1.91,0.17,0.92,1.69,0.99,-0.31,-0.75,-0.52,-0.1,-0.33,3.77,3.04
"2463","Gabriel Caballero",2002,"Mexico",-0.41,-0.65,-0.56,-0.51,-0.76,-0.95,-0.77,-0.39,0.62,0.33,-0.64,2.26,-0.73,-0.9,-0.26,-0.82
"2464","Gerardo Torrado",2002,"Mexico",1.17,0.12,-0.12,-0.74,2.65,0.64,2.19,0.44,4.25,2.92,0.19,0.79,1.46,1.93,0.27,0.41
"2465","Jared Borgetti",2002,"Mexico",2.76,1.26,-0.56,2.25,-0.45,-0.91,-0.77,-1.01,1.01,0.04,-0.54,-0.52,1.15,0.52,0.01,0.03
"2466","Jesús Arellano",2002,"Mexico",-0.41,-0.05,-0.56,0.53,1.2,0.82,1.77,2.52,0.27,1.04,0.09,0.79,-0.42,-0.05,0.54,-0.11
"2467","Johan Rodríguez",2002,"Mexico",-0.41,0.42,-0.56,0.41,0.6,-0.16,-0.35,0.86,0.21,0.96,-0.33,-0.52,-0.42,-0.05,0.81,-0.06
"2468","Luis Hernández",2002,"Mexico",-0.41,0.22,-0.56,0.87,-1.07,-1.14,-0.35,-0.8,-0.57,-1.01,-0.75,-0.52,-0.73,-0.61,-0.8,-0.33
"2469","Manuel Vidrio",2002,"Mexico",-0.41,-0.65,-0.56,-0.74,0.98,0.82,-0.77,1.69,1.4,0,1.23,-0.52,0.21,0.8,-0.53,-0.82
"2470","Rafael Márquez",2002,"Mexico",-0.41,-0.18,-0.56,-0.39,3.3,1.76,-0.35,2.94,0.97,0.95,1.75,0.94,3.02,-0.05,-0.26,-0.25
"2471","Ramón Morales",2002,"Mexico",-0.41,-0.18,2.94,0.07,1.04,0.64,0.92,1.07,1.78,0.29,0.09,-0.52,-0.42,-0.33,0.81,1.23
"2472","Salvador Carmona",2002,"Mexico",-0.41,-0.55,-0.12,-0.74,3.07,1.57,-0.35,3.56,4.98,2.32,0.29,-0.52,0.21,1.65,1.08,-0.38
"2473","Sigifredo Mercado",2002,"Mexico",-0.41,-0.58,-0.56,-0.39,-0.08,-0.06,-0.77,1.07,0.22,0.33,0.5,-0.52,-0.1,-0.33,-1.07,-0.06
"2474","Óscar Pérez",2002,"Mexico",-0.41,-0.65,-0.56,-0.74,0.65,1.76,-0.77,-1.01,-0.57,-1.01,-0.64,-0.52,-0.73,-1.18,-1.07,-0.82
"2475","Bartholomew Ogbeche",2002,"Nigeria",-0.41,0.11,-0.56,0.64,-0.66,-1.08,-0.77,-0.73,-0.78,-0.59,-0.75,-0.52,-0.31,-0.05,1.08,-0.24
"2476","Benedict Akwuegbu",2002,"Nigeria",-0.41,-0.43,-0.56,0.18,-1.07,-0.95,-0.21,0.1,-0.95,-1.01,-0.75,-0.52,0.1,-0.8,-0.71,-0.49
"2477","Celestine Babayaro",2002,"Nigeria",-0.41,-0.65,-0.56,-0.58,-0.02,0.29,-0.77,-0.46,-0.11,-0.29,0.5,-0.52,-0.31,-0.8,-1.07,-0.6
"2478","Efe Sodje",2002,"Nigeria",-0.41,-0.25,-0.56,-0.28,0.14,0.23,-0.77,-0.73,-0.78,-0.45,0.5,0.56,-0.73,0.71,-0.71,-0.75
"2479","Femi Opabunmi",2002,"Nigeria",-0.41,-0.51,-0.56,-0.28,-0.84,-0.89,-0.77,-0.18,-0.64,-1.01,0.09,-0.52,-0.31,-1.18,-1.07,-0.82
"2480","Garba Lawal",2002,"Nigeria",-0.41,-0.65,0.02,-0.43,-0.97,-0.83,-0.77,-0.73,-0.44,-0.86,-0.47,-0.52,-0.31,-0.05,-0.71,-0.17
"2481","Ifeanyi Udeze",2002,"Nigeria",-0.41,-0.51,0.61,-0.74,0.45,0.36,0.36,2.04,0,-0.47,-0.05,-0.52,-0.73,-0.42,-0.35,0.31
"2482","Ike Shorunmu",2002,"Nigeria",-0.41,-0.65,-0.56,-0.74,-0.63,0.54,-0.77,-1.01,-0.95,-1.01,-0.33,-0.52,-0.73,-1.18,-1.07,-0.82
"2483","Isaac Okoronkwo",2002,"Nigeria",-0.41,-0.6,-0.56,-0.43,1.02,0.79,-0.77,-0.46,1.79,1.45,1.75,1.7,0.52,-0.8,-0.71,-0.82
"2484","James Obiorah",2002,"Nigeria",-0.41,-0.51,-0.56,0.03,-0.56,-0.89,-0.21,-1.01,-0.64,-0.48,-0.75,-0.52,-0.73,-0.8,-1.07,-0.38
"2485","Jay-Jay Okocha",2002,"Nigeria",-0.41,1.27,3.52,-0.58,2.36,2.47,4.87,2.04,1.02,-0.86,-0.61,-0.52,-0.73,0.33,0.36,4.62
"2486","John Utaka",2002,"Nigeria",-0.41,0.2,0.02,0.34,-0.76,-0.7,0.92,-1.01,-0.95,-0.45,-0.75,-0.52,-0.73,-0.05,-1.07,0.35
"2487","Joseph Yobo",2002,"Nigeria",-0.41,-0.16,0.61,-0.43,0.89,0.42,1.49,-0.46,3.23,2.37,2.17,5.55,-0.73,0.33,0.01,0.09
"2488","Julius Aghahowa",2002,"Nigeria",1.7,0.95,0.61,1.41,-0.48,-0.89,-0.21,-0.46,-0.78,-0.74,-0.47,-0.52,-0.73,-0.05,0.36,0.09
"2489","Justice Christopher",2002,"Nigeria",-0.41,-0.51,-0.56,-0.74,1.2,-0.14,-0.21,0.37,0.03,-0.06,-0.47,1.7,-0.31,1.84,0.36,-0.46
"2490","Kanu",2002,"Nigeria",-0.41,0.15,-0.56,-0.12,-0.94,-0.95,-0.77,-0.73,-0.45,-1.01,-0.75,-0.52,-0.73,-1.18,-0.35,-0.79
"2491","Pius Ikedia",2002,"Nigeria",-0.41,-0.47,0.02,0.8,-0.97,-0.77,2.61,0.65,-0.62,-0.86,-0.75,-0.52,-0.73,-0.8,-0.71,0.64
"2492","Taribo West",2002,"Nigeria",-0.41,-0.11,-0.56,-0.43,-0.48,-0.14,1.49,0.65,-0.45,1.08,1.2,4.61,0.52,0.71,-0.35,-0.82
"2493","Vincent Enyeama",2002,"Nigeria",-0.41,-0.65,-0.56,-0.74,-1.1,-0.33,-0.77,-1.01,-0.95,-1.01,-0.75,-0.52,-0.73,-1.18,-1.07,-0.82
"2494","Carlos Bonet",2002,"Paraguay",-0.41,-0.65,-0.56,-0.74,-1.18,-1,-0.77,-1.01,-0.95,-0.79,-0.54,-0.52,-0.42,-0.9,-0.53,-0.82
"2495","Carlos Gamarra",2002,"Paraguay",-0.41,-0.11,-0.56,-0.05,0.17,0.17,-0.77,1.28,0.5,1.14,2.59,3.57,2.39,1.08,0.27,-0.69
"2496","Carlos Paredes",2002,"Paraguay",-0.41,-0.65,-0.56,-0.51,-0.83,-1.05,-0.35,-0.8,-0.5,-0.75,-0.44,-0.52,-0.1,-0.05,-0.53,-0.82
"2497","Celso Ayala",2002,"Paraguay",-0.41,-0.18,-0.56,-0.51,-0.43,-0.72,-0.35,-0.39,-0.95,-0.36,3.53,0,-0.1,0.23,0.01,-0.8
"2498","Denis Caniza",2002,"Paraguay",-0.41,-0.31,0.75,-0.28,0.33,0.45,-0.77,-0.18,-0.5,0.39,0.71,-0.52,-0.73,1.37,-0.8,0.88
"2499","Diego Gavilán",2002,"Paraguay",-0.41,-0.45,-0.12,-0.51,-0.7,-1,-0.77,-0.39,0.25,-0.5,-0.44,-0.52,-0.42,0.52,-0.26,-0.41
"2500","Estanislao Struway",2002,"Paraguay",-0.41,-0.65,-0.56,-0.74,-0.12,-0.63,-0.77,-1.01,-0.19,-0.22,-0.12,1.1,-0.42,0.52,-0.53,-0.82
"2501","Francisco Arce",2002,"Paraguay",1.17,0.09,6,-0.62,2.41,3.62,-0.77,1.07,0.35,-0.72,0.29,0,0.21,-0.33,-0.53,5.59
"2502","Guido Alvarenga",2002,"Paraguay",-0.41,-0.61,-0.12,-0.74,-0.72,-0.67,-0.77,-0.6,-0.78,-0.77,-0.75,0.07,-0.42,-0.33,2.16,0.14
"2503","Jorge Campos",2002,"Paraguay",1.17,-0.11,-0.12,-0.28,-0.56,-0.81,-0.77,0.03,-0.8,-0.52,-0.64,-0.52,-0.73,-1.18,-0.26,-0.47
"2504","Jose Chilavert",2002,"Paraguay",-0.41,0.05,-0.56,-0.74,-0.54,1.06,-0.77,0.44,-0.95,-1.01,-0.54,-0.52,-0.73,-1.18,-1.07,-0.19
"2505","José Cardozo",2002,"Paraguay",-0.41,0.52,-0.12,1.45,-0.78,-0.91,-0.35,-0.8,-0.52,-1.01,-0.75,-0.52,1.77,1.08,1.08,0.22
"2506","Julio César Cáceres",2002,"Paraguay",-0.41,-0.65,-0.12,-0.74,0.17,0.03,-0.35,-0.8,-0.03,1.34,2.28,0.07,0.21,0.8,0.27,-0.58
"2507","Nelson Cuevas",2002,"Paraguay",2.76,0.35,-0.12,-0.16,-1.47,-1.09,2.19,0.65,-0.95,-0.9,-0.75,-0.52,-0.73,-1.18,0.01,0.19
"2508","Ricardo Tavarelli",2002,"Paraguay",-0.41,-0.65,-0.56,-0.74,-1.28,-0.67,-0.77,-1.01,-0.95,-1.01,-0.75,-0.52,-0.73,-0.9,-0.8,-0.82
"2509","Roberto Acuña",2002,"Paraguay",-0.41,-0.11,-0.12,-0.51,1.85,0.64,1.35,0.65,1.73,0.44,0.61,-0.52,-0.1,1.37,0.81,0.38
"2510","Roque Santa Cruz",2002,"Paraguay",1.17,3.19,-0.56,5.01,-0.27,-0.95,1.35,0.03,-0.22,-0.15,-0.64,-0.52,5.2,0.52,0.81,0.11
"2511","Arkadiusz Bak",2002,"Poland",-0.41,-0.34,-0.56,-0.43,-1.1,-1.08,-0.77,-0.73,-0.29,-1.01,-0.61,-0.52,-0.73,-0.05,-0.35,-0.82
"2512","Arkadiusz Glowacki",2002,"Poland",-0.41,-0.65,-0.56,-0.74,-1.23,-1.01,-0.77,-1.01,-0.89,-0.95,-0.05,-0.3,-0.73,-0.8,-0.71,-0.82
"2513","Cezary Kucharski",2002,"Poland",-0.41,-0.07,-0.56,-0.43,-0.94,-0.83,-0.77,-0.73,-0.7,-0.84,-0.75,-0.3,-0.31,-0.05,-1.07,-0.6
"2514","Emmanuel Olisadebe",2002,"Poland",1.7,0.2,-0.56,1.56,-0.63,-0.7,-0.21,0.65,-0.56,-1.01,-0.75,-0.52,2.6,-0.05,1.08,-0.09
"2515","Jacek Bak",2002,"Poland",-0.41,-0.65,-0.56,-0.43,-1.15,-1.01,-0.77,-0.46,-0.95,-0.41,-0.05,-0.52,-0.31,-0.8,-0.71,-0.82
"2516","Jacek Krzynówek",2002,"Poland",-0.41,1.4,2.94,0.95,-0.04,0.11,0.36,1.21,-0.09,-0.28,-0.33,-0.52,0.52,-0.42,0.72,2.39
"2517","Jacek Zielinski",2002,"Poland",-0.41,-0.65,-0.56,-0.74,-1.18,-1.08,-0.77,-1.01,-0.82,-0.9,0.64,-0.3,-0.31,-0.8,-0.71,-0.82
"2518","Jerzy Dudek",2002,"Poland",-0.41,-0.65,-0.56,-0.74,-0.61,0.85,-0.77,-0.18,-0.95,-1.01,-0.75,-0.52,-0.73,-1.18,-1.07,-0.82
"2519","Maciej Murawski",2002,"Poland",-0.41,-0.6,-0.56,-0.74,-1.1,-0.77,-0.77,-0.73,-0.82,-0.84,-0.05,0.37,-0.73,-0.8,-1.07,-0.79
"2520","Maciej Zurawski",2002,"Poland",-0.41,3.31,0.02,0.18,-0.35,-0.21,0.36,-0.73,-0.76,-0.9,-0.33,0.63,0.52,0.71,-0.35,0.46
"2521","Marcin Zewlakow",2002,"Poland",1.7,0.2,-0.56,-0.12,-1.12,-1.01,-0.21,-0.46,-0.56,-0.9,-0.61,-0.52,0.1,0.33,0.72,-0.6
"2522","Marek Kozminski",2002,"Poland",-0.41,-0.65,0.61,-0.43,0.27,1.41,-0.21,0.65,-0.03,0.37,0.09,-0.52,0.1,-0.05,0.36,0.6
"2523","Michal Zewlakow",2002,"Poland",-0.41,-0.38,1.77,-0.74,-0.04,0.85,-0.77,-0.46,0.08,-0.41,0.5,0.71,0.52,-0.05,-0.71,0.75
"2524","Pawel Kryszalowicz",2002,"Poland",1.7,1.71,-0.56,1.1,-0.53,-0.7,1.49,-0.73,0.17,-0.8,-0.61,-0.52,-0.31,2.97,1.44,0.24
"2525","Piotr Swierczewski",2002,"Poland",-0.41,-0.25,-0.56,-0.28,-0.3,-0.58,-0.77,-0.73,-0.6,-1.01,-0.61,1.24,-0.31,3.34,-1.07,-0.49
"2526","Radoslaw Kaluzny",2002,"Poland",-0.41,-0.11,-0.56,-0.12,-1.3,-0.95,-0.21,-1.01,-0.27,-0.71,-0.33,-0.52,-0.31,0.33,-0.71,-0.75
"2527","Radoslaw Majdan",2002,"Poland",-0.41,-0.65,-0.56,-0.74,-1.23,-0.52,-0.77,-1.01,-0.95,-1.01,-0.61,-0.52,-0.73,-1.18,-0.71,-0.82
"2528","Tomasz Hajto",2002,"Poland",-0.41,-0.16,-0.56,-0.43,-0.09,0.23,-0.21,-0.46,-0.44,0.58,0.22,0.09,-0.73,0.71,-0.71,-0.6
"2529","Tomasz Klos",2002,"Poland",-0.41,-0.65,-0.56,-0.58,-0.89,-0.21,-0.77,-1.01,-0.7,-0.51,1.2,-0.52,0.1,-0.05,-0.35,-0.17
"2530","Tomasz Waldoch",2002,"Poland",-0.41,-0.47,-0.56,-0.12,-0.22,-0.39,-0.77,-0.73,-0.78,-0.15,0.92,0.71,-0.73,-0.8,-0.71,-0.6
"2531","Beto",2002,"Portugal",1.7,0.15,0.02,-0.12,0.27,0.98,-0.21,0.93,2.91,1.64,0.36,-0.52,-0.31,1.84,0.72,0.16
"2532","Fernando Couto",2002,"Portugal",-0.41,-0.43,-0.56,0.03,1.14,0.73,-0.77,-1.01,0.32,1.56,3.7,2.34,7.18,1.08,-0.71,-0.42
"2533","Frechaut",2002,"Portugal",-0.41,-0.65,-0.56,-0.43,-1.12,-0.58,-0.77,-1.01,0.27,-0.23,-0.61,-0.52,-0.73,0.33,-0.35,-0.68
"2534","Jorge Andrade",2002,"Portugal",-0.41,-0.65,-0.56,-0.28,-1.02,-0.64,0.36,-0.46,-0.7,-1.01,-0.19,-0.52,-0.73,-0.42,-1.07,-0.64
"2535","Jorge Costa",2002,"Portugal",-0.41,0.24,-0.56,-0.43,0.6,-0.33,-0.77,-0.18,0.98,0.72,1.48,2.45,0.52,0.33,-0.71,-0.82
"2536","João Vieira Pinto",2002,"Portugal",-0.41,-0.02,-0.56,0.64,-0.56,-0.89,1.49,0.65,-0.18,-0.75,-0.75,-0.52,0.1,-0.42,3.59,-0.17
"2537","Luis Figo",2002,"Portugal",-0.41,0.47,5.86,-0.28,1.66,0.73,2.05,0.1,1.23,1.68,-0.33,-0.52,-0.31,0.71,3.59,4.66
"2538","Nuno Gomes",2002,"Portugal",-0.41,-0.65,-0.56,-0.58,-1.49,-1.14,-0.77,-1.01,-0.95,-1.01,-0.75,-0.52,-0.73,-0.8,-1.07,-0.82
"2539","Pauleta",2002,"Portugal",5.94,3.89,0.02,4.17,-0.79,-0.95,2.05,-0.18,-0.43,-0.8,-0.47,-0.52,0.1,0.33,0.36,1.92
"2540","Paulo Bento",2002,"Portugal",-0.41,-0.65,-0.56,-0.74,0.35,-0.21,-0.77,-0.73,0.46,1.36,-0.19,0.54,0.1,-0.42,-0.35,-0.64
"2541","Petit",2002,"Portugal",-0.41,0.02,-0.56,-0.43,1.3,0.54,-0.21,-0.46,2.02,4.11,0.22,-0.52,0.1,1.46,2.16,-0.24
"2542","Rui Costa",2002,"Portugal",1.7,0.69,0.02,-0.12,-0.02,-0.45,0.92,0.65,0.09,0.31,-0.75,-0.52,-0.31,-0.42,-0.71,0.57
"2543","Rui Jorge",2002,"Portugal",-0.41,-0.65,0.02,-0.43,1.63,3.65,-0.77,-0.46,-0.4,1.25,-0.05,2.34,-0.31,-0.42,-0.71,-0.35
"2544","Sergio Conceição",2002,"Portugal",-0.41,0.29,0.61,-0.28,0.42,0.11,2.05,1.76,0.07,-0.12,-0.61,-0.52,-0.73,0.71,1.8,0.53
"2545","Vítor Baía",2002,"Portugal",-0.41,-0.65,-0.56,-0.74,-0.09,1.41,-0.77,-0.18,-0.95,-1.01,-0.47,-0.52,-0.73,-1.18,0.01,-0.82
"2546","Damien Duff",2002,"Rep of Ireland",1.05,0.28,-0.16,1.92,-0.23,-0.79,4.69,3.98,-0.78,0,-0.65,-0.52,-0.44,1.69,3.89,0.62
"2547","David Connolly",2002,"Rep of Ireland",-0.41,-0.37,-0.56,-0.42,-1.35,-1.14,-0.77,-0.82,-0.68,-1.01,-0.65,-0.52,-0.44,-0.92,-0.82,-0.82
"2548","Gary Breen",2002,"Rep of Ireland",1.05,0.25,-0.56,0.75,0.58,-0.32,-0.77,-0.63,-0.48,0.87,2.33,1.79,2.15,0.39,-0.32,-0.57
"2549","Gary Kelly",2002,"Rep of Ireland",-0.41,-0.65,1.46,-0.52,0.22,0.54,-0.38,0.33,-0.31,-0.53,0.12,-0.52,-0.44,-0.66,-0.32,0.06
"2550","Ian Harte",2002,"Rep of Ireland",-0.41,2.06,1.46,-0.63,1.42,1.84,0.01,1.48,-0.48,0.33,0.5,-0.52,0.14,-0.4,-0.08,1.1
"2551","Jason McAteer",2002,"Rep of Ireland",-0.41,-0.65,-0.16,-0.74,-1.24,-0.92,-0.77,-0.82,-0.58,-0.84,-0.75,-0.52,-0.73,-0.92,-0.82,-0.39
"2552","Kenny Cunningham",2002,"Rep of Ireland",-0.41,-0.65,-0.56,-0.74,-0.69,-0.49,-0.77,-0.05,-0.4,-0.77,0.12,-0.52,-0.73,-0.92,-0.82,-0.44
"2553","Kevin Kilbane",2002,"Rep of Ireland",-0.41,0.34,0.25,1.17,1.11,0.63,1.18,2.44,0.59,1.34,0.5,1.11,1.58,0.91,1.16,0.82
"2554","Mark Kinsella",2002,"Rep of Ireland",-0.41,-0.28,-0.56,-0.42,2.31,-0.02,0.01,-0.44,0.41,1.17,-0.56,-0.52,-0.44,-0.4,-0.57,-0.49
"2555","Matthew Holland",2002,"Rep of Ireland",1.05,-0.12,-0.56,-0.31,1.33,0.2,-0.77,-0.44,0.74,-0.63,-0.27,1.75,-0.44,0.91,-0.57,0.72
"2556","Niall Quinn",2002,"Rep of Ireland",-0.41,0.18,-0.56,1.17,-0.92,-0.97,-0.77,-0.63,-0.4,-0.63,-0.75,-0.52,0.71,0.39,0.17,0.92
"2557","Robbie Keane",2002,"Rep of Ireland",3.98,5.39,-0.16,2.34,0.2,-0.62,1.18,-0.44,-0.95,-0.86,-0.65,-0.52,-0.44,0.91,0.17,0.52
"2558","Shay Given",2002,"Rep of Ireland",-0.41,-0.65,-0.56,-0.74,1.04,2.87,-0.77,-0.82,-0.95,-1.01,-0.56,-0.52,-0.73,-1.18,-1.07,-0.82
"2559","Stephen Staunton",2002,"Rep of Ireland",-0.41,-0.65,-0.56,-0.74,1.08,1.15,-0.77,-0.24,1.01,2.31,1.66,1.21,1.29,-0.66,-0.08,-0.62
"2560","Steve Finnan",2002,"Rep of Ireland",-0.41,-0.65,0.65,-0.42,1.61,1.62,-0.77,1.67,1.12,0.31,0.5,-0.52,-0.44,0.39,-0.32,0.04
"2561","Steven Reid",2002,"Rep of Ireland",-0.41,-0.49,0.25,-0.52,-1.35,-0.97,-0.77,-1.01,-0.95,-1.01,-0.65,-0.52,-0.73,-1.18,-0.82,-0.39
"2562","Alexei Smertin",2002,"Russia",-0.41,-0.43,-0.56,-0.74,-0.79,-1.01,-0.21,-0.46,0.6,0.33,-0.19,-0.52,-0.31,0.33,-0.71,-0.82
"2563","Andrei Solomatin",2002,"Russia",-0.41,-0.47,0.61,0.49,1.71,2.16,-0.21,0.1,0.82,4.64,1.2,-0.52,1.35,1.08,2.87,0.46
"2564","Dmitri Alenichev",2002,"Russia",-0.41,-0.51,0.61,0.18,-0.33,0.04,0.92,1.48,-0.59,-0.56,-0.33,-0.52,-0.31,-0.05,0.01,1.04
"2565","Dmitri Sennikov",2002,"Russia",-0.41,-0.65,-0.56,-0.58,-1.02,-0.52,-0.77,-0.73,-0.23,-1.01,-0.19,-0.52,-0.73,-0.05,-1.07,-0.53
"2566","Dmitrij Khokhlov",2002,"Russia",-0.41,0.87,0.02,1.1,0.09,-0.45,-0.21,0.65,-0.59,-0.23,-0.47,-0.52,0.94,-0.8,-0.71,1.33
"2567","Dmitriy Sychev",2002,"Russia",1.7,1.62,0.02,1.87,-1.05,-1.08,-0.21,0.1,0.33,-0.7,-0.75,-0.52,-0.73,-0.05,-0.35,-0.02
"2568","Igor Semshov",2002,"Russia",-0.41,-0.25,0.61,0.18,-0.56,-0.7,-0.21,0.1,0.89,0.21,-0.61,-0.52,-0.73,-0.05,-0.71,-0.09
"2569","Marat Izmailov",2002,"Russia",-0.41,-0.38,0.02,-0.43,-0.38,-0.64,-0.77,-0.73,0.49,0.44,-0.61,-0.52,-0.73,-1.18,-0.71,0.46
"2570","Ruslan Nigmatullin",2002,"Russia",-0.41,-0.65,-0.56,-0.74,0.11,1.85,-0.77,-1.01,-0.95,-1.01,-0.75,-0.52,-0.31,-1.18,-1.07,-0.82
"2571","Ruslan Pimenov",2002,"Russia",-0.41,0.47,0.61,0.8,-1.02,-0.89,-0.77,-1.01,-0.95,-1.01,-0.75,-0.52,-0.73,3.34,0.36,0.13
"2572","Valery Karpin",2002,"Russia",1.7,3.54,1.19,0.03,1.51,1.66,0.36,0.93,-0.43,1.44,-0.33,-0.52,0.94,1.08,2.51,2.39
"2573","Viktor Onopko",2002,"Russia",-0.41,-0.65,-0.56,-0.58,1.45,0.67,0.36,0.65,-0.16,1.62,3.42,6.2,0.1,-0.8,1.08,-0.13
"2574","Vladimir Beschastnykh",2002,"Russia",1.7,1.76,-0.56,2.64,-0.45,-0.64,0.36,-0.46,-0.43,-1.01,-0.75,-0.52,-0.31,-0.42,1.44,1.11
"2575","Yegor Titov",2002,"Russia",1.7,0.6,-0.56,0.49,2.2,0.23,-0.77,0.37,1.15,0.52,-0.61,-0.52,2.19,-0.8,0.36,0.68
"2576","Yuri Nikiforov",2002,"Russia",-0.41,0.11,-0.56,-0.74,0.86,0.98,-0.21,1.21,0.46,1.52,1.48,1.3,0.94,1.08,0.72,-0.82
"2577","Yury Kovtun",2002,"Russia",-0.41,-0.51,-0.56,-0.58,1.17,1.29,-0.77,-0.46,0.65,1.6,3.01,1.97,2.19,3.34,0.36,-0.71
"2578","Abdulaziz Al Khathran",2002,"Saudi Arabia",-0.41,-0.16,-0.56,0.34,0.55,-0.14,0.92,-0.46,-0.14,-0.68,-0.75,-0.52,-0.73,-0.42,0.72,-0.17
"2579","Abdulla Jumaa Al Dossary",2002,"Saudi Arabia",-0.41,0.06,0.61,-0.43,-1.18,-1.08,0.92,0.37,-0.95,-0.48,-0.75,-0.52,-0.73,-0.42,-1.07,-0.35
"2580","Abdullah Al-Waked Al-Shahrani",2002,"Saudi Arabia",-0.41,-0.47,0.02,-0.58,0.58,-0.14,-0.21,0.1,0.15,-0.6,0.92,0.81,-0.31,-0.8,1.08,0.16
"2581","Abdullah Zubromawi",2002,"Saudi Arabia",-0.41,-0.65,-0.56,-0.74,0.6,-0.08,-0.77,-0.46,1.27,-0.4,1.61,0.14,-0.73,-0.42,0.01,-0.82
"2582","Ahmed Dukhi Al Dosari",2002,"Saudi Arabia",-0.41,-0.65,-0.56,-0.43,-0.17,-0.52,-0.77,0.1,-0.47,-1.01,-0.33,-0.52,-0.73,-0.8,0.01,-0.82
"2583","Al Hassan Al Yami",2002,"Saudi Arabia",-0.41,-0.02,-0.56,0.64,-0.43,-0.95,0.92,-0.18,-0.56,-1.01,-0.75,-0.52,-0.73,-0.8,0.01,0.79
"2584","Fouzi Al Shehri",2002,"Saudi Arabia",-0.41,-0.65,-0.56,-0.74,0.06,0.11,-0.77,-0.46,-0.18,-0.36,1.89,0.83,-0.31,-0.42,-0.35,-0.82
"2585","Hussein Al Sulaimani",2002,"Saudi Arabia",-0.41,-0.47,0.02,-0.74,1.81,2.1,-0.77,0.37,0.4,1.11,1.06,0.14,-0.31,-0.8,0.01,-0.42
"2586","Ibrahim Al Shahrani",2002,"Saudi Arabia",-0.41,-0.43,-0.56,-0.43,0.83,-0.21,-0.21,-0.73,-0.32,0.33,-0.19,-0.52,-0.31,1.84,-0.35,-0.68
"2587","Khamis Al-Owairan Al-Dossari",2002,"Saudi Arabia",-0.41,-0.65,0.02,-0.74,1.35,-0.39,0.36,-0.46,-0.08,0.84,-0.75,-0.52,-0.73,-0.42,-1.07,-0.82
"2588","Mohammed Al-Deayea",2002,"Saudi Arabia",-0.41,-0.65,-0.56,-0.74,-0.12,1.29,0.36,-0.73,-0.95,-1.01,-0.05,-0.52,-0.73,-1.18,-0.35,-0.68
"2589","Mohammed Noor",2002,"Saudi Arabia",-0.41,-0.65,-0.56,-0.74,-0.09,-0.39,-0.21,-0.18,0.43,-0.6,-0.19,-0.52,-0.73,-0.05,0.01,-0.82
"2590","Mohammed Shaliyah Al Jahani",2002,"Saudi Arabia",-0.41,-0.51,0.61,0.03,0.29,1.16,-0.21,0.1,-0.17,0.3,0.36,-0.52,-0.73,-0.8,-0.35,0.13
"2591","Nawaf Al Temyat",2002,"Saudi Arabia",-0.41,1.22,0.02,0.03,1.12,-0.14,1.49,2.59,-0.76,-0.32,-0.33,-0.52,-0.73,0.33,1.44,0.46
"2592","Obeid Al Dossary",2002,"Saudi Arabia",-0.41,-0.2,-0.56,-0.28,-1.46,-1.14,-0.77,-1.01,-0.76,-1.01,-0.75,-0.52,-0.73,-1.18,-1.07,-0.82
"2593","Redha Tukar",2002,"Saudi Arabia",-0.41,-0.6,-0.56,-0.74,0.83,0.29,-0.21,-0.73,-0.18,1.4,3.01,0.14,1.35,1.84,1.44,-0.82
"2594","Sami Al-Jaber",2002,"Saudi Arabia",-0.41,-0.65,-0.56,-0.74,-0.76,-1.01,-0.21,-0.73,-0.95,-0.8,-0.75,-0.52,-0.73,-0.8,0.72,-0.64
"2595","Alassane N'Dour",2002,"Senegal",-0.41,-0.65,-0.56,-0.74,-1.29,-1.01,-0.77,-1.01,-0.88,-0.94,-0.38,-0.02,-0.73,-0.58,-0.88,-0.67
"2596","Aliou Cissé",2002,"Senegal",-0.41,-0.53,-0.56,-0.74,-0.02,-0.18,-0.47,-0.72,-0.22,0.22,-0.09,-0.52,-0.51,2.01,-0.69,-0.67
"2597","Amdy Faye",2002,"Senegal",-0.41,-0.6,-0.25,-0.41,-1.03,-0.78,0.42,-0.57,-0.29,-0.26,-0.53,-0.52,-0.29,-0.58,0.07,-0.3
"2598","El-Hadji Diouf",2002,"Senegal",-0.41,0.51,0.67,1.62,0.04,-0.48,4.01,1.92,-0.84,-0.6,-0.68,-0.52,0.59,0.42,3.29,1.96
"2599","Elhadj Pape Sarr",2002,"Senegal",-0.41,-0.65,-0.56,-0.74,-1.35,-1.04,-0.77,-1.01,-0.95,-0.87,-0.75,-0.52,-0.73,-0.98,-1.07,-0.82
"2600","Ferdinand Coly",2002,"Senegal",-0.41,-0.65,0.67,-0.41,0.55,1.37,0.72,0.31,0.47,0.57,1.16,0.25,0.15,0.62,-0.31,0.2
"2601","Habib Beye",2002,"Senegal",-0.41,-0.65,-0.25,-0.74,-1.16,-0.88,-0.17,-0.42,-0.36,-0.44,-0.16,-0.52,0.15,-0.58,-1.07,-0.44
"2602","Henri Camara",2002,"Senegal",1.83,0.62,0.37,0.97,-0.5,-0.58,1.32,1.92,-0.34,-0.44,-0.75,-0.52,-0.51,-0.38,-0.12,0.8
"2603","Khalilou Fadiga",2002,"Senegal",0.71,1.71,1.29,0.81,-0.26,0.08,1.32,0.31,-0.68,-0.85,-0.6,-0.27,-0.29,0.02,1.59,1.71
"2604","Lamine Diatta",2002,"Senegal",-0.41,-0.37,-0.56,-0.25,-0.64,-0.51,-0.77,-0.72,-0.47,0.15,2.27,1.23,2.8,-0.18,-0.69,-0.71
"2605","Moussa N'Diaye",2002,"Senegal",-0.41,-0.34,-0.56,-0.57,-1.13,-0.78,-0.47,-0.28,-0.79,-0.93,-0.6,-0.37,0.15,-0.78,-0.88,-0.63
"2606","Omar Daf",2002,"Senegal",-0.41,-0.6,-0.25,-0.65,0.74,2.09,0.13,1.48,1.96,0.28,0.94,-0.12,-0.29,1.61,1.21,-0.11
"2607","Papa Bouba Diop",2002,"Senegal",2.95,1.12,-0.25,1.21,0.21,0.21,1.02,0.6,0.64,0.37,0.58,1.05,1.7,0.82,0.83,0.09
"2608","Pape Malick Diop",2002,"Senegal",-0.41,-0.65,-0.56,-0.74,-0.51,-0.58,-0.77,-1.01,-0.38,0.02,2.27,0.14,-0.29,-0.38,0.26,-0.82
"2609","Pape Thiaw",2002,"Senegal",-0.41,0.29,-0.56,0.16,-1.13,-1.07,-0.77,-0.72,-0.95,-1.01,-0.75,-0.52,-0.07,-0.38,-0.31,-0.53
"2610","Salif Diao",2002,"Senegal",0.71,0.11,-0.56,-0.33,-0.71,-0.51,-0.47,-0.72,-0.33,-0.57,-0.31,-0.52,-0.29,0.42,-0.5,-0.71
"2611","Souleymane Camara",2002,"Senegal",-0.41,-0.13,-0.56,-0.49,-1.46,-1.14,-0.17,-0.86,-0.95,-0.87,-0.68,-0.52,-0.51,-1.18,-0.88,-0.82
"2612","Tony Sylva",2002,"Senegal",-0.41,-0.65,-0.56,-0.74,-0.24,1.2,-0.77,-1.01,-0.95,-1.01,-0.23,-0.52,-0.07,-1.18,-0.88,-0.63
"2613","Aleksander Knavs",2002,"Slovenia",-0.41,-0.25,-0.56,-0.58,-0.17,-0.08,-0.77,-0.18,0.34,0.57,1.06,0.14,0.52,-0.8,0.01,-0.82
"2614","Ales Ceh",2002,"Slovenia",-0.41,-0.65,-0.56,-0.58,0.58,0.11,1.49,-0.46,1.32,-0.02,0.22,0.4,-0.73,2.59,1.44,-0.46
"2615","Amir Karic",2002,"Slovenia",-0.41,-0.34,1.77,-0.74,1.35,1.29,0.36,0.1,0.49,1.29,0.36,-0.52,0.1,3.34,0.01,1
"2616","Djoni Novak",2002,"Slovenia",-0.41,-0.65,-0.56,-0.28,0.65,1.23,0.36,-0.18,-0.11,1.5,0.36,-0.52,-0.31,0.71,-0.35,-0.38
"2617","Marinko Galic",2002,"Slovenia",-0.41,-0.65,-0.56,-0.74,-0.84,-0.77,-0.77,-1.01,-0.57,-0.84,0.09,-0.52,-0.73,-0.8,-0.71,-0.82
"2618","Marko Simeunovic",2002,"Slovenia",-0.41,-0.65,-0.56,-0.74,-0.89,0.04,-0.77,-1.01,-0.95,-1.01,-0.75,-0.52,-0.73,-1.18,-1.07,-0.82
"2619","Milan Osterc",2002,"Slovenia",-0.41,0.33,0.61,1.72,-0.87,-0.77,0.36,0.1,-0.69,-0.4,-0.75,-0.52,-0.31,-1.18,0.72,0.46
"2620","Milenko Acimovic",2002,"Slovenia",1.7,0.02,0.61,-0.43,-0.4,-0.52,0.36,0.1,-0.43,-0.46,-0.75,0.61,-0.31,-0.05,0.72,0.02
"2621","Miran Pavlin",2002,"Slovenia",-0.41,-0.29,-0.56,-0.43,0.73,0.73,-0.21,-0.46,0.55,-0.46,-0.47,-0.52,1.77,1.08,2.16,-0.64
"2622","Mladen Dabanovic",2002,"Slovenia",-0.41,-0.65,-0.56,-0.74,-1.28,-0.58,-0.77,-1.01,-0.95,-1.01,-0.75,-0.52,-0.73,-1.18,-1.07,-0.82
"2623","Mladen Rudonja",2002,"Slovenia",-0.41,-0.29,-0.56,0.49,0.29,-0.14,-0.77,2.31,-0.63,-1.01,-0.33,-0.52,0.52,-0.42,-0.35,-0.35
"2624","Muamer Vugdalic",2002,"Slovenia",-0.41,-0.65,-0.56,-0.58,-0.87,-0.77,-0.77,-1.01,0.02,-0.19,0.78,1.72,-0.31,-0.8,-0.71,-0.82
"2625","Nastja Ceh",2002,"Slovenia",-0.41,-0.02,-0.56,-0.43,-0.89,-0.95,-0.77,-0.46,-0.95,-0.19,-0.61,-0.52,-0.31,-0.8,-1.07,0.2
"2626","Rajko Tavcar",2002,"Slovenia",-0.41,-0.65,-0.56,-0.74,-1.23,-0.7,-0.77,-1.01,0.36,-0.34,0.22,2.22,0.1,-0.05,-1.07,-0.82
"2627","Sebastijan Cimirotic",2002,"Slovenia",1.7,0.87,-0.56,2.48,-0.4,-0.95,2.05,0.93,-0.95,-0.73,-0.75,-0.52,-0.73,0.33,1.08,1.44
"2628","Spasoje Bulajic",2002,"Slovenia",-0.41,-0.65,-0.56,-0.58,-0.87,-0.52,-0.77,-0.46,0.22,-0.56,0.64,-0.52,0.1,-0.05,0.01,-0.82
"2629","Zeljko Milinovic",2002,"Slovenia",-0.41,0.11,-0.56,0.18,0.32,0.36,-0.21,-0.46,1.05,1.18,2.31,1.72,1.35,0.33,-1.07,-0.49
"2630","Zlatko Zahovic",2002,"Slovenia",-0.41,-0.47,0.02,-0.74,-1.23,-0.95,-0.77,-1.01,-0.76,-0.68,-0.61,-0.52,-0.73,-1.18,-0.71,-0.02
"2631","Aaron Mokoena",2002,"South Africa",-0.41,0.02,-0.56,-0.12,0.55,0.48,-0.21,-0.18,-0.51,1.63,1.61,1.78,-0.73,-0.42,-0.71,-0.64
"2632","Andre Arendse",2002,"South Africa",-0.41,-0.65,-0.56,-0.74,0.11,1.35,-0.77,-1.01,-0.95,-1.01,-0.47,-0.52,-0.73,-1.18,-1.07,-0.82
"2633","Benni McCarthy",2002,"South Africa",1.7,2.65,-0.56,3.1,-0.35,-0.95,-0.77,-0.73,-0.2,-0.63,-0.61,-0.52,0.1,3.34,0.01,-0.42
"2634","Bradley Carnell",2002,"South Africa",-0.41,-0.65,-0.56,-0.74,2.36,4.03,0.36,1.48,2.01,1.89,-0.19,-0.52,-0.73,1.08,0.36,-0.75
"2635","Cyril Nzama",2002,"South Africa",-0.41,-0.65,0.02,-0.58,1.25,2.35,0.36,0.65,1.6,-0.02,1.06,0.91,0.52,1.08,0.01,0.13
"2636","George Koumantarakis",2002,"South Africa",-0.41,-0.38,-0.56,0.18,-1.05,-1.14,-0.77,-1.01,-0.64,-1.01,-0.47,-0.52,0.1,-1.18,-1.07,-0.82
"2637","Lucas Radebe",2002,"South Africa",1.7,-0.34,-0.56,-0.58,1.14,0.6,-0.21,-0.18,-0.82,2.66,3.01,1.35,2.6,-1.18,-0.71,-0.38
"2638","MacBeth Sibaya",2002,"South Africa",-0.41,0.42,0.02,-0.74,0.96,0.48,1.49,-0.18,2.1,2.26,-0.19,-0.52,0.1,2.21,-0.71,0.6
"2639","McDonald Mukansi",2002,"South Africa",-0.41,-0.65,0.61,-0.58,-1.07,-0.77,0.36,-0.46,-0.95,-0.66,-0.75,-0.52,-0.73,-1.18,-0.71,-0.46
"2640","Quinton Fortune",2002,"South Africa",1.7,3.18,4.11,0.8,1.09,1.23,4.87,0.65,-0.23,0.94,-0.19,-0.08,-0.31,0.33,2.16,3.56
"2641","Sibusiso Zuma",2002,"South Africa",-0.41,1.04,0.61,1.41,0.47,0.17,0.92,-0.46,0.34,-0.26,-0.61,-0.52,0.1,2.97,0.72,1.41
"2642","Siyabonga Nomvethe",2002,"South Africa",1.7,0.2,-0.56,0.49,-0.76,-0.83,1.49,-0.18,-0.2,-0.9,-0.75,-0.52,-0.31,-0.05,0.01,-0.17
"2643","Teboho Mokoena",2002,"South Africa",1.7,-0.02,0.61,-0.12,1.09,-0.14,0.36,0.37,0.71,1.54,-0.33,-0.08,-0.31,1.08,2.16,0.35
"2644","Ahn Jung-Hwan",2002,"South Korea",1.24,2.31,-0.1,1.42,-0.38,-0.7,-0.33,-0.47,-0.59,-0.55,-0.59,-0.52,0.09,0.15,0.33,-0.37
"2645","Cha Du-Ri",2002,"South Korea",-0.41,-0.07,0.12,-0.38,-1.16,-0.87,-0.55,0.18,-0.37,-1.01,-0.59,-0.52,-0.73,-0.74,-0.93,-0.18
"2646","Eul-Young Lee",2002,"South Korea",0.41,0.95,0.58,-0.62,-0.02,0.52,0.11,0.4,-0.24,-0.12,-0.31,0.11,0.09,0,-0.37,1.01
"2647","Jin-Cheul Choi",2002,"South Korea",-0.41,-0.4,-0.56,-0.14,0.53,-0.09,-0.77,-0.69,0.36,0.46,1.7,1.05,1.55,0.89,-0.23,-0.82
"2648","Kim Nam-Il",2002,"South Korea",-0.41,-0.21,-0.1,-0.62,0.18,-0.07,-0.77,-0.58,0.63,1.64,0.18,-0.52,0.9,0.89,0.19,-0.17
"2649","Lee Chon-Su",2002,"South Korea",-0.41,0.52,0.35,0.28,-0.46,-0.6,0.33,0.94,-0.25,-0.59,-0.48,-0.52,-0.24,0.59,-0.09,0.35
"2650","Lee Woon-Jae",2002,"South Korea",-0.41,-0.65,-0.56,-0.74,-0.23,1.15,-0.77,-0.14,-0.95,-1.01,-0.64,-0.52,-0.73,-1.18,-1.07,-0.72
"2651","Lee Young-Pyo",2002,"South Korea",-0.41,-0.4,0.35,-0.56,1.01,0.59,0.11,0.4,1.3,0.95,-0.1,0.19,-0.56,0.44,-0.09,-0.15
"2652","Min-Sung Lee",2002,"South Korea",-0.41,-0.65,-0.56,-0.56,-0.95,-0.77,-0.77,-0.36,-0.34,-0.43,-0.69,-0.52,-0.73,-0.59,-0.79,-0.58
"2653","Myung-Bo Hong",2002,"South Korea",-0.41,-0.61,-0.56,-0.74,1.05,0.27,-0.11,1.48,0.12,1.34,1.26,1.98,0.09,-0.29,-0.65,-0.61
"2654","Park Ji-Sung",2002,"South Korea",0.41,0.54,0.12,0.64,0.54,-0.21,0.78,0.29,0.75,1.4,-0.59,-0.52,0.09,-0.15,1.31,0.59
"2655","Sang-Chul Yoo",2002,"South Korea",0.41,-0.09,-0.56,0.16,0.81,-0.29,0.33,-0.04,1.75,1.46,0.23,-0.52,1.06,-0.44,0.89,0.08
"2656","Seol Ki-Hyeon",2002,"South Korea",0.41,1.01,1.95,2.08,-0.25,-0.65,1.22,0.83,-0.02,-0.32,-0.69,-0.06,0.9,0,0.61,0.41
"2657","Song Chong-Gug",2002,"South Korea",0.41,-0.26,1.95,-0.32,1.71,2.2,2.1,1.48,3.03,1.72,0.23,-0.06,-0.4,-0.15,0.75,1.25
"2658","Sun Hong Hwang",2002,"South Korea",0.41,0.01,-0.33,0.34,-0.98,-0.97,-0.55,-0.47,-0.07,-0.56,-0.75,-0.52,-0.08,0.15,-0.23,-0.47
"2659","Tae-Young Kim",2002,"South Korea",-0.41,-0.61,-0.56,-0.74,0.91,0.37,-0.77,-0.47,1.15,1.68,1.32,-0.52,0.9,1.18,0.75,-0.55
"2660","Albert Luque",2002,"Spain",-0.41,0.01,-0.25,0.32,-1.33,-1.07,-0.47,-0.86,-0.82,-1.01,-0.68,-0.52,-0.29,-0.98,-0.31,-0.53
"2661","Carles Puyol",2002,"Spain",-0.41,-0.55,0.37,-0.65,0.26,0.64,-0.77,0.02,0.75,1.38,1.31,1.65,1.04,-0.18,0.07,1.11
"2662","Cristobal Emilio Torres Ruiz",2002,"Spain",-0.41,-0.65,-0.56,-0.74,-0.69,-0.38,-0.77,-0.86,-0.68,-1.01,-0.75,-0.52,-0.73,-1.18,-0.88,-0.82
"2663","David Albelda",2002,"Spain",-0.41,-0.65,-0.56,-0.65,-0.8,-0.88,-0.77,-0.86,0.13,0.35,-0.45,-0.52,-0.73,-0.98,-1.07,-0.77
"2664","Diego Tristán Herrera",2002,"Spain",-0.41,-0.53,-0.56,-0.33,-1.33,-1.14,-0.77,-1.01,-0.95,-0.81,-0.75,-0.52,-0.51,-0.38,-0.5,-0.82
"2665","Enrique Fernández Romero",2002,"Spain",-0.41,-0.6,0.06,-0.74,0.14,0.64,-0.77,0.31,0.36,0.14,-0.53,-0.52,-0.51,-0.38,-0.5,-0.13
"2666","Fernando Hierro",2002,"Spain",1.83,3.76,-0.56,-0.17,0.55,1.23,-0.47,0.9,1.03,-0.08,2.27,1.17,2.36,0.02,-0.5,-0.44
"2667","Fernando Morientes",2002,"Spain",2.95,2.35,-0.56,2.92,-0.38,-0.74,-0.77,-0.86,-0.07,-0.81,-0.6,-0.52,2.8,-0.18,0.07,-0.07
"2668","Gaizka Mendieta",2002,"Spain",0.71,0.13,0.06,-0.41,-0.53,-0.61,-0.47,0.02,0.02,-0.63,-0.45,-0.52,-0.29,0.02,0.83,-0.4
"2669","Iker Casillas",2002,"Spain",-0.41,-0.65,-0.56,-0.74,-0.75,0.34,-0.77,-1.01,-0.95,-0.81,-0.53,-0.52,-0.73,-1.18,-0.88,-0.82
"2670","Ivan Helguera",2002,"Spain",-0.41,-0.44,-0.56,-0.49,0.17,0.11,-0.47,-0.42,2.24,0.74,1.02,0.37,0.37,1.02,0.07,-0.61
"2671","Javier De Pedro",2002,"Spain",-0.41,0.04,3.15,-0.57,0.04,0.25,0.13,-0.28,-0.09,-0.49,-0.75,-0.52,-0.29,-0.78,-0.69,3.18
"2672","Joaquín",2002,"Spain",-0.41,-0.01,0.37,-0.01,-0.53,-0.51,1.92,1.19,-0.09,-0.74,-0.6,-0.52,-0.73,-0.98,0.64,0.59
"2673","Juan Carlos Valerón",2002,"Spain",0.71,-0.48,-0.25,-0.17,1.29,0.25,1.62,1.19,-0.69,0.87,-0.23,-0.52,-0.73,0.02,1.02,0.2
"2674","Juanfran",2002,"Spain",-0.41,-0.27,0.06,-0.33,-0.27,0.15,-0.17,-0.13,0.01,0.5,-0.31,-0.52,-0.07,-0.18,0.45,-0.49
"2675","Luis Enrique",2002,"Spain",-0.41,0.18,0.06,0.32,0.32,-0.61,-0.47,0.75,0.06,0.86,-0.6,-0.52,-0.29,-0.38,0.07,0.28
"2676","Miguel Ángel Nadal",2002,"Spain",-0.41,-0.65,-0.56,-0.74,0.48,0.21,-0.47,-0.42,0.7,0.94,1.31,1.39,2.8,-0.18,-0.69,-0.79
"2677","Raúl",2002,"Spain",2.95,1.57,-0.56,1.46,0.13,-0.81,0.13,0.31,-0.09,-0.16,-0.68,-0.52,-0.07,-1.18,0.83,1
"2678","Rubén Baraja",2002,"Spain",-0.41,0.13,-0.56,-0.17,1.91,0.61,0.42,0.9,1.36,1.63,-0.16,0.86,-0.29,0.22,0.07,-0.17
"2679","Sergio González Soriano",2002,"Spain",-0.41,-0.65,-0.56,-0.74,-1.17,-1.01,-0.77,-0.72,-0.95,-0.09,-0.6,-0.52,-0.73,-0.98,-1.07,-0.73
"2680","Xavi",2002,"Spain",-0.41,-0.62,-0.56,-0.74,-0.06,-0.71,0.13,-0.72,-0.25,0.36,-0.75,-0.52,-0.73,-1.18,-0.88,-0.73
"2681","Anders Svensson",2002,"Sweden",1.05,0.99,2.27,-0.2,0.42,0.2,1.57,0.52,0.03,0.75,-0.27,0.17,-0.44,0.91,0.42,1.99
"2682","Andreas Andersson",2002,"Sweden",-0.41,-0.22,0.25,0.22,-0.94,-0.88,0.4,0.33,-0.75,-0.93,-0.27,-0.52,-0.15,-0.92,-0.82,-0.22
"2683","Andreas Jakobsson",2002,"Sweden",-0.41,-0.4,-0.56,-0.42,-0.07,-0.15,-0.38,-0.82,-0.39,-0.29,5.03,0.38,3.02,-0.13,-0.82,-0.82
"2684","Fredrik Ljungberg",2002,"Sweden",-0.41,-0.22,0.65,-0.31,-0.4,-0.49,0.01,0.33,-0.33,-0.11,-0.75,-0.52,-0.73,-0.4,1.16,0.26
"2685","Henrik Larsson",2002,"Sweden",3.98,4.04,0.65,2.55,0.04,-0.49,-0.38,0.33,-0.11,-0.65,-0.27,-0.52,1.29,1.43,2.16,1.18
"2686","Johan Mjallby",2002,"Sweden",-0.41,-0.43,-0.56,-0.31,-0.07,-0.06,-0.38,-0.63,0.64,0.82,3.58,2.93,1.87,-0.4,-0.57,-0.47
"2687","Magnus Hedman",2002,"Sweden",-0.41,-0.65,-0.56,-0.74,-0.51,0.84,-0.77,-0.82,-0.95,-0.97,-0.65,-0.52,-0.44,-1.18,-0.08,-0.62
"2688","Magnus Svensson",2002,"Sweden",-0.41,-0.31,-0.16,-0.42,-0.57,-0.45,0.4,-0.82,-0.24,-0.29,0.31,-0.52,-0.44,0.39,-0.32,-0.24
"2689","Marcus Allbäck",2002,"Sweden",-0.41,0.65,-0.56,1.81,-0.6,-0.92,-0.77,-0.63,-0.43,0.13,-0.75,-0.52,-0.44,2.21,0.92,-0.17
"2690","Mattias Jonson",2002,"Sweden",-0.41,-0.65,-0.56,-0.63,-1.42,-0.97,-0.38,-0.82,-0.9,-1.01,-0.65,-0.52,-0.44,-0.4,-1.07,-0.8
"2691","Niclas Alexandersson",2002,"Sweden",1.05,0.03,0.25,-0.31,0.02,0.07,0.01,-0.44,0.47,1.28,0.21,-0.52,-0.44,0.39,-0.08,-0.32
"2692","Olof Mellberg",2002,"Sweden",-0.41,-0.49,0.65,-0.31,0.9,2.31,-0.77,-0.63,0.7,0.49,3.87,0.01,1.87,-0.92,-0.08,-0.01
"2693","Teddy Lucic",2002,"Sweden",-0.41,-0.25,-0.16,-0.31,0.42,0.97,0.01,-0.82,-0.34,-0.24,2.24,0.01,-0.15,-0.92,-0.32,-0.62
"2694","Tobias Linderoth",2002,"Sweden",-0.41,-0.46,-0.16,-0.74,0.67,0.37,-0.77,-1.01,1.21,0.52,-0.27,-0.52,-0.44,0.91,-0.57,-0.01
"2695","Zlatan Ibrahimovic",2002,"Sweden",-0.41,-0.56,-0.56,-0.2,-1.33,-1.01,0.01,-0.82,-0.75,-0.88,-0.75,-0.52,0.43,-0.66,-0.82,-0.6
"2696","Adel Sellimi",2002,"Tunisia",-0.41,-0.6,-0.56,-0.74,-1.18,-0.89,-0.77,-1.01,-0.95,-0.87,-0.61,-0.52,-0.73,-0.42,-0.35,-0.82
"2697","Ali Boumnijel",2002,"Tunisia",-0.41,-0.65,-0.56,-0.74,-0.79,0.04,-0.77,0.1,-0.84,-1.01,-0.61,-0.52,-0.73,-1.18,-0.71,-0.82
"2698","Ali Zitouni",2002,"Tunisia",-0.41,0.38,-0.56,0.18,-1.41,-1.08,-0.77,-1.01,-0.71,-1.01,-0.75,-0.52,-0.73,-0.42,-1.07,-0.79
"2699","Hassen Gabsi",2002,"Tunisia",-0.41,-0.02,0.61,0.34,-0.61,-0.52,0.36,-1.01,-0.73,0.4,-0.47,-0.52,-0.31,-0.05,-0.35,-0.13
"2700","Hatem Trabelsi",2002,"Tunisia",-0.41,-0.65,-0.56,0.34,1.4,2.6,2.05,0.93,-0.15,0.13,1.34,0.31,0.1,0.33,0.72,0.42
"2701","Imed Mhedhebi",2002,"Tunisia",-0.41,-0.51,0.02,-0.43,-1.23,-0.83,-0.77,-0.46,-0.73,-1.01,-0.75,-0.52,-0.73,-0.8,0.36,-0.13
"2702","José Clayton",2002,"Tunisia",-0.41,-0.65,0.02,-0.58,-1.18,-0.89,-0.77,-0.46,-0.95,-0.91,-0.75,-0.52,-0.73,-0.42,-0.35,-0.46
"2703","Kaies Ghodhbane",2002,"Tunisia",-0.41,0.11,0.02,-0.74,0.22,-0.14,-0.77,-0.73,-0.43,-0.77,-0.33,-0.52,-0.73,-0.05,-1.07,-0.82
"2704","Khaled Badra",2002,"Tunisia",-0.41,0.15,-0.56,0.34,0.24,-0.21,-0.21,-0.18,-0.23,-0.53,1.61,0.46,1.35,-0.05,-0.71,-0.31
"2705","Mohamed Mkacher",2002,"Tunisia",-0.41,-0.65,-0.56,-0.74,-1.18,-0.83,-0.77,-1.01,-0.95,-0.91,-0.05,0.64,-0.73,-0.42,-0.71,-0.82
"2706","Mourad El Melki",2002,"Tunisia",-0.41,-0.34,-0.56,0.03,-1.02,-0.89,-0.77,-1.01,-0.62,-0.58,-0.75,-0.52,-0.73,-0.05,0.01,-0.6
"2707","Radhi Jaïdi",2002,"Tunisia",-0.41,0.15,0.02,0.18,0.19,0.04,-0.77,-1.01,-0.08,-0.53,3.7,1.4,2.19,1.46,-0.35,0.02
"2708","Raouf Bouzaiene",2002,"Tunisia",1.7,-0.43,1.19,-0.74,0.65,1.91,-0.21,0.1,-0.39,-0.43,0.64,-0.52,-0.31,0.71,0.36,0.2
"2709","Riadh Bouazizi",2002,"Tunisia",-0.41,-0.65,-0.56,-0.74,0.37,-0.08,-0.21,-0.18,-0.23,-0.09,0.22,0.44,-0.73,1.08,0.01,-0.75
"2710","Selim Benachour",2002,"Tunisia",-0.41,0.06,1.19,0.03,0.71,-0.02,2.61,0.37,-0.71,-0.56,-0.33,-0.52,-0.31,-0.05,1.08,1.96
"2711","Ziad Jaziri",2002,"Tunisia",-0.41,1.18,0.02,2.18,-0.79,-0.89,2.05,0.65,-0.32,-0.77,-0.75,-0.52,-0.73,2.21,1.44,0.53
"2712","Zoubéir Baya",2002,"Tunisia",-0.41,-0.38,-0.56,0.34,-0.76,-0.45,-0.77,0.1,-0.83,-0.87,-0.75,-0.52,-0.73,-0.8,0.36,0.24
"2713","Bülent Korkmaz",2002,"Turkey",0.45,-0.61,-0.56,-0.67,-0.2,0.01,-0.77,-0.22,0.47,0.47,1.47,1.02,0.63,0.21,-0.63,-0.82
"2714","Emre Asik",2002,"Turkey",-0.41,-0.45,-0.56,-0.42,-0.88,-0.58,-0.77,-1.01,-0.24,-0.86,-0.01,-0.52,-0.05,-0.1,-0.34,-0.78
"2715","Emre Belözoglu",2002,"Turkey",0.45,0.24,0.87,-0.3,1.1,0.08,2,0.24,2.53,2.11,-0.29,-0.52,-0.05,0.05,0.69,1.18
"2716","Ergün Penbe",2002,"Turkey",-0.41,-0.58,0.39,-0.42,0.75,1.59,0.38,0.58,0.97,-0.14,-0.07,-0.52,-0.39,0.05,-0.48,-0.14
"2717","Fatih Akyel",2002,"Turkey",-0.41,-0.65,0.39,-0.74,0.45,1.08,-0.08,1.48,1.25,1.45,1.13,1.81,-0.05,0.05,0.1,-0.09
"2718","Hakan Sükür",2002,"Turkey",0.45,1.57,-0.32,4.03,-0.36,-0.96,0.38,-0.1,-0.95,-0.84,-0.52,-0.52,1.49,0.05,0.1,0.61
"2719","Hakan Ünsal",2002,"Turkey",-0.41,-0.61,-0.32,-0.48,0.2,0.44,-0.31,-0.56,-0.13,0.38,0.16,-0.08,-0.56,0.67,-0.34,-0.43
"2720","Hasan Sas",2002,"Turkey",1.32,0.24,2.54,0.83,0.41,0.13,2,1.37,0.2,0.34,-0.75,-0.52,-0.39,0.67,1.72,2.17
"2721","Ilhan Mansiz",2002,"Turkey",2.19,1.23,-0.56,0.89,-1.1,-0.99,-0.08,-0.67,-0.63,-1.01,-0.64,-0.52,-0.39,-0.1,-0.48,-0.33
"2722","Kahveci Nihat",2002,"Turkey",-0.41,-0.65,-0.56,-0.74,-1.45,-1.09,-0.77,-1.01,-0.89,-1.01,-0.69,-0.52,-0.73,-1.02,-1.07,-0.69
"2723","Kerimoglou Tugay",2002,"Turkey",-0.41,-0.5,-0.08,-0.67,2.3,1.03,-0.31,-0.44,2.21,2.21,-0.52,0.17,-0.73,0.36,-0.34,1.02
"2724","Omer Catkic",2002,"Turkey",-0.41,-0.65,-0.56,-0.74,-1.38,-0.94,-0.77,-1.01,-0.95,-1.01,-0.75,-0.52,-0.73,-1.18,-1.07,-0.82
"2725","Rüstü Reçber",2002,"Turkey",-0.41,-0.65,-0.56,-0.74,-0.08,1.69,-0.54,-0.67,-0.95,-0.9,-0.35,-0.52,-0.73,-1.18,-0.92,-0.54
"2726","Yildiray Bastürk",2002,"Turkey",-0.41,-0.16,-0.32,0.21,0.65,-0.4,1.31,0.46,1.36,0.28,-0.69,-0.52,-0.56,-0.1,3.33,-0.15
"2727","Özalan Alpay",2002,"Turkey",-0.41,-0.39,-0.56,-0.11,-0.22,-0.02,-0.54,-0.33,0.76,0.8,1.18,1.79,0.63,0.05,-0.19,-0.61
"2728","Ümit Davala",2002,"Turkey",1.32,-0.17,0.87,0.33,0.25,0.41,-0.77,0.24,-0.17,1.3,-0.52,0.06,0.29,0.05,-0.34,0.49
"2729","Ümit Özat",2002,"Turkey",-0.41,-0.58,-0.56,-0.74,-0.74,-0.63,-0.77,-0.78,0.03,-0.54,-0.24,1.1,-0.22,-0.87,-0.92,-0.75
"2730","Brad Friedel",2002,"USA",-0.41,-0.65,-0.56,-0.74,0.04,1.74,-0.77,-0.84,-0.95,-0.72,-0.67,-0.52,-0.73,-1.18,-1.07,-0.67
"2731","Brian McBride",2002,"USA",2.13,0.31,0.14,1.93,-0.29,-0.47,-0.77,-0.35,-0.61,-0.83,-0.58,-0.36,6.02,-0.73,1.51,1.57
"2732","Claudio Reyna",2002,"USA",-0.41,-0.17,1.19,-0.18,1.54,1.18,0.58,0.65,1.67,0.86,0.75,2.89,0.02,1.08,0.65,1.44
"2733","Clint Mathis",2002,"USA",0.86,0.5,0.14,0.64,-0.72,-0.65,-0.43,-0.84,-0.95,-0.93,-0.75,-0.52,-0.73,-0.05,-0.42,0.34
"2734","Cobi Jones",2002,"USA",-0.41,-0.57,0.14,-0.64,-1.03,-0.8,0.25,-0.01,-0.88,-0.31,-0.75,-0.52,-0.73,-0.73,-0.42,0.14
"2735","DaMarcus Beasley",2002,"USA",-0.41,-0.49,-0.56,0.09,-0.38,-0.32,0.25,0.98,0.06,-0.5,-0.33,-0.21,-0.73,-0.73,1.51,-0.56
"2736","Earnie Stewart",2002,"USA",-0.41,-0.11,0.49,0.09,-0.72,-0.62,-0.77,0.15,-0.54,-0.39,-0.67,0.51,-0.48,-1.18,-1.07,0.05
"2737","Eddie Lewis",2002,"USA",-0.41,-0.17,1.19,-0.55,-0.63,-0.06,-0.77,-0.01,-0.61,-0.89,-0.67,0.51,-0.48,0.18,-0.64,0.32
"2738","Eddie Pope",2002,"USA",-0.41,-0.22,-0.56,-0.09,0.33,0.43,-0.77,-0.84,0.21,0.1,2.25,2.17,0.27,0.4,-0.64,-0.65
"2739","Frankie Hejduk",2002,"USA",-0.41,-0.54,-0.21,-0.74,-0.01,0.24,-0.77,-0.68,1.66,0.56,1.09,-0.21,0.77,0.86,0.87,-0.82
"2740","Gregg Berhalter",2002,"USA",-0.41,0.23,-0.21,-0.18,-0.46,-0.17,-0.77,-1.01,-0.61,-0.56,0.5,-0.52,0.27,0.86,-0.64,-0.12
"2741","Jeff Agoos",2002,"USA",-0.41,-0.43,-0.56,-0.74,-0.86,-0.54,-0.77,-1.01,-0.26,-1.01,1.25,-0.52,-0.23,-0.5,-0.85,-0.67
"2742","Joe-Max Moore",2002,"USA",-0.41,-0.17,-0.21,-0.18,-1.31,-0.99,-0.77,-1.01,-0.88,-0.72,-0.75,-0.52,-0.73,-0.73,-1.07,-0.36
"2743","John O'Brien",2002,"USA",0.86,0.26,0.49,-0.37,1.07,0.54,0.58,0.49,1.45,-0.77,0.25,0.67,0.52,0.4,1.08,0.8
"2744","Josh Wolff",2002,"USA",-0.41,-0.33,-0.56,-0.37,-1.33,-1.14,-0.77,-0.84,-0.95,-1.01,-0.67,-0.52,-0.48,-0.95,-0.42,-0.58
"2745","Landon Donovan",2002,"USA",2.13,1.7,0.49,2.76,0.13,-0.39,0.58,1.48,-0.08,-0.74,-0.58,-0.52,-0.48,0.4,1.51,0.87
"2746","Pablo Mastroeni",2002,"USA",-0.41,-0.65,-0.56,-0.74,-0.55,-0.58,-0.77,-0.68,-0.42,-0.68,0.17,-0.52,-0.73,1.53,-0.85,-0.82
"2747","Tony Sanneh",2002,"USA",-0.41,-0.09,0.49,0.18,1.26,1.66,0.92,2.31,1.78,-0.06,0.84,2.27,0.77,-0.27,-0.42,0.38
"2748","Alejandro Lembo",2002,"Uruguay",-0.41,-0.2,-0.56,-0.43,0.29,0.42,-0.21,0.65,0.87,0.39,-0.19,-0.52,0.52,-0.42,-0.71,-0.38
"2749","Alvaro Recoba",2002,"Uruguay",1.7,5.63,3.52,0.95,-0.02,0.17,4.87,2.59,-0.45,-0.83,-0.61,-0.52,-0.31,-0.42,0.72,3.02
"2750","Clever Marcelo Romero",2002,"Uruguay",-0.41,-0.65,0.02,-0.43,-0.48,-0.89,-0.77,-0.73,-0.79,-0.02,-0.61,-0.52,-0.73,1.46,0.36,-0.28
"2751","Darío Rodríguez",2002,"Uruguay",1.7,0.06,0.02,-0.12,0.96,0.98,2.05,1.21,1.44,0.17,2.31,0.6,0.94,2.21,0.72,-0.28
"2752","Darío Silva",2002,"Uruguay",-0.41,1.36,1.19,2.33,-0.56,-0.64,2.05,0.93,0.03,-0.06,-0.19,-0.52,1.35,1.08,0.36,1.37
"2753","Diego Forlán",2002,"Uruguay",1.7,0.06,0.61,-0.43,-0.89,-0.64,-0.77,0.37,-0.95,-0.16,-0.61,-0.52,-0.73,-1.18,-0.35,-0.24
"2754","Fabián Carini",2002,"Uruguay",-0.41,-0.65,-0.56,-0.74,-0.02,1.1,-0.21,-0.73,-0.95,-1.01,-0.33,-0.52,-0.73,-0.8,-0.71,-0.82
"2755","Federico Magallanes",2002,"Uruguay",-0.41,-0.07,-0.56,-0.43,-1.41,-1.08,-0.21,-1.01,-0.95,-1.01,-0.61,-0.52,0.1,-0.42,-1.07,-0.82
"2756","Giovanni Guigou",2002,"Uruguay",-0.41,-0.65,-0.56,-0.74,-0.45,-0.64,-0.77,-0.18,-0.95,-0.66,-0.47,-0.52,-0.73,-1.18,-0.35,-0.75
"2757","Gonzalo Sorondo",2002,"Uruguay",-0.41,-0.25,-0.56,-0.43,0.35,-0.45,-0.77,-0.46,-0.63,0.06,1.89,0.75,0.1,-0.05,-1.07,-0.38
"2758","Gustavo Méndez",2002,"Uruguay",-0.41,-0.65,-0.56,-0.58,-0.61,-0.27,0.92,-0.46,-0.95,-0.83,0.22,-0.52,-0.31,-0.05,-1.07,-0.82
"2759","Gustavo Varela",2002,"Uruguay",-0.41,-0.56,0.02,0.03,1.25,1.35,1.49,2.31,1.97,1.15,0.09,-0.52,0.94,-0.05,1.8,0.53
"2760","Mario Regueiro",2002,"Uruguay",-0.41,-0.65,0.02,0.18,-1.15,-0.89,1.49,0.1,-0.45,-0.16,-0.75,-0.52,-0.31,-0.8,1.08,-0.75
"2761","Pablo García",2002,"Uruguay",-0.41,-0.07,0.02,-0.74,1.53,0.48,-0.21,0.65,2.76,2.24,-0.05,1.47,0.1,0.33,0.72,0.42
"2762","Richard Morales",2002,"Uruguay",1.7,1.85,-0.56,1.41,-1.38,-1.08,-0.77,-1.01,-0.95,-1.01,-0.75,-0.52,0.1,-0.8,-0.71,-0.35
"2763","Ronald Paolo Montero Iglesias",2002,"Uruguay",-0.41,-0.65,-0.56,-0.74,1.76,1.41,0.36,1.76,0.65,0.38,2.31,2.73,2.19,0.33,-0.71,-0.6
"2764","Sebastián Abreu",2002,"Uruguay",-0.41,0.64,-0.56,0.64,-1.1,-1.01,-0.21,-0.46,-0.45,-0.83,-0.47,-0.52,0.94,1.84,0.36,-0.6
"2765","Abel Balbo",1998,"Argentina",-0.42,-0.43,-0.66,-0.19,-1.51,-1.2,-0.74,-1.02,-0.72,-0.77,-0.73,-0.54,-0.51,-1.15,-0.87,-0.58
"2766","Ariel Ortega",1998,"Argentina",1.9,1.07,0.78,1.56,1.1,0.44,6.01,2.67,0.13,-0.72,-0.66,-0.54,-0.75,0.35,6.05,4.32
"2767","Carlos Roa",1998,"Argentina",-0.42,-0.68,-0.66,-0.74,-0.35,1.08,-0.74,-1.02,-0.99,-1.03,-0.66,-0.54,-0.75,-1.15,-0.44,-0.9
"2768","Claudio Lopez",1998,"Argentina",0.74,0.46,0.42,1.56,-0.69,-0.84,0.34,0.43,-0.62,-0.78,-0.66,-0.54,-0.75,0.35,-0.87,0.7
"2769","Diego Simeone",1998,"Argentina",-0.42,0.7,0.06,1.24,1.19,0.59,0.34,-0.09,0.8,-0.17,0,0.85,-0.05,0.14,1.08,0.81
"2770","Gabriel Batistuta",1998,"Argentina",5.38,6.88,-0.66,2.28,-0.51,-0.98,-0.47,-0.23,-0.62,-0.26,-0.44,-0.54,0.41,1,1.08,1.19
"2771","Hernán Crespo",1998,"Argentina",-0.42,-0.68,-0.66,-0.5,-1.48,-1.2,-0.74,-1.02,-0.99,-1.03,-0.73,-0.54,-0.75,-0.93,-1.08,-0.88
"2772","Javier Zanetti",1998,"Argentina",0.74,-0.18,0.42,0.21,1.62,1.23,2.77,2.01,-0.46,1.06,-0.51,0.51,-0.75,-0.72,0.21,0.66
"2773","José Chamot",1998,"Argentina",-0.42,-0.53,-0.3,0.05,-0.12,0.19,-0.74,-0.23,2.42,0.42,0.37,1.38,0.65,0.78,-0.87,-0.23
"2774","Juan Sebastián Verón",1998,"Argentina",-0.42,0.16,2.21,-0.58,3.47,3.29,0.88,4.51,1.03,2.21,-0.44,0.51,-0.51,0.57,1.08,4.16
"2775","Marcelo Gallardo",1998,"Argentina",-0.42,0.36,1.14,-0.5,0.12,-0.34,1.96,0.83,-0.14,-1.03,-0.73,-0.54,-0.75,-0.72,0,1.38
"2776","Matías Almeyda",1998,"Argentina",-0.42,-0.43,-0.66,-0.74,2.6,2.12,0.07,0.04,3.46,0.71,-0.22,0.85,-0.51,2.07,0.65,-0.86
"2777","Mauricio Pineda",1998,"Argentina",0.74,-0.5,-0.66,-0.66,-0.45,-0.48,-0.47,-0.36,-0.62,-0.52,-0.51,-0.54,-0.75,-0.08,-0.65,-0.67
"2778","Nelson Vivas",1998,"Argentina",-0.42,-0.6,-0.66,-0.74,0.52,0.48,0.07,0.04,-0.14,0.8,0.3,0.33,0.18,2.71,-0.44,-0.9
"2779","Nestor Sensini",1998,"Argentina",-0.42,-0.06,-0.66,-0.42,-0.51,-0.09,-0.47,-0.62,0.18,-0.13,0.08,1.53,-0.28,-0.5,0.65,-0.82
"2780","Pablo Paz",1998,"Argentina",-0.42,-0.36,-0.66,-0.34,-1.21,-0.98,-0.47,-0.88,-0.46,0.5,-0.14,-0.54,-0.05,-0.93,-1.08,-0.9
"2781","Roberto Ayala",1998,"Argentina",-0.42,-0.41,-0.66,-0.42,0.87,0.91,-0.47,-0.75,0.67,1.25,1.55,0.33,0.88,-0.29,0.21,-0.9
"2782","Sergio Berti",1998,"Argentina",-0.42,-0.68,-0.66,-0.42,-1.29,-1.09,-0.47,-0.49,-0.67,-1.03,-0.66,-0.54,-0.75,-0.93,-0.87,-0.69
"2783","Andreas Herzog",1998,"Austria",1.64,2.87,1.26,-0.46,-0.23,-0.03,-0.74,-0.55,0.62,0.09,-0.6,-0.54,-0.33,-0.77,1.99,1.05
"2784","Anton Pfeffer",1998,"Austria",-0.42,-0.55,-0.66,-0.18,0.63,0.86,-0.26,-0.08,1.49,1.74,2.41,0.67,0.9,0.76,0.45,-0.23
"2785","Arnold Wetl",1998,"Austria",-0.42,-0.02,0.62,0.25,1.64,1.49,-0.74,1.32,0.31,0.99,-0.47,2.24,0.49,1.52,0.45,0
"2786","Dietmar Kühbauer",1998,"Austria",-0.42,-0.46,-0.02,-0.04,0.35,-0.22,0.22,0.62,0.18,0.91,-0.6,0.85,-0.75,0.38,1.61,0.19
"2787","Hannes Reinmayr",1998,"Austria",-0.42,-0.28,2.53,-0.18,-0.53,-0.54,0.7,-0.55,-0.56,-0.21,-0.73,-0.54,-0.33,-1.15,-0.7,1.23
"2788","Harald Cerny",1998,"Austria",-0.42,-0.59,0.62,-0.46,-0.69,0.16,-0.26,-0.31,-0.99,-0.26,-0.34,-0.54,-0.75,0,-0.32,-0.75
"2789","Heimo Pfeifenberger",1998,"Austria",-0.42,0.2,-0.02,0.95,0.28,-0.09,0.22,0.62,1.47,0.15,-0.21,-0.54,2.14,0,0.07,0.45
"2790","Ivica Vastic",1998,"Austria",1.64,0.72,-0.66,0.95,-1.07,-0.85,-0.26,-1.02,-0.99,-1.03,-0.73,-0.54,0.08,-0.39,0.45,0.56
"2791","Mario Haas",1998,"Austria",-0.42,0.2,0.62,1.52,-0.89,-0.79,-0.26,-1.02,0.18,-1.03,-0.6,-0.54,0.08,1.14,-0.7,0.34
"2792","Markus Schopp",1998,"Austria",-0.42,-0.68,-0.66,-0.04,-0.99,-0.79,-0.26,-0.78,-0.56,-0.61,-0.6,-0.54,-0.33,0,-0.7,-0.38
"2793","Michael Konsel",1998,"Austria",-0.42,-0.68,-0.66,-0.74,-0.64,0.48,-0.74,-1.02,-0.99,-0.62,-0.6,-0.54,-0.75,-1.15,-1.08,-0.9
"2794","Peter Schöttel",1998,"Austria",-0.42,-0.55,-0.66,-0.74,0.25,0.1,-0.26,-0.31,1.48,2.97,1.49,2.06,0.9,2.29,-0.7,-0.49
"2795","Peter Stoeger",1998,"Austria",-0.42,-0.55,-0.02,-0.46,-1.47,-1.17,-0.74,-0.78,-0.99,-0.62,-0.73,-0.54,-0.75,-0.77,-1.08,-0.53
"2796","Roman Mählich",1998,"Austria",-0.42,-0.33,-0.02,-0.74,1.77,1.37,0.22,0.62,2.67,0.86,-0.47,-0.54,-0.75,1.14,0.07,0.97
"2797","Toni Polster",1998,"Austria",1.64,2.56,-0.02,2.79,0.02,-0.79,-0.26,-1.02,-0.56,-0.61,-0.47,-0.54,2.97,3.43,0.07,0.67
"2798","Wolfgang Feiersinger",1998,"Austria",-0.42,-0.68,0.62,-0.74,1.77,2,0.7,2.73,0.62,2.93,1.23,0.67,-0.33,-0.77,1.22,0.07
"2799","Danny Boffin",1998,"Belgium",-0.42,-0.5,-0.66,-0.74,-1.12,-0.79,-0.26,-0.55,-0.99,-0.88,-0.6,0.56,-0.75,-0.39,-0.7,-0.6
"2800","Emile Mpenza",1998,"Belgium",-0.42,-0.59,-0.66,-0.04,-1.32,-1.17,-0.74,-0.55,-0.78,-1.03,-0.73,-0.54,-0.33,-1.15,-0.7,-0.41
"2801","Enzo Scifo",1998,"Belgium",-0.42,-0.06,-0.66,-0.04,0.17,0.03,0.7,2.49,0.39,-0.27,-0.47,-0.54,-0.75,0.38,-1.08,0
"2802","Eric Deflandre",1998,"Belgium",-0.42,-0.68,-0.02,-0.74,-0.03,1.05,-0.26,-0.08,1.98,0.09,2.28,0.56,-0.75,1.52,-0.32,-0.68
"2803","Filip De Wilde",1998,"Belgium",-0.42,-0.68,-0.66,-0.74,-0.79,0.35,-0.74,0.39,-0.99,-1.03,-0.47,-0.54,-0.33,-1.15,-0.7,-0.71
"2804","Franky Van Der Elst",1998,"Belgium",-0.42,-0.5,-0.66,-0.46,0.25,-0.16,-0.74,-0.31,1.17,-0.35,-0.6,-0.04,-0.33,0.38,0.45,-0.75
"2805","Gert Verheyen",1998,"Belgium",-0.42,-0.68,-0.66,-0.46,-1.14,-0.92,-0.74,-1.02,0.06,-0.27,-0.73,-0.54,-0.75,-0.77,-1.08,-0.49
"2806","Gordan Vidovic",1998,"Belgium",-0.42,-0.28,-0.66,-0.46,-0.64,-0.79,-0.74,-1.02,0.23,0.39,2.02,0.32,-0.33,-0.39,-0.7,-0.9
"2807","Lorenzo Staelens",1998,"Belgium",-0.42,-0.68,-0.66,-0.6,-0.08,0.41,-0.74,-1.02,-0.63,1.08,2.81,0.81,0.08,0,-0.32,-0.71
"2808","Luc Nilis",1998,"Belgium",1.64,1.69,3.17,2.93,-0.1,-0.22,1.18,0.62,-0.58,-0.96,-0.47,-0.54,0.08,0.38,0.84,4.68
"2809","Luis Oliveira",1998,"Belgium",-0.42,0.46,0.62,0.39,-0.71,-0.66,-0.74,-0.31,-0.35,-1.03,-0.47,-0.54,-0.33,-0.39,1.22,0.64
"2810","Marc Wilmots",1998,"Belgium",3.7,1.86,0.62,2.79,0.5,-0.47,0.22,0.15,-0.63,0.33,-0.47,-0.54,1.32,2.29,0.45,0.71
"2811","Mbo Mpenza",1998,"Belgium",-0.42,-0.68,-0.02,0.53,-1.37,-1.11,-0.26,-0.55,-0.99,-0.82,-0.73,-0.54,-0.75,-0.77,-0.32,-0.15
"2812","Mike Verstraeten",1998,"Belgium",-0.42,-0.68,-0.66,-0.74,-1.37,-1.11,-0.74,-1.02,-0.76,-0.81,-0.47,-0.54,-0.75,0.38,-0.7,-0.9
"2813","Nico van Kerckhoven",1998,"Belgium",-0.42,-0.2,0.62,0.25,-0.71,-0.54,-0.26,-0.08,-0.56,-0.82,-0.73,-0.54,-0.75,-0.77,-0.7,0.34
"2814","Philippe Clement",1998,"Belgium",-0.42,-0.59,-0.66,-0.18,-0.81,-0.41,-0.74,-1.02,-0.55,0.07,0.31,0.4,-0.33,1.52,1.22,-0.64
"2815","Phillipe Vande Walle",1998,"Belgium",-0.42,-0.68,-0.66,-0.6,-1.29,-0.66,-0.74,-1.02,-0.99,-1.03,-0.73,-0.54,-0.75,-1.15,-1.08,-0.49
"2816","Vital Borkelmans",1998,"Belgium",-0.42,-0.63,1.89,-0.04,0.5,1.37,-0.74,-0.31,0.34,0.51,1.23,-0.29,-0.75,1.14,-0.32,1.53
"2817","Aldair",1998,"Brazil",-0.42,-0.62,-0.66,-0.57,0.86,0.43,-0.74,-0.35,0.11,1.32,1.36,0.84,0.44,-0.37,-0.46,-0.9
"2818","Bebeto",1998,"Brazil",2.11,0.7,0.39,0.53,0.03,-0.58,-0.34,-0.25,-0.2,-0.8,-0.73,-0.54,-0.58,-0.21,0.33,0.46
"2819","Cafu",1998,"Brazil",-0.42,-0.07,1.43,0.41,2.2,2.03,0.64,1.47,1.16,0.84,0.12,0.27,0.1,0.88,0.33,0.3
"2820","Cláudio Taffarel",1998,"Brazil",-0.42,-0.68,-0.66,-0.74,-0.2,0.89,-0.74,-1.02,-0.99,-1.03,-0.68,-0.54,-0.58,-1.15,-0.77,-0.9
"2821","César Sampaio",1998,"Brazil",2.11,0.38,-0.66,0.24,0.82,-0.17,0.44,-0.82,1.33,0.69,-0.04,-0.23,-0.07,0.72,-0.46,-0.65
"2822","Denilson",1998,"Brazil",-0.42,-0.48,-0.13,0.07,-0.25,-0.33,3.19,1.95,0.17,0.18,-0.73,-0.54,-0.41,-0.37,0.65,0.39
"2823","Dunga",1998,"Brazil",-0.42,-0.52,0.39,-0.68,3.61,2.84,-0.34,-0.25,3.15,3.47,-0.14,1.27,-0.75,-0.06,0.49,0.43
"2824","Edmundo",1998,"Brazil",-0.42,-0.68,-0.66,-0.68,-1.35,-1.15,-0.34,-0.73,-0.79,-1.03,-0.73,-0.54,-0.58,-0.68,-1.08,-0.64
"2825","Ferreira da Rosa Emerson",1998,"Brazil",-0.42,-0.39,-0.66,-0.57,-1.37,-1.1,-0.15,-0.82,-0.86,-0.67,-0.73,-0.54,-0.75,-0.52,-0.93,-0.87
"2826","Giovanni",1998,"Brazil",-0.42,-0.68,-0.66,-0.74,-1.43,-1.23,-0.74,-0.92,-0.79,-1.03,-0.57,-0.54,-0.75,-0.84,-0.93,-0.9
"2827","Gonçalves",1998,"Brazil",-0.42,-0.68,-0.66,-0.74,-1.19,-1.02,-0.74,-1.02,-0.75,-0.85,-0.47,0.23,-0.58,-0.99,-0.93,-0.9
"2828","Júnior Baiano",1998,"Brazil",-0.42,-0.59,-0.66,-0.11,1.04,0.48,-0.54,-0.15,0.89,1.4,2,0.44,3.31,0.26,0.33,-0.78
"2829","Leonardo",1998,"Brazil",-0.42,-0.28,0.65,-0.34,1.15,0.3,1.03,-0.06,0.66,1.19,-0.57,-0.04,-0.58,-0.06,0.49,0.22
"2830","Rivaldo",1998,"Brazil",2.11,1.56,0.13,1.4,1.57,0.06,2.4,0.42,-0.09,-0.14,-0.36,-0.54,1.28,0.41,2.38,0.94
"2831","Roberto Carlos",1998,"Brazil",-0.42,0.38,1.95,0.24,2.2,2.29,1.42,1.38,0.77,0.64,0.55,-0.54,-0.24,-0.21,0.02,0.77
"2832","Ronaldo",1998,"Brazil",2.95,3.33,-0.66,1.63,-0.36,-0.66,1.82,0.71,-0.62,-0.68,-0.57,-0.54,-0.41,-0.37,2.06,1.2
"2833","Zé Carlos",1998,"Brazil",-0.42,-0.68,-0.66,-0.63,-1.21,-0.97,-0.54,-0.82,-0.79,-0.78,-0.36,-0.54,-0.75,-0.84,-0.77,-0.84
"2834","Anatoli Nankov",1998,"Bulgaria",-0.42,-0.68,0.62,-0.74,-0.41,0.41,0.22,-0.78,0.32,0.73,-0.08,-0.54,-0.75,0.38,0.07,-0.08
"2835","Daniel Borimirov",1998,"Bulgaria",-0.42,0.77,-0.02,1.52,-0.31,-0.41,1.66,1.32,-0.58,-0.59,-0.6,-0.54,0.49,1.14,0.07,1.46
"2836","Emil Kostadinov",1998,"Bulgaria",1.64,1.34,-0.66,2.79,-0.86,-1.11,0.22,-0.31,-0.78,-0.19,-0.73,-0.54,-0.33,-0.77,-0.7,0.34
"2837","Georgi Bachev",1998,"Bulgaria",-0.42,-0.41,-0.66,-0.18,-0.79,-0.35,-0.26,-0.78,-0.32,-0.83,-0.6,-0.54,0.08,-0.39,0.84,-0.83
"2838","Gosho Ginchev",1998,"Bulgaria",-0.42,-0.59,-0.66,-0.74,-0.08,0.35,-0.74,0.62,-0.01,0.35,0.97,1.8,0.49,0,0.07,-0.9
"2839","Hristo Stoichkov",1998,"Bulgaria",-0.42,2.21,-0.66,1.09,-0.41,-0.47,0.22,0.86,-0.73,-0.08,-0.6,-0.54,-0.75,1.52,0.45,1.46
"2840","Ilian Iliev",1998,"Bulgaria",-0.42,-0.2,-0.66,-0.04,0.17,-0.22,1.66,1.32,-0.16,0.27,-0.73,-0.54,-0.75,1.14,1.22,0.45
"2841","Ivailo Yordanov",1998,"Bulgaria",-0.42,-0.41,-0.66,-0.04,-0.46,-0.22,0.22,-0.08,0.36,0.22,0.71,-0.54,0.08,-0.39,1.22,-0.64
"2842","Ivaylo Petkov",1998,"Bulgaria",-0.42,-0.68,-0.66,-0.74,0.1,1.05,-0.26,-0.78,-0.48,0.16,0.58,-0.54,0.49,1.14,-0.32,-0.79
"2843","Krassimir Balakov",1998,"Bulgaria",-0.42,0.07,1.89,0.39,0.99,0.73,0.22,1.09,1,0.36,-0.47,-0.54,0.49,0,2.76,2.51
"2844","Luboslav Penev",1998,"Bulgaria",-0.42,0.42,0.62,1.38,-1.07,-1.04,-0.26,-0.78,-0.99,-1.03,-0.73,-0.54,0.08,1.52,0.07,0.22
"2845","Marian Hristov",1998,"Bulgaria",-0.42,0.24,-0.66,0.11,-0.79,-0.92,-0.26,-0.31,-0.22,-1.03,-0.73,0.14,-0.33,-0.77,-0.32,-0.79
"2846","Radostin Kishishev",1998,"Bulgaria",-0.42,-0.68,-0.66,-0.74,1.52,1.87,-0.26,0.15,0.71,0.56,0.18,0.3,-0.75,2.67,-0.7,-0.45
"2847","Trifon Ivanov",1998,"Bulgaria",-0.42,0.46,-0.02,-0.18,0.07,0.16,-0.26,-0.55,0.37,0.27,1.36,2.83,-0.75,0.38,0.07,-0.15
"2848","Zdravko Zdravkov",1998,"Bulgaria",-0.42,-0.68,-0.66,-0.74,-0.31,1.11,-0.74,-1.02,-0.99,-1.03,-0.6,-0.54,-0.75,-1.15,-0.7,-0.9
"2849","Zlatko Yankov",1998,"Bulgaria",-0.42,-0.46,0.62,-0.6,0.3,-0.47,-0.74,-0.78,0.89,0.16,-0.34,0.3,0.08,0,-0.7,0.04
"2850","Alphonse Tchami",1998,"Cameroon",-0.42,-0.15,-0.66,-0.46,-1.29,-1.11,-0.26,-0.78,-0.99,-1.03,-0.73,-0.54,-0.33,-0.77,-0.32,-0.3
"2851","Augustine Simo",1998,"Cameroon",-0.42,-0.55,-0.02,-0.74,-1.04,-1.04,-0.26,-0.31,-0.13,0.07,-0.73,0.39,-0.33,-1.15,-0.32,-0.53
"2852","Didier Angibeau",1998,"Cameroon",-0.42,-0.5,-0.02,-0.32,0.17,-0.22,1.66,1.09,0.16,-0.41,-0.47,-0.54,0.49,-0.77,2.38,0.71
"2853","François Omam-Biyik",1998,"Cameroon",-0.42,0.9,-0.02,2.37,-0.46,-0.92,0.22,-0.55,-0.7,-0.11,-0.21,-0.54,1.32,-0.39,-0.32,0.11
"2854","Jacques Songo'o",1998,"Cameroon",-0.42,-0.68,-0.66,-0.74,-0.03,1.37,-0.74,-0.78,-0.99,-1.03,-0.47,-0.54,-0.33,-1.15,-0.7,-0.83
"2855","Joseph N'Do",1998,"Cameroon",-0.42,-0.63,3.8,-0.6,1.24,1.49,2.14,1.32,1.2,0.17,0.18,0.25,-0.75,0.76,-0.32,1.72
"2856","Joseph-Désiré Job",1998,"Cameroon",-0.42,0.42,0.62,0.81,-0.71,-0.92,2.14,-0.31,-0.46,-0.8,-0.73,-0.54,0.08,-0.77,0.45,0.45
"2857","Marcel Mahouvé",1998,"Cameroon",-0.42,-0.59,0.62,-0.74,-0.81,-0.85,-0.26,-0.55,-0.75,-0.33,-0.34,-0.54,-0.33,-0.77,-0.7,0.04
"2858","Michel Pensee",1998,"Cameroon",-0.42,-0.68,-0.66,-0.46,-1.12,-1.04,-0.74,-0.55,-0.26,-0.57,0.05,-0.54,-0.33,-1.15,-0.7,-0.9
"2859","Patrick M'Boma",1998,"Cameroon",1.64,1.95,-0.02,2.65,0.28,0.03,1.18,0.86,0.19,-0.41,-0.21,0.25,3.79,-0.39,-0.32,0
"2860","Pierre Njanka",1998,"Cameroon",1.64,-0.15,-0.66,-0.46,0.78,0.86,2.14,0.39,-0.1,0.4,0.84,-0.54,0.9,0.38,-0.32,-0.45
"2861","Pierre Womé",1998,"Cameroon",-0.42,-0.06,3.17,-0.46,1.29,3.27,1.18,1.32,2,1.09,0.45,-0.54,1.32,-0.39,-0.7,3.52
"2862","Raymond Kalla",1998,"Cameroon",-0.42,-0.55,-0.66,-0.32,-0.21,-0.66,-0.26,-0.31,-0.35,-0.07,0.84,0.39,-0.33,-0.39,-1.08,-0.9
"2863","Rigobert Song",1998,"Cameroon",-0.42,-0.55,-0.66,-0.46,-0.21,0.22,-0.74,0.62,0.55,1.79,3.46,5.24,3.38,1.9,0.45,-0.53
"2864","Salomon Olembé",1998,"Cameroon",-0.42,-0.33,0.62,-0.6,0.1,-0.22,1.66,-0.08,0.14,1.89,-0.6,-0.54,-0.75,1.52,-0.32,0.15
"2865","Samuel Ipoua",1998,"Cameroon",-0.42,-0.37,-0.66,0.25,-0.94,-1.23,-0.74,-1.02,-0.63,-1.03,-0.73,-0.54,0.08,0,0.45,-0.9
"2866","Clarence Acuña",1998,"Chile",-0.42,-0.38,-0.18,0,1.61,-0.33,-0.38,0.04,0.7,0.04,-0.05,0.15,0.49,1.43,0.93,-0.03
"2867","Fabián Estay",1998,"Chile",-0.42,-0.51,1.73,-0.11,0.83,0.38,-0.38,0.56,-0.44,-0.46,-0.64,-0.54,-0.75,-0.29,0.93,1.26
"2868","Fernando Cornejo",1998,"Chile",-0.42,-0.48,0.78,-0.32,-0.31,0.15,-0.74,-0.66,-0.68,-0.11,-0.44,-0.54,-0.75,-0.86,-0.8,0.42
"2869","Francisco Rojas",1998,"Chile",-0.42,-0.61,1.26,0,0.92,1.38,0.34,1.27,1.17,2.8,0.25,-0.54,-0.44,-0.29,2.38,0.59
"2870","Iván Zamorano",1998,"Chile",-0.42,2.57,-0.18,4.03,0.33,-0.76,1.06,0.04,-0.82,-0.42,-0.54,-0.54,4.83,0.28,0.65,1.6
"2871","Javier Margas",1998,"Chile",-0.42,-0.32,-0.66,0.11,0.07,0.43,-0.38,-0.66,1.29,1.99,4.08,0.15,4.83,0,0.36,-0.53
"2872","José Sierra",1998,"Chile",1.12,-0.25,2.21,-0.53,0.07,-0.19,-0.02,-0.49,-0.19,-0.57,-0.73,-0.54,-0.75,-1.15,-0.22,1.32
"2873","Marcelo Salas",1998,"Chile",5.76,2.28,1.26,2.33,0.33,-0.85,0.7,-0.14,0.29,0.04,-0.64,0.15,0.18,0,2.09,0.56
"2874","Marcelo Vega",1998,"Chile",-0.42,-0.64,-0.18,-0.64,-0.71,-0.71,-0.74,-0.84,-0.99,-0.72,-0.73,-0.54,-0.75,-1.15,-0.22,-0.17
"2875","Mauricio Aros",1998,"Chile",-0.42,-0.61,-0.66,-0.74,-0.29,0.53,0.34,0.04,-0.67,-1.03,-0.73,-0.54,-0.75,-1.15,0.36,-0.76
"2876","Miguel Ramírez",1998,"Chile",-0.42,-0.58,-0.66,-0.74,-0.9,-0.8,-0.74,-0.84,0.48,0.2,-0.14,0.15,-0.75,-0.58,-0.51,-0.9
"2877","Moisés Villarroel",1998,"Chile",-0.42,0.24,1.26,-0.11,-0.16,0.67,-0.38,0.04,0.04,0.29,0.25,1.02,-0.75,-0.58,-0.22,0.08
"2878","Nelson Parraguez",1998,"Chile",-0.42,-0.61,-0.66,-0.74,0.92,0.48,0.34,-0.14,2.57,1.28,-0.34,0.47,-0.75,1.71,-1.08,-0.79
"2879","Nelson Tapia",1998,"Chile",-0.42,-0.68,-0.66,-0.74,-0.73,0.48,-0.74,-1.02,-0.99,-1.03,-0.54,-0.54,-0.75,-0.86,-0.8,-0.9
"2880","Pedro Reyes",1998,"Chile",-0.42,-0.18,-0.66,-0.21,0.11,0.34,-0.02,-0.14,2.63,1.72,1.72,-0.54,0.8,0.85,0.65,-0.37
"2881","Ronald Fuentes",1998,"Chile",-0.42,-0.68,-0.66,-0.74,0.39,0.43,-0.02,0.21,1.32,1.88,2.41,1.71,0.18,0.28,0.65,-0.53
"2882","Adolfo Valencia",1998,"Colombia",-0.42,-0.2,-0.66,0.11,-0.69,-1.04,-0.74,-0.08,-0.54,-0.61,-0.73,-0.54,-0.33,1.14,0.84,-0.34
"2883","Anthony de Ávila",1998,"Colombia",-0.42,0.37,0.62,0.81,-0.33,-0.92,0.22,-0.08,-0.99,-1.03,-0.6,-0.54,-0.75,0,0.84,0.19
"2884","Antonio Moreno",1998,"Colombia",-0.42,-0.68,-0.66,-0.74,-0.41,-0.03,-0.74,-0.08,-0.54,-1.03,-0.73,-0.54,-0.75,0,-1.08,-0.26
"2885","Carlos Valderrama",1998,"Colombia",-0.42,-0.68,1.89,-0.46,3.32,2.57,-0.26,-0.08,0.67,-0.27,-0.6,0.62,-0.33,0,1.99,2.81
"2886","Ever Palacios",1998,"Colombia",-0.42,-0.46,-0.02,-0.46,0.58,0.73,-0.26,-1.02,1.09,0.22,3.07,6.02,2.14,-0.39,-0.32,-0.49
"2887","Faryd Mondragón",1998,"Colombia",-0.42,-0.68,-0.66,-0.74,0.05,1.49,-0.74,-1.02,-0.99,-1.03,-0.47,-0.54,-0.75,-1.15,-0.7,-0.9
"2888","Faustino Asprilla",1998,"Colombia",-0.42,-0.68,0.62,-0.32,-0.94,-0.92,0.22,-0.78,-0.99,-0.35,-0.73,-0.54,-0.33,0,0.07,0.15
"2889","Freddy Rincon",1998,"Colombia",-0.42,0.07,-0.66,-0.04,1.19,-0.03,0.22,1.56,1.55,1.05,-0.6,-0.54,0.08,0.76,1.22,0.11
"2890","Hamilton Ricard",1998,"Colombia",-0.42,-0.41,-0.66,-0.32,-1.35,-1.23,-0.74,-1.02,-0.99,-1.03,-0.73,-0.54,-0.75,-0.77,-0.7,-0.9
"2891","Harold Lozano",1998,"Colombia",-0.42,0.51,-0.66,0.25,2.94,2.51,4.06,3.43,0.62,2.34,0.45,-0.54,1.32,0.76,0.45,0.04
"2892","Jorge Bermúdez",1998,"Colombia",-0.42,-0.37,-0.66,-0.32,0.15,0.03,-0.74,-0.55,0.71,1.34,2.94,0.62,0.49,1.14,0.45,-0.9
"2893","Jorge Bolano",1998,"Colombia",-0.42,-0.68,-0.66,-0.74,-1.09,-1.11,-0.26,-0.31,-0.99,-1.03,-0.47,-0.54,-0.33,0,-0.7,-0.79
"2894","Jose Santa",1998,"Colombia",-0.42,-0.55,-0.02,-0.18,0.15,0.54,0.22,1.09,0.16,0.15,0.71,-0.54,-0.75,1.14,0.45,-0.3
"2895","Léider Preciado",1998,"Colombia",1.64,0.2,-0.66,0.11,-1.17,-1.17,0.7,-0.08,-0.99,-1.03,-0.73,-0.54,-0.75,-0.39,0.07,-0.11
"2896","Mauricio Serna",1998,"Colombia",-0.42,-0.33,0.62,-0.74,1.75,0.48,-0.74,0.39,1.69,2.55,-0.47,-0.54,-0.33,0.76,0.45,0.34
"2897","Víctor Aristizábal",1998,"Colombia",-0.42,0.55,0.62,0.11,0.23,0.22,0.7,1.56,-0.56,-0.27,-0.73,0.62,-0.33,0.38,0.45,1.16
"2898","Wilmer Cabrera",1998,"Colombia",-0.42,-0.5,-0.02,-0.04,2.35,2.13,-0.26,1.32,-0.64,0.94,0.97,0.62,1.32,-1.15,0.45,0.04
"2899","Aljosa Asanovic",1998,"Croatia",-0.42,0.64,2.62,-0.08,0.86,0.51,1.94,2.09,-0.58,-0.31,-0.62,0.09,-0.57,1.63,0.89,2.05
"2900","Dario Simic",1998,"Croatia",-0.42,-0.68,-0.66,-0.5,-0.07,0.1,-0.32,-0.41,-0.06,-0.27,1.46,0.7,0.49,0.65,-0.59,-0.29
"2901","Davor Suker",1998,"Croatia",4.88,4.31,0.16,3.56,-0.4,-0.63,1.73,1.39,-0.46,-0.62,-0.73,-0.54,-0.04,0.81,1.72,1.76
"2902","Drazen Ladic",1998,"Croatia",-0.42,-0.68,-0.66,-0.74,-0.42,1.21,-0.74,-0.61,-0.99,-1.03,-0.62,-0.54,-0.75,-1.15,-0.26,-0.87
"2903","Goran Vlaovic",1998,"Croatia",0.46,0.02,-0.66,0.65,-0.74,-0.91,0.09,-0.21,-0.73,-0.72,-0.68,-0.54,-0.39,-0.33,-0.26,-0.02
"2904","Igor Stimac",1998,"Croatia",-0.42,-0.49,-0.66,-0.44,-0.11,0.21,-0.32,-0.21,-0.16,-0.28,2.41,2.29,0.14,1.14,-0.59,-0.56
"2905","Krunoslav Jurcic",1998,"Croatia",-0.42,-0.53,-0.66,-0.62,-0.74,-0.82,-0.74,-0.71,-0.89,-0.62,-0.51,-0.23,-0.22,-0.33,-0.43,-0.88
"2906","Mario Stanic",1998,"Croatia",0.46,0.99,1.8,1.56,0.11,0.21,0.5,0.49,0.25,0.73,0.28,0.51,1.73,1.47,0.89,1.04
"2907","Robert Jarni",1998,"Croatia",0.46,-0.49,2.62,0.11,0.35,1.16,0.5,1.39,-0.13,0.12,0.22,0,-0.39,0.16,1.06,1.32
"2908","Robert Prosinecki",1998,"Croatia",1.34,-0.08,0.71,-0.38,-0.11,-0.69,-0.12,-0.71,-0.96,-0.95,-0.62,-0.54,-0.22,-0.82,-0.92,-0.07
"2909","Silvio Maric",1998,"Croatia",-0.42,-0.64,-0.66,-0.38,-1.22,-1.15,-0.53,-0.82,-0.99,-0.87,-0.68,-0.54,-0.57,-0.49,-0.1,-0.9
"2910","Slaven Bilic",1998,"Croatia",-0.42,0.04,-0.66,-0.2,0.27,0.23,0.91,0.89,0.05,-0.26,1.29,-0.44,0.14,0.16,0.73,-0.48
"2911","Zvonimir Boban",1998,"Croatia",-0.42,0.88,0.16,0.59,0.36,-0.09,1.53,0.39,0.05,-0.1,-0.68,-0.39,0.14,0.98,0.73,0.88
"2912","Zvonimir Soldo",1998,"Croatia",-0.42,-0.34,-0.38,-0.44,0.27,0.04,-0.74,-0.71,-0.01,0.32,1.4,0.8,1.2,1.14,-0.43,-0.13
"2913","Allan Nielsen",1998,"Denmark",0.81,0.64,-0.27,0.28,0.38,-0.28,0.99,0.39,0.61,-0.13,-0.26,0.23,-0.75,-0.23,0.99,-0.29
"2914","Brian Laudrup",1998,"Denmark",2.05,1.14,2.02,1.55,0.2,-0.32,5.02,2.77,-0.53,-0.74,-0.73,-0.54,-0.75,-0.92,0.99,2.29
"2915","Ebbe Sand",1998,"Denmark",0.81,2.11,-0.66,1.21,-0.86,-1.08,-0.16,-0.88,-0.62,-1.03,-0.73,-0.54,0.74,-0.23,0.3,0.13
"2916","Jacob Laursen",1998,"Denmark",-0.42,-0.68,-0.66,-0.74,-1.41,-1,-0.74,-1.02,-0.99,-0.91,-0.58,-0.54,-0.75,-1.15,-0.85,-0.74
"2917","Jan Heintze",1998,"Denmark",-0.42,-0.68,-0.66,-0.74,0.38,0.48,-0.74,-0.88,1.46,0.59,0.92,0.41,-0.25,0,0.76,-0.9
"2918","Jes Hogh",1998,"Denmark",-0.42,-0.68,-0.27,-0.66,0.43,-0.17,-0.74,-0.17,-0.15,-0.06,2.96,1.77,0.24,-0.23,0.07,-0.56
"2919","Marc Rieper",1998,"Denmark",0.81,-0.23,-0.66,0.87,-0.12,-0.21,-0.74,-0.74,-0.4,-0.11,2.41,0.63,0.49,0,-0.62,-0.23
"2920","Martin Jorgensen",1998,"Denmark",0.81,0.45,1.26,0.95,0.64,0.71,0.99,1.37,1.05,-0.63,-0.26,-0.54,0,0.45,1.22,1.06
"2921","Michael Laudrup",1998,"Denmark",0.81,1.69,-0.66,-0.32,0.99,-0.13,0.99,1.23,0.17,-0.21,-0.58,0.03,-0.75,-0.46,0.53,0.79
"2922","Michael Schjönberg",1998,"Denmark",-0.42,-0.41,0.49,0.11,-0.3,-0.13,-0.45,-0.59,0.1,-0.22,0.21,-0.54,1.48,0.45,-0.16,0.02
"2923","Morten Wieghorst",1998,"Denmark",-0.42,-0.31,-0.66,0.61,-1.12,-1.08,-0.45,-0.88,-0.74,-1.03,-0.66,-0.54,0.24,-0.46,-0.85,-0.14
"2924","Peter Møller",1998,"Denmark",0.81,-0.13,-0.66,-0.23,-1.4,-1.19,-0.74,-0.74,-0.99,-0.87,-0.73,-0.54,-0.25,0.23,-0.62,-0.83
"2925","Peter Schmeichel",1998,"Denmark",-0.42,-0.68,-0.66,-0.74,0.11,1.85,-0.74,-0.88,-0.99,-1.03,-0.42,-0.54,-0.5,-1.15,-1.08,-0.81
"2926","Stig Töfting",1998,"Denmark",-0.42,-0.44,-0.66,-0.74,-1.14,-1.12,-0.45,-0.88,-0.65,-0.59,-0.66,-0.54,-0.75,0,-0.85,-0.9
"2927","Sören Colding",1998,"Denmark",-0.42,-0.65,-0.27,-0.57,1.36,2.07,-0.74,0.67,1.2,-0.58,0.37,-0.54,-0.5,0.68,-0.16,-0.27
"2928","Thomas Helveg",1998,"Denmark",0.81,-0.26,-0.66,-0.4,0.6,-0.02,-0.16,-0.31,0.49,2.12,-0.34,-0.54,-0.25,0.91,1.22,-0.07
"2929","Alan Shearer",1998,"England",2.43,3.87,-0.22,3.76,0,-0.62,0.26,-0.53,-0.88,-0.53,-0.1,-0.54,4.97,2.55,4.51,1.93
"2930","Darren Anderton",1998,"England",1,0.38,5.08,0.92,0.64,0.96,0.59,0.77,0.77,0.59,-0.46,-0.35,-0.46,0.44,-0.55,2.94
"2931","David Batty",1998,"England",-0.42,-0.62,-0.66,-0.74,0.71,0.35,-0.4,-0.37,0.36,0.74,-0.46,0.33,-0.75,-0.09,-0.02,-0.43
"2932","David Beckham",1998,"England",1,-0.1,1.11,-0.64,0.42,0,-0.74,-0.37,-0.24,-0.19,-0.46,-0.54,-0.75,-0.88,-0.29,0.47
"2933","David Seaman",1998,"England",-0.42,-0.68,-0.66,-0.74,-0.02,2.28,-0.74,-1.02,-0.99,-1.03,-0.46,-0.54,-0.75,-0.88,-1.08,-0.74
"2934","Gareth Southgate",1998,"England",-0.42,-0.68,-0.22,-0.74,-0.95,-0.49,-0.4,-0.85,-0.69,0.01,-0.1,-0.54,-0.46,-0.88,-1.08,-0.69
"2935","Gary Neville",1998,"England",-0.42,-0.68,-0.22,-0.35,-0.06,0.17,-0.4,-0.53,-0.88,-0.27,0.72,0.33,-0.75,-0.36,0.51,0.29
"2936","Graeme Le Saux",1998,"England",-0.42,-0.28,1.11,0.14,0.89,1.49,0.93,0.44,0.77,-0.23,-0.01,-0.08,-0.75,-0.36,-0.29,0.6
"2937","Michael Owen",1998,"England",2.43,1.75,-0.66,0.92,-0.88,-1.14,2.25,0.44,-0.85,-1.03,-0.73,-0.54,-0.18,-1.15,2.11,0.68
"2938","Paul Ince",1998,"England",-0.42,-0.04,-0.66,-0.74,0.36,-0.44,0.26,-0.37,1.19,-0.2,0.17,-0.08,-0.46,-0.09,1.84,-0.36
"2939","Paul Merson",1998,"England",-0.42,-0.68,-0.22,-0.74,-1.41,-1.1,-0.74,-0.85,-0.94,-0.92,-0.55,-0.54,-0.75,-1.15,-1.08,-0.51
"2940","Paul Scholes",1998,"England",1,1.81,-0.22,1.31,0.17,-0.84,1.26,0.77,-0.14,-0.64,-0.64,-0.54,-0.46,-0.88,0.25,0.14
"2941","Sol Campbell",1998,"England",-0.42,-0.4,-0.22,-0.45,0.15,-0.35,2.59,-0.04,1.06,0.97,1.26,0.62,0.97,2.29,1.05,-0.3
"2942","Teddy Sheringham",1998,"England",-0.42,-0.4,0.23,0.82,-0.58,-0.84,-0.74,-0.69,-0.99,-1.03,-0.73,0.25,0.11,-0.09,-0.82,0.5
"2943","Tony Adams",1998,"England",-0.42,0.2,-0.66,0.63,0.54,0.52,-0.74,-0.21,1.64,1.11,1.81,0.28,1.25,-0.09,0.25,-0.38
"2944","Alain Boghossian",1998,"France",-0.42,-0.42,-0.41,-0.35,-0.34,-0.71,-0.17,-0.65,0.36,0.01,-0.48,-0.54,-0.26,-0.4,-1.08,-0.37
"2945","Bernard Diomède",1998,"France",-0.42,-0.16,1.59,-0.35,-0.91,-0.74,-0.17,-0.19,-0.66,0.13,-0.68,-0.54,-0.42,-0.4,-0.18,0.71
"2946","Bixente Lizarazu",1998,"France",0.38,-0.01,-0.16,0.14,1.38,2.54,0.95,2.28,1.83,2.87,1.68,0.19,-0.42,0.79,1.47,0.23
"2947","Christian Karembeu",1998,"France",-0.42,-0.59,-0.41,-0.24,-0.45,-0.04,-0.36,-0.19,-0.4,-0.37,-0.68,0.04,-0.59,-0.25,-0.78,-0.27
"2948","Christophe Dugarry",1998,"France",0.38,0.21,-0.16,0.03,-1.19,-1.13,-0.74,-0.65,-0.57,-0.65,-0.73,-0.54,-0.42,-0.55,-0.63,-0.4
"2949","David Trezeguet",1998,"France",0.38,1.53,-0.41,1.97,-1.17,-1.18,-0.36,-0.92,-0.62,-1.03,-0.73,-0.54,0.06,-0.55,-0.33,-0.09
"2950","Didier Deschamps",1998,"France",-0.42,-0.18,0.09,-0.58,1.94,0.53,0.2,0.45,3.04,2.5,-0.22,-0.34,0.22,0.94,1.47,0.89
"2951","Emmanuel Petit",1998,"France",1.19,0.2,0.84,-0.19,0.33,-0.09,0.02,-0.47,1.32,1.31,0.04,0.01,0.71,0.34,-0.33,0.61
"2952","Fabien Barthez",1998,"France",-0.42,-0.68,-0.66,-0.74,-0.39,0.63,-0.74,-0.1,-0.82,-1.03,-0.68,-0.54,-0.59,-1.15,-0.63,-0.8
"2953","Frank Leboeuf",1998,"France",-0.42,-0.54,-0.66,-0.74,-0.89,-0.79,-0.74,-0.56,-0.39,0.06,-0.02,-0.54,-0.75,-0.7,-1.08,-0.84
"2954","Laurent Blanc",1998,"France",0.38,-0.27,-0.66,-0.24,0.31,0.73,-0.55,0.45,-0.07,0.39,1.37,-0.54,2.97,-0.55,-0.33,-0.69
"2955","Lilian Thuram",1998,"France",1.19,-0.01,1.09,-0.24,1.15,2.24,1.52,2.83,1.66,1.6,0.75,0,1.03,-0.7,0.27,1.03
"2956","Marcel Desailly",1998,"France",-0.42,-0.45,-0.66,-0.46,0.85,0.95,0.2,-0.1,1.56,4.93,1.88,2.15,2,-0.25,-0.03,-0.9
"2957","Patrick Vieira",1998,"France",-0.42,-0.37,-0.66,-0.52,-1.04,-0.89,-0.17,-0.83,-0.69,-0.06,-0.63,-0.34,-0.42,-0.4,-0.78,-0.65
"2958","Robert Pires",1998,"France",-0.42,-0.33,0.34,-0.13,-1.02,-0.93,-0.17,-0.19,-0.45,-0.86,-0.68,-0.54,-0.59,-1,-0.78,-0.24
"2959","Stephane Guivarch",1998,"France",-0.42,1,-0.16,1.19,-1.09,-1.06,-0.74,-0.56,-0.99,-0.71,-0.73,-0.54,0.55,-0.4,-0.63,-0.46
"2960","Thierry Henry",1998,"France",2,1.1,-0.41,2.02,-0.78,-0.98,1.52,0.54,0.25,0.32,-0.58,0.12,-0.26,0.94,-0.03,0.49
"2961","Vincent Candela",1998,"France",-0.42,-0.68,-0.66,-0.58,-0.98,-0.39,-0.55,-0.47,-0.63,0.34,-0.58,-0.54,-0.59,-0.7,-0.78,-0.58
"2962","Youri Djorkaeff",1998,"France",0.38,2.48,1.59,1.97,0.61,0.06,1.33,1,0.29,0.1,-0.68,-0.54,0.06,0.64,1.62,2.6
"2963","Zinedine Zidane",1998,"France",1.19,1.41,1.09,0.75,0.8,0.28,1.14,1.27,-0.28,-0.25,-0.63,0.12,-0.1,0.2,0.42,2.19
"2964","Andreas Köpke",1998,"Germany",-0.42,-0.68,-0.66,-0.74,-0.23,1.35,-0.74,-1.02,-0.41,-1.03,-0.42,-0.54,-0.5,-1.15,-1.08,-0.81
"2965","Andreas Möller",1998,"Germany",0.81,0.01,0.11,-0.49,-0.12,-0.59,-0.45,-0.03,-0.49,-0.5,-0.73,-0.54,-0.75,-1.15,-0.16,-0.14
"2966","Christian Wörns",1998,"Germany",-0.42,-0.68,-0.27,-0.74,0.69,0.25,-0.16,-0.31,2.14,1.75,1.15,2.11,0,1.37,0.53,-0.72
"2967","Christian Ziege",1998,"Germany",-0.42,-0.68,0.11,-0.49,-0.82,-0.21,-0.16,-0.31,0.31,0.01,-0.42,-0.54,-0.25,-0.46,-1.08,0.2
"2968","Dietmar Hamann",1998,"Germany",-0.42,-0.34,0.49,-0.32,0.61,-0.09,-0.16,-0.03,2.03,1.47,-0.5,-0.54,0.24,2.06,1.92,0.85
"2969","Jens Jeremies",1998,"Germany",-0.42,-0.47,-0.66,-0.32,0.37,-0.09,0.42,0.67,2.34,1.33,-0.18,1.24,-0.25,1.37,0.07,-0.77
"2970","Joerg Heinrich",1998,"Germany",-0.42,-0.28,2.4,0.78,1.55,2.34,0.13,0.67,0.61,0.87,0.21,-0.54,0.99,0.45,1.68,1.28
"2971","Jürgen Klinsmann",1998,"Germany",3.29,1.37,-0.66,3.07,0.05,-0.97,-0.45,-0.59,-0.99,-0.52,-0.26,0.39,1.23,-0.23,0.76,0.88
"2972","Jürgen Kohler",1998,"Germany",-0.42,-0.47,0.11,-0.49,0.58,0.21,-0.45,-0.03,1.28,1.7,1.15,-0.54,0.74,-0.23,0.07,0.16
"2973","Lothar Matthäus",1998,"Germany",-0.42,-0.23,-0.27,-0.66,1.58,1.05,-0.74,1.37,1.66,0.61,0.37,2.07,-0.75,1.14,0.3,0.61
"2974","Markus Babbel",1998,"Germany",-0.42,-0.68,-0.66,-0.74,-1.18,-0.81,-0.74,-1.02,-0.77,-0.61,-0.5,-0.54,-0.75,-1.15,-0.85,-0.7
"2975","Michael Tarnat",1998,"Germany",-0.42,0.01,5.08,-0.57,0.58,1.28,0.7,-0.03,1.62,1.77,-0.26,-0.54,-0.25,0.45,-0.62,2.74
"2976","Olaf Thon",1998,"Germany",-0.42,-0.55,0.49,-0.57,0.49,-0.4,-0.74,0.11,-0.41,0.55,0.37,-0.54,-0.25,-0.46,-0.62,0.25
"2977","Oliver Bierhoff",1998,"Germany",3.29,4.18,-0.27,7.39,-0.38,-0.81,-0.74,-0.59,-0.15,-0.2,-0.26,-0.54,1.98,1.83,1.68,0.97
"2978","Stefan Reuter",1998,"Germany",-0.42,-0.68,-0.27,-0.74,-1,-0.7,-0.74,-0.74,-0.99,-0.52,-0.58,-0.54,-0.5,-0.69,-1.08,-0.74
"2979","Thomas Helmer",1998,"Germany",-0.42,-0.68,-0.66,-0.57,-0.64,-0.85,-0.74,-0.31,0.13,1.18,-0.5,-0.54,-0.5,-1.15,-1.08,-0.68
"2980","Thomas Häßler",1998,"Germany",-0.42,-0.05,2.4,0.7,-0.1,-0.17,-0.45,0.25,0.17,0.31,-0.58,0.18,-0.25,0.45,0.53,2.52
"2981","Ulf Kirsten",1998,"Germany",-0.42,-0.13,0.11,0.28,-1.34,-1.12,-0.74,-0.88,-0.7,-1.03,-0.73,-0.54,-0.25,-0.92,-0.39,-0.18
"2982","Ahmad Abedzadeh",1998,"Iran",-0.42,-0.68,-0.66,-0.74,-0.71,0.48,-0.74,-1.02,-0.99,-1.03,-0.47,-0.54,-0.75,-1.15,-1.08,-0.9
"2983","Ali Daei",1998,"Iran",-0.42,2.17,-0.66,2.22,-0.26,-0.85,0.7,-0.55,-0.56,-0.5,-0.73,-0.54,4.62,6.86,1.61,0.3
"2984","Ali Mansourian",1998,"Iran",-0.42,-0.37,-0.66,-0.46,-1.07,-0.92,-0.74,-1.02,-0.89,-1.03,-0.73,-0.54,-0.75,0,-1.08,-0.9
"2985","Hamid Estili",1998,"Iran",1.64,0.37,-0.66,-0.32,0.58,-0.09,0.7,0.15,-0.31,-0.43,-0.21,-0.54,-0.33,1.9,-0.32,-0.9
"2986","Javad Zarincheh",1998,"Iran",-0.42,-0.59,-0.02,-0.46,0,0.8,-0.26,-0.08,-0.99,-0.29,0.71,0.13,-0.33,-0.39,-1.08,-0.19
"2987","Karim Bagheri",1998,"Iran",-0.42,0.86,-0.02,-0.04,1.21,0.41,0.22,1.09,-0.36,0.21,0.31,-0.2,1.32,2.29,1.22,0.04
"2988","Khodadad Azizi",1998,"Iran",-0.42,-0.41,1.26,-0.18,0.35,-0.22,5.02,0.86,-0.99,-0.6,-0.73,0.53,-0.33,0.38,0.84,1.57
"2989","Mehdi Mahdavikia",1998,"Iran",1.64,0.51,1.89,0.39,0.33,-0.16,1.18,1.79,-0.4,-0.41,0.05,-0.2,-0.33,0.76,0.84,1.35
"2990","Mehdi Pashazadeh",1998,"Iran",-0.42,-0.68,-0.66,-0.32,-0.08,0.29,0.7,-0.55,0.5,-0.25,3.2,-0.2,3.38,1.14,-1.08,-0.71
"2991","Mehrdad Minavand",1998,"Iran",-0.42,-0.28,-0.66,-0.04,0.53,0.67,0.7,1.09,0.3,0.11,-0.08,-0.54,-0.75,0.76,0.07,-0.9
"2992","Mohammad Khakpour",1998,"Iran",-0.42,-0.5,-0.02,-0.74,0.12,0.8,-0.74,0.62,-0.38,0.38,2.67,1.05,0.49,1.14,0.07,-0.56
"2993","Nader Mohammadkhani",1998,"Iran",-0.42,-0.68,-0.66,-0.46,-0.48,-0.09,-0.74,-0.55,-0.44,-0.56,1.23,1.25,0.08,-0.39,-0.7,-0.9
"2994","Nima Nakisa",1998,"Iran",-0.42,-0.68,-0.66,-0.74,-1.02,-0.22,-0.74,-1.02,-0.99,-1.03,-0.73,-0.54,-0.75,-1.15,-1.08,-0.9
"2995","Alessandro Costacurta",1998,"Italy",-0.42,-0.68,-0.66,-0.74,1.64,2.22,-0.74,1.09,0.13,0.12,2.29,1.13,0.65,0.14,-0.44,-0.33
"2996","Alessandro Del Piero",1998,"Italy",-0.42,0.48,0.42,0.69,-0.95,-0.88,0.88,-0.49,-0.74,-0.57,-0.66,-0.54,-0.75,0.35,0.65,0.76
"2997","Alessandro Nesta",1998,"Italy",-0.42,-0.68,-0.66,-0.66,-0.79,-0.59,-0.47,-0.88,1.08,0.55,0.59,0.55,0.88,-0.29,-0.65,-0.9
"2998","Angelo Di Livio",1998,"Italy",-0.42,-0.68,0.42,-0.66,-0.61,-0.7,0.07,0.17,-0.78,-0.91,-0.29,0.15,-0.75,-0.5,-0.65,-0.48
"2999","Christian Vieri",1998,"Italy",5.38,2.84,-0.66,2.04,-0.35,-1.02,-0.2,-0.09,-0.99,-0.81,-0.44,-0.54,1.11,1.21,0.86,0.07
"3000","Demetrio Albertini",1998,"Italy",-0.42,-0.5,-0.66,-0.66,0.26,-0.02,-0.47,-0.49,-0.36,0.15,-0.66,-0.54,-0.51,-0.29,0,-0.12
"3001","Dino Baggio",1998,"Italy",-0.42,0.16,-0.3,-0.42,-0.25,-0.34,-0.2,-0.49,0.32,-0.34,-0.07,-0.12,1.81,2.07,0.43,0.11
"3002","Enrico Chiesa",1998,"Italy",-0.42,-0.43,-0.66,-0.66,-1.41,-1.05,-0.74,-0.75,-0.99,-1.03,-0.66,-0.54,-0.75,-1.15,-0.87,-0.73
"3003","Fabio Cannavaro",1998,"Italy",-0.42,-0.68,-0.66,-0.74,0.22,0.37,-0.74,-0.88,1.81,1.91,3.1,1.55,1.34,0.35,1.3,-0.86
"3004","Filippo Inzaghi",1998,"Italy",-0.42,0.21,-0.66,-0.11,-1.42,-1.16,-0.74,-0.62,-0.78,-1.03,-0.73,-0.54,-0.05,-0.72,-0.65,-0.23
"3005","Francesco Moriero",1998,"Italy",-0.42,-0.33,0.42,0.13,-0.08,0.26,0.88,1.62,-0.01,-0.31,-0.22,-0.54,-0.28,0.35,1.3,1.06
"3006","Gianluca Pagliuca",1998,"Italy",-0.42,-0.68,-0.66,-0.74,-0.11,1.65,-0.74,-1.02,-0.99,-1.03,-0.59,-0.54,-0.75,-1.15,-0.65,-0.9
"3007","Gianluca Pessotto",1998,"Italy",-0.42,-0.58,-0.3,-0.74,-0.94,-0.8,-0.74,-0.75,-0.15,-0.1,-0.59,0.3,-0.51,-0.5,-0.87,-0.75
"3008","Giuseppe Bergomi",1998,"Italy",-0.42,-0.68,-0.66,-0.74,-0.28,-0.41,-0.47,-0.88,-0.38,-0.1,1.26,2.29,-0.51,-0.29,-1.08,-0.9
"3009","Luigi Di Biagio",1998,"Italy",0.74,0.58,-0.66,0.05,1.4,0.66,0.34,0.43,0.34,0.91,0.15,0.74,0.65,2.07,-0.44,0.01
"3010","Paolo Maldini",1998,"Italy",-0.42,-0.43,0.06,-0.19,0.92,1.55,1.15,0.43,2.49,1.24,1.7,-0.54,1.57,0.35,1.3,-0.18
"3011","Roberto Baggio",1998,"Italy",1.9,2.67,0.06,0.29,-0.78,-0.8,1.15,0.43,-0.44,-0.54,-0.59,-0.54,-0.75,-1.15,0.65,0.68
"3012","Roberto Di Matteo",1998,"Italy",-0.42,-0.5,-0.66,-0.5,-0.82,-1.05,-0.74,-1.02,-0.36,-0.62,-0.66,0.15,-0.75,-0.5,-1.08,-0.65
"3013","Aaron Lawrence",1998,"Jamaica",-0.42,-0.68,-0.66,-0.74,-1.07,-0.28,-0.74,-1.02,-0.99,-0.77,-0.6,-0.54,-0.75,-1.15,-1.08,-0.9
"3014","Christopher Dawes",1998,"Jamaica",-0.42,-0.68,-0.66,-0.74,0.2,-0.22,-0.74,-0.31,-0.07,-0.59,-0.08,0.08,-0.75,0.76,-1.08,-0.9
"3015","Darryl Powell",1998,"Jamaica",-0.42,-0.41,-0.66,-0.74,-0.51,-0.54,-0.74,-0.55,0.22,0.01,-0.6,-0.54,-0.33,0,-0.32,-0.79
"3016","Deon Burton",1998,"Jamaica",-0.42,-0.2,-0.66,-0.04,-0.69,-1.17,-0.74,-0.78,-0.99,-1.03,-0.73,-0.54,-0.33,2.67,-0.32,-0.64
"3017","Earle Robbie",1998,"Jamaica",1.64,0.07,-0.66,0.53,-1.07,-1.11,-0.74,-1.02,-0.99,-0.6,-0.6,-0.54,-0.75,-1.15,-1.08,-0.9
"3018","Fitzroy Simpson",1998,"Jamaica",-0.42,-0.06,2.53,-0.32,1.54,0.1,-0.26,-0.55,0.46,1.33,-0.34,-0.54,-0.75,0.38,-0.32,1.16
"3019","Frank Sinclair",1998,"Jamaica",-0.42,-0.68,-0.66,-0.74,1.85,2.51,-0.26,0.39,2.46,1.22,2.02,-0.54,0.08,0,0.45,-0.75
"3020","Ian Goodison",1998,"Jamaica",-0.42,-0.37,-0.66,0.67,1.7,0.22,-0.74,0.39,0.63,0.78,3.46,1.82,0.08,-0.77,-0.32,-0.9
"3021","Marcus Gayle",1998,"Jamaica",-0.42,-0.59,-0.66,-0.46,-1.29,-1.17,-0.74,-1.02,-0.72,-1.03,-0.73,-0.54,1.73,0,-0.7,-0.68
"3022","Onandi Lowe",1998,"Jamaica",-0.42,-0.68,-0.66,-0.6,0.78,0.48,-0.74,-0.55,0.9,1.11,2.54,2.07,0.49,-0.77,1.61,-0.19
"3023","Paul Hall",1998,"Jamaica",-0.42,-0.68,1.89,0.11,-0.61,-0.85,1.18,0.39,-0.09,-0.85,-0.47,-0.54,-0.33,1.14,1.22,1.12
"3024","Peter Cargill",1998,"Jamaica",-0.42,-0.68,-0.66,-0.74,0.28,-0.79,-0.74,-0.78,-0.8,-0.42,-0.73,-0.54,-0.75,0,0.07,-0.71
"3025","Ricardo Gardner",1998,"Jamaica",-0.42,0.37,0.62,-0.04,1.62,2.13,3.58,0.62,-0.45,1.39,-0.21,0.08,-0.75,0.38,0.84,1.35
"3026","Stephen Malcolm",1998,"Jamaica",-0.42,-0.68,-0.66,-0.74,-0.36,-0.16,-0.74,-1.02,-0.8,-0.33,-0.21,-0.54,-0.75,0,-1.08,-0.9
"3027","Theodore Whitmore",1998,"Jamaica",3.7,0.94,-0.66,0.53,1.54,-0.28,2.62,2.49,-0.35,-0.35,-0.47,-0.54,-0.75,1.14,-0.7,0.04
"3028","Walter Boyd",1998,"Jamaica",-0.42,-0.46,-0.02,-0.32,-1.32,-1.11,0.22,0.15,-0.54,-0.85,-0.73,-0.54,-0.75,0,-0.7,-0.6
"3029","Warren Barrett",1998,"Jamaica",-0.42,-0.68,-0.66,-0.74,-0.33,0.73,-0.74,-1.02,-0.99,-1.03,-0.6,-0.54,-0.75,-1.15,-1.08,-0.9
"3030","Akira Narahashi",1998,"Japan",-0.42,0.37,0.62,0.39,0.53,0.73,0.22,-0.08,0.58,0.69,-0.6,0.65,0.08,0,1.22,0.19
"3031","Eisuke Nakanishi",1998,"Japan",-0.42,-0.55,-0.66,-0.46,-0.13,-0.03,-0.26,0.39,1.06,-0.33,0.31,0.88,0.49,3.43,0.45,-0.56
"3032","Hidetoshi Nakata",1998,"Japan",-0.42,0.46,1.26,0.39,1.39,0.6,2.14,0.62,0.07,0.49,-0.47,-0.54,0.08,0,4.3,1.8
"3033","Hiroshi Nanami",1998,"Japan",-0.42,0.29,1.26,-0.18,1.9,1.37,0.7,0.39,-0.19,-0.08,-0.47,0.06,-0.75,1.14,0.84,0.86
"3034","Masami Ihara",1998,"Japan",-0.42,-0.68,-0.66,-0.74,1.31,2,-0.74,-0.31,0.99,-0.08,1.49,3.5,0.49,0,0.07,-0.9
"3035","Masashi Nakayama",1998,"Japan",1.64,1.34,0.62,1.94,-0.53,-0.98,-0.74,-0.78,-0.55,-0.68,-0.6,-0.54,0.08,3.43,1.22,0.64
"3036","Masayuki Okano",1998,"Japan",-0.42,-0.68,-0.02,-0.74,-1.47,-1.17,0.22,-1.02,-0.99,-1.03,-0.73,-0.54,-0.75,-1.15,-1.08,-0.86
"3037","Motohiro Yamaguchi",1998,"Japan",-0.42,-0.28,-0.66,-0.74,2.15,1.49,-0.26,-0.08,0.02,1.46,-0.21,1.48,-0.33,1.9,-0.7,-0.38
"3038","Naoki Soma",1998,"Japan",-0.42,-0.2,3.17,-0.04,1.14,1.37,-0.26,0.62,0.57,0.73,0.18,0.73,-0.33,0,0.84,1.57
"3039","Norio Omura",1998,"Japan",-0.42,-0.68,-0.66,-0.46,-0.64,-0.28,-0.74,-1.02,-0.6,-0.28,-0.47,-0.54,-0.33,0,-0.32,-0.9
"3040","Shoji Jo",1998,"Japan",-0.42,1.86,-0.66,2.51,-0.05,-0.66,0.22,0.15,-0.55,-1.03,-0.6,0.88,0.9,1.52,1.61,0
"3041","Takashi Hirano",1998,"Japan",-0.42,-0.28,-0.66,0.39,-1.22,-0.98,-0.74,-0.55,-0.81,-1.03,-0.73,-0.54,-0.33,-0.77,-1.08,-0.71
"3042","Wagner Lopes",1998,"Japan",-0.42,1.73,-0.66,0.81,-1.27,-1.17,-0.74,-0.78,-0.6,-1.03,-0.73,0.06,-0.75,-0.39,-0.7,-0.68
"3043","Yoshikatsu Kawaguchi",1998,"Japan",-0.42,-0.68,-0.66,-0.74,-0.31,1.24,-0.74,-1.02,-0.99,-1.03,-0.34,-0.54,-0.75,-1.15,-1.08,-0.9
"3044","Yutaka Akita",1998,"Japan",-0.42,-0.28,-0.66,-0.18,1.01,1.37,-0.74,-0.78,-0.63,0.49,1.23,-0.54,2.97,1.52,0.45,-0.83
"3045","Alberto Aspe",1998,"Mexico",1.12,3.1,-0.66,-0.64,1.26,0.34,-0.38,0.91,0.81,-0.07,-0.44,-0.54,-0.13,0.85,-0.8,0.08
"3046","Braulio Luna",1998,"Mexico",-0.42,-0.61,-0.18,-0.11,-0.86,-0.57,-0.74,-0.14,0.1,-0.08,-0.34,-0.54,-0.75,-0.58,-0.8,-0.87
"3047","Claudio Suárez",1998,"Mexico",-0.42,-0.48,-0.66,-0.74,1.64,0.34,-0.74,1.62,-0.14,1.08,1.72,0.64,1.11,-0.58,-0.22,-0.37
"3048","Cuauhtémoc Blanco",1998,"Mexico",1.12,1.33,1.73,2.86,0.14,-0.33,0.7,3.02,-0.05,-0.49,-0.73,-0.54,-0.75,0.57,4.11,3.4
"3049","Duilio Davino",1998,"Mexico",-0.42,-0.64,-0.66,-0.74,1.55,0.05,-0.02,0.04,2.15,-0.18,1.92,5.09,0.49,0,-0.51,-0.9
"3050","Germán Villa",1998,"Mexico",-0.42,-0.61,-0.18,-0.74,0.41,0,0.34,0.04,-0.73,0.85,-0.54,-0.54,-0.13,0.85,-0.51,-0.56
"3051","Jaime Ordiales",1998,"Mexico",-0.42,-0.15,-0.66,-0.42,-0.88,-1.04,-0.38,-0.84,-0.63,0.23,-0.54,-0.54,-0.44,-0.86,-0.8,-0.87
"3052","Jesús Arellano",1998,"Mexico",-0.42,0.05,0.3,0.64,-0.28,-0.52,2.86,1.27,-0.63,-0.68,-0.73,-0.54,-0.75,-1.15,0.36,1.15
"3053","Joel Sánchez",1998,"Mexico",-0.42,-0.38,-0.66,-0.53,-0.16,0.05,-0.02,0.21,0.43,-0.78,0.45,-0.54,-0.44,-0.86,-0.51,-0.87
"3054","Jorge Campos",1998,"Mexico",-0.42,-0.68,-0.66,-0.74,0.75,1.95,-0.74,-0.66,-0.99,-0.78,-0.73,-0.54,-0.44,-0.86,-1.08,-0.9
"3055","Juan Palencia",1998,"Mexico",-0.42,0.18,-0.18,-0.21,-1.15,-0.99,-0.38,-0.49,0.12,-0.25,-0.73,-0.54,-0.75,-0.86,-0.8,-0.84
"3056","Luis Hernández",1998,"Mexico",5.76,3.95,1.26,2.86,-0.64,-0.9,0.7,0.56,-0.99,-0.57,-0.64,-0.54,-0.13,0,1.51,1.04
"3057","Marcelino Bernal",1998,"Mexico",-0.42,-0.32,-0.18,-0.74,-1,-0.8,-0.74,0.04,-0.41,-1.03,-0.44,-0.54,-0.44,-1.15,-0.22,-0.37
"3058","Pável Pardo",1998,"Mexico",-0.42,-0.68,-0.18,-0.64,0.56,1.05,-0.02,0.04,0.55,0.64,-0.14,-0.54,-0.75,-0.58,0.36,0.36
"3059","Ramón Ramírez",1998,"Mexico",-0.42,0.21,2.21,0.11,0.98,0.67,0.7,2.84,1.78,0.14,-0.34,0.42,0.18,0,0.93,1.32
"3060","Raul Lara",1998,"Mexico",-0.42,-0.55,-0.66,-0.11,0.24,-0.28,-0.38,0.21,-0.05,0.35,-0.34,0.64,-0.44,-1.15,-0.8,-0.51
"3061","Ricardo Peláez",1998,"Mexico",2.67,0.18,-0.66,0.53,-1.32,-0.99,-0.74,-0.84,-0.36,-1.03,-0.64,-0.54,0.18,-0.29,-1.08,-0.09
"3062","Salvador Carmona",1998,"Mexico",-0.42,-0.68,-0.66,-0.74,-0.22,0.34,-0.38,-0.49,0.02,-0.52,-0.54,0.32,-0.13,-0.29,0.65,-0.45
"3063","Abdeljalil Hadda",1998,"Morocco",3.7,0.42,0.62,1.94,-0.38,-0.92,1.18,-0.08,0.65,-0.21,-0.73,-0.54,1.32,1.14,-0.7,1.12
"3064","Abdelkrim El Hadrioui",1998,"Morocco",-0.42,-0.59,-0.66,-0.74,1.09,2.51,0.7,0.62,0.07,1.82,0.45,-0.54,-0.33,0.38,-0.32,-0.79
"3065","Abdellah Saber",1998,"Morocco",-0.42,-0.68,2.53,-0.6,1.7,2.32,0.7,1.32,1.74,1,1.1,-0.54,0.49,0.38,0.07,0.9
"3066","Driss Benzekri",1998,"Morocco",-0.42,-0.68,-0.66,-0.74,0.15,1.62,-0.74,-0.55,-0.99,-1.03,-0.21,-0.54,-0.33,-1.15,-0.32,-0.68
"3067","Gharib Amzine",1998,"Morocco",-0.42,-0.41,-0.66,-0.74,-0.76,-0.79,-0.26,-0.55,-0.22,-0.02,-0.08,-0.54,0.08,-0.39,-0.32,-0.71
"3068","Lahcen Abrami",1998,"Morocco",-0.42,-0.63,-0.66,-0.74,-0.36,0.41,-0.26,0.15,-0.13,-1.03,0.18,1.32,-0.33,0,-0.32,-0.75
"3069","Mustapha Hadji",1998,"Morocco",1.64,0.94,-0.66,0.11,0.78,0.67,4.06,2.26,0.16,-0.02,-0.6,-0.54,1.32,0.76,0.84,0.79
"3070","Nourredine Naybet",1998,"Morocco",-0.42,-0.68,-0.66,-0.74,0.96,0.35,-0.26,-0.78,3.47,0.92,2.41,3.83,1.32,-0.77,-0.32,-0.86
"3071","Said Chiba",1998,"Morocco",-0.42,-0.02,-0.66,-0.32,0,-0.66,0.7,-0.08,-0.5,0.92,-0.73,-0.54,-0.33,0.76,-0.32,-0.9
"3072","Salaheddine Bassir",1998,"Morocco",3.7,1.12,-0.02,3.5,0.63,-0.79,0.22,1.56,0.65,1,-0.6,-0.54,0.49,0.38,0.84,1.5
"3073","Smahi Triki",1998,"Morocco",-0.42,-0.68,-0.66,-0.74,-0.97,-0.73,-0.74,-1.02,-0.99,-0.48,0.97,0.39,0.08,-0.77,-0.7,-0.9
"3074","Tahar El-Khalej",1998,"Morocco",-0.42,-0.33,-0.66,-0.32,2.18,0.6,-0.26,1.09,0.85,1,0.18,1.32,-0.33,1.52,0.45,1.05
"3075","Youssef Chippo",1998,"Morocco",-0.42,-0.11,-0.66,-0.74,1.29,0.16,-0.26,0.86,1.71,1.08,0.05,-0.54,0.08,1.14,-0.7,-0.83
"3076","Youssef Rossi",1998,"Morocco",-0.42,-0.68,-0.02,-0.74,0.28,0.86,-0.74,0.15,0.16,0.45,0.58,-0.54,-0.75,0.76,-1.08,-0.11
"3077","Aron Winter",1998,"Netherlands",-0.42,-0.48,-0.66,-0.63,0.19,0.32,-0.15,-0.15,0.25,0.55,-0.31,-0.54,-0.41,-0.68,-0.77,-0.67
"3078","Arthur Numan",1998,"Netherlands",-0.42,-0.55,0.91,-0.63,1.9,2.81,0.05,1.76,1.88,3.08,0.12,-0.13,0.1,-0.37,-0.61,0.92
"3079","Boudewijn Zenden",1998,"Netherlands",0.42,-0.39,0.65,-0.22,-0.78,-0.43,0.64,1.09,-0.99,-0.83,-0.73,-0.54,-0.58,0.41,-0.46,0.85
"3080","Clarence Seedorf",1998,"Netherlands",-0.42,0.22,0.65,0.07,0.2,-0.43,0.64,0.8,-0.75,0.59,-0.68,-0.54,-0.58,-0.52,-0.3,0.74
"3081","Dennis Bergkamp",1998,"Netherlands",2.11,1.56,0.13,2.55,-0.19,-0.87,0.44,-0.54,-0.12,-0.56,-0.68,-0.54,-0.07,0.88,0.8,1.92
"3082","Edgar Davids",1998,"Netherlands",0.42,-0.21,-0.13,-0.45,1.57,-0.27,2.01,1.28,4.29,1.83,-0.36,1.49,0.44,2.6,0.65,0.45
"3083","Edwin van der Sar",1998,"Netherlands",-0.42,-0.68,-0.66,-0.74,0.67,2.78,-0.74,-0.73,-0.99,-1.03,-0.41,-0.54,-0.75,-1.15,-1.08,-0.9
"3084","Frank de Boer",1998,"Netherlands",-0.42,0.06,-0.66,0.18,2.37,2.16,-0.34,2.05,1.97,1.39,1.3,0.78,0.44,0.1,0.02,0.71
"3085","Jaap Stam",1998,"Netherlands",-0.42,-0.16,-0.66,-0.05,2.02,1,-0.34,0.71,1.99,1.34,2.22,0.9,2.97,1.04,-0.46,-0.85
"3086","Jimmy Floyd Hasselbaink",1998,"Netherlands",-0.42,-0.46,-0.66,-0.39,-1.42,-1.18,-0.15,-0.92,-0.99,-1.03,-0.73,-0.54,-0.58,-0.84,-0.77,-0.82
"3087","Marc Overmars",1998,"Netherlands",0.42,0.7,0.39,1.92,-0.16,-0.48,2.8,2.81,-0.03,1.04,-0.68,-0.54,-0.07,-0.21,0.96,1.09
"3088","Michael Reiziger",1998,"Netherlands",-0.42,-0.68,-0.4,-0.74,0.18,0.5,-0.15,-0.15,1.25,-0.38,0.02,0.1,-0.24,-0.06,-0.46,-0.5
"3089","Patrick Kluivert",1998,"Netherlands",1.26,2.3,-0.13,1.92,-0.41,-0.87,0.25,-0.63,-0.11,-0.83,-0.68,-0.54,0.44,0.26,0.49,0.66
"3090","Philip Cocu",1998,"Netherlands",1.26,0.92,0.39,2.21,1.14,0.45,0.25,0.9,0.45,1.62,-0.2,-0.54,0.44,0.1,0.8,0.43
"3091","Pierre van Hooijdonk",1998,"Netherlands",0.42,-0.07,-0.66,0.3,-1.33,-1.15,-0.74,-1.02,-0.79,-1.03,-0.73,-0.54,-0.58,-0.52,-0.93,-0.44
"3092","Ronald de Boer",1998,"Netherlands",1.26,-0.03,1.43,0.53,1.46,1.98,2.8,2.24,1.27,0.07,-0.41,-0.54,0.27,-0.21,0.49,2.99
"3093","Wim Jonk",1998,"Netherlands",-0.42,0.38,2.99,-0.51,2.12,0.89,-0.15,-0.06,0.98,1.04,-0.31,-0.13,-0.58,-0.06,-0.3,4.13
"3094","Winston Bogarde",1998,"Netherlands",-0.42,-0.53,-0.66,-0.57,-1.4,-1.05,-0.74,-1.02,-0.76,-1.03,-0.63,-0.54,-0.58,-0.84,-0.93,-0.85
"3095","Augustine Eguavoen",1998,"Nigeria",-0.42,-0.41,-0.66,-0.32,-0.92,-0.47,-0.74,-0.66,-0.27,-0.57,0.15,-0.54,-0.75,-0.58,-0.51,-0.9
"3096","Ben Iroha",1998,"Nigeria",-0.42,-0.68,-0.66,-0.74,-0.94,-0.38,-0.74,-0.49,-0.75,-0.57,-0.54,0.24,-0.75,0.85,-1.08,-0.68
"3097","Celestine Babayaro",1998,"Nigeria",-0.42,-0.48,-0.18,-0.74,1.34,1.86,-0.02,0.74,0.57,1.31,1.04,-0.54,-0.13,1.14,-0.51,-0.59
"3098","Daniel Amokachi",1998,"Nigeria",-0.42,-0.41,-0.66,0,-1,-1.09,0.34,-0.31,-0.39,-1.03,-0.73,-0.54,-0.44,-0.58,0.07,-0.11
"3099","Finidi George",1998,"Nigeria",-0.42,0.8,1.26,1.06,1.11,0.81,1.42,2.32,-0.05,1.03,-0.73,-0.54,-0.13,0.28,0.36,2.39
"3100","Garba Lawal",1998,"Nigeria",-0.42,-0.32,3.64,0.32,0.41,0.34,0.34,1.62,0.08,-0.17,-0.44,-0.54,0.18,-1.15,0.65,2.41
"3101","Godwin Okpara",1998,"Nigeria",-0.42,-0.55,-0.66,-0.53,-1.11,-1.14,-0.74,-0.66,-0.51,-0.8,-0.64,-0.54,-0.75,-1.15,-1.08,-0.79
"3102","Jay-Jay Okocha",1998,"Nigeria",-0.42,0.9,1.26,0.42,1.13,0.81,3.94,3.72,0.03,-0.47,-0.73,-0.54,-0.75,-0.29,2.09,1.43
"3103","Kanu",1998,"Nigeria",-0.42,0.31,-0.66,1.7,-0.2,-0.9,0.34,0.91,-0.44,-0.28,-0.54,-0.54,-0.75,-0.29,0.65,0.81
"3104","Mobi Oparaku",1998,"Nigeria",-0.42,-0.68,-0.66,-0.74,-1.15,-0.8,-0.74,-0.84,-0.43,-1.03,-0.05,-0.54,-0.13,-0.86,-0.8,-0.87
"3105","Mutiu Adepoju",1998,"Nigeria",1.12,-0.09,-0.18,-0.11,0.75,1.19,0.34,0.39,-0.27,0.1,0.94,2.23,1.73,1.14,-0.22,-0.39
"3106","Peter Rufai",1998,"Nigeria",-0.42,-0.68,-0.66,-0.74,-0.14,0.91,-0.74,-1.02,-0.99,-0.8,-0.34,-0.54,-0.44,-1.15,-0.8,-0.9
"3107","Rasheed Yekini",1998,"Nigeria",-0.42,1.33,-0.18,0.95,-0.81,-0.85,-0.02,-0.31,-0.99,-0.57,-0.64,-0.54,-0.44,-0.58,-0.51,0.48
"3108","Sunday Oliseh",1998,"Nigeria",1.12,0.51,-0.66,-0.53,1,0,0.34,0.21,0.03,0.42,-0.24,-0.54,0.49,-0.86,-0.51,-0.34
"3109","Taribo West",1998,"Nigeria",-0.42,-0.25,-0.66,-0.21,0.73,0.29,-0.74,-0.31,0.83,1.07,1.72,1.35,1.11,-0.58,0.07,-0.9
"3110","Tijani Babangida",1998,"Nigeria",1.12,-0.25,-0.18,0.11,-0.98,-0.95,-0.02,-0.14,-0.99,-1.03,-0.54,-0.54,-0.75,-1.15,-0.8,0.06
"3111","Uche Okafor",1998,"Nigeria",-0.42,-0.68,-0.66,-0.74,-1.05,-0.66,-0.74,-0.84,-0.99,-1.03,0.74,-0.54,-0.13,-1.15,-1.08,-0.62
"3112","Uche Okechukwu",1998,"Nigeria",-0.42,-0.09,-0.66,-0.53,-0.35,-0.47,-0.74,-0.49,0.01,0.6,1.04,3.58,0.8,0,-0.8,-0.87
"3113","Viktor Ikpeba",1998,"Nigeria",1.12,1.49,0.3,1.91,-0.69,-0.99,0.7,-0.14,-0.99,-0.34,-0.73,-0.54,0.18,-0.58,-0.51,1.29
"3114","Wilson Oruma",1998,"Nigeria",1.12,-0.32,0.78,-0.64,-1.02,-0.99,-0.02,-0.66,-0.51,-0.57,-0.73,-0.54,-0.75,-0.58,-1.08,-0.45
"3115","Dan Eggen",1998,"Norway",1.12,0.83,-0.66,0.21,-0.5,-0.04,-0.74,-1.02,-0.12,0.07,1.72,-0.34,2.04,-0.58,0.36,-0.76
"3116","Erik Mykland",1998,"Norway",-0.42,-0.55,1.26,0.32,-0.03,-0.14,0.34,-0.31,0.35,-0.18,-0.64,-0.54,-0.75,0,0.93,1.21
"3117","Frode Grodås",1998,"Norway",-0.42,-0.68,-0.66,-0.74,0.11,2.19,-0.74,-0.14,-0.99,-1.03,-0.64,-0.54,-0.44,-1.15,-0.8,-0.65
"3118","Henning Berg",1998,"Norway",-0.42,0.41,1.26,0.64,0.83,1.86,-0.38,1.27,-0.26,-0.97,1.33,-0.15,1.11,0,-0.51,0.76
"3119","Håvard Flo",1998,"Norway",1.12,0.93,1.26,1.8,-0.2,0,-0.38,-0.31,-0.99,-0.67,-0.05,-0.12,6.37,0.85,-0.51,1.6
"3120","Kjetil Rekdal",1998,"Norway",1.12,2.15,1.26,-0.74,1.51,0.86,-0.38,1.27,0.57,-0.03,-0.14,0.9,0.49,1.71,-1.08,1.77
"3121","Mini Jakobsen",1998,"Norway",-0.42,-0.68,-0.66,-0.74,-1.45,-1.18,-0.38,-0.66,-0.99,-1.03,-0.73,-0.54,-0.75,-0.86,-0.8,-0.9
"3122","Ole Gunnar Solskjaer",1998,"Norway",-0.42,-0.05,-0.66,-0.32,-1.26,-0.9,-0.38,-1.02,-0.67,-0.91,-0.64,-0.54,-0.75,-0.86,-0.8,-0.14
"3123","Roar Strand",1998,"Norway",-0.42,-0.45,-0.18,0.42,-1.07,-1.04,0.34,-0.66,-0.9,-0.58,-0.64,-0.25,-0.44,-0.86,-0.8,-0.2
"3124","Ronny Johnsen",1998,"Norway",-0.42,-0.58,-0.66,-0.74,-0.54,-0.47,-0.74,0.21,-0.31,-0.22,1.63,0.38,1.11,-0.29,0.07,-0.79
"3125","Stale Solbakken",1998,"Norway",-0.42,0.28,-0.66,-0.21,-0.54,-0.61,-0.38,-0.31,-0.82,-0.66,-0.64,-0.54,1.11,-0.58,-0.8,0.2
"3126","Stig Inge Bjornebye",1998,"Norway",-0.42,-0.25,4.6,-0.74,0.71,2.52,-0.74,-1.02,-0.16,-0.19,2.02,-0.25,0.49,0.57,-0.22,3.15
"3127","Tore Andre Flo",1998,"Norway",1.12,1.16,1.73,4.24,-0.18,-0.8,1.78,0.91,-0.93,-0.79,-0.64,-0.54,0.8,1.43,2.09,2.25
"3128","Vidar Riseth",1998,"Norway",-0.42,-0.28,0.3,1.17,-0.75,-0.61,-0.02,0.21,-0.8,-0.62,-0.44,-0.54,0.8,0,-0.22,0.36
"3129","Øyvind Leonhardsen",1998,"Norway",-0.42,-0.22,-0.18,0.32,-0.66,-0.85,-0.74,0.04,-0.43,-0.49,-0.64,-0.54,-0.75,0.57,-0.51,-0.53
"3130","Aristides Rojas",1998,"Paraguay",-0.42,0.32,-0.66,-0.45,-1.07,-1.01,-0.07,-0.69,-0.76,-0.96,-0.73,-0.54,0.4,-0.62,-0.55,-0.33
"3131","Carlos Gamarra",1998,"Paraguay",-0.42,-0.01,-0.66,-0.35,0.28,0.39,-0.07,-0.53,0.96,0.78,4.35,4.31,1.82,-0.88,-0.55,-0.8
"3132","Carlos Morales Santos",1998,"Paraguay",-0.42,-0.68,-0.66,-0.74,-1.41,-1.19,-0.74,-1.02,-0.99,-1.03,-0.73,-0.54,-0.75,-1.15,-0.55,-0.74
"3133","Carlos Paredes",1998,"Paraguay",-0.42,-0.28,-0.66,-0.55,0.31,-0.53,0.26,-1.02,0.48,1.34,0.45,0.59,-0.46,0.17,0.25,-0.64
"3134","Celso Ayala",1998,"Paraguay",1,0.2,-0.66,-0.06,-0.34,-0.35,-0.74,-0.37,0.2,1.25,5.62,5.58,2.11,0.96,1.31,-0.9
"3135","César Ramírez",1998,"Paraguay",-0.42,-0.34,-0.66,-0.45,-1.51,-1.23,-0.74,-0.85,-0.99,-1.03,-0.73,-0.54,-0.75,-0.09,-0.82,-0.9
"3136","Denis Caniza",1998,"Paraguay",-0.42,-0.68,-0.22,-0.25,-0.62,-0.22,-0.74,-0.85,-0.28,0.28,-0.1,-0.54,-0.75,0.96,-1.08,-0.38
"3137","Francisco Arce",1998,"Paraguay",-0.42,-0.4,1.99,-0.55,0.77,1.27,-0.07,-0.04,-0.1,-0.27,-0.1,-0.3,-0.18,-0.62,-0.55,1.33
"3138","Hugo Brizuela",1998,"Paraguay",-0.42,-0.43,-0.66,-0.25,-1.29,-1.1,-0.07,-0.53,-0.76,-0.58,-0.73,-0.54,-0.75,-1.15,0.25,-0.8
"3139","Jorge Campos",1998,"Paraguay",-0.42,-0.28,-0.66,-0.25,-1.07,-0.97,-0.74,-0.85,-0.19,-0.42,-0.55,-0.54,-0.46,0.44,0.25,-0.8
"3140","Jose Chilavert",1998,"Paraguay",-0.42,-0.4,-0.66,-0.74,-0.46,0.61,-0.4,0.12,-0.99,-0.84,-0.64,-0.54,-0.75,-1.15,-1.08,-0.3
"3141","José Cardozo",1998,"Paraguay",1,0.41,-0.22,0.33,-0.74,-0.97,-0.4,-0.85,-0.59,-1.03,-0.64,0.11,0.11,-0.09,-0.02,-0.1
"3142","Julio Enciso",1998,"Paraguay",-0.42,-0.59,-0.22,-0.74,0.68,0.39,-0.74,-0.37,1.38,1.75,0.63,2.05,0.4,-0.09,0.25,-0.33
"3143","Julio Yegros",1998,"Paraguay",-0.42,-0.65,-0.22,-0.45,-0.97,-0.84,0.59,-0.21,-0.83,-1.03,-0.64,-0.54,-0.18,-0.62,-0.55,-0.36
"3144","Miguel Benítez",1998,"Paraguay",1,0.75,-0.66,0.82,-0.11,-0.31,2.59,1.25,-0.43,-0.7,-0.73,-0.3,-0.75,1.23,2.38,0.4
"3145","Pedro Sarabia",1998,"Paraguay",-0.42,-0.68,-0.66,-0.64,0.28,0.61,-0.07,-0.21,1.71,0.03,2.26,0.52,0.11,0.17,-0.82,-0.69
"3146","Roberto Acuña",1998,"Paraguay",-0.42,-0.37,-0.66,-0.74,0.31,-0.14,-0.4,-0.69,0.1,0.39,0.45,2.07,-0.18,0.44,0.25,-0.02
"3147","Adrian Ilie",1998,"Romania",1.12,2.05,0.3,1.48,-0.28,-0.47,3.22,2.67,-0.79,0.19,-0.64,-0.54,-0.44,0.28,1.51,0.48
"3148","Anton Dobos",1998,"Romania",-0.42,-0.68,-0.66,-0.74,-0.64,-0.9,-0.74,-1.02,-0.59,-0.65,-0.05,0.76,0.49,-0.29,-1.08,-0.9
"3149","Bogdan Stelea",1998,"Romania",-0.42,-0.68,-0.66,-0.74,-0.31,0.86,-0.74,-0.84,-0.99,-0.65,-0.34,-0.54,-0.75,-1.15,-1.08,-0.9
"3150","Christian Dulca",1998,"Romania",-0.42,-0.68,-0.18,-0.74,-1.34,-0.99,-0.74,-1.02,-0.59,-0.65,-0.64,-0.54,-0.75,-0.58,-1.08,-0.7
"3151","Constantin Galca",1998,"Romania",-0.42,-0.02,-0.66,-0.74,3.13,0.76,0.7,1.44,1.46,1.56,0.05,0.2,-0.44,0.28,1.51,-0.03
"3152","Dan Petrescu",1998,"Romania",1.12,-0.05,-0.66,0,1.36,0.95,0.34,0.04,1.25,2.05,0.15,-0.54,-0.13,0.28,-0.51,-0.28
"3153","Dorinel Munteanu",1998,"Romania",-0.42,-0.48,0.3,-0.32,1.87,1.62,-0.38,1.27,0.04,1.77,-0.05,-0.54,-0.44,-0.29,0.36,0.03
"3154","Gabi Popescu",1998,"Romania",-0.42,-0.32,-0.66,-0.53,-0.08,-0.8,-0.02,0.04,-0.37,-0.02,-0.54,-0.54,-0.13,-0.58,0.07,-0.28
"3155","Gheorghe Craioveanu",1998,"Romania",-0.42,-0.58,-0.66,-0.11,-1.32,-0.99,-0.38,-0.84,-0.99,-1.03,-0.73,-0.54,-0.75,-0.86,-1.08,-0.45
"3156","Gheorghe Hagi",1998,"Romania",-0.42,0.7,2.69,0.32,0.71,0.72,4.3,2.84,0.67,0.77,-0.54,-0.54,-0.75,-0.29,2.95,2.13
"3157","Gheorghe Popescu",1998,"Romania",-0.42,-0.58,-0.66,-0.74,1.93,1.05,-0.74,1.79,-0.79,1.95,1.43,2.11,-0.75,-0.29,-0.8,-0.73
"3158","Ilie Dumitrescu",1998,"Romania",-0.42,-0.32,-0.66,-0.53,-1.28,-1.14,-0.38,-0.49,-0.99,-1.03,-0.73,-0.54,-0.75,-1.15,-0.22,-0.9
"3159","Iulian Filipescu",1998,"Romania",-0.42,-0.68,0.3,-0.53,0.9,0.34,0.34,1.79,1.55,0.77,1.63,-0.54,0.49,1.43,0.93,0
"3160","Liviu Ciobotariu",1998,"Romania",-0.42,-0.18,-0.66,-0.32,1.34,0.24,-0.38,-0.31,1.73,1.32,2.51,1.55,1.11,0,0.36,-0.45
"3161","Lucian Marinescu",1998,"Romania",-0.42,-0.68,-0.18,-0.32,-0.62,-0.66,-0.38,-0.66,0.87,-0.07,-0.73,-0.54,-0.13,-1.15,-0.22,-0.56
"3162","Marius Mihai Lacatus",1998,"Romania",-0.42,-0.68,-0.18,-0.21,-1.38,-1.18,-0.74,-0.84,-0.99,0.12,-0.73,-0.54,-0.75,-0.58,-0.22,-0.62
"3163","Ovidiu Stanga",1998,"Romania",-0.42,-0.51,-0.66,-0.64,-1.32,-1.14,-0.74,-1.02,-0.99,-1.03,-0.73,-0.54,-0.75,-0.86,-1.08,-0.7
"3164","Radu Niculescu",1998,"Romania",-0.42,-0.58,-0.66,-0.64,-1.17,-0.95,-0.74,-0.66,-0.58,-1.03,-0.73,-0.54,-0.75,-0.86,-0.51,-0.9
"3165","Viorel Moldovan",1998,"Romania",2.67,1.26,-0.66,2.12,-0.56,-0.95,-0.74,-0.31,-0.54,-0.62,-0.73,-0.54,1.11,0.28,-0.51,0.17
"3166","Abdullah Zubromawi",1998,"Saudi Arabia",-0.42,-0.68,-0.66,-0.74,0.02,-0.79,-0.26,-0.78,1.55,3.62,3.2,1.43,0.08,-0.77,-0.7,-0.9
"3167","Fahad Al-Mehallel",1998,"Saudi Arabia",-0.42,-0.68,-0.66,-0.32,-0.41,-0.79,-0.26,-0.55,-0.99,-0.83,-0.6,-0.54,-0.75,-0.77,-0.32,-0.64
"3168","Fuad Amin",1998,"Saudi Arabia",-0.42,-0.59,-0.66,-0.6,0.81,-0.03,-0.26,-0.31,0.4,2.23,0.84,0.15,0.08,1.14,0.45,-0.9
"3169","Hamzah Saleh",1998,"Saudi Arabia",-0.42,-0.41,-0.02,-0.46,0.35,-0.22,-0.74,-0.78,-0.38,-0.19,0.18,-0.54,-0.75,0,-1.08,-0.38
"3170","Hussein Al Sulaimani",1998,"Saudi Arabia",-0.42,-0.2,0.62,-0.74,0.91,0.73,1.18,2.49,1.03,0.67,1.36,-0.54,-0.75,-0.39,-0.7,-0.41
"3171","Ibrahim Al Shahrani",1998,"Saudi Arabia",-0.42,-0.46,0.62,-0.04,0,-0.47,-0.26,-0.31,-0.02,0.09,-0.47,-0.25,0.49,-0.39,2.38,-0.08
"3172","Ibrahim Al-Harbi",1998,"Saudi Arabia",-0.42,-0.28,-0.66,-0.46,-1.27,-1.11,-0.26,-0.78,-0.99,-0.57,-0.6,-0.54,-0.75,-1.15,-0.7,-0.9
"3173","Kahlid Al Muwallid",1998,"Saudi Arabia",-0.42,-0.59,-0.66,-0.74,-0.51,-0.85,0.22,-0.08,0.46,1.57,-0.47,-0.54,-0.75,-0.39,-1.08,-0.38
"3174","Khamis Al-Owairan Al-Dossari",1998,"Saudi Arabia",-0.42,-0.68,-0.66,-0.74,1.47,0.6,0.22,-0.31,1.25,0.27,0.97,0.15,-0.33,1.52,0.07,-0.86
"3175","Mohammed Al Khilaiwi",1998,"Saudi Arabia",-0.42,-0.68,-0.66,-0.74,-0.38,-0.85,-0.74,-0.78,1.36,-0.08,1.76,1.51,-0.33,-0.39,-0.7,-0.9
"3176","Mohammed Al-Deayea",1998,"Saudi Arabia",-0.42,-0.68,-0.66,-0.74,-0.76,-0.09,-0.74,-1.02,-0.99,-1.03,0.05,-0.54,-0.75,-1.15,0.07,-0.9
"3177","Mohammed Shaliyah Al Jahani",1998,"Saudi Arabia",-0.42,-0.68,2.53,-0.74,1.39,2,-0.74,0.15,0.52,1.4,2.28,-0.54,-0.33,-0.39,1.22,1.2
"3178","Nawaf Al Temyat",1998,"Saudi Arabia",-0.42,-0.59,-0.66,-0.6,-0.53,-0.41,-0.74,-0.78,-0.57,-0.42,-0.47,0.15,-0.75,-0.39,-0.32,-0.6
"3179","Saeed Owairan",1998,"Saudi Arabia",-0.42,0.11,-0.66,-0.18,-0.79,-1.04,-0.74,-1.02,-0.54,-0.6,-0.47,-0.54,0.08,-0.77,-0.32,-0.49
"3180","Sami Al-Jaber",1998,"Saudi Arabia",1.64,3.35,0.62,0.95,-0.08,-0.92,1.66,0.86,-0.63,-0.4,-0.47,-0.54,-0.75,1.14,1.99,0.97
"3181","Yousif Nasser Al Thenaian",1998,"Saudi Arabia",1.64,3.31,-0.66,-0.6,-1.09,-1.11,-0.74,-1.02,-0.57,-0.83,-0.73,-0.54,-0.33,-1.15,0.07,-0.9
"3182","Christian Dailly",1998,"Scotland",-0.42,0.07,0.62,0.81,0.2,0.03,3.1,2.96,0.46,0.36,0.84,1.21,2.14,0,2.38,-0.56
"3183","Colin Calderwood",1998,"Scotland",-0.42,-0.68,-0.66,-0.6,0.07,0.41,-0.74,-0.78,-0.5,-0.56,0.31,0,-0.33,-1.15,0.07,-0.83
"3184","Colin Hendry",1998,"Scotland",-0.42,-0.15,-0.66,0.95,0.45,0.29,-0.74,-0.78,1.55,0.51,2.67,1.05,4.21,-0.39,0.84,-0.9
"3185","Craig Burley",1998,"Scotland",1.64,0.72,3.17,0.39,0.96,0.86,-0.26,0.62,0.47,-0.71,0.31,0,0.08,1.9,-0.7,1.76
"3186","Darren Jackson",1998,"Scotland",-0.42,-0.55,-0.66,-0.6,-0.76,-0.92,-0.26,-0.78,-0.83,-1.03,-0.47,-0.54,-0.75,0.38,0.07,-0.83
"3187","David Weir",1998,"Scotland",-0.42,-0.68,-0.66,-0.74,-0.28,0.16,-0.74,0.39,1.38,-0.67,-0.08,-0.54,-0.33,-0.77,-0.32,-0.41
"3188","Gordon Durie",1998,"Scotland",-0.42,1.21,0.62,2.79,-0.13,-0.73,-0.26,-0.31,0.47,-0.67,-0.73,0,4.21,4.57,0.45,0.71
"3189","Jackie McNamara",1998,"Scotland",-0.42,-0.63,0.62,-0.6,-0.38,-0.41,-0.74,0.15,-0.62,-0.51,-0.6,-0.54,-0.75,-0.77,0.45,-0.23
"3190","Jim Leighton",1998,"Scotland",-0.42,-0.68,-0.02,-0.74,-0.18,1.37,-0.74,-1.02,-0.99,-1.03,-0.73,-0.54,-0.75,-1.15,-1.08,-0.53
"3191","John Collins",1998,"Scotland",1.64,4.14,-0.02,0.39,2.1,1.11,-0.74,-0.08,2.83,0.83,-0.73,-0.54,-0.75,-1.15,0.45,1.68
"3192","Kevin Gallacher",1998,"Scotland",-0.42,0.72,0.62,2.37,-0.21,-0.79,-0.26,-0.78,0.25,-0.87,-0.73,-0.54,-0.33,-0.39,3.15,0.04
"3193","Paul Lambert",1998,"Scotland",-0.42,-0.46,-0.02,-0.6,2.46,0.35,-0.26,-0.55,0.79,1.7,-0.34,-0.54,-0.33,-0.39,-0.32,0.07
"3194","Tom Boyd",1998,"Scotland",-0.42,-0.59,-0.02,-0.6,1.54,2.25,0.7,-0.31,2.25,0.31,1.23,-0.54,0.9,-0.77,-0.7,-0.41
"3195","Tosh Mckinlay",1998,"Scotland",-0.42,-0.68,-0.02,-0.74,-1.04,-0.6,-0.74,-0.78,-0.99,-0.67,-0.73,-0.54,-0.75,-0.77,-0.32,-0.41
"3196","Benni McCarthy",1998,"South Africa",1.64,1.07,-0.02,1.8,-0.53,-1.04,-0.26,-1.02,-0.43,-0.04,-0.6,-0.54,-0.33,0,0.45,-0.6
"3197","Brendan Augustine",1998,"South Africa",-0.42,-0.46,-0.66,-0.74,-0.84,-0.92,-0.74,-0.78,-0.99,-0.61,-0.47,-0.54,-0.33,0.38,0.07,-0.75
"3198","David Nyathi",1998,"South Africa",-0.42,-0.06,1.89,0.39,1.82,3.46,0.7,2.49,0.74,1.59,0.05,-0.54,0.49,1.14,0.45,0.79
"3199","Delron Buckley",1998,"South Africa",-0.42,-0.41,-0.66,-0.18,-1.22,-1.17,0.7,-0.78,0.01,-0.6,-0.6,-0.54,-0.75,-0.77,-1.08,-0.15
"3200","Hans Vonk",1998,"South Africa",-0.42,-0.68,-0.66,-0.74,0.17,2.06,-0.74,-0.78,-0.99,-1.03,-0.6,-0.54,0.08,-1.15,-1.08,-0.86
"3201","Helman Mkhalele",1998,"South Africa",-0.42,0.55,1.89,0.25,0.68,0.8,1.18,1.56,0.45,0.46,-0.73,1.74,-0.75,-0.77,0.07,1.65
"3202","Jerry Sikhosana",1998,"South Africa",-0.42,-0.41,-0.66,-0.04,-1.24,-1.11,-0.74,-0.55,-0.99,-0.18,-0.73,-0.54,-0.75,-1.15,-0.7,-0.49
"3203","John Moshoeu",1998,"South Africa",-0.42,0.64,0.62,0.39,1.16,0.41,1.18,0.86,1.05,1.73,-0.21,3.06,-0.33,-0.77,0.45,0.67
"3204","Lucas Radebe",1998,"South Africa",-0.42,-0.33,0.62,-0.46,1.52,1.3,-0.74,0.15,2.17,0.91,1.1,1.27,1.73,0.76,-0.32,0.82
"3205","Mark Fish",1998,"South Africa",-0.42,-0.55,-0.02,0.11,2.08,2.51,-0.74,2.26,-0.85,1.53,1.76,4.63,0.08,-0.39,-1.08,0.19
"3206","Philemon Masinga",1998,"South Africa",-0.42,-0.68,-0.66,-0.32,-1.02,-1.17,-0.74,-1.02,-0.99,-0.61,-0.6,-0.54,0.08,0.76,-1.08,-0.9
"3207","Pierre Issa",1998,"South Africa",-0.42,0.42,-0.66,-0.18,1.09,0.1,0.22,1.56,4.76,0.03,0.97,2.69,2.14,1.14,0.07,-0.79
"3208","Quinton Fortune",1998,"South Africa",-0.42,-0.37,1.26,-0.74,0.86,0.35,0.7,0.86,1.57,1.16,-0.6,-0.54,-0.33,2.29,2.38,0.94
"3209","Shaun Bartlett",1998,"South Africa",3.7,4.36,-0.02,2.51,-0.94,-0.98,-0.74,-0.55,-0.99,-0.6,-0.73,-0.07,0.49,0,-1.08,0.45
"3210","Willem Jackson",1998,"South Africa",-0.42,-0.68,-0.66,-0.74,-0.64,-0.47,0.22,-0.08,0.05,-0.89,0.58,-0.54,-0.75,0.76,-0.7,-0.79
"3211","Byung-Ji Kim",1998,"South Korea",-0.42,-0.68,-0.66,-0.74,-0.31,1.37,-0.26,-1.02,-0.99,-1.03,-0.34,-0.54,0.08,-1.15,-1.08,-0.9
"3212","Choi Yong-Soo",1998,"South Korea",-0.42,1.21,-0.02,1.09,-0.59,-0.98,0.7,-0.55,-0.89,-1.03,-0.6,-0.54,0.9,0.76,0.45,0.34
"3213","Do-Hoon Kim",1998,"South Korea",-0.42,0.42,-0.66,0.39,-0.66,-1.04,-0.74,-1.02,-0.89,-0.86,-0.6,-0.54,0.9,1.14,-0.7,0.3
"3214","Do-Keun Kim",1998,"South Korea",-0.42,-0.68,-0.02,-0.46,0.12,-0.54,0.7,-0.08,0.08,-0.43,-0.6,1.24,-0.75,0,-0.32,-0.11
"3215","Ha Seok-Ju",1998,"South Korea",1.64,-0.33,-0.02,-0.74,-0.46,-0.09,0.22,-0.78,0.25,-0.44,0.18,-0.54,0.9,1.14,-0.7,-0.08
"3216","Hynug-Seok Jang",1998,"South Korea",-0.42,-0.59,-0.66,-0.74,-1.04,-0.98,-0.74,-0.78,-0.82,-0.86,0.58,0.61,-0.33,-0.77,-0.32,-0.9
"3217","Jung-Won Seo",1998,"South Korea",-0.42,-0.28,-0.02,0.11,-0.86,-0.98,0.22,0.62,-0.99,-0.93,-0.73,-0.54,0.08,-0.77,0.07,-0.38
"3218","Jung-Yoon Noh",1998,"South Korea",-0.42,-0.68,-0.66,-0.74,-0.89,-1.17,-0.74,-0.55,-0.46,-0.69,-0.73,-0.54,-0.33,-1.15,0.07,-0.9
"3219","Lim-Saeng Lee",1998,"South Korea",-0.42,-0.68,-0.66,-0.74,-1.27,-1.04,-0.26,-1.02,-0.99,-1.03,0.45,-0.54,0.08,-0.77,-0.7,-0.9
"3220","Min-Sung Lee",1998,"South Korea",-0.42,-0.2,0.62,-0.32,0.61,0.86,-0.74,-0.08,0.28,-0.26,2.15,0.12,0.9,1.52,0.07,-0.38
"3221","Myung-Bo Hong",1998,"South Korea",-0.42,-0.37,-0.02,-0.74,1.39,1.3,0.22,0.62,-0.23,0.55,1.89,3.19,-0.75,0,-1.08,0.34
"3222","Sang-Chul Yoo",1998,"South Korea",1.64,0.29,-0.02,-0.04,1.54,1.75,0.22,0.39,0.63,3.22,0.05,0.91,0.08,0.38,0.45,-0.15
"3223","Sang-Hun Lee",1998,"South Korea",-0.42,-0.68,-0.02,-0.74,-0.94,-0.85,-0.74,-0.55,-0.1,-0.18,0.97,-0.54,1.73,-0.77,0.07,-0.56
"3224","Sang-Yoon Lee",1998,"South Korea",-0.42,0.29,-0.02,0.25,-0.18,-0.6,0.22,-0.31,-0.51,-1.03,-0.34,-0.54,0.9,-0.77,-0.32,0.6
"3225","Sung-yong Choi",1998,"South Korea",-0.42,-0.55,0.62,-0.74,-0.64,-0.28,-0.74,-0.78,-0.71,-0.6,0.18,-0.54,-0.75,-1.15,-1.08,0.07
"3226","Tae-Young Kim",1998,"South Korea",-0.42,-0.59,-0.02,-0.74,0.28,0.54,-0.26,-1.02,-0.09,0.49,0.97,0.91,0.49,-0.39,1.61,-0.68
"3227","Yong-Soo Ko",1998,"South Korea",-0.42,-0.55,0.62,0.39,-0.61,-0.66,-0.26,-0.55,-0.64,-0.69,-0.47,0.91,0.49,-0.39,-1.08,0.3
"3228","Young Il Choi",1998,"South Korea",-0.42,-0.68,-0.66,-0.74,-1.04,-0.98,-0.74,-0.78,-0.79,-0.84,0.31,-0.2,-0.33,-0.39,-0.32,-0.9
"3229","Albert Celades",1998,"Spain",-0.42,-0.37,0.62,-0.6,-0.84,-0.54,-0.74,-1.02,-0.99,-0.58,-0.73,-0.54,-0.75,-1.15,-1.08,0.52
"3230","Albert Ferrer",1998,"Spain",-0.42,-0.68,0.62,-0.74,-0.64,0.1,-0.74,-1.02,0.43,0.32,-0.6,-0.54,-0.75,-0.77,-1.08,-0.26
"3231","Amor",1998,"Spain",-0.42,-0.06,-0.02,-0.6,2.38,1.05,0.22,-0.31,1.15,1.86,-0.47,1.26,-0.75,2.29,0.07,0.11
"3232","Andoni Zubizarreta",1998,"Spain",-0.42,0.02,-0.66,-0.46,-0.26,1.43,-0.74,-1.02,-0.52,-1.03,-0.34,-0.54,-0.75,-1.15,-0.7,-0.49
"3233","Carlos Aguilera",1998,"Spain",-0.42,-0.46,1.26,0.11,0.45,1.68,2.14,1.09,-0.54,1.33,-0.21,4.85,-0.33,0.76,2.38,1.16
"3234","Etxeberria",1998,"Spain",-0.42,0.07,5.08,1.09,-0.43,0.03,1.18,1.79,-0.52,0.99,-0.73,1.26,-0.33,0.38,0.84,2.96
"3235","Fernando Hierro",1998,"Spain",3.7,4.4,0.62,-0.04,3.06,2.95,0.22,2.73,5.33,2.13,0.18,1.26,2.97,0.38,0.07,2.13
"3236","Fernando Morientes",1998,"Spain",3.7,1.6,-0.66,1.94,-0.97,-1.11,0.7,-0.55,-0.54,-0.16,-0.73,0.93,0.08,0,0.07,0.3
"3237","Fernández Abelardo",1998,"Spain",-0.42,-0.68,-0.66,-0.74,-0.69,-0.47,-0.74,-0.55,-0.99,0.03,-0.34,-0.54,0.08,-0.77,-1.08,-0.9
"3238","Iván Campo",1998,"Spain",-0.42,-0.68,-0.66,-0.74,-0.69,-0.22,-0.74,-0.31,0.9,0.78,-0.21,-0.54,-0.33,0,-1.08,-0.9
"3239","Juan Antonio Pizzi",1998,"Spain",-0.42,-0.15,-0.02,0.53,-1.32,-1.23,-0.74,-0.78,-0.99,-1.03,-0.6,-0.54,-0.75,-0.39,-0.32,0.04
"3240","Kiko",1998,"Spain",1.64,2.69,-0.02,2.22,-0.28,-0.73,-0.74,-0.78,-0.52,0.32,-0.73,-0.54,0.9,0,0.45,1.38
"3241","Luis Enrique",1998,"Spain",1.64,2.13,-0.02,3.5,0.86,0.1,3.58,2.26,0.51,1.44,-0.73,-0.54,0.49,0.38,1.61,2.66
"3242","Miguel Ángel Nadal",1998,"Spain",-0.42,-0.5,-0.66,-0.74,0.4,-0.09,-0.74,-0.78,-0.52,1.17,1.23,3.93,0.9,-0.77,-0.32,-0.9
"3243","Perez Munoz Alfonso",1998,"Spain",-0.42,-0.28,-0.66,0.67,-0.31,-1.04,-0.74,-1.02,-0.07,1.17,-0.73,-0.54,-0.33,0.38,0.84,-0.9
"3244","Rafael Alkorta",1998,"Spain",-0.42,-0.55,-0.66,-0.46,0.66,0.86,-0.26,0.86,0.86,5.45,0.45,0.99,2.55,-0.39,-0.32,-0.9
"3245","Raúl",1998,"Spain",1.64,3.13,1.89,2.37,0.05,0.1,0.22,-0.08,0.92,0.29,-0.6,-0.54,-0.33,-1.15,0.07,3.56
"3246","Sergi",1998,"Spain",-0.42,-0.37,0.62,0.25,1.7,2.7,-0.26,0.86,2.22,2.15,0.71,1.26,-0.75,0.76,-1.08,-0.68
"3247","Adel Sellimi",1998,"Tunisia",-0.42,-0.68,1.26,1.09,-0.41,-0.6,0.7,0.15,-0.56,-0.74,-0.6,-0.54,0.49,0.76,2.38,1.01
"3248","Chokri El-Ouaer",1998,"Tunisia",-0.42,-0.68,-0.66,-0.74,-0.21,1.37,-0.26,-0.78,-0.99,-0.67,0.05,-0.54,0.08,-1.15,-0.7,-0.9
"3249","Ferid Chouchane",1998,"Tunisia",-0.42,-0.68,-0.66,-0.74,-0.26,0.03,-0.26,-0.31,-0.39,0.42,1.76,-0.54,0.08,-0.77,-0.7,-0.9
"3250","Hatem Trabelsi",1998,"Tunisia",-0.42,-0.68,-0.66,-0.74,-0.76,-0.73,-0.74,-0.78,-0.38,-0.44,-0.21,-0.54,-0.75,-0.39,-1.08,-0.9
"3251","Imed Ben Younes",1998,"Tunisia",-0.42,-0.28,-0.66,-0.46,-1.42,-1.23,-0.74,-0.55,-0.99,-0.74,-0.73,-0.54,-0.75,-0.77,-0.32,-0.9
"3252","José Clayton",1998,"Tunisia",-0.42,-0.15,1.89,-0.74,-0.36,0.22,-0.74,-0.08,0.07,-0.02,0.31,0.46,-0.75,-0.77,0.07,0.64
"3253","Kaies Ghodhbane",1998,"Tunisia",-0.42,0.29,-0.66,-0.46,0.17,-0.09,-0.74,-0.08,-0.74,1.5,-0.21,-0.54,-0.75,0.38,-1.08,-0.83
"3254","Khaled Badra",1998,"Tunisia",-0.42,-0.24,-0.66,-0.32,-0.71,-0.47,-0.74,-0.31,0.55,-0.15,1.36,0.46,-0.33,0.38,-1.08,-0.9
"3255","Mehdi Ben Slimane",1998,"Tunisia",-0.42,0.86,-0.02,1.52,-0.69,-1.04,1.18,1.32,-0.87,-0.91,-0.73,-0.54,0.49,2.29,1.22,0.19
"3256","Mounir Boukadida",1998,"Tunisia",-0.42,-0.68,-0.66,-0.74,-0.41,-0.16,-0.74,-0.55,0.62,0.28,0.84,2.44,-0.33,0.38,0.07,-0.9
"3257","Riadh Bouazizi",1998,"Tunisia",-0.42,0.46,-0.66,-0.04,-0.28,-0.03,-0.74,-0.78,-0.07,-0.09,0.18,1.31,-0.33,0,-1.08,-0.6
"3258","Riadh Jelassi",1998,"Tunisia",-0.42,-0.68,-0.66,-0.74,-1.42,-1.11,-0.74,-1.02,-0.99,-1.03,-0.73,-0.54,-0.33,-1.15,-0.7,-0.6
"3259","Sami Trabelsi",1998,"Tunisia",-0.42,-0.06,-0.66,0.11,-0.36,-0.09,-0.74,-0.08,0.71,1.42,2.54,-0.54,2.55,4.19,0.84,-0.9
"3260","Sirajeddine Chihi",1998,"Tunisia",-0.42,-0.24,-0.02,0.53,1.21,0.54,-0.26,0.62,0.23,0.83,0.45,-0.13,0.08,1.52,0.07,-0.08
"3261","Skander Souayah",1998,"Tunisia",1.64,4.45,1.89,-0.04,1.29,0.54,-0.26,2.03,0.64,-0.55,-0.47,-0.54,-0.75,0,0.07,2.43
"3262","Tarek Thabet",1998,"Tunisia",-0.42,-0.55,0.62,-0.04,-0.53,0.41,-0.26,-0.08,-0.87,-0.7,-0.47,-0.54,-0.33,-0.77,-0.7,0.49
"3263","Zoubéir Baya",1998,"Tunisia",-0.42,0.24,-0.02,0.11,0.02,0.29,-0.74,1.56,0.15,0.66,-0.34,-0.13,-0.75,0.38,-0.7,0
"3264","Brad Friedel",1998,"USA",-0.42,-0.68,-0.66,-0.74,-1.09,-0.28,-0.74,-1.02,-0.99,-1.03,-0.73,-0.54,-0.75,-1.15,-0.7,-0.9
"3265","Brian Maisonneuve",1998,"USA",-0.42,-0.24,-0.02,-0.18,0.45,-0.16,-0.74,0.15,1.24,0.36,-0.47,-0.54,-0.75,-0.39,-0.32,-0.04
"3266","Brian McBride",1998,"USA",1.64,0.02,-0.66,4.34,-0.74,-1.11,-0.74,-0.78,-0.99,-0.11,-0.73,-0.54,3.79,0.38,0.84,1.05
"3267","Chad Deering",1998,"USA",-0.42,-0.59,-0.66,-0.74,-1.09,-0.98,-0.74,-1.02,-0.33,-0.61,-0.47,-0.54,0.08,0,-0.32,-0.6
"3268","Claudio Reyna",1998,"USA",-0.42,1.69,2.53,1.38,2.94,0.67,0.7,2.96,-0.36,2.62,-0.47,-0.54,-0.33,1.52,2.38,2.77
"3269","Cobi Jones",1998,"USA",-0.42,0.72,2.53,0.81,0.93,0.67,1.18,2.96,0.24,0.52,-0.6,-0.54,-0.33,0,1.99,1.46
"3270","David Regis",1998,"USA",-0.42,-0.5,-0.02,0.11,1.19,0.99,-0.74,1.32,-0.17,1.59,2.67,1.98,0.49,1.14,1.61,0.19
"3271","Earnie Stewart",1998,"USA",-0.42,-0.11,0.62,0.39,0.66,-0.03,-0.26,-0.55,-0.43,0.17,-0.73,-0.54,0.49,-0.77,0.84,0.64
"3272","Eddie Pope",1998,"USA",-0.42,-0.68,-0.66,-0.74,0.25,0.16,-0.74,-0.78,0.34,0.25,0.97,-0.54,0.49,1.14,1.22,-0.9
"3273","Eric Wynalda",1998,"USA",-0.42,-0.68,-0.02,-0.74,-1.12,-1.11,0.22,0.15,-0.99,-0.43,-0.6,-0.54,-0.33,0,-0.7,-0.6
"3274","Frankie Hejduk",1998,"USA",-0.42,0.77,0.62,1.09,0.78,0.29,1.18,2.73,2.99,0.04,-0.21,1.27,-0.33,-0.77,2.76,-0.3
"3275","Joe-Max Moore",1998,"USA",-0.42,0.81,3.17,0.81,0.71,0.22,-0.74,1.79,2.06,-0.5,-0.73,-0.54,-0.33,0,-0.32,1.76
"3276","Kasey Keller",1998,"USA",-0.42,-0.68,-0.66,-0.74,-0.66,0.48,-0.74,-0.78,-0.99,-1.03,-0.47,-0.54,-0.75,-1.15,-1.08,-0.9
"3277","Mike Burns",1998,"USA",-0.42,-0.68,-0.66,-0.6,0.2,0.48,-0.74,-0.31,0.65,-0.25,0.05,0.79,-0.33,0,-0.7,-0.41
"3278","Preki Radosavljevic",1998,"USA",-0.42,0.07,-0.02,-0.18,-0.86,-0.85,0.22,-0.08,-0.58,-1.03,-0.73,-0.54,-0.75,-1.15,-0.7,-0.19
"3279","Roy Wegerle",1998,"USA",-0.42,-0.68,-0.02,-0.18,-0.71,-1.11,-0.74,-0.78,-0.43,-1.03,-0.73,-0.54,-0.75,-0.77,-1.08,-0.68
"3280","Tab Ramos",1998,"USA",-0.42,-0.46,-0.66,-0.74,-0.56,-0.66,-0.26,-0.31,-0.99,-0.5,-0.73,-0.54,-0.33,-1.15,-0.7,-0.53
"3281","Thomas Dooley",1998,"USA",-0.42,-0.2,-0.66,0.53,0.99,0.35,0.22,-0.31,2.91,1.03,0.97,0.79,0.49,-0.77,-1.08,-0.56
"3282","Branko Brnovic",1998,"Yugoslavia",-0.42,-0.68,-0.66,-0.53,-0.5,-0.99,-0.74,-1.02,-0.25,-0.5,-0.54,-0.54,-0.44,-0.86,0.07,-0.53
"3283","Darko Kovacevic",1998,"Yugoslavia",-0.42,-0.18,-0.66,-0.32,-1.24,-1.09,-0.38,-0.84,-0.67,-1.03,-0.73,-0.54,-0.13,-0.58,-0.8,-0.9
"3284","Dejan Savicevic",1998,"Yugoslavia",-0.42,-0.45,-0.66,-0.64,-1.21,-0.8,-0.74,-0.66,-0.8,-1.03,-0.73,-0.54,-0.75,-0.86,-1.08,-0.62
"3285","Dejan Stankovic",1998,"Yugoslavia",-0.42,-0.35,0.3,-0.21,-0.75,-0.57,-0.74,-0.14,-0.02,-0.32,-0.44,-0.54,-0.75,0.57,-0.8,-0.45
"3286","Dragan Stojkovic",1998,"Yugoslavia",1.12,0.51,3.17,0,0.58,0.15,0.34,1.09,-0.06,-0.72,-0.54,-0.38,-0.13,0.28,1.51,1.66
"3287","Goran Djorovic",1998,"Yugoslavia",-0.42,-0.61,-0.66,-0.21,0.26,0.15,-0.02,-0.49,-0.06,-0.49,3.2,2.33,1.11,0.85,1.51,-0.87
"3288","Ivica Kralj",1998,"Yugoslavia",-0.42,-0.68,-0.66,-0.74,-0.58,0.48,-0.74,-0.31,-0.99,-1.03,-0.54,-0.54,-0.75,-1.15,-1.08,-0.9
"3289","Perica Ognjenovic",1998,"Yugoslavia",-0.42,-0.45,-0.18,0.64,-1.09,-1.04,1.42,0.56,-0.15,-0.67,-0.73,-0.54,-0.75,-0.29,-0.8,-0.23
"3290","Predrag Mijatovic",1998,"Yugoslavia",1.12,2.93,-0.66,1.38,-0.75,-0.99,1.06,0.21,-0.29,-0.9,-0.73,-0.54,-0.44,-0.29,3.24,-0.25
"3291","Savo Milosevic",1998,"Yugoslavia",-0.42,0.05,-0.66,-0.11,-1.04,-1.09,-0.38,-0.66,-0.99,-1.03,-0.73,-0.54,-0.44,0,-0.22,-0.62
"3292","Sinisa Mihajlovic",1998,"Yugoslavia",1.12,0.83,0.3,-0.74,0.58,1.38,-0.74,0.91,0.73,0.56,2.81,0.51,0.8,0.57,0.65,1.07
"3293","Slavisa Jokanovic",1998,"Yugoslavia",-0.42,-0.58,-0.66,-0.11,1.15,-0.09,-0.02,0.39,0.08,0.35,0.54,0.51,1.11,0.85,0.93,-0.39
"3294","Slobodan Komljenovic",1998,"Yugoslavia",2.67,-0.09,-0.66,-0.42,0.24,0.53,-0.74,0.39,-0.39,0.17,0.84,0.21,-0.44,-0.86,0.07,-0.84
"3295","Vladimir Jugovic",1998,"Yugoslavia",-0.42,0.7,-0.66,-0.11,0.37,0.62,2.86,3.2,0.63,0.31,0.15,-0.54,-0.13,0.28,1.51,0.22
"3296","Zeljko Petrovic",1998,"Yugoslavia",-0.42,-0.41,1.73,-0.64,0.96,0.86,-0.74,1.27,0.91,-0.09,0.25,-0.54,-0.44,0.57,0.65,0.42
"3297","Zoran Mirkovic",1998,"Yugoslavia",-0.42,-0.68,-0.18,-0.74,-0.1,0.48,-0.74,-0.66,-0.53,-1.03,0.94,0.51,-0.44,-0.58,0.07,-0.84
"3298","Abel Balbo",1994,"Argentina",0.93,2.21,0.47,3.2,0.51,-0.22,2.6,0.4,0.8,0.68,-0.55,0.59,-0.66,-0.54,1.15,3.6
"3299","Alejandro Mancuso",1994,"Argentina",-0.39,-0.62,-0.6,-0.73,-1.1,-1.13,-0.82,-0.72,-0.69,-0.87,-0.72,-0.58,-0.66,-1.18,-0.78,-0.88
"3300","Ariel Ortega",1994,"Argentina",-0.39,-0.2,2.62,0.94,-0.42,-0.44,2.34,0.4,-0.67,-0.3,-0.72,-0.58,-0.66,0.41,1.79,3.79
"3301","Claudio Caniggia",1994,"Argentina",2.24,1.34,-0.6,0.94,-0.67,-0.96,0.49,-0.4,-0.63,-0.63,-0.72,-0.58,-0.16,-0.22,1.47,0.28
"3302","Diego Maradona",1994,"Argentina",0.93,-0.3,2.62,0.34,0.37,0.73,2.07,0.4,0.6,-0.39,-0.72,-0.58,-0.66,-0.86,3.07,2.46
"3303","Diego Simeone",1994,"Argentina",-0.39,0.31,0.47,0.34,3.06,2.21,2.34,0.57,0.86,1.64,-0.22,-0.58,0.84,-0.86,0.83,1.94
"3304","Fernando Cáceres",1994,"Argentina",-0.39,-0.33,-0.6,-0.49,1.19,0.95,-0.56,0.08,3.55,2.37,0.95,3.41,1.34,2.32,-0.46,-0.53
"3305","Fernando Redondo",1994,"Argentina",-0.39,0.25,0.47,0.7,4.31,1.3,4.97,4.11,3,3.11,-0.39,-0.58,0.84,2.64,1.47,1.8
"3306","Gabriel Batistuta",1994,"Argentina",4.87,7.85,0.47,3.92,-0.23,-1.04,-0.82,-0.4,-0.33,-0.56,-0.39,-0.58,-0.66,0.73,2.43,1.07
"3307","Hernan Diaz",1994,"Argentina",-0.39,-0.49,-0.6,-0.61,-0.81,-0.7,-0.56,-0.4,0.3,-0.62,-0.72,-0.58,-0.66,-0.54,-0.78,-0.8
"3308","José Basualdo",1994,"Argentina",-0.39,-0.46,1.01,-0.14,-0.53,-0.35,-0.3,-0.24,-0.61,0.08,-0.72,-0.58,-0.66,-0.22,-1.1,0.23
"3309","José Chamot",1994,"Argentina",-0.39,-0.53,0.47,0.22,1.25,1.3,2.86,1.69,1.93,3.37,-0.39,-0.58,0.34,0.41,1.15,0.23
"3310","Leonardo Rodriguez",1994,"Argentina",-0.39,-0.46,-0.06,-0.61,-1.05,-0.91,-0.3,-0.72,-0.39,-0.62,-0.72,-0.58,-0.16,-0.86,0.51,-0.31
"3311","Luis Islas",1994,"Argentina",-0.39,-0.62,-0.6,-0.73,-0.36,0.52,-0.56,-0.88,-0.63,-0.87,-0.39,-0.58,-0.66,-1.18,-0.78,-0.88
"3312","Nestor Sensini",1994,"Argentina",-0.39,-0.43,-0.6,-0.49,0.6,0.47,-0.56,0.24,0.69,0.7,-0.22,2.07,0.34,-0.86,0.51,-0.64
"3313","Oscar Ruggeri",1994,"Argentina",-0.39,0.44,-0.6,1.29,0.86,0.56,-0.82,-0.08,0.93,0.58,0.12,2.44,1.34,0.09,-1.1,-0.64
"3314","Ramón Medina Bello",1994,"Argentina",-0.39,-0.2,-0.06,0.34,-1.22,-1,-0.56,-1.04,-0.97,-0.87,-0.72,-0.58,-0.66,-1.18,-0.46,0.37
"3315","Danny Boffin",1994,"Belgium",-0.39,-0.43,1.55,-0.14,0.32,0.99,-0.3,1.53,-0.19,0.23,-0.55,0.54,-0.16,-0.86,-0.46,1.15
"3316","Dirk Medved",1994,"Belgium",-0.39,-0.59,-0.6,-0.73,-0.7,-0.35,-0.82,-0.08,-0.2,-0.04,-0.55,-0.58,-0.66,-1.18,-1.1,-0.56
"3317","Enzo Scifo",1994,"Belgium",-0.39,0.92,3.16,0.58,2.04,1.73,4.18,3.95,2.35,1.33,-0.22,-0.58,-0.16,1.36,1.15,3.46
"3318","Franky Van Der Elst",1994,"Belgium",-0.39,-0.24,-0.06,-0.49,2.24,0.78,1.55,0.4,2.34,1.01,0.28,2.75,0.84,1.68,2.75,1.13
"3319","Georges Serge Grün",1994,"Belgium",0.93,0.31,-0.06,0.46,0.43,0.34,-0.82,1.21,0.95,0.74,0.12,0.44,0.34,0.41,0.51,-0.01
"3320","Josip Weber",1994,"Belgium",-0.39,3.11,-0.6,3.32,-0.96,-1.04,-0.56,-0.56,-0.32,-0.87,-0.72,-0.58,0.34,-1.18,1.15,-0.75
"3321","Lorenzo Staelens",1994,"Belgium",-0.39,0.37,1.55,0.34,0.51,0.65,0.49,0.57,-0.47,1.79,-0.22,1.9,0.34,0.41,1.79,2.1
"3322","Luc Nilis",1994,"Belgium",-0.39,0.5,1.55,3.2,-0.59,-0.83,-0.3,-0.56,-0.73,-0.87,-0.72,-0.58,0.34,-0.86,-0.78,2.59
"3323","Marc Degryse",1994,"Belgium",0.93,0.66,1.01,0.58,-0.59,-1.04,-0.56,-0.4,-0.02,-0.87,-0.72,-0.58,-0.66,-0.86,1.15,0.23
"3324","Marc Jozef Emmers",1994,"Belgium",-0.39,-0.59,1.55,-0.73,-0.1,0.6,0.49,-0.08,0.84,-0.03,0.12,0.54,0.34,-0.54,0.83,0.61
"3325","Marc Wilmots",1994,"Belgium",-0.39,0.18,-0.06,0.34,-1.22,-1.04,-0.82,-1.04,-0.97,-0.87,-0.72,-0.58,-0.16,-1.18,-0.46,-0.42
"3326","Michel De Wolf",1994,"Belgium",-0.39,-0.62,-0.6,-0.73,2.35,2.34,-0.56,1.21,2.72,2.12,1.29,2.69,-0.16,-0.22,0.51,-0.1
"3327","Michel Preud'homme",1994,"Belgium",-0.39,-0.62,-0.6,-0.73,-0.03,1.73,-0.82,-0.88,-0.97,-0.87,-0.55,-0.58,-0.66,-1.18,-0.78,-0.5
"3328","Philiipe Albert",1994,"Belgium",2.24,0.6,0.47,1.65,0.02,0.47,-0.03,-0.08,-0.15,1.15,0.95,2.2,-0.66,0.41,-0.14,2.24
"3329","Rudi Smidts",1994,"Belgium",-0.39,-0.56,-0.06,-0.37,0.15,0.04,-0.3,-0.24,0.66,1.73,0.12,2.75,-0.66,1.36,0.19,-0.34
"3330","Vital Borkelmans",1994,"Belgium",-0.39,-0.62,-0.06,-0.73,-1.14,-0.74,-0.82,-1.04,-0.8,-0.87,-0.55,-0.58,-0.66,-0.86,-0.46,-0.45
"3331","Alvaro Peña",1994,"Bolivia",-0.39,-0.54,-0.6,-0.73,-1.34,-1.22,-0.82,-1.04,-0.97,-0.87,-0.72,-0.58,-0.66,-1.18,-0.67,-0.88
"3332","Carlos Borja",1994,"Bolivia",-0.39,-0.45,-0.6,-0.1,0.51,0.29,-0.47,0.03,-0.24,-0.53,0.84,-0.58,0.67,1.36,0.61,-0.45
"3333","Carlos Trucco",1994,"Bolivia",-0.39,-0.62,-0.6,-0.73,0.03,2.19,-0.82,-0.83,-0.97,-0.87,-0.05,-0.58,-0.66,-1.18,0.61,-0.88
"3334","Erwin Sánchez",1994,"Bolivia",1.36,1.18,2.98,0.06,0.76,0.06,3.04,3.25,-0.97,-0.87,-0.72,-0.58,-0.66,0.94,3.61,1
"3335","Gustavo Quinteros",1994,"Bolivia",-0.39,-0.37,-0.6,0.22,0.07,0.46,-0.82,1.32,-0.06,0.53,1.51,0.24,0,-0.33,-0.67,-0.88
"3336","Jaime Moreno",1994,"Bolivia",-0.39,0.15,-0.6,0.86,-1.17,-1.16,-0.12,-0.62,-0.97,-0.87,-0.72,-0.58,-0.66,-1.18,-0.67,-0.74
"3337","José Melgar",1994,"Bolivia",-0.39,-0.41,-0.6,-0.41,2.46,0.4,0.93,2.17,1.44,-0.36,-0.05,-0.58,-0.66,-0.75,0.19,-0.81
"3338","Juan Peña",1994,"Bolivia",-0.39,-0.62,-0.6,-0.73,-0.44,-0.12,-0.82,-0.62,0.2,-0.53,0.4,-0.58,-0.66,-1.18,0.61,-0.63
"3339","Julio Baldivieso",1994,"Bolivia",-0.39,0.24,-0.6,0.38,-0.5,-0.58,0.23,-0.62,-0.63,-0.28,-0.72,-0.58,-0.66,-0.33,1.9,-0.45
"3340","Luis Cristaldo",1994,"Bolivia",-0.39,-0.45,0.83,-0.1,-0.35,-0.29,0.93,0.89,0.42,0.36,0.17,-0.58,0,0.94,0.19,-0.2
"3341","Luis Ramallo",1994,"Bolivia",-0.39,0.36,-0.6,-0.1,-0.65,-1.04,-0.82,-0.83,-0.44,-0.36,-0.72,-0.58,0.67,-0.33,1.04,-0.2
"3342","Marco Sandy",1994,"Bolivia",-0.39,-0.49,-0.6,-0.41,0.59,0.86,-0.82,0.03,1.05,1.27,2.18,2.57,0,-0.75,2.32,-0.7
"3343","Mauricio Ramos",1994,"Bolivia",-0.39,-0.41,0.83,-0.73,-0.98,-1.04,-0.82,-1.04,-0.19,-0.87,-0.5,-0.58,-0.66,-1.18,-0.24,-0.23
"3344","Miguel Angel Rimba",1994,"Bolivia",-0.39,-0.49,-0.6,-0.73,1.96,2.37,-0.12,1.53,1.44,2.02,2.63,5.71,0,0.52,0.61,-0.41
"3345","Modesto Soruco",1994,"Bolivia",-0.39,-0.62,-0.6,-0.57,-0.71,-0.75,-0.82,-0.4,-0.57,-0.53,-0.72,-0.58,-0.66,-0.33,-0.24,-0.88
"3346","Vladimir Soria",1994,"Bolivia",-0.39,-0.32,-0.6,-0.73,0.74,-0.46,0.58,0.03,0.92,0.16,-0.27,0.24,0,2.64,0.61,-0.59
"3347","Aldair",1994,"Brazil",-0.39,-0.57,-0.6,-0.54,1.5,0.84,-0.39,-0.25,1.69,2,2.02,-0.14,1.52,0.56,-0.4,-0.88
"3348","Bebeto",1994,"Brazil",1.76,1.63,1.16,2.06,0.35,-0.01,0.76,0.62,-0.2,-0.59,-0.72,-0.58,-0.39,-0.14,0.65,2.02
"3349","Branco",1994,"Brazil",0.33,0.31,-0.01,-0.34,0.21,0.15,-0.25,0.89,-0.79,-0.35,-0.35,-0.58,-0.39,-0.31,1,-0.62
"3350","Cafu",1994,"Brazil",-0.39,-0.57,0.57,-0.47,-0.74,-0.41,-0.54,-0.25,-0.24,-0.24,-0.45,0.24,-0.66,-0.31,-1.1,-0.22
"3351","Cláudio Taffarel",1994,"Brazil",-0.39,-0.62,-0.6,-0.73,-0.03,1.55,-0.82,-0.69,-0.97,-0.72,-0.72,-0.58,-0.66,-1.18,-0.92,-0.75
"3352","Dunga",1994,"Brazil",-0.39,0.08,0.86,-0.28,3.68,2.97,-0.25,-0.08,6.66,4.05,-0.08,-0.58,0.15,0.73,0.48,0.3
"3353","Jorginho",1994,"Brazil",-0.39,-0.47,1.16,-0.21,1.19,1.36,0.47,1.5,1.98,1.91,0.1,-0.58,0.97,0.38,-0.22,0.86
"3354","Leonardo",1994,"Brazil",-0.39,-0.47,-0.31,-0.21,0.58,1.05,0.32,0.45,-0.06,0.57,-0.45,-0.58,-0.39,-1.18,-0.75,-0.11
"3355","Mauro Silva",1994,"Brazil",-0.39,-0.47,-0.6,-0.6,1.65,0.82,0.9,0.01,3.75,2.23,-0.26,-0.58,-0.12,0.56,0.13,-0.41
"3356","Mazinho",1994,"Brazil",-0.39,-0.27,-0.01,-0.28,0.91,0.08,0.61,0.01,1.33,0.28,-0.35,-0.58,-0.12,-0.48,0.48,0.01
"3357","Márcio Santos",1994,"Brazil",0.33,0.45,-0.6,-0.08,1.56,1.17,-0.68,0.1,0.89,2.63,1.93,3.3,3.16,0.38,0.13,-0.79
"3358","Raí",1994,"Brazil",0.33,0.76,-0.6,-0.21,0.06,-0.51,0.76,0.54,1.59,-0.23,-0.72,0.07,-0.39,0.73,0.13,-0.19
"3359","Ricardo Rocha",1994,"Brazil",-0.39,-0.62,-0.6,-0.73,-1.15,-0.88,-0.68,-0.78,-0.66,-0.2,-0.63,-0.58,-0.39,-1,-0.92,-0.88
"3360","Romário",1994,"Brazil",3.19,4.74,-0.01,3.95,-0.06,-0.91,2.62,0.62,-0.76,-0.69,-0.72,-0.58,-0.12,0.04,0.83,2.69
"3361","Zinho",1994,"Brazil",-0.39,-0.31,1.16,-0.02,1.15,0.04,1.62,1.24,1.17,-0.4,-0.72,-0.58,0.43,-0.66,0.48,1.15
"3362","Boncho Genchev",1994,"Bulgaria",-0.39,-0.59,-0.6,-0.73,-1.41,-1.19,-0.82,-1.04,-0.97,-0.79,-0.72,-0.58,-0.66,-1,-0.92,-0.88
"3363","Borislav Mihailov",1994,"Bulgaria",-0.39,-0.62,-0.6,-0.73,-0.32,1.15,-0.82,-0.96,-0.97,-0.74,-0.35,-0.58,-0.66,-1.18,-0.57,-0.88
"3364","Daniel Borimirov",1994,"Bulgaria",0.33,-0.1,-0.31,-0.67,-0.49,-0.48,-0.39,-0.78,-0.55,-0.53,-0.26,-0.17,-0.12,-0.83,-0.92,-0.66
"3365","Emil Kostadinov",1994,"Bulgaria",-0.39,0.76,-0.6,1.41,-0.45,-0.91,-0.25,0.01,-0.44,-0.61,-0.63,-0.25,-0.66,0.9,-0.22,-0.28
"3366","Emil Kremenliev",1994,"Bulgaria",-0.39,-0.61,-0.01,-0.73,-0.34,0.25,-0.68,-0.61,-0.2,-0.27,-0.08,-0.17,-0.12,0.56,-0.4,-0.41
"3367","Hristo Stoichkov",1994,"Bulgaria",3.91,5.42,0.28,0.96,0.03,-0.46,0.76,0.27,-0.37,-0.54,-0.54,-0.58,-0.39,0.9,2.4,0.52
"3368","Ilian Kiriakov",1994,"Bulgaria",-0.39,-0.55,-0.6,-0.67,0.65,0.89,-0.25,-0.34,-0.18,0.18,0.47,-0.25,-0.66,-0.66,0.83,-0.66
"3369","Ivailo Yordanov",1994,"Bulgaria",-0.39,-0.38,-0.31,-0.41,-0.46,-0.36,-0.82,-0.34,-0.06,-0.12,-0.08,0.25,-0.39,-1,-0.05,-0.57
"3370","Krassimir Balakov",1994,"Bulgaria",-0.39,0.76,2.91,-0.02,1.94,1.41,3.63,3.35,0.48,0.94,-0.26,-0.58,0.97,0.73,1.7,2.54
"3371","Nasko Sirakov",1994,"Bulgaria",0.33,0.18,-0.6,0.24,-0.22,-0.93,0.47,-0.25,-0.59,0.14,-0.54,-0.58,-0.66,0.38,0.65,-0.05
"3372","Petr Houbtchev",1994,"Bulgaria",-0.39,-0.62,-0.6,-0.73,0.46,0.58,-0.82,-0.78,-0.18,0.21,2.02,2.02,-0.12,0.04,-0.05,-0.84
"3373","Plamen Nikolov",1994,"Bulgaria",-0.39,-0.62,-0.6,-0.73,-1.38,-1.1,-0.82,-1.04,-0.97,-0.87,-0.63,-0.58,-0.66,-1.18,-1.1,-0.88
"3374","Trifon Ivanov",1994,"Bulgaria",-0.39,-0.52,-0.6,-0.6,-0.51,-0.06,-0.54,-0.52,0.96,1.22,0.65,1.6,0.15,1.08,-0.05,-0.65
"3375","Tzanko Tzvetanov",1994,"Bulgaria",-0.39,-0.61,-0.31,-0.73,0.4,0.44,-0.11,0.01,0.49,0.29,0.83,-0.58,0.43,0.56,0.65,-0.42
"3376","Yordan Letchkov",1994,"Bulgaria",1.05,-0.27,-0.6,-0.15,1.06,0.77,1.91,1.06,2.15,0.19,0.01,0.1,-0.12,0.73,2.4,0.42
"3377","Zlatko Yankov",1994,"Bulgaria",-0.39,-0.29,-0.31,-0.41,1.13,0.27,-0.25,-0.25,1.12,0.52,1.11,0.18,0.43,1.08,-0.05,-0.47
"3378","Alphonse Tchami",1994,"Cameroon",-0.39,-0.28,-0.6,-0.41,-1.17,-1.16,-0.82,-0.62,-0.97,-0.87,-0.72,-0.58,-0.66,-1.18,-0.24,-0.88
"3379","Andre Kana-Biyik",1994,"Cameroon",-0.39,-0.37,-0.6,-0.73,-0.92,-0.87,-0.47,-1.04,-0.72,-0.23,-0.27,-0.58,-0.66,-0.33,-1.1,-0.45
"3380","David Embé",1994,"Cameroon",1.36,0.75,-0.6,0.54,-0.65,-0.98,-0.47,-0.83,-0.22,-0.45,-0.72,-0.58,-0.66,-0.75,-1.1,-0.3
"3381","Emile Mbouh Mbouh",1994,"Cameroon",-0.39,-0.62,-0.6,-0.73,0.59,0.17,-0.82,-0.19,0.06,-0.09,-0.27,0.71,2.01,-0.33,1.04,-0.34
"3382","François Omam-Biyik",1994,"Cameroon",1.36,1.52,0.83,3.24,0.28,-0.7,0.93,0.24,0.07,-0.66,-0.27,-0.58,4.01,-1.18,-0.24,2.77
"3383","Hans Agbo",1994,"Cameroon",-0.39,-0.62,2.26,-0.73,0.64,1.15,0.58,1.75,0.52,-0.26,-0.05,-0.58,0.67,-0.33,-0.67,0.96
"3384","Jacques Songo'o",1994,"Cameroon",-0.39,-0.62,-0.6,-0.73,-1.04,-0.46,-0.82,-1.04,-0.97,-0.87,-0.27,-0.58,-0.66,-1.18,-1.1,-0.59
"3385","Joseph Antoine Bell",1994,"Cameroon",-0.39,-0.62,-0.6,-0.73,-0.31,0.92,-0.82,-1.04,-0.82,-0.87,-0.72,-0.58,-0.66,-0.75,-0.24,-0.88
"3386","Louis Mfede",1994,"Cameroon",-0.39,-0.11,0.12,-0.73,-0.23,-0.35,1.28,-0.62,-0.97,-0.74,-0.72,-0.58,-0.66,-0.75,1.47,0.46
"3387","Marc-Vivien Foé",1994,"Cameroon",-0.39,-0.15,-0.6,0.22,0.41,-0.12,0.58,-0.62,1.13,0.16,0.62,0.46,0,3.06,-0.67,-0.12
"3388","Raymond Kalla",1994,"Cameroon",-0.39,-0.58,-0.6,0.22,0.15,0.63,-0.12,0.24,1.64,0.08,1.51,0.71,0.67,1.36,0.19,-0.45
"3389","Rigobert Song",1994,"Cameroon",-0.39,-0.62,-0.6,-0.73,-0.37,-0.35,-0.82,-0.4,0.07,-0.48,1.29,-0.58,0,0.09,-1.1,-0.41
"3390","Roger Milla",1994,"Cameroon",1.36,0.19,-0.6,0.54,-1.11,-1.16,-0.12,-0.4,-0.97,-0.87,-0.72,-0.58,-0.66,-0.75,0.19,0.64
"3391","Stephen Tataw Eta",1994,"Cameroon",-0.39,-0.62,0.12,0.06,1.52,3.23,-0.47,0.24,1.04,-0.27,0.62,0.69,0,0.52,-0.67,0.09
"3392","Thomas Libiih",1994,"Cameroon",-0.39,-0.11,-0.6,-0.41,0.68,-0.23,0.58,0.24,-0.13,-0.05,-0.05,1.73,-0.66,2.64,-0.24,-0.23
"3393","Victor Ndip Akem",1994,"Cameroon",-0.39,-0.62,-0.6,-0.73,-0.9,-0.52,-0.47,-1.04,0,-0.23,-0.27,0.46,-0.66,-0.75,-1.1,-0.3
"3394","Adolfo Valencia",1994,"Colombia",3.11,2.17,0.83,2.29,0.43,-0.52,0.93,-0.19,-0.45,-0.04,-0.72,1.6,0,0.52,1.47,2.3
"3395","Alexis Mendoza",1994,"Colombia",-0.39,-0.62,-0.6,-0.73,-0.44,-0.35,-0.82,-0.83,-0.97,-0.87,-0.27,-0.58,-0.66,-0.33,-0.67,-0.88
"3396","Andrés Escobar",1994,"Colombia",-0.39,-0.62,-0.6,-0.41,2.04,2.13,-0.47,0.89,0.48,4.51,0.84,3.5,0,0.09,-0.67,-0.38
"3397","Anthony de Ávila",1994,"Colombia",-0.39,0.54,-0.6,0.86,-1.02,-1.1,-0.12,-0.83,-0.97,-0.87,-0.72,-0.58,0,-0.75,-0.67,-0.77
"3398","Carlos Valderrama",1994,"Colombia",-0.39,0.71,0.83,0.86,4.5,4.56,1.63,0.24,1.04,0.03,-0.72,-0.58,-0.66,0.52,1.9,5.13
"3399","Faustino Asprilla",1994,"Colombia",-0.39,0.75,0.12,2.92,0.76,-0.52,3.39,0.89,1,1.8,-0.72,-0.58,-0.66,1.36,1.9,2.45
"3400","Freddy Rincon",1994,"Colombia",-0.39,2.3,1.55,1.33,1.88,0.4,3.39,-0.62,1.55,1.82,-0.72,-0.58,0,-0.75,-0.24,2.41
"3401","Gabriel Gomez",1994,"Colombia",-0.39,-0.62,-0.6,-0.73,-0.2,-0.52,-0.82,-1.04,2.14,0.05,-0.72,-0.58,-0.66,0.09,-1.1,-0.56
"3402","Herman Gaviria",1994,"Colombia",1.36,0.75,-0.6,0.22,0.32,-0.35,-0.12,-0.83,0.98,0.91,-0.05,1.46,-0.66,-0.75,-0.67,-0.7
"3403","Ivan Valenciano",1994,"Colombia",-0.39,-0.07,-0.6,0.54,-1.3,-1.22,-0.47,-1.04,-0.46,-0.87,-0.72,-0.58,-0.66,-0.33,-1.1,-0.41
"3404","Leonel Alvarez",1994,"Colombia",-0.39,-0.58,-0.6,-0.41,4.12,2.31,-0.47,0.03,4.44,4.02,-0.05,-0.58,0,2.64,-0.67,-0.56
"3405","Luis Carlos Perea",1994,"Colombia",-0.39,-0.62,-0.6,-0.57,0.41,-0.06,0.23,-1.04,2.09,1.4,0.17,-0.58,2.01,0.52,-1.1,-0.59
"3406","Luis Fernando Herrera",1994,"Colombia",-0.39,-0.62,0.12,-0.41,2.7,3.06,0.23,1.32,0.57,3.92,-0.27,-0.58,0,0.94,-0.67,-0.05
"3407","Wilson Enrique Perez",1994,"Colombia",-0.39,0.28,0.83,-0.41,2.44,2.94,0.58,0.89,2.46,1.34,-0.27,-0.58,-0.66,0.09,0.61,0.35
"3408","Óscar Córdoba",1994,"Colombia",-0.39,-0.62,-0.6,-0.73,0.17,2.19,-0.82,-1.04,-0.97,-0.87,-0.72,-0.58,-0.66,-1.18,-1.1,-0.88
"3409","Andreas Brehme",1994,"Germany",-0.39,-0.49,1.12,-0.25,0.7,1.45,-0.82,-0.53,0.62,0.05,-0.32,0.42,-0.66,-0.16,-1.1,0.98
"3410","Andreas Möller",1994,"Germany",-0.39,0.2,0.69,0.13,-0.09,-0.42,0.44,1.14,0.42,-0.21,-0.72,-0.58,-0.26,1.11,0.7,0.4
"3411","Bodo Illgner",1994,"Germany",-0.39,-0.62,-0.6,-0.73,-0.09,1.76,-0.82,-1.04,-0.97,-0.87,-0.59,-0.58,-0.66,-1.18,-0.58,-0.88
"3412","Guido Buchwald",1994,"Germany",-0.39,-0.08,-0.17,1.08,-0.32,-0.66,0.02,-0.14,1.22,0.36,0.89,-0.58,1.34,0.09,0.19,0.44
"3413","Jürgen Klinsmann",1994,"Germany",4.87,3.22,-0.6,4.7,-0.49,-0.97,1.49,-0.14,-0.1,-0.3,-0.18,-0.58,1.34,0.35,0.19,0.85
"3414","Jürgen Kohler",1994,"Germany",-0.39,-0.62,-0.6,-0.35,0.74,0.24,-0.19,0.37,0.13,4.72,4.1,1.2,-0.66,0.86,0.19,-0.25
"3415","Karlheinz Riedle",1994,"Germany",0.66,0.1,-0.6,0.32,-0.99,-1.15,-0.61,-0.92,-0.73,-0.33,-0.59,-0.58,-0.66,-0.67,-0.33,-0.36
"3416","Lothar Matthäus",1994,"Germany",0.66,1.59,-0.6,-0.73,1.95,1.35,-0.61,1.92,1.57,0.73,1.96,2.5,-0.66,-0.92,-0.07,0.29
"3417","Mario Basler",1994,"Germany",-0.39,-0.62,-0.6,-0.73,-1.28,-1.08,-0.61,-0.79,-0.73,-0.46,-0.72,-0.58,-0.66,-1.18,-1.1,-0.88
"3418","Martin Wagner",1994,"Germany",-0.39,-0.49,0.26,-0.73,-0.62,-0.35,-0.4,0.89,-0.46,-0.74,-0.45,-0.58,-0.26,0.86,-0.07,-0.3
"3419","Matthias Sammer",1994,"Germany",-0.39,-0.57,-0.6,-0.35,0.18,-0.77,-0.4,0.37,1.22,1.61,-0.32,1.05,0.14,-0.41,1.98,-0.25
"3420","Rudi Völler",1994,"Germany",1.71,1.59,-0.17,2.41,-0.91,-0.97,0.23,-0.66,-0.77,-0.7,-0.59,-0.58,0.54,0.35,-0.07,0.98
"3421","Stefan Effenberg",1994,"Germany",-0.39,-0.16,-0.6,-0.25,0.21,-0.04,0.23,0.24,1.64,0.16,-0.32,-0.58,-0.26,0.86,0.19,-0.14
"3422","Thomas Berthold",1994,"Germany",-0.39,-0.57,-0.17,-0.73,1.56,1.21,-0.61,2.69,2.16,0.25,1.42,0.23,0.94,0.86,0.19,0.38
"3423","Thomas Helmer",1994,"Germany",-0.39,-0.49,-0.6,-0.54,-0.52,-0.73,-0.82,-0.79,0.96,0.22,1.69,2.59,0.14,-0.16,-0.84,-0.86
"3424","Thomas Häßler",1994,"Germany",-0.39,0.2,6.27,0.41,1.15,0.62,1.49,2.17,3.15,-0.25,-0.59,-0.58,-0.66,1.62,1.47,4.03
"3425","Thomas Strunz",1994,"Germany",-0.39,-0.57,-0.6,-0.73,-0.6,-0.35,0.02,0.11,1.26,-0.19,-0.18,0.53,-0.66,-0.41,-0.84,-0.64
"3426","Alexandros Alexiou",1994,"Greece",-0.39,-0.45,-0.6,-0.73,-0.65,-0.75,-0.47,-0.19,0.09,-0.4,0.17,0.56,-0.66,-1.18,-1.1,-0.88
"3427","Alexandros Alexoudis",1994,"Greece",-0.39,0.19,-0.6,0.54,-1.09,-1.1,0.23,-0.62,-0.97,-0.48,-0.5,-0.58,-0.66,0.09,1.04,-0.74
"3428","Alexios Alexandris",1994,"Greece",-0.39,-0.45,-0.6,-0.73,-0.96,-0.98,0.23,-0.83,-0.44,-0.87,-0.72,-0.58,0,0.09,0.19,-0.7
"3429","Anastasios Mitropoulos",1994,"Greece",-0.39,-0.24,0.12,-0.57,0.03,-0.46,-0.12,0.03,-0.26,-0.05,-0.5,-0.58,-0.66,0.94,0.61,0.13
"3430","Antonios Minou",1994,"Greece",-0.39,-0.62,-0.6,-0.73,-1.02,-0.23,-0.82,-1.04,-0.97,-0.87,-0.72,-0.58,-0.66,-1.18,-0.67,-0.88
"3431","Christos Karkamanis",1994,"Greece",-0.39,-0.62,-0.6,-0.73,-1.07,-0.46,-0.82,-1.04,-0.97,-0.87,-0.72,-0.58,-0.66,-0.75,-1.1,-0.88
"3432","Dimitrios Saravakos",1994,"Greece",-0.39,0.02,0.12,-0.41,-0.81,-0.93,-0.82,-0.4,-0.54,-0.87,-0.72,-0.58,-0.66,-0.33,-0.24,-0.38
"3433","Elias Atamatsidis",1994,"Greece",-0.39,-0.62,-0.6,-0.73,-1.09,-0.46,-0.82,-0.83,-0.97,-0.87,0.17,-0.58,-0.66,-1.18,-0.67,-0.88
"3434","Giotis Tsalouchidis",1994,"Greece",-0.39,0.54,-0.6,0.86,-0.25,-0.46,-0.47,-0.62,-0.28,-0.45,0.4,-0.58,0,2.64,0.19,-0.16
"3435","Ioannis Kalitzakis",1994,"Greece",-0.39,-0.02,-0.6,-0.1,0.47,0.46,-0.82,-0.4,1.51,1.91,2.41,2.41,2.67,-0.75,-0.67,-0.88
"3436","Kyriakos Karataidis",1994,"Greece",-0.39,-0.62,-0.6,-0.73,-0.62,-0.52,-0.47,-1.04,-0.52,0.71,-0.05,-0.58,-0.66,-1.18,-1.1,-0.88
"3437","Minas Hantzidis",1994,"Greece",-0.39,-0.19,0.83,-0.41,-0.1,0.57,0.58,0.46,0.01,0.23,0.4,0.56,-0.66,-0.33,-0.24,0.49
"3438","Nikolaos Machlas",1994,"Greece",-0.39,0.41,-0.6,2.13,-0.06,-0.93,-0.82,-0.4,0.37,-0.29,-0.5,-0.58,0,0.94,4.89,-0.67
"3439","Nikolaos Tsiantakis",1994,"Greece",-0.39,-0.45,1.55,-0.41,-1,-0.7,-0.47,-0.83,-0.54,-0.68,-0.72,-0.58,-0.66,-0.75,-0.24,-0.01
"3440","Nikos Nioplias",1994,"Greece",-0.39,-0.37,5.12,-0.41,2.46,2.08,0.23,2.17,2.6,1.49,-0.27,0.56,1.34,-0.33,-0.24,1.9
"3441","Savvas Kofidis",1994,"Greece",-0.39,0.92,0.12,1.02,1.73,0.86,1.28,0.89,-0.44,1.75,-0.27,-0.58,-0.66,-0.75,3.61,0.64
"3442","Spyridon Marangos",1994,"Greece",-0.39,-0.62,1.55,-0.57,0.13,-0.23,0.58,0.24,1.03,0.51,-0.72,-0.58,-0.66,1.79,0.61,1.87
"3443","Stelios Manolas",1994,"Greece",-0.39,-0.24,-0.6,-0.41,-0.92,-1.04,-0.47,-0.83,-0.75,-0.68,-0.27,1.26,-0.66,0.52,-1.1,-0.88
"3444","Stratos Apostolakis",1994,"Greece",-0.39,-0.37,2.98,-0.73,1.08,1.73,0.58,0.67,0.12,1.51,-0.72,-0.58,-0.66,-0.75,-1.1,1
"3445","Thanasis Kolitsidakis",1994,"Greece",-0.39,-0.62,-0.6,-0.73,-1.04,-0.93,-0.82,-0.62,-0.54,-0.12,-0.5,-0.58,0,-1.18,-0.24,-0.88
"3446","Vaios Karagiannis",1994,"Greece",-0.39,-0.62,-0.6,-0.73,-0.33,0,0.23,-0.83,0.46,1.09,0.84,1.71,0,0.09,-0.67,-0.52
"3447","Vasilios Dimitriadis",1994,"Greece",-0.39,0.54,-0.6,0.38,-1.21,-1.22,-0.47,-0.83,-0.97,-0.87,-0.72,-0.58,-0.66,-0.75,-0.67,-0.2
"3448","Alberigo Evani",1994,"Italy",-0.39,-0.57,-0.6,-0.73,-1.12,-0.94,-0.82,-0.96,-0.85,-0.82,-0.55,-0.58,-0.66,-1.18,-0.93,-0.78
"3449","Alessandro Costacurta",1994,"Italy",-0.39,-0.62,-0.6,-0.73,1.21,1.09,-0.82,0.3,0.18,1.05,1.99,2.11,0.12,-0.18,-0.09,-0.84
"3450","Antonio Benarrivo",1994,"Italy",-0.39,-0.62,-0.32,-0.17,0.7,0.66,0.27,2.57,1.36,0.66,0.68,-0.58,0.9,-0.18,0.91,-0.33
"3451","Antonio Conte",1994,"Italy",-0.39,-0.51,-0.6,-0.54,-1.19,-1.17,-0.55,-0.88,-0.65,-0.71,-0.63,-0.58,-0.14,-0.51,-0.26,-0.78
"3452","Daniele Massaro",1994,"Italy",0.3,0.38,-0.32,0.64,-0.57,-0.92,-0.14,-0.37,-0.35,-0.62,-0.28,-0.58,0.38,0.32,0.91,0.32
"3453","Demetrio Albertini",1994,"Italy",-0.39,-0.07,-0.04,-0.67,1.47,0.82,-0.41,0.47,0.69,0.17,-0.2,-0.04,-0.4,0.15,0.07,0.33
"3454","Dino Baggio",1994,"Italy",0.98,0.18,-0.6,0.2,-0.07,-0.15,-0.28,-0.62,0.46,-0.01,-0.28,0.44,1.69,1.48,0.41,-0.33
"3455","Franco Baresi",1994,"Italy",-0.39,-0.62,-0.6,-0.73,-0.38,-0.04,-0.69,-0.2,-0.79,-0.43,0.24,-0.33,1.95,-0.68,-0.6,-0.74
"3456","Gianluca Pagliuca",1994,"Italy",-0.39,-0.62,-0.6,-0.73,-0.82,-0.2,-0.82,-0.71,-0.97,-0.87,-0.55,-0.58,-0.66,-1.01,-0.93,-0.88
"3457","Giuseppe Signori",1994,"Italy",-0.39,0.22,2.48,0.26,-0.31,-0.06,1.37,0.89,-0.2,0.01,-0.46,-0.58,-0.66,0.48,0.74,1.96
"3458","Luca Marchegiani",1994,"Italy",-0.39,-0.62,-0.6,-0.73,-0.7,0.21,-0.82,-1.04,-0.97,-0.87,-0.72,-0.58,-0.66,-1.18,-0.93,-0.88
"3459","Luigi Apolloni",1994,"Italy",-0.39,-0.62,-0.6,-0.67,-0.63,-0.49,-0.41,-0.71,-0.18,-0.42,-0.55,-0.58,-0.66,-0.35,-0.6,-0.86
"3460","Mauro Tassotti",1994,"Italy",-0.39,-0.62,-0.04,-0.61,-0.7,-0.4,-0.28,-0.71,-0.53,-0.71,-0.63,-0.58,-0.4,-1.01,-0.93,-0.53
"3461","Nicola Berti",1994,"Italy",-0.39,0.07,-0.6,0.51,-0.2,-0.42,1.1,-0.12,0.54,-0.34,-0.11,-0.22,1.16,0.48,1.25,-0.53
"3462","Paolo Maldini",1994,"Italy",-0.39,-0.2,-0.04,0.26,1.12,1.2,-0.14,1.05,0.83,1.44,3.12,0.44,1.16,0.32,0.91,-0.57
"3463","Pierluigi Casiraghi",1994,"Italy",-0.39,-0.47,-0.32,-0.23,-1.21,-1.17,-0.69,-0.88,-0.88,-0.7,-0.63,0.11,0.38,0.65,-0.26,-0.66
"3464","Roberto Baggio",1994,"Italy",3.04,2.69,0.52,2.56,0.32,-0.63,0.82,-0.54,-0.03,-0.58,-0.63,-0.58,-0.66,-0.18,2.75,2.22
"3465","Roberto Donadoni",1994,"Italy",-0.39,-0.19,1.92,-0.05,0.94,1.18,3.02,2.15,-0.08,-0.14,-0.28,-0.31,-0.14,-0.51,0.74,2.13
"3466","Roberto Mussi",1994,"Italy",-0.39,-0.62,-0.6,-0.48,-0.86,-0.67,-0.55,-0.37,-0.26,-0.43,-0.46,-0.04,-0.4,-0.84,-0.76,-0.52
"3467","Alberto Aspe",1994,"Mexico",0.82,1.93,-0.11,-0.51,0,-0.14,2.09,1.63,0.48,-0.28,-0.57,-0.58,-0.66,1.76,0.98,0.44
"3468","Benjamin Galindo",1994,"Mexico",-0.39,-0.5,0.89,-0.62,-0.06,-0.54,-0.58,0.14,-0.14,-0.87,-0.72,-0.58,-0.66,-1.18,-1.1,1.05
"3469","Carlos Hermosillo",1994,"Mexico",-0.39,-0.18,-0.6,0.48,-0.86,-1.14,-0.1,-1.04,-0.76,-0.87,-0.41,-0.58,0.72,0,-1.1,-0.33
"3470","Claudio Suárez",1994,"Mexico",-0.39,-0.62,-0.6,-0.73,1.16,0.54,-0.34,0.59,1.13,0.26,1.14,-0.58,0.72,0,-0.51,-0.88
"3471","Hugo Sanchez",1994,"Mexico",-0.39,-0.33,-0.6,-0.51,-1.11,-1.18,-0.82,-1.04,-0.97,-0.87,-0.57,-0.58,-0.66,-1.18,-1.1,-0.26
"3472","Ignacio Ambriz",1994,"Mexico",-0.39,-0.06,-0.6,-0.73,3.02,0.3,-0.1,0.74,1.23,0.39,0.36,2.54,0.26,1.46,-0.51,-0.23
"3473","Joaquin Del Olmo",1994,"Mexico",-0.39,-0.53,-0.6,-0.73,0.93,0.98,-0.1,0.59,2.28,-0.7,-0.41,-0.58,-0.2,1.17,0.09,-0.28
"3474","Jorge Campos",1994,"Mexico",-0.39,-0.62,-0.6,-0.73,0.51,1.62,-0.58,-0.9,-0.97,-0.87,-0.72,-0.58,-0.66,-1.18,0.38,-0.88
"3475","Jorge Rodriguez",1994,"Mexico",-0.39,-0.62,0.39,-0.29,0.99,0.94,0.15,2.08,0.66,0.67,0.21,2.44,-0.66,-0.88,-0.21,-0.06
"3476","Juan de Dios Ramirez",1994,"Mexico",-0.39,-0.62,-0.6,-0.73,1.44,1.18,-0.82,1.18,1.6,0.4,1.6,0.95,0.72,-0.3,0.98,-0.78
"3477","Luis Garcia",1994,"Mexico",2.04,1.84,-0.6,1.14,-0.13,-0.94,0.39,-0.3,-0.16,-0.87,-0.57,-0.58,-0.66,1.76,0.09,-0.23
"3478","Luis Valdez",1994,"Mexico",-0.39,-0.53,-0.6,-0.73,-1.24,-1.14,-0.82,-1.04,-0.97,-0.25,-0.72,-0.58,-0.66,-1.18,-0.8,-0.73
"3479","Marcelino Bernal",1994,"Mexico",0.82,0.51,-0.11,0.81,1.09,1.34,1.12,1.33,1.42,0.12,-0.1,1.46,0.26,0.29,-0.21,1.05
"3480","Ramón Ramírez",1994,"Mexico",-0.39,-0.39,0.39,-0.18,0.36,0.66,0.88,2.22,0.68,0.38,0.05,0.95,-0.66,-0.59,0.98,-0.08
"3481","Raúl Gutiérrez",1994,"Mexico",-0.39,-0.62,-0.6,-0.73,-0.96,-0.74,-0.82,-1.04,-0.26,-0.87,-0.57,-0.58,-0.2,-0.88,-0.51,-0.88
"3482","Zague",1994,"Mexico",-0.39,0.57,-0.6,2.57,-0.32,-0.62,1.12,1.48,0.3,-0.48,-0.57,0.55,0.72,1.46,1.86,-0.16
"3483","Abdelkrim El Hadrioui",1994,"Morocco",-0.39,-0.28,0.12,-0.57,0.93,2.48,0.23,2.6,0.84,0.06,0.17,1.27,2.01,-0.33,-0.24,0.96
"3484","Abdelmajid Bouyboud",1994,"Morocco",-0.39,-0.49,-0.6,-0.73,-1.19,-0.98,-0.82,-0.62,-0.97,-0.8,-0.72,-0.58,-0.66,-1.18,-0.24,-0.88
"3485","Abdelslam El Ghrissi",1994,"Morocco",-0.39,0.32,-0.6,-0.1,-1.15,-1.04,-0.82,-0.83,-0.54,-0.87,-0.72,-0.58,-0.66,-1.18,-1.1,0.31
"3486","Ahmed Bahja",1994,"Morocco",-0.39,0.45,1.55,2.13,-0.41,-0.46,2.34,-0.19,-0.27,-0.87,-0.72,-0.58,0.67,2.21,0.19,2.01
"3487","El Arbi Hababi",1994,"Morocco",-0.39,0.36,0.83,0.54,0.59,0.23,1.28,2.82,-0.34,-0.15,-0.27,-0.58,-0.66,0.09,-1.1,1.18
"3488","Hassan Nader",1994,"Morocco",1.36,0.71,-0.6,-0.25,-1.23,-1.22,-0.47,-0.4,-0.97,-0.87,-0.72,-0.58,0,-0.75,0.61,-0.77
"3489","Khalil Azmi",1994,"Morocco",-0.39,-0.62,-0.6,-0.73,-0.65,-0.06,-0.82,-1.04,-0.97,-0.87,-0.72,-0.58,-0.66,-1.18,-1.1,-0.88
"3490","Mohammed Aziz Samadi",1994,"Morocco",-0.39,-0.58,-0.6,-0.73,-0.77,-0.52,-0.82,-0.19,-0.8,-0.8,-0.5,-0.58,-0.66,0.09,-0.67,-0.88
"3491","Mohammed Chaouch",1994,"Morocco",1.36,2.21,0.12,2.45,-0.54,-0.75,1.63,-0.4,-0.97,-0.29,-0.72,-0.58,-0.66,-1.18,0.19,0.93
"3492","Mustafa El Haddaoui",1994,"Morocco",-0.39,-0.54,0.12,-0.73,-0.79,-0.52,-0.82,-0.4,-0.97,-0.87,-0.72,-0.58,-0.66,-0.33,-0.67,0.02
"3493","Mustapha Hadji",1994,"Morocco",-0.39,0.54,0.83,2.6,-0.52,-0.75,1.28,0.89,-0.74,-0.67,-0.72,0.41,-0.66,0.09,0.19,0.31
"3494","Nacer Abdellah",1994,"Morocco",-0.39,-0.45,0.12,-0.57,-0.39,0.23,0.23,0.67,0.82,-0.67,0.17,-0.58,-0.66,0.94,-0.67,-0.41
"3495","Nourredine Naybet",1994,"Morocco",-0.39,-0.19,-0.6,-0.41,-0.25,0.23,-0.82,0.24,1.48,0.12,1.29,-0.58,-0.66,0.94,-0.24,-0.56
"3496","Rachid Azzouzi",1994,"Morocco",-0.39,0.19,0.83,-0.41,0.64,0.52,0.58,0.67,0.98,0.51,-0.72,-0.24,0.67,2.21,1.9,0.42
"3497","Rachid Daoudi",1994,"Morocco",-0.39,1.22,1.55,-0.1,0.43,1.33,1.63,1.96,0.55,-0.32,-0.72,-0.58,-0.66,0.09,-0.24,1.69
"3498","Rachid Neqrouz",1994,"Morocco",-0.39,-0.62,-0.6,-0.73,-0.98,-0.64,-0.82,-1.04,-0.72,-0.87,1.07,-0.58,-0.66,-1.18,-0.67,-0.88
"3499","Smahi Triki",1994,"Morocco",-0.39,-0.07,-0.6,0.06,0.11,-0.06,-0.12,-0.62,0.83,0.17,1.96,1.41,0,0.09,0.19,-0.7
"3500","Tahar El-Khalej",1994,"Morocco",-0.39,0.11,0.12,-0.25,-0.1,-0.18,-0.12,-0.4,0.05,-0.04,-0.27,1.97,2.67,0.09,-0.24,0.78
"3501","Zakaria El Alaoui Achraf",1994,"Morocco",-0.39,-0.62,-0.6,-0.73,-1.17,-0.75,-0.82,-1.04,-0.89,-0.87,-0.72,-0.58,-0.66,-1.18,-0.67,-0.88
"3502","Aron Winter",1994,"Netherlands",0.66,0.18,-0.6,-0.16,0.26,0.1,0.02,-0.4,0.91,1.8,-0.45,0.25,0.94,0.09,-0.33,-0.58
"3503","Bryan Roy",1994,"Netherlands",0.66,1.21,0.69,1.27,-0.21,-0.59,0.86,0.5,-0.26,0.42,-0.72,-0.58,-0.66,-0.41,-0.07,1.2
"3504","Dennis Bergkamp",1994,"Netherlands",2.76,1.85,-0.17,4.32,0.09,-0.49,2.34,-0.14,-0.44,-0.42,-0.72,-0.58,-0.26,1.11,1.47,3.27
"3505","Ed de Goey",1994,"Netherlands",-0.39,-0.62,-0.6,-0.73,-0.03,1.56,-0.82,-1.04,-0.76,-0.87,-0.45,-0.58,-0.66,-1.18,-0.84,-0.88
"3506","Frank Rijkaard",1994,"Netherlands",-0.39,0.07,-0.6,1.18,0.54,0,-0.61,0.37,1.76,1.37,-0.05,-0.58,0.54,1.36,-0.58,-0.01
"3507","Frank de Boer",1994,"Netherlands",-0.39,-0.19,-0.17,0.03,1.58,2.32,-0.4,1.66,0.18,3.5,0.75,1.61,0.14,0.09,-0.33,0.14
"3508","Gaston Taument",1994,"Netherlands",0.66,-0.55,-0.17,0.13,-1.03,-1.08,-0.19,0.37,-0.04,-0.42,-0.59,-0.58,-0.26,0.09,-0.33,-0.3
"3509","Jan Wouters",1994,"Netherlands",-0.39,-0.49,-0.17,-0.25,0.95,0.69,-0.4,0.24,1.94,1.51,-0.18,-0.58,-0.66,0.6,-0.33,0.16
"3510","Marc Overmars",1994,"Netherlands",-0.39,-0.26,1.12,0.03,-0.2,-0.56,2.13,1.02,-0.33,-0.06,-0.72,0.35,-0.66,-0.67,0.44,1.33
"3511","Peter van Vossen",1994,"Netherlands",-0.39,-0.26,-0.6,-0.06,-0.74,-1.08,1.7,-0.79,-0.67,-0.87,-0.72,-0.58,-0.66,1.11,0.96,-0.45
"3512","Rob Witschge",1994,"Netherlands",-0.39,0.05,-0.17,-0.35,0.35,0.34,-0.61,-0.27,-0.54,0.71,0.22,0.35,-0.66,0.09,-0.58,-0.34
"3513","Ronald Koeman",1994,"Netherlands",-0.39,0.48,-0.17,-0.73,2.69,2.56,-0.82,1.53,1.89,3.78,0.08,0.33,-0.26,0.86,-0.58,0.31
"3514","Ronald de Boer",1994,"Netherlands",-0.39,-0.37,-0.17,0.51,-0.7,-1.01,-0.4,-0.79,-0.97,-0.7,-0.59,-0.58,-0.66,-0.92,-0.58,0.64
"3515","Stan Valckx",1994,"Netherlands",-0.39,-0.13,-0.17,-0.25,0.89,0.69,-0.82,-0.01,0.01,2.68,0.89,2.55,0.54,1.36,-0.33,-0.67
"3516","Ulrich van Gobbel",1994,"Netherlands",-0.39,-0.47,-0.6,-0.44,-0.81,-0.73,-0.82,-0.92,-0.65,1.66,-0.59,2.16,-0.26,-0.67,-0.84,-0.69
"3517","Wim Jonk",1994,"Netherlands",1.71,0.18,2.83,-0.64,2.16,0.93,0.86,0.5,-0.05,1.03,-0.18,-0.58,0.14,0.86,0.44,2.42
"3518","Augustine Eguavoen",1994,"Nigeria",-0.39,-0.56,-0.11,-0.62,0.23,0.82,-0.34,0.44,-0.1,0.23,0.67,-0.22,-0.2,1.76,-0.21,-0.53
"3519","Ben Iroha",1994,"Nigeria",-0.39,-0.62,-0.6,-0.73,-0.8,-0.42,-0.58,-0.6,-0.79,-0.08,-0.41,-0.58,0.26,-0.3,-1.1,-0.61
"3520","Chidi Nwanu",1994,"Nigeria",-0.39,-0.62,0.39,-0.73,0.71,0.46,-0.34,-0.15,0.59,0.68,2.68,3.64,0.26,1.17,-0.51,-0.48
"3521","Daniel Amokachi",1994,"Nigeria",2.04,1.07,-0.11,1.47,0,-0.7,0.88,0.74,0.55,-0.73,-0.72,0.18,-0.2,1.17,0.68,1.25
"3522","Emmanuel Amunike",1994,"Nigeria",2.04,1.25,1.38,1.14,0,0.02,3.55,2.37,0.07,1,-0.41,0.19,-0.66,0,-0.51,1.05
"3523","Finidi George",1994,"Nigeria",0.82,-0.09,3.86,0.04,0.65,0.78,1.36,4.16,0.16,-0.17,-0.57,1.31,0.72,1.76,-0.51,2.15
"3524","Jay-Jay Okocha",1994,"Nigeria",-0.39,0.27,-0.6,-0.51,-0.21,-0.54,3.8,0.59,-0.32,-0.37,-0.57,-0.58,-0.66,-0.88,-0.51,0.77
"3525","Michael Emenalo",1994,"Nigeria",-0.39,-0.62,0.39,-0.62,0.71,0.82,0.15,0.44,0.2,0.36,0.67,0.18,-0.66,2.64,-0.51,-0.11
"3526","Mutiu Adepoju",1994,"Nigeria",-0.39,0.12,-0.6,0.7,-0.5,-0.66,-0.1,0.29,-0.53,-0.53,-0.41,-0.58,0.26,0.58,0.38,0.39
"3527","Peter Rufai",1994,"Nigeria",-0.39,-0.62,-0.6,-0.73,-0.5,0.62,-0.82,-1.04,-0.97,-0.87,-0.1,-0.58,-0.66,-1.18,-1.1,-0.78
"3528","Rasheed Yekini",1994,"Nigeria",0.82,2.56,0.39,2.68,-0.6,-0.94,1.85,0,-0.79,-0.61,-0.72,-0.58,-0.66,0,0.38,0.22
"3529","Samson Siasia",1994,"Nigeria",0.82,0.06,-0.11,0.04,-0.54,-0.82,0.15,0.14,-0.12,-0.38,-0.26,-0.58,-0.66,1.46,0.68,0.22
"3530","Stephen Keshi",1994,"Nigeria",-0.39,-0.62,-0.6,-0.73,-0.75,-0.74,-0.82,-1.04,-0.75,-0.3,0.21,0.35,-0.2,-0.59,-0.8,-0.73
"3531","Sunday Oliseh",1994,"Nigeria",-0.39,-0.24,-0.6,-0.62,1.03,0.22,1.61,-0.75,1.78,-0.06,0.21,0.96,1.18,2.34,-0.8,-0.23
"3532","Thompson Oliha",1994,"Nigeria",-0.39,-0.48,-0.6,-0.73,-0.83,-1.02,-0.1,-0.6,-0.79,-0.72,-0.41,-0.58,-0.66,-0.88,-0.8,-0.66
"3533","Uche Okechukwu",1994,"Nigeria",-0.39,-0.62,-0.6,-0.4,0.67,0.34,-0.58,-0.9,0.05,1.19,2.22,4.28,0.26,1.17,-0.8,-0.73
"3534","Alf-Inge Håland",1994,"Norway",-0.39,-0.62,-0.6,-0.73,-0.56,-0.12,0.23,-0.62,-0.61,-0.39,1.07,-0.58,0,0.52,0.19,-0.27
"3535","Erik Mykland",1994,"Norway",-0.39,-0.54,0.12,-0.1,0.2,-0.35,0.23,-0.4,0.41,0.34,0.17,-0.31,2.01,-0.33,0.19,0.17
"3536","Erik Thorstvedt",1994,"Norway",-0.39,-0.62,-0.6,-0.73,0.01,1.38,-0.82,-0.62,-0.9,-0.87,-0.5,-0.58,-0.66,-1.18,-0.24,-0.88
"3537","Erland Johnsen",1994,"Norway",-0.39,-0.62,-0.6,-0.73,-1,-0.64,-0.82,-0.83,-0.79,-0.87,1.29,-0.58,0,-1.18,-0.67,-0.88
"3538","Gunnar Halle",1994,"Norway",-0.39,-0.62,-0.6,-0.73,-1.11,-0.81,-0.82,-1.04,-0.97,-0.66,-0.72,-0.31,-0.66,0.94,-0.24,-0.45
"3539","Göran Sörloth",1994,"Norway",-0.39,-0.28,0.12,0.22,-1.13,-0.93,-0.82,-0.83,-0.97,-0.87,-0.72,-0.58,0,-0.33,-0.67,-0.27
"3540","Henning Berg",1994,"Norway",-0.39,-0.62,0.12,0.22,0.34,0.63,-0.82,-0.62,-0.39,-0.46,2.63,0.85,2.01,-1.18,0.19,-0.23
"3541","Jan-Age Fjørtoft",1994,"Norway",-0.39,0.71,-0.6,0.22,-1.11,-1.22,-0.82,-0.83,-0.97,-0.87,-0.72,-0.58,0.67,0.94,-0.24,-0.59
"3542","Jostein Flo",1994,"Norway",-0.39,0.45,0.83,2.92,-0.39,0.17,-0.12,-0.19,-0.4,-0.41,0.17,-0.31,7.35,4.75,-0.24,1.32
"3543","Kjetil Rekdal",1994,"Norway",1.36,0.15,-0.6,-0.57,-0.41,-0.12,-0.82,-0.83,0.07,-0.36,-0.27,-0.58,-0.66,-0.33,-1.1,-0.56
"3544","Lars Bohinen",1994,"Norway",-0.39,-0.62,0.83,0.22,-0.12,-0.18,0.58,0.24,-0.44,-0.41,-0.05,0.85,-0.66,2.21,-0.67,1.04
"3545","Mini Jakobsen",1994,"Norway",-0.39,-0.11,0.83,0.54,-0.94,-0.75,-0.12,-0.19,-0.79,-0.87,-0.72,-0.58,0,0.94,-0.24,0.46
"3546","Rune Bratseth",1994,"Norway",-0.39,0.06,-0.6,1.33,0.13,-0.06,-0.82,0.46,-0.16,-0.36,3.75,1.71,2.01,-0.33,0.61,-0.45
"3547","Sigurd Rushfeldt",1994,"Norway",-0.39,-0.62,-0.6,-0.57,-1.32,-1.04,-0.12,-0.62,-0.64,-0.87,-0.5,-0.58,0.67,-0.33,-0.24,-0.88
"3548","Stig Inge Bjornebye",1994,"Norway",-0.39,-0.54,1.55,-0.73,0.89,3.35,0.58,0.67,-0.57,-0.35,2.63,-0.58,0,0.52,-0.24,1.65
"3549","Øyvind Leonhardsen",1994,"Norway",-0.39,-0.45,-0.6,0.38,-0.52,-0.75,-0.47,-0.62,-0.77,-0.29,0.17,1.56,-0.66,2.64,-0.67,-0.23
"3550","Andy Townsend",1994,"Rep of Ireland",-0.39,0.73,0.47,0.82,0.7,-0.13,-0.56,-0.4,0.47,0.2,0.12,-0.58,2.84,-0.22,-0.46,-0.04
"3551","Denis Irwin",1994,"Rep of Ireland",-0.39,-0.59,-0.6,-0.73,0.02,0.17,-0.56,-0.4,-0.66,0.06,-0.22,-0.58,-0.16,1.05,-0.46,-0.39
"3552","Gary Kelly",1994,"Rep of Ireland",-0.39,-0.62,0.47,-0.73,-0.33,0.26,-0.56,0.08,-0.01,1.02,0.28,-0.58,0.84,0.41,1.47,-0.04
"3553","Jason McAteer",1994,"Rep of Ireland",-0.39,-0.53,1.55,0.58,-0.69,-0.48,2.07,0.73,-0.05,-0.34,-0.55,-0.58,0.34,-0.22,-0.14,0.8
"3554","John Aldridge",1994,"Rep of Ireland",0.93,0.02,-0.6,0.58,-1.21,-1.17,-0.56,-1.04,-0.97,-0.87,-0.72,-0.58,0.34,-0.22,-0.46,-0.88
"3555","John Sheridan",1994,"Rep of Ireland",-0.39,0.66,0.47,0.7,1.17,-0.09,-0.3,-0.4,0.55,1,0.28,-0.58,0.34,0.73,0.51,1.21
"3556","Pat Bonner",1994,"Rep of Ireland",-0.39,-0.62,-0.6,-0.73,-0.39,1.17,-0.82,0.89,-0.97,-0.87,-0.05,-0.58,-0.66,-1.18,-0.78,-0.88
"3557","Paul McGrath",1994,"Rep of Ireland",-0.39,-0.59,-0.6,-0.61,0.1,-0.22,-0.82,-0.88,-0.5,2.28,0.95,1.49,3.34,-0.54,0.19,-0.77
"3558","Phil Babb",1994,"Rep of Ireland",-0.39,-0.46,-0.6,-0.37,0.05,0.21,-0.3,-0.4,0.1,1.55,1.46,0.12,2.34,-0.86,0.19,-0.77
"3559","Ray Houghton",1994,"Rep of Ireland",0.93,0.15,1.01,0.82,0.27,0.04,-0.3,0.73,-0.66,0.14,-0.72,0.39,-0.66,0.09,1.15,1.13
"3560","Roy Keane",1994,"Rep of Ireland",-0.39,0.28,-0.06,0.34,1.03,-0.78,1.02,0.73,0.16,-0.47,0.12,-0.58,1.84,1.68,1.79,0.15
"3561","Stephen Staunton",1994,"Rep of Ireland",-0.39,-0.2,1.55,-0.49,-0.04,1.04,-0.82,-0.72,-0.89,0.41,-0.22,-0.58,-0.16,-0.22,0.19,0.61
"3562","Terry Phelan",1994,"Rep of Ireland",-0.39,-0.62,0.47,-0.14,-0.01,0.3,-0.3,-0.24,-0.42,-0.4,0.12,-0.58,0.84,0.09,0.19,-0.29
"3563","Thomas Coyne",1994,"Rep of Ireland",-0.39,0.25,-0.06,1.18,-0.8,-1.22,-0.82,-1.04,-0.97,-0.87,-0.72,-0.58,2.34,0.41,0.83,-0.15
"3564","Bogdan Stelea",1994,"Romania",-0.39,-0.62,-0.6,-0.73,-1.1,-0.73,-0.82,-1.04,-0.97,-0.87,-0.72,-0.58,-0.66,-1.18,-1.1,-0.88
"3565","Dan Petrescu",1994,"Romania",0.6,0.03,-0.6,0.79,1.06,0.6,0.76,1.61,0.57,-0.25,0.41,-0.58,-0.29,0.25,-0.62,0.11
"3566","Daniel Prodan",1994,"Romania",-0.39,-0.6,-0.6,-0.55,0.27,-0.01,-0.63,-0.2,-0.34,0.36,2.04,1.29,1.96,2.64,-0.62,-0.62
"3567","Dorinel Munteanu",1994,"Romania",-0.39,-0.43,-0.2,-0.46,0.85,0.93,0.76,2.21,-0.21,-0.42,0.03,-0.58,0.09,0.02,-0.14,0.05
"3568","Florin Prunea",1994,"Romania",-0.39,-0.62,-0.6,-0.73,-0.78,0.02,-0.82,-1.04,-0.97,-0.87,-0.72,-0.58,-0.66,-1.18,-0.86,-0.88
"3569","Florin Raducioiu",1994,"Romania",3.55,1.45,-0.6,1.77,-0.65,-1.15,0.76,0.04,-0.31,-0.58,-0.72,-0.58,-0.66,-0.22,0.83,0.18
"3570","Gheorghe Hagi",1994,"Romania",2.57,1.5,0.61,0.16,1.07,0.7,3.52,4.27,-0.23,-0.59,0.03,-0.58,1.21,0.25,4.92,1.19
"3571","Gheorghe Mihali",1994,"Romania",-0.39,-0.48,-0.6,-0.64,-0.62,-0.73,-0.63,-0.2,0.01,-0.53,1.29,0.46,-0.29,0.25,0.11,-0.82
"3572","Gheorghe Popescu",1994,"Romania",-0.39,0.03,-0.6,0.07,0.58,-0.47,0.36,0.28,-0.06,-0.15,0.91,0.44,1.96,1.21,-0.14,-0.64
"3573","Ilie Dumitrescu",1994,"Romania",1.58,0.83,0.2,1.59,0.16,-0.63,0.56,1.25,-0.52,-0.73,-0.72,-0.58,-0.66,-0.46,1.07,0.77
"3574","Ioan Lupescu",1994,"Romania",-0.39,-0.36,-0.2,-0.73,1.19,-0.18,0.56,0.52,0.02,-0.5,0.41,0.3,-0.29,0.25,1.31,-0.29
"3575","Miodrag Belodedici",1994,"Romania",-0.39,-0.55,-0.6,-0.73,0.78,0.44,-0.63,-0.32,-0.15,-0.06,2.17,0.37,0.46,0.02,-0.86,-0.86
"3576","Nica Panduru",1994,"Romania",-0.39,-0.53,-0.6,-0.37,-1.17,-1.09,-0.03,-0.08,-0.76,-0.69,-0.72,-0.58,-0.66,-0.7,-1.1,-0.88
"3577","Tibor Selymes",1994,"Romania",-0.39,-0.62,0.2,-0.64,-0.37,-0.47,-0.03,-0.2,-0.24,-0.28,0.16,-0.58,-0.66,0.49,-0.62,-0.29
"3578","Aleksandr Borodyuk",1994,"Russia",-0.39,0.24,-0.6,0.06,-0.86,-1.22,-0.82,-0.83,-0.97,-0.87,-0.72,-0.58,0,-0.33,-0.24,-0.88
"3579","Aleksandr Mostovoi",1994,"Russia",-0.39,-0.24,-0.6,-0.41,-0.46,-0.52,0.23,1.1,-0.66,-0.34,-0.72,-0.58,-0.66,-0.33,-1.1,-0.38
"3580","Andrei Piatnitski",1994,"Russia",-0.39,-0.58,-0.6,-0.73,-0.29,-0.46,-0.82,-0.62,-0.55,-0.32,-0.5,0.31,-0.66,-0.75,-0.67,-0.3
"3581","Dimitri Kuznetsov",1994,"Russia",-0.39,-0.62,-0.6,-0.25,0.66,-0.58,-0.82,-0.4,0.15,-0.42,-0.27,-0.58,0,0.09,0.19,-0.67
"3582","Dmitri Galiamin",1994,"Russia",-0.39,-0.62,-0.6,-0.73,-0.92,-0.64,-0.47,-0.62,-0.97,-0.07,-0.72,-0.58,-0.66,-1.18,-1.1,-0.23
"3583","Dmitri Kharin",1994,"Russia",-0.39,-0.62,-0.6,-0.73,-0.94,-0.29,-0.82,-1.04,-0.97,-0.87,-0.72,-0.58,-0.66,-1.18,-1.1,-0.88
"3584","Dmitri Khlestov",1994,"Russia",-0.39,-0.62,0.12,-0.57,0.34,0.98,0.23,0.89,1.29,1.92,2.63,0.31,0,0.09,1.04,-0.12
"3585","Dmitri Popov",1994,"Russia",-0.39,-0.62,-0.6,-0.73,-1.09,-0.7,-0.82,-0.83,-0.97,-0.61,-0.72,-0.58,-0.66,-0.75,-1.1,-0.88
"3586","Dmitri Radchenko",1994,"Russia",1.36,0.45,-0.6,1.18,-0.2,-0.58,0.58,1.1,0.08,-0.13,-0.27,0.72,0,0.94,-0.67,0.49
"3587","Igor Korneev",1994,"Russia",-0.39,-0.15,-0.6,-0.25,-0.67,-0.52,-0.82,-1.04,1.71,-0.28,-0.72,-0.58,-0.66,-0.75,-0.24,-0.38
"3588","Igor Lediakhov",1994,"Russia",-0.39,-0.02,-0.6,0.22,-1.07,-1.16,-0.47,-1.04,-0.63,-0.87,-0.72,-0.58,-0.66,-1.18,-0.67,-0.85
"3589","Ilja Tsymbalar",1994,"Russia",-0.39,0.11,2.26,0.54,0.05,0.46,0.58,1.1,-0.09,0.75,-0.5,-0.58,0,-1.18,0.61,0.38
"3590","Oleg Salenko",1994,"Russia",10.12,8.48,-0.6,2.76,-0.79,-1.1,0.58,-0.19,0.88,-0.28,-0.72,-0.58,0,1.36,-0.67,-0.05
"3591","Omari Tetradze",1994,"Russia",-0.39,-0.41,0.83,-0.73,-1,-0.81,-0.82,-0.83,-0.97,0.31,-0.27,-0.58,-0.66,-1.18,0.19,0.38
"3592","Sergei Yuran",1994,"Russia",-0.39,-0.62,-0.6,-0.73,-1.04,-1.22,-0.47,-1.04,-0.97,-0.87,-0.72,-0.58,-0.66,-0.75,-0.67,-0.88
"3593","Sergej Gorlukowitsch",1994,"Russia",-0.39,-0.54,-0.6,-0.73,-0.41,0.57,-0.82,-0.62,0.16,0.38,-0.5,-0.58,0,0.94,0.19,-0.81
"3594","Stanislav Cherchesov",1994,"Russia",-0.39,-0.62,-0.6,-0.73,-1.07,-0.58,-0.82,-1.04,-0.97,-0.87,-0.72,-0.58,-0.66,-1.18,-1.1,-0.74
"3595","Valery Karpin",1994,"Russia",-0.39,-0.37,1.55,0.06,1.12,1.44,0.23,0.46,1.12,-0.01,-0.5,-0.58,0,-1.18,0.19,1.61
"3596","Viktor Onopko",1994,"Russia",-0.39,-0.49,-0.6,-0.41,1.27,1.33,-0.82,-0.83,0.94,2.25,3.3,2.03,1.34,0.09,-0.24,-0.12
"3597","Vladislav Ternavski",1994,"Russia",-0.39,-0.62,-0.6,-0.73,-0.12,0.29,-0.47,-0.83,0.45,0.93,1.51,-0.58,0,0.52,-1.1,-0.88
"3598","Yuri Nikiforov",1994,"Russia",-0.39,-0.11,-0.6,-0.73,0.76,1.04,-0.47,0.46,1.23,2.16,2.63,2.51,0.67,0.09,-0.67,-0.7
"3599","Abdullah Zubromawi",1994,"Saudi Arabia",-0.39,-0.62,-0.06,-0.73,-0.28,0.26,-0.82,-0.56,-0.16,0.42,2.46,0.75,1.34,-0.54,-0.46,-0.39
"3600","Ahmed Dukhi Al Dosari",1994,"Saudi Arabia",-0.39,-0.62,-0.06,-0.73,-1.18,-0.78,-0.56,-0.88,-0.85,-0.61,-0.05,-0.43,-0.66,-0.86,-0.78,-0.42
"3601","Ahmed Madani",1994,"Saudi Arabia",-0.39,-0.43,-0.6,-0.02,-0.45,0.08,-0.56,-0.4,-0.33,-0.04,4.97,1.21,1.34,1.05,-0.14,0.07
"3602","Fahad Al Bishi",1994,"Saudi Arabia",-0.39,0.66,1.01,0.7,0.43,0.17,0.76,1.05,-0.61,-0.52,-0.72,-0.58,-0.66,-0.54,1.79,0.45
"3603","Fahad Al Gheshayan",1994,"Saudi Arabia",0.93,0.02,-0.6,0.1,-1.32,-1.17,-0.03,0.4,-0.55,-0.87,-0.72,-0.58,-0.66,-1.18,-0.46,-0.77
"3604","Fuad Amin",1994,"Saudi Arabia",2.24,-0.14,-0.06,-0.49,0.27,0.73,-0.3,1.53,-0.37,0.19,0.62,-0.28,-0.16,-0.22,-0.78,-0.04
"3605","Hamzah Falatah",1994,"Saudi Arabia",-0.39,1.5,-0.6,1.29,-0.85,-1.09,0.49,0.89,-0.97,-0.74,-0.55,-0.39,-0.66,0.09,1.15,0.26
"3606","Hamzah Saleh",1994,"Saudi Arabia",-0.39,-0.53,-0.6,-0.73,-0.31,-0.22,-0.3,-0.08,-0.89,-0.22,0.28,-0.39,-0.16,-0.54,0.19,-0.23
"3607","Kahlid Al Muwallid",1994,"Saudi Arabia",-0.39,-0.04,2.08,-0.37,-0.26,-0.18,1.02,0.57,-0.03,-0.46,-0.22,-0.11,-0.66,1.36,-0.46,-0.1
"3608","Majed Mohammed",1994,"Saudi Arabia",-0.39,-0.2,-0.6,-0.02,-1.32,-1.13,-0.56,-1.04,-0.97,-0.87,-0.72,-0.58,0.34,-0.86,-0.78,-0.8
"3609","Mohamed Al Jawad",1994,"Saudi Arabia",-0.39,-0.11,-0.06,-0.73,0.01,0.52,-0.03,0.89,-0.5,-0.37,2.13,0.08,-0.66,0.41,1.15,-0.45
"3610","Mohammed Al Khilaiwi",1994,"Saudi Arabia",-0.39,-0.62,-0.6,-0.49,-0.7,-0.52,-0.56,-0.56,-0.5,-0.33,3.3,3.06,-0.16,-0.54,-0.14,-0.88
"3611","Mohammed Al-Deayea",1994,"Saudi Arabia",-0.39,-0.62,-0.6,-0.73,-0.33,0.82,-0.82,-1.04,-0.93,-0.84,-0.72,-0.58,-0.66,-1.18,-0.78,-0.64
"3612","Saeed Owairan",1994,"Saudi Arabia",0.93,1.5,0.47,0.34,-0.17,-0.35,1.02,0.89,-0.86,-0.61,-0.05,0.08,0.34,-0.22,0.19,0.91
"3613","Sami Al-Jaber",1994,"Saudi Arabia",0.93,2.11,-0.6,0.46,-1.08,-1.22,0.76,0.73,-0.86,-0.87,-0.72,-0.58,-0.16,0.41,0.51,-0.04
"3614","Talal Jebreen",1994,"Saudi Arabia",-0.39,-0.53,-0.6,-0.73,-0.2,-0.35,-0.03,-0.88,-0.38,0.1,0.62,0.04,0.84,0.41,-1.1,-0.58
"3615","Ha Seok-Ju",1994,"South Korea",-0.39,-0.24,0.12,-0.41,-1.04,-0.98,-0.82,-1.04,-0.97,-0.87,-0.72,-0.58,-0.66,-1.18,-1.1,-0.59
"3616","Hong Ji Shin",1994,"South Korea",-0.39,-0.37,1.55,-0.25,1.46,1.56,0.23,0.67,0.73,0.36,-0.27,-0.58,0.67,0.52,-0.67,-0.23
"3617","In Young Choi",1994,"South Korea",-0.39,-0.62,-0.6,-0.73,-0.1,1.27,-0.82,-1.04,-0.97,-0.87,-0.72,-0.58,-0.66,-1.18,-1.1,-0.88
"3618","Jeong Woon Ko",1994,"South Korea",-0.39,-0.24,5.84,0.06,0.62,-0.06,2.34,3.03,0.21,-0.64,-0.72,1.4,-0.66,1.79,1.9,2.37
"3619","Jin Ho Cho",1994,"South Korea",-0.39,-0.24,-0.6,-0.41,-1.23,-1.16,-0.82,-1.04,-0.45,-0.64,-0.72,-0.58,-0.66,-1.18,-1.1,-0.88
"3620","Jong Soon Chung",1994,"South Korea",-0.39,-0.62,-0.6,-0.73,-0.94,-0.58,-0.82,-1.04,-0.7,-0.41,-0.5,0.55,-0.66,-1.18,-0.67,-0.88
"3621","Joo-Sung Kim",1994,"South Korea",-0.39,0.49,-0.6,1.02,0.09,-0.41,-0.12,1.1,0.94,-0.87,-0.72,-0.58,-0.66,0.94,3.18,0.85
"3622","Jung Bea Park",1994,"South Korea",-0.39,-0.54,-0.6,-0.1,0.89,0.11,-0.12,0.67,1.64,1.85,2.85,1.4,2.01,1.36,-0.24,-0.63
"3623","Jung-Won Seo",1994,"South Korea",1.36,0.97,0.12,2.6,-0.79,-0.7,1.63,1.32,-0.49,-0.66,-0.72,-0.58,-0.66,-0.33,-0.67,0.17
"3624","Jung-Yoon Noh",1994,"South Korea",-0.39,0.19,0.12,-0.41,0.2,-0.29,-0.47,-0.19,-0.49,0.17,-0.5,-0.58,-0.66,1.36,-0.67,-0.41
"3625","Lee Woon-Jae",1994,"South Korea",-0.39,-0.62,-0.6,-0.73,-1.21,-0.87,-0.82,-1.04,-0.97,-0.87,-0.72,-0.58,-0.66,-1.18,-1.1,-0.88
"3626","Myung-Bo Hong",1994,"South Korea",3.11,0.02,-0.6,-0.73,1.62,1.15,0.23,1.53,0.94,0.61,0.62,4.4,0,-0.75,-0.24,0.49
"3627","Pan Keun Kim",1994,"South Korea",-0.39,-0.54,1.55,-0.41,1.06,1.44,-0.47,0.03,-0.47,0.36,-0.5,1.48,0.67,0.09,1.47,1.61
"3628","Sun Hong Hwang",1994,"South Korea",1.36,2.86,0.12,2.6,-0.56,-0.81,1.28,-0.4,0.51,-0.87,-0.72,-0.58,2.01,1.36,1.9,0.82
"3629","Young Il Choi",1994,"South Korea",-0.39,-0.45,-0.6,-0.73,0.3,0.06,-0.82,-0.4,0.21,0.15,0.17,0.55,0,2.21,0.19,0.02
"3630","Young Jin Lee",1994,"South Korea",-0.39,-0.15,-0.6,-0.73,0.66,-0.29,0.23,0.46,-0.25,-0.64,-0.5,0.45,-0.66,0.94,-0.67,-0.41
"3631","Albert Ferrer",1994,"Spain",-0.39,-0.62,0.26,-0.54,0.64,1.31,0.65,0.76,-0.09,0.24,0.89,1.08,-0.26,1.87,-0.33,0.18
"3632","Andoni Zubizarreta",1994,"Spain",-0.39,-0.62,-0.6,-0.73,-0.47,0.97,-0.82,-0.79,-0.97,-0.87,-0.59,-0.58,-0.66,-1.18,-1.1,-0.82
"3633","Bakero",1994,"Spain",-0.39,-0.62,-0.6,-0.35,0.04,-0.49,-0.82,-0.14,-0.61,-0.29,-0.32,0.01,0.14,-0.41,0.19,-0.82
"3634","Caminero",1994,"Spain",2.76,1.28,-0.6,1.08,-0.23,-0.52,1.7,0.24,-0.11,-0.38,-0.18,0.28,0.54,1.87,-0.58,0.2
"3635","Felipe Miñambres",1994,"Spain",-0.39,-0.42,-0.17,-0.44,-1.19,-1.18,-0.61,-0.79,-0.67,-0.87,-0.72,-0.58,-0.26,-0.67,-0.58,-0.49
"3636","Fernando Hierro",1994,"Spain",0.66,0.43,-0.6,0.03,0.07,0.03,-0.19,-0.01,-0.02,-0.11,1.16,0.39,1.34,-0.16,-0.58,-0.43
"3637","Fernández Abelardo",1994,"Spain",-0.39,0.74,-0.6,0.7,0.04,0.07,-0.82,-0.14,2.01,0.39,1.56,-0.58,0.54,1.11,0.19,-0.71
"3638","Francisco Camarasa",1994,"Spain",-0.39,-0.62,-0.6,-0.64,-0.85,-0.52,-0.61,-0.53,-0.6,-0.19,-0.32,-0.58,-0.26,-0.67,-1.1,-0.6
"3639","Jon Andoni Goikoetxea Lasa",1994,"Spain",1.71,0.77,4.55,1.84,-0.5,-0.63,1.07,-0.01,-0.23,-0.53,-0.59,-0.11,0.14,1.36,0.7,2.57
"3640","Jorge Otero",1994,"Spain",-0.39,-0.13,-0.17,-0.44,-0.73,-0.21,-0.61,-0.66,0.28,-0.09,-0.45,-0.58,-0.66,-0.16,-0.07,-0.77
"3641","Josep Guardiola",1994,"Spain",0.66,1.54,0.26,-0.73,-0.47,-0.52,-0.19,-0.53,-0.57,-0.44,-0.32,-0.58,-0.66,-0.67,-1.1,0.03
"3642","Julen Guerrero",1994,"Spain",-0.39,-0.44,1.12,-0.73,-0.76,-0.77,-0.61,-0.66,-0.56,-0.78,-0.59,-0.58,-0.26,-0.16,-0.84,0.4
"3643","Julio Salinas",1994,"Spain",0.66,0.61,-0.6,1.27,-0.83,-1.22,0.02,-0.53,-0.97,-0.78,-0.59,-0.58,1.74,1.11,-0.07,-0.28
"3644","Luis Enrique",1994,"Spain",0.66,-0.03,-0.6,0.32,-0.44,-0.9,1.07,0.24,-0.23,-0.05,-0.18,0.39,0.14,1.11,3.01,-0.01
"3645","Miguel Ángel Nadal",1994,"Spain",-0.39,-0.44,-0.6,0.13,-0.09,0.21,-0.82,0.11,-0.08,0.62,2.23,-0.58,0.94,0.35,0.19,-0.6
"3646","Rafael Alkorta",1994,"Spain",-0.39,-0.62,0.26,-0.54,-0.32,0.1,0.02,-0.01,-0.15,0.6,0.75,0.42,0.54,0.09,-0.07,-0.43
"3647","Santiago Cañizares",1994,"Spain",-0.39,-0.62,-0.6,-0.73,-1.19,-0.66,-0.82,-0.66,-0.97,-0.87,-0.72,-0.58,-0.66,-1.18,-1.1,-0.88
"3648","Sergi",1994,"Spain",-0.39,-0.13,1.12,0.13,0.65,0.79,1.07,0.89,-0.35,0.14,0.35,-0.58,0.14,0.6,0.7,1.03
"3649","Txiki Beguiristain",1994,"Spain",0.66,1.52,-0.6,-0.54,-1.36,-1.22,-0.82,-0.92,-0.97,-0.75,-0.59,-0.58,-0.66,-1.18,-0.84,-0.88
"3650","Voro",1994,"Spain",-0.39,-0.62,-0.6,-0.73,-1.14,-0.94,-0.82,-0.79,-0.86,-0.48,-0.32,-0.11,-0.66,-0.92,-0.84,-0.77
"3651","Hakan Mild",1994,"Sweden",0.33,-0.1,-0.6,-0.47,-0.25,-0.72,-0.68,-0.78,-0.05,-0.5,-0.35,0.17,0.15,0.56,-0.22,-0.54
"3652","Henrik Larsson",1994,"Sweden",0.33,0.78,-0.01,0.05,-1.14,-0.93,-0.54,-0.52,-0.67,-0.68,-0.72,-0.58,-0.66,-0.31,-0.75,-0.31
"3653","Jesper Blomqvist",1994,"Sweden",-0.39,-0.52,-0.6,-0.47,-1.33,-1.05,-0.82,-0.78,-0.95,-0.87,-0.72,-0.58,-0.39,-1.18,-0.75,-0.79
"3654","Joachim Björklund",1994,"Sweden",-0.39,-0.62,-0.6,-0.6,-0.09,-0.72,-0.82,-1.04,-0.25,0.11,1.56,-0.1,-0.12,-1.18,-0.57,-0.66
"3655","Jonas Thern",1994,"Sweden",-0.39,-0.41,0.28,-0.34,0.31,0.15,0.18,-0.43,-0.77,0.05,-0.35,0.07,0.43,-0.48,-0.22,0.38
"3656","Kennet Andersson",1994,"Sweden",3.19,2.07,0.86,3.23,-0.27,-0.7,1.76,0.27,-0.29,-0.32,-0.63,0.07,8.9,0.73,2.23,2.08
"3657","Klas Ingesson",1994,"Sweden",-0.39,0.01,0.28,0.89,0.42,-0.08,0.47,1.33,-0.22,-0.37,0.19,0.56,-0.12,0.04,-0.4,0.73
"3658","Martin Dahlin",1994,"Sweden",2.48,1.03,-0.6,3.1,-0.52,-1,-0.11,-0.08,-0.73,-0.66,-0.72,-0.21,2.07,0.21,1.88,-0.13
"3659","Patrik Andersson",1994,"Sweden",-0.39,-0.43,-0.6,-0.41,0.46,0.6,-0.68,-0.61,-0.12,0.43,3.39,1.86,0.97,-0.83,-0.4,-0.81
"3660","Pontus Kamark",1994,"Sweden",-0.39,-0.62,-0.6,-0.73,-0.88,-0.51,-0.39,-0.61,-0.86,-0.31,0.19,0.14,-0.66,-0.48,-0.57,-0.88
"3661","Roger Ljung",1994,"Sweden",0.33,-0.1,1.45,-0.15,1.03,2.99,-0.82,0.01,-0.18,0.39,0.38,0.93,-0.12,0.73,-0.4,1.13
"3662","Roland Nilsson",1994,"Sweden",-0.39,-0.62,0.57,-0.73,1.46,2.54,-0.39,1.41,0.52,0.59,-0.08,-0.1,0.7,-0.66,-0.22,0.48
"3663","Stefan Schwarz",1994,"Sweden",-0.39,-0.1,0.28,-0.47,1.01,0.2,0.32,0.97,2.35,1.08,-0.08,-0.5,-0.12,-0.14,-0.75,0.72
"3664","Thomas Ravelli",1994,"Sweden",-0.39,-0.62,-0.6,-0.73,0.02,1.64,-0.82,-0.78,-0.97,-0.87,-0.63,-0.58,-0.66,-1.18,-1.1,-0.68
"3665","Tomas Brolin",1994,"Sweden",1.76,1.91,2.62,0.63,0.62,0.75,1.33,2.56,0.04,-0.57,-0.54,-0.58,-0.12,-0.14,1,2.32
"3666","Adrian Knup",1994,"Switzerland",2.24,1.86,-0.06,2.6,-0.99,-1.09,-0.56,-0.88,-0.44,-0.38,-0.55,0.21,1.34,1.05,2.11,0.34
"3667","Alain Geiger",1994,"Switzerland",-0.39,-0.62,-0.6,-0.73,1.6,1.73,-0.82,0.73,1.11,0.25,2.46,-0.25,0.34,-1.18,-0.14,-0.39
"3668","Alain Sutter",1994,"Switzerland",0.93,0.09,2.08,-0.37,0.01,0.26,1.28,0.57,-0.7,-0.3,-0.72,-0.58,-0.66,-0.54,0.51,1.21
"3669","Christophe Ohrel",1994,"Switzerland",-0.39,-0.14,-0.06,0.1,-0.12,-0.31,0.23,-0.72,-0.16,1.55,0.12,0.65,-0.66,-0.86,1.47,-0.23
"3670","Ciriaco Sforza",1994,"Switzerland",-0.39,-0.14,0.47,-0.25,0.81,0.04,-0.3,-0.56,0.9,1.66,-0.22,-0.58,1.34,2,0.51,0.2
"3671","Dominique Herr",1994,"Switzerland",-0.39,-0.43,-0.6,0.34,0.45,0.47,-0.82,-0.56,-0.19,0.58,1.46,0.99,0.84,0.41,-0.78,-0.88
"3672","Georges Bregy",1994,"Switzerland",0.93,0.63,3.16,-0.37,1.72,0.78,-0.56,0.08,0.57,0.31,-0.39,0.21,-0.16,-0.86,0.51,2.67
"3673","Jörg Studer",1994,"Switzerland",-0.39,-0.59,-0.06,-0.73,-1.27,-0.96,-0.82,-1.04,-0.97,-0.87,-0.72,-0.58,-0.66,-0.22,-1.1,-0.53
"3674","Marc Hottiger",1994,"Switzerland",-0.39,-0.49,1.01,-0.49,1.14,2.25,-0.3,0.73,0.13,0.92,0.12,-0.58,0.34,-0.22,-1.1,0.01
"3675","Marco Pascolo",1994,"Switzerland",-0.39,-0.62,-0.6,-0.73,-0.29,1.12,-0.56,-1.04,-0.97,-0.87,-0.39,-0.58,-0.66,-0.86,-1.1,-0.88
"3676","Nestor Subiat",1994,"Switzerland",-0.39,0.18,-0.6,-0.02,-1.3,-1.17,-0.82,-1.04,-0.97,-0.87,-0.72,-0.58,-0.66,0.41,-0.14,-0.72
"3677","Stéphane Chapuisat",1994,"Switzerland",0.93,0.89,1.01,3.32,-0.5,-0.87,0.49,-0.56,0.05,-0.16,-0.72,-0.58,-0.66,1.05,2.43,2.4
"3678","Thomas Bickel",1994,"Switzerland",-0.39,0.05,-0.6,-0.02,-0.58,-0.91,-0.82,-0.08,-0.78,-0.87,-0.72,0.65,-0.66,1.05,-0.78,-0.48
"3679","Yvan Quentin",1994,"Switzerland",-0.39,-0.46,-0.6,-0.37,1,1.3,-0.3,-0.24,0.51,2.55,0.95,0.99,-0.16,0.41,0.19,-0.23
"3680","Alexi Lalas",1994,"USA",-0.39,0.09,-0.6,0.1,-0.26,-0.57,-0.56,-0.88,-0.19,0.55,3.47,0.62,-0.16,-0.22,-0.78,-0.88
"3681","Cle Kooiman",1994,"USA",-0.39,-0.62,-0.6,-0.73,-1,-0.52,-0.82,-0.88,-0.08,-0.61,0.45,0.05,-0.66,-0.86,-1.1,-0.88
"3682","Cobi Jones",1994,"USA",-0.39,-0.62,-0.6,-0.49,-1.1,-1,-0.03,-0.56,-0.37,-0.65,-0.22,-0.58,-0.66,-0.54,0.51,-0.69
"3683","Earnie Stewart",1994,"USA",0.93,0.44,-0.06,0.94,-0.58,-1,0.49,-0.56,-0.97,-0.65,-0.72,-0.22,0.34,0.41,1.15,-0.18
"3684","Eric Wynalda",1994,"USA",0.93,0.31,1.55,0.58,-0.77,-0.87,0.49,0.24,-0.82,-0.83,-0.72,-0.58,-0.66,-0.22,-0.14,0.37
"3685","Fernando Clavijo",1994,"USA",-0.39,-0.62,-0.6,-0.73,0.05,0.3,-0.3,-0.72,-0.36,0.27,0.79,0.52,-0.66,1.05,-0.46,-0.48
"3686","Hugo Ernesto Perez",1994,"USA",-0.39,-0.62,-0.6,-0.73,-1.14,-0.96,-0.3,-0.72,-0.8,-0.8,-0.72,-0.58,-0.66,-1.18,-0.46,-0.88
"3687","John Harkes",1994,"USA",-0.39,0.25,0.47,-0.14,0.1,0.17,1.02,0.4,-0.36,-0.34,-0.22,-0.58,0.84,0.41,0.83,-0.48
"3688","Marcelo Balboa",1994,"USA",-0.39,-0.3,-0.6,0.22,-0.09,-0.09,-0.56,-0.56,-0.31,0.72,4.81,-0.22,-0.16,-0.54,0.83,-0.83
"3689","Mike Sorber",1994,"USA",-0.39,-0.33,-0.06,-0.73,0.9,-0.52,0.49,1.21,0.11,-0.52,-0.22,2.21,-0.16,-0.86,0.19,-0.67
"3690","Paul Caligiuri",1994,"USA",-0.39,-0.43,-0.06,-0.73,1.91,2.68,0.76,1.53,0.61,0.63,0.79,-0.35,0.84,-0.54,0.51,-0.04
"3691","Roy Wegerle",1994,"USA",-0.39,-0.62,-0.6,-0.61,-0.88,-1.04,-0.56,-0.56,-0.97,-0.67,-0.55,-0.58,-0.66,-0.86,-0.46,-0.88
"3692","Tab Ramos",1994,"USA",-0.39,0.05,1.01,-0.25,-0.01,0.3,0.23,1.21,-0.26,-0.27,-0.39,0.05,0.34,0.09,0.83,0.75
"3693","Thomas Dooley",1994,"USA",-0.39,0.25,-0.06,0.34,0.23,-0.39,-0.3,-0.72,0.08,0.48,-0.22,-0.58,-0.16,1.05,-0.46,-0.01
"3694","Tony Meola",1994,"USA",-0.39,-0.62,-0.6,-0.73,0.13,1.17,-0.82,-1.04,-0.97,-0.65,-0.39,-0.58,-0.66,-1.18,-1.1,-0.86
"3695","Abel Balbo",1990,"Argentina",-0.42,-0.25,-0.65,-0.37,-1.36,-1.08,-0.68,-0.95,-0.77,-0.97,-0.72,-0.57,-0.71,-1.13,-0.94,-0.73
"3696","Claudio Caniggia",1990,"Argentina",1.39,0.48,-0.07,1.37,-0.8,-0.86,2.85,0.58,-0.87,-0.65,-0.6,-0.57,1.41,1,2.02,0.29
"3697","Diego Maradona",1990,"Argentina",-0.42,0.36,0.81,0.21,0.33,0.26,1.73,0.58,0.06,-0.57,-0.6,0.1,-0.13,1.56,5.36,3.46
"3698","Gabriel Calderon",1990,"Argentina",-0.42,-0.54,-0.65,-0.05,-0.71,-0.76,-0.31,-0.27,-0.87,-0.79,-0.48,-0.37,-0.71,0.01,-0.43,-0.51
"3699","Gustavo Dezotti",1990,"Argentina",-0.42,-0.47,-0.36,-0.18,-1.32,-1.1,-0.68,-0.86,-0.87,-0.9,-0.72,-0.37,-0.52,-0.28,-0.68,-0.8
"3700","Jorge Luis Burruchaga",1990,"Argentina",0.49,0.39,-0.36,1.05,0.72,0.02,0.43,1.17,-0.65,-0.53,-0.36,-0.37,-0.71,0.01,0.6,0.52
"3701","Jose Serrizuela",1990,"Argentina",-0.42,0.14,-0.65,-0.44,-0.31,0.14,-0.31,-0.19,0.51,0.54,0.9,0.39,0.06,0.57,-0.04,-0.51
"3702","José Basualdo",1990,"Argentina",-0.42,-0.49,0.23,0.02,0.95,1.06,0.43,0.75,0.91,1.1,0.12,1.53,0.06,0.01,0.6,0.97
"3703","Juan Simon",1990,"Argentina",-0.42,-0.58,-0.65,-0.76,0.53,1.04,-0.5,0.49,0.7,0.1,1.98,2.9,0.06,-0.28,-0.17,-0.56
"3704","Julio Olarticoechea",1990,"Argentina",-0.42,-0.25,-0.07,-0.5,-0.4,-0.18,-0.31,0.41,-0.08,0.24,0.3,-0.13,-0.71,0.71,-0.3,-0.35
"3705","Nery Pumpido",1990,"Argentina",-0.42,-0.65,-0.65,-0.76,-1.27,-0.81,-0.68,-0.95,-0.93,-0.97,-0.72,-0.57,-0.71,-1.27,-1.07,-0.91
"3706","Nestor Lorenzo",1990,"Argentina",-0.42,-0.65,-0.65,-0.69,-1.01,-0.58,-0.68,-0.78,0.04,-0.31,-0.18,-0.37,0.06,-0.7,-0.81,-0.9
"3707","Nestor Sensini",1990,"Argentina",-0.42,-0.45,-0.65,-0.5,-1.01,-0.86,-0.68,-0.95,-0.71,-0.97,-0.06,-0.37,-0.52,-0.56,-0.81,-0.75
"3708","Néstor Fabbri",1990,"Argentina",-0.42,-0.65,-0.65,-0.63,-1.22,-0.96,-0.68,-0.86,-0.93,-0.82,-0.6,0.01,-0.33,-1.13,-0.94,-0.83
"3709","Oscar Ruggeri",1990,"Argentina",-0.42,-0.51,-0.36,0.21,-0.64,-0.26,-0.31,-0.78,-0.31,-0.23,0.78,-0.34,1.22,1.56,-0.17,-0.75
"3710","Pedro Monzon",1990,"Argentina",0.49,-0.47,-0.65,-0.31,-0.98,-0.86,-0.68,-0.95,-0.34,-0.4,0.18,-0.13,-0.52,0.57,-0.81,-0.91
"3711","Pedro Troglio",1990,"Argentina",0.49,-0.22,-0.36,-0.44,-0.19,-0.33,-0.13,0.15,-0.42,-0.74,-0.48,0.21,-0.71,0.29,0.35,-0.33
"3712","Ricardo Giusti",1990,"Argentina",-0.42,-0.51,-0.36,-0.63,-0.18,-0.43,-0.31,-0.19,0.1,-0.19,-0.18,0.21,-0.33,0.01,-0.68,-0.25
"3713","Sergio Batista",1990,"Argentina",-0.42,-0.65,-0.36,-0.76,-0.03,0.19,-0.5,-0.19,-0.29,-0.34,-0.42,-0.57,-0.52,0.01,-0.94,-0.38
"3714","Sergio Goicoechea",1990,"Argentina",-0.42,-0.65,-0.65,-0.76,-0.89,-0.16,-0.68,-0.86,-0.93,-0.97,-0.72,-0.57,-0.71,-1.27,-1.07,-0.91
"3715","Sergio Goycochea",1990,"Argentina",-0.42,-0.65,-0.65,-0.76,-0.58,0.39,-0.68,-0.86,-0.93,-0.97,-0.66,-0.57,-0.71,-1.27,-0.94,-0.91
"3716","Alfred Hörtnagl",1990,"Austria",-0.42,-0.56,-0.65,-0.1,-1.07,-1.03,0.27,-0.52,0.01,-0.1,-0.41,1.14,-0.22,-0.18,0.57,-0.91
"3717","Andreas Herzog",1990,"Austria",-0.42,1.1,0.84,1.38,-0.04,-0.01,1.21,2.95,0.72,1.01,-0.11,-0.57,-0.22,0.54,1.89,0.88
"3718","Andreas Ogris",1990,"Austria",1.9,0.36,0.84,0.07,-1.07,-1.03,2.16,0.79,-0.93,-0.09,-0.72,-0.57,-0.22,0.18,2.22,0.75
"3719","Andreas Reisinger",1990,"Austria",-0.42,-0.65,-0.65,-0.76,-1.31,-0.96,-0.21,-0.52,-0.93,-0.97,-0.57,-0.57,-0.71,-1.27,-1.07,-0.91
"3720","Anton Pfeffer",1990,"Austria",-0.42,-0.33,0.1,-0.26,-0.24,-0.07,-0.68,-0.08,0.04,0.36,1.42,2.85,0.77,1.63,-0.08,-0.4
"3721","Ernst Aigner",1990,"Austria",-0.42,-0.01,0.1,-0.76,1.2,1.01,-0.68,2.09,0.47,0.14,0.81,2.03,-0.22,1.26,-0.74,-0.49
"3722","Gerhard Rodax",1990,"Austria",1.9,1.92,-0.65,0.89,-0.97,-0.84,0.27,-0.08,-0.21,-0.74,-0.72,-0.57,-0.22,-0.91,-0.41,0.41
"3723","Klaus Lindenberger",1990,"Austria",-0.42,-0.65,-0.65,-0.76,0.4,2.15,-0.68,-0.95,-0.93,-0.97,-0.41,-0.57,-0.71,-0.55,-0.41,-0.7
"3724","Kurt Russ",1990,"Austria",-0.42,-0.51,0.1,-0.43,-0.36,-0.26,-0.21,-0.08,-0.72,0.44,0.2,0.2,0.27,-0.55,-0.41,-0.06
"3725","Manfred Linzmaier",1990,"Austria",-0.42,-0.65,-0.65,-0.76,-0.92,-0.65,-0.68,0.35,-0.72,-0.77,-0.57,0.2,-0.71,-1.27,-0.41,-0.66
"3726","Manfred Zsak",1990,"Austria",-0.42,0.45,-0.65,-0.43,0.22,-0.01,0.27,0.79,0.25,-0.51,-0.57,1.14,-0.71,0.54,-0.41,-0.32
"3727","Michael Streiter",1990,"Austria",-0.42,-0.65,-0.65,-0.59,0.05,0.25,-0.21,0.35,0.25,-0.74,0.81,-0.57,-0.22,0.9,1.89,-0.32
"3728","Peter Artner",1990,"Austria",-0.42,-0.65,-0.65,-0.76,-1.02,-0.9,-0.21,-0.08,-0.47,0.56,-0.41,-0.57,-0.71,-0.91,-1.07,-0.57
"3729","Peter Schöttel",1990,"Austria",-0.42,-0.56,-0.65,-0.59,-0.31,-0.33,-0.68,-0.3,0.22,-0.38,-0.26,-0.57,-0.22,-0.55,-0.41,-0.4
"3730","Robert Pecl",1990,"Austria",-0.42,-0.28,-0.65,-0.26,1.03,0.37,0.27,0.35,2.08,1.65,1.73,1.23,2.74,2.71,0.25,-0.57
"3731","Toni Polster",1990,"Austria",-0.42,0.5,0.1,0.89,-0.53,-0.96,-0.68,-0.52,-0.72,-0.97,-0.57,-0.57,0.77,0.9,-0.08,0.02
"3732","Bruno Versavel",1990,"Belgium",-0.42,0.02,-0.65,0.38,-0.18,-0.45,0.3,-0.05,0.14,0,-0.51,-0.57,-0.37,-0.27,-0.61,-0.68
"3733","Enzo Scifo",1990,"Belgium",1.18,3.36,1.93,1.98,2.03,1,3.26,2.5,1.37,1.39,-0.3,-0.57,-0.03,1.74,1.21,1.98
"3734","Eric Gerets",1990,"Belgium",-0.42,-0.46,-0.13,-0.64,0.53,0.7,-0.03,1.3,0,-0.43,0.34,-0.57,-0.71,0.23,-0.39,-0.44
"3735","Franky Van Der Elst",1990,"Belgium",-0.42,0.24,0.38,0.04,2.16,0.65,-0.35,-0.05,1.19,2.56,0.02,0.35,-0.03,1.74,0.3,1.18
"3736","Georges Serge Grün",1990,"Belgium",-0.42,-0.65,-0.65,-0.64,-0.66,-0.63,-0.68,-0.2,0.05,-0.05,0.76,-0.57,-0.71,-0.02,-1.07,-0.74
"3737","Jan Ceulemans",1990,"Belgium",1.18,0.59,-0.13,1.29,0.37,-0.49,1.62,0.7,0.14,-0.74,-0.3,0.61,1.68,-0.52,0.07,0.3
"3738","Leo Clijsters",1990,"Belgium",1.18,-0.33,-0.65,-0.07,-0.35,-0.32,-0.35,-0.8,0.54,-0.97,-0.08,4.39,-0.03,-1.02,-0.84,-0.62
"3739","Lorenzo Staelens",1990,"Belgium",-0.42,-0.65,-0.13,-0.64,-0.86,-0.67,-0.68,-0.95,1.02,-0.67,-0.72,-0.57,-0.71,-1.02,-0.61,-0.41
"3740","Marc Degryse",1990,"Belgium",1.18,0.72,-0.13,1.41,-0.13,-0.63,-0.03,-0.2,-0.44,-0.03,-0.72,-0.57,0.65,0.23,-0.39,1.12
"3741","Marc Jozef Emmers",1990,"Belgium",-0.42,-0.4,0.38,-0.42,-0.66,-0.45,-0.03,-0.65,-0.12,0.84,-0.61,-0.11,-0.37,-0.52,-0.61,-0.06
"3742","Marc Van Der Linden",1990,"Belgium",-0.42,-0.65,-0.13,-0.19,-1.25,-1.02,-0.68,-0.8,-0.93,-0.65,-0.72,-0.57,-0.37,-1.02,-1.07,0.15
"3743","Michel De Wolf",1990,"Belgium",1.18,-0.62,0.38,-0.64,1.59,2.41,-0.68,1.15,1.52,3.08,1.08,-0.11,0.65,-0.02,-0.84,0.06
"3744","Michel Preud'homme",1990,"Belgium",-0.42,-0.65,-0.65,-0.76,0.26,2.33,-0.68,-0.8,-0.93,-0.67,-0.72,-0.57,-0.71,-1.02,-0.39,-0.88
"3745","Nico Claesen",1990,"Belgium",-0.42,-0.46,-0.65,-0.42,-1.42,-1.11,-0.68,-0.95,-0.69,-0.97,-0.72,-0.57,-0.71,-0.52,-1.07,-0.91
"3746","Pascal Plovie",1990,"Belgium",-0.42,-0.65,-0.65,-0.76,-1.11,-0.71,-0.68,-0.95,-0.28,-0.97,-0.51,-0.57,-0.71,-1.02,-1.07,-0.8
"3747","Patrick Vervoort",1990,"Belgium",1.18,-0.43,-0.65,-0.53,-0.87,-0.67,-0.03,-0.5,-0.36,-0.25,-0.61,-0.57,-0.71,-0.52,-0.84,-0.65
"3748","Philiipe Albert",1990,"Belgium",-0.42,-0.65,-0.65,-0.76,-1.08,-1.07,-0.68,-0.8,0.37,0.53,-0.51,-0.57,-0.71,-0.77,-1.07,-0.91
"3749","Stephane Auguste Demol",1990,"Belgium",-0.42,-0.27,-0.65,-0.53,0.88,0.52,-0.68,-0.5,1.18,1.4,2.78,1.84,-0.37,-0.52,0.07,-0.03
"3750","Alemao",1990,"Brazil",-0.42,1.21,1.59,0.72,2.29,0.56,1.45,2.63,3.12,4.35,0.43,-0.57,0.77,-0.45,-0.33,1.39
"3751","Branco",1990,"Brazil",-0.42,1,3.83,1.46,1.55,1.8,2.16,4.09,0.14,0.34,0.43,1.96,0.77,0.9,1.4,3.5
"3752","Careca",1990,"Brazil",3.05,3.41,-0.09,4.18,0.02,-0.58,1.81,0.19,-0.22,-0.31,-0.72,-0.57,0.03,1.17,-0.08,3.18
"3753","Cláudio Taffarel",1990,"Brazil",-0.42,-0.65,-0.65,-0.76,-0.09,0.61,-0.68,-0.79,-0.93,-0.97,-0.6,-0.57,0.03,-1.27,-1.07,-0.79
"3754","Dunga",1990,"Brazil",-0.42,0.28,-0.65,-0.39,2.76,1.52,0.38,0.51,3.92,2.31,-0.38,-0.57,0.4,0.63,1.89,0.62
"3755","Jorginho",1990,"Brazil",-0.42,-0.55,2.15,0.85,1.17,1.04,-0.33,0.84,5.13,2.24,-0.49,0.59,-0.71,1.99,1.15,0.88
"3756","Mauro Galvao",1990,"Brazil",-0.42,-0.65,-0.09,-0.51,1.77,1.52,-0.68,1.82,1.65,2,1.23,-0.57,1.14,-0.45,-0.82,0.05
"3757","Mozer",1990,"Brazil",-0.42,-0.65,-0.65,-0.26,0.09,-0.1,0.03,-0.14,0.74,0.53,0.2,-0.57,-0.71,0.36,-0.58,-0.75
"3758","Müller",1990,"Brazil",3.05,1.93,0.47,1.71,-0.37,-0.58,-0.68,-0.3,0.53,-0.09,-0.72,-0.57,0.03,0.36,0.9,1.52
"3759","Ricardo Gomes",1990,"Brazil",-0.42,-0.24,-0.65,-0.02,1.1,0.18,-0.68,2.47,0.86,0.33,2.96,1.75,5.94,0.63,0.66,-0.85
"3760","Ricardo Rocha",1990,"Brazil",-0.42,-0.65,-0.09,-0.39,0.05,0.04,-0.68,0.68,-0.15,0.48,0.2,0.8,1.51,-0.18,-0.08,-0.56
"3761","Romário",1990,"Brazil",-0.42,-0.1,-0.65,0.35,-1.28,-1.11,-0.33,-0.79,-0.93,-0.97,-0.72,-0.57,0.03,-1.27,-0.33,0.14
"3762","Valdo",1990,"Brazil",-0.42,0.76,3.27,-0.26,1.77,0.37,5.01,3.6,0.56,0.93,-0.72,0.8,-0.34,0.36,1.89,1.9
"3763","Andre Kana-Biyik",1990,"Cameroon",-0.42,-0.43,-0.25,-0.23,-0.49,-0.58,-0.43,-0.72,-0.4,-0.4,-0.15,-0.14,0.59,0.65,-0.55,-0.33
"3764","Benjamin Massing",1990,"Cameroon",-0.42,-0.5,-0.65,-0.58,-0.66,-0.62,-0.18,-0.61,-0.23,0,-0.31,0.34,0.07,0.46,-0.9,-0.91
"3765","Bertin Ebwelle Ndingue",1990,"Cameroon",-0.42,-0.48,0.14,-0.76,1.13,1.88,-0.68,-0.26,0.4,0.53,1.06,0.52,-0.45,0.84,-0.72,-0.08
"3766","Boneventure Djonkep",1990,"Cameroon",-0.42,-0.36,-0.65,-0.76,-1.37,-1.12,-0.68,-0.83,-0.93,-0.97,-0.72,-0.57,-0.71,-1.27,-1.07,-0.91
"3767","Cyrille Makanaky",1990,"Cameroon",-0.42,0.61,-0.65,1.25,0.12,-0.82,0.82,0.89,0.62,-0.46,-0.56,0.34,0.85,2.37,0.5,0.08
"3768","Emile Mbouh Mbouh",1990,"Cameroon",-0.42,-0.33,-0.25,-0.5,0.08,-0.14,0.57,0.08,-0.36,0.84,-0.56,0.36,-0.19,1.03,-0.2,-0.67
"3769","Emmanuel Kunde",1990,"Cameroon",0.81,1.37,-0.25,-0.76,0.48,0.19,-0.43,-0.49,0.21,-0.79,0.01,-0.14,-0.71,-0.31,-1.07,-0.76
"3770","Emmanuel Maboang",1990,"Cameroon",-0.42,-0.33,-0.25,-0.5,-0.59,-0.14,-0.68,-0.26,-0.56,-0.58,-0.56,-0.57,-0.71,0.26,-0.37,-0.08
"3771","Eugene Ekéké",1990,"Cameroon",0.81,-0.38,-0.65,-0.41,-1.17,-0.85,-0.68,-0.72,-0.93,-0.97,-0.72,-0.57,-0.71,-1.08,-1.07,-0.51
"3772","François Omam-Biyik",1990,"Cameroon",0.81,2.27,-0.65,3.69,0.25,-0.21,2.58,0.66,-0.41,-0.07,-0.48,-0.57,1.64,0.26,0.85,1.71
"3773","Jean-Claude Pagal",1990,"Cameroon",-0.42,-0.55,0.54,-0.76,-0.51,-0.75,-0.43,-0.61,-0.83,-0.29,-0.72,-0.57,-0.71,-0.12,-1.07,0.12
"3774","Jules Denis Onana",1990,"Cameroon",-0.42,-0.65,-0.65,-0.76,-0.73,-0.45,-0.68,-0.83,0.13,-0.4,0.5,1.04,-0.45,1.22,-0.02,-0.67
"3775","Louis Mfede",1990,"Cameroon",-0.42,0.2,2.51,-0.58,-0.2,0.09,1.83,0.54,-0.71,-0.46,-0.72,-0.57,-0.19,-0.5,1.89,1.73
"3776","Roger Milla",1990,"Cameroon",4.48,0.61,-0.65,0.72,-0.68,-0.85,1.58,-0.38,-0.5,-0.81,-0.64,-0.57,0.33,0.46,0.5,1.32
"3777","Stephen Tataw Eta",1990,"Cameroon",-0.42,-0.65,0.54,-0.41,1.56,3.06,-0.18,0.54,0.44,0.33,0.66,0.09,0.07,1.61,0.15,1.25
"3778","Thomas Libiih",1990,"Cameroon",-0.42,-0.48,-0.65,-0.58,-0.72,-0.92,-0.68,-0.95,-0.68,-0.51,-0.72,-0.57,-0.71,-0.69,-1.07,-0.82
"3779","Thomas Nkono",1990,"Cameroon",-0.42,-0.65,-0.65,-0.76,0.8,2.45,-0.43,-0.72,-0.78,-0.97,-0.56,-0.57,-0.71,-1.08,-0.37,-0.91
"3780","Victor Ndip Akem",1990,"Cameroon",-0.42,-0.65,-0.65,-0.76,0.04,-0.38,-0.68,-0.72,0,0.27,1.55,0.3,-0.45,-0.69,-0.9,-0.91
"3781","Andrés Escobar",1990,"Colombia",-0.42,-0.05,-0.65,-0.42,1.49,1,-0.68,-0.35,-0.08,2.6,2.04,3.26,0.65,-0.02,-0.39,-0.91
"3782","Arnoldo Iguarán",1990,"Colombia",-0.42,0.15,1.42,0.95,-0.84,-0.89,0.3,-0.2,-0.29,-0.63,-0.72,-0.57,0.99,0.49,-0.61,-0.5
"3783","Bernardo Redín",1990,"Colombia",2.79,0.62,-0.13,-0.07,0.04,-0.23,0.63,0.4,-0.66,-0.13,-0.72,-0.57,-0.71,-1.02,0.98,0.39
"3784","Carlos Enrique Estrada",1990,"Colombia",-0.42,1,-0.13,1.41,-0.6,-0.58,-0.03,-0.5,-0.72,-0.44,-0.72,-0.57,-0.03,0.99,2.34,0.59
"3785","Carlos Valderrama",1990,"Colombia",1.18,-0.33,-0.65,0.72,2.65,1.66,0.96,-0.2,-0.03,0.62,-0.72,-0.57,-0.71,-0.02,3.25,1.51
"3786","Freddy Rincon",1990,"Colombia",1.18,1.67,-0.13,1.29,1.02,0.39,0.63,0.1,-0.08,0.79,-0.3,-0.57,-0.37,0.99,2.57,0
"3787","Gabriel Gomez",1990,"Colombia",-0.42,-0.27,-0.65,-0.76,1.62,1.18,-0.68,-0.5,1.02,3.5,-0.72,0.77,-0.71,2.24,-0.84,-0.77
"3788","Gildardo Gómez",1990,"Colombia",-0.42,-0.59,0.38,-0.53,1.42,1.93,0.96,0.55,1.02,1.9,0.23,0.42,-0.03,1.99,0.07,-0.03
"3789","Leonel Alvarez",1990,"Colombia",-0.42,-0.43,-0.13,-0.19,1.88,0.92,0.3,-0.2,2.85,3.89,-0.4,0.75,-0.03,1.74,0.98,-0.23
"3790","Luis Carlos Perea",1990,"Colombia",-0.42,-0.65,-0.65,-0.76,0.39,0.17,-0.68,-0.65,0.98,1.07,0.66,-0.57,0.31,0.74,-0.61,-0.83
"3791","Luis Fajardo",1990,"Colombia",-0.42,0.24,-0.65,0.5,-0.35,-0.67,0.3,-0.65,-0.93,0.14,-0.72,-0.57,-0.37,-1.02,-0.84,-0.21
"3792","Luis Fernando Herrera",1990,"Colombia",-0.42,-0.65,2.45,-0.76,1.89,3.16,0.63,1.3,1.23,2.36,0.45,0.77,-0.71,-0.27,0.52,0.89
"3793","René Higuita",1990,"Colombia",-0.42,-0.65,-0.65,-0.76,0.75,2.24,-0.03,-0.2,-0.93,-0.63,-0.3,-0.57,-0.37,-1.27,-0.39,-0.83
"3794","Alexandre Guimarães",1990,"Costa Rica",-0.42,-0.65,-0.65,-0.39,-1.14,-0.82,-0.68,-0.46,-0.78,-0.97,-0.72,-0.57,-0.71,-0.73,-0.82,-0.59
"3795","Claudio Jara",1990,"Costa Rica",-0.42,0.73,1.03,1.34,-0.48,-0.77,0.03,0.19,-0.76,-0.06,-0.72,0.56,-0.71,0.09,0.16,0.17
"3796","Gabelo Conejo",1990,"Costa Rica",-0.42,-0.65,-0.65,-0.76,0.49,0.47,-0.68,-0.95,-0.93,-0.97,-0.6,-0.57,0.03,-1.27,-0.82,-0.91
"3797","Germán Chavarría",1990,"Costa Rica",-0.42,-0.58,-0.09,-0.63,1.28,1.37,-0.33,1.82,0,0.01,0.08,-0.57,-0.71,-1.27,-0.58,-0.63
"3798","Hermidio Barrantes",1990,"Costa Rica",-0.42,-0.65,-0.65,-0.76,-0.93,-0.53,-0.68,-0.95,-0.93,-0.97,-0.6,-0.57,-0.71,-1.27,-1.07,-0.91
"3799","Hernán Medford",1990,"Costa Rica",1.32,0.04,-0.09,0.35,-1.3,-1.06,0.38,0.35,-0.93,-0.97,-0.6,-0.57,-0.71,-1.27,0.41,-0.47
"3800","Héctor Marchena",1990,"Costa Rica",-0.42,0.11,-0.65,0.11,0.33,-0.39,-0.33,0.35,0.7,0.38,2.84,1.32,1.87,1.45,0.41,-0.34
"3801","José Carlos Chávez",1990,"Costa Rica",-0.42,-0.51,-0.09,-0.51,1.5,1.85,-0.68,4.25,-0.29,-0.21,1.35,-0.57,0.03,-0.45,-0.82,-0.43
"3802","Juan Cayasso",1990,"Costa Rica",1.32,0.35,2.15,-0.02,0.53,-0.34,0.74,0.68,-0.09,-0.29,-0.15,0.04,1.14,-0.45,1.15,0.75
"3803","Marvin Obando",1990,"Costa Rica",-0.42,-0.65,-0.09,-0.14,-1.17,-0.92,-0.33,-0.79,-0.62,-0.97,-0.72,-0.57,-0.34,-1,-0.82,-0.27
"3804","Mauricio Montero",1990,"Costa Rica",-0.42,-0.51,-0.09,-0.51,0.51,-0.2,1.81,1.16,1.52,1.01,3.3,0.94,0.77,1.72,-0.33,-0.47
"3805","Oscar Ramírez",1990,"Costa Rica",-0.42,-0.44,1.03,-0.51,0.47,-0.06,-0.33,0.35,-0.3,0.66,-0.26,-0.57,-0.71,0.63,-0.08,0.75
"3806","Róger Flores",1990,"Costa Rica",1.32,-0.41,-0.65,-0.26,1.44,0.85,0.03,1,0.28,0.42,4.56,1.76,0.03,-0.18,-0.58,-0.63
"3807","Róger Gómez",1990,"Costa Rica",-0.42,-0.55,-0.65,-0.76,-0.15,-0.58,-0.68,-0.62,0.1,-0.45,-0.03,0.94,-0.71,0.63,-0.33,-0.72
"3808","Rónald González",1990,"Costa Rica",1.32,0.25,-0.09,0.35,0.42,-0.53,0.74,0.03,0.07,0.72,0.54,0.19,0.77,0.36,1.4,-0.47
"3809","Frantisek Straka",1990,"Czechoslovakia",-0.42,-0.65,-0.65,-0.76,-0.24,-0.24,-0.68,-0.69,-0.1,-0.12,0.38,1.46,-0.12,0.9,-0.08,-0.71
"3810","Ivan Hasek",1990,"Czechoslovakia",0.97,0.59,1.14,2.11,0.92,1.33,0.74,1.91,0.04,0.39,0.02,1.11,-0.12,0.9,1.49,1.59
"3811","Ivo Knoflicek",1990,"Czechoslovakia",-0.42,0.51,0.69,2.8,-0.24,-0.35,0.74,1.91,-0.3,0.17,-0.63,-0.06,-0.12,0.47,1.1,1.65
"3812","Jan Stejskal",1990,"Czechoslovakia",-0.42,-0.65,-0.65,-0.76,0.32,1.59,-0.68,-0.69,-0.93,-0.97,-0.72,-0.57,-0.42,-1.27,-0.87,-0.68
"3813","Jozef Chovanec",1990,"Czechoslovakia",-0.42,0.29,2.48,-0.17,1.56,0.75,0.17,0.87,0.35,1.42,-0.35,-0.57,-0.42,2.86,-0.67,1.54
"3814","Ján Kocian",1990,"Czechoslovakia",-0.42,-0.57,-0.65,-0.56,-0.28,-0.39,-0.68,-0.69,-0.09,0.07,0.93,1.85,-0.12,-0.18,-0.67,0.11
"3815","Július Bielik",1990,"Czechoslovakia",-0.42,-0.65,-0.65,-0.76,-0.94,-0.43,-0.68,-0.56,-0.8,0.16,-0.54,-0.57,-0.12,-0.18,-1.07,-0.79
"3816","Lubomír Moravcik",1990,"Czechoslovakia",-0.42,0.98,2.04,0.43,-0.05,0.45,3.02,2.3,0.37,-0.24,-0.54,-0.57,-0.12,1.77,1.1,1.93
"3817","Lubos Kubik",1990,"Czechoslovakia",0.97,1,1.59,0.03,0.05,0.07,1.03,0.74,0.22,0.37,-0.35,-0.09,-0.12,1.34,0.51,1.57
"3818","Michal Bílek",1990,"Czechoslovakia",2.36,6.87,3.38,0.23,1.37,1.9,-0.68,0.87,-0.48,0.96,0.38,-0.06,-0.12,0.9,0.11,2.21
"3819","Miroslav Kadlec",1990,"Czechoslovakia",-0.42,0.2,0.69,-0.56,0.71,0.26,-0.11,0.48,0.55,0.91,2.5,4.02,1.36,0.25,0.51,0.24
"3820","Stanislav Griga",1990,"Czechoslovakia",-0.42,-0.43,-0.2,-0.07,-1.34,-1.12,-0.4,-0.82,-0.79,-0.8,-0.72,-0.57,-0.71,-1.05,-1.07,0.03
"3821","Tomás Skuhravý",1990,"Czechoslovakia",6.53,4.12,-0.2,5.07,-0.31,-0.89,-0.4,-0.56,-0.93,-0.41,-0.35,-0.09,4.02,0.69,2.68,0.31
"3822","Vladimír Kinier",1990,"Czechoslovakia",-0.42,-0.65,-0.65,-0.76,-1.18,-0.96,-0.68,-0.95,-0.56,-0.3,-0.17,0.1,-0.71,-0.83,-1.07,-0.91
"3823","Vladimír Weiss",1990,"Czechoslovakia",-0.42,-0.65,-0.65,-0.56,-1.15,-1.04,-0.68,-0.17,-0.56,-0.8,-0.72,-0.57,-0.42,-0.83,-0.67,-0.63
"3824","Václav Nemecek",1990,"Czechoslovakia",-0.42,-0.32,-0.2,-0.66,-0.85,-0.66,-0.11,-0.69,-0.3,0.06,0.02,-0.09,-0.42,-0.18,-0.28,-0.74
"3825","Adel Abdelrahman",1990,"Egypt",-0.42,-0.65,-0.65,-0.43,-1.39,-1.09,-0.68,-0.95,-0.93,-0.97,-0.72,-0.57,-0.22,-1.27,-1.07,-0.91
"3826","Ahmed Abdou El Kass",1990,"Egypt",-0.42,0.5,-0.65,0.56,0.03,-0.77,1.69,0.13,-0.67,-0.1,-0.11,-0.57,-0.71,1.26,0.57,-0.74
"3827","Ahmed Ramzy",1990,"Egypt",-0.42,-0.51,0.84,-0.26,-0.73,-0.58,0.27,-0.08,0.71,-0.77,0.35,-0.57,-0.22,0.54,-0.08,0.2
"3828","Ahmed Shobeir",1990,"Egypt",-0.42,-0.65,-0.65,-0.76,0.37,0.69,-0.68,-0.73,-0.93,-0.97,-0.41,-0.57,-0.22,-1.27,0.57,-0.91
"3829","Gamal Abdelhamid",1990,"Egypt",-0.42,0.45,0.1,1.22,-0.56,-0.77,-0.21,-0.73,-0.93,-0.34,-0.11,-0.57,1.26,-0.18,-0.74,0.49
"3830","Hany Ramzy",1990,"Egypt",-0.42,-0.65,-0.65,-0.76,0.59,0.37,-0.68,-0.95,-0.15,0.09,5.71,2.07,-0.22,-0.91,-0.41,-0.27
"3831","Hesham Yakan",1990,"Egypt",-0.42,-0.65,-0.65,-0.76,-0.09,-0.2,0.27,-0.73,1.89,-0.34,2.96,-0.57,3.23,0.54,-0.08,-0.57
"3832","Hossam Hassan",1990,"Egypt",-0.42,0.13,-0.65,1.05,-0.6,-0.84,0.27,0.13,-0.93,-0.1,-0.57,-0.57,0.77,2.35,1.56,-0.19
"3833","Ibrahim Hassan Hussein",1990,"Egypt",-0.42,-0.65,0.84,-0.76,1.35,2.28,-0.21,-0.52,0.7,1.01,3.26,-0.57,0.27,2.35,0.57,1.65
"3834","Ismail Youseff",1990,"Egypt",-0.42,-0.6,-0.65,-0.76,0.44,-0.39,0.27,-0.3,0.28,0.93,-0.57,-0.57,-0.22,0.18,2.22,-0.66
"3835","Magdy Abdelghani",1990,"Egypt",1.9,4.13,-0.65,-0.43,1.1,-0.07,0.27,-0.73,-0.15,0.52,0.51,-0.57,2.24,-0.18,-0.08,-0.91
"3836","Magdy Tolba",1990,"Egypt",-0.42,0.22,-0.65,-0.43,-0.78,-0.58,-0.21,-0.73,-0.25,-0.77,-0.72,-0.57,-0.22,-1.27,-0.74,-0.74
"3837","Osama Oraby",1990,"Egypt",-0.42,-0.65,-0.65,-0.76,-0.65,-0.65,-0.21,-0.73,-0.46,-0.97,-0.57,-0.57,-0.71,-0.18,0.25,-0.62
"3838","Rabie Yassein",1990,"Egypt",-0.42,-0.65,0.1,-0.76,0.59,0.82,0.74,0.79,-0.41,0.73,2.19,1.13,-0.71,-0.91,-0.08,-0.57
"3839","Taher Abouzeid",1990,"Egypt",-0.42,-0.65,-0.65,-0.76,-1.29,-1.09,-0.68,-0.95,0.01,-0.97,-0.57,-0.57,-0.71,-1.27,-1.07,-0.91
"3840","Bryan Robson",1990,"England",-0.42,-0.32,-0.65,-0.45,-1.13,-1.06,-0.51,-0.79,-0.72,-0.73,-0.15,-0.57,-0.16,-0.86,-0.95,-0.91
"3841","Chris Waddle",1990,"England",-0.42,-0.49,1.59,0.23,0.71,0.95,2.7,2.22,0.36,-0.14,-0.38,-0.57,-0.16,-0.86,0.53,1.68
"3842","David Platt",1990,"England",2.19,0.38,-0.65,0.91,-0.74,-0.84,0.38,-0.54,0.26,-0.73,-0.32,-0.57,0.21,-0.18,-0.45,-0.67
"3843","Des Walker",1990,"England",-0.42,-0.65,-0.65,-0.76,0.04,-0.68,-0.33,-0.46,0.48,0.72,3.59,-0.22,0.77,0.36,-0.08,-0.91
"3844","Gary Lineker",1990,"England",3.05,3.98,0.47,2.14,-0.27,-0.8,-0.33,-0.22,-0.64,-0.97,-0.66,-0.57,0.03,0.09,0.9,1.25
"3845","Gary Stevens",1990,"England",-0.42,-0.65,-0.65,-0.76,-0.7,-0.32,-0.68,-0.54,-0.67,-0.67,-0.49,-0.22,-0.53,-1,-1.07,-0.79
"3846","John Barnes",1990,"England",-0.42,-0.37,-0.37,-0.33,-0.6,-0.68,0.56,-0.38,-0.67,-0.97,-0.32,-0.57,0.21,-0.18,0.78,-0.02
"3847","Mark Wright",1990,"England",0.45,0.09,-0.65,0.72,0.67,-0.03,0.03,1.9,0.18,0.01,1.81,1.01,3.54,0.09,-0.95,-0.66
"3848","Paul Gascoigne",1990,"England",-0.42,0,2.71,0.42,0.35,0.21,4.66,1.49,-0.08,0.1,-0.15,0.49,-0.16,0.36,2.26,3.12
"3849","Paul Parker",1990,"England",-0.42,-0.51,0.75,-0.14,0.44,0.54,-0.33,-0.38,0.38,0.01,1.18,-0.33,0.58,0.5,-0.08,0.32
"3850","Peter Beardsley",1990,"England",-0.42,-0.51,-0.37,-0.33,-0.8,-0.84,0.21,-0.54,0,-0.76,-0.66,-0.57,-0.34,-0.32,-0.95,-0.67
"3851","Peter Shilton",1990,"England",-0.42,-0.65,-0.65,-0.76,0.54,2.31,-0.68,-0.87,-0.93,-0.97,-0.66,-0.57,-0.71,-1.13,-0.82,-0.91
"3852","Steve Bull",1990,"England",-0.42,0.06,-0.65,0.23,-1.3,-1.13,-0.68,-0.95,-0.93,-0.97,-0.72,-0.57,-0.16,-0.59,-0.7,-0.91
"3853","Steve McMahon",1990,"England",-0.42,-0.53,-0.65,-0.51,-0.69,-0.73,-0.68,-0.87,-0.35,-0.25,-0.38,-0.57,-0.53,-0.86,-0.7,-0.69
"3854","Stuart Pearce",1990,"England",-0.42,0.09,0.75,-0.08,0.68,1.64,-0.15,0.11,1.22,0.31,1.69,0.22,0.4,0.22,0.16,0.43
"3855","Terry Butcher",1990,"England",-0.42,-0.51,-0.65,-0.08,0.09,0.13,-0.68,-0.38,-0.36,-0.02,1.52,0.22,1.14,-1,-0.82,-0.66
"3856","Tony Dorigo",1990,"England",-0.42,-0.65,0.19,-0.76,-1.09,-0.58,-0.51,-0.38,-0.93,-0.88,-0.6,-0.57,-0.71,-1.13,-0.95,-0.61
"3857","Trevor Steven",1990,"England",-0.42,-0.62,-0.37,-0.51,-0.91,-0.75,-0.15,-0.38,-0.65,-0.7,-0.6,-0.27,-0.71,-1.13,-0.7,-0.61
"3858","Aldo Serena",1990,"Italy",0.53,-0.24,-0.65,0.05,-1.22,-1.15,-0.68,-0.95,-0.79,-0.97,-0.59,-0.57,-0.31,-0.23,0.28,-0.83
"3859","Andrea Carnevale",1990,"Italy",-0.42,0.05,-0.65,0.45,-1.22,-1.1,-0.68,-0.95,-0.93,-0.97,-0.72,-0.57,-0.11,-0.82,-0.53,-0.6
"3860","Carlo Ancelotti",1990,"Italy",-0.42,-0.46,-0.65,-0.76,-0.66,-0.63,-0.49,-0.77,-0.73,-0.47,-0.66,-0.57,-0.51,-0.68,-0.67,-0.7
"3861","Ciro Ferrara",1990,"Italy",-0.42,-0.57,-0.65,-0.76,-1.22,-0.97,-0.68,-0.86,-0.75,-0.15,-0.28,-0.57,-0.11,-1.12,-0.93,-0.86
"3862","Fernando De Napoli",1990,"Italy",-0.42,-0.57,0.57,-0.49,0.84,0.56,0.09,-0.33,2.56,0.18,-0.28,-0.06,-0.71,0.21,0.68,-0.01
"3863","Franco Baresi",1990,"Italy",-0.42,-0.56,-0.65,-0.56,2.05,1.55,-0.49,1.36,1.33,0.29,0.97,8.93,-0.71,-0.97,-0.13,0.15
"3864","Gianluca Vialli",1990,"Italy",-0.42,1.38,0.57,0.12,-0.8,-0.95,-0.49,-0.24,-0.93,-0.66,-0.66,-0.57,-0.11,-0.23,0.28,0.39
"3865","Giuseppe Bergomi",1990,"Italy",-0.42,-0.48,-0.34,-0.22,1.22,0.69,-0.68,0.38,1.36,1.16,0.78,-0.57,-0.11,0.21,-0.4,-0.79
"3866","Giuseppe Giannini",1990,"Italy",0.53,0.31,0.27,-0.02,2.11,0.77,1.06,0.11,-0.34,-0.18,-0.66,-0.06,-0.31,-0.08,0.41,1.39
"3867","Luigi De Agostini",1990,"Italy",-0.42,0.38,0.88,-0.29,0.29,-0.01,-0.49,0.56,1.21,0.9,-0.28,-0.57,-0.11,-0.38,-0.26,0.46
"3868","Nicola Berti",1990,"Italy",-0.42,-0.44,-0.34,-0.15,-0.46,-0.89,0.09,-0.51,0.91,0.03,-0.41,-0.57,-0.31,-0.53,-0.13,-0.57
"3869","Paolo Maldini",1990,"Italy",-0.42,-0.2,0.27,0.52,1.03,0.51,0.29,1.09,1.96,2.53,1.22,0.15,1.91,0.66,1.22,-0.11
"3870","Pietro Vierchowod",1990,"Italy",-0.42,-0.54,-0.65,-0.56,-1.03,-1,-0.68,-0.68,-0.75,0.16,-0.22,0.86,-0.51,-0.97,-0.8,-0.77
"3871","Riccardo Ferri",1990,"Italy",-0.42,-0.03,-0.65,-0.35,0.3,-0.22,-0.68,-0.77,0.62,1.72,0.85,-0.57,0.7,0.06,0.54,-0.58
"3872","Roberto Baggio",1990,"Italy",1.48,0.97,0.88,0.79,-0.34,-0.45,1.06,0.56,-0.07,-0.31,-0.59,-0.57,-0.51,-0.38,1.62,1.58
"3873","Roberto Donadoni",1990,"Italy",-0.42,-0.2,2.1,-0.02,0.59,0.75,3.01,2.95,-0.93,0.33,-0.59,-0.57,0.09,0.06,2.16,1.93
"3874","Salvatore Schillaci",1990,"Italy",5.26,3.33,-0.34,1.6,-0.48,-1,0.87,0.03,-0.57,-0.97,-0.72,0.1,0.3,0.36,2.02,0.36
"3875","Walter Zenga",1990,"Italy",-0.42,-0.65,-0.65,-0.76,0.31,1.87,-0.68,-0.95,-0.93,-0.97,-0.72,-0.57,-0.71,-1.27,-0.67,-0.91
"3876","Adri van Tiggelen",1990,"Netherlands",-0.42,-0.62,-0.65,-0.63,1.1,0.95,-0.33,0.68,1.67,1.39,1.92,1.21,2.98,1.17,-0.58,-0.31
"3877","Aron Winter",1990,"Netherlands",-0.42,-0.13,-0.65,-0.14,-1.19,-0.96,-0.33,-0.62,-0.68,-0.29,-0.72,2.11,-0.71,-0.73,-1.07,-0.91
"3878","Berry Van Aerle",1990,"Netherlands",-0.42,-0.65,0.47,-0.76,1.46,1.37,-0.33,0.19,1.54,0.05,0.54,0.73,0.4,0.09,0.66,0.46
"3879","Erwin Koeman",1990,"Netherlands",-0.42,-0.65,1.59,-0.76,-1.21,-0.73,-0.68,-0.95,-0.21,-0.97,-0.72,-0.57,-0.71,-1,-0.58,0.49
"3880","Frank Rijkaard",1990,"Netherlands",-0.42,0.04,-0.65,0.97,1.46,0.99,0.74,0.84,0.9,0.03,1.35,-0.57,2.98,1.45,-0.58,0.11
"3881","Gerald Vanenburg",1990,"Netherlands",-0.42,-0.65,-0.09,-0.76,-1.19,-1.06,-0.68,-0.95,-0.93,-0.97,-0.72,-0.57,-0.71,-1.27,-1.07,-0.47
"3882","Graeme Wayne Rutjes",1990,"Netherlands",-0.42,-0.65,-0.65,-0.76,-0.88,-0.77,-0.68,-0.95,-0.57,-0.64,0.43,-0.57,0.4,-0.73,-1.07,-0.69
"3883","Hans Gillhaus",1990,"Netherlands",-0.42,-0.06,-0.09,-0.02,-1.04,-1.01,-0.68,-0.3,-0.56,-0.97,-0.72,-0.57,-0.71,-0.18,-0.58,-0.59
"3884","Hans Van Breukelen",1990,"Netherlands",-0.42,-0.65,-0.65,-0.76,0.93,3.19,-0.68,-0.95,-0.93,-0.97,-0.72,-0.57,-0.71,-1.27,-0.33,-0.72
"3885","Hendrikus Fräser",1990,"Netherlands",-0.42,-0.65,-0.65,-0.76,-1.37,-1.06,-0.68,-0.95,-0.93,-0.97,-0.15,-0.57,0.03,-1,-1.07,-0.91
"3886","Jan Wouters",1990,"Netherlands",-0.42,0.21,-0.65,0.11,0.53,-0.34,0.74,-0.62,-0.32,-0.04,0.08,-0.57,0.77,1.45,0.66,0.37
"3887","John Van't Schip",1990,"Netherlands",-0.42,-0.58,2.15,-0.51,-0.44,0.37,0.03,0.35,-0.93,-0.63,-0.72,-0.57,0.03,0.63,-0.58,1.65
"3888","Marco van Basten",1990,"Netherlands",-0.42,0.83,1.03,2.82,0.09,-0.49,1.45,0.35,-0.19,0.07,-0.6,-0.57,-0.71,0.09,1.15,1.93
"3889","Richard Witschge",1990,"Netherlands",-0.42,-0.62,2.15,-0.76,0.33,0.85,0.74,1,1.54,0.76,-0.26,-0.57,0.03,-0.45,0.41,0.56
"3890","Ronald Koeman",1990,"Netherlands",1.32,2.66,-0.09,-0.76,2.82,1.66,0.03,2.3,1.51,1.19,0.89,1.72,-0.34,0.09,-0.58,-0.05
"3891","Ruud Gullit",1990,"Netherlands",1.32,2.45,0.47,3.93,0.42,-0.25,2.52,0.84,0.28,-0.26,-0.26,0.83,1.14,0.09,1.15,1.58
"3892","Wim Kieft",1990,"Netherlands",1.32,0.21,-0.09,1.84,-0.57,-0.82,-0.33,-0.3,-0.21,-0.64,-0.72,-0.57,1.51,0.36,-0.58,0.81
"3893","Alan McLoughlin",1990,"Rep of Ireland",-0.42,-0.65,-0.65,-0.76,-1.4,-1.15,-0.68,-0.95,-0.93,-0.97,-0.72,-0.57,-0.71,-1.07,-1.07,-0.89
"3894","Andy Townsend",1990,"Rep of Ireland",-0.42,-0.26,-0.65,-0.02,-0.21,-0.55,-0.68,0.03,0.81,0.31,-0.03,0.19,0.12,-0.05,0.23,0.09
"3895","Chris Morris",1990,"Rep of Ireland",-0.42,-0.65,2.29,-0.39,0.64,1.21,-0.68,0.64,-0.22,0.32,0.14,-0.2,0.4,1.17,-0.14,0.93
"3896","David O'Leary",1990,"Rep of Ireland",-0.42,-0.65,-0.65,-0.76,-1.39,-1.01,-0.68,-0.83,-0.78,-0.9,-0.72,-0.57,-0.71,-1.27,-0.88,-0.84
"3897","John Aldridge",1990,"Rep of Ireland",-0.42,-0.24,-0.65,0.82,-0.74,-0.94,-0.68,-0.95,-0.74,-0.87,-0.72,-0.57,0.12,0.16,0.04,0.12
"3898","Kevin Moran",1990,"Rep of Ireland",-0.42,-0.65,-0.65,-0.67,0.29,-0.3,-0.68,-0.71,0.03,-0.29,2.47,0.39,1.23,0.77,0.59,-0.05
"3899","Kevin Sheedy",1990,"Rep of Ireland",0.88,0.98,2.71,1.37,-0.19,-0.12,0.38,-0.34,0.13,0.72,-0.46,-0.57,-0.16,0.36,0.04,1.68
"3900","Mick McCarthy",1990,"Rep of Ireland",-0.42,-0.55,-0.65,-0.29,0.33,0.92,-0.42,-0.46,-0.18,0.01,2.04,-0.31,5.66,3.01,-0.33,0.89
"3901","Niall Quinn",1990,"Rep of Ireland",0.88,0.87,-0.23,2.11,-0.81,-0.87,-0.68,-0.83,-0.86,-0.81,-0.46,-0.31,1.78,1.17,0.04,0.72
"3902","Pat Bonner",1990,"Rep of Ireland",-0.42,-0.65,-0.65,-0.76,0.62,1.82,-0.68,-0.83,-0.93,-0.97,-0.63,-0.57,-0.71,-1.27,-0.33,-0.87
"3903","Paul McGrath",1990,"Rep of Ireland",-0.42,0.33,-0.23,1.46,-0.06,-0.47,-0.42,-0.58,0.99,1.12,0.83,0.67,1.23,1.79,0.04,0.57
"3904","Ray Houghton",1990,"Rep of Ireland",-0.42,-0.24,2.29,0.63,0.67,0.89,0.65,1.25,0.13,-0.51,-0.55,-0.57,-0.43,-0.05,0.04,1.58
"3905","Ronnie Whelan",1990,"Rep of Ireland",-0.42,-0.57,-0.65,-0.76,-1.44,-1.15,-0.68,-0.95,-0.93,-0.97,-0.72,-0.57,-0.71,-1.07,-1.07,-0.91
"3906","Stephen Staunton",1990,"Rep of Ireland",-0.42,-0.21,0.19,-0.29,0.56,1.17,-0.42,-0.58,0.5,0.56,0.92,-0.2,0.12,-0.05,-0.33,0.19
"3907","Tony Cascarino",1990,"Rep of Ireland",-0.42,0.28,-0.23,4.34,-0.7,-0.9,-0.68,-0.95,-0.66,-0.67,-0.63,-0.31,3.17,0.77,0.41,1.56
"3908","Daniel Timofte",1990,"Romania",-0.42,-0.27,0.38,0.5,-0.59,-0.45,0.63,0.25,2.02,-0.45,-0.61,-0.57,-0.71,-0.52,-0.39,0.15
"3909","Danut Lupu",1990,"Romania",-0.42,-0.65,-0.13,-0.76,-0.89,-1.02,-0.35,0.1,-0.59,-0.61,-0.51,-0.57,-0.71,-0.52,-0.61,-0.53
"3910","Florin Raducioiu",1990,"Romania",-0.42,0.15,-0.65,0.27,-1.04,-1.02,1.62,-0.05,-0.58,0.01,-0.72,0.85,-0.71,-1.02,0.75,-0.56
"3911","Gavril Balint",1990,"Romania",2.79,1.35,-0.13,0.84,-0.79,-0.85,-0.35,-0.65,-0.24,-0.97,-0.61,0.68,-0.03,-0.52,-0.61,-0.15
"3912","Gheorghe Hagi",1990,"Romania",-0.42,1.1,1.42,-0.53,0.31,-0.14,4.9,3.4,1.2,0.01,-0.72,-0.57,-0.37,0.23,2.57,0.98
"3913","Gheorghe Popescu",1990,"Romania",-0.42,-0.36,-0.65,-0.53,3.5,1.27,1.95,3.25,1.42,2.15,2.67,1.47,0.31,-0.02,0.98,-0.74
"3914","Ilie Dumitrescu",1990,"Romania",-0.42,-0.65,-0.13,-0.42,-1.23,-0.98,-0.68,-0.35,-0.93,-0.64,-0.72,-0.57,-0.71,-1.27,-0.61,-0.38
"3915","Ioan Andone",1990,"Romania",-0.42,-0.01,-0.65,0.5,2.62,1.22,-0.35,0.55,2.76,1.22,2.25,0.71,2.7,-0.02,-0.16,-0.59
"3916","Ioan Lupescu",1990,"Romania",-0.42,-0.65,-0.13,-0.76,1.03,-0.58,-0.03,0.7,0.04,1.55,-0.19,0.45,-0.71,0.74,-0.16,-0.53
"3917","Ioan Sabau",1990,"Romania",-0.42,0.34,-0.13,0.72,0.9,0.34,2.6,2.35,1.35,2.77,-0.72,0.85,-0.37,1.24,0.75,-0.5
"3918","Iosif Rotariu",1990,"Romania",-0.42,-0.05,0.38,-0.76,2.35,0.83,1.29,1.45,1.76,4.29,-0.08,-0.57,-0.71,0.74,-0.16,-0.23
"3919","Marius Mihai Lacatus",1990,"Romania",2.79,3.55,0.9,1.75,-0.59,-0.63,-0.03,0.4,-0.58,-0.97,-0.72,-0.57,-0.71,0.99,2.34,1.71
"3920","Michael Klein",1990,"Romania",-0.42,-0.52,1.42,-0.07,2.18,2.24,-0.35,2.8,1.84,0.84,1.29,0.68,-0.71,1.74,-0.39,0.62
"3921","Mircea Rednic",1990,"Romania",-0.42,-0.55,-0.65,-0.64,1.73,1.66,-0.68,0.25,0.46,0.84,-0.19,0.68,-0.71,-0.77,-0.61,-0.59
"3922","Silviu Lung Jr.",1990,"Romania",-0.42,-0.65,-0.65,-0.76,0.41,1.4,-0.68,-0.95,-0.93,-0.97,-0.51,-0.57,-0.37,-1.27,-0.61,-0.91
"3923","Alan McInally",1990,"Scotland",-0.42,-0.37,0.1,2.37,-1.12,-1.03,0.27,-0.52,-0.1,-0.58,-0.72,-0.57,0.27,-0.91,-0.41,0.32
"3924","Alex McLeish",1990,"Scotland",-0.42,-0.24,-0.65,0.56,0.76,-0.01,-0.68,-0.3,-0.55,-0.79,2.34,0.12,0.77,-0.18,-0.08,0.15
"3925","Ally McCoist",1990,"Scotland",-0.42,0.13,-0.65,0.56,-0.99,-1.15,-0.68,-0.95,-0.74,-0.97,-0.72,0.12,-0.71,-1.27,-0.41,-0.7
"3926","Craig Levein",1990,"Scotland",-0.42,-0.65,-0.65,-0.76,-1.31,-1.03,-0.68,-0.95,-0.76,-0.65,1.12,0.06,0.27,0.54,-1.07,-0.91
"3927","David McPherson",1990,"Scotland",-0.42,-0.33,-0.65,2.54,0.76,0.31,-0.68,1,-0.13,0.51,4.64,1.63,3.23,2.35,-0.41,0.75
"3928","Gary Gillespie",1990,"Scotland",-0.42,-0.65,-0.65,-0.59,-0.95,-0.96,-0.68,-0.73,-0.93,-0.97,-0.26,0.12,-0.71,-1.27,-1.07,-0.91
"3929","Gordon Durie",1990,"Scotland",-0.42,-0.65,-0.65,-0.76,-1.24,-0.9,-0.68,-0.3,-0.93,-0.97,-0.72,-0.57,-0.71,-0.18,-0.08,-0.49
"3930","James Bett",1990,"Scotland",-0.42,-0.14,0.84,-0.59,-0.85,-0.65,-0.68,-0.08,-0.51,-0.97,-0.57,-0.57,-0.71,-0.91,-1.07,-0.36
"3931","Jim Leighton",1990,"Scotland",-0.42,-0.65,-0.65,-0.76,0.79,1.65,-0.68,-0.95,-0.93,-0.97,-0.57,-0.57,-0.71,-1.27,-0.41,-0.91
"3932","Maurice Malpas",1990,"Scotland",-0.42,-0.65,0.84,-0.43,1.2,1.58,1.21,1.22,0.06,-0.46,1.27,-0.57,0.27,-0.18,0.57,0.28
"3933","Mo Johnston",1990,"Scotland",1.9,6.65,0.1,3.19,-0.04,-0.9,-0.68,-0.52,-0.93,-0.62,-0.72,0.12,2.24,1.63,0.57,0.32
"3934","Murdo MacLeod",1990,"Scotland",-0.42,-0.28,0.1,-0.76,-0.95,-0.84,-0.68,-0.73,-0.76,-0.97,-0.26,0.75,0.27,-0.55,-0.74,0.07
"3935","Paul McStay",1990,"Scotland",-0.42,0.04,1.59,-0.43,0.32,0.05,0.27,0.35,0.7,0.73,-0.72,-0.57,0.77,-0.18,-0.41,1.26
"3936","Richard Gough",1990,"Scotland",-0.42,-0.24,-0.65,0.23,-0.85,-0.65,-0.68,-0.95,-0.1,-0.2,-0.57,-0.57,0.27,-1.27,-1.07,-0.36
"3937","Robert Fleck",1990,"Scotland",-0.42,0.27,-0.65,0.07,-1.17,-0.96,-0.68,-0.73,-0.58,-0.97,-0.72,-0.57,-0.71,-0.55,-0.74,-0.1
"3938","Roy Aitken",1990,"Scotland",-0.42,0.27,0.84,0.07,0.25,-0.01,-0.21,0.35,-0.13,0.08,-0.11,0.12,0.77,0.18,0.57,0.96
"3939","Stewart McKimmie",1990,"Scotland",-0.42,-0.65,1.59,-0.43,-0.24,0.12,-0.68,-0.52,-0.74,0.15,-0.11,-0.57,0.27,-0.91,-0.41,0.28
"3940","Stuart McCall",1990,"Scotland",1.9,0.31,3.08,1.22,0.3,0.44,0.74,-0.08,0.7,-0.08,-0.11,-0.57,-0.22,0.18,-0.74,2.5
"3941","Byung Ho Byun",1990,"South Korea",-0.42,0.13,0.1,-0.1,-1.17,-1.09,0.27,-0.95,-0.93,-0.97,-0.72,-0.57,-0.71,0.54,-0.41,-0.62
"3942","Chung Yong-Hwan",1990,"South Korea",-0.42,-0.65,-0.65,-0.76,-0.8,-0.71,-0.68,-0.95,-0.53,0.13,0.97,-0.57,0.27,-1.27,-1.07,-0.91
"3943","Deuk Yo Yoon",1990,"South Korea",-0.42,-0.65,-0.65,-0.76,-0.19,-0.2,-0.21,-0.95,0.15,0.64,-0.41,0.91,-0.22,2.35,0.57,-0.91
"3944","Hae Won Chung",1990,"South Korea",-0.42,-0.65,-0.65,-0.76,-1.09,-1.03,-0.68,-0.73,-0.93,-0.72,-0.41,-0.57,-0.22,-0.91,-1.07,-0.91
"3945","Hang Kee Choi",1990,"South Korea",-0.42,-0.56,0.84,-0.76,0.62,0.37,-0.68,-0.52,0.55,1.19,0.05,2.39,-0.71,1.63,-0.41,0.02
"3946","Heung Sil Lee",1990,"South Korea",-0.42,-0.65,0.1,-0.76,-0.63,-0.58,-0.68,-0.3,0.29,-0.59,-0.57,-0.57,-0.71,-0.91,-0.08,0.24
"3947","In Young Choi",1990,"South Korea",-0.42,-0.65,-0.65,-0.76,0.32,2.54,-0.68,-0.95,-0.93,-0.97,-0.57,-0.57,-0.71,-0.91,-0.74,-0.79
"3948","Jong Soon Chung",1990,"South Korea",-0.42,-0.65,-0.65,-0.76,-0.78,-0.39,-0.21,-0.95,-0.12,-0.35,-0.11,-0.57,0.27,1.26,-0.74,-0.83
"3949","Joo-Sung Kim",1990,"South Korea",-0.42,-0.19,-0.65,0.56,0.3,-0.33,0.74,0.79,2.1,0.46,-0.26,-0.57,-0.22,4.52,1.23,0.54
"3950","Kwan Hwangbo",1990,"South Korea",1.9,-0.37,0.1,-0.1,-0.48,-0.45,0.27,0.79,-0.66,0.03,-0.57,0.91,-0.71,1.99,-0.08,-0.57
"3951","Kyung-Hoon Park",1990,"South Korea",-0.42,-0.65,0.1,-0.59,0.25,0.05,-0.68,-0.3,-0.52,1.08,2.34,2.61,0.27,0.9,0.57,-0.83
"3952","Min-Kook Cho",1990,"South Korea",-0.42,-0.6,-0.65,-0.76,-1.09,-0.96,-0.68,-0.73,-0.53,-0.42,-0.57,-0.57,-0.71,-1.27,-0.74,-0.91
"3953","Myung-Bo Hong",1990,"South Korea",-0.42,-0.65,-0.65,-0.76,0.86,0.56,-0.68,0.13,0.35,1.2,3.57,3.33,0.27,-0.18,-0.08,-0.19
"3954","Sang Bum Gu",1990,"South Korea",-0.42,-0.6,0.1,-0.43,-0.19,0.18,0.27,-0.73,-0.19,2.29,-0.57,1.13,-0.22,0.9,1.23,0.75
"3955","Soo-Jin Noh",1990,"South Korea",-0.42,-0.24,-0.65,-0.76,-0.8,-0.33,-0.68,-0.95,-0.46,-0.54,-0.57,0.16,-0.71,-1.27,-0.74,-0.4
"3956","Soon-Ho Choi",1990,"South Korea",-0.42,0.04,0.1,1.55,0.25,-0.26,0.74,0.13,0.35,-0.23,0.51,0.91,2.24,0.9,-0.08,0.58
"3957","Sun Hong Hwang",1990,"South Korea",-0.42,0.5,-0.65,0.89,-1.04,-1.09,-0.21,-0.52,-0.73,-0.78,-0.26,-0.57,0.77,1.26,-0.74,-0.7
"3958","Young Jin Lee",1990,"South Korea",-0.42,-0.65,-0.65,-0.76,-1.07,-0.84,-0.68,-0.95,-0.73,-0.97,-0.57,-0.57,-0.71,-0.91,-0.74,-0.79
"3959","Alberto Górriz",1990,"Spain",1.18,-0.11,-0.65,0.72,0.17,-0.1,-0.68,-0.35,-0.63,-0.09,0.45,3.26,1.68,0.49,0.07,-0.56
"3960","Andoni Zubizarreta",1990,"Spain",-0.42,-0.65,-0.65,-0.76,0.65,2.55,-0.68,-0.8,-0.93,-0.97,-0.51,-0.57,-0.71,-1.27,-0.84,-0.91
"3961","Andrinua",1990,"Spain",-0.42,-0.4,-0.65,-0.42,0.36,0.3,-0.03,-0.2,1.14,1.14,1.29,1.92,-0.03,-0.02,-0.39,-0.91
"3962","Chendo",1990,"Spain",-0.42,-0.65,0.9,-0.64,0.59,1.05,-0.35,-0.5,-0.4,1.8,1.08,-0.57,0.31,0.49,-0.39,0.18
"3963","Emilio Butragueno",1990,"Spain",-0.42,0.72,0.38,2.78,-0.66,-0.67,0.3,-0.05,-0.77,-0.26,-0.72,-0.57,-0.71,-0.77,1.21,1.3
"3964","Julio Salinas",1990,"Spain",1.18,0.94,0.38,2.43,-0.4,-0.93,0.63,-0.05,-0.77,-0.68,-0.61,-0.57,-0.03,0.23,0.98,0.71
"3965","Manolo",1990,"Spain",-0.42,-0.65,-0.65,-0.53,-1.28,-1.07,-0.35,-0.95,-0.69,-0.97,-0.72,-0.57,-0.71,-1.27,-1.07,-0.91
"3966","Manolo Jiménez",1990,"Spain",-0.42,-0.65,-0.65,-0.64,-0.44,-0.1,-0.68,-0.8,0.05,0.15,0.34,-0.57,-0.71,-0.02,-1.07,-0.86
"3967","Manuel Sanchis",1990,"Spain",-0.42,-0.46,-0.65,-0.42,1,0.65,1.29,0.85,1.1,0.94,0.76,0.35,-0.37,0.74,0.3,-0.91
"3968","Michel",1990,"Spain",5.99,3.07,5.55,0.84,1,1.27,-0.03,0.25,-0.05,-0.18,-0.08,0.28,-0.03,1.49,1.21,4.82
"3969","Rafael Martin-Vasquez",1990,"Spain",-0.42,0.69,2.45,0.84,1.17,1.44,4.9,3.1,0.5,0.1,-0.61,-0.57,0.31,0.99,2.57,1.71
"3970","Rafael Paz",1990,"Spain",-0.42,-0.49,-0.65,-0.53,-1.38,-1.07,-0.68,-0.95,-0.93,-0.73,-0.72,-0.57,-0.71,-1.27,-0.61,-0.91
"3971","Roberto",1990,"Spain",-0.42,1,-0.65,2.55,0.43,-0.19,-0.03,0.85,0.76,0.44,0.55,2.07,0.31,1.24,0.3,0.56
"3972","Villaroya",1990,"Spain",-0.42,-0.24,1.42,-0.19,0.36,0.65,2.6,1.3,1.75,0.44,0.02,-0.57,-0.71,1.74,0.07,0.77
"3973","Anders Limpar",1990,"Sweden",-0.42,-0.1,1.59,-0.26,-0.36,-0.01,-0.21,-0.3,-0.14,-0.72,-0.72,-0.57,-0.22,0.18,0.57,1.52
"3974","Glenn Hysén",1990,"Sweden",-0.42,0.18,-0.65,0.89,0.76,0.37,-0.68,0.57,-0.41,-0.49,1.58,-0.57,4.71,0.54,-0.08,-0.74
"3975","Glenn Strömberg",1990,"Sweden",1.9,-0.01,-0.65,0.07,0.15,0.25,-0.68,-0.52,-0.44,-0.07,-0.57,-0.57,0.77,0.18,0.25,0.62
"3976","Joakim Nilsson",1990,"Sweden",-0.42,-0.37,3.83,0.39,0.64,1.2,0.27,0.79,1.83,1.38,-0.41,1.32,-0.22,0.18,2.55,2.29
"3977","Johnny Ekström",1990,"Sweden",1.9,0.59,-0.65,1.55,-1.04,-1.15,-0.68,-0.95,-0.93,-0.97,-0.72,-0.57,-0.22,-0.91,-0.74,-0.53
"3978","Jonas Thern",1990,"Sweden",-0.42,-0.1,-0.65,-0.59,0.86,0.69,0.74,-0.3,0.39,0.96,-0.72,-0.57,-0.22,1.26,0.25,-0.4
"3979","Klas Ingesson",1990,"Sweden",-0.42,-0.14,0.1,3.36,0.22,-0.39,-0.21,-0.73,-0.14,-0.07,-0.26,-0.57,-0.22,0.9,-1.07,0.37
"3980","Mats Gren",1990,"Sweden",-0.42,-0.47,-0.65,-0.59,-1.14,-1.09,-0.21,-0.73,-0.44,-0.97,-0.41,-0.57,0.27,-0.91,-1.07,-0.74
"3981","Mats Ture Magnusson",1990,"Sweden",-0.42,-0.65,-0.65,-0.76,-1.31,-1.09,-0.68,-0.95,-0.93,-0.97,-0.72,0.4,-0.22,-1.27,-0.74,-0.79
"3982","Peter Larsson",1990,"Sweden",-0.42,-0.28,0.1,-0.76,1.88,0.69,-0.21,-0.08,1.03,2.68,0.66,-0.57,2.24,-0.55,-0.74,0.02
"3983","Roger Ljung",1990,"Sweden",-0.42,-0.65,-0.65,-0.76,-0.6,-0.58,-0.68,-0.52,-0.4,-0.48,0.05,0.4,0.77,-0.91,-0.74,-0.7
"3984","Roland Nilsson",1990,"Sweden",-0.42,-0.65,0.1,-0.76,1.71,2.66,-0.21,-0.52,0.35,0.66,0.97,-0.57,1.26,0.9,0.57,0.54
"3985","Stefan Pettersson",1990,"Sweden",-0.42,0.04,0.1,-0.43,0.08,-0.07,-0.21,-0.73,-0.93,-0.07,-0.57,-0.57,-0.71,0.18,0.9,0.37
"3986","Stefan Schwarz",1990,"Sweden",-0.42,0.68,-0.65,-0.26,2.15,3.11,0.27,2.95,0.66,3.28,0.51,-0.57,1.75,0.9,0.9,0.41
"3987","Thomas Ravelli",1990,"Sweden",-0.42,-0.65,-0.65,-0.76,0.32,1.9,-0.68,-0.95,-0.93,-0.72,-0.26,-0.57,-0.71,-1.27,-0.74,-0.91
"3988","Tomas Brolin",1990,"Sweden",1.9,2.01,-0.65,1.71,-0.92,-1.09,1.69,-0.3,-0.93,-0.72,-0.72,0.4,-0.22,-0.55,1.89,0.28
"3989","Bruce Murray",1990,"USA",1.9,1,-0.65,2.04,-0.26,-0.84,-0.68,-0.08,-0.31,-0.64,-0.72,1.05,3.72,1.99,1.56,-0.87
"3990","Desmond Armstrong",1990,"USA",-0.42,-0.56,-0.65,-0.76,0.18,-0.2,-0.21,0.35,1.37,1.05,0.66,1.98,1.26,1.63,0.57,-0.57
"3991","Eric Wynalda",1990,"USA",-0.42,-0.37,-0.65,-0.43,-1.19,-0.9,0.27,-0.52,-0.93,-0.73,-0.41,0.36,-0.71,-0.91,0.57,-0.49
"3992","Jimmy Banks",1990,"USA",-0.42,-0.65,0.1,-0.76,-0.73,-0.52,-0.21,-0.52,0.14,-0.64,-0.57,-0.57,-0.71,0.54,-1.07,-0.44
"3993","John Doyle",1990,"USA",-0.42,-0.65,-0.65,-0.43,-0.24,-0.33,-0.68,-0.52,0.85,-0.07,1.27,1.05,0.27,0.18,-0.41,-0.06
"3994","John Harkes",1990,"USA",-0.42,0.18,-0.65,0.89,0.37,-0.33,1.69,0.35,0.84,0.46,-0.11,-0.57,0.27,0.18,2.22,0.2
"3995","John Stollmeyer",1990,"USA",-0.42,-0.65,-0.65,-0.76,-0.99,-0.9,-0.68,-0.95,-0.16,-0.97,-0.57,0.07,-0.71,-0.91,-1.07,-0.91
"3996","Marcelo Balboa",1990,"USA",-0.42,-0.28,-0.65,-0.59,-0.29,-0.07,-0.68,-0.73,-0.13,0.48,0.81,-0.57,-0.22,0.9,-1.07,-0.57
"3997","Michael Windischmann",1990,"USA",-0.42,-0.65,-0.65,-0.76,1.69,1.14,-0.21,-0.3,0.47,0.31,2.19,1,-0.71,0.54,-1.07,-0.4
"3998","Paul Caligiuri",1990,"USA",1.9,-0.1,2.33,-0.26,0.2,0.12,0.74,1,0.13,0.31,0.35,0.07,-0.71,0.54,-0.08,1.48
"3999","Peter Vermes",1990,"USA",-0.42,1.42,-0.65,1.05,-0.7,-0.96,0.74,-0.52,-0.75,-0.97,-0.57,-0.57,0.27,-0.18,3.2,-0.53
"4000","Steve Trittschuh",1990,"USA",-0.42,-0.65,-0.65,-0.76,-0.73,-0.58,-0.68,-0.95,-0.67,-0.5,0.2,2.22,0.77,0.9,-1.07,-0.91
"4001","Tab Ramos",1990,"USA",-0.42,0.91,1.59,0.89,0.4,-0.07,3.11,0.35,-0.5,-0.57,-0.72,-0.57,-0.22,-0.18,1.56,3.31
"4002","Tony Meola",1990,"USA",-0.42,-0.65,-0.65,-0.76,1.15,2.03,-0.68,-0.73,-0.93,-0.8,-0.72,-0.57,-0.71,-1.27,-0.74,-0.91
"4003","Aleksandr Uvarov",1990,"USSR",-0.42,-0.65,-0.65,-0.76,-0.48,0.63,-0.68,-0.95,-0.93,-0.97,-0.72,-0.57,-0.71,-1.27,-0.41,-0.91
"4004","Aleksandr Zavarov",1990,"USSR",1.9,1.23,0.1,1.05,-0.17,-0.26,3.11,0.35,-0.64,-0.35,-0.72,-0.57,-0.71,-0.55,1.56,2.58
"4005","Anatoli Demyanenko",1990,"USSR",-0.42,-0.42,-0.65,-0.43,-0.29,-0.58,-0.68,0.57,-0.46,0.32,-0.41,1.13,-0.71,0.54,-1.07,-0.91
"4006","Andrei Zygmantovich",1990,"USSR",1.9,0.27,0.1,-0.43,0.52,-0.65,-0.21,-0.08,2.07,0.94,-0.11,-0.57,0.27,1.26,1.23,-0.66
"4007","Gennadiy Lytovchenko",1990,"USSR",-0.42,0.41,0.1,-0.76,-0.29,-0.01,-0.68,-0.52,-0.08,-0.17,-0.72,-0.57,-0.71,-0.91,-0.74,0.66
"4008","Igor Dobrovolski",1990,"USSR",1.9,1.65,0.1,1.88,0.57,0.25,0.74,1,0.58,-0.62,-0.57,3.23,-0.71,0.18,2.22,1.69
"4009","Igor Shalimov",1990,"USSR",-0.42,0.64,0.1,0.23,-0.6,-0.58,-0.21,-0.3,-0.55,-0.97,-0.57,-0.57,-0.71,-0.55,-0.41,0.71
"4010","Ivan Yaremchuk",1990,"USSR",-0.42,-0.51,-0.65,-0.59,-1.12,-1.03,-0.68,-0.73,-0.46,-0.97,-0.72,-0.57,-0.71,-1.27,-0.74,-0.91
"4011","Oleg Kuznetzov",1990,"USSR",-0.42,0.91,0.1,0.23,2.42,1.07,-0.68,1.65,1.82,3.06,1.42,1.13,-0.71,0.9,-0.74,0.41
"4012","Oleg Protasov",1990,"USSR",1.9,1.51,0.84,2.7,-0.07,-1.03,-0.21,-0.08,-0.26,-0.62,-0.72,-0.57,0.77,0.54,2.88,1.39
"4013","Rinat Dasayev",1990,"USSR",-0.42,-0.65,-0.65,-0.76,-0.82,0.12,-0.68,-0.95,-0.93,-0.97,-0.72,-0.57,-0.71,-1.27,-0.74,-0.91
"4014","Sergej Gorlukowitsch",1990,"USSR",-0.42,-0.65,1.59,-0.76,1.74,2.22,0.74,1.87,2.46,2.14,0.51,-0.57,0.27,1.99,0.25,0.2
"4015","Sergey Aleinikov",1990,"USSR",-0.42,-0.1,0.1,0.23,2.47,1.14,0.27,1,4.34,2.61,-0.26,-0.57,-0.71,0.9,0.57,1.09
"4016","Vagiz Khidiyatullin",1990,"USSR",-0.42,-0.37,0.1,-0.76,2.13,1.77,-0.68,1,1.91,1.2,0.05,2.81,-0.71,1.99,-0.41,-0.7
"4017","Vassili Rats",1990,"USSR",-0.42,-0.65,-0.65,-0.76,-0.87,-0.77,-0.68,-0.73,0.8,-0.17,-0.11,-0.57,-0.71,-0.91,-0.41,-0.53
"4018","Vladimir Bessonov",1990,"USSR",-0.42,-0.19,-0.65,-0.43,-0.58,-0.9,0.27,-0.08,-0.26,-0.62,-0.57,-0.57,-0.71,-0.55,-0.41,-0.7
"4019","Abdullah Ali Sultan",1990,"United Arab Emirates",-0.42,-0.51,-0.65,-0.76,-0.92,-0.84,-0.21,-0.08,-0.93,-0.42,-0.57,-0.57,-0.71,-0.55,-0.74,-0.49
"4020","Abdulrahman Abdullah",1990,"United Arab Emirates",-0.42,-0.24,0.84,-0.59,0.71,0.37,-0.68,-0.52,-0.41,-0.11,0.81,-0.57,-0.71,-0.18,-0.74,0.71
"4021","Abdulrahman Al Haddad",1990,"United Arab Emirates",-0.42,-0.65,-0.65,-0.76,-0.7,-0.65,-0.68,-0.73,-0.93,-0.42,0.05,0.51,-0.71,0.18,-0.74,-0.91
"4022","Adnan Khamees Al Taliyani",1990,"United Arab Emirates",-0.42,1.46,-0.65,1.71,-0.63,-0.96,-0.21,0.35,-0.76,-0.61,-0.57,0.51,-0.71,1.63,0.57,-0.4
"4023","Ali Thani Juma",1990,"United Arab Emirates",1.9,0.36,-0.65,1.22,-0.34,-0.9,0.27,1,-0.76,-0.22,-0.57,1.12,-0.22,-0.91,2.55,0.24
"4024","Eissa Meer Abdulrahman",1990,"United Arab Emirates",-0.42,-0.56,-0.65,-0.76,0.81,1.65,-0.21,-0.52,0.35,0.25,0.97,0.04,0.27,0.9,0.9,0.07
"4025","Hussain Ghuloum Abbas",1990,"United Arab Emirates",-0.42,-0.56,0.1,-0.76,0.13,-0.01,-0.68,-0.52,0.05,0.3,-0.41,-0.57,-0.22,0.18,-0.41,-0.57
"4026","Hussain Mohamed Yousuf",1990,"United Arab Emirates",-0.42,-0.65,-0.65,-0.76,-0.6,-0.58,-0.68,-0.73,-0.54,-0.57,0.2,0.04,-0.71,0.54,-0.08,-0.49
"4027","Ibrahim Meer Abdulrahman",1990,"United Arab Emirates",-0.42,-0.56,0.84,-0.59,0.62,1.71,-0.21,0.57,-0.41,-0.49,1.42,-0.57,-0.22,0.18,0.57,1.26
"4028","Ismail Khalid Mubarak",1990,"United Arab Emirates",1.9,-0.42,0.1,-0.59,-0.95,-0.77,-0.68,-0.73,-0.58,-0.97,-0.57,-0.57,0.27,-0.18,-1.07,-0.53
"4029","Khaleel Ghanim Mubarak",1990,"United Arab Emirates",-0.42,0.22,-0.65,0.39,-0.14,-0.01,-0.21,-0.3,-0.46,1.03,0.35,-0.38,0.27,-0.18,-0.41,-0.83
"4030","Khamees Mubarak Fahad",1990,"United Arab Emirates",-0.42,0.41,-0.65,0.39,-1.07,-0.9,-0.68,-0.73,-0.93,-0.69,-0.72,-0.57,-0.71,-0.55,-0.41,-0.49
"4031","Mushin Musabeth Faraj",1990,"United Arab Emirates",-0.42,-0.65,-0.65,-0.76,1.18,1.77,-0.68,-0.95,-0.93,-0.97,-0.57,-0.57,-0.71,-1.27,-0.41,-0.91
"4032","Nasser Khamees Mubarak",1990,"United Arab Emirates",-0.42,-0.42,-0.65,0.07,0.35,-0.45,-0.21,-0.73,-0.76,0.29,-0.57,-0.38,0.27,-0.18,1.23,0.07
"4033","Zuhair Bakheet Bilal",1990,"United Arab Emirates",-0.42,-0.65,-0.65,-0.76,-1.29,-1.03,-0.68,-0.73,-0.93,-0.97,-0.57,-0.57,-0.22,-1.27,-0.74,-0.91
"4034","Alfonso Enrique Domínguez Maidana",1990,"Uruguay",-0.42,-0.55,-0.09,-0.51,0.64,1.42,0.03,-0.46,4.59,0.92,0.77,-0.57,-0.71,-0.18,0.9,-0.4
"4035","Antonio Alzamendi",1990,"Uruguay",-0.42,-0.34,0.47,-0.51,-1.08,-0.77,-0.68,-0.79,-0.8,-0.37,-0.72,-0.57,-0.71,-0.73,-0.58,0.27
"4036","Carlos Alberto Aguilera Nova",1990,"Uruguay",-0.42,0.25,-0.09,0.72,-0.53,-0.73,-0.68,-0.79,-0.66,-0.62,-0.72,-0.57,0.03,-1,-0.82,0.72
"4037","Daniel Fonseca",1990,"Uruguay",1.32,0,-0.09,-0.39,-1.17,-0.77,-0.33,-0.79,-0.59,-0.42,-0.72,-0.57,-0.71,-0.18,0.41,-0.18
"4038","Enzo Francescoli",1990,"Uruguay",-0.42,1.9,-0.09,1.59,0.31,0.18,0.74,1.33,-0.19,0.1,-0.6,-0.57,0.77,0.9,2.38,1.71
"4039","Fernando Alvez",1990,"Uruguay",-0.42,-0.65,-0.65,-0.76,-0.37,1.18,-0.68,-0.95,-0.93,-0.97,-0.6,-0.57,-0.71,-1.27,-0.33,-0.91
"4040","Hugo De León",1990,"Uruguay",-0.42,-0.65,0.47,-0.63,0.95,1.18,0.03,2.79,0.7,0.56,1.46,-0.57,0.4,-0.18,-0.08,0.46
"4041","Jose Battle Perdomo Texiera",1990,"Uruguay",-0.42,0.52,-0.65,-0.51,0.97,0.47,-0.33,0.35,0.22,0.7,-0.03,0.66,-0.34,3.62,1.4,-0.27
"4042","José Oscar Herrera Corominas",1990,"Uruguay",-0.42,0.56,0.47,0.6,0.31,0.52,-0.33,1.33,1.68,-0.18,0.2,-0.57,-0.34,0.9,0.16,0.37
"4043","José Pintos Saldanha",1990,"Uruguay",-0.42,-0.65,-0.65,-0.76,-1.15,-0.73,-0.68,-0.79,-0.43,-0.85,-0.26,-0.57,-0.71,-0.18,-0.58,-0.79
"4044","Nelson Gutierrez",1990,"Uruguay",-0.42,-0.62,-0.65,0.48,0.82,0.66,0.03,0.19,0.28,1.39,3.07,-0.57,4.46,-0.18,0.41,0.37
"4045","Pablo Javier Bengoechea Dutra",1990,"Uruguay",1.32,0.07,-0.09,0.11,-1.06,-0.68,-0.68,-0.62,-0.93,-0.97,-0.72,-0.57,-0.71,-1.27,-0.82,-0.34
"4046","Ruben Fabian Pereira Marquez",1990,"Uruguay",-0.42,-0.62,-0.09,-0.76,-0.79,-0.68,0.03,-0.46,-0.29,-0.02,-0.6,-0.12,-0.71,0.9,0.16,-0.56
"4047","Ruben Sosa Ardaiz",1990,"Uruguay",-0.42,2.48,3.27,-0.02,-0.31,-0.49,1.1,0.03,-0.55,-0.48,-0.72,-0.57,-0.71,-0.45,2.88,2.45
"4048","Ruben Walter Paz Marquez",1990,"Uruguay",-0.42,0.87,2.71,1.59,-0.04,-0.01,2.52,1.16,0.63,1.15,-0.72,0.39,-0.71,-0.18,0.9,1.65
"4049","Santiago Ostolaza",1990,"Uruguay",-0.42,-0.44,-0.65,-0.51,-0.4,-0.39,0.38,0.03,-0.25,-0.27,-0.6,-0.57,-0.71,0.36,0.16,-0.66
"4050","Sergio Martinez",1990,"Uruguay",-0.42,-0.51,-0.09,0.11,-1.24,-1.01,-0.68,-0.95,-0.93,-0.77,-0.72,-0.57,-0.71,-1,0.66,-0.53
"4051","Andreas Brehme",1990,"West Germany",2.42,1.83,3.93,-0.56,2.19,3.17,-0.3,1.18,2.7,1.78,0.03,0.38,-0.51,0.66,0.01,2.54
"4052","Bodo Illgner",1990,"West Germany",-0.42,-0.65,-0.65,-0.76,0.07,1.55,-0.68,-0.86,-0.67,-0.97,-0.66,-0.57,-0.71,-1.27,-1.07,-0.91
"4053","Guido Buchwald",1990,"West Germany",-0.42,0.16,-0.04,0.25,1.3,0.12,-0.68,0.11,4.21,3.12,1.1,0.19,1.71,1.4,0.28,-0.34
"4054","Hans Pflügler",1990,"West Germany",-0.42,-0.65,-0.65,-0.76,-1.03,-0.92,-0.68,-0.95,-0.13,-0.53,-0.66,-0.57,-0.11,-1.12,-0.8,-0.91
"4055","Jürgen Klinsmann",1990,"West Germany",2.42,2.73,0.27,3.08,-0.72,-0.89,1.84,0.38,-0.54,-0.47,-0.66,0.01,0.09,0.21,1.35,0.88
"4056","Jürgen Kohler",1990,"West Germany",-0.42,-0.57,-0.65,-0.56,-0.15,-0.43,-0.68,-0.59,0.67,1.45,1.29,0.88,0.3,-0.53,-0.4,-0.91
"4057","Karlheinz Riedle",1990,"West Germany",-0.42,0.06,-0.65,0.93,-1.08,-1.05,-0.1,-0.42,-0.67,-0.6,-0.59,0.2,0.09,-0.53,-0.8,-0.22
"4058","Klaus Augenthaler",1990,"West Germany",-0.42,-0.39,-0.34,-0.22,3.08,1.29,0.09,0.74,2.04,0.84,0.91,1.46,0.3,-0.68,0.54,-0.11
"4059","Lothar Matthäus",1990,"West Germany",3.37,2.3,2.1,0.12,2.45,0.98,1.65,1.45,3.76,1.72,-0.22,-0.57,-0.11,0.21,1.49,2.23
"4060","Olaf Thon",1990,"West Germany",-0.42,-0.16,-0.34,-0.42,-1.08,-0.92,-0.49,-0.77,-0.72,-0.39,-0.72,0.2,-0.71,-0.82,-0.8,-0.53
"4061","Pierre Littbarski",1990,"West Germany",0.53,0.78,3.32,0.32,0.04,0.25,2.03,1.09,0.44,0.65,-0.59,-0.57,-0.51,-0.82,0.54,2.65
"4062","Rudi Völler",1990,"West Germany",2.42,2.98,-0.34,2.48,-0.95,-0.97,0.48,-0.06,-0.7,-0.68,-0.66,-0.57,0.09,1.25,0.41,0.12
"4063","Stefan Reuter",1990,"West Germany",-0.42,-0.63,-0.04,-0.76,0.84,0.67,-0.1,0.38,0.63,0.32,-0.34,-0.57,-0.51,-0.53,0.54,0.01
"4064","Thomas Berthold",1990,"West Germany",-0.42,-0.39,-0.65,-0.29,1.26,0.8,-0.49,0.65,0.97,0.01,0.85,-0.57,1.51,0.66,-0.26,-0.48
"4065","Thomas Häßler",1990,"West Germany",-0.42,-0.09,-0.34,-0.02,0.87,-0.06,0.87,2.24,1.65,2,-0.66,-0.57,-0.71,-0.68,0.14,0.17
"4066","Uwe Bein",1990,"West Germany",0.53,-0.07,0.57,-0.29,-0.09,-0.27,-0.49,-0.24,0.2,0.12,-0.53,-0.57,-0.71,-0.82,-0.67,0.55
"4067","Darko Pancev",1990,"Yugoslavia",2.03,1.27,-0.65,1.94,-1.16,-1.05,-0.18,-0.72,-0.72,-0.97,-0.72,-0.57,-0.71,-0.69,-0.37,0.08
"4068","Davor Jozic",1990,"Yugoslavia",2.03,0.42,-0.65,0.72,0.7,0.56,-0.43,0.31,0.21,2.34,1.47,1.52,0.33,-0.31,-0.02,-0.6
"4069","Dejan Savicevic",1990,"Yugoslavia",-0.42,0.78,-0.25,0.9,-1.03,-0.99,1.08,0.43,-0.14,-0.65,-0.64,-0.57,-0.71,-0.5,0.67,-0.78
"4070","Dragan Stojkovic",1990,"Yugoslavia",2.03,0.32,4.48,0.38,1.09,1.2,4.84,3.99,0.31,-0.29,-0.56,-0.57,-0.71,0.46,3.63,5.18
"4071","Dragoljub Brnovic",1990,"Yugoslavia",-0.42,-0.58,1.33,-0.15,0.71,0.63,-0.43,1.23,-0.15,0.95,-0.07,-0.57,-0.45,1.22,-0.72,0.19
"4072","Faruk Hadzibegic",1990,"Yugoslavia",-0.42,1.2,0.14,-0.67,0.8,0.5,0.07,-0.03,0.71,0.53,1.55,3.06,-0.19,-0.5,-0.37,-0.6
"4073","Mirsad Baljic",1990,"Yugoslavia",-0.42,-0.65,-0.65,-0.58,-1.06,-0.65,-0.68,-0.49,-0.83,-0.97,-0.56,-0.57,-0.45,-0.5,-1.07,-0.89
"4074","Predrag Spasic",1990,"Yugoslavia",-0.42,-0.48,-0.65,-0.76,-0.13,-0.11,-0.43,-0.61,1.01,0.7,1.79,1.4,1.11,1.22,-0.2,-0.8
"4075","Refik Sabanadzovic",1990,"Yugoslavia",-0.42,-0.58,0.14,-0.58,-0.02,-0.35,-0.68,0.2,0.19,1.14,-0.31,0.69,-0.45,0.26,-0.02,-0.35
"4076","Robert Jarni",1990,"Yugoslavia",-0.42,-0.65,-0.25,-0.76,-1.28,-0.99,0.32,-0.38,-0.61,-0.97,-0.4,-0.57,-0.71,-0.89,-0.9,-0.71
"4077","Robert Prosinecki",1990,"Yugoslavia",0.81,-0.26,-0.25,-0.5,-0.54,-0.41,0.32,0.89,-0.75,-0.81,-0.64,-0.57,-0.71,-1.08,-0.2,-0.49
"4078","Safet Susic",1990,"Yugoslavia",0.81,1.42,0.93,0.72,1.19,0.73,1.33,2.26,-0.27,-0.5,-0.48,-0.57,-0.71,-0.89,0.5,2.09
"4079","Srecko Katanec",1990,"Yugoslavia",-0.42,-0.43,0.14,0.29,-0.57,-0.75,-0.43,-0.61,-0.44,-0.27,-0.07,0.99,0.59,0.26,-0.02,-0.37
"4080","Tomislav Ivkovic",1990,"Yugoslavia",-0.42,-0.65,-0.65,-0.76,0.79,2.58,-0.68,-0.83,-0.93,-0.88,-0.4,-0.57,-0.45,-1.27,-0.72,-0.78
"4081","Vujadin Stanojkovic",1990,"Yugoslavia",-0.42,-0.6,0.14,-0.76,-0.9,-0.28,-0.68,-0.83,-0.77,-0.34,-0.07,0.01,-0.45,-0.5,-0.02,-0.33
"4082","Zlatko Vujovic",1990,"Yugoslavia",-0.42,0.03,0.93,0.9,-0.55,-0.78,-0.18,0.31,-0.72,-0.82,-0.48,-0.57,0.85,-0.31,1.89,0.22
"4083","Zoran Vulic",1990,"Yugoslavia",-0.42,-0.53,-0.25,-0.5,-0.35,-0.08,-0.68,-0.38,-0.31,-0.28,0.33,-0.57,-0.71,-0.69,-0.2,-0.55
"4084","Abdallah Liegeon",1986,"Algeria",-0.39,-0.6,0.1,-0.81,1.12,0.33,-0.3,2.43,-0.46,-0.01,1.4,2.06,0.2,0.4,-0.62,-0.19
"4085","Djamel Menad",1986,"Algeria",-0.39,-0.64,-0.66,0.06,-0.38,-0.97,-0.74,0.3,-0.99,-0.67,-0.71,-0.56,0.2,-0.42,-0.96,0.05
"4086","Djamel Zidane",1986,"Algeria",1.62,0.15,0.1,0.23,-0.43,-0.77,0.57,0.49,0.07,-1,-0.71,-0.56,-0.7,-1.24,-0.28,0.36
"4087","Fawzi Mansouri",1986,"Algeria",-0.39,-0.6,0.1,-0.81,1.87,0.81,-0.3,-0.29,-0.58,0.92,1.4,-0.56,0.2,1.22,-0.28,-0.27
"4088","Fodil Megharia",1986,"Algeria",-0.39,-0.64,-0.66,-0.81,-0.65,-0.5,0.57,-0.09,1.17,1.18,1.92,1.46,0.2,0.4,-0.96,-0.87
"4089","Halim Benmabrouk",1986,"Algeria",-0.39,-0.64,-0.66,-0.81,0.71,-0.43,-0.74,-0.48,0.21,-0.01,-0.18,-0.56,0.2,0.4,-0.62,-0.55
"4090","Karim Maroc",1986,"Algeria",-0.39,-0.29,-0.66,-0.46,0.76,-0.63,-0.3,1.07,1.29,-0.6,-0.35,1.05,-0.7,-0.42,-0.28,-0.55
"4091","Lakdhar Belloumi",1986,"Algeria",-0.39,1.48,0.1,0.23,0.95,-0.02,0.57,1.46,-0.58,0.06,-0.71,-0.56,-0.7,0.4,-0.28,0.28
"4092","Larbi El Hadi",1986,"Algeria",-0.39,-0.64,-0.66,-0.81,-0.21,0.87,-0.74,-0.87,-0.99,-1,-0.53,-0.56,-0.7,-1.24,-0.96,-0.87
"4093","Mahmoud Guendouz",1986,"Algeria",-0.39,-0.64,-0.66,-0.64,0.74,0.19,-0.74,-0.48,1.63,0.65,3.15,3.91,2.9,-0.83,-0.28,-0.87
"4094","Mohammed Kaci-Said",1986,"Algeria",-0.39,-0.24,0.1,-0.46,1.68,0.12,1.45,3.01,2.99,0.97,0,2.65,0.2,-0.42,1.75,0.32
"4095","Nacerdine Drid",1986,"Algeria",-0.39,-0.64,-0.66,-0.81,-0.46,0.53,-0.74,-1.06,-0.99,-1,-0.53,-0.56,-0.7,-1.24,-0.28,-0.87
"4096","Nouredine Kourichi",1986,"Algeria",-0.39,0.02,-0.66,0.4,-0.32,-0.5,-0.74,-0.68,-0.18,0.72,1.57,-0.56,1.1,-0.42,-0.62,-0.87
"4097","Rabah Madjer",1986,"Algeria",-0.39,0.11,0.1,0.4,0.22,0.26,-0.3,2.43,-0.65,0.12,0,0.45,-0.7,-0.01,-0.28,-0.15
"4098","Rachid Harkouk",1986,"Algeria",-0.39,0.33,-0.66,0.06,-1.08,-1.18,-0.3,-0.87,-0.46,-1,-0.71,-0.56,1.1,-0.83,0.06,-0.71
"4099","Salah Assad",1986,"Algeria",-0.39,0.37,0.86,0.23,0.49,-0.5,2.76,3.21,0.02,-0.15,-0.53,-0.56,-0.7,-0.01,-0.62,0.12
"4100","Carlos Tapia",1986,"Argentina",-0.39,-0.4,-0.66,-0.51,-1.46,-1.13,-0.74,-1.06,-0.82,-1,-0.71,-0.56,-0.7,-1.24,-0.96,-0.63
"4101","Claudio Borghi",1986,"Argentina",-0.39,-0.64,-0.01,-0.66,-1.21,-0.98,-0.18,-0.4,-0.99,-0.41,-0.63,-0.56,-0.7,-1.06,-0.67,-0.48
"4102","Diego Maradona",1986,"Argentina",3.91,2.64,3.25,2.83,0.98,0.92,9.18,1.77,0.9,0.09,-0.71,-0.56,0.45,0.52,6.73,6.2
"4103","Hector Enrique",1986,"Argentina",-0.39,-0.43,0.32,-0.44,-0.22,-0.37,0.2,0.1,-0.17,0.25,-0.48,0.43,-0.7,1.05,0.2,-0.41
"4104","Jorge Luis Burruchaga",1986,"Argentina",1.33,1.29,2.92,1.2,1.67,0.48,0.76,1.43,0.6,1.69,-0.4,-0.1,0.07,0.34,0.35,1.87
"4105","Jorge Valdano",1986,"Argentina",3.05,2.45,-0.66,2.31,0.29,-0.69,1.32,0.52,0.14,0.77,-0.18,0.36,1.23,0.7,1.36,0.14
"4106","Jose Luis Brown",1986,"Argentina",0.47,-0.43,-0.66,-0.59,0.35,0.13,-0.55,-0.56,0.27,0.77,3.95,2.93,1.61,-0.01,-0.52,-0.87
"4107","Jose Luis Cuciuffo",1986,"Argentina",-0.39,-0.62,-0.34,-0.73,0.05,0.4,-0.18,-0.65,0.92,2.54,1.17,-0.04,-0.7,0.87,0.49,-0.58
"4108","Julio Olarticoechea",1986,"Argentina",-0.39,-0.53,-0.01,-0.59,-0.34,-0.16,-0.36,-0.65,0.2,0.45,-0.33,-0.56,-0.7,0.17,0.06,-0.58
"4109","Nery Pumpido",1986,"Argentina",-0.39,-0.64,-0.66,-0.81,0.05,0.92,-0.74,-0.98,-0.99,-1,-0.71,-0.56,-0.32,-1.24,-0.67,-0.58
"4110","Nestor Clausen",1986,"Argentina",-0.39,-0.59,-0.66,-0.51,-1.28,-0.98,-0.74,-0.81,-0.35,-1,-0.25,-0.56,-0.32,-1.06,-0.96,-0.71
"4111","Oscar Garré",1986,"Argentina",-0.39,-0.53,0.64,-0.44,0.33,0.66,-0.55,-0.31,0.33,0.65,-0.33,0.08,0.07,0.7,-0.67,0.29
"4112","Oscar Ruggeri",1986,"Argentina",0.47,-0.24,-0.01,0.9,0.17,0.01,-0.36,-0.56,0.24,1.74,2.3,4.22,3.15,0.34,0.64,-0.65
"4113","Pedro Pasculli",1986,"Argentina",0.47,0.36,-0.66,0.08,-1.23,-1.1,-0.36,-0.81,-0.78,-0.43,-0.71,-0.1,-0.7,0.17,0.06,0.25
"4114","Ricardo Giusti",1986,"Argentina",-0.39,-0.19,-0.66,0.01,1.14,-0.02,0.39,0.27,1.65,0.73,0.27,1.18,0.45,1.93,1.07,-0.19
"4115","Sergio Batista",1986,"Argentina",-0.39,-0.45,-0.66,-0.51,1.24,0.6,-0.74,-0.31,0.7,1.42,0.5,2.51,0.84,1.05,-0.23,-0.37
"4116","Daniel Veyt",1986,"Belgium",0.36,0.29,-0.09,-0.03,-0.83,-1.07,-0.74,-0.34,-0.74,-1,-0.57,-0.39,-0.37,-0.47,-0.32,-0.15
"4117","Enzo Scifo",1986,"Belgium",1.11,0.14,1.05,-0.29,0.61,0.32,0.74,2.43,0.47,-0.14,-0.38,-0.56,-0.7,1.53,0.95,0.35
"4118","Eric Gerets",1986,"Belgium",-0.39,-0.58,-0.38,0.1,0.75,1.37,-0.25,0.32,0.64,0.42,0.81,1.31,-0.03,0.15,-0.32,-0.2
"4119","Erwin Vandenbergh",1986,"Belgium",0.36,-0.43,-0.66,-0.68,-1.6,-1.25,-0.74,-1.06,-0.85,-0.86,-0.64,-0.56,-0.7,-1.24,-0.96,-0.87
"4120","Frank Vercauteren",1986,"Belgium",0.36,0.34,4.18,0.23,-0.11,0.47,-0.57,-0.12,-0.41,-0.29,-0.25,-0.39,0.31,0.92,-0.45,2.02
"4121","Franky Van Der Elst",1986,"Belgium",-0.39,-0.64,-0.66,-0.81,-0.51,-0.4,-0.57,-0.92,-0.61,0.36,0.28,0.15,-0.7,-0.78,-0.7,-0.82
"4122","Georges Serge Grün",1986,"Belgium",-0.39,0.05,-0.09,0.23,-0.08,0.04,-0.08,-0.12,1.12,0.15,1.2,1.01,1.66,1.22,-0.07,-0.32
"4123","Hugo Broos",1986,"Belgium",-0.39,-0.64,-0.66,-0.81,-1.16,-0.99,-0.74,-0.99,-0.81,-0.91,0.28,-0.56,-0.7,-0.16,-0.96,-0.87
"4124","Jan Ceulemans",1986,"Belgium",1.87,0.93,-0.38,1.92,0.75,0.04,0.24,0.9,0.61,0.5,-0.44,0.02,1.66,0.3,0.44,0.66
"4125","Jean-Marie Pfaff",1986,"Belgium",-0.39,-0.64,-0.66,-0.81,1,2.53,-0.74,-0.99,-0.99,-0.9,-0.51,-0.56,-0.37,-1.24,-0.45,-0.79
"4126","Leo Clijsters",1986,"Belgium",-0.39,-0.48,-0.66,-0.55,-1.55,-1.17,-0.74,-1.06,-0.79,-0.85,-0.57,-0.56,-0.7,-1.24,-0.96,-0.55
"4127","Leo Van der Elst",1986,"Belgium",-0.39,-0.48,-0.38,-0.68,-1.28,-0.91,-0.57,-0.77,-0.9,-0.9,-0.64,-0.56,-0.7,-0.93,-0.96,-0.45
"4128","Michel De Wolf",1986,"Belgium",-0.39,-0.64,-0.38,-0.81,-0.93,-0.66,-0.74,-0.19,0.31,-0.3,-0.18,-0.56,-0.37,-0.93,-0.45,-0.72
"4129","Michel Renquin",1986,"Belgium",-0.39,-0.56,-0.66,-0.68,-0.28,-0.43,-0.41,0.17,-0.42,-0.01,1.99,-0.02,-0.03,-0.78,-0.45,-0.73
"4130","Nico Claesen",1986,"Belgium",1.87,1.51,-0.09,1.72,-0.65,-0.84,-0.08,-0.19,-0.26,-0.5,-0.71,-0.56,-0.37,0.61,-0.2,0.4
"4131","Patrick Vervoort",1986,"Belgium",-0.39,-0.43,-0.38,-0.68,0.2,0.34,-0.08,0.76,0.05,0.25,1.07,0.35,-0.03,0.3,-0.45,-0.7
"4132","Phillipe Desmet",1986,"Belgium",-0.39,-0.01,-0.09,-0.35,-1.31,-1.04,-0.25,-0.85,-0.99,-0.85,-0.71,-0.56,-0.7,-0.01,-0.32,-0.17
"4133","Raymond Mommens",1986,"Belgium",-0.39,-0.56,-0.09,-0.81,-1.22,-0.94,-0.74,-0.77,-0.99,-0.81,-0.64,-0.56,-0.7,-1.24,-0.83,-0.67
"4134","Rene Vandereycken",1986,"Belgium",-0.39,-0.44,-0.66,-0.68,-0.65,-0.32,-0.74,-0.26,-0.56,-0.71,-0.38,-0.56,-0.7,-0.78,-0.45,-0.55
"4135","Stephane Auguste Demol",1986,"Belgium",0.36,-0.28,-0.66,-0.35,-0.22,-0.2,0.41,-0.19,-0.02,0.31,0.61,0.05,-0.37,-0.16,-0.7,0.01
"4136","Alemao",1986,"Brazil",-0.39,0.2,-0.23,0.17,3.27,1.33,1.23,2.32,2.32,4.26,-0.31,-0.56,0.31,1.07,-0.01,0.67
"4137","Branco",1986,"Brazil",-0.39,-0.12,1.05,0.46,1.49,0.29,0.98,4.29,-0.09,0.8,0.28,0.05,0.82,-0.78,0.57,0.14
"4138","Careca",1986,"Brazil",5.26,4.56,2.33,3.77,0.38,-0.4,1.47,1.89,-0.34,-0.03,-0.71,0.06,0.82,-0.32,0.57,3.15
"4139","Casagrande",1986,"Brazil",-0.39,0.2,-0.66,0.46,-0.72,-1.06,-0.25,-0.41,-0.37,-0.57,-0.71,-0.56,-0.7,-0.55,-0.01,0.07
"4140","Edinho",1986,"Brazil",0.74,0.05,-0.66,0.36,0.88,0.56,0,-0.08,1.16,2.68,2.35,2.14,0.82,2.46,-0.2,-0.11
"4141","Elzo",1986,"Brazil",-0.39,-0.19,-0.66,-0.42,1.98,0.45,1.72,1.23,3.26,3.07,0.68,0.68,-0.7,-0.32,-0.58,-0.11
"4142","Josimar",1986,"Brazil",1.87,-0.49,0.19,-0.52,0.58,0.83,0.24,0.9,-0.37,-0.2,0.08,-0.56,-0.2,0.38,-0.77,0.29
"4143","Junior",1986,"Brazil",-0.39,1.07,2.76,0.46,2.27,1.02,0.49,1.67,1.22,1.92,-0.61,-0.56,-0.7,0.61,1.14,3.26
"4144","Júlio César da Silva",1986,"Brazil",-0.39,-0.19,-0.23,-0.81,0.65,-0.02,-0.25,-0.41,1.11,2.03,1.86,4.36,0.31,0.38,-0.01,-0.6
"4145","Müller",1986,"Brazil",-0.39,0.58,-0.23,1.92,-0.98,-1.06,-0.25,0.14,-0.38,-0.79,-0.71,-0.56,1.32,-1.24,0.76,0.74
"4146","Paulo Roberto Falcão",1986,"Brazil",-0.39,-0.37,-0.66,-0.61,-0.78,-0.86,-0.25,-0.85,-0.12,-0.36,-0.71,-0.56,-0.7,-1.01,-0.77,-0.6
"4147","Paulo Silas",1986,"Brazil",-0.39,-0.59,-0.23,-0.13,-1.07,-0.94,-0.49,-0.52,-0.99,0.2,-0.71,-0.56,-0.7,-0.78,-0.58,0.58
"4148","Roberto Carlos",1986,"Brazil",-0.39,-0.64,-0.66,-0.81,0.41,2.3,-0.74,-0.95,-0.99,-1,-0.31,-0.56,-0.2,-1.01,-0.96,-0.87
"4149","Sócrates",1986,"Brazil",1.87,3.21,0.19,0.75,2.07,0.41,-0.25,1.89,0.18,0.19,-0.51,1.59,-0.2,0.61,0.18,1.52
"4150","Zico",1986,"Brazil",-0.39,1.99,-0.66,0.36,-0.86,-1.02,-0.25,-0.3,-0.99,-0.8,-0.71,-0.56,-0.2,-1.24,-0.39,0.72
"4151","Édson Boaro",1986,"Brazil",-0.39,-0.64,0.19,-0.52,-0.51,-0.32,-0.49,1.56,-0.44,-1,-0.31,0.09,-0.7,-1.01,-0.77,-0.2
"4152","Alexander Markov",1986,"Bulgaria",-0.39,-0.44,-0.09,-0.68,-0.12,0.24,-0.41,-0.19,0.85,-0.86,0.22,-0.56,0.65,-0.32,-0.7,-0.63
"4153","Andrey Yeliakov",1986,"Bulgaria",-0.39,-0.64,-0.66,-0.55,-0.86,-0.43,-0.41,-0.48,-0.85,-0.32,-0.05,-0.56,-0.7,-0.32,-0.45,-0.72
"4154","Anjo Sadkov",1986,"Bulgaria",-0.39,0.02,-0.09,-0.29,1.14,0.24,-0.08,0.54,2.11,1.48,-0.44,-0.56,0.65,0.61,-0.2,-0.51
"4155","Atanas Pachev",1986,"Bulgaria",-0.39,-0.18,-0.66,-0.55,-1.38,-1.2,-0.74,-0.77,-0.99,-1,-0.71,-0.56,-0.7,-1.24,0.57,-0.87
"4156","Borislav Mihailov",1986,"Bulgaria",-0.39,-0.64,-0.66,-0.81,0.38,2.04,-0.74,-0.92,-0.99,-1,-0.44,-0.56,-0.7,-1.24,-0.7,-0.87
"4157","Boytcho Velitchkov",1986,"Bulgaria",-0.39,-0.54,-0.66,-0.81,-1.57,-1.25,-0.74,-1.06,-0.99,-0.86,-0.71,-0.56,-0.7,-1.24,-0.45,-0.87
"4158","Bozidar Iskrenov",1986,"Bulgaria",-0.39,-0.64,-0.66,-0.55,-1.32,-0.99,-0.41,-0.48,-0.28,-1,-0.71,-0.56,-0.7,-0.62,-0.2,-0.69
"4159","Georgi Dimitrov",1986,"Bulgaria",-0.39,-0.28,-0.66,-0.81,1.18,1.06,-0.74,0.83,2.09,1.2,2.19,-0.56,0.65,0.3,-0.7,-0.33
"4160","Georgi Iordanov",1986,"Bulgaria",-0.39,-0.08,-0.09,-0.42,-0.55,-0.58,-0.08,0.54,-0.07,-0.21,-0.57,0.2,-0.7,-0.62,-0.7,0.32
"4161","Jivko Gospodinov",1986,"Bulgaria",-0.39,-0.15,-0.66,-0.68,0.02,-0.17,-0.08,1.27,-0.45,-0.21,0.22,-0.1,-0.7,-0.01,0.82,-0.45
"4162","Kostadin Kostadinov",1986,"Bulgaria",-0.39,-0.54,-0.09,0.1,-1.12,-0.99,0.24,-0.34,-0.84,-1,-0.71,-0.56,-0.7,0.92,0.57,0.11
"4163","Nasko Sirakov",1986,"Bulgaria",1.11,-0.18,0.48,0.1,-0.1,0.24,0.57,0.1,-0.36,0.04,-0.44,-0.1,-0.7,0.3,-0.2,0.29
"4164","Nikolai Arabov",1986,"Bulgaria",-0.39,-0.64,-0.66,-0.81,-0.04,-0.27,-0.74,-0.77,-0.26,0.16,2.58,2.81,1.32,0.92,-0.7,-0.87
"4165","Petar Petrov",1986,"Bulgaria",-0.39,-0.64,-0.66,-0.55,1.01,1.83,-0.08,-0.77,0.35,0.22,1.53,0.66,-0.03,0.3,-0.7,-0.78
"4166","Plamen Getov",1986,"Bulgaria",1.11,1.31,0.48,-0.03,-0.23,-0.48,-0.41,0.68,-0.46,-0.37,-0.71,-0.56,-0.7,-0.62,1.58,-0.57
"4167","Plamen Markov",1986,"Bulgaria",-0.39,-0.58,-0.09,-0.81,-1.08,-0.94,-0.41,-0.48,-0.85,-0.59,-0.71,-0.56,-0.7,-1.24,-0.96,-0.66
"4168","Radoslav Zdravkov",1986,"Bulgaria",-0.39,-0.61,1.62,-0.81,0.75,1.47,-0.41,0.25,0.59,0.73,1.27,-0.56,0.65,-0.32,-0.7,0.14
"4169","Stoycho Mladenov",1986,"Bulgaria",-0.39,-0.18,-0.66,0.62,-1.3,-1.15,0.24,-0.48,-0.85,-0.47,-0.71,-0.56,-0.7,1.22,0.31,-0.45
"4170","Branko Segota",1986,"Canada",-0.39,0.73,-0.66,0.06,-1.24,-0.91,0.14,-0.48,-0.99,-1,-0.71,-0.56,0.2,-0.42,-0.28,-0.35
"4171","Bruce Wilson",1986,"Canada",-0.39,-0.64,1.62,-0.81,1.09,1.7,-0.74,0.1,0.15,0.47,1.57,-0.56,0.2,0.4,-0.62,1.87
"4172","Carl Valentine",1986,"Canada",-0.39,0.42,1.62,2.31,-0.29,-0.97,1.45,-0.48,-0.78,-1,-0.53,-0.56,0.2,0.4,2.43,1.08
"4173","Dale Mitchell",1986,"Canada",-0.39,-0.02,0.1,1.27,-1.13,-0.77,-0.74,-0.87,-0.6,-1,-0.71,-0.56,1.1,-0.83,-0.62,-0.27
"4174","David Norman",1986,"Canada",-0.39,0.29,1.62,0.06,0.28,0.19,0.57,1.27,1.15,0.65,-0.53,-0.56,-0.7,-0.01,2.09,0.4
"4175","Gerard Gray",1986,"Canada",-0.39,0.06,0.86,-0.46,-0.05,-0.77,-0.3,-0.87,-0.6,-0.65,-0.53,0.63,-0.7,-1.24,-0.62,-0.07
"4176","Ian Bridge",1986,"Canada",-0.39,0.02,-0.66,0.06,0.87,-0.22,-0.74,-0.48,0.21,0.31,4.2,0.63,2.9,-0.42,0.4,-0.87
"4177","Igor Vrablic",1986,"Canada",-0.39,-0.29,0.1,0.92,-1.03,-1.04,0.57,-0.29,0.26,-0.8,-0.71,-0.56,1.1,2.04,-0.28,-0.59
"4178","James Lowery",1986,"Canada",-0.39,-0.64,-0.66,-0.81,-1.38,-1.18,-0.74,-0.87,-0.99,-1,-0.53,-0.56,-0.7,-1.24,-0.62,-0.87
"4179","Mike Sweeney",1986,"Canada",-0.39,-0.64,0.1,-0.46,-0.81,-0.15,-0.74,-0.87,0.61,-0.8,-0.35,-0.56,-0.7,-0.01,-0.62,-0.15
"4180","Paul Dolan",1986,"Canada",-0.39,-0.64,-0.66,-0.81,-0.86,-0.43,-0.74,-1.06,-0.99,-1,-0.71,-0.56,0.2,-1.24,-0.96,-0.87
"4181","Paul James",1986,"Canada",-0.39,-0.64,0.1,0.23,-0.7,-0.43,-0.3,-0.48,0.35,0.43,-0.18,0.68,-0.7,-0.01,-0.62,0.68
"4182","Randy Ragan",1986,"Canada",-0.39,-0.64,0.1,-0.29,-0.32,-0.84,0.14,-1.06,0.1,0.52,0.17,-0.56,0.2,-0.01,0.4,-0.15
"4183","Randy Samuel",1986,"Canada",-0.39,-0.64,-0.66,0.06,0.03,-0.7,0.14,-0.87,1.05,-0.12,4.03,1.3,2.9,1.22,0.4,-0.87
"4184","Robert Lenarduzzi",1986,"Canada",-0.39,0.15,0.86,-0.64,1.68,3.61,0.14,0.49,-0.58,-0.03,0.87,0.63,0.2,1.22,0.4,0.36
"4185","Tino Lettieri",1986,"Canada",-0.39,-0.64,-0.66,-0.81,0.49,0.4,-0.74,-1.06,-0.99,-1,-0.71,-0.56,-0.7,-1.24,-0.96,-0.87
"4186","Frank Arnesen",1986,"Denmark",-0.39,-0.18,1.05,0.88,0.69,0.55,0.57,2.58,-0.38,-0.28,-0.44,-0.56,-0.7,-0.62,0.31,2.25
"4187","Henrik Andersen",1986,"Denmark",-0.39,-0.61,-0.09,-0.42,0.93,0.4,-0.41,1.56,1.67,2.17,0.35,0.83,-0.03,2.76,-0.45,0.03
"4188","Ivan Nielsen",1986,"Denmark",-0.39,-0.64,-0.66,-0.68,0.53,0.04,-0.41,-0.92,2.59,0.62,1.4,2.21,2.67,2.76,-0.2,-0.72
"4189","Jan Molby",1986,"Denmark",-0.39,-0.38,-0.66,-0.29,0.18,-0.07,-0.08,0.1,1.39,-1,-0.44,-0.56,-0.7,0.3,-0.45,-0.48
"4190","Jens Jörn Bertelsen",1986,"Denmark",-0.39,-0.44,-0.66,-0.81,1.3,-0.12,-0.41,-0.04,0.2,-1,-0.31,0.56,-0.7,-1.24,0.06,-0.6
"4191","Jesper Olsen",1986,"Denmark",4.13,5.2,-0.09,0.49,-0.12,0.34,3.52,0.98,-0.72,0.55,-0.31,-0.56,-0.7,-0.32,1.07,0.71
"4192","John Eriksen",1986,"Denmark",1.11,0.12,-0.66,-0.42,-1.24,-1.09,-0.74,-1.06,-0.99,-1,-0.71,-0.56,-0.03,-0.32,-0.96,-0.78
"4193","John Sivebaek",1986,"Denmark",-0.39,-0.41,-0.66,-0.42,-0.82,-0.84,-0.41,-0.48,0.35,-0.13,-0.05,-0.56,-0.7,-1.24,-0.96,-0.39
"4194","Klaus Berggreen",1986,"Denmark",-0.39,-0.15,-0.66,0.1,0.2,-0.12,-0.74,-0.04,0.48,-0.37,-0.05,-0.56,-0.7,-0.01,-0.7,-0.48
"4195","Lars Hogh",1986,"Denmark",-0.39,-0.64,-0.66,-0.81,-0.35,0.55,-0.74,-1.06,-0.99,-1,-0.44,-0.56,-0.7,-1.24,-0.96,-0.87
"4196","Michael Laudrup",1986,"Denmark",1.11,0.49,0.48,1.14,0.69,-0.22,3.52,2.43,-0.26,0.05,-0.71,-0.56,-0.7,-0.93,1.33,4.93
"4197","Morten Olsen",1986,"Denmark",-0.39,-0.64,-0.66,-0.81,3.15,2.14,2.21,3.74,1.65,0.29,1.14,2.96,0.65,-0.32,0.06,-0.6
"4198","Preben Elkjaer-Larsen",1986,"Denmark",5.63,4.66,0.48,4.26,-0.69,-1.04,2.86,-0.19,-0.62,-0.37,-0.31,-0.56,-0.7,0.61,0.06,1.96
"4199","Sören Busk",1986,"Denmark",-0.39,-0.64,-0.66,-0.81,0.97,0.91,-0.74,-0.77,2.98,1.27,1,2.66,0.65,1.22,-0.7,-0.87
"4200","Sören Lerby",1986,"Denmark",1.11,1.35,-0.66,-0.03,3.29,1.42,-0.08,4.03,3.08,0.5,0.35,2.57,0.65,1.84,0.31,-0.3
"4201","Troels Rasmussen",1986,"Denmark",-0.39,-0.64,-0.66,-0.81,-0.39,-0.32,-0.74,-1.06,-0.99,-1,-0.44,-0.56,-0.7,-0.93,-0.7,-0.87
"4202","Alvin Martin",1986,"England",-0.39,-0.4,-0.66,-0.6,-1.42,-1,-0.74,-0.95,-0.85,-0.86,0.56,-0.56,0.92,-0.99,-0.75,-0.87
"4203","Bryan Robson",1986,"England",-0.39,0.23,-0.66,0.44,-1.05,-0.96,-0.74,-1.06,0.35,-0.7,-0.71,-0.56,0.38,-0.26,-0.75,-0.63
"4204","Chris Waddle",1986,"England",-0.39,-0.64,1.16,-0.19,-0.77,-0.59,2.41,0.57,-0.47,-1,-0.6,-0.56,-0.16,-0.5,-0.55,0.23
"4205","Gary Lineker",1986,"England",6.84,4.64,-0.21,5.12,-0.22,-1,-0.21,-0.83,-0.78,-0.59,-0.71,-0.56,0.38,0.24,0.87,0.18
"4206","Gary Stevens",1986,"England",-0.39,-0.59,-0.66,-0.29,-1.53,-1.08,-0.74,-1.06,-0.85,-0.86,-0.49,-0.56,-0.16,-0.5,-0.96,-0.46
"4207","Gary Stevens",1986,"England",-0.39,-0.46,0.25,0.02,1.1,1.3,-0.48,0.92,-0.01,1.51,0.98,1.08,0.38,-0.01,-0.55,0.87
"4208","Glenn Hoddle",1986,"England",-0.39,0.13,5.72,0.75,1,1.38,1.36,0.22,0.48,0.25,-0.28,0.7,-0.16,-0.01,0.46,4.67
"4209","Kenny Sansom",1986,"England",-0.39,-0.64,0.71,-0.29,2.09,2.65,-0.48,1.73,1.12,0.15,1.5,0.37,1.46,-0.99,0.26,1.18
"4210","Mark Hateley",1986,"England",-0.39,-0.32,-0.66,2,-1.37,-1.17,-0.48,-0.95,-0.88,-1,-0.6,-0.56,1.46,-0.01,-0.75,-0.49
"4211","Peter Beardsley",1986,"England",0.81,0.52,0.25,0.96,-0.69,-0.88,-0.21,-0.83,-0.16,0.15,-0.6,-0.56,-0.16,-0.26,0.26,-0.15
"4212","Peter Reid",1986,"England",-0.39,-0.64,-0.21,-0.81,0.03,-0.63,-0.48,0.33,0.31,-0.28,-0.71,-0.56,-0.7,-0.26,-0.55,-0.65
"4213","Peter Shilton",1986,"England",-0.39,-0.64,-0.66,-0.81,0.68,2.2,-0.74,-1.06,-0.99,-0.81,-0.71,-0.56,-0.7,-1.24,-0.55,-0.87
"4214","Ray Wilkins",1986,"England",-0.39,-0.64,1.16,-0.71,-0.3,-0.26,-0.74,0.33,-0.07,-0.7,-0.6,-0.56,-0.7,-0.01,-0.75,0.39
"4215","Steve Hodge",1986,"England",-0.39,0.13,0.25,1.17,-0.69,-0.59,0.05,-0.36,0.32,0.75,0.03,0.09,-0.16,2.21,0.67,0.77
"4216","Terry Butcher",1986,"England",-0.39,-0.03,-0.66,0.44,1,1.3,-0.21,1.03,0.53,1.12,2.56,0.42,3.08,1.22,-0.55,-0.3
"4217","Terry Fenwick",1986,"England",-0.39,-0.06,-0.66,-0.08,-0.1,-0.67,-0.74,-0.02,0.06,-0.37,0.14,3.2,0.92,1.22,-0.96,-0.82
"4218","Trevor Steven",1986,"England",-0.39,-0.54,0.71,-0.08,-0.69,-0.71,0.05,0.57,-0.37,0.59,-0.28,0.6,-0.7,0.24,-0.75,0.01
"4219","Alain Giresse",1986,"France",-0.39,0.03,1.42,-0.4,0.75,0.33,1.48,0.38,0.02,-0.2,-0.5,0.14,-0.7,-0.12,0.37,2.3
"4220","Albert Rust",1986,"France",-0.39,-0.64,-0.66,-0.81,-1.32,-0.85,-0.74,-1.06,-0.99,-1,-0.71,-0.56,-0.7,-1.24,-0.96,-0.87
"4221","Bernard Genghini",1986,"France",0.39,0.03,-0.66,-0.2,-0.69,-0.79,-0.23,0,-0.42,0.04,-0.36,-0.18,-0.7,-0.6,-0.43,-0.63
"4222","Bruno Bellone",1986,"France",-0.39,-0.3,-0.07,0.55,-0.99,-0.98,0.12,0.46,-0.73,-0.43,-0.71,-0.56,-0.7,-0.92,0.23,0.78
"4223","Dominique Rocheteau",1986,"France",0.39,0.46,-0.07,0.41,-0.92,-1.01,-0.23,-0.38,-0.65,-0.66,-0.71,-0.07,-0.7,-0.12,0.1,0.47
"4224","Jean Tigana",1986,"France",0.39,-0.14,0.23,-0.4,2.37,1.89,1.48,2.36,1.71,2.45,-0.02,1.42,0.35,0.53,0.63,0.51
"4225","Jean-Marc Ferreri",1986,"France",0.39,-0.05,-0.07,0.41,-0.55,-0.47,-0.23,0,-0.32,-1,-0.57,-0.56,-0.7,-1.08,-0.69,0.08
"4226","Jean-Pierre Papin",1986,"France",1.18,2.11,-0.36,2.17,-1.03,-1.22,0.29,-0.53,-0.69,-0.4,-0.71,-0.56,0.35,-0.12,-0.16,0.1
"4227","Joel Bats",1986,"France",-0.39,-0.64,-0.66,-0.81,0.13,1.51,-0.74,-1.06,-0.99,-1,-0.57,-0.56,0,-1.08,-0.83,-0.79
"4228","Luis Fernandez",1986,"France",0.39,0.22,0.23,-0.54,0.72,-0.23,0.46,0.53,1.39,0.46,0.05,-0.25,0,0.85,-0.16,-0.42
"4229","Manuel Amoros",1986,"France",0.39,1.4,1.72,0,1.27,2.02,1.48,0.91,3.4,2.37,1.22,-0.18,0.35,3.1,1.43,1.29
"4230","Maxime Bossis",1986,"France",-0.39,0.21,-0.36,-0.33,0.42,0.01,0.63,-0.38,1.31,1.34,2.52,1.25,1.41,-0.28,-0.69,-0.7
"4231","Michel Bibard",1986,"France",-0.39,-0.64,-0.36,-0.74,-1.08,-0.47,-0.23,-0.84,-0.44,-0.46,-0.71,-0.56,-0.7,-0.92,-0.96,-0.66
"4232","Michel Platini",1986,"France",1.18,1.83,-0.07,1.43,0.97,0.52,-0.05,1.37,0.26,-0.02,-0.5,-0.56,0,0.04,0.23,1.6
"4233","Patrick Battiston",1986,"France",-0.39,-0.31,-0.36,-0.54,0.89,0.68,-0.4,-0.08,1.86,1.79,1.9,1.89,0,-0.44,0.1,-0.6
"4234","Philippe Vercruysse",1986,"France",-0.39,-0.38,-0.07,0.14,-0.68,-0.55,-0.23,-0.38,-0.62,-0.51,-0.64,-0.01,-0.7,-0.76,-0.56,0.62
"4235","Thierry Tusseau",1986,"France",-0.39,-0.37,-0.66,-0.47,-0.54,-0.26,-0.57,-0.53,-0.32,-0.34,-0.16,0.05,0.35,-0.92,-0.43,-0.79
"4236","Wiliam Ayache",1986,"France",-0.39,-0.64,-0.36,-0.67,-0.03,0.6,-0.57,-0.46,-0.7,-0.24,0.39,-0.07,0.35,1.01,-0.43,-0.23
"4237","Yannik Stopyra",1986,"France",1.18,0.55,-0.07,2.38,-1,-0.93,0.63,-0.08,-0.43,-0.35,-0.64,0.54,0.35,0.37,1.16,0.5
"4238","Yvon Le Roux",1986,"France",-0.39,-0.5,-0.66,-0.74,-1.31,-0.85,-0.74,-0.91,-0.44,-1,-0.57,-0.56,-0.35,-1.08,-0.83,-0.73
"4239","Antal Nagy",1986,"Hungary",-0.39,-0.64,-0.66,-0.81,0.3,-0.5,-0.3,0.3,1.39,0.96,0.35,-0.56,0.2,-0.01,-0.62,-0.87
"4240","Antal Róth",1986,"Hungary",-0.39,-0.64,-0.66,-0.81,0.28,0.26,-0.74,0.3,1.13,-0.08,1.05,0.38,0.2,-0.42,0.06,-0.87
"4241","Gyorgy Bognar",1986,"Hungary",-0.39,-0.24,-0.66,0.4,0.09,-0.77,-0.3,0.88,-0.21,-0.27,-0.71,-0.56,-0.7,-0.83,0.4,-0.19
"4242","Gyozo Burcsa",1986,"Hungary",-0.39,-0.55,-0.66,-0.81,0.06,-0.43,0.57,0.88,0.24,-1,-0.71,-0.56,0.2,-1.24,-0.28,-0.35
"4243","Imre Garaba",1986,"Hungary",-0.39,-0.33,0.1,-0.46,1.55,1.35,-0.74,-0.09,3.7,1.35,0.17,-0.56,-0.7,-0.42,-0.62,-0.55
"4244","Jozsef Kiprich",1986,"Hungary",-0.39,0.33,0.86,0.58,-0.75,-0.84,0.57,0.68,-0.99,0.96,-0.71,-0.56,-0.7,-0.42,0.06,1.15
"4245","Jozsef Varga",1986,"Hungary",-0.39,-0.55,0.1,-0.46,0.3,0.94,-0.74,-0.68,0.44,0.46,0.87,0.38,-0.7,-0.83,0.73,-0.63
"4246","József Kardos",1986,"Hungary",-0.39,0.06,-0.66,0.23,2.12,1.9,0.14,1.27,1.7,2.3,3.5,-0.56,4.7,1.22,0.06,-0.75
"4247","József Nagy",1986,"Hungary",-0.39,-0.51,-0.66,-0.81,-0.94,-0.91,0.57,-0.48,-0.99,-1,-0.71,-0.56,-0.7,-0.42,-0.62,-0.55
"4248","József Szendrei",1986,"Hungary",-0.39,-0.64,-0.66,-0.81,-1.05,-0.63,-0.74,-1.06,-0.99,-1,-0.53,-0.56,-0.7,-1.24,-0.96,-0.87
"4249","Kálmán Kovács",1986,"Hungary",-0.39,-0.47,0.86,0.23,-1.03,-0.7,-0.74,-0.68,-0.99,-0.69,-0.53,-0.56,-0.7,-0.83,-0.62,0.09
"4250","Lajos Detari",1986,"Hungary",1.62,1.97,2.38,1.27,1.06,-0.29,-0.3,1.27,-0.62,-1,-0.71,-0.56,-0.7,-0.01,0.73,1.59
"4251","László Dajka",1986,"Hungary",-0.39,0.11,-0.66,0.06,-0.29,-0.5,1.45,0.49,-0.99,0.07,-0.71,-0.56,-0.7,-0.83,-0.62,0.24
"4252","Márton Esterházy",1986,"Hungary",1.62,-0.16,-0.66,0.75,-0.05,-0.7,0.57,0.88,-0.99,0.16,-0.35,-0.56,-0.7,1.22,1.07,0.12
"4253","Peter Disztl",1986,"Hungary",-0.39,-0.64,-0.66,-0.81,-0.08,1.35,-0.74,-1.06,-0.99,-1,-0.71,-0.56,-0.7,-1.24,-0.96,-0.87
"4254","Péter Hannich",1986,"Hungary",-0.39,-0.55,-0.66,-0.81,-1.19,-0.91,-0.3,-0.68,-0.99,-1,-0.71,-0.56,-0.7,-0.83,-0.96,-0.87
"4255","Sándor Sallai",1986,"Hungary",-0.39,-0.51,0.86,-0.81,1.82,2.31,-0.74,1.46,3.67,0.87,0,0.38,1.1,-0.01,0.73,-0.07
"4256","Zoltán Péter",1986,"Hungary",-0.39,-0.33,0.86,-0.81,-1,-0.5,-0.3,0.1,-0.58,-0.2,-0.53,-0.56,-0.7,-0.01,0.4,-0.31
"4257","Abdul Jassim",1986,"Iraq",-0.39,-0.64,-0.66,-0.81,-0.94,-0.5,-0.74,-1.06,-0.84,-1,-0.53,-0.56,-0.7,-1.24,-0.62,-0.87
"4258","Adbul Aufi",1986,"Iraq",-0.39,-0.42,-0.66,0.06,-1.38,-1.11,-0.74,-0.87,-0.99,-0.85,-0.71,-0.56,0.2,-1.24,-0.96,-0.47
"4259","Ahmed Amaiesh",1986,"Iraq",1.62,0.02,0.86,0.06,-0.43,-0.5,1.01,0.49,-0.05,-0.08,-0.35,-0.56,2,0.81,-0.28,0.44
"4260","Ali Shibab",1986,"Iraq",-0.39,0.2,-0.66,-0.12,-0.19,-0.36,1.45,-0.68,-0.11,-0.13,-0.53,-0.56,2,-0.01,0.73,-0.55
"4261","Anid Twaresh",1986,"Iraq",-0.39,-0.51,-0.66,-0.29,-1.51,-1.25,-0.3,-0.87,-0.84,-0.85,-0.53,-0.56,0.2,-0.01,0.4,-0.87
"4262","Basim Kassim",1986,"Iraq",-0.39,-0.64,-0.66,-0.81,-1.13,-0.97,-0.74,-0.68,-0.84,-1,-0.18,-0.56,0.2,1.63,-0.96,-0.67
"4263","Ghanim Al Roubai",1986,"Iraq",-0.39,-0.47,0.86,-0.81,0.57,0.87,1.45,1.27,0.89,1.03,0.87,-0.56,2,-0.01,0.06,0.76
"4264","Hanna Basil",1986,"Iraq",-0.39,-0.29,-0.66,-0.46,-0.67,-0.77,0.14,-1.06,-0.38,0.08,-0.53,-0.56,-0.7,1.22,-0.96,-0.87
"4265","Haris Hassan",1986,"Iraq",-0.39,-0.07,0.86,0.23,-0.65,-0.36,1.01,0.68,-0.66,-0.73,-0.71,-0.56,-0.7,-0.42,-0.28,0.48
"4266","Hussein Mohammed",1986,"Iraq",-0.39,0.2,-0.66,1.27,-1.13,-1.18,0.57,0.1,-0.72,-1,-0.71,-0.56,-0.7,-0.42,-0.62,-0.67
"4267","Karim Minshid",1986,"Iraq",-0.39,-0.16,0.1,0.4,-1.19,-1.11,0.14,-1.06,-0.99,-0.2,-0.71,-0.56,2,-0.42,-0.62,-0.15
"4268","Khalil Allawi",1986,"Iraq",-0.39,0.06,1.62,-0.81,0.71,1.08,0.14,1.85,0.47,-0.2,0.7,1.27,0.2,0.81,-0.28,0.76
"4269","Maad Ibrahim",1986,"Iraq",-0.39,-0.64,-0.66,-0.81,-1.08,-0.56,-0.74,-0.48,-0.84,-0.85,0.35,-0.56,0.2,-1.24,-0.96,-0.87
"4270","Nadhum Salim",1986,"Iraq",-0.39,-0.64,-0.66,-0.81,0.93,0.94,0.57,0.88,-0.66,2.76,4.9,1.19,1.1,3.69,-0.28,-0.47
"4271","Natiq Abidoun",1986,"Iraq",-0.39,-0.42,-0.66,-0.46,0.06,-0.02,-0.74,-0.48,0,-0.4,-0.71,-0.56,0.2,0.81,-0.28,-0.67
"4272","Raad Salman",1986,"Iraq",-0.39,-0.64,-0.66,-0.81,-0.16,0.81,-0.74,-1.06,-0.99,-1,-0.18,-0.56,-0.7,-1.24,-0.62,-0.87
"4273","Shaker Mahmoud",1986,"Iraq",-0.39,-0.64,-0.66,-0.81,0.22,0.53,-0.74,0.49,-0.11,0.9,0.35,1.27,1.1,1.22,-0.62,-0.59
"4274","Alessandro Altobelli",1986,"Italy",5.63,6.32,0.48,3.74,-0.04,-0.63,0.57,0.39,-0.99,-1,-0.71,0.35,-0.03,-0.62,2.09,2.11
"4275","Antonio Cabrini",1986,"Italy",-0.39,1.05,0.48,1.01,1.36,1.22,-0.74,0.83,0.29,0.83,0.61,-0.56,1.32,1.84,0.82,-0.06
"4276","Antonio Di Gennaro",1986,"Italy",-0.39,-0.18,1.62,-0.03,1.83,0.81,-0.41,0.54,0.93,1.87,-0.44,-0.56,-0.7,-0.01,-0.45,0.77
"4277","Bruno Conti",1986,"Italy",-0.39,0.09,3.9,0.1,0.73,1.63,1.23,1.27,-0.69,-0.67,-0.44,0.34,-0.7,-0.32,1.33,2.88
"4278","Fernando De Napoli",1986,"Italy",-0.39,-0.15,1.05,0.62,2.03,2.14,3.19,2.58,0.5,1.4,-0.57,0.35,-0.03,1.84,2.34,0.32
"4279","Fulvio Collovati",1986,"Italy",-0.39,-0.34,-0.66,-0.29,-1,-0.68,-0.74,-0.34,-0.65,-0.01,-0.18,0.46,-0.7,-0.62,-0.45,-0.87
"4280","Gaetano Scirea",1986,"Italy",-0.39,-0.41,-0.66,-0.68,1.85,1.63,-0.41,1.27,0.29,1.46,1.92,3.05,-0.7,-0.32,-0.45,-0.87
"4281","Gianluca Vialli",1986,"Italy",-0.39,-0.44,1.05,-0.03,-1.02,-0.99,-0.08,-0.63,-0.69,-1,-0.71,-0.56,-0.7,0.3,0.06,-0.33
"4282","Giovanni Galli",1986,"Italy",-0.39,-0.64,-0.66,-0.81,0.3,1.99,-0.74,-0.92,-0.99,-1,-0.57,-0.56,-0.7,-1.24,-0.96,-0.87
"4283","Giuseppe Baresi",1986,"Italy",-0.39,-0.64,-0.66,-0.81,-0.92,-0.73,-0.74,-0.92,-0.35,-1,-0.57,-0.56,-0.7,-0.93,-0.7,-0.72
"4284","Giuseppe Bergomi",1986,"Italy",-0.39,-0.58,-0.66,-0.81,0.1,-0.22,-0.41,-0.63,-0.4,0.17,0.74,2.18,-0.7,0.61,0.31,-0.87
"4285","Giuseppe Galderisi",1986,"Italy",-0.39,0.02,-0.66,1.53,-0.23,-0.79,0.24,-0.34,-0.65,-0.4,-0.71,1.26,-0.7,1.84,4.63,0.23
"4286","Pietro Vierchowod",1986,"Italy",-0.39,-0.21,-0.66,-0.42,0.3,-0.63,-0.74,-0.34,1.15,3.51,0.74,3.05,-0.03,1.53,0.06,-0.39
"4287","Salvatore Bagni",1986,"Italy",-0.39,-0.15,-0.09,-0.29,0.67,-0.17,1.88,0.68,1.43,1.4,-0.18,-0.56,-0.7,2.15,1.33,0.29
"4288","Carlos Alberto de los Cobos",1986,"Mexico",-0.39,-0.37,-0.66,-0.71,-0.05,-0.48,-0.49,-0.19,0.22,0.25,-0.51,-0.56,-0.2,-0.09,-0.2,-0.73
"4289","Carlos Muñoz",1986,"Mexico",-0.39,0.28,-0.66,0.36,0.21,-0.63,-0.49,0.14,0.3,0.12,-0.11,-0.56,1.83,0.84,-0.39,-0.35
"4290","Felix Cruz",1986,"Mexico",-0.39,-0.64,-0.66,-0.81,0.38,0.1,-0.49,-0.41,0.42,-0.37,2.65,0.68,0.31,0.84,0.37,-0.8
"4291","Fernando Quirarte Gutiérrez",1986,"Mexico",1.87,-0.19,-0.66,-0.22,0.52,0.14,-0.74,-0.3,0.99,1.81,3.44,2.24,2.84,1.07,0.37,-0.73
"4292","Francisco Javier Cruz",1986,"Mexico",-0.39,-0.57,-0.23,-0.03,-1.44,-1.21,-0.25,-0.08,-0.8,-1,-0.41,-0.56,-0.7,-0.09,-0.39,-0.46
"4293","Hugo Sanchez",1986,"Mexico",0.74,3.16,-0.23,1.63,-0.76,-0.86,0.49,-0.63,-0.99,-0.57,-0.61,0.09,-0.2,1.3,3.23,0.14
"4294","Javier Aguirre Onaindia",1986,"Mexico",-0.39,0.45,-0.23,0.94,0.03,-0.32,0.49,0.03,0.92,0.29,-0.31,-0.56,0.31,3.84,0.37,0.05
"4295","Luis Flores",1986,"Mexico",0.74,0.9,-0.66,0.36,-0.89,-0.82,0,-0.41,-0.59,-0.42,-0.71,-0.56,-0.7,0.84,0.95,-0.02
"4296","Mario Trejo",1986,"Mexico",-0.39,-0.64,-0.66,-0.81,-0.92,-0.52,-0.74,-0.85,-0.67,-0.36,-0.21,-0.56,-0.7,0.15,-0.39,-0.4
"4297","Miguel Espana",1986,"Mexico",-0.39,-0.57,-0.23,-0.32,0.01,-0.29,-0.25,0.03,1.34,0.47,-0.51,-0.56,-0.7,1.07,-0.39,-0.29
"4298","Negrete",1986,"Mexico",0.74,0.63,3.19,0.26,0.56,0.33,-0.25,1.12,-0.36,-0.11,-0.51,0.41,-0.2,0.61,2.66,1.88
"4299","Pablo Larios",1986,"Mexico",-0.39,-0.64,-0.66,-0.81,0.35,0.95,-0.74,-0.95,-0.99,-1,-0.51,-0.56,-0.2,-1.24,-0.01,-0.87
"4300","Rafael Armador Flores",1986,"Mexico",-0.39,-0.64,0.19,-0.71,0.1,0.02,-0.25,0.47,-0.36,0.38,-0.51,-0.56,-0.7,1.3,-0.96,-0.04
"4301","Raul Servin",1986,"Mexico",0.74,0.33,1.05,-0.13,1.29,1.26,0,1.78,1.56,1.37,1.37,-0.56,-0.2,0.84,-0.39,0.76
"4302","Tomás Boy",1986,"Mexico",-0.39,0.18,0.62,-0.52,0.5,0.22,0.49,0.25,-0.13,-0.05,-0.61,-0.56,-0.7,0.84,0.37,1.07
"4303","Abdelaziz Bouderbala",1986,"Morocco",-0.39,0.62,0.48,0.49,1.5,0.45,2.86,3.01,-0.31,0.82,-0.44,-0.56,-0.03,0.92,3.36,0.8
"4304","Abdelkrim Merry",1986,"Morocco",1.11,1.48,-0.66,2.7,-0.43,-0.73,-0.08,-0.77,-0.64,-0.67,-0.71,-0.56,2,0.61,0.06,0.53
"4305","Abdelmajid Dolmy",1986,"Morocco",-0.39,-0.64,-0.09,-0.81,3.13,2.71,-0.41,0.25,0.76,2.2,0.74,0.44,-0.7,0.92,-0.45,0.62
"4306","Abdelmajid Lamriss",1986,"Morocco",-0.39,-0.61,1.05,-0.81,2.99,3.48,-0.74,1.27,3.67,2.45,0.87,-0.56,-0.03,0.92,-0.7,0.29
"4307","Abderrazak Khairi",1986,"Morocco",2.62,0.35,0.48,0.88,-0.29,-0.38,-0.41,-0.04,-0.33,0.76,0.61,2.91,-0.03,0.61,0.82,-0.21
"4308","Ezzaiki Badou",1986,"Morocco",-0.39,-0.64,-0.66,-0.81,1.85,2.91,-0.74,-1.06,-0.99,-1,-0.57,-0.56,-0.03,-1.24,-0.96,-0.87
"4309","Labid Khalifa",1986,"Morocco",-0.39,-0.61,-0.09,-0.55,1.85,1.73,-0.74,1.41,4.37,2.22,1.14,0.48,0.65,0.92,-0.7,-0.54
"4310","Lahcen Ouadani",1986,"Morocco",-0.39,-0.64,-0.66,-0.81,-0.45,-0.53,-0.74,-0.77,-0.99,-0.18,0.08,1.95,-0.7,0.61,-0.7,-0.87
"4311","Mohammed Timoumi",1986,"Morocco",-0.39,0.42,0.48,-0.55,1.81,0.5,0.9,-0.34,-0.64,0.68,-0.57,-0.56,-0.7,-0.93,2.6,0.68
"4312","Mustafa El Biyaz",1986,"Morocco",-0.39,-0.34,-0.66,-0.42,0.73,0.24,-0.74,0.54,0.86,3.08,2.58,5.67,1.32,-0.01,-0.7,-0.51
"4313","Mustafa El Haddaoui",1986,"Morocco",-0.39,-0.41,-0.09,-0.55,0.32,0.4,-0.08,0.25,1.56,1.58,-0.31,-0.56,-0.7,1.22,-0.2,-0.15
"4314","Mustafa Merry",1986,"Morocco",-0.39,-0.48,-0.09,-0.55,-0.77,-0.79,-0.74,-0.63,-0.99,0.36,-0.57,-0.56,-0.7,-0.93,-0.7,-0.21
"4315","Noureddine Bouyahyaoui",1986,"Morocco",-0.39,-0.64,-0.66,-0.81,1.58,1.37,-0.74,-0.63,1.09,1.18,2.19,3.97,1.32,-0.01,-0.45,-0.87
"4316","Alan McDonald",1986,"Northern Ireland",-0.39,-0.64,-0.66,-0.64,0.17,-0.43,-0.74,-0.48,-0.2,0.99,1.4,1.53,0.2,-0.83,-0.28,-0.67
"4317","Billy Hamilton",1986,"Northern Ireland",-0.39,0.73,-0.66,2.48,-1.16,-1.18,-0.74,-1.06,-0.8,-1,-0.35,-0.56,6.5,1.63,-0.62,0.32
"4318","Colin John Clarke",1986,"Northern Ireland",1.62,0.51,-0.66,3,-0.46,-1.11,-0.74,-0.87,-0.72,-1,-0.18,-0.56,2,-0.01,1.41,-0.15
"4319","David Campbell",1986,"Northern Ireland",-0.39,-0.38,-0.66,-0.46,-0.97,-0.63,-0.74,-0.09,-0.82,-1,-0.53,-0.56,-0.7,-0.83,-0.96,-0.51
"4320","David McCreery",1986,"Northern Ireland",-0.39,-0.64,-0.66,-0.81,0.36,-0.63,-0.3,-0.68,0.96,1.44,0,-0.04,-0.7,2.46,0.73,-0.75
"4321","Ian Stewart",1986,"Northern Ireland",-0.39,0.2,5.42,-0.29,-0.29,0.26,1.01,1.65,-0.64,-0.83,-0.35,-0.56,-0.7,-1.24,0.06,2.94
"4322","James Michael Nicholl",1986,"Northern Ireland",-0.39,-0.55,0.1,-0.64,1.28,1.83,-0.74,-0.48,0.46,0.29,0.87,-0.56,-0.7,1.22,0.06,0.32
"4323","John O'Neill",1986,"Northern Ireland",-0.39,-0.24,-0.66,0.4,-0.08,-0.36,-0.74,-0.48,0.71,1.38,2.45,2.71,2.9,1.63,-0.62,-0.43
"4324","Malachy Martin Donaghy",1986,"Northern Ireland",-0.39,-0.38,-0.66,-0.81,1.49,1.56,0.14,4.18,0.63,0.92,1.4,0.53,0.2,1.63,0.4,0.68
"4325","Nigel Worthington",1986,"Northern Ireland",-0.39,-0.07,0.86,-0.81,-0.43,-0.5,0.14,-0.48,-0.42,-0.63,-0.35,-0.56,-0.7,-0.01,0.06,0.32
"4326","Norman Whiteside",1986,"Northern Ireland",1.62,0.46,-0.66,0.58,-0.21,-0.91,-0.3,-0.87,-0.46,-0.47,-0.53,-0.56,1.1,0.81,0.73,0.09
"4327","Patrick Jennings",1986,"Northern Ireland",-0.39,-0.64,-0.66,-0.81,0.95,3.41,-0.74,-1.06,-0.99,-1,-0.71,-0.56,-0.7,-1.24,-0.96,-0.15
"4328","Samuel Baxter McIlroy",1986,"Northern Ireland",-0.39,0.11,0.1,0.06,1.77,0.12,-0.3,1.27,-0.99,0.48,-0.35,-0.04,0.2,-0.83,0.73,0.48
"4329","Steve Penney",1986,"Northern Ireland",-0.39,0.11,3.14,-0.29,-0.81,-0.43,-0.74,-0.09,-0.72,-0.1,-0.35,-0.56,0.2,-0.83,0.73,1.87
"4330","Adolfino Cañete",1986,"Paraguay",-0.39,1.12,0.48,0.23,1.3,0.24,0.24,0.25,0.77,-0.29,-0.71,-0.56,1.32,1.84,3.87,1.24
"4331","Alfredo Mendoza",1986,"Paraguay",-0.39,0.62,0.48,1.27,-0.41,-0.32,1.55,0.39,0.07,0.07,-0.57,0.56,-0.7,-0.32,-0.2,1.72
"4332","Buenaventura Ferreira",1986,"Paraguay",-0.39,0.09,1.05,0.88,0.18,0.24,0.57,-0.63,0.44,-0.67,-0.18,-0.56,4.02,1.84,2.34,1.75
"4333","César Zabala",1986,"Paraguay",-0.39,-0.11,-0.09,-0.55,0.85,1.06,-0.74,-0.04,0.48,0.44,1.66,2.56,-0.03,0.61,0.57,-0.57
"4334","Jorge Amado Nunes",1986,"Paraguay",-0.39,-0.11,-0.09,0.1,1.6,0.75,1.88,0.68,0.81,0.04,0.48,0.56,-0.7,-0.62,1.33,0.41
"4335","Jorge Guasch",1986,"Paraguay",-0.39,-0.21,-0.66,-0.42,-0.47,-0.58,-0.08,-0.92,-0.63,0.77,-0.31,0.53,0.65,-0.62,0.06,-0.27
"4336","Juan Torales",1986,"Paraguay",-0.39,-0.58,-0.09,-0.81,0.32,0.55,-0.74,-0.92,0.41,1.14,1.4,-0.56,-0.03,-0.01,-0.96,-0.66
"4337","Julio César Romero",1986,"Paraguay",2.62,0.55,1.05,0.75,0.91,0.6,0.57,0.25,2.18,0.4,-0.44,1.55,-0.03,-0.01,0.31,1.04
"4338","Ramón Hicks",1986,"Paraguay",-0.39,-0.54,-0.66,-0.55,-1.53,-1.15,-0.74,-1.06,-0.99,-1,-0.71,-0.56,-0.03,-1.24,-0.7,-0.63
"4339","Roberto Cabañas",1986,"Paraguay",2.62,1.81,0.48,2.83,-0.25,-0.68,0.57,-0.48,-0.26,-1,-0.71,-0.56,2,1.53,2.85,1.75
"4340","Roberto Fernández",1986,"Paraguay",-0.39,-0.64,-0.66,-0.81,0.87,2.71,-0.74,-1.06,-0.99,-1,-0.71,-0.56,-0.7,-1.24,-0.2,-0.66
"4341","Rogelio Delgado",1986,"Paraguay",-0.39,-0.34,-0.66,-0.29,0.18,0.29,-0.41,-0.63,1.48,3.15,2.32,0.45,2,0.3,0.82,-0.24
"4342","Vladimiro Schettina",1986,"Paraguay",-0.39,-0.54,-0.66,-0.81,0.3,1.47,-0.41,-0.63,-0.65,-1,1,0.45,0.65,1.84,-0.2,0.32
"4343","Andrzej Buncol",1986,"Poland",-0.39,0.05,-0.66,0.62,-0.25,-0.32,0.57,0.98,-0.99,-1,-0.71,-0.56,-0.7,-0.62,-0.7,-0.42
"4344","Dariusz Dziekanowski",1986,"Poland",-0.39,0.95,0.48,0.49,0.83,0.29,0.9,1.85,0.27,0.05,-0.18,0.25,1.32,0.61,-0.7,1.54
"4345","Dariusz Kubicki",1986,"Poland",-0.39,-0.64,-0.66,-0.81,-1.28,-0.89,-0.74,-0.48,-0.8,-0.81,-0.44,-0.56,-0.7,-0.62,-0.7,-0.87
"4346","Jan Furtok",1986,"Poland",-0.39,-0.64,-0.66,-0.81,-1.57,-1.2,-0.74,-1.06,-0.99,-1,-0.71,-0.56,-0.7,-0.62,-0.96,-0.87
"4347","Jan Karas",1986,"Poland",-0.39,-0.21,-0.66,-0.29,-0.31,-0.68,1.23,-0.48,-0.72,-0.74,-0.57,-0.56,0.65,0.61,0.57,0.2
"4348","Jan Urban",1986,"Poland",-0.39,1.38,1.05,1.27,0.08,-0.12,1.23,0.68,-0.18,0.05,-0.71,1.04,1.32,0.3,0.82,0.03
"4349","Jozef Mlynarzyk",1986,"Poland",-0.39,-0.64,-0.66,-0.81,0.97,3.22,-0.74,-0.77,-0.99,-1,-0.44,-0.56,-0.7,-0.93,-0.45,-0.84
"4350","Kazimierz Przybys",1986,"Poland",-0.39,-0.61,-0.66,-0.81,-0.75,-0.53,-0.74,-0.63,-0.34,-0.74,-0.31,-0.56,-0.03,-0.93,-0.7,-0.57
"4351","Krzysztof Pawlak",1986,"Poland",-0.39,-0.61,0.48,-0.68,0.42,0.6,-0.08,1.12,0.1,-0.73,0.08,-0.56,-0.03,0.61,-0.45,-0.21
"4352","Marek Ostrowski",1986,"Poland",-0.39,-0.41,-0.09,-0.55,1.99,2.45,0.57,1.7,1.55,1.22,0.61,-0.56,0.65,1.22,0.57,0.26
"4353","Roman Wójcicki",1986,"Poland",-0.39,-0.64,-0.66,-0.55,0.95,0.65,-0.74,-0.04,1.35,-0.03,2.58,0.24,-0.7,-0.32,-0.2,-0.87
"4354","Ryszard Komornicki",1986,"Poland",-0.39,-0.31,2.19,-0.29,0.18,0.65,1.23,0.25,0.78,-0.17,-0.44,0.03,-0.7,-0.32,0.31,1.3
"4355","Ryszard Tarasiewicz",1986,"Poland",-0.39,-0.48,-0.66,-0.68,-0.71,-0.32,-0.41,-0.48,-0.73,-0.74,-0.57,-0.56,-0.7,-0.62,-0.96,-0.81
"4356","Stefan Majewski",1986,"Poland",-0.39,-0.28,-0.66,-0.42,0.32,-0.12,-0.08,-0.34,1.12,-0.02,1,0.03,1.32,1.84,0.06,-0.87
"4357","Waldemar Matysik",1986,"Poland",-0.39,-0.64,-0.66,-0.81,0.04,-0.48,-0.08,-0.34,0.27,1.67,0.61,0.84,-0.7,-1.24,-0.45,-0.78
"4358","Wlodzimierz Smolarek",1986,"Poland",1.11,1.58,2.19,2.57,-0.1,0.14,2.54,0.83,0.01,-0.1,-0.71,-0.56,-0.7,0.92,1.58,1.54
"4359","Zbigniew Boniek",1986,"Poland",-0.39,1.61,1.62,1.79,0.83,-0.07,1.23,0.68,-0.46,-0.43,-0.71,-0.56,-0.03,-0.01,0.82,2.79
"4360","António André",1986,"Portugal",-0.39,-0.64,-0.66,-0.81,0.14,-0.63,-0.3,-0.87,0.73,-0.08,0,-0.56,-0.7,-0.42,0.4,-0.87
"4361","António Oliveira",1986,"Portugal",-0.39,-0.64,-0.66,-0.64,-0.13,-0.08,-0.74,-1.06,0.37,1.19,3.68,1.55,2,-0.01,0.06,-0.87
"4362","António Sousa",1986,"Portugal",-0.39,1.48,-0.66,1.27,0.33,0.12,2.32,0.49,0.11,0.53,-0.71,-0.56,-0.7,0.4,1.41,0.28
"4363","Augusto Inácio",1986,"Portugal",-0.39,-0.64,0.1,-0.64,0.63,0.53,-0.74,-0.29,-0.63,-0.44,0.17,-0.56,-0.7,-0.01,-0.62,-0.19
"4364","Carlos Manuel",1986,"Portugal",1.62,1.57,4.66,0.06,0.57,0.87,1.88,2.24,0.39,0.61,-0.35,-0.56,-0.7,-0.83,3.1,4.76
"4365","Diamantino",1986,"Portugal",1.62,-0.11,0.1,-0.12,0.28,0.33,1.88,0.49,-0.63,-0.03,-0.71,0.54,-0.7,-0.42,0.73,0.12
"4366","Fernando Gomes",1986,"Portugal",-0.39,-0.11,-0.66,1.79,-0.75,-0.91,-0.74,-0.68,-0.71,-0.28,-0.71,-0.56,1.1,-0.01,1.07,0.24
"4367","Frederico",1986,"Portugal",-0.39,-0.07,-0.66,0.23,-0.54,-0.43,-0.74,-0.87,0.3,0.81,3.5,1.8,1.1,-0.01,-0.28,-0.87
"4368","Jaime Pacheco",1986,"Portugal",-0.39,0.2,0.86,0.06,2.69,1.01,2.32,3.01,1.24,1.02,-0.18,-0.56,-0.7,0.4,-0.28,-0.31
"4369","Magalháes",1986,"Portugal",-0.39,-0.42,2.38,0.92,-0.21,0.19,0.57,-0.48,0.5,-0.72,-0.53,0.29,-0.7,0.81,-0.28,0.6
"4370","Manuel Bento",1986,"Portugal",-0.39,-0.64,-0.66,-0.81,-0.94,-0.43,-0.74,-1.06,-0.99,-1,-0.71,-0.56,-0.7,-1.24,-0.62,-0.87
"4371","Paulo Futre",1986,"Portugal",-0.39,0.2,0.1,1.62,-0.92,-1.04,1.45,0.49,-0.43,-0.59,-0.71,-0.56,0.2,-0.83,1.75,-0.31
"4372","Rui Aguas",1986,"Portugal",-0.39,-0.51,-0.66,-0.12,-1.46,-1.18,-0.74,-1.06,-0.71,-0.45,-0.71,-0.56,-0.7,-1.24,-0.96,-0.55
"4373","Vitor Damas",1986,"Portugal",-0.39,-0.64,-0.66,-0.81,-0.21,0.26,-0.74,-1.06,-0.99,-1,-0.71,-0.56,-0.7,-0.83,-0.96,-0.87
"4374","Álvaro",1986,"Portugal",-0.39,-0.64,-0.66,-0.81,1.2,1.56,-0.3,-0.09,1.21,1.47,0.52,0.07,-0.7,0.4,0.06,-0.67
"4375","Alex McLeish",1986,"Scotland",-0.39,-0.51,-0.66,-0.12,-0.62,-0.63,-0.74,-0.87,-0.63,-0.65,-0.53,0.52,0.2,-1.24,-0.96,-0.87
"4376","Arthur Albiston",1986,"Scotland",-0.39,-0.42,-0.66,-0.12,-0.35,0.12,-0.74,0.49,1.21,-0.14,0,-0.56,-0.7,-0.83,-0.96,0.01
"4377","Charlie Nicholas",1986,"Scotland",-0.39,-0.07,-0.66,0.58,-1.03,-0.97,1.01,-0.87,-0.99,-0.3,-0.71,-0.56,-0.7,-1.24,0.06,1.27
"4378","David Narey",1986,"Scotland",-0.39,-0.64,-0.66,-0.81,0.06,-0.08,-0.74,-0.68,1.19,0.15,0.17,0.31,-0.7,0.4,-0.28,-0.87
"4379","Davie Cooper",1986,"Scotland",-0.39,-0.64,0.1,0.06,-1.22,-0.77,0.14,0.1,-0.99,-0.57,-0.71,-0.56,-0.7,-0.83,-0.96,0.4
"4380","Eamonn Bannon",1986,"Scotland",-0.39,-0.11,-0.66,0.23,-0.97,-0.7,-0.3,0.3,-0.63,-0.71,-0.18,-0.56,-0.7,-0.42,-0.28,-0.39
"4381","Frank McAvennie",1986,"Scotland",-0.39,0.46,-0.66,0.23,-1.51,-1.11,-0.74,-0.87,-0.34,-1,-0.71,-0.56,-0.7,-1.24,-0.28,-0.87
"4382","Gordon Strachan",1986,"Scotland",1.62,-0.29,3.9,1.79,1.77,2.24,1.01,0.68,0.3,0.06,-0.53,-0.56,-0.7,-0.42,1.07,2.94
"4383","Graeme Sharp",1986,"Scotland",-0.39,-0.64,-0.66,0.92,-1.32,-1.25,-0.3,-1.06,-0.55,-1,-0.71,-0.56,-0.7,-0.83,-0.62,0.12
"4384","Graeme Souness",1986,"Scotland",-0.39,0.24,0.86,-0.64,1.66,1.29,-0.74,-0.09,0.08,0.05,-0.53,-0.56,-0.7,-0.42,-0.96,0.64
"4385","Jim Leighton",1986,"Scotland",-0.39,-0.64,-0.66,-0.81,0.36,1.7,-0.74,-1.06,-0.99,-1,-0.71,-0.56,-0.7,-1.24,-0.96,-0.87
"4386","Maurice Malpas",1986,"Scotland",-0.39,-0.51,-0.66,-0.29,0.87,0.94,-0.74,1.85,0.79,0.55,0.17,0.52,-0.7,0.4,-0.28,-0.27
"4387","Paul McStay",1986,"Scotland",-0.39,-0.47,0.1,-0.64,-0.27,0.53,0.14,-0.48,-0.11,0.29,-0.71,0.77,-0.7,0.4,-0.62,-0.31
"4388","Paul Sturrock",1986,"Scotland",-0.39,-0.64,0.86,1.79,-0.97,-1.11,1.01,-0.48,-0.99,-1,-0.71,-0.56,0.2,-0.83,0.73,0.28
"4389","Richard Gough",1986,"Scotland",-0.39,1.66,-0.66,4.39,1.28,2.24,-0.74,-0.29,0.23,-1,1.57,-0.56,3.8,0.4,-0.62,0.4
"4390","Roy Aitken",1986,"Scotland",-0.39,-0.29,1.62,1.44,0.28,0.05,-0.74,0.1,1.96,0.86,-0.71,-0.56,0.2,2.87,1.41,0.72
"4391","Steve Archibald",1986,"Scotland",-0.39,-0.64,-0.66,-0.81,-1.13,-1.25,-0.74,-0.87,-0.99,-1,-0.71,-0.56,-0.7,-0.42,0.06,-0.87
"4392","Steve Nicol",1986,"Scotland",-0.39,0.86,3.14,1.27,-0.1,0.19,-0.3,-0.48,0.09,0,-0.35,-0.56,-0.7,-0.01,-0.28,1.12
"4393","Willie Miller",1986,"Scotland",-0.39,-0.64,-0.66,-0.46,0.76,-0.02,-0.74,-0.48,2.7,0.41,1.05,3.13,-0.7,0.81,-0.62,-0.87
"4394","Bum-Kun Cha",1986,"South Korea",-0.39,0.24,0.1,3,0.06,-0.63,0.14,-0.29,0.02,-0.51,-0.53,-0.56,3.8,-0.42,1.07,1.79
"4395","Byung Ho Byun",1986,"South Korea",-0.39,0.95,0.86,1.62,-0.16,-0.08,-0.3,-0.68,0.32,1.01,-0.53,1.82,-0.7,0.4,-0.28,0.68
"4396","Chang-Sun Park",1986,"South Korea",1.62,0.42,1.62,0.92,0.38,-0.15,-0.3,0.1,1.11,-1,-0.53,-0.56,-0.7,0.81,-0.62,1.79
"4397","Chung Yong-Hwan",1986,"South Korea",-0.39,-0.6,0.1,-0.81,0.71,0.53,0.14,0.1,2.39,0.53,1.75,0.8,0.2,0.4,0.06,-0.23
"4398","Jong Soon Chung",1986,"South Korea",-0.39,-0.64,0.1,-0.81,-1.03,-0.5,-0.74,-1.06,-0.45,-0.73,-0.35,-0.56,-0.7,-0.42,-0.28,-0.87
"4399","Jong-Boo Kim",1986,"South Korea",1.62,-0.07,0.86,0.23,-1.32,-1.11,-0.3,-0.87,-0.99,-1,-0.71,-0.56,-0.7,-1.24,-0.96,-0.31
"4400","Joo-Sung Kim",1986,"South Korea",-0.39,0.06,0.86,0.58,-0.32,-0.15,1.45,0.68,-0.25,-0.49,-0.53,-0.56,-0.7,1.63,0.4,0.4
"4401","Jung-Moo Huh",1986,"South Korea",1.62,0.33,0.86,0.06,1.22,1.56,0.57,-0.29,0.77,0.43,-0.18,0.11,-0.7,2.87,-0.28,0.88
"4402","Kwang-Rae Cho",1986,"South Korea",-0.39,0.46,0.1,-0.29,1.14,1.76,0.57,-0.09,0.47,1.49,-0.18,-0.56,-0.7,0.81,1.41,1.59
"4403","Kyung-Hoon Park",1986,"South Korea",-0.39,-0.64,0.1,-0.81,0.71,0.74,-0.74,-0.09,1.53,1.29,0.52,1.82,-0.7,3.28,1.41,-0.19
"4404","Min-Kook Cho",1986,"South Korea",-0.39,-0.51,-0.66,-0.81,-0.67,-0.63,-0.74,-0.87,-0.99,-0.56,1.22,0.11,2,-1.24,-0.62,-0.87
"4405","Soo-Jin Noh",1986,"South Korea",-0.39,-0.55,-0.66,-0.81,-1.08,-0.5,-0.3,-1.06,-0.99,-0.49,-0.71,-0.56,-0.7,-1.24,-0.28,-0.87
"4406","Soon-Ho Choi",1986,"South Korea",1.62,1.3,-0.66,1.62,-0.62,-0.77,1.45,0.1,-0.99,-1,-0.53,-0.56,2,-0.01,0.06,1.08
"4407","Yong-Se Kim",1986,"South Korea",-0.39,-0.64,0.1,-0.81,-1.43,-1.18,-0.74,-1.06,-0.77,-0.56,-0.53,-0.56,-0.7,-0.42,-0.62,-0.55
"4408","Young-Jeung Cho",1986,"South Korea",-0.39,-0.64,-0.66,-0.81,-0.21,-0.08,-0.74,-1.06,0.84,0.28,0.87,0.26,0.2,-0.42,-0.28,-0.87
"4409","Yun-Kyo Ho",1986,"South Korea",-0.39,-0.64,-0.66,-0.81,0.57,2.72,-0.74,-1.06,-0.99,-0.49,-0.71,-0.56,-0.7,-1.24,-0.62,-0.87
"4410","Andoni Zubizarreta",1986,"Spain",-0.39,-0.64,-0.66,-0.81,0.45,2.33,-0.74,-1.06,-0.99,-1,-0.61,-0.56,0.31,-1.24,-0.77,-0.69
"4411","Antonio Maceda",1986,"Spain",-0.39,-0.64,-0.66,-0.61,-0.98,-0.67,-0.74,-0.85,-0.99,-0.48,-0.11,-0.56,-0.2,-1.24,-0.96,-0.87
"4412","Chendo",1986,"Spain",-0.39,-0.64,-0.66,-0.81,-1.1,-0.9,-0.74,-1.06,-0.72,-1,-0.11,-0.56,0.31,-1.01,-0.39,-0.87
"4413","Eloy Olaya",1986,"Spain",0.74,-0.24,1.05,0.85,-1.27,-0.98,-0.74,-0.63,-0.59,-0.82,-0.61,-0.56,-0.7,-0.78,-0.2,0.72
"4414","Emilio Butragueno",1986,"Spain",5.26,3.59,0.19,2.89,-0.64,-0.48,0.98,0.03,-0.68,-0.1,-0.61,-0.56,-0.2,-0.55,1.33,2.54
"4415","Francisco",1986,"Spain",-0.39,-0.37,-0.66,-0.32,0.47,0.22,0.24,0.57,-0.29,-0.62,-0.51,-0.16,-0.7,-0.32,-0.2,-0.22
"4416","Goikoetxea",1986,"Spain",0.74,1.65,-0.66,0.17,-0.19,-0.4,-0.74,-0.63,-0.55,-0.26,0.87,0.6,1.83,1.3,0.37,-0.69
"4417","Jose Antonio Camacho",1986,"Spain",-0.39,-0.19,0.19,0.36,0.56,0.99,-0.49,0.03,0.37,0.73,0.48,2.66,-0.2,-0.32,0.18,0.23
"4418","Juan Senor",1986,"Spain",0.74,-0.39,-0.66,-0.81,-0.83,-0.4,0,-0.41,-0.41,-0.73,-0.71,-0.56,-0.7,-1.24,-0.01,-0.38
"4419","Julio Alberto",1986,"Spain",-0.39,-0.15,0.62,-0.32,-0.12,0.25,-0.25,-0.08,-0.72,0.43,-0.11,-0.56,-0.7,-0.32,-0.39,0.29
"4420","Julio Salinas",1986,"Spain",0.74,0.35,-0.23,2.02,-0.95,-1.09,-0.74,-0.3,-0.73,-0.65,-0.71,-0.56,0.31,-0.78,1.14,0.38
"4421","Manuel Lopes da Silva Tomas",1986,"Spain",-0.39,-0.59,-0.23,-0.81,0.09,1.1,-0.25,-0.3,0.27,-0.13,-0.31,-0.56,-0.2,0.61,-0.2,-0.09
"4422","Michel",1986,"Spain",-0.39,1.37,1.48,1.43,0.67,1.37,0.74,0.9,0.02,0.46,-0.41,-0.56,0.31,0.15,-0.2,2.12
"4423","Munoz Manrique Victor",1986,"Spain",-0.39,0.2,1.48,0.26,1.19,0.25,1.47,0.68,1.19,0.74,-0.31,-0.56,-0.2,1.3,0.18,0.65
"4424","Rafael Gordillo",1986,"Spain",-0.39,-0.44,-0.23,-0.42,-1.44,-0.98,-0.74,-0.41,-0.99,-1,-0.71,-0.56,-0.7,-1.01,-0.96,-0.8
"4425","Ramón Calderé",1986,"Spain",1.87,1.8,-0.23,2.11,-0.19,-0.36,-0.25,-0.52,0.01,-0.52,-0.71,-0.56,-0.7,-0.55,0.18,0.56
"4426","Ricardo Gallego",1986,"Spain",-0.39,-0.49,-0.23,-0.52,1.22,0.83,-0.49,1.23,0.32,-0.09,0.18,2.83,1.83,-0.32,0.37,-0.02
"4427","Tomas Reñones",1986,"Spain",-0.39,-0.64,-0.66,-0.81,-1.02,-0.52,-0.74,-0.63,-0.86,-0.74,-0.21,-0.56,-0.7,-1.01,-0.77,-0.69
"4428","Aleksandr Bubnov",1986,"USSR",-0.39,-0.64,-0.66,-0.81,-1.35,-1.15,-0.74,-0.93,-0.54,-0.11,-0.22,0.13,0.54,-0.67,-0.72,-0.87
"4429","Aleksandr Zavarov",1986,"USSR",1,1.23,-0.13,0.51,0.23,-0.4,3.19,1.36,0.88,-0.05,-0.71,-0.56,-0.08,1.03,0.45,0.64
"4430","Anatoli Demyanenko",1986,"USSR",-0.39,0,0.39,-0.21,0.96,0.65,0.17,0.55,-0.24,3,-0.1,-0.56,-0.08,0.75,-0.72,0.29
"4431","Andrei Bal",1986,"USSR",-0.39,-0.4,-0.13,-0.57,0.36,0.46,-0.44,0.41,0.31,0.22,-0.1,-0.56,-0.08,-0.67,0.21,-0.59
"4432","Gennadiy Lytovchenko",1986,"USSR",-0.39,0,1.44,-0.33,-1.2,-0.73,-0.44,-0.39,-0.99,-0.33,-0.58,-0.56,-0.7,-0.67,-0.72,0.67
"4433","Gennadiy Morozov",1986,"USSR",-0.39,-0.64,-0.66,-0.81,-1.16,-1.06,-0.44,-0.93,-0.08,-0.55,0.27,-0.56,-0.08,-0.96,-0.49,-0.87
"4434","Igor Belanov",1986,"USSR",5.17,6.8,1.44,3.03,-0.58,-0.87,1.08,0.41,0.41,-0.4,-0.71,1.06,0.54,0.18,0.45,1.58
"4435","Ivan Yaremchuk",1986,"USSR",1,0.43,0.92,1.11,0.51,-0.06,4.1,0.95,-0.13,0.79,-0.46,-0.56,0.54,-0.1,2.56,1.55
"4436","Nikolay Larionov",1986,"USSR",-0.39,-0.64,0.39,-0.81,-0.07,0.27,-0.13,-0.66,0.83,0.88,-0.22,0.1,-0.7,0.47,0.68,-0.1
"4437","Oleg Kuznetzov",1986,"USSR",-0.39,-0.06,-0.66,-0.33,2.23,0.88,-0.74,0.15,1.54,3.69,1.24,1.71,1.79,0.75,-0.72,0.01
"4438","Oleg Protasov",1986,"USSR",-0.39,-0.24,-0.66,-0.57,-1.5,-1.11,-0.74,-0.93,-0.54,-1,-0.71,-0.56,-0.7,-0.67,-0.72,-0.76
"4439","Oleh Blokhin",1986,"USSR",1,0.37,-0.66,0.27,-1.18,-1.15,-0.13,-0.79,-0.67,-0.77,-0.58,-0.56,-0.08,-0.96,-0.49,-0.34
"4440","Pavel Yakovenko",1986,"USSR",1,0.03,-0.13,-0.09,0.21,-0.58,1.68,0.95,2.49,2.2,-0.58,-0.56,-0.7,0.18,-0.25,0.07
"4441","Rinat Dasayev",1986,"USSR",-0.39,-0.64,-0.66,-0.81,0.73,1.93,-0.74,-1.06,-0.99,-1,-0.71,-0.56,-0.08,-1.24,-0.72,-0.87
"4442","Sergei Rodionov",1986,"USSR",1,2.42,-0.66,1.23,-0.6,-0.92,0.77,-0.12,-0.44,0.26,-0.58,-0.56,0.54,0.47,-0.49,0.97
"4443","Sergey Aleinikov",1986,"USSR",1,0.25,0.39,-0.45,1.95,0.17,0.17,-0.26,1.41,2.6,-0.22,0.13,-0.7,1.32,-0.02,0.83
"4444","Vadym Yevtushenko",1986,"USSR",-0.39,2.45,0.39,0.15,-0.62,-0.58,-0.13,-0.12,-0.31,-0.77,-0.46,-0.56,-0.7,-0.96,-0.49,0.15
"4445","Vassili Rats",1986,"USSR",1,0.49,3.02,0.39,-0.09,-0.21,1.08,0.41,0.59,1.03,-0.46,-0.56,-0.08,0.18,0.68,1.99
"4446","Viktor Chanov",1986,"USSR",-0.39,-0.64,-0.66,-0.81,-1.07,-0.44,-0.74,-1.06,-0.99,-1,-0.71,-0.56,-0.7,-1.24,-0.96,-0.87
"4447","Vladimir Bessonov",1986,"USSR",-0.39,-0.64,-0.66,-0.81,1.17,0.32,0.47,0.55,2.44,2.34,0.75,-0.56,-0.7,-0.96,-0.49,-0.23
"4448","Alfonso Pereira",1986,"Uruguay",-0.39,-0.44,-0.66,-0.55,-0.1,-0.58,-0.08,-0.77,-0.22,0.57,0.87,-0.56,0.65,1.22,-0.45,-0.87
"4449","Antonio Alzamendi",1986,"Uruguay",1.11,0.39,-0.09,0.88,-1.32,-1.15,0.24,-0.19,-0.85,-1,-0.71,-0.13,-0.03,-0.01,-0.45,-0.27
"4450","Eduardo Mario Acevedo",1986,"Uruguay",-0.39,-0.64,-0.66,-0.55,-0.49,-0.53,-0.74,-0.92,-0.47,-0.38,0.87,1.14,-0.7,0.61,-0.2,-0.87
"4451","Eliseo Rivero",1986,"Uruguay",-0.39,-0.48,-0.66,-0.81,-1.04,-0.63,-0.41,-0.92,-0.71,0.08,-0.31,-0.56,-0.7,-0.93,-0.2,-0.78
"4452","Enzo Francescoli",1986,"Uruguay",1.11,3.24,1.05,1.4,-0.06,-0.38,2.21,1.27,-0.35,-0.59,-0.57,-0.13,0.65,0.92,5.9,0.53
"4453","Fernando Alvez",1986,"Uruguay",-0.39,-0.64,-0.66,-0.81,0.06,1.37,-0.74,-0.92,-0.99,-1,-0.71,-0.56,-0.7,-1.24,-0.2,-0.78
"4454","Jorge Orosmán da Silva Echeverrito",1986,"Uruguay",-0.39,0.09,-0.66,-0.03,-0.92,-1.15,1.23,-0.04,-0.99,-1,-0.71,-0.56,-0.7,0.92,1.07,-0.48
"4455","Jorge Wálter Barrios",1986,"Uruguay",-0.39,-0.64,-0.66,-0.55,-0.37,-0.68,-0.74,-0.63,0.42,0.23,-0.57,-0.56,-0.7,1.84,-0.45,-0.84
"4456","José Alberto Batista",1986,"Uruguay",-0.39,-0.01,-0.66,-0.81,-0.57,-0.27,-0.74,-0.63,-0.68,-0.72,-0.18,-0.56,-0.7,0.3,-0.96,-0.66
"4457","José Zalazar",1986,"Uruguay",-0.39,-0.58,-0.66,-0.68,-1.45,-1.15,-0.08,-0.48,-0.99,-0.92,-0.71,-0.56,-0.7,-1.24,-0.45,-0.57
"4458","Mario Saralegui",1986,"Uruguay",-0.39,-0.48,-0.66,-0.16,-0.73,-0.63,-0.41,-0.34,-0.78,-0.83,-0.71,-0.56,-0.7,-0.01,-0.45,-0.66
"4459","Miguel Angel Bossio",1986,"Uruguay",-0.39,-0.64,-0.66,-0.81,-0.47,0.09,-0.41,-0.34,-0.7,-0.17,0.35,-0.56,-0.03,1.22,0.06,-0.72
"4460","Nelson Gutierrez",1986,"Uruguay",-0.39,-0.64,-0.66,-0.42,0.59,0.65,-0.41,1.99,0.02,-0.86,3.9,0.7,2,-0.01,0.06,-0.69
"4461","Ruben Walter Paz Marquez",1986,"Uruguay",-0.39,-0.41,-0.66,-0.42,-1.53,-1.15,0.57,-0.92,-0.99,-1,-0.71,-0.56,-0.7,-0.93,-0.96,-0.84
"4462","Sergio Rodolfo Santín",1986,"Uruguay",-0.39,-0.38,0.48,-0.42,0.12,-0.17,-0.08,1.12,-0.57,-0.57,-0.18,-0.56,-0.03,0.3,3.61,0.11
"4463","Venancio Ariel Ramos",1986,"Uruguay",-0.39,-0.28,1.05,0.23,-0.02,-0.22,2.86,2.29,-0.42,-0.73,-0.44,-0.56,-0.7,-0.32,1.33,1.48
"4464","Victor Hugo Diogo",1986,"Uruguay",-0.39,-0.01,0.48,-0.68,0.2,0.81,0.9,-0.04,-0.26,-0.09,1.66,-0.06,-0.03,-0.01,-0.2,0.41
"4465","Wilmar Cabrera",1986,"Uruguay",-0.39,0.32,-0.66,0.36,-1.12,-0.99,-0.41,-0.77,-0.08,-1,0.22,0.71,0.65,-0.01,0.06,-0.57
"4466","Andreas Brehme",1986,"West Germany",0.43,0.08,1.2,-0.74,0.65,0.94,0.16,0.37,0.68,0.12,0.08,0.41,-0.7,0.44,-0.13,0.64
"4467","Dieter Hoeness",1986,"West Germany",-0.39,-0.53,-0.66,-0.31,-1.55,-1.19,-0.74,-0.98,-0.84,-0.53,-0.71,-0.09,0.03,-1.07,-0.68,-0.87
"4468","Ditmar Jakobs",1986,"West Germany",-0.39,-0.61,-0.66,-0.81,0.52,0.29,-0.74,-0.35,0.48,1.82,1.88,-0.09,-0.34,1.62,-0.68,-0.75
"4469","Felix Magath",1986,"West Germany",-0.39,-0.1,0.89,0.96,0.7,0.24,1.41,0.84,1.1,0,-0.49,-0.08,-0.7,0.1,1.26,1.08
"4470","Hans-Peter Briegel",1986,"West Germany",-0.39,-0.01,-0.04,0.47,0.09,0.63,1.94,1.24,1.32,1.16,0.44,0.09,0.77,0.78,1.81,-0.27
"4471","Harald Anton Schumacher",1986,"West Germany",-0.39,-0.64,-0.66,-0.81,0.37,2.03,-0.74,-1.06,-0.99,-0.84,-0.56,-0.56,-0.7,-1.24,-0.4,-0.87
"4472","Karl-Heinz Rummenigge",1986,"West Germany",0.43,1.42,-0.04,1.39,-0.88,-0.91,0.16,0.05,-0.68,-0.68,-0.71,-0.08,0.4,0.27,0.98,0.01
"4473","Karlheinz Förster",1986,"West Germany",-0.39,-0.62,-0.04,-0.31,0.86,0.21,-0.56,-0.19,0.28,0.97,0.94,0.59,0.4,0.78,0.98,-0.23
"4474","Klaus Allofs",1986,"West Germany",1.25,0.99,1.83,2.03,0.26,-0.1,0.69,0.92,-0.33,-0.76,-0.56,-0.56,0.4,0.44,1.53,2.21
"4475","Klaus Augenthaler",1986,"West Germany",-0.39,-0.48,-0.66,-0.81,-0.47,-0.32,-0.74,-0.43,0.05,-0.82,-0.13,-0.56,1.14,-0.4,-0.68,-0.7
"4476","Lothar Matthäus",1986,"West Germany",0.43,0.9,2.14,0.54,0.69,0.15,1.05,1,2.39,1.79,-0.13,0.13,-0.34,1.95,1.95,1.53
"4477","Matthias Herget",1986,"West Germany",-0.39,-0.57,-0.66,-0.81,-1.02,-0.83,-0.74,-0.59,-0.65,-0.78,-0.71,-0.56,-0.7,-1.24,-0.96,-0.59
"4478","Norbert Eder",1986,"West Germany",-0.39,-0.46,-0.04,0.32,1.02,0.6,-0.2,0.52,0.03,1.89,0.23,-0.56,0.4,0.44,1.53,-0.1
"4479","Pierre Littbarski",1986,"West Germany",-0.39,0.01,-0.04,-0.17,-0.96,-0.66,0.33,0.37,-0.52,-0.82,-0.63,-0.56,-0.7,-0.9,-0.4,-0.07
"4480","Rudi Völler",1986,"West Germany",2.07,2.04,0.27,2.38,-0.92,-1.08,-0.02,-0.27,-0.66,-0.78,-0.71,-0.08,-0.7,-0.23,-0.27,-0.01
"4481","Thomas Berthold",1986,"West Germany",-0.39,0.19,-0.35,1.46,0.41,-0.02,0.33,0.76,1.31,0.31,-0.42,-0.35,0.03,1.11,0.7,-0.28
"4482","Wolfgang Rolff",1986,"West Germany",-0.39,-0.57,-0.35,-0.67,-1.28,-1.22,-0.56,-0.83,-0.99,-0.37,-0.42,-0.08,-0.34,-0.57,-0.4,-0.77
"4483","Abdelmajid Bourebbou",1982,"Algeria",-0.5,-0.72,-0.6,-0.2,-1.43,-1.09,-0.77,-0.93,-1.01,-0.81,-0.57,-0.57,-0.65,-1.13,-0.93,-0.45
"4484","Ali Fergani",1982,"Algeria",-0.5,-0.42,-0.6,-0.62,1.31,0.04,-0.4,0.46,-0.45,-0.03,0.23,0.82,0.01,0.35,0.68,0.38
"4485","Chaabane Merzekane",1982,"Algeria",-0.5,-0.46,-0.6,0.22,0.25,0.79,1.84,1.85,1.18,1.17,2,0.31,-0.65,1.47,1.01,-0.28
"4486","Djamel Zidane",1982,"Algeria",-0.5,0.22,-0.6,-0.06,-0.69,-1.09,0.35,0.15,-1.01,-0.56,-0.57,-0.57,1.34,-1.13,-0.28,-0.22
"4487","Fawzi Mansouri",1982,"Algeria",-0.5,-0.5,-0.6,-0.2,0.32,-0.15,-0.77,-0.16,0.51,-0.43,1.52,0.31,0.67,0.35,-0.28,-0.55
"4488","Hocine Yahi",1982,"Algeria",-0.5,-0.72,0.64,-0.76,-1.26,-0.78,-0.77,-0.62,-0.73,-0.94,-0.57,-0.57,-0.65,-0.02,-0.61,-0.35
"4489","Lakdhar Belloumi",1982,"Algeria",1.49,0.98,0.64,0.36,-0.57,-0.9,-0.77,0.15,-1.01,-0.69,-0.25,1.25,-0.65,-1.13,-0.93,-0.05
"4490","Mahmoud Guendouz",1982,"Algeria",-0.5,-0.72,-0.6,-0.76,-0.12,-0.02,-0.77,-1.09,0.09,0.86,4.57,2.6,1.34,-0.02,-0.61,-0.84
"4491","Mehdi Cerbah",1982,"Algeria",-0.5,-0.72,-0.6,-0.76,-0.05,1.11,-0.77,-1.09,-1.01,-0.94,-0.57,-0.57,-0.65,-1.13,1.01,-0.84
"4492","Mustafa Dahleb",1982,"Algeria",-0.5,-0.38,0.64,-0.48,0.99,0.1,-0.02,0.92,1.02,0.73,-0.09,0.31,-0.65,1.84,0.36,0.44
"4493","Nouredine Kourichi",1982,"Algeria",-0.5,-0.72,-0.6,-0.76,-0.49,-0.34,-0.77,-0.47,0.1,-0.31,2.8,2.16,0.01,0.35,-0.93,-0.71
"4494","Rabah Madjer",1982,"Algeria",1.49,1.7,0.64,0.5,0.32,0.1,0.72,2.78,-0.73,0.22,0.07,-0.57,2,0.35,0.68,0.51
"4495","Salah Assad",1982,"Algeria",3.48,2.51,1.26,1.9,0.42,0.29,1.09,2.62,-0.46,-0.81,-0.57,-0.1,0.01,-0.02,1.33,0.51
"4496","Salah Larbes",1982,"Algeria",-0.5,-0.72,-0.6,-0.76,-0.96,-0.46,-0.4,-0.78,-0.45,-0.55,-0.09,0.36,-0.65,0.35,-0.93,-0.68
"4497","Tedj Bensaoula",1982,"Algeria",1.49,2.46,-0.6,1.34,-0.91,-1.09,0.72,0.15,-1.01,-0.55,-0.73,-0.57,-0.65,-0.39,-0.61,0.64
"4498","Alberto Taranti",1982,"Argentina",-0.5,-0.62,0.52,0,1,1.77,0.35,-0.34,3.25,1.06,0.23,1.17,0.14,0.43,-0.16,-0.17
"4499","Americo Gallego",1982,"Argentina",-0.5,0.05,-0.6,-0.34,1.18,0.27,-0.54,-0.16,1.81,1.38,-0.45,0.39,0.54,0.43,-0.16,-0.7
"4500","Daniel Bertoni",1982,"Argentina",1.89,1.85,1.63,1.34,0.04,-0.11,0.13,0.4,1.21,-0.12,-0.64,0.39,0.54,-0.46,2.17,1.71
"4501","Daniel Passarella",1982,"Argentina",1.89,2.77,-0.6,2.52,1.52,1.62,-0.32,-0.16,2.03,1.4,0.9,0.34,7.3,1.32,-0.35,0.4
"4502","Diego Maradona",1982,"Argentina",1.89,2.92,0.52,4.2,1.12,0.68,5.49,1.97,0.96,0.58,-0.73,0.34,-0.25,1.1,6.05,2.28
"4503","Gabriel Calderon",1982,"Argentina",-0.5,-0.13,2,0.92,-0.36,-0.64,1.02,0.86,-0.17,-0.67,-0.73,-0.57,-0.65,-0.46,-0.35,1.43
"4504","Jorge Olguin",1982,"Argentina",-0.5,-0.31,2.37,-0.42,1.67,2.6,0.13,0.21,3.69,1.16,-0.16,-0.57,-0.65,0.65,1.01,0.82
"4505","Jorge Valdano",1982,"Argentina",-0.5,-0.21,-0.6,-0.17,-1.49,-1.28,-0.77,-0.99,-1.01,-0.94,-0.73,-0.57,0.14,-0.69,-0.54,-0.53
"4506","Jose Daniel Valencia",1982,"Argentina",-0.5,-0.72,-0.6,-0.67,-1.56,-1.17,-0.77,-0.9,-0.72,-0.94,-0.73,-0.57,-0.65,-1.13,-0.74,-0.61
"4507","Juan Barbas",1982,"Argentina",-0.5,-0.54,-0.6,-0.34,-0.85,-0.64,-0.54,-0.9,-0.22,-0.44,-0.73,-0.57,-0.65,-0.69,-0.16,-0.57
"4508","Luis Galvan",1982,"Argentina",-0.5,-0.72,-0.6,-0.76,1.05,1.17,-0.77,-0.34,1.32,1.86,0.13,0.26,1.73,0.43,-0.93,-0.78
"4509","Mario Kempes",1982,"Argentina",-0.5,1.19,1.26,0.08,1.27,0.49,2.14,0.12,0.62,-0.14,-0.45,-0.57,-0.25,0.21,0.04,2.02
"4510","Osvaldo Ardiles",1982,"Argentina",0.69,0.45,-0.23,0.17,2.39,0.98,1.02,1.23,3.35,3.08,-0.73,-0.57,-0.65,0.21,1.59,0.76
"4511","Ramon Angel Diaz",1982,"Argentina",0.69,0.48,-0.6,0.76,-0.89,-0.94,0.13,-0.53,-1.01,-0.94,-0.73,-0.57,-0.65,-0.91,-0.74,-0.19
"4512","Santiago Santamaria",1982,"Argentina",-0.5,-0.49,0.14,0.25,-1.46,-1.05,-0.32,-0.62,-0.76,-0.94,-0.73,-0.57,0.14,-0.91,-0.93,0.13
"4513","Ubaldo Fillol",1982,"Argentina",-0.5,-0.72,-0.6,-0.76,-0.32,1.02,-0.77,-1.09,-1.01,-0.94,-0.54,-0.57,-0.65,-1.13,-0.74,-0.84
"4514","Anton Pichler",1982,"Austria",-0.5,-0.72,-0.6,-0.76,-1.17,-1.13,-0.77,-0.62,-0.82,-0.94,-0.64,-0.57,-0.65,-0.69,-0.74,-0.64
"4515","Bernd Krauss",1982,"Austria",-0.5,-0.39,0.14,-0.42,1.08,1.21,-0.54,0.95,1.74,0.56,0.42,0.56,0.14,1.55,-0.16,-0.15
"4516","Bruno Pezzey",1982,"Austria",0.69,-0.03,-0.6,-0.25,1.22,1.55,0.35,1.42,2.82,1.42,1,1.72,0.14,-0.24,-0.16,-0.49
"4517","Erich Obermayer",1982,"Austria",-0.5,-0.72,-0.6,-0.67,0.96,0.53,-0.77,0.03,1.69,0.85,1.97,0.73,-0.65,-0.46,-0.16,-0.72
"4518","Ernst Baumeister",1982,"Austria",-0.5,-0.39,-0.23,-0.42,-0.37,-0.45,-0.1,-0.07,0.09,0.68,-0.16,-0.57,-0.25,-0.24,-0.16,-0.15
"4519","Friedrich Koncilia",1982,"Austria",-0.5,-0.72,-0.6,-0.76,0.32,1.66,-0.77,-0.99,-1.01,-0.94,-0.73,-0.57,0.14,-1.13,-0.74,-0.84
"4520","Gernot Jurtin",1982,"Austria",-0.5,-0.56,-0.6,-0.59,-1.43,-1.2,-0.32,-0.9,-1.01,-0.94,-0.73,-0.57,-0.25,-1.13,-0.74,-0.84
"4521","Hans Johann Krankl",1982,"Austria",0.69,0.71,-0.6,0.67,-0.82,-1.02,-0.1,0.12,-0.84,-0.75,-0.73,-0.57,-0.25,-0.91,0.43,-0.17
"4522","Herbert Prohaska",1982,"Austria",-0.5,-0.72,0.89,-0.76,2.76,1.59,0.35,2.99,0.79,-0.29,-0.25,0.75,-0.65,-0.02,0.43,0.84
"4523","Heribert Weber",1982,"Austria",-0.5,-0.51,-0.23,-0.5,-0.46,-0.26,-0.54,-0.9,-0.27,-0.47,-0.25,-0.57,-0.65,-0.69,-0.16,-0.66
"4524","Johann Pregesbauer",1982,"Austria",-0.5,-0.72,-0.6,-0.76,-1.34,-1.02,-0.54,-0.72,-0.64,-0.94,-0.73,-0.57,-0.65,-0.91,-0.93,-0.84
"4525","Josef Degeorgi",1982,"Austria",-0.5,-0.72,-0.6,-0.42,-0.05,-0.19,-0.32,-0.25,0.24,0.48,0.04,-0.06,-0.65,-0.24,-0.35,-0.13
"4526","Kurt Jara",1982,"Austria",-0.5,-0.56,-0.6,-0.76,-1.51,-1.24,-0.77,-0.99,-1.01,-0.94,-0.64,-0.57,-0.65,-1.13,-0.74,-0.84
"4527","Kurt Welzl",1982,"Austria",-0.5,-0.64,-0.23,-0.42,-1.17,-1.13,-0.1,-0.44,-1.01,-0.94,-0.73,-0.57,-0.65,-0.91,0.04,-0.45
"4528","Maximilian Hagmayr",1982,"Austria",-0.5,-0.54,-0.6,-0.59,-1.53,-1.28,-0.77,-0.9,-1.01,-0.94,-0.73,-0.57,-0.65,-1.13,-0.74,-0.84
"4529","Reinhold Hintermaier",1982,"Austria",0.69,0.56,0.89,-0.34,1.49,0.61,0.57,1.14,1.84,0.09,-0.54,-0.57,-0.25,1.1,0.43,0.46
"4530","Roland Hattenberger",1982,"Austria",-0.5,-0.51,-0.23,-0.42,0.68,0.42,-0.1,-0.44,0.71,-0.12,0.33,1.82,-0.65,0.65,0.43,-0.59
"4531","Walter Schachner",1982,"Austria",1.89,1.45,-0.23,2.44,-0.55,-0.83,0.35,0.03,-0.48,0.34,-0.73,-0.57,-0.25,0.21,0.43,-0.03
"4532","Alexandre Czerniatynski",1982,"Belgium",0.69,1.27,-0.23,2.27,-0.67,-0.94,-0.54,-0.62,0.55,-0.56,-0.64,-0.57,0.54,-0.46,0.81,-0.21
"4533","Eric Gerets",1982,"Belgium",-0.5,-0.54,0.52,-0.67,-0.18,0.3,0.8,0.03,0.75,0.46,-0.25,-0.57,-0.65,-0.02,-0.35,-0.33
"4534","Erwin Vandenbergh",1982,"Belgium",0.69,2.72,-0.23,3.28,-0.45,-0.94,-0.54,-0.81,-0.16,-0.32,-0.64,-0.57,1.73,-0.69,0.81,-0.43
"4535","Francois Van der Elst",1982,"Belgium",-0.5,-0.44,-0.6,-0.5,-1.28,-1.13,-0.1,-0.81,-0.07,-0.67,-0.73,0.38,-0.65,-0.91,-0.74,-0.41
"4536","Frank Vercauteren",1982,"Belgium",-0.5,0.38,4.6,2.44,1.2,1.59,0.57,1.69,1.35,0.33,-0.64,-0.57,-0.25,0.65,0.04,5.2
"4537","Gerard Plessers",1982,"Belgium",-0.5,-0.72,-0.23,-0.76,-0.76,-0.34,-0.77,-0.53,-0.8,-0.4,0.13,-0.57,-0.25,-0.69,-0.93,-0.49
"4538","Guy Vandermissen",1982,"Belgium",-0.5,0.2,0.89,-0.25,0.01,-0.45,0.13,-0.34,0.19,0.42,-0.54,-0.57,-0.65,0.21,0.04,0.24
"4539","Jacques Munaron",1982,"Belgium",-0.5,-0.72,-0.6,-0.76,-1.19,-0.64,-0.77,-1.09,-1.01,-0.94,-0.73,-0.57,-0.65,-1.13,-0.93,-0.84
"4540","Jan Ceulemans",1982,"Belgium",-0.5,1.55,0.14,3.11,0.91,-0.49,1.24,1.05,0.35,-0.11,-0.54,-0.57,0.14,0.21,-0.35,1.03
"4541","Jean-Marie Pfaff",1982,"Belgium",-0.5,-0.72,-0.6,-0.76,-0.58,0.57,-0.77,-0.99,-1.01,-0.94,-0.73,-0.57,-0.65,-0.91,-0.74,-0.84
"4542","Luc Millecamps",1982,"Belgium",-0.5,-0.72,-0.6,-0.76,0.28,0.12,-0.32,-0.16,2.8,1.92,1.1,1.32,0.14,1.1,-0.35,-0.8
"4543","Ludo Coeck",1982,"Belgium",0.69,0.2,-0.6,-0.67,2.05,1.51,-0.1,1.42,2.04,0.67,-0.35,0.38,-0.65,2.21,-0.54,0.28
"4544","Marc Baecke",1982,"Belgium",-0.5,-0.72,-0.6,-0.76,0.05,-0.3,-0.54,-0.44,-0.03,0.37,-0.54,-0.18,-0.65,-0.24,-0.35,-0.55
"4545","Marice De Schrijver",1982,"Belgium",-0.5,-0.64,-0.6,-0.76,-0.74,-0.75,-0.77,0.21,-0.89,-0.42,-0.06,0.21,-0.65,-0.46,-0.93,-0.47
"4546","Michel Renquin",1982,"Belgium",-0.5,-0.72,0.89,-0.5,-0.23,-0.15,0.13,1.05,0.64,0.34,-0.54,-0.57,-0.65,0.21,0.04,0.17
"4547","Rene Verheyen",1982,"Belgium",-0.5,-0.44,-0.23,-0.08,-0.95,-0.94,-0.77,-0.9,-1.01,-0.74,-0.73,-0.57,-0.65,-0.69,-0.54,-0.25
"4548","Theo Custers",1982,"Belgium",-0.5,-0.72,-0.6,-0.76,-1.4,-0.71,-0.77,-1.09,-1.01,-0.94,-0.73,-0.57,-0.65,-1.13,-0.93,-0.76
"4549","Walter Meeuws",1982,"Belgium",-0.5,-0.59,-0.23,-0.5,1.15,0.94,0.57,1.6,0.91,-0.14,0.71,0.11,-0.65,-0.69,-0.74,0.24
"4550","Wilfried Van Moer",1982,"Belgium",-0.5,-0.67,-0.23,-0.76,-0.57,-0.56,-0.77,-1.09,-0.02,-0.28,-0.73,-0.57,-0.65,-0.69,-0.93,-0.05
"4551","Dirceu",1982,"Brazil",-0.5,-0.72,-0.23,-0.67,-1.38,-1.13,-0.77,-0.53,-0.46,-0.42,-0.73,-0.57,-0.65,-0.91,-0.93,-0.59
"4552","José Oscar Bernardi",1982,"Brazil",0.69,-0.41,-0.6,-0.34,-0.03,0.3,-0.77,-0.99,1.37,1.47,2.45,1.2,4.92,-0.02,-0.54,-0.78
"4553","Junior",1982,"Brazil",0.69,0.28,0.89,-0.25,2.02,1.51,0.8,2.44,1.3,2.96,0.13,-0.57,0.14,-0.24,1.01,2.73
"4554","Leandro",1982,"Brazil",-0.5,-0.11,2.37,0.17,1.3,0.42,0.8,0.77,2.45,0.17,0.23,-0.57,0.54,1.1,-0.16,1.79
"4555","Luis Carlos Ferreira",1982,"Brazil",-0.5,0.17,-0.6,0.08,0.9,0.27,-0.32,-0.25,0.6,2.13,0.71,0.34,2.13,0.43,-0.74,-0.76
"4556","Paulo Isidoro",1982,"Brazil",-0.5,-0.26,0.14,0,-1,-1.02,-0.32,-0.07,-0.87,-0.38,-0.73,-0.57,-0.65,-0.91,-0.74,-0.21
"4557","Paulo Roberto Falcão",1982,"Brazil",3.08,0.96,-0.23,1.09,2.37,0.53,0.35,2.06,2.2,2.23,-0.35,0.51,0.14,0.88,1.01,1.81
"4558","Sérgio Chulapa",1982,"Brazil",1.89,3.56,-0.6,4.54,-0.48,-1.09,-0.1,-0.44,-0.62,-0.19,-0.73,-0.57,0.94,-0.02,-0.16,1.11
"4559","Sócrates",1982,"Brazil",1.89,0.89,0.14,1.09,1.61,0.64,1.02,1.88,0.64,0.06,-0.35,1.16,0.94,-1.13,0.04,1.35
"4560","Toninho Cerezo",1982,"Brazil",-0.5,0.3,0.89,0.34,2.02,0.87,-0.54,0.3,1.09,0.71,-0.06,0.51,0.14,1.77,-0.35,1.31
"4561","Waldir Peres",1982,"Brazil",-0.5,-0.72,-0.6,-0.76,0.2,1.1,-0.77,-1.09,-1.01,-0.94,-0.73,-0.57,-0.25,-1.13,-0.74,-0.84
"4562","Zico",1982,"Brazil",4.28,4.93,0.52,3.36,1.34,0.34,0.57,1.23,-1.01,-0.83,-0.64,-0.17,-0.65,0.43,0.81,2.34
"4563","Éder",1982,"Brazil",1.89,1.19,3.48,-0.08,0.94,1.62,0.35,2.99,0.74,1.32,-0.73,-0.57,-0.25,-0.46,0.23,2.32
"4564","Elie Onana",1982,"Cameroon",-0.5,-0.67,-0.6,-0.76,0.74,0.48,-0.77,-0.93,1.53,1.91,3.28,2,-0.65,-0.76,0.36,-0.55
"4565","Emmanuel Kunde",1982,"Cameroon",-0.5,1.06,-0.6,-0.06,1.43,0.54,-0.4,0.46,0.29,0.01,0.07,1.23,0.01,1.84,-0.28,0.31
"4566","Ephrem M'Bom",1982,"Cameroon",-0.5,-0.72,-0.6,-0.62,0.64,0.54,-0.4,-0.01,0.69,2.74,0.87,1.53,0.67,0.35,0.36,-0.48
"4567","Grégoire M'Bida",1982,"Cameroon",1.49,1.74,1.26,0.5,1.16,0.92,-0.4,0.15,-0.23,0.28,-0.25,1.14,-0.65,1.1,0.68,2.19
"4568","Ibrahim Aoudou",1982,"Cameroon",-0.5,-0.38,-0.6,-0.2,0.67,-0.27,-0.4,-0.16,0.81,0.64,0.07,2.48,0.01,5.19,2.3,-0.05
"4569","Jacques N'Guea",1982,"Cameroon",-0.5,-0.72,-0.6,-0.48,-1.01,-0.71,-0.77,-0.47,-0.75,-0.94,-0.73,-0.57,-0.65,0.73,-0.93,-0.84
"4570","Jean Pierre Tokoto",1982,"Cameroon",-0.5,-0.55,-0.6,-0.48,-0.49,-0.71,-0.4,-0.31,-1.01,-0.46,-0.57,-0.57,-0.65,-0.39,-0.61,-0.38
"4571","Michel Kaham",1982,"Cameroon",-0.5,-0.46,-0.6,-0.76,0.99,1.49,-0.4,1.54,0.45,1.37,1.68,1.23,-0.65,0.35,-0.61,-0.51
"4572","René N'Djeya",1982,"Cameroon",-0.5,-0.72,-0.6,-0.76,0.03,0.29,-0.77,-0.78,2.46,1.91,3.28,5.21,0.01,2.21,-0.61,-0.84
"4573","Roger Milla",1982,"Cameroon",-0.5,0.68,0.02,2.04,-0.42,-1.03,1.47,-0.01,-0.37,-0.05,-0.73,-0.57,-0.65,1.47,3.27,1.66
"4574","Thomas Nkono",1982,"Cameroon",-0.5,-0.72,-0.6,-0.76,1.46,3.25,-0.77,-1.09,-1.01,-0.94,-0.73,-0.57,-0.65,-1.13,-0.28,-0.68
"4575","Théophile Abega",1982,"Cameroon",-0.5,0.13,1.26,0.64,0.57,0.23,1.47,0.61,-0.63,0.79,-0.57,-0.57,-0.65,1.47,0.68,1.1
"4576","Carlos Caszely",1982,"Chile",-0.5,2.63,-0.6,0.78,-0.91,-1.09,0.35,0.15,-0.65,-0.94,-0.73,-0.57,-0.65,-0.76,0.04,1.36
"4577","Eduardo Bonvallett",1982,"Chile",-0.5,-0.04,0.02,0.08,1.85,0.86,1.84,0.15,-0.43,3.51,-0.41,-0.57,-0.65,1.1,0.68,0.01
"4578","Elias Figueroa",1982,"Chile",-0.5,-0.5,-0.6,0.08,0.25,-0.15,-0.77,-0.16,-0.29,1.1,2.64,2.9,1.34,-0.02,-0.61,-0.84
"4579","Gustavo Moscoso",1982,"Chile",1.49,0.51,1.88,0.36,0.84,0.29,4.44,3.24,-1.01,-0.4,-0.57,-0.57,-0.65,-0.02,0.36,3.21
"4580","Juan Carlos Letelier",1982,"Chile",1.49,0.77,-0.6,0.64,-1.28,-1.09,0.35,-0.01,-0.53,-0.54,-0.73,-0.57,-0.65,0.73,-0.93,-0.08
"4581","Lizardo Garrido",1982,"Chile",-0.5,-0.72,-0.6,-0.76,0.3,0.29,-0.02,-0.16,0.5,1.97,0.07,-0.57,0.01,0.73,-0.61,-0.84
"4582","Mario Galindo",1982,"Chile",-0.5,-0.63,-0.6,-0.34,-0.37,-0.4,0.35,0.15,0.89,1.3,-0.73,-0.57,-0.65,-0.02,-0.61,-0.84
"4583","Mario Osben",1982,"Chile",-0.5,-0.72,-0.6,-0.76,0.27,2.43,-0.77,-1.09,-1.01,-0.94,-0.41,-0.57,-0.65,-1.13,-0.28,-0.84
"4584","Mario Soto",1982,"Chile",-0.5,-0.72,-0.6,-0.34,-0.76,-0.71,-0.77,-0.78,-0.32,-0.94,-0.57,-0.57,0.01,-0.39,-0.93,-0.81
"4585","Miguel Angel Neira",1982,"Chile",1.49,4.16,0.02,0.5,2.07,0.67,-0.4,2.31,1.02,0.15,-0.73,-0.57,-0.65,-0.39,-0.28,1.33
"4586","Miguel Gamboa",1982,"Chile",-0.5,-0.17,-0.6,-0.48,-1.33,-1.22,0.35,-0.62,-0.65,-0.94,-0.73,-0.57,-0.65,0.35,0.36,-0.74
"4587","Patricio Yanez",1982,"Chile",-0.5,0.22,0.64,1.62,-0.37,-0.97,2.21,1.23,-0.53,-0.94,-0.73,-0.57,-0.65,0.35,5.86,0.97
"4588","Rene Valenzuela",1982,"Chile",-0.5,-0.34,0.02,-0.48,0.15,0.17,-0.77,-0.62,0.61,2.12,2.96,0.14,1.34,-0.02,-0.61,-0.58
"4589","Rodolfo Dubó",1982,"Chile",-0.5,-0.46,-0.6,0.36,2.12,0.92,0.35,0.92,2.64,3.41,-0.09,2.99,0.01,1.84,0.04,0.31
"4590","Vladimir Bigorra",1982,"Chile",-0.5,-0.63,-0.6,-0.2,1.28,1.36,-0.02,0.46,2.44,-0.54,1.19,0.14,-0.65,0.73,-0.61,-0.41
"4591","Antonin Panenka",1982,"Czechoslovakia",3.48,6.62,0.64,-0.48,-0.42,-0.59,-0.02,2,-0.75,-0.7,-0.57,0.28,-0.65,-0.39,-0.93,0.08
"4592","Frantisek Stambachr",1982,"Czechoslovakia",-0.5,-0.59,0.02,-0.2,-0.72,-0.34,1.09,-0.01,0.05,-0.94,-0.73,-0.57,-0.65,-0.76,0.68,-0.28
"4593","Jan Berger",1982,"Czechoslovakia",-0.5,-0.67,-0.6,-0.76,1.21,-0.4,-0.4,2,0.68,0.76,-0.41,-0.57,-0.65,-0.39,-0.93,-0.38
"4594","Jan Fiala",1982,"Czechoslovakia",-0.5,-0.72,0.64,-0.76,0.79,1.23,-0.77,0.61,1.81,-0.08,-0.25,1.37,-0.65,0.35,0.36,-0.05
"4595","Jozef Barmos",1982,"Czechoslovakia",-0.5,-0.59,0.02,-0.34,0.91,1.36,-0.4,0.15,1.97,0.37,0.55,-0.57,-0.65,-0.02,-0.28,-0.61
"4596","Jozef Kukucka",1982,"Czechoslovakia",-0.5,-0.72,-0.6,-0.76,-0.79,-0.46,-0.02,-0.62,-0.23,0.03,-0.25,1.14,0.01,0.35,-0.28,-0.84
"4597","Karel Stromsik",1982,"Czechoslovakia",-0.5,-0.72,-0.6,-0.76,-1.04,-0.34,-0.77,-1.09,-1.01,-0.94,-0.73,-0.57,-0.65,-1.13,-0.61,-0.84
"4598","Ladislav Jurkemik",1982,"Czechoslovakia",-0.5,-0.12,-0.6,-0.76,-0.2,-0.21,-0.77,-0.62,-0.42,1.01,1.35,0.28,0.67,-0.02,-0.61,-0.84
"4599","Ladislav Vizek",1982,"Czechoslovakia",-0.5,0.13,0.02,1.76,0.32,-0.02,2.96,1.39,0.52,-0.7,-0.57,-0.57,0.01,0.35,2.62,0.77
"4600","Libor Radimec",1982,"Czechoslovakia",-0.5,-0.34,-0.6,-0.34,0.64,0.1,0.35,0.15,-0.66,0.06,0.87,-0.57,0.01,-0.39,-0.61,-0.02
"4601","Marian Masny",1982,"Czechoslovakia",-0.5,-0.72,0.02,-0.2,-1.28,-1.03,-0.4,-0.62,-0.66,-0.94,-0.73,-0.57,-0.65,-1.13,-0.93,-0.05
"4602","Pavel Chaloupka",1982,"Czechoslovakia",-0.5,-0.46,-0.6,-0.2,-1.01,-1.15,-0.77,-0.62,-1.01,-0.63,-0.25,-0.57,0.67,-0.39,0.36,-0.61
"4603","Petr Janecka",1982,"Czechoslovakia",-0.5,-0.38,-0.6,-0.2,-0.67,-0.46,-0.02,-0.16,0,-0.94,-0.57,-0.57,0.01,-0.39,-0.28,-0.28
"4604","Premysl Bicovsky",1982,"Czechoslovakia",-0.5,0.56,0.02,0.22,-0.52,-0.71,-0.77,-0.16,0.05,-0.37,-0.25,0.6,-0.65,0.73,0.04,-0.45
"4605","Rostislav Vojacek",1982,"Czechoslovakia",-0.5,0.3,-0.6,0.08,-0.37,-0.4,-0.77,-0.78,1.03,0.68,2.64,-0.57,0.67,1.1,-0.28,-0.84
"4606","Stanislav Seman",1982,"Czechoslovakia",-0.5,-0.72,-0.6,-0.76,-1.06,-0.71,-0.77,-1.09,-1.01,-0.94,-0.57,-0.57,-0.65,-1.13,-0.93,-0.84
"4607","Tomás Kríz",1982,"Czechoslovakia",-0.5,-0.59,-0.6,-0.34,-1.04,-1.03,1.47,0.3,-0.23,-0.7,-0.73,-0.57,-0.65,-0.76,0.04,-0.51
"4608","Zdenek Hruska",1982,"Czechoslovakia",-0.5,-0.72,-0.6,-0.76,-0.99,-0.4,-0.77,-1.09,-1.01,-0.7,-0.73,-0.57,-0.65,-1.13,-0.93,-0.84
"4609","Zdenek Nehoda",1982,"Czechoslovakia",-0.5,0.98,-0.6,0.64,0.62,-0.15,-0.4,0.77,-0.07,-0.3,-0.57,-0.57,-0.65,-1.13,2.3,-0.08
"4610","Carlos Recinos",1982,"El Salvador",-0.5,-0.72,-0.6,-0.76,1.04,1.17,-0.77,0.15,-0.01,0.56,1.68,4.18,0.01,-0.02,0.04,-0.84
"4611","Ever Hernandez",1982,"El Salvador",-0.5,-0.59,0.64,-0.76,-1.04,-0.97,0.35,-0.78,-0.76,-0.47,-0.73,-0.57,-0.65,-1.13,-0.61,0.21
"4612","Francisco Osorto",1982,"El Salvador",-0.5,-0.72,-0.6,-0.76,-1.11,-0.4,-0.4,-1.09,-0.51,-0.3,-0.25,-0.57,-0.65,0.35,-0.93,-0.84
"4613","Jaime Rodríguez",1982,"El Salvador",-0.5,-0.63,-0.6,-0.34,0.22,0.04,-0.77,-0.62,0.65,1.17,4.25,2.23,0.01,4.08,-0.93,-0.84
"4614","Joaquín Ventura",1982,"El Salvador",-0.5,-0.72,-0.6,-0.48,-0.3,-0.4,0.72,-0.78,0.63,0.22,0.07,-0.57,-0.65,2.21,-0.61,-0.84
"4615","Jorge González",1982,"El Salvador",-0.5,1.49,0.64,0.64,0.05,-0.34,4.44,0.77,-0.32,-0.3,-0.73,-0.57,-0.65,-0.76,1.98,1
"4616","Jose Maria Rivas",1982,"El Salvador",-0.5,-0.25,-0.6,-0.06,0.47,-0.46,-0.77,-0.01,-0.32,-0.8,0.07,0.57,0.67,0.73,0.36,-0.84
"4617","José Huezo",1982,"El Salvador",-0.5,-0.12,0.02,-0.06,1.58,0.04,1.47,-0.31,-0.54,-0.3,-0.41,-0.57,-0.65,-0.39,0.68,-0.61
"4618","José Jovel",1982,"El Salvador",-0.5,-0.72,-0.6,-0.76,0.35,0.42,-0.4,-0.78,-0.1,0.36,3.6,2.53,0.01,-0.76,-0.93,-0.84
"4619","José Rugamas",1982,"El Salvador",-0.5,-0.29,-0.6,-0.48,-0.62,-0.84,-0.4,-0.93,-0.28,-0.5,-0.09,-0.05,-0.65,-0.02,-0.93,-0.84
"4620","Luis Guevara Mora",1982,"El Salvador",-0.5,-0.72,-0.6,-0.76,0.59,0.54,-0.77,-1.09,-1.01,-0.94,-0.57,-0.57,-0.65,-1.13,-0.93,-0.84
"4621","Luis Ramirez",1982,"El Salvador",1.49,0.73,0.64,-0.34,0.47,-0.15,1.47,1.23,0.06,0.54,-0.57,-0.57,-0.65,0.35,0.04,-0.25
"4622","Mario Castillo",1982,"El Salvador",-0.5,-0.72,-0.6,-0.76,-1.18,-0.71,-0.77,-0.78,-1.01,-0.47,-0.57,-0.57,-0.65,-1.13,-0.61,-0.84
"4623","Miguel Diaz",1982,"El Salvador",-0.5,-0.59,-0.6,-0.48,-1.26,-1.09,-0.4,-0.93,-0.85,-0.3,-0.25,-0.57,-0.65,-0.39,-0.61,-0.81
"4624","Ramon Fagoaga",1982,"El Salvador",-0.5,-0.72,-0.6,-0.76,-0.67,-0.9,-0.4,-0.93,-0.32,0.03,0.71,0.57,0.67,0.35,-0.93,-0.84
"4625","Bryan Robson",1982,"England",1.89,1.6,0.14,1.93,-0.11,-0.45,-0.54,-0.25,0.43,-0.16,-0.64,0.36,0.54,2.21,0.04,0.15
"4626","Glenn Hoddle",1982,"England",-0.5,-0.11,-0.6,-0.25,-0.74,-0.64,-0.77,-0.72,-0.49,-0.45,-0.45,-0.57,-0.65,-0.91,-0.93,0.24
"4627","Graham Rix",1982,"England",-0.5,-0.23,5.34,0,0.59,1.1,0.35,1.6,-0.09,1.24,-0.35,0,-0.65,0.88,-0.35,2.85
"4628","Kenny Sansom",1982,"England",-0.5,-0.59,0.52,-0.42,0.63,1.1,-0.54,0.58,1.18,1.19,0.33,-0.57,0.14,-0.02,0.04,0.66
"4629","Mick Mills",1982,"England",-0.5,-0.62,0.89,-0.67,1.17,1.7,-0.54,0.77,-0.12,-0.19,0.52,0.33,0.14,-0.46,-0.35,0.44
"4630","Paul Mariner",1982,"England",0.69,1.42,-0.23,6.05,-0.21,-0.9,-0.1,-0.62,-0.36,-0.84,-0.25,0,4.12,1.99,0.62,1.29
"4631","Peter Shilton",1982,"England",-0.5,-0.72,-0.6,-0.76,-0.03,1.4,-0.77,-1.09,-1.01,-0.94,-0.73,-0.57,-0.65,-1.13,-0.54,-0.84
"4632","Phil Neal",1982,"England",-0.5,-0.72,-0.23,-0.76,-1.17,-0.75,-0.54,-0.9,-0.66,-0.62,-0.64,-0.57,-0.25,-0.02,-0.74,-0.27
"4633","Phil Thompson",1982,"England",-0.5,-0.64,-0.6,-0.76,0.85,0.61,-0.77,-0.44,0.17,0.26,0.62,0.94,1.73,0.21,-0.74,-0.84
"4634","Ray Wilkins",1982,"England",-0.5,0.17,1.26,-0.34,2.16,1.4,-0.1,1.05,0.33,0.65,-0.45,0,-0.25,1.55,-0.54,1.17
"4635","Steve Coppell",1982,"England",-0.5,-0.16,3.48,-0.25,-0.08,0.45,0.57,0.95,0.26,0.49,-0.54,-0.57,-0.65,-0.69,0.04,1.45
"4636","Steve Foster",1982,"England",-0.5,-0.72,-0.6,-0.76,-1.29,-0.98,-0.77,-1.09,-0.83,-0.45,-0.06,0,-0.25,-0.24,-0.93,-0.84
"4637","Terry Butcher",1982,"England",-0.5,-0.51,-0.6,0.08,-0.05,-0.04,-0.77,-0.07,0.91,1.05,1.19,-0.57,3.33,1.1,-0.35,-0.19
"4638","Tony Woodcock",1982,"England",-0.5,-0.49,-0.6,-0.5,-1.49,-1.24,-0.54,-0.99,-1.01,-0.94,-0.73,-0.57,-0.65,-0.69,-0.54,-0.64
"4639","Trevor Francis",1982,"England",1.89,2.44,1.63,3.61,-0.4,-0.49,0.57,1.14,-0.79,0.48,-0.64,0.22,0.54,-0.02,1.2,0.72
"4640","Alain Couriol",1982,"France",0.31,-0.28,0.16,-0.3,-1.25,-0.95,-0.46,-0.77,-0.9,-0.12,-0.67,-0.57,-0.65,-1.13,-0.93,-0.42
"4641","Alain Giresse",1982,"France",1.94,1.04,1.68,0.22,1.17,0.93,1.52,1.57,-0.29,-0.31,-0.6,-0.57,-0.38,-0.37,0.39,2.22
"4642","Bernard Genghini",1982,"France",1.13,0.24,-0.35,-0.24,0.5,0.08,0.15,0.43,0.26,0.29,-0.54,-0.57,-0.65,-0.07,0.13,-0.44
"4643","Bernard Lacombe",1982,"France",-0.5,-0.02,-0.6,-0.47,-1.22,-1.1,-0.46,-0.77,-0.85,-0.79,-0.73,-0.05,0.16,-1.13,-0.8,-0.13
"4644","Bruno Bellone",1982,"France",-0.5,-0.49,-0.35,-0.53,-1.32,-0.89,-0.46,-0.83,-0.78,-0.73,-0.67,-0.57,-0.65,-0.83,-0.4,-0.29
"4645","Christian Lopez",1982,"France",-0.5,-0.49,-0.35,-0.47,-0.92,-0.82,-0.62,-0.83,-0.6,-0.61,-0.21,-0.57,-0.11,-0.37,-0.93,-0.84
"4646","Didier Six",1982,"France",1.13,1.14,0.41,0.85,-0.66,-0.59,0.76,0.18,-0.28,-0.32,-0.54,-0.57,0.43,0.39,-0.53,0.36
"4647","Dominique Rocheteau",1982,"France",1.13,0.86,0.16,1.36,-0.83,-0.92,0.15,0.18,0.16,-0.94,-0.73,-0.57,-0.11,-0.07,0.92,0.69
"4648","Gerard Soler",1982,"France",0.31,0.81,1.17,1.08,-0.82,-0.71,0.76,0.18,-0.65,-0.84,-0.54,-0.57,-0.38,1,0.92,1.04
"4649","Gérard Janvion",1982,"France",-0.5,-0.72,-0.6,-0.64,-0.06,-0.43,-0.62,-1.02,0.6,1.09,1.24,0.59,0.43,0.24,-0.14,-0.84
"4650","Jean Castaneda",1982,"France",-0.5,-0.72,-0.6,-0.76,-1.41,-0.89,-0.77,-1.09,-1.01,-0.94,-0.73,-0.57,-0.65,-1.13,-0.8,-0.84
"4651","Jean Tigana",1982,"France",-0.5,-0.27,0.41,0.05,0.64,0.08,3.04,1.69,0.02,1.64,-0.21,0.85,-0.11,-0.68,-0.01,1.23
"4652","Jean-Francois Larios",1982,"France",-0.5,-0.47,-0.35,-0.64,-0.3,-0.51,-0.31,-0.33,-0.38,-0.44,-0.47,-0.57,-0.65,-0.83,-0.4,-0.64
"4653","Jean-Luc Ettori",1982,"France",-0.5,-0.72,-0.6,-0.76,0.27,1.73,-0.77,-1.09,-1.01,-0.94,-0.54,-0.57,-0.38,-1.13,-0.4,-0.84
"4654","Manuel Amoros",1982,"France",-0.5,-0.47,0.16,-0.53,0.44,0.73,-0.01,0.56,2.07,1.01,0.12,0.81,0.43,1.76,0.66,-0.3
"4655","Marius Trésor",1982,"France",0.31,-0.4,-0.6,-0.18,0.95,0.7,0.15,0.18,-0.14,0.21,1.83,3.32,0.98,-0.22,-0.4,-0.63
"4656","Maxime Bossis",1982,"France",0.31,-0.27,-0.09,-0.01,0.81,0.39,-0.01,0.05,1.67,0.19,1.04,0.43,0.98,0.39,-0.01,-0.16
"4657","Michel Platini",1982,"France",1.13,2.23,-0.6,0.79,0.7,0.06,1.21,0.75,0.38,-0.41,-0.47,-0.22,0.16,1,1.84,0.81
"4658","Patrick Battiston",1982,"France",-0.5,-0.35,-0.6,-0.58,-0.71,-0.59,-0.77,-0.71,-0.05,-0.38,-0.01,-0.57,-0.11,-0.68,-0.8,-0.75
"4659","Phillipe Mahut",1982,"France",-0.5,-0.72,-0.6,-0.76,-1.32,-1.15,-0.77,-1.02,-0.34,-0.94,-0.27,-0.57,0.7,-0.98,-0.8,-0.84
"4660","Rene Girard",1982,"France",0.31,-0.56,-0.35,-0.53,-0.44,-0.66,-0.46,-0.9,-0.38,-0.17,-0.6,-0.57,0.16,-0.68,-0.8,-0.61
"4661","Anthony Costly",1982,"Honduras",-0.5,-0.46,-0.6,-0.62,-0.49,-0.59,-0.4,-0.01,0.08,1.23,4.25,1.71,0.67,-1.13,0.36,-0.58
"4662","Cesar Gutierrez",1982,"Honduras",-0.5,-0.67,-0.6,-0.76,-0.27,-0.21,-0.77,-0.62,0.25,-0.35,1.68,0.3,2.66,0.73,-0.28,-0.84
"4663","Domingo Drummond",1982,"Honduras",-0.5,-0.72,-0.6,-0.76,-0.89,-0.21,-0.77,-0.78,0.19,-0.49,0.87,-0.57,0.67,-0.76,-0.61,-0.84
"4664","Eduardo Antonio Laing",1982,"Honduras",1.49,-0.29,-0.6,-0.2,-1.11,-0.97,-0.02,0.3,-0.74,-0.49,-0.73,-0.57,0.01,-1.13,-0.93,-0.61
"4665","Fernando Bulnes",1982,"Honduras",-0.5,-0.72,-0.6,-0.76,-0.34,-0.21,-0.77,-0.78,0.81,0.48,0.39,-0.57,-0.65,1.1,-0.61,-0.84
"4666","Gilberto Yearwood",1982,"Honduras",-0.5,0.64,-0.6,-0.48,1.88,1.05,2.96,1.08,-0.17,1.71,0.07,0.65,0.67,0.35,-0.28,0.18
"4667","Hector Zelaya",1982,"Honduras",1.49,-0.34,-0.6,-0.62,0.79,-0.34,1.84,-0.16,1.03,0.52,1.52,0.12,-0.65,-0.76,-0.28,-0.15
"4668","Jaime Villegas",1982,"Honduras",-0.5,-0.72,-0.6,-0.76,-0.64,-1.03,-0.77,-0.93,-0.16,0.9,3.12,0.3,1.34,1.47,-0.93,-0.84
"4669","Jose Cruz",1982,"Honduras",-0.5,-0.67,-0.6,-0.48,-0.76,-0.53,-0.4,-1.09,0.57,-0.2,-0.25,-0.57,0.01,-1.13,-0.61,-0.74
"4670","José Roberto Figueroa",1982,"Honduras",-0.5,1.02,1.88,0.22,-0.1,-0.71,0.35,0.77,-0.38,-0.39,-0.41,-0.57,0.01,-0.39,0.04,0.84
"4671","Juan Alberto Cruz",1982,"Honduras",-0.5,-0.72,-0.6,-0.76,-0.89,-0.97,-0.4,-0.62,-0.77,-0.27,-0.41,-0.57,-0.65,-0.39,-0.93,-0.32
"4672","Julio César Arzú",1982,"Honduras",-0.5,-0.72,-0.6,-0.76,0.59,1.74,-0.77,-1.09,-1.01,-0.94,-0.41,-0.57,0.67,-1.13,-0.93,-0.84
"4673","Porfirio Betancourt",1982,"Honduras",-0.5,0.98,-0.6,0.92,-0.2,-0.84,2.21,-0.01,-0.27,-0.39,-0.41,-0.57,0.67,-0.02,3.27,0.54
"4674","Prudencio Norales",1982,"Honduras",-0.5,-0.72,-0.6,-0.48,-0.86,-0.78,-0.77,-0.62,-0.48,-0.75,-0.73,-0.57,-0.65,-0.39,-0.93,-0.32
"4675","Ramón Maradiaga",1982,"Honduras",-0.5,-0.72,-0.6,-0.76,1.85,0.79,-0.02,0.61,0.57,1.82,-0.09,-0.57,-0.65,-0.02,0.04,0.05
"4676","András Törõcsik",1982,"Hungary",-0.5,0.56,-0.6,1.2,-0.69,-0.71,-0.02,0.15,-1.01,-0.94,-0.73,-0.57,-0.65,-0.76,1.33,-0.35
"4677","Attila Kerekes",1982,"Hungary",-0.5,-0.59,-0.6,-0.76,-1.11,-0.97,-0.77,-0.93,-1.01,-0.44,0.71,0.32,-0.65,-0.76,-0.93,-0.84
"4678","Ferenc Meszaros",1982,"Hungary",-0.5,-0.72,-0.6,-0.76,0.44,2.18,-0.77,-1.09,-1.01,-0.94,-0.57,-0.57,-0.65,-1.13,-0.61,-0.68
"4679","Gyözö Martos",1982,"Hungary",-0.5,-0.72,1.88,-0.76,1.09,1.61,-0.77,0.3,0.84,-0.09,0.07,-0.57,0.01,0.35,-0.28,0.57
"4680","Gábor Pölöskei",1982,"Hungary",3.48,0.26,0.64,0.64,-0.15,-0.46,1.84,1.39,0.04,-0.35,-0.25,-0.57,-0.65,-0.39,-0.28,1
"4681","Imre Garaba",1982,"Hungary",-0.5,-0.12,-0.6,-0.48,0.62,-0.02,-0.4,-0.16,0.99,0.06,1.03,1.21,-0.65,2.21,-0.28,-0.68
"4682","Jozsef Varga",1982,"Hungary",1.49,-0.25,-0.6,-0.62,-0.2,-0.02,-0.4,-0.31,-0.61,-0.44,0.39,-0.57,2,-0.39,-0.28,-0.84
"4683","József Tóth",1982,"Hungary",1.49,-0.46,0.64,-0.2,0.4,1.05,-0.02,1.23,-0.75,-0.02,-0.57,0.28,-0.65,-0.76,-0.61,0.77
"4684","Laszlo Bálint",1982,"Hungary",-0.5,-0.72,-0.6,-0.76,0.03,-0.53,-0.77,-0.62,-0.52,-0.82,0.55,0.63,-0.65,-1.13,-0.61,-0.84
"4685","Laszlo Kiss",1982,"Hungary",5.47,0.85,0.64,1.34,-1.09,-1.09,0.35,-0.16,-1.01,-0.94,-0.73,-0.57,0.01,-1.13,1.33,-0.02
"4686","Lazar Szentes",1982,"Hungary",1.49,0.47,-0.6,-0.2,-1.53,-1.28,-0.77,-1.09,-1.01,-0.7,-0.73,-0.57,-0.65,-1.13,-0.93,-0.84
"4687","László Fazekas",1982,"Hungary",3.48,0.3,3.11,0.64,-0.32,0.23,0.72,0.46,-1.01,-0.26,-0.73,-0.57,-0.65,-0.02,1.65,2.45
"4688","Sándor Müller",1982,"Hungary",-0.5,-0.72,0.02,-0.34,-0.34,-0.34,0.72,0.15,-0.47,-0.6,0.23,-0.57,-0.65,-0.02,-0.93,-0.28
"4689","Sándor Sallai",1982,"Hungary",-0.5,-0.55,-0.6,-0.62,-0.17,-0.21,-0.77,-0.01,0.2,1.29,-0.25,-0.57,-0.65,1.1,0.36,-0.71
"4690","Tibor Nyilasi",1982,"Hungary",3.48,1.87,0.02,1.76,0.2,-0.21,2.21,1.23,-0.39,-0.33,0.07,-0.57,0.67,-0.39,0.36,0.57
"4691","Tibor Rab",1982,"Hungary",-0.5,-0.72,-0.6,-0.76,-0.74,-0.97,-0.77,-1.09,-0.88,-0.58,-0.73,-0.57,-0.65,-0.76,-0.61,-0.81
"4692","Alessandro Altobelli",1982,"Italy",0.35,-0.28,-0.33,-0.58,-1.47,-1.17,-0.77,-0.82,-0.84,-0.94,-0.73,-0.57,-0.65,-0.66,-0.65,-0.76
"4693","Antonio Cabrini",1982,"Italy",0.35,1.36,1.26,-0.1,0.86,1.39,0.35,0.11,0.57,0.21,0.78,0.68,-0.08,0.94,1.28,0.27
"4694","Bruno Conti",1982,"Italy",0.35,0.34,2.05,0.2,0.5,0.55,1.31,0.83,0.72,-0.23,-0.39,0.65,-0.65,1.26,1.28,1.35
"4695","Claudio Gentile",1982,"Italy",-0.5,-0.39,0.2,-0.34,0.26,0.98,-0.13,-0.49,1.14,0.25,0.51,0.06,0.2,2.69,0.18,-0.28
"4696","Dino Zoff",1982,"Italy",-0.5,-0.72,-0.6,-0.76,0.27,1.47,-0.77,-1.02,-1.01,-0.94,-0.67,-0.57,-0.08,-1.13,-0.93,-0.76
"4697","Francesco Graziani",1982,"Italy",0.35,0.68,0.2,2.06,-0.49,-0.69,0.35,0.11,-0.65,-0.68,-0.53,-0.19,1.34,0.14,1.01,0.08
"4698","Franco Causio",1982,"Italy",-0.5,-0.72,-0.6,-0.4,-1.56,-1.25,-0.77,-1.02,-0.81,-0.94,-0.73,-0.57,-0.65,-1.13,-0.79,-0.81
"4699","Fulvio Collovati",1982,"Italy",-0.5,-0.57,-0.33,-0.28,-0.29,-0.15,-0.13,-0.76,0.23,1.32,1.88,-0.19,2.47,1.58,0.45,-0.81
"4700","Gabriele Oriali",1982,"Italy",-0.5,-0.5,-0.6,-0.52,-0.1,-0.2,-0.13,0.77,-0.07,-0.2,-0.25,-0.1,-0.37,0.62,2.12,-0.67
"4701","Gaetano Scirea",1982,"Italy",-0.5,-0.5,-0.6,-0.28,0.96,0.74,-0.13,0.04,0.13,-0.25,1.88,3.15,0.2,-0.34,-0.24,-0.52
"4702","Giampiero Marini",1982,"Italy",-0.5,-0.44,-0.6,-0.7,-0.94,-0.85,-0.45,-0.82,-0.24,-0.65,-0.6,-0.57,-0.37,0.62,-0.65,-0.63
"4703","Giancarlo Antognoni",1982,"Italy",-0.5,0.5,1.79,-0.34,0.05,0.12,0.19,0.57,-0.35,-0.16,-0.39,1.26,-0.37,-0.02,0.59,0.82
"4704","Giuseppe Bergomi",1982,"Italy",-0.5,-0.68,-0.6,-0.64,-1.3,-0.96,-0.61,-0.95,-0.5,-0.37,0.57,-0.57,-0.37,-0.82,-0.93,-0.77
"4705","Marco Tardelli",1982,"Italy",1.2,0.34,0.2,-0.22,1.04,0.52,1.31,-0.16,0.24,0.95,0.02,1.09,-0.08,-0.02,1.01,0.51
"4706","Paolo Rossi",1982,"Italy",4.62,2.3,-0.07,1.4,-0.28,-0.8,0.67,0.24,-0.73,-0.77,-0.73,-0.29,-0.37,-0.02,1.84,0.51
"4707","Abdul Al Anbari",1982,"Kuwait",-0.5,-0.04,0.64,-0.2,0.03,-0.27,0.35,0.46,1.1,-0.3,-0.57,-0.57,-0.65,-0.39,-0.28,0.94
"4708","Abdullah Al Buloushi",1982,"Kuwait",1.49,0.39,1.26,0.08,0.59,-0.09,0.35,0.77,0.13,0.49,-0.25,-0.57,0.01,0.73,-0.28,0.01
"4709","Abdullah Ma'Yoof",1982,"Kuwait",-0.5,-0.72,-0.6,-0.76,2.42,1.49,-0.77,4.01,1.26,0.65,0.87,0.51,-0.65,0.73,-0.28,-0.71
"4710","Ahmad Al Tarabolsi",1982,"Kuwait",-0.5,-0.72,-0.6,-0.76,0.44,1.05,-0.77,-1.09,-1.01,-0.94,-0.57,-0.57,-0.65,-1.13,-0.28,-0.68
"4711","Faisal Al Dakheel",1982,"Kuwait",1.49,2.29,-0.6,-0.06,0.12,-0.65,1.47,1.08,-0.65,-0.94,-0.57,-0.57,-0.65,0.73,2.3,0.01
"4712","Fathi Marzouq",1982,"Kuwait",-0.5,0.68,-0.6,0.78,-1.11,-1.15,1.84,-0.62,-0.65,-0.94,-0.57,-0.57,-0.65,-1.13,1.33,0.01
"4713","Humoud Al Shemmari",1982,"Kuwait",-0.5,-0.63,-0.6,-0.76,-1.5,-1.22,-0.77,-1.09,-0.68,-0.73,-0.73,-0.57,-0.65,-1.13,-0.61,-0.84
"4714","Jasem Sultan",1982,"Kuwait",-0.5,0.3,0.02,2.04,-1.43,-1.09,-0.77,-1.09,-1.01,-0.61,-0.73,-0.57,-0.65,-1.13,-0.61,-0.08
"4715","Mahboud Mubarak",1982,"Kuwait",-0.5,-0.55,-0.6,-0.62,2.02,0.92,-0.02,1.23,1.91,0.89,1.19,1.26,0.01,-0.39,-0.61,-0.45
"4716","Mohammad Karam Ahmed",1982,"Kuwait",-0.5,-0.72,-0.6,-0.76,-0.69,-0.97,-0.77,-0.16,-0.65,-0.06,-0.41,-0.57,-0.65,-0.02,-0.93,-0.84
"4717","Naeem Fajah Mubarak",1982,"Kuwait",-0.5,-0.55,0.64,-0.76,1.06,0.73,-0.02,1.85,0.71,0.68,0.71,0.51,-0.65,-0.02,0.36,-0.35
"4718","Saed Al Houti",1982,"Kuwait",-0.5,-0.63,0.02,-0.62,1.53,-0.09,1.09,0.15,3.36,2.02,0.23,-0.57,0.01,0.73,-0.61,0.05
"4719","Waleed Al-Jasem Mubarak",1982,"Kuwait",-0.5,-0.72,0.02,-0.76,0.49,0.23,-0.77,-0.01,-0.1,2.82,1.03,1.68,0.01,-0.39,-0.28,-0.38
"4720","Yousef Faraj Al Suwaayed",1982,"Kuwait",-0.5,-0.72,-0.6,-0.76,-0.76,-0.59,1.09,-0.31,-0.68,-0.64,-0.73,-0.57,0.01,-1.13,-0.28,-0.78
"4721","Adrian Elrick",1982,"New Zealand",-0.5,-0.72,-0.6,-0.2,-0.12,-0.46,-0.77,-0.93,0,0.02,1.68,1.28,0.67,-1.13,-0.28,-0.81
"4722","Allan Boath",1982,"New Zealand",-0.5,-0.5,0.64,-0.2,-0.05,-0.09,-0.4,-0.47,-0.24,-0.15,0.39,-0.33,2,1.47,-0.61,0.28
"4723","Duncan Cole",1982,"New Zealand",-0.5,-0.59,0.02,-0.76,-0.91,-0.4,-0.77,-1.09,-0.55,-0.8,-0.09,0.44,0.67,-0.76,-0.93,-0.45
"4724","Frank van Hattum",1982,"New Zealand",-0.5,-0.72,-0.6,-0.76,0.1,1.61,-0.77,-1.09,-1.01,-0.94,-0.73,-0.57,-0.65,-0.76,-0.28,-0.84
"4725","Glen Dods",1982,"New Zealand",-0.5,-0.72,0.02,-0.76,-0.49,0.04,-0.02,-0.62,-0.56,-0.31,0.55,-0.33,-0.65,-0.02,-0.93,-0.02
"4726","John Hill",1982,"New Zealand",-0.5,-0.72,0.02,-0.76,-1.11,-0.71,-0.77,-1.09,-0.65,-0.94,0.23,-0.57,-0.65,-0.76,-0.93,-0.55
"4727","Keith MacKay",1982,"New Zealand",-0.5,-0.72,0.02,-0.06,0.07,0.04,-0.02,-0.01,-0.56,-0.57,-0.09,-0.07,-0.65,-0.76,0.36,0.05
"4728","Kenny Cresswell",1982,"New Zealand",-0.5,0.68,0.02,0.5,0.07,0.23,-0.4,-0.01,-0.26,-0.06,0.39,0.55,-0.65,0.73,1.01,-0.78
"4729","Ricki Herbert",1982,"New Zealand",-0.5,-0.72,-0.6,-0.76,-0.76,-0.84,-0.4,-0.78,-0.85,-0.67,0.71,-0.57,2,-1.13,-0.93,-0.84
"4730","Robert Almond",1982,"New Zealand",-0.5,-0.72,-0.6,-0.76,-0.74,-0.59,-0.77,-1.09,-0.69,-0.94,2.48,0.59,-0.65,-0.39,-0.61,-0.84
"4731","Sam Malcolmson",1982,"New Zealand",-0.5,-0.72,-0.6,-0.76,-1.55,-1.15,-0.77,-1.09,-0.65,-0.86,-0.25,-0.57,-0.65,-0.02,-0.93,-0.61
"4732","Steve Sumner",1982,"New Zealand",1.49,2,-0.6,0.08,0.67,-0.09,-0.77,-0.31,-0.92,-0.69,-0.09,-0.57,0.01,-0.39,-0.28,0.21
"4733","Steve Wooddin",1982,"New Zealand",1.49,0.39,1.88,0.36,-0.12,-0.34,2.21,0.3,-1.01,-0.74,-0.73,-0.57,2.66,-0.76,2.62,1.17
"4734","Wynton Rufer",1982,"New Zealand",-0.5,0.34,0.02,0.64,-0.59,-0.97,0.35,-0.47,-1.01,-0.59,-0.25,-0.57,3.99,-0.76,2.62,0.01
"4735","Billy Hamilton",1982,"Northern Ireland",1.89,0.73,-0.23,2.02,0,-1.05,0.57,-0.25,-0.2,-0.61,-0.25,0.13,3.72,2.88,1.78,-0.37
"4736","Christopher Nicholl",1982,"Northern Ireland",-0.5,-0.31,-0.6,0.17,-0.05,-0.11,-0.77,-0.81,-0.67,-0.15,3.12,0.21,2.53,0.88,-0.74,-0.72
"4737","David McCreery",1982,"Northern Ireland",-0.5,-0.59,-0.6,-0.76,0.28,-0.71,-0.32,-0.62,2.08,0.52,-0.06,-0.1,-0.65,0.65,-0.74,-0.64
"4738","Gerry Armstrong",1982,"Northern Ireland",3.08,2.69,1.63,2.44,-0.09,-0.56,4.15,2.34,0.3,-0.33,-0.25,-0.57,4.12,1.77,1.4,1
"4739","James Michael Nicholl",1982,"Northern Ireland",-0.5,-0.69,3.11,-0.5,1.74,3.13,-0.32,0.3,1.09,-0.33,1.58,-0.12,-0.25,1.1,-0.35,1.01
"4740","James Platt",1982,"Northern Ireland",-0.5,-0.72,-0.6,-0.76,-1.31,-0.87,-0.77,-1.09,-1.01,-0.94,-0.64,-0.57,-0.65,-1.13,-0.93,-0.84
"4741","John McClelland",1982,"Northern Ireland",-0.5,-0.72,-0.6,-0.76,-0.05,-0.45,-0.77,-0.62,0.84,-0.06,2.54,0.83,0.94,0.21,-0.93,-0.84
"4742","Malachy Martin Donaghy",1982,"Northern Ireland",-0.5,-0.69,-0.6,-0.76,0.43,0.38,-0.77,1.51,0.09,0.52,1.1,0.22,0.54,-0.46,-0.16,-0.78
"4743","Martin O'Neill",1982,"Northern Ireland",-0.5,-0.13,0.14,-0.08,1.2,0.12,1.24,1.88,0.23,0.68,-0.25,-0.57,0.14,1.32,-0.16,0.64
"4744","Noel Brotherston",1982,"Northern Ireland",-0.5,-0.59,-0.23,-0.76,-1.37,-0.9,0.35,-0.34,-1.01,-0.55,-0.73,-0.57,-0.65,-1.13,-0.93,-0.55
"4745","Norman Whiteside",1982,"Northern Ireland",-0.5,0.63,0.52,1.76,-0.29,-0.9,1.02,0.03,-0.58,-0.46,-0.54,-0.57,0.54,1.99,2.75,0.15
"4746","Patrick Jennings",1982,"Northern Ireland",-0.5,-0.72,-0.6,-0.76,0.22,1.1,-0.77,-1.09,-1.01,-0.94,-0.73,-0.57,-0.65,-1.13,-0.74,-0.7
"4747","Samuel Baxter McIlroy",1982,"Northern Ireland",-0.5,0.07,1.63,-0.34,0.97,-0.22,0.13,1.32,-0.83,0.42,-0.16,-0.1,-0.65,-0.02,0.23,1.39
"4748","Samuel Nelson",1982,"Northern Ireland",-0.5,-0.72,0.14,-0.76,-0.74,-0.41,-0.77,-0.44,-0.91,-0.77,-0.16,-0.25,-0.65,-0.91,-0.54,-0.37
"4749","Tommy Cassidy",1982,"Northern Ireland",-0.5,-0.72,-0.6,-0.76,-1.51,-1.28,-0.54,-0.99,-0.91,-0.85,-0.73,-0.57,-0.65,-0.91,-0.74,-0.84
"4750","Cesar Cueto",1982,"Peru",-0.5,1.19,0.02,-0.06,1.75,1.67,0.72,0.77,0.96,1.38,-0.57,-0.57,0.01,-0.02,1.01,2.12
"4751","German Leguía",1982,"Peru",-0.5,0.09,-0.6,0.64,0.1,-0.46,-0.02,-0.31,-0.01,0.57,-0.09,-0.57,0.67,-0.02,1.98,0.41
"4752","Geronimo Barbadillo",1982,"Peru",-0.5,0.3,-0.6,0.92,-0.54,-0.84,0.35,-0.31,-1.01,0.09,-0.57,0.25,-0.65,0.35,1.33,-0.41
"4753","Guillermo La Rosa",1982,"Peru",1.49,0.98,-0.6,0.22,-1.06,-1.22,-0.4,-0.62,-1.01,-0.94,-0.73,-0.57,0.01,-0.76,0.36,0.05
"4754","Jaíme Duarte",1982,"Peru",-0.5,0.56,3.11,0.5,0.74,2.74,0.35,0.3,0.57,-0.01,0.39,-0.57,0.01,0.35,1.33,2.38
"4755","Jorge Olaechea",1982,"Peru",-0.5,-0.63,0.02,-0.06,0.67,1.42,0.72,0.92,1.7,1.28,0.55,2.72,0.01,1.84,0.04,-0.41
"4756","José Velâsquez",1982,"Peru",-0.5,0.17,-0.6,-0.2,1.31,1.17,0.35,0.3,2.8,0.92,0.55,0.25,1.34,4.08,0.36,-0.12
"4757","Juan Oblitas",1982,"Peru",-0.5,-0.72,1.26,-0.34,0.57,0.54,0.72,0.77,-0.4,-0.72,-0.57,-0.57,-0.65,0.35,0.68,1.07
"4758","Julio Uribe",1982,"Peru",-0.5,1.7,-0.6,0.92,-0.44,-0.9,0.72,-0.31,-0.77,-0.94,-0.73,-0.57,-0.65,-0.39,3.27,-0.28
"4759","Ramón Quiroga",1982,"Peru",-0.5,-0.72,-0.6,-0.76,-0.25,1.61,-0.77,-1.09,-1.01,-0.94,-0.57,-0.57,-0.65,-1.13,-0.93,-0.84
"4760","Rubén Toribio Díaz",1982,"Peru",1.49,-0.25,-0.6,-0.48,-0.15,0.1,-0.4,-0.62,0.11,1.24,2.48,0.25,0.67,1.47,0.68,-0.84
"4761","Salvador Salguero",1982,"Peru",-0.5,-0.72,-0.6,-0.76,-0.94,-0.59,-0.77,-0.93,0.22,0.47,1.84,2.64,2,1.1,-0.61,-0.84
"4762","Teófilo Cubillas",1982,"Peru",-0.5,0.39,-0.6,1.48,0.99,-0.34,-0.02,-0.16,0.23,-0.04,-0.25,-0.57,-0.65,1.1,1.33,2.52
"4763","Andrzej Buncol",1982,"Poland",0.35,0.14,0.73,1.4,0.83,0.15,0.99,1.69,-0.06,-0.13,-0.18,0.03,-0.08,2.37,1.98,1.39
"4764","Andrzej Iwan",1982,"Poland",-0.5,-0.44,-0.6,-0.46,-1.51,-1.23,-0.61,-1.09,-1.01,-0.94,-0.73,-0.57,-0.65,-0.97,-0.52,-0.73
"4765","Andrzej Palasz",1982,"Poland",-0.5,-0.61,-0.33,-0.52,-1.53,-1.17,-0.61,-0.95,-0.7,-0.94,-0.73,-0.57,-0.65,-0.82,-0.52,-0.52
"4766","Andrzej Szarmach",1982,"Poland",0.35,-0.06,-0.33,0.02,-1.52,-1.15,-0.77,-1.09,-0.95,-0.94,-0.67,-0.57,-0.08,-0.97,-0.79,-0.59
"4767","Grzegorz Lato",1982,"Poland",0.35,0.03,1.79,1.58,-0.19,0.07,0.99,0.97,-0.04,0.11,-0.25,0.13,-0.37,0.62,0.59,1.09
"4768","Jan Jalocha",1982,"Poland",-0.5,-0.41,-0.33,-0.52,-0.73,-0.12,-0.77,-0.36,-0.48,-0.59,-0.39,-0.57,-0.37,-0.18,-0.65,-0.57
"4769","Janusz Kupcewicz",1982,"Poland",0.35,0.68,0.2,-0.34,-0.56,-0.26,-0.13,-0.16,-0.39,0.2,-0.25,-0.57,-0.37,0.78,-0.52,0.24
"4770","Jozef Mlynarzyk",1982,"Poland",-0.5,-0.72,-0.6,-0.76,0.41,2.17,-0.77,-1.09,-1.01,-0.94,-0.46,-0.57,-0.37,-0.97,-0.93,-0.84
"4771","Marek Dziuba",1982,"Poland",-0.5,-0.72,-0.6,-0.76,-0.3,0.15,-0.77,-0.23,-0.03,-0.24,0.23,0.04,-0.37,0.46,-0.38,-0.5
"4772","Marek Kusto",1982,"Poland",-0.5,-0.54,-0.33,-0.7,-1.6,-1.23,-0.77,-0.95,-1.01,-0.94,-0.73,-0.57,-0.65,-1.13,-0.93,-0.67
"4773","Pavel Janas",1982,"Poland",-0.5,-0.66,-0.6,-0.64,0.03,0.12,-0.61,-0.36,0.18,0.12,2.3,0.13,-0.08,0.94,-0.52,-0.84
"4774","Roman Wójcicki",1982,"Poland",-0.5,-0.72,-0.6,-0.76,-1.59,-1.2,-0.77,-1.09,-0.95,-0.81,-0.53,-0.57,-0.65,-0.66,-0.79,-0.84
"4775","Stefan Majewski",1982,"Poland",0.35,-0.21,-0.33,-0.22,0.52,0.52,0.51,0.24,-0.13,0.6,0.85,1.03,1.05,1.74,-0.1,-0.76
"4776","Waldemar Matysik",1982,"Poland",-0.5,-0.24,-0.6,-0.04,-0.1,-0.28,0.35,-0.03,0.3,0.33,0.92,-0.12,-0.08,-0.02,-0.24,-0.42
"4777","Wladyslaw Zmuda",1982,"Poland",-0.5,-0.34,-0.6,-0.58,0.25,0.12,-0.45,0.3,0.22,1.27,2.64,0.95,0.2,0.62,-0.79,-0.66
"4778","Wlodzimierz Ciolek",1982,"Poland",0.35,-0.39,-0.6,-0.58,-1.3,-1.15,-0.77,-0.56,-0.94,-0.81,-0.73,-0.57,-0.65,-0.66,-0.52,-0.73
"4779","Wlodzimierz Smolarek",1982,"Poland",0.35,0.21,1.26,1.22,-0.83,-0.74,0.51,0.37,0.09,-0.82,-0.73,-0.57,-0.65,1.9,2.39,0.4
"4780","Zbigniew Boniek",1982,"Poland",2.91,2.92,2.32,1.52,0.04,0.2,1.15,1.5,-0.44,-0.59,-0.73,-0.06,0.2,0.3,1.7,1.98
"4781","Alan Brazil",1982,"Scotland",-0.5,0.3,-0.6,1.62,-0.89,-1.15,-0.77,-0.62,-1.01,-0.94,-0.73,-0.57,-0.65,-0.02,-0.93,0.61
"4782","Alan Hansen",1982,"Scotland",-0.5,-0.55,-0.6,-0.34,0.62,0.35,-0.4,0.15,-1.01,1.63,2.16,4.9,2.66,-0.39,-0.61,-0.25
"4783","Alan Rough",1982,"Scotland",-0.5,-0.72,-0.6,-0.76,0.72,2.37,-0.77,-1.09,-1.01,-0.94,-0.73,-0.57,-0.65,-1.13,-0.61,-0.84
"4784","Allan Evans",1982,"Scotland",-0.5,-0.34,-0.6,-0.2,-1.28,-0.97,-0.77,-0.62,-0.48,-0.94,1.35,-0.57,2,0.35,-0.61,-0.84
"4785","Asa Hartford",1982,"Scotland",-0.5,-0.72,0.02,-0.62,-1.06,-1.15,-0.77,-0.93,-0.62,-0.22,-0.57,-0.57,-0.65,-1.13,-0.93,-0.48
"4786","Danny McGrain",1982,"Scotland",-0.5,-0.67,1.26,-0.34,0.15,1.05,-0.4,-0.16,-0.12,-0.6,-0.25,1.17,0.01,-0.39,-0.61,0.71
"4787","David Narey",1982,"Scotland",1.49,-0.12,-0.6,-0.2,0.59,0.73,-0.77,-0.47,-1.01,1.16,-0.25,0.64,-0.65,0.35,-0.61,-0.38
"4788","Frank Gray",1982,"Scotland",-0.5,-0.25,0.64,-0.48,1.68,2.05,0.35,1.08,-0.24,-0.94,0.55,0.7,0.67,-0.02,-0.61,0.38
"4789","Gordon Strachan",1982,"Scotland",-0.5,-0.38,2.49,-0.06,1.28,1.11,1.47,2,-0.28,0.81,-0.57,-0.57,-0.65,-0.76,0.68,3.21
"4790","Graeme Souness",1982,"Scotland",1.49,0.77,0.02,0.92,2.1,0.48,-0.02,0.3,0.8,1.9,-0.41,4.9,0.01,1.84,0.04,0.74
"4791","Joe Jordan",1982,"Scotland",1.49,0.98,-0.6,0.64,-1.43,-1.22,-0.4,-0.93,-1.01,-0.94,-0.73,-0.57,-0.65,0.35,-0.28,-0.68
"4792","John Robertson",1982,"Scotland",1.49,0.73,5.59,0.5,1.93,3.5,4.44,4.17,-0.62,0.83,-0.73,-0.57,0.01,-0.39,1.98,4.82
"4793","John Wark",1982,"Scotland",3.48,0.98,-0.6,1.9,0.2,0.1,-0.02,-0.62,0.41,0.47,-0.41,-0.57,1.34,0.35,-0.93,-0.05
"4794","Kenny Dalglish",1982,"Scotland",1.49,1.11,0.02,1.34,-0.44,-0.97,-0.77,-0.47,-1.01,-0.94,-0.73,-0.57,-0.65,-0.39,0.04,0.41
"4795","Steve Archibald",1982,"Scotland",1.49,1.06,-0.6,2.6,0.17,-0.9,-0.02,-0.62,-1.01,0.85,-0.57,-0.57,2,1.1,1.01,0.21
"4796","Willie Miller",1982,"Scotland",-0.5,-0.72,-0.6,-0.48,0.42,-0.09,-0.77,-0.47,-0.26,0.78,1.52,0.7,0.01,-0.39,-0.28,-0.51
"4797","Arconada",1982,"Spain",-0.5,-0.72,-0.6,-0.76,-0.06,1.77,-0.77,-1.09,-1.01,-0.94,-0.73,-0.57,-0.65,-1.13,-0.74,-0.84
"4798","Enrique Castro Quini",1982,"Spain",-0.5,0.1,-0.6,0.17,-1.14,-1.13,-0.32,-0.9,-0.32,-0.94,-0.73,-0.57,-0.65,-0.91,-0.35,-0.05
"4799","Enrique Saura Gil",1982,"Spain",0.69,0.2,0.14,0.17,-0.52,-0.19,-0.1,-0.34,0.28,-0.94,-0.06,-0.57,-0.25,-0.46,1.2,-0.27
"4800","Jesus Maria Zamora",1982,"Spain",0.69,-0.03,-0.6,0.92,0.78,-0.11,1.02,2.06,-0.1,-0.53,-0.64,-0.57,0.14,-0.46,0.43,0.44
"4801","Jesus Satrustegui",1982,"Spain",-0.5,0.43,-0.6,2.18,-1.03,-1.02,-0.32,-0.62,-0.7,-0.4,-0.73,-0.57,0.94,-0.24,-0.16,0.22
"4802","Joaquín",1982,"Spain",-0.5,-0.67,-0.23,-0.42,-1.31,-0.9,-0.77,-0.9,-0.7,-0.37,-0.73,-0.57,-0.65,-0.91,-0.93,-0.72
"4803","Jose Antonio Camacho",1982,"Spain",-0.5,-0.51,-0.23,-0.42,0.85,1.28,-0.54,0.49,2.49,1.27,0.52,0.07,0.54,0.65,1.98,-0.53
"4804","José Ramón Alexanco",1982,"Spain",-0.5,0.25,-0.6,0,1,0.98,-0.32,0.4,1.21,-0.53,2.45,1.76,1.34,0.21,0.23,0.05
"4805","Juanito",1982,"Spain",0.69,1.55,2.37,0.34,0.28,0.38,-0.32,1.42,-0.74,-0.52,-0.64,-0.57,-0.65,-0.91,-0.54,2.62
"4806","Miguel Tendillo",1982,"Spain",-0.5,-0.36,-0.6,-0.34,0.11,0,-0.1,-0.16,0.59,3.88,2.16,1.2,4.12,1.99,-0.35,-0.62
"4807","Pichi Alonso",1982,"Spain",-0.5,1.37,-0.6,0.5,1.57,-0.15,-0.32,0.12,0.72,0.17,-0.45,-0.14,-0.65,1.32,0.43,-0.07
"4808","Rafael Gordillo",1982,"Spain",-0.5,-0.49,1.26,-0.42,1.55,3.51,0.8,1.79,2.13,2.63,1.1,-0.57,0.14,1.1,0.23,1.23
"4809","Santiago Urquiaga",1982,"Spain",-0.5,-0.72,-0.23,-0.76,-0.66,-0.34,-0.32,-0.62,-0.1,-0.76,0.23,0.07,-0.25,-0.46,-0.54,-0.62
"4810","Santillana",1982,"Spain",-0.5,-0.51,-0.6,0.08,-1.25,-1.09,-0.54,-0.99,-0.75,-0.76,-0.73,-0.57,0.14,-0.69,-0.74,-0.8
"4811","Tente Sanchez",1982,"Spain",-0.5,-0.69,0.52,-0.5,0.07,-0.19,-0.54,0.21,0.46,-0.11,-0.06,-0.08,-0.65,-0.69,0.43,-0.17
"4812","Ufarte Lopez",1982,"Spain",0.69,2.21,3.11,1.76,-0.33,-0.19,0.8,1.14,-0.13,-0.8,-0.64,-0.57,-0.65,-0.24,0.23,2.48
"4813","Alexandre Chivadze",1982,"USSR",0.69,0.02,-0.6,-0.5,1.52,0.91,-0.77,1.05,0.4,0,1.68,5.65,1.73,-0.46,-0.16,-0.15
"4814","Anatoli Demyanenko",1982,"USSR",-0.5,0.15,0.89,-0.25,1.43,1.93,0.57,1.6,1.39,0.71,1.77,0.33,0.14,-0.91,-0.16,0.56
"4815","Andrei Bal",1982,"USSR",0.69,0.02,0.52,-0.08,0.53,0.23,0.13,0.12,0.13,0.55,0.13,0.35,0.14,-0.46,-0.35,0.76
"4816","Khoren Oganesyan",1982,"USSR",0.69,-0.08,-0.23,0,0.01,-0.38,-0.54,0.03,-0.03,-0.26,-0.54,-0.57,-0.65,-0.69,0.04,-0.17
"4817","Oleh Blokhin",1982,"USSR",0.69,0.81,2.37,1.6,0,-0.56,1.47,1.69,-0.49,-0.17,-0.64,-0.07,-0.25,-0.69,0.04,2.1
"4818","Ramaz Shengelia",1982,"USSR",0.69,1.17,-0.23,2.27,-0.57,-0.71,0.8,0.3,-0.64,-0.8,-0.73,-0.57,-0.65,-0.46,1.01,1.43
"4819","Rinat Dasayev",1982,"USSR",-0.5,-0.72,-0.6,-0.76,0.4,2.42,-0.77,-0.99,-1.01,-0.94,-0.73,-0.57,0.54,-0.91,-0.16,-0.82
"4820","Sergei Andreev",1982,"USSR",-0.5,-0.54,-0.6,-0.5,-1.65,-1.28,-0.77,-1.09,-0.74,-0.94,-0.73,-0.57,-0.25,-0.69,-0.74,-0.84
"4821","Sergei Baltacha",1982,"USSR",0.69,-0.18,0.14,-0.17,0.35,0.45,-0.54,-0.44,1.21,0.86,1.48,0.64,1.73,1.1,0.23,-0.19
"4822","Sergei Borovskiy",1982,"USSR",-0.5,-0.72,-0.6,-0.76,-0.46,-0.3,-0.77,-0.72,1.08,0.26,0.33,-0.57,-0.25,0.21,0.23,-0.84
"4823","Tengiz Sulakvelidze",1982,"USSR",-0.5,-0.56,-0.6,-0.17,0.07,1.1,-0.32,0.67,1.38,-0.46,0.33,-0.26,0.14,0.65,0.81,-0.53
"4824","Vitaly Daraselia",1982,"USSR",-0.5,-0.51,-0.23,-0.25,-0.97,-0.71,-0.1,-0.81,-0.27,-0.86,-0.16,-0.26,-0.25,-0.46,-0.74,-0.47
"4825","Vladimir Bessonov",1982,"USSR",-0.5,0.96,-0.6,0.25,1.99,0.98,1.02,1.42,1.82,0.96,-0.06,-0.07,-0.25,1.55,1.4,1.45
"4826","Yury Gavrilov",1982,"USSR",0.69,0.35,0.14,0.59,0.47,0.08,-0.32,0.3,-0.46,0.16,-0.64,-0.57,-0.25,-0.91,-0.16,1.03
"4827","Bernd Förster",1982,"West Germany",-0.5,-0.4,-0.6,-0.76,-0.22,0.08,-0.31,-0.26,0.16,0.04,1.63,0.68,0.16,0.84,-0.14,-0.83
"4828","Felix Magath",1982,"West Germany",-0.5,-0.4,0.67,0.22,-0.29,-0.48,-0.01,-0.26,1.44,-0.08,-0.54,-0.57,-0.65,-0.68,0.13,1.02
"4829","Hans-Peter Briegel",1982,"West Germany",-0.5,0.03,-0.35,0.56,0.38,0.34,2.13,0.68,0.46,0.35,0.05,-0.02,0.43,1.3,0.92,-0.21
"4830","Hans-Peter Müller",1982,"West Germany",-0.5,-0.66,-0.35,-0.76,-1.08,-0.89,-0.77,-0.83,-1.01,-0.77,-0.73,-0.57,-0.65,-0.83,-0.67,-0.61
"4831","Harald Anton Schumacher",1982,"West Germany",-0.5,-0.72,-0.6,-0.76,0.18,1.81,-0.77,-1.09,-0.84,-0.94,-0.6,-0.57,-0.38,-1.13,-0.67,-0.84
"4832","Horst Hrubesch",1982,"West Germany",0.31,1.85,-0.6,2.62,-1.03,-1.05,-0.62,-0.9,-0.65,-0.42,-0.67,-0.57,1.79,-0.37,-0.67,0.6
"4833","Karl-Heinz Rummenigge",1982,"West Germany",3.57,2.27,-0.09,2.79,-0.07,-0.66,0.3,0.56,-0.26,-0.81,-0.73,-0.57,-0.11,-0.53,-0.14,1.46
"4834","Karlheinz Förster",1982,"West Germany",-0.5,-0.61,-0.35,-0.7,0.92,1.03,-0.46,0.11,2.03,2.5,1.7,1.41,1.79,1.76,0.66,-0.51
"4835","Klaus Fischer",1982,"West Germany",1.13,1.17,-0.35,1.08,-1.2,-1.05,-0.31,-0.45,-0.87,-0.72,-0.73,-0.57,-0.65,-0.22,0.26,-0.55
"4836","Lothar Matthäus",1982,"West Germany",-0.5,-0.72,-0.6,-0.76,-1.48,-1.1,-0.77,-1.02,-0.68,-0.79,-0.73,-0.57,-0.65,-0.68,-0.93,-0.84
"4837","Manfred Kaltz",1982,"West Germany",-0.5,-0.46,3.7,-0.35,1.98,2.22,0.15,2.26,0.6,0.19,0.38,-0.57,-0.38,-0.68,0.39,2.38
"4838","Paul Breitner",1982,"West Germany",0.31,0.41,1.17,0.22,1.9,1.27,1.21,2.71,0.41,0.45,-0.6,1.44,-0.38,0.24,0.39,1.6
"4839","Pierre Littbarski",1982,"West Germany",1.13,0.88,2.69,2.05,-0.06,0.03,2.58,0.56,0.62,-0.61,-0.67,-0.57,-0.65,0.84,1.71,2.77
"4840","Ulrich Stielike",1982,"West Germany",-0.5,-0.53,-0.35,-0.53,1.82,1.42,0.45,0.49,1.39,1.48,1.5,0.82,-0.11,1,0.26,-0.45
"4841","Uwe Reinders",1982,"West Germany",0.31,-0.21,-0.6,-0.53,-1.46,-1.28,-0.77,-0.96,-0.73,-0.94,-0.73,-0.57,-0.11,-0.37,-0.14,-0.75
"4842","Wolfgang Dremmler",1982,"West Germany",-0.5,0.19,0.16,0.33,1.72,0.44,-0.31,1.44,2.39,1.86,-0.14,1.25,0.16,1.15,1.84,0.72
"4843","Dragan Pantelic",1982,"Yugoslavia",-0.5,-0.72,-0.6,-0.76,-0.12,1.36,-0.77,-1.09,-1.01,-0.94,-0.41,-0.57,-0.65,-1.13,-0.28,-0.84
"4844","Edhem Sljivo",1982,"Yugoslavia",-0.5,-0.12,0.64,-0.48,2.86,2.37,1.47,1.54,1.98,1.88,-0.73,-0.57,-0.65,0.73,1.33,1.79
"4845","Ivan Gudelj",1982,"Yugoslavia",1.49,0.56,0.02,1.06,1.63,0.17,1.09,-0.31,1.61,1.53,-0.73,0.65,0.01,0.73,0.36,0.28
"4846","Ivan Surjak",1982,"Yugoslavia",-0.5,-0.25,0.02,0.22,0.3,-0.09,2.96,0.92,1.6,1.17,-0.41,-0.57,0.67,0.35,1.01,0.21
"4847","Milos Hrstic",1982,"Yugoslavia",-0.5,-0.72,-0.6,-0.76,-0.49,-0.27,-0.77,-1.09,-0.63,-0.23,-0.41,-0.57,0.01,-0.02,-0.93,-0.84
"4848","Milos Sestic",1982,"Yugoslavia",-0.5,-0.72,0.64,-0.62,-1.48,-1.03,-0.02,-0.62,-1.01,-0.59,-0.73,-0.57,-0.65,-1.13,-0.28,-0.02
"4849","Nenad Stojkovic",1982,"Yugoslavia",-0.5,-0.72,-0.6,-0.76,0.57,1.23,-0.77,-0.31,3.07,5.74,0.71,1.87,0.67,1.84,1.01,-0.48
"4850","Nikola Jovanovic",1982,"Yugoslavia",-0.5,-0.72,-0.6,-0.48,-0.15,-0.21,-0.77,-0.16,0.11,2.21,0.23,0.65,0.01,1.1,-0.28,-0.45
"4851","Safet Susic",1982,"Yugoslavia",-0.5,2.46,0.64,2.6,0.25,-0.21,4.82,1.39,-1.01,-0.59,-0.73,-0.57,0.01,-0.02,1.01,2.02
"4852","Vahid Halilhodzic",1982,"Yugoslavia",-0.5,-0.04,-0.6,-0.34,-1.36,-1.22,-0.77,-0.93,-1.01,-0.59,-0.73,-0.57,-0.65,-0.39,-0.61,-0.45
"4853","Velimir Zajec",1982,"Yugoslavia",-0.5,-0.72,-0.6,-0.76,0.84,1.67,1.47,3.08,1.22,3.28,1.52,4.39,1.34,2.96,1.01,-0.64
"4854","Vladimir Petrovic",1982,"Yugoslavia",1.49,3.65,4.35,0.5,1.51,2.93,-0.02,0.46,-0.63,0.11,-0.73,-0.57,-0.65,-0.39,-0.61,4.26
"4855","Zlatko Krmpotic",1982,"Yugoslavia",-0.5,-0.72,0.64,-0.76,0.74,1.05,-0.77,-0.01,1.98,-0.24,-0.41,-0.57,0.67,-0.39,-0.61,-0.05
"4856","Zlatko Vujovic",1982,"Yugoslavia",-0.5,0.68,-0.6,1.76,-0.47,-1.22,-0.02,-0.01,-0.63,-0.94,-0.73,-0.57,0.67,-0.02,3.59,-0.48
"4857","Alberto Taranti",1978,"Argentina",0.43,-0.37,-0.24,-0.4,1.34,1.42,-0.62,0.63,0.16,0.63,0.91,-0.25,-0.29,0.92,-0.24,-0.72
"4858","Americo Gallego",1978,"Argentina",-0.46,-0.26,-0.75,-0.25,1.17,0.06,0.1,-0.17,-0.03,3.38,0.74,0.35,0.93,1.39,0.74,-0.54
"4859","Daniel Bertoni",1978,"Argentina",1.32,0.45,1.56,1.08,-0.69,-0.57,3.56,0.57,-0.15,-0.62,-0.67,-0.23,-0.49,-0.96,2.83,2.03
"4860","Daniel Passarella",1978,"Argentina",0.43,1.76,-0.49,0.93,1.65,1.63,0.1,0.57,1.53,1.52,3,1.85,4.58,0.92,0.46,0.24
"4861","Jorge Olguin",1978,"Argentina",-0.46,-0.41,1.81,-0.45,2.34,3.16,0.97,2.11,4.14,2.13,1.25,-0.23,-0.49,1.7,-0.1,0.62
"4862","Jose Daniel Valencia",1978,"Argentina",-0.46,0.09,-0.49,0.24,-0.48,-0.69,2.55,0.43,-0.05,0,-0.39,-0.57,-0.69,-0.65,0.18,-0.35
"4863","Leopoldo Luque",1978,"Argentina",3.11,1.76,-0.75,1.72,-0.94,-1.06,1.97,0.16,-0.66,-0.63,-0.67,-0.23,-0.69,-0.33,1.3,0.49
"4864","Luis Galvan",1978,"Argentina",-0.46,-0.6,-0.75,-0.55,0.83,0.15,-0.33,-0.78,2.25,3.13,2.83,-0.11,0.52,1.85,0.74,-0.81
"4865","Mario Kempes",1978,"Argentina",4.9,3.05,0.53,2.02,0.58,-0.23,4.57,1.37,-0.38,0.87,-0.39,0.05,0.73,1.39,2.97,2.86
"4866","Norberto Alonso",1978,"Argentina",-0.46,-0.63,-0.49,-0.75,-1.45,-1.21,-0.19,-1.11,-1.05,-1.02,-0.72,-0.57,-0.49,-0.96,-0.66,-0.83
"4867","Omar Larrosa",1978,"Argentina",-0.46,-0.56,-0.24,-0.4,-0.65,-0.8,-0.76,-0.58,-0.55,-0.87,-0.72,-0.57,-0.69,-0.65,-0.94,-0.13
"4868","Oscar Ortiz",1978,"Argentina",-0.46,-0.47,1.3,0.14,-0.74,-0.72,1.54,-0.31,0.32,0.1,-0.44,-0.57,-0.49,-0.49,1.72,0.48
"4869","Osvaldo Ardiles",1978,"Argentina",-0.46,-0.11,-0.75,-0.35,1.23,0.01,1.97,1.31,1.61,0.67,-0.33,-0.57,-0.09,-0.18,3.39,0.54
"4870","Rene Houseman",1978,"Argentina",0.43,0.3,0.02,0.98,-1.09,-0.92,0.39,-0.37,-1.05,-0.63,-0.72,-0.57,-0.49,-0.33,-0.24,0
"4871","Ricardo Villa",1978,"Argentina",-0.46,-0.65,-0.75,-0.7,-1.09,-1.01,-0.04,-0.51,-0.32,-0.61,-0.67,-0.11,-0.69,-0.65,-0.24,-0.93
"4872","Ubaldo Fillol",1978,"Argentina",-0.46,-0.71,-0.75,-0.75,0.51,0.85,-0.91,-1.18,-1.05,-1.02,-0.72,-0.57,-0.69,-1.27,-0.66,-1.01
"4873","Bruno Pezzey",1978,"Austria",-0.46,-0.31,-0.12,-0.39,0.59,0.02,0.32,0.63,1.37,1.67,3,2.66,3.28,1.4,0.29,0.06
"4874","Eduard Krieger",1978,"Austria",-0.46,-0.36,0.5,-0.33,0.41,-0.12,-0.73,0.22,1.12,-0.18,-0.31,0.56,0.05,-0.32,-0.39,-0.12
"4875","Erich Obermayer",1978,"Austria",0.63,-0.29,-0.43,-0.57,1.15,1.08,-0.56,-0.36,0.14,1.81,2.18,1.86,-0.2,-0.13,-0.05,-0.85
"4876","Friedrich Koncilia",1978,"Austria",-0.46,-0.71,-0.75,-0.75,0.87,3.1,-0.91,-1.18,-1.05,-1.02,-0.66,-0.57,-0.69,-1.27,-0.22,-1.01
"4877","Gerhard Breitenberger",1978,"Austria",-0.46,-0.67,0.5,-0.63,0.35,0.44,-0.91,-0.03,0.1,-0.18,0.79,-0.57,-0.45,-0.32,-0.56,-0.22
"4878","Hans Johann Krankl",1978,"Austria",3.91,4.47,-0.75,3.36,-0.27,-0.69,2.26,0.79,-0.71,-0.81,-0.72,-0.23,0.79,-0.32,0.29,0.92
"4879","Hans Pirkner",1978,"Austria",-0.46,-0.44,-0.75,-0.45,-1.54,-1.29,-0.91,-1.02,-1.05,-1.02,-0.72,-0.57,-0.69,-0.89,-0.73,-1.01
"4880","Heinrich Strasser",1978,"Austria",-0.46,-0.64,-0.75,-0.69,-0.63,-0.26,-0.03,0.05,-0.35,-0.65,-0.03,-0.57,-0.45,-0.13,-0.73,-0.77
"4881","Herbert Prohaska",1978,"Austria",-0.46,-0.71,0.19,-0.39,3.12,1.86,1.03,3.91,0.54,0.17,-0.38,-0.57,-0.45,0.45,0.46,1.14
"4882","Heribert Weber",1978,"Austria",-0.46,-0.6,-0.75,-0.57,-1.35,-1.15,-0.73,-0.93,-1.05,-1.02,-0.52,-0.57,0.05,-1.27,-0.73,-0.93
"4883","Josef Hickersberger",1978,"Austria",-0.46,-0.16,0.19,-0.45,0.46,-0.16,-0.2,0.05,0.16,-0.54,-0.59,0.59,-0.45,-0.51,1.14,-0.23
"4884","Kurt Jara",1978,"Austria",-0.46,-0.13,-0.12,0.22,0.31,0.41,-0.56,0.54,-0.68,-0.43,-0.52,0.29,-0.45,-1.27,-0.56,0.21
"4885","Robert Sara",1978,"Austria",-0.46,-0.44,2.38,-0.27,2.04,1.96,1.03,1.45,1.66,1.27,0.17,0.12,-0.45,1.59,0.12,0.76
"4886","Walter Schachner",1978,"Austria",0.63,-0.11,-0.43,0.22,-1.09,-0.86,-0.38,-0.44,-1.05,-1.02,-0.66,-0.57,-0.2,-0.89,0.12,0.08
"4887","Wilhelm Kreuz",1978,"Austria",-0.46,0.98,-0.43,0.76,1.15,-0.16,0.85,0.96,0.61,1.09,-0.72,0.72,-0.45,1.4,0.46,0.03
"4888","Chicao",1978,"Brazil",-0.46,-0.71,-0.75,-0.75,-1.02,-1.11,-0.91,-1.04,-0.69,-0.49,-0.67,-0.19,-0.48,-0.94,0.09,-0.97
"4889","Dirceu",1978,"Brazil",2.35,0.05,-0.21,-0.39,1.53,1.01,1.51,1.42,1.35,1.51,-0.19,-0.57,-0.48,0.2,-0.34,0.25
"4890","Edinho",1978,"Brazil",-0.46,-0.63,0.32,-0.44,-0.74,-0.35,-0.3,-0.34,-0.34,-0.26,0.1,-0.57,-0.06,0.69,0.24,-0.37
"4891","Gil",1978,"Brazil",-0.46,0.74,0.06,0.44,-0.66,-0.72,0.75,-0.12,-0.93,-0.85,-0.72,-0.57,-0.48,0.2,0.09,0.36
"4892","Joao Batista da Silva Batista",1978,"Brazil",-0.46,-0.51,-0.75,-0.7,1.94,0.07,0,0.02,2.82,2.56,0.34,0.01,-0.27,0.86,0.97,-0.1
"4893","José Oscar Bernardi",1978,"Brazil",-0.46,-0.52,-0.75,-0.44,0.68,0.25,-0.61,-0.27,-0.93,2.23,2.77,3.62,2.71,1.84,-0.93,-0.79
"4894","José Reinaldo de Lima Reinaldo",1978,"Brazil",0.47,0.4,-0.48,0.34,-1.12,-1.11,-0.3,-0.48,-0.9,-0.86,-0.67,-0.57,-0.69,0.53,0.24,-0.89
"4895","José Rodrigues Neto",1978,"Brazil",-0.46,-0.57,0.32,-0.54,-0.43,-0.26,0.15,-0.19,-0.45,0.31,-0.55,-0.57,-0.48,0.53,-0.49,-0.56
"4896","João Justino Amaral dos Santos Amaral",1978,"Brazil",-0.46,-0.44,-0.75,-0.59,1.03,0.43,-0.76,0.72,-0.53,1.4,2.06,1.63,-0.27,-0.94,-0.78,-0.83
"4897","Leão",1978,"Brazil",-0.46,-0.71,-0.75,-0.75,0.62,1.77,-0.91,-0.9,-1.05,-1.02,-0.67,-0.57,-0.69,-1.27,-1.08,-1.01
"4898","Manoel Rezende de Matos Cabral",1978,"Brazil",1.41,0.2,-0.21,-0.75,-0.28,0.43,-0.3,0.93,-0.17,0.09,0.16,-0.57,-0.48,0.37,-0.34,-0.28
"4899","Mendonca",1978,"Brazil",-0.46,1.21,-0.48,0.86,0.84,-0.78,0.75,1.35,-0.5,-0.68,-0.67,-0.57,-0.69,-0.94,0.09,0.45
"4900","Rivellino",1978,"Brazil",-0.46,-0.47,-0.75,-0.7,-0.61,-0.48,-0.15,-0.69,-0.17,-0.25,-0.67,-0.57,-0.69,-0.45,-0.05,-0.6
"4901","Roberto Dinamite",1978,"Brazil",2.35,1.25,-0.75,1.74,-0.73,-1.02,-0.76,-0.76,-0.75,-0.66,-0.72,-0.19,0.79,-0.13,0.53,0.14
"4902","Toninho",1978,"Brazil",-0.46,-0.38,1.67,-0.59,0.59,0.68,0.15,0.58,1.39,0.61,0.64,-0.57,0.16,1.51,-0.34,0.2
"4903","Toninho Cerezo",1978,"Brazil",-0.46,-0.13,-0.21,-0.28,1.43,0.43,-0.45,0.37,0.72,1.16,-0.61,-0.57,-0.27,0.69,-0.34,0.44
"4904","Zico",1978,"Brazil",0.47,1.1,-0.48,-0.28,-0.78,-0.84,-0.15,-0.69,-0.02,-0.39,-0.61,-0.57,-0.27,-0.29,-0.05,-0.01
"4905","Bernard Lacombe",1978,"France",1.72,0.64,-0.12,1.43,-0.31,-0.76,-0.2,-0.69,-0.69,-0.14,-0.72,0.66,-0.2,-0.13,0.97,0.1
"4906","Christian Dalger",1978,"France",-0.46,-0.42,0.5,-0.75,-1.11,-0.83,-0.2,-0.03,-0.27,-1.02,-0.72,-0.57,-0.69,-1.27,-0.05,0.03
"4907","Christian Lopez",1978,"France",1.72,-0.42,-0.75,-0.75,-0.18,0.02,-0.91,-0.19,3.03,3.19,0.79,4.79,-0.69,1.4,-0.39,-0.6
"4908","Claude Papi",1978,"France",-0.46,-0.6,-0.75,-0.27,-1.09,-1.11,-0.91,-0.69,-0.73,-0.51,-0.59,-0.57,-0.69,-0.89,-1.08,-0.72
"4909","Didier Six",1978,"France",-0.46,0.42,3.01,0.1,-0.26,-0.41,2.97,0.3,0.38,-0.4,-0.72,-0.57,0.3,1.78,-0.39,1.42
"4910","Dominique Bathenay",1978,"France",-0.46,-0.42,-0.12,-0.39,0.01,-0.05,0.85,0.79,-0.01,0.34,-0.03,-0.57,-0.2,-0.13,-0.39,1.33
"4911","Dominique Dropsy",1978,"France",-0.46,-0.71,-0.75,-0.75,-0.85,-0.48,-0.91,-1.18,-1.05,-1.02,-0.72,-0.57,-0.69,-1.27,-1.08,-1.01
"4912","Dominique Rocheteau",1978,"France",1.72,0.56,2.38,0.94,-0.45,-0.41,0.5,-0.19,1.03,-0.74,-0.59,-0.57,-0.69,-0.51,-0.05,1.17
"4913","Dominque Baratelli",1978,"France",-0.46,-0.71,-0.75,-0.75,-1.57,-1.18,-0.91,-1.18,-1.05,-1.02,-0.72,-0.57,-0.69,-1.27,-1.08,-1.01
"4914","François Bracci",1978,"France",-0.46,-0.45,-0.12,-0.51,-0.53,-0.12,-0.56,-0.69,-0.09,0,0.79,-0.57,0.79,0.26,-1.08,-0.88
"4915","Gérard Janvion",1978,"France",-0.46,-0.6,-0.12,-0.27,0.22,0.09,-0.56,-0.52,-0.01,1.19,1.21,-0.57,-0.69,0.64,-0.39,-0.47
"4916","Henri Michel",1978,"France",-0.46,0.02,2.38,-0.14,1.15,0.51,1.21,1.61,1.24,0.46,-0.31,-0.57,-0.2,0.64,0.29,1.93
"4917","Jean Petit",1978,"France",-0.46,-0.71,-0.12,0.46,0.03,0.02,-0.2,-0.03,-0.73,-0.51,-0.45,-0.57,-0.69,0.26,-1.08,1.48
"4918","Jean-Marc Guillou",1978,"France",-0.46,-0.56,-0.75,-0.63,-0.66,-0.83,-0.2,0.13,-1.05,-1.02,-0.59,-0.57,-0.69,-0.51,-0.39,-0.69
"4919","Jean-Paul Bertand-Demanes",1978,"France",-0.46,-0.71,-0.75,-0.75,-0.74,-0.12,-0.91,-1.18,-1.05,-1.02,-0.72,-0.57,-0.69,-1.27,-1.08,-1.01
"4920","Marc Berdoll",1978,"France",1.72,2.96,-0.75,2.03,-1.14,-1.11,-0.56,-0.52,-0.34,-1.02,-0.72,-0.57,-0.69,-0.51,-0.73,0.89
"4921","Marius Trésor",1978,"France",-0.46,-0.6,-0.75,0.46,0.7,1.29,-0.2,1.12,1.85,3.27,2.73,2.67,2.78,1.02,-0.73,-0.09
"4922","Maxime Bossis",1978,"France",-0.46,-0.42,-0.12,-0.39,0.3,0.23,1.56,1.12,3.49,0.72,0.24,-0.57,0.79,-0.13,-0.73,-0.66
"4923","Michel Platini",1978,"France",1.72,0.82,-0.75,1.31,1.23,0.73,0.5,1.28,1.85,0.4,-0.72,-0.57,-0.2,1.4,1.65,2.53
"4924","Olivier Rouyer",1978,"France",-0.46,-0.13,-0.12,0.82,-0.85,-0.62,0.85,0.63,-0.73,-0.77,-0.72,-0.57,-0.69,-0.13,0.29,1.17
"4925","Patrice Rio",1978,"France",-0.46,-0.64,-0.75,-0.75,-0.87,-0.69,-0.91,-0.85,-0.27,-0.09,0.79,-0.57,1.29,-0.51,-1.08,-1.01
"4926","Patrick Battiston",1978,"France",-0.46,-0.71,-0.12,-0.75,-0.66,0.02,-0.91,-1.02,-0.33,1.26,-0.31,0.55,-0.2,-0.89,-1.08,-0.12
"4927","Andras Toth",1978,"Hungary",1.72,2.42,1.13,-0.51,-1.35,-0.97,-0.91,-1.18,-0.5,-1.02,-0.72,-0.57,-0.69,-1.27,-1.08,0
"4928","András Törõcsik",1978,"Hungary",-0.46,1.18,-0.75,1.18,-0.31,-0.26,2.26,0.79,-0.36,-1.02,-0.72,-0.57,-0.2,0.26,2.34,0.06
"4929","Ferenc Meszaros",1978,"Hungary",-0.46,-0.71,-0.75,-0.75,-1.03,-0.19,-0.91,-1.18,-1.05,-1.02,-0.72,-0.57,-0.69,-1.27,-1.08,-1.01
"4930","Gyözö Martos",1978,"Hungary",-0.46,-0.64,1.13,-0.51,0.7,2.35,0.15,0.79,0.28,-0.26,0.79,-0.57,-0.2,1.78,0.97,0.44
"4931","Istvan Halasz",1978,"Hungary",-0.46,0.24,-0.12,-0.14,-1.09,-0.9,-0.91,-0.52,-0.87,-1.02,-0.72,-0.57,-0.69,-0.51,-1.08,-0.19
"4932","Istvan Kocsis",1978,"Hungary",-0.46,-0.53,-0.12,-0.75,-0.55,-0.19,-0.91,-0.85,-0.07,-0.68,3.97,0.77,0.3,-0.51,-1.08,-0.41
"4933","József Tóth",1978,"Hungary",-0.46,-0.64,-0.75,-0.75,0.51,2.21,-0.2,0.79,0.37,0.78,0.93,-0.57,-0.69,2.17,-0.73,-0.22
"4934","Karoly Csapo",1978,"Hungary",1.72,1.65,0.5,0.1,-0.37,-0.48,-0.91,0.46,-0.69,-0.44,-0.17,-0.57,-0.2,0.26,-0.05,-0.16
"4935","Laszlo Bálint",1978,"Hungary",-0.46,-0.71,-0.75,-0.75,-1.38,-1.04,-0.91,-0.85,-0.77,-0.35,0.1,1.2,-0.2,-1.27,-0.73,-1.01
"4936","Laszlo Pusztai",1978,"Hungary",-0.46,0.82,1.13,2.51,-0.87,-0.55,-0.91,-0.19,0.17,-1.02,-0.59,-0.57,-0.2,-0.89,0.29,1.86
"4937","László Fazekas",1978,"Hungary",-0.46,0.09,-0.75,0.22,-1.33,-1.04,-0.91,-1.02,-1.05,-1.02,-0.72,-0.57,-0.69,-1.27,-0.73,-0.91
"4938","László Nagy",1978,"Hungary",-0.46,0.38,-0.12,0.46,-0.74,-0.05,0.5,0.63,-0.62,-0.8,-0.17,-0.19,-0.2,-0.89,0.63,0.38
"4939","Peter Török",1978,"Hungary",-0.46,-0.67,-0.75,-0.75,-1.27,-1.11,0.15,-0.52,-1.05,-1.02,-0.45,-0.19,-0.69,-0.51,-0.73,-1.01
"4940","Sandor Gujdar",1978,"Hungary",-0.46,-0.71,-0.75,-0.75,-0.39,1.01,-0.91,-1.18,-1.05,-1.02,-0.59,-0.57,-0.69,-1.27,-0.73,-1.01
"4941","Sandor Zombori",1978,"Hungary",1.72,1,0.5,0.46,1.13,1.72,1.21,1.12,-0.34,0.16,0.1,-0.57,-0.2,1.4,0.63,1.58
"4942","Sándor Pintér",1978,"Hungary",-0.46,-0.71,-0.75,-0.27,2.08,0.44,1.21,0.46,1.85,-0.07,-0.31,0.01,-0.2,2.93,2.34,-0.19
"4943","Tibor Nyilasi",1978,"Hungary",-0.46,-0.53,-0.75,-0.02,-0.15,0.09,0.15,0.46,0.17,-0.7,-0.59,0.2,0.79,1.02,-0.05,1.2
"4944","Zoltan Kereki",1978,"Hungary",-0.46,-0.71,-0.75,-0.51,-0.07,-0.12,-0.91,-0.85,0.35,0.35,3,0.96,0.3,1.02,-0.39,-0.72
"4945","Ali Par Win",1978,"Iran",-0.46,0.2,1.76,0.22,1.66,0.94,0.15,1.94,-0.12,-0.01,0.24,-0.57,-0.69,-0.51,-0.73,0.54
"4946","Andaranik Eskandarian",1978,"Iran",-0.46,-0.71,-0.75,-0.75,-0.26,-0.12,-0.56,-0.36,-0.74,0.49,1.07,0.76,-0.2,2.55,0.63,-0.69
"4947","Ebrahim Kassempoor",1978,"Iran",-0.46,-0.24,-0.12,-0.02,0.81,0.16,0.15,1.12,-0.04,0.57,-0.45,-0.19,-0.2,0.26,-0.39,0.19
"4948","Ghafoor Jahani",1978,"Iran",-0.46,-0.45,-0.12,1.79,-0.71,-1.04,-0.2,-0.85,-0.86,-0.78,-0.45,0.02,3.28,-0.13,0.29,0.06
"4949","Hassan Naibagha",1978,"Iran",-0.46,-0.71,-0.75,-0.75,-1.11,-1.04,-0.91,-1.02,-0.93,-0.83,-0.31,0.18,-0.69,-0.13,-1.08,-1.01
"4950","Hassan Nazari",1978,"Iran",-0.46,-0.31,0.5,-0.51,0.81,1.58,0.15,0.13,0.41,-0.07,0.38,-0.19,-0.2,1.02,0.29,0.06
"4951","Hassan Rowshan",1978,"Iran",1.72,1.29,-0.75,-0.02,-1.01,-1.04,-0.2,-0.52,-1.05,-1.02,-0.72,-0.57,-0.2,-0.13,0.97,-0.79
"4952","Hossein Kazerani",1978,"Iran",-0.46,-0.71,-0.75,-0.75,0.03,-0.05,-0.91,-1.02,0.2,0.56,2.18,0.18,-0.2,-0.13,-0.39,-0.91
"4953","Hussein Faraki",1978,"Iran",-0.46,-0.13,-0.12,0.58,-0.69,-0.83,0.15,-0.52,-0.4,-0.48,-0.59,-0.57,-0.69,1.78,0.29,0.19
"4954","Iraj Danayfar",1978,"Iran",1.72,0.35,-0.12,0.58,-0.34,-0.76,2.61,0.96,-0.3,-0.58,-0.72,-0.57,-0.2,0.64,0.63,-0.03
"4955","Jawad Allahwardi",1978,"Iran",-0.46,-0.67,-0.75,-0.75,-1.19,-0.9,-0.91,-1.18,-0.77,-0.35,-0.17,-0.57,0.3,0.26,-0.73,-1.01
"4956","Mohammad Sadeqi",1978,"Iran",-0.46,0.64,-0.75,0.1,0.67,-0.55,1.91,0.3,-0.25,1.29,-0.45,-0.57,0.3,1.4,-0.05,-0.47
"4957","Nasrollah Abdollahi",1978,"Iran",-0.46,-0.49,-0.75,-0.75,-0.79,-0.9,-0.91,-0.85,1.32,0.06,1.9,2.39,0.79,1.78,-0.39,-1.01
"4958","Nasser Hejazi",1978,"Iran",-0.46,-0.71,-0.75,-0.75,0.17,1.79,-0.91,-1.18,-1.05,-1.02,-0.72,-0.57,-0.69,-0.51,-0.39,-1.01
"4959","Aldo Maldera",1978,"Italy",-0.46,-0.66,-0.75,-0.7,-1.35,-1.2,-0.76,-0.97,-0.52,-0.85,-0.43,-0.23,-0.48,-0.13,-1.08,-1.01
"4960","Antonello Cuccureddu",1978,"Italy",-0.46,-0.54,-0.48,-0.65,-0.55,-0.35,-0.76,-0.76,-0.25,-0.36,0.05,0.92,-0.27,-0.78,-0.34,-0.7
"4961","Antonio Cabrini",1978,"Italy",-0.46,-0.38,1.67,-0.08,0.51,0.65,0.15,-0.05,0.02,1.17,1.23,-0.57,-0.06,1.18,0.83,0.11
"4962","Claudio Gentile",1978,"Italy",-0.46,-0.71,0.06,-0.44,0.62,0.89,0.3,-0.05,0.88,1.55,1.64,0.6,1.22,1.68,1.56,-0.39
"4963","Claudio Sala",1978,"Italy",-0.46,-0.71,-0.75,-0.75,-1.53,-1.23,-0.15,-0.97,-0.7,-0.64,-0.67,-0.57,-0.69,-0.94,-0.2,-1.01
"4964","Dino Zoff",1978,"Italy",-0.46,-0.71,-0.75,-0.75,0.31,1.43,-0.91,-1.11,-1.05,-1.02,-0.72,-0.57,-0.69,-1.27,-0.64,-1.01
"4965","Francesco Graziani",1978,"Italy",-0.46,-0.52,-0.48,-0.59,-1.5,-1.23,-0.76,-0.97,-1.05,-0.92,-0.72,-0.57,-0.48,-1.11,-1.08,-0.86
"4966","Franco Causio",1978,"Italy",0.47,0.57,1.67,0.24,1.12,1.37,1.96,1.14,0.43,0.53,-0.49,-0.57,-0.27,0.04,0.68,1.29
"4967","Gaetano Scirea",1978,"Italy",-0.46,-0.71,-0.21,-0.7,1.37,1.34,-0.61,0.3,0.53,1,3.3,3.43,-0.06,-0.45,-0.93,-0.6
"4968","Giancarlo Antognoni",1978,"Italy",-0.46,-0.02,-0.48,-0.54,-0.01,-0.51,0,-0.05,-0.3,0.17,-0.49,-0.06,-0.27,-0.62,-0.34,-0.52
"4969","Marco Tardelli",1978,"Italy",-0.46,0.15,0.06,-0.18,1.06,0.28,1.05,0.3,0.66,1.23,0.46,0.95,0.16,0.86,1.26,-0.37
"4970","Mauro Bellugi",1978,"Italy",-0.46,-0.71,-0.75,-0.75,-0.8,-0.81,-0.91,-1.11,0.12,0.68,0.7,0.21,1.22,-0.13,-0.05,-0.94
"4971","Paolo Rossi",1978,"Italy",2.35,1.01,1.4,1.48,0.31,-0.57,1.36,-0.12,0.15,-0.92,-0.67,-0.07,0.79,0.2,1.56,1.29
"4972","Patrizio Sala",1978,"Italy",-0.46,-0.65,-0.75,-0.75,-1.26,-1.11,-0.91,-1.18,-0.73,-0.85,-0.67,0.1,-0.06,-0.62,-0.93,-1.01
"4973","Renato Zaccarelli",1978,"Italy",0.47,-0.35,0.32,0.03,-0.67,-0.72,-0.45,-0.69,-0.25,-0.28,-0.01,-0.57,0.16,-0.78,-0.64,-0.28
"4974","Roberto Bettega",1978,"Italy",1.41,2.2,-0.75,2.41,0.11,-0.69,1.21,-0.05,-0.73,-0.5,-0.01,-0.57,3.98,0.2,2.87,0.38
"4975","Romeo Benetti",1978,"Italy",0.47,-0.02,0.06,-0.28,0.75,0.1,-0.3,0.02,0.47,0.66,-0.07,0.51,-0.69,2.33,-0.2,-0.18
"4976","Alfredo Tena",1978,"Mexico",-0.46,-0.71,-0.75,-0.75,-1.14,-0.76,-0.91,-1.18,1.77,0.14,0.79,0.13,1.29,-0.89,-0.39,-1.01
"4977","Antonio de la Torre",1978,"Mexico",-0.46,0.31,-0.12,0.1,1.79,1.22,0.15,1.28,0.49,0.93,-0.03,-0.57,-0.69,-0.51,-0.05,0.76
"4978","Arturo Vazquez Ayala",1978,"Mexico",1.72,2.49,-0.12,-0.75,1.66,1.79,0.15,0.63,0.53,1.38,1.49,1.07,-0.69,0.26,1.31,-0.28
"4979","Carlos Gomez",1978,"Mexico",-0.46,-0.71,-0.75,-0.75,-0.66,-0.48,-0.56,-0.52,-0.53,-0.19,0.52,0.26,-0.69,-1.27,-0.73,-1.01
"4980","Cristobal Ortega",1978,"Mexico",-0.46,-0.34,0.5,-0.14,-0.98,-1.11,-0.56,-0.19,-0.79,-0.19,-0.72,-0.57,-0.69,-0.89,0.97,-0.25
"4981","Eduardo Ramos",1978,"Mexico",-0.46,-0.71,-0.75,-0.63,-0.58,0.44,-0.56,-0.52,-0.15,0.32,1.35,2.76,0.3,-0.51,-0.05,-1.01
"4982","Enrique Lopez",1978,"Mexico",-0.46,-0.6,0.5,-0.75,-1.11,-0.62,-0.91,-0.69,-1.05,-0.84,-0.59,-0.57,-0.69,-1.27,-0.39,-0.31
"4983","Gerardo Lugo Gomez",1978,"Mexico",-0.46,0.27,-0.12,0.1,-0.87,-0.69,0.5,-0.03,-1.05,-1.02,-0.72,-0.57,-0.69,-0.89,-1.08,-0.22
"4984","Guillermo Mendizabal",1978,"Mexico",-0.46,0.35,0.5,0.82,0.54,-0.48,0.85,1.94,-0.08,0.1,-0.31,-0.57,-0.2,-0.13,0.63,0.82
"4985","Hugo Sanchez",1978,"Mexico",-0.46,1.65,1.13,3.12,0.81,0.09,0.15,0.79,0.45,-0.45,-0.72,-0.57,-0.2,-0.89,1.31,2.97
"4986","Ignacio Flores",1978,"Mexico",-0.46,-0.71,-0.12,-0.63,-1.17,-0.9,-0.56,-0.85,-0.26,-0.4,0.24,0.26,-0.69,-0.89,-0.39,-0.47
"4987","Javier Cardenas",1978,"Mexico",-0.46,-0.67,-0.12,-0.75,-0.95,-0.97,-0.91,-1.02,-0.79,-0.81,-0.72,-0.57,-0.69,-0.89,-1.08,-0.69
"4988","Jesus Martinez",1978,"Mexico",-0.46,-0.64,-0.75,-0.75,-0.07,0.02,-0.2,0.46,0.36,0.5,-0.03,-0.57,-0.69,-0.13,-0.73,-0.88
"4989","Jose Pilar Reyes",1978,"Mexico",-0.46,-0.71,-0.75,-0.75,-0.63,0.09,-0.91,-1.18,-1.05,-1.02,-0.72,-0.57,-0.69,-1.27,-1.08,-1.01
"4990","Leonardo Cuellar",1978,"Mexico",-0.46,1.22,3.63,1.67,2.4,2.14,1.91,2.76,-0.83,-0.08,-0.03,-0.57,0.3,-0.89,1.31,3.47
"4991","Pedro Soto",1978,"Mexico",-0.46,-0.71,-0.75,-0.75,-0.47,0.94,-0.91,-1.02,-1.05,-1.02,-0.72,-0.57,-0.69,-1.27,-1.08,-1.01
"4992","Raul Isiordia",1978,"Mexico",-0.46,-0.34,1.13,0.1,-0.9,-0.41,0.85,0.79,-0.66,-1.02,-0.59,-0.57,-0.69,-1.27,-0.05,0.89
"4993","Rigoberto Cisneros",1978,"Mexico",-0.46,0.13,-0.75,-0.39,-1.01,-0.55,-0.91,-0.85,-0.26,0.44,1.07,1.07,1.79,-0.89,-1.08,-1.01
"4994","Victor Rangel",1978,"Mexico",1.72,1.29,-0.12,2.27,-0.21,-0.83,-0.91,-0.69,0,-0.45,-0.72,-0.57,-0.2,1.02,1.65,0.38
"4995","Adrie van Kraay",1978,"Netherlands",-0.46,-0.71,-0.49,-0.75,-1.5,-1.21,-0.76,-1.05,-0.8,-1.02,-0.55,-0.57,-0.69,-0.96,-1.08,-0.81
"4996","Arie Haan",1978,"Netherlands",1.32,0.23,2.32,0.14,0.8,0.64,-0.62,0.1,2.43,0.96,-0.55,-0.19,-0.49,2.32,0.74,1.63
"4997","Dick Nanninga",1978,"Netherlands",0.43,-0.19,-0.75,0.49,-1.37,-1.15,-0.91,-1.11,-1.05,-0.62,-0.72,-0.57,0.93,-1.12,-0.8,-0.62
"4998","Ernie Brandts",1978,"Netherlands",1.32,-0.44,-0.75,-0.5,-0.86,-0.95,-0.76,-0.58,-0.05,-0.14,0.8,0.3,0.52,0.29,-0.94,-0.93
"4999","Jan Boskamp",1978,"Netherlands",-0.46,-0.59,-0.49,-0.65,-1.2,-1.18,-0.76,-1.18,-0.67,-0.95,-0.67,-0.57,-0.69,-0.8,-0.66,-0.69
"5000","Jan Jongbloed",1978,"Netherlands",-0.46,-0.71,-0.75,-0.75,-0.2,1.34,-0.91,-1.18,-1.05,-1.02,-0.67,-0.57,-0.69,-1.27,-0.8,-1.01
"5001","Jan Poortvliet",1978,"Netherlands",-0.46,-0.22,-0.49,-0.16,0.24,-0.17,-0.76,-0.17,1.01,0.4,0.12,-0.13,0.12,1.7,-0.66,-0.56
"5002","Johan Neeskens",1978,"Netherlands",-0.46,0.59,0.02,1.43,-0.33,-0.63,-0.33,-0.24,0.44,0.18,-0.16,-0.57,1.34,0.14,0.6,-0.27
"5003","Johnny Rep",1978,"Netherlands",2.22,1.4,0.53,1.53,-0.05,-0.28,0.39,1.17,-0.44,-0.68,-0.61,-0.57,1.34,1.07,1.3,0.58
"5004","Piet Schrijvers",1978,"Netherlands",-0.46,-0.71,-0.75,-0.75,-0.94,-0.31,-0.91,-1.18,-1.05,-1.02,-0.67,-0.57,-0.69,-1.27,-0.94,-1.01
"5005","Piet Wildschut",1978,"Netherlands",-0.46,-0.65,-0.49,-0.65,-0.93,-1.01,0.1,-0.64,-0.69,-0.4,-0.33,-0.57,-0.29,-0.18,-0.1,-0.93
"5006","Rene van de Kerkhof",1978,"Netherlands",0.43,0.17,3.6,0.98,-0.11,-0.25,1.54,1.31,-0.1,0.34,-0.67,-0.57,-0.49,0.45,0.6,2.13
"5007","Rob Rensenbrink",1978,"Netherlands",4.01,6.71,-0.24,3.36,-0.08,-0.75,1.11,0.9,0.01,-0.4,-0.5,-0.19,0.32,0.29,1.16,0.62
"5008","Ruud Krol",1978,"Netherlands",-0.46,-0.44,-0.24,-0.7,2.43,1.77,0.24,1.78,2.38,1.53,1.31,1.84,0.52,1.23,-0.38,0.45
"5009","Willy van de Kerkhof",1978,"Netherlands",0.43,0.35,1.3,0.09,1.2,1.16,0.82,0.7,3.45,2.31,-0.16,-0.2,-0.69,2.32,-0.24,1.16
"5010","Wim Jansen",1978,"Netherlands",-0.46,-0.57,1.81,-0.5,1.09,0.59,-0.19,0.7,1.63,1.47,0.12,-0.57,0.12,0.45,0.6,0.95
"5011","Wim Rijsbergen",1978,"Netherlands",-0.46,-0.69,-0.49,-0.75,-0.82,-0.77,-0.76,-0.58,-0.37,-0.11,-0.05,-0.27,-0.29,-0.02,-0.24,-0.79
"5012","Wim Suurbier",1978,"Netherlands",-0.46,-0.57,0.02,-0.65,-0.39,-0.34,-0.91,-0.78,0.28,-0.45,0.01,0.01,-0.29,0.92,-0.8,-0.67
"5013","Alfredo Quesada",1978,"Peru",-0.46,-0.56,-0.75,-0.63,-0.29,-0.55,-0.91,-0.61,0.1,-0.21,-0.45,-0.57,-0.69,-0.51,-0.56,-0.91
"5014","Cesar Cueto",1978,"Peru",0.63,0.11,-0.43,0.04,1.62,0.51,0.68,0.3,0.36,-0.41,-0.45,-0.04,-0.69,1.02,-0.56,1.07
"5015","Guillermo La Rosa",1978,"Peru",-0.46,0.05,-0.75,0.46,-0.53,-1.04,-0.56,-0.28,-0.52,-0.58,-0.45,0.42,0.05,-0.32,0.46,-0.25
"5016","Hector Chumpitaz",1978,"Peru",-0.46,-0.4,-0.75,-0.75,0.57,1.22,-0.38,0.05,0.59,1.3,2.38,1.62,0.05,-0.32,-0.39,-0.88
"5017","Hugo Sotil",1978,"Peru",-0.46,-0.71,-0.75,-0.51,-1.18,-1.22,-0.73,-1.1,-0.98,-1.02,-0.72,-0.57,-0.2,-0.89,-0.39,-0.82
"5018","Jaíme Duarte",1978,"Peru",-0.46,-0.51,-0.75,-0.69,1.28,1.5,-0.38,0.54,0.24,-0.19,1,-0.57,0.55,1.59,0.29,-0.99
"5019","José Navarro",1978,"Peru",-0.46,-0.71,-0.75,-0.75,-0.82,-0.51,-0.56,-0.85,-0.61,0.07,-0.38,-0.57,-0.2,0.07,-0.73,-0.83
"5020","José Velâsquez",1978,"Peru",0.63,-0.33,-0.75,-0.57,0.66,-0.02,-0.73,-0.03,1.31,1.14,0.59,1.43,0.55,1.02,-0.56,-0.71
"5021","Juan Munante",1978,"Peru",-0.46,0.15,2.07,0.22,-0.31,-0.37,2.97,1.69,-0.98,-0.85,-0.72,-0.57,-0.2,0.07,2,0.71
"5022","Juan Oblitas",1978,"Peru",-0.46,0.09,0.19,0.82,0.11,-0.12,2.44,2.19,-0.5,-0.69,-0.66,-0.1,-0.2,0.26,2.34,0.57
"5023","Percy Rojas",1978,"Peru",-0.46,-0.56,-0.75,-0.75,-1.45,-1.29,-0.56,-1.1,-1.05,-0.93,-0.72,-0.57,-0.69,-1.27,-1.08,-1.01
"5024","Ramón Quiroga",1978,"Peru",-0.46,-0.71,-0.75,-0.75,0.69,2.21,-0.91,-1.02,-0.88,-1.02,-0.59,-0.57,-0.69,-1.08,0.29,-1.01
"5025","Raul Gorriti",1978,"Peru",-0.46,-0.67,-0.75,-0.75,-1.41,-1.15,-0.73,-1.02,-0.99,-0.97,-0.66,-0.57,-0.69,-0.89,-1.08,-1.01
"5026","Roberto Rojas",1978,"Peru",-0.46,-0.49,0.19,-0.27,-1.29,-1.08,-0.73,-0.85,-0.93,-0.83,-0.45,-0.57,-0.69,-0.89,-0.9,-0.61
"5027","Rodolfo Manzo",1978,"Peru",-0.46,-0.71,-0.75,-0.75,-0.67,-0.55,-0.73,-1.02,-0.16,1.06,2.73,1.57,0.79,1.02,-0.05,-0.93
"5028","Rubén Toribio Díaz",1978,"Peru",-0.46,-0.71,-0.75,-0.75,-0.65,0.02,-0.38,-0.77,0.35,-0.32,0.17,-0.06,-0.69,0.83,-0.9,-0.98
"5029","Teófilo Cubillas",1978,"Peru",5,3.94,-0.75,0.04,1.63,0.97,1.73,1.86,-0.31,0,-0.66,-0.2,-0.45,-1.08,0.63,1.85
"5030","Adam Nawalka",1978,"Poland",-0.46,-0.44,-0.12,0.4,0.43,0.16,1.21,0.79,0.16,0.9,-0.38,-0.18,1.54,1.4,0.97,0.54
"5031","Andrzej Iwan",1978,"Poland",-0.46,-0.18,-0.43,0.46,-1.5,-1.25,-0.73,-0.93,-0.81,-1.02,-0.59,-0.57,0.3,-0.7,-0.73,-0.74
"5032","Andrzej Szarmach",1978,"Poland",0.63,1.25,-0.75,1.91,-0.79,-0.65,-0.2,-0.03,-0.44,-0.51,-0.59,-0.57,2.03,-0.13,0.29,0.59
"5033","Antoni Szymanawski",1978,"Poland",-0.46,-0.64,0.19,-0.75,1.79,2.5,0.5,2.43,1.78,0.72,0.66,0.21,0.05,-0.32,0.63,-0.06
"5034","Bohdan Masztaler",1978,"Poland",-0.46,-0.31,0.5,-0.39,-0.09,-0.3,-0.73,-0.28,-0.42,-0.33,-0.52,0.32,-0.69,0.64,-0.73,-0.3
"5035","Grzegorz Lato",1978,"Poland",1.72,1.49,1.76,2.82,-0.13,-0.3,1.03,0.79,0.73,-0.06,-0.38,-0.57,-0.2,0.45,0.63,2.98
"5036","Henryk Kasperczak",1978,"Poland",-0.46,-0.2,1.13,-0.33,0.49,0.27,0.32,1.37,1.6,0.62,-0.03,0.75,-0.69,0.83,-0.22,0.55
"5037","Henryk Maculewicz",1978,"Poland",-0.46,-0.53,1.44,-0.63,0.85,1.82,-0.38,1.53,1.58,0.66,0.52,0.17,0.55,2.17,-0.39,1.72
"5038","Jan Tomaszewski",1978,"Poland",-0.46,-0.71,-0.75,-0.75,-0.21,0.66,-0.91,-1.1,-1.05,-1.02,-0.59,-0.57,-0.69,-1.27,-1.08,-0.93
"5039","Jerzy Gorgon",1978,"Poland",-0.46,-0.38,-0.75,-0.45,-0.15,-0.02,-0.91,-0.77,-0.15,-0.43,1.14,0.62,0.3,0.45,-0.56,-0.6
"5040","Kazimierz Deyna",1978,"Poland",0.63,3.62,3.01,1.37,1.96,1.43,1.21,1.94,-0.46,0.62,-0.45,-0.21,-0.45,-0.51,0.12,3.79
"5041","Wladyslaw Zmuda",1978,"Poland",-0.46,-0.67,-0.43,-0.69,-0.02,-0.37,-0.56,0.46,1.96,0.35,1.28,-0.57,1.54,1.78,-0.22,-0.47
"5042","Wlodzimierz Lubanski",1978,"Poland",-0.46,-0.04,-0.12,0.58,-0.99,-0.83,-0.73,-0.44,-0.94,-0.61,-0.72,-0.57,-0.2,-0.89,-0.9,0.9
"5043","Wojciech Rudy",1978,"Poland",-0.46,-0.67,-0.12,-0.75,-1.05,-0.69,-0.91,-0.93,-1.05,-0.89,-0.59,-0.57,-0.69,-0.7,-0.9,-0.68
"5044","Zbigniew Boniek",1978,"Poland",1.72,0.67,0.5,0.88,0.35,-0.3,2.26,1.45,-0.16,0.45,-0.59,-0.15,0.05,0.64,1.14,1.28
"5045","Zygmunt Kukla",1978,"Poland",-0.46,-0.71,-0.75,-0.75,-0.99,-0.69,-0.91,-1.18,-1.05,-1.02,-0.72,-0.57,-0.69,-1.27,-1.08,-1.01
"5046","Alan Rough",1978,"Scotland",-0.46,-0.71,-0.75,-0.75,0.75,2.57,-0.91,-1.18,-1.05,-1.02,-0.72,-0.57,-0.69,-0.89,-0.73,-0.85
"5047","Archie Gemmill",1978,"Scotland",3.91,2.6,1.76,-0.14,0.33,0.51,0.5,-0.36,-0.26,0.2,-0.59,0.59,-0.2,0.26,1.31,2.08
"5048","Asa Hartford",1978,"Scotland",-0.46,1.44,1.13,0.1,1.07,0.37,1.91,1.28,-0.31,0.78,-0.72,0.59,-0.69,0.26,0.97,1.61
"5049","Bruce Rioch",1978,"Scotland",-0.46,0.53,-0.12,0.34,-0.1,-0.62,0.15,0.3,0.43,-0.73,-0.59,-0.57,-0.2,-0.13,0.29,0.16
"5050","Donald Masson",1978,"Scotland",-0.46,2.56,-0.12,-0.02,-0.74,-0.41,-0.2,-0.52,-1.05,-0.44,-0.59,-0.57,-0.69,-1.27,-0.73,0.95
"5051","Graeme Souness",1978,"Scotland",-0.46,-0.71,1.76,-0.02,0.01,-0.55,-0.56,-0.03,-0.68,-1.02,-0.59,-0.57,-0.69,-0.13,-0.73,0.98
"5052","Joe Jordan",1978,"Scotland",1.72,2.24,-0.75,6.62,0.09,-1.04,1.21,-0.36,0.57,-0.1,-0.59,0.59,6.25,2.55,6.77,1.58
"5053","John Robertson",1978,"Scotland",-0.46,-0.42,1.76,-0.51,-1.14,-0.62,0.15,-0.52,-0.63,-0.69,-0.72,-0.57,-0.2,-0.89,0.97,0.76
"5054","Kenneth Burns",1978,"Scotland",-0.46,-0.71,-0.75,0.22,0.3,0.16,-0.91,0.63,0.9,-0.1,0.1,3.2,0.3,-0.51,-0.39,0.22
"5055","Kenny Dalglish",1978,"Scotland",1.72,1.94,1.76,3.84,0.22,0.3,-0.91,-0.36,-0.21,-0.69,-0.59,-0.57,-0.2,0.26,0.97,1.2
"5056","Lou Macari",1978,"Scotland",-0.46,-0.38,-0.75,0.22,-0.93,-0.9,-0.91,-0.85,-0.21,-0.69,-0.72,-0.57,-0.69,-0.89,-0.05,-0.72
"5057","Martin Buchan",1978,"Scotland",-0.46,-0.71,-0.12,-0.63,0.86,0.94,-0.56,-0.52,2.71,0.83,1.35,1.9,0.3,0.64,-0.73,-0.19
"5058","Sandy Jardin",1978,"Scotland",-0.46,-0.53,-0.12,-0.75,-0.42,-0.33,-0.56,-0.36,-0.21,-0.02,-0.31,-0.57,-0.2,-0.89,-0.73,-0.47
"5059","Stuart Kennedy",1978,"Scotland",-0.46,-0.71,0.5,-0.63,0.27,0.94,0.15,0.3,0.43,0.15,0.52,-0.57,-0.69,-0.13,-0.39,-0.31
"5060","Tom Forsyth",1978,"Scotland",-0.46,0.38,-0.75,-0.27,0.35,0.59,-0.2,-0.36,0.48,1.71,1.21,-0.57,2.28,0.64,-0.39,-0.63
"5061","William Johnston",1978,"Scotland",-0.46,-0.64,2.38,-0.63,-1.03,-0.41,0.15,0.13,-1.05,-0.73,-0.72,-0.57,0.3,-1.27,-0.39,0.06
"5062","Willie Donachie",1978,"Scotland",-0.46,-0.34,1.76,-0.63,0.38,1.43,-0.2,-0.03,-0.31,-0.39,0.24,0.74,-0.69,-0.89,-0.39,0.98
"5063","Antonio Olmo",1978,"Spain",-0.46,-0.71,-0.75,-0.75,0.38,0.44,-0.91,-0.36,-1.05,1.49,0.66,3.19,0.79,-0.13,-0.39,-0.88
"5064","Asensi",1978,"Spain",1.72,0.71,-0.75,0.1,2.19,0.23,0.85,-0.03,2.7,1.96,-0.31,-0.57,0.79,-0.13,0.29,-0.09
"5065","Biosca",1978,"Spain",-0.46,-0.56,-0.75,-0.51,-0.34,-0.55,-0.56,-0.52,0.33,1.49,0.66,-0.57,0.79,-0.51,0.29,-1.01
"5066","Carlos Rexach",1978,"Spain",-0.46,0.6,-0.12,0.34,-1.14,-0.9,1.56,-0.85,0.11,-1.02,-0.59,-0.57,-0.69,-0.13,-0.39,-0.35
"5067","Dani",1978,"Spain",1.72,0.02,-0.75,-0.39,-1.3,-1.25,-0.2,-0.69,-0.66,-0.71,-0.72,-0.57,-0.69,0.26,-0.73,-0.6
"5068","Jesús Antonio de la Cruz",1978,"Spain",-0.46,-0.6,-0.75,-0.75,-0.77,-0.83,-0.56,-1.02,0.88,0.21,-0.17,-0.57,-0.69,-0.13,-0.73,-0.85
"5069","Jose Martinez Pirri",1978,"Spain",-0.46,-0.64,-0.75,-0.39,1.52,1.01,1.21,0.79,0.18,2.05,0.24,2.08,-0.2,-0.13,-0.39,-0.69
"5070","Juanito",1978,"Spain",-0.46,1.73,0.5,1.55,-0.05,-0.26,0.15,0.46,-1.05,-0.29,-0.72,1.75,-0.69,-0.51,2,1.48
"5071","Julio Cardenosa",1978,"Spain",-0.46,0.56,1.13,0.46,1.66,1.01,0.85,2.11,0.24,0.99,-0.72,-0.57,-0.69,-1.27,0.63,1.93
"5072","Leal",1978,"Spain",-0.46,0.6,1.13,0.46,1.87,0.3,1.91,0.46,0.44,0.55,-0.45,-0.57,-0.69,0.64,1.65,0.38
"5073","Marcelino",1978,"Spain",-0.46,-0.64,1.13,-0.51,2.51,2.42,-0.56,0.63,1.76,2.69,0.24,4.63,-0.2,1.02,0.97,0.38
"5074","Miguel Bernardo Migueli",1978,"Spain",-0.46,-0.71,-0.75,-0.75,0.22,-0.33,-0.56,-0.03,1.6,-0.13,0.38,0.64,0.3,-0.51,-0.39,-0.6
"5075","Miguel Ángel",1978,"Spain",-0.46,-0.71,-0.75,-0.75,1.47,2.28,-0.91,-1.18,-1.05,-1.02,-0.72,-0.57,-0.69,-1.27,-0.73,-0.91
"5076","Rubén Cano",1978,"Spain",-0.46,0.13,-0.75,0.94,-1.19,-1.32,-0.91,-1.02,-0.66,-0.1,-0.72,-0.57,0.3,-0.13,-1.08,-0.98
"5077","San José",1978,"Spain",-0.46,-0.6,-0.75,-0.63,1.34,0.16,1.56,1.12,-0.2,3.45,-0.31,-0.57,1.29,-0.51,2.34,-0.5
"5078","Santillana",1978,"Spain",-0.46,0.67,-0.75,1.31,-0.87,-0.97,-0.56,-0.69,-0.59,-1.02,-0.72,-0.57,3.28,-1.27,0.29,0.76
"5079","Uría",1978,"Spain",-0.46,-0.16,2.38,-0.02,0.33,0.94,0.85,0.46,0.24,0.23,-0.59,-0.57,-0.69,0.26,0.97,0.41
"5080","Anders Linderoth",1978,"Sweden",-0.46,-0.42,1.13,-0.27,0.19,-0.48,0.5,0.46,-0.91,-0.17,-0.31,-0.57,-0.2,-1.27,1.31,1.45
"5081","Benny Wendt",1978,"Sweden",-0.46,0.13,-0.12,2.03,-0.71,-0.62,0.15,-0.52,-0.86,-0.87,-0.59,-0.57,1.29,1.02,2,-0.09
"5082","Björn Nordqvist",1978,"Sweden",-0.46,-0.71,-0.75,-0.75,1.1,1.5,-0.91,0.63,-0.01,0.05,1.49,0.33,-0.2,0.26,-0.39,-0.31
"5083","Bo Larsson",1978,"Sweden",-0.46,-0.42,2.38,-0.51,1.34,1.93,0.15,1.61,0.13,0.41,0.52,0.45,-0.2,1.78,0.29,3.35
"5084","Conny Torstensson",1978,"Sweden",-0.46,-0.45,-0.12,-0.63,-1.14,-1.04,-0.91,-0.52,-0.47,-0.87,-0.72,-0.57,-0.69,-0.89,-0.73,-0.79
"5085","Hasse Borg",1978,"Sweden",-0.46,-0.71,1.13,-0.75,1.13,1.86,1.91,2.93,0.17,2.08,0.1,-0.57,-0.69,2.55,0.29,1.71
"5086","Ingemar Erlandsson",1978,"Sweden",-0.46,-0.49,3.01,0.22,1.15,2.21,0.15,1.28,0.46,0.81,0.38,1.21,0.79,1.78,-0.73,1.14
"5087","Lennart Larsson",1978,"Sweden",-0.46,1.18,1.13,2.39,0.94,0.16,0.5,1.28,-0.05,-0.2,-0.17,1.06,2.28,1.78,0.63,2.65
"5088","Olle Nordin",1978,"Sweden",-0.46,-0.71,-0.12,-0.51,-0.95,-1.04,-0.56,-0.52,-0.62,-0.79,-0.45,-0.57,-0.69,-1.27,-0.73,-0.28
"5089","Ralf Edström",1978,"Sweden",-0.46,0.67,-0.75,2.76,-1.25,-1.25,-0.91,-1.02,-0.86,-0.91,-0.45,-0.57,3.77,-0.13,-0.39,-0.19
"5090","Ronnie Hellström",1978,"Sweden",-0.46,-0.71,-0.75,-0.75,0.67,1.86,-0.91,-1.02,-1.05,-1.02,-0.72,-0.57,-0.69,-1.27,-0.73,-1.01
"5091","Roy Andersson",1978,"Sweden",-0.46,-0.38,-0.75,-0.75,0.03,0.37,-0.2,-0.52,0.85,1.6,1.21,-0.11,-0.2,-0.89,-1.08,-0.57
"5092","Staffan Tapper",1978,"Sweden",-0.46,-0.45,-0.12,-0.63,-0.39,-0.26,-0.91,-0.85,-0.09,0.15,-0.45,-0.57,-0.69,-1.27,-0.73,0.47
"5093","Thomas Sjöberg",1978,"Sweden",1.72,2.64,-0.12,2.51,-0.66,-1.18,-0.2,-0.36,0.05,-0.71,-0.72,-0.57,0.3,1.4,3.02,-0.28
"5094","Torbjörn Nilsson",1978,"Sweden",-0.46,-0.71,0.5,-0.14,-1.27,-0.97,-0.56,-1.18,-1.05,-1.02,-0.72,-0.57,-0.2,1.02,-1.08,-0.44
"5095","Abderraouf Ben Aziza",1978,"Tunisia",-0.46,0.53,-0.75,0.34,-1.19,-1.18,-0.56,-1.02,0,-0.69,-0.59,0.09,-0.2,-0.51,-1.08,-0.44
"5096","Ali Kaabi",1978,"Tunisia",1.72,0.82,1.76,-0.02,2,2.14,-0.56,-0.36,1.45,0.06,2.04,-0.57,0.79,1.4,-0.73,0.7
"5097","Khaled Gasmi",1978,"Tunisia",-0.46,-0.71,-0.12,-0.51,-0.18,-0.33,-0.91,-0.85,2.78,0.01,0.38,-0.57,-0.2,0.64,-0.73,-0.35
"5098","Mohamed Akid",1978,"Tunisia",-0.46,1.22,-0.75,1.18,-0.23,-0.97,0.15,-1.02,-0.13,-0.16,-0.59,0.34,4.27,0.64,-0.39,0.98
"5099","Mohamed Ben Rehaiem",1978,"Tunisia",-0.46,0.53,3.01,1.06,0.99,0.94,0.15,2.6,-0.63,-0.07,-0.03,0.34,-0.2,0.64,-0.73,1.45
"5100","Mohsen Labidi",1978,"Tunisia",-0.46,-0.24,-0.75,-0.14,-0.21,-0.69,-0.91,-0.85,0.75,0.62,4.52,0.09,0.79,-0.51,-0.39,-1.01
"5101","Mokhtar Dhouib",1978,"Tunisia",1.72,-0.42,1.76,-0.14,1.31,0.87,-0.56,-0.69,2.2,0.81,2.73,2.11,-0.69,0.26,-0.39,0.16
"5102","Mokhtar Naili",1978,"Tunisia",-0.46,-0.71,-0.75,-0.75,0.59,1.65,-0.91,-1.18,-1.05,-1.02,-0.31,-0.57,-0.69,-0.89,0.97,-1.01
"5103","Néjib Ghommidh",1978,"Tunisia",1.72,-0.16,-0.75,-0.02,0.14,-0.26,1.91,-0.19,1.09,0.75,-0.17,1,-0.69,0.64,0.29,0.29
"5104","Omar Jebali",1978,"Tunisia",-0.46,-0.38,-0.75,-0.75,0.35,-0.19,-0.91,-0.69,1.32,0.97,3.83,5.21,1.29,0.64,-0.73,-0.85
"5105","Tarak Dhiab",1978,"Tunisia",-0.46,0.09,0.5,-0.02,1.39,0.8,2.26,1.78,0.51,0.22,-0.45,-0.57,0.79,0.64,1.31,0.44
"5106","Témime Lahzami",1978,"Tunisia",-0.46,-0.49,0.5,-0.14,0.67,0.23,2.26,0.3,-0.34,0.06,-0.45,-0.57,-0.2,1.78,0.63,0.92
"5107","Bernard Dietz",1978,"West Germany",-0.46,-0.58,-0.75,-0.57,0.63,0.8,0.32,0.46,1.58,0.84,1.07,0.87,0.05,-0.13,0.12,-0.83
"5108","Bernd Hölzenbein",1978,"West Germany",0.63,-0.09,-0.75,-0.08,-0.15,0.05,-0.03,0.79,0.13,-0.93,-0.52,-0.57,-0.45,-0.13,-0.56,-0.31
"5109","Berti Vogts",1978,"West Germany",-0.46,-0.71,-0.75,-0.69,0.23,0.02,-0.91,-0.28,1.23,2.71,1.21,0.13,0.3,0.07,-0.22,-0.58
"5110","Dieter Müller",1978,"West Germany",1.72,0.4,-0.12,1.18,-0.7,-0.94,-0.03,-0.03,-0.61,-0.8,-0.59,-0.57,-0.45,-0.7,-0.05,0.84
"5111","Erich Beer",1978,"West Germany",-0.46,-0.38,0.19,-0.14,-0.39,-0.58,-0.73,-0.03,-0.42,-0.62,-0.24,0.42,-0.45,-0.89,-0.39,-0.22
"5112","Hans-Peter Müller",1978,"West Germany",0.63,0.18,-0.75,0.52,0.25,-0.12,1.03,1.53,0.63,-0.49,-0.38,-0.57,-0.69,-0.32,-0.05,0.35
"5113","Harald Konopka",1978,"West Germany",-0.46,-0.71,-0.75,-0.75,-1.45,-1.25,-0.91,-1.1,-1.05,-1.02,-0.66,-0.57,-0.69,-0.89,-0.56,-1.01
"5114","Heinz Flohe",1978,"West Germany",1.72,0.16,1.76,0.16,1.22,0.59,1.56,1.78,0.34,-0.23,-0.59,-0.22,-0.2,-0.51,-0.05,1.97
"5115","Herbert Zimmerman",1978,"West Germany",-0.46,-0.71,-0.75,-0.63,-1.01,-0.79,0.15,-0.61,0.23,-0.72,0.1,-0.22,0.05,-1.08,-0.39,-0.68
"5116","Josef Maier",1978,"West Germany",-0.46,-0.71,-0.75,-0.75,0.67,1.75,-0.91,-1.18,-1.05,-1.02,-0.72,-0.57,-0.69,-1.08,-0.39,-1.01
"5117","Karl-Heinz Rummenigge",1978,"West Germany",2.81,0.58,0.5,0.7,0.66,-0.12,1.56,3.09,0.3,0.12,-0.45,0.42,0.05,1.4,1.48,0.66
"5118","Klaus Fischer",1978,"West Germany",-0.46,0.89,0.82,1.91,-0.82,-1.04,0.5,0.05,-1.05,-0.71,-0.66,-0.57,1.79,-0.32,0.8,0.3
"5119","Manfred Kaltz",1978,"West Germany",-0.46,-0.64,-0.75,-0.57,2.07,1.68,0.68,3.09,-0.07,1.14,2.11,2.16,0.55,-0.51,-0.05,-0.82
"5120","Rainer Bonhof",1978,"West Germany",-0.46,0.91,3.32,-0.08,0.99,1.08,0.15,1.69,1.47,0.74,0.38,2.19,0.3,0.83,-0.05,2.59
"5121","Rolf Rüssmann",1978,"West Germany",-0.46,-0.4,-0.75,-0.33,0.33,0.13,-0.56,0.13,0.48,2.79,2.38,2.54,0.79,0.64,-0.39,-0.69
"5122","Rüdiger Abramczik",1978,"West Germany",0.63,0.16,-0.12,0.34,-0.65,-0.69,0.32,0.79,-0.73,-0.77,-0.66,-0.16,0.05,-0.7,1.48,-0.35
"5123","Angel Bargas",1974,"Argentina",-0.41,-0.65,-0.62,-0.64,-0.28,-0.55,0.09,-0.61,-0.49,-0.1,-0.34,0.16,-0.37,0.7,-0.71,-0.84
"5124","Augustin Balbuena",1974,"Argentina",-0.41,-0.05,-0.62,0.69,-0.67,-0.7,0.09,-0.22,-0.83,0.23,-0.71,-0.54,-0.63,0.04,0.26,-0.14
"5125","Carlos Babington",1974,"Argentina",0.66,1.57,1.77,0.11,2.45,1.55,1.38,2.53,1.44,0.55,-0.56,0.36,-0.37,0.7,0.75,2.94
"5126","Carlos Squeo",1974,"Argentina",-0.41,-0.69,-0.62,-0.7,-0.75,-0.79,-0.28,-0.45,-0.49,-0.71,-0.56,-0.19,-0.63,-0.46,-0.71,-0.84
"5127","Daniel Carnevali",1974,"Argentina",-0.41,-0.69,-0.62,-0.7,0.2,1.28,-0.83,-1.07,-1.07,-0.99,-0.49,-0.54,-0.37,-1.12,-0.87,-0.84
"5128","Enrique Wolff",1974,"Argentina",-0.41,-0.13,0.28,-0.46,0.59,1.13,1.57,0.62,1.45,1.13,-0.05,0.22,-0.37,-0.46,0.26,0.11
"5129","Francisco Sa",1974,"Argentina",-0.41,-0.58,-0.62,-0.64,0.11,0.47,-0.28,-0.15,1.08,0.88,-0.27,-0.14,0.44,0.2,-0.71,-0.72
"5130","Hector Yazalde",1974,"Argentina",1.72,0.66,-0.62,0.69,-1.14,-1.15,-0.64,-0.53,-1.07,-0.99,-0.71,-0.54,-0.63,-0.95,0.43,0.04
"5131","Jorge Carrascosa",1974,"Argentina",-0.41,-0.69,-0.62,-0.7,-0.98,-0.7,-0.64,-0.84,-0.51,-0.7,-0.42,0.31,-0.37,-0.79,-0.71,-0.84
"5132","Mario Kempes",1974,"Argentina",-0.41,1.28,-0.02,1.33,-0.56,-0.82,1.01,0.01,-0.46,-0.53,-0.71,-0.04,-0.63,0.86,0.59,0.75
"5133","Miguel Angel Brindisi",1974,"Argentina",0.66,-0.09,-0.32,-0.12,-0.21,-0.49,1.01,-0.15,-0.46,-0.75,-0.71,-0.54,-0.37,0.53,0.1,0.17
"5134","Ramón Heredia",1974,"Argentina",0.66,-0.29,-0.62,-0.41,1.68,1.34,1.2,0.16,0.42,1.5,0.62,0.04,-0.1,-0.46,-0.22,-0.35
"5135","Rene Houseman",1974,"Argentina",2.78,0.86,-0.02,0.75,-0.38,-0.49,-0.28,1.08,-0.39,0.04,-0.64,-0.54,-0.63,-0.46,1.08,0.23
"5136","Roberto Perfumo",1974,"Argentina",-0.41,-0.67,-0.62,-0.7,-0.34,-0.34,-0.28,-0.22,1.48,0.93,0.91,1.74,0.17,1.36,-0.39,-0.81
"5137","Roberto Telch",1974,"Argentina",-0.41,-0.65,-0.02,-0.7,0.77,0.05,0.46,-0.15,0.19,1.86,-0.05,0.36,-0.1,-0.29,-0.39,-0.32
"5138","Ruben Ayala",1974,"Argentina",0.66,0.84,-0.02,1.15,-0.28,-0.28,0.09,1,1.1,-0.75,-0.64,0.16,-0.63,-0.46,3.19,0.13
"5139","Ruben Glaria",1974,"Argentina",-0.41,-0.67,-0.62,-0.7,-0.48,-0.16,-0.46,-0.84,-0.54,-0.79,-0.49,-0.19,-0.63,0.04,-1.04,-0.68
"5140","Ubaldo Fillol",1974,"Argentina",-0.41,-0.69,-0.62,-0.7,-1.34,-0.85,-0.83,-1.07,-1.07,-0.99,-0.71,-0.54,-0.63,-1.12,-1.04,-0.84
"5141","Adrian Alston",1974,"Australia",-0.41,0.39,-0.62,1.04,-0.16,-0.91,0.65,0.16,-0.26,-0.23,-0.71,-0.54,0.97,2.18,1.89,0.65
"5142","Attila Abonyi",1974,"Australia",-0.41,-0.15,-0.62,-0.35,-0.38,-0.79,-0.83,0.16,-0.46,-0.82,-0.56,-0.54,-0.1,0.53,-0.39,-0.66
"5143","Branko Buljevic",1974,"Australia",-0.41,-0.4,-0.62,1.15,-0.4,-1.03,0.65,1.08,0.29,-0.53,-0.42,-0.54,2.58,-0.13,0.59,-0.48
"5144","Colin Curran",1974,"Australia",-0.41,-0.52,-0.02,-0.46,-0.06,0.41,-0.46,0.16,0.44,0.01,0.91,-0.16,-0.1,-0.46,0.59,-0.45
"5145","Doug Utjesenovic",1974,"Australia",-0.41,-0.69,-0.62,-0.7,0.21,0.89,-0.46,-0.61,-0.2,0.29,1.5,0.46,0.44,-0.79,-1.04,-0.42
"5146","Ernie Campbell",1974,"Australia",-0.41,-0.69,-0.62,-0.58,-1.41,-1.03,-0.83,-0.3,-1.07,-0.99,-0.71,-0.54,-0.63,-1.12,-1.04,-0.84
"5147","Jack Reilly",1974,"Australia",-0.41,-0.69,-0.62,-0.7,0.45,1.67,-0.83,-1.07,-1.07,-0.99,-0.42,-0.54,-0.1,-1.12,-0.39,-0.78
"5148","James Rooney",1974,"Australia",-0.41,-0.69,0.58,-0.58,0.6,-0.31,0.28,0.31,0.47,-0.72,-0.27,0.63,-0.1,-0.13,1.24,0.2
"5149","Jimmy Mackay",1974,"Australia",-0.41,0.31,-0.62,-0.35,0.45,-0.19,-0.09,0.16,0.29,-0.25,0.62,-0.05,-0.63,-0.13,-0.39,-0.42
"5150","John Warren",1974,"Australia",-0.41,-0.65,-0.62,-0.7,-1.07,-0.67,-0.83,-1.07,-0.44,-0.99,-0.12,-0.54,-0.63,-0.46,-0.39,-0.69
"5151","Manfred Schäfer",1974,"Australia",-0.41,-0.69,-0.62,-0.7,-0.45,-0.37,-0.09,-0.45,-0.38,0.58,2.39,1.59,-0.1,-0.46,-1.04,-0.63
"5152","Peter Ollerton",1974,"Australia",-0.41,-0.48,-0.02,-0.35,-1.29,-1.03,-0.83,-1.07,-1.07,-0.82,-0.71,-0.54,-0.1,-0.46,-1.04,-0.63
"5153","Peter Wilson",1974,"Australia",-0.41,-0.69,-0.62,-0.35,0.28,0.29,-0.46,0.01,-0.28,-0.39,5.78,0.91,0.44,0.2,-0.71,-0.57
"5154","Ray Richards",1974,"Australia",-0.41,-0.48,0.58,-0.35,0.13,0.11,1.01,0.31,0.18,-0.61,0.17,-0.33,1.51,0.2,0.26,0.59
"5155","Alfredo Mostarda Filho",1974,"Brazil",-0.41,-0.69,-0.62,-0.7,-1.2,-0.88,-0.67,-1,-1.07,-0.44,-0.02,-0.54,0.05,-1.12,-1.04,-0.84
"5156","Carpeggiani",1974,"Brazil",-0.41,0.04,-0.36,-0.1,1.91,0.51,0.12,0.51,1.82,1.42,-0.2,0.96,-0.41,0.01,-0.48,0.4
"5157","Dirceu",1974,"Brazil",-0.41,-0.49,0.92,-0.25,0.04,-0.03,-0.51,-0.61,0.62,0.3,-0.58,-0.22,-0.63,0.16,-0.48,0.28
"5158","Edu",1974,"Brazil",-0.41,-0.46,0.92,-0.3,-1.14,-0.93,-0.35,-0.28,-1.07,-0.99,-0.71,-0.54,-0.63,-0.98,-0.62,-0.06
"5159","Jairzinho",1974,"Brazil",1.42,1.39,-0.1,1.68,0.32,-0.75,2.17,0.64,0.19,-0.28,-0.65,0.35,0.74,1.85,3.14,1.33
"5160","Leivinha",1974,"Brazil",-0.41,0.04,-0.62,0.15,-1.11,-1.16,-0.83,-0.74,-0.05,-0.87,-0.71,-0.54,-0.63,-0.84,-0.06,-0.67
"5161","Leão",1974,"Brazil",-0.41,-0.69,-0.62,-0.7,0.32,1.39,-0.83,-1.07,-1.07,-0.99,-0.71,-0.54,-0.63,-0.98,-1.04,-0.84
"5162","Luís Edmundo Pereira",1974,"Brazil",-0.41,-0.47,-0.62,-0.2,0.87,0.2,0.28,0.51,1.46,1.68,1.06,0.7,0.74,1,0.08,-0.39
"5163","Manoel Rezende de Matos Cabral",1974,"Brazil",-0.41,-0.4,0.41,-0.7,-0.12,-0.11,-0.51,0.38,0.61,-0.3,-0.2,-0.54,-0.41,-0.55,-0.76,0.08
"5164","Marinho Chagas",1974,"Brazil",-0.41,0.08,-0.36,-0.25,1.49,1.31,2.17,1.49,1.43,1.45,0.55,0.54,-0.18,0.01,0.5,0.42
"5165","Marinho Peres",1974,"Brazil",-0.41,-0.69,-0.62,-0.5,1.12,0.69,-0.51,0.31,1.67,1.72,1.5,0.99,1.43,0.3,0.64,-0.67
"5166","Mirandinha",1974,"Brazil",-0.41,-0.19,-0.62,0.24,-1.32,-1.13,-0.51,-0.74,-1.07,-0.81,-0.65,-0.54,-0.41,-0.41,-0.2,-0.65
"5167","Parana de Barros Ademir",1974,"Brazil",-0.41,-0.62,-0.62,-0.7,-1.01,-0.98,-0.67,-0.74,-0.62,-0.99,-0.71,-0.54,-0.63,-0.84,-0.76,-0.72
"5168","Paulo Cesar",1974,"Brazil",-0.41,-0.05,0.41,-0.35,0.05,-0.57,1.38,1.1,-0.77,0.17,-0.65,0.42,-0.41,0.3,2.17,-0.01
"5169","Piazza",1974,"Brazil",-0.41,-0.69,-0.62,-0.7,0.08,-0.39,-0.67,-0.67,0.59,0.42,-0.52,-0.54,-0.63,-0.13,-0.62,-0.67
"5170","Rivellino",1974,"Brazil",2.33,1.49,-0.1,-0.15,2.04,0.95,1.22,0.57,0.07,0.89,-0.52,0.58,-0.18,0.72,2.86,1.2
"5171","Valdomiro",1974,"Brazil",0.5,0.66,0.66,0.69,-0.14,-0.54,0.28,0.05,-0.07,-0.7,-0.58,-0.17,0.28,-0.27,1.19,0.53
"5172","Ze Maria",1974,"Brazil",-0.41,-0.58,-0.36,-0.4,-0.09,0.13,-0.35,-0.41,0.81,1.82,0.24,-0.06,-0.18,0.16,-0.2,-0.49
"5173","Asparuh Nikodimov",1974,"Bulgaria",-0.41,0.02,-0.02,0.23,0.13,-0.25,-0.46,-0.91,-0.61,0.17,-0.12,-0.54,0.97,-0.13,-0.39,0.5
"5174","Atanas Mihailov",1974,"Bulgaria",-0.41,0.55,-0.62,0.34,-1.04,-0.97,0.65,0.01,-0.71,-0.99,-0.71,-0.54,-0.63,-0.79,0.26,-0.01
"5175","Bojil Kolev",1974,"Bulgaria",-0.41,-0.44,-0.02,-0.35,2.07,1.73,1.01,0.77,2.15,2.77,0.32,1.7,0.44,1.19,-1.04,0.62
"5176","Dimitar Penev",1974,"Bulgaria",-0.41,-0.36,0.58,-0.7,1.14,1.13,-0.09,0.31,-0.24,0.67,1.21,4.54,-0.1,-0.13,-0.39,0.65
"5177","Georgi Denev",1974,"Bulgaria",-0.41,1.63,1.18,2.42,0.43,0.17,1.01,4.76,-0.14,-0.01,-0.42,-0.54,2.58,0.53,2.86,3.12
"5178","Hristo Bonev",1974,"Bulgaria",1.72,2.29,-0.02,0.81,1.63,0.71,3.22,1.08,0.7,0.93,-0.42,0.57,0.97,0.53,2.54,2.5
"5179","Ivan Stoyanov",1974,"Bulgaria",-0.41,-0.69,-0.62,-0.7,-1.24,-0.91,-0.46,-1.07,-0.71,-0.4,-0.71,-0.54,-0.63,-0.79,-0.39,-0.84
"5180","Kiril Ivkov",1974,"Bulgaria",-0.41,-0.69,-0.62,-0.7,0.65,1.49,-0.83,-0.76,0.58,0.67,3.27,0.33,0.44,-0.79,-0.06,-0.66
"5181","Krasimir Borisov",1974,"Bulgaria",-0.41,-0.69,-0.62,0.34,-1.26,-1.03,-0.46,-0.91,-1.07,-0.99,-0.71,-0.54,0.44,-0.79,-0.39,-0.72
"5182","Pavel Panov",1974,"Bulgaria",-0.41,0.72,-0.62,1.27,-0.33,-1.09,-0.09,-0.61,-0.61,-0.4,-0.56,-0.54,-0.63,0.2,-0.06,-0.6
"5183","Rumentscho Goranov",1974,"Bulgaria",-0.41,-0.69,-0.62,-0.7,-0.23,1.43,-0.83,-1.07,-1.07,-0.99,-0.71,-0.54,-0.63,-1.12,0.26,-0.84
"5184","Stefan Stoykov",1974,"Bulgaria",-0.41,-0.69,-0.62,-0.7,-0.85,0.23,-0.83,-1.07,-1.07,-0.69,-0.71,-0.54,-0.1,-0.79,-1.04,-0.84
"5185","Stefan Velitchkov",1974,"Bulgaria",-0.41,-0.15,-0.02,-0.35,0.26,0.35,0.28,0.31,3.3,0.47,0.17,-0.54,-0.63,0.53,0.59,-0.57
"5186","Tsonio Vasilev",1974,"Bulgaria",-0.41,-0.69,1.18,-0.7,0.18,0.65,0.65,0.31,1.26,1.92,1.94,0.59,0.97,1.85,0.26,-0.3
"5187","Voin Voinov",1974,"Bulgaria",-0.41,-0.36,-0.02,0.23,0.36,0.17,2.49,0.46,-0.61,-0.6,-0.42,-0.54,-0.63,0.2,2.21,0.5
"5188","Alberto Quintano",1974,"Chile",-0.41,-0.4,-0.62,-0.46,0.21,0.53,-0.09,-0.15,0.87,0.34,3.57,9.02,3.12,-0.46,-0.71,-0.84
"5189","Antonio Arias Mujica",1974,"Chile",-0.41,-0.56,1.18,-0.46,1.78,2.45,-0.09,0.01,2.19,2.22,1.94,-0.54,1.51,1.52,-0.06,-0.04
"5190","Carlos Caszely",1974,"Chile",-0.41,-0.44,0.58,0.46,-0.5,-0.55,1.75,0.46,-0.29,-0.35,-0.56,-0.54,-0.63,1.19,0.59,0.53
"5191","Carlos Reinoso",1974,"Chile",-0.41,0.97,3.57,0.11,1.92,1.01,-0.46,0.31,0.5,0.08,-0.12,0.36,-0.1,1.85,1.56,2.41
"5192","Elias Figueroa",1974,"Chile",-0.41,0.88,-0.02,1.38,0.23,0.47,-0.46,0.16,1.52,0.96,4.45,5.67,5.8,-0.79,-0.06,-0.07
"5193","Francisco Valdes",1974,"Chile",-0.41,-0.6,-0.02,-0.7,1.02,0.77,-0.83,0.01,0.32,-0.42,-0.71,-0.54,-0.63,-0.46,-0.71,0.05
"5194","Guillermo Paez",1974,"Chile",-0.41,-0.36,-0.62,-0.35,1.04,0.17,-0.83,0.31,0.96,0.34,0.03,0.36,-0.1,0.53,0.91,-0.78
"5195","Guillermo Yavar",1974,"Chile",-0.41,-0.31,-0.02,-0.58,-1.04,-0.91,-0.83,-0.91,-0.33,-0.99,-0.71,-0.54,-0.63,-1.12,0.26,-0.24
"5196","Jorge Socias",1974,"Chile",-0.41,-0.44,-0.02,-0.46,-1.38,-1.15,-0.46,-0.76,-1.07,-0.68,-0.71,-0.54,-0.63,0.2,-0.39,-0.66
"5197","Juan Rodriguez",1974,"Chile",-0.41,-0.69,-0.62,-0.7,-0.65,-0.79,-0.83,-0.45,-0.11,-0.99,-0.71,-0.54,-0.63,-0.79,-1.04,-0.81
"5198","Leonardo Veliz",1974,"Chile",-0.41,0.39,-0.62,0.46,-0.36,-0.85,-0.09,0.01,0.32,0.69,-0.27,-0.54,-0.63,0.86,-0.06,-0.39
"5199","Leopoldo Vallejos",1974,"Chile",-0.41,-0.69,-0.62,-0.7,0.75,1.73,-0.46,-1.07,-1.07,-0.99,-0.56,-0.54,-0.63,-1.12,-1.04,-0.84
"5200","Rogelio Farias",1974,"Chile",-0.41,-0.69,-0.62,-0.23,-1.26,-0.97,-0.83,-0.76,-0.23,-0.68,-0.27,-0.54,-0.63,-0.13,-1.04,-0.84
"5201","Ronaldo Garcia",1974,"Chile",-0.41,-0.65,-0.02,-0.7,1.48,3.17,0.65,0.77,0.55,0,1.06,-0.54,-0.1,1.52,-1.04,-0.3
"5202","Sergio Ahumada",1974,"Chile",1.72,1.3,-0.62,1.27,-0.33,-1.15,0.65,-0.76,-1.07,-0.99,-0.71,-0.54,-0.63,0.2,0.26,-0.21
"5203","Bernd Bransch",1974,"East Germany",-0.41,-0.15,-0.62,-0.46,1.38,0.8,-0.46,0.16,-0.55,-0.04,1.8,1.31,0.17,-0.29,-0.55,-0.57
"5204","Eberhard Vogel",1974,"East Germany",-0.41,-0.21,0.58,0,-1.1,-0.85,1.01,-0.38,-0.27,-0.66,-0.56,-0.54,-0.1,-0.95,-0.71,0.47
"5205","Erich Hamann",1974,"East Germany",-0.41,-0.69,-0.62,-0.58,-1.34,-1.06,-0.83,-0.84,-1,-0.93,-0.34,-0.54,-0.37,-0.79,-1.04,-0.54
"5206","Gerd Kische",1974,"East Germany",-0.41,-0.38,-0.62,-0.35,0.18,-0.04,0.09,0.24,0.75,1.24,1.13,0.91,0.97,0.86,0.91,-0.59
"5207","Hans Jürgen Kreische",1974,"East Germany",-0.41,-0.02,-0.62,-0.12,-1.08,-1.06,-0.46,-0.61,-0.53,-0.75,-0.56,-0.54,-0.63,-0.95,-0.55,-0.51
"5208","Harald Irmscher",1974,"East Germany",-0.41,-0.23,1.47,0.06,-0.11,0.11,-0.83,-0.68,1.13,1.6,-0.42,-0.54,0.17,0.37,-0.87,0.81
"5209","Joachim Streich",1974,"East Germany",1.72,0.95,1.18,0.4,-0.73,-0.58,0.83,0.31,-0.85,-0.89,-0.64,-0.24,-0.1,0.37,-0.06,0.86
"5210","Jürgen Croy",1974,"East Germany",-0.41,-0.69,-0.62,-0.7,0.29,1.34,-0.83,-1.07,-1.07,-0.99,-0.64,-0.54,0.17,-0.95,-0.87,-0.84
"5211","Jürgen Pommerenke",1974,"East Germany",-0.41,-0.5,-0.32,-0.58,-0.42,-0.13,-0.64,-0.07,0,-0.58,-0.56,-0.1,-0.1,-0.29,-0.06,-0.39
"5212","Jürgen Sparwasser",1974,"East Germany",0.66,3.57,0.28,1.5,-0.01,-0.46,-0.09,-0.3,0.64,-0.26,-0.49,1.26,-0.37,1.36,0.59,0.17
"5213","Konrad Weise",1974,"East Germany",-0.41,-0.56,-0.32,-0.64,0.59,0.29,0.46,-0.15,0.59,1.22,2.24,0.8,1.51,1.69,0.43,-0.72
"5214","Lothar Kurbjuweit",1974,"East Germany",-0.41,-0.23,-0.62,-0.23,-0.42,-0.13,-0.64,0.39,-0.49,-0.34,0.76,-0.35,0.44,0.04,-0.22,-0.65
"5215","Martin Hoffmann",1974,"East Germany",0.66,0.68,-0.02,0.46,-0.51,-0.46,1.2,0.92,0.02,0.31,-0.49,-0.54,0.97,0.53,1.4,0.08
"5216","Peter Ducke",1974,"East Germany",-0.41,-0.58,-0.32,-0.64,-1.2,-1.09,-0.46,-0.84,-1.07,-0.75,-0.71,-0.54,-0.37,-1.12,-0.22,-0.41
"5217","Reinhard Lauck",1974,"East Germany",-0.41,0.22,-0.62,-0.06,-0.99,-0.97,-0.46,-0.61,-0.63,-0.5,-0.19,-0.16,-0.37,0.2,-0.71,-0.62
"5218","Rüdiger Schnuphase",1974,"East Germany",-0.41,-0.48,-0.62,-0.58,-0.98,-0.64,-0.83,-0.84,-0.77,-0.54,-0.19,-0.54,0.44,-0.79,-0.39,-0.84
"5219","Siegmar Wätzlich",1974,"East Germany",-0.41,-0.4,-0.02,-0.52,-0.17,-0.22,-0.28,-0.22,0.32,-0.49,0.62,-0.54,0.44,0.2,0.1,-0.21
"5220","Wolfgang Seguin",1974,"East Germany",-0.41,-0.42,-0.62,-0.52,-1.26,-1.06,-0.46,-0.91,-0.93,-0.63,-0.49,-0.54,-0.37,-0.62,-0.55,-0.84
"5221","Wolfram Löwe",1974,"East Germany",-0.41,-0.62,-0.62,0.06,-0.99,-0.88,-0.46,-0.45,-0.38,-0.59,-0.71,-0.54,-0.37,-0.46,-0.71,-0.32
"5222","Arséne Auguste",1974,"Haiti",-0.41,-0.15,-0.62,-0.46,0.33,1.13,-0.46,-0.3,0.51,-0.24,0.62,0.26,-0.63,-0.79,-0.39,-0.75
"5223","Claude Barthelemy",1974,"Haiti",-0.41,-0.69,-0.02,-0.12,-0.97,-1.03,-0.83,-0.61,-0.77,-0.99,-0.71,-0.54,-0.63,-0.79,-1.04,-0.36
"5224","Eddy Antoine",1974,"Haiti",-0.41,-0.15,-0.02,0,1.34,0.05,0.28,1.69,0.21,-0.44,-0.27,-0.54,-0.63,0.2,0.26,-0.09
"5225","Emmanuel Sanon",1974,"Haiti",3.85,1.26,-0.62,1.38,-0.23,-0.79,0.65,0.01,-1.07,-0.99,-0.71,-0.54,-0.63,-1.12,0.91,0.17
"5226","Ernst Jean Joseph",1974,"Haiti",-0.41,-0.69,-0.62,-0.7,-0.89,-0.67,-0.83,-0.91,0.26,0.38,0.76,-0.54,-0.1,-0.46,-1.04,-0.84
"5227","Fritz André",1974,"Haiti",-0.41,-0.69,-0.62,-0.7,-1.31,-1.09,-0.83,-0.91,-0.77,-0.74,-0.27,-0.54,-0.63,-0.79,-1.04,-0.84
"5228","Fritz Leandre",1974,"Haiti",-0.41,-0.6,-0.62,-0.7,-1.24,-0.97,-0.46,-0.91,-1.07,-0.99,-0.71,-0.54,-0.63,-1.12,-1.04,-0.54
"5229","Guy Francois",1974,"Haiti",-0.41,-0.52,-0.62,-0.7,0.5,-0.25,-0.09,0.31,-0.77,0.06,-0.42,-0.54,-0.63,-0.46,-0.39,-0.18
"5230","Guy Saint Vil",1974,"Haiti",-0.41,-0.69,-0.62,-0.23,-0.85,-0.85,-0.83,-0.91,-1.07,-0.99,-0.71,-0.54,-0.63,-1.12,-0.71,-0.69
"5231","Henry Francillon",1974,"Haiti",-0.41,-0.69,-0.62,-0.7,1.19,2.15,-0.83,-1.07,-1.07,-0.72,-0.56,-0.54,-0.1,-1.12,-1.04,-0.84
"5232","Jean-Claude Désir",1974,"Haiti",-0.41,-0.52,-0.02,-0.58,1.04,-0.25,0.65,0.77,0.57,-0.74,-0.42,-0.54,-0.63,-0.13,0.59,-0.24
"5233","Joseph Marion Leandre",1974,"Haiti",-0.41,-0.69,-0.62,-0.7,-0.92,-0.73,-0.83,-0.76,-0.4,-0.72,-0.27,-0.54,-0.63,-0.79,-1.04,-0.84
"5234","Philippe Vorbe",1974,"Haiti",-0.41,-0.48,-0.62,-0.7,2.36,1.07,-0.46,0.92,1.18,1.11,0.91,3.38,-0.63,-0.79,0.26,-0.42
"5235","Pierre Bayonne",1974,"Haiti",-0.41,0.31,-0.02,-0.35,1.6,1.85,2.85,1.54,0.54,1.71,1.5,0.19,0.44,2.18,0.59,-0.18
"5236","Roger Saint Vil",1974,"Haiti",-0.41,-0.69,-0.62,-0.23,-1.21,-1.15,-0.83,-0.76,-1.07,-0.74,-0.71,-0.54,-0.63,-1.12,-0.71,-0.57
"5237","Serge Ducoste",1974,"Haiti",-0.41,-0.69,-0.02,-0.58,-0.5,-0.31,-0.09,0.01,0.6,-0.17,-0.42,-0.54,-0.63,-0.79,-0.71,-0.48
"5238","Serge Racine",1974,"Haiti",-0.41,-0.48,-0.02,-0.7,-0.36,-0.85,-0.46,-0.3,-0.07,-0.44,-0.71,-0.54,-0.63,-0.46,0.26,-0.51
"5239","Wilfried Louis",1974,"Haiti",-0.41,-0.69,-0.62,-0.7,-1.02,-0.73,-0.83,-1.07,-0.4,0.93,-0.27,0.26,-0.63,-0.79,-1.04,-0.84
"5240","Wilner Nazaire",1974,"Haiti",-0.41,-0.69,-0.62,-0.7,-0.4,-0.61,0.28,-0.61,1.18,0.33,1.5,1.78,0.44,0.2,-0.39,-0.84
"5241","Alessandro Mazzola",1974,"Italy",-0.41,2.37,2.97,1.61,1.85,1.85,7.27,6.14,-0.07,-0.72,-0.71,-0.54,-0.63,0.2,0.59,3.78
"5242","Dino Zoff",1974,"Italy",-0.41,-0.69,-0.62,-0.7,0.43,2.33,-0.83,-1.07,-1.07,-0.99,-0.71,-0.54,-0.63,-1.12,-1.04,-0.84
"5243","Fabio Capello",1974,"Italy",1.72,0.14,-0.62,0.11,1.65,1.61,-0.46,1.08,-0.87,1.1,0.32,1.46,0.44,0.86,-0.39,0.95
"5244","Francesco Morini",1974,"Italy",-0.41,-0.69,-0.62,-0.7,-0.31,-0.49,-0.83,-1.07,0.64,3.03,0.32,0.26,-0.63,0.53,-0.06,-0.84
"5245","Franco Causio",1974,"Italy",-0.41,-0.02,1.18,0,-0.53,-0.01,1.38,1.08,-0.66,-0.79,-0.42,-0.54,-0.63,-0.79,-0.39,0.74
"5246","Giacinto Facchetti",1974,"Italy",-0.41,0.64,1.18,0.46,0.11,0.71,-0.09,0.31,-0.53,-0.13,1.8,0.06,-0.1,0.86,-0.39,0.53
"5247","Gianni Rivera",1974,"Italy",1.72,0.35,1.77,-0.35,0.6,1.13,-0.09,2.46,-0.74,-0.55,-0.56,-0.54,-0.63,-0.79,-0.39,2.82
"5248","Giorgio Chinaglia",1974,"Italy",-0.41,0.51,-0.62,0.92,-0.92,-1.09,1.01,-0.15,-0.82,-0.99,-0.71,-0.54,0.44,-0.79,0.26,0.47
"5249","Giuseppe Wilson",1974,"Italy",-0.41,-0.69,-0.62,-0.7,-1.07,-0.73,-0.83,-0.91,-0.82,-0.45,0.32,1.04,-0.63,-0.79,-1.04,-0.84
"5250","Luciano Spinosi",1974,"Italy",-0.41,-0.23,-0.02,-0.23,-0.06,0.11,-0.83,-1.07,0.97,0.79,1.5,0.26,0.97,-0.46,-0.39,-0.09
"5251","Luigi Riva",1974,"Italy",-0.41,2.75,-0.62,3.35,-0.99,-0.85,-0.46,-0.45,-1.07,-0.72,-0.71,-0.54,0.44,0.2,-0.39,0.74
"5252","Pietro Anastasi",1974,"Italy",1.72,0.88,-0.02,1.04,-0.36,-0.85,2.12,0.62,-0.87,-0.99,-0.71,0.26,-0.1,-0.79,2.54,0.56
"5253","Roberto Boninsegna",1974,"Italy",-0.41,-0.69,-0.62,-0.58,-1.41,-1.15,-0.83,-0.76,-0.82,-0.99,-0.71,-0.54,-0.63,-0.79,-0.71,-0.75
"5254","Romeo Benetti",1974,"Italy",1.72,0.26,-0.02,0.23,1.51,0.95,1.75,1.54,0.18,0.07,0.17,-0.04,-0.63,2.18,-0.71,0.26
"5255","Tarcisio Burgnich",1974,"Italy",-0.41,-0.69,-0.62,-0.7,-0.45,-0.13,-0.09,-0.91,0.76,-0.21,1.35,2.34,-0.63,-0.13,0.26,-0.84
"5256","Arie Haan",1974,"Netherlands",-0.41,-0.58,-0.1,-0.65,2.32,1.23,-0.2,1.23,1.92,1.85,1.19,0.31,0.28,0.44,-0.48,-0.04
"5257","Jan Jongbloed",1974,"Netherlands",-0.41,-0.69,-0.62,-0.7,0.15,0.82,-0.83,-1,-1.07,-0.99,-0.2,-0.54,-0.41,-0.98,-1.04,-0.84
"5258","Johan Cruyff",1974,"Netherlands",2.33,1.9,5.53,2.97,1.71,0.92,4.54,3.73,0.56,1.05,-0.65,0.02,-0.18,0.72,3.14,5.63
"5259","Johan Neeskens",1974,"Netherlands",4.15,5.44,1.94,2.67,0.39,-0.13,1.22,0.84,0.72,1.42,-0.58,-0.54,0.51,0.86,0.64,1.93
"5260","Johnny Rep",1974,"Netherlands",3.24,2.86,1.94,2.62,0.22,0.07,0.75,0.44,0.61,0.85,-0.52,0.33,0.05,2.28,0.91,1.78
"5261","Piet Keizer",1974,"Netherlands",-0.41,-0.26,-0.36,-0.35,-1.13,-0.98,-0.83,-0.61,-0.83,-0.79,-0.71,-0.54,-0.63,-0.41,-1.04,-0.01
"5262","Rene van de Kerkhof",1974,"Netherlands",-0.41,-0.42,-0.36,0.15,-1.5,-1.16,-0.83,-1.07,-1.07,-0.83,-0.71,-0.54,-0.63,-0.98,-1.04,-0.74
"5263","Rinus Israël",1974,"Netherlands",-0.41,-0.69,-0.62,-0.7,-1.46,-1.13,-0.83,-1.07,-1.07,-0.99,-0.58,-0.54,-0.63,-0.84,-1.04,-0.84
"5264","Rob Rensenbrink",1974,"Netherlands",0.5,0.77,0.92,2.23,-0.34,-0.52,1.07,0.18,-0.71,0.49,-0.65,-0.54,-0.18,-0.13,0.91,1.51
"5265","Ruud Krol",1974,"Netherlands",0.5,0.04,0.15,0.2,1.66,1.31,0.12,0.9,2.94,2.1,0.36,-0.54,0.28,1.43,0.5,0.36
"5266","Theo de Jong",1974,"Netherlands",0.5,-0.19,-0.62,-0.2,-1.21,-1.06,-0.67,-0.94,-0.67,-0.87,-0.71,-0.17,-0.41,-1.12,-1.04,-0.66
"5267","Wim Jansen",1974,"Netherlands",-0.41,0.54,0.15,0.1,0.81,0.05,-0.04,0.64,3.75,2.04,-0.02,0.9,0.74,0.44,1.33,1.99
"5268","Wim Rijsbergen",1974,"Netherlands",-0.41,-0.46,-0.36,-0.55,1.25,0.18,-0.2,0.38,1.23,2.42,1,0.88,0.97,2.99,-0.34,-0.42
"5269","Wim Suurbier",1974,"Netherlands",-0.41,0.38,1.43,-0.05,1.38,0.41,-0.35,1.36,1.34,3.18,1,0.05,-0.18,1.71,-0.2,0.96
"5270","Wim van Hanegem",1974,"Netherlands",-0.41,1.09,0.15,1.48,1.46,0.61,0.43,1.23,2.07,2.94,-0.33,0.88,1.2,2,1.33,1.45
"5271","Adam Musial",1974,"Poland",-0.41,-0.54,0.15,-0.6,0.59,0.95,-0.67,0.64,0.19,0.88,0.81,0.53,-0.41,1.43,0.36,-0.53
"5272","Andrzej Szarmach",1974,"Poland",4.15,2.75,-0.36,1.63,-0.79,-0.9,0.28,0.05,-0.65,-0.56,-0.71,-0.54,0.51,1.85,0.78,0.12
"5273","Antoni Szymanawski",1974,"Poland",-0.41,-0.6,1.18,-0.4,1.26,1.44,-0.35,1.03,1.45,0.88,1.31,0.01,0.05,-0.27,-0.62,0.23
"5274","Grzegorz Lato",1974,"Poland",5.97,2.95,0.15,2.57,-0.43,-0.7,-0.04,1.3,0.26,-0.64,-0.33,-0.31,0.74,-0.41,-0.2,0.95
"5275","Henryk Kasperczak",1974,"Poland",-0.41,0.11,0.15,0.1,1.07,0.36,0.59,2.35,0.85,-0.37,-0.02,-0.22,-0.18,0.3,0.5,0.81
"5276","Jan Domarski",1974,"Poland",-0.41,-0.51,-0.62,-0.4,-1.3,-1.01,-0.51,-0.87,-1,-0.99,-0.65,-0.54,-0.41,-0.84,-0.06,-0.33
"5277","Jan Tomaszewski",1974,"Poland",-0.41,-0.69,-0.62,-0.7,-0.02,0.61,-0.83,-1.07,-1.07,-0.99,-0.46,-0.54,0.05,-1.12,-0.9,-0.84
"5278","Jerzy Gorgon",1974,"Poland",0.5,-0.23,-0.62,-0.65,-0.38,-0.54,-0.83,-0.8,0.37,-0.13,3.27,1.43,0.97,-0.13,-0.62,-0.81
"5279","Kazimierz Deyna",1974,"Poland",2.33,3.97,-0.36,0.74,2.1,0.56,1.7,0.97,0.72,1.5,0.3,-0.24,0.28,-0.69,0.5,1.31
"5280","Kazimierz Kmiecik",1974,"Poland",-0.41,-0.46,-0.62,-0.55,-1.36,-1.11,-0.83,-1,-0.93,-0.87,-0.71,-0.54,-0.63,-0.98,-0.76,-0.75
"5281","Leslaw Cmikiewicz",1974,"Poland",-0.41,-0.26,-0.36,-0.5,-1.06,-0.72,-0.67,-0.67,-0.68,-0.74,-0.58,-0.54,-0.63,-0.55,-0.2,-0.55
"5282","Robert Gadocha",1974,"Poland",-0.41,1.32,3.99,1.23,0.09,-0.16,2.17,1.49,-0.03,0.03,-0.39,-0.11,-0.63,-0.41,0.78,2.48
"5283","Wladyslaw Zmuda",1974,"Poland",-0.41,-0.58,-0.62,-0.7,-0.4,-0.54,-0.83,-0.67,1.55,1.47,1.94,0.65,1.89,1.71,-0.62,-0.78
"5284","Zbgniew Gut",1974,"Poland",-0.41,-0.69,-0.1,-0.65,-1.24,-0.88,-0.83,-0.67,-0.78,-0.51,-0.2,-0.54,-0.18,-1.12,-1.04,-0.71
"5285","Zygmunt Maszczyk",1974,"Poland",-0.41,0.13,-0.1,-0.3,0.57,0.67,0.43,1.82,0.98,1.31,-0.27,0.26,0.05,1.85,-0.06,-0.16
"5286","Billy Bremner",1974,"Scotland",-0.41,0.31,1.18,0.23,2.49,2.03,0.28,1.08,-0.23,-0.21,-0.42,0.83,-0.63,2.18,5.79,1.16
"5287","Danny McGrain",1974,"Scotland",-0.41,-0.69,-0.02,-0.46,0.4,0.29,-0.09,-0.91,0.82,-0.21,-0.12,-0.54,0.44,-0.13,-0.71,-0.51
"5288","David Harvey",1974,"Scotland",-0.41,-0.69,-0.62,-0.7,0.31,1.61,-0.83,-1.07,-1.07,-0.99,-0.71,-0.54,-0.63,-1.12,-0.71,-0.84
"5289","Davie Hay",1974,"Scotland",-0.41,-0.36,0.58,0.11,1.14,0.89,0.28,1.23,1.19,0.41,-0.71,-0.54,-0.1,2.84,3.19,1.19
"5290","Denis Law",1974,"Scotland",-0.41,1.55,-0.62,1.73,-0.62,-1.09,-0.83,-0.76,-0.23,-0.99,-0.56,-0.54,-0.1,-0.46,-0.71,-0.66
"5291","Jim Holton",1974,"Scotland",-0.41,-0.27,-0.62,-0.23,-0.16,-0.43,-0.83,-0.45,-0.03,-0.6,1.65,2.36,0.44,1.85,-0.06,-0.84
"5292","Joe Jordan",1974,"Scotland",3.85,2.54,-0.62,7.51,-0.38,-1.15,-0.09,-0.45,-0.03,-0.99,-0.56,-0.54,7.41,5.82,3.19,2.08
"5293","John Blackley",1974,"Scotland",-0.41,-0.65,-0.02,-0.7,-0.5,0.23,-0.46,-0.91,-0.66,-0.65,0.47,-0.54,-0.63,0.53,-1.04,-0.36
"5294","Kenny Dalglish",1974,"Scotland",-0.41,-0.07,1.18,-0.46,0.04,-0.55,-0.09,0.16,0.74,0.39,-0.71,-0.54,-0.63,-0.79,-0.39,0.14
"5295","Martin Buchan",1974,"Scotland",-0.41,-0.69,-0.62,-0.7,-0.16,-0.31,-0.83,-0.76,0.31,-0.35,0.32,-0.16,0.44,-0.46,-0.39,-0.6
"5296","Peter Lorimer",1974,"Scotland",1.72,2.79,7.75,0.34,0.11,0.53,1.38,0.31,0.03,-0.04,-0.71,-0.54,-0.1,0.2,0.91,4.14
"5297","Sandy Jardin",1974,"Scotland",-0.41,-0.52,1.18,-0.12,0.67,1.07,1.01,0.16,-0.32,0.01,-0.12,-0.16,0.44,1.85,-0.06,0.59
"5298","Thomas Hutchinson",1974,"Scotland",-0.41,-0.69,-0.02,-0.46,-1.14,-0.91,-0.09,-0.15,-0.28,-0.99,-0.71,-0.54,-0.63,-1.12,0.59,-0.07
"5299","William Morgan",1974,"Scotland",-0.41,0.02,1.77,-0.12,0.21,0.47,0.65,1.23,-0.32,-0.37,-0.71,-0.54,-0.63,-0.46,1.24,1.07
"5300","Benno Magnusson",1974,"Sweden",-0.41,-0.4,-0.32,-0.46,-1.21,-0.79,-0.64,-0.45,-0.91,-0.99,-0.56,-0.54,-0.63,-0.46,-0.87,-0.65
"5301","Björn Andersson",1974,"Sweden",-0.41,-0.69,-0.32,-0.64,-0.55,0.05,-0.46,-0.3,-0.56,0.08,0.76,0.61,-0.1,-0.13,0.43,-0.39
"5302","Björn Nordqvist",1974,"Sweden",-0.41,-0.69,-0.62,-0.7,0.38,0.74,-0.46,-0.15,-0.07,0.09,2.09,1.19,0.17,-0.79,-0.71,-0.78
"5303","Bo Larsson",1974,"Sweden",-0.41,-0.42,0.88,-0.52,0.31,1.1,-0.28,-0.15,0.35,-0.16,-0.12,0.32,-0.1,0.53,0.59,0.46
"5304","Conny Torstensson",1974,"Sweden",0.66,-0.19,1.18,-0.12,-0.06,-0.01,-0.09,0.24,0.68,0.84,-0.34,0.62,-0.1,0.37,-0.06,0.64
"5305","Inge Ejderstedt",1974,"Sweden",-0.41,-0.5,-0.62,-0.52,-1.36,-1.15,-0.64,-0.76,-0.94,-0.99,-0.64,-0.54,-0.63,-0.62,-0.22,-0.54
"5306","Jan Olsson",1974,"Sweden",-0.41,-0.69,0.88,-0.7,-0.5,-0.01,-0.83,-0.61,-0.46,-0.27,0.84,0.37,-0.1,0.7,0.1,0.02
"5307","Jörgen Augustsson",1974,"Sweden",-0.41,-0.54,-0.32,-0.7,-0.8,-0.49,-0.64,-0.45,-0.83,-0.08,0.03,-0.54,-0.63,-0.79,-0.39,-0.66
"5308","Kent Karlsson",1974,"Sweden",-0.41,-0.69,-0.62,-0.7,0.16,0.68,-0.83,-0.38,-0.2,0.52,2.83,1.65,0.44,-0.62,-0.39,-0.75
"5309","Ove Grahn",1974,"Sweden",-0.41,0.8,1.77,-0.23,0.28,0.08,-0.46,-0.22,0.38,0.2,0.76,0.06,0.97,1.03,-0.22,0.64
"5310","Ove Kindvall",1974,"Sweden",-0.41,0.1,-0.62,-0.18,-0.94,-0.73,-0.09,-0.45,-0.82,-0.78,-0.56,-0.54,-0.37,-0.62,-0.39,-0.36
"5311","Ralf Edström",1974,"Sweden",3.85,1.88,0.28,3.46,0.34,0.02,0.46,-0.38,-0.63,-0.07,0.62,-0.54,6.87,0.37,1.73,1.45
"5312","Roland Grip",1974,"Sweden",-0.41,-0.69,-0.62,-0.7,-0.97,-0.49,-0.28,-0.61,-0.59,-0.33,-0.49,-0.16,-0.63,-0.79,-1.04,-0.68
"5313","Roland Sandberg",1974,"Sweden",1.72,1.92,-0.02,2.48,-0.66,-0.76,-0.46,-0.15,-0.68,-0.27,-0.56,0.09,-0.1,-0.13,0.91,0.08
"5314","Ronnie Hellström",1974,"Sweden",-0.41,-0.69,-0.62,-0.7,0.67,2.06,-0.83,-1.07,-1.07,-0.99,-0.64,-0.54,-0.1,-1.12,-0.71,-0.84
"5315","Staffan Tapper",1974,"Sweden",-0.41,1.73,0.28,-0.06,0.4,0.02,-0.28,0.08,0.46,0.35,-0.12,-0.09,-0.1,-0.13,-0.39,0.32
"5316","Thomas Ahlström",1974,"Sweden",-0.41,-0.56,-0.62,-0.46,-1.45,-1.15,-0.83,-0.91,-1.07,-0.99,-0.71,-0.54,-0.63,-1.12,-0.71,-0.84
"5317","Örjan Persson",1974,"Sweden",-0.41,-0.65,-0.62,-0.58,-0.89,-0.61,-0.64,-0.84,-0.88,-0.47,-0.27,-0.18,-0.37,-0.13,-0.71,-0.54
"5318","Baudilio Jauregui",1974,"Uruguay",-0.41,-0.69,-0.62,-0.35,0.01,-0.07,-0.83,-1.07,0.4,1.58,2.24,1.27,2.05,0.86,1.24,-0.66
"5319","Castillo Julio Montero",1974,"Uruguay",-0.41,-0.69,-0.62,-0.7,-0.85,-0.91,-0.46,-0.91,-1.07,-0.99,-0.42,-0.54,-0.63,0.53,-0.71,-0.84
"5320","Denis Milar",1974,"Uruguay",-0.41,0.47,-0.02,0.57,-0.55,-0.67,-0.09,-0.3,-1.07,-0.99,-0.56,-0.54,0.44,0.2,1.56,-0.15
"5321","Fernando Morena",1974,"Uruguay",-0.41,0.35,-0.02,1.27,-0.92,-0.91,-0.83,-0.15,-1.07,-0.99,-0.56,-0.54,2.58,0.86,0.91,-0.09
"5322","Juan Masnik",1974,"Uruguay",-0.41,-0.52,-0.62,-0.35,-0.62,-0.43,-0.83,-0.45,0.5,0.27,2.09,-0.54,0.44,-0.46,-0.39,-0.3
"5323","Ladislao Mazurkiewicz",1974,"Uruguay",-0.41,-0.69,-0.62,-0.7,1.09,3.47,-0.83,-1.07,-1.07,-0.99,-0.71,-0.54,-0.63,-1.12,-0.71,-0.84
"5324","Luis Cubilla",1974,"Uruguay",-0.41,-0.11,1.77,0,-0.8,-0.67,1.38,1.08,-0.92,-0.99,-0.71,-0.54,-0.63,-0.46,0.59,0.74
"5325","Luis Garisto",1974,"Uruguay",-0.41,-0.56,-0.62,-0.7,-0.94,-0.67,-0.46,-0.91,-0.52,-0.37,-0.12,-0.54,-0.63,-0.46,-0.39,-0.84
"5326","Pablo Forlán",1974,"Uruguay",-0.41,-0.52,1.77,-0.58,1.24,2.21,-0.46,1.08,-0.01,0.89,0.47,0.3,-0.63,1.19,-0.06,0.8
"5327","Pedro Virglio Rocha Franchetti",1974,"Uruguay",-0.41,0.02,0.58,0.69,0.53,0.59,1.75,0.31,0.04,0.68,-0.42,-0.54,1.51,-0.46,1.56,0.14
"5328","Ricardo Pavoni",1974,"Uruguay",1.72,0.68,-0.02,0.23,1.16,2.51,-0.83,0.31,-0.01,0.6,1.5,0.32,0.44,1.52,-0.71,0.11
"5329","Rubén Corbo",1974,"Uruguay",-0.41,-0.31,-0.62,0,-0.99,-0.85,-0.83,-0.91,-0.72,-0.37,-0.71,-0.54,-0.63,-1.12,0.59,-0.84
"5330","Victor Esparrago",1974,"Uruguay",-0.41,0.1,-0.02,0.92,0.53,0.35,0.65,0.62,0.48,0.6,-0.42,-0.54,-0.63,0.53,0.59,0.83
"5331","Walter Mantegazza",1974,"Uruguay",-0.41,0.18,0.58,-0.23,0.36,-0.25,0.28,0.46,0.68,-0.11,0.17,-0.54,-0.1,2.18,-0.39,0.26
"5332","Bernd Cullmann",1974,"West Germany",0.5,-0.3,-0.1,0.2,-0.47,-0.65,-0.35,-0.28,0.53,0.58,-0.33,-0.54,-0.18,-0.55,-0.62,-0.33
"5333","Bernd Hölzenbein",1974,"West Germany",-0.41,-0.17,0.41,1.33,-0.27,-0.29,0.59,0.97,0.95,0.45,-0.33,0.06,0.05,-0.41,1.19,1.01
"5334","Berti Vogts",1974,"West Germany",-0.41,-0.31,0.15,-0.5,0.91,0.69,-0.2,-0.08,3.8,2.25,0.49,-0.54,0.05,0.58,0.64,0.09
"5335","Dieter Herzog",1974,"West Germany",-0.41,-0.4,-0.1,-0.3,-1.01,-0.83,-0.67,-0.54,-0.71,-0.99,-0.58,-0.54,-0.63,-0.69,-0.76,-0.52
"5336","Franz Beckenbauer",1974,"West Germany",-0.41,0.38,-0.36,-0.25,3.58,3.44,-0.04,2.15,1.21,0.94,1.25,1.37,0.05,-0.98,-0.34,2.1
"5337","Georg Schwarzenbeck",1974,"West Germany",-0.41,-0.49,-0.62,-0.6,0.36,-0.03,0.59,-0.21,3.47,2.88,1.06,0.88,0.51,0.86,0.22,-0.48
"5338","Gerd Müller",1974,"West Germany",3.24,3.99,-0.36,4.65,-0.05,-0.67,0.59,-0.35,-0.11,0.1,-0.71,-0.54,0.28,-0.27,0.08,1.84
"5339","Heinz Flohe",1974,"West Germany",-0.41,-0.53,-0.36,-0.35,-1.02,-1.11,-0.51,-0.28,-0.63,-0.63,-0.65,-0.54,-0.41,-0.69,-0.48,-0.44
"5340","Herbert Wimmer",1974,"West Germany",-0.41,-0.33,-0.36,-0.45,-1.27,-1.11,-0.83,-0.67,-0.64,-0.84,-0.71,-0.11,-0.63,-0.69,-1.04,-0.6
"5341","Josef Maier",1974,"West Germany",-0.41,-0.69,-0.62,-0.7,0.03,0.95,-0.83,-1.07,-1.07,-0.99,-0.58,-0.54,-0.18,-1.12,-0.62,-0.84
"5342","Jupp Heynckes",1974,"West Germany",-0.41,-0.12,-0.62,0.34,-1.18,-1.11,-0.35,-0.35,-0.82,-0.75,-0.71,-0.54,0.05,-1.12,-0.2,-0.44
"5343","Jürgen Grabowski",1974,"West Germany",0.5,-0.28,2.46,0.1,0.52,0.38,1.07,1.76,1.17,-0.26,-0.65,-0.54,-0.63,0.01,0.36,1.82
"5344","Paul Breitner",1974,"West Germany",2.33,2.06,0.41,0.49,2.34,2.03,1.07,2.02,1.27,0.97,0.3,1.12,0.05,-0.41,-0.06,0.79
"5345","Rainer Bonhof",1974,"West Germany",0.5,0.34,-0.1,0.89,-0.22,-0.67,1.38,-0.02,2.28,0.15,0.11,-0.54,0.28,-0.13,0.22,0.45
"5346","Uli Hoeness",1974,"West Germany",0.5,4.43,3.22,1.98,1.15,0.13,2.8,2.41,0.28,1.01,-0.27,-0.05,0.28,-0.13,1.19,3.81
"5347","Wolfgang Overath",1974,"West Germany",1.42,0.04,0.92,0.24,2.43,1.15,1.38,1.63,2.99,1.13,-0.46,-0.54,-0.41,-0.27,0.64,1.66
"5348","Branko Oblak",1974,"Yugoslavia",0.66,0.31,0.58,0.57,1,-0.07,0.46,0.77,1.12,1.1,-0.49,-0.54,-0.37,1.36,1.56,0.87
"5349","Danilo Popivoda",1974,"Yugoslavia",-0.41,-0.69,-0.62,-0.7,-1.32,-1.15,-0.83,-0.68,-1.07,-0.99,-0.64,-0.54,-0.63,-0.95,-1.04,-0.84
"5350","Dragan Dzajic",1974,"Yugoslavia",0.66,0.26,2.07,1.27,0.29,-0.04,1.57,1.69,-0.44,-0.99,-0.71,-0.54,-0.1,-0.13,1.24,2.57
"5351","Drazen Muzinic",1974,"Yugoslavia",-0.41,-0.62,-0.62,-0.7,-0.32,-0.43,-0.64,-0.76,-0.24,-0.43,-0.49,0.42,-0.63,0.2,-0.71,-0.84
"5352","Dusan Bajevic",1974,"Yugoslavia",2.78,0.82,-0.62,0.52,-0.98,-1.03,-0.83,-0.84,-0.63,-0.56,-0.71,-0.54,-0.37,-0.62,-0.22,-0.35
"5353","Enver Hadziabdic",1974,"Yugoslavia",-0.41,-0.65,0.58,-0.7,1.69,2.51,1.01,1.61,0.66,2.16,0.69,0.91,0.71,2.35,0.43,-0.2
"5354","Enver Maric",1974,"Yugoslavia",-0.41,-0.69,-0.62,-0.7,0.28,1.79,-0.83,-1.07,-1.07,-0.84,-0.56,-0.54,-0.37,-0.62,0.1,-0.84
"5355","Ilija Petkovic",1974,"Yugoslavia",0.66,0.12,0.58,0.57,-0.01,-0.25,1.2,1.61,0.2,-0.99,-0.56,-0.12,-0.63,0.86,0.43,0.22
"5356","Ivan Buljan",1974,"Yugoslavia",-0.41,-0.67,1.18,-0.41,1.29,1.4,-0.09,1.08,1.47,2.69,1.06,0.47,0.71,1.36,0.91,0.65
"5357","Ivan Surjak",1974,"Yugoslavia",1.72,1.38,0.28,2.54,0.12,-0.43,1.01,0.62,-0.5,0.56,-0.49,-0.17,1.78,-0.29,0.75,0.13
"5358","Josip Katalinski",1974,"Yugoslavia",0.66,-0.36,-0.62,-0.23,-0.02,-0.25,-0.83,-0.38,1.43,1.94,0.84,0.76,-0.1,1.36,0.1,-0.6
"5359","Jovan Acimovic",1974,"Yugoslavia",-0.41,0.55,-0.02,0.23,1.75,0.35,0.83,1.08,2.27,1.61,-0.42,0.11,-0.37,1.85,1.73,0.64
"5360","Jurica Jerkovic",1974,"Yugoslavia",-0.41,-0.38,-0.62,-0.23,-0.26,-0.82,0.09,-0.38,-0.49,0.02,-0.56,-0.54,-0.63,-0.95,-0.87,-0.33
"5361","Miroslav Pavlovic",1974,"Yugoslavia",-0.41,-0.69,-0.62,-0.7,-1.21,-1,-0.83,-1.07,-0.33,-0.53,-0.19,-0.54,-0.63,-0.95,-1.04,-0.72
"5362","Stanislav Karasi",1974,"Yugoslavia",1.72,0.7,-0.02,0.17,-0.33,-0.85,-0.28,-0.76,-0.4,-0.44,-0.56,0.12,-0.63,-0.46,-0.55,0.1
"5363","Vladimir Petrovic",1974,"Yugoslavia",-0.41,-0.4,0.28,-0.58,-1.05,-0.73,-0.64,-0.61,-1.07,-0.53,-0.71,-0.54,-0.63,-0.62,-0.87,-0.32
"5364","Vladislav Bogicevic",1974,"Yugoslavia",0.66,-0.31,-0.02,0.11,1.62,0.44,0.28,1.15,0.82,1.74,0.62,1.98,-0.1,0.37,-0.39,0.47
"5365","Adelard Maku Mayanga",1974,"Zaire",-0.41,0.18,-0.62,-0.23,0.04,-0.79,1.01,0.31,-0.57,-0.67,-0.71,0.06,-0.1,-0.46,-0.39,-0.18
"5366","Boba Lobilo",1974,"Zaire",-0.41,-0.65,-0.62,-0.7,0.23,0.53,-0.83,0.31,1.03,0.55,3.12,2.53,1.51,1.19,0.26,-0.84
"5367","Dimbi Tubilandu",1974,"Zaire",-0.41,-0.69,-0.62,-0.7,-0.89,-0.01,-0.83,-1.07,-1.07,-0.99,-0.42,-0.54,-0.63,-1.12,-1.04,-0.84
"5368","Etepe Kakoko",1974,"Zaire",-0.41,0.76,-0.02,1.5,-0.67,-0.43,-0.46,-0.15,-0.75,-0.73,-0.71,-0.54,-0.63,-0.79,-0.39,0.65
"5369","Ilunga Mwepu",1974,"Zaire",-0.41,-0.56,1.18,-0.7,0.8,1.55,-0.46,0.31,1.06,1.29,1.5,0.4,-0.1,0.86,-1.04,-0.04
"5370","Kalala Ntumba",1974,"Zaire",-0.41,-0.48,-0.62,-0.23,-1.19,-1.21,-0.46,-0.91,-0.68,-0.83,-0.71,-0.54,1.51,-0.46,-1.04,-0.84
"5371","Mabwene Mana",1974,"Zaire",-0.41,-0.31,0.58,-0.23,2.19,0.65,1.01,0.46,-0.23,0.97,-0.12,0.23,-0.63,-0.79,-0.06,-0.12
"5372","Mafu Kibonge",1974,"Zaire",-0.41,-0.69,-0.62,-0.12,-0.48,-0.85,-0.09,-0.3,-0.88,-0.83,-0.71,-0.07,-0.1,-0.46,0.26,-0.48
"5373","Mantantu Kidumu",1974,"Zaire",-0.41,0.31,0.58,0.46,0.53,-0.31,-0.09,-0.15,-0.38,-0.36,-0.71,-0.54,-0.1,1.85,-0.39,0.53
"5374","Masamba Kilasu",1974,"Zaire",-0.41,-0.52,-0.62,-0.23,1.34,0.89,0.28,0.62,0.09,0.74,0.32,0.65,-0.1,0.86,0.59,0.35
"5375","Muamba Kazadi",1974,"Zaire",-0.41,-0.69,-0.62,-0.7,0.48,2.45,-0.83,-0.91,-1.07,-0.99,-0.27,-0.54,-0.63,-1.12,1.56,-0.84
"5376","Mulamba N'Diaye",1974,"Zaire",-0.41,0.51,-0.02,-0.12,-0.82,-1.03,-0.46,-0.76,-0.82,-0.79,-0.71,-0.54,-0.63,0.53,-0.06,-0.09
"5377","Mwanza Mukombo",1974,"Zaire",-0.41,-0.44,-0.62,-0.46,0.85,1.85,-0.46,0.01,1.03,0.96,0.76,0.4,-0.1,-0.13,-1.04,-0.84
"5378","Raymond Tshimen Bwanga",1974,"Zaire",-0.41,-0.6,-0.62,-0.7,0.11,-0.07,1.75,1.38,1.61,2.62,2.53,1.58,0.97,-0.13,-0.71,-0.84
"5379","Uba Kembo",1974,"Zaire",-0.41,-0.69,0.58,0,-0.87,-0.49,1.38,-0.45,-1.07,-0.99,-0.56,-0.54,-0.1,-0.46,-0.71,0.02
"5380","Wamunda Tshimabu",1974,"Zaire",-0.41,-0.65,-0.62,-0.7,-1.04,-0.97,-0.46,-0.15,-1.07,-0.83,-0.56,-0.54,-0.63,-0.46,-1.04,-0.84
"5381","Christian Piot",1970,"Belgium",-0.39,-0.62,-0.57,-0.63,0,1.63,-0.73,-1.01,-1.01,-0.99,-0.52,-0.59,0.2,-1.1,-0.3,-0.89
"5382","Georges Heylens",1970,"Belgium",-0.39,-0.55,0.13,-0.26,1.03,0.94,-0.73,0.86,1.27,1,1.54,-0.04,0.2,-0.38,0.08,-0.16
"5383","Jean Dockx",1970,"Belgium",-0.39,0.62,-0.57,-0.14,0.38,-0.68,-0.05,1,0.25,3.2,0.27,0.14,0.2,0.7,1.58,-0.54
"5384","Jean Thissen",1970,"Belgium",-0.39,-0.44,-0.57,-0.39,0.63,0.45,0.62,1.4,0.9,1.22,0.43,-0.59,2.57,0.34,0.08,-0.34
"5385","Johan Devrindt",1970,"Belgium",-0.39,0.22,-0.57,0.59,-0.78,-0.74,-0.05,-0.21,-1.01,-0.15,-0.68,-0.59,-0.59,-0.74,0.08,0.39
"5386","Leon Jeck",1970,"Belgium",-0.39,-0.62,-0.57,-0.63,-0.88,-0.92,-0.73,-0.47,-0.31,-0.09,1.06,2.11,1.78,-0.02,-1.05,-0.58
"5387","Leon Semmeling",1970,"Belgium",-0.39,-0.55,4.31,0.71,0.91,1.19,0.95,1.66,-0.69,0.13,-0.68,-0.59,0.2,-0.02,2.33,3.55
"5388","Nicolas Dewalque",1970,"Belgium",-0.39,-0.58,-0.57,-0.63,-0.4,-0.49,0.28,0.46,0.25,1.37,1.54,-0.05,-0.59,0.34,-0.3,-0.89
"5389","Odilon Polleunis",1970,"Belgium",-0.39,0.98,-0.57,0.47,-1.08,-1.17,-0.73,-0.47,-0.77,-0.99,-0.68,-0.59,0.2,-1.1,-0.3,-0.89
"5390","Paul Van Himst",1970,"Belgium",-0.39,1.31,-0.57,3.52,1.51,-0.49,0.28,2.2,0.66,-0.77,-0.68,-0.59,4.15,0.7,1.2,0.57
"5391","Raoul Lambert",1970,"Belgium",2.95,4.74,0.82,2.17,-0.7,-0.99,-0.39,-0.61,-1.01,-0.69,-0.68,-0.59,0.99,-1.1,0.45,0.32
"5392","Wilfried Puis",1970,"Belgium",-0.39,0.25,2.92,-0.26,0.73,0.2,-0.05,1.66,-0.14,0.23,-0.68,-0.59,-0.59,-0.02,-1.05,0.98
"5393","Wilfried Van Moer",1970,"Belgium",2.95,2.84,-0.57,1.44,2.19,0.57,1.63,1.13,2.55,2.67,-0.68,-0.59,0.2,-0.38,0.45,0.6
"5394","Brito",1970,"Brazil",-0.39,-0.62,-0.57,-0.63,-0.25,-0.58,-0.56,-0.74,1.66,0.16,2.96,2.76,0.99,0.52,0.26,-0.89
"5395","Carlos Alberto Torres",1970,"Brazil",0.45,-0.06,0.13,0.16,3.18,4.4,-0.05,0.79,1.59,0.02,0.67,2.28,-0.59,-0.02,-0.11,0.74
"5396","Clodoaldo",1970,"Brazil",0.45,-0.06,-0.22,-0.2,2.25,0.1,2.13,1.2,2.13,1.16,-0.2,1.38,-0.59,-0.2,-0.3,-0.34
"5397","Everaldo",1970,"Brazil",-0.39,-0.51,-0.57,-0.63,0.32,0.76,-0.39,-0.47,0.51,2.71,0.98,-0.17,-0.59,-0.02,-0.49,-0.72
"5398","Everaldo Marques Da Silva",1970,"Brazil",-0.39,-0.55,-0.57,-0.57,-0.98,-0.74,-0.73,-0.87,0.03,-0.25,-0.28,0.6,-0.2,-0.92,-0.86,-0.79
"5399","Félix",1970,"Brazil",-0.39,-0.62,-0.57,-0.63,0.92,1.01,-0.73,-1.01,-1.01,-0.99,-0.6,-0.59,-0.59,-1.1,-0.11,-0.89
"5400","Gérson",1970,"Brazil",0.45,0.15,0.48,-0.02,1.02,0.29,-0.39,0.33,-0.4,-0.03,-0.2,0.86,-0.59,-0.38,-0.86,1.67
"5401","Jairzinho",1970,"Brazil",5.46,1.59,0.48,2.11,1,0.29,7.17,4.4,-0.18,-0.16,-0.52,-0.59,-0.2,1.06,3.83,2.64
"5402","Jose de Anchieta Fontana",1970,"Brazil",-0.39,-0.62,-0.57,-0.63,-1.34,-1.11,-0.73,-1.01,-0.79,-0.57,-0.2,0.92,-0.2,-1.1,-0.86,-0.89
"5403","Marco Antonio",1970,"Brazil",-0.39,-0.62,-0.57,-0.57,-0.9,-0.83,-0.73,-0.81,-0.82,-0.6,-0.36,-0.16,-0.59,-0.92,-0.49,-0.89
"5404","Paulo Cesar",1970,"Brazil",-0.39,0.09,-0.57,0.29,-0.3,-0.18,0.79,0.59,-0.6,-0.78,-0.52,-0.59,-0.59,-0.02,0.08,-0.08
"5405","Pelé",1970,"Brazil",2.95,3.19,-0.57,2.3,1.15,0.35,1.46,0.66,0.96,-0.43,-0.68,0.56,0.2,3.04,2.71,4.41
"5406","Piazza",1970,"Brazil",-0.39,-0.62,-0.57,-0.63,0.85,0.41,-0.39,-0.67,1.88,2.73,0.59,1.83,-0.59,-0.02,-0.68,-0.89
"5407","Rivellino",1970,"Brazil",2.12,1.84,0.13,0.22,1.49,0.82,2.47,1.53,1.2,0.08,-0.6,-0.16,-0.59,-0.38,0.83,1.24
"5408","Roberto Miranda",1970,"Brazil",-0.39,-0.49,-0.57,-0.39,-1.34,-1.17,-0.56,-0.67,-1.01,-0.99,-0.68,-0.59,-0.59,-0.92,-1.05,-0.58
"5409","Tostao",1970,"Brazil",1.28,2.19,-0.22,1.69,0.34,-0.61,0.95,-0.01,0.07,-0.64,-0.6,-0.59,-0.59,0.88,0.45,1.99
"5410","Alexander Shalamanov",1970,"Bulgaria",-0.39,-0.62,0.82,-0.51,-0.02,1.13,-0.73,-0.34,1.01,0.51,-0.52,0.87,-0.59,-0.38,-0.68,-0.3
"5411","Asparuh Nikodimov",1970,"Bulgaria",1.28,0,-0.57,-0.39,0.15,0.69,-0.73,-0.21,-0.16,-0.99,-0.05,-0.59,0.99,0.34,-1.05,-0.58
"5412","Boris Gaganelov",1970,"Bulgaria",-0.39,-0.62,-0.57,-0.63,-1.15,-0.8,-0.73,-1.01,-0.65,-0.82,-0.36,-0.59,-0.59,-0.74,-1.05,-0.89
"5413","Dimitar Marashliev",1970,"Bulgaria",-0.39,-0.26,0.13,-0.14,-0.85,-0.8,-0.39,-0.34,-0.62,-0.99,-0.68,-0.59,-0.59,-0.38,-0.3,-0.51
"5414","Dimitar Penev",1970,"Bulgaria",-0.39,-0.33,-0.57,-0.63,0.28,0.38,-0.73,-0.34,0.13,0.57,1.22,1.78,1.78,0.34,-0.3,-0.54
"5415","Dimitar Yakimov",1970,"Bulgaria",-0.39,-0.04,-0.57,0.59,0.71,-0.11,0.62,0.46,-0.8,0.46,-0.52,-0.59,-0.59,-1.1,0.45,0.22
"5416","Dinko Dermendjiev",1970,"Bulgaria",1.28,-0.37,-0.57,-0.02,-0.05,0.38,0.95,0.46,-0.65,-0.62,-0.68,-0.59,-0.59,-1.1,0.08,0.11
"5417","Dobromir Zhechev",1970,"Bulgaria",1.28,0.15,-0.57,-0.39,-0.6,-0.49,-0.73,-0.74,0.52,0.8,1.22,2.12,0.2,1.42,-1.05,-0.68
"5418","Georgi Asparukhov",1970,"Bulgaria",-0.39,1.97,-0.57,3.03,-0.78,-0.61,-0.05,-0.47,-0.16,-0.82,-0.68,-0.59,4.15,-0.38,0.08,0.84
"5419","Georgi Popov",1970,"Bulgaria",-0.39,-0.62,1.52,0.22,-0.17,0.07,-0.73,1.13,-1.01,-0.67,-0.68,-0.59,-0.59,-0.74,0.08,0.36
"5420","Hristo Bonev",1970,"Bulgaria",1.28,0.33,-0.57,-0.02,0.93,0.57,0.62,1.53,0.53,-0.41,-0.52,-0.59,-0.59,0.7,1.58,0.98
"5421","Ivan Davidov",1970,"Bulgaria",-0.39,-0.62,-0.57,-0.39,-1.08,-0.99,-0.73,-0.87,0.05,0.23,0.11,-0.1,0.2,-1.1,-1.05,-0.89
"5422","Ivan Dimitrov",1970,"Bulgaria",-0.39,-0.62,-0.57,-0.51,-0.6,-0.18,-0.73,-0.87,-0.38,-0.47,-0.05,0.66,-0.59,0.7,-1.05,-0.89
"5423","Milko Gaidarski",1970,"Bulgaria",-0.39,-0.62,-0.57,-0.63,0.05,1.07,-0.73,-0.34,-0.31,1.29,0.9,-0.59,1.78,1.06,-0.68,-0.16
"5424","Petar Zhekov",1970,"Bulgaria",-0.39,-0.33,-0.57,-0.14,-0.98,-0.99,-0.39,-1.01,-1.01,-0.39,-0.68,-0.1,-0.59,-1.1,-0.68,-0.09
"5425","Simeon Simeonov",1970,"Bulgaria",-0.39,-0.62,-0.57,-0.63,-0.42,0.32,-0.73,-0.74,-1.01,-0.99,-0.68,-0.59,-0.59,-1.1,-1.05,-0.89
"5426","Stefan Aladzhov",1970,"Bulgaria",-0.39,-0.62,-0.57,-0.63,-0.73,-0.43,-0.73,-0.74,-0.38,-0.99,0.27,0.39,-0.59,-0.74,-1.05,-0.89
"5427","Stoyan Yordanov",1970,"Bulgaria",-0.39,-0.62,-0.57,-0.63,-0.65,0.69,-0.73,-1.01,-1.01,-0.99,-0.52,-0.59,-0.59,-1.1,-0.68,-0.89
"5428","Todor Kolev",1970,"Bulgaria",1.28,-0.51,0.13,-0.51,0.73,0.88,-0.73,0.46,-0.47,-0.35,-0.36,-0.18,-0.59,0.7,-1.05,0.95
"5429","Vasil Mitkov",1970,"Bulgaria",-0.39,-0.07,0.82,1.44,-0.57,-0.05,1.96,0.33,-0.31,-0.67,-0.68,-0.59,-0.59,-1.1,1.95,2.23
"5430","Alexander Horváth",1970,"Czechoslovakia",-0.39,-0.11,0.13,-0.63,-0.4,-0.43,-0.73,-0.74,0.33,0.34,0.59,2.18,-0.59,-0.02,-1.05,-0.68
"5431","Alexander Vencel",1970,"Czechoslovakia",-0.39,-0.62,-0.57,-0.63,-0.68,0.51,-0.73,-1.01,-1.01,-0.99,-0.52,-0.59,-0.59,-1.1,-1.05,-0.89
"5432","Andrej Kvasnák",1970,"Czechoslovakia",-0.39,-0.55,-0.57,-0.39,-0.2,-0.18,-0.73,-0.34,-0.48,0.25,0.27,0.07,-0.59,1.42,-0.3,-0.23
"5433","Bohumil Vesely",1970,"Czechoslovakia",-0.39,-0.58,2.92,-0.63,-0.47,-0.43,-0.05,0.33,-0.53,-0.53,-0.68,-0.59,-0.59,-1.1,-0.68,0.7
"5434","Frantisek Vesely",1970,"Czechoslovakia",-0.39,0.95,-0.57,0.83,0.13,-0.11,-0.05,0.06,-0.63,0.02,-0.68,-0.59,-0.59,-0.02,-0.3,0.05
"5435","Ivan Hrdlicka",1970,"Czechoslovakia",-0.39,-0.62,-0.57,-0.63,-1.05,-1.05,-0.73,-0.87,-0.43,-0.72,-0.68,-0.59,-0.59,-1.1,-1.05,-0.72
"5436","Ivo Viktor",1970,"Czechoslovakia",-0.39,-0.62,-0.57,-0.63,0,1.25,-0.73,-1.01,-1.01,-0.99,-0.68,-0.59,0.2,-1.1,-0.68,-0.89
"5437","Jan Capkovic",1970,"Czechoslovakia",-0.39,-0.33,0.13,-0.14,-0.98,-0.99,-0.73,-0.87,-0.63,-0.99,-0.68,-0.59,-0.59,-0.74,0.08,-0.68
"5438","Jaroslav Pollak",1970,"Czechoslovakia",-0.39,-0.62,-0.57,-0.51,0.13,-0.11,-0.39,-0.34,0.13,-0.63,-0.52,-0.59,-0.59,-0.38,-0.68,-0.44
"5439","Josef Jurkanin",1970,"Czechoslovakia",-0.39,-0.51,-0.57,-0.63,-1.18,-1.11,-0.39,-0.61,-1.01,-0.76,-0.68,-0.59,-0.59,-1.1,-0.68,-0.82
"5440","Jozef Adamec",1970,"Czechoslovakia",-0.39,1.42,0.82,0.35,0.56,0.45,1.63,0.46,-0.77,-0.49,-0.68,-0.59,0.2,-0.74,0.08,1.78
"5441","Karol Dobias",1970,"Czechoslovakia",-0.39,-0.37,0.13,-0.14,2.52,4.24,-0.05,1.53,1.04,-0.17,0.59,0.07,-0.59,-1.1,0.45,-0.61
"5442","Karol Jokl",1970,"Czechoslovakia",-0.39,0.25,1.52,-0.39,0.2,0.01,-0.39,1.4,-0.48,1.07,-0.52,-0.59,0.2,-0.74,1.2,0.81
"5443","L'udevit Zlocha",1970,"Czechoslovakia",-0.39,-0.44,-0.57,-0.39,-1.05,-0.74,-0.73,-0.74,-0.53,-0.53,0.43,-0.59,-0.59,-0.02,-0.3,-0.89
"5444","Ladislav Kuna",1970,"Czechoslovakia",-0.39,1.17,0.13,0.83,1.24,-0.18,-0.05,0.46,0.71,0.48,-0.52,-0.04,-0.59,1.42,0.08,0.11
"5445","Ladislav Petras",1970,"Czechoslovakia",2.95,1.17,-0.57,3.39,-0.3,-0.43,4.31,0.73,-0.72,-0.63,-0.68,-0.59,0.99,-0.74,1.58,2.26
"5446","Vaclav Migas",1970,"Czechoslovakia",-0.39,-0.47,-0.57,-0.39,-0.22,-0.24,-0.73,-0.87,0.19,2.46,2.64,1.51,-0.59,1.06,0.08,-0.68
"5447","Vladimir Hagara",1970,"Czechoslovakia",-0.39,-0.18,1.52,-0.14,0.23,0.82,-0.73,-0.07,1.09,0.93,-0.05,0.07,0.2,-0.74,0.45,0.25
"5448","Vladimir Hrivnak",1970,"Czechoslovakia",-0.39,-0.62,-0.57,-0.63,-1.18,-0.86,-0.73,-1.01,-0.63,-0.63,0.27,2.05,-0.59,-0.74,-1.05,-0.89
"5449","Ernesto Aparicio",1970,"El Salvador",-0.39,-0.29,0.13,0.1,-0.7,-0.55,-0.05,-0.07,-0.78,-0.03,-0.68,-0.59,-0.59,2.14,-0.68,-0.2
"5450","Guillermo Castro",1970,"El Salvador",-0.39,-0.55,-0.57,-0.63,-1.1,-1.05,-0.73,-0.87,-0.81,-0.99,0.9,-0.13,0.2,-0.74,-1.05,-0.89
"5451","Jaime Portillo",1970,"El Salvador",-0.39,-0.44,0.13,-0.63,-0.57,-0.49,-0.39,-0.21,-1.01,-0.61,-0.52,-0.13,0.2,-0.02,-0.68,-0.58
"5452","Jorge Vásquez",1970,"El Salvador",-0.39,-0.37,-0.57,-0.63,0.38,-0.18,-0.05,0.46,0.9,0.06,1.38,0.45,0.99,-0.38,-0.3,-0.61
"5453","José Quintanilla",1970,"El Salvador",-0.39,-0.33,0.13,-0.63,0.13,0.07,-0.73,0.06,-0.68,-0.67,0.11,-0.07,-0.59,-0.38,0.08,-0.72
"5454","Juan Martínez",1970,"El Salvador",-0.39,-0.04,-0.57,-0.02,-0.27,-0.92,-0.05,-1.01,-0.56,0.62,-0.68,-0.59,-0.59,1.42,2.33,-0.89
"5455","Mario Monge",1970,"El Salvador",-0.39,-0.51,-0.57,-0.63,-0.98,-1.05,-0.39,-0.87,-0.78,-0.99,-0.52,-0.59,-0.59,-1.1,-0.68,-0.89
"5456","Mauricio Manzano",1970,"El Salvador",-0.39,-0.62,-0.57,-0.63,-0.55,-0.24,-0.73,0.33,-1.01,0.93,-0.36,-0.59,-0.59,-0.02,-1.05,-0.89
"5457","Mauricio Rodríguez",1970,"El Salvador",-0.39,0.47,0.13,0.35,-0.65,-0.74,-0.05,-0.21,-0.45,0.91,-0.52,-0.59,0.2,-0.02,0.08,0.08
"5458","Raúl Magaña",1970,"El Salvador",-0.39,-0.62,-0.57,-0.63,1.39,0.76,-0.73,-1.01,-1.01,-0.99,0.27,-0.59,0.99,-1.1,0.08,-0.89
"5459","Roberto Rivas",1970,"El Salvador",-0.39,-0.55,-0.57,-0.63,1.94,2.75,-0.39,0.59,1.98,0.6,1.38,0.69,-0.59,0.34,-0.3,-0.75
"5460","Salvador Cabezas",1970,"El Salvador",-0.39,-0.37,-0.57,-0.63,0.66,-0.61,2.3,1.53,-0.06,1.45,-0.68,-0.59,0.99,1.78,0.45,-0.06
"5461","Salvador Mariona",1970,"El Salvador",-0.39,-0.15,-0.57,-0.51,-0.17,-0.36,-0.73,-0.47,0.44,0.41,5.01,2.32,0.99,0.7,0.08,-0.58
"5462","Santiago Cortés",1970,"El Salvador",-0.39,-0.58,-0.57,-0.63,-0.37,0.32,-0.05,-0.61,-0.78,-0.78,-0.05,-0.59,0.99,0.34,-0.68,-0.72
"5463","Saturnino Osorio",1970,"El Salvador",-0.39,-0.62,-0.57,-0.63,0.08,-0.55,-0.39,-0.34,0.2,0.35,2.8,0.69,0.99,-0.02,-0.68,-0.89
"5464","Sergio Méndez",1970,"El Salvador",-0.39,-0.04,-0.57,-0.14,-0.8,-0.92,-0.05,-0.21,-0.81,-0.99,-0.68,-0.59,0.2,-0.02,0.83,-0.72
"5465","Alan Ball",1970,"England",-0.39,0.67,0.39,0.55,1.78,1.11,0.2,1.21,1.11,-0.51,-0.46,-0.15,-0.59,0.4,0.77,0.98
"5466","Alan Clarke",1970,"England",0.77,1.63,-0.57,-0.21,-1.15,-1.13,-0.49,-0.92,-0.82,-0.99,-0.68,-0.59,-0.59,-0.1,-0.79,-0.89
"5467","Alan Mullery",1970,"England",0.77,-0.07,-0.57,-0.46,1.71,0.68,-0.49,0.19,0.6,-0.21,-0.35,0.78,-0.59,0.4,-0.27,-0.15
"5468","Bobby Charlton",1970,"England",-0.39,1.02,0.88,0.05,0.8,0.03,1.37,0.84,-0.41,-0.48,-0.46,-0.59,-0.59,-0.6,0.25,0.67
"5469","Bobby Moore",1970,"England",-0.39,-0.62,-0.57,-0.63,2.12,3.35,-0.49,0.38,1.33,2.17,0.96,2.97,-0.05,-0.6,-0.01,0.48
"5470","Brian Labone",1970,"England",-0.39,-0.37,-0.57,-0.04,-0.75,-0.66,-0.73,-1.01,-0.16,-0.22,2.61,1,2.14,0.15,-0.79,-0.77
"5471","Colin Bell",1970,"England",-0.39,-0.17,0.88,0.38,-0.31,-0.31,1.37,0.38,-0.47,-0.63,-0.57,-0.59,-0.59,-0.85,0.25,1.61
"5472","Francis Lee",1970,"England",-0.39,0.14,-0.57,0.55,-0.75,-0.83,0.67,-0.27,-0.57,-0.37,-0.68,-0.23,-0.59,0.89,1.81,0.24
"5473","Geoff Hurst",1970,"England",0.77,0.54,-0.09,2.24,-0.42,-1.04,-0.03,-0.92,-0.85,-0.45,-0.68,-0.59,2.14,0.15,1.55,0.48
"5474","Gordon Banks",1970,"England",-0.39,-0.62,-0.57,-0.63,0.03,1.93,-0.73,-1.01,-1.01,-0.99,-0.57,-0.59,-0.59,-1.1,-1.05,-0.89
"5475","Jack Charlton",1970,"England",-0.39,-0.62,-0.57,-0.63,-1.24,-0.96,-0.73,-0.92,0.3,-0.81,-0.02,0.27,-0.59,-0.85,-1.05,-0.89
"5476","Jeffrey Astle",1970,"England",-0.39,-0.17,-0.57,0.81,-1.24,-1.17,-0.73,-1.01,-1.01,-0.99,-0.68,-0.59,1.05,0.15,-0.79,-0.22
"5477","Keith Newton",1970,"England",-0.39,-0.57,0.88,-0.46,0.38,0.29,-0.03,0.29,0.32,0.29,0.31,0.64,-0.59,0.15,-0.27,0.41
"5478","Martin Peters",1970,"England",0.77,0.47,0.88,0.97,0.56,-0.1,-0.49,-0.27,0.65,0.21,-0.46,0.86,-0.05,2.14,0.51,1.46
"5479","Norman Hunter",1970,"England",-0.39,-0.6,1.36,-0.54,-1.17,-0.79,-0.49,-0.82,-0.54,-0.84,-0.57,-0.23,-0.05,-0.6,-1.05,0.53
"5480","Peter Bonetti",1970,"England",-0.39,-0.62,-0.57,-0.63,-0.77,-0.05,-0.73,-1.01,-1.01,-0.99,-0.68,-0.59,-0.59,-1.1,-1.05,-0.89
"5481","Peter Osgood",1970,"England",-0.39,-0.49,-0.09,-0.38,-1.08,-1.04,-0.49,-1.01,-1.01,-0.99,-0.68,-0.59,-0.59,-0.85,-0.79,-0.77
"5482","Terry Cooper",1970,"England",-0.39,-0.54,0.88,-0.54,0.77,0.55,3.46,1.86,1.15,1.31,0.64,-0.23,-0.05,0.89,1.55,0
"5483","Tommy Wright",1970,"England",-0.39,-0.62,0.88,-0.63,-0.21,0.03,-0.26,-0.36,-0.81,-0.99,-0.24,-0.59,-0.59,-0.6,-0.01,0.21
"5484","Aharon Shuruk",1970,"Israel",-0.39,-0.62,-0.57,-0.63,-1.35,-1.17,-0.39,-0.87,-0.44,-0.72,-0.68,-0.59,-0.59,-0.74,-1.05,-0.89
"5485","Daniel Rom",1970,"Israel",-0.39,-0.07,0.13,0.1,-0.98,-1.05,-0.05,-0.61,-0.72,0.1,-0.36,-0.59,0.99,-1.1,0.08,-0.27
"5486","David Primo",1970,"Israel",-0.39,-0.62,0.13,-0.63,-0.52,-0.3,-0.73,-0.61,2.94,2.4,2.48,2.35,-0.59,2.86,-0.68,-0.68
"5487","Giora Spiegel",1970,"Israel",-0.39,0.47,-0.57,0.47,1.99,0.2,2.97,3,-0.3,-0.18,-0.68,-0.59,-0.59,-0.02,0.45,0.32
"5488","Itzhak Shum",1970,"Israel",-0.39,-0.29,-0.57,-0.39,1.69,0.13,0.28,0.73,2.1,0.77,-0.2,-0.59,-0.59,3.58,0.83,-0.72
"5489","Itzhak Visoker",1970,"Israel",-0.39,-0.62,-0.57,-0.63,0.68,1.25,-0.73,-1.01,-1.01,-0.99,-0.2,-0.59,-0.59,-1.1,-1.05,-0.89
"5490","Jehoshua Faygenbaum",1970,"Israel",-0.39,0.11,-0.57,0.83,-0.55,-0.92,-0.39,-0.34,-0.44,-0.99,-0.68,-0.59,-0.59,-0.38,-0.68,-0.51
"5491","Jeshaayahu Schwager",1970,"Israel",-0.39,-0.62,-0.57,-0.63,-0.22,0.2,0.28,-0.34,1.96,0.91,1.69,1.37,0.99,2.14,-0.68,-0.68
"5492","Menachem Bello",1970,"Israel",-0.39,-0.62,0.13,-0.63,-0.37,-0.55,-0.05,-0.07,0.26,-0.18,-0.52,-0.59,-0.59,-0.38,-0.68,-0.37
"5493","Mordechei Spiegler",1970,"Israel",1.28,0.36,2.92,0.1,1.89,0.57,0.28,2.2,1.11,0.77,-0.52,-0.59,-0.59,0.34,2.71,1.92
"5494","Rahcamim Talbi",1970,"Israel",-0.39,-0.62,-0.57,-0.63,-1.3,-1.11,-0.73,-1.01,-0.72,-0.72,-0.68,-0.59,-0.59,-0.74,-1.05,-0.89
"5495","Shmuel Rosenthal",1970,"Israel",-0.39,-0.47,-0.57,-0.63,0.98,0.38,0.62,0.06,3.65,1.18,1.54,1.04,0.2,1.06,0.08,-0.79
"5496","Shraga Bar",1970,"Israel",-0.39,-0.58,-0.57,-0.26,-0.07,-0.3,-0.73,-0.47,-0.02,0.09,-0.52,0.06,-0.59,2.14,0.45,-0.68
"5497","Yochnan Vallach",1970,"Israel",-0.39,-0.62,-0.57,-0.63,-1.03,-0.99,0.28,-0.47,-0.72,-0.72,-0.36,-0.59,-0.59,0.34,0.45,-0.89
"5498","Zvi Rosen",1970,"Israel",-0.39,-0.62,-0.57,-0.63,-0.27,-0.61,-0.73,-0.74,0.97,0.5,2.64,0.06,-0.59,-0.38,-0.3,-0.89
"5499","Alessandro Mazzola",1970,"Italy",-0.39,-0.05,1.41,0.64,1.09,0.63,2.3,0.76,-0.43,-0.03,-0.45,0.04,-0.22,0.6,0.91,2.13
"5500","Angelo Domenghini",1970,"Italy",0.4,0.62,2.07,0.29,0.37,0.95,1.02,0.95,-0.59,-0.21,-0.3,-0.3,0.53,1.29,0.91,1.28
"5501","Communardo Niccolai",1970,"Italy",-0.39,-0.62,-0.57,-0.63,-1.44,-1.11,-0.73,-1.01,-0.71,-0.85,-0.53,0.1,-0.59,-1.1,-0.87,-0.89
"5502","Enrico Albertosi",1970,"Italy",-0.39,-0.62,-0.57,-0.63,0.87,1.75,-0.73,-1.01,-1.01,-0.99,-0.45,-0.59,-0.22,-0.93,0.19,-0.89
"5503","Fabrizio Poletti",1970,"Italy",-0.39,-0.62,-0.57,-0.57,-1.42,-1.14,-0.73,-0.95,-1.01,-0.99,-0.6,-0.3,-0.59,-0.59,-1.05,-0.89
"5504","Giacinto Facchetti",1970,"Italy",-0.39,-0.36,0.09,-0.28,0.01,0.33,-0.25,-0.25,0.9,0.53,2.02,-0.39,0.9,0.26,0.02,0.18
"5505","Giancarlo De Sisti",1970,"Italy",-0.39,-0.45,0.42,-0.34,1.3,1.16,0.55,0.89,-0.49,0.22,0,0.18,0.53,0.26,2.15,1.28
"5506","Gianni Rivera",1970,"Italy",1.2,0.16,1.74,0.18,-0.75,-0.35,0.55,-0.12,-0.54,-0.67,-0.6,-0.3,-0.59,-0.59,-0.7,0.9
"5507","Giuseppe Furino",1970,"Italy",-0.39,-0.62,-0.57,-0.63,-1.37,-1.03,-0.41,-0.88,-0.83,-0.66,-0.68,-0.59,-0.59,-1.1,-0.87,-0.76
"5508","Luigi Riva",1970,"Italy",1.99,5.48,-0.24,6.53,-0.98,-1.03,1.66,-0.12,-1.01,-0.54,-0.68,-0.59,3.9,0.78,1.44,1.23
"5509","Mario Bertini",1970,"Italy",-0.39,-0.02,1.08,-0.51,0.41,0.51,0.07,-0.19,0.03,0.08,0.37,-0.34,0.9,2.14,1.08,0.9
"5510","Pierluigi Cera",1970,"Italy",-0.39,-0.62,-0.57,-0.63,0.89,1.22,-0.25,0,0.29,0.66,1.49,1.39,-0.22,-0.42,0.19,-0.45
"5511","Roberto Boninsegna",1970,"Italy",1.2,0.36,0.42,0.87,-0.42,-0.76,0.71,0.51,-0.82,-0.6,-0.68,-0.59,0.16,0.09,1.8,1.72
"5512","Roberto Rosato",1970,"Italy",-0.39,-0.5,-0.57,-0.4,-0.73,-0.26,-0.73,-0.95,-0.33,0.82,1.94,1.54,2.4,0.6,-0.34,-0.59
"5513","Tarcisio Burgnich",1970,"Italy",0.4,-0.36,-0.57,-0.57,-0.47,0.04,-0.57,-0.82,0.74,0.04,2.92,0.48,0.9,0.95,-0.7,-0.79
"5514","Aaron Padilla Gutiérrez",1970,"Mexico",-0.39,-0.35,1.52,0.47,0.33,0.09,1.54,3.3,-0.04,0.22,-0.56,-0.59,-0.59,-0.83,0.92,0.93
"5515","Antonio Munguia Flores",1970,"Mexico",-0.39,0.01,0.48,-0.17,0.5,-0.24,1.54,0.19,-0.06,1.14,-0.44,-0.59,0,-0.56,0.36,0.2
"5516","Enrique David Borja García",1970,"Mexico",-0.39,0.61,-0.57,1.75,-1.2,-1.17,-0.47,-1.01,-1.01,-0.99,-0.68,-0.59,-0.59,-1.1,-1.05,-0.24
"5517","Guillermo Hernández",1970,"Mexico",-0.39,-0.43,-0.57,-0.35,-0.52,-0.61,-0.47,-0.41,-0.11,-0.7,-0.32,-0.59,0,-1.1,-0.21,-0.76
"5518","Gustavo Pena",1970,"Mexico",0.87,1.84,-0.57,-0.35,0.63,0.79,-0.22,-0.41,-0.36,2.04,3.71,5.21,2.96,1.6,0.92,-0.4
"5519","Hector Pulido",1970,"Mexico",-0.39,0.04,0.48,-0.26,0.84,-0.47,-0.47,0.49,-0.07,0.21,0.27,0.12,0,-0.29,0.36,-0.11
"5520","Horacio Lopez Salgado",1970,"Mexico",-0.39,0.8,-0.57,1.11,-1.12,-1.08,-0.22,-0.51,-1.01,-0.99,-0.68,-0.59,0,-0.02,-0.49,-0.47
"5521","Ignacio Calderón",1970,"Mexico",-0.39,-0.62,-0.57,-0.63,0.37,0.97,-0.73,-1.01,-1.01,-0.99,-0.09,-0.59,-0.59,-1.1,-0.77,-0.89
"5522","Isidoro Díaz",1970,"Mexico",-0.39,-0.46,-0.57,-0.63,-1.14,-0.89,-0.73,-1.01,-1.01,-0.37,-0.68,-0.59,-0.59,-0.83,-0.49,-0.79
"5523","Javier Fragoso",1970,"Mexico",0.87,1.05,-0.57,1.56,-0.07,-0.75,0.03,-0.11,-0.71,-0.4,-0.68,0.1,0.59,-0.02,0.92,0.8
"5524","Javier Guzmán Colín",1970,"Mexico",-0.39,0.5,-0.57,-0.08,0.27,0.65,-0.73,-0.41,2.14,1.11,2.76,6.62,4.15,0.79,-0.49,-0.08
"5525","Javier Valdivia",1970,"Mexico",2.12,1.05,2.57,1.66,-0.4,-0.33,0.79,0.49,0.54,0.82,-0.68,-0.59,0,1.6,4.3,1.97
"5526","Jose Luis Gonzalez Davila",1970,"Mexico",0.87,1.49,0.48,0.1,0.33,-0.38,-0.22,-0.01,0.25,0.23,-0.56,0.15,-0.59,0.52,-0.77,0.02
"5527","José Vantolra",1970,"Mexico",-0.39,-0.57,3.62,-0.45,1.74,2.19,-0.73,0.79,2.08,1.76,2.88,2.26,1.18,0.79,0.92,1.14
"5528","Juan Ignacio Basaguren",1970,"Mexico",0.87,-0.54,-0.57,-0.17,-1.25,-1.13,-0.47,-0.71,-0.7,-0.7,-0.68,-0.59,-0.59,-0.29,-1.05,-0.73
"5529","Mario Pérez",1970,"Mexico",-0.39,-0.43,3.09,-0.26,1.29,1.58,1.04,2.6,1.77,4.13,1.81,0.15,0,2.41,0.64,1.37
"5530","Mario Velarde Velázquez",1970,"Mexico",-0.39,-0.54,-0.57,-0.54,-1.14,-1.08,-0.73,-0.71,-0.71,-0.7,-0.68,-0.59,-0.59,-0.29,-0.49,-0.6
"5531","Abdallah Lamrani",1970,"Morocco",-0.39,-0.62,-0.57,-0.63,-0.3,-0.24,-0.05,-0.47,-0.41,-0.2,1.06,-0.59,0.2,0.34,0.08,-0.89
"5532","Ahmed Alaoui",1970,"Morocco",-0.39,-0.11,-0.57,0.35,-0.93,-0.99,-0.05,-0.34,-1.01,-0.99,-0.68,-0.59,-0.59,-0.38,-0.68,-0.44
"5533","Allal Ben Kassou",1970,"Morocco",-0.39,-0.62,-0.57,-0.63,0.03,0.51,-0.73,-1.01,-1.01,-0.99,-0.52,-0.59,-0.59,-1.1,-1.05,-0.89
"5534","Boujemaa Benkhrif",1970,"Morocco",-0.39,-0.58,-0.57,-0.63,1.01,1.63,-0.39,0.19,0.63,0.68,1.85,0.47,-0.59,-0.02,0.08,-0.27
"5535","Driss Bamous",1970,"Morocco",-0.39,0.8,-0.57,0.35,0,-0.36,-0.05,0.59,-1.01,0,-0.2,-0.59,-0.59,0.34,-0.68,0.25
"5536","Jalili Fadili",1970,"Morocco",-0.39,-0.62,-0.57,-0.63,-0.75,-0.18,-0.39,-0.21,0.41,0.03,0.43,-0.59,-0.59,-0.74,-0.68,-0.44
"5537","Kacem Slimani",1970,"Morocco",-0.39,0.15,-0.57,-0.63,0.68,-0.05,0.28,0.59,0.37,1.09,1.85,0.39,-0.59,-0.02,0.08,-0.37
"5538","Khanoussi Moulay Idriss",1970,"Morocco",-0.39,-0.26,-0.57,-0.26,0.08,-0.05,-0.73,-0.47,1.41,1.19,1.85,3.61,0.2,-0.74,-1.05,-0.75
"5539","Maouhoub Ghazouani",1970,"Morocco",1.28,1.06,0.82,0.35,0.13,0.32,0.62,1.13,-0.05,-0.51,-0.68,-0.59,-0.59,0.34,1.58,0.11
"5540","Mohammed El Filali",1970,"Morocco",-0.39,-0.22,-0.57,-0.14,0.28,0.51,-0.73,-0.07,-0.11,-0.55,-0.68,-0.59,-0.59,-0.02,-0.68,0.46
"5541","Mohammed Hazzaz",1970,"Morocco",-0.39,-0.62,-0.57,-0.63,-0.5,0.57,-0.73,-1.01,-1.01,-0.99,-0.68,-0.59,-0.59,-1.1,-0.68,-0.89
"5542","Mohammed Houmane Jarir",1970,"Morocco",1.28,1.49,-0.57,0.1,-0.88,-1.05,-0.73,-1.01,-1.01,-0.99,-0.68,-0.59,0.2,-0.02,0.83,-0.75
"5543","Mohammed Mahroufi",1970,"Morocco",-0.39,-0.22,-0.57,0.22,0.63,0.82,0.28,-0.07,1.19,-0.41,0.9,1.21,-0.59,1.42,-0.68,0.01
"5544","Mustafa Choukri",1970,"Morocco",-0.39,-0.62,-0.57,-0.63,-0.98,-0.92,-0.05,-0.61,-1.01,-0.99,-0.68,-0.59,-0.59,-1.1,-1.05,-0.44
"5545","Said Ghandi",1970,"Morocco",-0.39,-0.4,2.92,-0.26,0.26,0.13,-0.05,1.8,-0.37,-0.99,-0.68,-0.59,-0.59,-1.1,0.08,1.4
"5546","Alberto Gallardo",1970,"Peru",2.12,1.4,-0.05,2.94,-0.35,-0.1,0.53,0.69,2,-0.68,-0.68,-0.59,-0.59,0.25,0.08,1.29
"5547","Eladio Reyes",1970,"Peru",-0.39,-0.62,-0.57,-0.35,-1.23,-1.08,-0.73,-0.91,-1.01,-0.8,-0.68,-0.59,-0.59,-0.83,-0.49,-0.71
"5548","Eloy Campos",1970,"Peru",-0.39,-0.51,-0.57,-0.45,-0.71,-0.19,-0.22,-0.41,-0.8,-0.68,-0.32,-0.59,-0.59,0.52,-1.05,-0.89
"5549","Hector Chumpitaz",1970,"Peru",0.87,0.88,-0.57,-0.63,0.61,1.25,0.28,0.39,1.23,3.74,1.81,0.79,1.78,0.25,-0.77,0.49
"5550","Hugo Sotil",1970,"Peru",-0.39,-0.05,-0.57,1.2,0.14,-0.66,2.3,0.79,0.09,-0.62,-0.68,-0.59,-0.59,-0.29,1.2,3.97
"5551","Javier Gonzales",1970,"Peru",-0.39,-0.62,-0.57,-0.63,-1.16,-0.71,-0.47,-0.71,0.97,-0.04,-0.56,-0.59,-0.59,-0.83,-0.49,-0.42
"5552","Jose Fernandez",1970,"Peru",-0.39,-0.62,-0.57,-0.63,-1.27,-0.89,-0.73,-0.91,-0.6,-0.21,0.39,0.36,-0.59,-0.83,-1.05,-0.89
"5553","Julio Baylon",1970,"Peru",-0.39,-0.51,-0.05,-0.26,-0.86,-0.61,0.28,-0.51,-1.01,-0.99,-0.56,-0.59,-0.59,-0.56,-0.49,0.25
"5554","Luis Cruzado",1970,"Peru",-0.39,-0.16,-0.57,-0.45,-0.57,-0.24,-0.73,-0.31,-1.01,-0.99,-0.68,-0.59,-0.59,-1.1,-1.05,0.8
"5555","Luis Rubinos",1970,"Peru",-0.39,-0.62,-0.57,-0.63,0.75,2.52,-0.73,-1.01,-1.01,-0.99,-0.56,-0.59,-0.59,-1.1,-0.49,-0.89
"5556","Nicolas Fuentes",1970,"Peru",-0.39,-0.24,0.48,-0.63,1.29,2.75,-0.47,0.49,2.44,0.65,0.39,-0.12,-0.59,-0.02,-0.21,0.15
"5557","Orlando De La Torre",1970,"Peru",-0.39,-0.62,-0.57,-0.54,-0.1,0.04,-0.47,0.09,1.83,0.79,0.39,2.48,-0.59,0.52,0.36,-0.32
"5558","Oswaldo Ramírez",1970,"Peru",-0.39,-0.62,-0.05,-0.26,-1.27,-1.08,-0.47,-0.71,-1.01,-0.99,-0.68,-0.59,-0.59,-1.1,-1.05,-0.45
"5559","Pedro Gonzalez Zavala",1970,"Peru",-0.39,-0.62,-0.57,-0.63,-0.14,-0.05,-0.73,-0.21,0.13,1.03,-0.2,0.29,-0.59,-1.1,-1.05,-0.6
"5560","Pedro Pablo Leon",1970,"Peru",-0.39,1.05,-0.57,0.83,0.93,-0.24,0.53,0.29,-1.01,-0.99,-0.68,-0.59,-0.59,-0.29,0.92,1.63
"5561","Ramon Mifflin",1970,"Peru",-0.39,0.01,-0.57,-0.45,2.33,1.21,-0.73,0.79,2.08,0.37,-0.32,-0.12,-0.59,-0.02,-0.21,-0.01
"5562","Roberto Challe",1970,"Peru",0.87,0.12,-0.57,0.01,3.82,2.52,0.28,1.7,0.62,-0.44,-0.56,-0.12,-0.59,-0.29,-0.21,1.87
"5563","Teófilo Cubillas",1970,"Peru",5.88,4.9,-0.57,3.3,1.8,0.37,2.05,2.1,-0.24,-0.31,-0.68,-0.59,-0.59,-0.29,0.08,2.85
"5564","Alexandru Neagu",1970,"Romania",1.28,-0.04,-0.57,0.83,-0.7,-1.05,-0.05,0.06,0.4,-0.58,-0.68,-0.59,0.2,1.42,-0.3,0.63
"5565","Cornel Dinu",1970,"Romania",-0.39,-0.11,-0.57,-0.63,0.93,0.94,0.28,0.73,1.44,1.87,1.85,1.03,0.2,1.42,0.45,-0.51
"5566","Emerich Dembrovschi",1970,"Romania",1.28,1.6,0.13,0.96,1.51,-0.11,0.95,2.87,-0.42,0.59,-0.52,-0.59,-0.59,-0.74,-0.3,-0.09
"5567","Florea Dumitrache",1970,"Romania",2.95,4.3,0.82,1.32,-0.4,-0.92,0.28,0.19,-1.01,-0.6,-0.68,-0.59,0.99,2.5,0.08,0.39
"5568","Gheorghe Tataru",1970,"Romania",-0.39,-0.47,0.13,-0.51,-0.73,-0.99,-0.05,0.33,0.21,-0.99,-0.68,-0.59,-0.59,-0.74,-1.05,-0.68
"5569","Lajos Satmareanu",1970,"Romania",-0.39,-0.51,2.92,-0.39,1.54,3.12,0.62,3.4,0.96,0.59,0.74,0.89,-0.59,0.34,0.83,1.47
"5570","Lita Dumitru",1970,"Romania",-0.39,-0.37,0.13,-0.51,1.11,-0.24,-0.05,0.46,1.88,1.3,-0.05,0.08,-0.59,2.14,0.08,0.32
"5571","Mihai Mocanu",1970,"Romania",-0.39,-0.4,0.13,-0.63,0.68,1.32,-0.73,1.4,2.62,0.02,0.74,2.49,0.2,2.14,1.58,-0.79
"5572","Mircea Lucescu",1970,"Romania",-0.39,0.84,0.82,1.2,0.38,-0.55,0.28,1.13,-0.38,-0.99,-0.68,0.08,0.2,1.42,1.95,0.25
"5573","Nicolae Lupescu",1970,"Romania",-0.39,-0.37,-0.57,-0.26,-0.05,0.51,-0.39,-0.34,1.57,-0.11,1.22,0.39,-0.59,0.7,-0.3,-0.54
"5574","Radu Nunweiller",1970,"Romania",-0.39,0.04,-0.57,-0.39,2.94,0.82,0.95,1.13,-0.09,0.09,-0.36,-0.59,1.78,0.34,1.2,0.74
"5575","Rica Raducanu",1970,"Romania",-0.39,-0.62,-0.57,-0.63,-1.13,-0.55,-0.73,-1.01,-1.01,-0.99,-0.2,-0.59,-0.59,-1.1,-1.05,-0.65
"5576","Stearea Adamache",1970,"Romania",-0.39,-0.62,-0.57,-0.63,0.26,0.82,-0.73,-1.01,-1.01,-0.99,-0.52,-0.59,0.2,-1.1,-1.05,-0.89
"5577","Björn Nordqvist",1970,"Sweden",-0.39,-0.47,-0.57,-0.63,0.13,-0.36,-0.39,0.19,-0.3,0.44,-0.05,0.74,-0.59,0.7,-0.68,-0.4
"5578","Bo Larsson",1970,"Sweden",-0.39,0.58,0.82,0.22,0.73,0.51,0.62,1.26,1.92,1.73,-0.05,-0.59,0.2,0.7,1.95,1.29
"5579","Claes Cronqvist",1970,"Sweden",-0.39,-0.62,0.82,-0.39,-0.22,0.13,-0.73,0.73,-0.67,-0.34,0.11,0.19,0.2,-0.38,-1.05,0.08
"5580","Goran Nicklasson",1970,"Sweden",-0.39,-0.11,0.13,-0.39,-1.13,-0.99,-0.73,-0.87,0.28,-0.31,-0.52,-0.59,0.2,-0.38,-0.3,-0.4
"5581","Hans Selander",1970,"Sweden",-0.39,-0.62,0.13,-0.02,0.43,0.69,1.29,1.4,-0.06,1.44,0.27,-0.59,0.99,-0.38,-0.3,0.39
"5582","Inge Ejderstedt",1970,"Sweden",-0.39,-0.62,-0.57,-0.63,-1.33,-1.05,-0.73,-0.61,-1.01,-0.99,-0.68,-0.59,-0.59,-1.1,-0.68,-0.89
"5583","Jan Olsson",1970,"Sweden",-0.39,-0.29,-0.57,-0.63,-0.1,-0.36,-0.39,-0.21,1.38,0.72,1.22,2.6,0.2,-0.74,0.08,-0.47
"5584","Kurt Axelsson",1970,"Sweden",-0.39,-0.62,-0.57,-0.63,0.53,-0.3,-0.05,0.86,0.27,0.46,2.01,1.82,1.78,-0.38,-1.05,-0.58
"5585","Leif Eriksson",1970,"Sweden",-0.39,-0.22,0.13,0.35,-0.85,-0.68,-0.73,-0.74,-0.77,-0.99,-0.52,-0.59,0.99,0.34,0.08,-0.27
"5586","Ove Grahn",1970,"Sweden",1.28,0.62,-0.57,0.59,-1.2,-1.17,-0.73,-1.01,-0.67,-0.34,-0.68,-0.59,0.2,0.34,-0.68,-0.89
"5587","Ove Kindvall",1970,"Sweden",-0.39,1.28,-0.57,1.08,-0.83,-0.8,0.28,-0.34,-1.01,-0.08,-0.68,-0.59,0.2,-0.02,1.95,-0.09
"5588","Roland Grip",1970,"Sweden",-0.39,-0.44,1.52,0.35,1.03,1.69,0.62,2.2,-0.06,-0.08,0.11,-0.59,0.2,0.34,0.45,0.77
"5589","Ronnie Hellström",1970,"Sweden",-0.39,-0.62,-0.57,-0.63,-0.45,-0.24,-0.73,-1.01,-1.01,-0.99,-0.68,-0.59,-0.59,-1.1,-1.05,-0.89
"5590","Sven-Gunnar Larsson",1970,"Sweden",-0.39,-0.62,-0.57,-0.63,-0.15,0.69,-0.73,-1.01,-1.01,-0.76,-0.36,-0.59,0.2,-1.1,-0.3,-0.89
"5591","Tom Turesson",1970,"Sweden",1.28,0.36,0.82,-0.02,-1.08,-0.92,-0.05,-0.87,-0.03,-0.28,-0.68,-0.04,0.2,-0.02,0.08,-0.37
"5592","Tomas Nordahl",1970,"Sweden",-0.39,-0.55,-0.57,-0.51,-0.93,-0.74,-0.05,-0.87,-0.64,0.07,-0.68,-0.59,-0.59,-0.74,-0.68,-0.51
"5593","Tommy Svensson",1970,"Sweden",-0.39,0.33,0.13,-0.14,1.86,0.26,0.28,3.13,2.2,1.28,-0.68,0.19,-0.59,0.7,1.58,0.67
"5594","Örjan Persson",1970,"Sweden",-0.39,-0.29,0.13,0.1,-0.73,-0.8,1.29,0.06,-0.03,-0.05,-0.36,-0.59,-0.59,-0.38,0.45,0.15
"5595","Albert Shesternev",1970,"USSR",-0.39,-0.62,-0.09,-0.54,1.11,1.37,-0.49,0.56,1.31,3.62,2.71,1.36,1.59,-0.1,-0.27,-0.41
"5596","Anatoli Puzach",1970,"USSR",-0.39,0.34,-0.09,-0.04,-0.97,-0.79,-0.26,-0.82,-1.01,-0.83,-0.68,-0.59,-0.59,-0.35,-1.05,-0.41
"5597","Anatoliy Byshovets",1970,"USSR",4.24,1.7,0.39,1.65,-0.64,-0.74,2.53,0.84,-0.69,-0.21,-0.57,-0.19,-0.05,3.88,4.41,0.77
"5598","Anzor Kavazashvili",1970,"USSR",-0.39,-0.62,-0.57,-0.63,0.64,1.93,-0.73,-1.01,-1.01,-0.99,-0.68,-0.59,-0.59,-0.85,-0.53,-0.75
"5599","Evgeny Lovchev",1970,"USSR",-0.39,-0.62,-0.57,-0.63,-0.91,-0.66,-0.73,-0.64,0.26,-0.27,-0.24,-0.59,-0.59,1.39,0.25,-0.89
"5600","Gennadiy Evriuzhikhin",1970,"USSR",-0.39,0.01,1.36,1.56,-0.35,-0.4,0.67,0.19,-0.43,0.87,-0.68,-0.59,-0.05,-0.1,1.03,0.55
"5601","Gennady Logofet",1970,"USSR",-0.39,-0.39,-0.09,-0.29,-0.96,-0.66,-0.73,-0.45,0.29,0.04,-0.13,-0.59,-0.59,-0.1,0.25,-0.75
"5602","Givili Nodia",1970,"USSR",-0.39,-0.62,-0.57,-0.21,-1.32,-1.09,-0.73,-0.92,-1.01,-0.83,-0.68,-0.59,-0.59,-0.35,-0.27,-0.72
"5603","Kakhi Asatiani",1970,"USSR",0.77,0.01,-0.57,-0.29,0.35,-0.35,0.44,0.38,0.39,0.52,-0.68,-0.59,-0.59,0.89,0.25,-0.46
"5604","Murtaz Khurtsilava",1970,"USSR",-0.39,-0.54,-0.57,-0.63,0.12,0.21,0.2,-0.73,0.44,1.05,0.09,0.74,1.59,0.4,-0.53,-0.63
"5605","Nicolai Kiselev",1970,"USSR",-0.39,-0.6,-0.09,-0.29,-0.44,-0.35,-0.03,-0.36,0.13,0,-0.35,0.13,-0.59,-0.85,-0.27,0.31
"5606","Revaz Dzodzuashvilli",1970,"USSR",-0.39,-0.49,-0.57,-0.54,-0.14,0.16,-0.26,-0.18,0.53,1.15,0.31,0.07,-0.05,-0.1,-0.27,-0.84
"5607","Valentin Afonin",1970,"USSR",-0.39,-0.62,0.39,-0.63,0.43,0.9,-0.73,-0.36,1.49,2.36,0.42,1.53,3.24,1.14,-0.53,-0.22
"5608","Viktor Serebrjanikov",1970,"USSR",-0.39,0.14,0.39,-0.12,-0.33,-0.22,-0.49,-0.55,-0.83,-0.52,-0.68,0.13,-0.05,-0.6,0.51,0.55
"5609","Vitali Khmelnitski",1970,"USSR",0.77,0.59,-0.09,1.56,-0.28,-0.57,1.83,1.58,-0.05,-0.48,-0.68,0.31,-0.59,0.4,1.55,0.19
"5610","Vladimir Kaplichny",1970,"USSR",-0.39,-0.62,-0.57,-0.63,-0.63,-0.83,-0.73,-0.92,1.61,0.18,1.07,0.07,2.14,3.63,-0.79,-0.79
"5611","Vladimir Muntian",1970,"USSR",-0.39,1.15,3.29,-0.38,1.41,1.46,1.6,0.93,0.52,1.06,-0.35,0.07,0.5,-0.1,0.51,2.59
"5612","Atilio Ancheta",1970,"Uruguay",-0.39,-0.36,-0.24,1.16,-0.23,-0.02,-0.25,-0.88,0.88,1.32,3.82,0.23,5.02,1.63,-0.7,-0.55
"5613","Castillo Julio Montero",1970,"Uruguay",-0.39,-0.38,0.75,-0.11,1.46,0.3,0.23,-0.19,1.54,1.12,0.15,-0.41,0.9,1.46,0.37,-0.23
"5614","Dagoberto Fontes",1970,"Uruguay",-0.39,-0.29,-0.57,-0.22,-0.38,-0.82,-0.25,-0.63,-0.41,-0.45,-0.38,-0.41,-0.59,0.43,0.73,-0.78
"5615","Ildo Enrique Maneiro",1970,"Uruguay",0.4,0.74,0.42,1.56,0.96,0.3,0.39,0.32,1.42,0.91,-0.6,-0.59,-0.22,0.78,1.62,0.8
"5616","Juan Mujica",1970,"Uruguay",0.4,0.28,3.73,-0.28,1.65,2.75,-0.25,0.13,0.85,0.23,1.04,-0.59,0.53,1.97,0.19,1.62
"5617","Julio Cesar Cortes",1970,"Uruguay",-0.39,0.52,-0.24,0.18,0.7,0.27,0.07,0,0.44,1.46,-0.45,-0.59,-0.59,0.78,-0.16,0.19
"5618","Julio César Araújo Morales",1970,"Uruguay",-0.39,-0.52,0.75,-0.11,-0.91,-0.79,-0.25,-0.63,-0.84,-0.69,-0.68,-0.59,-0.59,-0.25,0.91,0.11
"5619","Julio Losada",1970,"Uruguay",-0.39,-0.31,0.09,-0.05,-1.12,-0.94,0.07,-0.76,-0.27,-0.66,-0.68,-0.59,-0.59,-0.42,0.19,-0.55
"5620","Ladislao Mazurkiewicz",1970,"Uruguay",-0.39,-0.62,-0.57,-0.63,0.24,1.69,-0.73,-1.01,-0.79,-0.92,-0.45,-0.59,-0.22,-0.93,-1.05,-0.89
"5621","Luis Cubilla",1970,"Uruguay",0.4,1.11,2.07,1.85,-0.15,0.04,2.93,0,-0.45,-0.59,-0.6,-0.59,-0.59,1.12,4.64,1.7
"5622","Luis Ubiñas",1970,"Uruguay",-0.39,-0.59,2.07,-0.28,1.8,2.63,0.71,1.27,1.21,1.66,1.04,-0.22,-0.59,2.65,0.55,2.05
"5623","Oscar Zubia",1970,"Uruguay",-0.39,-0.48,-0.24,-0.63,-1.3,-1.06,-0.57,-0.88,-0.42,-0.99,-0.68,-0.14,-0.59,-1.1,-0.52,-0.48
"5624","Roberto Matosas",1970,"Uruguay",-0.39,-0.46,-0.24,-0.63,0.62,0.86,-0.57,-0.44,0.3,2.96,1.49,2.01,0.9,-0.25,0.02,-0.51
"5625","Rúben Bareño",1970,"Uruguay",-0.39,-0.59,0.09,-0.4,-1.31,-1.11,-0.57,-0.88,-0.79,-0.78,-0.68,-0.59,-0.59,-1.1,-0.7,-0.55
"5626","Victor Esparrago",1970,"Uruguay",0.4,0.21,-0.57,1.1,-0.86,-1.03,0.39,-0.69,0.23,-0.64,-0.68,-0.59,-0.59,0.09,0.19,-0.33
"5627","Bernd Patzke",1970,"West Germany",-0.39,-0.54,-0.57,-0.63,-1.12,-0.89,-0.73,-0.83,-0.37,-0.43,0.67,0.54,-0.59,-0.77,-0.54,-0.8
"5628","Berti Vogts",1970,"West Germany",-0.39,0.07,-0.26,-0.08,0.34,0.23,-0.12,0.13,3.85,0.83,1.46,1.31,0.47,2.14,0.64,-0.41
"5629","Franz Beckenbauer",1970,"West Germany",0.36,0.91,-0.57,-0.08,1.63,1.18,2.3,1.28,2.37,1.11,-0.11,1.48,0.12,-0.45,1.15,3.21
"5630","Gerd Müller",1970,"West Germany",7.13,6.14,-0.57,5.4,0.29,-0.78,-0.27,-0.53,-1.01,-0.22,-0.68,-0.59,0.12,-0.45,1.32,1.65
"5631","Hannes Löhr",1970,"West Germany",-0.39,0.3,0.68,0.85,0.04,-0.33,0.18,1.1,-0.64,-0.81,-0.61,-0.18,0.12,-0.29,0.81,1.03
"5632","Helmut Haller",1970,"West Germany",-0.39,-0.62,-0.26,-0.52,-1.21,-0.84,-0.57,-0.65,-1.01,-0.79,-0.68,-0.59,-0.59,-1.1,-1.05,-0.56
"5633","Horst Wolter",1970,"West Germany",-0.39,-0.62,-0.57,-0.63,-1.13,-0.67,-0.73,-1.01,-1.01,-0.86,-0.68,-0.59,-0.59,-1.1,-0.04,-0.89
"5634","Horst-Dieter Hottges",1970,"West Germany",-0.39,-0.55,-0.26,-0.63,-0.64,-0.44,-0.57,-0.83,0.57,0.65,-0.04,0.39,-0.24,-0.13,-0.71,-0.66
"5635","Josef Maier",1970,"West Germany",-0.39,-0.62,-0.57,-0.63,0.35,1.96,-0.73,-1.01,-1.01,-0.99,-0.68,-0.59,0.12,-0.94,-0.71,-0.89
"5636","Jürgen Grabowski",1970,"West Germany",-0.39,0.17,2.57,0.3,-0.18,-0.11,2.75,1.94,-0.26,-0.45,-0.68,-0.59,-0.24,-0.61,-0.04,1.68
"5637","Karl-Heinz Schnellinger",1970,"West Germany",0.36,-0.31,0.06,-0.46,0.36,0.54,-0.73,-0.11,1.23,1.18,1.31,1.98,0.12,-0.13,-0.21,0.19
"5638","Klaus Fichtel",1970,"West Germany",-0.39,-0.62,-0.26,-0.63,0.14,-0.28,-0.42,-0.29,-0.21,1.25,0.46,-0.28,0.12,0.68,-0.04,-0.61
"5639","Max Lorenz",1970,"West Germany",-0.39,-0.55,-0.57,-0.57,-1.41,-1.15,-0.57,-0.95,-0.87,-0.99,-0.46,-0.59,-0.24,-0.61,-1.05,-0.66
"5640","Reinhard Libuda",1970,"West Germany",0.36,-0.44,6.34,-0.08,0.31,0.28,2.75,3.44,-0.09,-0.69,-0.68,-0.59,-0.59,-0.13,0.13,3.04
"5641","Siegfried Held",1970,"West Germany",-0.39,-0.28,0.68,-0.24,-0.53,-0.22,1.09,0.31,-0.79,-0.58,-0.68,-0.59,-0.59,-0.77,0.64,0.89
"5642","Uwe Seeler",1970,"West Germany",1.87,2.33,0.06,4.64,0.5,-0.42,-0.27,0.07,0.55,0.78,-0.18,0.21,5.1,0.2,0.81,0.53
"5643","Willi Schulz",1970,"West Germany",-0.39,-0.62,-0.26,-0.63,-0.42,-0.02,-0.73,-0.59,1.16,0.24,-0.11,0.79,-0.24,0.52,-0.54,-0.06
"5644","Wolfgang Overath",1970,"West Germany",0.36,0.76,0.68,-0.24,3.26,1.68,0.48,1.58,0.13,1.19,-0.46,-0.18,-0.59,0.2,0.47,0.81
"5645","Wolfgang Weber",1970,"West Germany",-0.39,-0.62,-0.57,-0.63,-1.08,-1.06,-0.73,-0.89,-0.66,-0.66,0.1,-0.28,-0.24,-0.94,-0.54,-0.89
"5646","Alberto Gonzalez",1966,"Argentina",-0.39,-0.09,-0.19,-0.42,2.2,0.26,2.02,3.72,1.47,1.5,-0.6,-0.62,0.2,2.06,1.47,0.16
"5647","Antonio Rattin",1966,"Argentina",-0.39,-0.24,-0.62,-0.51,0.88,-0.08,0.06,-0.75,-0.21,0.24,-0.15,1.92,-0.2,1.46,-0.76,-0.48
"5648","Antonio Roma",1966,"Argentina",-0.39,-0.63,-0.62,-0.67,1.53,2.14,-0.77,-1.09,-1.1,-1.01,-0.42,-0.62,0.2,-1.21,-0.2,-0.93
"5649","Ermindo Onega",1966,"Argentina",0.93,2.24,0.24,0.88,2.57,1.22,2.58,2.94,-0.04,0.06,-0.42,-0.62,-0.6,-0.02,0.64,1.86
"5650","Jorge Salari",1966,"Argentina",-0.39,-0.37,-0.19,-0.26,2.1,-0.08,2.3,1.82,0.93,0.91,-0.24,-0.23,-0.6,2.65,2.03,0.55
"5651","Luis Artime",1966,"Argentina",3.56,1.86,-0.62,1.62,-0.66,-0.95,0.62,-0.86,-0.95,-0.47,-0.69,-0.62,-0.2,-0.02,1.47,0.48
"5652","Oscar Calics",1966,"Argentina",-0.39,-0.63,-0.62,-0.67,-1.34,-1.24,-0.77,-0.64,-0.95,-0.77,0.12,-0.62,-0.2,-0.91,-1.04,-0.77
"5653","Oscar Más",1966,"Argentina",-0.39,0.32,-0.62,0.31,-0.03,-0.81,0.62,0.93,0.31,0.09,-0.6,-0.23,-0.2,2.06,1.75,-0.11
"5654","Rafael Albrecht",1966,"Argentina",-0.39,-0.63,-0.62,-0.67,-0.34,-0.42,-0.5,-0.53,0.09,0.34,1.3,0.37,0.2,0.27,0.08,-0.41
"5655","Roberto Ferreiro",1966,"Argentina",-0.39,-0.47,-0.19,-0.42,1.14,1.37,0.62,0.26,0.95,2.54,0.66,-0.62,-0.6,-0.32,2.03,-0.45
"5656","Roberto Perfumo",1966,"Argentina",-0.39,-0.63,-0.62,-0.67,-0.19,-0.56,0.06,-0.86,-0.02,0.78,2.92,1.74,-0.2,-0.32,-0.2,-0.87
"5657","Silvio Marzolini",1966,"Argentina",-0.39,-0.47,-0.62,-0.18,2.18,2.33,0.62,1.93,0.6,1.81,0.75,-0.62,0.59,0.57,-0.48,-0.36
"5658","Alcindo Alcindo",1966,"Brazil",-0.39,1.15,-0.62,0.96,-1,-1.19,-0.03,-0.79,-0.76,-0.69,-0.69,-0.62,-0.6,-1.21,-0.67,-0.35
"5659","Altair Altair",1966,"Brazil",-0.39,-0.63,-0.62,-0.67,-0.19,-0.36,-0.77,-0.04,1.16,0.98,0.87,-0.62,-0.07,0.37,-0.3,-0.93
"5660","António dos Santos Lima",1966,"Brazil",-0.39,-0.11,-0.62,-0.67,2.41,1.7,0.71,0.85,1.99,0.78,-0.45,0.41,-0.6,2.36,0.08,1.05
"5661","Brito",1966,"Brazil",-0.39,-0.63,-0.62,-0.45,-1.24,-0.87,-0.77,-1.09,-1.1,-1.01,-0.21,0.43,0.46,-0.82,-1.04,-0.63
"5662","Denílson",1966,"Brazil",-0.39,-0.39,-0.62,-0.67,1.43,-0.1,-0.4,0.4,0.87,0.26,-0.69,-0.62,-0.6,1.96,-1.04,-0.45
"5663","Djalma Santos",1966,"Brazil",-0.39,-0.56,-0.05,-0.67,0.94,1.25,-0.77,0.85,0.68,-0.1,0.39,0.29,-0.6,-0.42,-0.3,-0.29
"5664","Fidelis",1966,"Brazil",-0.39,-0.63,0.52,-0.67,-0.63,0.42,-0.4,-0.49,0.51,-0.37,-0.21,0.43,-0.07,-1.21,-1.04,-0.23
"5665","Garrincha",1966,"Brazil",1.37,0.3,1.09,-0.12,-0.66,-0.87,2.58,0.11,-0.36,-0.73,-0.69,-0.62,-0.6,-0.42,0.82,0.26
"5666","Gérson",1966,"Brazil",-0.39,-0.59,-0.62,-0.45,-0.11,-0.03,-0.4,-0.94,-1.1,1.22,-0.45,0.29,-0.6,-1.21,-1.04,-0.51
"5667","Jairzinho",1966,"Brazil",-0.39,1.15,-0.05,2.93,0.88,-0.36,3.69,0.85,2.99,0.53,-0.69,-0.62,-0.07,1.96,1.94,2.57
"5668","Luiz Ballini",1966,"Brazil",-0.39,-0.63,-0.62,-0.67,-0.6,-0.42,-0.77,-0.64,-0.36,1.33,1.48,1.2,-0.07,-0.82,-0.3,-0.93
"5669","Manga",1966,"Brazil",-0.39,-0.63,-0.62,-0.67,-1.24,-0.68,-0.77,-1.09,-1.1,-1.01,-0.69,-0.62,-0.6,-1.21,-1.04,-0.93
"5670","Parana de Barros Ademir",1966,"Brazil",-0.39,-0.56,0.52,-0.23,-1.06,-0.74,1.09,1.15,-0.3,-1.01,-0.69,-0.62,-0.6,0.37,0.45,0.96
"5671","Paulo Henrique",1966,"Brazil",-0.39,-0.63,-0.62,-0.67,0.88,0.93,-0.4,0.11,0.33,3.03,0.75,-0.62,-0.07,0.37,0.08,-0.93
"5672","Pecanha de Carvalho Orlando",1966,"Brazil",-0.39,-0.63,-0.62,-0.67,-0.95,-1,-0.4,-0.94,-0.7,-0.04,-0.45,-0.62,0.46,-1.21,-1.04,-0.93
"5673","Pelé",1966,"Brazil",1.37,0.36,-0.62,1.18,-0.19,-0.16,2.2,-0.49,1.25,-0.38,-0.57,-0.62,-0.6,1.17,2.68,2.06
"5674","Rildo",1966,"Brazil",1.37,-0.42,0.52,-0.12,-0.16,0.22,-0.4,-0.64,-0.7,-0.69,-0.69,0.43,-0.6,-0.42,-0.67,0.32
"5675","Santos Neves Gilmar",1966,"Brazil",-0.39,-0.63,-0.62,-0.67,-0.4,0.42,-0.77,-1.09,-1.1,-1.01,-0.45,-0.62,-0.6,-1.21,-1.04,-0.93
"5676","Silva Silva",1966,"Brazil",-0.39,0.81,-0.62,1.4,-0.83,-1.13,-0.4,-0.79,-1.1,-0.69,-0.69,-0.62,0.99,-0.02,-0.67,0.23
"5677","Tostao",1966,"Brazil",1.37,0.19,0.52,-0.34,-0.19,-0.61,-0.03,-0.04,-0.76,0.38,-0.69,-0.62,-0.07,-1.21,-0.67,0.26
"5678","Alexander Shalamanov",1966,"Bulgaria",-0.39,-0.56,-0.62,-0.56,0.07,0.87,1.46,0.11,1.07,-0.44,0.03,-0.62,-0.6,-1.21,1.94,-0.93
"5679","Boris Gaganelov",1966,"Bulgaria",-0.39,-0.59,-0.05,-0.67,0.44,0.8,-0.03,0.4,1.35,-0.65,0.27,-0.03,-0.6,-0.42,-0.3,-0.39
"5680","Dimitar Largov",1966,"Bulgaria",-0.39,-0.63,-0.62,-0.67,-0.8,-0.23,-0.77,-0.64,-0.65,-0.65,0.15,-0.03,-0.6,-0.42,-1.04,-0.78
"5681","Dimitar Penev",1966,"Bulgaria",-0.39,-0.39,-0.05,-0.56,0.13,0.03,-0.77,-0.64,0.28,0.6,3.16,1.75,-0.07,-0.82,-0.67,-0.26
"5682","Dimitar Yakimov",1966,"Bulgaria",-0.39,0.26,-0.62,-0.23,2.56,0.74,4.81,2.64,0.21,-0.55,-0.69,-0.62,-0.6,-0.42,1.94,2.06
"5683","Dinko Dermendjiev",1966,"Bulgaria",-0.39,0.16,-0.05,0.42,-0.4,0.03,0.34,0.7,-0.72,-1.01,-0.69,-0.62,-0.6,-0.42,-0.67,1.17
"5684","Dobromir Zhechev",1966,"Bulgaria",-0.39,-0.42,-0.62,-0.45,0.53,0.61,1.09,1.15,1.82,0.3,0.03,0.38,-0.6,1.96,0.82,-0.54
"5685","Georgi Asparukhov",1966,"Bulgaria",1.37,1.15,-0.62,2.16,0.01,-0.42,2.58,0.26,-0.69,-0.86,-0.69,-0.62,3.1,-0.02,1.94,3
"5686","Georgi Naydenov",1966,"Bulgaria",-0.39,-0.63,-0.62,-0.67,-0.8,0.35,-0.77,-1.09,-1.1,-1.01,-0.69,-0.62,-0.6,-1.21,-1.04,-0.78
"5687","Ivan Davidov",1966,"Bulgaria",-0.39,-0.52,1.09,-0.34,-0.66,-0.36,-0.03,-0.49,-0.42,-1.01,-0.33,-0.03,-0.6,-0.02,-0.67,-0.23
"5688","Ivan Kolev",1966,"Bulgaria",-0.39,-0.22,-0.05,-0.12,-0.19,0.16,-0.03,0.26,-0.69,-0.37,-0.69,-0.62,-0.6,3.94,1.19,-0.35
"5689","Ivan Vutsov",1966,"Bulgaria",-0.39,-0.63,-0.62,-0.67,-0.43,-0.48,-0.77,-0.79,-0.71,-0.86,1.36,2.43,-0.6,-0.82,-1.04,-0.93
"5690","Nikola Kotkov",1966,"Bulgaria",-0.39,0.06,-0.05,-0.02,-0.22,-0.23,-0.03,0.4,-0.88,-0.33,-0.69,-0.62,-0.6,0.37,-0.3,0.93
"5691","Petar Zhekov",1966,"Bulgaria",-0.39,0.91,-0.62,0.42,-1.24,-0.93,-0.4,-0.79,-0.62,-0.62,-0.69,-0.62,-0.07,-0.42,0.08,-0.6
"5692","Simeon Simeonov",1966,"Bulgaria",-0.39,-0.63,-0.62,-0.67,-1.09,-0.42,-0.77,-1.09,-1.1,-1.01,-0.69,-0.62,-0.6,-1.21,-1.04,-0.93
"5693","Stoian Kitov",1966,"Bulgaria",-0.39,-0.63,-0.62,-0.56,0.04,-0.81,-0.4,-0.79,-0.91,-0.86,-0.69,-0.62,-0.6,-0.02,-0.67,-0.66
"5694","Alberto Fouilloux",1966,"Chile",-0.39,-0.18,-0.05,0.75,0.1,-0.55,0.34,0.11,-0.76,-0.73,-0.69,-0.62,-0.6,-1.21,0.08,0.38
"5695","Alberto Valentini",1966,"Chile",-0.39,-0.42,-0.05,-0.56,0.76,1.19,-0.03,-0.19,1.59,-0.46,0.51,0.43,-0.07,-0.02,0.08,-0.45
"5696","Armando Tobar",1966,"Chile",-0.39,-0.63,-0.62,-0.12,-1.24,-1.13,-0.77,-0.34,-1.1,-1.01,-0.57,-0.62,-0.6,-0.82,0.08,-0.6
"5697","Elias Figueroa",1966,"Chile",-0.39,-0.63,-0.62,-0.56,0.13,0.03,-0.77,-1.09,0.54,4.26,2.68,4.43,0.99,0.37,-1.04,-0.78
"5698","Guillermo Yavar",1966,"Chile",-0.39,-0.08,-0.05,-0.02,-0.63,-1.06,-0.77,-0.64,-0.7,-1.01,-0.57,0.43,-0.6,-1.21,-0.67,-0.75
"5699","Honorino Landa",1966,"Chile",-0.39,2.07,-0.62,1.4,0.27,-0.87,2.2,0.4,-1.1,-0.46,-0.57,-0.62,-0.07,0.37,0.45,1.2
"5700","Hugo Villanueva",1966,"Chile",-0.39,-0.39,-0.05,-0.67,1.28,1.96,-0.77,1,1.23,2.06,0.39,0.43,-0.07,1.56,-0.67,-0.69
"5701","Humberto Cruz",1966,"Chile",-0.39,-0.59,-0.62,-0.67,0.42,0.48,-0.4,-0.79,0.48,0.58,1.24,0.53,0.46,1.56,-0.67,-0.63
"5702","Ignacio Prieto",1966,"Chile",-0.39,-0.11,-0.62,0.2,1.6,0.42,1.46,2.79,1.93,0.42,-0.33,0.29,-0.6,0.37,0.08,0.32
"5703","Juan Segundo Olivares Marambio",1966,"Chile",-0.39,-0.63,-0.62,-0.67,0.7,2.41,-0.77,-1.09,-1.1,-0.66,-0.69,-0.62,-0.6,-1.21,-1.04,-0.93
"5704","Leonel Sánchez",1966,"Chile",-0.39,1.28,2.23,0.31,1.08,1.19,2.2,0.11,-0.01,-0.73,-0.69,-0.62,-0.6,-0.02,3.06,2.12
"5705","Luis Eyzaguirre",1966,"Chile",-0.39,-0.56,-0.62,-0.67,-0.31,-0.23,-0.4,-0.19,-0.22,-0.66,-0.45,0.53,-0.6,-1.21,-0.67,-0.93
"5706","Pedro Araya",1966,"Chile",-0.39,-0.28,1.66,0.86,0.56,0.29,0.71,0.26,2.81,0.26,-0.69,-0.62,-0.6,-0.42,1.57,0.84
"5707","Rubén Marcos",1966,"Chile",3.12,3.4,-0.05,0.53,2.5,1.06,-0.4,0.7,2.11,1.16,-0.21,0.29,-0.07,3.15,0.82,1.17
"5708","Alan Ball",1966,"England",-0.39,-0.48,1,-0.1,0.59,0.14,2.22,2.23,0.37,-0.66,-0.63,-0.62,-0.35,1.6,1.61,0.41
"5709","Bobby Charlton",1966,"England",2.11,1.35,2.62,0.05,1.64,0.26,1.34,3.08,0.44,-0.21,-0.41,-0.03,0.15,-0.27,0.02,1.45
"5710","Bobby Moore",1966,"England",-0.39,-0.38,-0.35,-0.41,2.37,1.97,-0.07,1.17,0.17,1.12,1.42,1.41,1.15,1.79,-0.34,0.03
"5711","Geoff Hurst",1966,"England",2.94,0.96,-0.62,1.81,-0.75,-0.96,0.11,-0.17,-0.79,-0.7,-0.63,-0.62,1.4,-0.27,-0.51,-0.11
"5712","George Cohen",1966,"England",-0.39,-0.59,1.54,-0.67,0.12,0.47,-0.6,-0.38,0.43,-0.04,0.62,0.42,-0.1,-0.09,0.02,0.19
"5713","Gordon Banks",1966,"England",-0.39,-0.63,-0.62,-0.67,0.37,2.06,-0.77,-1.09,-1.1,-1.01,-0.69,-0.62,-0.6,-1.21,-1.04,-0.83
"5714","Ian Callaghan",1966,"England",-0.39,-0.51,0.73,-0.62,-1.39,-0.9,-0.77,-0.66,-0.99,-0.74,-0.69,-0.62,-0.6,-0.84,-0.86,-0.25
"5715","Jack Charlton",1966,"England",-0.39,0.1,-0.62,1.03,-0.43,-0.26,-0.07,-0.45,0.61,0.55,3.24,1.87,5.65,1.23,-1.04,-0.31
"5716","Jimmy Greaves",1966,"England",-0.39,-0.04,1,0.93,-0.87,-0.78,0.28,0.33,-1.1,-0.56,-0.63,-0.62,-0.6,-0.46,-0.51,0.57
"5717","John Connelly",1966,"England",-0.39,-0.59,-0.35,-0.46,-1.55,-1.32,-0.77,-0.59,-0.99,-0.92,-0.69,-0.62,-0.6,-0.84,-0.86,-0.59
"5718","Martin Peters",1966,"England",0.45,1.25,0.73,1.19,0.3,-0.29,0.11,0.75,0.22,0.78,0.16,0.33,1.4,1.04,-0.69,0.63
"5719","Nobby Stiles",1966,"England",-0.39,-0.4,-0.35,0.1,0.49,-0.29,-0.25,-0.03,0.87,0.72,0.28,2.04,0.4,1.42,0.37,-0.37
"5720","Ray Wilson",1966,"England",-0.39,-0.63,1.54,-0.36,1.46,1.17,-0.42,0.19,-0.2,0.16,0.45,1.33,0.15,-0.09,-0.69,0.66
"5721","Roger Hunt",1966,"England",2.11,1.15,-0.35,1.6,-0.64,-0.96,0.11,0.26,-0.22,-0.85,-0.41,-0.62,-0.1,0.29,0.72,0.31
"5722","Terry Paine",1966,"England",-0.39,-0.32,0.46,-0.1,-1.42,-0.84,0.28,-0.52,-1.1,-0.92,-0.69,-0.62,-0.6,-0.46,-0.86,0.25
"5723","Bernard Bosquier",1966,"France",-0.39,0.02,-0.05,-0.23,0.85,0.93,-0.4,-0.49,1.04,0.87,0.27,-0.62,0.46,0.37,0.08,0.99
"5724","Gabriel De Michéle",1966,"France",-0.39,-0.63,-0.62,-0.67,-1.15,-0.48,-0.77,-0.94,0.68,1,0.75,0.32,-0.6,0.37,-1.04,-0.9
"5725","Gerard Hausser",1966,"France",1.37,1.39,1.09,1.07,0.85,0.03,1.83,2.79,0.03,0.54,-0.57,-0.62,-0.07,-0.42,0.45,1.6
"5726","Héctor de Bourgoing",1966,"France",1.37,2.55,-0.62,-0.34,-0.66,-0.61,-0.4,-0.49,-0.68,-1.01,-0.69,-0.62,-0.6,-0.42,0.08,-0.39
"5727","Jacques Simon",1966,"France",-0.39,0.33,-0.62,-0.23,0.21,-0.23,-0.03,-0.34,-0.76,-0.73,-0.33,-0.62,-0.07,0.37,-0.67,-0.51
"5728","Jean Djorkaeff",1966,"France",-0.39,-0.46,-0.05,-0.67,1.49,3.05,-0.4,0.26,1.96,2.94,1.11,-0.62,-0.07,-1.21,-0.3,-0.6
"5729","Joseph Bonnel",1966,"France",-0.39,-0.39,-0.62,-0.02,1.78,0.54,1.83,0.7,2.8,-0.05,-0.33,0.28,0.46,0.77,1.19,-0.29
"5730","Marcel Artelesa",1966,"France",-0.39,-0.63,-0.05,-0.67,0.13,-0.03,-0.77,-0.94,2.66,0.41,1.24,2.35,-0.07,1.56,0.08,-0.75
"5731","Marcel Aubour",1966,"France",-0.39,-0.63,-0.62,-0.67,0.1,2.02,-0.77,-1.09,-1.1,-1.01,-0.21,-0.62,-0.6,-1.21,-1.04,-0.93
"5732","Nestor Combin",1966,"France",-0.39,-0.25,0.52,-0.23,-0.45,-0.29,-0.03,1,-1.1,-0.15,-0.57,-0.62,-0.6,-0.42,-0.67,0.74
"5733","Philippe Gondet",1966,"France",-0.39,0.36,-0.62,1.29,0.13,-0.68,2.58,1.9,0.74,-0.38,-0.69,0.5,0.46,0.37,3.06,1.11
"5734","Robert Budzinski",1966,"France",-0.39,-0.18,-0.05,-0.12,0.97,1.12,-0.77,0.26,1.59,1.14,2.08,-0.62,0.99,1.56,0.82,-0.26
"5735","Robert Herbin",1966,"France",-0.39,0.12,-0.62,1.29,0.13,-1.06,-0.4,-0.34,0.31,-0.44,-0.69,-0.62,0.46,-0.82,-0.67,0.16
"5736","Yves Herbet",1966,"France",-0.39,0.02,1.09,0.2,0.47,-0.1,0.71,1,0.01,0.78,-0.45,-0.62,0.99,0.37,0.45,0.47
"5737","Antal Szentmihályi",1966,"Hungary",-0.39,-0.63,-0.62,-0.67,-1.06,-0.32,-0.77,-1.09,-1.1,-1.01,-0.69,-0.62,-0.6,-1.21,-0.2,-0.93
"5738","Benö Káposzta",1966,"Hungary",-0.39,-0.19,2.8,-0.42,2.31,4.55,-0.5,0.81,1.66,1.13,-0.06,0.74,-0.2,1.17,0.36,1.03
"5739","Ferenc Bene",1966,"Hungary",4.87,2.37,2.8,3.42,-0.1,-0.42,0.9,0.14,0.52,-0.45,-0.69,-0.62,-0.6,0.87,0.36,2.48
"5740","Ferenc Sipos",1966,"Hungary",-0.39,-0.11,-0.62,-0.26,1.31,0.79,0.06,1.04,1.54,1.39,0.12,0.54,0.2,-0.02,-0.76,0.07
"5741","Flórián Albert",1966,"Hungary",-0.39,2.62,-0.62,3.33,0.88,-0.47,2.58,1.37,0.85,-0.12,-0.69,-0.62,1.38,-0.32,2.31,1.49
"5742","Gusztáv Szepesi",1966,"Hungary",-0.39,-0.14,0.24,-0.1,0.84,1.08,-0.5,0.48,1.43,0.34,0.57,-0.62,-0.2,0.87,-0.2,-0.48
"5743","Gyula Rákosi",1966,"Hungary",-0.39,0.22,5.8,0.72,0.57,0.79,0.9,1.6,0.49,-0.5,-0.69,-0.62,-0.2,0.57,2.59,2.93
"5744","Imre Mathesz",1966,"Hungary",-0.39,-0.5,0.24,-0.18,-0.21,-0.23,-0.77,-0.53,-0.3,0.49,-0.51,-0.16,-0.6,-0.02,-0.48,0.46
"5745","István Nagy",1966,"Hungary",-0.39,-0.29,0.67,0.07,-0.43,-0.42,-0.5,0.26,-0.19,-0.01,-0.69,-0.62,-0.6,1.17,0.64,0.85
"5746","János Farkas",1966,"Hungary",0.93,1.96,1.52,1.78,0.34,-0.03,0.62,-0.3,-0.34,-0.13,-0.69,-0.62,-0.2,-0.02,0.36,2.04
"5747","József Gelei",1966,"Hungary",-0.39,-0.6,-0.62,-0.67,-0.08,1.12,-0.77,-1.09,-1.1,-1.01,-0.42,-0.62,-0.6,-1.21,-0.76,-0.93
"5748","Kálmán Mészöly",1966,"Hungary",2.24,2.83,-0.19,0.07,0.64,0.88,-0.5,0.7,1.36,0.62,0.93,1.14,1.38,1.76,0.08,0.71
"5749","Kálmán Sovari",1966,"Hungary",-0.39,-0.63,-0.62,-0.67,-1.12,-0.9,-0.77,-0.3,-0.42,-0.28,-0.51,-0.62,-0.6,-0.32,-1.04,-0.93
"5750","Sándor Mátrai",1966,"Hungary",-0.39,-0.63,-0.19,-0.67,0.4,0.69,-0.77,-0.19,2.28,1.36,1.75,3.73,0.2,0.87,-0.76,-0.57
"5751","Alessandro Mazzola",1966,"Italy",1.37,1.49,3.37,3.14,0.42,0.54,0.34,0.11,0.07,-0.9,-0.69,-0.62,2.04,0.37,3.8,4.65
"5752","Alessandro Salvadore",1966,"Italy",-0.39,-0.63,-0.62,-0.67,-0.77,-0.42,-0.77,-0.49,0.12,-0.67,1.6,3,-0.6,-0.02,-1.04,-0.84
"5753","Aristide Guarneri",1966,"Italy",-0.39,-0.63,-0.62,-0.67,-1.18,-0.87,-0.77,-0.94,-1.1,0.55,0.27,2.45,0.46,-0.82,-1.04,-0.93
"5754","Enrico Albertosi",1966,"Italy",-0.39,-0.63,-0.62,-0.67,0.97,2.41,-0.77,-1.09,-1.1,-1.01,-0.69,-0.62,-0.6,-1.21,-0.67,-0.93
"5755","Ezio Pascutti",1966,"Italy",-0.39,0.7,-0.05,-0.12,-1.44,-0.87,-0.77,-0.94,-1.1,-1.01,-0.57,-0.62,-0.6,-0.82,-0.3,-0.48
"5756","Francesco Janich",1966,"Italy",-0.39,-0.63,-0.62,-0.67,-0.8,-0.42,-0.77,-0.79,1.24,1.18,0.63,4.5,-0.6,-0.82,0.08,-0.93
"5757","Giacinto Facchetti",1966,"Italy",-0.39,-0.01,-0.05,-0.12,-0.08,0.35,-0.77,-0.34,0.2,-0.47,0.87,-0.62,0.99,-0.02,0.45,-0.35
"5758","Giacomo Bulgarelli",1966,"Italy",-0.39,0.43,-0.05,0.75,0.3,0.42,0.34,-0.04,0.8,-0.3,-0.57,1.27,-0.6,1.96,2.31,0.87
"5759","Gianfranco Leoncini",1966,"Italy",-0.39,-0.52,-0.62,-0.67,-1.12,-0.93,-0.03,-0.94,-0.44,-0.13,-0.69,-0.62,-0.6,0.37,-0.67,-0.93
"5760","Gianni Rivera",1966,"Italy",-0.39,0.02,3.37,0.42,0.59,0.48,0.71,1.45,0.1,-0.16,-0.57,-0.62,-0.6,0.37,-1.04,4.04
"5761","Giovanni Lodetti",1966,"Italy",-0.39,-0.28,-0.05,-0.45,-0.37,-0.48,-0.4,-0.34,-0.24,-0.44,-0.33,-0.05,-0.6,-0.42,0.82,-0.57
"5762","Luigi Meroni",1966,"Italy",-0.39,-0.35,-0.62,-0.12,-1.35,-0.87,-0.4,-0.49,-0.89,-1.01,-0.69,-0.62,-0.6,1.17,0.45,-0.51
"5763","Marino Perani",1966,"Italy",-0.39,2.92,1.66,1.95,-0.02,-0.16,-0.77,0.26,-0.96,-0.39,-0.57,-0.62,-0.6,-0.42,0.08,1.78
"5764","Paolo Barison",1966,"Italy",1.37,1.52,-0.62,3.14,-0.95,-0.87,-0.03,1,-0.18,-0.27,-0.69,-0.62,2.04,0.77,-1.04,0.04
"5765","Roberto Rosato",1966,"Italy",-0.39,-0.49,-0.62,-0.67,-0.74,-0.55,-0.77,0.11,0.92,-0.26,0.75,-0.25,-0.07,1.17,-0.67,-0.6
"5766","Romano Fogli",1966,"Italy",-0.39,-0.01,0.52,-0.12,-0.54,0.22,-0.4,-0.19,-1.1,0.55,-0.57,2.45,-0.07,-1.21,-0.3,0.62
"5767","Spartaco Landini",1966,"Italy",-0.39,-0.63,-0.62,-0.34,-0.74,-0.1,-0.4,-0.49,0.85,-0.07,-0.45,-0.62,-0.07,-0.82,-0.67,-0.63
"5768","Tarcisio Burgnich",1966,"Italy",-0.39,-0.32,-0.62,-0.02,-0.54,0.22,-0.4,-0.64,1.28,-0.38,0.75,1.11,0.46,0.77,0.82,-0.57
"5769","Aaron Padilla Gutiérrez",1966,"Mexico",-0.39,-0.63,2.8,-0.34,1.02,0.03,-0.4,0.55,0.26,0.86,-0.45,-0.62,-0.6,0.37,2.68,1.17
"5770","Antonio Carbajal",1966,"Mexico",-0.39,-0.63,-0.62,-0.67,-0.86,-0.48,-0.77,-1.09,-1.1,-1.01,-0.69,-0.62,-0.6,-1.21,-0.3,-0.87
"5771","Arturo Chaires",1966,"Mexico",-0.39,-0.18,1.66,-0.12,2.18,2.99,-0.03,1.6,0.68,-0.44,0.15,0.31,0.46,-0.82,0.08,0.62
"5772","Enrique David Borja García",1966,"Mexico",1.37,2.44,-0.05,2.38,-0.37,-0.87,0.34,-0.64,0.36,-0.73,-0.69,0.92,0.46,0.77,0.45,0.38
"5773","Ernesto Cisneros Salcedo",1966,"Mexico",-0.39,0.53,-0.05,0.75,-1.24,-1.19,-0.77,-0.79,-1.1,-0.78,-0.69,-0.62,-0.6,-1.21,-1.04,-0.26
"5774","Gabriel Nunez",1966,"Mexico",-0.39,-0.56,-0.62,-0.67,0.3,0.48,-0.77,-0.79,0.28,0.86,2.08,2.01,0.46,1.17,-0.67,-0.84
"5775","Guillermo Hernández",1966,"Mexico",-0.39,-0.35,-0.05,-0.56,2.18,2.47,-0.03,1,3.5,0.1,0.99,-0.62,-0.6,0.37,1.19,-0.26
"5776","Gustavo Pena",1966,"Mexico",-0.39,-0.63,-0.62,-0.67,-0.22,-0.36,-0.4,-0.49,0.67,1.19,2.32,3.2,0.46,1.17,0.08,-0.35
"5777","Ignacio Calderón",1966,"Mexico",-0.39,-0.63,-0.62,-0.67,-0.48,-0.36,-0.77,-1.09,-1.1,-1.01,-0.69,-0.62,-0.6,-1.21,-1.04,-0.93
"5778","Ignacio Jáuregui",1966,"Mexico",-0.39,-0.28,-0.62,-0.45,-0.25,-1.19,-0.03,-0.64,-1.1,-0.73,-0.33,-0.62,-0.6,-1.21,0.08,-0.69
"5779","Isidoro Díaz",1966,"Mexico",-0.39,-0.42,1.09,-0.56,1.78,1.45,-0.4,-0.49,-0.52,-0.03,-0.57,-0.03,-0.6,-0.02,-0.3,1.2
"5780","Javier Fragoso",1966,"Mexico",-0.39,-0.42,-0.62,-0.02,-1.12,-1.19,-0.77,-0.79,-0.88,-1.01,-0.69,-0.62,-0.07,-0.42,0.45,-0.39
"5781","Jesus del Muro",1966,"Mexico",-0.39,-0.63,-0.62,-0.67,-1.35,-1.26,-0.77,-1.09,-0.75,-1.01,0.27,0.31,-0.6,-1.21,-1.04,-0.93
"5782","Magdaleno Mercado",1966,"Mexico",-0.39,-0.46,1.09,-0.56,0.36,-0.16,-0.4,-0.49,0.45,-0.6,-0.09,-0.62,-0.07,0.37,0.08,-0.2
"5783","Salvador Reyes",1966,"Mexico",-0.39,0.36,-0.62,0.42,1.49,-0.68,-0.03,0.7,-0.52,0.11,-0.45,-0.62,0.99,-0.42,0.45,0.44
"5784","Bong-Chil Kang",1966,"North Korea",-0.39,-0.63,-0.62,-0.67,-1.51,-1.14,-0.77,-1.09,-0.9,-0.85,-0.06,0.44,-0.6,-0.32,-0.76,-0.93
"5785","Bong-Hwan Kim",1966,"North Korea",-0.39,-0.17,-0.62,-0.02,-1.45,-1.29,-0.77,-0.97,-1.1,-1.01,-0.69,-0.62,-0.2,-1.21,-1.04,-0.64
"5786","Bong-Zin Han",1966,"North Korea",-0.39,-0.11,-0.19,1.37,-0.06,-0.08,1.46,0.26,-0.35,-0.45,-0.6,-0.62,0.2,0.57,0.64,1.1
"5787","Chan-Myong Li",1966,"North Korea",-0.39,-0.63,-0.62,-0.67,0.51,2.19,-0.77,-1.09,-1.1,-0.92,-0.51,-0.62,-0.6,-1.21,-0.48,-0.93
"5788","Dong-Woon Li",1966,"North Korea",0.93,0.35,-0.62,0.31,-0.9,-1.24,-0.77,-0.97,-0.93,-1.01,-0.6,-0.62,-0.2,-0.91,-0.76,-0.25
"5789","Doo-Ik Pak",1966,"North Korea",0.93,1.52,-0.19,1.13,0.73,-0.47,1.18,0.7,0.19,-0.4,-0.51,-0.62,-0.2,0.57,2.31,1.63
"5790","Li-Sup Pak",1966,"North Korea",-0.39,-0.63,-0.62,-0.59,-0.06,0.5,-0.77,-0.86,0.59,-0.08,0.21,0.31,0.2,-0.02,-0.48,-0.77
"5791","Ryong-Woon Kang",1966,"North Korea",-0.39,-0.63,-0.62,-0.51,-1.38,-1.29,-0.5,-0.86,-1.1,-1.01,-0.69,-0.62,-0.6,-0.91,-0.2,-0.75
"5792","Seung-Hwi Im",1966,"North Korea",-0.39,0.37,-0.62,-0.67,0.57,0.54,0.06,0.48,0.13,0.38,-0.6,0.84,-0.6,-0.02,0.08,0.1
"5793","Seung-Il Kim",1966,"North Korea",-0.39,-0.52,-0.19,-0.42,-1.03,-0.76,0.06,-0.3,-0.73,-0.87,-0.69,-0.62,-0.6,-0.91,-0.2,-0.2
"5794","Seung-Kook Yang",1966,"North Korea",0.93,0.4,0.67,0.88,-0.86,-0.61,1.74,0.37,-0.96,-0.45,-0.42,-0.62,-0.6,0.87,-0.48,0.55
"5795","Seung-Zin Pak",1966,"North Korea",2.24,0.63,-0.19,-0.18,0.79,1.32,0.34,0.48,0.35,0.53,-0.24,0.14,-0.2,0.27,3.99,0.94
"5796","Yoon-Kyung Oh",1966,"North Korea",-0.39,-0.52,-0.19,-0.59,-0.27,0.06,-0.22,-0.3,1.18,0.92,1.66,0.14,0.2,0.57,-0.76,-0.8
"5797","Yung-Kyoo Shin",1966,"North Korea",-0.39,-0.17,-0.62,-0.67,0.23,0.93,0.06,-0.19,1.24,1.29,4.91,2.77,2.17,-0.32,0.36,-0.73
"5798","Yung-Won Ha",1966,"North Korea",-0.39,-0.6,-0.62,-0.67,-0.92,-0.52,-0.5,-0.86,-0.84,-0.28,1.11,-0.24,1.78,-0.32,0.36,-0.41
"5799","Zoong-Sun Lim",1966,"North Korea",-0.39,-0.27,-0.62,-0.67,0.05,0.88,-0.77,-0.41,0.42,0.01,3.1,-0.31,0.99,1.46,0.36,-0.93
"5800","Alberto Festa",1966,"Portugal",-0.39,-0.56,0.24,-0.67,0.27,1.12,-0.22,1,0.33,-0.08,0.03,0.46,0.2,-1.01,-0.85,-0.42
"5801","Antonio Simoes",1966,"Portugal",0.49,0.11,4.51,0.26,1.39,1.25,0.9,2.04,0.53,0.31,-0.69,-0.62,-0.33,-0.22,0.64,3.29
"5802","Eusébio",1966,"Portugal",7.5,8.6,3.94,2.87,1.63,-0.26,5.56,2.34,0.7,-0.12,-0.63,-0.62,0.46,-0.42,2.5,1.78
"5803","Germano",1966,"Portugal",-0.39,-0.63,-0.62,-0.67,-1.63,-1.19,-0.77,-1.09,-0.89,-0.5,-0.21,-0.07,-0.6,-0.22,-1.04,-0.93
"5804","Hilário Conceicao",1966,"Portugal",-0.39,-0.57,0.24,-0.67,1.14,1.8,-0.77,-0.71,1.91,3.09,1.42,-0.62,0.2,1.96,-0.11,-0.6
"5805","Jaime Graca",1966,"Portugal",-0.39,-0.18,0.81,-0.07,2.25,0.9,0.53,1.9,1.19,1.29,-0.57,0.53,0.46,-0.02,0.45,0.45
"5806","Joao Morais",1966,"Portugal",-0.39,-0.56,-0.33,-0.51,-0.44,0.09,-0.03,-0.71,-0.1,-0.22,-0.27,-0.39,-0.6,-0.62,-0.3,-0.75
"5807","Joaquim Carvalho",1966,"Portugal",-0.39,-0.63,-0.62,-0.67,-1.27,-0.9,-0.77,-1.09,-1.1,-1.01,-0.63,-0.62,-0.6,-1.21,-0.85,-0.93
"5808","Jose Alexandre Baptista",1966,"Portugal",-0.39,-0.63,-0.62,-0.67,-0.45,-0.29,-0.77,-0.71,0.08,1.17,1.6,4.04,1.25,-1.21,-0.85,-0.87
"5809","Jose Augusto",1966,"Portugal",2.24,0.59,1.09,0.69,1.63,1.12,0.9,0.93,1.26,1.62,-0.45,-0.62,-0.33,-0.22,1.38,1.49
"5810","Jose Pereira",1966,"Portugal",-0.39,-0.63,-0.62,-0.67,0.1,1.12,-0.77,-1.09,-0.89,-1.01,-0.39,-0.62,-0.33,-1.01,-0.67,-0.93
"5811","José Carlos",1966,"Portugal",-0.39,-0.63,-0.62,-0.67,-1.22,-1.03,-0.77,-1.09,-0.16,-0.4,0.03,-0.09,-0.07,-0.22,-1.04,-0.93
"5812","José Torres",1966,"Portugal",2.24,2.05,-0.62,6.79,0.57,-0.65,-0.03,-0.56,-0.14,-0.26,-0.57,-0.62,10.22,1.36,0.26,1.46
"5813","Mario Coluna",1966,"Portugal",-0.39,-0.05,0.81,-0.07,1.04,0.32,2.02,1.22,1.84,2.26,0.33,-0.15,0.72,0.57,0.64,-0.03
"5814","Vicente Lucas",1966,"Portugal",-0.39,-0.51,-0.62,-0.62,-0.85,-0.58,-0.77,-0.94,-0.2,0.68,1.36,1.69,0.46,-0.22,-1.04,-0.93
"5815","Adelardo Rodriguez",1966,"Spain",-0.39,-0.49,0.52,-0.67,-0.57,-0.55,0.34,0.7,-0.73,-0.11,-0.57,-0.62,-0.07,-0.02,0.82,0.16
"5816","Amancio Amaro Varela",1966,"Spain",1.37,0.26,0.52,1.29,-0.57,-0.93,0.34,0.11,-0.73,0.1,-0.57,-0.62,-0.6,-0.02,0.08,0.5
"5817","Carlos Lapetra",1966,"Spain",-0.39,-0.63,2.23,-0.12,-0.63,-0.61,-0.77,-0.64,-1.1,-1.01,-0.69,-0.62,-0.6,-0.82,-0.67,0.38
"5818","Francisaco Gallego",1966,"Spain",-0.39,-0.63,-0.62,-0.45,0.07,-0.48,-0.77,-0.34,1.38,1.92,2.8,1.35,-0.07,1.56,-0.67,-0.93
"5819","Francisco Gento",1966,"Spain",-0.39,-0.15,2.8,0.64,-0.11,-0.03,-0.03,2.04,-0.77,-0.8,-0.69,-0.62,-0.6,-0.82,0.08,1.69
"5820","Ignacio Zoco",1966,"Spain",-0.39,-0.35,-0.62,-0.45,1.49,0.35,0.34,1.9,1.8,3.49,2.32,1.99,-0.07,2.36,-0.3,-0.63
"5821","Jesus Glaria Jordan",1966,"Spain",-0.39,-0.49,-0.62,-0.67,-1.12,-1.26,-0.77,-0.34,0.03,0.8,0.27,0.37,-0.6,0.77,-1.04,-0.75
"5822","Joaquin Peiró Lucas",1966,"Spain",-0.39,-0.18,-0.62,1.51,-0.63,-0.93,-0.03,0.7,-0.51,-0.33,-0.69,0.25,-0.07,-1.21,-0.3,0.19
"5823","Jose Angel Iribar",1966,"Spain",-0.39,-0.63,-0.62,-0.67,0.88,2.93,-0.77,-1.09,-1.1,-0.71,-0.69,-0.62,-0.07,-1.21,-1.04,-0.93
"5824","Jose Armando Ufarte",1966,"Spain",-0.39,-0.25,-0.62,-0.34,-1.09,-1,-0.03,-0.19,-0.44,-0.74,-0.69,-0.62,-0.6,-1.21,1.19,-0.93
"5825","Jose Martinez Pirri",1966,"Spain",1.37,1.28,-0.62,1.18,0.68,-0.74,0.71,0.11,-0.51,0.62,-0.57,0.06,-0.07,-0.02,-0.67,-0.11
"5826","José Maria Fusté",1966,"Spain",1.37,0.12,-0.62,-0.02,-0.71,-0.81,-0.4,0.11,-0.35,-1.01,-0.69,-0.62,-0.07,0.37,-1.04,-0.08
"5827","Luis Del Sol",1966,"Spain",-0.39,-0.22,-0.05,-0.67,1.46,0.48,0.71,3.09,0.79,1.25,-0.09,1.12,-0.6,-0.02,0.82,0.9
"5828","Luisito",1966,"Spain",-0.39,0.3,-0.05,0.2,0.04,0.48,0.71,0.55,0.48,0.09,-0.45,-0.62,-0.6,-0.02,1.19,-0.02
"5829","Manuel Sanchís",1966,"Spain",1.37,0.67,-0.05,-0.12,0.68,1.96,1.09,0.11,1.91,3.26,0.39,0.25,-0.07,-0.02,-0.3,0.26
"5830","Marcelino Martinez",1966,"Spain",-0.39,0.09,0.52,0.64,-0.95,-1.06,-0.77,-0.79,-1.1,-1.01,-0.69,-0.62,0.46,-0.02,-0.3,0.59
"5831","Severino Reija",1966,"Spain",-0.39,-0.56,-0.05,-0.02,0.44,1.12,1.09,0.4,-0.58,2.28,0.51,-0.62,1.51,-0.42,-0.3,0.29
"5832","Silvestre Graells Eladio",1966,"Spain",-0.39,-0.63,-0.62,-0.67,-0.98,-0.55,-0.77,-0.49,-0.77,-0.74,0.03,-0.62,-0.07,-0.82,-1.04,-0.87
"5833","André Grobéty",1966,"Switzerland",-0.39,-0.63,-0.62,-0.34,-0.89,-0.61,-0.4,-0.49,-0.09,0,-0.57,0.04,-0.6,-1.21,-1.04,-0.75
"5834","Ely Tacchella",1966,"Switzerland",-0.39,-0.56,-0.62,-0.67,-1.12,-1,-0.77,0.11,-1.1,-0.2,0.03,-0.62,0.46,-0.42,-1.04,-0.93
"5835","Fritz Künzli",1966,"Switzerland",-0.39,-0.22,-0.05,0.09,-0.57,-1.26,-0.77,-0.64,-0.47,-0.7,-0.69,-0.62,-0.6,1.56,0.08,-0.48
"5836","Hansruedi Fuhrer",1966,"Switzerland",-0.39,-0.35,-0.05,-0.45,1.98,2.41,0.34,2.94,2.47,3,0.39,-0.62,-0.07,2.36,0.08,0.16
"5837","Heinz Bäni",1966,"Switzerland",-0.39,-0.63,1.09,-0.56,2.3,0.8,-0.77,2.34,0.24,3.32,0.03,0.04,-0.07,-0.02,0.08,0.35
"5838","Heinz Schneiter",1966,"Switzerland",-0.39,-0.56,-0.62,-0.67,-0.98,-0.74,-0.77,-0.94,-0.85,-0.2,0.27,0.7,-0.07,-0.42,-1.04,-0.93
"5839","Jean-Claude Schindelholz",1966,"Switzerland",-0.39,-0.42,-0.05,-0.56,-1.21,-0.87,-0.4,-0.34,-0.85,-1.01,-0.69,-0.62,-0.07,-1.21,0.45,0.13
"5840","Karl Elsener",1966,"Switzerland",-0.39,-0.63,-0.62,-0.67,0.59,1.9,-0.77,-1.09,-1.1,-0.75,-0.69,-0.62,-0.07,-1.21,-0.67,-0.93
"5841","Karl Odermatt",1966,"Switzerland",-0.39,-0.59,-0.62,-0.34,-1.32,-1.13,-0.77,-0.34,-0.6,-0.81,-0.69,-0.62,-0.07,-0.42,-1.04,-0.6
"5842","Koebi Kuhn",1966,"Switzerland",-0.39,-0.18,0.52,-0.23,0.88,-0.42,0.34,0.11,-0.78,-0.44,-0.69,-0.62,-0.07,-0.82,-0.67,-0.02
"5843","Kurt Armbruster",1966,"Switzerland",-0.39,-0.63,-0.62,-0.23,0.59,-0.55,0.71,0.4,2.75,0.07,0.15,1.08,0.46,-0.42,-0.3,-0.72
"5844","Léo Eichmann",1966,"Switzerland",-0.39,-0.63,-0.62,-0.67,-0.77,-0.36,-0.77,-1.09,-1.1,-0.7,-0.69,-0.62,-0.6,-1.21,-1.04,-0.93
"5845","René Brodmann",1966,"Switzerland",-0.39,-0.46,-0.62,-0.67,0.04,0.22,-0.77,0.11,0.69,1.56,0.75,1.39,-0.07,-0.82,0.08,-0.93
"5846","René-Pierre Quentin",1966,"Switzerland",1.37,0.09,-0.05,0.2,-0.4,-0.68,0.34,0.4,-0.4,-0.14,-0.69,0.38,-0.6,-1.21,0.08,1.02
"5847","Richard Dürr",1966,"Switzerland",-0.39,-0.42,-0.62,-0.67,-0.22,-0.81,-0.77,0.11,0.66,-0.4,-0.21,0.04,-0.6,-0.42,-1.04,-0.81
"5848","Robert Hosp",1966,"Switzerland",-0.39,0.94,-0.62,0.86,1.54,-0.68,0.71,2.04,0.75,-0.29,-0.57,-0.62,-0.07,1.56,0.82,1.32
"5849","Vittore Gottardi",1966,"Switzerland",-0.39,-0.35,1.09,0.96,-0.16,-0.61,-0.4,-0.49,-0.34,-0.44,-0.69,-0.62,-0.6,1.17,-0.67,0.04
"5850","Werner Leimgruber",1966,"Switzerland",-0.39,-0.63,-0.62,-0.67,-1.03,-1.06,-0.03,-0.19,-0.46,-0.49,0.03,1.08,0.46,-0.42,-0.67,-0.93
"5851","Xavier Stierli",1966,"Switzerland",-0.39,-0.63,-0.62,-0.67,0.21,0.16,-0.77,0.4,1.08,1.35,0.03,0.38,-0.07,-0.02,-0.67,-0.57
"5852","Albert Shesternev",1966,"USSR",-0.39,-0.59,-0.62,-0.67,-0.73,-0.39,-0.22,-1.09,-0.31,-0.05,2.5,2.17,0.46,-0.22,-0.11,-0.93
"5853","Aleksey Korneev",1966,"USSR",-0.39,-0.63,-0.62,-0.67,-1.22,-1,-0.59,-1.01,-0.33,-0.7,0.33,-0.62,-0.33,-0.42,-0.67,-0.93
"5854","Anatoliy Banishevskiy",1966,"USSR",1.37,1.42,-0.33,2.33,-0.48,-1.06,0.71,0.11,-0.54,-0.71,-0.63,-0.62,0.46,-0.02,0.45,0.99
"5855","Anzor Kavazashvili",1966,"USSR",-0.39,-0.63,-0.62,-0.67,-1.22,-0.42,-0.77,-1.09,-1.1,-1.01,-0.57,-0.62,-0.6,-1.21,-0.85,-0.8
"5856","Eduard Malofeev",1966,"USSR",1.37,2.14,-0.05,1.56,-0.27,-0.74,0.53,0.55,-0.68,-0.47,-0.63,-0.62,-0.07,0.18,1.75,0.97
"5857","Eduard Markarov",1966,"USSR",-0.39,-0.54,-0.33,-0.51,-1.34,-1.22,-0.77,-1.01,-1.01,-0.79,-0.69,-0.62,-0.6,-1.21,-0.85,-0.6
"5858","Galimzian Khusainov",1966,"USSR",-0.39,0.89,1.38,0.42,-0.15,0.32,-0.03,-0.49,-0.13,-0.13,-0.09,-0.45,-0.33,1.56,0.45,0.65
"5859","Georgij Sichinava",1966,"USSR",-0.39,-0.47,-0.05,-0.56,-0.73,-0.55,-0.59,-0.79,-0.48,-0.45,-0.57,-0.21,0.72,0.37,-1.04,-0.61
"5860","Igor Chislenko",1966,"USSR",1.37,0.67,1.66,0.42,-0.38,0.06,1.09,0.26,-0.5,-0.83,-0.39,-0.45,-0.33,0.37,1.57,1.78
"5861","Josif Sabo",1966,"USSR",-0.39,0.14,0.24,-0.29,0.34,0.74,-0.22,-0.04,-0.18,0.76,0.21,0.15,0.46,1.76,0.45,0.29
"5862","Leonid Ostrovski",1966,"USSR",-0.39,-0.63,-0.62,-0.67,-1.22,-0.58,-0.77,-0.64,0.16,-0.32,-0.03,-0.62,-0.6,-0.62,-0.85,-0.8
"5863","Lev Yashin",1966,"USSR",-0.39,-0.63,-0.62,-0.67,-0.25,1,-0.77,-1.09,-1.1,-1.01,-0.51,-0.62,-0.33,-1.21,-0.67,-0.93
"5864","Murtaz Khurtsilava",1966,"USSR",-0.39,-0.54,-0.62,-0.67,-1.06,-0.74,-0.77,-0.86,-0.2,0.37,0.27,0.5,0.99,0.57,-0.67,-0.9
"5865","Slava Metreveli",1966,"USSR",-0.39,-0.15,0.24,-0.02,-1.06,-0.84,0.34,0.11,-0.81,-0.79,-0.69,-0.62,-0.07,-0.82,0.08,-0.49
"5866","Valentin Afonin",1966,"USSR",-0.39,-0.59,-0.62,-0.67,-1.34,-1.13,-0.77,-1.01,-1.01,-0.5,-0.51,-0.38,-0.6,-0.42,-0.85,-0.87
"5867","Valeri Porkujan",1966,"USSR",3.12,1.15,0.24,0.37,-1.11,-0.9,-0.59,-0.49,-0.79,-1.01,-0.51,-0.45,-0.6,-0.22,-0.3,-0.14
"5868","Valeri Voronin",1966,"USSR",-0.39,-0.18,-0.62,-0.51,0.34,-0.07,-0.4,-0.27,0.48,-0.27,0.21,-0.33,0.99,0.97,-0.48,-0.66
"5869","Vasili Danilov",1966,"USSR",-0.39,-0.59,-0.62,-0.67,-0.73,-0.42,-0.4,-0.12,0.63,-0.22,0.15,-0.16,-0.07,0.18,0.08,-0.84
"5870","Victor Getmanov",1966,"USSR",-0.39,-0.63,-0.62,-0.67,-1.48,-1.19,-0.77,-1.01,-0.92,-0.86,-0.39,-0.62,-0.6,-0.82,-1.04,-0.93
"5871","Viktor Serebrjanikov",1966,"USSR",-0.39,-0.17,-0.33,-0.34,-0.96,-0.87,-0.22,-1.01,-0.57,-0.52,-0.63,-0.62,0.46,-0.42,-0.48,-0.34
"5872","Vladimir Ponomarev",1966,"USSR",-0.39,-0.59,1.09,-0.67,-0.12,0.16,-0.59,-0.79,0.63,1.25,1.3,0.97,-0.33,0.37,-0.3,0.09
"5873","Domingo Pérez",1966,"Uruguay",-0.39,-0.22,2.8,1.54,0.01,-0.28,0.62,0.93,-0.99,-0.37,-0.6,-0.62,-0.2,0.87,1.47,2.29
"5874","Horacio Troche",1966,"Uruguay",-0.39,-0.6,-0.62,-0.67,-0.66,-0.37,-0.22,-0.53,0.14,0.36,4.64,1.43,0.59,-0.91,-0.2,-0.82
"5875","Héctor Salva",1966,"Uruguay",-0.39,-0.47,0.67,-0.67,-1.14,-0.95,-0.77,-0.3,-1.1,-1.01,-0.69,-0.62,-0.6,-0.62,-0.48,-0.25
"5876","Héctor Silva",1966,"Uruguay",-0.39,-0.09,-0.19,-0.1,-1.19,-1.19,-0.5,-0.3,-0.85,-0.81,-0.6,-0.62,-0.6,0.87,-0.76,-0.32
"5877","Jorge Manicera",1966,"Uruguay",-0.39,-0.57,-0.62,-0.67,-0.12,0.06,0.34,-0.75,0.1,1.29,2.92,0.52,-0.2,-0.02,0.36,-0.22
"5878","José Sasía",1966,"Uruguay",-0.39,0.86,-0.62,1.29,-0.66,-0.71,0.9,-0.08,-0.99,-0.84,-0.6,-0.62,0.99,-0.02,0.08,0.76
"5879","Julio Cesar Cortes",1966,"Uruguay",0.93,1.27,1.95,0.15,0.16,0.21,0.06,0.26,-0.08,-0.59,-0.24,-0.62,0.2,0.87,1.47,0.94
"5880","Ladislao Mazurkiewicz",1966,"Uruguay",-0.39,-0.63,-0.62,-0.67,0.4,1.17,-0.77,-1.09,-1.1,-1.01,-0.51,-0.62,-0.6,-1.21,-0.48,-0.93
"5881","Luis Ubiñas",1966,"Uruguay",-0.39,-0.45,0.67,-0.34,0.97,1.9,1.18,2.04,0.93,0.9,1.02,0.04,0.2,2.06,-0.2,0.42
"5882","Milton Viera",1966,"Uruguay",-0.39,-0.22,-0.62,-0.51,0.29,-0.66,-0.22,0.14,0.32,-0.11,-0.42,-0.62,-0.6,2.06,-0.48,0.16
"5883","Néstor Gonçalves",1966,"Uruguay",-0.39,-0.32,-0.19,-0.51,0.9,0.35,0.34,0.37,1.27,0.83,3.01,1.16,1.38,-0.02,1.75,-0.39
"5884","Omar Caetano",1966,"Uruguay",-0.39,-0.55,-0.62,-0.51,0.42,0.74,-0.77,0.59,0.13,0.09,0.75,-0.16,-0.2,-0.62,-0.2,-0.8
"5885","Pedro Virglio Rocha Franchetti",1966,"Uruguay",0.93,1.5,-0.62,1.37,1.07,-0.52,2.3,0.59,0.1,-0.13,-0.42,-0.62,-0.6,0.57,0.36,0.55
"5886","Albert Brulls",1966,"West Germany",-0.39,-0.56,-0.08,-0.62,-0.76,-0.41,0.11,-0.1,-0.55,-0.5,-0.69,-0.62,-0.6,-1.02,-0.51,-0.7
"5887","Franz Beckenbauer",1966,"West Germany",2.94,1.78,-0.35,0.26,0.74,0.38,2.05,1.39,1.17,0.68,0.28,1.47,-0.1,0.67,0.02,1.52
"5888","Friedel Lutz",1966,"West Germany",-0.39,-0.63,-0.62,-0.67,-1.55,-1.11,-0.77,-1.09,-1.1,-0.47,-0.52,-0.18,-0.6,-0.84,-0.86,-0.93
"5889","Hans Tilkowski",1966,"West Germany",-0.39,-0.63,-0.62,-0.67,0.68,1.78,-0.77,-1.09,-1.1,-1.01,-0.58,-0.62,-0.1,-1.21,-0.34,-0.88
"5890","Helmut Haller",1966,"West Germany",4.6,2.07,0.19,0.83,0.94,0.63,1.87,1.1,-0.03,0.18,-0.63,-0.31,-0.1,0.1,1.25,0.57
"5891","Horst-Dieter Hottges",1966,"West Germany",-0.39,-0.53,-0.35,-0.62,-0.09,0.5,-0.6,-0.17,0.1,0.78,0.96,0.94,-0.1,0.48,0.19,-0.73
"5892","Karl-Heinz Schnellinger",1966,"West Germany",-0.39,-0.43,-0.35,-0.46,1.04,1.27,-0.6,-0.17,1.03,1.72,1.02,0.92,2.9,0.67,0.55,0.4
"5893","Lothar Emmerich",1966,"West Germany",0.45,0.36,0.73,0.72,-0.21,-0.07,-0.25,-0.24,-0.4,-0.52,-0.52,-0.62,0.15,-0.65,0.55,1.16
"5894","Siegfried Held",1966,"West Germany",0.45,1.18,2.62,1.86,0.45,0.05,1.69,2.94,-0.7,-0.54,-0.69,-0.18,-0.1,-0.09,1.43,2.98
"5895","Uwe Seeler",1966,"West Germany",1.28,3.01,-0.08,4.34,0.04,-0.65,-0.42,-0.03,-0.68,-0.01,-0.63,-0.26,2.9,-0.09,2.14,0.38
"5896","Werner Krämer",1966,"West Germany",-0.39,-0.63,0.46,-0.51,-1.53,-1.11,-0.6,-0.73,-1.1,-0.85,-0.69,-0.62,-0.6,-1.21,-0.34,-0.17
"5897","Willi Schulz",1966,"West Germany",-0.39,-0.63,-0.35,-0.67,0.49,0.41,-0.77,-0.66,1.48,0.7,2.45,3.12,0.15,0.1,-0.51,-0.6
"5898","Wolfgang Overath",1966,"West Germany",-0.39,-0.12,0.73,0.05,1.82,0.87,0.11,0.26,1.64,1.49,-0.46,-0.62,-0.35,1.6,0.55,0.41
"5899","Wolfgang Weber",1966,"West Germany",0.45,-0.16,-0.62,-0.41,-0.55,-0.41,-0.6,-0.52,0.17,1.77,2.05,0.46,1.65,-0.09,1.25,-0.86
