"","X","player","season","team","goals_z","xg_z","crosses_z","boxtouches_z","passes_z","progpasses_z","takeons_z","progruns_z","tackles_z","interceptions_z","clearances_z","blocks_z","aerials_z","fouls_z","fouled_z","nsxg_z","off","offplus"
"1",1,"Cristian Pavón",2018,"Argentina",-0.42,-0.55,0.08,-0.24,-0.61,-0.72,-0.05,0.15,0.3,-0.79,-0.8,-0.45,-0.23,-0.38,-0.91,-0.58,-0.57,-0.135
"2",2,"Eduardo Salvio",2018,"Argentina",-0.42,-0.5,-0.51,0.64,0.02,-0.46,-0.05,0.48,0.61,0.67,0.32,-0.45,0.21,-1.11,0.68,-0.03,0.02,-0.135
"3",3,"Enzo Pérez",2018,"Argentina",-0.42,0.11,-0.51,-0.69,0.27,-0.65,-0.36,-0.34,0.35,-0.22,-0.8,-0.45,-0.89,0.72,0.04,-0.66,-0.99,-0.465
"4",4,"Federico Fazio",2018,"Argentina",-0.42,-0.59,-0.51,-0.69,-0.97,-0.91,-0.67,-0.84,-0.82,-0.79,-0.64,-0.45,0.21,-1.11,-0.59,-0.77,-1.75,-0.7325
"5",5,"Franco Armani",2018,"Argentina",-0.42,-0.59,-0.51,-0.8,-0.67,0.64,-0.67,-0.67,-0.82,-0.79,-0.64,-0.45,-0.89,-1.11,-0.91,-0.77,-0.03,-0.3025
"6",6,"Gabriel Mercado",2018,"Argentina",1.3,-0.3,0.08,-0.35,1,-0.2,-0.36,0.15,1.43,0.79,0.64,0.73,-0.01,1.81,0.68,-0.47,-0.05,-0.0825
"7",7,"Gonzalo Higuaín",2018,"Argentina",-0.42,0.25,-0.51,-0.02,-0.77,-1.1,-0.36,-0.67,-0.82,-0.79,-0.64,-0.45,-0.67,-0.38,-0.59,-0.31,-1.77,-0.66
"8",8,"Javier Mascherano",2018,"Argentina",-0.42,-0.52,-0.51,-0.8,3.25,0.51,0.26,1.63,3.71,2.75,0.8,-0.45,-0.01,4.37,1.32,-0.31,2.14,0.4725
"9",9,"Lionel Messi",2018,"Argentina",1.3,3.08,0.66,1.3,1.17,0.32,6.76,2.12,2.15,-0.79,-0.8,-0.45,-0.89,0.35,4.49,4.55,2.44,2.465
"10",10,"Lucas Biglia",2018,"Argentina",-0.42,-0.5,-0.51,-0.35,-0.58,-0.91,-0.67,-0.84,-0.11,-0.79,-0.8,-0.45,-0.45,-1.11,-0.59,-0.69,-1.75,-0.7325
"11",11,"Marcos Acuña",2018,"Argentina",-0.42,-0.55,0.08,-0.69,-0.83,-0.85,-0.36,-0.84,-0.31,-0.79,-0.48,0.73,-0.67,-0.74,0.04,-0.5,-1.69,-0.4925
"12",12,"Marcos Rojo",2018,"Argentina",1.3,-0.17,0.08,-0.02,0.87,0.19,-0.36,1.46,0.49,1.79,1.44,1.19,1.53,-0.01,-0.27,-0.44,1.65,0.3425
"13",13,"Maximiliano Meza",2018,"Argentina",-0.42,0.07,1.24,1.3,0.04,-0.78,0.57,1.3,0.25,-0.27,-0.48,-0.45,-0.67,-0.01,1.32,1.27,0.52,0.5825
"14",14,"Nicolás Otamendi",2018,"Argentina",-0.42,-0.28,-0.51,0.42,2.51,0.96,-0.67,3.76,2.9,3.48,2.88,2.37,3.95,-0.01,0.68,-0.47,4.72,0.885
"15",15,"Nicolás Tagliafico",2018,"Argentina",-0.42,-0.37,-0.51,-0.02,1.5,0.51,-0.05,0.15,0.77,0.79,0.48,0.73,0.21,1.08,1.32,-0.55,0.66,0.025
"16",16,"Sergio Agüero",2018,"Argentina",3.02,0.62,-0.51,1.52,-0.54,-0.97,0.26,-0.67,1.32,-0.27,-0.8,-0.45,-0.67,-1.11,-0.59,-0.28,-1.64,-0.4725
"17",17,"Wilfredo Caballero",2018,"Argentina",-0.42,-0.59,-0.51,-0.8,-0.75,-0.26,-0.67,-0.84,-0.82,-0.79,-0.48,-0.45,-0.89,-1.11,-0.91,-0.77,-1.1,-0.57
"18",18,"Ángel Di María",2018,"Argentina",1.3,-0.19,1.24,0.53,-0.39,-0.59,0.26,0.97,-0.82,-0.12,-0.8,-0.45,-0.67,-0.74,1.32,0.8,0.38,0.47
"19",19,"Éver Banega",2018,"Argentina",-0.42,-0.39,0.66,-0.35,1.37,0.9,0.88,1.79,2.94,0.55,-0.48,-0.45,-0.89,-0.01,0.04,1.4,2.69,1.0575
"20",20,"Aaron Mooy",2018,"Australia",-0.42,-0.27,7.26,-0.8,1.91,0.53,0.98,-0.18,-0.28,0.45,1.12,-0.45,-0.6,0.84,-0.49,3.09,0.35,2.1475
"21",21,"Andrew Nabbout",2018,"Australia",-0.42,-0.59,-0.51,-0.35,-1,-1.1,-0.26,-0.18,-0.82,-0.79,-0.8,-0.45,0.57,-0.62,-0.49,-0.66,-1.28,-0.5125
"22",22,"Aziz Behich",2018,"Australia",-0.42,-0.3,1.05,0.09,1.66,0.96,0.16,0.91,0.39,-0.07,0.26,-0.45,-0.89,0.84,-0.06,0.55,1.87,0.77
"23",23,"Daniel Arzani",2018,"Australia",-0.42,-0.38,0.27,-0.35,-0.93,-1.02,-0.26,0.48,-0.82,-0.79,-0.8,0.32,-0.89,-0.62,-0.49,-0.08,-0.54,-0.1325
"24",24,"Jackson Irvine",2018,"Australia",-0.42,-0.59,0.27,-0.5,-1.1,-1.02,-0.26,-0.84,0.22,-0.07,-0.8,-0.45,-0.89,-1.11,-0.49,-0.37,-1.86,-0.4625
"25",25,"Joshua Risdon",2018,"Australia",-0.42,-0.47,-0.51,-0.06,0.97,2.51,0.98,0.26,3.57,0.82,1.97,-0.45,-0.6,0.84,-0.49,-0.55,2.77,0.81
"26",26,"Mark Milligan",2018,"Australia",-0.42,-0.59,-0.51,-0.8,3.13,3.12,-0.67,0.91,0.94,0.66,2.4,-0.45,-0.01,0.35,-0.91,-0.15,4.03,0.7125
"27",27,"Mathew Leckie",2018,"Australia",-0.42,1.26,0.27,3.91,-0.18,-0.41,0.98,0.91,-0.82,-0.45,1.12,-0.45,3.8,1.81,1.21,0.88,0.5,0.4375
"28",28,"Mathew Ryan",2018,"Australia",-0.42,-0.59,-0.51,-0.8,0.78,2.6,-0.67,-0.84,-0.82,-0.79,-0.38,-0.45,-0.6,-1.11,-0.91,-0.77,1.76,0.145
"29",29,"Mile Jedinak",2018,"Australia",4.17,4.51,0.27,0.23,1.56,0.36,0.16,-0.4,1.14,1,-0.38,0.32,2.04,1.81,-0.06,-0.15,-0.04,0.0975
"30",30,"Robbie Kruse",2018,"Australia",-0.42,-0.27,-0.51,0.82,-0.45,-0.67,-0.26,-0.4,0.52,-0.79,-0.59,-0.45,-0.6,-0.14,2.48,-0.63,-1.07,-0.46
"31",31,"Tim Cahill",2018,"Australia",-0.42,-0.21,-0.51,0.23,-1.17,-1.02,-0.67,-0.84,-0.82,-0.79,-0.8,-0.45,-0.01,-0.14,-0.49,-0.74,-1.86,-0.76
"32",32,"Tom Rogic",2018,"Australia",-0.42,0.11,-0.51,-0.65,-0.27,-0.59,3.04,0.48,-0.28,-0.07,-0.8,-0.45,-0.01,0.35,0.79,0.81,-0.11,0.605
"33",33,"Tomi Juric",2018,"Australia",-0.42,-0.59,-0.51,-0.5,-1.04,-0.85,-0.67,-0.84,-0.82,-0.79,-0.59,-0.45,0.57,-1.11,-0.49,-0.7,-1.69,-0.7175
"34",34,"Trent Sainsbury",2018,"Australia",-0.42,-0.06,-0.51,0.68,1.98,2.86,-0.67,0.26,-0.12,2.61,2.4,-0.45,2.04,-0.14,0.36,-0.19,3.12,0.485
"35",35,"Adnan Januzaj",2018,"Belgium",0.57,-0.43,-0.17,-0.48,-1.15,-0.96,-0.14,-0.37,-0.82,-0.54,-0.8,-0.45,-0.89,-0.9,-0.73,-0.29,-1.33,-0.41
"36",36,"Axel Witsel",2018,"Belgium",-0.42,-0.34,-0.17,-0.61,1.31,-0.33,0.39,-0.37,-0.07,0.82,-0.44,0.34,-0.14,0.77,0.73,-0.38,-0.7,-0.12
"37",37,"Dedryck Boyata",2018,"Belgium",-0.42,-0.59,-0.51,-0.67,0.25,-0.22,-0.67,-0.65,-0.82,-0.01,0.48,0.61,0.36,-0.27,-0.55,-0.77,-0.87,-0.5125
"38",38,"Dries Mertens",2018,"Belgium",0.57,-0.24,0.82,0.84,-0.47,-0.51,-0.32,-0.55,-0.61,-0.23,-0.8,-0.45,-0.89,-0.27,-0.18,1.27,-1.06,-0.14
"39",39,"Eden Hazard",2018,"Belgium",2.53,3.05,-0.17,2.55,0.55,0.67,6.41,3.19,0.51,0.23,-0.71,-0.45,-0.14,0.14,3.99,3.31,3.86,2.525
"40",40,"Jan Vertonghen",2018,"Belgium",0.57,-0.56,-0.17,-0.23,1.26,1.37,-0.32,-0.46,0.97,0.75,0.66,0.59,0.74,-0.07,-0.36,-0.77,0.91,0.105
"41",41,"Kevin De Bruyne",2018,"Belgium",0.57,0.34,3.15,0.4,1.03,1.11,0.22,1.7,0.5,1.1,-0.35,-0.45,-0.39,-0.07,-0.36,3.26,2.81,1.545
"42",42,"Leander Dendoncker",2018,"Belgium",-0.42,-0.59,-0.51,-0.8,-0.74,-0.88,-0.67,-0.65,-0.58,-0.79,-0.62,0.11,-0.89,-0.69,-0.73,-0.77,-1.53,-0.6775
"43",43,"Marouane Fellaini",2018,"Belgium",0.57,-0.19,-0.17,0.53,-0.32,-0.73,-0.14,-0.65,0.33,-0.56,-0.16,1.75,1.12,1.19,0.18,-0.21,-1.38,-0.4225
"44",44,"Michy Batshuayi",2018,"Belgium",0.57,2.57,-0.51,0.34,-1.1,-1.1,-0.14,-0.55,-0.82,-0.79,-0.8,-0.45,-0.64,-1.11,-0.73,-0.29,-1.65,-0.575
"45",45,"Mousa Dembélé",2018,"Belgium",-0.42,-0.59,-0.51,-0.8,-0.38,-0.81,-0.67,-0.37,0.37,-0.19,-0.53,1.14,-0.64,0.35,-0.73,-0.71,-1.18,-0.59
"46",46,"Nacer Chadli",2018,"Belgium",0.57,0.25,0.82,0.09,0.03,0.11,0.57,0.48,-0.36,-0.01,-0.16,-0.45,-0.01,-0.69,-0.73,0.27,0.59,0.495
"47",47,"Romelu Lukaku",2018,"Belgium",3.51,2.86,-0.17,1.92,-0.66,-0.92,0.39,0.29,-0.61,-0.79,-0.71,-0.45,0.62,0.98,-0.36,0.5,-0.63,-0.1025
"48",48,"Thibaut Courtois",2018,"Belgium",-0.42,-0.59,-0.51,-0.8,0.22,1.59,-0.67,-0.84,-0.82,-0.79,-0.35,-0.45,-0.64,-1.11,-0.91,-0.77,0.75,-0.1075
"49",49,"Thomas Meunier",2018,"Belgium",0.57,0.25,0.82,0.28,0.33,0.93,0.04,1.13,-0.05,0.08,-0.25,0.58,-0.27,0.77,-0.73,1.13,2.06,0.73
"50",50,"Thomas Vermaelen",2018,"Belgium",-0.42,-0.59,-0.51,-0.8,-0.7,-0.62,-0.67,-0.74,-0.58,-0.67,-0.53,-0.18,-0.77,-0.48,-0.73,-0.77,-1.36,-0.635
"51",51,"Thorgan Hazard",2018,"Belgium",-0.42,-0.41,0.16,-0.54,-0.89,-0.73,-0.14,-0.18,0,-0.29,-0.53,-0.45,-0.77,-0.9,-0.91,-0.21,-0.91,-0.2225
"52",52,"Toby Alderweireld",2018,"Belgium",-0.42,-0.21,-0.51,-0.48,2.03,1.15,-0.67,1.98,0.76,0.33,1.12,3.42,-0.27,-0.27,-0.73,-0.73,3.13,0.4875
"53",53,"Vincent Kompany",2018,"Belgium",-0.42,-0.34,-0.51,0.34,0.94,0.3,-0.67,0.48,0.06,-0.31,1.3,1.59,-0.39,0.35,-0.73,-0.77,0.78,-0.1
"54",54,"Yannick Carrasco",2018,"Belgium",-0.42,-0.3,-0.51,0.15,-0.67,-0.44,0.22,0.1,0.06,-0.79,-0.44,-0.45,-0.89,-0.07,0,0.11,-0.34,-0.1575
"55",55,"Youri Tielemans",2018,"Belgium",-0.42,-0.43,-0.17,-0.8,-0.46,-0.62,-0.14,-0.46,-0.34,-0.55,-0.8,-0.45,-0.77,-0.27,-0.36,-0.24,-1.08,-0.3475
"56",56,"Alisson",2018,"Brazil",-0.42,-0.59,-0.51,-0.8,-0.33,1.12,-0.67,-0.84,-0.82,-0.79,-0.55,-0.45,-0.54,-1.11,-0.91,-0.77,0.28,-0.225
"57",57,"Casemiro",2018,"Brazil",-0.42,-0.34,-0.04,0.09,1.36,0.45,0.82,0.21,3.12,1.41,0.61,0.17,0.69,-0.23,-0.4,-0.11,0.66,0.36
"58",58,"Danilo",2018,"Brazil",-0.42,-0.59,-0.51,-0.8,-0.65,-0.74,-0.42,-0.7,-0.43,-0.39,-0.55,-0.45,-0.89,-1.11,-0.66,-0.66,-1.44,-0.5925
"59",59,"Douglas Costa",2018,"Brazil",-0.42,-0.38,-0.51,0,-0.79,-0.74,1.31,2.05,-0.27,0.09,-0.8,-0.45,-0.89,-1.11,-0.91,0.75,1.31,0.5275
"60",60,"Fagner",2018,"Brazil",-0.42,-0.59,0.42,-0.27,1.16,0.34,-0.17,0.21,0.86,2.81,0.35,-0.45,-0.89,0.94,-0.15,0,0.55,0.2
"61",61,"Fernandinho",2018,"Brazil",-0.42,-0.38,-0.04,-0.71,-0.01,-0.59,-0.67,-0.7,-0.82,2.58,-0.67,0.56,0.52,0.06,-0.4,-0.64,-1.29,-0.5
"62",62,"Filipe Luís",2018,"Brazil",-0.42,-0.55,-0.04,-0.53,0.07,0.03,-0.42,0.21,-0.11,0.11,-0.55,0.17,-0.54,-0.82,-0.91,-0.33,0.24,-0.055
"63",63,"Gabriel Jesus",2018,"Brazil",-0.42,0.78,-0.04,4.32,-0.42,-0.69,0.82,0.21,1.71,1.74,-0.29,-0.45,0.52,0.64,-0.15,1.96,-0.48,0.075
"64",64,"Marcelo",2018,"Brazil",-0.42,-0.41,1.36,0.09,1.6,1.94,0.32,2.05,0.94,2.2,-0.03,-0.45,-0.01,-0.82,-0.15,1.23,3.99,1.4175
"65",65,"Miranda",2018,"Brazil",-0.42,-0.47,-0.51,-0.09,1.5,0.29,-0.42,-0.44,2.31,1.81,1.63,3.79,0.87,1.23,0.11,-0.44,-0.15,-0.27
"66",66,"Neymar",2018,"Brazil",2.33,5.02,4.15,5.82,1.3,0.91,4.78,4.28,0.39,-0.79,-0.8,0.17,-0.72,0.06,5.7,7.28,5.19,3.53
"67",67,"Paulinho",2018,"Brazil",0.96,1.84,0.42,1.15,0.29,-0.74,0.32,-0.18,1.96,-0.23,-0.8,-0.45,-0.72,-0.23,0.62,0.95,-0.92,-0.045
"68",68,"Philippe Coutinho",2018,"Brazil",2.33,2.19,-0.04,1.94,2.12,0.24,1.06,3.76,1.19,-0.23,-0.55,-0.45,-0.19,-0.23,0.87,2.03,4,1.255
"69",69,"Renato Augusto",2018,"Brazil",0.96,0.39,-0.51,-0.35,-0.81,-0.95,-0.67,-0.57,-0.82,-0.39,-0.8,-0.45,-0.72,-1.11,-0.66,-0.53,-1.52,-0.675
"70",70,"Roberto Firmino",2018,"Brazil",0.96,2.19,-0.51,1.5,-0.9,-1.05,-0.42,-0.31,-0.27,-0.79,-0.8,-0.45,-0.37,-0.52,-0.66,0.09,-1.36,-0.5725
"71",71,"Thiago Silva",2018,"Brazil",0.96,1.15,-0.51,1.23,1.89,0.7,-0.67,1.13,0.99,1.95,2.02,3.44,0.87,-0.52,-0.15,-0.6,1.83,0.1625
"72",72,"Willian",2018,"Brazil",-0.42,-0.34,1.36,0,0.42,0.03,2.05,2.71,0.14,1.18,-0.55,-0.45,-0.19,0.35,1.63,1.39,2.74,1.5375
"73",73,"Abel Aguilar",2018,"Colombia",-0.42,-0.59,-0.51,-0.8,-1.16,-1.04,-0.67,-0.68,-0.82,-0.79,-0.8,-0.45,-0.69,-1.11,-0.91,-0.77,-1.72,-0.725
"74",74,"Carlos Bacca",2018,"Colombia",-0.42,-0.35,-0.51,0.12,-1.01,-0.98,-0.67,-0.53,-0.26,-0.79,-0.8,-0.45,0.12,0.24,-0.62,-0.21,-1.51,-0.6725
"75",75,"Carlos Sánchez",2018,"Colombia",-0.42,-0.59,-0.51,-0.8,-0.37,-0.39,-0.67,-0.84,0.21,-0.5,-0.65,-0.45,-0.49,0.91,-0.62,-0.62,-1.23,-0.6025
"76",76,"David Ospina",2018,"Colombia",-0.42,-0.59,-0.51,-0.8,-0.36,1.1,-0.67,-0.84,-0.82,-0.79,-0.65,-0.45,-0.69,-1.11,-0.32,-0.77,0.26,-0.23
"77",77,"Davinson Sánchez",2018,"Colombia",-0.42,-0.41,-0.51,0.22,0.88,1.04,-0.67,-0.68,-0.52,0.91,3.19,2.92,1.14,-0.44,-0.32,-0.72,0.36,-0.205
"78",78,"James Rodríguez",2018,"Colombia",-0.42,-0.35,-0.51,0.02,-0.16,-0.15,0.76,-0.53,-0.39,-0.26,-0.65,-0.45,-0.69,0.24,-0.32,-0.16,-0.68,-0.1075
"79",79,"Jefferson Lerma",2018,"Colombia",-0.42,-0.53,-0.51,-0.8,-0.25,-0.86,-0.67,-0.53,-0.67,-0.48,0.08,0.55,-0.28,-0.1,-0.03,-0.52,-1.39,-0.6425
"80",80,"Johan Mojica",2018,"Colombia",-0.42,-0.57,1.11,-0.8,0.77,1.64,-0.1,-0.08,0.86,0.1,1.12,-0.45,0.73,-0.1,-0.32,0.01,1.56,0.6425
"81",81,"José Izquierdo",2018,"Colombia",-0.42,-0.59,0.03,-0.8,-1.03,-1.1,-0.1,-0.53,-0.82,-0.79,-0.8,-0.45,-0.69,-0.77,-0.91,-0.65,-1.63,-0.425
"82",82,"Juan Cuadrado",2018,"Colombia",1.17,0.65,2.18,-0.08,0.51,0.63,1.9,0.83,-0.39,0.18,-0.06,-0.45,-0.49,0.24,2.61,1.41,1.46,1.385
"83",83,"Juan Quintero",2018,"Colombia",1.17,0,1.11,-0.59,0.55,1.46,-0.1,0.83,-0.16,-0.79,-0.65,-0.45,-0.89,-0.77,-0.03,1.77,2.29,0.825
"84",84,"Luis Muriel",2018,"Colombia",-0.42,-0.43,-0.51,-0.69,-1.03,-1.04,-0.38,-0.53,-0.02,-0.79,-0.8,-0.45,0.12,-0.1,-0.91,-0.49,-1.57,-0.615
"85",85,"Mateus Uribe",2018,"Colombia",-0.42,-0.14,-0.51,-0.69,-0.26,-0.63,-0.1,-0.53,1.16,0.1,-0.36,0.55,-0.49,-0.44,-0.62,-0.57,-1.16,-0.4425
"86",86,"Radamel Falcao",2018,"Colombia",1.17,1.68,-0.51,1.85,-0.13,-1.1,0.76,-0.23,-0.67,-0.79,-0.21,-0.45,1.95,1.25,1.73,-0.32,-1.33,-0.27
"87",87,"Santiago Arias",2018,"Colombia",-0.42,-0.57,0.03,-0.29,1.06,1.4,-0.67,-0.38,0.41,1.9,0.82,1.21,0.73,1.92,0.56,-0.42,1.02,0.095
"88",88,"Wilmar Barrios",2018,"Colombia",-0.42,-0.59,-0.51,-0.8,0.15,-0.15,-0.67,-0.38,1.8,0.55,0.08,0.2,-0.49,1.59,-0.03,-0.7,-0.53,-0.4275
"89",89,"Yerry Mina",2018,"Colombia",4.34,0.69,-0.51,0.22,0.61,-0.21,-0.38,0.38,0.34,0.55,2.6,0.85,1.95,0.91,0.56,-0.77,0.17,-0.18
"90",90,"Óscar Murillo",2018,"Colombia",-0.42,-0.49,-0.51,-0.29,-0.81,-0.75,-0.67,-0.53,-0.82,-0.48,0.68,-0.45,0.33,-1.11,-0.62,-0.77,-1.28,-0.615
"91",91,"Bryan Oviedo",2018,"Costa Rica",-0.42,-0.36,0.27,-0.06,-0.27,0.45,-0.67,-0.4,-0.49,-0.19,0.05,-0.45,-0.31,0.84,-0.91,-0.26,0.05,-0.0875
"92",92,"Bryan Ruiz",2018,"Costa Rica",-0.42,1.93,-0.51,-0.21,0.62,0.1,2.63,0.26,-0.56,-0.07,-0.38,-0.45,0.87,0.35,1.63,-0.33,0.36,0.62
"93",93,"Celso Borges",2018,"Costa Rica",-0.42,0.76,0.27,0.38,0.66,-0.07,0.16,-0.4,0.01,-0.14,0.48,-0.45,0.87,-0.14,-0.91,-0.11,-0.47,-0.01
"94",94,"Christian Bolaños",2018,"Costa Rica",-0.42,-0.59,0.27,-0.35,-0.79,-0.93,0.16,-0.62,-0.26,-0.79,-0.8,-0.45,-0.89,-1.11,-0.91,-0.41,-1.55,-0.28
"95",95,"Cristian Gamboa",2018,"Costa Rica",-0.42,-0.38,1.05,-0.65,0.17,1.48,0.57,-0.62,1.49,-0.65,0.05,-0.3,0.28,0.84,1.63,0.48,0.86,0.62
"96",96,"Daniel Colindres",2018,"Costa Rica",-0.42,-0.24,0.27,0.23,-0.89,-0.76,-0.26,-0.4,-0.26,-0.39,-0.8,-0.45,-0.89,0.84,0.36,-0.19,-1.16,-0.2875
"97",97,"David Guzmán",2018,"Costa Rica",-0.42,-0.5,1.05,-0.8,0.53,0.53,0.16,-0.18,-0.26,0.84,0.26,-0.45,-0.31,2.3,-0.49,0.4,0.35,0.39
"98",98,"Francisco Calvo",2018,"Costa Rica",-0.42,-0.5,-0.51,-0.8,-0.31,0.27,-0.26,-0.84,0.52,-0.21,0.05,-0.45,-0.01,-0.62,-0.91,-0.48,-0.57,-0.335
"99",99,"Giancarlo González",2018,"Costa Rica",-0.42,0.88,-0.51,-0.06,0.15,0.02,-0.67,-0.62,-0.82,0.19,3.89,2.22,0.87,-0.62,-0.06,-0.77,-0.6,-0.445
"100",100,"Joel Campbell",2018,"Costa Rica",-0.42,-0.18,0.27,1.12,-0.7,-0.41,2.63,0.48,-0.82,-0.59,-0.8,-0.45,-0.6,0.35,0.36,1.5,0.07,0.7425
"101",101,"Johan Venegas",2018,"Costa Rica",-0.42,-0.59,-0.51,0.09,-0.72,-0.59,-0.26,-0.84,-0.76,0.44,-0.8,-0.45,1.16,1.81,0.79,-0.52,-1.43,-0.55
"102",102,"Johnny Acosta",2018,"Costa Rica",-0.42,-0.59,-0.51,-0.8,0.07,0.79,-0.67,-0.4,0.01,-0.59,0.69,-0.14,0.28,-0.62,1.21,-0.77,0.39,-0.1975
"103",103,"Kendall Waston",2018,"Costa Rica",1.88,-0.36,-0.51,-0.5,-0.56,-0.07,-0.67,-0.4,-0.82,-0.19,0.48,0,-0.31,-1.11,-0.49,-0.63,-0.47,-0.4125
"104",104,"Keylor Navas",2018,"Costa Rica",-0.42,-0.59,0.27,-0.8,-0.08,2.51,-0.67,-0.84,-0.82,0.37,-0.38,-0.45,0.28,-1.11,-0.06,-0.66,1.67,0.3175
"105",105,"Marco Ureña",2018,"Costa Rica",-0.42,-0.27,-0.51,-0.21,-0.96,-1.1,-0.26,-0.84,-0.19,-0.79,-0.8,-0.45,-0.6,0.84,-0.49,-0.37,-1.94,-0.6775
"106",106,"Óscar Duarte",2018,"Costa Rica",-0.42,-0.47,0.27,0.38,-0.12,0.1,0.16,0.04,-0.82,-0.72,1.12,-0.45,0.87,-0.14,-0.49,0.07,0.14,0.1425
"107",107,"Andrej Kramaric",2018,"Croatia",0.52,0.27,0.45,0.83,-0.34,-0.93,-0.16,0.15,-0.22,-0.79,-0.54,-0.45,-0.65,-0.71,-0.39,-0.13,-0.78,-0.1225
"108",108,"Ante Rebic",2018,"Croatia",0.52,0.62,-0.19,1.37,-0.68,-0.65,2.37,0.51,1.02,0.97,-0.19,-0.45,0.79,3.07,1,0.34,-0.14,0.51
"109",109,"Danijel Subasic",2018,"Croatia",-0.42,-0.59,-0.51,-0.8,-0.03,1.93,-0.67,-0.75,-0.82,-0.79,-0.72,-0.45,-0.41,-1.11,-0.56,-0.77,1.18,-2.77555756156289e-17
"110",110,"Dejan Lovren",2018,"Croatia",-0.42,0.25,-0.51,0.71,1.36,0.76,-0.67,0.24,0.51,0.19,2.08,2.91,3.55,0.28,-0.04,-0.59,1,-0.045
"111",111,"Domagoj Vida",2018,"Croatia",0.52,-0.37,-0.51,-0.13,0.81,0.13,-0.5,-0.39,0.13,1.86,2.25,1.56,0.79,-0.71,-0.56,-0.53,-0.26,-0.3175
"112",112,"Duje Caleta-Car",2018,"Croatia",-0.42,-0.59,-0.51,-0.8,-1.02,-1.03,-0.67,-0.84,-0.82,-0.79,-0.1,-0.45,-0.77,-1.11,-0.91,-0.77,-1.87,-0.7625
"113",113,"Filip Bradaric",2018,"Croatia",-0.42,-0.59,-0.51,-0.8,-1.19,-1.07,-0.67,-0.84,-0.82,-0.79,-0.72,-0.45,-0.89,-1.11,-0.91,-0.77,-1.91,-0.7725
"114",114,"Ivan Perisic",2018,"Croatia",2.4,1,0.76,2.51,-0.21,-0.22,0.17,0.51,0.67,0.31,-0.19,0.9,0.55,-0.31,-0.04,1.03,0.29,0.305
"115",115,"Ivan Rakitic",2018,"Croatia",0.52,0.88,1.4,-0.07,1.6,0.98,1.19,1.13,-0.1,0.18,0.07,0.39,0.55,0.68,2.56,1.12,2.11,1.175
"116",116,"Ivan Strinic",2018,"Croatia",-0.42,-0.59,-0.19,-0.43,0.52,0.9,0.01,0.24,0.72,0.43,1.12,0.13,0.43,0.88,0.48,-0.46,1.14,0.24
"117",117,"Josip Pivaric",2018,"Croatia",-0.42,-0.52,0.13,-0.62,-0.24,-0.08,0.68,-0.39,-0.15,-0.43,-0.45,0.13,-0.77,-0.11,-0.91,-0.26,-0.47,0.085
"118",118,"Lovre Kalinic",2018,"Croatia",-0.42,-0.59,-0.51,-0.8,-1.16,-0.86,-0.67,-0.84,-0.82,-0.79,-0.72,-0.45,-0.53,-1.11,-0.74,-0.77,-1.7,-0.72
"119",119,"Luka Modric",2018,"Croatia",1.46,1.59,2.35,-0.07,2.12,1.64,1.86,1.67,0.51,1.56,-0.54,-0.45,0.07,1.28,1.17,2.05,3.31,1.88
"120",120,"Marcelo Brozovic",2018,"Croatia",-0.42,-0.47,-0.51,-0.68,1.36,0.27,-0.67,-0.03,2.05,0.05,0.33,-0.45,0.79,-0.11,0.13,-0.41,0.24,-0.235
"121",121,"Mario Mandzukic",2018,"Croatia",2.4,2.97,-0.19,2.09,-0.37,-0.68,-0.33,-0.3,2.27,-0.54,0.16,0.13,2.11,1.48,1.17,0.08,-0.98,-0.375
"122",122,"Marko Pjaca",2018,"Croatia",-0.42,-0.55,-0.51,-0.74,-1.11,-1.03,-0.67,-0.84,-0.47,-0.79,-0.8,-0.45,-0.53,-0.91,-0.22,-0.71,-1.87,-0.7625
"123",123,"Mateo Kovacic",2018,"Croatia",-0.42,-0.41,-0.51,-0.43,-0.37,-0.65,0.34,0.06,1.04,-0.79,-0.54,0.32,-0.65,-0.51,0.3,-0.41,-0.59,-0.19
"124",124,"Milan Badelj",2018,"Croatia",0.52,-0.41,-0.51,-0.74,-0.75,-0.72,-0.16,-0.66,-0.15,1.26,-0.63,-0.45,-0.89,-0.31,-0.56,-0.56,-1.38,-0.5125
"125",125,"Sime Vrsaljko",2018,"Croatia",-0.42,-0.47,1.72,0.11,1.01,1.12,-0.16,0.95,0.35,1.78,0.59,0.13,0.79,0.88,0.3,0.85,2.07,0.9075
"126",126,"Tin Jedvaj",2018,"Croatia",-0.42,-0.59,-0.51,-0.8,-0.98,-0.68,-0.67,-0.75,-0.49,-0.45,-0.54,-0.45,-0.53,-0.91,-0.91,-0.56,-1.43,-0.6525
"127",127,"Vedran Corluka",2018,"Croatia",-0.42,-0.59,-0.51,-0.8,-0.81,-0.65,-0.16,-0.66,-0.49,0.25,0.42,-0.45,-0.29,-0.51,-0.91,-0.77,-1.31,-0.495
"128",128,"Andreas Christensen",2018,"Denmark",-0.42,-0.59,-0.51,-0.59,0.88,-0.39,-0.67,0.53,-0.31,0.16,1.41,2.17,-0.08,-0.44,-0.03,-0.77,0.14,-0.26
"129",129,"Andreas Cornelius",2018,"Denmark",-0.42,-0.59,0.03,0.32,-0.99,-0.86,-0.38,-0.68,-0.82,-0.79,-0.51,-0.45,2.97,-0.1,-0.03,-0.14,-1.54,-0.4725
"130",130,"Christian Eriksen",2018,"Denmark",1.17,0.91,2.18,0.73,0.51,0.03,0.47,0.22,-0.31,0.06,-0.36,0.26,0.12,-1.11,-0.03,0.7,0.25,0.725
"131",131,"Henrik Dalsgaard",2018,"Denmark",-0.42,-0.59,0.03,-0.8,0.52,1.52,-0.38,-0.08,1.53,0.42,2.74,0.8,2.15,1.59,-0.62,-0.19,1.44,0.2725
"132",132,"Jens Stryger Larsen",2018,"Denmark",-0.42,-0.43,-0.51,-0.18,-0.24,-0.21,-0.38,-0.68,-0.52,-0.46,0.08,0.26,-0.08,-0.77,-0.91,-0.21,-0.89,-0.445
"133",133,"Jonas Knudsen",2018,"Denmark",-0.42,-0.59,0.03,-0.59,-0.83,-0.21,-0.38,-0.84,-0.82,-0.79,-0.36,-0.45,-0.28,-0.77,-0.91,0.45,-1.05,-0.35
"134",134,"Kasper Schmeichel",2018,"Denmark",-0.42,-0.59,-0.51,-0.8,-0.18,2.53,-0.67,-0.84,-0.82,-0.48,-0.51,-0.45,-0.69,-1.11,-0.91,-0.32,1.69,0.1275
"135",135,"Lasse Schöne",2018,"Denmark",-0.42,-0.33,-0.51,-0.59,0.11,-0.27,-0.67,-0.68,0.04,0.56,0.08,0.18,-0.08,-0.44,-0.32,0.07,-0.95,-0.5325
"136",136,"Martin Braithwaite",2018,"Denmark",-0.42,-0.16,-0.51,0.32,-0.78,-0.92,0.19,-0.84,-0.82,-0.72,-0.36,-0.45,-0.08,0.58,-0.62,-0.47,-1.76,-0.52
"137",137,"Mathias Jørgensen",2018,"Denmark",1.17,-0.27,-0.51,-0.49,-0.18,-0.21,-0.67,-0.53,-0.76,-0.51,0.82,-0.45,-0.08,0.24,-0.32,-0.55,-0.74,-0.48
"138",138,"Nicolai Jørgensen",2018,"Denmark",-0.42,0.42,-0.51,1.04,-0.85,-0.98,-0.67,-0.23,-0.31,-0.79,-0.06,-0.45,0.53,0.24,-0.91,0.65,-1.21,-0.5975
"139",139,"Pione Sisto",2018,"Denmark",-0.42,-0.24,0.57,0.02,-0.34,-0.39,2.47,0.53,-0.26,-0.15,-0.65,-0.45,-0.89,-1.11,0.85,0.42,0.14,0.795
"140",140,"Simon Kjaer",2018,"Denmark",-0.42,-0.59,-0.51,0.02,1.25,1.58,-0.67,-0.08,-0.21,-0.79,3.93,0.13,0.53,-0.44,-0.62,0.12,1.5,0.08
"141",141,"Thomas Delaney",2018,"Denmark",-0.42,-0.22,-0.51,0.63,0.56,-0.09,-0.1,-0.23,1.12,0.75,-0.06,0.33,1.55,2.94,-0.03,-0.04,-0.32,-0.2325
"142",142,"Viktor Fischer",2018,"Denmark",-0.42,-0.55,-0.51,-0.8,-1.16,-1.04,-0.67,-0.84,-0.82,-0.79,-0.65,-0.45,-0.89,-1.11,-0.91,-0.77,-1.88,-0.765
"143",143,"William Kvist",2018,"Denmark",-0.42,-0.59,-0.51,-0.8,-1.02,-0.98,-0.67,-0.84,-0.82,-0.79,-0.8,-0.45,-0.69,-1.11,-0.62,-0.75,-1.82,-0.75
"144",144,"Yussuf Yurary Poulsen",2018,"Denmark",1.17,0.14,-0.51,1.24,-0.5,-0.81,1.33,0.53,-0.03,0.02,-0.06,0.8,2.15,1.92,-0.32,-0.04,-0.28,0.135
"145",145,"Abdalla Said",2018,"Egypt",-0.42,-0.24,1.82,-0.35,0.91,0.88,0.16,1.13,-0.16,0.79,-0.59,-0.45,-0.01,-1.11,-0.06,1.43,2.01,0.9975
"146",146,"Ahmed Fathi",2018,"Egypt",-0.42,-0.56,1.82,-0.65,1.31,2.94,-0.26,0.26,1.45,1.63,1.55,-0.45,-0.31,2.3,-0.49,0.66,3.2,1.19
"147",147,"Ahmed Hegazi",2018,"Egypt",-0.42,-0.59,-0.51,-0.5,0.51,0.7,-0.26,0.48,-0.26,3.7,4.53,1.25,1.45,-0.14,-0.49,-0.77,1.18,0.1025
"148",148,"Ali Gabr",2018,"Egypt",-0.42,-0.5,0.27,-0.06,-0.08,-0.07,-0.67,-0.84,0.64,-0.28,2.83,1.44,-0.01,-0.14,-0.49,-0.33,-0.91,-0.3275
"149",149,"Amr Warda",2018,"Egypt",-0.42,-0.47,-0.51,-0.5,-0.54,-0.33,0.57,1.13,-0.57,0.04,-0.16,-0.08,0.28,-0.62,1.21,0.18,0.8,0.215
"150",150,"Essam El-Hadary",2018,"Egypt",-0.42,-0.59,-0.51,-0.8,-0.91,-0.41,-0.67,-0.84,-0.82,-0.79,-0.8,-0.45,-0.89,-1.11,-0.91,-0.77,-1.25,-0.6075
"151",151,"Kahraba",2018,"Egypt",-0.42,-0.59,-0.51,1.41,-1.04,-0.93,-0.67,-0.62,-0.26,-0.79,-0.59,-0.45,-0.6,-0.14,-0.91,0.14,-1.55,-0.6825
"152",152,"Marwan Mohsen",2018,"Egypt",-0.42,-0.21,-0.51,1.85,-0.73,-0.93,0.16,-0.62,-0.26,-0.79,0.05,-0.45,2.92,0.84,0.79,-0.15,-1.55,-0.475
"153",153,"Mohamed Abdel-Shafy",2018,"Egypt",-0.42,-0.59,1.05,-0.8,1.45,3.46,0.16,0.7,0.25,1.21,1.12,-0.45,-0.31,-0.14,-0.06,0.11,4.16,1.3425
"154",154,"Mohamed El-Shenawy",2018,"Egypt",-0.42,-0.59,-0.51,-0.8,-0.89,0.02,-0.67,-0.84,-0.82,-0.79,-0.8,-0.45,-0.6,-1.11,-0.91,-0.77,-0.82,-0.5
"155",155,"Mohamed Elneny",2018,"Egypt",-0.42,-0.09,-0.51,-0.5,0.66,0.02,-0.67,0.26,-0.57,-0.04,-0.16,0.86,-0.89,0.35,-0.91,0.18,0.28,-0.225
"156",156,"Mohamed Salah",2018,"Egypt",4.17,3.69,-0.51,1.26,-0.73,-0.5,0.16,0.91,-0.66,-0.62,-0.8,-0.45,-0.89,-0.62,-0.49,0.77,0.41,0.015
"157",157,"Ramadan Sobhi",2018,"Egypt",-0.42,-0.59,-0.51,-0.21,-0.91,-0.76,-0.26,0.48,-0.66,-0.79,-0.8,-0.45,-0.6,-0.62,-0.49,-0.77,-0.28,-0.2625
"158",158,"Sam Morsy",2018,"Egypt",-0.42,-0.59,-0.51,-0.8,-0.83,-1.02,-0.67,-0.4,-0.82,-0.02,-0.59,-0.45,-0.89,-0.14,-0.91,-0.77,-1.42,-0.65
"159",159,"Tarek Hamed",2018,"Egypt",-0.42,-0.47,-0.51,-0.8,0.99,-0.07,-0.67,-0.62,0.98,2.84,-0.38,-0.08,-0.6,1.81,0.36,-0.33,-0.69,-0.4675
"160",160,"Trezeguet",2018,"Egypt",-0.42,1.11,-0.51,1.56,0.09,-0.24,0.57,1.57,0.66,1.88,-0.16,0.13,1.16,1.32,-0.49,1.21,1.33,0.3475
"161",161,"Ashley Young",2018,"England",-0.42,-0.42,1.08,-0.8,0.35,0.38,-0.33,0.06,-0.2,0.59,-0.37,-0.45,-0.77,-0.31,-0.39,0.67,0.44,0.2975
"162",162,"Danny Rose",2018,"England",-0.42,-0.55,-0.51,-0.43,-0.55,-0.54,-0.16,-0.3,-0.36,-0.32,-0.45,-0.45,-0.89,-0.91,0.3,-0.52,-0.84,-0.3775
"163",163,"Dele Alli",2018,"England",0.52,0.5,-0.51,0.41,-0.31,-0.54,-0.5,-0.48,-0.01,-0.15,-0.28,-0.45,-0.17,-0.51,0.65,-0.01,-1.02,-0.5075
"164",164,"Eric Dier",2018,"England",-0.42,0.14,-0.51,-0.31,0.08,-0.58,0.01,-0.48,0.15,-0.49,-0.45,-0.11,-0.29,-0.11,-0.22,-0.53,-1.06,-0.39
"165",165,"Fabian Delph",2018,"England",-0.42,-0.49,-0.19,-0.68,-0.18,-0.79,0.17,-0.48,-0.05,0.27,-0.54,-0.45,-0.65,-0.91,-0.39,-0.58,-1.27,-0.3225
"166",166,"Gary Cahill",2018,"England",-0.42,-0.59,-0.51,-0.8,-0.94,-0.96,-0.67,-0.84,-0.82,-0.79,-0.72,0.72,-0.53,-0.91,-0.91,-0.77,-1.8,-0.745
"167",167,"Harry Kane",2018,"England",5.21,3.82,-0.51,0.59,-0.45,-0.65,-0.33,-0.39,-0.59,-0.01,-0.72,-0.45,2.47,-0.31,2.73,0.47,-1.04,-0.47
"168",168,"Harry Maguire",2018,"England",0.52,0.07,-0.51,2.63,1.79,1.29,0.17,1.58,0.37,0.63,0.86,2.58,4.15,0.28,0.13,0.4,2.87,0.6325
"169",169,"Jamie Vardy",2018,"England",-0.42,-0.43,-0.51,0.11,-1.17,-1.03,-0.33,-0.84,-0.65,-0.79,-0.8,-0.45,-0.17,-0.71,-0.74,-0.71,-1.87,-0.6775
"170",170,"Jesse Lingard",2018,"England",0.52,1.16,0.13,0.95,0.39,-0.47,0.85,-0.12,-0.15,-0.79,-0.54,-0.45,-0.77,0.68,-0.04,0.26,-0.59,0.0975
"171",171,"John Stones",2018,"England",1.46,1.02,-0.51,0.17,2.29,0.55,-0.67,1.13,1.4,0.94,2.17,4.09,1.63,-0.31,-0.22,-0.76,1.68,0.125
"172",172,"Jordan Henderson",2018,"England",-0.42,-0.41,-0.51,-0.68,0.51,-0.15,-0.5,-0.39,-0.06,0.41,-0.37,0.56,0.31,-0.51,-0.39,-0.16,-0.54,-0.3875
"173",173,"Jordan Pickford",2018,"England",-0.42,-0.59,-0.51,-0.8,0.13,2.17,-0.67,-0.75,-0.82,-0.79,-0.72,-0.45,-0.53,-1.11,-0.39,-0.77,1.42,0.06
"174",174,"Kieran Trippier",2018,"England",0.52,-0.37,5.53,0.05,1.11,1.82,0.01,0.06,0.74,1.7,0.51,-0.45,1.03,0.09,0.13,3.84,1.88,1.855
"175",175,"Kyle Walker",2018,"England",-0.42,-0.59,-0.51,-0.8,1.45,0.52,0.17,0.6,-0.23,0.37,1.73,0.44,1.15,-0.71,-0.04,-0.7,1.12,0.195
"176",176,"Marcus Rashford",2018,"England",-0.42,-0.09,-0.51,-0.13,-0.75,-1.03,0.68,0.33,-0.51,-0.79,-0.8,-0.45,-0.65,-0.31,-0.04,-0.43,-0.7,-0.1325
"177",177,"Phil Jones",2018,"England",-0.42,-0.59,-0.51,-0.8,-0.19,-0.75,-0.67,-0.3,-0.65,0.15,-0.02,-0.45,-0.29,-0.71,-0.56,-0.77,-1.05,-0.5575
"178",178,"Raheem Sterling",2018,"England",-0.42,0.68,-0.51,1.25,-0.34,-0.96,0.68,0.06,-0.82,-0.79,-0.8,-0.45,-0.53,0.88,0.48,0.38,-0.9,-0.1825
"179",179,"Ruben Loftus-Cheek",2018,"England",-0.42,-0.41,-0.51,0.53,-0.45,-1.03,1.36,0.6,-0.82,-0.18,-0.8,-0.45,-0.17,-0.71,0.13,0.22,-0.43,0.105
"180",180,"Trent Alexander-Arnold",2018,"England",-0.42,-0.53,0.13,-0.8,-0.86,-0.61,-0.67,-0.75,-0.82,-0.62,-0.8,-0.06,-0.65,-1.11,-0.91,-0.26,-1.36,-0.475
"181",181,"Antoine Griezmann",2018,"France",3.51,3.99,1.16,1.16,0.22,-0.4,0.75,0.01,0.95,-0.4,-0.53,-0.45,-0.27,0.14,1.09,1.05,-0.39,0.38
"182",182,"Benjamin Mendy",2018,"France",-0.42,-0.59,0.16,-0.8,-1.04,-0.88,-0.67,-0.65,-0.82,-0.79,-0.71,-0.45,-0.89,-1.11,-0.91,-0.41,-1.53,-0.51
"183",183,"Benjamin Pavard",2018,"France",0.57,-0.2,0.49,-0.35,0.85,1.15,-0.32,0.2,1.53,0.28,1.58,-0.09,0.11,0.77,0,-0.13,1.35,0.38
"184",184,"Blaise Matuidi",2018,"France",-0.42,-0.29,-0.51,-0.04,-0.5,-0.51,-0.67,-0.65,0.03,-0.01,-0.62,-0.45,-0.14,1.19,0,-0.54,-1.16,-0.585
"185",185,"Corentin Tolisso",2018,"France",-0.42,-0.49,-0.51,-0.54,-0.33,-0.4,-0.49,-0.46,-0.55,0.56,-0.35,-0.45,-0.64,-0.48,0.18,-0.3,-0.86,-0.465
"186",186,"Djibril Sidibé",2018,"France",-0.42,-0.59,-0.17,-0.73,-0.55,-0.48,-0.67,-0.46,-0.44,-0.01,-0.71,-0.45,-0.52,-0.9,-0.91,-0.47,-0.94,-0.445
"187",187,"Hugo Lloris",2018,"France",-0.42,-0.59,-0.51,-0.8,-0.42,1.78,-0.67,-0.74,-0.82,-0.79,-0.71,-0.45,-0.77,-1.11,-0.91,-0.62,1.04,-0.035
"188",188,"Kylian Mbappé",2018,"France",3.51,1.52,0.49,2.17,-0.26,-0.44,4.99,1.51,-0.03,-0.58,-0.71,-0.45,-0.64,-0.9,1.63,1.97,1.07,1.6375
"189",189,"Lucas Hernández",2018,"France",-0.42,-0.35,0.49,-0.17,0.58,0.59,0.39,0.57,0.39,0.01,1.39,0.19,0.49,0.56,1.82,0,1.16,0.51
"190",190,"N'Golo Kanté",2018,"France",-0.42,-0.54,-0.51,-0.8,1.35,0.19,0.22,0.29,0.97,3.85,0.39,-0.22,-0.52,1.19,-0.18,-0.44,0.48,0.0475
"191",191,"Nabil Fekir",2018,"France",-0.42,-0.49,-0.17,-0.67,-1.05,-0.96,0.04,-0.65,-0.27,-0.79,-0.62,-0.45,-0.52,-0.48,0.18,-0.38,-1.61,-0.435
"192",192,"Olivier Giroud",2018,"France",-0.42,1.23,-0.51,2.55,-0.57,-0.77,-0.14,-0.55,-0.29,-0.35,0.11,-0.45,2.13,1.81,-0.18,0.79,-1.32,-0.4925
"193",193,"Ousmane Dembélé",2018,"France",-0.42,-0.45,-0.51,-0.48,-0.82,-0.77,-0.32,0.66,0.12,-0.5,-0.71,-0.45,-0.64,-0.9,-0.73,-0.33,-0.11,-0.235
"194",194,"Paul Pogba",2018,"France",0.57,-0.14,-0.51,-0.04,0.76,0.48,0.75,-0.09,0.65,-0.18,0.3,0.37,1.5,1.81,2.18,1.08,0.39,0.1575
"195",195,"Presnel Kimpembe",2018,"France",-0.42,-0.59,-0.51,-0.8,-0.7,-0.73,-0.67,-0.55,-0.44,-0.79,0.11,-0.45,-0.39,-0.9,-0.55,-0.77,-1.28,-0.615
"196",196,"Raphaël Varane",2018,"France",0.57,-0.29,-0.51,0.09,1.12,0.74,-0.32,0.2,-0.68,-0.01,3.22,0.51,2.5,-0.69,-0.73,-0.49,0.94,0.0275
"197",197,"Samuel Umtiti",2018,"France",0.57,-0.49,-0.51,-0.42,0.26,0.59,-0.32,0.01,-0.49,-0.24,2.49,0.51,0.11,0.14,0.73,-0.6,0.6,-0.0575
"198",198,"Steve Mandanda",2018,"France",-0.42,-0.59,-0.51,-0.8,-1.07,-0.51,-0.67,-0.84,-0.82,-0.79,-0.8,-0.45,-0.77,-1.11,-0.91,-0.77,-1.35,-0.6325
"199",199,"Steven N'Zonzi",2018,"France",-0.42,-0.59,-0.51,-0.8,-0.56,-0.77,-0.67,-0.84,-0.33,0.1,-0.16,0.42,0.62,-1.11,-0.55,-0.77,-1.61,-0.6975
"200",200,"Thomas Lemar",2018,"France",-0.42,-0.54,-0.17,-0.8,-0.87,-0.92,-0.32,-0.37,-0.82,-0.79,-0.71,-0.45,-0.89,-0.9,-0.73,-0.49,-1.29,-0.445
"201",201,"Antonio Rüdiger",2018,"Germany",-0.42,-0.59,-0.51,-0.8,0.36,-0.5,-0.67,-0.62,-0.82,0.17,-0.16,-0.45,0.28,-0.14,-0.49,-0.77,-1.12,-0.575
"202",202,"Ilkay Gündogan",2018,"Germany",-0.42,-0.5,-0.51,-0.8,-0.29,-0.93,-0.67,-0.18,-0.82,0.17,-0.8,-0.45,-0.89,-1.11,-0.49,-0.08,-1.11,-0.5725
"203",203,"Jonas Hector",2018,"Germany",-0.42,-0.15,-0.51,0.68,0.41,0.53,-0.26,-0.4,1.97,0.16,0.48,-0.45,0.57,-0.14,0.36,-0.63,0.13,-0.16
"204",204,"Joshua Kimmich",2018,"Germany",-0.42,-0.09,2.6,1.26,2.96,2.43,-0.26,2.88,0.1,1.02,-0.38,-0.45,0.28,-0.62,4.18,3.23,5.31,1.9125
"205",205,"Julian Brandt",2018,"Germany",-0.42,0,-0.51,-0.35,-0.87,-0.67,0.16,-0.62,0.11,-0.79,-0.8,-0.45,-0.89,-1.11,-0.49,-0.26,-1.29,-0.41
"206",206,"Julian Draxler",2018,"Germany",-0.42,1.64,-0.51,1.71,0.17,-0.07,1.39,1.35,0.96,0.07,-0.8,-0.45,-0.01,0.84,-0.49,0.92,1.28,0.54
"207",207,"Jérôme Boateng",2018,"Germany",-0.42,-0.47,0.27,-0.8,1.85,1.91,-0.26,5.94,0.88,3.63,-0.38,5.64,-0.31,1.32,0.36,0.51,7.85,1.965
"208",208,"Leon Goretzka",2018,"Germany",-0.42,0.58,-0.51,0.53,-0.89,-0.76,-0.26,-0.4,0.1,-0.79,-0.8,-0.45,-0.6,-0.62,-0.49,-0.19,-1.16,-0.4825
"209",209,"Manuel Neuer",2018,"Germany",-0.42,-0.59,-0.51,-0.8,0.59,3.63,-0.26,-0.84,-0.82,0.16,-0.16,-0.45,-0.89,-1.11,-0.91,-0.77,2.79,0.505
"210",210,"Marco Reus",2018,"Germany",1.88,0.38,0.27,3.18,0.68,0.27,-0.67,0.48,0.1,-0.79,-0.8,-0.45,-0.6,0.35,-0.49,0.92,0.75,0.0875
"211",211,"Mario Gómez",2018,"Germany",-0.42,0.64,-0.51,2.44,-1.12,-1.02,-0.67,-0.84,-0.82,-0.79,-0.38,-0.45,1.16,-1.11,-0.91,0.26,-1.86,-0.76
"212",212,"Marvin Plattenhardt",2018,"Germany",-0.42,-0.53,-0.51,-0.8,-0.83,-0.76,-0.67,-0.84,-0.82,-0.79,-0.59,-0.45,-0.31,-1.11,-0.49,-0.77,-1.6,-0.695
"213",213,"Mats Hummels",2018,"Germany",-0.42,3.1,-0.51,1.56,0.7,1.05,-0.26,0.91,2.9,3.79,0.69,-0.45,0.87,0.35,-0.49,-0.22,1.96,0.2975
"214",214,"Mesut Özil",2018,"Germany",-0.42,-0.36,1.82,-0.21,1.66,0.7,0.98,0.7,-0.82,0.16,-0.8,-0.45,-0.89,-1.11,-0.06,3.6,1.4,1.05
"215",215,"Niklas Süle",2018,"Germany",-0.42,-0.56,-0.51,-0.5,0.24,0.53,-0.67,0.04,0.1,1.1,-0.38,3.83,-0.31,-1.11,-0.49,-0.74,0.57,-0.1525
"216",216,"Sami Khedira",2018,"Germany",-0.42,-0.24,-0.51,0.38,0.4,-0.41,-0.26,0.26,1.03,0.16,-0.59,-0.45,-0.6,-0.14,-0.49,-0.66,-0.15,-0.23
"217",217,"Sebastian Rudy",2018,"Germany",-0.42,-0.5,-0.51,-0.8,-0.94,-1.02,-0.67,-0.84,-0.82,-0.79,-0.8,-0.45,-0.89,-0.62,-0.91,-0.77,-1.86,-0.76
"218",218,"Thomas Müller",2018,"Germany",-0.42,0.2,1.82,4.35,0.3,0.36,-0.67,0.48,2.76,1.03,-0.59,-0.45,0.87,0.35,-0.49,3.38,0.84,0.4975
"219",219,"Timo Werner",2018,"Germany",-0.42,0.9,-0.51,4.35,-0.14,-0.59,0.16,1.79,0.1,0.17,-0.59,-0.45,-0.89,-0.62,0.79,2.13,1.2,0.2125
"220",220,"Toni Kroos",2018,"Germany",1.88,1.4,4.15,0.53,4.63,5.53,1.81,5.51,2.83,-0.79,-0.8,-0.45,-0.31,-0.62,1.63,5.95,11.04,4.25
"221",221,"Alfred Finnbogason",2018,"Iceland",1.88,1.93,-0.51,2.15,-0.52,-0.93,0.57,-0.18,-0.66,-0.68,-0.59,-0.45,0.57,1.81,-0.06,0.62,-1.11,-0.2625
"222",222,"Aron Gunnarsson",2018,"Iceland",-0.42,-0.24,-0.51,0.82,-0.03,0.19,0.16,-0.18,-0.46,-0.38,0.69,-0.45,-0.01,-0.62,-0.91,0.81,0.01,-0.085
"223",223,"Birkir Bjarnason",2018,"Iceland",-0.42,2.34,0.27,1.26,-0.37,-0.07,-0.26,0.48,-0.43,-0.22,-0.59,-0.3,0.28,1.32,0.79,0.29,0.41,0.105
"224",224,"Birkir Saevarsson",2018,"Iceland",-0.42,-0.59,-0.51,-0.5,-0.18,1.14,-0.67,0.04,-0.82,0.12,2.61,0.09,-0.01,-0.62,-0.49,-0.48,1.18,-2.77555756156289e-17
"225",225,"Björn Sigurdarson",2018,"Iceland",-0.42,-0.59,-0.51,-0.65,-1.08,-1.02,-0.67,-0.84,-0.82,-0.79,-0.8,-0.45,0.28,-0.62,-0.91,-0.52,-1.86,-0.76
"226",226,"Emil Hallfredsson",2018,"Iceland",-0.42,-0.5,0.27,-0.8,-0.29,-0.5,0.57,-0.18,-0.59,-0.55,-0.38,-0.45,-0.6,0.35,1.63,-0.48,-0.68,0.04
"227",227,"Gylfi Sigurdsson",2018,"Iceland",1.88,4.68,4.15,1.56,0.26,0.19,3.46,0.04,-0.18,-0.19,-0.8,-0.45,-0.89,-0.14,0.79,3.56,0.23,1.96
"228",228,"Hannes Halldórsson",2018,"Iceland",-0.42,-0.59,-0.51,-0.8,-0.29,2.26,-0.67,-0.62,-0.82,-0.79,-0.59,-0.45,-0.89,-1.11,-0.49,-0.59,1.64,0.115
"229",229,"Hördur Magnússon",2018,"Iceland",-0.42,-0.36,-0.51,0.82,-0.45,0.1,0.16,-0.62,-0.29,-0.42,3.04,-0.14,2.34,0.84,-0.91,-0.41,-0.52,-0.2175
"230",230,"Johann Gudmundsson",2018,"Iceland",-0.42,-0.41,1.82,-0.65,-0.56,-0.07,-0.67,0.7,-0.82,-0.51,-0.59,-0.45,0.57,-1.11,-0.49,0.37,0.63,0.445
"231",231,"Jón Bödvarsson",2018,"Iceland",-0.42,-0.59,-0.51,0.09,-1.02,-0.93,-0.26,-0.4,-0.82,-0.79,-0.59,-0.45,0.28,-1.11,-0.49,-0.55,-1.33,-0.525
"232",232,"Kári Árnason",2018,"Iceland",-0.42,-0.59,-0.51,0.53,-0.77,-0.41,-0.67,-0.4,-0.72,-0.59,1.97,-0.01,1.45,0.84,-0.49,-0.41,-0.81,-0.4975
"233",233,"Ragnar Sigurdsson",2018,"Iceland",-0.42,-0.59,-0.51,-0.65,-0.6,0.1,-0.67,-0.62,-0.82,0.03,1.76,0.39,-0.31,0.35,-0.91,-0.55,-0.52,-0.425
"234",234,"Rúrik Gíslason",2018,"Iceland",-0.42,-0.47,0.27,-0.8,-0.83,-0.59,-0.67,0.04,-0.63,-0.75,-0.16,-0.45,-0.31,-0.14,0.79,-0.19,-0.55,-0.2375
"235",235,"Sverrir Ingason",2018,"Iceland",-0.42,0.93,-0.51,0.38,-0.62,-0.24,-0.67,-0.84,-0.66,-0.79,0.69,1.71,0.87,0.35,-0.91,-0.63,-1.08,-0.565
"236",236,"Alireza Beiranvand",2018,"Iran",-0.42,-0.59,-0.51,-0.8,-0.73,0.27,-0.26,-0.84,-0.82,-0.79,-0.8,-0.45,-0.89,-1.11,-0.06,-0.77,-0.57,-0.335
"237",237,"Alireza Jahanbakhsh",2018,"Iran",-0.42,-0.38,1.05,-0.5,-0.77,-0.5,0.57,0.04,-0.52,-0.62,-0.38,-0.45,-0.31,1.32,0.79,0.48,-0.46,0.29
"238",238,"Ehsan Hajsafi",2018,"Iran",-0.42,-0.38,-0.51,-0.8,-0.45,0.02,0.16,-0.4,-0.66,-0.63,0.69,-0.18,-0.31,-1.11,1.63,-0.59,-0.38,-0.1825
"239",239,"Karim Ansarifard",2018,"Iran",1.88,2.05,-0.51,-0.06,-0.87,-0.85,-0.26,-0.4,-0.71,-0.53,-0.16,-0.45,-0.31,0.35,-0.06,-0.22,-1.25,-0.505
"240",240,"Majid Hosseini",2018,"Iran",-0.42,-0.59,-0.51,-0.8,-0.73,-0.67,-0.26,-0.4,-0.82,-0.73,0.91,-0.06,-0.89,-0.62,-0.49,-0.77,-1.07,-0.46
"241",241,"Masoud Shojaei",2018,"Iran",-0.42,-0.59,-0.51,-0.5,-1.06,-0.93,0.57,-0.62,-0.66,-0.7,-0.8,-0.45,-0.89,0.35,-0.49,-0.41,-1.55,-0.3725
"242",242,"Mehdi Taremi",2018,"Iran",-0.42,2.28,-0.51,1.26,-0.83,-0.85,0.16,-0.62,-0.74,-0.49,0.69,-0.45,1.45,0.84,0.79,-0.74,-1.47,-0.455
"243",243,"Milad Mohammadi",2018,"Iran",-0.42,-0.59,-0.51,-0.8,-1.08,-0.85,0.16,-0.4,-0.57,-0.62,-0.16,-0.45,-0.89,-1.11,-0.49,-0.77,-1.25,-0.4
"244",244,"Morteza Pouraliganji",2018,"Iran",-0.42,-0.59,-0.51,-0.5,-0.49,-0.85,-0.67,-0.84,-0.82,-0.61,1.55,-0.1,0.28,-1.11,-0.06,-0.77,-1.69,-0.7175
"245",245,"Omid Ebrahimi",2018,"Iran",-0.42,-0.5,0.27,-0.65,-0.2,0.1,-0.26,-0.62,-0.74,-0.5,0.48,-0.38,-0.01,1.32,-0.06,0.14,-0.52,-0.1275
"246",246,"Ramin Rezaeian",2018,"Iran",-0.42,-0.41,1.82,-0.8,-0.24,0.88,0.16,0.04,-0.6,-0.64,1.97,-0.38,-0.31,0.84,0.36,0.37,0.92,0.725
"247",247,"Roozbeh Cheshmi",2018,"Iran",-0.42,-0.41,-0.51,-0.5,-1.1,-1.1,-0.67,-0.84,-0.74,-0.7,0.05,-0.26,-0.89,-1.11,-0.91,-0.77,-1.94,-0.78
"248",248,"Saeid Ezatolahi",2018,"Iran",-0.42,-0.38,-0.51,-0.35,-0.7,-0.76,-0.26,-0.4,-0.79,-0.51,1.12,-0.17,-0.6,0.84,0.79,-0.77,-1.16,-0.4825
"249",249,"Saman Ghoddos",2018,"Iran",-0.42,-0.33,-0.51,-0.8,-1.23,-1.1,-0.67,-0.62,-0.82,-0.79,-0.59,-0.45,-0.89,0.84,-0.49,-0.77,-1.72,-0.725
"250",250,"Sardar Azmoun",2018,"Iran",-0.42,0.88,-0.51,1.71,-0.79,-0.85,-0.26,0.04,-0.66,-0.65,0.69,-0.25,4.98,1.32,0.36,0.03,-0.81,-0.395
"251",251,"Vahid Amiri",2018,"Iran",-0.42,-0.41,0.27,-0.65,-0.52,-0.33,0.57,0.04,-0.77,-0.3,-0.59,-0.45,-0.6,1.81,2.9,0.4,-0.29,0.1375
"252",252,"Eiji Kawashima",2018,"Japan",-0.42,-0.59,-0.51,-0.8,-0.22,1.67,-0.67,-0.34,-0.82,-0.79,-0.8,-0.45,-0.67,-1.11,-0.91,-0.77,1.33,0.0375
"253",253,"Gaku Shibasaki",2018,"Japan",-0.42,-0.48,2.4,-0.46,1.6,0.77,-0.05,0.15,2.45,1.27,0.16,1.07,-0.23,1.45,-0.27,1.49,0.92,0.8175
"254",254,"Gen Shoji",2018,"Japan",-0.42,-0.57,-0.51,-0.8,1.03,0.58,-0.36,0.64,0.17,0.01,1.28,2.49,1.75,-1.11,-0.27,-0.53,1.22,0.0875
"255",255,"Genki Haraguchi",2018,"Japan",1.3,-0.13,0.08,-0.24,-0.28,-0.85,-0.36,-0.34,2.19,0.01,0.16,0.88,-0.67,0.35,0.36,-0.14,-1.19,-0.3675
"256",256,"Gotoku Sakai",2018,"Japan",-0.42,-0.48,-0.51,-0.24,-1.04,-0.97,-0.67,-0.84,-0.82,-0.79,-0.8,-0.45,-0.89,-1.11,-0.91,-0.55,-1.81,-0.7475
"257",257,"Hiroki Sakai",2018,"Japan",-0.42,-0.28,0.66,0.31,0.71,0.77,-0.05,0.48,0.71,0.3,1.12,0.69,2.41,-1.11,0.36,-0.2,1.25,0.465
"258",258,"Hotaru Yamaguchi",2018,"Japan",-0.42,-0.59,-0.51,-0.8,0.06,-0.46,-0.67,-0.67,-0.37,-0.79,-0.48,-0.45,-0.89,-0.38,-0.59,-0.77,-1.13,-0.5775
"259",259,"Keisuke Honda",2018,"Japan",1.3,0.84,0.08,-0.35,-0.84,-0.97,-0.05,-0.18,-0.82,-0.79,-0.8,-0.45,0.21,-1.11,-0.27,-0.31,-1.15,-0.28
"260",260,"Makoto Hasebe",2018,"Japan",-0.42,-0.52,-0.51,-0.8,1.51,-0.39,-0.36,0.31,0.54,0.13,0,0.02,-0.67,1.08,0.04,-0.64,-0.08,-0.2375
"261",261,"Maya Yoshida",2018,"Japan",-0.42,-0.24,-0.51,0.09,2.4,1.16,-0.67,0.64,-0.82,0.22,4.64,2.7,2.41,0.72,-0.27,-0.2,1.8,0.155
"262",262,"Shinji Kagawa",2018,"Japan",1.3,1.81,-0.51,0.31,0.45,-0.59,-0.05,0.15,-0.12,0.89,-0.64,-0.45,-0.89,-0.38,0.68,0.52,-0.44,-0.25
"263",263,"Shinji Okazaki",2018,"Japan",-0.42,-0.26,-0.51,-0.13,-1.1,-1.1,-0.36,-0.84,-0.82,-0.32,-0.64,-0.45,-0.45,-0.74,-0.27,-0.61,-1.94,-0.7025
"264",264,"Takashi Inui",2018,"Japan",3.02,0.38,-0.51,1.08,0.32,-0.26,-0.36,1.3,1.67,-0.79,-0.64,-0.45,-0.67,-0.38,1.95,0.14,1.04,0.0425
"265",265,"Takashi Usami",2018,"Japan",-0.42,-0.26,-0.51,-0.35,-0.91,-0.72,-0.67,-0.18,-0.37,0.61,-0.32,-0.45,-0.89,-0.38,0.04,-0.03,-0.9,-0.52
"266",266,"Tomoaki Makino",2018,"Japan",-0.42,-0.26,-0.51,-0.35,-0.18,-0.72,-0.67,-0.84,-0.82,0.61,0,0.6,-0.23,-0.74,-0.91,-0.77,-1.56,-0.685
"267",267,"Yoshinori Muto",2018,"Japan",-0.42,-0.24,-0.51,-0.46,-1.07,-0.91,-0.67,-0.67,-0.37,-0.79,-0.64,-0.45,-0.45,-0.74,-0.91,-0.61,-1.58,-0.69
"268",268,"Yuto Nagatomo",2018,"Japan",-0.42,-0.55,0.66,0.2,1.04,0.25,0.26,0.31,1.21,0.3,1.6,0.02,0.43,-0.38,0.04,0.41,0.56,0.37
"269",269,"Yuya Osako",2018,"Japan",1.3,1.81,-0.51,1.41,-0.48,-0.85,0.88,-0.34,-0.62,-0.79,-0.8,3.74,2.63,-0.38,1.32,0.19,-1.19,-0.205
"270",270,"Andrés Guardado",2018,"Mexico",-0.42,-0.04,0.08,0.31,0.5,-0.01,0.57,1.95,0.43,1.07,-0.48,-0.45,-0.45,-0.38,-0.27,0.66,1.94,0.6475
"271",271,"Carlos Salcedo",2018,"Mexico",-0.42,-0.28,-0.51,0.75,1.56,1.22,-0.36,2.45,0.66,1.54,1.92,10.91,1.09,0.72,-0.91,-0.55,3.67,0.7
"272",272,"Carlos Vela",2018,"Mexico",1.3,3.12,1.82,1.52,0.24,-0.13,2.43,2.61,0.22,-0.38,-0.8,-0.45,-0.23,-0.01,2.27,1.76,2.48,1.6825
"273",273,"Edson Álvarez",2018,"Mexico",-0.42,-0.59,-0.51,-0.46,0.8,1.48,1.19,1.13,2.28,1.24,0.64,0.25,0.21,0.35,0.36,-0.77,2.61,0.8225
"274",274,"Guillermo Ochoa",2018,"Mexico",-0.42,-0.59,-0.51,-0.8,-0.06,2.71,-0.67,-0.84,-0.82,-0.79,-0.64,-0.45,-0.45,-0.74,-0.59,-0.77,1.87,0.1725
"275",275,"Hirving Lozano",2018,"Mexico",1.3,1.52,-0.51,2.18,-0.24,-0.39,4.28,2.45,-0.08,0.51,-0.64,-0.45,-0.45,1.08,3.54,1.85,2.06,1.4575
"276",276,"Hugo Ayala",2018,"Mexico",-0.42,-0.59,-0.51,-0.69,-0.44,-0.13,-0.67,-0.01,0.09,0.24,1.12,0.48,-0.45,-1.11,-0.91,-0.77,-0.14,-0.33
"277",277,"Héctor Herrera",2018,"Mexico",-0.42,-0.15,0.66,0.09,1.39,0.96,2.12,0.64,3.53,0.68,-0.48,1.03,-0.23,4.37,1,1.76,1.6,1.095
"278",278,"Héctor Moreno",2018,"Mexico",-0.42,-0.24,-0.51,0.2,0.5,0.64,-0.67,0.97,0.8,0.55,0.16,2.03,0.65,0.72,-0.91,-0.28,1.61,0.1075
"279",279,"Javier Hernández",2018,"Mexico",1.3,1.12,0.08,2.18,-0.45,-0.46,0.57,-0.34,-0.18,-0.79,-0.48,-0.45,-0.23,-0.01,1.32,0.55,-0.8,-0.0375
"280",280,"Jesús Corona",2018,"Mexico",-0.42,-0.59,0.66,-0.58,-1.01,-0.91,-0.36,0.15,-0.82,-0.24,-0.8,-0.45,-0.89,-1.11,-0.91,-0.03,-0.76,-0.115
"281",281,"Jesús Gallardo",2018,"Mexico",-0.42,-0.52,-0.51,-0.69,0.84,1.42,0.26,-0.01,0.59,1.25,2.08,0.95,0.87,0.35,-0.91,-0.53,1.41,0.29
"282",282,"Jonathan Dos Santos",2018,"Mexico",-0.42,-0.59,-0.51,-0.8,-0.94,-0.91,-0.67,-0.67,-0.42,-0.38,-0.8,-0.45,-0.89,-1.11,-0.91,-0.77,-1.58,-0.69
"283",283,"Miguel Layún",2018,"Mexico",-0.42,0.27,1.82,0.2,0.05,0.83,0.57,2.28,0.22,0.41,-0.48,-0.45,-0.01,-0.38,0.04,1.24,3.11,1.375
"284",284,"Rafael Márquez",2018,"Mexico",-0.42,-0.59,-0.51,-0.8,-0.75,-0.97,-0.36,-0.84,0.12,-0.38,0,-0.45,-0.67,-0.74,-0.91,-0.77,-1.81,-0.67
"285",285,"Raúl Jiménez",2018,"Mexico",-0.42,-0.5,-0.51,-0.35,-1.13,-0.91,-0.67,-0.51,-0.82,-0.79,-0.8,-0.45,-0.23,-0.38,-0.91,-0.77,-1.42,-0.65
"286",286,"Achraf Hakimi",2018,"Morocco",-0.42,-0.53,-0.51,-0.35,0.57,0.62,0.98,0.26,1.81,-0.07,1.12,-0.45,0.57,-0.14,-0.91,-0.48,0.88,0.3375
"287",287,"Amine Harit",2018,"Morocco",-0.42,-0.15,-0.51,0.23,-0.91,-1.1,1.81,0.26,-0.82,-0.79,-0.8,-0.45,-0.6,-0.62,-0.06,-0.52,-0.84,0.115
"288",288,"Ayoub El Kaabi",2018,"Morocco",-0.42,-0.36,-0.51,0.38,-1.16,-1.1,-0.67,-0.62,-0.82,-0.79,-0.59,-0.45,0.57,-0.14,-0.49,-0.3,-1.72,-0.725
"289",289,"Aziz Bouhaddouz",2018,"Morocco",-0.42,-0.59,-0.51,-0.21,-1.23,-1.1,-0.67,-0.84,-0.82,-0.79,-0.8,-0.45,-0.31,-0.62,-0.49,-0.59,-1.94,-0.78
"290",290,"Fayçal Fajr",2018,"Morocco",-0.42,-0.59,0.27,-0.8,-0.93,-0.85,-0.67,-0.84,-0.82,-0.79,-0.8,-0.45,-0.89,0.35,-0.91,-0.33,-1.69,-0.5225
"291",291,"Hakim Ziyech",2018,"Morocco",-0.42,0.73,4.15,1.12,0.59,0.62,0.57,0.7,-0.6,0.31,-0.8,-0.45,-0.6,2.79,0.36,2.98,1.32,1.51
"292",292,"Karim El Ahmadi",2018,"Morocco",-0.42,-0.56,-0.51,-0.8,0.57,0.02,-0.67,-0.84,2.1,1.72,0.05,-0.45,0.87,2.3,-0.49,-0.77,-0.82,-0.5
"293",293,"Khalid Boutaïb",2018,"Morocco",1.88,1.96,-0.51,0.68,-0.91,-1.1,0.16,-0.18,-0.77,-0.73,-0.38,-0.45,1.45,0.35,-0.06,-0.77,-1.28,-0.4075
"294",294,"Manuel da Costa",2018,"Morocco",-0.42,-0.5,-0.51,-0.21,-0.1,0.27,-0.67,0.04,0.79,1.99,0.69,1.19,0.57,-0.14,-0.91,-0.63,0.31,-0.2175
"295",295,"Mbark Boussoufa",2018,"Morocco",-0.42,-0.59,1.05,0.23,0.87,0.02,0.16,-0.4,3.61,0.85,-0.59,-0.45,-0.31,1.32,2.9,0.7,-0.38,0.2075
"296",296,"Medhi Benatia",2018,"Morocco",-0.42,1.08,-0.51,0.68,0.72,-0.07,-0.26,0.91,-0.82,-0.79,0.26,3.13,1.75,1.32,-0.06,0.4,0.84,0.0175
"297",297,"Munir",2018,"Morocco",-0.42,-0.59,-0.51,-0.8,-0.39,1.14,-0.67,-0.84,-0.82,-0.79,-0.8,-0.45,-0.89,-1.11,-0.49,-0.77,0.3,-0.22
"298",298,"Nabil Dirar",2018,"Morocco",-0.42,-0.56,1.05,-0.35,0.24,0.53,0.57,1.13,0.48,1.38,0.05,1.05,-0.6,0.84,-0.49,0.4,1.66,0.82
"299",299,"Nordin Amrabat",2018,"Morocco",-0.42,-0.56,1.82,-0.21,-0.1,-0.41,4.28,1.13,0.19,-0.73,-0.8,-0.45,0.57,3.76,2.48,0.66,0.72,1.705
"300",300,"Romain Saïss",2018,"Morocco",-0.42,-0.59,-0.51,-0.8,0.24,0.45,-0.67,0.26,-0.71,-0.67,0.91,-0.32,-0.01,-0.14,-0.49,-0.77,0.71,-0.1175
"301",301,"Younès Belhanda",2018,"Morocco",-0.42,0.64,-0.51,1.41,0.41,-0.59,0.16,-0.62,0.14,-0.13,0.48,1.05,0.28,0.84,1.21,-0.08,-1.21,-0.39
"302",302,"Abdullahi Shehu",2018,"Nigeria",-0.42,-0.59,-0.51,-0.8,-0.58,-0.33,-0.67,-0.84,-0.46,-0.05,0.05,-0.45,-0.89,-0.62,-0.49,-0.77,-1.17,-0.5875
"303",303,"Ahmed Musa",2018,"Nigeria",4.17,0.67,-0.51,0.82,-0.5,-0.59,2.22,1.13,-0.03,-0.79,-0.38,-0.45,-0.31,0.84,0.36,1.69,0.54,0.5625
"304",304,"Alex Iwobi",2018,"Nigeria",-0.42,0.03,-0.51,-0.21,-0.93,-0.67,-0.67,-0.84,-0.82,-0.79,-0.16,-0.45,-0.89,-0.62,-0.91,-0.19,-1.51,-0.6725
"305",305,"Bryan Idowu",2018,"Nigeria",-0.42,-0.59,0.27,-0.5,0.09,0.96,-0.67,-0.4,-0.49,0.29,0.69,-0.45,0.28,0.35,-0.06,0.07,0.56,0.04
"306",306,"Francis Uzoho",2018,"Nigeria",-0.42,-0.59,-0.51,-0.8,-0.58,1.57,-0.67,-0.84,-0.82,-0.79,-0.38,-0.45,-0.89,-1.11,-0.49,-0.77,0.73,-0.1125
"307",307,"John Obi Mikel",2018,"Nigeria",-0.42,-0.59,1.05,-0.5,1.06,0.96,0.98,0.04,2.29,-0.68,-0.38,-0.45,1.16,1.32,-0.49,1.06,1,0.7575
"308",308,"Kelechi Iheanacho",2018,"Nigeria",-0.42,-0.3,1.05,0.82,-0.66,-0.67,0.98,-0.18,-0.82,-0.79,-0.8,-0.45,-0.31,-0.62,-0.49,0.7,-0.85,0.295
"309",309,"Kenneth Omeruo",2018,"Nigeria",-0.42,-0.59,-0.51,-0.21,-0.27,0.19,-0.67,-0.84,0.08,1.75,1.12,-0.45,0.87,-0.14,0.36,-0.77,-0.65,-0.4575
"310",310,"Leon Balogun",2018,"Nigeria",-0.42,0.05,-0.51,1.12,0.49,0.36,-0.26,-0.4,-0.82,3.09,0.91,1.22,1.45,0.35,-0.49,-0.59,-0.04,-0.2025
"311",311,"Odion Ighalo",2018,"Nigeria",-0.42,0.67,-0.51,0.97,-1.06,-1.1,0.16,0.26,-0.72,-0.79,0.26,-0.45,0.57,1.81,1.21,-0.37,-0.84,-0.2975
"312",312,"Oghenekaro Etebo",2018,"Nigeria",-0.42,0.11,-0.51,-0.35,1.16,0.45,5.52,0.04,1.03,0.13,0.26,-0.45,-0.31,0.84,3.75,0.4,0.49,1.375
"313",313,"Tyronne Ebuehi",2018,"Nigeria",-0.42,-0.59,-0.51,-0.8,-0.83,-1.02,-0.67,-0.84,-0.03,-0.79,-0.8,-0.45,-0.89,-0.62,-0.91,-0.77,-1.86,-0.76
"314",314,"Victor Moses",2018,"Nigeria",1.88,2.25,1.82,-0.06,0.24,0.7,1.81,1.79,-0.35,-0.05,0.91,1.88,-0.6,0.84,1.63,-0.04,2.49,1.53
"315",315,"Wilfred Ndidi",2018,"Nigeria",-0.42,-0.33,0.27,0.53,1.16,1.22,0.57,-0.4,2.3,2.5,0.69,-0.45,4.39,1.32,2.06,-0.44,0.82,0.415
"316",316,"William Troost-Ekong",2018,"Nigeria",-0.42,-0.41,-0.51,0.23,0.41,1.14,0.16,-0.4,-0.35,0.17,1.33,-0.45,1.16,-0.14,-0.06,-0.3,0.74,0.0975
"317",317,"Abdiel Arroyo",2018,"Panama",-0.42,-0.59,-0.51,-0.21,-1.16,-1.02,-0.26,-0.62,-0.82,-0.79,-0.8,-0.45,-0.01,-0.62,-0.91,-0.08,-1.64,-0.6025
"318",318,"Adolfo Machado",2018,"Panama",-0.42,-0.59,-0.51,-0.8,-0.87,-0.41,-0.67,-0.84,-0.53,-0.59,0.05,-0.45,-0.6,-1.11,-0.91,-0.3,-1.25,-0.6075
"319",319,"Aníbal Godoy",2018,"Panama",-0.42,-0.21,-0.51,0.09,0.62,-0.24,-0.26,0.48,-0.82,-0.17,-0.38,-0.45,-0.6,1.32,3.33,0.4,0.24,-0.1325
"320",320,"Armando Cooper",2018,"Panama",-0.42,-0.53,-0.51,-0.8,0.01,-0.24,0.98,0.48,-0.62,-0.06,-0.59,-0.45,-0.6,0.84,1.21,-0.44,0.24,0.1775
"321",321,"Blas Pérez",2018,"Panama",-0.42,-0.33,-0.51,-0.06,-0.77,-1.1,-0.67,-0.62,-0.82,-0.79,-0.38,-0.45,2.04,-0.62,-0.49,-0.26,-1.72,-0.725
"322",322,"Fidel Escobar",2018,"Panama",-0.42,-0.41,-0.51,-0.65,0.17,0.36,-0.67,-0.4,-0.15,-0.49,1.12,0.23,-0.89,1.32,0.36,-0.77,-0.04,-0.305
"323",323,"Gabriel Gómez",2018,"Panama",-0.42,-0.59,-0.51,-0.35,0.8,0.02,-0.26,-0.62,-0.32,-0.06,0.05,0.02,-0.6,1.32,1.21,-0.33,-0.6,-0.3425
"324",324,"Gabriel Torres",2018,"Panama",-0.42,-0.44,-0.51,-0.35,-1.06,-0.85,-0.67,-0.84,-0.52,-0.79,-0.8,-0.45,-0.6,-0.62,-0.91,-0.48,-1.69,-0.7175
"325",325,"Harold Cummings",2018,"Panama",-0.42,-0.59,-0.51,-0.8,-1.04,-0.85,-0.67,-0.84,-0.73,-0.59,-0.16,-0.45,-0.6,-1.11,-0.91,-0.77,-1.69,-0.7175
"326",326,"Ismael Díaz",2018,"Panama",-0.42,-0.59,-0.51,-0.8,-1.17,-1.1,-0.26,-0.62,-0.82,-0.79,-0.8,-0.45,-0.89,-1.11,-0.91,-0.77,-1.72,-0.6225
"327",327,"Jaime Penedo",2018,"Panama",-0.42,-0.59,-0.51,-0.8,-0.73,0.62,-0.67,-0.84,-0.57,-0.79,-0.38,-0.45,-0.89,-1.11,-0.91,-0.77,-0.22,-0.35
"328",328,"José Luis Rodríguez",2018,"Panama",-0.42,-0.33,0.27,0.09,-0.27,-0.67,0.16,-0.62,-0.82,-0.22,-0.16,-0.45,-0.6,0.35,3.75,-0.19,-1.29,-0.215
"329",329,"Luis Ovalle",2018,"Panama",-0.42,-0.59,-0.51,-0.8,-0.79,-0.07,-0.67,-0.84,-0.73,-0.79,0.48,-0.45,-0.31,-1.11,-0.49,-0.77,-0.91,-0.5225
"330",330,"Luis Tejada",2018,"Panama",-0.42,-0.59,-0.51,-0.21,-0.96,-1.02,-0.67,-0.84,-0.62,-0.79,-0.8,-0.45,-0.6,0.84,-0.49,-0.37,-1.86,-0.76
"331",331,"Michael Murillo",2018,"Panama",-0.42,1.37,-0.51,-0.21,0.15,0.88,0.16,-0.18,-0.11,-0.32,-0.38,-0.45,-0.89,1.81,-0.06,-0.77,0.7,0.0875
"332",332,"Ricardo Ávila",2018,"Panama",-0.42,-0.56,1.82,-0.8,-0.6,-0.76,0.98,-0.18,-0.47,-0.79,-0.8,-0.45,-0.6,1.32,-0.06,0.14,-0.94,0.465
"333",333,"Román Torres",2018,"Panama",-0.42,0.9,-0.51,0.53,-0.18,-0.16,-0.26,-0.84,-0.82,-0.06,3.25,0.14,0.57,-0.62,-0.06,-0.59,-1,-0.4425
"334",334,"Édgar Bárcenas",2018,"Panama",-0.42,0.2,1.05,-0.5,-0.26,0.1,0.16,0.48,-0.62,0.03,-0.59,-0.45,-0.6,0.84,0.36,0.92,0.58,0.4475
"335",335,"Érick Davis",2018,"Panama",-0.42,-0.59,1.05,-0.8,0.55,0.79,-0.67,0.26,-0.41,-0.32,0.05,-0.45,-0.6,0.84,-0.49,-0.22,1.05,0.3575
"336",336,"Alberto Rodríguez",2018,"Peru",-0.42,-0.36,-0.51,0.23,-0.33,-0.41,-0.67,-0.18,-0.82,-0.16,0.91,2.51,0.57,-0.14,-0.91,-0.77,-0.59,-0.4425
"337",337,"Anderson Santamaría",2018,"Peru",-0.42,-0.59,-0.51,-0.65,0.07,-0.59,-0.67,-0.4,0.68,-0.79,0.91,-0.45,-0.31,-1.11,-0.91,-0.77,-0.99,-0.5425
"338",338,"André Carrillo",2018,"Peru",1.88,-0.3,1.05,1.56,0.24,-0.67,3.46,2.01,0.08,0.13,-0.38,-0.45,-0.31,-0.14,0.36,0.95,1.34,1.4625
"339",339,"Christian Cueva",2018,"Peru",-0.42,1.93,-0.51,2.59,0.72,0.53,0.57,2.23,-0.54,0.17,-0.16,-0.45,-0.89,-1.11,1.21,1.5,2.76,0.705
"340",340,"Christian Ramos",2018,"Peru",-0.42,-0.59,-0.51,-0.65,0.7,0.62,-0.67,2.01,-0.2,1.43,2.19,0.19,0.57,-1.11,-0.49,-0.77,2.63,0.3625
"341",341,"Edison Flores",2018,"Peru",-0.42,-0.21,0.27,-0.35,0.18,0.1,0.16,-0.4,1.3,0.17,0.26,-0.45,0.28,0.35,-0.06,-0.19,-0.3,0.0325
"342",342,"Jefferson Farfán",2018,"Peru",-0.42,0.14,-0.51,0.97,-0.7,-0.85,-0.26,-0.18,-0.16,-0.79,0.05,-0.45,0.87,1.32,1.63,0.07,-1.03,-0.45
"343",343,"Luis Advíncula",2018,"Peru",-0.42,-0.44,-0.51,-0.06,1.26,2.6,0.16,1.13,3,0.84,1.12,1.63,-0.6,-0.14,2.48,-0.44,3.73,0.845
"344",344,"Miguel Trauco",2018,"Peru",-0.42,-0.59,1.82,-0.5,1.89,4.41,0.16,-0.84,1.12,2.82,1.12,1.07,0.28,-0.14,-0.49,1.36,3.57,1.3875
"345",345,"Paolo Guerrero",2018,"Peru",1.88,0.82,-0.51,2.59,-0.7,-0.93,-0.67,-0.4,0.49,-0.79,-0.16,0.19,1.45,0.84,-0.06,0.07,-1.33,-0.6275
"346",346,"Paolo Hurtado",2018,"Peru",-0.42,-0.59,-0.51,-0.8,-0.96,-1.02,-0.26,-0.4,-0.54,-0.79,-0.16,-0.45,-0.89,-0.14,-0.91,-0.77,-1.42,-0.5475
"347",347,"Pedro Aquino",2018,"Peru",-0.42,-0.5,-0.51,-0.8,0.45,-0.24,-0.67,-0.62,3.46,1.23,0.05,-0.45,-0.01,1.32,-0.06,-0.52,-0.86,-0.51
"348",348,"Pedro Gallese",2018,"Peru",-0.42,-0.59,-0.51,-0.8,-0.41,1.22,-0.67,-0.84,-0.82,-0.79,-0.8,-0.45,-0.89,-1.11,-0.06,-0.77,0.38,-0.2
"349",349,"Renato Tapia",2018,"Peru",-0.42,-0.53,-0.51,-0.8,-0.49,-0.76,-0.67,-0.62,-0.2,-0.22,0.05,0.83,-0.31,0.35,-0.06,-0.63,-1.38,-0.64
"350",350,"Yoshimar Yotún",2018,"Peru",-0.42,-0.5,0.27,-0.8,1.08,0.79,0.16,0.26,0.08,-0.12,-0.8,-0.45,-0.89,1.32,1.21,1.28,1.05,0.37
"351",351,"Arkadiusz Milik",2018,"Poland",-0.42,-0.09,0.27,-0.06,-1.02,-0.93,-0.67,-0.62,-0.82,-0.79,-0.8,-0.45,-0.6,-1.11,-0.91,-0.52,-1.55,-0.4875
"352",352,"Artur Jedrzejczyk",2018,"Poland",-0.42,-0.44,-0.51,-0.35,-0.45,-0.16,-0.67,-0.62,-0.45,-0.41,-0.59,-0.45,-0.01,-0.14,-0.91,-0.11,-0.78,-0.49
"353",353,"Bartosz Bereszynski",2018,"Poland",-0.42,-0.59,1.05,-0.21,0.01,0.96,-0.26,-0.4,-0.47,0.35,-0.16,-0.45,0.57,0.84,-0.06,0.22,0.56,0.3375
"354",354,"Dawid Kownacki",2018,"Poland",-0.42,-0.38,-0.51,0.38,-0.98,-1.02,-0.67,-0.84,-0.82,-0.79,-0.38,-0.45,0.57,-0.14,-0.91,-0.33,-1.86,-0.76
"355",355,"Grzegorz Krychowiak",2018,"Poland",1.88,1.23,-0.51,0.23,1.56,1.14,-0.67,-0.18,1.79,2.16,0.05,1.31,1.16,0.35,2.48,-0.3,0.96,-0.055
"356",356,"Jacek Góralski",2018,"Poland",-0.42,-0.56,-0.51,-0.8,-0.12,-0.76,-0.67,-0.62,2.78,-0.43,-0.38,0.37,-0.31,0.35,0.36,-0.77,-1.38,-0.64
"357",357,"Jakub Blaszczykowski",2018,"Poland",-0.42,-0.59,-0.51,-0.65,-1.17,-1.1,-0.67,-0.84,-0.82,-0.79,-0.8,-0.45,-0.6,-1.11,-0.91,-0.77,-1.94,-0.78
"358",358,"Jan Bednarek",2018,"Poland",1.88,0.96,-0.51,-0.5,1.66,1.31,-0.26,-0.4,-0.06,1.09,2.19,2.86,0.28,-0.14,0.36,-0.77,0.91,0.035
"359",359,"Kamil Glik",2018,"Poland",-0.42,-0.44,-0.51,-0.35,-0.01,-0.59,-0.67,-0.18,-0.82,-0.79,0.69,1.28,-0.6,-0.14,-0.49,-0.55,-0.77,-0.4875
"360",360,"Kamil Grosicki",2018,"Poland",-0.42,-0.12,1.82,1.71,-0.52,-0.41,-0.26,0.04,-0.47,-0.43,-0.8,-0.45,-0.6,-0.62,-0.06,2.09,-0.37,0.2975
"361",361,"Lukasz Fabianski",2018,"Poland",-0.42,-0.59,-0.51,-0.8,-0.85,-0.16,-0.67,-0.84,-0.82,-0.41,-0.8,-0.45,-0.89,-1.11,-0.91,-0.77,-1,-0.545
"362",362,"Lukasz Piszczek",2018,"Poland",-0.42,-0.3,-0.51,0.09,0.18,1.31,-0.67,0.7,-0.82,0.29,1.12,-0.45,0.87,-1.11,0.36,1.06,2.01,0.2075
"363",363,"Lukasz Teodorczyk",2018,"Poland",-0.42,-0.44,-0.51,0.23,-1.16,-1.02,-0.26,-0.84,-0.47,-0.79,-0.8,-0.45,0.28,-0.62,-0.91,-0.59,-1.86,-0.6575
"364",364,"Maciej Rybus",2018,"Poland",-0.42,-0.41,1.05,-0.21,-0.1,0.02,-0.26,-0.62,1.06,0.71,1.97,-0.45,-0.01,-0.14,-0.49,0.4,-0.6,0.0475
"365",365,"Michal Pazdan",2018,"Poland",-0.42,-0.59,-0.51,-0.8,1.16,1.65,-0.67,-0.62,1.06,2.21,0.69,1.31,0.87,-0.62,-0.91,-0.33,1.03,-0.0375000000000001
"366",366,"Piotr Zielinski",2018,"Poland",-0.42,-0.24,0.27,0.09,1.29,0.79,0.16,0.48,1,-0.79,-0.8,-0.45,-0.31,-0.14,-0.06,0.99,1.27,0.425
"367",367,"Rafal Kurzawa",2018,"Poland",-0.42,-0.36,-0.51,-0.65,-0.83,-0.5,-0.26,-0.62,-0.82,-0.03,-0.59,-0.45,-0.01,-1.11,-0.06,-0.04,-1.12,-0.4725
"368",368,"Robert Lewandowski",2018,"Poland",-0.42,3.28,-0.51,2.44,-0.14,-0.93,0.57,-0.4,0.3,-0.79,-0.38,-0.45,1.75,1.32,1.21,-0.15,-1.33,-0.3175
"369",369,"Thiago Cionek",2018,"Poland",-0.42,-0.59,-0.51,-0.65,0.15,-0.07,-0.26,0.7,1.47,-0.01,0.05,-0.45,0.28,-0.62,-0.06,-0.77,0.63,-0.035
"370",370,"Wojciech Szczesny",2018,"Poland",-0.42,-0.59,-0.51,-0.8,-0.35,1.22,-0.67,-0.62,-0.82,-0.79,-0.59,-0.45,-0.6,-1.11,-0.91,-0.77,0.6,-0.145
"371",371,"Adrien Silva",2018,"Portugal",-0.42,-0.44,-0.51,-0.58,0.93,-0.46,-0.67,-0.34,0.58,-0.11,-0.8,-0.45,-0.67,-0.38,-0.59,-0.31,-0.8,-0.495
"372",372,"André Silva",2018,"Portugal",-0.42,-0.55,-0.51,-0.35,-0.9,-0.91,-0.67,-0.67,-0.82,-0.79,-0.64,-0.45,-0.45,-0.74,-0.27,-0.77,-1.58,-0.69
"373",373,"Bernardo Silva",2018,"Portugal",-0.42,-0.3,0.08,0.64,0.28,-0.01,1.5,1.95,0.64,0.18,-0.48,-0.45,-0.67,-0.38,0.36,0.38,1.94,0.88
"374",374,"Bruno Fernandes",2018,"Portugal",-0.42,-0.46,-0.51,-0.8,-0.91,-1.04,-0.67,-0.51,-0.72,-0.59,-0.64,-0.45,-0.67,-0.74,-0.91,-0.39,-1.55,-0.6825
"375",375,"Cristiano Ronaldo",2018,"Portugal",6.46,5.59,-0.51,1.19,0.15,-0.52,2.12,1.13,-0.82,-0.08,-0.16,-0.22,0.65,-0.01,3.54,1.18,0.61,0.555
"376",376,"Cédric Soares",2018,"Portugal",-0.42,-0.59,0.08,-0.8,0.41,1.09,-0.36,-0.34,0.43,0.99,0.8,0.36,-0.01,1.08,-0.27,-0.64,0.75,0.1175
"377",377,"Gelson Martins",2018,"Portugal",-0.42,-0.59,-0.51,-0.8,-1.16,-0.97,-0.36,-0.67,-0.57,-0.79,-0.8,-0.45,-0.89,-1.11,-0.59,-0.77,-1.64,-0.6275
"378",378,"Gonçalo Guedes",2018,"Portugal",-0.42,0.38,-0.51,0.75,-0.51,-0.78,0.26,0.64,-0.32,-0.79,-0.48,-0.45,-0.01,-0.01,1,-0.11,-0.14,-0.0975
"379",379,"José Fonte",2018,"Portugal",-0.42,-0.28,-0.51,1.08,0.91,0.32,-0.67,-0.18,-0.82,3.38,2.88,1.16,3.95,0.35,0.36,-0.44,0.14,-0.26
"380",380,"João Moutinho",2018,"Portugal",-0.42,-0.59,1.82,-0.8,-0.24,-0.39,-0.36,-0.67,0.63,-0.69,-0.32,-0.45,-0.45,1.08,0.36,0.25,-1.06,0.1
"381",381,"João Mário",2018,"Portugal",-0.42,-0.44,1.24,-0.35,0.77,-0.2,0.26,-0.01,0.76,-0.53,-0.64,-0.45,1.09,0.72,0.04,0.6,-0.21,0.3225
"382",382,"Pepe",2018,"Portugal",1.3,0.27,-0.51,0.31,0.71,1.61,0.88,-0.34,2.01,1.67,1.76,0.13,2.19,-0.01,0.36,-0.61,1.27,0.41
"383",383,"Raphaël Guerreiro",2018,"Portugal",-0.42,-0.39,2.4,-0.46,1.62,1.87,1.81,1.3,0.44,1.5,0.48,-0.45,0.43,1.08,0.68,1.29,3.17,1.845
"384",384,"Ricardo Pereira",2018,"Portugal",-0.42,-0.59,0.08,-0.35,-0.54,-0.33,-0.67,-0.67,-0.82,-0.11,-0.64,-0.45,-0.67,-0.01,-0.59,-0.31,-1,-0.3975
"385",385,"Ricardo Quaresma",2018,"Portugal",1.3,-0.11,1.82,0.53,-0.64,-0.52,0.88,0.31,0.54,-0.11,-0.8,-0.45,-0.89,0.35,-0.27,0.3,-0.21,0.6225
"386",386,"Rui Patrício",2018,"Portugal",-0.42,-0.59,-0.51,-0.58,-0.31,1.29,-0.67,-0.84,-0.82,-0.79,-0.8,-0.45,-0.45,-1.11,-0.27,-0.77,0.45,-0.1825
"387",387,"William Carvalho",2018,"Portugal",-0.42,-0.52,0.08,-0.58,1.95,0.45,0.26,0.15,1.81,0.18,-0.48,-0.45,-0.67,1.08,0.36,0.19,0.6,0.235
"388",388,"Alan Dzagoev",2018,"Russia",-0.42,-0.46,0.8,-0.63,-1.1,-0.91,-0.44,-0.59,-0.82,-0.79,-0.8,-0.45,-0.56,-1.11,-0.67,0.11,-1.5,-0.285
"389",389,"Aleksandr Erokhin",2018,"Russia",-0.42,-0.29,-0.51,0.36,-1.18,-0.96,-0.44,-0.59,-0.82,-0.72,-0.8,-0.29,-0.56,-0.29,-0.91,-0.77,-1.55,-0.625
"390",390,"Aleksandr Golovin",2018,"Russia",0.87,-0.33,1.24,0.36,-0.14,-0.33,0.49,0.4,-0.41,-0.15,-0.44,-0.45,-0.23,3,0.04,1.15,0.07,0.45
"391",391,"Aleksandr Samedov",2018,"Russia",-0.42,-0.44,1.68,0.11,-0.04,-0.28,0.49,0.15,-0.1,-0.56,-0.44,-0.45,-0.23,1.08,1,0.94,-0.13,0.51
"392",392,"Aleksei Miranchuk",2018,"Russia",-0.42,-0.59,-0.51,-0.8,-1.1,-1.06,-0.67,-0.84,-0.67,-0.79,-0.8,-0.45,-0.73,-0.84,-0.67,-0.71,-1.9,-0.77
"393",393,"Artem Dzyuba",2018,"Russia",3.45,2.26,-0.51,2.27,-0.52,-0.72,0.03,0.15,-0.82,-0.31,-0.2,-0.1,5.38,3,1.47,0.3,-0.57,-0.2625
"394",394,"Daler Kuziaev",2018,"Russia",-0.42,-0.51,-0.51,-0.55,-0.42,-0.76,-0.44,-0.59,-0.41,-0.63,-0.32,-0.45,-0.4,0.53,-0.43,-0.51,-1.35,-0.575
"395",395,"Denis Cheryshev",2018,"Russia",4.74,1.68,0.37,1.44,-0.67,-0.38,0.49,0.64,-0.19,0.1,-0.8,-0.45,0.1,0.81,-0.67,0.03,0.26,0.28
"396",396,"Fedor Kudryashov",2018,"Russia",-0.42,-0.59,-0.51,-0.71,-0.17,0.59,-0.67,-0.59,-0.76,-0.77,0.4,-0.41,-0.07,0.81,-0.67,-0.63,0,-0.295
"397",397,"Fedor Smolov",2018,"Russia",-0.42,-0.52,-0.51,0.53,-0.69,-0.91,0.72,0.52,-0.52,-0.79,-0.8,-0.45,0.1,-0.01,-0.67,0.26,-0.39,-0.045
"398",398,"Igor Akinfeev",2018,"Russia",-0.42,-0.59,-0.51,-0.8,-0.54,1.46,-0.67,-0.71,-0.82,-0.79,-0.56,-0.45,-0.89,-1.11,-0.91,-0.71,0.75,-0.1075
"399",399,"Igor Smolnikov",2018,"Russia",-0.42,-0.59,-0.51,-0.8,-1.15,-1.01,-0.67,-0.59,-0.82,-0.79,-0.8,-0.45,-0.89,-0.84,-0.43,-0.77,-1.6,-0.695
"400",400,"Ilya Kutepov",2018,"Russia",-0.42,-0.46,-0.07,-0.55,-0.01,0.16,-0.67,-0.84,-0.65,0.61,3.52,0.55,1.91,0.26,-0.43,-0.4,-0.68,-0.355
"401",401,"Iury Gazinsky",2018,"Russia",0.87,-0.03,-0.07,-0.55,-0.3,-0.47,-0.44,-0.84,-0.08,-0.36,0.28,-0.45,0.1,0.53,-0.19,-0.36,-1.31,-0.455
"402",402,"Mário Fernandes",2018,"Russia",0.87,0.04,0.37,-0.05,0.79,2,-0.67,0.03,0,0.47,1.96,0.63,2.41,-0.01,0.52,1.05,2.03,0.4325
"403",403,"Roman Zobnin",2018,"Russia",-0.42,-0.19,-0.07,-0.13,0.15,-0.13,0.72,0.64,0.42,1.82,-0.32,0.34,0.43,1.08,1.24,0.43,0.51,0.29
"404",404,"Sergey Ignashevich",2018,"Russia",-0.42,-0.44,-0.51,-0.46,-0.06,0.2,-0.67,-0.71,-0.53,0.3,4.24,1.08,1.58,-0.56,-0.19,-0.55,-0.51,-0.4225
"405",405,"Yury Zhirkov",2018,"Russia",-0.42,-0.51,-0.51,-0.63,-0.52,0.45,-0.44,-0.59,-0.57,-0.79,0.16,-0.45,0.59,-0.29,-0.67,-0.71,-0.14,-0.2725
"406",406,"Abdullah Al-Mayouf",2018,"Saudi Arabia",-0.42,-0.59,-0.51,-0.8,-0.93,-0.41,-0.67,-0.62,-0.04,-0.79,-0.8,-0.45,-0.89,-1.11,-0.91,-0.77,-1.03,-0.5525
"407",407,"Abdullah Otayf",2018,"Saudi Arabia",-0.42,-0.36,-0.51,-0.35,3.34,2,0.16,0.48,0.86,4.24,-0.16,-0.45,-0.89,-0.14,2.48,0.29,2.48,0.5325
"408",408,"Ali Al-Bulayhi",2018,"Saudi Arabia",-0.42,-0.59,-0.51,-0.8,-0.62,-0.5,-0.67,-0.84,-0.82,-0.79,0.26,2.13,-0.6,-1.11,-0.49,-0.77,-1.34,-0.63
"409",409,"Fahad Al-Muwallad",2018,"Saudi Arabia",-0.42,1.73,-0.51,1.12,-0.93,-0.93,-0.26,-0.18,0,-0.79,-0.8,-0.45,-0.89,0.84,-0.06,-0.08,-1.11,-0.47
"410",410,"Hatan Bahbir",2018,"Saudi Arabia",-0.42,1.64,-0.51,0.82,-0.2,-0.93,-0.26,0.04,-0.04,-0.79,-0.8,-0.45,-0.89,-0.62,-0.49,0,-0.89,-0.415
"411",411,"Hussain Al-Mogahwi",2018,"Saudi Arabia",-0.42,0.93,-0.51,0.09,0.68,-0.5,-0.67,0.48,1.39,-0.22,-0.59,-0.45,-0.89,-0.14,0.79,-0.08,-0.02,-0.3
"412",412,"Mohammed Al-Burayk",2018,"Saudi Arabia",-0.42,-0.3,3.38,-0.21,2.69,1.39,-0.26,0.91,3.51,2.3,0.05,4.44,-0.31,-1.11,2.9,0,2.3,1.355
"413",413,"Mohammed Al-Owais",2018,"Saudi Arabia",-0.42,-0.59,-0.51,-0.8,-0.91,-0.16,-0.67,-0.84,-0.82,-0.79,-0.8,-0.45,-0.6,-1.11,-0.91,-0.77,-1,-0.545
"414",414,"Mohammed Al-Sahlawi",2018,"Saudi Arabia",-0.42,-0.5,-0.51,-0.65,-1.02,-1.1,-0.67,-0.84,-0.82,-0.79,-0.8,-0.45,0.28,-0.14,-0.91,-0.77,-1.94,-0.78
"415",415,"Motaz Hawsawi",2018,"Saudi Arabia",-0.42,-0.59,-0.51,-0.8,-0.75,-0.5,-0.26,-0.84,0.83,-0.79,-0.8,-0.45,-0.6,-1.11,-0.49,-0.77,-1.34,-0.5275
"416",416,"Muhannad Assiri",2018,"Saudi Arabia",-0.42,-0.3,-0.51,-0.5,-1.25,-1.1,-0.67,-0.84,-0.82,-0.79,-0.16,-0.45,-0.31,-1.11,-0.91,-0.77,-1.94,-0.78
"417",417,"Omar Hawsawi",2018,"Saudi Arabia",-0.42,-0.59,-0.51,-0.8,-0.41,-0.76,-0.26,-0.18,-0.04,0,0.26,1.35,-0.6,-0.62,-0.06,-0.77,-0.94,-0.4275
"418",418,"Osama Hawsawi",2018,"Saudi Arabia",-0.42,-0.59,0.27,-0.8,0.87,0.62,-0.67,-0.62,3.65,3.35,1.55,1.35,0.28,0.35,0.79,-0.77,0,-0.1
"419",419,"Salem Al-Dawsari",2018,"Saudi Arabia",1.88,0.03,-0.51,0.68,1.72,0.62,3.87,2.88,3.17,0.84,-0.8,-0.45,-0.6,0.84,1.63,0.14,3.5,1.715
"420",420,"Salman Al-Faraj",2018,"Saudi Arabia",1.88,2.05,3.38,-0.06,3.25,2.43,0.98,2.45,-0.04,-0.22,0.48,-0.45,-0.31,0.35,0.36,2.79,4.88,2.31
"421",421,"Taisir Al-Jassim",2018,"Saudi Arabia",-0.42,-0.59,-0.51,-0.8,-0.08,-0.76,-0.26,-0.62,-0.04,0,-0.59,-0.45,-0.89,0.35,-0.06,-0.66,-1.38,-0.5375
"422",422,"Yahia Al-Shehri",2018,"Saudi Arabia",-0.42,-0.59,-0.51,-0.8,-0.29,-0.67,-0.67,0.04,-0.82,0,-0.8,-0.45,-0.89,-1.11,-0.91,-0.77,-0.63,-0.4525
"423",423,"Yaseer Al-Shahrani",2018,"Saudi Arabia",-0.42,-0.21,0.27,-0.21,1.98,0.88,0.57,1.35,3.13,0,1.55,1.45,1.75,0.84,-0.06,0.07,2.23,0.7675
"424",424,"Yasser Al-Mosailem",2018,"Saudi Arabia",-0.42,-0.59,-0.51,-0.8,-0.98,0.02,-0.67,-0.62,-0.82,-0.79,-0.8,-0.45,-0.89,-1.11,-0.91,-0.77,-0.6,-0.445
"425",425,"Alfred N'Diaye",2018,"Senegal",-0.42,-0.38,-0.51,-0.21,-0.52,-0.5,-0.26,-0.84,-0.38,-0.01,-0.59,-0.45,0.28,-0.62,-0.91,-0.59,-1.34,-0.5275
"426",426,"Badou Ndiaye",2018,"Senegal",-0.42,-0.41,1.05,-0.5,-0.93,-0.85,-0.26,-0.84,-0.82,-0.13,-0.8,-0.45,-0.6,-0.62,-0.91,0.03,-1.69,-0.225
"427",427,"Cheikh N'Doye",2018,"Senegal",-0.42,-0.44,-0.51,0.09,-1.12,-0.93,-0.67,-0.84,-0.6,-0.56,-0.8,-0.45,0.57,-0.62,-0.49,-0.33,-1.77,-0.7375
"428",428,"Cheikhou Kouyaté",2018,"Senegal",-0.42,-0.59,-0.51,-0.8,-0.64,-0.85,-0.26,-0.62,-0.28,-0.79,-0.38,-0.45,-0.31,-0.62,-0.49,-0.63,-1.47,-0.56
"429",429,"Idrissa Gueye",2018,"Senegal",-0.42,-0.41,-0.51,-0.8,1.12,0.62,-0.67,0.48,0.94,-0.32,0.05,-0.45,0.57,1.81,-0.06,-0.59,1.1,-0.02
"430",430,"Ismaïla Sarr",2018,"Senegal",-0.42,0.03,-0.51,0.53,-0.31,-0.07,1.39,3.1,-0.34,-0.46,-0.16,-0.45,0.28,0.84,1.63,0.14,3.03,0.9775
"431",431,"Kalidou Koulibaly",2018,"Senegal",-0.42,-0.59,-0.51,-0.65,0.41,1.31,-0.67,-0.18,0.05,0.51,1.12,0.1,0.57,0.84,-0.91,-0.74,1.13,-0.0125
"432",432,"Keita Baldé",2018,"Senegal",-0.42,-0.53,-0.51,-0.65,-1.06,-0.85,0.16,-0.18,-0.34,-0.79,-0.59,-0.45,-0.31,-0.62,0.36,-0.44,-1.03,-0.345
"433",433,"Khadim N'Diaye",2018,"Senegal",-0.42,-0.59,-0.51,-0.8,-0.64,1.22,-0.67,-0.84,-0.82,-0.79,-0.59,-0.45,-0.31,-1.11,-0.49,-0.77,0.38,-0.2
"434",434,"Lamine Gassama",2018,"Senegal",-0.42,-0.59,-0.51,-0.8,-0.73,0.1,0.16,-0.84,-0.34,-0.29,-0.38,-0.45,-0.31,-0.62,0.36,-0.77,-0.74,-0.2725
"435",435,"M'Baye Niang",2018,"Senegal",1.88,1.67,2.6,2.59,-0.22,0.02,0.16,0.26,-0.26,-0.29,-0.38,-0.45,1.16,1.81,0.79,1.32,0.28,0.76
"436",436,"Mame Biram Diouf",2018,"Senegal",-0.42,-0.3,-0.51,-0.35,-1.16,-0.85,-0.67,-0.84,-0.6,-0.79,-0.8,-0.45,0.28,-0.14,-0.91,-0.77,-1.69,-0.7175
"437",437,"Moussa Konaté",2018,"Senegal",-0.42,-0.18,-0.51,-0.65,-1.17,-1.02,-0.67,-0.84,-0.82,-0.79,-0.8,-0.45,-0.6,-1.11,-0.91,-0.59,-1.86,-0.76
"438",438,"Moussa Wagué",2018,"Senegal",1.88,-0.36,2.6,-0.5,0.13,1.22,0.57,-0.84,-0.6,0.39,0.05,-0.45,-0.89,-0.62,-0.49,1.1,0.38,0.8875
"439",439,"Sadio Mané",2018,"Senegal",1.88,0.61,0.27,0.68,0.15,-0.33,1.39,1.79,-0.34,0.22,-0.59,-0.45,-0.31,2.3,1.63,1.06,1.46,0.78
"440",440,"Salif Sané",2018,"Senegal",-0.42,0.2,-0.51,0.68,0.51,0.62,-0.67,0.26,-0.26,0.49,2.83,0.81,4.1,-0.62,-0.91,-0.44,0.88,-0.075
"441",441,"Youssouf Sabaly",2018,"Senegal",-0.42,-0.47,-0.51,0.23,0.41,0.96,0.57,0.91,-0.58,-0.09,0.69,-0.45,-0.6,2.79,-0.06,1.03,1.87,0.4825
"442",442,"Adem Ljajic",2018,"Serbia",-0.42,-0.44,1.05,-0.35,-0.12,-0.5,1.81,1.13,-0.57,-0.79,-0.8,-0.45,-0.89,-0.62,-0.91,0.48,0.63,0.8725
"443",443,"Aleksandar Kolarov",2018,"Serbia",1.88,-0.41,0.27,-0.8,0.91,2,-0.67,0.26,-0.82,0.11,0.48,-0.02,1.45,2.3,1.21,0.4,2.26,0.465
"444",444,"Aleksandar Mitrovic",2018,"Serbia",1.88,4.22,-0.51,5.97,-0.7,-1.1,0.16,-0.4,0.62,-0.79,0.48,-0.02,4.39,1.32,2.06,0.48,-1.5,-0.4625
"445",445,"Antonio Rukavina",2018,"Serbia",-0.42,-0.59,0.27,-0.21,-0.47,-0.07,-0.26,-0.84,0.35,-0.79,0.26,-0.45,-0.89,-0.14,-0.91,-0.19,-0.91,-0.225
"446",446,"Branislav Ivanovic",2018,"Serbia",-0.42,-0.59,2.6,0.23,0.11,1.65,0.57,-0.18,1.23,-0.36,0.91,-0.45,0.57,-0.62,0.79,0.99,1.47,1.16
"447",447,"Dusan Tadic",2018,"Serbia",-0.42,-0.33,4.15,3.03,-0.1,0.45,0.98,1.35,1.06,-0.11,0.05,-0.45,-0.31,0.35,0.79,5.11,1.8,1.7325
"448",448,"Dusko Tosic",2018,"Serbia",-0.42,0.73,-0.51,-0.5,0.03,0.45,-0.67,0.91,0.39,0.25,0.91,0.42,0.28,0.84,0.79,0.03,1.36,0.045
"449",449,"Filip Kostic",2018,"Serbia",-0.42,-0.03,-0.51,0.82,-0.81,-1.1,0.57,0.04,0.25,-0.79,-0.8,-0.45,-0.6,0.35,0.36,-0.37,-1.06,-0.25
"450",450,"Luka Milivojevic",2018,"Serbia",-0.42,-0.59,0.27,-0.8,0.18,0.02,-0.67,0.26,0.2,-0.6,-0.59,0.51,-0.01,-0.14,0.36,-0.33,0.28,-0.03
"451",451,"Milos Veljkovic",2018,"Serbia",-0.42,-0.59,-0.51,-0.65,-0.47,-0.33,-0.67,-0.18,-0.82,-0.53,-0.59,-0.45,-0.6,-1.11,-0.91,-0.77,-0.51,-0.4225
"452",452,"Nemanja Matic",2018,"Serbia",-0.42,0.23,-0.51,0.82,0.95,0.27,1.81,2.23,0.5,0.34,-0.16,1.97,1.45,2.3,1.21,-0.19,2.5,0.95
"453",453,"Nikola Milenkovic",2018,"Serbia",-0.42,-0.59,-0.51,-0.65,0.74,0.88,-0.67,-0.18,0.26,-0.09,2.83,3.21,1.45,-0.62,-0.49,-0.37,0.7,-0.12
"454",454,"Sergej Milinkovic-Savic",2018,"Serbia",-0.42,-0.03,-0.51,1.85,0.41,-0.24,1.39,0.26,-0.32,-0.28,0.05,-0.02,1.75,3.27,-0.06,2.53,0.02,0.225
"455",455,"Vladimir Stojkovic",2018,"Serbia",-0.42,-0.59,-0.51,-0.8,-0.22,1.91,-0.67,-0.84,-0.57,-0.79,-0.8,-0.45,-0.6,-1.11,-0.91,-0.7,1.07,-0.0275000000000001
"456",456,"Hong Chul",2018,"South Korea",-0.42,-0.59,-0.51,-0.8,-0.85,-0.33,-0.26,-0.84,-0.77,-0.67,1.12,-0.45,-0.89,-0.14,-0.49,-0.48,-1.17,-0.485
"457",457,"Hwang Hee-Chan",2018,"South Korea",-0.42,0.47,-0.51,0.68,-0.87,-0.85,2.22,0.04,1.37,0.11,-0.38,-0.45,-0.6,1.32,1.21,0.7,-0.81,0.225
"458",458,"Jang Hyun-Soo",2018,"South Korea",-0.42,-0.59,-0.51,-0.65,0.28,0.19,0.16,0.48,-0.82,-0.73,2.83,1.55,0.57,1.81,0.36,-0.77,0.67,0.08
"459",459,"Jo Hyeon-Woo",2018,"South Korea",-0.42,-0.59,-0.51,-0.8,-0.33,1.14,-0.67,-0.84,-0.82,-0.79,-0.38,-0.45,-0.01,-1.11,-0.49,-0.77,0.3,-0.22
"460",460,"Ju Se-Jong",2018,"South Korea",-0.42,-0.59,-0.51,-0.5,-0.72,-0.41,-0.67,-0.18,-0.5,-0.24,-0.8,-0.45,-0.89,0.35,-0.49,-0.22,-0.59,-0.4425
"461",461,"Jung Woo-Young",2018,"South Korea",-0.42,-0.3,-0.51,-0.8,-0.29,-0.16,-0.26,-0.4,-0.44,-0.61,0.69,-0.32,-0.89,0.84,-0.06,-0.19,-0.56,-0.3325
"462",462,"Ki Sung-Yueng",2018,"South Korea",-0.42,-0.3,-0.51,-0.06,0.15,-0.24,-0.26,-0.4,-0.48,1.88,0.26,1.77,0.87,1.81,0.36,-0.48,-0.64,-0.3525
"463",463,"Kim Min-Woo",2018,"South Korea",-0.42,-0.53,0.27,-0.5,-0.41,-0.41,-0.26,-0.18,-0.56,-0.52,0.69,-0.45,-0.31,0.35,-0.91,0.11,-0.59,-0.145
"464",464,"Kim Shin-Wook",2018,"South Korea",-0.42,-0.59,-0.51,-0.8,-1.16,-1.02,-0.67,-0.84,-0.82,-0.79,-0.8,-0.45,0.28,0.35,-0.91,-0.59,-1.86,-0.76
"465",465,"Kim Young-Gwon",2018,"South Korea",1.88,0.9,-0.51,-0.35,0.2,0.1,0.16,-0.84,-0.71,-0.02,1.55,0.74,-0.01,0.84,-0.06,-0.48,-0.74,-0.2725
"466",466,"Koo Ja-Cheol",2018,"South Korea",-0.42,-0.47,-0.51,-0.21,-0.85,-1.02,-0.26,-0.18,-0.36,-0.38,-0.59,-0.45,-0.01,-1.11,0.36,-0.52,-1.2,-0.4925
"467",467,"Lee Jae-Sung",2018,"South Korea",-0.42,0.23,0.27,0.82,0.57,0.36,1.39,0.91,0.2,0.72,-0.16,0.34,0.57,1.81,-0.49,1.5,1.27,0.7325
"468",468,"Lee Seung-Woo",2018,"South Korea",-0.42,-0.53,-0.51,-0.8,-0.94,-0.85,-0.26,-0.62,-0.82,-0.79,-0.8,-0.45,-0.6,-0.14,-0.91,-0.77,-1.47,-0.56
"469",469,"Lee Yong",2018,"South Korea",-0.42,-0.53,1.05,-0.65,0.4,1.14,0.16,-0.18,1.12,-0.26,2.61,-0.45,-0.01,1.81,1.21,0.07,0.96,0.5425
"470",470,"Moon Seon-Min",2018,"South Korea",-0.42,-0.21,-0.51,0.82,-0.81,-0.85,0.16,0.48,0.1,-0.24,-0.8,-0.45,-0.89,2.3,-0.91,0.55,-0.37,-0.18
"471",471,"Son Heung-Min",2018,"South Korea",4.17,2.87,1.05,2.88,0.01,-0.07,3.04,1.57,-0.82,-0.44,0.48,-0.45,-0.31,0.35,1.21,2.87,1.5,1.3975
"472",472,"Yun Young-Sun",2018,"South Korea",-0.42,-0.59,-0.51,-0.8,-1.06,-1.02,-0.67,-0.84,-0.77,-0.73,0.48,-0.18,-0.89,-0.62,-0.91,-0.77,-1.86,-0.76
"473",473,"Andrés Iniesta",2018,"Spain",-0.42,-0.06,-0.51,1.65,2.07,0.86,1.33,0.38,-0.18,-0.79,-0.8,-0.45,-0.49,-0.1,0.26,1.95,1.24,0.515
"474",474,"Dani Carvajal",2018,"Spain",-0.42,0.2,0.57,-0.18,0.92,0.63,-0.1,0.07,1.11,-0.12,-0.51,-0.45,-0.69,-0.44,-0.32,0.68,0.7,0.2925
"475",475,"David De Gea",2018,"Spain",-0.42,-0.59,-0.51,-0.8,-0.36,1.1,-0.67,-0.84,-0.82,-0.79,-0.8,-0.45,-0.49,-1.11,-0.91,-0.77,0.26,-0.23
"476",476,"David Silva",2018,"Spain",-0.42,0.89,0.57,2.16,1.13,-0.33,0.76,0.53,-0.23,0.47,-0.51,1.07,-0.69,-0.1,-0.91,1.62,0.2,0.3825
"477",477,"Diego Costa",2018,"Spain",4.34,3.45,-0.51,2.36,-0.54,-0.81,0.19,-0.53,-0.16,-0.79,-0.06,-0.45,-0.28,-0.1,-0.32,0.83,-1.34,-0.415
"478",478,"Gerard Piqué",2018,"Spain",-0.42,1.7,-0.51,1.55,3.09,2.18,-0.67,4.77,0.5,3.14,1.12,1.03,3.17,-0.1,-0.32,-0.44,6.95,1.4425
"479",479,"Iago Aspas",2018,"Spain",1.17,0.91,-0.51,0.73,-0.98,-0.92,-0.67,-0.68,-0.82,-0.79,-0.65,-0.45,-0.69,-0.44,-0.91,0.27,-1.6,-0.695
"480",480,"Isco",2018,"Spain",1.17,1.24,5.41,1.55,4.36,0.98,6.47,7.34,0.47,1.19,-0.51,-0.45,-0.08,-0.77,4.67,4.44,8.32,5.05
"481",481,"Jordi Alba",2018,"Spain",-0.42,-0.39,0.03,-0.08,3.9,1.76,0.19,0.68,1.07,1.8,0.23,-0.45,-0.89,-0.44,-0.03,1.44,2.44,0.665
"482",482,"Koke",2018,"Spain",-0.42,-0.22,1.11,-0.59,2.15,0.45,-0.1,-0.08,1.81,0.41,-0.21,0.91,-0.89,-1.11,-0.62,0.5,0.37,0.345
"483",483,"Lucas Vázquez",2018,"Spain",-0.42,-0.59,-0.51,-0.39,-0.91,-0.81,-0.1,-0.53,-0.16,-0.12,-0.51,-0.45,-0.89,-0.44,-0.03,-0.72,-1.34,-0.4875
"484",484,"Marco Asensio",2018,"Spain",-0.42,-0.37,0.57,-0.29,-0.53,-0.81,-0.1,-0.23,-0.82,-0.79,-0.65,-0.45,-0.89,-1.11,-0.62,-0.04,-1.04,-0.1425
"485",485,"Nacho",2018,"Spain",1.17,-0.51,0.57,-0.59,0.04,0.09,0.19,-0.38,2.8,0.41,-0.65,-0.45,-0.69,-0.1,0.26,0.09,-0.29,0.1175
"486",486,"Rodrigo",2018,"Spain",-0.42,0.02,-0.51,-0.39,-1.2,-1.1,-0.38,-0.84,-0.82,-0.79,-0.8,-0.45,-0.69,-1.11,-0.62,-0.67,-1.94,-0.7075
"487",487,"Sergio Busquets",2018,"Spain",-0.42,0.55,-0.51,0.83,2.56,0.51,0.19,-0.08,1.73,3.08,-0.8,0.91,1.14,0.58,2.61,0.32,0.43,0.0275
"488",488,"Sergio Ramos",2018,"Spain",-0.42,0.89,-0.51,0.83,5.12,2.65,-0.67,2.34,2.46,1.76,0.08,0.91,1.55,0.24,0.26,-0.01,4.99,0.9525
"489",489,"Thiago",2018,"Spain",-0.42,-0.35,-0.51,-0.29,0.19,-0.81,0.47,-0.23,0.41,-0.14,-0.8,-0.45,-0.69,-0.77,-0.62,-0.01,-1.04,-0.27
"490",490,"Albin Ekdal",2018,"Sweden",-0.42,0.43,-0.51,-0.62,0.25,-0.28,1.31,0.35,-0.48,-0.07,0.73,-0.19,0.52,-0.82,1.12,-0.38,0.07,0.2175
"491",491,"Andreas Granqvist",2018,"Sweden",2.33,2.45,-0.51,0.88,0.38,0.5,-0.17,0.61,-0.72,0.47,3.94,4.04,0.87,1.52,0.62,0.17,1.11,0.1075
"492",492,"Emil Forsberg",2018,"Sweden",0.96,1.33,-0.51,-0.09,-0.29,-0.69,1.06,0.35,-0.38,0.53,-0.03,-0.24,-0.37,-0.23,1.63,-0.18,-0.34,0.0525
"493",493,"Emil Krafth",2018,"Sweden",-0.42,-0.59,0.42,-0.8,-0.8,-0.43,-0.17,-0.57,-0.82,-0.79,-0.03,-0.06,-0.72,-1.11,-0.91,-0.44,-1,-0.1875
"494",494,"Gustav Svensson",2018,"Sweden",-0.42,-0.59,-0.51,-0.8,-1.04,-1.05,-0.42,-0.84,-0.76,-0.73,-0.03,-0.16,-0.54,-0.82,-0.91,-0.77,-1.89,-0.705
"495",495,"Isaac Kiese Thelin",2018,"Sweden",-0.42,-0.59,-0.51,-0.27,-1.18,-1.05,-0.67,-0.7,-0.82,-0.79,-0.67,-0.45,-0.19,-0.23,-0.91,-0.77,-1.75,-0.7325
"496",496,"John Guidetti",2018,"Sweden",-0.42,-0.55,-0.51,-0.44,-1.21,-1,-0.67,-0.84,-0.82,-0.76,-0.67,-0.45,-0.89,-0.82,-0.66,-0.53,-1.84,-0.755
"497",497,"Ludwig Augustinsson",2018,"Sweden",0.96,0.48,2.29,-0.53,-0.01,0.81,-0.42,-0.31,-0.18,0.02,1.25,-0.19,0.16,-0.23,-0.4,1.12,0.5,0.5925
"498",498,"Marcus Berg",2018,"Sweden",-0.42,3.19,-0.51,3.88,-0.55,-0.85,-0.17,-0.44,-0.24,-0.41,-0.29,-0.39,1.4,3.27,1.89,0.7,-1.29,-0.4925
"499",499,"Martin Olsson",2018,"Sweden",-0.42,-0.59,-0.04,-0.8,-1.16,-0.95,-0.67,-0.84,-0.82,-0.79,-0.8,-0.45,-0.54,-0.82,-0.66,-0.55,-1.79,-0.625
"500",500,"Mikael Lustig",2018,"Sweden",-0.42,-0.55,0.89,-0.18,-0.29,0.6,-0.42,-0.84,-0.38,-0.53,2.14,0.83,0.69,0.06,-0.15,0.68,-0.24,0.0575
"501",501,"Ola Toivonen",2018,"Sweden",0.96,0.48,-0.51,1.59,-0.57,-0.79,-0.17,-0.57,-0.77,-0.79,-0.16,-0.33,1.57,0.06,2.14,0.99,-1.36,-0.51
"502",502,"Oscar Hiljemark",2018,"Sweden",-0.42,-0.59,-0.51,-0.8,-1.2,-1.1,-0.67,-0.84,-0.82,-0.74,-0.67,-0.45,-0.89,-1.11,-0.66,-0.77,-1.94,-0.78
"503",503,"Pontus Jansson",2018,"Sweden",-0.42,-0.5,-0.51,-0.09,-0.66,-0.48,-0.67,-0.84,-0.82,-0.01,-0.67,-0.45,1.04,-0.23,-0.91,-0.44,-1.32,-0.625
"504",504,"Robin Olsen",2018,"Sweden",-0.42,-0.59,-0.51,-0.8,-0.41,1.63,-0.67,-0.57,-0.82,-0.79,-0.42,-0.45,-0.54,-1.11,-0.66,-0.77,1.06,-0.03
"505",505,"Sebastian Larsson",2018,"Sweden",-0.42,-0.55,1.36,-0.8,0.25,-0.07,-0.67,-0.18,-0.43,-0.76,0.35,-0.26,-0.37,1.52,-0.4,0.64,-0.25,0.11
"506",506,"Victor Lindelöf",2018,"Sweden",-0.42,-0.59,-0.51,-0.8,-0.33,-0.17,-0.42,0.21,-0.6,-0.58,1.89,-0.32,0.34,-0.82,-0.91,-0.55,0.04,-0.2225
"507",507,"Viktor Claesson",2018,"Sweden",-0.42,0.9,-0.51,0.79,-0.12,0.14,0.82,-0.31,0.67,0.98,0.09,-0.09,0.69,0.35,0.62,1.5,-0.17,0.035
"508",508,"Blerim Džemaili",2018,"Switzerland",1.3,3.94,-0.51,2.18,-0.14,-0.59,0.26,0.64,2.07,0.07,-0.64,1.07,-0.45,1.81,0.36,-0.03,0.05,-0.05
"509",509,"Breel Embolo",2018,"Switzerland",-0.42,0.09,0.08,1.63,-0.81,-0.72,0.57,-0.51,-0.23,0.42,-0.48,-0.45,0.21,-0.01,0.36,0.52,-1.23,-0.145
"510",510,"Denis Zakaria",2018,"Switzerland",-0.42,-0.59,0.08,-0.8,-0.9,-0.97,-0.67,-0.67,0.36,-0.79,-0.8,-0.45,-0.89,-0.01,-0.59,-0.47,-1.64,-0.5575
"511",511,"Fabian Schär",2018,"Switzerland",-0.42,-0.48,-0.51,-0.02,1.37,1.48,-0.67,0.15,-0.32,3.98,0.8,0.72,1.09,0.35,0.36,-0.2,1.63,0.1125
"512",512,"Granit Xhaka",2018,"Switzerland",1.3,-0.44,0.08,-0.8,3.21,1.42,0.26,1.46,1.88,0.68,-0.32,1.49,-0.23,0.35,0.36,-0.42,2.88,0.805
"513",513,"Haris Seferović",2018,"Switzerland",-0.42,-0.46,-0.51,-0.13,-1.1,-0.97,-0.67,-0.84,-0.82,-0.79,0,-0.45,-0.23,-0.01,-0.59,-0.58,-1.81,-0.7475
"514",514,"Johan Djourou",2018,"Switzerland",-0.42,-0.44,-0.51,-0.13,-0.42,-0.85,-0.67,-0.67,-0.82,-0.79,0.32,-0.45,-0.01,-0.74,0.04,-0.66,-1.52,-0.675
"515",515,"Josip Drmić",2018,"Switzerland",1.3,0.6,-0.51,-0.02,-1.04,-1.1,-0.67,-0.84,-0.82,-0.11,-0.8,-0.45,-0.23,-1.11,-0.59,-0.66,-1.94,-0.78
"516",516,"Manuel Akanji",2018,"Switzerland",-0.42,-0.37,-0.51,-0.58,2.62,2.38,0.26,3.27,3.51,2.98,0.96,2.44,1.31,-0.01,1,-0.72,5.65,1.35
"517",517,"Mario Gavranović",2018,"Switzerland",-0.42,0.77,-0.51,0.42,-1.14,-1.04,-0.67,-0.84,-0.22,-0.79,-0.8,-0.45,-0.67,-0.74,0.04,-0.61,-1.88,-0.765
"518",518,"Michael Lang",2018,"Switzerland",-0.42,-0.48,0.08,-0.46,-0.5,-0.72,-0.67,-0.67,-0.82,1.49,0.16,-0.45,-0.89,-0.01,-0.91,-0.47,-1.39,-0.495
"519",519,"Ricardo Rodríguez",2018,"Switzerland",-0.42,-0.24,5.9,-0.02,1.14,2.26,1.5,0.31,1.56,1.71,0.64,-0.45,-0.23,0.72,0.04,2.95,2.57,2.4925
"520",520,"Stephan Lichtsteiner",2018,"Switzerland",-0.42,-0.48,1.82,-0.35,0.5,1.54,-0.05,0.48,2.75,1.19,0,3.48,-0.23,-0.38,0.36,0.69,2.02,0.9475
"521",521,"Steven Zuber",2018,"Switzerland",1.3,0.75,-0.51,0.31,-0.32,-0.46,-0.05,0.15,0.44,0.14,-0.48,-0.45,-0.67,-0.38,-0.91,0.27,-0.31,-0.2175
"522",522,"Valon Behrami",2018,"Switzerland",-0.42,-0.55,-0.51,-0.69,1.87,0.19,-0.05,0.31,3.06,1.07,-0.48,0.13,-0.45,2.18,0.68,-0.64,0.5,-0.015
"523",523,"Xherdan Shaqiri",2018,"Switzerland",1.3,1.06,2.4,0.31,0.85,0.32,1.19,1.79,0.35,0.34,-0.8,1.07,-0.89,-0.01,1.95,2.15,2.11,1.425
"524",524,"Yann Sommer",2018,"Switzerland",-0.42,-0.59,-0.51,-0.8,0.32,2,-0.36,-0.67,-0.82,-0.79,-0.48,-0.45,-0.89,-1.11,-0.91,-0.77,1.33,0.115
"525",525,"Ali Maâloul",2018,"Tunisia",-0.42,-0.59,1.05,-0.8,0.57,2,0.16,0.04,-0.82,-0.3,-0.16,0.66,-0.89,-0.62,-0.49,0.7,2.04,0.8125
"526",526,"Anice Badri",2018,"Tunisia",-0.42,-0.06,-0.51,-0.06,0.2,-0.76,0.57,0.7,-0.61,-0.57,-0.8,0.04,-0.89,0.35,-0.06,0.51,-0.0600000000000001,-2.77555756156289e-17
"527",527,"Aymen Mathlouthi",2018,"Tunisia",-0.42,-0.59,-0.51,-0.8,-0.81,-0.33,-0.67,-0.84,-0.82,-0.79,-0.8,-0.45,-0.6,-1.11,-0.49,-0.77,-1.17,-0.5875
"528",528,"Dylan Bronn",2018,"Tunisia",1.88,-0.33,0.27,-0.35,-0.43,-0.33,-0.67,-0.4,-0.13,-0.35,-0.16,0.04,-0.31,-0.62,-0.49,0.07,-0.73,-0.2825
"529",529,"Ellyes Skhiri",2018,"Tunisia",-0.42,-0.59,-0.51,-0.8,1.52,-0.24,0.16,-0.4,1.19,2.72,-0.38,0.66,0.28,1.81,-0.91,-0.66,-0.64,-0.2475
"530",530,"Fakhreddine Ben Youssef",2018,"Tunisia",1.88,2.46,-0.51,1.71,0.09,0.62,-0.67,0.26,-0.18,0.61,0.91,-0.45,0.28,0.35,1.63,0.48,0.88,-0.075
"531",531,"Farouk Ben Mustapha",2018,"Tunisia",-0.42,-0.59,-0.51,-0.8,-0.62,0.1,-0.67,-0.84,-0.82,-0.3,-0.59,-0.45,-0.89,-1.11,-0.49,-0.77,-0.74,-0.48
"532",532,"Ferjani Sassi",2018,"Tunisia",1.88,2.22,-0.51,-0.65,1.12,0.27,-0.26,-0.4,0.28,-0.08,-0.38,-0.45,-0.6,1.81,-0.49,0.88,-0.13,-0.225
"533",533,"Ghaylen Chaaleli",2018,"Tunisia",-0.42,-0.47,0.27,-0.8,-0.03,-0.5,-0.26,-0.62,3.62,0.12,-0.8,-0.45,-0.6,1.32,0.36,-0.48,-1.12,-0.2775
"534",534,"Hamdi Naguez",2018,"Tunisia",-0.42,-0.59,-0.51,-0.06,0.32,0.88,0.98,0.91,1.44,0.12,-0.59,-0.45,-0.01,0.35,-0.06,0.59,1.79,0.565
"535",535,"Naïm Sliti",2018,"Tunisia",-0.42,0.17,-0.51,0.38,-0.49,-0.85,1.81,0.48,-0.34,-0.57,-0.59,-0.45,-0.6,-0.62,0.36,0.03,-0.37,0.2325
"536",536,"Oussama Haddadi",2018,"Tunisia",-0.42,-0.59,1.05,-0.21,-0.66,-0.07,-0.67,-0.62,0.06,2.83,-0.16,-0.45,-0.6,-0.62,-0.91,0.66,-0.69,-0.0775
"537",537,"Rami Bedoui",2018,"Tunisia",-0.42,-0.59,-0.51,-0.06,0.15,0.53,-0.26,0.04,-0.82,-0.79,-0.59,-0.45,1.16,-1.11,-0.49,-0.77,0.57,-0.05
"538",538,"Saif-Eddine Khaoui",2018,"Tunisia",-0.42,-0.36,-0.51,-0.35,-0.7,-0.67,0.57,-0.62,-0.82,-0.3,-0.59,-0.45,-0.89,-0.14,-0.06,-0.59,-1.29,-0.3075
"539",539,"Syam Ben Youssef",2018,"Tunisia",-0.42,-0.59,-0.51,-0.65,-0.56,-0.85,0.16,-0.84,0.09,-0.35,0.05,1.15,-0.6,1.32,-0.49,-0.77,-1.69,-0.51
"540",540,"Wahbi Khazri",2018,"Tunisia",4.17,3.78,3.38,2.15,0.01,-0.24,-0.67,0.26,0.55,-0.3,-0.8,-0.45,-0.6,-0.14,0.79,2.2,0.02,0.6825
"541",541,"Yassine Meriah",2018,"Tunisia",-0.42,-0.59,-0.51,-0.8,2,2.51,-0.26,1.79,-0.13,0.33,0.91,2.71,0.87,0.84,0.79,-0.77,4.3,0.8825
"542",542,"Yohan Benalouane",2018,"Tunisia",-0.42,-0.59,-0.51,-0.8,-1.1,-0.93,-0.67,-0.84,-0.34,0.2,-0.8,-0.45,-0.6,-0.62,-0.49,-0.77,-1.77,-0.7375
"543",543,"Carlos Sánchez",2018,"Uruguay",-0.42,0.06,2.75,-0.35,-0.71,-0.48,-0.42,-0.18,-0.38,-0.73,-0.55,-0.45,-0.72,-0.82,0.11,1.1,-0.66,0.4175
"544",544,"Cristhian Stuani",2018,"Uruguay",-0.42,-0.54,-0.51,-0.44,-1.19,-1.1,-0.67,-0.84,-0.63,-0.69,-0.8,-0.45,-0.19,0.35,-0.15,-0.77,-1.94,-0.78
"545",545,"Cristian Rodríguez",2018,"Uruguay",-0.42,-0.43,-0.51,0.35,-0.62,-0.43,-0.42,-0.57,-0.77,-0.21,-0.67,-0.45,-0.37,-0.52,-0.4,-0.22,-1,-0.4825
"546",546,"Diego Godín",2018,"Uruguay",-0.42,0.9,-0.51,0,0.98,1.43,0.57,1,0.82,3.27,2.14,0.56,0.69,0.35,0.36,-0.27,2.43,0.6225
"547",547,"Diego Laxalt",2018,"Uruguay",-0.42,-0.55,0.42,-0.8,-0.21,0.24,-0.17,-0.44,-0.61,-0.51,0.73,-0.45,-0.37,0.06,0.36,-0.33,-0.2,0.0125
"548",548,"Edinson Cavani",2018,"Uruguay",3.71,3.03,-0.04,1.32,-0.45,-0.33,1.06,-0.18,0.35,-0.73,-0.55,-0.45,-0.37,0.06,0.62,1.48,-0.51,0.1275
"549",549,"Fernando Muslera",2018,"Uruguay",-0.42,-0.59,-0.51,-0.8,-0.11,1.79,-0.67,-0.84,-0.82,-0.79,-0.8,-0.45,-0.37,-1.11,-0.66,-0.77,0.95,-0.0575
"550",550,"Giorgian de Arrascaeta",2018,"Uruguay",-0.42,-0.33,0.89,-0.53,-0.82,-0.79,-0.17,-0.44,0.05,-0.34,-0.8,-0.45,-0.72,-0.82,-0.4,0.04,-1.23,-0.1275
"551",551,"Gullermo Varela",2018,"Uruguay",-0.42,-0.59,-0.04,-0.62,-0.03,-0.12,-0.42,-0.57,0.76,-0.34,-0.55,-0.45,-0.72,-1.11,-0.4,-0.38,-0.69,-0.2875
"552",552,"José Giménez",2018,"Uruguay",0.96,-0.33,-0.51,0.88,0.43,0.5,-0.42,-0.18,0.03,3.55,1.89,-0.18,0.87,-0.23,-0.66,-0.6,0.32,-0.1525
"553",553,"Lucas Torreira",2018,"Uruguay",-0.42,-0.52,-0.04,-0.8,0.19,-0.28,-0.42,-0.7,-0.54,1.81,0.61,1.68,-0.01,0.06,0.87,0.11,-0.98,-0.36
"554",554,"Luis Suárez",2018,"Uruguay",2.33,1.66,0.89,1.76,-0.26,-0.54,0.32,0.21,-0.82,0.17,-0.16,-0.32,-0.01,0.35,1.89,1.7,-0.33,0.22
"555",555,"Martín Cáceres",2018,"Uruguay",-0.42,1.22,0.42,0.97,0.89,1.07,0.07,0.08,-0.67,0.51,0.48,-0.45,-0.01,0.06,-0.4,0.17,1.15,0.41
"556",556,"Matías Vecino",2018,"Uruguay",-0.42,-0.33,-0.51,0.18,1.18,0.65,-0.17,0.87,0.03,3.37,-0.42,0.13,1.22,1.23,-0.15,-0.51,1.52,0.21
"557",557,"Maxi Gómez",2018,"Uruguay",-0.42,-0.59,-0.51,-0.44,-1.22,-1.05,-0.67,-0.84,-0.73,-0.79,-0.8,-0.45,-0.54,-0.82,-0.66,-0.49,-1.89,-0.7675
"558",558,"Nahitan Nández",2018,"Uruguay",-0.42,-0.55,-0.04,-0.44,-0.16,0.24,0.07,0.87,0.78,0.1,-0.29,-0.24,1.22,0.64,0.87,-0.27,1.11,0.285
"559",559,"Rodrigo Bentancur",2018,"Uruguay",-0.42,0.27,-0.51,-0.27,0.99,0.03,0.57,1.13,0.82,2.49,-0.55,0.56,-0.19,1.23,0.87,0.24,1.16,0.305
"560",560,"Sebastián Coates",2018,"Uruguay",-0.42,-0.59,-0.51,-0.8,-0.62,-0.79,-0.67,-0.84,-0.82,-0.35,-0.55,-0.45,-0.72,-0.52,-0.91,-0.77,-1.63,-0.7025
"561",561,"Abdelmouméne Djabou",2014,"Algeria",2.6,0.85,1.03,-0.07,-0.86,-0.79,0.22,0.32,-0.56,0.06,-0.62,-0.52,-0.81,-0.5,0.5,0.29,-0.47,0.195
"562",562,"Aïssa Mandi",2014,"Algeria",-0.43,-0.57,-0.02,-0.68,0.05,1.32,-0.38,-0.31,0.04,0.48,0.32,0.2,-0.26,0.15,-0.1,-0.25,1.01,0.1525
"563",563,"Carl Medjani",2014,"Algeria",-0.43,-0.35,-0.54,-0.07,-0.46,-0.57,-0.68,-0.94,0.26,0.12,0.01,-0.52,1.67,1.12,0.2,-0.09,-1.51,-0.6825
"564",564,"Djamel Mesbah",2014,"Algeria",-0.43,-0.47,0.5,-0.56,-0.03,1.16,-0.38,0.16,0.05,-0.38,0.53,-0.52,0.02,0.47,-0.4,-0.17,1.32,0.36
"565",565,"Essaïd Belkalem",2014,"Algeria",-0.43,-0.49,-0.54,-0.44,-0.67,-0.62,-0.68,-0.78,-0.78,0.31,1.48,0.81,0.85,-0.5,-0.4,-0.79,-1.4,-0.655
"566",566,"Faouzi Ghoulam",2014,"Algeria",-0.43,-0.47,-0.54,-0.56,-0.16,0.35,-0.38,-0.47,-0.66,-0.63,0.32,-0.52,-0.53,-0.5,-0.7,-0.63,-0.12,-0.26
"567",567,"Hillel Soudani",2014,"Algeria",-0.43,-0.47,-0.02,-0.19,-1.07,-0.95,-0.68,-0.16,-0.72,-0.7,-0.41,-0.52,0.02,-0.18,0.5,-0.52,-1.11,-0.4525
"568",568,"Islam Slimani",2014,"Algeria",2.6,3.12,-0.54,2.26,-0.51,-1.11,-0.38,-0.47,-0.64,-0.56,-0.2,-0.52,2.22,0.8,-0.4,0.05,-1.58,-0.625
"569",569,"Madjid Bouguerra",2014,"Algeria",-0.43,-0.47,-0.54,-0.44,-0.22,-0.35,-0.68,-0.47,-0.08,-0.11,0.64,-0.19,-0.26,-0.82,-0.1,-0.79,-0.82,-0.51
"570",570,"Medhi Lacen",2014,"Algeria",-0.43,-0.57,-0.54,-0.8,-0.73,-0.79,-0.38,-0.94,-0.72,-0.51,-0.72,-0.52,-0.53,-0.5,-0.1,-0.79,-1.73,-0.6625
"571",571,"Mehdi Mostefa",2014,"Algeria",-0.43,-0.31,-0.54,-0.44,-0.76,-0.51,-0.68,-0.94,-0.72,-0.76,-0.51,-0.52,-0.81,0.47,-0.4,-0.79,-1.45,-0.6675
"572",572,"Nabil Bentaleb",2014,"Algeria",-0.43,-0.55,-0.54,-0.8,0.35,-0.46,0.22,-0.31,0.23,-0.76,-0.41,-0.36,-0.26,0.47,-0.7,-0.79,-0.77,-0.2725
"573",573,"Nabil Ghilas",2014,"Algeria",-0.43,-0.33,-0.54,-0.44,-1.32,-1,-0.38,-0.78,-0.73,-0.64,-0.41,-0.52,-0.26,-0.5,-0.99,-0.71,-1.78,-0.675
"574",574,"Rafik Halliche",2014,"Algeria",1.09,0.53,-0.54,0.05,0.32,-0.24,-0.68,-0.16,-0.18,0.61,3.05,0.2,0.57,0.15,-0.99,-0.79,-0.4,-0.405
"575",575,"Rais M'Bolhi",2014,"Algeria",-0.43,-0.57,-0.54,-0.8,-0.54,1.32,-0.68,-0.94,-0.9,-0.82,-0.41,-0.52,-0.81,-1.15,-0.7,-0.54,0.38,-0.21
"576",576,"Riyad Mahrez",2014,"Algeria",-0.43,-0.51,-0.02,-0.68,-1.19,-1.11,-0.68,-0.78,-0.79,-0.7,-0.62,-0.52,-0.53,-0.18,-0.4,-0.54,-1.89,-0.6475
"577",577,"Saphir Taïder",2014,"Algeria",-0.43,-0.57,-0.02,-0.56,-0.72,-0.84,-0.08,-0.94,-0.66,-0.76,-0.72,-0.52,-0.81,0.15,0.8,-0.44,-1.78,-0.47
"578",578,"Sofiane Feghouli",2014,"Algeria",1.09,1.24,-0.02,0.42,0.02,-0.41,1.41,0.79,-0.38,-0.07,-0.31,-0.52,1.12,0.47,1.09,0.48,0.38,0.4425
"579",579,"Yacine Brahimi",2014,"Algeria",1.09,0.63,1.55,0.3,-0.16,-0.35,2.01,-0.16,0.29,-0.82,-0.72,-0.52,-0.26,0.8,0.8,1.62,-0.51,0.7625
"580",580,"Enzo Pérez",2014,"Argentina",-0.43,-0.57,-0.26,-0.67,-0.68,-0.84,-0.03,-0.09,-0.6,-0.71,-0.55,-0.37,-0.66,-1.15,-0.51,-0.45,-0.93,-0.305
"581",581,"Ezequiel Garay",2014,"Argentina",-0.43,0.87,-0.54,0.26,1.17,0.27,-0.68,-0.26,0.22,1.68,3.3,0.48,2.03,0.08,-0.67,-0.79,0.01,-0.3025
"582",582,"Ezequiel Lavezzi",2014,"Argentina",-0.43,-0.35,0.59,0.66,-0.61,-0.72,0.78,0.68,-0.54,-0.69,-0.67,-0.52,-0.51,-0.8,0.95,0.3,-0.0399999999999999,0.3325
"583",583,"Federico Fernández",2014,"Argentina",-0.43,-0.43,-0.54,-0.14,0.19,-0.17,-0.68,-0.35,0.53,0.6,0.81,2.04,0.53,-0.45,0.14,-0.79,-0.52,-0.435
"584",584,"Fernando Gago",2014,"Argentina",-0.43,-0.54,-0.54,-0.67,1.46,0.42,-0.52,1.61,0.82,0.18,-0.33,-0.52,0.09,-0.27,0.62,-0.3,2.03,0.2425
"585",585,"Gonzalo Higuaín",2014,"Argentina",0.39,1.97,-0.54,1.45,-0.43,-0.75,-0.35,-0.26,-0.78,-0.47,-0.44,-0.52,-0.51,-0.27,-0.02,0.15,-1.01,-0.475
"586",586,"Hugo Campagnaro",2014,"Argentina",-0.43,-0.57,-0.54,-0.8,-1.06,-0.96,-0.52,-0.77,-0.9,-0.37,-0.55,0.1,-0.66,-1.15,-0.67,-0.79,-1.73,-0.6975
"587",587,"Javier Mascherano",2014,"Argentina",-0.43,-0.47,-0.54,-0.8,3.05,1.18,-0.52,1.61,3.79,2.03,0.18,2.57,0.39,0.61,1.59,-0.33,2.79,0.4325
"588",588,"José Basanta",2014,"Argentina",-0.43,-0.57,-0.26,-0.74,-1.07,-0.78,-0.68,-0.94,-0.28,-0.43,-0.16,0.17,-0.81,-0.8,-0.67,-0.71,-1.72,-0.665
"589",589,"Lionel Messi",2014,"Argentina",2.85,1.34,2.01,1.05,0.68,0.24,6.75,3.23,0.72,-0.62,-0.72,-0.52,-0.81,-0.09,1.92,4.2,3.47,3.0575
"590",590,"Lucas Biglia",2014,"Argentina",-0.43,-0.54,-0.54,-0.8,-0.15,-0.55,-0.68,-0.6,0.14,0.15,-0.55,-0.52,-0.36,-0.09,0.46,-0.74,-1.15,-0.5925
"591",591,"Marcos Rojo",2014,"Argentina",0.39,0.3,1.16,0.32,0.73,0.65,-0.19,-0.43,2.4,1.89,0.75,0.25,0.24,0.08,0.14,0.69,0.22,0.2975
"592",592,"Martín Demichelis",2014,"Argentina",-0.43,-0.57,-0.54,-0.8,-0.35,-0.4,-0.68,0.16,-0.5,0.58,0.41,-0.24,0.39,-0.45,-0.51,-0.79,-0.24,-0.365
"593",593,"Maxi Rodríguez",2014,"Argentina",-0.43,-0.44,-0.54,-0.67,-1.11,-1.05,-0.52,-0.86,-0.46,-0.49,-0.72,-0.52,-0.81,-1.15,-0.99,-0.63,-1.91,-0.7425
"594",594,"Pablo Zabaleta",2014,"Argentina",-0.43,-0.54,0.02,-0.14,1.2,0.86,-0.52,-0.35,1.62,1.4,0.81,1.57,-0.06,-0.09,-0.19,-0.44,0.51,0.0025
"595",595,"Ricardo Alvarez",2014,"Argentina",-0.43,-0.57,-0.54,-0.54,-1.33,-1.13,-0.68,-0.86,-0.9,-0.58,-0.72,-0.52,-0.66,-1.15,-0.67,-0.77,-1.99,-0.8025
"596",596,"Rodrigo Palacio",2014,"Argentina",-0.43,0.28,-0.54,0.39,-1.2,-1.05,0.13,-0.77,-0.9,-0.82,-0.5,-0.52,-0.66,-0.09,-0.99,-0.7,-1.82,-0.5575
"597",597,"Sergio Agüero",2014,"Argentina",-0.43,-0.17,-0.54,1.32,-0.99,-1.05,-0.68,-0.52,-0.63,-0.54,-0.67,-0.52,-0.21,-0.45,-0.51,-0.58,-1.57,-0.6975
"598",598,"Sergio Romero",2014,"Argentina",-0.43,-0.57,-0.54,-0.8,-0.27,1.59,-0.68,-0.86,-0.9,-0.82,-0.67,-0.52,-0.66,-1.15,-0.99,-0.76,0.73,-0.1225
"599",599,"Ángel Di María",2014,"Argentina",0.39,0.16,3.43,0.86,0.39,0.3,3.36,1.1,0.91,-0.82,-0.55,-0.52,-0.81,-0.62,0.46,1.85,1.4,2.0475
"600",600,"Adam Taggart",2014,"Australia",-0.43,-0.57,-0.54,-0.8,-1.37,-1.16,-0.68,-0.94,-0.9,-0.82,-0.72,-0.52,-0.81,-1.15,-0.99,-0.79,-2.1,-0.83
"601",601,"Alex Wilkinson",2014,"Australia",-0.43,-0.57,-0.54,-0.63,1.23,0.16,-0.68,-0.71,-0.9,0.37,2,-0.13,-0.01,0.73,-0.99,-0.79,-0.55,-0.4425
"602",602,"Ben Halloran",2014,"Australia",-0.43,-0.57,0.21,-0.63,-1,-0.93,0.62,0.42,-0.51,-0.01,-0.42,-0.52,-0.81,-0.68,1.16,-0.55,-0.51,0.08
"603",603,"Ivan Franjic",2014,"Australia",-0.43,-0.57,0.21,-0.8,-1,-0.46,-0.68,-0.03,-0.9,-0.39,-0.42,-0.13,-0.41,-1.15,-0.56,-0.28,-0.49,-0.24
"604",604,"James Troisi",2014,"Australia",-0.43,-0.49,-0.54,-0.63,-0.93,-1.09,-0.25,-0.71,-0.44,-0.82,-0.72,-0.52,-0.81,-0.68,-0.56,-0.2,-1.8,-0.6475
"605",605,"Jason Davidson",2014,"Australia",-0.43,-0.57,1.73,-0.8,1.46,1.65,-0.25,0.87,-0.37,2.17,1.09,1.62,3.17,2.13,1.16,0.77,2.52,1
"606",606,"Mark Bresciano",2014,"Australia",-0.43,0.58,0.21,0.61,0.13,-0.62,1.48,-0.03,-0.9,-0.27,-0.72,-0.52,-0.81,0.73,-0.13,-0.09,-0.65,0.26
"607",607,"Mark Milligan",2014,"Australia",-0.43,-0.49,-0.54,-0.8,-0.61,-1.01,-0.25,-0.49,-0.62,-0.53,-0.42,-0.13,-0.81,-0.21,-0.99,-0.55,-1.5,-0.5725
"608",608,"Mathew Leckie",2014,"Australia",-0.43,1.07,0.21,1.67,0.08,-0.38,3.2,3.14,-0.9,1.39,-0.72,-0.52,0.39,0.73,1.16,0.93,2.76,1.5425
"609",609,"Mathew Ryan",2014,"Australia",-0.43,-0.57,-0.54,-0.8,1.05,3.52,-0.25,-0.71,-0.9,-0.82,-0.57,-0.52,-0.81,-1.15,-0.99,-0.79,2.81,0.505
"610",610,"Matt McKay",2014,"Australia",-0.43,-0.43,0.21,-0.27,0.54,0.01,-0.25,-0.94,-0.44,-0.18,-0.57,-0.52,-0.41,0.26,-0.13,0.03,-0.93,-0.2425
"611",611,"Matthew Spiranovic",2014,"Australia",-0.43,0.61,-0.54,-0.45,1.23,0.16,0.18,0.87,-0.9,0.28,1.55,0.77,-0.01,1.19,0.3,-0.79,1.03,0.1675
"612",612,"Mile Jedinak",2014,"Australia",1.76,1.79,-0.54,-0.63,1.28,0.63,-0.68,-0.03,0.01,0.77,-0.27,2.34,0.78,1.66,0.73,-0.48,0.6,-0.155
"613",613,"Oliver Bozanic",2014,"Australia",-0.43,-0.37,-0.54,-0.27,-0.61,-0.93,-0.25,-0.03,-0.67,-0.82,-0.57,-0.52,-0.41,-0.21,-0.13,-0.79,-0.96,-0.4375
"614",614,"Ryan McGowan",2014,"Australia",-0.43,-0.57,-0.54,-0.63,0.54,1.49,0.18,0.65,1.46,-0.53,0.64,-0.52,-0.81,0.26,0.3,-0.44,2.14,0.445
"615",615,"Tim Cahill",2014,"Australia",3.95,1.07,-0.54,2.38,-0.66,-0.93,-0.68,-0.26,-0.9,-0.42,-0.42,-0.52,1.18,2.13,-0.56,-0.24,-1.19,-0.6025
"616",616,"Tommy Oar",2014,"Australia",-0.43,-0.4,2.48,0.08,-0.89,-0.7,0.62,0.19,-0.48,-0.82,-0.72,-0.52,-0.81,-0.68,1.16,1.52,-0.51,0.6475
"617",617,"Adnan Januzaj",2014,"Belgium",-0.43,-0.57,-0.54,-0.8,-1.26,-0.99,-0.19,-0.81,-0.59,-0.66,-0.72,-0.52,-0.81,-0.88,-0.51,-0.57,-1.8,-0.6325
"618",618,"Anthony Vanden Borre",2014,"Belgium",-0.43,-0.57,-0.54,-0.41,-0.89,-0.68,-0.43,-0.3,-0.75,-0.82,-0.38,-0.52,-0.81,-0.88,-0.75,-0.79,-0.98,-0.4875
"619",619,"Axel Witsel",2014,"Belgium",-0.43,-0.09,-0.54,-0.71,1.23,-0.33,-0.43,-0.18,1.21,1.46,0.04,-0.52,0.98,-0.09,1.67,-0.57,-0.51,-0.37
"620",620,"Daniel van Buyten",2014,"Belgium",-0.43,-0.31,-0.54,0.89,1.43,0.73,-0.43,1.1,-0.59,2.03,1.83,3.82,3.9,-0.36,-0.27,-0.13,1.83,0.215
"621",621,"Divock Origi",2014,"Belgium",0.8,0.73,-0.12,1.09,-0.95,-1.03,1.5,0.21,-0.75,-0.65,-0.72,-0.52,0.31,0.17,-0.27,0.16,-0.82,0.14
"622",622,"Dries Mertens",2014,"Belgium",0.8,0.95,2.01,1.09,-0.56,-0.46,1.02,0.72,-0.33,-0.41,-0.72,-0.52,-0.81,0.43,0.22,1.39,0.26,0.8225
"623",623,"Eden Hazard",2014,"Belgium",-0.43,-0.05,-0.54,0.89,0.46,-0.02,4.17,4.93,-0.17,0.75,-0.64,-0.52,-0.81,0.43,1.67,1.39,4.91,2.135
"624",624,"Jan Vertonghen",2014,"Belgium",0.8,0.84,0.73,0.19,1.03,1.34,0.53,0.33,0.25,2.09,1.91,1.84,0.98,0.17,-0.27,0.64,1.67,0.7325
"625",625,"Kevin De Bruyne",2014,"Belgium",0.8,0.77,2.44,-0.11,0.72,0.29,0.05,1.36,1.95,0.78,-0.64,-0.52,-0.36,-0.09,-0.75,2.55,1.65,1.035
"626",626,"Kevin Mirallas",2014,"Belgium",-0.43,0.4,1.58,0.89,-0.78,-0.37,0.78,0.97,-0.39,-0.66,-0.72,-0.52,-0.81,-0.09,-0.75,0.82,0.6,0.74
"627",627,"Marouane Fellaini",2014,"Belgium",0.8,0.32,-0.54,3.38,0.33,-0.68,0.53,-0.05,1.23,0.17,0.04,-0.52,3.9,3.86,-0.02,0.13,-0.73,-0.185
"628",628,"Mousa Dembélé",2014,"Belgium",-0.43,-0.54,-0.54,-0.8,-0.32,-1.08,0.29,0.08,0.12,-0.66,-0.64,0.35,-0.14,0.17,0.46,-0.57,-1,-0.3125
"629",629,"Nacer Chadli",2014,"Belgium",-0.43,-0.35,-0.12,-0.21,-0.83,-0.99,0.29,-0.18,-0.75,-0.66,-0.72,-0.52,-0.59,0.17,-0.99,-0.15,-1.17,-0.25
"630",630,"Nicolas Lombaerts",2014,"Belgium",-0.43,-0.57,-0.54,-0.8,-1.09,-1.03,-0.68,-0.94,-0.59,-0.66,-0.13,-0.08,-0.14,-0.62,-0.99,-0.79,-1.97,-0.7975
"631",631,"Romelu Lukaku",2014,"Belgium",0.8,0.21,-0.12,0.49,-1.05,-1.03,0.05,-0.43,-0.5,-0.82,-0.72,-0.52,-0.14,-0.36,-0.99,-0.33,-1.46,-0.3825
"632",632,"Steven Defour",2014,"Belgium",-0.43,-0.57,-0.54,-0.8,-1.09,-1.16,-0.43,-0.56,-0.59,-0.82,-0.55,-0.52,-0.81,-0.62,-0.75,-0.79,-1.72,-0.6725
"633",633,"Thibaut Courtois",2014,"Belgium",-0.43,-0.57,-0.54,-0.8,-0.33,1.78,-0.68,-0.56,-0.9,-0.82,-0.55,-0.52,-0.81,-1.15,-0.75,-0.61,1.22,-2.77555756156289e-17
"634",634,"Thomas Vermaelen",2014,"Belgium",-0.43,-0.57,-0.54,-0.8,-1.17,-0.81,-0.68,-0.81,-0.9,-0.82,-0.47,-0.52,-0.59,-0.88,-0.99,-0.79,-1.62,-0.71
"635",635,"Toby Alderweireld",2014,"Belgium",-0.43,-0.51,0.31,-0.8,0.9,0.86,0.05,-0.18,1.42,0.09,0.72,0.88,0.53,0.7,0.46,0.51,0.68,0.26
"636",636,"Vincent Kompany",2014,"Belgium",-0.43,-0.18,-0.54,-0.11,0.91,0.42,-0.43,2.5,0.71,0.72,0.64,0.66,0.53,-0.09,-0.75,-0.26,2.92,0.4875
"637",637,"Anel Hadzic",2014,"Bosnia and Herzegovina",-0.43,-0.57,-0.54,-0.45,-0.75,-0.62,-0.68,-0.94,-0.9,-0.12,-0.42,-0.52,-0.81,-0.68,-0.99,-0.51,-1.56,-0.695
"638",638,"Asmir Begovic",2014,"Bosnia and Herzegovina",-0.43,-0.57,-0.54,-0.8,-0.2,1.88,-0.68,-0.94,-0.9,-0.82,-0.72,-0.52,-0.81,-1.15,-0.99,-0.79,0.94,-0.07
"639",639,"Avdija Vrsajevic",2014,"Bosnia and Herzegovina",1.76,-0.31,0.97,0.26,-0.52,-0.54,-0.68,0.19,-0.21,0.58,-0.57,-0.52,-0.41,-0.68,-0.99,0.03,-0.35,-0.015
"640",640,"Edin Dzeko",2014,"Bosnia and Herzegovina",1.76,2.83,-0.54,4.33,-0.24,-0.77,-0.25,-0.49,-0.3,-0.2,0.03,-0.52,0.78,1.19,1.16,0.62,-1.26,-0.5125
"641",641,"Edin Visca",2014,"Bosnia and Herzegovina",-0.43,-0.37,-0.54,-0.63,-1.26,-1.16,-0.25,-0.49,-0.9,-0.82,-0.72,-0.52,-0.41,-0.68,-0.99,-0.79,-1.65,-0.61
"642",642,"Emir Spahic",2014,"Bosnia and Herzegovina",-0.43,-0.52,-0.54,1.14,1.69,1.26,-0.25,0.42,2.44,4.45,2.6,4.77,0.78,0.26,0.3,0.27,1.68,0.2225
"643",643,"Ermin Bicakcic",2014,"Bosnia and Herzegovina",-0.43,-0.57,-0.54,-0.8,-0.77,-0.54,-0.68,-0.71,-0.9,-0.61,0.34,0.65,-0.01,-1.15,-0.99,-0.79,-1.25,-0.6175
"644",644,"Haris Medunjanin",2014,"Bosnia and Herzegovina",-0.43,-0.34,0.21,-0.63,0.66,0.16,-0.68,-0.03,0.31,-0.61,-0.57,-0.52,-0.81,-0.68,-0.99,0.07,0.13,-0.085
"645",645,"Izet Hajrovic",2014,"Bosnia and Herzegovina",-0.43,-0.11,0.21,-0.45,-0.61,-0.7,0.62,0.42,-0.9,-0.82,-0.42,-0.52,-0.81,-0.21,-0.13,0.58,-0.28,0.1375
"646",646,"Mensur Mujdza",2014,"Bosnia and Herzegovina",-0.43,-0.57,0.97,-0.45,-0.27,0.01,-0.25,-0.49,-0.7,0.01,0.64,-0.52,-0.01,0.73,0.3,0.15,-0.48,0.06
"647",647,"Miralem Pjanic",2014,"Bosnia and Herzegovina",1.76,1.01,7.02,0.26,2.93,1.73,4.92,2.01,1.02,1.49,-0.72,-0.52,-0.41,-0.21,2.02,5.22,3.74,3.92
"648",648,"Muhamed Besic",2014,"Bosnia and Herzegovina",-0.43,-0.28,-0.54,-0.8,3.26,1.57,3.63,2.46,3.06,2.55,0.18,1.98,-0.81,3.53,-0.13,-0.2,4.03,1.78
"649",649,"Ognjen Vranjes",2014,"Bosnia and Herzegovina",-0.43,-0.57,0.21,-0.63,-1.14,-1.09,-0.68,-0.49,-0.21,-0.82,-0.27,-0.52,-0.81,-0.68,-0.13,-0.55,-1.58,-0.5125
"650",650,"Sead Kolasinac",2014,"Bosnia and Herzegovina",-0.43,-0.57,-0.54,-0.45,0.56,0.63,1.48,0.42,0.62,0.09,-0.42,-0.52,-0.81,0.73,-0.13,-0.32,1.05,0.4975
"651",651,"Sejad Salihovic",2014,"Bosnia and Herzegovina",-0.43,-0.57,0.21,-0.8,-0.89,-0.54,-0.68,-0.26,-0.3,-0.12,-0.72,-0.52,-0.81,-1.15,-0.56,0.19,-0.8,-0.3175
"652",652,"Senad Lulic",2014,"Bosnia and Herzegovina",-0.43,-0.28,-0.54,0.08,-0.15,-0.07,1.05,0.42,-0.09,-0.61,-0.57,-0.52,-0.01,-0.21,-0.56,-0.2,0.35,0.215
"653",653,"Tino Susic",2014,"Bosnia and Herzegovina",-0.43,-0.49,0.97,0.97,-0.06,-0.77,0.62,-0.49,1.08,-0.82,-0.57,1.4,-0.81,-0.21,-0.56,1.16,-1.26,0.0825
"654",654,"Toni Sunjic",2014,"Bosnia and Herzegovina",-0.43,-0.57,-0.54,-0.63,0.77,0.32,-0.68,-0.26,4.03,1.81,1.55,4.99,-0.41,-0.21,-0.56,-0.79,0.06,-0.29
"655",655,"Vedad Ibisevic",2014,"Bosnia and Herzegovina",1.76,0.87,-0.54,1.5,-0.86,-1.09,-0.25,-0.94,-0.9,-0.12,-0.57,-0.52,-0.01,-1.15,-0.56,0.03,-2.03,-0.705
"656",656,"Zvjezdan Misimovic",2014,"Bosnia and Herzegovina",-0.43,-0.31,0.21,0.08,0.31,-0.23,0.62,0.42,0.12,-0.61,-0.72,-0.52,0.39,-1.15,0.3,1.91,0.19,0.255
"657",657,"Bernard",2014,"Brazil",-0.43,-0.51,0.07,0.14,-0.92,-0.81,-0.32,-0.01,-0.65,-0.68,-0.54,-0.52,-0.81,-0.76,-0.64,-0.28,-0.82,-0.2675
"658",658,"Dani Alves",2014,"Brazil",-0.43,-0.43,0.07,-0.3,0.75,1.23,0.38,0.91,1.63,0.63,0.14,-0.52,-0.16,-0.38,0.06,0.49,2.14,0.6475
"659",659,"Dante",2014,"Brazil",-0.43,-0.57,-0.54,-0.8,-0.96,-0.78,-0.68,-0.85,-0.9,-0.4,-0.48,-0.52,-0.81,-0.96,-0.99,-0.79,-1.63,-0.7125
"660",660,"David Luiz",2014,"Brazil",1.36,0.81,0.07,0.21,1.12,0.88,0.73,2.21,0.73,1.69,1.75,1.16,1.15,1.15,0.95,-0.01,3.09,0.9725
"661",661,"Fernandinho",2014,"Brazil",0.47,-0.15,-0.54,-0.3,-0.27,-0.33,-0.15,-0.29,1.03,-0.5,-0.29,-0.14,-0.48,1.53,0.24,-0.4,-0.62,-0.3275
"662",662,"Fred",2014,"Brazil",0.47,1,-0.54,1.3,-0.77,-1.04,-0.68,-0.94,-0.7,-0.82,-0.35,-0.52,0.33,0,0.24,-0.31,-1.98,-0.8
"663",663,"Hernanes",2014,"Brazil",-0.43,-0.57,-0.54,-0.59,-1.19,-1.07,0.03,-0.57,-0.17,-0.32,-0.66,-0.52,-0.65,-0.38,-0.64,-0.79,-1.64,-0.5375
"664",664,"Hulk",2014,"Brazil",-0.43,0.43,0.38,1.44,-0.76,-0.84,1.61,0.73,-0.33,-0.39,-0.48,-0.52,0.33,0.38,1.47,0.68,-0.11,0.47
"665",665,"Jô",2014,"Brazil",-0.43,-0.11,-0.54,0.35,-1.09,-1.1,-0.68,-0.85,-0.9,-0.82,-0.6,0.03,0.49,-0.96,-0.64,-0.58,-1.95,-0.7925
"666",666,"Júlio César",2014,"Brazil",-0.43,-0.57,-0.54,-0.8,-0.24,1.2,-0.5,-0.85,-0.77,-0.82,-0.41,-0.52,-0.81,-0.96,-0.99,-0.79,0.35,-0.1725
"667",667,"Luiz Gustavo",2014,"Brazil",-0.43,-0.41,-0.23,-0.52,1,-0.27,0.03,-0.29,1.28,3.48,0.39,-0.52,1.96,1.73,1.3,-0.48,-0.56,-0.19
"668",668,"Maicon",2014,"Brazil",-0.43,-0.53,-0.23,-0.59,-0.33,0.15,0.03,0.64,0.3,0.38,-0.23,-0.52,-0.32,-0.76,-0.29,-0.37,0.79,0.1475
"669",669,"Marcelo",2014,"Brazil",-0.43,-0.31,-0.23,-0.08,1.27,1.68,1.44,2.77,1.41,1.41,0.02,0.06,-0.48,0.58,1.12,0.49,4.45,1.415
"670",670,"Maxwell",2014,"Brazil",-0.43,-0.55,-0.54,-0.52,-0.99,-0.65,-0.68,-0.57,-0.9,-0.58,-0.35,-0.52,-0.32,-0.96,-0.99,-0.56,-1.22,-0.61
"671",671,"Neymar",2014,"Brazil",3.15,1.65,2.55,1.44,-0.07,-0.24,2.32,1.29,-0.16,-0.56,-0.72,-0.03,-0.16,0.38,2.18,2.37,1.05,1.48
"672",672,"Oscar",2014,"Brazil",1.36,0.96,1.31,1.51,0.66,0.85,1.44,1.38,3.16,0.82,-0.17,-0.52,0.17,0.58,1.3,1.85,2.23,1.245
"673",673,"Paulinho",2014,"Brazil",-0.43,1.13,-0.54,1.15,-0.48,-0.78,0.2,-0.29,0.44,0.16,-0.41,-0.52,-0.32,0.58,-0.47,0.31,-1.07,-0.3525
"674",674,"Ramires",2014,"Brazil",-0.43,-0.33,-0.54,-0.23,-0.87,-0.91,-0.15,-0.38,-0.06,0.01,-0.48,-0.52,0.01,0.58,0.06,-0.2,-1.29,-0.495
"675",675,"Thiago Silva",2014,"Brazil",0.47,0.62,-0.54,-0.01,0.81,0.27,-0.68,0.08,-0.13,0.93,2.25,4.08,1.31,-0.19,0.06,-0.34,0.35,-0.2175
"676",676,"Willian",2014,"Brazil",-0.43,-0.4,-0.23,-0.08,-0.6,-0.68,0.03,-0.11,-0.9,-0.61,-0.66,-0.52,-0.81,-0.57,-0.64,0.41,-0.79,-0.2475
"677",677,"Alex Song",2014,"Cameroon",-0.43,-0.46,0.97,-0.63,-0.27,-0.7,-0.68,0.87,-0.9,-0.82,-0.72,-0.52,-0.81,0.26,0.3,0.34,0.17,0.115
"678",678,"Allan Nyom",2014,"Cameroon",-0.43,-0.46,0.21,-0.27,-0.8,-0.3,-0.25,-0.03,-0.9,-0.52,-0.12,0.29,-0.81,-1.15,-0.56,-0.28,-0.33,-0.0925
"679",679,"Aurélien Chedjou",2014,"Cameroon",-0.43,-0.34,-0.54,-0.27,-0.5,-0.62,0.18,-0.94,-0.28,0.06,0.64,-0.52,-0.81,-0.68,-0.99,-0.67,-1.56,-0.48
"680",680,"Benjamin Moukandjo",2014,"Cameroon",-0.43,-0.05,2.48,0.79,-0.4,-0.23,1.91,1.55,-0.61,-0.5,-0.42,-0.52,-0.01,0.26,0.73,2.18,1.32,1.4275
"681",681,"Benoît Assou-Ekotto",2014,"Cameroon",-0.43,-0.31,2.48,-0.63,-0.04,1.1,0.62,-0.26,-0.9,0.44,0.79,0.13,-0.01,0.26,-0.56,1.48,0.84,0.985
"682",682,"Charles Itandje",2014,"Cameroon",-0.43,-0.57,-0.54,-0.8,-0.36,1.41,-0.68,-0.26,-0.9,-0.82,-0.42,-0.52,-0.81,-1.15,-0.56,-0.79,1.15,-0.0175
"683",683,"Cédric Djeugoue",2014,"Cameroon",-0.43,-0.57,-0.54,-0.8,-1.23,-0.93,-0.68,-0.94,-0.9,-0.82,-0.42,-0.52,-0.81,-1.15,-0.99,-0.79,-1.87,-0.7725
"684",684,"Dany Nounkeu",2014,"Cameroon",-0.43,-0.37,0.21,-0.1,-0.59,-0.23,-0.68,-0.71,-0.74,-0.1,-0.12,-0.52,-0.81,-0.21,-0.99,-0.09,-0.94,-0.3525
"685",685,"Edgar Salli",2014,"Cameroon",-0.43,-0.57,0.21,-0.45,-1.12,-1.01,1.05,0.19,-0.67,-0.82,-0.72,-0.52,-0.81,-0.21,-0.13,0.15,-0.82,0.11
"686",686,"Eyong Enoh",2014,"Cameroon",-0.43,-0.4,-0.54,-0.63,0.15,-0.54,0.18,-0.49,0.65,-0.82,-0.42,-0.52,-0.01,3.07,0.73,-0.48,-1.03,-0.3475
"687",687,"Henri Bedimo",2014,"Cameroon",-0.43,-0.57,-0.54,-0.45,-0.61,-0.62,0.62,0.19,-0.32,-0.82,-0.57,-0.52,-0.81,-0.68,-0.13,-0.75,-0.43,-0.0875
"688",688,"Joël Matip",2014,"Cameroon",1.76,1.16,-0.54,0.26,-0.52,-0.23,-0.25,0.19,-0.44,0.66,0.64,2.72,0.78,-0.21,-0.56,-0.16,-0.04,-0.2075
"689",689,"Landry N'Guemo",2014,"Cameroon",-0.43,-0.4,-0.54,-0.63,-0.54,-0.46,-0.68,-0.49,0.26,0.36,-0.72,-0.52,-0.81,-0.21,1.59,-0.79,-0.95,-0.5425
"690",690,"Maxim Choupo-Moting",2014,"Cameroon",-0.43,0.21,-0.54,1.85,-0.47,-0.3,0.62,1.1,-0.28,1.47,-0.42,0.29,1.18,-0.68,-0.99,-0.59,0.8,0.22
"691",691,"Nicolas N'Koulou",2014,"Cameroon",-0.43,-0.37,-0.54,-0.27,0.45,-0.38,-0.68,-0.49,0.38,-0.52,1.39,2.55,-0.81,-0.68,-0.56,-0.79,-0.87,-0.5225
"692",692,"Pierre Webó",2014,"Cameroon",-0.43,0.12,-0.54,0.79,-1.14,-0.93,-0.68,-0.94,-0.9,-0.82,-0.72,-0.52,0.39,-0.68,-0.99,-0.55,-1.87,-0.7725
"693",693,"Samuel Eto'o",2014,"Cameroon",-0.43,-0.17,-0.54,0.08,-1.12,-0.93,-0.68,-0.94,-0.58,-0.82,-0.57,-0.52,-0.81,-1.15,-0.56,-0.09,-1.87,-0.7725
"694",694,"Stéphane M'bia",2014,"Cameroon",-0.43,-0.11,0.21,0.79,1.09,1.02,1.91,1.55,-0.06,1.76,-0.42,-0.52,-0.41,1.66,2.02,-0.44,2.57,1.1725
"695",695,"Vincent Aboubakar",2014,"Cameroon",-0.43,0.15,-0.54,0.61,-0.73,-1.09,0.18,-0.26,-0.9,-0.52,-0.72,-0.52,-0.81,-1.15,-0.56,-0.24,-1.35,-0.4275
"696",696,"Alexis Sánchez",2014,"Chile",2.6,0.91,2.08,1.28,0.26,0.19,5.88,0.94,0.06,0.48,-0.72,-0.52,-0.26,1.12,6.17,3.27,1.13,2.2725
"697",697,"Arturo Vidal",2014,"Chile",-0.43,-0.47,-0.54,0.42,0.1,-0.51,-0.08,-0.78,0.37,-0.5,-0.51,-0.52,1.4,1.45,1.69,0.05,-1.29,-0.4775
"698",698,"Charles Aránguiz",2014,"Chile",1.09,0.29,-0.54,1.4,0.54,-0.14,0.52,-0.31,0.59,0.47,-0.62,0.86,-0.81,-0.18,0.5,0.67,-0.45,-0.1175
"699",699,"Claudio Bravo",2014,"Chile",-0.43,-0.57,-0.54,-0.8,0.24,2.51,-0.68,-0.94,-0.9,-0.82,-0.62,-0.52,-0.81,-1.15,-0.1,-0.71,1.57,0.0874999999999999
"700",700,"Eduardo Vargas",2014,"Chile",1.09,1.54,-0.54,1.52,-0.51,-0.79,-0.08,-0.63,-0.9,-0.82,-0.31,-0.52,0.02,-1.15,-0.7,1.46,-1.42,-0.51
"701",701,"Eugenio Mena",2014,"Chile",-0.43,-0.31,0.5,0.05,0.78,1,0.22,-0.47,1.55,1.3,0.43,1.74,-0.81,0.47,-0.1,0.08,0.53,0.3125
"702",702,"Felipe Gutiérrez",2014,"Chile",-0.43,0.05,-0.54,0.18,-0.29,-0.62,-0.68,-0.47,1.03,-0.18,-0.31,0.63,0.02,0.47,0.2,-0.38,-1.09,-0.5775
"703",703,"Francisco Silva",2014,"Chile",-0.43,-0.57,-0.54,-0.8,0.67,0.78,-0.38,-0.31,0.53,0.07,0.85,0.36,0.02,2.09,1.99,-0.76,0.47,-0.1125
"704",704,"Gary Medel",2014,"Chile",-0.43,-0.41,-0.54,-0.31,2.52,1.27,-0.38,0.32,0.15,1.8,3.57,2.77,2.78,-0.18,1.09,-0.71,1.59,0.1675
"705",705,"Gonzalo Jara",2014,"Chile",-0.43,-0.49,-0.02,-0.68,1.85,2.51,-0.38,0.32,0.73,1.39,0.85,-0.52,0.57,1.12,-0.4,-0.14,2.83,0.6075
"706",706,"Jean Beauséjour",2014,"Chile",1.09,-0.51,-0.54,-0.19,-1.26,-1.16,-0.38,-0.78,-0.9,-0.82,-0.72,-0.52,-0.53,-0.82,-0.99,-0.79,-1.94,-0.715
"707",707,"Jorge Valdívia",2014,"Chile",1.09,-0.41,-0.54,0.05,-0.8,-0.79,-0.38,-0.78,-0.81,0.2,-0.72,-0.52,-0.81,-0.82,-0.4,0.02,-1.57,-0.6225
"708",708,"Marcelo Díaz",2014,"Chile",-0.43,-0.27,0.5,-0.8,1.55,0.62,-0.68,-0.47,0.92,0.55,0.11,-0.52,-0.81,0.47,-0.1,-0.09,0.15,-0.00750000000000001
"709",709,"Mauricio Isla",2014,"Chile",-0.43,0.33,-0.54,0.42,1.68,2.78,-0.08,-0.47,1.55,1.15,0.74,2.4,-0.53,0.15,1.09,0.29,2.31,0.4225
"710",710,"Mauricio Pinilla",2014,"Chile",-0.43,0.45,-0.54,-0.31,-1.19,-1.11,-0.68,-0.78,-0.9,-0.82,-0.51,-0.52,0.29,-0.5,-0.4,-0.6,-1.89,-0.7775
"711",711,"Abel Aguilar",2014,"Colombia",-0.43,-0.57,-0.54,-0.27,0.06,-0.55,-0.68,-0.4,0.07,-0.17,-0.09,0.18,0.39,0.54,-0.22,-0.3,-0.95,-0.5425
"712",712,"Adrián Ramos",2014,"Colombia",-0.43,-0.07,-0.09,1.21,-0.93,-0.98,0.1,-0.12,-0.68,-0.6,-0.54,-0.52,-0.33,0.26,-0.48,0.06,-1.1,-0.2725
"713",713,"Alexander Mejía",2014,"Colombia",-0.43,-0.57,-0.54,-0.8,-0.96,-1.07,-0.68,-0.81,-0.32,-0.36,0,0.43,-0.57,0.26,-0.99,-0.79,-1.88,-0.775
"714",714,"Carlos Carbonero",2014,"Colombia",-0.43,0.45,-0.54,-0.59,-1.22,-1.02,-0.68,-0.94,-0.79,-0.82,-0.63,-0.52,-0.09,-0.59,-0.22,-0.79,-1.96,-0.795
"715",715,"Carlos Sánchez",2014,"Colombia",-0.43,-0.56,-0.54,-0.8,-0.19,-0.51,-0.42,-0.94,0.42,-0.03,0.09,0.7,1.34,-0.02,-0.48,-0.79,-1.45,-0.6025
"716",716,"Carlos Valdés",2014,"Colombia",-0.43,-0.57,-0.54,-0.8,-1.22,-1.02,-0.68,-0.94,-0.9,-0.47,-0.09,-0.2,-0.81,-0.59,-0.99,-0.79,-1.96,-0.795
"717",717,"Cristián Zapata",2014,"Colombia",-0.43,-0.42,-0.54,-0.17,-0.09,-0.09,-0.42,-0.81,0.15,0.34,1,1.6,0.15,-0.02,0.04,-0.79,-0.9,-0.465
"718",718,"David Ospina",2014,"Colombia",-0.43,-0.57,-0.54,-0.8,-0.21,1.55,-0.68,-0.81,-0.9,-0.82,-0.45,-0.52,-0.81,-1.15,-0.74,-0.79,0.74,-0.12
"719",719,"Fredy Guarín",2014,"Colombia",-0.43,-0.4,-0.54,-0.59,-0.7,-0.55,0.36,-0.53,-0.24,-0.25,-0.36,0.11,-0.09,0.26,-0.22,-0.72,-1.08,-0.315
"720",720,"Jackson Martínez",2014,"Colombia",2.2,0.1,-0.54,0.68,-0.92,-0.88,-0.68,-0.4,0.18,-0.82,-0.45,0.18,0.39,-0.02,0.04,-0.48,-1.28,-0.625
"721",721,"James Rodríguez",2014,"Colombia",7.45,3.6,3.09,1.64,0.79,0.85,3.2,1.51,0.27,-0.56,-0.54,-0.05,-0.57,1.66,2.11,4.6,2.36,2.1625
"722",722,"Juan Cuadrado",2014,"Colombia",0.88,1.16,0.36,1.85,0.13,-0.04,1.39,2.46,0.17,-0.1,-0.09,-0.52,-0.33,1.38,3.66,2.73,2.42,1.0425
"723",723,"Juan Quintero",2014,"Colombia",0.88,0.4,-0.09,-0.38,-1.02,-0.79,-0.16,-0.4,-0.57,-0.42,-0.63,-0.52,-0.81,-0.87,-0.74,-0.25,-1.19,-0.36
"724",724,"Juan Zúñiga",2014,"Colombia",-0.43,-0.5,-0.54,-0.49,0.48,1.27,0.36,0.96,0.64,0.02,0.37,-0.52,-0.81,-0.02,2.63,-0.23,2.23,0.5125
"725",725,"Mario Yepes",2014,"Colombia",-0.43,-0.49,-0.54,-0.38,-0.31,-0.65,-0.68,-0.67,1.37,1.11,1.36,1.39,-0.09,-0.59,-0.48,-0.79,-1.32,-0.635
"726",726,"Pablo Armero",2014,"Colombia",0.88,-0.4,0.82,-0.38,0.53,1.23,-0.42,0.28,-0.29,0.29,0.37,-0.05,-0.09,1.1,0.04,0.38,1.51,0.4775
"727",727,"Santiago Arias",2014,"Colombia",-0.43,-0.49,-0.54,-0.59,-0.67,-0.18,-0.42,-0.4,-0.51,-0.53,-0.27,-0.2,-0.57,-0.87,-0.99,-0.6,-0.58,-0.385
"728",728,"Teófilo Gutiérrez",2014,"Colombia",0.88,1.56,-0.54,1.85,-0.53,-0.88,-0.68,-0.26,-0.4,-0.56,-0.63,-0.05,0.39,0.82,-0.48,0.06,-1.14,-0.59
"729",729,"Víctor Ibarbo",2014,"Colombia",-0.43,-0.57,-0.09,-0.27,-0.85,-1.02,-0.16,-0.53,-0.47,-0.6,-0.36,-0.05,-0.57,0.82,0.56,0.13,-1.55,-0.45
"730",730,"Éder Balanta",2014,"Colombia",-0.43,-0.57,-0.54,-0.8,-1.21,-0.93,-0.68,-0.67,-0.79,-0.7,0,-0.2,-0.33,-0.59,-0.99,-0.79,-1.6,-0.705
"731",731,"Bryan Ruiz",2014,"Costa Rica",1.89,0.43,0.26,0.23,0.58,0.24,0.24,-0.58,-0.66,-0.63,-0.08,-0.52,-0.18,2.07,0.83,0.16,-0.34,0.04
"732",732,"Celso Borges",2014,"Costa Rica",-0.43,0.48,-0.54,0.13,0.72,0.08,-0.68,-0.58,-0.62,-0.19,0.4,-0.52,0.67,-0.16,-0.54,-0.31,-0.5,-0.43
"733",733,"Christian Bolaños",2014,"Costa Rica",-0.43,-0.13,1.46,0.69,-0.36,-0.38,-0.22,-0.22,-0.61,-0.58,-0.4,-0.26,-0.39,2.32,-0.08,1.82,-0.6,0.16
"734",734,"Cristian Gamboa",2014,"Costa Rica",-0.43,-0.54,-0.14,-0.71,0,0.45,-0.22,-0.34,1.08,-0.27,0.32,-0.52,-0.39,1.08,0.83,-0.39,0.11,-0.0625
"735",735,"Dave Myrie",2014,"Costa Rica",-0.43,-0.57,-0.54,-0.8,-1.34,-1.12,-0.68,-0.94,-0.86,-0.68,-0.64,-0.52,-0.81,-1.15,-0.77,-0.7,-2.06,-0.82
"736",736,"Giancarlo González",2014,"Costa Rica",-0.43,-0.18,-0.54,0.13,-0.25,-0.38,-0.68,-0.82,-0.18,0.52,3.36,0.38,1.72,-0.16,0.15,-0.6,-1.2,-0.605
"737",737,"Joel Campbell",2014,"Costa Rica",0.73,-0.3,-0.14,0.13,-0.38,-0.79,1.38,0.86,-0.61,-0.64,-0.64,-0.52,0.67,0.84,3.57,-0.25,0.07,0.3275
"738",738,"Johnny Acosta",2014,"Costa Rica",-0.43,-0.3,-0.54,-0.62,-0.93,-0.58,-0.68,-0.46,-0.57,-0.77,0,-0.52,-0.81,-0.9,-0.54,-0.79,-1.04,-0.565
"739",739,"José Cubero",2014,"Costa Rica",-0.43,-0.57,-0.54,-0.8,-1.16,-1.08,-0.22,-0.7,-0.82,-0.82,-0.4,-0.52,-0.6,-0.4,-0.77,-0.77,-1.78,-0.635
"740",740,"Júnior Díaz",2014,"Costa Rica",-0.43,-0.57,0.26,-0.52,0.42,0.82,-0.68,-0.46,0.04,0,2,0.23,0.46,0.84,1.29,-0.31,0.36,-0.015
"741",741,"Keylor Navas",2014,"Costa Rica",-0.43,-0.57,-0.54,-0.8,-0.3,1.73,-0.68,-0.82,-0.9,-0.68,-0.48,-0.52,-0.39,-1.15,-0.31,-0.6,0.91,-0.0775
"742",742,"Marco Ureña",2014,"Costa Rica",0.73,0.04,-0.54,0.13,-1.23,-1.08,-0.45,-0.22,-0.75,-0.82,-0.64,-0.39,-0.6,-0.65,-0.77,-0.11,-1.3,-0.5725
"743",743,"Michael Umaña",2014,"Costa Rica",-0.43,-0.57,-0.54,-0.8,-0.21,-0.38,-0.68,-0.58,-0.26,-0.26,2.08,-0.52,0.24,-0.16,-0.54,-0.77,-0.96,-0.545
"744",744,"Randall Brenes",2014,"Costa Rica",-0.43,-0.41,-0.14,-0.05,-1.14,-0.87,-0.68,-0.94,-0.81,-0.72,-0.4,-0.52,-0.81,0.09,-0.77,-0.52,-1.81,-0.6575
"745",745,"Roy Miller",2014,"Costa Rica",-0.43,-0.57,-0.54,-0.8,-1.08,-0.92,-0.68,-0.7,-0.63,-0.12,-0.16,-0.52,-0.81,-0.65,-0.77,-0.79,-1.62,-0.71
"746",746,"Yeltsin Tejeda",2014,"Costa Rica",-0.43,-0.51,-0.54,-0.62,0.29,-0.34,-0.45,-0.82,0.06,-0.35,-0.48,0.46,-0.6,0.34,-0.54,-0.7,-1.16,-0.5375
"747",747,"Óscar Duarte",2014,"Costa Rica",0.73,0.25,-0.54,-0.05,0.14,0.41,-0.68,-0.1,0.08,0.61,-0.08,0.13,-0.18,1.08,-0.54,-0.79,0.31,-0.2275
"748",748,"Ante Rebic",2014,"Croatia",-0.43,0.23,-0.54,0.43,-1.09,-0.77,1.48,0.19,-0.23,-0.82,-0.42,-0.52,-0.81,0.26,-0.99,0.77,-0.58,0.09
"749",749,"Danijel Pranjic",2014,"Croatia",-0.43,-0.46,1.73,-0.27,0.19,0.71,-0.68,-0.49,0.16,-0.25,-0.12,-0.52,-0.81,-0.68,-0.56,-0.01,0.22,0.3175
"750",750,"Darijo Srna",2014,"Croatia",-0.43,0.09,1.73,-0.1,0.98,1.96,-0.68,-0.26,1.03,1.01,1.85,0.87,1.18,0.73,0.3,1.2,1.7,0.6875
"751",751,"Dejan Lovren",2014,"Croatia",-0.43,-0.49,-0.54,-0.27,0.49,1.1,-0.68,0.87,0.16,0.7,3.21,2.63,2.38,1.66,-0.13,-0.44,1.97,0.1875
"752",752,"Ivan Perisic",2014,"Croatia",3.95,3.21,1.73,3.8,-0.31,-0.54,0.18,0.87,0.59,-0.46,0.03,-0.52,0.39,0.26,1.16,1.28,0.33,0.56
"753",753,"Ivan Rakitic",2014,"Croatia",-0.43,-0.52,3.24,-0.1,2.11,1.26,-0.25,1.33,-0.05,2.6,0.18,2.93,-0.41,0.26,-0.99,2.02,2.59,1.395
"754",754,"Ivica Olic",2014,"Croatia",1.76,1.07,0.97,3.09,-0.61,-0.7,0.18,0.19,1.67,-0.07,-0.12,-0.52,0.78,1.19,-0.99,-0.05,-0.51,0.16
"755",755,"Luka Modric",2014,"Croatia",-0.43,-0.43,0.97,-0.45,1.78,0.87,2.77,0.42,-0.41,1.36,-0.57,1.06,-0.41,0.26,2.02,0.85,1.29,1.2575
"756",756,"Marcelo Brozovic",2014,"Croatia",-0.43,-0.37,-0.54,-0.63,-1.12,-0.93,-0.68,-0.94,-0.55,-0.64,-0.72,-0.52,-0.81,-0.68,-0.99,-0.75,-1.87,-0.7725
"757",757,"Mario Mandzukic",2014,"Croatia",3.95,2.49,-0.54,1.32,-0.82,-0.93,-0.68,-0.71,-0.34,-0.82,-0.72,-0.52,3.57,0.26,0.3,0.03,-1.64,-0.715
"758",758,"Mateo Kovacic",2014,"Croatia",-0.43,-0.52,-0.54,-0.63,-0.13,-0.62,-0.25,-0.49,-0.55,-0.82,-0.72,-0.52,-0.81,-1.15,-0.56,0.11,-1.11,-0.475
"759",759,"Nikica Jelavic",2014,"Croatia",-0.43,0.75,-0.54,0.43,-1.26,-1.16,-0.68,-0.94,-0.9,-0.82,-0.72,-0.52,1.58,0.73,-0.99,-0.79,-2.1,-0.83
"760",760,"Sammir",2014,"Croatia",-0.43,-0.34,-0.54,-0.27,-0.96,-0.7,-0.68,-0.49,-0.9,-0.25,-0.72,-0.52,-0.81,-0.21,-0.56,-0.48,-1.19,-0.6025
"761",761,"Sime Vrsaljko",2014,"Croatia",-0.43,-0.57,-0.54,-0.8,0.03,0.87,-0.68,-0.71,-0.73,-0.29,1.7,0.93,0.39,1.19,-0.56,-0.79,0.16,-0.265
"762",762,"Stipe Pletikosa",2014,"Croatia",-0.43,-0.57,-0.54,-0.8,-0.17,1.96,-0.68,-0.94,-0.9,-0.82,-0.72,-0.52,-0.81,-1.15,-0.56,-0.51,1.02,-0.05
"763",763,"Vedran Corluka",2014,"Croatia",-0.43,-0.46,-0.54,-0.27,0.72,1.65,-0.25,0.42,0.23,1.85,2.45,2.44,0.39,0.26,-0.13,-0.59,2.07,0.32
"764",764,"Alexander Domínguez",2014,"Ecuador",-0.43,-0.57,-0.54,-0.8,-0.33,1.57,-0.68,-0.94,-0.9,-0.82,-0.57,-0.52,-0.01,-1.15,-0.56,-0.79,0.63,-0.1475
"765",765,"Antonio Valencia",2014,"Ecuador",-0.43,-0.4,0.21,-0.27,0.15,-0.46,-0.25,0.65,-0.9,-0.82,-0.27,-0.52,4.37,3.07,-0.13,-0.09,0.19,0.0375
"766",766,"Carlos Gruezo",2014,"Ecuador",-0.43,-0.52,-0.54,-0.8,-0.86,-1.09,-0.25,-0.94,-0.74,-0.82,-0.42,-0.05,-0.81,-0.21,-0.56,-0.48,-2.03,-0.705
"767",767,"Christian Noboa",2014,"Ecuador",-0.43,0.12,-0.54,0.79,0.47,0.55,0.18,-0.49,2.21,-0.31,0.34,2.21,0.78,2.13,-0.56,0.62,0.0600000000000001,-0.075
"768",768,"Enner Valencia",2014,"Ecuador",6.14,5.46,-0.54,1.5,-0.63,-1.01,1.48,1.1,0.22,-0.82,-0.42,-0.52,1.58,2.13,2.02,-0.48,0.0900000000000001,0.2575
"769",769,"Felipe Caicedo",2014,"Ecuador",-0.43,-0.17,-0.54,0.08,-0.75,-1.09,-0.25,-0.49,-0.74,-0.82,-0.72,-0.52,0.39,-0.21,-0.56,-0.44,-1.58,-0.5925
"770",770,"Frickson Erazo",2014,"Ecuador",-0.43,-0.11,-0.54,0.26,0.06,-0.15,0.18,-0.03,-0.65,0.4,2.76,0.88,1.58,-1.15,-0.99,-0.32,-0.18,-0.135
"771",771,"Jefferson Montero",2014,"Ecuador",-0.43,-0.28,-0.54,0.79,-0.1,-0.15,0.18,3.14,-0.12,-0.25,-0.57,-0.52,-0.81,0.26,0.73,-0.44,2.99,0.6575
"772",772,"Jorge Guagua",2014,"Ecuador",-0.43,-0.57,-0.54,-0.45,-0.27,-0.46,-0.68,-0.26,-0.12,-0.31,4.27,-0.52,1.98,0.73,0.3,-0.63,-0.72,-0.485
"773",773,"Juan Carlos Paredes",2014,"Ecuador",-0.43,-0.54,1.73,-0.8,0.43,1.96,1.91,0.87,0.47,-0.16,-0.27,1.05,-0.81,0.26,1.16,0.46,2.83,1.6175
"774",774,"Michael Arroyo",2014,"Ecuador",-0.43,-0.14,0.21,0.08,-0.77,-1.01,-0.25,0.42,-0.74,-0.82,-0.72,-0.52,-0.41,-0.21,-0.56,-0.4,-0.59,-0.1575
"775",775,"Oswaldo Minda",2014,"Ecuador",-0.43,-0.57,-0.54,-0.8,-0.2,-1.01,-0.68,-0.94,0.13,-0.33,0.03,1.05,-0.41,-0.21,-0.99,-0.71,-1.95,-0.7925
"776",776,"Renato Ibarra",2014,"Ecuador",-0.43,-0.31,-0.54,-0.45,-1.32,-1.16,0.62,-0.49,-0.9,-0.82,-0.57,-0.52,-0.41,-0.21,-0.56,-0.36,-1.65,-0.3925
"777",777,"Walter Ayoví",2014,"Ecuador",-0.43,-0.28,2.48,-0.8,1.35,2.58,-0.68,-0.03,-0.4,-0.25,2.45,0.58,0.39,0.73,-0.56,1.48,2.55,1.0875
"778",778,"Adam Lallana",2014,"England",-0.43,-0.57,-0.54,0.79,-0.66,-1.01,-0.68,-0.71,-0.37,0.27,-0.72,-0.52,0.39,-0.21,-0.13,-0.36,-1.72,-0.735
"779",779,"Ben Foster",2014,"England",-0.43,-0.57,-0.54,-0.8,-0.86,-0.3,-0.68,-0.94,-0.9,-0.82,-0.72,-0.52,-0.81,-1.15,-0.56,-0.79,-1.24,-0.615
"780",780,"Chris Smalling",2014,"England",-0.43,-0.57,-0.54,-0.63,-0.54,-0.54,-0.25,-0.94,-0.37,0.82,0.18,-0.52,0.39,0.26,-0.56,-0.79,-1.48,-0.5675
"781",781,"Daniel Sturridge",2014,"England",1.76,3.18,-0.54,2.91,-0.27,-0.62,1.48,1.1,-0.9,-0.54,-0.72,-0.52,-0.41,-0.21,2.02,1.36,0.48,0.355
"782",782,"Danny Welbeck",2014,"England",-0.43,-0.49,-0.54,0.43,-0.52,-0.62,-0.25,0.42,1.01,0.16,-0.42,-0.52,-0.81,-0.68,0.3,-0.51,-0.2,-0.2475
"783",783,"Frank Lampard",2014,"England",-0.43,-0.4,-0.54,-0.63,0.17,-0.38,0.18,-0.49,0.71,0.27,-0.57,-0.52,-0.41,-0.68,-0.13,-0.63,-0.87,-0.3075
"784",784,"Gary Cahill",2014,"England",-0.43,-0.57,-0.54,-0.27,1.81,0.94,-0.25,-0.49,1.01,1.36,3.06,0.98,2.38,0.73,0.73,-0.79,0.45,-0.085
"785",785,"Glen Johnson",2014,"England",-0.43,-0.49,-0.54,-0.45,1.35,1.18,0.18,1.55,1.01,-0.82,-0.12,-0.52,-0.01,-0.68,0.3,-0.59,2.73,0.5925
"786",786,"Jack Wilshere",2014,"England",-0.43,-0.57,-0.54,-0.8,-0.5,-0.62,-0.25,-0.71,-0.37,-0.27,-0.72,-0.52,-0.81,-0.68,-0.13,-0.05,-1.33,-0.53
"787",787,"James Milner",2014,"England",-0.43,-0.57,0.21,-0.8,-0.91,-0.46,0.18,0.19,0.17,0.82,-0.72,-0.52,-0.41,-0.68,-0.99,0.15,-0.27,0.03
"788",788,"Joe Hart",2014,"England",-0.43,-0.57,-0.54,-0.8,-0.52,0.55,-0.68,-0.71,-0.9,-0.82,-0.42,-0.52,-0.81,-1.15,-0.99,-0.79,-0.16,-0.345
"789",789,"Jordan Henderson",2014,"England",-0.43,-0.46,-0.54,-0.8,0.84,-0.3,0.18,-0.71,-0.21,0.16,-0.27,-0.52,-0.41,-0.68,-0.56,-0.32,-1.01,-0.3425
"790",790,"Leighton Baines",2014,"England",-0.43,-0.4,0.97,-0.8,0.91,1.02,0.18,-0.03,0.06,-0.27,-0.12,-0.52,-0.81,-0.21,-0.56,0.77,0.99,0.535
"791",791,"Luke Shaw",2014,"England",-0.43,-0.49,-0.54,-0.8,-0.36,0.4,-0.25,-0.03,-0.37,0.27,-0.57,-0.52,-0.01,-0.68,0.3,-0.48,0.37,-0.105
"792",792,"Phil Jagielka",2014,"England",-0.43,-0.37,-0.54,-0.1,0.49,-0.23,-0.68,-0.49,-0.9,-0.12,1.55,0.98,0.39,-1.15,-0.56,-0.79,-0.72,-0.485
"793",793,"Phil Jones",2014,"England",-0.43,-0.57,-0.54,-0.27,-0.38,-0.23,-0.68,-0.71,0.17,-0.82,-0.27,-0.52,-0.01,-0.21,0.3,-0.28,-0.94,-0.54
"794",794,"Raheem Sterling",2014,"England",-0.43,-0.23,-0.54,-0.1,-0.06,-0.38,3.63,1.78,0.17,-0.82,-0.72,-0.52,-0.01,1.66,0.3,-0.67,1.4,1.1225
"795",795,"Ross Barkley",2014,"England",-0.43,-0.28,0.97,0.08,0.13,-0.85,1.05,0.87,-0.9,-0.12,-0.57,-0.52,-0.01,-0.21,-0.56,1.87,0.02,0.51
"796",796,"Steven Gerrard",2014,"England",-0.43,-0.28,2.48,-0.1,0.98,0.16,0.18,-0.71,0.75,-0.12,-0.27,1.4,-0.01,-0.21,-0.99,1.44,-0.55,0.5275
"797",797,"Wayne Rooney",2014,"England",1.76,5.2,0.97,0.97,0.01,-0.46,0.62,0.19,-0.37,-0.82,-0.57,-0.52,0.39,0.26,1.59,1.05,-0.27,0.33
"798",798,"Antoine Griezmann",2014,"France",-0.43,0.33,2.18,1.43,-0.06,-0.41,0.36,-0.4,-0.24,-0.14,-0.72,-0.52,0.15,-0.3,0.3,1.77,-0.81,0.4325
"799",799,"Bacary Sagna",2014,"France",-0.43,-0.57,0.82,-0.8,-0.67,-0.27,-0.68,-0.4,-0.48,0.49,-0.27,-0.52,-0.09,-1.15,-0.74,-0.04,-0.67,-0.1325
"800",800,"Blaise Matuidi",2014,"France",0.88,0.47,-0.54,2.38,1.44,-0.04,2.68,0.01,0.91,0.04,-0.45,-0.13,0.39,1.1,1.33,0.29,-0.03,0.5275
"801",801,"Hugo Lloris",2014,"France",-0.43,-0.57,-0.54,-0.8,-0.08,1.74,-0.68,-0.67,-0.9,-0.82,-0.63,-0.52,-0.81,-1.15,-0.48,-0.79,1.07,-0.0375000000000001
"802",802,"Karim Benzema",2014,"France",3.51,7.69,-0.09,5.78,0.1,0.05,0.87,1.37,-0.53,-0.38,-0.63,-0.52,-0.33,-0.59,-0.22,4.53,1.42,0.55
"803",803,"Laurent Koscielny",2014,"France",-0.43,-0.42,-0.54,-0.49,-0.31,-0.23,-0.68,-0.81,-0.9,0.05,1.09,1.86,1.58,-0.59,-0.74,-0.79,-1.04,-0.565
"804",804,"Loïc Rémy",2014,"France",-0.43,-0.47,-0.09,-0.27,-1.18,-1.12,-0.42,-0.26,-0.9,-0.82,-0.72,-0.52,-0.81,-1.15,-0.74,-0.62,-1.38,-0.4725
"805",805,"Lucas Digne",2014,"France",-0.43,-0.57,-0.09,-0.7,-0.59,-0.18,-0.42,-0.53,0.38,-0.82,-0.36,-0.52,-0.33,-0.87,-0.22,-0.09,-0.71,-0.305
"806",806,"Mamadou Sakho",2014,"France",-0.43,-0.52,-0.54,-0.59,1.06,1.32,-0.68,0.83,-0.48,0.2,0.82,2.75,3.01,-1.15,-0.74,-0.48,2.15,0.2325
"807",807,"Mathieu Debuchy",2014,"France",-0.43,-0.3,0.36,0.47,0.77,0.99,0.36,-0.12,2.71,1.1,0.46,0.66,0.86,0.82,0.04,-0.72,0.87,0.3975
"808",808,"Mathieu Valbuena",2014,"France",0.88,1.33,4.9,2.38,0.95,1.09,0.1,0.15,-0.62,-0.53,-0.72,-0.52,-0.09,0.54,0.82,3.92,1.24,1.56
"809",809,"Morgan Schneiderlin",2014,"France",-0.43,-0.52,-0.54,-0.8,-0.52,-0.51,-0.42,-0.53,-0.48,0.05,-0.72,0.67,-0.81,-1.15,-0.74,-0.74,-1.04,-0.5
"810",810,"Moussa Sissoko",2014,"France",0.88,-0.42,0.36,0.58,-0.3,-0.55,-0.42,0.15,-0.77,-0.68,-0.72,0.67,-0.81,-0.3,-0.48,0.24,-0.4,-0.115
"811",811,"Olivier Giroud",2014,"France",0.88,0.64,-0.54,1.96,-0.96,-1.02,-0.68,-0.81,-0.05,-0.38,-0.27,0.27,0.62,0.54,0.56,0.55,-1.83,-0.7625
"812",812,"Patrice Evra",2014,"France",-0.43,-0.47,2.18,0.05,0.64,0.99,0.1,0.42,0.65,-0.09,0.46,-0.52,1.1,0.26,0.56,1.11,1.41,0.9225
"813",813,"Paul Pogba",2014,"France",0.88,1.26,-0.09,0.36,1.3,0.2,3.46,0.42,0.2,-0.14,-0.27,-0.52,0.39,1.1,1.59,0.45,0.62,0.9975
"814",814,"Raphaël Varane",2014,"France",-0.43,-0.52,-0.54,0.05,0.95,0.85,-0.42,0.42,1.39,0.24,0.82,2.91,-0.33,-1.15,-0.48,-0.44,1.27,0.0775
"815",815,"Yohan Cabaye",2014,"France",-0.43,0.6,0.36,-0.7,1.15,0.43,-0.68,-0.81,1.51,1.44,-0.27,0.93,-0.81,1.38,-0.22,0.38,-0.38,-0.175
"816",816,"André Schürrle",2014,"Germany",2.14,2.51,-0.25,1.34,-0.5,-0.71,-0.51,-0.32,0.69,0.23,-0.55,-0.52,-0.5,0.13,-0.66,-0.12,-1.03,-0.4475
"817",817,"Bastian Schweinsteiger",2014,"Germany",-0.43,0.08,-0.25,-0.18,2.05,0.91,-0.51,0.3,1.89,-0.17,-0.01,-0.01,-0.19,0.87,1.7,0.28,1.21,0.1125
"818",818,"Benedikt Höwedes",2014,"Germany",-0.43,0.23,-0.54,0.37,1.2,1.37,-0.51,0.21,1.73,1.03,1.23,1.77,1.53,0.68,0.19,-0.63,1.58,0.1325
"819",819,"Christoph Kramer",2014,"Germany",-0.43,-0.52,-0.54,-0.67,-1.28,-1.16,-0.68,-0.94,-0.9,-0.82,-0.72,-0.52,-0.65,-1.15,-0.99,-0.79,-2.1,-0.83
"820",820,"Jérôme Boateng",2014,"Germany",-0.43,-0.54,0.34,-0.6,1.62,1.65,-0.68,0.3,2.61,1.19,1.58,2.52,0.59,-0.41,-0.49,-0.07,1.95,0.4025
"821",821,"Lukas Podolski",2014,"Germany",-0.43,-0.37,-0.54,-0.39,-1.17,-1.1,-0.68,-0.85,-0.63,-0.55,-0.72,-0.52,-0.65,-1.15,-0.83,-0.79,-1.95,-0.7925
"822",822,"Manuel Neuer",2014,"Germany",-0.43,-0.57,-0.54,-0.8,0.66,2.87,-0.51,-0.85,-0.9,-0.82,-0.31,-0.52,-0.65,-1.15,-0.66,-0.79,2.02,0.2425
"823",823,"Mario Götze",2014,"Germany",1.28,1.41,0.05,1.69,-0.41,-0.89,0,0.3,0.69,-0.29,-0.61,-0.52,-0.19,-0.05,0.02,0.14,-0.59,-0.135
"824",824,"Mats Hummels",2014,"Germany",1.28,-0.32,-0.54,-0.25,0.87,0.91,-0.17,0.12,1.3,1.74,1.17,1.38,1.37,-0.23,-0.66,-0.65,1.03,0.08
"825",825,"Mesut Özil",2014,"Germany",0.43,0.92,0.64,1.83,1.51,0.88,1.01,1.81,0.69,-0.82,-0.72,-0.52,-0.81,-0.41,0.36,3.64,2.69,1.085
"826",826,"Miroslav Klose",2014,"Germany",1.28,1.34,-0.25,0.37,-1.06,-1.07,-0.51,-0.76,0.81,-0.3,-0.66,-0.52,0.44,0.32,-0.15,-0.38,-1.83,-0.6475
"827",827,"Per Mertesacker",2014,"Germany",-0.43,-0.52,-0.54,-0.6,1.25,1.4,-0.68,-0.14,-0.11,0.27,1.29,0.75,1.06,-0.6,-0.49,-0.77,1.26,0.00999999999999993
"828",828,"Philipp Lahm",2014,"Germany",-0.43,-0.31,0.34,0.3,3.69,2.23,0.17,1.81,1.52,0.97,0.82,2.27,-0.19,-0.6,0.52,1.32,4.04,1.1375
"829",829,"Sami Khedira",2014,"Germany",0.43,0.15,-0.25,-0.18,0.34,-0.28,0,-0.41,-0.72,0.08,-0.31,-0.52,-0.5,-0.05,0.02,0.48,-0.69,-0.235
"830",830,"Shkodran Mustafi",2014,"Germany",-0.43,-0.19,-0.25,-0.6,-0.87,-0.61,-0.68,-0.85,-0.7,-0.82,-0.43,-0.52,-0.03,-0.96,-0.99,-0.63,-1.46,-0.5975
"831",831,"Thomas Müller",2014,"Germany",3.85,3.22,0.64,3.56,0.5,0.24,1.35,1.01,0.65,-0.3,-0.66,0.61,0.91,1.42,1.87,2.44,1.25,0.81
"832",832,"Toni Kroos",2014,"Germany",1.28,0.68,2.42,-0.04,3.59,2.23,0.17,0.21,2.55,0.26,-0.61,-0.52,-0.65,0.32,1.03,1.76,2.44,1.2575
"833",833,"Adam Kwarasey",2014,"Ghana",-0.43,-0.57,-0.54,-0.8,-0.98,-0.23,-0.68,-0.94,-0.9,-0.82,-0.57,-0.52,-0.81,-1.15,-0.99,-0.79,-1.17,-0.5975
"834",834,"André Ayew",2014,"Ghana",3.95,0.7,-0.54,2.38,0.13,-0.3,0.62,1.1,0.43,-0.06,-0.42,-0.52,0.78,-0.21,0.73,-0.2,0.8,0.22
"835",835,"Asamoah Gyan",2014,"Ghana",3.95,5.52,0.21,6.28,-0.45,-0.93,0.62,0.19,-0.9,-0.82,-0.27,-0.52,3.57,0.73,2.45,0.54,-0.74,0.0225
"836",836,"Christian Atsu",2014,"Ghana",-0.43,0.06,2.48,0.61,0.63,0.48,1.91,4.96,0.53,-0.18,-0.42,-0.52,0.39,0.73,-0.13,3,5.44,2.4575
"837",837,"Daniel Opare",2014,"Ghana",-0.43,-0.57,0.97,-0.8,-0.06,0.79,-0.25,-0.03,-0.9,0.47,-0.42,-0.52,0.39,0.26,-0.56,0.19,0.76,0.37
"838",838,"Emmanuel Badu",2014,"Ghana",-0.43,-0.49,-0.54,-0.8,-0.63,-1.01,-0.68,-0.94,-0.47,-0.28,-0.57,-0.52,-0.81,-1.15,0.73,-0.79,-1.95,-0.7925
"839",839,"Fatau Dauda",2014,"Ghana",-0.43,-0.57,-0.54,-0.8,-0.5,0.79,-0.68,-0.94,-0.9,-0.82,-0.57,-0.52,-0.01,-1.15,-0.56,-0.79,-0.15,-0.3425
"840",840,"Harrison Afful",2014,"Ghana",-0.43,-0.57,1.73,-0.45,0.77,2.27,-0.68,0.87,0.38,0.98,0.64,0.97,-0.01,0.26,0.3,0.5,3.14,1.0475
"841",841,"John Boye",2014,"Ghana",-0.43,-0.37,-0.54,0.26,0.36,0.16,-0.68,-0.26,0,0.59,2.3,1.99,2.38,-0.21,-0.56,-0.44,-0.1,-0.33
"842",842,"Jonathan Mensah",2014,"Ghana",-0.43,-0.23,-0.54,0.43,1.09,0.71,-0.25,0.42,0.69,4.25,2.3,-0.06,1.58,-0.68,-0.56,-0.71,1.13,0.085
"843",843,"Jordan Ayew",2014,"Ghana",-0.43,0.06,0.21,0.43,-0.82,-1.16,0.62,-0.03,0.63,-0.82,-0.72,-0.52,-0.81,0.26,-0.56,-0.51,-1.19,-0.09
"844",844,"Kevin-Prince Boateng",2014,"Ghana",-0.43,-0.11,0.21,0.08,-0.75,-0.7,-0.25,-0.71,-0.9,-0.82,-0.72,-0.52,-0.41,-0.21,-0.99,-0.01,-1.41,-0.3625
"845",845,"Kwadwo Asamoah",2014,"Ghana",-0.43,-0.46,4,-0.27,1.92,2.19,1.05,2.23,-0.11,2.27,0.03,-0.06,0.39,-0.68,1.16,2.53,4.42,2.3675
"846",846,"Majeed Waris",2014,"Ghana",-0.43,0.55,0.21,-0.27,-1.09,-1.01,-0.25,-0.49,-0.64,-0.82,-0.72,-0.52,-0.81,0.26,0.3,-0.4,-1.5,-0.385
"847",847,"Mohammed Rabiu",2014,"Ghana",-0.43,-0.57,-0.54,-0.8,0.38,0.16,0.18,-0.71,0.26,0.97,-0.12,-0.52,0.78,2.13,-0.13,-0.59,-0.55,-0.2275
"848",848,"Mubarak Wakaso",2014,"Ghana",-0.43,-0.46,0.97,-0.8,-1.12,-0.93,0.18,-0.03,-0.64,-0.82,-0.42,-0.52,-0.41,-0.21,-0.13,-0.55,-0.96,0.0475
"849",849,"Sulley Muntari",2014,"Ghana",-0.43,-0.11,3.24,-0.63,0.61,0.63,-0.25,-0.71,3.07,0.16,-0.27,-0.52,-0.41,1.19,1.16,2.61,-0.08,0.7275
"850",850,"Andreas Samaris",2014,"Greece",1.09,0.19,-0.54,-0.68,-0.44,-0.3,-0.08,-0.78,0.33,-0.82,-0.51,0,-0.53,-0.5,-0.1,-0.52,-1.08,-0.425
"851",851,"Dimitris Salpingidis",2014,"Greece",-0.43,0.99,-0.54,0.3,-0.86,-0.95,-0.68,-0.31,-0.48,-0.82,-0.62,-0.52,-0.53,0.15,0.8,-0.79,-1.26,-0.62
"852",852,"Georgios Karagounis",2014,"Greece",-0.43,0.07,3.12,-0.8,0.45,-0.24,-0.08,0.79,1.24,-0.49,-0.62,-0.45,-0.81,0.8,1.69,1.75,0.55,0.8975
"853",853,"Georgios Samaras",2014,"Greece",1.09,1.38,-0.54,1.28,0.03,-0.68,1.11,1.89,-0.22,0.42,-0.62,-0.52,3.33,1.12,5.57,0.83,1.21,0.445
"854",854,"Giannis Maniatis",2014,"Greece",-0.43,-0.49,-0.54,-0.68,0.83,-0.08,1.11,1.57,1.11,0.03,0.53,0.39,0.57,0.15,0.8,-0.6,1.49,0.515
"855",855,"Ioannis Fetfatzidis",2014,"Greece",-0.43,-0.57,-0.54,-0.8,-1.13,-0.95,-0.68,-0.31,-0.6,-0.21,-0.62,-0.52,-0.53,-0.5,-0.99,-0.73,-1.26,-0.62
"856",856,"José Holebas",2014,"Greece",-0.43,-0.33,4.17,-0.07,0.77,1.32,2.31,2.04,1.27,-0.02,0.32,-0.52,1.12,1.12,0.8,2.21,3.36,2.46
"857",857,"Kostas Katsouranis",2014,"Greece",-0.43,-0.47,0.5,-0.44,0.22,0.08,-0.68,-0.16,0,0.71,0.01,-0.45,-0.53,0.8,-0.7,-0.17,-0.08,-0.065
"858",858,"Kostas Manolas",2014,"Greece",-0.43,-0.41,-0.54,-0.31,0.15,-0.14,-0.68,0.32,1.4,-0.27,1.89,0.46,1.95,0.8,0.8,-0.79,0.18,-0.26
"859",859,"Kostas Mitroglou",2014,"Greece",-0.43,0.71,-0.54,0.54,-1.13,-1,-0.68,-0.31,-0.9,-0.82,-0.72,-0.52,-0.53,-0.82,-0.99,-0.03,-1.31,-0.6325
"860",860,"Lazaros Christodoulopoulos",2014,"Greece",-0.43,0.17,-0.54,0.18,-0.49,-0.89,2.01,1.57,-0.53,-0.82,-0.72,-0.52,-0.81,-1.15,0.2,-0.19,0.68,0.5375
"861",861,"Orestis Karnezis",2014,"Greece",-0.43,-0.57,-0.54,-0.8,-0.54,0.94,-0.68,-0.94,-0.9,-0.82,-0.62,-0.52,-0.81,-1.15,-0.7,-0.79,0,-0.305
"862",862,"Panagiotis Glykos",2014,"Greece",-0.43,-0.57,-0.54,-0.8,-1.16,-0.51,-0.68,-0.94,-0.9,-0.82,-0.72,-0.52,-0.81,-1.15,-0.7,-0.79,-1.45,-0.6675
"863",863,"Panagiotis Kone",2014,"Greece",-0.43,-0.11,-0.02,-0.31,-0.8,-0.89,0.81,0,-0.88,-0.82,-0.62,-0.45,-0.81,-0.18,0.5,-0.36,-0.89,-0.025
"864",864,"Sokratis Papastathopoulos",2014,"Greece",1.09,0.59,-0.54,0.05,0.45,0.35,1.11,1.89,1.28,0.31,2.52,0.15,2.5,0.47,0.5,-0.27,2.24,0.7025
"865",865,"Theofanis Gekas",2014,"Greece",-0.43,0.81,-0.54,1.03,-1.08,-1,-0.68,-0.94,-0.9,-0.51,-0.62,-0.52,0.02,-0.82,-0.99,-0.46,-1.94,-0.79
"866",866,"Vasilis Torosidis",2014,"Greece",-0.43,0.15,0.5,1.16,0.66,1.54,-0.38,0.94,-0.42,0.58,1.06,1.19,0.85,0.8,0.8,0.94,2.48,0.65
"867",867,"Andy Najar",2014,"Honduras",-0.43,-0.46,-0.54,-0.27,-1.12,-1.09,-0.25,-0.26,-0.9,-0.82,-0.72,-0.52,-0.81,-1.15,-0.13,-0.75,-1.35,-0.535
"868",868,"Boniek García",2014,"Honduras",-0.43,-0.34,1.73,-0.63,0.1,-0.23,0.18,0.19,-0.83,-0.75,-0.42,-0.52,-0.81,-0.21,2.89,1.79,-0.04,0.4675
"869",869,"Brayan Beckeles",2014,"Honduras",-0.43,-0.11,0.97,-0.63,0.63,1.18,0.18,-0.49,3.48,-0.27,-0.12,-0.32,-0.01,0.26,-0.56,0.23,0.69,0.46
"870",870,"Carlo Costly",2014,"Honduras",1.76,1.27,-0.54,0.26,-0.61,-1.09,-0.25,-0.71,-0.83,-0.41,-0.72,-0.52,3.57,1.19,0.73,-0.32,-1.8,-0.6475
"871",871,"Emilio Izaguirre",2014,"Honduras",-0.43,-0.57,-0.54,-0.8,-0.29,0.4,-0.25,0.42,0.05,-0.27,-0.12,0.6,-0.41,-0.21,-0.99,-0.67,0.82,0.00750000000000001
"872",872,"Jerry Bengtson",2014,"Honduras",-0.43,2.11,-0.54,1.32,-0.52,-1.16,0.18,-0.49,-0.5,-0.82,0.18,-0.52,-0.41,1.66,-0.13,0.15,-1.65,-0.5025
"873",873,"Jerry Palacios",2014,"Honduras",-0.43,-0.57,-0.54,-0.27,-1.19,-1.16,-0.68,-0.71,-0.9,-0.82,-0.72,-0.52,-0.81,-0.21,-0.56,-0.51,-1.87,-0.7725
"874",874,"Jorge Claros",2014,"Honduras",-0.43,-0.43,-0.54,-0.8,1.28,0.16,-0.68,-0.26,2.42,2.24,0.18,0.6,-0.01,-0.21,0.73,-0.36,-0.1,-0.33
"875",875,"Juan Carlos García",2014,"Honduras",-0.43,-0.57,0.21,-0.8,0.47,0.4,-0.68,0.65,1.34,1.09,-0.12,-0.52,-0.01,-0.68,0.3,-0.09,1.05,0.145
"876",876,"Luis Garrido",2014,"Honduras",-0.43,-0.57,-0.54,-0.8,-0.36,-0.93,-0.68,-0.49,-0.43,0.96,-0.57,-0.12,-0.01,-0.68,-0.56,-0.79,-1.42,-0.66
"877",877,"Marvin Chávez",2014,"Honduras",-0.43,-0.57,0.21,-0.63,-0.96,-0.62,0.62,-0.49,-0.28,-0.82,-0.72,-0.52,-0.81,-0.21,-0.13,-0.2,-1.11,-0.07
"878",878,"Maynor Figueroa",2014,"Honduras",-0.43,-0.31,-0.54,-0.1,1.35,1.26,-0.68,0.19,-0.09,2.24,2.76,2.97,2.78,2.6,1.16,-0.32,1.45,0.0575
"879",879,"Noel Valladares",2014,"Honduras",-0.43,-0.57,-0.54,-0.8,-0.31,1.8,-0.68,-0.94,-0.9,-0.82,-0.57,-0.52,-0.81,-1.15,-0.99,-0.51,0.86,-0.09
"880",880,"Osman Chávez",2014,"Honduras",-0.43,-0.57,-0.54,-0.8,-1.26,-1.09,-0.68,-0.94,-0.9,-0.82,0.03,-0.32,-0.81,-1.15,-0.56,-0.79,-2.03,-0.8125
"881",881,"Roger Espinoza",2014,"Honduras",-0.43,-0.23,-0.54,-0.8,0.17,-0.15,0.62,-0.26,-0.28,0.48,-0.57,-0.52,-0.41,0.73,-0.56,-0.36,-0.41,-0.0825
"882",882,"Víctor Bernárdez",2014,"Honduras",-0.43,-0.31,-0.54,-0.27,-0.17,0.09,-0.68,-0.94,-0.9,0.07,0.64,1.22,-0.41,1.19,-0.56,-0.36,-0.85,-0.5175
"883",883,"Wilson Palacios",2014,"Honduras",-0.43,-0.49,-0.54,-0.45,0.52,-0.15,0.18,0.42,0.5,-0.75,0.03,-0.52,-0.01,0.26,1.59,-0.4,0.27,-0.0225
"884",884,"Alireza Haghighi",2014,"Iran",-0.43,-0.57,-0.54,-0.8,-0.59,1.41,-0.68,-0.49,-0.9,-0.82,-0.42,-0.52,-0.81,-1.15,-0.56,-0.79,0.92,-0.075
"885",885,"Alireza Jahanbakhsh",2014,"Iran",-0.43,-0.52,-0.54,-0.1,-1.19,-0.85,-0.25,-0.71,-0.83,-0.82,-0.57,-0.52,-0.01,-1.15,-0.56,-0.79,-1.56,-0.5875
"886",886,"Amir Hossein Sadeghi",2014,"Iran",-0.43,-0.57,-0.54,-0.8,-0.66,-0.07,-0.68,-0.94,-0.73,-0.56,2.6,-0.22,-0.01,0.26,-0.56,-0.67,-1.01,-0.5575
"887",887,"Andranik Teymourian",2014,"Iran",-0.43,-0.46,0.21,-0.8,0.06,-0.15,-0.25,-0.71,-0.04,-0.38,1.09,-0.52,-0.81,4.47,0.3,-0.12,-0.86,-0.225
"888",888,"Ashkan Dejagah",2014,"Iran",-0.43,-0.46,4,0.43,-0.54,-0.15,0.62,0.87,-0.7,-0.67,-0.27,-0.52,1.18,0.26,1.59,2.33,0.72,1.335
"889",889,"Ehsan Hajsafi",2014,"Iran",-0.43,-0.26,0.21,-0.27,-0.56,-0.46,0.18,0.65,-0.57,-0.82,-0.42,-0.52,-0.41,-1.15,-0.56,0.31,0.19,0.145
"890",890,"Javad Nekounam",2014,"Iran",-0.43,-0.37,0.21,0.26,0.17,-0.23,-0.25,-0.94,-0.69,-0.12,0.94,-0.31,-0.01,0.26,-0.13,0.42,-1.17,-0.3025
"891",891,"Khosro Heydari",2014,"Iran",-0.43,-0.57,0.97,-0.1,-0.63,-0.3,-0.68,-0.03,-0.72,-0.82,-0.72,-0.52,-0.81,-0.68,-0.56,-0.12,-0.33,-0.01
"892",892,"Masoud Shojaei",2014,"Iran",-0.43,-0.43,0.21,-0.27,-1.05,-1.09,0.18,-0.26,-0.73,-0.75,-0.57,-0.22,-0.81,1.19,1.59,-0.67,-1.35,-0.24
"893",893,"Mehrdad Pooladi",2014,"Iran",-0.43,-0.57,0.97,-0.8,-0.43,0.71,0.18,-0.71,-0.48,-0.04,2.91,0.08,0.39,-0.21,1.16,-0.01,0,0.2875
"894",894,"Pejman Montazeri",2014,"Iran",-0.43,-0.57,1.73,-0.63,0.26,1.65,-0.25,0.19,-0.76,-0.45,2.45,-0.43,-0.41,0.26,-0.13,0.77,1.84,0.83
"895",895,"Reza Ghoochannejhad",2014,"Iran",1.76,2.89,-0.54,2.21,-0.61,-0.77,0.62,0.19,-0.9,-0.74,-0.57,-0.52,3.17,6.34,3.32,-0.16,-0.58,-0.125
"896",896,"Seyed Jalal Hosseini",2014,"Iran",-0.43,-0.11,-0.54,0.26,-0.89,-0.77,-0.68,-0.71,-0.57,-0.82,3.36,-0.43,0.39,-1.15,-0.99,-0.79,-1.48,-0.675
"897",897,"Andrea Barzagli",2014,"Italy",-0.43,-0.52,-0.54,-0.45,2.7,2.58,-0.25,0.42,2.45,3.87,1.24,2.82,0.78,0.26,-0.56,-0.75,3,0.5525
"898",898,"Andrea Pirlo",2014,"Italy",-0.43,-0.05,0.21,-0.45,4.34,2.04,-0.68,0.65,-0.27,0.97,-0.57,1.06,-0.81,-0.21,2.89,0.54,2.69,0.555
"899",899,"Antonio Candreva",2014,"Italy",-0.43,-0.26,0.21,0.08,-0.43,-0.7,0.62,0.19,-0.9,-0.82,-0.72,-0.52,-0.81,-1.15,-0.99,0.31,-0.51,0.08
"900",900,"Antonio Cassano",2014,"Italy",-0.43,-0.08,-0.54,0.08,-0.91,-1.09,-0.25,-0.71,-0.9,-0.82,-0.72,-0.52,-0.81,-1.15,0.3,-0.4,-1.8,-0.6475
"901",901,"Ciro Immobile",2014,"Italy",-0.43,-0.11,-0.54,0.43,-1.09,-1.16,-0.68,-0.94,-0.9,-0.82,-0.72,-0.52,-0.81,0.26,-0.56,-0.79,-2.1,-0.83
"902",902,"Claudio Marchisio",2014,"Italy",1.76,-0.43,0.21,-0.8,0.49,0.01,-0.68,-0.49,0.36,2.22,-0.12,-0.52,-0.81,2.13,1.16,-0.05,-0.48,-0.2375
"903",903,"Daniele De Rossi",2014,"Italy",-0.43,-0.57,-0.54,-0.8,3.05,2.74,-0.68,1.1,0.15,2.72,-0.57,-0.52,-0.41,0.26,-0.13,-0.32,3.84,0.655
"904",904,"Gabriel Paletta",2014,"Italy",-0.43,-0.57,-0.54,-0.8,-0.47,-0.62,-0.68,-0.94,-0.38,0.25,0.34,-0.52,-0.81,-1.15,-0.99,-0.79,-1.56,-0.695
"905",905,"Gianluigi Buffon",2014,"Italy",-0.43,-0.57,-0.54,-0.8,-0.17,1.18,-0.68,-0.94,-0.9,-0.82,-0.57,-0.52,-0.81,-1.15,-0.99,-0.79,0.24,-0.245
"906",906,"Giorgio Chiellini",2014,"Italy",-0.43,-0.49,-0.54,-0.27,2.89,2.04,-0.25,2.01,3.08,4.69,2,1.24,1.58,-0.68,2.45,-0.09,4.05,0.815
"907",907,"Ignazio Abate",2014,"Italy",-0.43,-0.57,-0.54,-0.8,-0.68,-0.54,-0.68,-0.94,1,-0.18,-0.57,-0.52,-0.81,0.26,-0.13,-0.79,-1.48,-0.675
"908",908,"Leonardo Bonucci",2014,"Italy",-0.43,-0.57,-0.54,-0.8,-0.56,-0.85,-0.68,-0.71,-0.9,0.33,-0.12,1.06,-0.41,-1.15,-0.56,-0.79,-1.56,-0.695
"909",909,"Lorenzo Insigne",2014,"Italy",-0.43,-0.4,-0.54,-0.45,-1.09,-0.77,-0.25,-0.94,-0.9,-0.18,-0.72,-0.52,-0.81,-1.15,-0.99,-0.51,-1.71,-0.625
"910",910,"Marco Parolo",2014,"Italy",-0.43,-0.52,-0.54,-0.45,-0.93,-0.7,-0.25,-0.94,-0.34,-0.25,-0.42,-0.52,-0.41,-1.15,-0.56,-0.79,-1.64,-0.6075
"911",911,"Marco Verratti",2014,"Italy",-0.43,-0.57,-0.54,-0.63,0.91,-0.7,1.48,1.1,0.19,-0.25,-0.57,2.42,-0.81,0.26,0.73,-0.63,0.4,0.335
"912",912,"Mario Balotelli",2014,"Italy",1.76,2.72,-0.54,0.97,-0.59,-1.09,0.62,0.19,-0.9,-0.29,-0.72,-0.52,-0.41,2.6,0.3,-0.44,-0.9,-0.205
"913",913,"Matteo Darmian",2014,"Italy",-0.43,-0.03,-0.54,0.08,0.82,0.79,-0.25,0.42,0.23,1.57,0.79,-0.52,0.78,0.73,0.73,-0.12,1.21,0.105
"914",914,"Mattia De Sciglio",2014,"Italy",-0.43,-0.57,0.21,-0.8,-0.73,-0.38,-0.68,-0.94,-0.9,-0.25,-0.57,1.06,-0.81,0.26,-0.99,-0.55,-1.32,-0.4475
"915",915,"Salvatore Sirigu",2014,"Italy",-0.43,-0.57,-0.54,-0.8,-0.66,-0.07,-0.68,-0.94,-0.9,-0.82,-0.72,-0.52,-0.81,-1.15,-0.99,-0.79,-1.01,-0.5575
"916",916,"Thiago Motta",2014,"Italy",-0.43,-0.46,-0.54,-0.8,0.36,-0.93,-0.25,0.19,0.23,1,-0.57,-0.52,-0.41,-1.15,0.3,-0.36,-0.74,-0.3825
"917",917,"Arthur Boka",2014,"Ivory Coast",-0.43,-0.26,1.73,-0.8,0.86,0.87,-0.68,0.19,1.9,0.37,0.49,-0.52,-0.01,0.26,-0.13,0.46,1.06,0.5275
"918",918,"Boubacar Barry",2014,"Ivory Coast",-0.43,-0.57,-0.54,-0.8,-0.15,2.12,-0.68,-0.94,-0.9,-0.82,-0.42,-0.52,-0.81,-1.15,-0.99,-0.79,1.18,-0.00999999999999998
"919",919,"Cheick Tioté",2014,"Ivory Coast",-0.43,-0.31,-0.54,-0.8,2.17,0.79,0.62,0.65,1.24,2.01,-0.12,0.91,-0.41,1.66,0.3,-0.51,1.44,0.38
"920",920,"Didier Drogba",2014,"Ivory Coast",-0.43,-0.03,0.21,1.14,-0.86,-0.7,-0.68,-0.26,-0.38,-0.82,-0.12,-0.52,1.58,1.66,1.16,0.46,-0.96,-0.3575
"921",921,"Didier Zokora",2014,"Ivory Coast",-0.43,-0.57,-0.54,-0.8,0.79,0.32,-0.68,-0.71,-0.32,0.82,1.55,-0.52,1.18,-0.68,-0.99,-0.48,-0.39,-0.4025
"922",922,"Gervinho",2014,"Ivory Coast",3.95,1.19,-0.54,4.15,0.08,-0.07,2.77,1.55,-0.9,0.3,-0.72,1.11,-0.41,-1.15,0.73,2.45,1.48,0.9275
"923",923,"Kolo Touré",2014,"Ivory Coast",-0.43,-0.54,-0.54,-0.63,-0.77,-0.77,-0.68,-0.94,-0.38,-0.82,0.49,-0.52,-0.41,-0.21,-0.13,-0.79,-1.71,-0.7325
"924",924,"Max Gradel",2014,"Ivory Coast",-0.43,-0.37,0.21,-0.63,-1.14,-0.85,-0.68,-0.71,0.13,-0.3,-0.42,-0.52,-0.81,-0.21,-0.13,0.07,-1.56,-0.5075
"925",925,"Salomon Kalou",2014,"Ivory Coast",-0.43,0.61,0.21,2.74,-0.31,-0.38,1.05,1.55,-0.32,-0.82,-0.57,-0.52,-0.01,2.13,-0.13,1.24,1.17,0.6075
"926",926,"Serey Dié",2014,"Ivory Coast",-0.43,-0.49,0.21,-0.63,1.81,1.02,0.18,0.19,2.32,0.82,-0.27,0.95,-0.81,1.66,-0.13,0.03,1.21,0.4
"927",927,"Serge Aurier",2014,"Ivory Coast",-0.43,-0.28,2.48,0.43,1.16,2.04,1.91,0.19,2.93,4.34,0.79,0.91,0.39,0.73,1.16,1.63,2.23,1.655
"928",928,"Sol Bamba",2014,"Ivory Coast",-0.43,-0.46,-0.54,-0.45,1.46,1.65,0.18,-0.49,-0.39,2.62,2.76,2.57,0.78,0.26,-0.56,-0.79,1.16,0.2
"929",929,"Wilfried Bony",2014,"Ivory Coast",3.95,2.92,-0.54,1.14,-0.8,-0.85,0.18,-0.94,-0.39,-0.82,0.03,-0.52,-0.41,1.66,-0.56,-0.51,-1.79,-0.5375
"930",930,"Yaya Touré",2014,"Ivory Coast",-0.43,0.55,1.73,1.5,1.74,0.24,4.49,1.78,0.21,-0.3,-0.57,-0.52,-0.41,-0.68,0.73,3.27,2.02,2.06
"931",931,"Atsuto Uchida",2014,"Japan",-0.43,0.87,1.73,1.32,0.7,1.33,0.62,0.65,2.22,1.78,0.49,-0.52,0.39,-0.68,0.73,2.69,1.98,1.0825
"932",932,"Eiji Kawashima",2014,"Japan",-0.43,-0.57,-0.54,-0.8,0.08,2.35,-0.68,-0.94,-0.9,-0.82,-0.12,-0.52,-0.81,-1.15,-0.99,-0.79,1.41,0.0475
"933",933,"Hotaru Yamaguchi",2014,"Japan",-0.43,-0.34,-0.54,-0.1,1.53,1.1,-0.68,-0.71,-0.49,2.32,-0.27,0.07,-0.81,-0.68,-0.99,-0.01,0.39,-0.2075
"934",934,"Keisuke Honda",2014,"Japan",1.76,0.99,1.73,0.61,1.58,0.48,1.91,1.78,0.68,-0.61,-0.27,1.17,-0.01,-0.21,3.32,2.69,2.26,1.475
"935",935,"Makoto Hasebe",2014,"Japan",-0.43,-0.46,-0.54,-0.27,1.32,0.32,0.18,2.23,-0.3,1.88,0.03,0.07,-0.01,0.26,1.16,1.52,2.55,0.5475
"936",936,"Masato Morishige",2014,"Japan",-0.43,-0.57,-0.54,-0.8,-0.8,-0.38,-0.68,-0.94,-0.49,-0.82,-0.27,1.23,-0.81,-0.21,-0.56,-0.79,-1.32,-0.635
"937",937,"Maya Yoshida",2014,"Japan",-0.43,0.21,-0.54,1.32,1.28,0.79,-0.68,1.55,0.31,2.38,2.3,3.87,3.57,1.19,0.3,-0.4,2.34,0.28
"938",938,"Shinji Kagawa",2014,"Japan",-0.43,0.64,-0.54,0.79,0.82,0.55,-0.25,1.78,1.49,0.22,-0.42,-0.52,-0.41,-0.21,0.73,0.46,2.33,0.385
"939",939,"Shinji Okazaki",2014,"Japan",1.76,-0.14,-0.54,3.09,-0.61,-0.85,-0.25,-0.94,0.49,0.17,-0.42,-0.52,-0.01,3.07,2.02,-0.28,-1.79,-0.645
"940",940,"Toshihiro Aoyama",2014,"Japan",-0.43,-0.46,-0.54,-0.63,-0.93,-0.77,-0.68,-0.49,-0.3,0.41,-0.72,-0.52,-0.81,-0.21,-0.99,-0.09,-1.26,-0.62
"941",941,"Yasuhito Endo",2014,"Japan",-0.43,-0.17,-0.54,-0.1,0.26,0.32,-0.68,-0.94,-0.14,-0.82,-0.72,-0.52,-0.41,-0.21,-0.99,-0.59,-0.62,-0.46
"942",942,"Yasuyuki Konno",2014,"Japan",-0.43,-0.52,-0.54,-0.63,1.25,1.49,-0.68,1.33,0.46,1.19,0.18,2.86,0.78,1.19,-0.56,-0.59,2.82,0.4
"943",943,"Yoichiro Kakitani",2014,"Japan",-0.43,0.7,-0.54,-0.45,-1.35,-1.16,-0.25,-0.94,-0.3,-0.82,-0.72,-0.52,-0.81,-1.15,-0.99,-0.28,-2.1,-0.7225
"944",944,"Yoshito Okubo",2014,"Japan",-0.43,2,-0.54,2.03,-0.33,-0.62,1.48,-0.49,-0.14,-0.82,-0.72,-0.52,0.78,0.73,1.59,1.2,-1.11,-0.0425
"945",945,"Yuto Nagatomo",2014,"Japan",-0.43,-0.34,3.24,0.97,1.14,1.49,1.05,1.1,0.33,1.71,0.34,0.07,-0.01,1.19,-0.56,1.67,2.59,1.72
"946",946,"Yuya Osako",2014,"Japan",-0.43,-0.2,-0.54,-0.27,-0.89,-1.01,-0.25,-0.94,-0.9,-0.82,-0.57,-0.52,0.39,0.26,0.3,-0.2,-1.95,-0.685
"947",947,"Andrés Guardado",2014,"Mexico",1.21,-0.05,2.29,-0.01,0.4,0.18,-0.03,-0.26,-0.43,-0.59,-0.38,0.15,-0.51,1.31,1.27,1.14,-0.08,0.545
"948",948,"Carlos Salcido",2014,"Mexico",-0.43,-0.47,-0.54,-0.8,-0.93,-0.93,-0.03,-0.6,-0.72,-0.64,-0.61,-0.52,-0.21,-0.09,-0.99,-0.17,-1.53,-0.525
"949",949,"Diego Reyes",2014,"Mexico",-0.43,-0.57,-0.54,-0.8,-1.28,-0.99,-0.68,-0.6,-0.9,-0.64,-0.27,-0.52,-0.21,-1.15,-0.99,-0.79,-1.59,-0.7025
"950",950,"Giovani Dos Santos",2014,"Mexico",1.21,0.68,-0.54,0.52,-0.1,-0.52,-0.35,-0.43,0.54,-0.82,-0.61,-0.52,-0.81,-0.09,0.95,0.38,-0.95,-0.46
"951",951,"Guillermo Ochoa",2014,"Mexico",-0.43,-0.57,-0.54,-0.8,-0.19,1.88,-0.68,-0.77,-0.9,-0.64,-0.72,-0.52,-0.51,-1.15,-0.99,-0.79,1.11,-0.0275000000000001
"952",952,"Héctor Herrera",2014,"Mexico",-0.43,-0.14,1.73,0.12,1.48,1.41,1.91,0.59,-0.02,-0.33,-0.04,-0.52,1.58,1.31,0.3,1.99,2,1.41
"953",953,"Héctor Moreno",2014,"Mexico",-0.43,-0.57,-0.54,-0.8,0.76,0.53,-0.68,0.59,0.92,-0.11,1.2,2.06,0.39,0.26,-0.67,-0.49,1.12,-0.025
"954",954,"Javier Aquino",2014,"Mexico",-0.43,-0.57,-0.54,-0.8,-1.26,-0.99,-0.03,-0.26,-0.72,-0.82,-0.72,-0.52,-0.81,-1.15,-0.67,-0.79,-1.25,-0.455
"955",955,"Javier Hernández",2014,"Mexico",1.21,1.09,-0.54,0.92,-1.19,-1.16,-0.68,-0.77,-0.9,-0.82,-0.72,-0.52,-0.21,-0.45,0.95,-0.76,-1.93,-0.7875
"956",956,"José Vázquez",2014,"Mexico",-0.43,-0.4,-0.54,-0.8,0.88,-0.34,-0.68,-0.94,1.01,1.12,-0.5,0.81,-0.51,0.96,-0.02,-0.38,-1.28,-0.625
"957",957,"Marco Fabián",2014,"Mexico",-0.43,-0.49,-0.54,-0.8,-1.02,-0.81,-0.35,-0.77,0.05,-0.82,-0.72,-0.52,-0.81,-0.8,-0.67,-0.79,-1.58,-0.6175
"958",958,"Maza",2014,"Mexico",-0.43,-0.57,-0.54,-0.41,1.19,1.71,-0.68,0.42,0.92,1.88,2.11,-0.02,2.18,-0.09,-0.99,-0.67,2.13,0.2275
"959",959,"Miguel Layún",2014,"Mexico",-0.43,-0.31,1.73,-0.67,0.24,0.65,0.62,0.93,0.74,-0.58,0.75,-0.52,-0.81,-0.8,-0.02,0.35,1.58,0.9825
"960",960,"Oribe Peralta",2014,"Mexico",1.21,1.11,-0.54,1.72,-0.48,-0.75,-0.03,-0.26,-0.43,-0.35,0.07,-0.52,0.09,0.96,-0.02,0.65,-1.01,-0.395
"961",961,"Paul Aguilar",2014,"Mexico",-0.43,-0.44,1.16,0.92,0.66,1.65,-0.03,0.08,0.2,0.8,1.32,0.6,0.09,1.31,1.59,-0.14,1.73,0.715
"962",962,"Rafael Márquez",2014,"Mexico",1.21,-0.01,0.02,1.32,1.47,2,0.29,2.63,-0.2,1.8,1.43,2.81,1.28,-0.09,0.62,0.41,4.63,1.235
"963",963,"Arjen Robben",2014,"Netherlands",2.14,1.35,3.31,1.9,0.48,0.27,5.05,5.1,-0.59,-0.73,-0.72,-0.52,0.13,0.68,3.73,5.29,5.37,3.4325
"964",964,"Bruno Martins Indi",2014,"Netherlands",-0.43,-0.57,-0.54,-0.74,0.91,0.91,-0.68,0.57,1.27,-0.03,-0.13,-0.13,-0.65,0.87,-0.49,-0.62,1.48,0.065
"965",965,"Daley Blind",2014,"Netherlands",0.43,-0.08,-0.25,-0.39,1.58,1.37,-0.51,-0.32,0.93,0.77,0.34,-0.52,0.28,0.68,-0.15,-0.21,1.05,0.0725
"966",966,"Daryl Janmaat",2014,"Netherlands",-0.43,-0.57,0.05,-0.25,-0.19,0.18,-0.34,-0.14,0.21,0.33,0.22,0.06,-0.19,0.32,-0.83,0.13,0.04,-0.0625
"967",967,"Dirk Kuyt",2014,"Netherlands",-0.43,-0.18,0.05,-0.11,0.78,1.34,0.33,0.66,-0.21,0.33,0.22,-0.52,1.53,-0.41,-0.99,-0.02,2,0.595
"968",968,"Georginio Wijnaldum",2014,"Netherlands",0.43,-0.13,-0.25,0.1,0.4,-0.67,0.5,-0.41,-0.42,-0.61,-0.07,-0.52,0.59,-0.05,0.52,0.04,-1.08,-0.2075
"969",969,"Jasper Cillessen",2014,"Netherlands",-0.43,-0.57,-0.54,-0.8,0,1.56,-0.34,-0.85,-0.9,-0.82,-0.61,-0.52,-0.81,-1.15,-0.83,-0.79,0.71,-0.0425
"970",970,"Jeremain Lens",2014,"Netherlands",-0.43,-0.38,-0.54,-0.32,-1.23,-1.04,-0.34,-0.41,-0.87,-0.79,-0.72,-0.52,-0.81,0.5,-0.15,-0.48,-1.45,-0.5825
"971",971,"Jonathan de Guzmán",2014,"Netherlands",-0.43,-0.51,-0.25,-0.53,-0.71,-0.89,-0.51,-0.76,-0.9,-0.55,-0.72,-0.52,-0.19,0.32,-0.99,-0.74,-1.65,-0.6025
"972",972,"Jordy Clasie",2014,"Netherlands",-0.43,-0.55,-0.25,-0.8,-0.82,-0.89,-0.34,-0.68,-0.73,-0.47,-0.49,-0.52,-0.34,-0.78,-0.83,-0.6,-1.57,-0.54
"973",973,"Klaas Jan Huntelaar",2014,"Netherlands",0.43,0.28,-0.54,-0.39,-1.25,-1.1,-0.68,-0.94,-0.63,-0.61,-0.72,-0.52,-0.81,-0.6,-0.99,-0.48,-2.04,-0.815
"974",974,"Memphis Depay",2014,"Netherlands",1.28,0.38,-0.54,-0.18,-0.98,-1.04,0.84,-0.05,-0.47,-0.26,-0.61,-0.52,-0.5,-0.41,-0.15,-0.56,-1.09,-0.1975
"975",975,"Nigel de Jong",2014,"Netherlands",-0.43,-0.46,-0.54,-0.67,-0.33,-0.74,-0.68,-0.85,-0.06,-0.17,-0.43,-0.08,-0.65,0.32,-0.15,-0.74,-1.59,-0.7025
"976",976,"Paul Verhaegh",2014,"Netherlands",-0.43,-0.57,-0.54,-0.8,-1.17,-0.92,-0.68,-0.94,-0.9,-0.82,-0.61,-0.52,-0.81,-0.96,-0.83,-0.79,-1.86,-0.77
"977",977,"Robin van Persie",2014,"Netherlands",3,2.29,-0.54,1.83,-0.71,-1.07,0.33,-0.14,-0.77,-0.52,-0.31,-0.52,0.59,2.15,0.19,-0.18,-1.21,-0.355
"978",978,"Ron Vlaar",2014,"Netherlands",-0.43,-0.26,-0.54,-0.11,1,0.06,-0.51,-0.32,1.62,2.25,3.36,1.65,2,-0.23,-0.66,-0.56,-0.26,-0.3275
"979",979,"Stefan de Vrij",2014,"Netherlands",0.43,2.02,-0.54,0.03,1.52,1.37,0.33,-0.23,2.41,3.06,2.3,1.36,2,0.68,-0.49,-0.28,1.14,0.2325
"980",980,"Wesley Sneijder",2014,"Netherlands",0.43,0.97,0.64,0.1,0.76,-0.06,-0.17,-0.05,-0.46,-0.48,-0.66,-0.52,-0.81,0.13,0.02,0.27,-0.11,0.09
"981",981,"Ahmed Musa",2014,"Nigeria",2.85,0.75,1.16,0.66,-0.66,-0.4,0.62,0.76,0.27,-0.28,-0.5,-0.52,-0.81,-0.09,-0.35,0.12,0.36,0.535
"982",982,"Efe Ambrose",2014,"Nigeria",-0.43,-0.51,0.59,-0.14,1.5,1.59,2.23,2.46,0.6,2.57,1.09,-0.52,0.09,-0.8,0.62,0.24,4.05,1.7175
"983",983,"Emmanuel Emenike",2014,"Nigeria",-0.43,0.57,-0.54,2.38,-0.35,-0.75,2.88,2.46,-0.62,-0.82,-0.38,-0.52,1.58,-0.09,-0.02,0.94,1.71,1.0125
"984",984,"John Obi Mikel",2014,"Nigeria",-0.43,-0.34,0.02,-0.27,2.14,0.65,1.58,2.46,0.98,-0.53,0.07,2.5,-0.21,2.71,1.27,1,3.11,1.1775
"985",985,"Joseph Yobo",2014,"Nigeria",-0.43,-0.57,-0.54,-0.54,0.17,0.01,-0.68,-0.6,-0.14,0.19,2.11,0.95,0.39,-0.45,-0.99,-0.79,-0.59,-0.4525
"986",986,"Juwon Oshaniwa",2014,"Nigeria",-0.43,-0.4,1.16,-0.54,0.28,0.83,-0.03,0.08,0.4,0.25,1.2,-0.14,0.98,1.31,0.3,-0.03,0.91,0.51
"987",987,"Kenneth Omeruo",2014,"Nigeria",-0.43,-0.57,-0.54,-0.8,0.66,0.12,-0.35,0.42,1.3,1.15,2.34,2.46,2.18,-0.09,0.3,-0.79,0.54,-0.0875
"988",988,"Michael Babatunde",2014,"Nigeria",-0.43,-0.42,-0.54,-0.67,-0.83,-0.87,-0.35,-0.43,-0.34,-0.53,-0.61,-0.52,-0.81,-0.09,-0.35,-0.52,-1.3,-0.5475
"989",989,"Ogenyi Onazi",2014,"Nigeria",-0.43,0.31,-0.54,-0.27,1.9,0.65,0.29,0.25,1.96,0.96,-0.16,-0.52,-0.51,1.31,0.3,1.2,0.9,0.1625
"990",990,"Peter Odemwingie",2014,"Nigeria",1.21,0.9,1.16,0.39,0.38,-0.29,1.26,3.31,-0.09,-0.67,-0.04,-0.52,-0.21,1.31,0.3,0.82,3.02,1.36
"991",991,"Ramon Azeez",2014,"Nigeria",-0.43,-0.57,-0.54,-0.8,-0.9,-1.1,-0.68,-0.77,-0.9,-0.82,-0.72,-0.52,-0.51,-1.15,-0.35,-0.52,-1.87,-0.7725
"992",992,"Reuben Gabriel",2014,"Nigeria",-0.43,-0.57,0.02,-0.8,-1.19,-0.93,-0.68,-0.94,-0.42,-0.57,-0.38,-0.52,-0.81,-0.45,-0.99,-0.64,-1.87,-0.6325
"993",993,"Shola Ameobi",2014,"Nigeria",-0.43,-0.47,-0.54,0.39,-1.12,-1.1,-0.68,-0.77,-0.9,-0.82,-0.61,-0.52,0.09,-0.45,-0.67,-0.79,-1.87,-0.7725
"994",994,"Victor Moses",2014,"Nigeria",-0.43,-0.4,-0.54,-0.54,-1.02,-1.05,0.29,-0.6,-0.42,-0.57,-0.61,-0.52,-0.81,0.26,-0.02,-0.79,-1.65,-0.475
"995",995,"Vincent Enyeama",2014,"Nigeria",-0.43,-0.57,-0.54,-0.8,-0.28,1.47,-0.68,-0.94,-0.9,-0.82,-0.5,-0.52,-0.81,-1.15,-0.67,-0.79,0.53,-0.1725
"996",996,"André Almeida",2014,"Portugal",-0.43,-0.57,-0.54,-0.8,-0.61,-0.46,-0.25,-0.94,-0.45,0.56,-0.42,0.23,-0.41,-1.15,-0.99,-0.79,-1.4,-0.5475
"997",997,"Beto",2014,"Portugal",-0.43,-0.57,-0.54,-0.8,-0.29,0.94,-0.68,-0.49,-0.9,-0.82,-0.57,-0.52,-0.41,-1.15,-0.99,-0.79,0.45,-0.1925
"998",998,"Bruno Alves",2014,"Portugal",-0.43,-0.57,-0.54,-0.27,1.18,2.58,-0.68,-0.26,1.22,2.44,2.6,4.23,0.78,1.19,-0.56,-0.71,2.32,0.275
"999",999,"Cristiano Ronaldo",2014,"Portugal",1.76,7.28,0.21,3.62,0.33,-0.3,1.05,1.78,-0.18,0.56,-0.57,0.96,-0.41,0.26,2.89,1.01,1.48,0.685
"1000",1000,"Fábio Coentrão",2014,"Portugal",-0.43,-0.57,-0.54,-0.45,-0.63,-0.46,-0.25,-0.71,-0.64,-0.82,-0.72,-0.52,-0.81,-0.68,-0.99,-0.79,-1.17,-0.49
"1001",1001,"João Moutinho",2014,"Portugal",-0.43,-0.46,0.97,-0.45,2.91,2.12,0.62,-0.26,-0.11,0.18,-0.27,0.75,-0.01,2.6,1.59,3,1.86,0.8625
"1002",1002,"João Pereira",2014,"Portugal",-0.43,-0.57,0.21,-0.8,1.07,1.33,0.18,1.33,1.86,-0.55,-0.12,0.96,-0.41,-0.21,-0.56,-0.05,2.66,0.7625
"1003",1003,"Miguel Veloso",2014,"Portugal",-0.43,-0.34,4.75,-0.1,1.39,1.41,0.18,1.1,0.61,0.91,0.18,-0.52,-0.01,-0.68,-0.13,2.26,2.51,1.86
"1004",1004,"Nani",2014,"Portugal",1.76,1.79,1.73,0.97,1,0.94,2.77,3.6,1.07,-0.82,-0.42,-0.52,-0.01,1.66,-0.13,2.41,4.54,2.26
"1005",1005,"Pepe",2014,"Portugal",-0.43,-0.57,-0.54,-0.8,-0.45,0.4,-0.68,-0.49,1.22,0.53,1.24,-0.52,-0.01,-0.21,0.3,-0.79,-0.09,-0.3275
"1006",1006,"Raul Meireles",2014,"Portugal",-0.43,-0.26,-0.54,0.08,0.43,-0.15,-0.25,-0.94,-0.18,-0.28,-0.42,-0.52,-0.41,-0.21,-0.99,-0.71,-1.09,-0.47
"1007",1007,"Ricardo Costa",2014,"Portugal",-0.43,-0.57,-0.54,-0.45,0.08,-0.07,-0.68,-0.71,-0.18,-0.36,0.03,3.26,-0.01,0.26,-0.13,-0.59,-0.78,-0.5
"1008",1008,"Rui Patrício",2014,"Portugal",-0.43,-0.57,-0.54,-0.8,-0.96,-0.54,-0.68,-0.94,-0.9,-0.82,-0.72,-0.52,-0.81,-1.15,-0.99,-0.79,-1.48,-0.675
"1009",1009,"Rúben Amorim",2014,"Portugal",-0.43,-0.46,-0.54,0.08,-0.68,-0.62,-0.25,-0.03,-0.37,-0.82,-0.27,-0.52,-0.81,-0.21,-0.56,-0.09,-0.65,-0.36
"1010",1010,"Silvestre Varela",2014,"Portugal",1.76,0.99,-0.54,-0.1,-0.93,-0.85,-0.25,0.87,-0.9,-0.82,-0.72,-0.52,-0.81,-0.68,-0.56,-0.55,0.02,-0.1925
"1011",1011,"William Carvalho",2014,"Portugal",-0.43,-0.57,-0.54,-0.8,0.68,0.24,-0.25,-0.94,2.58,0.18,-0.27,-0.52,-0.41,1.66,-0.13,-0.55,-0.7,-0.3725
"1012",1012,"Éder",2014,"Portugal",-0.43,1.19,-0.54,2.21,-0.4,-1.09,-0.68,-0.94,-0.45,-0.09,-0.57,-0.52,0.78,0.73,1.16,-0.28,-2.03,-0.8125
"1013",1013,"Alan Dzagoev",2014,"Russia",-0.43,-0.4,-0.54,0.61,-0.82,-0.62,-0.68,-0.49,0.73,-0.82,-0.72,-0.52,-0.81,-0.21,-0.56,-0.51,-1.11,-0.5825
"1014",1014,"Aleksandr Kokorin",2014,"Russia",1.76,1.01,0.21,2.91,-0.22,-0.93,-0.68,-0.03,0.03,-0.82,-0.72,-0.52,-0.01,3.53,-0.13,0.07,-0.96,-0.3575
"1015",1015,"Aleksandr Samedov",2014,"Russia",-0.43,0.99,2.48,1.5,0.84,0.87,0.62,2.92,-0.2,0.45,-0.57,-0.52,-0.41,-0.68,1.59,2.73,3.79,1.7225
"1016",1016,"Aleksei Kozlov",2014,"Russia",-0.43,-0.57,0.21,-0.8,-0.13,0.09,-0.68,-0.71,1.28,0.09,0.79,-0.52,-0.41,0.26,-0.99,-0.71,-0.62,-0.2725
"1017",1017,"Alexander Kerzhakov",2014,"Russia",1.76,1.3,-0.54,0.61,-1.19,-0.93,0.62,-0.03,-0.9,-0.82,-0.72,-0.52,0.78,-0.68,-0.13,-0.4,-0.96,-0.22
"1018",1018,"Andrey Eshchenko",2014,"Russia",-0.43,-0.46,-0.54,-0.27,0.22,0.55,-0.68,-0.71,-0.13,-0.07,0.18,-0.52,-0.81,-0.68,-0.99,-0.36,-0.16,-0.345
"1019",1019,"Denis Glushakov",2014,"Russia",-0.43,-0.26,0.21,-0.1,-0.01,-0.54,0.62,-0.26,2.2,1.78,0.03,-0.52,-0.41,0.73,-0.56,0.38,-0.8,0.00749999999999998
"1020",1020,"Dmitri Kombarov",2014,"Russia",-0.43,-0.4,4.75,-0.63,1.25,1.49,0.18,1.78,0.93,1.36,1.24,0.46,-0.41,0.73,1.16,1.67,3.27,2.05
"1021",1021,"Igor Akinfeev",2014,"Russia",-0.43,-0.57,-0.54,-0.8,-0.2,1.65,-0.68,-0.94,-0.9,-0.82,-0.42,-0.52,-0.81,-1.15,-0.99,-0.79,0.71,-0.1275
"1022",1022,"Igor Denisov",2014,"Russia",-0.43,-0.43,-0.54,-0.8,-0.27,-0.3,-0.68,-0.26,0.03,0.84,-0.72,-0.52,-0.81,-0.21,-0.13,-0.71,-0.56,-0.445
"1023",1023,"Maksim Kanunnikov",2014,"Russia",-0.43,-0.46,-0.54,-0.45,-1.03,-0.93,0.18,0.65,-0.2,-0.11,-0.42,-0.52,-0.01,0.73,-0.13,-0.71,-0.28,-0.16
"1024",1024,"Oleg Shatov",2014,"Russia",-0.43,-0.43,-0.54,-0.1,0.03,-0.7,-0.25,2.01,-0.17,0.13,-0.57,-0.52,-0.01,0.26,-0.56,-0.09,1.31,0.13
"1025",1025,"Sergey Ignashevich",2014,"Russia",-0.43,-0.2,-0.54,-0.27,1.83,2.04,-0.68,3.37,2.75,0.09,4.57,3.48,2.78,-0.21,0.3,-0.59,5.41,1.0475
"1026",1026,"Vasili Berezutski",2014,"Russia",-0.43,-0.37,-0.54,0.26,2.27,2.27,0.18,1.55,0.57,2.26,3.97,1.53,3.97,-1.15,-0.56,-0.67,3.82,0.865
"1027",1027,"Viktor Faizulin",2014,"Russia",-0.43,-0.26,0.21,-0.45,1.53,0.32,1.48,2.46,0.93,0.32,-0.57,-0.52,0.78,-0.68,2.02,0.93,2.78,1.1175
"1028",1028,"Yury Zhirkov",2014,"Russia",-0.43,-0.52,-0.54,-0.8,-1.03,-0.85,-0.68,-0.71,-0.9,-0.82,-0.57,-0.52,-0.81,-1.15,-0.99,-0.71,-1.56,-0.695
"1029",1029,"Han Kook-Young",2014,"South Korea",-0.43,-0.57,-0.54,-0.8,0.59,-0.15,-0.68,-0.49,0.75,1.08,0.18,0.62,-0.41,0.26,-0.13,-0.79,-0.64,-0.465
"1030",1030,"Hong Jeong-Ho",2014,"South Korea",-0.43,-0.31,-0.54,-0.1,0.77,0.4,-0.68,-0.49,0.96,1.08,5.18,2.06,1.98,-0.68,-0.56,-0.12,-0.09,-0.3275
"1031",1031,"Ji Dong-Won",2014,"South Korea",-0.43,-0.23,0.21,1.14,-1.03,-1.01,-0.68,-0.49,-0.9,-0.82,-0.57,-0.52,-0.01,-0.21,-0.99,-0.12,-1.5,-0.4925
"1032",1032,"Jung Sung-Ryong",2014,"South Korea",-0.43,-0.57,-0.54,-0.8,-0.93,0.24,-0.68,-0.94,-0.9,-0.82,-0.72,-0.52,-0.41,-1.15,-0.56,-0.79,-0.7,-0.48
"1033",1033,"Keun-Ho Lee",2014,"South Korea",1.76,0.47,-0.54,1.85,-0.73,-0.7,0.18,0.42,-0.9,-0.82,-0.72,-0.52,-0.01,-1.15,-0.56,1.2,-0.28,-0.16
"1034",1034,"Ki Sung-Yueng",2014,"South Korea",-0.43,-0.05,3.24,-0.45,2.8,1.26,1.05,2.69,0.55,0.97,0.34,-0.52,0.78,1.66,1.59,1.75,3.95,2.06
"1035",1035,"Kim Bokyung",2014,"South Korea",-0.43,-0.57,0.21,-0.63,-0.77,-0.85,-0.68,-0.49,-0.39,-0.82,-0.72,-0.52,-0.81,-1.15,-0.99,0.38,-1.34,-0.4525
"1036",1036,"Kim Seung-Gyu",2014,"South Korea",-0.43,-0.57,-0.54,-0.8,-1.12,-0.46,-0.68,-0.94,-0.9,-0.82,-0.42,-0.52,-0.81,-1.15,-0.99,-0.79,-1.4,-0.655
"1037",1037,"Kim Shin-Wook",2014,"South Korea",-0.43,-0.34,-0.54,1.5,-0.96,-1.01,-0.68,-0.94,-0.9,-0.82,-0.72,-0.52,4.77,-0.68,0.73,0.34,-1.95,-0.7925
"1038",1038,"Kim Young-Gwon",2014,"South Korea",-0.43,-0.4,-0.54,-0.45,1.44,1.33,-0.25,0.87,0.03,0.66,3.36,2.95,0.39,-0.21,1.16,0.54,2.2,0.3525
"1039",1039,"Koo Ja-Cheol",2014,"South Korea",1.76,2.51,-0.54,1.5,0.91,-0.23,-0.25,-0.03,1.6,0.03,-0.27,-0.52,1.58,1.19,2.02,0.34,-0.26,-0.2625
"1040",1040,"Lee Chung-Yong",2014,"South Korea",-0.43,-0.37,1.73,1.5,0.72,0.55,2.77,1.1,0.97,0.03,-0.72,0.62,0.39,-0.21,0.3,2.92,1.65,1.5375
"1041",1041,"Lee Yong",2014,"South Korea",-0.43,-0.57,0.21,-0.45,1.14,2.27,-0.68,-0.49,3.07,0.55,1.7,0.92,0.39,0.73,-0.13,-0.36,1.78,0.3275
"1042",1042,"Park Chu-Young",2014,"South Korea",-0.43,-0.57,-0.54,0.61,-0.82,-0.62,-0.68,-0.71,-0.48,-0.39,-0.72,-0.52,1.58,0.73,-0.56,-0.09,-1.33,-0.6375
"1043",1043,"Son Heung-Min",2014,"South Korea",1.76,0.23,1.73,1.5,-0.06,-0.46,4.92,1.55,-0.39,-0.39,-0.27,-0.52,0.78,0.26,0.73,1.4,1.09,1.935
"1044",1044,"Yun Suk-Young",2014,"South Korea",-0.43,-0.57,-0.54,-0.63,0.77,0.71,0.62,0.65,1.4,-0.4,1.24,2.1,-0.01,0.26,1.16,-0.36,1.36,0.36
"1045",1045,"Andrés Iniesta",2014,"Spain",-0.43,-0.34,1.73,0.79,2.89,1.33,1.05,3.6,2.21,-0.25,-0.57,-0.52,-0.81,0.26,2.45,3.62,4.93,1.9275
"1046",1046,"Cesc Fàbregas",2014,"Spain",-0.43,-0.57,0.21,0.08,-0.61,-0.7,-0.25,-0.26,-0.25,-0.82,-0.72,-0.52,-0.81,-0.68,-0.99,0.73,-0.96,-0.25
"1047",1047,"César Azpilicueta",2014,"Spain",-0.43,-0.57,0.21,-0.45,1.12,0.32,0.62,0.87,1.73,4.53,-0.57,-0.52,-0.41,-0.21,-0.99,0.23,1.19,0.505
"1048",1048,"David Silva",2014,"Spain",-0.43,0.7,-0.54,2.38,0.89,-0.46,-0.25,-0.26,1.73,1.18,-0.57,-0.52,1.18,-1.15,0.73,1.44,-0.72,-0.3775
"1049",1049,"David Villa",2014,"Spain",1.76,1.04,-0.54,0.08,-1.03,-0.77,0.18,0.65,-0.34,-0.82,-0.72,-0.52,-0.81,-0.21,-0.13,0.7,-0.12,-0.12
"1050",1050,"Diego Costa",2014,"Spain",-0.43,0.47,0.21,1.32,-0.86,-1.16,-0.25,-0.49,-0.9,-0.82,-0.72,-0.52,-0.81,-0.68,-0.13,0.77,-1.65,-0.4225
"1051",1051,"Fernando Torres",2014,"Spain",1.76,0.23,-0.54,2.38,-0.73,-1.01,-0.25,0.19,-0.25,-0.82,-0.72,-0.52,1.98,-0.21,0.3,0.62,-0.82,-0.4025
"1052",1052,"Gerard Piqué",2014,"Spain",-0.43,-0.57,-0.54,-0.45,0.03,-0.23,-0.68,0.19,0.42,-0.15,-0.27,-0.52,-0.01,-0.68,-0.56,-0.01,-0.04,-0.315
"1053",1053,"Iker Casillas",2014,"Spain",-0.43,-0.57,-0.54,-0.8,-0.61,0.63,-0.68,-0.94,-0.9,-0.82,-0.57,-0.52,-0.81,-1.15,-0.99,-0.79,-0.31,-0.3825
"1054",1054,"Javi Martínez",2014,"Spain",-0.43,-0.57,-0.54,-0.63,-0.4,-0.62,-0.68,-0.03,-0.25,0.52,0.18,-0.52,-0.01,-0.68,-0.56,-0.71,-0.65,-0.4675
"1055",1055,"Jordi Alba",2014,"Spain",-0.43,-0.28,-0.54,-0.1,3.1,1.65,0.18,1.78,2.67,3.96,0.49,-0.52,-0.81,-0.68,0.73,0.11,3.43,0.7675
"1056",1056,"Juan Mata",2014,"Spain",1.76,0.78,0.21,0.61,-0.66,-1.09,-0.68,0.19,-0.34,-0.82,-0.72,-0.52,-0.81,-0.68,-0.99,-0.05,-0.9,-0.3425
"1057",1057,"Juanfran",2014,"Spain",-0.43,-0.57,-0.54,-0.45,-0.24,-0.54,-0.25,-0.03,0.23,2.05,-0.57,-0.52,-0.81,-0.68,-0.13,-0.24,-0.57,-0.34
"1058",1058,"Koke",2014,"Spain",-0.43,-0.4,0.21,-0.45,1.32,-0.38,-0.68,-0.94,3.99,2.14,-0.27,-0.52,-0.81,-1.15,-0.13,-0.05,-1.32,-0.4475
"1059",1059,"Pedro",2014,"Spain",-0.43,-0.4,-0.54,0.43,-0.56,-1.01,0.62,0.65,-0.25,-0.15,-0.72,-0.52,-0.81,-0.21,1.59,-0.05,-0.36,-0.07
"1060",1060,"Pepe Reina",2014,"Spain",-0.43,-0.57,-0.54,-0.8,-1,-0.46,-0.68,-0.94,-0.9,-0.82,-0.42,-0.52,-0.81,-1.15,-0.99,-0.79,-1.4,-0.655
"1061",1061,"Raúl Albiol",2014,"Spain",-0.43,-0.57,-0.54,-0.8,-0.7,-0.54,-0.25,-0.71,0.79,2.05,0.18,-0.52,-0.41,-1.15,-0.99,-0.79,-1.25,-0.51
"1062",1062,"Santi Cazorla",2014,"Spain",-0.43,-0.03,0.97,-0.1,-0.1,-0.62,-0.25,-0.49,-0.34,0.33,-0.72,-0.52,-0.81,-1.15,-0.13,0.46,-1.11,-0.0975
"1063",1063,"Sergio Busquets",2014,"Spain",-0.43,1.01,-0.54,-0.45,1.53,0.4,-0.68,-0.49,0.42,0.52,-0.72,-0.52,-0.41,-1.15,-0.13,-0.79,-0.09,-0.3275
"1064",1064,"Sergio Ramos",2014,"Spain",-0.43,0.9,-0.54,0.97,2.38,2.04,-0.68,2.46,4.75,3.1,1.55,1.31,3.97,0.73,0.3,-0.79,4.5,0.82
"1065",1065,"Xabi Alonso",2014,"Spain",1.76,3.29,-0.54,-0.1,1.85,0.4,-0.68,-0.49,1.55,1,-0.57,-0.52,-0.01,1.19,-0.13,-0.63,-0.09,-0.3275
"1066",1066,"Xavi",2014,"Spain",-0.43,-0.57,0.21,-0.8,0.24,-0.62,-0.68,-0.49,-0.9,-0.82,-0.72,-0.52,-0.81,-0.68,-0.99,0.34,-1.11,-0.395
"1067",1067,"Admir Mehmedi",2014,"Switzerland",1.09,1.88,-0.54,1.65,0.38,0.19,1.11,0.63,1.69,0.91,-0.51,0,0.02,-0.18,0.8,0.75,0.82,0.3475
"1068",1068,"Blerim Džemaili",2014,"Switzerland",1.09,1.66,-0.54,-0.44,-0.81,-0.84,-0.68,-0.31,-0.9,-0.82,-0.62,-0.52,-0.81,0.15,-0.7,-0.41,-1.15,-0.5925
"1069",1069,"Diego Benaglio",2014,"Switzerland",-0.43,-0.33,-0.54,-0.56,-0.38,1.43,-0.68,-0.94,-0.9,-0.82,-0.51,-0.52,-0.81,-1.15,-0.7,-0.63,0.49,-0.1825
"1070",1070,"Fabian Schär",2014,"Switzerland",-0.43,-0.37,-0.54,-0.44,-0.92,-0.24,-0.68,-0.78,-0.9,0.14,1.69,-0.26,0.29,-0.5,-0.7,-0.65,-1.02,-0.56
"1071",1071,"Gelson Fernandes",2014,"Switzerland",-0.43,-0.57,-0.54,-0.8,-1.16,-1.06,-0.38,-0.94,-0.81,-0.82,-0.51,-0.52,-0.53,-0.5,-0.99,-0.63,-2,-0.73
"1072",1072,"Granit Xhaka",2014,"Switzerland",1.09,0.59,-0.02,0.91,0.54,-0.24,-0.68,-0.31,-0.37,-0.33,-0.51,-0.52,0.57,1.12,-0.1,0.13,-0.55,-0.3125
"1073",1073,"Gökhan Inler",2014,"Switzerland",-0.43,-0.21,-0.02,-0.8,1.63,1.05,1.71,1.57,0.7,0.72,0.22,-0.26,0.02,0.8,1.09,0.48,2.62,1.0775
"1074",1074,"Haris Seferović",2014,"Switzerland",1.09,0.81,-0.02,-0.19,-0.84,-1,-0.68,-0.31,-0.9,-0.82,-0.41,-0.52,-0.53,-0.18,-0.7,-0.46,-1.31,-0.5025
"1075",1075,"Johan Djourou",2014,"Switzerland",-0.43,-0.57,-0.54,-0.68,0.8,1.05,-0.08,0,1.02,0.82,1.79,4.23,0.29,0.47,-0.4,-0.63,1.05,0.1075
"1076",1076,"Josip Drmić",2014,"Switzerland",-0.43,0.43,-0.02,1.16,-0.95,-1,-0.08,-0.31,-0.9,-0.38,-0.72,-0.52,0.02,0.15,0.8,0.4,-1.31,-0.3525
"1077",1077,"Philippe Senderos",2014,"Switzerland",-0.43,-0.57,-0.54,-0.8,-0.51,-0.19,-0.68,-0.47,-0.9,-0.82,-0.51,0.57,-0.81,-1.15,-0.99,-0.71,-0.66,-0.47
"1078",1078,"Ricardo Rodríguez",2014,"Switzerland",-0.43,-0.51,1.55,-0.8,0.96,1.49,0.52,0.47,3.79,0.43,0.64,0.07,1.12,-0.18,0.5,1.18,1.96,1.0075
"1079",1079,"Stephan Lichtsteiner",2014,"Switzerland",-0.43,-0.47,-0.02,-0.19,1.15,2.51,-0.38,0.16,0.52,0.58,1.79,1.29,0.02,0.47,1.09,-0.25,2.67,0.5675
"1080",1080,"Steve von Bergen",2014,"Switzerland",-0.43,-0.57,-0.54,-0.8,-0.91,-0.57,-0.68,-0.94,-0.03,-0.38,0.01,-0.52,0.29,-1.15,-0.4,-0.79,-1.51,-0.6825
"1081",1081,"Valentin Stocker",2014,"Switzerland",-0.43,-0.51,-0.54,0.05,-1.32,-1.06,-0.68,-0.94,-0.9,-0.82,-0.72,-0.52,-0.26,-0.82,-0.99,-0.79,-2,-0.805
"1082",1082,"Valon Behrami",2014,"Switzerland",-0.43,-0.49,-0.54,-0.56,0.61,0.4,0.22,0.94,1.98,-0.72,-0.41,0,-0.53,1.45,0.8,-0.3,1.34,0.255
"1083",1083,"Xherdan Shaqiri",2014,"Switzerland",4.12,4.68,2.08,2.01,0.89,0.08,1.11,0.79,-0.25,-0.6,-0.72,-0.52,-0.81,3.07,3.78,3.24,0.87,1.015
"1084",1084,"Alejandro Bedoya",2014,"USA",-0.43,-0.35,-0.02,-0.07,-0.01,-0.51,-0.08,0,1.87,-0.5,-0.41,0.45,0.02,1.12,-0.7,-0.11,-0.51,-0.1525
"1085",1085,"Aron Johannsson",2014,"USA",-0.43,-0.49,-0.54,-0.68,-1.24,-1.06,-0.68,-0.63,-0.9,-0.82,-0.72,-0.52,-0.81,-1.15,-0.99,-0.73,-1.69,-0.7275
"1086",1086,"Brad Davis",2014,"USA",-0.43,-0.57,-0.54,-0.8,-1.18,-1,-0.68,-0.78,-0.83,-0.74,-0.62,-0.52,-0.81,-0.82,-0.99,-0.79,-1.78,-0.75
"1087",1087,"Chris Wondolowski",2014,"USA",-0.43,0.45,-0.54,-0.07,-1.11,-1,-0.38,-0.63,-0.9,-0.82,-0.72,-0.52,0.02,-0.82,-0.7,-0.19,-1.63,-0.6375
"1088",1088,"Clint Dempsey",2014,"USA",2.6,3.14,-0.54,1.65,0.08,-0.79,0.52,0,-0.59,-0.46,0.32,-0.52,-0.53,0.47,0.8,0.67,-0.79,-0.2025
"1089",1089,"DaMarcus Beasley",2014,"USA",-0.43,-0.53,0.5,-0.07,1.28,1.49,0.81,0.47,0.71,0.32,1.16,0.14,0.57,0.15,1.69,-0.33,1.96,0.8175
"1090",1090,"DeAndre Yedlin",2014,"USA",-0.43,-0.49,-0.02,-0.19,-0.75,-0.14,0.81,0.47,-0.13,-0.82,-0.2,-0.52,0.02,-1.15,-0.7,0.29,0.33,0.28
"1091",1091,"Fabian Johnson",2014,"USA",-0.43,-0.47,-0.02,0.05,0.05,1.16,0.52,1.41,-0.32,-0.19,0.11,-0.1,-0.53,-0.82,0.2,0.75,2.57,0.7675
"1092",1092,"Geoff Cameron",2014,"USA",-0.43,-0.57,-0.02,-0.44,0.32,0.51,0.81,0.16,0.84,0.24,2.21,5.31,1.4,-0.18,0.2,0.37,0.67,0.365
"1093",1093,"Graham Zusi",2014,"USA",-0.43,-0.21,1.03,0.18,-0.09,-0.51,-0.08,-0.16,-0.35,0.44,-0.2,-0.52,-0.26,-0.5,-0.1,0.75,-0.67,0.07
"1094",1094,"Jermaine Jones",2014,"USA",1.09,0.49,-0.02,0.79,0.24,0.46,1.71,0.47,-0.14,0.8,-0.1,-0.52,3.88,1.45,2.29,0.4,0.93,0.655
"1095",1095,"John Brooks",2014,"USA",1.09,-0.03,-0.54,-0.56,-1.27,-0.79,-0.68,-0.94,-0.79,-0.59,0.01,0.11,-0.53,-1.15,-0.7,-0.79,-1.73,-0.7375
"1096",1096,"Kyle Beckerman",2014,"USA",-0.43,-0.53,-0.54,-0.8,0.54,-0.08,-0.38,-0.47,-0.48,0.49,0.11,-0.52,-0.53,0.8,0.2,-0.79,-0.55,-0.3675
"1097",1097,"Matt Besler",2014,"USA",-0.43,-0.57,-0.54,-0.8,0.67,0.24,-0.38,0.16,0.02,1.68,3.26,2.08,1.12,-0.82,0.5,-0.71,0.4,-0.13
"1098",1098,"Michael Bradley",2014,"USA",-0.43,0.79,-0.02,-0.07,2.11,1.21,0.22,2.04,-0.13,-0.22,-0.62,-0.52,-0.81,1.45,-0.1,0.56,3.25,0.8625
"1099",1099,"Omar González",2014,"USA",-0.43,-0.57,-0.54,-0.68,-0.09,0.51,-0.68,0.16,-0.06,0.67,2.42,2.39,0.57,-0.5,-0.4,-0.79,0.67,-0.1375
"1100",1100,"Tim Howard",2014,"USA",-0.43,-0.57,-0.54,-0.8,0.62,2.84,-0.68,-0.94,-0.9,-0.82,-0.62,-0.52,0.02,-1.15,-0.99,-0.71,1.9,0.17
"1101",1101,"Abel Hernández",2014,"Uruguay",-0.43,-0.57,-0.54,-0.8,-1.33,-1.1,-0.35,-0.77,-0.9,-0.82,-0.72,-0.52,-0.51,-1.15,-0.99,-0.41,-1.87,-0.69
"1102",1102,"Cristhian Stuani",2014,"Uruguay",-0.43,-0.34,0.02,0.66,-0.92,-0.87,-0.68,-0.94,-0.44,0.31,-0.5,-0.04,1.58,0.96,0.62,-0.17,-1.81,-0.6175
"1103",1103,"Cristian Rodríguez",2014,"Uruguay",-0.43,0.03,0.59,0.39,0.31,-0.4,1.26,1.27,0.39,-0.39,-0.38,-0.52,2.18,0.61,2.24,0.62,0.87,0.68
"1104",1104,"Diego Forlán",2014,"Uruguay",-0.43,-0.29,-0.54,-0.54,-0.86,-0.99,-0.68,-0.77,-0.9,-0.82,-0.72,-0.52,-0.81,-0.8,-0.99,-0.52,-1.76,-0.745
"1105",1105,"Diego Godín",2014,"Uruguay",1.21,-0.23,-0.54,0.66,-0.28,-0.23,-0.35,-0.6,0.8,2.31,2.57,0.75,3.37,0.61,1.92,-0.32,-0.83,-0.43
"1106",1106,"Diego Lugano",2014,"Uruguay",-0.43,-0.57,-0.54,-0.8,-0.83,-0.81,-0.68,-0.6,-0.9,-0.43,0.18,0.55,0.39,-0.8,-0.02,-0.79,-1.41,-0.6575
"1107",1107,"Edinson Cavani",2014,"Uruguay",1.21,3.3,0.02,3.44,0,-0.75,0.62,0.25,-0.9,0.01,-0.5,-0.52,-0.21,1.66,-0.02,0.62,-0.5,0.035
"1108",1108,"Egidio Arévalo Ríos",2014,"Uruguay",-0.43,-0.51,-0.54,-0.67,0.69,0.07,0.29,-0.77,0.84,0.37,0.3,-0.52,0.39,1.66,0.95,-0.61,-0.7,-0.2375
"1109",1109,"Fernando Muslera",2014,"Uruguay",-0.43,-0.57,-0.54,-0.8,-0.5,1.47,-0.68,-0.94,-0.9,-0.82,-0.72,-0.52,-0.21,-1.15,-0.67,-0.79,0.53,-0.1725
"1110",1110,"Gastón Ramírez",2014,"Uruguay",-0.43,-0.47,2.29,-0.8,-0.76,-0.58,-0.35,-0.77,-0.9,-0.64,-0.72,-0.52,-0.81,-0.09,-0.67,1.26,-1.35,0.1475
"1111",1111,"José Giménez",2014,"Uruguay",-0.43,-0.47,-0.54,-0.41,-0.64,-0.23,-0.68,-0.77,-0.22,-0.02,0.75,0.45,0.39,0.61,0.3,-0.61,-1,-0.555
"1112",1112,"Luis Suárez",2014,"Uruguay",2.85,1.29,-0.54,1.19,-0.86,-0.87,-0.35,0.08,-0.9,-0.82,-0.38,-0.52,-0.81,1.31,-0.35,0.47,-0.79,-0.42
"1113",1113,"Martín Cáceres",2014,"Uruguay",-0.43,-0.53,0.59,-0.41,1.43,2.58,-0.03,0.76,-0.28,1.82,0.18,-0.52,0.09,0.96,0.95,0.09,3.34,0.975
"1114",1114,"Maxi Pereira",2014,"Uruguay",-0.43,0.49,-0.54,-0.54,0.31,0.77,-0.68,0.08,0.32,0.42,-0.04,-0.52,-0.21,-0.09,0.95,-0.14,0.85,-0.0925
"1115",1115,"Nicolas Lodeiro",2014,"Uruguay",-0.43,-0.47,0.59,-0.01,-0.33,-0.4,-0.35,-0.43,-0.06,-0.47,-0.72,-0.52,-0.81,-0.09,-0.99,0.18,-0.83,-0.1475
"1116",1116,"Walter Gargano",2014,"Uruguay",-0.43,-0.57,-0.54,-0.8,-0.86,-0.99,-0.03,-0.6,-0.9,-0.82,-0.72,-0.52,-0.51,-0.45,-0.99,-0.79,-1.59,-0.54
"1117",1117,"Álvaro González",2014,"Uruguay",-0.43,-0.12,0.59,-0.01,-0.07,-0.11,-0.68,-0.94,0.7,0.19,-0.16,0.27,0.98,-0.09,-0.35,-0.14,-1.05,-0.285
"1118",1118,"Álvaro Pereira",2014,"Uruguay",-0.43,-0.57,0.02,-0.67,-0.36,0.18,-0.68,-0.94,-0.37,-0.02,0.41,-0.29,0.09,0.96,0.62,-0.52,-0.76,-0.355
"1119",1119,"Abdelkader Ghezzal",2010,"Algeria",-0.4,0.11,-0.52,0.93,-1.28,-1.04,-0.65,-0.93,-0.86,-0.82,-0.74,-0.48,-0.77,0.12,-0.59,-0.68,-1.97,-0.785
"1120",1120,"Adlène Guédioura",2010,"Algeria",-0.4,-0.54,0.91,-0.38,-1.09,-0.77,-0.65,-0.93,-0.86,-0.13,-0.58,-0.48,-0.17,-0.28,-1.01,-0.51,-1.7,-0.36
"1121",1121,"Antar Yahia",2010,"Algeria",-0.4,-0.22,-0.52,-0.75,0.12,-0.02,-0.65,-0.93,-0.56,2.06,1.39,-0.48,-0.77,0.52,-0.59,-0.81,-0.95,-0.53
"1122",1122,"Fawzi Chaouchi",2010,"Algeria",-0.4,-0.63,-0.52,-0.75,-1.07,-0.36,-0.65,-0.93,-0.86,-0.82,-0.74,-0.48,-0.77,-1.09,-0.59,-0.81,-1.29,-0.615
"1123",1123,"Foued Kadir",2010,"Algeria",-0.4,-0.63,3.06,-0.75,1.37,1.27,0.48,2.64,-0.3,0.58,-0.09,0.34,-0.17,1.33,0.65,0.92,3.91,1.8625
"1124",1124,"Hassan Yebda",2010,"Algeria",-0.4,0.94,-0.52,0.75,1.46,-0.09,0.48,0.41,1.62,1.13,0.08,-0.48,0.43,2.14,0.23,-0.34,0.32,0.07
"1125",1125,"Karim Matmour",2010,"Algeria",-0.4,0.02,-0.52,0.56,-0.23,-0.98,0.48,-0.26,-0.28,0.1,-0.58,-0.48,1.62,1.73,1.06,-0.64,-1.24,-0.32
"1126",1126,"Karim Ziani",2010,"Algeria",-0.4,0.2,3.06,-0.56,0.55,0.18,1.05,2.42,0.38,-0.36,-0.41,-0.48,-0.77,-0.28,-0.18,2.49,2.6,1.6775
"1127",1127,"Madjid Bouguerra",2010,"Algeria",-0.4,-0.12,-0.52,-0.19,0.22,0.52,-0.65,-0.26,2.19,0.76,1.39,1.28,0.43,0.12,0.23,-0.34,0.26,-0.2275
"1128",1128,"Medhi Lacen",2010,"Algeria",-0.4,-0.59,-0.52,-0.75,1.69,0.39,-0.08,-0.48,1.06,1.28,-0.25,0.51,1.03,0.52,-0.18,-0.81,-0.09,-0.1725
"1129",1129,"Nadir Belhadj",2010,"Algeria",-0.4,-0.26,3.78,-0.75,2.37,2.36,1.05,2.87,1.19,1.93,0.4,0.34,1.03,0.12,1.06,2.53,5.23,2.515
"1130",1130,"Rafik Djebbour",2010,"Algeria",-0.4,0.11,-0.52,1.68,-1.05,-1.04,-0.08,-0.48,-0.54,-0.82,-0.74,-0.48,-0.17,-0.28,-0.59,-0.3,-1.52,-0.53
"1131",1131,"Rafik Halliche",2010,"Algeria",-0.4,0.25,-0.52,0.19,0.45,0.18,-0.65,-0.48,-0.33,1.42,5.15,1.33,1.62,0.52,0.65,-0.43,-0.3,-0.3675
"1132",1132,"Rais M'Bolhi",2010,"Algeria",-0.4,-0.63,-0.52,-0.75,-0.53,1.14,-0.65,-0.93,-0.86,-0.82,-0.41,-0.48,-0.17,-1.09,-1.01,-0.81,0.21,-0.24
"1133",1133,"Ryad Boudebouz",2010,"Algeria",-0.4,-0.17,-0.52,-0.38,-0.81,-0.84,-0.08,-0.48,-0.86,-0.82,-0.74,-0.48,-0.77,0.12,-1.01,-0.81,-1.32,-0.48
"1134",1134,"Carlos Tevez",2010,"Argentina",2.37,1.14,-0.09,1.49,0.61,-0.09,1.39,0.14,0.37,0.35,-0.74,0.69,-0.77,-0.12,0.48,0.51,0.05,0.3375
"1135",1135,"Clemente Rodríguez",2010,"Argentina",-0.4,-0.6,0.34,-0.64,-0.23,-0.62,-0.65,-0.93,-0.44,-0.49,-0.74,-0.48,-0.77,-0.85,-1.01,-0.2,-1.55,-0.465
"1136",1136,"Diego Milito",2010,"Argentina",-0.4,-0.63,-0.52,-0.3,-1.01,-0.99,-0.65,-0.79,-0.86,-0.82,-0.64,-0.48,-0.77,-0.85,0.23,-0.12,-1.78,-0.7375
"1137",1137,"Gabriel Heinze",2010,"Argentina",0.98,-0.24,0.77,-0.19,1.29,1.18,-0.65,0.14,0.79,2.57,0.44,0.87,1.38,-0.61,1.48,-0.07,1.32,0.36
"1138",1138,"Gonzalo Higuaín",2010,"Argentina",5.13,3.28,-0.52,2.73,-0.34,-0.87,1.05,0.01,1.05,-0.29,-0.35,-0.48,-0.41,0.85,-0.01,0.33,-0.86,-0.0825
"1139",1139,"Javier Mascherano",2010,"Argentina",-0.4,-0.63,-0.52,-0.75,1.43,0.6,-0.65,-0.66,3.3,2.8,-0.25,4.91,-0.05,2.3,-0.26,-0.56,-0.0600000000000001,-0.3075
"1140",1140,"Javier Pastore",2010,"Argentina",-0.4,-0.49,-0.52,-0.41,-0.85,-0.95,0.37,-0.52,-0.44,-0.82,-0.74,-0.48,-0.77,-0.61,-0.51,-0.63,-1.47,-0.405
"1141",1141,"Jonás Gutiérrez",2010,"Argentina",-0.4,-0.63,-0.52,-0.75,-0.13,-0.5,0.03,-0.79,2.78,0.04,-0.25,1.73,-0.41,0.12,-0.76,-0.81,-1.29,-0.445
"1142",1142,"Juan Sebastián Verón",2010,"Argentina",-0.4,-0.24,1.2,-0.53,1.51,0.97,-0.65,-0.12,1.88,1.42,-0.54,-0.48,-0.41,-0.61,-0.26,0.71,0.85,0.35
"1143",1143,"Lionel Messi",2010,"Argentina",-0.4,3.62,0.34,2.17,2.57,1.05,8.51,2.69,1.22,-0.37,-0.74,-0.48,-0.05,-0.37,2.72,4.14,3.74,3.1475
"1144",1144,"Mario Bolatti",2010,"Argentina",-0.4,0.01,-0.52,-0.3,-0.08,-0.5,-0.65,-0.93,-0.02,-0.15,-0.64,-0.48,-0.77,-0.12,-1.01,-0.81,-1.43,-0.65
"1145",1145,"Martín Demichelis",2010,"Argentina",0.98,0.09,-0.52,0.15,1.51,0.89,-0.65,0.01,1.13,3.19,2.3,0.2,1.38,-0.61,-0.01,-0.45,0.9,-0.0675
"1146",1146,"Maxi Rodríguez",2010,"Argentina",-0.4,-0.13,0.77,0.6,1.47,0.52,-0.31,-0.26,1.19,0.96,-0.35,0.44,-0.77,0.12,0.48,1.22,0.26,0.18
"1147",1147,"Nicolás Burdisso",2010,"Argentina",-0.4,-0.44,-0.52,-0.41,0.71,0.03,-0.65,-0.39,-0.22,0.09,0.34,4.68,0.67,-0.37,-0.26,-0.51,-0.36,-0.3825
"1148",1148,"Nicolás Otamendi",2010,"Argentina",-0.4,-0.63,-0.09,-0.64,0.68,0.32,1.05,-0.66,0.41,0.68,-0.05,0.44,-0.77,0.36,-0.26,-0.48,-0.34,0.155
"1149",1149,"Sergio Agüero",2010,"Argentina",-0.4,-0.08,-0.52,0.82,-0.68,-0.87,0.37,-0.26,-0.44,-0.49,-0.74,-0.48,-0.77,-1.09,-0.26,0.48,-1.13,-0.32
"1150",1150,"Sergio Romero",2010,"Argentina",-0.4,-0.63,-0.52,-0.75,-0.3,0.81,-0.65,-0.93,-0.86,-0.82,-0.74,-0.48,-0.77,-1.09,-1.01,-0.81,-0.12,-0.3225
"1151",1151,"Walter Samuel",2010,"Argentina",-0.4,-0.24,-0.52,-0.19,-0.88,-0.75,-0.65,-0.66,-0.86,-0.23,-0.35,-0.48,-0.77,-1.09,-1.01,-0.45,-1.41,-0.645
"1152",1152,"Ángel Di María",2010,"Argentina",-0.4,0.17,0.77,1.27,0.3,0.24,1.73,0.41,1.71,-0.29,-0.74,-0.48,-0.77,-0.37,1.23,1.88,0.65,0.7875
"1153",1153,"Brett Emerton",2010,"Australia",-0.4,-0.08,0.91,-0.19,0.5,-0.23,-0.08,0.64,-0.59,-0.45,0.57,0.15,1.62,3.35,-0.59,0.5,0.41,0.31
"1154",1154,"Brett Holman",2010,"Australia",4.21,0.34,-0.52,-0.19,-0.56,-0.77,-0.65,-0.7,-0.39,-0.82,-0.74,-0.48,-0.77,-0.69,-0.59,0.16,-1.47,-0.66
"1155",1155,"Carl Valeri",2010,"Australia",-0.4,-0.63,0.2,-0.56,1.3,-0.16,-0.65,0.41,-0.11,0.13,0.24,0.27,-0.77,0.12,-0.18,-0.05,0.25,-0.05
"1156",1156,"Craig Moore",2010,"Australia",-0.4,-0.26,-0.52,0.37,0.52,0.25,-0.65,-0.7,-0.05,-0.2,1.55,-0.48,1.62,1.33,-1.01,-0.81,-0.45,-0.405
"1157",1157,"David Carney",2010,"Australia",-0.4,-0.63,0.2,-0.75,-0.18,0.32,-0.65,0.64,-0.19,-0.07,0.4,-0.48,-0.17,0.52,0.23,0.16,0.96,0.1275
"1158",1158,"Jason Culina",2010,"Australia",-0.4,0.25,-0.52,0.19,1.91,-0.09,-0.65,-0.48,-0.86,-0.25,-0.09,0.15,1.03,0.52,-0.18,-0.81,-0.57,-0.435
"1159",1159,"Joshua Kennedy",2010,"Australia",-0.4,1.73,-0.52,4.3,-1.05,-0.98,-0.65,-0.93,-0.66,-0.66,-0.74,-0.48,1.03,0.93,-0.18,-0.26,-1.91,-0.77
"1160",1160,"Lucas Neill",2010,"Australia",-0.4,-0.54,0.2,-0.56,1.25,1.82,-0.08,0.64,-0.39,0.15,2.2,2.81,-0.17,0.52,0.23,0.75,2.46,0.645
"1161",1161,"Luke Wilkshire",2010,"Australia",-0.4,0.11,8.08,-0.19,1.48,2.5,-0.08,0.86,0.52,0.12,0.9,0.38,-0.77,1.33,1.89,4.09,3.36,2.84
"1162",1162,"Mark Bresciano",2010,"Australia",-0.4,0.02,0.2,-0.75,-0.34,-0.43,0.48,-0.26,-0.66,-0.61,-0.41,-0.48,-0.77,-0.69,0.23,0.16,-0.69,-0.00249999999999999
"1163",1163,"Mark Schwarzer",2010,"Australia",-0.4,-0.63,-0.52,-0.75,0.31,2.84,-0.65,-0.7,-0.86,-0.82,-0.25,-0.48,-0.77,-1.09,-0.59,-0.26,2.14,0.2425
"1164",1164,"Michael Beauchamp",2010,"Australia",-0.4,-0.63,-0.52,-0.75,-0.7,-0.5,-0.65,-0.93,-0.46,-0.82,0.08,0.15,-0.77,-1.09,-1.01,-0.81,-1.43,-0.65
"1165",1165,"Nikita Rukavytsya",2010,"Australia",-0.4,0.52,-0.52,0,-1.16,-1.11,-0.65,-0.48,-0.86,-0.82,-0.74,-0.48,-0.77,-0.28,-0.59,-0.81,-1.59,-0.69
"1166",1166,"Richard Garcia",2010,"Australia",-0.4,0.52,-0.52,0.56,-0.95,-0.84,-0.08,-0.26,-0.18,-0.63,-0.41,-0.48,-0.77,-0.28,-0.59,-0.26,-1.1,-0.425
"1167",1167,"Scott Chipperfield",2010,"Australia",-0.4,0.02,0.2,0.93,-0.34,-0.43,-0.65,-0.48,-0.22,-0.2,-0.09,-0.48,-0.17,-0.28,0.23,0.12,-0.91,-0.34
"1168",1168,"Tim Cahill",2010,"Australia",1.91,1.22,-0.52,2.62,-0.67,-1.04,-0.65,-0.48,-0.62,-0.82,-0.41,0.15,0.43,0.93,0.23,-0.13,-1.52,-0.6725
"1169",1169,"Vincenzo Grella",2010,"Australia",-0.4,-0.63,-0.52,-0.75,-1.12,-0.7,-0.65,-0.93,-0.14,-0.63,-0.74,-0.48,-0.77,-0.69,-0.59,-0.51,-1.63,-0.7
"1170",1170,"Dani Alves",2010,"Brazil",-0.4,0.28,3.78,-0.41,1.29,0.56,1.05,0.95,0.21,0.83,-0.64,0.08,-0.05,0.85,2.47,2.74,1.51,1.585
"1171",1171,"Elano",2010,"Brazil",2.37,0.48,-0.09,0.15,-0.75,-0.79,0.03,-0.79,1.36,-0.57,-0.64,-0.48,-0.05,-0.61,-0.76,-0.25,-1.58,-0.41
"1172",1172,"Felipe Melo",2010,"Brazil",-0.4,-0.38,-0.09,-0.3,1.84,0.24,0.37,0.14,2.15,1.15,-0.45,-0.48,0.31,0.36,-0.01,0,0.38,0.165
"1173",1173,"Gilberto Melo",2010,"Brazil",-0.4,-0.63,-0.52,-0.75,-1.23,-0.79,-0.65,-0.93,-0.44,-0.82,-0.64,-0.48,-0.77,-0.61,-0.51,-0.81,-1.72,-0.7225
"1174",1174,"Gilberto Silva",2010,"Brazil",-0.4,-0.19,-0.52,-0.3,2.41,0.15,-0.31,0.14,1.14,2.48,0.24,2.48,-0.05,0.6,-0.51,-0.61,0.29,-0.135
"1175",1175,"Josué",2010,"Brazil",-0.4,-0.63,-0.52,-0.75,-0.68,-1.03,-0.65,-0.79,-0.86,-0.52,-0.74,-0.48,-0.77,-0.85,-1.01,-0.81,-1.82,-0.7475
"1176",1176,"Juan",2010,"Brazil",0.98,0.12,-0.52,0.48,1.37,0.89,-0.65,0.01,1.45,3.34,1.71,4.57,1.38,-0.61,-0.26,-0.81,0.9,-0.0675
"1177",1177,"Júlio Baptista",2010,"Brazil",-0.4,-0.6,-0.52,-0.75,-0.85,-1.07,-0.31,-0.79,-0.47,-0.82,-0.64,-0.48,-0.77,-0.61,-0.51,-0.63,-1.86,-0.6725
"1178",1178,"Júlio César",2010,"Brazil",-0.4,-0.63,-0.52,-0.75,-0.06,1.22,-0.65,-0.79,-0.86,-0.82,-0.45,-0.48,-0.05,-1.09,-1.01,-0.81,0.43,-0.185
"1179",1179,"Kaká",2010,"Brazil",-0.4,0.42,-0.52,1.49,0.22,-0.66,1.73,1.62,-0.86,0.29,-0.64,-0.48,-0.41,0.36,1.73,0.81,0.96,0.5425
"1180",1180,"Luis Fabiano",2010,"Brazil",3.75,1.92,-0.09,3.4,-0.43,-0.79,0.71,-0.26,0.5,-0.63,-0.45,-0.48,0.67,1.09,1.23,2.08,-1.05,-0.1075
"1181",1181,"Lúcio",2010,"Brazil",-0.4,-0.38,-0.52,0.82,1.26,0.15,4.44,4.03,1.68,2.82,0.93,0.82,0.31,-0.37,1.48,-0.25,4.18,2.025
"1182",1182,"Maicon",2010,"Brazil",0.98,-0.44,2.06,0.04,2.33,3.22,2.41,3.89,1.72,1,0.24,0.08,0.67,-0.61,-0.26,2.74,7.11,2.895
"1183",1183,"Michel Bastos",2010,"Brazil",-0.4,-0.11,-0.09,-0.53,1.88,1.75,0.71,1.35,1.73,2.25,0.14,-0.48,-0.41,1.81,-0.51,-0.28,3.1,0.93
"1184",1184,"Nilmar",2010,"Brazil",-0.4,0.42,-0.52,0.04,-1.22,-1.03,0.37,-0.52,0.08,0.1,-0.74,-0.48,-0.77,-0.12,-0.76,-0.43,-1.55,-0.425
"1185",1185,"Ramires",2010,"Brazil",-0.4,-0.41,-0.52,-0.75,-0.78,-0.75,-0.31,-0.26,-0.51,0.05,-0.45,0.08,-0.77,-0.12,-0.76,-0.25,-1.01,-0.46
"1186",1186,"Robinho",2010,"Brazil",2.37,0.7,-0.52,1.05,0.71,0.28,0.37,1.89,-0.11,0.3,-0.74,-0.48,-0.77,0.6,1.23,1.47,2.17,0.505
"1187",1187,"Achille Emaná",2010,"Cameroon",-0.4,0.66,-0.52,1.31,-0.32,-0.5,2.75,0.64,-0.86,-0.43,-0.74,-0.48,0.43,-0.28,-1.01,1.85,0.14,0.5925
"1188",1188,"Alex Song",2010,"Cameroon",-0.4,-0.45,-0.52,-0.75,-0.06,0.05,-0.65,-0.48,2.08,-0.03,-0.74,1.07,-0.77,-0.69,-1.01,-0.18,-0.43,-0.4
"1189",1189,"Aurélien Chedjou",2010,"Cameroon",-0.4,-0.4,-0.52,-0.75,0.24,-0.16,-0.08,-0.26,-0.44,-0.49,-0.74,0.83,-0.17,0.12,-1.01,-0.81,-0.42,-0.255
"1190",1190,"Benoît Assou-Ekotto",2010,"Cameroon",-0.4,-0.45,2.34,-0.56,1.41,2.57,0.48,0.64,0.48,3.07,0.08,-0.48,-0.17,-0.28,1.89,1.73,3.21,1.5075
"1191",1191,"Eyong Enoh",2010,"Cameroon",-0.4,-0.4,-0.52,-0.75,-0.27,-0.64,-0.65,-0.7,2.16,-0.43,-0.58,-0.48,-0.77,0.12,-0.59,-0.13,-1.34,-0.6275
"1192",1192,"Gaëtan Bong",2010,"Cameroon",-0.4,-0.26,-0.52,-0.56,-1.19,-1.04,-0.65,-0.93,-0.86,-0.49,-0.74,-0.48,-0.77,-0.69,-0.18,-0.81,-1.97,-0.785
"1193",1193,"Geremi",2010,"Cameroon",-0.4,-0.17,7.36,-0.75,1.02,1.48,-0.08,-0.7,-0.37,0.18,-0.58,-0.48,-0.17,0.93,-0.18,4.05,0.78,2.015
"1194",1194,"Jean Makoun",2010,"Cameroon",-0.4,0.76,-0.52,0.93,1.95,1.2,-0.08,-0.7,-0.44,-0.09,-0.74,-0.48,-0.77,0.93,0.23,-0.05,0.5,-0.025
"1195",1195,"Joël Matip",2010,"Cameroon",-0.4,-0.63,-0.52,-0.75,-0.65,-0.77,-0.65,-0.93,0.65,0.39,-0.41,-0.48,-0.77,0.52,-0.18,-0.81,-1.7,-0.7175
"1196",1196,"Landry N'Guemo",2010,"Cameroon",-0.4,-0.22,0.2,-0.38,-0.3,-0.7,-0.65,-0.7,-0.44,-0.82,-0.74,-0.48,-0.17,0.12,-0.18,-0.26,-1.4,-0.4625
"1197",1197,"Maxim Choupo-Moting",2010,"Cameroon",-0.4,0.11,-0.52,0.93,-0.65,-0.7,0.48,-0.26,-0.86,-0.15,-0.74,-0.48,-0.77,0.12,0.23,-0.47,-0.96,-0.25
"1198",1198,"Mohamadou Idrissou",2010,"Cameroon",-0.4,0.11,-0.52,1.68,-1.05,-1.04,-0.65,-0.03,-0.37,-0.42,-0.41,-0.48,2.22,0.12,-0.18,-0.39,-1.07,-0.56
"1199",1199,"Nicolas N'Koulou",2010,"Cameroon",-0.4,-0.63,-0.52,-0.75,1.46,0.39,0.48,-0.26,0.13,1.72,1.22,1.07,-0.77,0.12,-0.18,-0.81,0.13,0.0225
"1200",1200,"Pierre Webó",2010,"Cameroon",-0.4,0.57,-0.52,2.8,-0.74,-0.91,-0.65,-0.93,0.64,-0.43,-0.58,1.07,2.82,0.12,0.23,0.8,-1.84,-0.7525
"1201",1201,"Samuel Eto'o",2010,"Cameroon",4.21,4.27,-0.52,3.93,0.17,-0.09,2.18,0.86,-0.37,-0.82,-0.74,-0.48,-0.77,0.12,1.48,2.19,0.77,0.6075
"1202",1202,"Souleymanou Hamidou",2010,"Cameroon",-0.4,-0.63,-0.52,-0.75,0.38,2.43,-0.65,-0.93,-0.86,-0.82,-0.58,-0.48,-0.17,-1.09,-1.01,-0.81,1.5,0.0825
"1203",1203,"Stéphane M'bia",2010,"Cameroon",-0.4,0.43,0.91,0.19,2.14,2.02,-0.08,1.08,1.11,1.9,0.08,1.07,0.43,2.54,-1.01,0.37,3.1,0.9825
"1204",1204,"Sébastien Bassong",2010,"Cameroon",-0.4,-0.63,-0.52,-0.75,0.01,-0.16,-0.65,-0.26,0.13,-0.03,1.71,-0.48,-0.77,0.12,-0.59,-0.81,-0.42,-0.3975
"1205",1205,"Vincent Aboubakar",2010,"Cameroon",-0.4,0.29,0.2,-0.38,-1.12,-0.98,-0.08,-0.48,-0.86,-0.82,-0.74,-0.48,-0.77,-1.09,0.23,-0.13,-1.46,-0.335
"1206",1206,"Alexis Sánchez",2010,"Chile",-0.4,1.69,0.55,4.44,0.01,-0.04,6.56,2.42,4.22,0.59,-0.5,-0.48,1.03,1.63,4.27,3.76,2.38,2.3725
"1207",1207,"Arturo Vidal",2010,"Chile",-0.4,-0.04,-0.52,0.37,1.57,1.75,-0.22,2.76,2.37,2.27,-0.13,-0.48,1.47,3.75,1.48,0.17,4.51,0.9425
"1208",1208,"Carlos Carmona",2010,"Chile",-0.4,-0.39,-0.52,-0.75,1.34,0.68,-0.65,0.58,3.02,3.1,-0.13,0.96,-0.32,1.03,0.23,-0.81,1.26,0.0225
"1209",1209,"Claudio Bravo",2010,"Chile",-0.4,-0.63,-0.52,-0.75,-0.03,1.24,-0.65,-0.42,-0.86,-0.82,-0.37,-0.48,-0.77,-1.09,-1.01,-0.81,0.82,-0.0875
"1210",1210,"Esteban Paredes",2010,"Chile",-0.4,0.3,0.02,0.37,-1.22,-1.06,0.2,-0.76,0.25,-0.82,-0.62,-0.48,-0.77,-0.79,-0.39,0.36,-1.82,-0.4
"1211",1211,"Gary Medel",2010,"Chile",-0.4,0.48,0.02,-0.33,0.61,0.47,-0.22,-0.42,1.21,1.76,0.73,0.96,1.03,0.72,-0.39,-0.46,0.05,-0.0375
"1212",1212,"Gonzalo Jara",2010,"Chile",-0.4,-0.56,-0.52,-0.75,1.26,1.7,-0.65,1.92,0.24,1.82,1.96,-0.31,2.37,0.42,-0.7,-0.37,3.62,0.6125
"1213",1213,"Humberto Suazo",2010,"Chile",-0.4,0.44,-0.52,0.65,-0.92,-1.01,-0.65,-0.76,-0.86,-0.82,-0.74,-0.48,-0.77,-0.49,-1.01,-0.71,-1.77,-0.735
"1214",1214,"Ismael Fuentes",2010,"Chile",-0.4,-0.63,0.02,-0.75,-0.96,-0.3,-0.22,-0.76,0.11,-0.82,0,-0.48,0.13,-0.18,-1.01,-0.71,-1.06,-0.315
"1215",1215,"Jean Beauséjour",2010,"Chile",1.33,0.69,1.63,0.65,0.08,0.16,1.9,0.58,0.44,-0.15,-0.5,-0.48,-0.32,0.12,1.79,1.66,0.74,1.0675
"1216",1216,"Jorge Valdívia",2010,"Chile",-0.4,0.34,-0.52,0.79,-0.31,-0.5,1.9,0.41,0.42,-0.42,-0.74,-0.48,-0.77,1.94,2.41,1.19,-0.09,0.3225
"1217",1217,"Marco Estrada",2010,"Chile",-0.4,-0.56,-0.52,-0.75,-1.22,-0.96,-0.65,-0.93,-0.75,-0.78,-0.62,-0.48,-0.77,-0.18,-1.01,-0.81,-1.89,-0.765
"1218",1218,"Mark González",2010,"Chile",1.33,1.38,-0.52,1.07,-0.89,-0.86,-0.22,-0.09,0.02,0.01,-0.37,-0.31,1.03,-0.18,-1.01,-0.37,-0.95,-0.4225
"1219",1219,"Matías Fernández",2010,"Chile",-0.4,-0.08,1.63,0.09,-0.24,-0.45,-0.22,0.41,0.1,-0.42,-0.62,-0.48,-0.77,0.12,1.17,1.98,-0.04,0.3425
"1220",1220,"Mauricio Isla",2010,"Chile",-0.4,-0.32,-0.52,0.79,0.85,1.14,-0.22,0.41,0.96,0.26,-0.25,-0.48,-0.77,-0.18,-0.7,0.17,1.55,0.2025
"1221",1221,"Pablo Contreras",2010,"Chile",-0.4,-0.63,-0.52,-0.75,-1.12,-0.76,-0.65,-0.93,-0.53,0.21,-0.25,-0.48,0.13,-1.09,-1.01,-0.49,-1.69,-0.715
"1222",1222,"Rodrigo Millar",2010,"Chile",1.33,-0.42,-0.52,0.09,-0.22,-0.4,-0.65,-0.26,-0.08,-0.48,-0.62,-0.48,-0.32,-0.79,-0.39,-0.08,-0.66,-0.4575
"1223",1223,"Rodrigo Tello",2010,"Chile",-0.4,-0.49,0.02,-0.47,-0.91,-0.65,-0.65,-0.42,-0.53,-0.56,-0.74,-0.48,-0.77,-0.79,-1.01,0.4,-1.07,-0.425
"1224",1224,"Waldo Ponce",2010,"Chile",-0.4,0.27,-0.52,-0.19,0.39,0.62,0.2,-0.59,-0.69,-0.09,0.36,0.96,0.13,-0.49,-0.08,-0.62,0.03,-0.0725
"1225",1225,"Christian Eriksen",2010,"Denmark",-0.4,-0.49,-0.52,-0.75,-1,-0.91,-0.65,-0.7,-0.24,-0.82,-0.74,-0.48,-0.77,-1.09,-1.01,-0.26,-1.61,-0.695
"1226",1226,"Christian Poulsen",2010,"Denmark",-0.4,-0.54,0.91,-0.56,2.23,1.89,-0.65,0.41,-0.29,0.87,1.06,0.98,0.43,4.15,-0.59,1.52,2.3,0.64
"1227",1227,"Daniel Agger",2010,"Denmark",-0.4,0.57,0.2,-0.38,1.02,1.95,0.48,2.64,1.8,0.32,3.84,0.49,1.62,0.93,1.48,0.67,4.59,1.3175
"1228",1228,"Daniel Jensen",2010,"Denmark",-0.4,-0.63,-0.52,-0.75,-1,-0.91,-0.65,-0.93,-0.39,-0.82,-0.25,-0.48,-0.77,-0.28,-1.01,-0.6,-1.84,-0.7525
"1229",1229,"Dennis Rommedahl",2010,"Denmark",1.91,0.25,2.34,2.06,0.29,-0.23,1.05,1.53,0.94,0.32,-0.25,-0.48,-0.17,0.52,-0.59,2.45,1.3,1.1725
"1230",1230,"Jakob Poulsen",2010,"Denmark",-0.4,-0.22,0.2,-0.56,-0.65,-0.98,-0.65,-0.7,-0.86,-0.32,-0.74,-0.48,-0.17,-1.09,-1.01,-0.26,-1.68,-0.5325
"1231",1231,"Jesper Gronkjaer",2010,"Denmark",-0.4,-0.4,0.2,0,-0.72,-0.77,-0.65,0.19,-0.39,-0.26,-0.25,-0.48,-0.77,-0.28,-1.01,-0.81,-0.58,-0.2575
"1232",1232,"Jon Dahl Tomasson",2010,"Denmark",1.91,7.33,-0.52,3.18,-0.25,-1.11,-0.65,-0.7,-0.86,-0.82,-0.74,-0.48,-0.77,-0.28,-0.18,-0.68,-1.81,-0.745
"1233",1233,"Lars Jacobsen",2010,"Denmark",-0.4,-0.63,0.2,-0.75,0.83,1.54,-0.65,-0.03,1.23,-0.56,1.22,-0.16,-0.77,-0.69,-0.59,1.77,1.51,0.265
"1234",1234,"Martin Jorgensen",2010,"Denmark",-0.4,-0.22,0.2,-0.38,0.03,-0.16,-0.65,-0.7,0.56,-0.24,0.08,-0.16,-0.77,0.12,-0.59,-0.26,-0.86,-0.3275
"1235",1235,"Mikkel Beckmann",2010,"Denmark",-0.4,-0.63,-0.52,-0.56,-1.26,-1.04,-0.08,-0.7,-0.86,-0.74,-0.74,-0.48,-0.77,-1.09,-1.01,-0.81,-1.74,-0.585
"1236",1236,"Nicklas Bendtner",2010,"Denmark",1.91,1.22,-0.52,2.99,-0.25,-0.7,0.48,0.64,-0.86,-0.82,-0.58,-0.48,2.22,1.73,2.72,0.71,-0.0599999999999999,-0.025
"1237",1237,"Per Kroldrup",2010,"Denmark",-0.4,-0.4,-0.52,-0.38,-0.72,0.11,-0.08,0.41,-0.86,-0.82,0.08,1.48,-0.17,-0.69,-1.01,-0.77,0.52,-0.02
"1238",1238,"Simon Kjaer",2010,"Denmark",-0.4,-0.4,-0.52,0,-0.63,-0.64,-0.65,-0.03,-0.65,0.11,1.71,1.29,0.43,0.12,-0.18,-0.81,-0.67,-0.46
"1239",1239,"Simon Poulsen",2010,"Denmark",-0.4,-0.36,-0.52,-0.56,1.13,1.34,1.05,-0.03,2.42,0.67,1.55,-0.16,-0.17,0.93,-0.18,-0.77,1.31,0.46
"1240",1240,"Soren Larsen",2010,"Denmark",-0.4,-0.22,-0.52,0.37,-1.38,-1.04,-0.65,-0.93,-0.86,-0.82,-0.58,-0.48,1.62,-0.28,-1.01,-0.81,-1.97,-0.785
"1241",1241,"Thomas Enevoldsen",2010,"Denmark",-0.4,-0.36,-0.52,-0.75,-1.3,-1.11,-0.65,-0.7,-0.86,-0.82,-0.74,-0.48,-0.77,-1.09,-1.01,-0.81,-1.81,-0.745
"1242",1242,"Thomas Kahlenberg",2010,"Denmark",-0.4,0.15,1.63,0.19,-0.16,-0.64,-0.08,-0.26,0.1,-0.64,0.24,-0.48,-0.17,1.33,-0.18,0.54,-0.9,0.1625
"1243",1243,"Thomas Sorensen",2010,"Denmark",-0.4,-0.63,-0.52,-0.75,0.08,2.29,-0.65,-0.7,-0.86,-0.82,-0.58,-0.48,-0.77,-1.09,-1.01,-0.81,1.59,0.105
"1244",1244,"Aaron Lennon",2010,"England",-0.4,-0.56,-0.52,0.37,-0.73,-0.76,0.2,0.58,-0.51,-0.23,-0.74,-0.48,-0.77,-1.09,-0.7,0.14,-0.18,-0.125
"1245",1245,"Ashley Cole",2010,"England",-0.4,-0.63,-0.52,0.23,1.62,1.44,0.63,-0.09,2.82,2.42,0.49,-0.48,-0.32,0.42,-0.08,-0.11,1.35,0.365
"1246",1246,"David James",2010,"England",-0.4,-0.63,-0.52,-0.75,0.08,2,-0.65,-0.76,-0.86,-0.82,-0.62,-0.48,-0.77,-1.09,-1.01,-0.49,1.24,0.0175
"1247",1247,"Emile Heskey",2010,"England",-0.4,-0.01,0.02,0.09,-0.82,-0.96,-0.65,-0.59,1.21,-0.82,-0.37,-0.48,2.82,0.12,0.86,0.52,-1.55,-0.545
"1248",1248,"Frank Lampard",2010,"England",-0.4,2.32,2.17,0.79,2.08,0.52,0.2,0.91,-0.09,0.13,0,-0.48,0.13,-0.49,0.23,1.95,1.43,0.95
"1249",1249,"Gareth Barry",2010,"England",-0.4,-0.04,1.09,-0.33,1.04,0.78,0.63,0.41,1.58,0.89,-0.37,0.61,-0.32,0.12,-0.39,1.12,1.19,0.7275
"1250",1250,"Glen Johnson",2010,"England",-0.4,-0.08,0.55,0.37,1.66,1.8,1.47,0.75,2.68,2.36,0.24,1.99,-0.32,2.54,0.23,0.3,2.55,1.1425
"1251",1251,"James Milner",2010,"England",-0.4,-0.36,0.55,-0.19,-0.48,-0.35,0.2,-0.26,0.68,1.3,-0.74,-0.48,0.58,0.42,-0.39,0.4,-0.61,0.035
"1252",1252,"Jamie Carragher",2010,"England",-0.4,-0.63,-0.52,-0.75,-0.26,-0.4,-0.65,-0.26,-0.17,0.05,0.85,0.61,0.13,-0.18,-1.01,-0.46,-0.66,-0.4575
"1253",1253,"Jermain Defoe",2010,"England",1.33,1.14,-0.52,0.79,-1.15,-1.11,-0.65,-0.93,-0.42,-0.12,-0.74,-0.48,-0.77,-1.09,-0.39,-0.59,-2.04,-0.8025
"1254",1254,"Joe Cole",2010,"England",-0.4,-0.46,-0.52,-0.47,-1.05,-1.01,-0.65,-0.76,-0.86,-0.82,-0.74,-0.48,-0.77,-0.79,-0.39,-0.78,-1.77,-0.735
"1255",1255,"John Terry",2010,"England",-0.4,0.13,-0.52,0.51,1.8,1.14,-0.22,0.08,-0.53,2.14,1.22,9.34,1.47,0.72,1.17,-0.59,1.22,0.12
"1256",1256,"Ledley King",2010,"England",-0.4,-0.63,-0.52,-0.75,-1.19,-0.96,-0.65,-0.76,-0.86,-0.19,-0.62,-0.48,-0.77,-1.09,-1.01,-0.81,-1.72,-0.7225
"1257",1257,"Matt Upson",2010,"England",1.33,-0.08,-0.52,-0.47,-0.05,-0.14,-0.65,-0.42,-0.53,-0.47,0.12,0.55,0.13,-0.49,-0.39,-0.81,-0.56,-0.4325
"1258",1258,"Robert Green",2010,"England",-0.4,-0.63,-0.52,-0.75,-0.85,0.01,-0.65,-0.93,-0.86,-0.82,-0.62,-0.48,-0.77,-1.09,-1.01,-0.81,-0.92,-0.5225
"1259",1259,"Shaun Wright-Phillips",2010,"England",-0.4,-0.42,-0.52,-0.47,-1.03,-0.91,-0.22,0.08,-0.12,0.41,-0.74,-0.48,-0.32,-0.79,0.55,-0.62,-0.83,-0.3925
"1260",1260,"Steven Gerrard",2010,"England",1.33,0.86,3.24,1.63,1.85,1.34,-0.22,0.91,0.28,3.34,0,1.64,1.47,-0.49,-0.39,3.88,2.25,1.3175
"1261",1261,"Wayne Rooney",2010,"England",-0.4,1.76,0.55,2.9,0.2,-0.5,2.32,1.25,-0.51,-0.55,-0.62,0.61,0.13,0.12,0.55,1.66,0.75,0.905
"1262",1262,"Abou Diaby",2010,"France",-0.4,-0.54,0.2,-0.19,0.83,-0.3,3.88,0.86,1.08,2.1,-0.25,-0.48,0.43,4.15,1.89,-0.18,0.56,1.16
"1263",1263,"Alou Diarra",2010,"France",-0.4,-0.63,-0.52,-0.75,-0.7,-0.84,-0.65,-0.93,-0.86,-0.05,-0.58,-0.48,-0.77,-1.09,-0.59,-0.81,-1.77,-0.735
"1264",1264,"André-Pierre Gignac",2010,"France",-0.4,0.06,-0.52,1.49,-1.12,-0.98,-0.65,-0.7,-0.45,-0.5,-0.74,-0.48,-0.77,1.33,-0.59,-0.64,-1.68,-0.7125
"1265",1265,"Bacary Sagna",2010,"France",-0.4,-0.63,1.63,0.19,1.58,2.7,0.48,1.08,-0.34,3.42,2.37,-0.48,2.82,0.12,0.23,2.15,3.78,1.4725
"1266",1266,"Djibril Cissé",2010,"France",-0.4,-0.17,-0.52,-0.19,-1.26,-1.11,-0.65,-0.7,-0.61,-0.82,-0.74,-0.48,-0.17,-1.09,-1.01,-0.81,-1.81,-0.745
"1267",1267,"Eric Abidal",2010,"France",-0.4,-0.63,-0.52,-0.75,0.45,0.73,-0.65,0.41,1.88,0,1.06,-0.48,-0.17,0.12,0.65,-0.81,1.14,-0.00750000000000003
"1268",1268,"Florent Malouda",2010,"France",1.91,0.62,0.2,0.56,0.15,-0.23,2.75,-0.26,-0.45,-0.82,-0.41,0.28,1.03,-0.28,1.06,1.01,-0.49,0.615
"1269",1269,"Franck Ribéry",2010,"France",-0.4,0.25,2.34,1.31,0.55,0.32,4.44,2.64,2.17,1.06,-0.74,-0.48,-0.77,-0.28,3.13,3.8,2.96,2.435
"1270",1270,"Gaël Clichy",2010,"France",-0.4,-0.63,-0.52,-0.75,-0.34,-0.09,0.48,-0.26,-0.61,-0.63,0.57,0.28,-0.17,-1.09,-0.59,-0.81,-0.35,-0.0975
"1271",1271,"Hugo Lloris",2010,"France",-0.4,-0.63,-0.52,-0.75,-0.06,2.23,-0.65,-0.93,-0.86,-0.82,-0.41,-0.48,-0.77,-1.09,-0.59,-0.47,1.3,0.0324999999999999
"1272",1272,"Jérémy Toulalan",2010,"France",-0.4,-0.45,0.2,-0.38,0.36,0.18,-0.08,-0.7,1.99,3.77,0.4,-0.48,1.03,0.93,-0.18,-0.56,-0.52,-0.1
"1273",1273,"Nicolas Anelka",2010,"France",-0.4,0.99,-0.52,1.49,-0.77,-0.91,-0.08,-0.48,-0.34,-0.41,-0.74,-0.48,-0.17,-0.28,-1.01,-0.34,-1.39,-0.4975
"1274",1274,"Patrice Evra",2010,"France",-0.4,-0.63,-0.52,-0.56,0.73,1.48,1.62,3.09,0.57,2.21,-0.09,-0.48,-0.77,0.52,0.65,0.08,4.57,1.4175
"1275",1275,"Sidney Govou",2010,"France",-0.4,0.57,0.2,0.37,-0.77,-0.91,-0.08,-0.48,-0.45,-0.09,-0.25,0.79,0.43,0.52,0.23,-0.68,-1.39,-0.3175
"1276",1276,"Sébastien Squillaci",2010,"France",-0.4,-0.63,-0.52,-0.75,-0.67,-0.7,-0.65,-0.93,-0.86,-0.44,0.73,-0.48,-0.77,-0.69,-1.01,-0.81,-1.63,-0.7
"1277",1277,"Thierry Henry",2010,"France",-0.4,0.29,-0.52,0.37,-1.02,-0.7,-0.65,-0.7,-0.61,-0.82,-0.74,-0.48,-0.17,-0.69,-0.18,-0.22,-1.4,-0.6425
"1278",1278,"William Gallas",2010,"France",-0.4,-0.63,-0.52,-0.75,0.64,0.32,-0.65,-0.48,-0.37,1.6,2.04,1.13,1.03,0.52,0.23,-0.81,-0.16,-0.3325
"1279",1279,"Yoann Gourcuff",2010,"France",-0.4,0.02,0.2,-0.75,-0.58,-0.84,-0.65,-0.48,-0.86,-0.82,-0.58,-0.48,-0.17,-0.28,-0.59,0.04,-1.32,-0.4425
"1280",1280,"Arne Friedrich",2010,"Germany",0.59,-0.18,-0.52,0.05,1.08,0.64,-0.4,0.13,1.64,0.99,2.2,0.89,3.33,-0.05,-0.48,-0.81,0.77,-0.0375
"1281",1281,"Bastian Schweinsteiger",2010,"Germany",-0.4,0.18,0.4,-0.27,3.13,1.02,2.75,0.99,1.07,2.22,-0.11,3.09,0.26,1.33,1.66,1.58,2.01,1.29
"1282",1282,"Cacau",2010,"Germany",0.59,0.16,0.09,0.61,-0.77,-0.94,-0.16,-0.45,-0.42,-0.64,-0.53,-0.48,-0.77,-0.4,-0.3,-0.54,-1.39,-0.365
"1283",1283,"Dennis Aogo",2010,"Germany",-0.4,-0.63,-0.52,-0.75,-0.78,-0.27,-0.65,-0.83,-0.26,0.3,-0.53,0.16,-0.77,-0.75,-0.65,-0.81,-1.1,-0.5675
"1284",1284,"Hans-Jörg Butt",2010,"Germany",-0.4,-0.63,-0.52,-0.75,-1.25,-0.76,-0.65,-0.93,-0.86,-0.82,-0.74,-0.48,-0.77,-1.09,-1.01,-0.81,-1.69,-0.715
"1285",1285,"Holger Badstuber",2010,"Germany",-0.4,-0.63,-0.52,-0.75,-0.6,-0.5,-0.65,-0.73,0.43,-0.66,-0.74,-0.48,-0.51,-0.75,-1.01,-0.61,-1.23,-0.6
"1286",1286,"Jérôme Boateng",2010,"Germany",-0.4,-0.55,0.09,-0.75,-0.08,0.26,-0.4,-0.07,0.9,0.31,0.73,-0.09,-0.25,-0.57,-0.65,0.02,0.19,-0.03
"1287",1287,"Lukas Podolski",2010,"Germany",1.58,2.4,0.09,1.17,0.32,-0.12,-0.4,0.99,0.51,1.88,-0.53,-0.48,0,-0.75,0.95,1.06,0.87,0.14
"1288",1288,"Manuel Neuer",2010,"Germany",-0.4,-0.63,-0.52,-0.75,0.04,1.4,-0.65,-0.93,-0.86,-0.82,-0.67,-0.48,-0.77,-1.09,-0.65,-0.54,0.47,-0.175
"1289",1289,"Marcell Jansen",2010,"Germany",0.59,-0.36,0.09,-0.51,-0.77,-0.59,-0.16,-0.07,-0.02,-0.37,-0.32,-0.48,-0.51,-0.92,-0.48,-0.37,-0.66,-0.1825
"1290",1290,"Mario Gómez",2010,"Germany",-0.4,-0.2,-0.52,-0.19,-1.27,-1.11,-0.4,-0.73,-0.86,-0.82,-0.74,-0.09,-0.77,-0.92,-0.83,-0.65,-1.84,-0.69
"1291",1291,"Marko Marin",2010,"Germany",-0.4,-0.39,-0.21,-0.51,-1.35,-1,-0.65,-0.54,-0.86,-0.82,-0.74,-0.48,-0.77,-0.75,-1.01,-0.57,-1.54,-0.6
"1292",1292,"Mesut Özil",2010,"Germany",0.59,0.42,1.94,1.82,1.33,0.32,0.32,1.37,-0.49,-0.15,-0.67,-0.09,-0.51,-0.57,0.41,2.92,1.69,0.9875
"1293",1293,"Miroslav Klose",2010,"Germany",3.55,2.76,-0.52,2.06,-0.74,-0.85,0.32,-0.54,-0.55,-0.61,-0.67,-0.48,0.77,0.81,-0.12,0.28,-1.39,-0.3975
"1294",1294,"Per Mertesacker",2010,"Germany",-0.4,-0.63,-0.52,-0.51,1.5,1.46,-0.65,0.89,0.02,0.64,1.78,3.11,2.56,-0.57,-0.3,-0.68,2.35,0.295
"1295",1295,"Philipp Lahm",2010,"Germany",-0.4,-0.63,0.4,-0.43,2.15,1.98,1.29,2.52,1.24,0.72,0.24,2.37,-0.77,-0.23,-0.3,0.77,4.5,1.5475
"1296",1296,"Piotr Trochowski",2010,"Germany",-0.4,-0.53,-0.52,-0.75,-0.88,-0.91,-0.16,-0.16,-0.5,-0.55,-0.67,-0.48,-0.51,-0.75,-1.01,-0.68,-1.07,-0.4375
"1297",1297,"Sami Khedira",2010,"Germany",0.59,0.95,-0.52,1.33,1.54,-0.27,0.08,-0.45,0.61,0.54,0.24,0.05,1.54,0.29,-0.3,0.37,-0.72,-0.29
"1298",1298,"Thomas Müller",2010,"Germany",4.54,1.87,0.4,1.74,0.39,0.03,1.05,2.04,0.3,-0.07,-0.46,0.23,0.26,-0.23,0.41,2.49,2.07,0.88
"1299",1299,"Toni Kroos",2010,"Germany",-0.4,-0.41,-0.52,-0.59,-1.11,-1,-0.65,-0.73,-0.45,-0.55,-0.67,-0.48,-0.77,-0.92,-0.65,-0.81,-1.73,-0.725
"1300",1300,"André Ayew",2010,"Ghana",-0.4,-0.02,1.75,1.23,0.45,0.22,1.75,2.5,1.16,-0.25,-0.57,-0.48,-0.13,1.04,-0.35,2.23,2.72,1.555
"1301",1301,"Anthony Annan",2010,"Ghana",-0.4,-0.17,-0.52,-0.55,1.96,0.62,-0.35,0.14,0.83,1.18,0.04,-0.48,0.81,0.19,0.75,-0.43,0.76,-0.0275
"1302",1302,"Asamoah Gyan",2010,"Ghana",3.26,8.53,-0.52,3.8,0.04,-0.64,0.85,-0.1,-0.62,-0.25,-0.57,-0.48,2.4,0.19,0.31,1.72,-0.74,-0.1025
"1303",1303,"Dominic Adiyiah",2010,"Ghana",-0.4,-0.27,-0.14,-0.55,-1.29,-1.08,-0.65,-0.57,-0.86,-0.82,-0.74,-0.48,-0.77,-1.09,-0.79,-0.63,-1.65,-0.61
"1304",1304,"Hans Sarpei",2010,"Ghana",-0.4,-0.63,-0.14,-0.75,0.77,1.52,-0.65,-0.22,1.08,0.53,0.13,0.12,-0.45,-0.45,0.75,-0.41,1.3,0.1275
"1305",1305,"Isaac Vorsah",2010,"Ghana",-0.4,-0.49,-0.52,-0.25,-0.85,-0.39,-0.65,-0.81,-0.67,-0.15,0.21,0.1,-0.13,-0.24,-0.35,-0.74,-1.2,-0.5925
"1306",1306,"John Mensah",2010,"Ghana",-0.4,-0.31,-0.52,-0.45,-0.32,-0.14,-0.65,-0.93,1.11,0.63,2.03,1.01,0.18,0.4,-0.35,-0.47,-1.07,-0.56
"1307",1307,"John Pantsil",2010,"Ghana",-0.4,-0.53,1,-0.16,1.58,3.36,-0.35,1.08,0.54,0.38,0.65,2.96,-0.77,-0.24,-0.57,1.05,4.44,1.2725
"1308",1308,"Jonathan Mensah",2010,"Ghana",-0.4,0.03,-0.52,-0.35,-0.28,0.04,-0.65,-0.81,0.07,0.46,1.77,2.02,1.45,-0.02,-0.79,-0.81,-0.77,-0.485
"1309",1309,"Kevin-Prince Boateng",2010,"Ghana",0.82,1.2,-0.14,0.83,0.85,0.11,1.15,1.32,2.5,0.72,-0.31,0.44,-0.77,1.47,0.53,0.62,1.43,0.61
"1310",1310,"Kwadwo Asamoah",2010,"Ghana",-0.4,0.37,1,0.04,0.86,0.22,2.95,0.96,1.03,0.9,-0.39,-0.48,0.5,0.4,1.19,1.74,1.18,1.2825
"1311",1311,"Lee Addy",2010,"Ghana",-0.4,-0.63,-0.52,-0.75,-0.84,-0.79,-0.65,-0.93,-0.46,-0.31,0.47,-0.48,-0.77,-0.66,-1.01,-0.63,-1.72,-0.7225
"1312",1312,"Prince Tagoe",2010,"Ghana",-0.4,-0.14,-0.14,0.93,-0.89,-0.79,-0.35,0.37,-0.76,-0.82,-0.31,-0.48,-0.45,1.04,-0.57,0.09,-0.42,-0.2275
"1313",1313,"Quincy Owusu-Abeyie",2010,"Ghana",-0.4,-0.46,-0.52,-0.75,-1.18,-0.97,-0.35,-0.45,-0.86,-0.63,-0.65,-0.48,-0.77,-0.88,-1.01,-0.36,-1.42,-0.5725
"1314",1314,"Richard Kingson",2010,"Ghana",-0.4,-0.63,-0.52,-0.75,-0.13,1.63,-0.65,-0.57,-0.66,-0.66,-0.48,-0.48,-0.77,-1.09,-0.57,-0.63,1.06,-0.0275
"1315",1315,"Samuel Inkoom",2010,"Ghana",-0.4,-0.61,0.62,-0.55,-0.72,-0.72,-0.35,0.26,-0.02,0.01,-0.48,-0.48,-0.77,0.4,-0.79,0.04,-0.46,-0.0475
"1316",1316,"Stephen Appiah",2010,"Ghana",-0.4,0,-0.14,-0.25,-0.84,-0.86,-0.65,-0.69,-0.66,-0.66,-0.74,-0.48,-0.77,-0.88,-0.79,-0.65,-1.55,-0.585
"1317",1317,"Sulley Muntari",2010,"Ghana",0.82,-0.12,0.62,-0.25,-0.74,-0.5,-0.65,-0.69,-0.56,-0.38,-0.65,-0.48,-0.77,0.19,-1.01,0.35,-1.19,-0.305
"1318",1318,"Alexandros Tziolis",2010,"Greece",-0.4,-0.26,-0.52,-0.75,1.72,0.25,-0.08,1.3,0.55,-0.09,0.08,2.31,0.43,-0.28,-0.18,0.63,1.55,0.2375
"1319",1319,"Alexandros Tzorvas",2010,"Greece",-0.4,-0.63,-0.52,-0.75,-0.37,1,-0.65,-0.93,-0.86,-0.82,-0.25,-0.48,-0.77,-1.09,-1.01,-0.81,0.07,-0.275
"1320",1320,"Angelos Charisteas",2010,"Greece",-0.4,-0.63,-0.52,-0.19,-1.16,-1.04,-0.65,-0.93,-0.86,-0.82,-0.74,-0.48,-0.17,0.12,-0.59,-0.3,-1.97,-0.785
"1321",1321,"Avraam Papadopoulos",2010,"Greece",-0.4,-0.54,-0.52,-0.56,-0.09,-0.02,-0.65,-0.03,0.33,-0.47,2.53,3.19,2.22,-0.28,0.23,-0.77,-0.05,-0.305
"1322",1322,"Christos Patsatzoglou",2010,"Greece",-0.4,-0.63,-0.52,-0.75,-0.88,-0.84,-0.08,-0.26,-0.86,-0.79,-0.74,0.7,-0.77,-1.09,-0.59,-0.56,-1.1,-0.425
"1323",1323,"Dimitris Salpingidis",2010,"Greece",1.91,0.52,0.2,0.75,-0.77,-0.77,-0.08,-0.7,0.26,-0.03,-0.58,-0.48,-0.77,-0.28,-0.18,1.26,-1.47,-0.3375
"1324",1324,"Georgios Karagounis",2010,"Greece",-0.4,-0.12,3.78,-0.19,0.99,0.05,-0.08,2.64,2.39,-0.82,-0.25,-0.48,-0.77,0.12,2.72,3.42,2.69,1.5975
"1325",1325,"Georgios Samaras",2010,"Greece",-0.4,1.96,-0.52,1.49,-0.77,-0.98,2.18,1.75,-0.48,-0.5,0.24,-0.48,3.42,1.33,-0.18,-0.3,0.77,0.6075
"1326",1326,"Giourkas Seitaridis",2010,"Greece",-0.4,-0.63,-0.52,-0.56,-0.53,-0.16,0.48,0.86,0.64,-0.22,-0.41,-0.48,-0.77,-0.69,-0.59,-0.81,0.7,0.165
"1327",1327,"Kostas Katsouranis",2010,"Greece",-0.4,0.15,0.2,0.37,0.64,-0.09,-0.65,0.41,-0.09,-0.11,0.24,-0.48,-0.17,-0.69,-0.18,1.64,0.32,-0.0325
"1328",1328,"Loukas Vyntra",2010,"Greece",-0.4,-0.63,0.91,-0.75,0.8,2.02,-0.65,-0.26,-0.44,-0.11,0.4,4.66,-0.17,0.12,-0.18,0.88,1.76,0.505
"1329",1329,"Nikos Spyropoulos",2010,"Greece",-0.4,-0.59,-0.52,-0.75,-1.28,-0.84,-0.65,-0.48,-0.83,-0.81,-0.41,-0.48,-0.77,-1.09,-1.01,-0.34,-1.32,-0.6225
"1330",1330,"Pantelis Kapetanos",2010,"Greece",-0.4,-0.08,-0.52,-0.38,-1.28,-1.11,-0.65,-0.93,-0.86,-0.82,-0.74,-0.48,-0.77,-0.69,-1.01,-0.09,-2.04,-0.8025
"1331",1331,"Sokratis Papastathopoulos",2010,"Greece",-0.4,-0.63,-0.52,-0.75,-1.09,-0.98,-0.65,-0.48,0.26,-0.79,-0.25,-0.48,-0.17,0.52,0.23,-0.43,-1.46,-0.6575
"1332",1332,"Sotirios Kyrgiakos",2010,"Greece",-0.4,0.29,-0.52,1.31,-0.63,-0.64,-0.65,-0.26,-0.86,-0.41,1.22,-0.48,1.62,0.52,-0.18,-0.81,-0.9,-0.5175
"1333",1333,"Sotiris Ninis",2010,"Greece",-0.4,-0.59,-0.52,-0.75,-0.93,-0.84,-0.65,-0.7,-0.81,-0.81,-0.74,-0.48,-0.77,0.12,-0.18,-0.39,-1.54,-0.6775
"1334",1334,"Theofanis Gekas",2010,"Greece",-0.4,1.91,0.2,1.87,-0.93,-1.04,-0.65,-0.93,-0.86,-0.43,-0.58,-0.48,-0.17,-1.09,-1.01,-0.56,-1.97,-0.605
"1335",1335,"Vangelis Moras",2010,"Greece",-0.4,-0.63,-0.52,-0.75,-1.33,-1.04,-0.08,-0.7,-0.81,-0.82,0.24,-0.27,-0.77,-1.09,-1.01,-0.81,-1.74,-0.585
"1336",1336,"Vasilis Torosidis",2010,"Greece",1.91,0.8,0.2,0.37,0.34,0.25,-0.08,1.3,0.26,-0.82,1.22,-0.48,1.03,0.52,-0.18,-0.81,1.55,0.4175
"1337",1337,"Amado Guevara",2010,"Honduras",-0.4,-0.31,0.2,-0.56,-0.2,0.11,0.48,-0.48,-0.5,-0.36,-0.09,0.31,0.43,1.33,-0.59,-0.18,-0.37,0.0775
"1338",1338,"Carlos Pavón",2010,"Honduras",-0.4,-0.49,-0.52,-0.75,-1.3,-1.11,-0.65,-0.93,-0.86,-0.73,-0.58,-0.48,-0.17,-1.09,-0.18,-0.81,-2.04,-0.8025
"1339",1339,"Danilo Turcios",2010,"Honduras",-0.4,-0.63,0.2,-0.75,-0.84,-0.7,-0.65,-0.48,-0.86,-0.71,-0.25,-0.48,-0.77,-1.09,-1.01,-0.47,-1.18,-0.4075
"1340",1340,"David Suazo",2010,"Honduras",-0.4,-0.08,0.2,-0.19,-0.7,-0.91,-0.08,-0.03,-0.86,-0.82,-0.74,-0.48,-0.17,1.33,0.23,0.21,-0.94,-0.205
"1341",1341,"Edgar Álvarez",2010,"Honduras",-0.4,0.11,0.91,0,-0.48,-0.36,2.18,1.53,-0.74,-0.72,-0.74,-0.48,-0.77,-0.69,0.23,0.63,1.17,1.065
"1342",1342,"Emilio Izaguirre",2010,"Honduras",-0.4,-0.63,-0.52,-0.75,-0.2,0.25,-0.08,-0.26,-0.1,-0.12,1.71,-0.04,-0.17,0.52,-0.18,-0.81,-0.01,-0.1525
"1343",1343,"Georgie Welcome",2010,"Honduras",-0.4,0.2,-0.52,0.37,-1.07,-1.04,-0.65,-0.26,-0.86,-0.82,-0.41,-0.48,-0.77,0.12,0.23,-0.3,-1.3,-0.6175
"1344",1344,"Hendry Thomas",2010,"Honduras",-0.4,-0.63,-0.52,-0.75,-0.72,-0.77,-0.08,-0.7,-0.49,-0.41,-0.09,1.49,-0.77,0.52,0.23,-0.81,-1.47,-0.5175
"1345",1345,"Jerry Palacios",2010,"Honduras",-0.4,-0.26,-0.52,0,-1.12,-0.84,-0.08,-0.7,-0.86,-0.82,-0.74,-0.48,-0.77,-1.09,0.23,-0.81,-1.54,-0.535
"1346",1346,"Mauricio Sabillón",2010,"Honduras",-0.4,-0.63,-0.52,-0.75,-0.58,-0.23,-0.65,-0.7,-0.21,-0.51,-0.58,-0.48,-0.77,0.12,-0.59,-0.81,-0.93,-0.525
"1347",1347,"Maynor Figueroa",2010,"Honduras",-0.4,-0.54,0.2,-0.75,0.27,1.2,-0.65,0.41,-0.36,-0.42,3.68,0.31,2.22,0.12,1.48,-0.47,1.61,0.29
"1348",1348,"Noel Valladares",2010,"Honduras",-0.4,-0.63,-0.52,-0.75,-0.09,1.82,-0.65,-0.7,-0.86,-0.73,-0.41,-0.48,-0.77,-1.09,-1.01,-0.81,1.12,-0.0125
"1349",1349,"Osman Chávez",2010,"Honduras",-0.4,-0.63,-0.52,-0.75,-0.41,-0.3,-0.65,-0.7,-0.61,0.11,1.71,1.21,-0.17,0.12,-0.59,-0.81,-1,-0.5425
"1350",1350,"Ramón Núñez",2010,"Honduras",-0.4,0.25,-0.52,-0.56,-0.46,-0.7,-0.08,1.3,-0.73,-0.62,-0.74,-0.48,-0.77,-0.69,0.65,-0.81,0.6,1.73472347597681e-17
"1351",1351,"Roger Espinoza",2010,"Honduras",-0.4,-0.54,-0.52,-0.38,-0.72,-0.84,-0.08,-0.48,-0.42,-0.82,-0.41,-0.48,0.43,0.52,-0.59,-0.68,-1.32,-0.48
"1352",1352,"Sergio Mendoza",2010,"Honduras",-0.4,-0.63,0.2,-0.75,0.03,1.48,0.48,-0.26,-0.47,-0.14,0.08,0.31,-0.77,-0.69,-0.59,-0.51,1.22,0.475
"1353",1353,"Víctor Bernárdez",2010,"Honduras",-0.4,-0.4,-0.52,-0.75,-0.79,-0.7,-0.65,-0.7,-0.34,-0.62,1.22,0.33,1.62,-0.69,-1.01,-0.81,-1.4,-0.6425
"1354",1354,"Walter Martínez",2010,"Honduras",-0.4,-0.63,-0.52,-0.75,-0.63,-0.3,-0.65,-0.03,-0.72,-0.61,-0.74,-0.48,-0.77,0.12,-0.18,-0.77,-0.33,-0.375
"1355",1355,"Wilson Palacios",2010,"Honduras",-0.4,-0.63,-0.52,-0.75,0.31,-0.3,1.62,0.19,0.27,-0.11,0.9,0.31,1.03,2.54,0.23,-0.39,-0.11,0.2475
"1356",1356,"Alberto Gilardino",2010,"Italy",-0.4,-0.03,-0.52,0.19,-0.79,-0.84,-0.65,-0.93,-0.86,-0.4,-0.41,-0.48,1.62,0.12,0.65,-0.3,-1.77,-0.735
"1357",1357,"Andrea Pirlo",2010,"Italy",-0.4,-0.63,-0.52,-0.56,-0.86,-0.77,-0.08,0.41,-0.86,-0.82,-0.74,-0.48,-0.77,-1.09,-0.59,-0.81,-0.36,-0.24
"1358",1358,"Antonio Di Natale",2010,"Italy",1.91,0.89,3.06,0.93,-0.44,-0.36,-0.65,-0.7,0.21,-0.82,-0.74,-0.48,-0.77,-0.28,0.23,1.68,-1.06,0.3375
"1359",1359,"Christian Maggio",2010,"Italy",-0.4,-0.63,-0.52,-0.75,-0.88,-0.43,-0.65,-0.93,-0.44,-0.82,-0.58,-0.48,-0.77,-0.69,-0.18,-0.51,-1.36,-0.6325
"1360",1360,"Claudio Marchisio",2010,"Italy",-0.4,-0.54,0.2,-0.38,-0.27,-0.36,-0.65,-0.7,-0.86,-0.4,-0.74,-0.48,-0.17,-0.28,-1.01,-0.01,-1.06,-0.3775
"1361",1361,"Daniele De Rossi",2010,"Italy",1.91,0.57,0.2,-0.38,2.44,2.16,1.05,0.64,2.69,3.2,0.08,-0.48,-0.77,-0.28,0.23,0.21,2.8,1.0125
"1362",1362,"Domenico Criscito",2010,"Italy",-0.4,-0.54,0.2,-0.38,1.41,2.29,1.62,0.86,1.26,1.19,-0.09,-0.48,1.03,-0.28,0.65,-0.13,3.15,1.2425
"1363",1363,"Fabio Cannavaro",2010,"Italy",-0.4,-0.63,-0.52,-0.19,1.27,0.73,-0.08,-0.7,3.89,1.61,0.24,0.82,2.22,0.52,1.48,-0.43,0.03,-0.1425
"1364",1364,"Fabio Quagliarella",2010,"Italy",1.91,0.39,-0.52,-0.19,-1,-0.91,-0.08,-0.03,-0.04,-0.49,-0.74,-0.48,-0.17,-1.09,-0.18,0.12,-0.94,-0.385
"1365",1365,"Federico Marchetti",2010,"Italy",-0.4,-0.63,-0.52,-0.75,-0.34,0.93,-0.65,-0.93,-0.86,-0.82,-0.58,-0.48,-0.77,-1.09,-1.01,-0.81,0,-0.2925
"1366",1366,"Gennaro Gattuso",2010,"Italy",-0.4,-0.63,-0.52,-0.75,-1.16,-1.04,-0.65,-0.93,0.37,-0.16,-0.74,-0.48,-0.17,-0.28,-0.18,-0.81,-1.97,-0.785
"1367",1367,"Giampaolo Pazzini",2010,"Italy",-0.4,-0.63,-0.52,-0.38,-1.35,-1.11,-0.65,-0.93,-0.86,-0.82,-0.74,-0.48,-0.17,-1.09,-1.01,-0.81,-2.04,-0.8025
"1368",1368,"Gianluca Zambrotta",2010,"Italy",-0.4,-0.08,0.2,0,1.88,2.09,1.05,-0.26,2.05,0.57,0.57,-0.48,1.03,0.12,1.06,0.12,1.83,0.77
"1369",1369,"Gianluigi Buffon",2010,"Italy",-0.4,-0.63,-0.52,-0.75,-1.14,-0.77,-0.65,-0.93,-0.86,-0.82,-0.74,-0.48,-0.77,-1.09,-1.01,-0.81,-1.7,-0.7175
"1370",1370,"Giorgio Chiellini",2010,"Italy",-0.4,0.39,-0.52,0.37,1.39,1.75,-0.08,0.41,1.69,2.99,1.55,0.82,5.81,2.14,2.31,-0.64,2.16,0.39
"1371",1371,"Mauro Camoranesi",2010,"Italy",-0.4,-0.31,0.91,0,-0.67,-0.43,0.48,-0.26,-0.2,-0.82,-0.74,-0.48,-0.77,0.12,-0.18,0.12,-0.69,0.175
"1372",1372,"Riccardo Montolivo",2010,"Italy",-0.4,0.8,0.2,0.19,1.41,1.07,-0.08,0.64,3.75,0.97,-0.58,-0.48,0.43,0.52,1.89,-0.05,1.71,0.4575
"1373",1373,"Simone Pepe",2010,"Italy",-0.4,0.29,3.06,0.93,0.59,0.18,-0.08,0.19,1.66,1.52,-0.74,-0.48,-0.17,0.12,0.65,1.77,0.37,0.8375
"1374",1374,"Vincenzo Iaquinta",2010,"Italy",1.91,4.5,0.2,3.18,-0.7,-0.84,0.48,-0.03,0.33,-0.82,0.08,0.82,1.62,0.93,0.23,0.8,-0.87,-0.0475
"1375",1375,"Abdul Kader Keita",2010,"Ivory Coast",-0.4,-0.08,0.91,1.31,-0.34,-0.43,-0.65,1.08,-0.47,-0.67,-0.74,-0.48,-0.77,0.52,-0.59,-0.01,0.65,0.2275
"1376",1376,"Arthur Boka",2010,"Ivory Coast",-0.4,-0.54,3.78,-0.75,-0.13,0.66,-0.08,0.64,-0.23,0.18,-0.74,-0.48,-0.77,-0.69,0.65,2.78,1.3,1.25
"1377",1377,"Aruna Dindane",2010,"Ivory Coast",-0.4,-0.12,1.63,0.75,0.08,-0.7,-0.65,2.2,-0.41,0.1,-0.58,-0.48,-0.77,0.93,2.31,0.12,1.5,0.62
"1378",1378,"Boubacar Barry",2010,"Ivory Coast",-0.4,-0.63,-0.52,-0.75,-0.09,2.16,-0.65,-0.93,-0.86,-0.82,-0.74,-0.48,-0.77,-1.09,-1.01,-0.81,1.23,0.015
"1379",1379,"Cheick Tioté",2010,"Ivory Coast",-0.4,-0.03,0.2,0,1.67,0.11,-0.08,-0.48,2.28,2.38,-0.25,0.34,1.62,3.35,1.06,-0.22,-0.37,-0.0625
"1380",1380,"Didier Drogba",2010,"Ivory Coast",1.91,2.28,0.2,4.11,-0.86,-0.77,-0.08,-0.48,-0.04,-0.82,-0.58,-0.48,1.03,0.93,-0.18,0.88,-1.25,-0.2825
"1381",1381,"Didier Zokora",2010,"Ivory Coast",-0.4,-0.63,-0.52,-0.75,0.5,0.59,-0.65,-0.03,0.48,0.75,1.71,-0.48,0.43,1.33,0.65,-0.3,0.56,-0.1525
"1382",1382,"Emmanuel Eboué",2010,"Ivory Coast",-0.4,-0.31,2.34,0.56,1.55,1.07,4.44,3.76,-0.47,1.82,-0.58,-0.48,-0.17,-0.28,1.89,3.42,4.83,2.9025
"1383",1383,"Gervinho",2010,"Ivory Coast",-0.4,0.85,-0.52,2.8,-0.2,-0.64,0.48,2.2,-0.66,-0.82,-0.74,-0.48,-0.77,-0.69,-0.59,-0.09,1.56,0.38
"1384",1384,"Guy Demel",2010,"Ivory Coast",-0.4,-0.63,0.2,-0.75,0.08,0.86,0.48,-0.48,0.05,-0.04,0.9,-0.48,-0.77,-0.28,-0.18,-0.05,0.38,0.265
"1385",1385,"Kolo Touré",2010,"Ivory Coast",-0.4,0.11,0.91,0.37,0.64,0.45,-0.65,1.3,-0.41,2.47,1.22,2.09,-0.77,-0.28,-0.59,-0.26,1.75,0.5025
"1386",1386,"Romaric",2010,"Ivory Coast",1.91,0.2,1.63,0.37,0.27,-0.16,-0.08,0.86,1.2,1.7,-0.58,-0.48,0.43,0.12,-0.59,1.85,0.7,0.5625
"1387",1387,"Salomon Kalou",2010,"Ivory Coast",1.91,1.22,-0.52,1.49,-0.51,-0.57,-0.65,2.42,-0.41,-0.3,-0.74,-0.48,-0.17,0.12,-0.59,-0.6,1.85,0.17
"1388",1388,"Siaka Tiéné",2010,"Ivory Coast",-0.4,-0.45,0.2,-0.75,0.62,1.54,-0.65,-0.48,0.24,1,0.4,-0.48,-0.77,1.33,-0.18,-0.47,1.06,0.1525
"1389",1389,"Yaya Touré",2010,"Ivory Coast",1.91,0.06,-0.52,0.56,2.89,1.2,1.05,1.08,0.24,-0.09,-0.74,-0.48,-0.77,0.52,0.23,0.8,2.28,0.7025
"1390",1390,"Daisuke Matsui",2010,"Japan",-0.4,0.2,0.97,-0.1,-0.12,-0.5,0.53,0.62,-0.45,-0.53,-0.51,-0.48,-0.77,1.7,0.71,0.24,0.12,0.405
"1391",1391,"Eiji Kawashima",2010,"Japan",-0.4,-0.63,-0.52,-0.75,-0.72,0.63,-0.65,-0.93,-0.86,-0.82,-0.4,-0.48,-0.77,-1.09,-1.01,-0.72,-0.3,-0.3675
"1392",1392,"Keiji Tamada",2010,"Japan",-0.4,-0.63,-0.52,-0.49,-1.29,-0.97,-0.65,-0.77,-0.86,-0.74,-0.74,-0.48,-0.77,-1.09,-0.72,-0.81,-1.74,-0.7275
"1393",1393,"Keisuke Honda",2010,"Japan",2.79,0.71,-0.52,0.93,0.48,-0.69,0.92,0.93,-0.68,-0.58,-0.74,-0.48,-0.35,4.22,5.3,0.19,0.24,0.16
"1394",1394,"Kengo Nakamura",2010,"Japan",-0.4,-0.6,-0.52,-0.75,-1.32,-1.11,-0.25,-0.93,-0.75,-0.74,-0.74,-0.48,-0.77,-0.81,-1.01,-0.81,-2.04,-0.7025
"1395",1395,"Makoto Hasebe",2010,"Japan",-0.4,-0.47,-0.02,-0.36,0.22,-0.12,-0.65,-0.46,-0.38,-0.43,0.85,-0.48,0.06,0.31,1.29,-0.6,-0.58,-0.3125
"1396",1396,"Marcus Tulio Tanaka",2010,"Japan",-0.4,0.14,-0.52,0.67,-0.18,0.63,-0.25,-0.31,-0.6,-0.35,3.11,0.79,4.61,0.03,0.43,-0.4,0.32,-0.1125
"1397",1397,"Shinji Okazaki",2010,"Japan",1.2,0.52,-0.02,1.06,-1.22,-1.02,-0.65,-0.77,-0.7,-0.7,-0.74,-0.48,-0.77,0.03,0.43,-0.43,-1.79,-0.615
"1398",1398,"Yasuhito Endo",2010,"Japan",1.2,-0.47,2.95,-0.49,0.61,0.35,-0.25,-0.77,-0.12,-0.82,-0.51,-0.02,-0.77,0.31,-0.72,1.88,-0.42,0.57
"1399",1399,"Yoshito Okubo",2010,"Japan",-0.4,0.2,-0.02,0.16,-0.51,-0.31,1.7,0.46,-0.52,-0.23,-0.51,-0.48,-0.35,1.14,2.72,0.27,0.15,0.4575
"1400",1400,"Yuichi Komano",2010,"Japan",-0.4,-0.47,-0.52,-0.49,0.71,2.52,-0.65,0.62,0.7,-0.42,0.39,-0.13,0.47,0.03,0.14,-0.63,3.14,0.4925
"1401",1401,"Yuji Nakazawa",2010,"Japan",-0.4,-0.5,-0.52,0.16,-0.1,0.21,-0.65,-0.93,-0.78,-0.64,3,1.82,2.96,-1.09,4.15,-0.72,-0.72,-0.4725
"1402",1402,"Yuki Abe",2010,"Japan",-0.4,-0.63,-0.52,-0.49,-0.17,-0.59,-0.65,-0.62,-0.16,0.31,0.28,-0.26,0.06,-0.25,-0.15,-0.78,-1.21,-0.595
"1403",1403,"Yuto Nagatomo",2010,"Japan",-0.4,-0.22,-0.02,-0.36,-0.13,0.21,-0.65,-0.46,-0.34,-0.24,1.07,-0.48,-0.35,0.86,-0.15,-0.63,-0.25,-0.23
"1404",1404,"Adolfo Bautista",2010,"Mexico",-0.4,-0.63,-0.52,-0.75,-1.26,-1.06,-0.65,-0.93,-0.31,-0.82,-0.74,-0.48,-0.77,-0.79,-0.39,-0.81,-1.99,-0.79
"1405",1405,"Andrés Guardado",2010,"Mexico",-0.4,-0.08,0.55,-0.05,0.06,-0.4,1.47,0.58,-0.58,-0.38,-0.37,-0.48,0.13,-0.79,-0.7,0.21,0.18,0.55
"1406",1406,"Carlos Salcido",2010,"Mexico",-0.4,0.23,0.55,-0.33,1.64,2.21,1.05,2.92,4.18,0.17,2.2,0.38,-0.32,1.63,0.55,0.17,5.13,1.6825
"1407",1407,"Carlos Vela",2010,"Mexico",-0.4,-0.49,-0.52,-0.19,-1.03,-0.86,-0.65,-0.76,-0.86,-0.82,-0.74,-0.48,-0.77,-1.09,-0.39,-0.21,-1.62,-0.6975
"1408",1408,"Cuauhtémoc Blanco",2010,"Mexico",1.33,2.21,0.02,-0.75,-0.52,-0.65,-0.65,-0.42,0.34,-0.82,-0.74,-0.48,-0.77,-0.79,-0.08,1.12,-1.07,-0.425
"1409",1409,"Efraín Juárez",2010,"Mexico",-0.4,-0.56,-0.52,-0.47,0.62,0.01,-0.22,1.58,0.84,0.03,-0.13,1.81,-0.32,0.42,0.86,-0.43,1.59,0.2125
"1410",1410,"Gerardo Torrado",2010,"Mexico",-0.4,-0.56,0.02,-0.75,2.43,0.62,-0.65,0.25,5.64,0.93,0,2.64,-0.32,3.75,-0.08,1.06,0.87,0.06
"1411",1411,"Giovani Dos Santos",2010,"Mexico",-0.4,0.58,1.09,1.78,0.27,-0.6,1.05,0.91,0.37,-0.19,-0.74,-0.48,-0.77,1.63,0.55,1.09,0.31,0.6125
"1412",1412,"Guillermo Franco",2010,"Mexico",-0.4,0.76,-0.52,2.34,-0.38,-0.76,-0.22,-0.59,-0.13,-0.63,-0.37,0.27,1.92,1.94,0.55,0.9,-1.35,-0.5225
"1413",1413,"Héctor Moreno",2010,"Mexico",-0.4,-0.63,-0.52,-0.75,-0.22,0.47,-0.65,-0.42,-0.14,-0.44,0.36,-0.48,-0.77,0.42,-0.39,-0.81,0.05,-0.28
"1414",1414,"Israel Castro",2010,"Mexico",-0.4,-0.63,-0.52,-0.75,-1.08,-1.01,-0.65,-0.76,-0.38,-0.44,-0.74,-0.48,-0.77,-0.18,-1.01,-0.81,-1.77,-0.735
"1415",1415,"Javier Hernández",2010,"Mexico",3.06,1.28,-0.52,1.07,-0.91,-1.01,0.63,-0.42,-0.86,0.03,-0.62,-0.48,0.13,0.12,0.23,0.43,-1.43,-0.33
"1416",1416,"Maza",2010,"Mexico",-0.4,0.06,-0.52,0.09,1.94,1.9,-0.22,2.09,0.44,1.51,2.33,-0.48,1.03,0.72,1.17,-0.81,3.99,0.8125
"1417",1417,"Pablo Barrera",2010,"Mexico",-0.4,0.17,0.55,0.79,-0.5,-0.7,1.9,1.42,-0.1,-0.82,-0.13,-0.48,-0.32,-1.09,-0.08,0.4,0.72,0.7925
"1418",1418,"Paul Aguilar",2010,"Mexico",-0.4,-0.63,-0.52,-0.33,-0.87,-0.65,-0.22,-0.42,0.05,-0.82,-0.74,-0.48,-0.77,-0.79,-1.01,-0.59,-1.07,-0.4525
"1419",1419,"Rafael Márquez",2010,"Mexico",1.33,0.27,-0.52,-0.19,1.99,1.65,-0.22,1.58,1.95,0.17,0,1.02,0.13,1.63,1.79,0.27,3.23,0.6225
"1420",1420,"Ricardo Osorio",2010,"Mexico",-0.4,-0.6,0.02,-0.75,1.71,1.19,-0.22,2.09,3.19,0.58,1.35,-0.48,0.13,-0.18,0.55,-0.05,3.28,0.77
"1421",1421,"Óscar Pérez",2010,"Mexico",-0.4,-0.63,-0.52,-0.75,0.22,2.06,-0.65,-0.93,-0.86,-0.82,0,-0.48,-0.77,-1.09,-1.01,-0.81,1.13,-0.01
"1422",1422,"Andre Ooijer",2010,"Netherlands",-0.4,-0.63,-0.52,-0.75,-1.16,-0.89,-0.65,-0.74,-0.86,-0.72,-0.21,-0.06,-0.77,-0.76,-1.01,-0.81,-1.63,-0.7
"1423",1423,"Arjen Robben",2010,"Netherlands",1.49,0.94,0.07,0.7,-0.61,-0.61,1.67,1.36,-0.32,-0.18,-0.74,-0.48,-0.28,-0.1,1.53,0.33,0.75,0.6225
"1424",1424,"Demy De Zeeuw",2010,"Netherlands",-0.4,-0.63,-0.52,-0.75,-1.1,-0.95,-0.65,-0.83,-0.45,-0.82,-0.74,-0.48,-0.77,-0.93,-0.84,-0.81,-1.78,-0.7375
"1425",1425,"Dirk Kuyt",2010,"Netherlands",0.54,0.81,1.24,1.39,0.66,-0.14,0.74,1.26,-0.1,0.72,0.2,-0.48,1.19,0.39,-0.16,1.33,1.12,0.775
"1426",1426,"Eljero Elia",2010,"Netherlands",-0.4,-0.31,-0.52,-0.14,-1.03,-0.95,0.74,-0.38,-0.21,-0.62,-0.61,-0.48,-0.77,-0.43,-0.5,-0.41,-1.33,-0.2775
"1427",1427,"Giovanni van Bronckhorst",2010,"Netherlands",0.54,-0.61,-0.23,-0.52,1.25,1.79,-0.41,-0.47,0.9,1.54,0.4,0.31,0.7,1.22,-0.5,0.38,1.32,0.17
"1428",1428,"Gregory van der Wiel",2010,"Netherlands",-0.4,-0.59,-0.23,-0.75,0.87,0.7,0.28,0.9,-0.36,-0.11,0.13,-0.18,-0.03,0.06,-0.33,-0.67,1.6,0.4125
"1429",1429,"Johnny Heitinga",2010,"Netherlands",-0.4,-0.63,-0.52,-0.29,0.96,1.26,-0.41,0.81,0.26,0.54,2.14,3.56,0.94,0.39,-0.5,-0.67,2.07,0.285
"1430",1430,"Joris Mathijsen",2010,"Netherlands",-0.4,0.03,-0.52,-0.06,0.98,0.87,-0.65,-0.01,0.26,0.56,1.27,1.44,0.46,0.23,-0.5,-0.81,0.86,-0.0775
"1431",1431,"Khalid Boulahrouz",2010,"Netherlands",-0.4,-0.63,-0.52,-0.67,-0.63,-0.33,-0.18,-0.65,0.17,-0.13,0.2,-0.48,-0.52,-0.1,-0.84,-0.71,-0.98,-0.42
"1432",1432,"Klaas Jan Huntelaar",2010,"Netherlands",0.54,-0.42,-0.52,-0.52,-1.34,-1.11,-0.65,-0.83,-0.86,-0.82,-0.74,-0.48,-0.77,-0.76,-0.33,-0.67,-1.94,-0.7775
"1433",1433,"Maarten Stekelenburg",2010,"Netherlands",-0.4,-0.63,-0.52,-0.75,0.45,1.79,-0.65,-0.93,-0.86,-0.82,-0.61,-0.48,-0.77,-0.93,-0.84,-0.72,0.86,-0.0775
"1434",1434,"Mark van Bommel",2010,"Netherlands",-0.4,-0.52,-0.23,-0.67,1.54,0.39,0.05,0.17,4.13,1.77,0.33,0.58,0.46,2.05,2.89,0.16,0.56,0.095
"1435",1435,"Nigel de Jong",2010,"Netherlands",-0.4,-0.41,-0.52,-0.6,0.95,0.03,-0.65,-0.56,1.5,1.04,-0.14,-0.48,-0.52,-0.1,1.53,-0.6,-0.53,-0.425
"1436",1436,"Rafael van der Vaart",2010,"Netherlands",-0.4,0.37,-0.23,-0.06,-0.23,-0.42,-0.18,-0.83,-0.31,0.25,-0.67,-0.48,-0.28,-0.1,0.52,0.38,-1.25,-0.415
"1437",1437,"Robin van Persie",2010,"Netherlands",0.54,1.56,-0.23,3.08,-0.3,-0.78,1.2,0.26,-0.86,-0.58,-0.21,0.16,0.21,0.89,1.03,1.42,-0.52,0.1125
"1438",1438,"Wesley Sneijder",2010,"Netherlands",4.31,1.43,1.24,0.55,1.17,-0.08,0.28,0.08,-0.15,-0.23,-0.54,1.12,-0.77,1.05,1.03,1.49,0,0.38
"1439",1439,"Chris Killen",2010,"New Zealand",-0.4,0.2,-0.52,-0.19,-0.41,-0.91,1.62,-0.48,-0.65,-0.57,-0.41,-0.28,0.43,3.75,-0.18,0.12,-1.39,-0.0725
"1440",1440,"Chris Wood",2010,"New Zealand",-0.4,-0.45,-0.52,0.56,-1.12,-1.04,-0.08,-0.93,-0.86,-0.69,-0.41,-0.48,-0.77,0.52,0.23,-0.47,-1.97,-0.6425
"1441",1441,"Ivan Vicelich",2010,"New Zealand",-0.4,-0.54,0.2,-0.75,0.27,-0.16,-0.65,-0.7,-0.33,0.02,0.57,-0.16,-0.77,0.12,-0.59,-0.34,-0.86,-0.3275
"1442",1442,"Jeremy Christie",2010,"New Zealand",-0.4,-0.63,-0.52,-0.75,-1.23,-0.98,-0.65,-0.93,-0.79,-0.77,-0.74,-0.48,-0.77,-1.09,-1.01,-0.64,-1.91,-0.77
"1443",1443,"Leo Bertos",2010,"New Zealand",-0.4,-0.54,0.91,-0.75,0.55,0.59,2.18,0.19,-0.55,0.71,0.08,-0.28,-0.77,-0.28,0.23,0.12,0.78,0.9675
"1444",1444,"Mark Paston",2010,"New Zealand",-0.4,-0.63,-0.52,-0.75,-0.23,1.68,-0.65,-0.26,-0.86,-0.82,-0.09,-0.48,-0.77,-1.09,-1.01,-0.6,1.42,0.0625
"1445",1445,"Rory Fallon",2010,"New Zealand",-0.4,-0.45,-0.52,0,-0.46,-0.91,-0.65,-0.7,-0.86,-0.73,0.24,-0.48,1.62,5.77,2.31,-0.13,-1.61,-0.695
"1446",1446,"Ryan Nelsen",2010,"New Zealand",-0.4,-0.63,-0.52,-0.75,0.34,0.79,-0.08,0.41,-0.75,-0.18,2.7,0.73,-0.17,-0.28,0.65,-0.81,1.2,0.15
"1447",1447,"Shane Smeltz",2010,"New Zealand",1.91,1.13,0.2,1.49,-0.37,-0.84,1.05,-0.26,-0.43,-0.65,0.24,-0.16,-0.17,-0.28,-0.59,-0.09,-1.1,0.0375
"1448",1448,"Simon Elliott",2010,"New Zealand",-0.4,-0.45,1.63,-0.75,0.9,0.59,-0.08,-0.7,0.19,-0.61,-0.41,-0.48,-0.17,0.12,0.65,1.47,-0.11,0.36
"1449",1449,"Tommy Smith",2010,"New Zealand",-0.4,-0.49,-0.52,-0.38,-0.13,-0.3,-0.65,-0.03,-0.79,0.49,1.71,-0.28,-0.17,0.52,-0.59,0.04,-0.33,-0.375
"1450",1450,"Tony Lochhead",2010,"New Zealand",-0.4,-0.63,0.2,-0.75,-0.06,0.66,-0.65,-0.48,-0.68,-0.1,0.9,0.73,1.62,0.93,0.23,-0.05,0.18,-0.0675
"1451",1451,"Winston Reid",2010,"New Zealand",1.91,0.02,-0.52,0.75,-0.04,-0.16,-0.65,-0.93,0.37,-0.39,2.53,1.04,0.43,0.93,1.06,-0.3,-1.09,-0.565
"1452",1452,"Ayila Yussuf",2010,"Nigeria",-0.4,-0.63,-0.52,-0.38,-0.74,-1.04,-0.65,-0.93,-0.57,-0.82,-0.25,-0.48,1.62,0.93,-1.01,-0.18,-1.97,-0.785
"1453",1453,"Chidi Odiah",2010,"Nigeria",-0.4,-0.63,1.63,-0.75,1.02,2.23,1.62,2.64,-0.17,-0.2,0.4,-0.15,-0.77,-0.69,-0.59,0.16,4.87,2.03
"1454",1454,"Chinedu Obasi",2010,"Nigeria",-0.4,0.94,0.2,1.68,-0.04,0.05,2.18,1.75,1,1.63,-0.25,-0.48,-0.77,0.93,1.06,0.42,1.8,1.045
"1455",1455,"Danny Shittu",2010,"Nigeria",-0.4,-0.63,-0.52,-0.38,-0.34,-0.43,1.05,0.86,0.1,0.31,3.02,0.58,1.03,1.33,-1.01,-0.81,0.43,0.24
"1456",1456,"Dickson Etuhu",2010,"Nigeria",-0.4,-0.63,-0.52,-0.38,0.78,-0.02,-0.08,-0.7,0.33,0.66,0.73,0.96,-0.17,1.33,-0.59,0.16,-0.72,-0.33
"1457",1457,"Elderson Echiéjilé",2010,"Nigeria",-0.4,-0.63,-0.52,-0.75,-1.02,-0.77,-0.08,-0.48,-0.57,-0.37,0.57,-0.48,-0.17,-0.69,-1.01,-0.81,-1.25,-0.4625
"1458",1458,"Joseph Yobo",2010,"Nigeria",-0.4,-0.63,-0.52,0,-0.48,-0.57,-0.65,-0.7,-0.47,-0.29,2.2,2.02,1.62,-0.69,-1.01,-0.81,-1.27,-0.61
"1459",1459,"Kalu Uche",2010,"Nigeria",4.21,1.13,0.2,0.19,0.08,-0.3,2.75,2.2,-0.62,-0.23,-0.74,-0.48,0.43,-0.69,1.06,0.8,1.9,1.2125
"1460",1460,"Kanu",2010,"Nigeria",-0.4,-0.63,-0.52,-0.56,-1.05,-1.04,-0.65,-0.48,-0.86,-0.82,-0.74,-0.48,-0.17,-0.69,0.65,-0.47,-1.52,-0.6725
"1461",1461,"Lukman Haruna",2010,"Nigeria",-0.4,-0.45,0.2,-0.75,0.17,-0.57,-0.65,1.08,-0.42,-0.47,-0.41,0.58,0.43,0.52,0.65,-0.13,0.51,0.015
"1462",1462,"Obafemi Martins",2010,"Nigeria",-0.4,-0.12,-0.52,-0.19,-1.09,-1.11,-0.08,-0.26,-0.86,-0.82,-0.58,-0.48,-0.17,-1.09,-0.18,-0.81,-1.37,-0.4925
"1463",1463,"Peter Odemwingie",2010,"Nigeria",-0.4,-0.63,-0.52,-0.38,-0.86,-0.77,-0.65,-0.26,-0.75,-0.82,-0.58,-0.48,-0.17,-0.28,-0.18,-0.68,-1.03,-0.55
"1464",1464,"Rabiu Afolabi",2010,"Nigeria",-0.4,-0.63,-0.52,-0.75,-0.65,-0.7,-0.65,-0.93,-0.86,-0.41,0.73,-0.48,0.43,-1.09,-0.59,-0.77,-1.63,-0.7
"1465",1465,"Sani Kaita",2010,"Nigeria",-0.4,-0.12,0.2,-0.75,-0.44,-0.36,-0.65,-0.48,-0.65,-0.66,-0.74,-0.48,-0.77,-0.69,-1.01,-0.77,-0.84,-0.3225
"1466",1466,"Taye Taiwo",2010,"Nigeria",-0.4,-0.17,-0.52,-0.75,-0.46,0.11,-0.08,-0.26,-0.43,-0.64,0.4,-0.48,-0.17,-0.69,-0.59,-0.05,-0.15,-0.1875
"1467",1467,"Victor Obinna",2010,"Nigeria",-0.4,-0.26,-0.52,-0.75,-0.95,-0.98,-0.65,-0.48,-0.25,-0.74,-0.74,-0.48,0.43,-1.09,-1.01,-0.47,-1.46,-0.6575
"1468",1468,"Vincent Enyeama",2010,"Nigeria",-0.4,-0.63,-0.52,-0.75,-0.39,1.41,-0.65,-0.93,-0.86,-0.74,-0.74,-0.48,-0.17,-0.69,-0.59,-0.81,0.48,-0.1725
"1469",1469,"Yakubu Ayegbeni",2010,"Nigeria",1.91,4.92,0.2,1.12,-0.51,-0.91,0.48,0.41,-0.65,-0.82,-0.41,-0.48,-0.77,2.14,1.06,0.04,-0.5,0.045
"1470",1470,"An Yong-Hak",2010,"North Korea",-0.4,-0.54,-0.52,-0.56,1.13,0.66,-0.08,-0.26,0.02,0.12,-0.09,1.28,-0.17,-0.69,2.31,-0.18,0.4,-0.05
"1471",1471,"Cha Jong-Hyok",2010,"North Korea",-0.4,-0.36,1.63,-0.75,0.38,1.07,1.05,1.97,-0.15,-0.45,1.22,-0.48,-0.17,-0.69,1.06,0.08,3.04,1.43
"1472",1472,"Hong Yong-Jo",2010,"North Korea",-0.4,0.34,0.2,-0.19,0.64,-0.02,1.62,0.41,-0.6,-0.59,-0.58,-0.48,-0.17,0.52,0.23,1.13,0.39,0.5525
"1473",1473,"Ji Yun-Nam",2010,"North Korea",1.91,-0.26,-0.52,-0.38,0.24,1.2,0.48,0.64,0.11,-0.1,1.06,-0.17,-0.17,-0.69,-0.59,0.59,1.84,0.45
"1474",1474,"Jong Tae-Se",2010,"North Korea",-0.4,2.93,0.91,2.43,-0.39,-0.5,1.62,1.08,-0.86,-0.58,0.08,-0.48,2.22,0.93,1.06,0.84,0.58,0.7775
"1475",1475,"Kim Kum-Il",2010,"North Korea",-0.4,-0.63,-0.52,-0.75,-1.09,-1.04,-0.65,-0.7,-0.86,-0.82,-0.74,-0.48,-0.77,-1.09,-1.01,-0.47,-1.74,-0.7275
"1476",1476,"Kim Yong-Jun",2010,"North Korea",-0.4,-0.49,-0.52,-0.75,-1.19,-1.04,-0.65,-0.93,-0.86,-0.66,-0.74,-0.48,-0.77,-1.09,-0.18,-0.81,-1.97,-0.785
"1477",1477,"Mun In-Guk",2010,"North Korea",-0.4,-0.26,-0.52,-0.19,-0.13,0.11,0.48,-0.26,0,-0.18,-0.74,-0.48,-0.77,-1.09,-0.59,-0.51,-0.15,-0.0475
"1478",1478,"Myong-Guk Ri",2010,"North Korea",-0.4,-0.63,-0.52,-0.75,-0.2,1.48,-0.65,-0.93,-0.86,-0.82,-0.74,-0.48,-0.77,-1.09,-1.01,-0.43,0.55,-0.155
"1479",1479,"Pak Chol-Jin",2010,"North Korea",-0.4,-0.63,-0.52,-0.56,-0.32,0.25,-0.08,-0.93,0.05,-0.1,1.39,-0.17,-0.77,0.52,-0.59,-0.6,-0.68,-0.32
"1480",1480,"Pak Nam-Chol",2010,"North Korea",-0.4,-0.36,-0.52,-0.19,0.34,-0.3,1.62,-0.03,-0.43,-0.16,-0.58,-0.48,-0.77,1.33,1.48,0.33,-0.33,0.1925
"1481",1481,"Ri Jun-Il",2010,"North Korea",-0.4,-0.54,-0.52,-0.75,0.01,0.52,-0.08,-0.26,-0.8,0.16,2.04,-0.12,-0.17,-0.69,1.48,-0.72,0.26,-0.085
"1482",1482,"Ri Kwang-Chon",2010,"North Korea",-0.4,-0.49,-0.52,-0.75,-0.46,-0.84,-0.08,-0.03,-0.44,-0.1,3.68,0.69,-0.17,0.12,0.23,-0.81,-0.87,-0.3675
"1483",1483,"Antolin Alcaraz",2010,"Paraguay",0.9,-0.37,-0.52,-0.12,0.51,0.84,-0.33,0.71,0.48,-0.04,2.48,0.87,1.59,0.72,0.16,-0.79,1.55,0.175
"1484",1484,"Aureliano Torres",2010,"Paraguay",-0.4,-0.5,0.29,-0.75,-1.11,-0.84,-0.65,-0.93,-0.74,-0.32,-0.74,-0.48,-0.77,-1.09,-0.54,-0.26,-1.77,-0.5325
"1485",1485,"Carlos Bonet",2010,"Paraguay",-0.4,-0.63,1.09,-0.54,0,1.34,-0.65,-0.55,-0.23,-0.09,0.46,-0.48,0.24,0.27,-0.08,0.45,0.79,0.3075
"1486",1486,"Claudio Morel Rodríguez",2010,"Paraguay",-0.4,-0.55,3.51,-0.75,1.3,3.22,-0.01,0.08,-0.06,0.47,1.01,-0.12,-0.77,0.04,0.16,2.38,3.3,1.7
"1487",1487,"Cristian Riveros",2010,"Paraguay",0.9,-0.01,-0.52,0.62,0.97,0.31,-0.65,-0.05,2.32,0.4,-0.19,0.14,0.58,0.72,2.49,0.14,0.26,-0.2275
"1488",1488,"Darío Verón",2010,"Paraguay",-0.4,-0.63,-0.52,-0.75,-1.16,-0.88,-0.65,-0.93,-0.78,-0.72,-0.56,-0.48,-0.77,-0.86,-1.01,-0.81,-1.81,-0.745
"1489",1489,"Denis Caniza",2010,"Paraguay",-0.4,-0.45,0.29,-0.43,-0.92,-0.42,-0.33,-0.8,-0.86,-0.82,-0.56,-0.48,-0.43,-1.09,-1.01,0.28,-1.22,-0.315
"1490",1490,"Edgar Benítez",2010,"Paraguay",-0.4,-0.06,-0.12,0.3,-1.15,-0.88,-0.65,-0.68,-0.19,-0.82,-0.65,-0.48,-0.43,-0.86,-0.77,-0.45,-1.56,-0.5825
"1491",1491,"Enrique Vera",2010,"Paraguay",0.9,0.04,0.29,0.62,-0.2,-0.04,-0.65,-0.55,1.06,0.88,-0.1,-0.48,0.58,1.41,0.86,0.36,-0.59,-0.2375
"1492",1492,"Jonathan Santana",2010,"Paraguay",-0.4,-0.24,-0.12,-0.54,-1.19,-1.04,-0.65,-0.93,-0.71,-0.76,-0.65,-0.48,-0.77,0.5,-0.54,-0.62,-1.97,-0.685
"1493",1493,"Julio César Cáceres",2010,"Paraguay",-0.4,-0.63,-0.52,-0.75,-0.57,-0.5,-0.65,0.2,-0.86,-0.54,0.36,-0.48,-0.43,-0.64,-0.77,-0.71,-0.3,-0.3675
"1494",1494,"Justo Villar",2010,"Paraguay",-0.4,-0.63,-0.52,-0.75,0.05,2.34,-0.65,-0.93,-0.86,-0.82,-0.74,-0.48,-0.77,-1.09,-0.77,-0.6,1.41,0.0599999999999999
"1495",1495,"Lucas Barrios",2010,"Paraguay",-0.4,0.46,-0.52,2.3,-0.67,-0.81,0.63,-0.42,-0.54,-0.6,-0.46,0.62,1.25,1.18,-0.31,0.59,-1.23,-0.28
"1496",1496,"Nelson Haedo Valdez",2010,"Paraguay",-0.4,0.51,-0.52,1.56,-0.96,-1.04,1.26,0.08,1.02,-0.19,-0.74,0.06,-0.43,0.04,1.79,-0.14,-0.96,-0.055
"1497",1497,"Néstor Ortigoza",2010,"Paraguay",-0.4,-0.63,-0.52,-0.54,-0.74,-0.69,-0.33,-0.17,0.41,-0.82,-0.65,-0.48,-0.77,-0.86,-1.01,-0.64,-0.86,-0.4275
"1498",1498,"Paulo da Silva",2010,"Paraguay",-0.4,-0.32,-0.52,0.93,1.16,0.77,-0.33,0.2,0.17,0.09,1.56,0.04,1.59,0.5,-0.31,-0.41,0.97,0.03
"1499",1499,"Roque Santa Cruz",2010,"Paraguay",-0.4,0.46,0.29,1.88,-0.08,-0.46,-0.01,-0.42,-0.69,-0.69,-0.46,-0.48,0.58,0.04,0.62,0.85,-0.88,-0.15
"1500",1500,"Victor Cáceres",2010,"Paraguay",-0.4,-0.19,-0.12,-0.54,0.28,-0.19,-0.01,-0.8,0.38,-0.47,0.36,-0.32,0.24,1.18,0.16,-0.43,-0.99,-0.28
"1501",1501,"Édgar Barreto",2010,"Paraguay",-0.4,-0.01,-0.52,-0.64,-1.02,-0.84,-0.65,-0.93,-0.51,-0.31,-0.56,-0.48,-0.77,-0.41,-0.31,-0.38,-1.77,-0.735
"1502",1502,"Óscar Cardozo",2010,"Paraguay",-0.4,1.5,-0.12,-0.22,-1,-0.84,-0.65,-0.93,-0.4,-0.78,-0.74,-0.48,-0.43,0.04,-0.08,-0.02,-1.77,-0.635
"1503",1503,"Bruno Alves",2010,"Portugal",-0.4,-0.56,-0.52,-0.05,1.01,0.47,-0.22,0.58,0.03,-0.18,1.35,-0.28,0.58,0.42,-0.7,-0.81,1.05,0.0775
"1504",1504,"Cristiano Ronaldo",2010,"Portugal",1.33,2.07,-0.52,0.51,0.01,-0.24,2.32,1.92,-0.78,-0.39,-0.62,-0.48,-0.32,-0.79,1.48,1.66,1.68,0.87
"1505",1505,"Danny",2010,"Portugal",-0.4,-0.29,-0.52,-0.19,-0.52,-0.76,-0.22,0.58,0.71,-0.55,-0.62,-0.48,-0.32,-0.18,-0.08,-0.27,-0.18,-0.23
"1506",1506,"Deco",2010,"Portugal",-0.4,-0.63,0.55,-0.47,-0.73,-0.81,-0.22,-0.59,-0.51,-0.55,-0.62,-0.48,-0.77,-1.09,0.55,0.01,-1.4,-0.2675
"1507",1507,"Duda",2010,"Portugal",-0.4,-0.63,-0.52,-0.47,-1.17,-0.96,-0.65,-0.59,-0.4,-0.41,-0.74,-0.48,-0.77,-1.09,-0.7,-0.56,-1.55,-0.68
"1508",1508,"Eduardo",2010,"Portugal",-0.4,-0.63,-0.52,-0.75,-0.01,1.54,-0.65,-0.93,-0.86,-0.82,-0.74,-0.48,0.13,-1.09,-1.01,-0.81,0.61,-0.14
"1509",1509,"Fábio Coentrão",2010,"Portugal",-0.4,-0.32,2.17,-0.47,1.43,0.93,2.32,2.42,0.61,1.31,1.47,-0.48,-0.77,1.33,1.48,1.28,3.35,1.96
"1510",1510,"Hugo Almeida",2010,"Portugal",1.33,1.52,-0.52,0.65,-0.94,-0.91,-0.65,-0.59,-0.31,-0.82,-0.74,-0.48,1.03,0.12,-0.39,-0.43,-1.5,-0.6675
"1511",1511,"Liédson",2010,"Portugal",1.33,0.65,-0.52,0.93,-1.08,-1.11,-0.65,-0.93,-0.12,-0.82,-0.74,-0.48,0.13,-0.18,-0.08,-0.62,-2.04,-0.8025
"1512",1512,"Miguel",2010,"Portugal",-0.4,-0.56,-0.52,-0.75,-0.48,-0.3,-0.22,-0.76,-0.08,-0.51,-0.5,-0.48,-0.77,-0.79,-1.01,-0.4,-1.06,-0.45
"1513",1513,"Miguel Veloso",2010,"Portugal",-0.4,-0.56,0.02,-0.47,-1.03,-0.76,-0.65,-0.76,-0.79,-0.51,-0.62,-0.48,-0.32,-1.09,-0.7,-0.27,-1.52,-0.5375
"1514",1514,"Paulo Ferreira",2010,"Portugal",-0.4,-0.63,-0.52,-0.75,-0.63,-0.55,-0.65,-0.93,-0.51,-0.55,-0.5,-0.48,-0.77,-1.09,-0.7,-0.81,-1.48,-0.6625
"1515",1515,"Pedro Mendes",2010,"Portugal",-0.4,-0.53,-0.52,-0.75,0.36,-0.4,-0.65,-0.76,0.75,0.74,-0.37,-0.48,-0.32,-0.18,-0.7,-0.59,-1.16,-0.5825
"1516",1516,"Pepe",2010,"Portugal",-0.4,-0.36,-0.52,-0.61,-0.82,-1.06,-0.65,-0.93,-0.64,-0.54,-0.37,0.4,-0.77,0.42,-0.39,-0.81,-1.99,-0.79
"1517",1517,"Raul Meireles",2010,"Portugal",1.33,1.48,1.09,0.37,0.82,-0.04,-0.22,0.75,-0.04,1.84,0.12,-0.23,-0.77,1.33,-1.01,1.63,0.71,0.395
"1518",1518,"Ricardo Carvalho",2010,"Portugal",-0.4,-0.04,-0.52,0.09,1.22,0.62,-0.22,0.08,0.86,0.39,2.2,2.32,1.47,0.42,-0.7,-0.65,0.7,-0.01
"1519",1519,"Ricardo Costa",2010,"Portugal",-0.4,-0.63,-0.52,-0.75,-0.56,-0.3,-0.65,-0.93,-0.25,-0.77,0.12,-0.28,-0.77,-0.49,-1.01,-0.81,-1.23,-0.6
"1520",1520,"Simão",2010,"Portugal",1.33,0.27,1.09,0.09,-0.24,-0.6,0.2,0.25,0.1,0.26,-0.62,-0.48,-0.77,-0.49,-0.08,0.49,-0.35,0.235
"1521",1521,"Tiago",2010,"Portugal",3.06,0.37,-0.52,1.21,0.8,-0.04,0.2,-0.26,0.99,0.23,-0.13,-0.08,1.03,1.94,1.48,0.08,-0.3,-0.155
"1522",1522,"Aleksandar Kolarov",2010,"Serbia",-0.4,-0.12,-0.52,-0.75,-0.32,-0.43,0.48,-0.03,0.88,0.75,0.24,-0.48,-0.17,-0.28,1.89,-0.64,-0.46,-0.125
"1523",1523,"Aleksandar Lukovic",2010,"Serbia",-0.4,-0.59,-0.52,-0.75,0.62,0.18,-0.08,2.64,1.56,1.24,1.88,-0.48,1.62,-0.28,1.48,-0.81,2.82,0.555
"1524",1524,"Branislav Ivanovic",2010,"Serbia",-0.4,0.06,-0.52,0.37,1.09,1.07,0.48,0.86,-0.42,-0.1,2.04,-0.48,-0.17,-0.28,1.06,-0.22,1.93,0.4725
"1525",1525,"Danko Lazovic",2010,"Serbia",-0.4,-0.45,0.91,-0.56,-1.12,-0.7,-0.65,-0.03,-0.86,-0.52,-0.74,-0.48,-0.77,-0.69,-0.59,0.92,-0.73,-0.1175
"1526",1526,"Dejan Stankovic",2010,"Serbia",-0.4,0.2,0.2,-0.38,1.93,0.45,-0.08,-0.03,-0.42,1.74,-0.41,2.61,1.03,0.52,0.23,-0.22,0.42,0.135
"1527",1527,"Ivan Obradovic",2010,"Serbia",-0.4,-0.59,0.91,-0.56,-0.39,-0.16,-0.65,-0.48,0.19,0.02,-0.09,4.47,-0.77,-1.09,0.23,0.16,-0.64,-0.095
"1528",1528,"Marko Pantelic",2010,"Serbia",1.91,0.76,0.2,1.31,-1,-1.04,-0.65,-0.48,-0.48,-0.82,-0.74,-0.48,-0.17,-0.69,-0.59,-0.22,-1.52,-0.4925
"1529",1529,"Milan Jovanovic",2010,"Serbia",1.91,1.45,0.2,1.49,-0.04,-0.36,1.62,2.64,-0.33,0.25,-0.74,-0.48,-0.77,-0.69,1.06,0.8,2.28,1.025
"1530",1530,"Milos Krasic",2010,"Serbia",-0.4,0.57,4.49,0.93,0.05,-0.16,0.48,2.87,-0.26,-0.82,-0.41,-0.48,-0.77,-1.09,1.06,3.46,2.71,1.92
"1531",1531,"Milos Ninkovic",2010,"Serbia",-0.4,-0.45,-0.52,-0.38,0.57,-0.57,0.48,-0.48,-0.64,0.2,-0.41,-0.48,-0.77,-0.28,1.89,-0.56,-1.05,-0.2725
"1532",1532,"Nemanja Vidic",2010,"Serbia",-0.4,0.2,-0.52,0.37,1.93,0.52,-0.65,0.41,1,0.85,3.19,2.81,2.22,0.12,0.23,-0.43,0.93,-0.06
"1533",1533,"Nenad Milijas",2010,"Serbia",-0.4,-0.63,-0.52,-0.75,-0.74,-0.64,-0.65,-0.93,0.28,-0.82,-0.58,-0.48,-0.77,-0.69,-0.59,-0.47,-1.57,-0.685
"1534",1534,"Neven Subotic",2010,"Serbia",-0.4,-0.63,-0.52,-0.75,-0.39,-0.57,-0.65,-0.03,-0.64,-0.65,-0.41,1.59,-0.17,-0.69,-0.59,-0.68,-0.6,-0.4425
"1535",1535,"Nikola Zigic",2010,"Serbia",-0.4,1.22,-0.52,2.62,-0.18,-0.91,-0.65,-0.7,-0.48,-0.65,-0.09,1.17,1.62,0.52,1.06,0.67,-1.61,-0.695
"1536",1536,"Vladimir Stojkovic",2010,"Serbia",-0.4,-0.63,-0.52,-0.75,0.38,1.82,-0.65,-0.93,-0.86,-0.82,-0.58,-0.48,-0.77,-1.09,-0.59,-0.81,0.89,-0.07
"1537",1537,"Zdravko Kuzmanovic",2010,"Serbia",-0.4,0.39,2.34,0,0.92,-0.23,-0.65,-0.26,-0.86,-0.47,-0.41,-0.48,-0.77,0.93,-0.59,0.63,-0.49,0.3
"1538",1538,"Zoran Tosic",2010,"Serbia",-0.4,-0.4,0.2,-0.75,-1.14,-0.77,-0.65,-0.48,-0.86,-0.4,-0.74,-0.48,-0.77,-1.09,-0.18,-0.18,-1.25,-0.425
"1539",1539,"Erik Jendrisek",2010,"Slovakia",-0.4,-0.39,-0.52,-0.05,-0.66,-0.65,-0.22,-0.09,0,-0.82,-0.25,0.26,-0.77,0.12,0.86,-0.56,-0.74,-0.37
"1540",1540,"Filip Holosko",2010,"Slovakia",-0.4,-0.63,-0.52,-0.61,-1.28,-1.06,-0.65,-0.93,-0.54,-0.82,-0.74,-0.48,-0.32,-1.09,-0.7,-0.65,-1.99,-0.79
"1541",1541,"Jan Durica",2010,"Slovakia",-0.4,-0.36,-0.52,-0.33,1.1,1.29,0.63,-0.09,-0.54,0.82,1.22,-0.48,0.58,0.12,2.72,-0.37,1.2,0.3275
"1542",1542,"Jan Kozak",2010,"Slovakia",-0.4,-0.63,0.55,-0.75,-0.54,-0.76,-0.22,-0.42,0.08,-0.82,-0.62,-0.48,-0.32,-1.09,-0.7,-0.43,-1.18,-0.2125
"1543",1543,"Jan Mucha",2010,"Slovakia",-0.4,-0.63,-0.52,-0.75,0.06,2.16,-0.65,-0.93,-0.86,-0.82,-0.62,-0.48,-0.32,-1.09,-0.39,-0.65,1.23,0.015
"1544",1544,"Juraj Kucka",2010,"Slovakia",-0.4,0.1,-0.52,-0.05,-0.48,-0.7,1.05,0.08,0.59,0.58,-0.13,-0.48,-0.77,1.03,0.23,-0.3,-0.62,-0.0225
"1545",1545,"Kamil Kopunek",2010,"Slovakia",1.33,-0.42,-0.52,-0.47,-1.19,-1.11,-0.22,-0.76,-0.86,-0.82,-0.74,0.26,-0.32,-0.79,-0.7,-0.81,-1.87,-0.6525
"1546",1546,"Kornel Salata",2010,"Slovakia",-0.4,-0.39,-0.52,-0.47,-0.78,-0.65,-0.65,-0.93,-0.54,-0.82,0.12,-0.48,0.13,-1.09,-0.7,-0.59,-1.58,-0.6875
"1547",1547,"Marek Cech",2010,"Slovakia",-0.4,-0.63,-0.52,-0.75,-0.73,-0.7,-0.65,-0.76,-0.26,-0.58,-0.25,-0.48,-0.77,-1.09,-0.7,-0.81,-1.46,-0.6575
"1548",1548,"Marek Hamsik",2010,"Slovakia",-0.4,0.17,0.55,0.65,0.96,0.22,0.63,-0.09,-0.07,-0.64,-0.5,-0.48,-0.32,0.42,0.86,0.46,0.13,0.3275
"1549",1549,"Martin Skrtel",2010,"Slovakia",-0.4,-0.63,-0.52,-0.61,1.61,1.19,0.2,2.09,0.03,0.14,2.2,2.19,0.58,1.63,0.55,-0.59,3.28,0.74
"1550",1550,"Miroslav Stoch",2010,"Slovakia",-0.4,0.1,0.02,0.23,-0.22,-0.81,-0.65,-0.26,-0.62,-0.82,-0.25,-0.48,-0.77,-0.49,-0.39,-0.27,-1.07,-0.425
"1551",1551,"Peter Pekarik",2010,"Slovakia",-0.4,-0.56,0.02,-0.75,0.76,0.98,0.2,-0.26,0.59,0.04,0.61,1.06,0.13,-0.18,-0.08,-0.18,0.72,0.235
"1552",1552,"Radoslav Zabavnik",2010,"Slovakia",-0.4,-0.56,0.02,-0.75,0.39,1.24,-0.65,-0.42,0.89,0.84,1.47,-0.48,-0.32,1.33,-0.39,-0.49,0.82,0.0475
"1553",1553,"Róbert Vittek",2010,"Slovakia",6.51,4.23,-0.52,2.06,-0.12,-0.81,-0.65,-0.26,-0.86,-0.57,-0.74,-0.48,5.06,1.33,0.86,0.68,-1.07,-0.56
"1554",1554,"Stanislav Sestak",2010,"Slovakia",-0.4,0.27,0.55,1.21,-0.96,-0.96,-0.22,-0.26,-0.86,-0.82,-0.62,-0.48,-0.32,-0.18,-0.08,0.49,-1.22,-0.2225
"1555",1555,"Vladimir Weiss",2010,"Slovakia",-0.4,-0.49,0.55,-0.33,-0.1,-0.09,2.75,-0.09,-0.24,-0.82,-0.74,-0.48,-0.77,0.72,-0.7,0.93,-0.18,0.78
"1556",1556,"Zdeno Strba",2010,"Slovakia",-0.4,-0.53,-0.52,-0.75,0.73,0.27,0.2,0.25,-0.09,-0.15,-0.25,-0.48,0.13,1.63,1.17,-0.27,0.52,0.05
"1557",1557,"Aleksander Radosavljevic",2010,"Slovenia",-0.4,-0.54,-0.52,0,1.09,-0.02,-0.65,0.64,0.61,0.97,0.08,-0.48,0.43,1.33,0.23,-0.22,0.62,-0.1375
"1558",1558,"Andraz Kirm",2010,"Slovenia",-0.4,-0.4,0.2,-0.38,0.31,-0.43,-0.08,0.64,-0.37,0.05,-0.41,-0.48,-0.17,1.33,1.06,-0.22,0.21,0.0825
"1559",1559,"Bojan Jokic",2010,"Slovenia",-0.4,-0.63,0.2,-0.75,1.11,2.23,1.05,1.97,0.99,0.86,1.71,-0.04,-0.77,1.33,-0.18,0.25,4.2,1.3625
"1560",1560,"Bostjan Cesar",2010,"Slovenia",-0.4,-0.12,-0.52,-0.56,0.38,0.66,-0.65,-0.03,-0.72,0.69,4.82,-0.48,1.62,0.52,1.06,-0.81,0.63,-0.135
"1561",1561,"Marko Suler",2010,"Slovenia",-0.4,-0.63,-0.52,-0.75,0.59,0.86,-0.08,1.3,0.8,1.02,3.35,0.81,2.82,0.52,0.23,-0.09,2.16,0.39
"1562",1562,"Milivoje Novakovic",2010,"Slovenia",-0.4,0.34,-0.52,0.93,-0.37,-1.04,-0.08,-0.26,-0.5,-0.25,-0.09,-0.04,1.03,-0.28,1.89,-0.6,-1.3,-0.475
"1563",1563,"Miso Brecko",2010,"Slovenia",-0.4,-0.54,-0.52,-0.56,1.2,2.98,-0.08,0.41,0.17,2.24,-0.09,0.64,-0.77,-0.69,0.23,-0.18,3.39,0.6975
"1564",1564,"Nejc Pecnik",2010,"Slovenia",-0.4,-0.63,0.2,-0.75,-1.33,-1.04,-0.65,-0.93,-0.86,-0.82,-0.74,-0.48,-0.77,-0.28,0.23,-0.39,-1.97,-0.605
"1565",1565,"Robert Koren",2010,"Slovenia",1.91,-0.08,-0.52,-0.75,1.62,0.39,-0.08,0.19,-0.37,-0.1,-0.41,-0.48,-0.77,-1.09,-0.59,0.71,0.58,-0.00499999999999999
"1566",1566,"Samir Handanovic",2010,"Slovenia",-0.4,-0.63,-0.52,-0.75,0.17,2.77,-0.65,-0.26,-0.86,-0.82,-0.58,-0.48,-0.77,-1.09,-1.01,-0.68,2.51,0.335
"1567",1567,"Valter Birsa",2010,"Slovenia",1.91,0.57,3.06,-0.38,-0.34,-0.02,1.62,0.86,-0.1,0.44,-0.58,-0.48,-0.77,0.52,1.48,1.9,0.84,1.38
"1568",1568,"Zlatan Ljubijankic",2010,"Slovenia",1.91,0.62,-0.52,1.68,-0.84,-0.84,-0.65,-0.26,-0.45,0.18,-0.74,-0.48,0.43,1.33,2.31,-0.81,-1.1,-0.5675
"1569",1569,"Zlatko Dedic",2010,"Slovenia",-0.4,-0.17,-0.52,0.56,-1.05,-0.98,-0.65,-0.7,-0.72,-0.5,-0.74,-0.48,0.43,0.12,0.65,0.04,-1.68,-0.7125
"1570",1570,"Aaron Mokoena",2010,"South Africa",-0.4,-0.63,-0.52,-0.75,-0.04,-0.02,-0.65,-0.93,1.2,3.56,1.55,-0.11,1.62,0.93,0.23,-0.81,-0.95,-0.53
"1571",1571,"Anele Ngcongca",2010,"South Africa",-0.4,-0.63,0.2,-0.75,-0.86,-0.3,-0.65,0.19,-0.86,-0.82,-0.25,-0.48,-0.17,-1.09,-1.01,-0.51,-0.11,-0.14
"1572",1572,"Bernard Parker",2010,"South Africa",-0.4,-0.49,-0.52,-0.38,-0.72,-0.91,-0.65,-0.26,0.1,-0.44,-0.74,-0.48,-0.77,-1.09,-1.01,-0.47,-1.17,-0.585
"1573",1573,"Bongani Khumalo",2010,"South Africa",1.91,0.76,-0.52,0.19,0.05,0.11,-0.65,-0.93,-0.63,0.46,0.9,3.84,1.62,-1.09,-1.01,-0.68,-0.82,-0.4975
"1574",1574,"Itumeleng Khune",2010,"South Africa",-0.4,-0.63,-0.52,-0.75,-0.86,0.11,-0.65,-0.93,-0.86,-0.82,-0.74,-0.48,-0.77,-0.69,-1.01,-0.47,-0.82,-0.4975
"1575",1575,"Kagisho Dikgacoi",2010,"South Africa",-0.4,-0.08,-0.52,-0.19,0.97,0.59,0.48,-0.03,0.17,-0.13,-0.41,1.15,0.43,0.52,-0.18,-0.64,0.56,0.13
"1576",1576,"Katlego Mphela",2010,"South Africa",1.91,4.64,-0.52,2.8,-0.25,-0.77,0.48,-0.03,-0.23,0.43,-0.58,-0.48,0.43,1.73,-0.59,-0.56,-0.8,-0.21
"1577",1577,"Lucas Thwala",2010,"South Africa",-0.4,-0.63,-0.52,-0.75,-0.86,-0.57,-0.65,-0.93,-0.74,-0.46,-0.58,-0.48,-0.77,-0.69,-0.59,-0.81,-1.5,-0.6675
"1578",1578,"MacBeth Sibaya",2010,"South Africa",-0.4,-0.54,-0.52,-0.75,-0.56,-0.57,-0.65,-0.93,-0.38,0.72,-0.58,-0.48,-0.77,-0.69,-0.18,-0.81,-1.5,-0.6675
"1579",1579,"Moeneeb Josephs",2010,"South Africa",-0.4,-0.63,-0.52,-0.75,-0.74,0.05,-0.65,-0.93,-0.86,-0.82,-0.58,-0.48,-0.77,-1.09,-0.59,-0.81,-0.88,-0.5125
"1580",1580,"Reneilwe Letsholonyane",2010,"South Africa",-0.4,-0.63,-0.52,-0.75,0.36,-0.3,-0.65,-0.93,1.03,-0.32,-0.58,-0.11,-0.17,0.52,-0.59,-0.68,-1.23,-0.6
"1581",1581,"Siboniso Gaxa",2010,"South Africa",-0.4,-0.49,0.2,-0.38,0.97,2.02,-0.65,-0.48,-0.23,0.28,0.57,-0.48,0.43,-0.69,-0.59,0.29,1.54,0.2725
"1582",1582,"Siphiwe Tshabalala",2010,"South Africa",1.91,1.03,2.34,1.31,1.2,0.79,0.48,0.41,0.77,-0.04,-0.58,1.15,-0.17,-0.28,-0.18,2.06,1.2,1.005
"1583",1583,"Steven Pienaar",2010,"South Africa",-0.4,0.02,0.91,-0.75,1.2,-0.3,0.48,0.41,-0.38,1.29,-0.74,-0.48,-0.17,2.14,2.31,0.12,0.11,0.375
"1584",1584,"Surprise Moriri",2010,"South Africa",-0.4,-0.63,-0.52,-0.75,-0.88,-0.98,-0.65,-0.7,-0.86,-0.82,-0.41,-0.48,-0.77,-1.09,-1.01,-0.43,-1.68,-0.7125
"1585",1585,"Teko Modise",2010,"South Africa",-0.4,0.15,0.91,-0.38,1.02,0.45,0.48,1.53,0.14,0.25,-0.58,-0.48,-0.17,-0.69,1.06,0.67,1.98,0.8425
"1586",1586,"Thanduyise Khuboni",2010,"South Africa",-0.4,-0.49,-0.52,-0.75,-0.37,-0.36,-0.65,-0.93,-0.38,-0.82,-0.41,-0.48,-0.77,-0.28,-0.59,-0.72,-1.29,-0.615
"1587",1587,"Tsepo Masilela",2010,"South Africa",-0.4,-0.63,0.2,-0.56,1.34,1.75,1.62,1.08,1.13,1.22,0.24,-0.48,0.43,0.93,-0.59,-0.09,2.83,1.1625
"1588",1588,"Cha Du-Ri",2010,"South Korea",-0.4,-0.36,0.55,-0.75,0.45,1.39,-0.22,1.08,0.15,0.6,0.24,-0.48,0.58,-0.49,-0.7,0.14,2.47,0.7
"1589",1589,"Cho Yong-Hyung",2010,"South Korea",-0.4,-0.63,-0.52,-0.75,0.06,0.27,-0.65,0.25,1.25,-0.23,2.2,1.48,0.13,1.94,-0.7,-0.37,0.52,-0.1625
"1590",1590,"Jung Sung-Ryong",2010,"South Korea",-0.4,-0.63,-0.52,-0.75,-0.33,0.78,-0.65,-0.93,-0.86,-0.82,-0.25,-0.48,0.13,-1.09,-0.7,-0.05,-0.15,-0.33
"1591",1591,"Ki Sung-Yueng",2010,"South Korea",-0.4,-0.32,1.63,-0.19,1.22,-0.19,-0.22,-0.09,-0.13,0.4,-0.5,2.48,-0.32,0.12,0.86,0.87,-0.28,0.2825
"1592",1592,"Ki-Hun Yeom",2010,"South Korea",-0.4,-0.01,0.02,0.51,-0.2,-0.45,1.05,0.08,0.29,-0.82,-0.62,-0.48,0.58,0.12,-0.7,-0.27,-0.37,0.175
"1593",1593,"Kim Jae-Sung",2010,"South Korea",-0.4,-0.63,-0.52,-0.19,-0.85,-0.96,-0.65,-0.93,-0.86,-0.82,-0.74,-0.48,0.13,-0.49,-0.39,-0.65,-1.89,-0.765
"1594",1594,"Kim Jung-Woo",2010,"South Korea",-0.4,0.34,0.02,0.23,1.2,0.32,-0.65,-0.76,0.87,1.84,-0.13,-0.48,0.58,0.42,1.48,0.74,-0.44,-0.2675
"1595",1595,"Kim Nam-Il",2010,"South Korea",-0.4,-0.42,-0.52,-0.75,-0.94,-1.06,-0.65,-0.42,-0.55,-0.32,-0.5,-0.48,-0.77,-0.79,-0.7,-0.37,-1.48,-0.6625
"1596",1596,"Lee Chung-Yong",2010,"South Korea",3.06,1.41,-0.52,1.07,0.61,0.93,1.9,1.25,1.77,1.81,-0.62,-0.48,0.13,0.12,1.17,1.44,2.18,0.89
"1597",1597,"Lee Donggook",2010,"South Korea",-0.4,-0.08,-0.52,-0.05,-1.22,-1.11,-0.65,-0.76,-0.86,-0.82,-0.62,-0.48,-0.77,-0.49,-1.01,-0.52,-1.87,-0.76
"1598",1598,"Lee Jung-Soo",2010,"South Korea",3.06,0.72,-0.52,-0.19,0.78,0.62,-0.65,0.41,0.28,0.12,1.84,-0.48,1.92,-0.18,1.48,-0.33,1.03,-0.035
"1599",1599,"Lee Young-Pyo",2010,"South Korea",-0.4,-0.32,0.55,-0.47,1.59,2.21,1.05,3.09,-0.27,1.33,0.36,0.34,0.13,-0.49,1.17,-0.05,5.3,1.725
"1600",1600,"Oh Beom-Seok",2010,"South Korea",-0.4,-0.56,-0.52,-0.75,-0.7,-0.04,-0.22,-0.76,-0.55,-0.58,-0.37,-0.48,-0.77,0.12,-1.01,-0.68,-0.8,-0.385
"1601",1601,"Park Chu-Young",2010,"South Korea",1.33,3.32,-0.52,3.04,-0.34,-0.96,-0.22,0.08,-0.86,-0.14,-0.62,-0.48,3.27,1.03,0.23,-0.02,-0.88,-0.405
"1602",1602,"Park Ji-Sung",2010,"South Korea",1.33,0.65,0.55,0.37,0.36,0.11,2.75,1.25,2.59,1.42,0.36,-0.48,-0.32,1.03,2.72,2.3,1.36,1.165
"1603",1603,"Andrés Iniesta",2010,"Spain",1.49,0.54,0.07,1.85,1.57,-0.05,3.29,2.63,2.15,0.98,-0.61,-0.48,-0.52,0.23,3.23,1.84,2.58,1.485
"1604",1604,"Carles Puyol",2010,"Spain",0.54,-0.12,-0.52,0.55,1.33,0.14,-0.18,-0.74,0.98,1.55,1.33,3.47,2.17,-0.1,0.01,-0.5,-0.6,-0.325
"1605",1605,"Cesc Fàbregas",2010,"Spain",-0.4,-0.16,0.07,-0.29,-0.09,-0.44,-0.65,0.17,-0.34,-0.4,-0.74,-0.48,-0.77,-0.76,-0.84,0.63,-0.27,-0.2125
"1606",1606,"David Silva",2010,"Spain",-0.4,-0.54,-0.52,0.25,-1.05,-0.95,-0.41,-0.65,-0.58,-0.82,-0.74,-0.48,-0.77,-0.93,-1.01,-0.43,-1.6,-0.6325
"1607",1607,"David Villa",2010,"Spain",4.31,4.27,0.07,4.07,-0.11,-0.53,1.44,3.36,-0.58,0.37,-0.74,-0.48,0.7,-0.76,1.53,1.49,2.83,1.085
"1608",1608,"Fernando Llorente",2010,"Spain",-0.4,-0.37,-0.52,-0.44,-1.32,-1.11,-0.65,-0.93,-0.86,-0.82,-0.67,-0.48,-0.03,-0.93,-0.67,-0.77,-2.04,-0.8025
"1609",1609,"Fernando Torres",2010,"Spain",-0.4,1.17,-0.52,2.46,-1.09,-1.03,0.51,-0.2,-0.86,-0.82,-0.67,-0.48,0.21,-0.27,-0.84,-0.41,-1.23,-0.31
"1610",1610,"Gerard Piqué",2010,"Spain",-0.4,-0.16,-0.52,-0.06,2.42,1.87,0.05,4.92,1.92,1.64,2.07,4.43,0.94,-0.43,-0.5,-0.52,6.79,1.58
"1611",1611,"Iker Casillas",2010,"Spain",-0.4,-0.63,-0.52,-0.75,-0.09,1.01,-0.65,-0.93,-0.86,-0.82,-0.41,-0.48,-0.28,-1.09,-1.01,-0.76,0.08,-0.2725
"1612",1612,"Jesús Navas",2010,"Spain",-0.4,-0.22,1.53,0.93,-0.67,-0.61,0.74,1.36,-0.58,-0.23,-0.74,0.3,-0.77,-1.09,-0.16,0.57,0.75,0.755
"1613",1613,"Joan Capdevila",2010,"Spain",-0.4,-0.41,0.65,-0.14,2.21,1.76,0.51,1.08,1.44,0.36,0.53,1.92,-0.52,-0.1,0.52,0.28,2.84,1
"1614",1614,"Pedro",2010,"Spain",-0.4,0.09,-0.52,0.25,-0.33,-0.72,0.74,0.9,-0.36,-0.42,-0.74,-0.48,-0.52,-0.1,-0.16,0.26,0.18,0.1
"1615",1615,"Sergio Busquets",2010,"Spain",-0.4,-0.63,-0.52,-0.21,3.37,0.53,0.51,0.63,3.92,4.69,-0.27,0.4,0.21,1.05,2.72,-0.43,1.16,0.2875
"1616",1616,"Sergio Ramos",2010,"Spain",-0.4,0.9,1.24,2.31,3.06,2.2,0.51,2.72,1.46,5.02,1.6,0.4,3.14,2.05,1.36,1.37,4.92,1.6675
"1617",1617,"Xabi Alonso",2010,"Spain",-0.4,1.58,0.07,-0.14,3.57,1.9,0.51,1.45,3.75,3.64,0.4,1.11,0.46,1.22,1.03,0.63,3.35,0.9825
"1618",1618,"Xavi",2010,"Spain",-0.4,-0.1,3.88,-0.06,4.49,0.78,1.2,1.9,1.68,0.96,-0.67,-0.48,-0.77,-0.76,1.53,5.04,2.68,1.94
"1619",1619,"Alexander Frei",2010,"Switzerland",-0.4,0.76,0.91,0.37,-1.19,-0.98,-0.65,-0.7,-0.86,-0.82,-0.74,-0.48,-0.77,-1.09,-1.01,0.16,-1.68,-0.355
"1620",1620,"Benjamin Huggel",2010,"Switzerland",-0.4,-0.22,-0.52,-0.56,0.12,-0.36,0.48,-0.26,0.48,1.76,-0.09,-0.48,-0.17,1.33,-0.18,-0.77,-0.62,-0.165
"1621",1621,"Blaise N'kufo",2010,"Switzerland",-0.4,-0.26,-0.52,0.75,-0.46,-0.84,0.48,0.41,-0.26,-0.75,0.08,-0.48,4.01,0.52,0.23,-0.22,-0.43,-0.1175
"1622",1622,"Diego Benaglio",2010,"Switzerland",-0.4,-0.63,-0.52,-0.75,0.08,2.43,-0.65,-0.48,-0.86,-0.82,-0.25,-0.48,-0.77,-1.09,-1.01,-0.81,1.95,0.195
"1623",1623,"Eren Derdiyok",2010,"Switzerland",-0.4,2.28,0.91,3.55,-0.6,-0.77,2.75,-0.26,-0.81,-0.82,-0.41,-0.48,1.03,-1.09,-0.18,1.94,-1.03,0.6575
"1624",1624,"Gelson Fernandes",2010,"Switzerland",1.91,1.03,-0.52,-0.19,-0.18,-0.57,-0.65,-0.26,-0.7,-0.13,-0.74,-0.48,-0.77,0.52,0.65,-0.81,-0.83,-0.5
"1625",1625,"Gökhan Inler",2010,"Switzerland",-0.4,-0.12,-0.52,-0.56,1.11,0.73,1.05,0.86,-0.08,0.4,-0.25,1.55,-0.77,2.54,1.89,-0.22,1.59,0.53
"1626",1626,"Hakan Yakin",2010,"Switzerland",-0.4,0.48,1.63,0.19,-0.91,-0.57,-0.08,0.64,-0.86,-0.79,-0.74,-0.48,-0.77,0.12,-0.59,1.09,0.0700000000000001,0.405
"1627",1627,"Philippe Senderos",2010,"Switzerland",-0.4,-0.63,-0.52,-0.75,-1.28,-1.11,-0.65,-0.93,-0.86,-0.79,-0.41,-0.48,-0.77,-0.69,-1.01,-0.81,-2.04,-0.8025
"1628",1628,"Reto Ziegler",2010,"Switzerland",-0.4,-0.45,0.2,-0.75,0.52,1.27,-0.08,-0.48,-0.67,0.77,1.55,1.38,0.43,0.52,-1.01,0.25,0.79,0.2275
"1629",1629,"Stephan Lichtsteiner",2010,"Switzerland",-0.4,-0.36,1.63,-0.19,0.62,1.14,-0.65,0.41,0.02,1.41,2.04,-0.48,-0.77,1.33,1.89,0.75,1.55,0.6325
"1630",1630,"Steve von Bergen",2010,"Switzerland",-0.4,-0.63,-0.52,-0.75,0.08,0.18,-0.08,-0.03,0.96,0.57,1.22,1.87,-0.17,-0.28,-1.01,-0.81,0.15,-0.1125
"1631",1631,"Stéphane Grichting",2010,"Switzerland",-0.4,-0.4,-0.52,0.19,0.17,0.45,-0.65,-0.7,-0.12,4.16,5.15,0.28,1.03,1.73,-0.18,-0.81,-0.25,-0.355
"1632",1632,"Tranquillo Barnetta",2010,"Switzerland",-0.4,0.11,1.63,0.37,0.59,0.11,0.48,0.86,-0.22,0.01,-0.41,-0.48,-0.17,0.93,1.06,3.76,0.97,0.77
"1633",1633,"Benny Feilhaber",2010,"USA",-0.4,0.58,-0.52,0.03,-0.52,-0.55,-0.25,-0.15,-0.03,-0.03,-0.63,-0.48,-0.35,-1.09,0.43,-0.37,-0.7,-0.3675
"1634",1634,"Carlos Bocanegra",2010,"USA",-0.4,-0.25,-0.02,0.03,0.6,1.2,-0.65,-0.62,0.54,0.18,2.32,1.62,2.13,0.03,-0.43,-0.19,0.58,-0.0225
"1635",1635,"Clint Dempsey",2010,"USA",1.2,3.34,-0.52,3.52,0.27,-0.41,0.53,0.62,0,0.39,-0.29,-0.48,1.3,-0.25,1.29,1.03,0.21,0.055
"1636",1636,"Edson Buddle",2010,"USA",-0.4,-0.25,-0.52,-0.1,-1.29,-1.11,-0.65,-0.93,-0.86,-0.82,-0.74,-0.48,-0.35,-0.81,-0.72,-0.81,-2.04,-0.8025
"1637",1637,"Herculez Gomez",2010,"USA",-0.4,-0.02,-0.52,0.16,-1.19,-1.02,-0.65,-0.93,-0.86,-0.82,-0.74,-0.48,-0.35,-0.53,-0.72,-0.49,-1.95,-0.78
"1638",1638,"Jay DeMerit",2010,"USA",-0.4,-0.44,-0.52,-0.62,0.4,0.26,-0.65,-0.93,0.33,-0.44,3.45,2.42,3.78,1.14,0.14,-0.66,-0.67,-0.46
"1639",1639,"Jonathan Bornstein",2010,"USA",-0.4,-0.5,0.97,-0.62,-0.15,0.26,-0.25,-0.15,0.21,0.81,1.64,0.44,-0.35,-1.09,-0.72,0.24,0.11,0.2075
"1640",1640,"José Torres",2010,"USA",-0.4,-0.47,-0.52,-0.75,-0.96,-0.88,-0.65,-0.93,-0.86,-0.62,-0.74,-0.48,-0.77,-0.81,-0.43,-0.81,-1.81,-0.745
"1641",1641,"Jozy Altidore",2010,"USA",-0.4,1.35,-0.52,1.45,-0.56,-0.55,2.49,0.46,-0.48,-0.82,-0.74,-0.48,3.37,1.7,3.29,1.24,-0.09,0.47
"1642",1642,"Landon Donovan",2010,"USA",4.39,3.28,3.45,0.16,1.05,1.15,0.14,1.39,0.42,0.88,-0.51,-0.05,-0.35,0.03,1,3.43,2.54,1.5325
"1643",1643,"Maurice Edu",2010,"USA",-0.4,-0.12,-0.52,-0.23,0.05,-0.31,0.14,-0.46,-0.36,0.03,-0.63,-0.48,-0.35,-0.25,-0.43,-0.55,-0.77,-0.2875
"1644",1644,"Michael Bradley",2010,"USA",1.2,0.68,-0.52,0.42,1.12,0.59,0.92,1.24,0.77,0.14,0.05,0.75,0.47,-0.25,-0.72,0.92,1.83,0.5575
"1645",1645,"Oguchi Onyewu",2010,"USA",-0.4,-0.44,-0.52,-0.49,-0.6,-0.64,-0.65,-0.62,-0.72,-0.5,1.19,-0.48,0.89,0.03,-0.72,-0.81,-1.26,-0.6075
"1646",1646,"Ricardo Clark",2010,"USA",-0.4,-0.63,-0.52,-0.75,-0.86,-0.69,-0.65,-0.77,-0.58,-0.5,-0.51,-0.05,0.06,-0.53,-1.01,-0.66,-1.46,-0.6575
"1647",1647,"Robbie Findley",2010,"USA",-0.4,-0.44,-0.52,0.03,-0.93,-0.92,-0.25,-0.46,-0.86,-0.82,-0.74,-0.48,0.47,-0.53,-0.43,-0.31,-1.38,-0.5375
"1648",1648,"Steve Cherundolo",2010,"USA",-0.4,-0.57,3.94,-0.49,1.6,2.61,-0.25,0.77,0.82,0.58,0.85,-0.48,0.47,0.03,1.57,2.91,3.38,1.7675
"1649",1649,"Tim Howard",2010,"USA",-0.4,-0.63,-0.52,-0.75,-0.1,1.34,-0.65,-0.62,-0.86,-0.82,-0.17,-0.48,-0.35,-1.09,-1.01,0.01,0.72,-0.1125
"1650",1650,"Andrés Scotti",2010,"Uruguay",-0.4,-0.63,-0.52,-0.75,-1.25,-1.03,-0.65,-0.83,-0.54,-0.73,-0.21,-0.22,-0.28,-0.76,-1.01,-0.81,-1.86,-0.7575
"1651",1651,"Diego Forlán",2010,"Uruguay",4.31,3.15,3,0.47,0.27,0.06,0.97,0.9,-0.86,-0.67,-0.67,-0.48,0.21,-0.93,-0.67,2.37,0.96,1.2325
"1652",1652,"Diego Godín",2010,"Uruguay",-0.4,-0.39,-0.52,-0.6,-0.23,-0.25,0.28,0.63,-0.13,0.65,2.14,0.44,1.43,-0.43,-0.5,-0.79,0.38,0.035
"1653",1653,"Diego Lugano",2010,"Uruguay",-0.4,-0.56,-0.52,-0.29,-0.65,-0.69,-0.41,-0.74,-0.2,-0.28,1.54,1.04,1.43,0.06,-0.5,-0.6,-1.43,-0.59
"1654",1654,"Diego Pérez",2010,"Uruguay",-0.4,-0.52,-0.52,-0.6,0.76,0.45,0.28,-0.47,1.03,1.16,0,0,1.68,2.05,1.7,-0.48,-0.02,-0.065
"1655",1655,"Edinson Cavani",2010,"Uruguay",0.54,0.86,-0.23,1.55,-0.23,-0.67,0.51,0.9,-0.18,-0.43,-0.34,-0.48,-0.03,0.23,0.69,-0.1,0.23,0.1275
"1656",1656,"Egidio Arévalo Ríos",2010,"Uruguay",-0.4,-0.29,-0.23,-0.6,0.36,-0.39,-0.65,-0.83,0.71,1.09,0.73,0.29,1.43,-0.27,0.69,-0.38,-1.22,-0.525
"1657",1657,"Fernando Muslera",2010,"Uruguay",-0.4,-0.63,-0.52,-0.75,-0.46,1.12,-0.65,-0.93,-0.86,-0.82,-0.74,-0.48,-0.77,-1.09,-1.01,-0.53,0.19,-0.245
"1658",1658,"Ignacio González",2010,"Uruguay",-0.4,-0.63,-0.52,-0.75,-1.13,-0.95,-0.65,-0.93,-0.68,-0.76,-0.74,-0.48,-0.28,-0.76,-0.84,-0.79,-1.88,-0.7625
"1659",1659,"Jorge Fucile",2010,"Uruguay",-0.4,-0.58,-0.52,-0.67,0.16,0.48,-0.41,0.26,0.68,1.01,1,0.21,-0.03,0.06,0.69,0.11,0.74,-0.0475
"1660",1660,"Luis Suárez",2010,"Uruguay",2.43,1.71,0.07,3.84,-0.25,-0.56,0.51,0.17,-0.59,-0.43,-0.47,0.26,-0.03,1.38,2.89,0.52,-0.39,0.0475
"1661",1661,"Martín Cáceres",2010,"Uruguay",-0.4,-0.63,-0.23,-0.67,-0.86,-0.69,-0.41,-0.38,-0.4,-0.35,-0.21,-0.48,-0.52,-0.76,0.01,-0.65,-1.07,-0.4275
"1662",1662,"Mauricio Victorino",2010,"Uruguay",-0.4,-0.63,-0.52,-0.75,-0.44,-0.28,-0.65,-0.47,-0.35,0.16,2.27,0.84,0.94,-0.6,0.01,-0.81,-0.75,-0.48
"1663",1663,"Maxi Pereira",2010,"Uruguay",0.54,-0.12,-0.23,-0.29,0.81,0.75,2.13,0.9,0.5,-0.03,1.13,-0.12,0.94,0.23,-0.16,-0.36,1.65,0.8875
"1664",1664,"Nicolas Lodeiro",2010,"Uruguay",-0.4,-0.63,-0.52,-0.52,-1.2,-1.03,-0.41,-0.56,-0.86,-0.57,-0.47,-0.22,-0.28,-0.43,-0.84,-0.64,-1.59,-0.63
"1665",1665,"Sebastián Abreu",2010,"Uruguay",-0.4,-0.63,-0.52,-0.29,-1.31,-1.09,-0.65,-0.93,-0.86,-0.76,-0.54,-0.21,-0.52,-0.43,-1.01,-0.65,-2.02,-0.7975
"1666",1666,"Walter Gargano",2010,"Uruguay",-0.4,-0.63,-0.52,-0.75,-1.01,-1,-0.41,-0.83,-0.66,-0.67,-0.74,-0.48,-0.77,-0.76,-0.67,-0.76,-1.83,-0.69
"1667",1667,"Álvaro Fernández",2010,"Uruguay",-0.4,-0.58,-0.52,-0.6,-1.31,-1.09,-0.41,-0.93,-0.69,-0.8,-0.61,-0.48,-0.77,-0.76,-0.5,-0.81,-2.02,-0.7375
"1668",1668,"Álvaro Pereira",2010,"Uruguay",0.54,0.28,0.07,-0.14,-0.35,-0.05,-0.65,-0.38,-0.18,-0.28,-0.07,-0.21,-0.52,-0.43,0.01,-0.2,-0.43,-0.2525
"1669",1669,"André Macanga",2006,"Angola",-0.42,-0.56,-0.54,-0.53,0.46,0.02,1.62,0.04,-0.4,0.52,-0.57,-0.1,0.28,1.21,0.46,-0.56,0.06,0.285
"1670",1670,"Antonio Mendonca",2006,"Angola",-0.42,0.87,-0.54,-0.21,1.19,0.15,-0.11,0.04,0.08,-0.11,-0.43,0.06,-0.7,2.87,3.18,-0.84,0.19,-0.115
"1671",1671,"Fabrice Akwa",2006,"Angola",-0.42,1.07,-0.54,1.88,-0.45,-0.87,-0.69,-0.67,-0.75,-0.96,-0.43,-0.1,0.78,2.04,-0.71,0.04,-1.54,-0.6925
"1672",1672,"Flávio",2006,"Angola",2.08,0.33,-0.54,-0.21,-1.31,-1.12,0.47,-0.67,-0.94,-0.96,-0.72,-0.56,-0.7,-0.45,-1.1,-0.84,-1.79,-0.465
"1673",1673,"João Pereira",2006,"Angola",-0.42,-0.66,-0.54,-0.7,-0.5,0.02,-0.69,-0.9,-0.67,-0.3,2.82,0.7,3.74,1.63,-0.32,-0.6,-0.88,-0.5275
"1674",1674,"Kali",2006,"Angola",-0.42,-0.66,-0.54,-0.7,-0.35,-0.23,-0.69,-0.9,0.15,0.14,3.85,0.08,0.78,-0.45,-1.1,-0.84,-1.13,-0.59
"1675",1675,"Love Cabúngula",2006,"Angola",-0.42,-0.22,-0.54,-0.7,-1.11,-1.06,-0.69,-0.9,-0.76,-0.64,-0.43,-0.56,0.28,-0.03,-0.32,-0.48,-1.96,-0.7975
"1676",1676,"Luis Delgado",2006,"Angola",-0.42,-0.66,-0.54,-0.7,0.98,2.88,-0.11,0.28,0.61,0.54,1.2,-0.1,0.28,3.29,-0.32,0,3.16,0.6275
"1677",1677,"Mantorras",2006,"Angola",-0.42,-0.47,-0.54,-0.53,-1.03,-1.06,-0.11,-0.67,-0.94,-0.96,-0.72,-0.56,-0.21,-0.03,0.46,-0.84,-1.73,-0.595
"1678",1678,"Manuel Loco",2006,"Angola",-0.42,-0.56,1.44,-0.7,0.28,1.8,0.47,-0.43,-0.62,-0.47,1.93,1.14,0.28,1.21,-0.71,-0.2,1.37,0.82
"1679",1679,"Manuel Rui Marques",2006,"Angola",-0.42,-0.66,-0.54,-0.7,-1.11,-0.93,-0.69,-0.9,-0.94,-0.46,-0.57,-0.56,-0.21,-1.28,-0.71,-0.76,-1.83,-0.765
"1680",1680,"Mateus",2006,"Angola",-0.42,0.52,-0.54,-0.21,-0.7,-0.93,-0.11,-0.19,-0.62,-0.73,-0.72,0.08,-0.7,-0.45,-0.32,-0.68,-1.12,-0.4425
"1681",1681,"Miloy",2006,"Angola",-0.42,-0.51,-0.54,-0.7,-0.83,-0.8,-0.69,-0.9,0.29,0.45,-0.43,-0.56,1.27,-0.86,-0.32,-0.84,-1.7,-0.7325
"1682",1682,"Paulo Batista Nsimba",2006,"Angola",-0.42,-0.61,1.44,-0.7,-0.05,-0.29,1.62,1.94,-0.38,-0.12,-0.57,-0.56,-0.7,0.38,1.24,0.63,1.65,1.1775
"1683",1683,"Paulo Figueiredo",2006,"Angola",-0.42,-0.02,0.12,-0.7,0.88,0.47,-0.11,0.04,-0.3,1.1,-0.43,-0.56,0.78,1.21,3.18,0.75,0.51,0.13
"1684",1684,"Ricardo Joao",2006,"Angola",-0.42,-0.66,-0.54,-0.7,-0.65,0.72,-0.69,-0.43,-0.94,-0.96,-0.72,-0.56,-0.7,-1.28,0.07,-0.84,0.29,-0.235
"1685",1685,"Carlos Tevez",2006,"Argentina",0.9,0.54,-0.54,0.67,-0.07,-0.55,2.99,0.6,0.01,-0.41,-0.72,-0.56,-0.44,0.7,0.76,0.93,0.0499999999999999,0.625
"1686",1686,"Esteban Cambiasso",2006,"Argentina",0.9,-0.32,-0.54,-0.52,0.89,0.39,-0.69,-0.78,-0.37,0.44,0.22,0.24,-0.18,-0.18,-0.48,0.26,-0.39,-0.405
"1687",1687,"Fabricio Coloccini",2006,"Argentina",-0.42,-0.4,-0.19,-0.35,-0.5,0.09,-0.69,-0.78,0.47,-0.48,-0.02,-0.13,-0.7,-0.4,-0.69,-0.56,-0.69,-0.3925
"1688",1688,"Gabriel Heinze",2006,"Argentina",-0.42,-0.45,-0.54,-0.27,0.61,0.53,-0.39,-0.53,-0.3,0.79,2.64,1.75,1.13,1.14,-0.27,-0.84,0,-0.2325
"1689",1689,"Gabriel Milito",2006,"Argentina",-0.42,-0.66,-0.54,-0.7,-1.04,-0.62,-0.69,-0.9,-0.81,-0.4,-0.17,-0.56,-0.18,-1.06,-0.69,-0.84,-1.52,-0.6875
"1690",1690,"Hernán Crespo",2006,"Argentina",3.56,1.51,-0.54,1.18,-0.88,-1.02,-0.08,-0.65,-0.94,-0.57,-0.64,-0.56,-0.44,-0.18,-0.48,-0.37,-1.67,-0.5725
"1691",1691,"Javier Mascherano",2006,"Argentina",-0.42,-0.56,-0.54,-0.7,1.65,0.26,-0.39,-0.78,1.88,1.33,0.37,2.08,-0.44,1.14,0.14,-0.69,-0.52,-0.3625
"1692",1692,"Javier Saviola",2006,"Argentina",0.9,0.07,-0.54,-0.1,-0.74,-0.78,1.45,0.35,-0.06,-0.96,-0.72,-0.56,-0.7,0.04,0.14,0.05,-0.43,0.12
"1693",1693,"Juan Pablo Sorin",2006,"Argentina",-0.42,-0.38,-0.54,-0.1,1.34,2.34,-0.08,-0.65,2.1,1.67,0.37,0.54,-0.44,0.92,0.96,0.22,1.69,0.2675
"1694",1694,"Juan Riquelme",2006,"Argentina",-0.42,0.31,2.6,-0.35,3.02,0.7,1.76,0.98,-0.49,0.32,-0.72,0.94,-0.44,-0.18,1.17,2.79,1.68,1.51
"1695",1695,"Julio Cruz",2006,"Argentina",-0.42,-0.58,-0.19,-0.01,-1.26,-1.02,-0.69,-0.78,-0.94,-0.78,-0.64,-0.56,-0.18,-0.4,-0.07,-0.42,-1.8,-0.67
"1696",1696,"Leandro Cufré",2006,"Argentina",-0.42,-0.66,-0.54,-0.61,-1.11,-0.51,-0.39,-0.9,-0.81,-0.63,-0.56,-0.56,-0.44,-0.62,-0.48,-0.84,-1.41,-0.585
"1697",1697,"Leo Franco",2006,"Argentina",-0.42,-0.66,-0.54,-0.7,-1.44,-1.02,-0.69,-0.78,-0.94,-0.96,-0.72,-0.56,-0.7,-1.28,-1.1,-0.84,-1.8,-0.7575
"1698",1698,"Lionel Messi",2006,"Argentina",0.9,-0.38,-0.54,-0.18,-0.67,-0.68,2.37,1.1,-0.45,-0.85,-0.72,-0.56,-0.44,-0.4,-0.27,0.34,0.42,0.5625
"1699",1699,"Lionel Scaloni",2006,"Argentina",-0.42,-0.66,-0.19,-0.7,-0.71,-0.31,-0.69,-0.65,-0.23,0.08,-0.41,-0.56,-0.44,-0.4,-0.27,-0.69,-0.96,-0.46
"1700",1700,"Lucho González",2006,"Argentina",-0.42,-0.43,-0.19,-0.44,-0.63,-0.82,-0.69,-0.65,-0.52,0.24,-0.64,0.14,-0.44,-0.84,-0.69,-0.82,-1.47,-0.5875
"1701",1701,"Maxi Rodríguez",2006,"Argentina",3.56,0.7,0.85,0.58,1.28,0.33,-0.08,0.22,1.09,-0.17,-0.33,0.84,-0.7,-0.62,2.41,-0.04,0.55,0.33
"1702",1702,"Nicolás Burdisso",2006,"Argentina",-0.42,-0.66,-0.54,-0.7,-0.24,0.09,-0.69,-0.78,-0.09,0.26,0.14,-0.56,-0.18,-0.4,-0.27,-0.84,-0.69,-0.48
"1703",1703,"Pablo Aimar",2006,"Argentina",-0.42,-0.58,-0.54,-0.44,-0.96,-1.02,-0.39,-0.78,-0.47,-0.75,-0.56,-0.56,-0.7,-1.06,-0.69,-0.63,-1.8,-0.6825
"1704",1704,"Roberto Abbondanzieri",2006,"Argentina",-0.42,-0.66,-0.54,-0.7,-0.39,1.2,-0.69,-0.9,-0.94,-0.96,-0.72,-0.56,-0.7,-1.28,-0.89,-0.84,0.3,-0.2325
"1705",1705,"Roberto Ayala",2006,"Argentina",0.9,-0.3,-0.54,-0.35,0.46,0.26,-0.69,-0.53,1.64,0.78,3.18,4.56,1.13,0.48,0.96,-0.77,-0.27,-0.375
"1706",1706,"Brett Emerton",2006,"Australia",-0.42,-0.29,0.45,-0.45,0.76,0.69,0.18,2.47,0.19,-0.13,0.16,-0.56,0.41,1.52,-0.81,1.43,3.16,0.9475
"1707",1707,"Craig Moore",2006,"Australia",1.46,2.16,-0.54,-0.21,1.07,1.07,-0.69,-0.02,3.12,-0.77,2.16,3.57,1.15,-0.03,-0.51,-0.21,1.05,-0.045
"1708",1708,"Harry Kewell",2006,"Australia",1.46,1.64,0.45,2.09,-0.09,-0.41,1.91,1.05,-0.34,-0.77,-0.5,0.68,-0.7,-0.03,0.65,0.77,0.64,0.75
"1709",1709,"Jason Culina",2006,"Australia",-0.42,-0.14,0.45,-0.33,1.65,0.79,-0.69,0.34,0.22,-0.77,-0.5,0.74,-0.33,-0.03,-0.81,1.13,1.13,0.2225
"1710",1710,"John Aloisi",2006,"Australia",1.46,0.23,-0.54,0.39,-1.2,-0.93,0.18,-0.73,-0.94,-0.64,-0.61,-0.56,0.41,-0.03,-0.22,0.63,-1.66,-0.505
"1711",1711,"Joshua Kennedy",2006,"Australia",-0.42,0.15,-0.54,1.36,-1.26,-1.07,0.18,-0.73,-0.94,-0.28,-0.17,-0.56,1.15,-0.34,0.07,0,-1.8,-0.54
"1712",1712,"Lucas Neill",2006,"Australia",-0.42,-0.37,-0.54,-0.45,2.24,3.03,0.18,3,1.46,2.01,2.27,4.07,1.15,0.59,0.07,0.63,6.03,1.4175
"1713",1713,"Luke Wilkshire",2006,"Australia",-0.42,-0.44,-0.05,-0.57,-0.05,0.12,-0.69,-0.02,-0.94,-0.61,-0.72,-0.56,-0.7,-0.34,-0.81,0.21,0.1,-0.16
"1714",1714,"Mark Bresciano",2006,"Australia",-0.42,0.6,3.41,0.15,0.06,-0.17,-0.26,-0.37,-0.19,0.5,-0.39,-0.56,-0.7,1.21,1.53,2.06,-0.54,0.6525
"1715",1715,"Mark Schwarzer",2006,"Australia",-0.42,-0.66,-0.54,-0.7,-0.22,1.12,-0.69,-0.73,-0.94,-0.96,-0.72,-0.56,-0.7,-1.28,-0.81,-0.66,0.39,-0.21
"1716",1716,"Mark Viduka",2006,"Australia",-0.42,1.86,-0.54,6.44,-0.48,-0.98,1.04,0.34,0.2,-0.96,-0.39,0.68,1.15,3.39,-0.51,1.01,-0.64,-0.035
"1717",1717,"Mile Sterjovski",2006,"Australia",-0.42,-0.26,2.92,0.03,-0.33,-0.17,-0.26,-0.55,-0.94,-0.43,-0.5,-0.56,-0.7,-0.03,0.36,1.55,-0.72,0.485
"1718",1718,"Scott Chipperfield",2006,"Australia",-0.42,0.04,0.94,-0.09,1.35,1.12,-0.26,1.94,2.78,1.21,0.94,4.18,0.78,1.52,0.65,0.27,3.06,0.935
"1719",1719,"Tim Cahill",2006,"Australia",3.34,1.19,0.45,2.81,0.23,-0.41,-0.69,-0.02,0.44,0.66,-0.5,0.74,1.15,3.39,0.95,1.55,-0.43,-0.1675
"1720",1720,"Tony Popovic",2006,"Australia",-0.42,-0.66,-0.54,-0.7,-1.22,-0.93,-0.69,-0.9,-0.72,-0.96,-0.39,-0.56,-0.7,-0.97,-0.81,-0.84,-1.83,-0.765
"1721",1721,"Vincenzo Grella",2006,"Australia",-0.42,-0.59,-0.54,-0.45,2.05,1.55,-0.26,-0.19,2.25,0.6,-0.28,2.22,-0.7,1.52,-0.51,0.33,1.36,0.14
"1722",1722,"Zeljko Kalac",2006,"Australia",-0.42,-0.66,-0.54,-0.7,-1.09,-0.36,-0.69,-0.73,-0.94,-0.96,-0.72,-0.56,-0.7,-1.28,-1.1,-0.84,-1.09,-0.58
"1723",1723,"Adriano",2006,"Brazil",2.58,1.83,-0.15,1.72,-0.61,-0.97,0.7,0.09,-0.94,-0.73,-0.72,-0.56,0.19,0.96,0.3,0.24,-0.88,-0.0825
"1724",1724,"Cafu",2006,"Brazil",-0.42,-0.34,0.64,-0.12,1.31,1.62,-0.69,0.09,1.38,-0.39,0.34,-0.56,-0.11,0.96,-0.16,0.31,1.71,0.415
"1725",1725,"Cicinho",2006,"Brazil",-0.42,-0.57,0.25,-0.31,-0.15,-0.17,0.35,1.23,0.68,0.57,-0.46,-0.56,-0.7,-0.78,-0.4,0.21,1.06,0.415
"1726",1726,"Dida",2006,"Brazil",-0.42,-0.66,-0.54,-0.7,0.24,1.93,-0.69,-0.9,-0.94,-0.96,-0.63,-0.56,-0.7,-1.28,-0.16,-0.67,1.03,-0.05
"1727",1727,"Ferreira da Rosa Emerson",2006,"Brazil",-0.42,-0.6,-0.54,-0.7,-0.02,-0.13,-0.69,-0.05,0.15,1.62,-0.46,0.34,-0.7,0.22,-0.16,-0.84,-0.18,-0.3525
"1728",1728,"Gilberto Melo",2006,"Brazil",1.08,-0.46,-0.15,-0.41,-0.38,-0.24,-0.69,-0.05,-0.59,0.26,-0.63,-0.56,-0.41,-0.78,-0.86,-0.57,-0.29,-0.2825
"1729",1729,"Gilberto Silva",2006,"Brazil",-0.42,-0.49,-0.54,-0.31,0.65,-0.24,-0.69,-0.19,1.5,0.59,0.08,-0.56,0.48,0.22,-0.86,-0.72,-0.43,-0.415
"1730",1730,"Juan",2006,"Brazil",-0.42,-0.34,-0.54,-0.41,1.28,0.37,-0.69,0.09,2.18,1.58,3.09,3.69,1.07,0.96,0.07,-0.69,0.46,-0.1925
"1731",1731,"Juninho",2006,"Brazil",1.08,-0.13,-0.54,-0.7,0.4,-0.7,0.7,0.37,0.44,0.15,-0.63,-0.56,-0.7,-1.03,0.07,-0.6,-0.33,-0.0425
"1732",1732,"Kaká",2006,"Brazil",1.08,0.7,-0.15,1.34,1.3,-0.05,3.13,3.07,-0.56,-0.63,-0.54,-0.56,-0.7,0.47,2.87,0.62,3.02,1.5
"1733",1733,"Lúcio",2006,"Brazil",-0.42,-0.51,-0.15,-0.12,1.04,0.44,0,0.94,2.56,3.35,1.76,2.96,0.78,-0.78,1,-0.43,1.38,0.3075
"1734",1734,"Ricardo Luis Pozzi Rodrigues",2006,"Brazil",-0.42,-0.66,-0.15,-0.7,-0.85,-0.89,-0.34,-0.62,-0.94,-0.96,-0.72,-0.56,-0.7,-1.03,-0.86,0.24,-1.51,-0.5
"1735",1735,"Roberto Carlos",2006,"Brazil",-0.42,0.08,0.64,-0.5,0.99,0.82,-0.69,0.52,0.33,-0.04,1.14,-0.56,-0.11,-0.78,0.07,0.05,1.34,0.3225
"1736",1736,"Robinho",2006,"Brazil",-0.42,0.79,-0.54,1.05,0,-0.78,2.78,0.8,0.01,-0.5,-0.72,-0.56,-0.7,-0.78,0.54,0.71,0.02,0.565
"1737",1737,"Ronaldinho",2006,"Brazil",-0.42,0.55,3.02,0.56,2.37,1.47,4.17,2.93,-0.94,0.04,-0.63,-0.56,-0.7,0.22,0.77,5.42,4.4,2.8975
"1738",1738,"Ronaldo",2006,"Brazil",4.09,2.9,-0.54,1.63,-0.5,-0.93,1.39,0.09,-0.94,-0.66,-0.72,-0.56,-0.7,-0.03,0.07,1.36,-0.84,0.00249999999999995
"1739",1739,"Zé Roberto",2006,"Brazil",1.08,0.41,-0.15,-0.12,1.27,-0.13,-0.34,0.52,1.53,1.06,-0.1,0.08,-0.41,0.22,-0.16,-0.05,0.39,-0.025
"1740",1740,"Carlos Hernandez",2006,"Costa Rica",-0.42,-0.27,-0.54,-0.7,-0.96,-0.99,0.47,-0.9,-0.94,-0.33,-0.72,-0.56,-0.7,-1.28,-0.32,0.32,-1.89,-0.49
"1741",1741,"Christian Bolaños",2006,"Costa Rica",-0.42,-0.47,0.12,-0.05,-0.6,-0.99,-0.11,0.04,-0.59,-0.65,-0.72,-0.56,-0.7,-1.28,-0.32,-0.52,-0.95,-0.235
"1742",1742,"Danny Fonseca",2006,"Costa Rica",-0.42,-0.47,-0.54,-0.37,-0.33,-0.74,-0.69,-0.67,-0.01,0.33,-0.43,1.31,-0.21,-0.45,-0.71,-0.52,-1.41,-0.66
"1743",1743,"Douglas Sequeira",2006,"Costa Rica",-0.42,-0.37,-0.54,-0.37,-0.38,0.21,-0.69,-0.9,-0.39,-0.48,0.9,-0.56,-0.21,1.21,-0.32,-0.36,-0.69,-0.48
"1744",1744,"Gabriel Badilla",2006,"Costa Rica",-0.42,-0.66,-0.54,-0.7,-1.01,-0.8,-0.11,-0.9,0.11,-0.96,0.61,0.64,-0.7,-0.86,-1.1,-0.84,-1.7,-0.5875
"1745",1745,"Gilberto Martínez",2006,"Costa Rica",-0.42,-0.66,0.12,-0.7,-0.85,-0.1,-0.69,-0.67,-0.94,-0.71,-0.43,-0.56,-0.21,-1.28,-1.1,-0.4,-0.77,-0.335
"1746",1746,"Harold Wallace",2006,"Costa Rica",-0.42,-0.66,0.12,-0.7,0.3,0.34,-0.69,-0.43,0.13,-0.01,-0.13,-0.56,-0.21,-0.86,-0.32,-0.28,-0.09,-0.165
"1747",1747,"Jervis Drummond",2006,"Costa Rica",-0.42,-0.66,0.12,-0.7,-0.73,-0.49,-0.69,-0.67,0.05,-0.34,0.16,-0.56,-0.7,-0.45,0.07,-0.4,-1.16,-0.4325
"1748",1748,"José Porras",2006,"Costa Rica",-0.42,-0.66,-0.54,-0.7,-0.35,0.98,-0.69,-0.9,-0.94,-0.96,-0.43,-0.56,-0.7,-1.28,-1.1,-0.84,0.08,-0.2875
"1749",1749,"Leonardo González",2006,"Costa Rica",-0.42,-0.42,0.78,-0.53,0.81,0.79,1.04,-0.19,2.34,0.32,0.31,0.97,0.28,1.63,0.07,0.52,0.6,0.605
"1750",1750,"Luis Marín",2006,"Costa Rica",-0.42,-0.51,-0.54,-0.37,0.68,0.4,-0.11,-0.19,0.06,-0.08,1.2,0.66,0.28,0.8,-0.32,-0.84,0.21,-0.11
"1751",1751,"Mauricio Solis",2006,"Costa Rica",-0.42,-0.37,-0.54,-0.05,1.56,0.53,1.04,-0.19,-0.13,1.59,0.46,-0.56,0.78,-0.03,2.41,-0.6,0.34,0.21
"1752",1752,"Michael Umaña",2006,"Costa Rica",-0.42,-0.56,-0.54,-0.37,0.73,0.47,0.47,0.75,2.52,2.9,1.79,2.18,-0.21,0.38,2.02,-0.52,1.22,0.2875
"1753",1753,"Paulo Wanchope",2006,"Costa Rica",4.59,2.16,-0.54,3.82,-0.05,-0.8,0.47,0.28,-0.23,-0.96,-0.72,-0.56,-0.21,1.63,0.46,0.12,-0.52,-0.1475
"1754",1754,"Rónald Gómez",2006,"Costa Rica",2.08,0.67,2.1,1.56,0.81,-0.1,1.04,0.99,-0.03,-0.64,-0.43,-0.56,0.78,-0.03,0.85,1.83,0.89,1.0075
"1755",1755,"Walter Centeno",2006,"Costa Rica",-0.42,-0.02,2.76,-0.37,2.09,1.8,0.47,1.23,0.12,-0.64,-0.28,0.66,0.78,-0.45,0.85,2.98,3.03,1.565
"1756",1756,"Álvaro Saborío",2006,"Costa Rica",-0.42,-0.37,-0.54,0.27,-0.93,-0.93,-0.69,-0.9,-0.94,-0.01,-0.72,0.66,0.28,1.21,-1.1,-0.12,-1.83,-0.765
"1757",1757,"Dado Prso",2006,"Croatia",-0.42,0.43,0.78,2.53,-0.22,-0.49,1.62,2.41,-0.66,-0.21,-0.13,0.17,3.24,1.63,2.02,1.91,1.92,1.08
"1758",1758,"Darijo Srna",2006,"Croatia",2.08,3.79,6.05,0.43,0.35,1.36,-0.11,3.59,-0.16,0.6,0.16,-0.56,0.28,1.21,2.41,4.1,4.95,2.7225
"1759",1759,"Dario Simic",2006,"Croatia",-0.42,-0.66,-0.54,-0.7,0.18,0.28,-0.69,-0.67,-0.23,0.48,0.02,-0.56,-0.7,0.8,-1.1,-0.44,-0.39,-0.405
"1760",1760,"Igor Tudor",2006,"Croatia",-0.42,-0.17,-0.54,-0.21,1.16,0.6,-0.69,-0.19,0.82,1.42,0.02,2.81,1.27,-0.03,0.46,-0.2,0.41,-0.205
"1761",1761,"Ivan Klasnic",2006,"Croatia",-0.42,1.02,-0.54,0.59,-0.98,-0.93,-0.69,-0.19,-0.94,-0.77,-0.72,-0.56,-0.21,-0.86,0.46,0.2,-1.12,-0.5875
"1762",1762,"Ivica Olic",2006,"Croatia",-0.42,0.18,-0.54,1.08,-1.06,-0.99,-0.69,-0.19,-0.72,-0.96,-0.72,0.17,-0.7,0.38,0.07,-0.2,-1.18,-0.6025
"1763",1763,"Jerko Leko",2006,"Croatia",-0.42,-0.47,-0.54,-0.7,-0.96,-0.99,-0.69,-0.67,-0.23,-0.4,-0.43,-0.56,-0.21,1.21,-0.71,-0.56,-1.66,-0.7225
"1764",1764,"Josip Simunic",2006,"Croatia",-0.42,-0.22,-0.54,0.11,0.63,0.72,-0.11,0.28,0.19,0.29,1.64,1.13,0.28,1.63,0.85,-0.84,1,0.0875
"1765",1765,"Luka Modric",2006,"Croatia",-0.42,-0.02,0.12,-0.05,-1.01,-0.8,-0.11,-0.43,-0.51,-0.58,-0.57,-0.56,-0.7,-1.28,-0.71,-0.2,-1.23,-0.305
"1766",1766,"Marko Babic",2006,"Croatia",-0.42,0.33,1.44,0.43,1.26,2.06,3.94,5.72,1.38,-0.59,-0.28,-0.56,0.28,0.8,2.02,1.11,7.78,3.29
"1767",1767,"Niko Kovac",2006,"Croatia",2.08,1.12,-0.54,0.11,0.46,-0.29,1.62,0.52,0.19,0.61,0.02,0.17,-0.21,0.8,1.63,-0.84,0.23,0.3275
"1768",1768,"Niko Kranjcar",2006,"Croatia",-0.42,1.37,-0.54,0.92,0.38,-0.36,1.62,-0.43,-0.72,-0.52,-0.57,-0.56,-0.21,0.38,0.46,0.2,-0.79,0.0725
"1769",1769,"Robert Kovac",2006,"Croatia",-0.42,-0.66,-0.54,-0.7,0.23,0.02,-0.69,-0.9,0.4,0.23,0.16,-0.56,-0.7,0.8,-0.32,-0.8,-0.88,-0.5275
"1770",1770,"Stipe Pletikosa",2006,"Croatia",-0.42,-0.66,-0.54,-0.7,-0.2,1.42,-0.69,-0.67,-0.94,-0.96,-0.57,-0.56,-0.7,-1.28,-0.71,-0.8,0.75,-0.12
"1771",1771,"Stjepan Tomas",2006,"Croatia",-0.42,-0.66,-0.54,-0.7,-1.28,-1.06,-0.69,-0.67,-0.52,-0.59,0.46,0.88,-0.7,-0.86,-0.71,-0.84,-1.73,-0.74
"1772",1772,"David Rozehnal",2006,"Czech Republic",-0.42,-0.66,0.12,-0.7,0.66,0.91,-0.69,-0.43,0.28,2.34,2.52,1.52,1.76,0.38,0.46,-0.4,0.48,-0.0225
"1773",1773,"Jan Koller",2006,"Czech Republic",2.08,0.77,-0.54,-0.37,-1.23,-1.06,-0.69,-0.9,-0.67,-0.96,-0.72,-0.56,0.28,-0.45,0.07,-0.84,-1.96,-0.7975
"1774",1774,"Jan Polak",2006,"Czech Republic",-0.42,-0.66,0.12,-0.7,-0.25,-0.8,-0.69,0.04,-0.21,-0.04,-0.72,0.76,-0.21,0.8,-0.32,-0.64,-0.76,-0.3325
"1775",1775,"Jaroslav Plasil",2006,"Czech Republic",-0.42,0.72,0.78,0.92,0.46,0.15,-0.69,0.28,-0.06,1.46,-0.43,-0.56,0.78,-0.45,1.63,0.95,0.43,0.13
"1776",1776,"Jirí Stajner",2006,"Czech Republic",-0.42,-0.37,0.78,0.59,-0.78,-0.55,-0.11,-0.67,-0.17,-0.96,-0.72,-0.56,-0.21,-0.03,-0.32,0.36,-1.22,-0.1375
"1777",1777,"Karel Poborský",2006,"Czech Republic",-0.42,-0.12,0.12,-0.21,-0.25,-0.36,-0.11,0.99,-0.33,0.1,-0.57,-0.56,-0.7,-0.03,-0.32,-0.32,0.63,0.16
"1778",1778,"Marek Jankulovski",2006,"Czech Republic",-0.42,-0.22,0.12,-0.37,1.36,1.74,-0.11,1.23,2.26,0.78,1.2,0.35,0.78,0.38,-0.32,0.24,2.97,0.745
"1779",1779,"Milan Baros",2006,"Czech Republic",-0.42,0.23,-0.54,0.59,-1.26,-1.06,-0.69,-0.67,-0.94,-0.96,-0.72,-0.56,-0.7,0.8,-1.1,-0.84,-1.73,-0.74
"1780",1780,"Pavel Nedved",2006,"Czech Republic",-0.42,0.82,3.41,1.72,1.59,0.53,0.47,0.52,1.42,1.05,-0.57,-0.56,-0.21,2.04,2.02,3.3,1.05,1.2325
"1781",1781,"Petr Cech",2006,"Czech Republic",-0.42,-0.66,-0.54,-0.7,0.2,2.18,-0.69,-0.67,-0.94,-0.62,-0.43,-0.56,-0.7,-1.28,-1.1,-0.4,1.51,0.0700000000000001
"1782",1782,"Radoslav Kovác",2006,"Czech Republic",-0.42,-0.66,-0.54,-0.7,-0.83,-0.8,-0.69,-0.9,-0.25,0.56,-0.43,0.61,-0.7,-1.28,-0.32,-0.84,-1.7,-0.7325
"1783",1783,"Tomas Galasek",2006,"Czech Republic",-0.42,-0.66,-0.54,-0.7,0.2,-0.23,-0.69,-0.43,-0.29,0.47,-0.43,-0.56,-0.7,0.38,-0.71,-0.4,-0.66,-0.4725
"1784",1784,"Tomas Rosicky",2006,"Czech Republic",4.59,1.76,-0.54,0.92,1.39,-0.04,1.04,5.25,0.44,1.63,-0.57,-0.56,0.28,-0.45,2.02,0.12,5.21,1.4275
"1785",1785,"Tomas Ujfalusi",2006,"Czech Republic",-0.42,-0.37,-0.54,-0.37,-0.53,-0.49,-0.69,-0.9,-0.29,-0.01,2.82,0.35,1.27,-0.45,-1.1,-0.84,-1.39,-0.655
"1786",1786,"Vratislav Lokvenc",2006,"Czech Republic",-0.42,-0.02,-0.54,0.27,-0.7,-1.06,-0.69,-0.9,-0.94,-0.96,-0.72,0.35,2.75,1.21,-0.32,-0.24,-1.96,-0.7975
"1787",1787,"Zdenek Grygera",2006,"Czech Republic",-0.42,-0.37,2.1,0.11,2.57,3.01,-0.69,0.52,0.33,1.22,1.34,-0.56,0.78,-0.45,0.46,1.35,3.53,1.235
"1788",1788,"Agustin Delgado",2006,"Ecuador",3.34,2.45,-0.54,2.21,-0.37,-0.83,0.18,-0.73,-0.66,-0.37,-0.28,-0.56,2.63,0.28,0.65,0.33,-1.56,-0.48
"1789",1789,"Antonio Valencia",2006,"Ecuador",-0.42,0.23,1.44,0.51,1.03,0.31,2.35,2.47,2.19,0.11,-0.61,-0.56,-0.33,3.39,-0.81,1.22,2.78,1.6425
"1790",1790,"Carlos Tenorio",2006,"Ecuador",3.34,0.67,-0.54,0.88,-0.94,-1.03,0.18,-0.02,-0.71,-0.19,-0.72,-0.56,-0.7,1.21,3.28,0.89,-1.05,-0.3525
"1791",1791,"Christian Benitez",2006,"Ecuador",-0.42,-0.66,-0.54,-0.7,-1.09,-1.12,1.04,0.16,-0.29,-0.67,-0.72,-0.56,-0.7,-1.28,-0.51,-0.66,-0.96,-0.115
"1792",1792,"Cristian Lara",2006,"Ecuador",-0.42,-0.59,-0.54,-0.7,-1.07,-0.83,0.18,-0.37,-0.71,-0.96,-0.72,-0.56,-0.7,-1.28,-0.51,-0.84,-1.2,-0.39
"1793",1793,"Cristian Mora",2006,"Ecuador",-0.42,-0.66,-0.54,-0.7,0.03,1.21,-0.69,-0.9,-0.94,-0.61,-0.39,-0.56,-0.7,-1.28,-0.51,-0.84,0.31,-0.23
"1794",1794,"Edison Méndez",2006,"Ecuador",-0.42,0.86,2.43,-0.33,2.26,0.55,-0.26,0.69,-0.27,-0.58,-0.5,-0.56,0.04,0.28,-0.22,2.12,1.24,0.8525
"1795",1795,"Edwin Tenorio",2006,"Ecuador",-0.42,-0.44,-0.54,-0.7,1.09,-0.02,-0.69,-0.9,-0.02,0.59,-0.5,-0.56,-0.33,0.59,1.82,-0.33,-0.92,-0.5375
"1796",1796,"Felix Borja",2006,"Ecuador",-0.42,-0.66,-0.54,-0.7,-1.33,-1.12,-0.69,-0.9,-0.94,-0.96,-0.61,-0.56,-0.33,-1.28,-1.1,-0.84,-2.02,-0.8125
"1797",1797,"Giovanny Espinoza",2006,"Ecuador",-0.42,-0.55,-0.54,-0.21,0.2,-0.07,-0.26,-0.37,-0.29,2.39,3.26,2.75,3.74,0.59,-0.51,-0.75,-0.44,-0.31
"1798",1798,"Iván Hurtado",2006,"Ecuador",-0.42,-0.51,-0.54,-0.7,0.14,0.26,-0.69,-0.73,-0.16,0.94,1.6,1.71,0.41,-0.65,-0.81,-0.66,-0.47,-0.425
"1799",1799,"Iván Kaviedes",2006,"Ecuador",1.46,1.23,-0.05,0.63,-0.71,-0.79,1.04,0.52,-0.39,-0.67,-0.72,-0.56,-0.7,-0.65,0.07,0.54,-0.27,0.18
"1800",1800,"Jorge Guagua",2006,"Ecuador",-0.42,-0.66,-0.54,-0.7,-0.39,-0.45,-0.69,-0.9,-0.34,1.5,0.5,-0.56,1.15,-0.65,-0.81,-0.84,-1.35,-0.645
"1801",1801,"Marlon Ayovi",2006,"Ecuador",-0.42,-0.66,-0.54,-0.7,-0.82,-0.83,-0.69,-0.9,-0.94,-0.38,-0.61,-0.56,-0.7,-0.34,-0.81,-0.84,-1.73,-0.74
"1802",1802,"Neicer Reasco",2006,"Ecuador",-0.42,-0.59,-0.05,-0.57,0.88,1.83,1.04,0.16,0.21,0.56,0.72,-0.56,0.78,-0.65,-0.51,-0.3,1.99,0.745
"1803",1803,"Patricio Urrutia",2006,"Ecuador",-0.42,-0.66,-0.54,-0.33,-0.88,-0.93,-0.26,-0.73,-0.66,-0.96,-0.39,-0.56,-0.7,-0.03,-1.1,-0.63,-1.66,-0.615
"1804",1804,"Paúl Ambrosi",2006,"Ecuador",-0.42,-0.66,-0.54,-0.7,-0.67,-0.64,-0.69,-0.55,1.01,0.77,-0.61,-0.56,-0.33,-0.65,0.65,-0.81,-1.19,-0.605
"1805",1805,"Segundo Castillo",2006,"Ecuador",-0.42,-0.48,-0.54,-0.7,0.54,0.26,-0.26,-0.55,0,0.3,-0.06,-0.56,0.04,0.28,-0.81,-0.84,-0.29,-0.2725
"1806",1806,"Ulises De la Cruz",2006,"Ecuador",-0.42,-0.51,0.94,-0.33,2.81,2.41,1.04,1.76,1.8,2.35,0.72,1.57,0.04,2.15,0.07,0.8,4.17,1.5375
"1807",1807,"Aaron Lennon",2006,"England",-0.42,-0.25,-0.17,0.39,-1,-1.01,1.91,0.16,0.02,-0.75,-0.72,-0.56,-0.7,-1.04,-0.22,0.64,-0.85,0.2225
"1808",1808,"Ashley Cole",2006,"England",-0.42,-0.66,0.2,-0.24,1.97,2.67,-0.04,0.29,0.93,1.16,1.27,2.48,-0.42,-0.34,0.65,-0.1,2.96,0.78
"1809",1809,"David Beckham",2006,"England",0.99,0.56,5.39,1.03,0.7,0.56,-0.37,-0.24,-0.07,1.13,0.03,-0.56,0.41,-0.34,0.22,3.77,0.32,1.335
"1810",1810,"Frank Lampard",2006,"England",-0.42,2.84,0.2,2.21,1.58,0.02,-0.04,-0.1,1.3,-0.09,0.03,2.05,0.13,0.36,1.09,0.28,-0.08,0.02
"1811",1811,"Gary Neville",2006,"England",-0.42,-0.66,-0.17,-0.33,-0.29,0.42,-0.69,-0.64,-0.94,-0.68,-0.06,-0.56,-0.7,-0.34,-0.66,1.04,-0.22,-0.27
"1812",1812,"Jamie Carragher",2006,"England",-0.42,-0.39,-0.17,-0.42,-0.51,-0.55,-0.69,-0.37,-0.35,-0.49,0.27,1.24,0.13,-1.04,-0.88,-0.52,-0.92,-0.445
"1813",1813,"Joe Cole",2006,"England",0.99,0.51,2.05,0.12,0.63,-0.05,2.89,2.42,1.05,-0.21,-0.56,-0.56,-0.42,1.06,2.84,1.22,2.37,1.8275
"1814",1814,"John Terry",2006,"England",-0.42,-0.22,-0.54,-0.24,1.19,0.38,-0.69,0.29,1.57,-0.1,2.02,5.16,3.18,0.12,0.65,-0.79,0.67,-0.14
"1815",1815,"Michael Carrick",2006,"England",-0.42,-0.66,-0.54,-0.7,-0.66,-0.58,-0.69,-0.5,-0.94,-0.96,-0.47,-0.56,-0.42,-1.28,-0.44,-0.5,-1.08,-0.5775
"1816",1816,"Michael Owen",2006,"England",-0.42,0,-0.17,0.03,-1.26,-1.12,-0.37,-0.9,-0.72,-0.96,-0.72,-0.56,-0.42,-1.04,-0.66,-0.84,-2.02,-0.64
"1817",1817,"Owen Hargreaves",2006,"England",-0.42,-0.55,-0.54,-0.24,0.17,-0.41,0.94,-0.37,2.17,-0.23,-0.39,-0.56,0.69,1.76,-0.66,-0.46,-0.78,-0.095
"1818",1818,"Paul Robinson",2006,"England",-0.42,-0.66,-0.54,-0.7,0.2,2.2,-0.69,-0.64,-0.94,-0.96,-0.64,-0.56,-0.7,-1.28,-1.1,-0.28,1.56,0.0825
"1819",1819,"Peter Crouch",2006,"England",0.99,2.18,-0.54,4.47,-0.15,-0.91,0.94,-0.37,0.01,-0.48,-0.39,-0.56,3.74,1.52,0,0.13,-1.28,-0.22
"1820",1820,"Rio Ferdinand",2006,"England",-0.42,-0.66,-0.54,0.12,1.24,0.74,-0.37,0.43,-0.06,0.47,2.76,3.16,0.96,0.12,-1.1,-0.05,1.17,0.065
"1821",1821,"Sol Campbell",2006,"England",-0.42,-0.66,-0.54,-0.7,-1.34,-1.01,-0.69,-0.9,-0.94,-0.96,-0.31,0.44,-0.15,-1.28,-0.88,-0.84,-1.91,-0.785
"1822",1822,"Steven Gerrard",2006,"England",2.4,0.37,0.2,0.66,0.85,0.7,-0.04,-0.1,-0.04,0.92,-0.22,5.88,-0.7,-0.81,0.22,1.07,0.6,0.19
"1823",1823,"Stewart Downing",2006,"England",-0.42,-0.61,-0.54,-0.7,-1.27,-0.98,-0.37,0.29,-0.94,-0.77,-0.72,-0.56,-0.7,-1.28,-1.1,-0.79,-0.69,-0.4
"1824",1824,"Wayne Rooney",2006,"England",-0.42,0.51,-0.17,0.57,-0.99,-0.91,0.61,-0.5,-0.72,-0.75,-0.72,-0.56,-0.42,-0.58,-0.66,0.75,-1.41,-0.2425
"1825",1825,"Alou Diarra",2006,"France",-0.42,-0.66,-0.54,-0.7,-1.19,-1.02,-0.69,-0.9,-0.31,-0.68,-0.6,-0.56,-0.5,-0.43,-0.94,-0.84,-1.92,-0.7875
"1826",1826,"Claude Makelele",2006,"France",-0.42,-0.54,-0.27,-0.7,1.88,0.49,0.26,1.13,1.51,0.88,-0.18,0.65,-0.3,0.76,0.49,-0.22,1.62,0.4025
"1827",1827,"David Trezeguet",2006,"France",-0.42,0.31,-0.54,0.43,-1.25,-1.09,-0.69,-0.9,-0.94,-0.96,-0.72,-0.56,-0.5,-1.28,-1.1,-0.66,-1.99,-0.805
"1828",1828,"Eric Abidal",2006,"France",-0.42,-0.6,-0.27,-0.5,1.28,1.71,-0.69,0.06,1.92,1.64,1.69,-0.56,0.11,1.1,-0.3,-0.14,1.77,0.2025
"1829",1829,"Fabien Barthez",2006,"France",-0.42,-0.66,-0.54,-0.7,-0.28,1.14,-0.69,-0.81,-0.94,-0.96,-0.54,-0.56,-0.7,-1.28,-0.62,-0.79,0.33,-0.225
"1830",1830,"Florent Malouda",2006,"France",-0.42,0.25,1.08,2.01,0.32,-0.37,0.02,0.94,0.46,0.16,-0.48,0.4,-0.3,-0.26,1.61,1.33,0.57,0.4175
"1831",1831,"Franck Ribéry",2006,"France",0.6,1.22,0.27,1.55,0.53,-0.18,3.33,2.97,-0.21,-0.41,-0.66,-0.56,-0.7,0.25,1.45,1.91,2.79,1.5975
"1832",1832,"Lilian Thuram",2006,"France",-0.42,-0.66,-0.54,-0.5,0.6,0.44,-0.45,-0.71,-0.28,0.92,1.27,1.55,0.51,0.93,0.34,-0.66,-0.27,-0.315
"1833",1833,"Louis Saha",2006,"France",-0.42,-0.54,-0.54,-0.5,-1.4,-1.09,-0.69,-0.71,-0.94,-0.96,-0.72,-0.56,-0.7,-0.6,-1.1,-0.74,-1.8,-0.7575
"1834",1834,"Mikaël Silvestre",2006,"France",-0.42,-0.6,0.27,-0.63,-0.89,-0.39,-0.45,-0.61,-0.25,0.06,-0.66,0.23,-0.5,-0.94,-1.1,-0.4,-1,-0.295
"1835",1835,"Patrick Vieira",2006,"France",1.63,0.41,-0.27,0.16,1.36,0.67,-0.22,0.06,2.43,1.23,0.06,-0.56,0.71,1.44,2.25,0.29,0.73,0.06
"1836",1836,"Sidney Govou",2006,"France",-0.42,-0.58,-0.54,-0.5,-1.41,-1.04,-0.69,-0.71,-0.94,-0.85,-0.72,-0.39,-0.5,-1.28,-0.78,-0.84,-1.75,-0.745
"1837",1837,"Sylvain Wiltord",2006,"France",-0.42,-0.42,-0.27,-0.3,-0.92,-0.73,-0.45,-0.42,-0.94,-0.67,-0.6,-0.56,-0.7,-0.6,-0.46,-0.28,-1.15,-0.4675
"1838",1838,"Thierry Henry",2006,"France",2.65,2.72,-0.27,3.13,-0.37,-0.55,3.57,2.19,-0.71,-0.45,-0.66,-0.56,0.31,1.95,0.49,2.76,1.64,1.235
"1839",1839,"William Gallas",2006,"France",-0.42,-0.66,-0.54,-0.3,0.42,0.1,-0.45,-0.13,-0.1,-0.34,1.33,1.99,0.91,-0.6,-0.62,-0.61,-0.03,-0.255
"1840",1840,"Willy Sagnol",2006,"France",-0.42,-0.52,1.62,-0.56,1.43,2.08,1.44,1.03,1.2,0.23,0.91,0.96,-0.1,-0.43,0.34,1,3.11,1.5425
"1841",1841,"Zinedine Zidane",2006,"France",2.65,3.71,1.35,0.16,1.6,0.49,2.62,1.23,-0.28,-0.03,-0.36,-0.56,-0.5,0.76,1.13,2.29,1.72,1.4225
"1842",1842,"Arne Friedrich",2006,"Germany",-0.42,-0.51,-0.28,-0.63,1.37,1.37,0.21,1.13,1.68,1.39,0.61,0.23,-0.32,0.51,0.12,-0.49,2.5,0.6075
"1843",1843,"Bastian Schweinsteiger",2006,"Germany",1.54,0.34,1.01,0.19,1.09,0.55,-0.01,1.97,2.17,0.45,-0.43,-0.56,0.26,-0.14,0.73,1.3,2.52,0.88
"1844",1844,"Bernd Schneider",2006,"Germany",-0.42,0.03,1.52,0.57,0.98,1.24,0.44,0.49,1.18,0.06,-0.55,1.38,-0.51,0.83,0.43,2.54,1.73,0.9225
"1845",1845,"Christoph Metzelder",2006,"Germany",-0.42,-0.12,-0.54,0,0.08,-0.13,-0.46,-0.53,1.51,0.75,1.36,1.95,2,0.02,0.27,-0.57,-0.66,-0.415
"1846",1846,"David Odonkor",2006,"Germany",-0.42,-0.64,1.52,-0.44,-1.17,-0.87,-0.01,0.12,-0.31,-0.34,-0.72,-0.56,-0.7,-0.95,-0.64,0.21,-0.75,0.19
"1847",1847,"Jens Lehmann",2006,"Germany",-0.42,-0.66,-0.54,-0.7,-0.27,1.27,-0.69,-0.63,-0.94,-0.96,-0.61,-0.56,-0.7,-1.28,-0.79,-0.73,0.64,-0.1475
"1848",1848,"Jens Nowotny",2006,"Germany",-0.42,-0.66,-0.54,-0.7,-1.25,-0.82,-0.69,-0.63,-0.94,-0.76,-0.26,-0.05,-0.51,-1.11,-1.1,-0.7,-1.45,-0.67
"1849",1849,"Lukas Podolski",2006,"Germany",2.52,2.94,-0.28,2.02,-0.15,-0.72,-0.24,-0.07,-0.17,-0.31,-0.66,-0.18,-0.12,1,1.34,-0.11,-0.79,-0.3275
"1850",1850,"Marcell Jansen",2006,"Germany",-0.42,-0.66,-0.54,-0.7,-1.33,-0.92,-0.69,-0.72,-0.71,-0.83,-0.43,-0.56,-0.7,-1.11,-0.79,-0.84,-1.64,-0.7175
"1851",1851,"Michael Ballack",2006,"Germany",-0.42,1.45,0.23,0.5,1.37,0.67,-0.24,0.58,-0.49,1.37,-0.09,1,0.26,0.83,1.64,0.08,1.25,0.31
"1852",1852,"Miroslav Klose",2006,"Germany",4.48,2.88,-0.28,3.53,-0.55,-0.6,0.67,-0.26,0.42,0.05,-0.61,-0.56,0.84,1.48,1.49,1.45,-0.86,-0.1175
"1853",1853,"Oliver Kahn",2006,"Germany",-0.42,-0.66,-0.54,-0.7,-1.36,-0.8,-0.69,-0.9,-0.94,-0.96,-0.72,-0.56,-0.7,-1.28,-1.1,-0.84,-1.7,-0.7325
"1854",1854,"Oliver Neuville",2006,"Germany",0.56,0.58,-0.28,0.69,-0.96,-1,-0.69,-0.72,-0.83,-0.54,-0.72,-0.56,-0.51,-0.63,-0.49,0.03,-1.72,-0.6725
"1855",1855,"Per Mertesacker",2006,"Germany",-0.42,-0.35,-0.03,0,0.27,0.5,-0.69,-0.72,0.67,1.03,1.47,-0.56,0.84,-0.63,-0.34,-0.76,-0.22,-0.235
"1856",1856,"Philipp Lahm",2006,"Germany",0.56,-0.28,2.04,-0.06,2.5,2.68,1.35,2.06,1.77,0.35,0.49,0.63,0.07,-0.3,0.43,1.06,4.74,2.0325
"1857",1857,"Robert Huth",2006,"Germany",-0.42,-0.66,-0.54,-0.7,-1.21,-0.97,-0.69,-0.9,-0.82,-0.86,-0.43,-0.18,-0.7,-0.95,-1.1,-0.84,-1.87,-0.775
"1858",1858,"Sebastian Kehl",2006,"Germany",-0.42,-0.35,-0.28,-0.44,-0.5,-0.72,-0.69,-0.44,-0.58,-0.19,-0.43,-0.56,-0.51,-0.3,-0.79,-0.46,-1.16,-0.5325
"1859",1859,"Tim Borowski",2006,"Germany",-0.42,-0.22,-0.03,0.06,0.08,-0.25,-0.69,0.12,-0.09,-0.45,-0.49,-0.56,-0.32,0.02,-0.49,0.24,-0.13,-0.2125
"1860",1860,"Torsten Frings",2006,"Germany",0.56,-0.12,0.23,-0.57,1.55,0.32,0.21,-0.07,2.25,-0.04,0.03,-0.56,0.65,0.18,0.27,0.25,0.25,0.1725
"1861",1861,"Alex Tachie-Mensah",2006,"Ghana",-0.42,-0.51,-0.54,-0.45,-1.24,-0.93,-0.69,-0.55,-0.63,-0.96,-0.72,-0.56,-0.7,-0.65,-0.81,0.03,-1.48,-0.6775
"1862",1862,"Asamoah Gyan",2006,"Ghana",1.46,4.68,-0.54,1.97,-0.54,-0.98,-0.26,-0.19,-0.94,-0.15,-0.72,-0.56,1.52,0.59,0.07,0.39,-1.17,-0.4925
"1863",1863,"Derek Boateng",2006,"Ghana",-0.42,-0.51,-0.54,-0.57,-0.33,-0.31,-0.69,-0.19,-0.38,0.59,-0.28,-0.56,-0.33,0.9,-0.22,-0.84,-0.5,-0.4325
"1864",1864,"Emmanuel Pappoe",2006,"Ghana",-0.42,-0.51,-0.54,-0.57,-0.09,-0.17,-0.69,-0.19,-0.58,0.49,-0.17,0.48,-0.7,-0.65,-1.1,-0.84,-0.36,-0.3975
"1865",1865,"Eric Addo",2006,"Ghana",-0.42,-0.66,0.45,-0.7,0.39,-0.12,-0.69,-0.02,-0.63,-0.15,-0.5,0.66,0.04,-0.03,-0.22,0.18,-0.14,-0.095
"1866",1866,"Habib Mohamed",2006,"Ghana",-0.42,-0.59,-0.54,-0.7,-0.45,0.26,-0.69,-0.73,-0.42,-0.27,0.5,0.3,-0.7,-0.34,-0.81,-0.78,-0.47,-0.425
"1867",1867,"Haminu Draman",2006,"Ghana",1.46,-0.18,-0.05,0.15,-0.6,-0.69,-0.69,-0.02,-0.37,-0.5,-0.72,-0.56,-0.7,1.21,-0.81,-0.48,-0.71,-0.3625
"1868",1868,"Illiasu Shilla",2006,"Ghana",-0.42,-0.66,-0.54,-0.7,0.03,0.12,-0.69,0.16,-0.43,0.13,2.6,1.23,0.78,-0.03,-0.22,-0.84,0.28,-0.2375
"1869",1869,"John Mensah",2006,"Ghana",-0.42,-0.11,-0.54,-0.45,0.52,0.5,-0.26,-0.37,1.46,2.39,3.04,1.2,1.52,-0.03,1.24,-0.84,0.13,-0.1675
"1870",1870,"John Pantsil",2006,"Ghana",-0.42,-0.26,0.94,-0.21,1.71,3.12,0.61,1.23,0.96,0.37,1.16,1.16,0.04,2.15,-0.81,0.24,4.35,1.475
"1871",1871,"Matthew Amoah",2006,"Ghana",-0.42,0.78,-0.54,1.72,-0.33,-0.88,-0.69,-0.19,-0.94,-0.64,-0.72,-0.56,0.41,1.52,0.07,0.36,-1.07,-0.575
"1872",1872,"Michael Essien",2006,"Ghana",-0.42,1.67,-0.05,0.88,1.29,-0.12,1.04,0.87,0.02,0.05,-0.28,-0.56,0.04,0.28,1.24,0.92,0.75,0.435
"1873",1873,"Otto Addo",2006,"Ghana",-0.42,-0.44,-0.54,0.15,-1.01,-0.83,0.18,-0.37,-0.94,-0.51,-0.5,-0.56,-0.7,-0.34,0.65,-0.21,-1.2,-0.39
"1874",1874,"Razak Pimpong",2006,"Ghana",-0.42,-0.4,-0.54,-0.33,-1.22,-1.07,-0.26,-0.73,-0.94,-0.96,-0.61,-0.56,-0.7,1.84,-0.51,-0.48,-1.8,-0.65
"1875",1875,"Richard Kingson",2006,"Ghana",-0.42,-0.66,-0.54,-0.7,0.06,1.69,-0.69,-0.55,-0.94,-0.73,-0.5,-0.56,-0.7,-1.28,-0.81,-0.63,1.14,-0.0225
"1876",1876,"Samuel Kuffour",2006,"Ghana",-0.42,-0.66,-0.54,-0.7,-0.88,-0.45,-0.69,-0.73,0.13,-0.96,-0.06,-0.56,0.41,-0.97,-1.1,-0.84,-1.18,-0.6025
"1877",1877,"Stephen Appiah",2006,"Ghana",1.46,3.75,1.93,0.51,2.99,2.17,1.48,1.23,0.55,-0.69,-0.5,-0.56,-0.33,1.84,-0.51,1.94,3.4,1.7025
"1878",1878,"Sulley Muntari",2006,"Ghana",1.46,0.26,1.93,0.51,0.37,0.07,0.18,0.34,1.39,-0.42,-0.17,0.48,-0.33,1.84,0.65,1.52,0.41,0.63
"1879",1879,"Ali Daei",2006,"Iran",-0.42,0.43,-0.54,1.4,-0.68,-0.93,-0.69,-0.9,-0.94,-0.01,-0.28,1.29,3.24,-0.45,0.07,-0.68,-1.83,-0.765
"1880",1880,"Ali Karimi",2006,"Iran",-0.42,-0.66,0.12,-0.37,-0.53,-0.61,1.62,0.52,0,-0.01,-0.13,0.35,-0.21,-0.45,0.07,-0.24,-0.09,0.4125
"1881",1881,"Andranik Teymourian",2006,"Iran",-0.42,-0.56,0.12,-0.21,1.11,-0.29,-0.11,0.04,2.01,3.82,-0.28,0.81,0.28,1.21,3.96,0.71,-0.25,-0.06
"1882",1882,"Arash Borhani",2006,"Iran",-0.42,-0.61,0.12,-0.7,-1.18,-0.93,0.47,-0.9,-0.67,-0.96,-0.72,-0.56,-0.7,-0.45,-1.1,0.16,-1.83,-0.31
"1883",1883,"Ebrahim Mirzapour",2006,"Iran",-0.42,-0.66,-0.54,-0.7,-0.6,1.04,-0.69,-0.9,-0.94,-0.96,-0.43,-0.56,-0.7,-1.28,-0.32,-0.84,0.14,-0.2725
"1884",1884,"Ferydoon Zandi",2006,"Iran",-0.42,0.57,0.78,0.59,-0.58,-0.55,0.47,-0.19,-0.67,-0.36,-0.72,-0.56,0.78,-0.03,-0.32,0.56,-0.74,0.1275
"1885",1885,"Hossein Kaebi",2006,"Iran",-0.42,-0.66,1.44,-0.37,0.51,0.28,0.47,0.52,0.4,-0.13,1.2,-0.1,-0.21,0.8,0.85,-0.28,0.8,0.6775
"1886",1886,"Javad Nekounam",2006,"Iran",-0.42,0.23,-0.54,0.27,0.1,-0.61,1.62,-0.67,1.06,0.11,-0.28,-0.56,-0.21,0.8,1.24,-0.72,-1.28,-0.05
"1887",1887,"Manei Madanchi",2006,"Iran",-0.42,-0.42,0.78,-0.37,-0.4,-0.29,1.04,0.52,-0.8,0.71,-0.28,-0.56,-0.7,1.21,0.85,-0.28,0.23,0.5125
"1888",1888,"Masoud Shojaei",2006,"Iran",-0.42,-0.66,-0.54,-0.37,-0.58,-0.42,0.47,0.04,0.14,0.95,-0.57,1.29,-0.21,0.8,-0.71,-0.44,-0.38,-0.1125
"1889",1889,"Mehdi Mahdavikia",2006,"Iran",-0.42,0.03,6.05,-0.05,1.59,1.42,1.62,1.46,-0.4,0.59,0.02,-0.56,0.28,0.38,1.63,4.85,2.88,2.6375
"1890",1890,"Mohammad Nosrati",2006,"Iran",-0.42,0.08,0.12,0.27,0.15,0.6,0.47,-0.43,0.39,0.11,0.16,-0.56,0.78,-0.03,1.63,-0.4,0.17,0.19
"1891",1891,"Rahman Rezaei",2006,"Iran",-0.42,-0.22,-0.54,0.11,0.15,-0.04,-0.69,-0.67,0.14,0.47,3.11,-0.1,0.28,0.38,0.46,-0.84,-0.71,-0.485
"1892",1892,"Rasoul Khatibi",2006,"Iran",-0.42,0.28,0.12,1.4,-1.06,-1.06,-0.69,0.04,-0.94,-0.48,-0.72,-0.56,-0.7,-1.28,-1.1,0.04,-1.02,-0.3975
"1893",1893,"Sohrab Bakhtiarizadeh",2006,"Iran",2.08,-0.32,-0.54,-0.21,-0.73,-0.42,-0.69,-0.9,-0.8,0,1.64,-0.56,1.27,-0.45,-0.71,-0.72,-1.32,-0.6375
"1894",1894,"Vahid Hashemian",2006,"Iran",-0.42,0.87,-0.54,1.88,-0.5,-0.87,0.47,0.28,-0.8,-0.84,0.16,-0.56,-0.21,0.8,-0.71,-0.36,-0.59,-0.165
"1895",1895,"Yahya Golmohammadi",2006,"Iran",2.08,0.08,-0.54,-0.21,-0.45,-0.61,-0.69,-0.9,-0.67,-0.01,1.64,-0.1,-0.7,0.38,0.46,-0.52,-1.51,-0.685
"1896",1896,"Alberto Gilardino",2006,"Italy",0.56,0.69,-0.54,1.39,-1.03,-0.97,-0.24,-0.81,-0.94,-0.96,-0.66,-0.56,0.65,-0.95,0.27,-0.03,-1.78,-0.64
"1897",1897,"Alessandro Del Piero",2006,"Italy",0.56,0.05,-0.28,-0.13,-0.87,-0.95,-0.69,-0.26,-0.86,-0.96,-0.72,-0.56,-0.51,-0.3,-0.34,-0.25,-1.21,-0.545
"1898",1898,"Alessandro Nesta",2006,"Italy",-0.42,-0.66,-0.28,-0.7,-0.54,-0.5,-0.69,-0.72,-0.73,-0.34,0.14,0.14,-0.32,-0.95,-1.1,-0.65,-1.22,-0.5475
"1899",1899,"Andrea Barzagli",2006,"Italy",-0.42,-0.66,-0.54,-0.7,-1.3,-0.97,-0.69,-0.9,-0.69,-0.71,-0.37,-0.56,-0.51,-1.11,-0.49,-0.84,-1.87,-0.775
"1900",1900,"Andrea Pirlo",2006,"Italy",0.56,-0.26,1.78,-0.13,3.4,2.76,0.21,2.61,1.45,0.06,-0.49,0.59,-0.7,-0.3,1.19,4.19,5.37,1.84
"1901",1901,"Cristian Zaccardo",2006,"Italy",-0.42,-0.66,-0.03,-0.63,-0.94,-0.65,-0.69,-0.72,-0.44,-0.41,-0.32,-0.56,-0.51,-1.28,-0.79,-0.45,-1.37,-0.5225
"1902",1902,"Daniele De Rossi",2006,"Italy",-0.42,-0.62,-0.54,-0.51,-0.62,-0.52,-0.69,-0.72,-0.61,-0.07,-0.2,1.13,-0.51,-0.95,-0.95,-0.45,-1.24,-0.6175
"1903",1903,"Fabio Cannavaro",2006,"Italy",-0.42,0.01,-0.54,0.06,0.3,0.05,-0.69,-0.63,1.29,2.27,3.09,2.72,1.81,0.51,0.12,-0.84,-0.58,-0.4525
"1904",1904,"Fabio Grosso",2006,"Italy",0.56,-0.47,-0.28,0.19,0.39,0.89,0.44,1.32,-0.4,-0.02,0.66,0.37,-0.51,-0.3,-0.03,-0.28,2.21,0.5925
"1905",1905,"Filippo Inzaghi",2006,"Italy",0.56,0.05,-0.54,-0.38,-1.47,-1.12,-0.24,-0.63,-0.94,-0.83,-0.66,-0.56,-0.7,-0.95,-1.1,-0.46,-1.75,-0.6325
"1906",1906,"Francesco Totti",2006,"Italy",0.56,2.16,1.01,0.12,0.28,0.2,-0.69,-0.07,-0.65,-0.48,-0.72,-0.56,-0.7,-0.79,1.19,2.12,0.13,0.1125
"1907",1907,"Gennaro Gattuso",2006,"Italy",-0.42,-0.49,-0.54,-0.57,1.93,0.87,-0.01,0.58,3.21,1.31,-0.43,0.15,-0.12,1.16,1.64,0.24,1.45,0.225
"1908",1908,"Gianluca Zambrotta",2006,"Italy",0.56,-0.49,-0.03,-0.25,1.2,1.24,1.35,0.49,-0.36,0.78,0.95,-0.24,0.26,0.83,0.43,-0.14,1.73,0.7625
"1909",1909,"Gianluigi Buffon",2006,"Italy",-0.42,-0.66,-0.54,-0.7,0.04,1.69,-0.69,-0.72,-0.94,-0.96,-0.66,-0.56,-0.7,-1.28,-0.79,-0.74,0.97,-0.065
"1910",1910,"Luca Toni",2006,"Italy",1.54,2.57,-0.54,2.4,-0.84,-1.02,-0.46,-0.63,-0.66,-0.69,-0.55,-0.56,1.81,0.83,3.02,-0.2,-1.65,-0.6625
"1911",1911,"Marco Materazzi",2006,"Italy",1.54,-0.2,-0.54,-0.19,-0.15,-0.05,-0.69,-0.53,0.79,0.66,1.65,1,1.61,-0.63,0.12,-0.71,-0.58,-0.4525
"1912",1912,"Mauro Camoranesi",2006,"Italy",-0.42,-0.04,-0.28,0.06,-0.4,-0.67,0.44,0.3,0.39,-0.35,-0.55,-0.56,-0.51,0.02,0.58,0.05,-0.37,-0.0525
"1913",1913,"Simone Barone",2006,"Italy",-0.42,-0.66,-0.54,-0.7,-1.39,-1.07,-0.69,-0.81,-0.7,-0.96,-0.66,-0.56,-0.7,-0.79,-0.79,-0.71,-1.88,-0.7775
"1914",1914,"Simone Perrotta",2006,"Italy",-0.42,0.19,0.49,0.82,-0.04,-0.08,-0.24,-0.07,-0.24,0.36,-0.09,-0.56,-0.51,-0.63,-0.49,0.55,-0.15,0.025
"1915",1915,"Vincenzo Iaquinta",2006,"Italy",0.56,-0.06,-0.28,0.69,-1.16,-1.05,-0.24,-0.63,-0.94,-0.81,-0.61,-0.56,-0.7,-0.63,-0.79,-0.15,-1.68,-0.55
"1916",1916,"Abdoulaye Méité",2006,"Ivory Coast",-0.42,-0.32,-0.54,-0.53,0.38,0.21,-0.69,-0.19,-0.6,-0.24,1.05,-0.56,-0.7,-0.03,-0.71,-0.84,0.02,-0.3025
"1917",1917,"Abdul Kader Keita",2006,"Ivory Coast",-0.42,1.71,-0.54,1.08,-0.68,-0.49,-0.11,0.52,0.06,-0.66,-0.57,1.72,-0.7,-0.03,-0.32,0.71,0.03,-0.155
"1918",1918,"Arouna Koné",2006,"Ivory Coast",-0.42,1.71,0.12,1.4,-0.43,-0.55,-0.69,1.23,-0.27,-0.36,-0.72,-0.56,-0.7,-0.03,0.85,0.52,0.68,0.0275
"1919",1919,"Arthur Boka",2006,"Ivory Coast",-0.42,0.43,3.41,-0.7,2.62,3.65,0.47,2.17,0.87,1.12,0.02,-0.56,-0.21,2.04,2.02,1.99,5.82,2.425
"1920",1920,"Aruna Dindane",2006,"Ivory Coast",4.59,5.57,0.78,3.66,-0.4,-0.68,0.47,0.75,-0.53,-0.07,-0.57,-0.56,-0.21,0.38,1.24,1.55,0.07,0.33
"1921",1921,"Bakary Koné",2006,"Ivory Coast",2.08,0.38,-0.54,0.43,-0.7,-0.74,-0.11,-0.43,-0.6,-0.96,-0.72,-0.56,-0.7,-0.45,-0.71,-0.36,-1.17,-0.455
"1922",1922,"Blaise Kouassi",2006,"Ivory Coast",-0.42,-0.51,-0.54,-0.7,-0.17,-0.36,-0.69,-0.19,-0.94,-0.96,0.31,-0.56,-0.7,-0.86,-1.1,-0.72,-0.55,-0.445
"1923",1923,"Bonaventure Kalou",2006,"Ivory Coast",2.08,3.69,-0.54,-0.37,-0.83,-0.93,1.04,-0.19,-0.27,-0.96,-0.72,-0.56,-0.7,-0.86,-0.32,-0.04,-1.12,-0.155
"1924",1924,"Boubacar Barry",2006,"Ivory Coast",-0.42,-0.66,-0.54,-0.7,-1.26,-0.68,-0.69,-0.9,-0.94,-0.96,-0.72,-0.56,-0.7,-1.28,-1.1,-0.84,-1.58,-0.7025
"1925",1925,"Cyril Domoraud",2006,"Ivory Coast",-0.42,-0.66,-0.54,-0.7,-0.35,-0.17,-0.69,-0.67,-0.27,-0.96,-0.43,-0.56,-0.7,-0.03,-1.1,-0.84,-0.84,-0.5175
"1926",1926,"Didier Drogba",2006,"Ivory Coast",2.08,2.01,-0.54,3.66,-0.91,-0.99,-0.11,0.04,-0.94,-0.6,-0.57,-0.56,1.27,0.38,2.02,0.08,-0.95,-0.4
"1927",1927,"Didier Zokora",2006,"Ivory Coast",-0.42,-0.07,0.78,-0.53,2.14,1.29,2.2,0.28,1.8,0.29,-0.43,-0.56,0.78,-0.45,2.02,1.59,1.57,1.1375
"1928",1928,"Emmanuel Eboué",2006,"Ivory Coast",-0.42,-0.37,-0.54,-0.53,1.77,3.77,-0.11,0.75,0.6,0.65,0.31,-0.56,-0.7,2.04,0.07,-0.08,4.52,0.9675
"1929",1929,"Gilles Yapi Yapo",2006,"Ivory Coast",-0.42,-0.47,0.12,-0.37,-0.88,-0.87,-0.69,-0.19,-0.94,-0.96,-0.72,0.82,-0.7,-1.28,-0.71,-0.84,-1.06,-0.4075
"1930",1930,"Jean-Jacques Tizié",2006,"Ivory Coast",-0.42,-0.66,-0.54,-0.7,-0.5,0.72,-0.69,-0.9,-0.94,-0.96,-0.72,-0.56,-0.7,-1.28,-1.1,-0.84,-0.18,-0.3525
"1931",1931,"Kanga Akalé",2006,"Ivory Coast",-0.42,0.82,2.1,-0.37,-0.2,-0.04,-0.69,0.04,-0.53,0.29,-0.57,-0.56,-0.7,-1.28,0.07,1.35,0,0.3525
"1932",1932,"Kolo Touré",2006,"Ivory Coast",-0.42,-0.07,-0.54,-0.37,-0.17,0.09,-0.69,0.04,1,0.23,2.67,0.82,-0.7,-0.86,-1.1,-0.64,0.13,-0.275
"1933",1933,"Romaric",2006,"Ivory Coast",-0.42,-0.51,-0.54,-0.37,-1.06,-0.68,-0.69,-0.9,-0.53,-0.96,-0.57,-0.56,-0.7,-1.28,0.46,-0.44,-1.58,-0.7025
"1934",1934,"Yaya Touré",2006,"Ivory Coast",-0.42,1.61,0.12,0.27,2.65,1.23,2.2,1.23,0.06,0.59,-0.57,1.75,-0.21,0.38,0.46,2.62,2.46,1.195
"1935",1935,"Akira Kaji",2006,"Japan",-0.42,-0.42,-0.54,0.43,0.4,1.04,-0.69,1.7,-0.13,-0.12,0.9,1.68,-0.7,0.38,0.46,0.2,2.74,0.3775
"1936",1936,"Alessandro Santos",2006,"Japan",-0.42,-0.27,-0.54,0.27,0.73,1.29,3.36,4.07,0.1,0.4,0.46,-0.06,-0.7,-0.45,0.85,1.11,5.36,2.045
"1937",1937,"Atsushi Yanagisawa",2006,"Japan",-0.42,0.23,-0.54,0.59,-0.63,-0.93,1.04,-0.43,-0.94,-0.51,-0.72,-0.56,-0.21,-0.03,0.46,-0.8,-1.36,-0.215
"1938",1938,"Hidetoshi Nakata",2006,"Japan",-0.42,-0.32,0.12,-0.05,1.61,0.53,-0.11,1.7,2.57,0.7,0.46,-0.56,-0.21,0.38,0.07,0.28,2.23,0.56
"1939",1939,"Junichi Inamoto",2006,"Japan",-0.42,0.43,-0.54,-0.37,-0.1,-0.61,-0.69,-0.43,1.18,0.21,-0.13,-0.06,-0.7,0.38,-0.32,-0.84,-1.04,-0.5675
"1940",1940,"Keiji Tamada",2006,"Japan",2.08,-0.37,-0.54,-0.05,-0.7,-0.8,-0.11,-0.19,-0.49,-0.7,-0.72,-0.56,-0.7,-0.45,0.07,-0.72,-0.99,-0.41
"1941",1941,"Keisuke Tsuboi",2006,"Japan",-0.42,-0.66,-0.54,-0.7,-0.55,-0.29,-0.69,-0.9,-0.79,-0.14,1.34,-0.56,0.28,-1.28,-1.1,-0.84,-1.19,-0.605
"1942",1942,"Koji Nakata",2006,"Japan",-0.42,0.18,0.12,-0.37,-0.78,-0.8,-0.69,-0.9,-0.64,-0.57,-0.72,-0.56,-0.7,-1.28,-1.1,-0.36,-1.7,-0.5675
"1943",1943,"Masashi Oguro",2006,"Japan",-0.42,-0.37,-0.54,-0.05,-1.28,-1.12,-0.69,-0.9,-0.64,-0.96,-0.72,-0.56,-0.7,-1.28,-1.1,-0.8,-2.02,-0.8125
"1944",1944,"Mitsuo Ogasawara",2006,"Japan",-0.42,-0.56,0.12,-0.53,-0.35,-0.55,-0.11,-0.43,0.31,-0.38,-0.28,-0.56,-0.7,0.38,-0.71,-0.24,-0.98,-0.2425
"1945",1945,"Naohiro Takahara",2006,"Japan",-0.42,0.38,-0.54,-0.37,-0.45,-0.55,-0.11,0.04,0.05,-0.96,-0.57,-0.56,-0.21,-0.45,1.63,0.91,-0.51,-0.29
"1946",1946,"Seiichiro Maki",2006,"Japan",-0.42,-0.51,-0.54,-0.7,-1.16,-1.12,-0.69,-0.9,-0.79,-0.83,-0.72,-0.56,-0.21,-1.28,-1.1,-0.84,-2.02,-0.8125
"1947",1947,"Shunsuke Nakamura",2006,"Japan",2.08,0.52,2.76,0.43,2.14,1.23,1.04,2.65,0.19,0.29,-0.72,-0.56,-0.7,-0.03,1.63,2.46,3.88,1.92
"1948",1948,"Takashi Fukunishi",2006,"Japan",-0.42,-0.27,-0.54,-0.37,-0.15,-0.42,0.47,-0.67,-0.22,-0.51,0.02,0.25,-0.7,-1.28,0.07,-0.2,-1.09,-0.29
"1949",1949,"Teruyuki Moniwa",2006,"Japan",-0.42,-0.66,-0.54,-0.7,-1.38,-0.99,-0.69,-0.67,-0.7,-0.54,-0.43,-0.56,-0.7,-0.03,-1.1,-0.84,-1.66,-0.7225
"1950",1950,"Tsuneyasu Miyamoto",2006,"Japan",-0.42,-0.66,-0.54,-0.7,-0.33,-0.04,-0.69,-0.67,0.05,-0.09,2.38,0.25,0.28,0.8,-1.1,-0.84,-0.71,-0.485
"1951",1951,"Yoshikatsu Kawaguchi",2006,"Japan",-0.42,-0.66,-0.54,-0.7,-0.07,1.48,-0.69,-0.9,-0.94,-0.96,-0.57,-0.56,-0.7,-1.28,-0.71,-0.84,0.58,-0.1625
"1952",1952,"Yuichi Komano",2006,"Japan",-0.42,-0.56,0.12,-0.05,-0.91,-0.17,0.47,0.28,-0.46,-0.75,-0.28,0.25,-0.21,-1.28,-0.71,-0.48,0.11,0.175
"1953",1953,"Yuji Nakazawa",2006,"Japan",-0.42,-0.42,-0.54,-0.21,0.35,-0.1,-0.69,-0.19,-0.7,1.11,4.59,2.81,0.28,-0.45,1.24,-0.76,-0.29,-0.38
"1954",1954,"Andrés Guardado",2006,"Mexico",-0.42,-0.59,-0.54,-0.7,-1.1,-0.9,-0.29,-0.25,-0.74,-0.62,-0.72,-0.56,-0.7,-0.99,-1.1,-0.56,-1.15,-0.495
"1955",1955,"Carlos Salcido",2006,"Mexico",-0.42,-0.46,0.37,-0.25,2.25,1.78,0.11,3.68,0.18,0.87,1.22,0.27,0.32,1.88,-0.56,0.68,5.46,1.485
"1956",1956,"Francisco Fonseca",2006,"Mexico",1.31,1.43,-0.54,3.44,-0.54,-0.86,0.11,-0.58,-0.62,-0.79,-0.52,0.27,0.32,0.73,0.52,0.95,-1.44,-0.4675
"1957",1957,"Gerardo Torrado",2006,"Mexico",-0.42,-0.59,-0.54,-0.7,0.78,0.16,-0.29,-0.08,0.55,1.21,-0.31,0.1,-0.36,0.16,-1.1,-0.09,0.08,-0.1875
"1958",1958,"Gonzalo Pineda",2006,"Mexico",-0.42,-0.66,0.37,-0.58,-0.02,-0.02,0.11,0.57,1.23,-0.03,0.3,-0.56,-0.7,1.31,-0.02,0.18,0.55,0.2575
"1959",1959,"Guillermo Franco",2006,"Mexico",-0.42,0.6,-0.54,0.31,-1,-1.08,-0.69,-0.25,-0.57,-0.96,-0.52,-0.56,-0.36,-0.13,0.52,-0.59,-1.33,-0.64
"1960",1960,"Jared Borgetti",2006,"Mexico",-0.42,0.67,-0.09,2.21,-1.01,-0.99,-0.69,-0.9,-0.94,-0.17,-0.72,0.1,1.69,0.45,-0.56,-0.23,-1.89,-0.6675
"1961",1961,"Jesús Arellano",2006,"Mexico",-0.42,-0.32,-0.54,-0.36,-1.15,-0.94,-0.29,-0.74,-0.57,-0.96,-0.72,-0.56,-0.7,-1.28,-1.1,-0.04,-1.68,-0.6275
"1962",1962,"Jose Antonio Castro",2006,"Mexico",-0.42,-0.66,-0.09,-0.7,-0.63,-0.86,-0.69,-0.58,-0.02,-0.79,-0.52,-0.56,-0.7,-0.7,0.25,-0.42,-1.44,-0.555
"1963",1963,"Luis Ernesto Pérez",2006,"Mexico",-0.42,-0.53,-0.54,-0.25,-0.63,-0.9,-0.29,-0.9,-0.38,-0.75,-0.62,-0.56,-0.7,0.16,-0.29,-0.53,-1.8,-0.6575
"1964",1964,"Mario Mendez",2006,"Mexico",-0.42,-0.36,0.83,0.2,1.17,1.87,-0.29,0.41,3.33,0.7,-0.41,-0.56,0.32,2.17,2.14,0.95,2.28,0.705
"1965",1965,"Maza",2006,"Mexico",-0.42,-0.66,-0.54,-0.7,-1.07,-0.81,-0.69,-0.74,-0.94,-0.31,-0.41,-0.56,-0.02,-0.99,-0.56,-0.84,-1.55,-0.695
"1966",1966,"Omar Bravo",2006,"Mexico",3.05,5.09,-0.09,2.77,-0.6,-0.86,0.11,-0.41,-0.94,-0.19,-0.62,-0.56,-0.36,0.16,1.33,0.02,-1.27,-0.3125
"1967",1967,"Oswaldo Sánchez",2006,"Mexico",-0.42,-0.66,-0.54,-0.7,0.07,0.86,-0.69,-0.9,-0.94,-0.96,-0.52,-0.56,-0.36,-1.28,-1.1,-0.84,-0.04,-0.3175
"1968",1968,"Pável Pardo",2006,"Mexico",-0.42,-0.22,5.39,-0.7,1.71,1.34,1.31,0.24,0.28,-0.51,-0.31,-0.56,-0.36,1.6,-0.02,4.73,1.58,2.07
"1969",1969,"Rafael Márquez",2006,"Mexico",1.31,1.36,-0.54,0.98,2.58,3.01,-0.29,3.36,0.77,3.55,0.4,0.92,1.69,0.73,2.68,0.21,6.37,1.385
"1970",1970,"Ramón Morales",2006,"Mexico",-0.42,-0.39,0.83,-0.7,-1.03,-0.86,-0.29,-0.58,-0.94,-0.96,-0.72,-0.56,-0.7,-1.28,-0.29,0.4,-1.44,-0.225
"1971",1971,"Ricardo Osorio",2006,"Mexico",-0.42,-0.66,-0.09,-0.7,1.76,1.12,2.11,3.85,1.86,0.76,1.73,-0.56,-0.36,-0.7,1.6,-0.51,4.97,1.7475
"1972",1972,"Sinha",2006,"Mexico",1.31,-0.08,-0.09,-0.14,0,-0.5,2.51,1.23,0.05,-0.34,-0.62,-0.56,-0.7,-0.42,-0.02,1.12,0.73,0.7875
"1973",1973,"Andre Ooijer",2006,"Netherlands",-0.42,-0.4,-0.54,-0.45,1.58,1.41,-0.26,0.16,0.48,-0.02,1.71,4.68,0.78,-0.03,-1.1,-0.63,1.57,0.1925
"1974",1974,"Arjen Robben",2006,"Netherlands",1.46,1.12,-0.05,2.69,-0.05,-0.02,4.52,3.36,-0.46,0.5,-0.61,-0.56,-0.7,1.21,0.07,2.86,3.34,1.9525
"1975",1975,"Denny Landzaat",2006,"Netherlands",-0.42,-0.66,-0.54,-0.57,-0.62,-0.69,-0.69,-0.55,-0.7,-0.75,-0.5,1.49,-0.33,-0.65,-1.1,-0.72,-1.24,-0.6175
"1976",1976,"Dirk Kuyt",2006,"Netherlands",-0.42,0.3,-0.54,1.12,-0.5,-0.79,-0.69,-0.02,-0.57,-0.96,-0.28,-0.56,1.15,1.21,-0.22,-0.12,-0.81,-0.51
"1977",1977,"Edwin van der Sar",2006,"Netherlands",-0.42,-0.66,-0.54,-0.7,0.86,2.41,-0.69,0.52,-0.94,-0.96,-0.5,-0.56,-0.7,-1.28,-0.51,-0.84,2.93,0.425
"1978",1978,"Giovanni van Bronckhorst",2006,"Netherlands",-0.42,-0.51,-0.05,-0.57,1.44,1.17,0.61,0.87,3.27,0.71,1.93,-0.56,1.15,0.59,-0.81,-0.12,2.04,0.65
"1979",1979,"Johnny Heitinga",2006,"Netherlands",-0.42,-0.44,-0.54,-0.45,-0.07,0.31,-0.69,0.16,0.47,0.7,-0.28,0.25,0.04,-0.03,0.36,-0.24,0.47,-0.19
"1980",1980,"Joris Mathijsen",2006,"Netherlands",-0.42,-0.37,-0.54,-0.45,0.5,-0.07,-0.69,1.05,0.23,0.91,1.6,1.86,0.04,-0.34,0.07,-0.84,0.98,-0.0625
"1981",1981,"Kew Jaliens",2006,"Netherlands",-0.42,-0.66,0.45,-0.7,-0.88,-0.55,-0.69,-0.55,-0.57,-0.64,-0.06,-0.56,-0.33,-0.65,-0.51,-0.42,-1.1,-0.335
"1982",1982,"Khalid Boulahrouz",2006,"Netherlands",-0.42,-0.66,-0.54,-0.7,0.29,0.26,-0.26,0.16,2.1,2.14,0.83,0.25,-0.7,0.28,-0.51,-0.75,0.42,-0.095
"1983",1983,"Mark van Bommel",2006,"Netherlands",-0.42,-0.14,-0.54,-0.57,-0.14,-0.6,-0.26,-0.19,0,2.33,-0.28,-0.56,-0.7,1.84,0.07,-0.63,-0.79,-0.3975
"1984",1984,"Philip Cocu",2006,"Netherlands",-0.42,0.49,-0.05,0.27,1.44,-0.07,-0.26,1.05,1.51,2.27,0.72,0.25,0.04,0.9,0.07,0.15,0.98,0.1675
"1985",1985,"Rafael van der Vaart",2006,"Netherlands",-0.42,0.97,-0.05,0.39,-0.86,-0.55,-0.26,-0.19,-0.21,-0.11,-0.61,-0.56,-0.7,-0.03,0.65,0.09,-0.74,-0.2625
"1986",1986,"Robin van Persie",2006,"Netherlands",1.46,0.6,0.45,0.51,-0.16,-0.55,1.91,1.94,-0.46,-0.12,0.27,-0.56,0.04,2.77,2.41,1.19,1.39,0.9375
"1987",1987,"Ruud van Nistelrooy",2006,"Netherlands",1.46,0.23,-0.54,0.03,-0.58,-0.98,-0.69,-0.73,0.01,-0.96,-0.72,-0.56,0.04,0.28,-0.22,-0.57,-1.71,-0.735
"1988",1988,"Ryan Babel",2006,"Netherlands",-0.42,-0.59,-0.54,-0.57,-1.35,-1.03,-0.69,-0.9,-0.94,-0.96,-0.72,-0.56,-0.7,-0.65,-1.1,-0.78,-1.93,-0.79
"1989",1989,"Tim de Cler",2006,"Netherlands",-0.42,-0.66,-0.54,-0.7,-0.45,-0.12,-0.26,0.16,0.51,-0.32,-0.06,-0.56,-0.33,-0.97,-0.81,-0.81,0.04,-0.19
"1990",1990,"Wesley Sneijder",2006,"Netherlands",-0.42,0.78,0.94,0.03,1.43,0.26,-0.26,0.16,1.9,0.42,-0.39,1.02,-0.7,-0.34,-0.81,0.68,0.42,0.275
"1991",1991,"Aldo Bobadilla",2006,"Paraguay",-0.42,-0.66,-0.54,-0.7,-0.15,1.74,-0.69,-0.67,-0.94,-0.96,-0.57,-0.56,-0.7,-0.86,-1.1,-0.64,1.07,-0.04
"1992",1992,"Carlos Bonet",2006,"Paraguay",-0.42,-0.42,1.44,-0.7,-0.17,-0.29,-0.69,-0.43,0.01,-0.37,-0.57,0.5,-0.7,-0.86,-0.32,0.48,-0.72,0.00750000000000001
"1993",1993,"Carlos Gamarra",2006,"Paraguay",-0.42,-0.66,-0.54,-0.7,-0.02,0.15,-0.69,0.99,1.01,0.89,2.67,1.19,1.27,-0.86,0.07,-0.6,1.14,-0.0225
"1994",1994,"Carlos Paredes",2006,"Paraguay",-0.42,1.66,-0.54,2.05,0.96,-0.17,-0.11,-0.19,0.52,1.23,0.46,0.59,1.76,3.29,0.46,0.2,-0.36,-0.2525
"1995",1995,"Cristian Riveros",2006,"Paraguay",-0.42,-0.37,-0.54,-0.7,-0.53,-0.42,0.47,-0.43,-0.27,-0.39,-0.13,0.5,0.28,-0.45,0.85,-0.64,-0.85,-0.23
"1996",1996,"Dante López",2006,"Paraguay",-0.42,-0.66,-0.54,-0.37,-1.33,-0.99,-0.69,-0.67,-0.63,-0.96,-0.72,-0.56,-0.21,-0.86,-0.32,-0.84,-1.66,-0.7225
"1997",1997,"Delio Toledo",2006,"Paraguay",-0.42,-0.66,-0.54,-0.7,-0.83,-0.36,-0.11,-0.67,-0.27,-0.37,0.02,-0.56,-0.21,-1.28,0.07,-0.48,-1.03,-0.42
"1998",1998,"Denis Caniza",2006,"Paraguay",-0.42,-0.61,2.1,-0.7,1.26,2.06,-0.11,0.52,0.57,0.44,0.46,0.5,-0.7,-0.03,0.85,1.03,2.58,1.1425
"1999",1999,"Jorge Nunez",2006,"Paraguay",-0.42,-0.37,1.44,-0.7,0.4,1.8,-0.11,-0.19,1.37,-0.41,0.16,-0.56,-0.21,0.8,-0.32,0.71,1.61,0.735
"2000",2000,"Julio César Cáceres",2006,"Paraguay",-0.42,-0.66,-0.54,-0.37,0.08,0.4,-0.69,0.04,0.52,0.98,4.59,0.5,3.24,-0.03,-0.32,-0.84,0.44,-0.1975
"2001",2001,"Julio dos Santos",2006,"Paraguay",-0.42,-0.66,-0.54,-0.21,-0.33,-0.1,-0.69,-0.19,-0.12,-0.05,-0.72,-0.56,-0.7,0.8,-0.71,0.52,-0.29,-0.38
"2002",2002,"Nelson Cuevas",2006,"Paraguay",2.08,0.28,-0.54,0.11,-0.91,-1.12,2.2,0.04,-0.09,-0.96,-0.72,-0.56,-0.21,-1.28,-1.1,-0.48,-1.08,0.145
"2003",2003,"Nelson Haedo Valdez",2006,"Paraguay",-0.42,3.39,-0.54,3.34,-0.1,-0.93,-0.11,0.52,0.42,0.38,-0.28,-0.56,1.76,-0.03,2.02,-0.52,-0.41,-0.265
"2004",2004,"Roberto Acuña",2006,"Paraguay",-0.42,0.08,0.78,-0.21,2.04,1.1,0.47,0.28,0.7,0.23,-0.28,2.95,-0.7,0.38,-0.32,2.27,1.38,0.6575
"2005",2005,"Roque Santa Cruz",2006,"Paraguay",-0.42,1.86,0.12,3.17,1.11,-0.1,0.47,0.04,-0.94,-0.66,-0.57,-0.56,4.23,-1.28,0.46,2.03,-0.06,0.1325
"2006",2006,"Édgar Barreto",2006,"Paraguay",-0.42,-0.12,2.1,-0.53,-0.5,-0.04,-0.69,-0.67,0.4,-0.96,-0.43,-0.56,-0.21,0.8,0.46,1.15,-0.71,0.175
"2007",2007,"Arek Radomski",2006,"Poland",-0.42,-0.66,-0.54,-0.53,2.14,0.72,0.47,-0.19,-0.67,0.5,-0.13,-0.12,0.78,2.04,-0.71,-0.64,0.53,0.115
"2008",2008,"Artur Boruc",2006,"Poland",-0.42,-0.66,-0.54,-0.7,-0.43,0.85,-0.11,-0.67,-0.94,-0.96,-0.43,-0.56,-0.7,-1.28,-0.71,-0.76,0.18,-0.1175
"2009",2009,"Bartosz Bosacki",2006,"Poland",4.59,0.33,-0.54,-0.21,-0.3,0.09,-0.69,0.04,1.54,0.95,0.75,2.5,-0.7,-0.03,-1.1,-0.76,0.13,-0.275
"2010",2010,"Ebi Smolarek",2006,"Poland",-0.42,0.52,0.12,2.53,-0.25,-0.61,1.04,0.28,-0.81,0.27,-0.72,-0.56,-0.7,0.38,2.41,0.32,-0.33,0.2075
"2011",2011,"Ireneusz Jelen",2006,"Poland",-0.42,-0.07,-0.54,1.56,-0.78,-0.74,1.62,0.28,-0.67,-0.85,-0.72,-0.56,-0.21,-0.03,1.63,-0.08,-0.46,0.155
"2012",2012,"Jacek Bak",2006,"Poland",-0.42,-0.66,-0.54,-0.7,0.91,1.42,-0.69,0.04,0.47,3.21,4.59,2.07,3.24,-0.03,0.85,-0.52,1.46,0.0575
"2013",2013,"Jacek Krzynówek",2006,"Poland",-0.42,-0.07,2.76,-0.37,0.35,-0.04,1.04,0.75,-0.94,-0.4,-0.43,-0.56,-0.21,-0.45,0.85,1.47,0.71,1.1275
"2014",2014,"Maciej Zurawski",2006,"Poland",-0.42,0.87,0.12,0.27,0.03,-0.74,-0.11,-0.9,-0.81,-0.51,-0.72,-0.12,0.78,-1.28,0.85,0.4,-1.64,-0.4075
"2015",2015,"Marcin Baszcyznski",2006,"Poland",-0.42,-0.56,0.78,-0.7,1.49,3.01,-0.11,0.28,2.35,0.4,1.34,-0.56,-0.21,-0.45,0.85,-0.08,3.29,0.99
"2016",2016,"Mariusz Jop",2006,"Poland",-0.42,-0.61,-0.54,0.27,-0.33,-0.29,-0.69,-0.19,-0.43,-0.51,0.31,1.17,0.28,-0.03,-1.1,-0.84,-0.48,-0.4275
"2017",2017,"Mariusz Lewandowski",2006,"Poland",-0.42,-0.66,-0.54,-0.7,-1.06,-1.06,-0.69,-0.9,-0.94,-0.63,-0.57,-0.56,-0.7,-1.28,-1.1,-0.84,-1.96,-0.7975
"2018",2018,"Michal Zewlakow",2006,"Poland",-0.42,-0.66,0.12,-0.7,1.69,2.37,-0.69,0.52,3.47,1.38,1.49,2.44,3.24,-0.45,0.46,-0.48,2.89,0.58
"2019",2019,"Miroslaw Szymkowiak",2006,"Poland",-0.42,-0.12,-0.54,-0.37,1.06,0.28,-0.69,-0.67,-0.57,0.47,-0.72,0.71,-0.7,1.21,0.46,0.71,-0.39,-0.405
"2020",2020,"Pawel Brozek",2006,"Poland",-0.42,0.47,-0.54,0.59,-1.18,-0.99,-0.69,-0.19,-0.94,0.03,-0.72,-0.56,-0.7,-0.03,-0.71,-0.4,-1.18,-0.6025
"2021",2021,"Radoslaw Sobolewski",2006,"Poland",-0.42,-0.32,-0.54,-0.37,-0.22,-0.17,0.47,0.04,-0.43,-0.4,-0.57,-0.56,0.28,0.38,-0.71,-0.44,-0.13,-0.05
"2022",2022,"Costinha",2006,"Portugal",-0.42,-0.38,-0.54,-0.3,-0.31,-0.6,-0.69,-0.9,1.18,0.79,-0.36,-0.56,0.11,0.25,-1.1,-0.84,-1.5,-0.6825
"2023",2023,"Cristiano Ronaldo",2006,"Portugal",0.6,2.74,0,0.49,0.37,-0.5,3.57,2.87,-0.28,0.22,-0.66,-0.56,-0.3,0.08,2.56,0.06,2.37,1.485
"2024",2024,"Deco",2006,"Portugal",0.6,0.15,0.54,-0.23,0.32,-0.08,1.44,1.52,-0.21,-0.67,-0.72,-0.56,-0.7,-0.26,0.97,0.24,1.44,0.855
"2025",2025,"Fernando Meira",2006,"Portugal",-0.42,-0.48,-0.54,-0.43,0.62,0.26,-0.69,-0.23,2.83,2.07,1.69,1.03,1.32,0.25,-0.14,-0.76,0.03,-0.3
"2026",2026,"Hugo Miguel Ferreira Viana",2006,"Portugal",-0.42,-0.48,-0.54,-0.63,-1.01,-0.94,-0.69,-0.81,-0.5,-0.55,-0.72,0.19,-0.7,-1.11,-1.1,-0.79,-1.75,-0.745
"2027",2027,"Hélder Postiga",2006,"Portugal",-0.42,-0.46,-0.54,0.1,-1.23,-1.09,-0.69,-0.81,-0.94,-0.83,-0.72,-0.56,-0.3,-0.26,-0.94,-0.66,-1.9,-0.7825
"2028",2028,"Luis Figo",2006,"Portugal",-0.42,0.29,1.62,0.16,0.83,0.44,2.62,2.39,-0.36,0.43,-0.36,-0.56,-0.1,0.59,2.41,2.3,2.83,1.7675
"2029",2029,"Maniche",2006,"Portugal",1.63,0.85,-0.54,0.03,2.34,0.39,-0.22,0.16,0.06,-0.02,-0.54,-0.56,-0.1,-0.26,-0.62,-0.46,0.55,-0.0525
"2030",2030,"Marco Caneira",2006,"Portugal",-0.42,-0.66,-0.27,-0.7,-0.98,-0.57,-0.69,-0.71,-0.78,-0.56,-0.48,-0.56,-0.7,-0.77,-0.62,-0.67,-1.28,-0.56
"2031",2031,"Miguel",2006,"Portugal",-0.42,-0.52,0,0.03,1.24,1.87,1.68,1.9,1.07,1.05,0.18,-0.56,0.31,-0.09,-0.3,0.48,3.77,1.3625
"2032",2032,"Nuno Gomes",2006,"Portugal",0.6,0.04,-0.54,0.03,-1.38,-1.12,-0.69,-0.9,-0.94,-0.96,-0.72,-0.56,-0.5,-0.94,-1.1,-0.66,-2.02,-0.8125
"2033",2033,"Nuno Valente",2006,"Portugal",-0.42,-0.5,0.27,-0.17,1.63,2.05,0.02,0.35,1.96,1.63,1.03,1.62,0.71,0.76,-0.62,-0.12,2.4,0.6725
"2034",2034,"Pauleta",2006,"Portugal",0.6,0.98,-0.54,1.55,-1.05,-1.07,-0.22,-0.71,-0.49,-0.6,-0.54,-0.56,-0.3,-0.43,-1.1,-0.43,-1.78,-0.635
"2035",2035,"Paulo Ferreira",2006,"Portugal",-0.42,-0.66,-0.54,-0.63,-0.59,-0.11,-0.69,-0.32,0.08,-0.63,-0.54,-0.56,-0.7,-0.94,-0.78,-0.8,-0.43,-0.415
"2036",2036,"Petit",2006,"Portugal",-0.42,-0.4,-0.27,-0.63,0.95,0.28,-0.69,-0.71,0.38,1.01,0,1.67,0.11,0.25,-0.46,-0.3,-0.43,-0.3475
"2037",2037,"Ricardo Alexandre Pereira",2006,"Portugal",-0.42,-0.66,-0.54,-0.7,-0.27,1.14,-0.45,-0.61,-0.94,-0.96,-0.54,-0.56,-0.5,-1.28,-0.62,-0.69,0.53,-0.115
"2038",2038,"Ricardo Carvalho",2006,"Portugal",-0.42,-0.48,-0.54,-0.56,0.55,0.6,-0.69,-0.13,0.79,1.91,1.33,1.52,0.71,-0.09,-0.46,-0.54,0.47,-0.19
"2039",2039,"Ricardo Costa",2006,"Portugal",-0.42,-0.66,-0.54,-0.7,-1.18,-0.94,-0.69,-0.9,-0.72,-0.39,-0.36,-0.56,-0.7,-0.94,-0.78,-0.84,-1.84,-0.7675
"2040",2040,"Simão",2006,"Portugal",0.6,1.66,0.27,0.03,0.23,-0.11,0.26,1.03,-0.29,-0.13,-0.66,-0.41,0.51,0.93,1.13,1.13,0.92,0.3625
"2041",2041,"Tiago",2006,"Portugal",-0.42,-0.04,-0.27,-0.1,-0.08,-0.6,-0.22,-0.13,-0.11,-0.61,-0.42,0.26,0.31,-0.43,0.34,-0.46,-0.73,-0.305
"2042",2042,"Abdulaziz Al Khathran",2006,"Saudi Arabia",-0.42,-0.66,0.12,-0.7,-0.17,0.28,-0.11,-0.19,-0.68,0.27,-0.43,-0.56,-0.21,-0.86,0.46,0.08,0.09,0.025
"2043",2043,"Ahmed Dukhi Al Dosari",2006,"Saudi Arabia",-0.42,-0.56,-0.54,-0.53,0.71,1.55,2.2,1.46,1.86,1.23,1.49,0.59,0.78,0.8,-0.71,-0.36,3.01,1.1675
"2044",2044,"Hamad Al-Montashari",2006,"Saudi Arabia",-0.42,-0.37,-0.54,-0.37,0.96,0.15,0.47,1.46,1.21,0.57,1.93,2.89,0.28,-0.45,0.07,-0.16,1.61,0.385
"2045",2045,"Hussein Al Sulaimani",2006,"Saudi Arabia",-0.42,0.87,0.78,0.11,1.06,1.48,1.04,1.7,1.01,2.27,0.16,-0.56,-0.21,-0.86,1.24,0.63,3.18,1.25
"2046",2046,"Khaled Aziz",2006,"Saudi Arabia",-0.42,-0.47,-0.54,-0.7,0.83,-0.36,-0.69,0.52,1.1,1.46,0.02,0.59,-0.7,1.21,1.24,-0.36,0.16,-0.2675
"2047",2047,"Mabrouk Zayed",2006,"Saudi Arabia",-0.42,-0.66,-0.54,-0.7,0.1,1.74,-0.69,-0.9,-0.6,-0.96,-0.57,-0.56,-0.21,-1.28,-0.32,-0.84,0.84,-0.0975
"2048",2048,"Malek Mouath Al-Hawsawi",2006,"Saudi Arabia",-0.42,-0.47,0.12,-0.05,-1.08,-0.87,-0.11,-0.19,-0.26,-0.96,-0.72,-0.56,-0.21,-0.03,0.85,-0.2,-1.06,-0.2625
"2049",2049,"Mohammed Ameen Haidar",2006,"Saudi Arabia",-0.42,-0.66,0.12,-0.05,-1.18,-0.87,-0.11,-0.19,-0.94,-0.96,-0.72,-0.56,-0.7,-0.45,-0.71,-0.44,-1.06,-0.2625
"2050",2050,"Mohammed Noor",2006,"Saudi Arabia",-0.42,0.33,0.78,0.27,-0.02,-0.04,2.78,1.46,0.62,0.09,-0.28,-0.56,0.28,1.21,0.85,3.18,1.42,1.245
"2051",2051,"Nawaf Al Temyat",2006,"Saudi Arabia",-0.42,-0.07,0.12,-0.53,-0.38,-0.49,0.47,0.99,0.56,-0.43,-0.57,-0.13,-0.7,-0.45,0.85,0.04,0.5,0.2725
"2052",2052,"Omar Al-Ghamdi",2006,"Saudi Arabia",-0.42,-0.37,-0.54,-0.53,0.35,0.02,-0.69,-0.19,-0.25,-0.06,0.02,0.59,0.28,0.8,1.24,-0.4,-0.17,-0.35
"2053",2053,"Redha Tukar",2006,"Saudi Arabia",-0.42,0.18,-0.54,-0.37,1.21,1.23,0.47,1.23,0.67,1.07,2.67,5.19,-0.21,1.63,-0.32,-0.64,2.46,0.5975
"2054",2054,"Sa'ad Al-Harthi",2006,"Saudi Arabia",-0.42,0.03,-0.54,-0.05,-1.23,-0.99,-0.69,-0.67,-0.81,-0.74,-0.72,-0.56,0.78,-0.03,0.46,-0.56,-1.66,-0.7225
"2055",2055,"Sami Al-Jaber",2006,"Saudi Arabia",2.08,0.08,-0.54,0.11,-1.16,-0.99,-0.69,0.28,-0.94,-0.85,-0.72,-0.56,-0.7,0.8,-0.32,-0.52,-0.71,-0.485
"2056",2056,"Saud Kariri",2006,"Saudi Arabia",-0.42,-0.51,-0.54,-0.37,0.25,-0.42,-0.69,-0.19,-0.47,0.8,-0.13,-0.56,1.76,1.21,0.07,-0.4,-0.61,-0.46
"2057",2057,"Yasser Al-Qahtani",2006,"Saudi Arabia",2.08,1.02,-0.54,1.72,-0.91,-0.93,-0.11,-0.19,-0.59,-0.66,-0.57,-0.56,-0.21,-0.03,0.46,0,-1.12,-0.4425
"2058",2058,"Albert Nadj",2006,"Serbia",-0.42,-0.66,-0.54,-0.7,-0.85,-0.87,-0.69,-0.9,-0.66,-0.5,-0.72,-0.56,0.28,-0.45,0.85,-0.84,-1.77,-0.75
"2059",2059,"Danijel Ljuboja",2006,"Serbia",-0.42,-0.66,-0.54,-0.37,-1.13,-0.87,-0.69,-0.43,-0.94,-0.96,-0.72,-0.56,-0.7,-1.28,-0.71,-0.24,-1.3,-0.6325
"2060",2060,"Dejan Stankovic",2006,"Serbia",-0.42,0.38,0.78,-0.05,-0.07,-0.1,-0.69,0.04,-0.74,-0.7,-0.13,0.34,-0.7,2.04,1.24,0.6,-0.06,0.00750000000000001
"2061",2061,"Dragoslav Jevric",2006,"Serbia",-0.42,-0.66,-0.54,-0.7,-0.4,1.29,-0.69,-0.9,-0.94,-0.96,-0.72,-0.56,-0.7,-1.28,-1.1,-0.76,0.39,-0.21
"2062",2062,"Goran Gavrancic",2006,"Serbia",-0.42,-0.27,-0.54,-0.37,-0.38,-0.1,-0.69,-0.9,-0.84,-0.49,2.23,0.44,0.28,-0.03,1.24,-0.6,-1,-0.5575
"2063",2063,"Igor Duljaj",2006,"Serbia",-0.42,-0.66,-0.54,-0.7,0.3,0.21,-0.69,-0.9,0.07,-0.29,0.46,0.17,-0.7,2.46,0.46,-0.84,-0.69,-0.48
"2064",2064,"Ivan Ergic",2006,"Serbia",-0.42,-0.56,-0.54,-0.7,-0.68,-0.74,1.04,0.04,-0.72,-0.71,-0.72,0.02,-0.7,-0.86,-0.32,-0.72,-0.7,-0.05
"2065",2065,"Ivica Dragutinovic",2006,"Serbia",-0.42,-0.66,0.12,-0.7,-0.85,-0.29,-0.69,-0.9,-0.94,-0.96,-0.43,-0.56,-0.21,-0.45,-0.32,-0.04,-1.19,-0.44
"2066",2066,"Mateja Kezman",2006,"Serbia",-0.42,-0.27,0.12,1.08,-0.96,-0.99,-0.11,-0.43,-0.7,-0.86,-0.72,-0.56,-0.7,1.21,0.07,0.08,-1.42,-0.3525
"2067",2067,"Milan Dudic",2006,"Serbia",-0.42,-0.66,-0.54,-0.7,-0.75,-0.49,-0.69,-0.9,-0.7,-0.82,1.64,-0.38,-0.7,-0.03,-1.1,-0.64,-1.39,-0.655
"2068",2068,"Mladen Krstajic",2006,"Serbia",-0.42,-0.56,0.12,-0.05,-0.4,-0.1,-0.69,0.04,-0.69,-0.46,1.2,0.27,1.27,-0.03,-1.1,0.83,-0.06,-0.1575
"2069",2069,"Nenad Djordjevic",2006,"Serbia",-0.42,-0.66,0.12,-0.7,-1.01,-0.49,-0.69,-0.9,-0.88,-0.91,-0.28,-0.56,-0.7,-1.28,-1.1,-0.6,-1.39,-0.49
"2070",2070,"Nikola Zigic",2006,"Serbia",2.08,0.87,-0.54,0.27,-1.13,-1.06,-0.69,-0.43,-0.88,-0.88,-0.28,-0.38,1.27,1.21,0.07,-0.16,-1.49,-0.68
"2071",2071,"Ognjen Koroman",2006,"Serbia",-0.42,-0.42,1.44,0.11,-0.83,-0.61,0.47,0.04,-0.94,-0.61,-0.57,-0.56,-0.7,0.8,-0.32,0.24,-0.57,0.335
"2072",2072,"Predrag Djordjevic",2006,"Serbia",-0.42,-0.17,1.44,0.43,1.21,1.1,1.62,4.07,-0.79,-0.91,0.31,-0.56,-0.7,-0.45,2.02,2.03,5.17,2.0575
"2073",2073,"Sasa Ilic",2006,"Serbia",2.08,-0.12,0.12,-0.21,-0.73,-0.68,0.47,-0.67,-0.94,-0.91,-0.43,-0.38,-0.21,-0.03,-1.1,1.11,-1.35,-0.19
"2074",2074,"Savo Milosevic",2006,"Serbia",-0.42,1.76,-0.54,1.72,-0.63,-0.99,1.04,0.52,-0.94,-0.86,-0.57,-0.56,-0.21,1.21,0.46,-0.36,-0.47,0.00750000000000001
"2075",2075,"Ahn Jung-Hwan",2006,"South Korea",2.08,0.33,-0.54,0.43,-0.75,-1.06,-0.69,-0.19,-0.94,-0.96,-0.72,-0.56,-0.7,-1.28,-1.1,-0.28,-1.25,-0.62
"2076",2076,"Cho Jae-Jin",2006,"South Korea",-0.42,0.87,-0.54,4.95,-0.43,-0.87,-0.69,-0.67,-0.58,-0.64,-0.72,-0.56,8.17,0.8,0.46,0.6,-1.54,-0.6925
"2077",2077,"Eul-Young Lee",2006,"South Korea",-0.42,-0.42,0.12,-0.7,-0.15,-0.29,0.47,-0.67,-0.31,-0.49,-0.43,-0.56,-0.21,-0.03,0.07,-0.4,-0.96,-0.0925
"2078",2078,"Ho Lee",2006,"South Korea",-0.42,-0.47,-0.54,-0.05,1.14,-0.29,1.04,-0.19,1.3,0.56,-0.43,-0.56,0.78,0.8,1.24,0.52,-0.48,0.005
"2079",2079,"Jin-Cheul Choi",2006,"South Korea",-0.42,-0.66,-0.54,-0.53,1.24,1.17,-0.69,0.04,1.84,2.72,1.93,1.57,0.78,-0.03,-0.32,0.08,1.21,-0.005
"2080",2080,"Jin-Kyu Kim",2006,"South Korea",-0.42,0.97,-0.54,-0.21,-0.25,0.09,-0.69,-0.67,-0.31,-0.08,-0.13,-0.56,-0.7,0.38,-0.71,-0.4,-0.58,-0.4525
"2081",2081,"Kim Dong-Jin",2006,"South Korea",-0.42,-0.32,1.44,-0.21,0.18,0.09,-0.69,-0.19,0.05,0,0.31,-0.56,0.28,-0.45,-0.71,0.83,-0.1,0.1625
"2082",2082,"Kim Nam-Il",2006,"South Korea",-0.42,-0.66,-0.54,-0.37,1.01,0.34,-0.69,0.28,3.24,0.32,0.75,1.24,-0.21,1.21,0.07,0.4,0.62,-0.1525
"2083",2083,"Lee Chon-Su",2006,"South Korea",2.08,0.77,4.07,0.92,0.35,-0.36,0.47,0.28,-0.22,-0.08,-0.72,-0.56,0.28,-0.03,-0.32,2.94,-0.08,1.115
"2084",2084,"Lee Woon-Jae",2006,"South Korea",-0.42,-0.66,-0.54,-0.7,-0.1,1.1,-0.69,-0.43,-0.94,-0.96,-0.43,-0.56,-0.7,-1.28,-1.1,-0.64,0.67,-0.14
"2085",2085,"Lee Young-Pyo",2006,"South Korea",-0.42,-0.66,2.1,-0.53,2.17,2.25,1.62,1.94,1.37,1.59,-0.43,-0.56,-0.21,-0.03,0.85,0.75,4.19,1.9775
"2086",2086,"Park Chu-Young",2006,"South Korea",-0.42,-0.07,-0.54,0.11,-1.06,-0.99,-0.69,-0.67,-0.22,-0.64,-0.72,-0.56,-0.7,-0.86,-1.1,-0.84,-1.66,-0.7225
"2087",2087,"Park Ji-Sung",2006,"South Korea",2.08,1.12,1.44,2.05,0.61,-0.29,-0.69,0.99,1.73,-0.17,-0.72,-0.56,0.28,-0.03,3.57,2.03,0.7,0.3625
"2088",2088,"Sang Sik Kim",2006,"South Korea",-0.42,-0.66,-0.54,-0.7,-1.33,-0.99,-0.69,-0.9,-0.94,-0.73,-0.43,-0.56,-0.7,-0.86,-1.1,-0.64,-1.89,-0.78
"2089",2089,"Seol Ki-Hyeon",2006,"South Korea",-0.42,-0.37,0.12,-0.37,-1.16,-0.93,-0.69,0.28,-0.41,-0.64,-0.72,-0.56,-0.7,-0.03,-0.71,-0.52,-0.65,-0.305
"2090",2090,"Song Chong-Gug",2006,"South Korea",-0.42,-0.56,0.12,-0.7,0.35,0.79,-0.69,-0.19,1.58,-0.96,-0.72,-0.56,-0.7,-0.03,-1.1,0.2,0.6,0.00750000000000003
"2091",2091,"Young-Chul Kim",2006,"South Korea",-0.42,-0.66,-0.54,-0.7,0.28,-0.42,-0.69,-0.43,-0.31,-0.73,0.31,0.34,0.78,-0.86,0.07,-0.84,-0.85,-0.52
"2092",2092,"Andrés Iniesta",2006,"Spain",-0.42,-0.4,-0.54,-0.33,-0.69,-0.79,-0.26,-0.19,-0.05,-0.57,-0.72,-0.56,-0.33,-0.97,-1.1,0.3,-0.98,-0.445
"2093",2093,"Antonio López",2006,"Spain",-0.42,-0.55,-0.54,-0.45,-0.24,0.31,0.18,-0.55,0.84,1.42,-0.28,-0.56,-0.7,-0.97,-0.22,-0.75,-0.24,-0.15
"2094",2094,"Carles Puyol",2006,"Spain",-0.42,-0.66,-0.54,-0.7,1.03,0.36,-0.26,-0.73,1.78,4.45,1.38,2,0.04,0.28,0.36,-0.6,-0.37,-0.2925
"2095",2095,"Carlos Marchena",2006,"Spain",-0.42,-0.66,-0.54,-0.7,-0.28,0.02,-0.69,-0.37,-0.49,1.02,0.27,-0.56,-0.33,0.59,-0.81,-0.84,-0.35,-0.395
"2096",2096,"Cesc Fàbregas",2006,"Spain",-0.42,0.3,-0.54,0.03,1.97,0.79,0.61,-0.19,1.66,1.49,-0.5,-0.56,-0.7,0.9,0.07,0.21,0.6,0.1675
"2097",2097,"David Albelda",2006,"Spain",-0.42,-0.33,-0.54,-0.7,0.37,0.31,-0.69,-0.73,3.06,0.23,-0.61,-0.56,-0.33,-0.34,-0.22,0.12,-0.42,-0.4125
"2098",2098,"David Villa",2006,"Spain",5.22,6.39,-0.54,0.76,-0.71,-0.83,-0.26,-0.37,-0.12,-0.56,-0.72,-0.56,-0.33,0.28,0.07,0.24,-1.2,-0.5
"2099",2099,"Fernando Torres",2006,"Spain",5.22,4.68,-0.05,4.63,-0.48,-0.74,2.78,1.05,-0.49,0.3,-0.72,-0.56,1.15,-0.34,2.7,0.92,0.31,0.76
"2100",2100,"Iker Casillas",2006,"Spain",-0.42,-0.66,-0.54,-0.7,-0.45,0.64,-0.69,-0.73,-0.94,-0.96,-0.61,-0.56,-0.7,-1.28,-0.22,-0.78,-0.09,-0.33
"2101",2101,"Joaquín",2006,"Spain",-0.42,0.64,1.44,0.39,-0.22,-0.55,4.08,1.76,-0.49,0.69,-0.72,-0.56,-0.7,0.28,-0.22,1.4,1.21,1.6825
"2102",2102,"José Antonio Reyes",2006,"Spain",-0.42,0.23,1.93,0.39,-0.94,-0.69,1.91,-0.19,-0.49,-0.57,-0.72,-0.56,-0.7,-0.65,-0.51,1.94,-0.88,0.74
"2103",2103,"Juanito",2006,"Spain",1.46,0.04,-0.54,0.15,-0.8,-0.31,-0.26,-0.55,-0.05,1.02,0.61,-0.56,0.78,-0.65,-1.1,-0.39,-0.86,-0.415
"2104",2104,"Luis García",2006,"Spain",-0.42,0.3,-0.05,1.24,-0.43,-0.93,0.18,-0.55,-0.45,-0.3,-0.5,-0.56,-0.7,-0.03,0.95,0.15,-1.48,-0.3375
"2105",2105,"Marcos Senna",2006,"Spain",-0.42,-0.22,-0.54,-0.57,-0.07,0.02,0.18,-0.02,-0.08,1.66,-0.5,-0.56,-0.33,-0.03,-1.1,-0.69,0,-0.09
"2106",2106,"Mariano Pernía",2006,"Spain",-0.42,-0.29,1.93,-0.7,1.5,2.31,-0.26,0.16,1.56,2.82,0.05,-0.56,-0.7,0.59,-0.22,0.86,2.47,1.035
"2107",2107,"Míchel Salgado",2006,"Spain",-0.42,-0.66,-0.54,-0.7,-0.35,-0.12,-0.69,-0.37,0.4,1.02,-0.5,0.97,-0.7,-0.97,-0.51,-0.78,-0.49,-0.43
"2108",2108,"Pablo Ibáñez",2006,"Spain",-0.42,-0.66,-0.54,-0.33,0.73,0.26,-0.69,-0.9,1.26,0.96,0.61,2.25,0.04,-0.65,-0.22,-0.51,-0.64,-0.4675
"2109",2109,"Raúl",2006,"Spain",1.46,0.93,-0.05,0.76,-0.33,-0.64,-0.26,-0.55,0.33,-0.2,-0.72,-0.56,-0.7,-0.34,-0.22,-0.03,-1.19,-0.375
"2110",2110,"Santiago Cañizares",2006,"Spain",-0.42,-0.66,-0.54,-0.7,-1.03,-0.36,-0.69,-0.9,-0.94,-0.96,-0.61,-0.56,-0.7,-1.28,-0.81,-0.84,-1.26,-0.6225
"2111",2111,"Sergio Ramos",2006,"Spain",-0.42,0.49,0.45,0.76,2.09,2.6,0.18,0.52,0.81,1.69,1.16,-0.56,0.78,0.9,0.95,0.48,3.12,0.9375
"2112",2112,"Xabi Alonso",2006,"Spain",1.46,0.04,-0.54,-0.21,1.92,0.69,-0.26,-0.19,2.78,4.74,-0.39,0.97,-0.7,0.28,-0.81,-0.57,0.5,-0.075
"2113",2113,"Xavi",2006,"Spain",-0.42,-0.33,5.39,-0.7,3.01,1.74,0.18,0.16,0.85,3.02,-0.72,-0.56,-0.7,-0.65,0.65,3.94,1.9,1.8675
"2114",2114,"Anders Svensson",2006,"Sweden",-0.42,-0.66,-0.54,-0.45,-0.97,-0.74,-0.69,-0.73,0.44,-0.14,-0.72,-0.56,-0.7,-0.97,-1.1,-0.81,-1.47,-0.675
"2115",2115,"Andreas Isaksson",2006,"Sweden",-0.42,-0.66,-0.54,-0.7,-0.35,0.93,-0.69,-0.73,-0.94,-0.96,-0.5,-0.56,-0.7,-1.28,-1.1,-0.81,0.2,-0.2575
"2116",2116,"Christian Wilhelmsson",2006,"Sweden",-0.42,-0.18,-0.54,0.27,-0.18,-0.55,1.48,0.52,0.6,-0.56,-0.5,-0.2,-0.7,-0.03,0.36,0.33,-0.03,0.2275
"2117",2117,"Erik Edman",2006,"Sweden",-0.42,-0.22,1.93,-0.7,2.48,3.5,0.18,0.69,-0.38,1.69,0.83,-0.56,0.04,0.59,-0.51,1.67,4.19,1.575
"2118",2118,"Fredrik Ljungberg",2006,"Sweden",1.46,0.71,2.43,2.09,0.97,0.5,3.65,3.18,0.71,0.63,-0.72,-0.56,0.41,0.28,3.87,4.35,3.68,2.44
"2119",2119,"Henrik Larsson",2006,"Sweden",1.46,4.9,-0.05,4.14,0.05,-0.45,-0.26,-0.55,0.14,-0.87,-0.61,-0.56,1.89,0.59,-0.22,0.95,-1,-0.3275
"2120",2120,"Kim Källström",2006,"Sweden",-0.42,0.56,1.44,0.63,0.16,0.21,0.61,-0.19,1.05,0.99,-0.5,-0.05,-0.33,-0.03,-0.81,1.64,0.02,0.5175
"2121",2121,"Marcus Allbäck",2006,"Sweden",1.46,1.9,-0.05,1.72,-0.99,-0.83,-0.69,-0.55,0.13,-0.41,-0.61,0.49,-0.33,0.59,0.65,0.21,-1.38,-0.53
"2122",2122,"Mattias Jonson",2006,"Sweden",-0.42,-0.51,0.45,0.27,-0.82,-0.74,-0.26,-0.37,-0.38,-0.74,-0.28,-0.05,0.41,0.59,-0.22,0.24,-1.11,-0.23
"2123",2123,"Niclas Alexandersson",2006,"Sweden",-0.42,-0.66,3.41,-0.7,1.35,2.74,-0.26,1.94,0.13,1.08,0.94,1.56,-0.33,0.28,-0.51,2.15,4.68,1.9575
"2124",2124,"Olof Mellberg",2006,"Sweden",-0.42,0.34,-0.54,1.6,0.61,0.4,-0.69,0.69,1.98,0.58,2.93,0.66,4.85,-0.03,0.07,-0.03,1.09,-0.035
"2125",2125,"Petter Hansson",2006,"Sweden",-0.42,-0.48,-0.54,-0.09,-1.05,-0.83,-0.69,-0.37,-0.73,-0.59,-0.39,-0.2,0.04,-1.28,-1.1,-0.84,-1.2,-0.6075
"2126",2126,"Rami Shaaban",2006,"Sweden",-0.42,-0.66,-0.54,-0.7,-1.09,-0.6,-0.69,-0.9,-0.94,-0.96,-0.72,-0.56,-0.7,-1.28,-1.1,-0.84,-1.5,-0.6825
"2127",2127,"Teddy Lucic",2006,"Sweden",-0.42,-0.29,-0.54,0.15,-0.18,-0.5,-0.26,-0.9,0.75,0,1.27,2.56,0.41,0.59,-1.1,-0.45,-1.4,-0.55
"2128",2128,"Tobias Linderoth",2006,"Sweden",-0.42,-0.66,3.41,-0.7,1.5,1.17,-0.69,-0.19,3.51,2.09,-0.06,0.85,0.04,0.9,-0.22,2.92,0.98,0.925
"2129",2129,"Zlatan Ibrahimovic",2006,"Sweden",-0.42,2.23,-0.54,4.38,-0.67,-0.79,-0.26,-0.37,0.55,-0.68,-0.39,-0.56,1.15,0.28,-0.22,1.43,-1.16,-0.49
"2130",2130,"Alexander Frei",2006,"Switzerland",3.05,2.73,-0.54,2.32,-0.51,-0.68,-0.29,-0.41,-0.94,-0.29,-0.72,-0.56,-0.7,-0.13,1.06,0.15,-1.09,-0.48
"2131",2131,"Christoph Spycher",2006,"Switzerland",-0.42,-0.63,-0.54,-0.47,-0.7,-0.37,-0.29,-0.25,-0.19,-0.3,0.3,-0.56,-0.02,-0.99,-0.02,-0.51,-0.62,-0.3625
"2132",2132,"Daniel Gygax",2006,"Switzerland",-0.42,0.5,-0.54,-0.47,-1.31,-1.08,-0.69,-0.74,-0.42,-0.96,-0.72,-0.56,0.66,-0.7,-0.56,-0.75,-1.82,-0.7625
"2133",2133,"Hakan Yakin",2006,"Switzerland",-0.42,0.71,-0.09,0.64,-0.73,-0.86,-0.29,-0.58,0.76,-0.3,-0.41,-0.56,-0.02,-0.13,1.06,-0.26,-1.44,-0.455
"2134",2134,"Johan Djourou",2006,"Switzerland",-0.42,-0.66,-0.54,-0.7,-1.07,-0.68,-0.69,-0.9,-0.69,-0.18,0.2,0.74,-0.02,-0.7,-0.83,-0.84,-1.58,-0.7025
"2135",2135,"Johann Vogel",2006,"Switzerland",-0.42,-0.49,-0.54,-0.47,1.95,1.43,0.51,0.57,0.39,5.7,0.5,-0.56,0.32,-0.13,-0.02,-0.45,2,0.4925
"2136",2136,"Ludovic Magnin",2006,"Switzerland",-0.42,-0.59,1.28,-0.58,1.57,2.84,1.71,1.23,2.67,2.3,0.5,1.62,1.35,1.31,-0.83,1.26,4.07,1.765
"2137",2137,"Marco Streller",2006,"Switzerland",-0.42,-0.46,-0.54,-0.25,-1.15,-0.99,-0.29,-0.74,-0.68,-0.5,-0.72,-0.56,0.32,-0.13,0.25,-0.51,-1.73,-0.64
"2138",2138,"Pascal Zuberbuhler",2006,"Switzerland",-0.42,-0.66,-0.54,-0.7,0.05,1.69,-0.69,-0.58,-0.94,-0.96,-0.52,-0.56,-0.7,-1.28,-0.83,-0.75,1.11,-0.03
"2139",2139,"Patrick Müller",2006,"Switzerland",-0.42,-0.42,-0.54,-0.47,1.24,1.21,-0.29,-0.25,0.79,2.23,2.65,1.21,1.69,-0.99,-0.29,-0.53,0.96,0.0325
"2140",2140,"Philipp Degen",2006,"Switzerland",-0.42,-0.66,1.28,-0.25,2.23,3.32,0.91,-0.41,2.27,0.45,1.42,0.29,1.35,1.6,0.79,-0.2,2.91,1.275
"2141",2141,"Philippe Senderos",2006,"Switzerland",1.31,-0.36,-0.54,-0.36,-0.11,0.16,-0.29,-0.58,-0.36,-0.52,1.12,0.29,-0.02,-0.42,-0.56,-0.84,-0.42,-0.3125
"2142",2142,"Raphael Wicky",2006,"Switzerland",-0.42,-0.63,-0.54,-0.58,1.2,0.42,0.51,-0.08,0.27,1.74,0.2,-0.56,3.05,-0.13,-0.02,-0.23,0.34,0.0775
"2143",2143,"Ricardo Cabanas",2006,"Switzerland",-0.42,-0.25,-0.09,-0.47,1.43,0.2,-0.69,-0.58,2.41,0.9,-0.21,0.74,-0.7,0.73,0.52,0.6,-0.38,-0.29
"2144",2144,"Stéphane Grichting",2006,"Switzerland",-0.42,-0.66,-0.54,-0.7,-0.94,-0.81,-0.69,-0.9,0.2,0.38,0.3,-0.56,-0.36,-1.28,-0.83,-0.84,-1.71,-0.735
"2145",2145,"Tranquillo Barnetta",2006,"Switzerland",1.31,0.6,3.11,1.43,0.99,0.46,0.91,2.37,2.52,2.08,-0.11,0.51,0.66,1.02,2.14,2.33,2.83,1.7125
"2146",2146,"Xavier Margairaz",2006,"Switzerland",-0.42,-0.66,-0.54,-0.58,-1.38,-1.03,-0.69,-0.74,-0.94,-0.96,-0.72,-0.56,-0.7,-1.28,-0.83,-0.42,-1.77,-0.75
"2147",2147,"Adekanmi Olufade",2006,"Togo",-0.42,-0.66,-0.54,-0.7,-1.41,-1.12,-0.69,-0.9,-0.62,-0.96,-0.72,-0.56,-0.7,-0.45,-0.71,-0.84,-2.02,-0.8125
"2148",2148,"Agassa Kossi",2006,"Togo",-0.42,-0.66,-0.54,-0.7,-0.43,1.17,-0.69,-0.9,-0.78,-0.82,-0.72,-0.56,-0.7,-1.28,-1.1,-0.52,0.27,-0.24
"2149",2149,"Alaixys Romao",2006,"Togo",-0.42,-0.66,-0.54,-0.7,0.03,-0.17,-0.69,-0.43,0.4,0.32,-0.57,-0.56,-0.7,0.8,0.07,-0.4,-0.6,-0.4575
"2150",2150,"Assimiou Touré",2006,"Togo",-0.42,-0.66,-0.54,-0.7,-0.55,-0.42,-0.69,-0.67,-0.49,0.15,0.75,-0.56,0.28,-0.86,-0.71,-0.76,-1.09,-0.58
"2151",2151,"Chérif Touré Maman",2006,"Togo",-0.42,0.03,0.78,-0.37,0.35,-0.36,2.2,0.75,-0.33,-0.8,-0.13,-0.25,0.28,2.46,-0.71,0.24,0.39,0.8425
"2152",2152,"Daré Nibombe",2006,"Togo",-0.42,-0.51,-0.54,-0.05,0.23,-0.23,-0.11,0.75,-0.06,1.25,2.97,2.35,0.28,-0.45,-0.71,-0.84,0.52,-0.0325
"2153",2153,"Emmanuel Adebayor",2006,"Togo",-0.42,0.52,0.12,2.85,0.58,-0.87,1.04,0.99,-0.94,-0.64,-0.72,-0.56,2.75,1.21,1.63,0.71,0.12,0.32
"2154",2154,"Jean-Paul Abalo",2006,"Togo",-0.42,-0.66,-0.54,-0.7,-0.85,-0.68,-0.69,-0.67,-0.94,-0.68,1.34,1.05,-0.7,-0.45,-1.1,-0.84,-1.35,-0.645
"2155",2155,"Junior Senaya",2006,"Togo",-0.42,-0.27,1.44,-0.21,-0.17,-0.55,-0.11,0.28,-0.62,-0.38,-0.57,-0.56,-0.21,-0.45,3.18,0.67,-0.27,0.265
"2156",2156,"Ludovic Assemoassa",2006,"Togo",-0.42,-0.66,-0.54,-0.7,-0.88,-0.68,-0.11,-0.9,-0.94,-0.96,0.31,-0.56,-0.7,-0.45,-0.32,-0.84,-1.58,-0.5575
"2157",2157,"Massamasso Tchangai",2006,"Togo",-0.42,-0.56,-0.54,-0.7,0.38,1.1,0.47,0.04,-0.69,-0.5,1.93,0.89,0.28,-1.28,-0.71,-0.76,1.14,0.2675
"2158",2158,"Mohammed Toure",2006,"Togo",2.08,1.61,-0.54,1.72,-0.3,-1.12,2.2,1.7,-0.78,-0.96,-0.72,-0.56,0.78,0.8,1.24,0.36,0.58,0.56
"2159",2159,"Moustapha Salifou",2006,"Togo",-0.42,0.28,0.12,0.59,0.73,0.09,3.94,1.94,-0.04,0.94,-0.57,-0.25,0.78,2.46,0.46,0.48,2.03,1.5225
"2160",2160,"Richmond Forson",2006,"Togo",-0.42,-0.66,0.78,-0.7,0.38,0.91,-0.11,-0.19,-0.15,-0.04,0.61,-0.56,-0.21,0.38,-0.71,-0.2,0.72,0.3475
"2161",2161,"Thomas Dossevi",2006,"Togo",-0.42,-0.32,0.12,0.11,-0.85,-0.93,0.47,1.23,-0.24,-0.48,-0.72,-0.56,-0.7,-0.86,-1.1,-0.28,0.3,0.2225
"2162",2162,"Yao Aziawonou",2006,"Togo",-0.42,-0.51,-0.54,-0.7,-0.38,-0.74,-0.69,-0.9,-0.94,-0.54,-0.28,-0.56,-0.21,0.8,-0.71,-0.36,-1.64,-0.7175
"2163",2163,"Aurtis Whitley",2006,"Trinidad and Tobago",-0.42,-0.17,-0.54,-0.7,-0.63,-0.8,0.47,0.28,-0.57,0.28,-0.28,-0.56,-0.7,1.21,1.24,-0.84,-0.52,-0.1475
"2164",2164,"Avery John",2006,"Trinidad and Tobago",-0.42,-0.66,0.12,-0.7,-0.98,-0.42,-0.69,-0.9,-0.72,-0.96,1.2,-0.56,0.78,-0.86,-1.1,0.08,-1.32,-0.4725
"2165",2165,"Brent Sancho",2006,"Trinidad and Tobago",-0.42,-0.66,-0.54,-0.7,-0.91,-0.74,-0.69,-0.9,-0.44,-0.24,3.11,0.41,-0.21,1.21,0.07,-0.84,-1.64,-0.7175
"2166",2166,"Carlos Edwards",2006,"Trinidad and Tobago",-0.42,-0.42,2.1,-0.21,0.25,1.17,0.47,2.65,0.52,0.28,0.61,0.06,-0.21,-0.45,0.46,0.67,3.82,1.5975
"2167",2167,"Chris Birchall",2006,"Trinidad and Tobago",-0.42,-0.17,-0.54,-0.7,-0.02,-0.42,0.47,-0.67,-0.57,0.48,-0.13,-0.2,-0.21,0.38,0.46,0.16,-1.09,-0.29
"2168",2168,"Collin Samuel",2006,"Trinidad and Tobago",-0.42,-0.66,0.12,-0.05,-1.21,-0.99,-0.11,-0.19,-0.94,-0.96,-0.72,-0.56,-0.21,-1.28,-1.1,-0.6,-1.18,-0.2925
"2169",2169,"Cornell Glen",2006,"Trinidad and Tobago",-0.42,0.13,-0.54,0.27,-1.23,-0.99,0.47,0.28,-0.94,-0.22,-0.43,-0.56,-0.21,-0.45,-0.71,-0.84,-0.71,-0.195
"2170",2170,"Cyd Gray",2006,"Trinidad and Tobago",-0.42,-0.66,-0.54,-0.7,-0.45,0.15,-0.11,-0.43,-0.76,-0.45,2.23,-0.56,-0.7,-0.45,0.85,-0.72,-0.28,-0.2325
"2171",2171,"Dennis Lawrence",2006,"Trinidad and Tobago",-0.42,-0.66,-0.54,-0.7,-0.48,-0.17,-0.69,-0.19,-0.68,-0.4,4.59,1.14,1.27,-0.86,-0.32,-0.84,-0.36,-0.3975
"2172",2172,"Densill Theobald",2006,"Trinidad and Tobago",-0.42,-0.51,-0.54,-0.53,0.08,0.09,-0.11,0.52,-0.42,-0.71,0.02,1.38,-0.7,0.8,0.85,-0.44,0.61,-0.01
"2173",2173,"Dwight Yorke",2006,"Trinidad and Tobago",-0.42,-0.07,0.78,-0.05,1.21,1.17,2.2,0.28,0.39,0.02,0.9,0.06,-0.21,1.63,0.07,1.19,1.45,1.1075
"2174",2174,"Evans Wise",2006,"Trinidad and Tobago",-0.42,-0.56,1.44,-0.05,-1.01,-0.74,-0.11,0.52,-0.31,-0.96,-0.43,0.15,-0.7,-0.86,-1.1,0.56,-0.22,0.2775
"2175",2175,"Kelvin Jack",2006,"Trinidad and Tobago",-0.42,-0.66,-0.54,-0.7,-1.06,-0.42,-0.69,-0.67,-0.94,-0.96,-0.72,-0.56,-0.7,-1.28,-1.1,-0.68,-1.09,-0.58
"2176",2176,"Kenwyne Jones",2006,"Trinidad and Tobago",-0.42,0.47,0.12,1.24,-0.93,-0.99,1.04,0.04,-0.94,-0.71,-0.43,-0.56,2.75,0.8,-0.32,0.08,-0.95,0.0525
"2177",2177,"Shaka Hislop",2006,"Trinidad and Tobago",-0.42,-0.66,-0.54,-0.7,-0.6,0.85,-0.69,-0.9,-0.94,-0.96,-0.72,-0.56,-0.7,-1.28,-0.71,-0.84,-0.05,-0.32
"2178",2178,"Stern John",2006,"Trinidad and Tobago",-0.42,2.31,-0.54,1.72,-0.2,-0.8,-0.69,-0.67,-0.94,-0.96,-0.43,-0.56,4.72,2.04,0.07,-0.72,-1.47,-0.675
"2179",2179,"Adel Chedli",2006,"Tunisia",-0.42,-0.32,1.44,-0.53,-0.12,-0.29,1.04,-0.43,0.3,0.48,-0.28,-0.56,-0.7,1.63,0.46,0.2,-0.72,0.44
"2180",2180,"Alaeddine Yahia",2006,"Tunisia",-0.42,-0.66,-0.54,-0.7,-1.23,-0.68,-0.69,-0.9,-0.78,-0.9,-0.28,-0.56,-0.7,-0.86,-1.1,-0.84,-1.58,-0.7025
"2181",2181,"Ali Boumnijel",2006,"Tunisia",-0.42,-0.66,-0.54,-0.7,-0.35,1.04,-0.69,-0.9,-0.94,-0.96,-0.72,-0.56,-0.21,-1.28,-1.1,-0.72,0.14,-0.2725
"2182",2182,"Anis Ayari",2006,"Tunisia",-0.42,-0.07,0.12,-0.7,-0.12,0.4,-0.69,-0.43,0.11,-0.16,1.34,1.1,-0.7,1.63,-0.32,-0.28,-0.03,-0.15
"2183",2183,"David Jemmali",2006,"Tunisia",-0.42,-0.66,-0.54,-0.7,-0.15,0.15,-0.69,-0.9,0.2,-0.63,-0.13,-0.56,-0.21,-1.28,-0.71,-0.8,-0.75,-0.495
"2184",2184,"Hamed Namouchi",2006,"Tunisia",-0.42,-0.12,-0.54,0.11,0.03,-0.49,0.47,-0.67,0.71,0.55,0.31,0.73,3.74,0.38,2.41,-0.84,-1.16,-0.3075
"2185",2185,"Hatem Trabelsi",2006,"Tunisia",-0.42,-0.42,-0.54,0.11,2.09,2.44,5.67,3.36,2.18,0.37,0.75,-0.3,-0.7,1.63,1.24,0.04,5.8,2.7325
"2186",2186,"Jaouhar Mnari",2006,"Tunisia",2.08,1.12,-0.54,-0.21,0.93,-0.29,-0.11,-0.19,-0.22,2.67,-0.43,2.03,-0.7,0.8,-1.1,-0.24,-0.48,-0.2825
"2187",2187,"Kaies Ghodhbane",2006,"Tunisia",-0.42,-0.47,0.12,-0.7,-1.01,-0.74,-0.69,-0.9,-0.94,-0.9,-0.72,-0.56,-0.7,-1.28,-1.1,-0.36,-1.64,-0.5525
"2188",2188,"Karim Haggui",2006,"Tunisia",-0.42,-0.07,-0.54,-0.21,0.4,0.21,-0.69,-0.19,-0.56,1.6,4.15,-0.56,-0.21,2.04,-0.32,-0.84,0.02,-0.3025
"2189",2189,"Mehdi Nafti",2006,"Tunisia",-0.42,-0.42,-0.54,-0.37,1.09,0.09,-0.11,-0.67,0.37,2.27,0.75,-0.56,-0.21,0.38,-0.32,-0.56,-0.58,-0.3075
"2190",2190,"Radhi Jaïdi",2006,"Tunisia",2.08,-0.12,-0.54,0.43,0.61,0.34,-0.69,-0.9,2.2,1.96,1.79,2.29,2.26,1.63,0.07,-0.44,-0.56,-0.4475
"2191",2191,"Riadh Bouazizi",2006,"Tunisia",-0.42,-0.66,0.78,-0.37,-0.25,-0.49,-0.11,-0.67,1.01,-0.13,-0.28,0.73,-0.21,1.63,-0.32,-0.44,-1.16,-0.1225
"2192",2192,"Yassine Chikhaoui",2006,"Tunisia",-0.42,-0.66,-0.54,-0.37,-1.03,-1.12,-0.11,-0.67,-0.56,-0.63,-0.57,-0.56,0.28,-0.45,-0.71,-0.16,-1.79,-0.61
"2193",2193,"Ziad Jaziri",2006,"Tunisia",2.08,1.02,-0.54,1.08,-1.11,-0.99,0.47,-0.9,-0.56,0.05,-0.57,-0.56,-0.7,0.38,1.63,0.28,-1.89,-0.49
"2194",2194,"Ben Olsen",2006,"USA",-0.42,-0.12,-0.54,-0.37,-0.96,-0.8,-0.69,-0.9,-0.2,-0.63,-0.43,-0.56,-0.7,-0.03,0.46,-0.72,-1.7,-0.7325
"2195",2195,"Bobby Convey",2006,"USA",-0.42,0.33,1.44,0.11,-0.65,-0.68,0.47,0.04,-0.09,-0.39,-0.57,-0.56,-0.7,-0.86,-0.32,0.48,-0.64,0.3175
"2196",2196,"Brian McBride",2006,"USA",-0.42,-0.17,-0.54,2.85,-0.43,-0.8,-0.69,-0.67,-0.35,-0.96,-0.43,-0.56,3.24,-0.03,0.85,0.08,-1.47,-0.675
"2197",2197,"Carlos Bocanegra",2006,"USA",-0.42,1.32,-0.54,0.43,0.05,0.6,-0.69,-0.67,0.19,0.22,0.61,-0.56,1.27,-0.45,-0.32,-0.68,-0.0700000000000001,-0.325
"2198",2198,"Claudio Reyna",2006,"USA",-0.42,-0.07,0.12,-0.37,1.92,0.53,-0.11,0.52,0.92,1.87,-0.43,0.71,-0.7,-0.03,0.85,0.56,1.05,0.265
"2199",2199,"Clint Dempsey",2006,"USA",2.08,0.33,0.12,0.27,-0.65,-0.93,1.04,0.28,0.74,-0.46,-0.72,-0.56,-0.21,0.38,2.02,-0.16,-0.65,0.1275
"2200",2200,"DaMarcus Beasley",2006,"USA",-0.42,-0.61,1.44,-0.37,0.58,-0.04,-0.69,1.46,2.35,1.24,-0.72,-0.56,-0.7,-0.03,0.07,0.67,1.42,0.5425
"2201",2201,"Eddie Johnson",2006,"USA",-0.42,0.43,-0.54,-0.21,-0.98,-0.93,-0.69,-0.9,-0.94,-0.96,-0.72,-0.56,0.78,-0.86,0.07,-0.64,-1.83,-0.765
"2202",2202,"Eddie Lewis",2006,"USA",-0.42,-0.66,0.78,0.27,-0.12,0.4,-0.11,0.04,-0.11,-0.63,-0.13,-0.56,-0.21,0.38,-0.32,-0.44,0.44,0.2775
"2203",2203,"Eddie Pope",2006,"USA",-0.42,-0.51,-0.54,0.11,0.48,0.15,-0.69,-0.9,0.16,-0.16,-0.43,-0.56,-0.21,1.63,-1.1,-0.84,-0.75,-0.495
"2204",2204,"Jimmy Conrad",2006,"USA",-0.42,-0.66,-0.54,-0.7,-0.53,0.15,-0.69,-0.9,-0.57,-0.13,0.46,0.71,1.76,-0.45,0.85,-0.4,-0.75,-0.495
"2205",2205,"John O'Brien",2006,"USA",-0.42,-0.66,-0.54,-0.7,-1.03,-0.55,-0.69,-0.9,-0.94,-0.96,-0.57,-0.56,-0.7,-1.28,-0.71,-0.08,-1.45,-0.67
"2206",2206,"Kasey Keller",2006,"USA",-0.42,-0.66,-0.54,-0.7,-0.02,1.61,-0.11,-0.67,-0.94,-0.96,-0.72,-0.56,-0.7,-1.28,-1.1,-0.72,0.94,0.0725
"2207",2207,"Landon Donovan",2006,"USA",-0.42,-0.32,2.1,0.11,0.38,-0.55,2.78,0.75,-0.57,-0.46,-0.57,-0.56,-0.7,-0.03,0.07,1.59,0.2,1.27
"2208",2208,"Oguchi Onyewu",2006,"USA",-0.42,-0.27,-0.54,-0.37,1.03,1.23,-0.69,0.04,-0.18,0.77,1.79,-0.56,3.24,3.7,2.02,0.36,1.27,0.01
"2209",2209,"Pablo Mastroeni",2006,"USA",-0.42,-0.42,-0.54,-0.7,-0.5,-0.8,-0.69,-0.9,-0.55,-0.62,-0.72,-0.56,-0.7,0.8,-0.32,-0.72,-1.7,-0.7325
"2210",2210,"Steve Cherundolo",2006,"USA",-0.42,-0.66,1.44,-0.7,0.63,1.17,0.47,0.52,-0.18,1.11,-0.43,0.1,-0.7,-0.45,0.85,0.24,1.69,0.9
"2211",2211,"Anatoliy Tymoshchuk",2006,"Ukraine",-0.42,0.28,0.57,-0.06,1.83,0.17,2.24,0.16,3.72,2.27,0.27,1.04,0.96,1.06,0.87,0.62,0.33,0.785
"2212",2212,"Andriy Gusin",2006,"Ukraine",-0.42,-0.13,-0.54,-0.33,-0.1,-0.33,-0.37,-0.24,0.56,0.75,1.02,0.44,2.9,-0.34,-0.44,-0.84,-0.57,-0.37
"2213",2213,"Andriy Nesmachniy",2006,"Ukraine",-0.42,-0.41,-0.54,-0.33,1.22,1.35,-0.37,1.76,0.71,2,0.61,0.2,-0.7,0.36,2.41,-0.39,3.11,0.55
"2214",2214,"Andriy Rusol",2006,"Ukraine",0.99,-0.22,-0.54,-0.51,0.1,-0.51,-0.69,-0.9,0.36,-0.01,1.27,1.21,-0.15,-0.81,-0.88,-0.84,-1.41,-0.66
"2215",2215,"Andriy Shevchenko",2006,"Ukraine",2.4,4.21,-0.54,1.75,-0.28,-0.87,-0.04,0.83,-0.43,-0.68,-0.72,-0.56,0.41,1.76,2.62,0.48,-0.04,-0.155
"2216",2216,"Andriy Vorobei",2006,"Ukraine",-0.42,-0.55,0.94,-0.51,-0.55,-0.66,0.61,0.56,-0.71,-0.12,-0.56,-0.56,0.13,-1.04,-0.22,0.48,-0.1,0.3625
"2217",2217,"Andriy Voronin",2006,"Ukraine",-0.42,0.81,0.2,1.21,-0.31,-0.8,1.91,0.16,-0.32,0,-0.72,0.04,0.13,0.36,-0.66,0.48,-0.64,0.3675
"2218",2218,"Artem Milevskiy",2006,"Ukraine",-0.42,-0.61,-0.54,-0.15,-1.23,-0.98,-0.37,-0.5,-0.94,-0.96,-0.72,-0.56,-0.7,1.29,1.09,-0.41,-1.48,-0.5975
"2219",2219,"Maksim Kalininchenko",2006,"Ukraine",0.99,0.73,3.17,-0.15,-0.08,0.06,0.29,0.16,0.4,0.93,-0.56,-0.56,-0.42,0.82,1.09,2.05,0.22,0.92
"2220",2220,"Oleg Gusev",2006,"Ukraine",-0.42,-0.33,0.2,-0.24,0.94,0.74,0.94,0.69,2.07,0.82,0.11,1.3,-0.7,1.06,1.09,-0.19,1.43,0.6425
"2221",2221,"Oleg Shelayev",2006,"Ukraine",-0.42,-0.19,-0.54,-0.7,0.77,-0.12,-0.04,0.56,0.99,1.87,-0.31,-0.56,-0.15,1.52,-0.44,-0.75,0.44,-0.035
"2222",2222,"Oleksandr Shovkovskiy",2006,"Ukraine",-0.42,-0.66,-0.54,-0.7,-0.38,1.2,-0.69,-0.77,-0.94,-0.96,-0.56,-0.56,-0.42,-1.28,-1.1,-0.75,0.43,-0.2
"2223",2223,"Ruslan Rotan",2006,"Ukraine",-0.42,-0.64,0.2,-0.7,-1,-0.76,-0.37,-0.24,-0.61,-0.79,-0.56,-0.56,-0.7,-0.81,-0.44,-0.37,-1,-0.2925
"2224",2224,"Serhiy Rebrov",2006,"Ukraine",0.99,0.39,-0.17,-0.15,-0.58,-0.8,-0.69,0.03,-0.33,-0.27,-0.64,-0.56,0.13,-1.04,-0.66,-0.3,-0.77,-0.4075
"2225",2225,"Vladislav Vashchuk",2006,"Ukraine",-0.42,-0.66,-0.54,-0.7,-0.11,-0.51,-0.69,-0.24,-0.64,-0.85,0.36,0.37,-0.7,-0.81,-0.88,-0.84,-0.75,-0.495
"2226",2226,"Volodymyr Yezerskyiy",2006,"Ukraine",-0.42,-0.3,-0.54,-0.51,-0.72,-0.48,-0.69,-0.5,-0.81,-0.74,-0.47,0.29,-0.42,-0.34,-1.1,-0.84,-0.98,-0.5525
"2227",2227,"Vyacheslav Sviderskyiy",2006,"Ukraine",-0.42,-0.66,-0.54,-0.7,-0.71,-0.76,-0.37,-0.64,-0.49,-0.34,0.36,0.78,-0.42,1.52,-0.44,-0.84,-1.4,-0.5775
"2228",2228,"Ariel Ortega",2002,"Argentina",-0.41,2.96,1.77,1.1,1.25,0.67,0.36,4.53,-0.48,1.24,-0.75,1.11,-0.73,-0.05,4.31,2.83,5.2,1.8325
"2229",2229,"Claudio Lopez",2002,"Argentina",-0.41,0.42,1.19,2.33,-0.04,0.36,0.36,-0.46,-0.48,0.24,-0.75,1.46,-0.73,-0.8,-1.07,0.93,-0.1,0.3625
"2230",2230,"Cristian González",2002,"Argentina",-0.41,0.78,0.61,0.8,-0.27,-0.33,0.36,-0.18,-0.48,-1.01,-0.61,-0.52,-0.73,-0.05,0.72,0.24,-0.51,0.115
"2231",2231,"Diego Placente",2002,"Argentina",-0.41,-0.65,-0.56,-0.74,0.47,-0.08,-0.77,0.1,2.01,-0.15,0.5,-0.52,0.94,0.33,0.01,-0.82,0.02,-0.3275
"2232",2232,"Diego Simeone",2002,"Argentina",-0.41,-0.65,-0.56,-0.74,1.4,0.36,-0.21,-0.46,1,-0.15,0.36,1.38,-0.31,0.33,0.72,-0.6,-0.1,-0.2175
"2233",2233,"Gabriel Batistuta",2002,"Argentina",1.7,1.89,-0.56,2.48,-0.76,-0.95,-0.77,-1.01,-0.48,-0.06,-0.61,3.45,0.52,1.46,-1.07,-0.64,-1.96,-0.8225
"2234",2234,"Hernán Crespo",2002,"Argentina",1.7,0.78,-0.56,0.8,-1.3,-1.08,-0.77,-0.73,-0.48,-0.61,-0.75,-0.52,-0.73,-0.42,-0.71,-0.17,-1.81,-0.785
"2235",2235,"Javier Zanetti",2002,"Argentina",-0.41,-0.29,1.19,1.87,1.87,0.54,4.3,2.87,0.55,2.5,-0.05,-0.52,0.1,0.33,0.36,0.75,3.41,2.225
"2236",2236,"José Chamot",2002,"Argentina",-0.41,-0.43,-0.56,-0.43,-0.27,-0.52,-0.77,-0.18,0.76,-0.04,-0.19,-0.52,0.1,-0.42,-0.71,-0.82,-0.7,-0.5075
"2237",2237,"Juan Pablo Sorin",2002,"Argentina",-0.41,2.38,-0.56,2.48,0.81,0.54,-0.21,0.37,1.07,2.17,-0.33,-0.52,0.52,-0.05,-0.35,1.22,0.91,0.035
"2238",2238,"Juan Sebastián Verón",2002,"Argentina",-0.41,-0.25,4.69,-0.58,1.53,1.41,0.36,0.93,2.09,0.64,-0.61,-0.52,-0.73,-0.42,1.44,3.86,2.34,1.8475
"2239",2239,"Matías Almeyda",2002,"Argentina",-0.41,-0.47,-0.56,-0.74,-0.53,-0.7,-0.21,0.37,-0.38,-0.04,-0.75,-0.52,-0.73,-0.42,-1.07,-0.49,-0.33,-0.275
"2240",2240,"Mauricio Pochettino",2002,"Argentina",-0.41,1.09,-0.56,0.34,1.45,1.1,-0.77,-0.18,1.83,2.68,1.06,4.9,3.43,1.84,0.01,0.02,0.92,-0.1025
"2241",2241,"Pablo Aimar",2002,"Argentina",-0.41,0.55,1.77,0.95,0.86,-0.08,0.92,1.48,-0.38,-0.06,-0.75,-0.52,-0.73,-0.05,1.8,2.03,1.4,1.0225
"2242",2242,"Pablo Cavallero",2002,"Argentina",-0.41,-0.65,-0.56,-0.74,-0.27,0.85,-0.77,-0.18,-0.95,-1.01,-0.61,-0.52,-0.73,-1.18,-0.35,-0.82,0.67,-0.165
"2243",2243,"Walter Samuel",2002,"Argentina",-0.41,-0.65,-0.56,-0.28,1.48,0.54,-0.77,2.31,1.75,0.33,1.89,3.36,2.6,0.71,-0.71,-0.57,2.85,0.38
"2244",2244,"Bart Goor",2002,"Belgium",-0.41,1.19,2.06,1.45,0.91,0.54,0.5,1.48,0.08,0.03,-0.12,0.2,0.21,0.52,1.62,2.39,2.02,1.145
"2245",2245,"Branko Strupar",2002,"Belgium",-0.41,-0.48,-0.56,-0.39,-1.2,-1.09,-0.77,-1.01,-0.95,-0.71,-0.64,-0.52,-0.73,-0.61,-0.26,-0.19,-2.1,-0.8575
"2246",2246,"Daniel van Buyten",2002,"Belgium",-0.41,-0.48,-0.12,-0.62,0.52,0.4,-0.35,-0.8,1.81,2.75,0.92,2.85,0.21,1.37,0.01,-0.41,-0.4,-0.2175
"2247",2247,"Emile Mpenza",2002,"Belgium",-0.41,-0.28,-0.12,0.3,-1.22,-1,0.5,-0.39,-0.32,-0.65,-0.75,-0.52,-0.42,-0.61,-0.53,-0.22,-1.39,-0.2525
"2248",2248,"Eric Deflandre",2002,"Belgium",-0.41,-0.65,-0.56,-0.74,-0.62,0.22,-0.77,-1.01,0.46,-0.71,-0.33,0.71,-0.1,-1.18,-0.26,-0.71,-0.79,-0.53
"2249",2249,"Eric Van Meir",2002,"Belgium",-0.41,-0.48,-0.56,-0.28,-1.16,-0.67,-0.77,-1.01,-0.46,-0.73,0.5,-0.52,-0.42,-0.9,-0.8,-0.6,-1.68,-0.7525
"2250",2250,"Geert De Vlieger",2002,"Belgium",-0.41,-0.65,-0.56,-0.74,-0.2,1.71,-0.77,-0.6,-0.95,-1.01,-0.44,-0.52,-0.73,-1.18,-0.53,-0.71,1.11,-0.055
"2251",2251,"Gert Verheyen",2002,"Belgium",-0.41,0.25,-0.12,2.14,0.07,-0.77,-0.77,-0.8,-0.72,-0.38,-0.64,-0.52,3.33,2.78,2.16,0.38,-1.57,-0.615
"2252",2252,"Glen De Boeck",2002,"Belgium",-0.41,-0.38,-0.56,-0.16,-0.29,-0.02,-0.77,-1.01,-0.39,1.73,0.5,0.2,0.52,-0.33,-0.53,-0.3,-1.03,-0.59
"2253",2253,"Jacky Peeters",2002,"Belgium",-0.41,-0.65,0.75,-0.74,0.07,1.43,0.5,0.24,-0.26,0.92,0.71,0.28,0.52,1.37,1.35,1.34,1.67,0.73
"2254",2254,"Johan Walem",2002,"Belgium",1.17,0.19,2.5,-0.62,-0.1,0.31,-0.77,-0.8,-0.26,-0.44,-0.33,-0.52,-0.73,-0.33,0.01,1.67,-0.49,0.31
"2255",2255,"Marc Wilmots",2002,"Belgium",4.35,3.36,-0.12,2.25,0.17,0.03,0.92,-0.18,-0.35,-0.06,-0.64,-0.52,1.77,0.23,2.16,0.96,-0.15,0.1625
"2256",2256,"Mbo Mpenza",2002,"Belgium",-0.41,-0.38,-0.12,0.53,-1.11,-0.95,-0.35,-0.18,0.34,-0.03,-0.64,-0.52,0.21,-0.9,-0.53,0.05,-1.13,-0.4
"2257",2257,"Nico van Kerckhoven",2002,"Belgium",-0.41,-0.38,-0.12,-0.51,-0.18,0.78,-0.35,-0.39,-0.3,-0.07,0.09,-0.52,0.52,-1.18,-0.8,-0.19,0.39,-0.02
"2258",2258,"Peter van der Heyden",2002,"Belgium",1.17,-0.48,1.19,-0.16,0.21,1.15,0.92,-0.18,-0.27,0,0.71,-0.52,0.21,0.8,0.27,0.6,0.97,0.77
"2259",2259,"Sven Vermant",2002,"Belgium",-0.41,-0.65,-0.56,-0.74,-1.26,-0.81,-0.77,-1.01,-0.6,-1.01,-0.75,0.71,-0.73,-1.18,-1.07,-0.82,-1.82,-0.7875
"2260",2260,"Timmy Simons",2002,"Belgium",-0.41,-0.21,0.75,-0.51,0.06,-0.35,-0.35,-0.8,1.45,-0.1,0.09,0.2,0.52,1.08,-0.53,0.11,-1.15,-0.1875
"2261",2261,"Welsey Sonck",2002,"Belgium",1.17,0.75,-0.56,1.22,-0.97,-1,-0.35,-1.01,-0.95,-0.71,-0.64,-0.52,-0.1,-0.33,0.01,-0.08,-2.01,-0.73
"2262",2262,"Yves Vanderhaeghe",2002,"Belgium",-0.41,-0.41,-0.12,-0.74,0.65,0.08,-0.35,-0.39,0.8,1.98,-0.23,0.2,0.21,2.21,0.27,-0.47,-0.31,-0.195
"2263",2263,"Anderson Polga",2002,"Brazil",-0.41,-0.61,-0.56,-0.74,-0.65,-0.74,-0.77,-0.77,-0.21,-0.15,0.26,-0.52,-0.73,-1.18,-0.92,-0.64,-1.51,-0.71
"2264",2264,"Cafu",2002,"Brazil",-0.41,-0.44,1.19,0.25,1.42,2.01,0.92,0.77,1.31,0.58,0.44,0.18,-0.37,1.73,-0.15,0.79,2.78,1.2225
"2265",2265,"Denilson",2002,"Brazil",-0.41,-0.53,-0.06,-0.41,-1.06,-0.98,2.61,1.72,-0.95,-0.84,-0.69,-0.52,-0.73,-0.53,0.01,-0.28,0.74,0.8225
"2266",2266,"Edílson da Silva Ferreira",2002,"Brazil",-0.41,-0.65,-0.31,0.18,-0.8,-0.93,0.2,-0.18,-0.75,-0.61,-0.75,-0.52,-0.73,-1.02,-0.92,0.3,-1.11,-0.305
"2267",2267,"Gilberto Silva",2002,"Brazil",-0.41,-0.44,-0.56,-0.54,1.48,-0.04,0.2,-0.3,1.88,1.29,0.62,1.4,0.16,1.73,-0.76,-0.29,-0.34,-0.175
"2268",2268,"Jose Edmilson",2002,"Brazil",0.49,-0.38,-0.31,-0.47,0.58,0.54,1.41,1.72,0.78,0.16,0.86,1.17,-0.37,-0.53,0.77,-0.21,2.26,0.84
"2269",2269,"José Vitor Roque Junior",2002,"Brazil",-0.41,-0.65,-0.31,-0.67,0.23,-0.31,-0.04,0.89,0.45,0.26,1.58,1.14,1.59,2.05,0.47,-0.68,0.58,0.0575
"2270",2270,"Juninho Paulista",2002,"Brazil",-0.41,-0.38,-0.56,0.12,-0.32,-0.5,0.92,1.6,0.54,0.45,-0.75,-0.03,-0.73,-0.86,0.01,-0.13,1.1,0.365
"2271",2271,"Júnior",2002,"Brazil",0.49,-0.36,0.44,-0.54,-1.08,-0.82,-0.29,-0.42,-0.82,-0.78,-0.63,-0.52,-0.73,-1.18,-0.76,-0.01,-1.24,-0.2725
"2272",2272,"Kléberson",2002,"Brazil",-0.41,-0.09,-0.31,-0.28,-0.45,-0.69,0.2,0.18,-0.41,-0.44,-0.45,-0.52,-0.73,-0.86,-0.61,-0.28,-0.51,-0.155
"2273",2273,"Luizinho",2002,"Brazil",-0.41,-0.11,-0.56,-0.14,-1.44,-1.14,-0.77,-0.65,-0.95,-0.89,-0.75,-0.52,-0.73,-1.02,-0.61,-0.71,-1.79,-0.78
"2274",2274,"Lúcio",2002,"Brazil",-0.41,-0.3,-0.56,-0.47,0.29,-0.21,0.44,0.53,1.94,1.51,2.35,1.72,1.41,-0.21,0.77,-0.59,0.32,0.05
"2275",2275,"Marcos Roberto Silveira Reis",2002,"Brazil",-0.41,-0.65,-0.56,-0.74,-0.34,1.05,-0.77,-1.01,-0.95,-1.01,-0.15,-0.52,-0.55,-1.18,-1.07,-0.82,0.04,-0.3225
"2276",2276,"Ricardo Luis Pozzi Rodrigues",2002,"Brazil",-0.41,-0.65,-0.56,-0.67,-0.94,-0.95,-0.77,-0.77,-0.41,-0.67,-0.75,-0.52,-0.73,-1.18,-1.07,-0.4,-1.72,-0.7625
"2277",2277,"Rivaldo",2002,"Brazil",4.12,3.76,0.94,1.5,0.54,-0.42,2.61,0.77,0.06,-0.11,-0.39,-0.05,1.77,0.28,1.7,1.75,0.35,0.975
"2278",2278,"Roberto Carlos",2002,"Brazil",0.49,0.63,-0.06,-0.08,1.13,1.21,-0.04,3.15,1.04,0.6,0.32,-0.04,-0.37,0.11,-0.3,0.12,4.36,1.065
"2279",2279,"Ronaldinho",2002,"Brazil",1.4,1.6,0.44,0.12,-0.32,-0.45,2.13,0.77,-0.88,-0.59,-0.69,-0.52,-0.37,0.28,0.16,1.51,0.32,0.7225
"2280",2280,"Ronaldo",2002,"Brazil",6.85,6.3,0.19,4.13,-0.63,-0.87,1.89,1.01,-0.4,-0.48,-0.75,-0.04,-0.37,-0.69,1.08,2.31,0.14,0.555
"2281",2281,"Bill Tchato",2002,"Cameroon",-0.41,-0.65,-0.56,-0.74,0.73,0.98,0.36,-0.46,0.31,1.85,0.92,1.03,0.1,-0.42,0.72,-0.46,0.52,0.08
"2282",2282,"Boukar Alioum",2002,"Cameroon",-0.41,-0.65,-0.56,-0.74,0.14,1.79,-0.77,-1.01,-0.95,-1.01,-0.61,-0.52,-0.73,-1.18,-1.07,-0.82,0.78,-0.1375
"2283",2283,"Daniel Armand Ngom Kome",2002,"Cameroon",-0.41,-0.56,0.02,-0.58,-0.87,-0.77,1.49,0.1,-0.5,-1.01,-0.75,-0.52,-0.73,0.71,0.01,-0.13,-0.67,0.21
"2284",2284,"Geremi",2002,"Cameroon",-0.41,-0.34,5.86,-0.43,3.67,5.02,1.49,5.09,2.25,0.05,0.92,-0.52,0.52,-0.42,1.08,4.77,10.11,4.365
"2285",2285,"Lauren",2002,"Cameroon",-0.41,0.33,1.19,0.34,1.09,0.36,0.36,1.21,0.26,-0.63,-0.61,-0.52,-0.31,0.71,0.72,0.24,1.57,0.78
"2286",2286,"Marc-Vivien Foé",2002,"Cameroon",-0.41,0.15,-0.56,1.56,1.69,0.54,0.36,1.48,1.72,2.19,-0.05,3.35,3.02,1.46,1.08,0.53,2.02,0.455
"2287",2287,"Patrick M'Boma",2002,"Cameroon",1.7,1.4,0.02,1.56,-0.79,-0.95,-0.77,-0.73,-0.95,-1.01,-0.75,-0.52,1.35,-0.8,1.08,0.13,-1.68,-0.6075
"2288",2288,"Patrick Suffo",2002,"Cameroon",-0.41,-0.07,-0.56,-0.12,-1.25,-1.08,-0.21,-0.73,-0.95,-1.01,-0.75,-0.52,-0.31,0.33,-0.71,-0.57,-1.81,-0.645
"2289",2289,"Pierre Womé",2002,"Cameroon",-0.41,0.11,1.19,-0.43,1.51,2.41,-0.21,2.31,0.2,1.24,0.22,-0.52,0.1,1.84,-0.35,0.86,4.72,1.425
"2290",2290,"Raymond Kalla",2002,"Cameroon",-0.41,-0.11,-0.56,0.95,0.65,0.11,-0.77,-0.73,-0.6,1.78,1.89,6.3,0.94,0.71,0.36,-0.35,-0.62,-0.4875
"2291",2291,"Rigobert Song",2002,"Cameroon",-0.41,-0.16,0.02,0.18,0.96,0.6,-0.77,-0.46,0.16,1.78,1.75,2.44,0.52,-0.42,-0.71,-0.49,0.14,-0.1525
"2292",2292,"Salomon Olembé",2002,"Cameroon",-0.41,0.42,-0.56,0.49,-0.2,-0.64,4.3,0.37,0.56,-0.36,-0.75,-0.52,-0.31,0.33,0.72,-0.24,-0.27,0.8675
"2293",2293,"Samuel Eto'o",2002,"Cameroon",1.7,1.49,-0.56,3.25,0.32,-0.64,0.36,1.21,-0.6,-0.03,-0.75,-0.52,-0.73,2.21,0.01,1.96,0.57,0.0925
"2294",2294,"Du Wei",2002,"China PR",-0.41,-0.38,-0.56,-0.28,0.11,0.17,-0.77,-0.18,-0.6,-0.43,1.34,0.1,0.52,-0.42,-0.35,-0.82,-0.00999999999999998,-0.335
"2295",2295,"Fan Zhiyi",2002,"China PR",-0.41,-0.65,-0.56,-0.74,-0.71,-0.7,-0.77,-1.01,-0.62,-0.72,-0.19,-0.52,-0.73,-1.18,-1.07,-0.82,-1.71,-0.76
"2296",2296,"Hao Haidong",2002,"China PR",-0.41,-0.51,0.02,-0.43,-0.14,-0.45,-0.21,-0.18,-0.44,-0.72,-0.75,-0.52,-0.31,1.08,0.36,-0.13,-0.63,-0.205
"2297",2297,"Jiang Jin",2002,"China PR",-0.41,-0.65,-0.56,-0.74,-0.48,0.36,-0.77,-1.01,-0.95,-1.01,-0.33,-0.52,-0.73,-1.18,-1.07,-0.82,-0.65,-0.495
"2298",2298,"Li Tie",2002,"China PR",-0.41,-0.07,-0.56,-0.58,2.12,1.35,0.92,1.21,-0.11,0.16,0.64,2.46,-0.31,-0.05,-0.35,-0.35,2.56,0.73
"2299",2299,"Li Weifeng",2002,"China PR",-0.41,-0.11,-0.56,0.49,0.63,0.23,-0.21,-0.18,0.58,1.43,2.17,3.03,0.52,0.71,0.01,-0.82,0.05,-0.18
"2300",2300,"Li Xiaopeng",2002,"China PR",-0.41,-0.65,0.61,-0.28,1.17,0.67,0.36,1.21,-0.12,-0.71,-0.61,-0.52,-0.31,-0.8,0.72,0.86,1.88,0.7125
"2301",2301,"Ma Mingyu",2002,"China PR",-0.41,-0.29,0.02,0.03,-0.4,-0.39,0.36,1.21,-0.29,0.26,-0.75,0.07,-0.73,-1.18,-0.71,-0.49,0.82,0.3
"2302",2302,"Qi Hong",2002,"China PR",-0.41,-0.56,-0.56,-0.74,-1.18,-1.14,-0.21,-1.01,-0.95,-1.01,-0.75,-0.52,-0.73,-1.18,-1.07,-0.53,-2.15,-0.73
"2303",2303,"Qu Bo",2002,"China PR",-0.41,-0.38,-0.56,-0.12,-1,-1.01,-0.21,-0.73,-0.95,-0.44,-0.75,-0.52,-0.73,-1.18,-0.71,-0.68,-1.74,-0.6275
"2304",2304,"Shao Jiayi",2002,"China PR",-0.41,-0.43,-0.56,-0.28,-1.12,-1.08,0.36,-0.73,-0.95,-1.01,-0.75,-0.52,-0.73,-0.8,-1.07,-0.53,-1.81,-0.5025
"2305",2305,"Wu Chengying",2002,"China PR",-0.41,-0.51,0.61,-0.43,1.22,1.29,0.92,0.65,0.39,0.84,-0.33,-0.52,-0.31,-1.18,0.36,-0.24,1.94,0.8675
"2306",2306,"Xu Yunlong",2002,"China PR",-0.41,-0.34,-0.56,-0.58,1.71,1.23,0.92,0.93,0.9,0.69,0.36,-0.52,-0.31,1.46,1.8,-0.82,2.16,0.63
"2307",2307,"Yang Chen",2002,"China PR",-0.41,0.2,0.02,0.34,-1,-0.89,-0.21,-1.01,-0.95,-0.72,-0.61,-0.52,0.1,1.08,0.72,-0.42,-1.9,-0.5225
"2308",2308,"Yang Pu",2002,"China PR",-0.41,-0.65,-0.56,-0.74,-0.94,-0.77,-0.21,0.37,-0.07,-0.13,-0.47,-0.52,-0.73,0.33,0.36,-0.79,-0.4,-0.2925
"2309",2309,"Yu Genwei",2002,"China PR",-0.41,-0.65,-0.56,-0.74,-1.3,-1.01,-0.77,-0.73,-0.95,-0.57,-0.75,-0.52,-0.73,-1.18,-0.71,-0.75,-1.74,-0.7675
"2310",2310,"Zhao Junzhe",2002,"China PR",-0.41,-0.34,-0.56,-0.43,0.5,-0.21,-0.21,-0.46,-0.43,-0.28,-0.61,-0.52,-0.73,-0.05,0.72,-0.82,-0.67,-0.36
"2311",2311,"Carlos Castro",2002,"Costa Rica",-0.41,0.33,1.77,0.8,2.56,2.35,0.36,0.93,1.31,1.98,0.09,0.6,-0.31,-0.8,0.01,0.89,3.28,1.3525
"2312",2312,"Erick Lonnis",2002,"Costa Rica",-0.41,-0.65,-0.56,-0.74,-0.4,0.6,-0.77,-1.01,-0.95,-1.01,-0.75,-0.52,-0.73,-1.18,-1.07,-0.82,-0.41,-0.435
"2313",2313,"Gilberto Martínez",2002,"Costa Rica",-0.41,-0.47,0.02,-0.74,0.24,-0.14,2.05,0.37,0.44,1.44,1.48,1.04,-0.73,-0.8,0.01,-0.46,0.23,0.575
"2314",2314,"Harold Wallace",2002,"Costa Rica",-0.41,-0.65,1.19,-0.43,0.91,1.41,-0.21,-0.46,0.43,0.16,0.22,0.6,0.1,0.33,-1.07,0.49,0.95,0.4825
"2315",2315,"Hernán Medford",2002,"Costa Rica",-0.41,-0.65,-0.56,0.03,-1.1,-0.77,-0.77,-0.46,-0.95,-1.01,-0.75,-0.52,-0.31,-1.18,-0.71,-0.49,-1.23,-0.64
"2316",2316,"Luis Marín",2002,"Costa Rica",-0.41,-0.65,0.02,-0.74,0.68,0.73,-0.77,1.21,-0.1,0.52,0.92,1.65,0.1,0.33,-0.35,-0.38,1.94,0.2975
"2317",2317,"Mauricio Solis",2002,"Costa Rica",-0.41,0.87,0.02,-0.43,0.99,0.48,0.36,0.65,2.04,0.79,-0.33,0.53,-0.31,0.33,-0.35,0.02,1.13,0.3775
"2318",2318,"Mauricio Wright",2002,"Costa Rica",1.7,1.85,-0.56,1.1,0.04,-0.45,2.05,-0.18,0.97,1.24,1.75,1.38,-0.31,0.33,1.08,0.09,-0.63,0.215
"2319",2319,"Paulo Wanchope",2002,"Costa Rica",1.7,1,-0.56,4.78,-0.2,-0.58,2.05,1.21,0.46,0.08,-0.75,-0.52,0.1,1.84,1.08,2.54,0.63,0.53
"2320",2320,"Rolando Fonseca Jimenez",2002,"Costa Rica",-0.41,-0.29,0.02,-0.28,-0.89,-0.77,-0.77,-0.46,-0.33,-0.47,-0.61,-0.52,-0.73,-0.42,-1.07,-0.46,-1.23,-0.495
"2321",2321,"Rónald Gómez",2002,"Costa Rica",3.82,2.78,1.19,4.02,0.4,0.29,2.61,1.21,-0.34,-0.1,-0.33,-0.52,0.52,3.34,0.36,4.62,1.5,1.325
"2322",2322,"Steven Bryce",2002,"Costa Rica",-0.41,-0.65,-0.56,-0.43,-0.43,0.17,-0.21,0.65,-0.65,-0.21,-0.33,-0.52,-0.73,-0.05,-1.07,0.13,0.82,0.0125
"2323",2323,"Walter Centeno",2002,"Costa Rica",-0.41,0.2,1.19,0.64,1.92,1.1,-0.21,0.37,0.94,1.08,-0.19,0.6,-0.73,-0.05,-0.35,1.74,1.47,0.6125
"2324",2324,"Wilmer López",2002,"Costa Rica",-0.41,0.11,0.02,1.41,1.2,0.29,1.49,-0.73,-0.18,-0.81,-0.75,-0.52,-0.73,-0.05,-0.71,1.92,-0.44,0.2675
"2325",2325,"Winston Parks",2002,"Costa Rica",1.7,0.82,-0.56,0.18,-1.46,-1.14,1.49,0.1,-0.95,-0.81,-0.75,-0.52,-0.73,-0.8,-1.07,0.38,-1.04,-0.0275
"2326",2326,"Alen Boksic",2002,"Croatia",-0.41,0.29,0.61,2.18,-0.48,-0.7,-0.77,-0.46,-0.95,-0.02,-0.33,-0.52,0.94,-1.18,-0.35,1.63,-1.16,-0.33
"2327",2327,"Boris Zivkovic",2002,"Croatia",-0.41,-0.65,-0.56,-0.74,-0.79,-0.45,-0.77,-0.73,-0.6,-0.41,-0.33,-0.52,-0.31,-0.8,-1.07,-0.82,-1.18,-0.6275
"2328",2328,"Danijel Saric",2002,"Croatia",-0.41,-0.65,0.02,-0.74,0.76,1.72,1.49,1.76,-0.13,1.12,-0.61,1.55,-0.73,-0.42,1.8,0.57,3.48,1.2475
"2329",2329,"Dario Simic",2002,"Croatia",-0.41,-0.65,-0.56,-0.74,-0.87,-0.39,-0.77,-0.73,-0.95,-0.81,-0.19,-0.52,-0.73,-0.05,-0.35,-0.82,-1.12,-0.6125
"2330",2330,"Davor Suker",2002,"Croatia",-0.41,-0.51,-0.56,-0.12,-1.38,-1.14,-0.77,-1.01,-0.95,-0.91,-0.75,-0.52,-0.73,-1.18,-0.71,-0.82,-2.15,-0.87
"2331",2331,"Davor Vugrinec",2002,"Croatia",-0.41,0.47,-0.56,0.18,-0.63,-0.89,-0.21,0.37,-0.5,-1.01,-0.75,-0.52,-0.73,-0.8,-0.35,-0.06,-0.52,-0.3225
"2332",2332,"Ivica Olic",2002,"Croatia",1.7,0.91,-0.56,1.1,-0.87,-1.08,-0.77,-0.18,-0.2,-0.75,-0.75,-0.52,-0.73,-0.42,0.01,-0.79,-1.26,-0.6475
"2333",2333,"Josip Simunic",2002,"Croatia",-0.41,-0.43,-0.56,0.03,0.24,0.36,-0.77,-0.18,1.36,0.59,4.26,0.52,3.02,0.71,0.01,-0.49,0.18,-0.2875
"2334",2334,"Jurica Vranjes",2002,"Croatia",-0.41,-0.65,-0.56,-0.74,-0.69,-0.39,0.92,-1.01,-0.13,-0.75,-0.19,-0.52,-0.31,-0.05,-0.35,-0.71,-1.4,-0.26
"2335",2335,"Mario Stanic",2002,"Croatia",-0.41,-0.16,-0.56,1.26,-1.3,-0.95,-0.21,-1.01,-0.83,-0.91,-0.75,-0.52,0.94,-0.42,-0.35,-0.24,-1.96,-0.6825
"2336",2336,"Milan Rapaic",2002,"Croatia",1.7,0.91,3.52,1.1,-0.2,-0.14,2.61,1.76,-0.72,0.15,-0.19,-0.52,-0.31,-0.05,1.08,2.1,1.62,1.9375
"2337",2337,"Niko Kovac",2002,"Croatia",-0.41,-0.07,0.02,1.26,0.5,0.17,-0.21,-0.46,1.05,-0.26,0.36,-0.52,3.02,3.34,5.02,1.55,-0.29,-0.12
"2338",2338,"Robert Jarni",2002,"Croatia",-0.41,-0.6,4.69,-0.74,1.07,2.29,-0.21,0.1,-0.43,0.14,0.64,-0.52,-0.31,0.71,1.8,3.6,2.39,1.7175
"2339",2339,"Robert Kovac",2002,"Croatia",-0.41,-0.65,-0.56,-0.74,0.42,0.17,-0.21,0.1,-0.26,0.27,3.28,0.27,1.35,0.71,0.72,-0.64,0.27,-0.125
"2340",2340,"Robert Prosinecki",2002,"Croatia",-0.41,-0.43,-0.56,-0.74,-1.15,-0.95,-0.21,-0.73,-0.6,-0.51,-0.61,-0.52,-0.73,-1.18,-1.07,-0.75,-1.68,-0.6125
"2341",2341,"Stipe Pletikosa",2002,"Croatia",-0.41,-0.65,-0.56,-0.74,-0.12,1.79,-0.77,-1.01,-0.95,-1.01,-0.61,-0.52,-0.73,-1.18,-1.07,-0.82,0.78,-0.1375
"2342",2342,"Stjepan Tomas",2002,"Croatia",-0.41,-0.51,-0.56,-0.43,0.22,-0.39,-0.77,-0.73,1.63,1.23,0.78,-0.52,1.35,1.08,0.36,-0.79,-1.12,-0.6125
"2343",2343,"Zvonimir Soldo",2002,"Croatia",-0.41,0.24,-0.56,-0.12,-0.25,-0.52,-0.77,-0.73,-0.36,-0.2,-0.33,-0.52,-0.31,1.08,-1.07,-0.71,-1.25,-0.645
"2344",2344,"Christian Poulsen",2002,"Denmark",-0.41,-0.41,-0.56,-0.28,-0.66,-0.63,-0.77,-0.39,-0.85,0.06,-0.44,-0.52,-0.42,-0.05,-1.07,-0.38,-1.02,-0.5875
"2345",2345,"Claus Jensen",2002,"Denmark",-0.41,-0.55,-0.12,-0.62,-1.03,-1.09,0.08,-0.39,-0.57,-0.37,-0.75,-0.52,-0.73,-1.18,-0.8,-0.47,-1.48,-0.38
"2346",2346,"Dennis Rommedahl",2002,"Denmark",1.17,0.35,0.31,0.76,0.31,0.22,3.04,2.94,-0.42,0.16,-0.64,-0.52,-0.1,0.8,-0.8,0.79,3.16,1.6275
"2347",2347,"Ebbe Sand",2002,"Denmark",-0.41,1.26,-0.56,1.91,-0.49,-1.05,-0.35,-0.8,-0.95,-0.73,-0.75,-0.52,0.52,-0.05,0.27,0.25,-1.85,-0.69
"2348",2348,"Jan Heintze",2002,"Denmark",-0.41,-0.65,-0.56,-0.74,-0.33,0.4,-0.35,-1.01,0.46,0.12,0.19,0.36,-0.1,-0.33,-0.8,-0.82,-0.61,-0.38
"2349",2349,"Jesper Gronkjaer",2002,"Denmark",-0.41,-0.28,2.06,-0.16,-0.06,-0.3,-0.35,2.52,1.01,-0.2,-0.44,-0.52,1.46,0.52,1.08,0.68,2.22,0.9825
"2350",2350,"Jon Dahl Tomasson",2002,"Denmark",5.94,3.29,-0.56,2.71,0,-0.86,-0.77,-0.6,-0.7,-0.37,-0.44,0.61,-0.42,0.23,0.27,0.77,-1.46,-0.6975
"2351",2351,"Kasper Bogelund",2002,"Denmark",-0.41,-0.08,-0.56,0.07,0.11,0.03,0.08,0.03,-0.95,0.27,-0.54,-0.52,-0.42,-0.61,-0.26,-0.47,0.06,-0.105
"2352",2352,"Martin Jorgensen",2002,"Denmark",-0.41,-0.58,0.31,0.18,-0.49,-0.63,0.5,0.24,-0.27,-0.65,-0.75,-0.52,-0.73,-1.18,-0.53,0.36,-0.39,0.105
"2353",2353,"Martin Laursen",2002,"Denmark",-0.41,-0.51,-0.56,-0.16,0.98,0.68,-0.77,0.44,0.87,1.68,3.21,0.19,2.71,0.8,1.35,-0.22,1.12,-0.0525
"2354",2354,"Niclas Jensen",2002,"Denmark",-0.41,-0.55,-0.12,-0.74,0.89,2.27,-0.77,0.86,-0.15,-0.48,-0.33,-0.52,-0.42,1.65,-0.8,-0.3,3.13,0.56
"2355",2355,"René Henriksen",2002,"Denmark",-0.41,-0.65,-0.56,-0.74,1.18,0.96,-0.77,-0.18,0.63,1.91,1.75,0.19,-0.42,-0.9,0.54,-0.71,0.78,-0.1375
"2356",2356,"Stig Töfting",2002,"Denmark",-0.41,-0.65,2.06,-0.74,0.64,0.08,-0.77,-0.6,2.07,1.33,-0.23,-0.52,-0.1,-0.61,-0.26,1.01,-0.52,0.1925
"2357",2357,"Thomas Gravesen",2002,"Denmark",-0.41,-0.08,0.31,-0.51,1.7,0.31,-0.35,-0.39,1.23,1.27,-0.44,-0.52,-0.42,0.8,0.01,0.25,-0.08,-0.03
"2358",2358,"Thomas Helveg",2002,"Denmark",-0.41,-0.61,-0.12,-0.74,0.64,1.34,0.92,0.03,1.31,0.62,0.4,-0.52,-0.1,1.65,-0.26,-0.47,1.37,0.5425
"2359",2359,"Thomas Sorensen",2002,"Denmark",-0.41,-0.65,-0.56,-0.74,0.4,2.04,-0.77,-0.8,-0.95,-1.01,-0.75,-0.52,-0.42,-1.18,-1.07,-0.82,1.24,-0.0225
"2360",2360,"Agustin Delgado",2002,"Ecuador",1.7,0.02,-0.56,2.79,0.35,-0.95,0.92,-0.46,0.23,-0.22,-0.61,-0.52,3.02,0.71,0.36,0.16,-1.41,-0.2625
"2361",2361,"Alfonso Obregón",2002,"Ecuador",-0.41,-0.34,-0.56,-0.74,1.97,0.73,0.36,0.1,1.16,0.12,-0.33,-0.52,-0.31,-0.05,-0.71,-0.13,0.83,0.1575
"2362",2362,"Augusto Porozo",2002,"Ecuador",-0.41,-0.65,-0.56,-0.74,-0.14,-0.02,-0.77,-1.01,-0.16,0.68,3.14,1.37,1.35,-0.8,-0.35,-0.82,-1.03,-0.59
"2363",2363,"Carlos Tenorio",2002,"Ecuador",-0.41,-0.2,-0.56,0.03,-0.07,-0.77,1.49,0.1,0.14,-0.56,-0.75,2.72,0.94,0.71,0.72,-0.71,-0.67,0.065
"2364",2364,"Edison Méndez",2002,"Ecuador",1.7,1.13,1.77,0.34,1.97,0.54,2.05,0.37,4.62,-0.09,-0.61,-0.52,-0.73,1.84,1.08,0.86,0.91,1.1825
"2365",2365,"Edwin Tenorio",2002,"Ecuador",-0.41,-0.51,-0.56,-0.74,-0.07,-0.39,-0.21,-1.01,0.49,0.1,-0.61,1.29,-0.31,-0.05,-0.71,-0.64,-1.4,-0.5425
"2366",2366,"Iván Hurtado",2002,"Ecuador",-0.41,-0.56,-0.56,-0.43,1.32,1.16,-0.77,-0.18,0.12,3.17,2.17,2.33,0.1,-1.18,0.01,-0.82,0.98,-0.0875
"2367",2367,"Iván Kaviedes",2002,"Ecuador",-0.41,-0.65,-0.56,-0.12,-1.36,-1.01,-0.77,-1.01,-0.68,-0.78,-0.75,-0.52,-0.73,-0.42,-0.71,-0.35,-2.02,-0.8375
"2368",2368,"José Cevallos",2002,"Ecuador",-0.41,-0.65,-0.56,-0.74,0.06,1.79,-0.77,-0.73,-0.95,-1.01,-0.61,-0.52,-0.73,-1.18,-1.07,-0.82,1.06,-0.0675
"2369",2369,"Kléber Chalá",2002,"Ecuador",-0.41,-0.43,0.02,-0.58,0.63,0.54,-0.77,-0.18,0.77,0.69,-0.19,-0.52,0.1,3.34,0.36,0.05,0.36,-0.0975
"2370",2370,"Marlon Ayovi",2002,"Ecuador",-0.41,-0.29,-0.56,-0.74,0.91,-0.33,-0.21,0.1,0.68,0.95,0.09,-0.52,-0.31,0.33,-0.35,-0.82,-0.23,-0.25
"2371",2371,"Raúl Guerrón",2002,"Ecuador",-0.41,-0.11,0.02,-0.58,1.48,2.85,-0.21,0.93,3.07,2.29,1.89,1.29,0.1,2.59,0.01,-0.53,3.78,0.8975
"2372",2372,"Ulises De la Cruz",2002,"Ecuador",-0.41,-0.56,2.36,-0.74,3.9,4.53,2.61,2.31,1.56,2.58,0.5,1.29,0.1,-0.05,0.72,1.11,6.84,2.9525
"2373",2373,"Álex Aguinaga",2002,"Ecuador",-0.41,-0.65,0.02,-0.28,-0.25,-0.33,-0.21,-1.01,0,0.37,-0.47,1.37,0.52,-0.42,1.08,0.2,-1.34,-0.3825
"2374",2374,"Ashley Cole",2002,"England",-0.41,-0.46,-0.21,-0.18,1.29,0.69,0.58,0.82,1.23,0.15,1.67,0.93,0.27,0.63,1.94,-0.41,1.51,0.47
"2375",2375,"Danny Mills",2002,"England",-0.41,-0.22,1.89,-0.09,0.55,0.73,0.92,2.65,0.98,0.56,1.59,-0.52,0.52,0.4,0.87,1.19,3.38,1.5475
"2376",2376,"Darius Vassell",2002,"England",-0.41,-0.59,-0.56,-0.09,-1.22,-1.1,-0.43,-0.35,-0.81,-0.67,-0.67,-0.52,-0.48,-0.5,-0.42,-0.63,-1.45,-0.61
"2377",2377,"David Beckham",2002,"England",0.86,2.34,5.04,-0.18,0.78,1.18,-0.43,1.48,-0.1,-0.1,-0.5,-0.52,0.27,-0.95,0.87,3.45,2.66,1.8175
"2378",2378,"David Seaman",2002,"England",-0.41,-0.65,-0.56,-0.74,0.13,1.96,-0.77,-0.01,-0.95,-1.01,-0.42,-0.52,-0.23,-1.18,-1.07,-0.74,1.95,0.155
"2379",2379,"Emile Heskey",2002,"England",0.86,0.95,-0.56,1.93,-0.21,-0.84,0.25,-0.01,-0.6,-0.61,-0.5,0.75,5.27,0.63,0.01,-0.6,-0.85,-0.29
"2380",2380,"Kieron Dyer",2002,"England",-0.41,-0.65,-0.56,-0.64,-0.8,-0.88,0.58,-0.01,-0.87,-0.87,-0.75,-0.02,-0.73,-0.5,-0.85,-0.67,-0.89,-0.2175
"2381",2381,"Michael Owen",2002,"England",2.13,1.49,-0.56,1.84,-0.6,-1.03,0.92,0.49,-0.87,-0.84,-0.67,-0.52,-0.48,-0.73,0.65,0.08,-0.54,-0.045
"2382",2382,"Nicky Butt",2002,"England",-0.41,0.29,-0.56,0,0.69,-0.39,-0.43,-0.51,-0.06,-0.17,-0.33,-0.52,-0.73,1.31,-0.85,-0.58,-0.9,-0.4725
"2383",2383,"Owen Hargreaves",2002,"England",-0.41,-0.65,-0.21,-0.74,-0.89,-0.99,0.25,-1.01,-0.54,-0.14,-0.67,-0.52,-0.73,-0.95,-0.85,-0.71,-2,-0.49
"2384",2384,"Paul Scholes",2002,"England",-0.41,-0.22,-0.56,-0.64,1.74,0.58,1.26,0.65,1.04,0.97,-0.58,-0.33,-0.73,1.08,0.44,-0.14,1.23,0.4825
"2385",2385,"Rio Ferdinand",2002,"England",0.86,-0.27,-0.56,0.46,0.65,-0.06,-0.77,-0.68,-0.95,-0.31,3.01,1.64,0.52,-0.5,-0.21,-0.6,-0.74,-0.5175
"2386",2386,"Robbie Fowler",2002,"England",-0.41,-0.65,-0.21,-0.74,-1.33,-1.1,-0.43,-1.01,-0.95,-1.01,-0.75,-0.52,-0.73,-0.95,-0.85,-0.49,-2.11,-0.6875
"2387",2387,"Sol Campbell",2002,"England",0.86,-0.25,-0.56,-0.18,-0.01,-0.35,-0.43,-0.68,-0.69,-0.39,3.01,0.97,1.77,0.63,0.22,-0.82,-1.03,-0.505
"2388",2388,"Teddy Sheringham",2002,"England",-0.41,-0.01,-0.56,0,-1.06,-1.03,-0.43,-0.84,-0.95,-0.96,-0.67,-0.52,-0.73,-0.73,-0.64,-0.82,-1.87,-0.715
"2389",2389,"Trevor Sinclair",2002,"England",-0.41,0.02,-0.56,0,0.11,-0.28,0.92,1.15,-0.14,-0.38,-0.25,-0.52,0.02,-0.27,0.65,0.12,0.87,0.3075
"2390",2390,"Bixente Lizarazu",2002,"France",-0.41,-0.6,0.61,-0.28,2.15,2.29,0.36,0.93,5.73,1.76,0.22,-0.52,-0.31,-0.05,2.16,1,3.22,1.0475
"2391",2391,"Christophe Dugarry",2002,"France",-0.41,-0.47,0.61,0.18,-0.12,-0.52,0.36,0.1,0.11,-0.58,-0.75,-0.52,0.94,-0.8,0.72,0.49,-0.42,0.1375
"2392",2392,"Claude Makelele",2002,"France",-0.41,-0.6,-0.56,-0.43,0.24,-0.27,0.36,0.37,0.56,1.11,-0.61,-0.52,-0.73,-0.05,-0.35,-0.82,0.1,-0.025
"2393",2393,"David Trezeguet",2002,"France",-0.41,3.85,-0.56,4.32,-0.38,-0.95,0.36,-0.46,-0.95,-1.01,-0.75,-0.52,0.52,-0.8,-0.35,1.59,-1.41,-0.4025
"2394",2394,"Djibril Cissé",2002,"France",-0.41,0.33,0.61,0.8,-1.33,-1.14,0.36,-0.46,-0.45,-0.58,-0.75,-0.52,-0.31,-0.8,-0.35,-0.42,-1.6,-0.1575
"2395",2395,"Emmanuel Petit",2002,"France",-0.41,0.11,2.94,0.18,1.69,0.85,-0.77,-0.18,0.08,2,-0.75,-0.52,-0.73,-0.42,0.01,2.32,0.67,0.71
"2396",2396,"Fabien Barthez",2002,"France",-0.41,-0.65,-0.56,-0.74,0.09,1.91,-0.77,1.48,-0.95,-1.01,-0.47,-0.52,-0.73,-1.18,-1.07,0.46,3.39,0.515
"2397",2397,"Frank Leboeuf",2002,"France",-0.41,-0.38,-0.56,-0.43,0.24,0.23,-0.77,0.65,0.16,0.4,-0.33,-0.52,0.1,-0.05,-0.35,-0.75,0.88,-0.1125
"2398",2398,"Johan Micoud",2002,"France",-0.41,-0.29,0.02,0.64,-0.09,-0.7,-0.21,0.93,0.5,0.22,-0.61,-0.52,-0.31,-0.42,0.01,0.89,0.23,0.01
"2399",2399,"Lilian Thuram",2002,"France",-0.41,-0.65,0.61,-0.58,2.2,1.79,-0.77,2.87,0.5,1.13,-0.19,1.13,0.1,0.33,-0.35,0.93,4.66,1.125
"2400",2400,"Marcel Desailly",2002,"France",-0.41,-0.11,-0.56,0.34,2.43,1.85,0.92,1.21,1.63,3.65,1.34,1.23,1.77,1.08,1.44,-0.82,3.06,0.855
"2401",2401,"Patrick Vieira",2002,"France",-0.41,0.78,-0.56,1.72,2.69,0.6,0.36,1.21,4.62,2.94,-0.33,-0.52,0.94,0.71,3.23,0.16,1.81,0.4025
"2402",2402,"Sylvain Wiltord",2002,"France",-0.41,0.87,1.77,1.56,1.81,0.23,1.49,4.53,0.56,1.13,-0.75,-0.52,-0.73,1.08,1.08,2.94,4.76,2.005
"2403",2403,"Thierry Henry",2002,"France",-0.41,0.24,2.36,1.41,-0.79,-1.01,-0.21,0.37,0.63,-0.14,-0.75,-0.52,-0.31,0.71,-0.35,0.68,-0.64,0.3775
"2404",2404,"Vincent Candela",2002,"France",-0.41,-0.6,1.19,-0.58,0.83,1.23,0.92,0.65,1.95,1.45,-0.47,-0.52,-0.31,0.71,-0.71,0.57,1.88,0.9975
"2405",2405,"Youri Djorkaeff",2002,"France",-0.41,-0.07,0.02,-0.74,-0.94,-0.77,-0.77,-0.73,-0.95,-1.01,-0.75,-0.52,-0.73,-0.42,0.01,0.31,-1.5,-0.5625
"2406",2406,"Zinedine Zidane",2002,"France",-0.41,0.02,0.61,-0.12,0.04,-0.33,-0.21,0.1,0.05,-0.16,-0.75,-0.52,-0.73,-0.8,-0.35,0.27,-0.23,0.0425
"2407",2407,"Bernd Schneider",2002,"Germany",0.49,-0.17,3.19,-0.21,1.1,0.76,0.92,0.65,1.23,0.57,-0.45,-0.52,-0.19,0.11,1.7,3.31,1.41,1.38
"2408",2408,"Carsten Jancker",2002,"Germany",0.49,0.76,-0.56,0.97,-1.15,-1.06,-0.53,-0.89,-0.78,-0.89,-0.69,-0.52,0.34,0.28,-0.15,-0.37,-1.95,-0.76
"2409",2409,"Carsten Ramelow",2002,"Germany",-0.41,-0.46,-0.56,-0.67,0.38,-0.1,-0.53,0.65,0.54,0.34,0.5,0.19,0.16,-0.21,-0.15,-0.46,0.55,-0.135
"2410",2410,"Christian Ziege",2002,"Germany",-0.41,-0.32,0.94,-0.47,-0.11,0.3,-0.53,-0.54,0.06,-0.15,-0.15,-0.52,-0.55,0.11,-0.92,1.07,-0.24,0.0425
"2411",2411,"Christoph Metzelder",2002,"Germany",-0.41,-0.5,-0.56,-0.28,0.37,-0.07,-0.29,0.06,0.54,1.01,0.98,1.13,0.16,0.76,1.54,-0.62,-0.01,-0.215
"2412",2412,"Dietmar Hamann",2002,"Germany",-0.41,0.15,-0.31,-0.67,1.24,-0.04,0.68,0.18,2.17,2.28,-0.15,0.4,0.16,1.24,0.31,-0.31,0.14,0.1275
"2413",2413,"Frank Baumann",2002,"Germany",-0.41,-0.65,-0.31,-0.74,-1.33,-0.98,-0.77,-0.65,-0.75,-0.84,-0.69,-0.52,-0.55,-1.02,-1.07,-0.64,-1.63,-0.6775
"2414",2414,"Jens Jeremies",2002,"Germany",-0.41,-0.32,-0.31,-0.47,-0.3,-0.74,-0.29,-0.42,0.7,0.09,-0.33,-0.31,-0.19,-0.86,0.16,-0.64,-1.16,-0.44
"2415",2415,"Marco Bode",2002,"Germany",0.49,0.23,-0.31,0.45,-0.72,-0.63,-0.53,-0.3,-0.26,-0.54,-0.51,-0.52,-0.19,-0.21,-0.3,-0.18,-0.93,-0.4425
"2416",2416,"Marko Rehmer",2002,"Germany",-0.41,-0.65,-0.56,-0.74,-1.39,-1.09,-0.77,-0.89,-0.95,-0.5,-0.33,-0.52,-0.73,-0.86,-0.76,-0.76,-1.98,-0.8275
"2417",2417,"Michael Ballack",2002,"Germany",2.31,1.95,0.69,1.76,0.48,-0.26,-0.04,-0.3,1.5,0.25,-0.39,0.67,0.88,1.08,0.31,1.09,-0.56,0.0225
"2418",2418,"Miroslav Klose",2002,"Germany",4.12,3.26,-0.31,3.6,-0.7,-0.77,0.68,0.41,0.2,-0.35,-0.75,-0.18,2.48,0.92,1.85,0.52,-0.36,0.0025
"2419",2419,"Oliver Bierhoff",2002,"Germany",0.49,-0.13,-0.56,-0.21,-1.36,-1.03,-0.77,-1.01,-0.75,-1.01,-0.75,-0.52,-0.01,-0.53,-0.45,-0.49,-2.04,-0.8425
"2420",2420,"Oliver Kahn",2002,"Germany",-0.41,-0.65,-0.56,-0.74,-0.11,1.45,-0.77,-0.77,-0.95,-1.01,-0.51,-0.52,-0.73,-1.18,-0.92,-0.37,0.68,-0.1625
"2421",2421,"Oliver Neuville",2002,"Germany",0.49,0.46,1.94,0.05,-0.68,-0.74,-0.04,0.06,-0.4,-0.54,-0.75,0.18,-0.73,-0.21,0.77,1.42,-0.68,0.305
"2422",2422,"Sebastian Kehl",2002,"Germany",-0.41,-0.65,-0.56,-0.67,-0.88,-0.95,-0.77,-0.3,-0.63,-0.67,-0.33,-0.52,-0.55,-0.86,-0.92,-0.82,-1.25,-0.645
"2423",2423,"Thomas Linke",2002,"Germany",0.49,0.31,-0.56,-0.14,1.27,1.24,-0.77,0.53,1.44,1.33,2.29,0.23,0.52,-0.05,-0.45,-0.59,1.77,0.11
"2424",2424,"Torsten Frings",2002,"Germany",-0.41,-0.17,3.69,-0.34,1.49,1.74,1.16,1.13,2.43,1.06,0.98,-0.52,0.52,1.08,0.77,2.29,2.87,1.93
"2425",2425,"Alessandro Del Piero",2002,"Italy",1.05,-0.03,-0.16,0.01,-1.08,-0.97,0.01,-0.44,-0.95,-0.87,-0.65,-0.24,-0.73,-0.4,-0.08,-0.44,-1.41,-0.39
"2426",2426,"Alessandro Nesta",2002,"Italy",-0.41,-0.62,-0.56,-0.74,-0.87,-0.54,-0.77,-0.82,-0.49,-0.95,1.27,-0.52,0.71,-0.66,-0.32,-0.62,-1.36,-0.6725
"2427",2427,"Angelo Di Livio",2002,"Italy",-0.41,-0.65,-0.56,-0.74,-1.08,-0.88,-0.77,-0.63,-0.79,-0.87,-0.56,-0.52,-0.73,-1.18,-1.07,-0.72,-1.51,-0.71
"2428",2428,"Christian Panucci",2002,"Italy",-0.41,-0.25,0.65,-0.31,0.42,1.53,0.01,-0.05,-0.33,0.03,1.27,-0.52,0.71,-0.4,0.67,0.32,1.48,0.535
"2429",2429,"Christian Vieri",2002,"Italy",5.45,6.26,-0.56,5.21,-0.3,-1.01,0.79,0.52,-0.87,-0.8,-0.27,-0.24,2.15,0.65,2.65,0.19,-0.49,-0.065
"2430",2430,"Cristiano Doni",2002,"Italy",-0.41,0.34,-0.16,-0.42,-0.8,-0.84,-0.77,-0.44,-0.79,-0.48,-0.56,-0.52,-0.44,-0.4,-0.08,-0.17,-1.28,-0.5525
"2431",2431,"Cristiano Zanetti",2002,"Italy",-0.41,-0.49,-0.56,-0.74,0.31,-0.02,-0.38,-0.63,-0.19,0.6,-0.36,-0.24,-0.73,1.43,0.42,-0.24,-0.65,-0.3975
"2432",2432,"Damiano Tommasi",2002,"Italy",-0.41,-0.15,0.25,-0.31,0.4,0.24,0.4,-0.24,1.05,1.73,-0.36,-0.24,-0.44,2.47,0.42,0.32,0,0.1625
"2433",2433,"Fabio Cannavaro",2002,"Italy",-0.41,-0.59,-0.56,-0.63,-0.69,-0.58,-0.77,-0.82,0.05,0.57,1.75,1.59,1,-0.4,-0.82,-0.82,-1.4,-0.6825
"2434",2434,"Filippo Inzaghi",2002,"Italy",-0.41,-0.56,-0.56,0.11,-1.31,-1.05,-0.38,-0.44,-0.88,-1.01,-0.75,-0.52,-0.73,-0.66,-0.32,-0.37,-1.49,-0.6075
"2435",2435,"Francesco Coco",2002,"Italy",-0.41,-0.65,-0.16,-0.63,-0.94,-0.54,0.01,-0.44,-0.16,-0.68,-0.56,-0.52,-0.73,-0.4,-1.07,-0.49,-0.98,-0.2825
"2436",2436,"Francesco Totti",2002,"Italy",-0.41,1.66,3.08,0.64,0.54,0.28,0.4,-0.05,-0.81,-0.35,-0.75,-0.52,-0.44,2.21,3.65,2.97,0.23,0.9275
"2437",2437,"Gennaro Gattuso",2002,"Italy",-0.41,-0.43,-0.56,-0.52,-0.99,-0.58,-0.77,-1.01,-0.47,-0.67,-0.27,-0.52,-0.73,-0.92,-0.08,-0.82,-1.59,-0.73
"2438",2438,"Gianluca Zambrotta",2002,"Italy",-0.41,0.06,2.67,0.33,-0.17,0.59,1.96,0.52,-0.02,-0.11,-0.27,-0.52,0.71,0.91,1.41,1.63,1.11,1.435
"2439",2439,"Gianluigi Buffon",2002,"Italy",-0.41,-0.65,-0.56,-0.74,-0.71,0.41,-0.77,-0.63,-0.95,-1.01,-0.65,-0.52,-0.73,-1.18,-1.07,-0.72,-0.22,-0.3875
"2440",2440,"Luigi Di Biagio",2002,"Italy",-0.41,-0.65,-0.56,-0.52,-1.14,-0.92,-0.77,-1.01,-0.95,-0.47,-0.75,-0.24,-0.73,-0.92,-1.07,-0.8,-1.93,-0.815
"2441",2441,"Marco Materazzi",2002,"Italy",-0.41,-0.65,-0.56,-0.74,-1.26,-0.97,-0.77,-0.82,-0.95,-0.61,0.41,-0.52,0.14,-0.92,-1.07,-0.82,-1.79,-0.78
"2442",2442,"Mark Iuliano",2002,"Italy",-0.41,-0.65,-0.56,-0.74,-1.19,-0.71,-0.77,-1.01,-0.71,-0.94,-0.17,-0.52,-0.44,-0.4,-1.07,-0.6,-1.72,-0.7625
"2443",2443,"Paolo Maldini",2002,"Italy",-0.41,-0.52,-0.56,-0.52,0.77,1.49,-0.77,0.33,-0.19,0.51,0.6,-0.52,0.71,0.91,-0.32,-0.65,1.82,0.1225
"2444",2444,"Vincenzo Montella",2002,"Italy",-0.41,0,-0.16,-0.42,-1.42,-1.1,-0.77,-1.01,-0.88,-1.01,-0.75,-0.52,-0.73,-0.92,-1.07,-0.49,-2.11,-0.76
"2445",2445,"Akinori Nishizawa",2002,"Japan",-0.41,-0.08,-0.56,0.07,-1.16,-1.09,-0.35,-0.18,-0.95,-0.7,-0.64,-0.52,-0.42,0.23,-0.8,-0.58,-1.27,-0.545
"2446",2446,"Alessandro Santos",2002,"Japan",-0.41,-0.28,0.31,-0.05,-1.12,-0.77,0.08,-0.39,-0.27,-1.01,-0.75,-0.52,-0.73,-0.9,-0.26,-0.55,-1.16,-0.1925
"2447",2447,"Atsushi Yanagisawa",2002,"Japan",-0.41,0.05,-0.12,0.64,-0.87,-0.86,0.08,-0.6,-0.77,-0.55,-0.75,-0.52,-0.1,0.8,1.62,-0.08,-1.46,-0.375
"2448",2448,"Daisuke Ichikawa",2002,"Japan",-0.41,-0.55,1.19,-0.62,-0.22,0.17,-0.35,0.44,-0.32,0.82,-0.54,-0.52,-0.73,-0.05,0.54,0.52,0.61,0.3625
"2449",2449,"Hidetoshi Nakata",2002,"Japan",1.17,0.82,0.31,0.64,0.69,0.45,0.08,1.48,0.14,1.21,-0.75,-0.52,-0.73,-0.05,2.43,1.21,1.93,0.58
"2450",2450,"Hiroaki Morishima",2002,"Japan",1.17,0.39,-0.56,0.18,-1.11,-0.91,-0.35,-0.8,-0.95,0.24,-0.75,0.58,-0.42,-0.61,-0.26,-0.8,-1.71,-0.655
"2451",2451,"Junichi Inamoto",2002,"Japan",2.76,0.09,-0.56,0.18,-0.27,-0.3,2.19,0.44,1.21,2.28,-0.12,0.58,-0.1,1.65,0.54,0.03,0.14,0.4425
"2452",2452,"Kazuyuki Toda",2002,"Japan",-0.41,-0.58,-0.56,-0.74,1.54,0.31,-0.35,0.03,1.18,2.56,-0.12,0.58,0.21,3.34,-0.8,-0.38,0.34,-0.1425
"2453",2453,"Koji Nakata",2002,"Japan",-0.41,-0.58,0.75,-0.62,2.01,2.13,0.5,0.86,-0.25,2.32,1.96,1.67,1.77,0.52,0.81,0.19,2.99,1.06
"2454",2454,"Naoki Matsuda",2002,"Japan",-0.41,-0.51,-0.56,-0.74,1.56,1.62,0.08,3.98,0.12,0.28,0.71,-0.52,0.21,-0.33,0.27,0,5.6,1.28
"2455",2455,"Ryuzo Morioka",2002,"Japan",-0.41,-0.65,-0.56,-0.74,-0.89,-0.81,-0.77,-1.01,-0.64,-1.01,-0.33,0.58,0.21,-0.9,-1.07,-0.82,-1.82,-0.7875
"2456",2456,"Seigo Narazaki",2002,"Japan",-0.41,-0.65,-0.56,-0.74,0.02,1.2,-0.77,-0.8,-0.95,-1.01,-0.64,-0.52,-0.73,-1.18,-0.26,-0.55,0.4,-0.2325
"2457",2457,"Shinji Ono",2002,"Japan",-0.41,0.12,0.31,0.3,1.25,1.2,-0.35,0.86,1.71,1.21,-0.12,0.58,0.21,2.21,0.01,0.57,2.06,0.505
"2458",2458,"Takayuki Suzuki",2002,"Japan",1.17,0.15,-0.56,1.33,-0.27,-0.77,-0.35,-0.8,-0.95,0.24,-0.54,-0.52,1.46,1.93,3.5,0.22,-1.57,-0.62
"2459",2459,"Tomokazu Myojin",2002,"Japan",-0.41,-0.55,-0.56,-0.74,0.48,0.54,-0.77,-0.18,1.43,1.53,0.4,-0.52,-0.42,-0.05,0.01,-0.74,0.36,-0.2425
"2460",2460,"Tsuneyasu Miyamoto",2002,"Japan",-0.41,-0.65,-0.56,-0.74,0.58,0.26,-0.35,0.65,-0.77,1.33,1.34,3.34,0.21,-0.33,1.35,-0.63,0.91,0
"2461",2461,"Braulio Luna",2002,"Mexico",-0.41,0.49,0.75,0.99,0.91,0.12,0.92,1.48,0.23,-0.01,-0.12,0.83,-0.42,0.23,0.01,1.45,1.6,0.8175
"2462",2462,"Cuauhtémoc Blanco",2002,"Mexico",1.17,3.43,2.06,1.79,1.91,0.17,0.92,1.69,0.99,-0.31,-0.75,-0.52,-0.1,-0.33,3.77,3.04,1.86,1.21
"2463",2463,"Gabriel Caballero",2002,"Mexico",-0.41,-0.65,-0.56,-0.51,-0.76,-0.95,-0.77,-0.39,0.62,0.33,-0.64,2.26,-0.73,-0.9,-0.26,-0.82,-1.34,-0.6675
"2464",2464,"Gerardo Torrado",2002,"Mexico",1.17,0.12,-0.12,-0.74,2.65,0.64,2.19,0.44,4.25,2.92,0.19,0.79,1.46,1.93,0.27,0.41,1.08,0.7875
"2465",2465,"Jared Borgetti",2002,"Mexico",2.76,1.26,-0.56,2.25,-0.45,-0.91,-0.77,-1.01,1.01,0.04,-0.54,-0.52,1.15,0.52,0.01,0.03,-1.92,-0.8125
"2466",2466,"Jesús Arellano",2002,"Mexico",-0.41,-0.05,-0.56,0.53,1.2,0.82,1.77,2.52,0.27,1.04,0.09,0.79,-0.42,-0.05,0.54,-0.11,3.34,1.1375
"2467",2467,"Johan Rodríguez",2002,"Mexico",-0.41,0.42,-0.56,0.41,0.6,-0.16,-0.35,0.86,0.21,0.96,-0.33,-0.52,-0.42,-0.05,0.81,-0.06,0.7,-0.0525
"2468",2468,"Luis Hernández",2002,"Mexico",-0.41,0.22,-0.56,0.87,-1.07,-1.14,-0.35,-0.8,-0.57,-1.01,-0.75,-0.52,-0.73,-0.61,-0.8,-0.33,-1.94,-0.7125
"2469",2469,"Manuel Vidrio",2002,"Mexico",-0.41,-0.65,-0.56,-0.74,0.98,0.82,-0.77,1.69,1.4,0,1.23,-0.52,0.21,0.8,-0.53,-0.82,2.51,0.295
"2470",2470,"Rafael Márquez",2002,"Mexico",-0.41,-0.18,-0.56,-0.39,3.3,1.76,-0.35,2.94,0.97,0.95,1.75,0.94,3.02,-0.05,-0.26,-0.25,4.7,0.9475
"2471",2471,"Ramón Morales",2002,"Mexico",-0.41,-0.18,2.94,0.07,1.04,0.64,0.92,1.07,1.78,0.29,0.09,-0.52,-0.42,-0.33,0.81,1.23,1.71,1.3925
"2472",2472,"Salvador Carmona",2002,"Mexico",-0.41,-0.55,-0.12,-0.74,3.07,1.57,-0.35,3.56,4.98,2.32,0.29,-0.52,0.21,1.65,1.08,-0.38,5.13,1.165
"2473",2473,"Sigifredo Mercado",2002,"Mexico",-0.41,-0.58,-0.56,-0.39,-0.08,-0.06,-0.77,1.07,0.22,0.33,0.5,-0.52,-0.1,-0.33,-1.07,-0.06,1.01,-0.08
"2474",2474,"Óscar Pérez",2002,"Mexico",-0.41,-0.65,-0.56,-0.74,0.65,1.76,-0.77,-1.01,-0.57,-1.01,-0.64,-0.52,-0.73,-1.18,-1.07,-0.82,0.75,-0.145
"2475",2475,"Bartholomew Ogbeche",2002,"Nigeria",-0.41,0.11,-0.56,0.64,-0.66,-1.08,-0.77,-0.73,-0.78,-0.59,-0.75,-0.52,-0.31,-0.05,1.08,-0.24,-1.81,-0.785
"2476",2476,"Benedict Akwuegbu",2002,"Nigeria",-0.41,-0.43,-0.56,0.18,-1.07,-0.95,-0.21,0.1,-0.95,-1.01,-0.75,-0.52,0.1,-0.8,-0.71,-0.49,-0.85,-0.405
"2477",2477,"Celestine Babayaro",2002,"Nigeria",-0.41,-0.65,-0.56,-0.58,-0.02,0.29,-0.77,-0.46,-0.11,-0.29,0.5,-0.52,-0.31,-0.8,-1.07,-0.6,-0.17,-0.375
"2478",2478,"Efe Sodje",2002,"Nigeria",-0.41,-0.25,-0.56,-0.28,0.14,0.23,-0.77,-0.73,-0.78,-0.45,0.5,0.56,-0.73,0.71,-0.71,-0.75,-0.5,-0.4575
"2479",2479,"Femi Opabunmi",2002,"Nigeria",-0.41,-0.51,-0.56,-0.28,-0.84,-0.89,-0.77,-0.18,-0.64,-1.01,0.09,-0.52,-0.31,-1.18,-1.07,-0.82,-1.07,-0.6
"2480",2480,"Garba Lawal",2002,"Nigeria",-0.41,-0.65,0.02,-0.43,-0.97,-0.83,-0.77,-0.73,-0.44,-0.86,-0.47,-0.52,-0.31,-0.05,-0.71,-0.17,-1.56,-0.5775
"2481",2481,"Ifeanyi Udeze",2002,"Nigeria",-0.41,-0.51,0.61,-0.74,0.45,0.36,0.36,2.04,0,-0.47,-0.05,-0.52,-0.73,-0.42,-0.35,0.31,2.4,0.8425
"2482",2482,"Ike Shorunmu",2002,"Nigeria",-0.41,-0.65,-0.56,-0.74,-0.63,0.54,-0.77,-1.01,-0.95,-1.01,-0.33,-0.52,-0.73,-1.18,-1.07,-0.82,-0.47,-0.45
"2483",2483,"Isaac Okoronkwo",2002,"Nigeria",-0.41,-0.6,-0.56,-0.43,1.02,0.79,-0.77,-0.46,1.79,1.45,1.75,1.7,0.52,-0.8,-0.71,-0.82,0.33,-0.25
"2484",2484,"James Obiorah",2002,"Nigeria",-0.41,-0.51,-0.56,0.03,-0.56,-0.89,-0.21,-1.01,-0.64,-0.48,-0.75,-0.52,-0.73,-0.8,-1.07,-0.38,-1.9,-0.6675
"2485",2485,"Jay-Jay Okocha",2002,"Nigeria",-0.41,1.27,3.52,-0.58,2.36,2.47,4.87,2.04,1.02,-0.86,-0.61,-0.52,-0.73,0.33,0.36,4.62,4.51,3.225
"2486",2486,"John Utaka",2002,"Nigeria",-0.41,0.2,0.02,0.34,-0.76,-0.7,0.92,-1.01,-0.95,-0.45,-0.75,-0.52,-0.73,-0.05,-1.07,0.35,-1.71,-0.1925
"2487",2487,"Joseph Yobo",2002,"Nigeria",-0.41,-0.16,0.61,-0.43,0.89,0.42,1.49,-0.46,3.23,2.37,2.17,5.55,-0.73,0.33,0.01,0.09,-0.04,0.515
"2488",2488,"Julius Aghahowa",2002,"Nigeria",1.7,0.95,0.61,1.41,-0.48,-0.89,-0.21,-0.46,-0.78,-0.74,-0.47,-0.52,-0.73,-0.05,0.36,0.09,-1.35,-0.2375
"2489",2489,"Justice Christopher",2002,"Nigeria",-0.41,-0.51,-0.56,-0.74,1.2,-0.14,-0.21,0.37,0.03,-0.06,-0.47,1.7,-0.31,1.84,0.36,-0.46,0.23,-0.135
"2490",2490,"Kanu",2002,"Nigeria",-0.41,0.15,-0.56,-0.12,-0.94,-0.95,-0.77,-0.73,-0.45,-1.01,-0.75,-0.52,-0.73,-1.18,-0.35,-0.79,-1.68,-0.7525
"2491",2491,"Pius Ikedia",2002,"Nigeria",-0.41,-0.47,0.02,0.8,-0.97,-0.77,2.61,0.65,-0.62,-0.86,-0.75,-0.52,-0.73,-0.8,-0.71,0.64,-0.12,0.6275
"2492",2492,"Taribo West",2002,"Nigeria",-0.41,-0.11,-0.56,-0.43,-0.48,-0.14,1.49,0.65,-0.45,1.08,1.2,4.61,0.52,0.71,-0.35,-0.82,0.51,0.36
"2493",2493,"Vincent Enyeama",2002,"Nigeria",-0.41,-0.65,-0.56,-0.74,-1.1,-0.33,-0.77,-1.01,-0.95,-1.01,-0.75,-0.52,-0.73,-1.18,-1.07,-0.82,-1.34,-0.6675
"2494",2494,"Carlos Bonet",2002,"Paraguay",-0.41,-0.65,-0.56,-0.74,-1.18,-1,-0.77,-1.01,-0.95,-0.79,-0.54,-0.52,-0.42,-0.9,-0.53,-0.82,-2.01,-0.835
"2495",2495,"Carlos Gamarra",2002,"Paraguay",-0.41,-0.11,-0.56,-0.05,0.17,0.17,-0.77,1.28,0.5,1.14,2.59,3.57,2.39,1.08,0.27,-0.69,1.45,0.03
"2496",2496,"Carlos Paredes",2002,"Paraguay",-0.41,-0.65,-0.56,-0.51,-0.83,-1.05,-0.35,-0.8,-0.5,-0.75,-0.44,-0.52,-0.1,-0.05,-0.53,-0.82,-1.85,-0.69
"2497",2497,"Celso Ayala",2002,"Paraguay",-0.41,-0.18,-0.56,-0.51,-0.43,-0.72,-0.35,-0.39,-0.95,-0.36,3.53,0,-0.1,0.23,0.01,-0.8,-1.11,-0.505
"2498",2498,"Denis Caniza",2002,"Paraguay",-0.41,-0.31,0.75,-0.28,0.33,0.45,-0.77,-0.18,-0.5,0.39,0.71,-0.52,-0.73,1.37,-0.8,0.88,0.27,0.0625
"2499",2499,"Diego Gavilán",2002,"Paraguay",-0.41,-0.45,-0.12,-0.51,-0.7,-1,-0.77,-0.39,0.25,-0.5,-0.44,-0.52,-0.42,0.52,-0.26,-0.41,-1.39,-0.57
"2500",2500,"Estanislao Struway",2002,"Paraguay",-0.41,-0.65,-0.56,-0.74,-0.12,-0.63,-0.77,-1.01,-0.19,-0.22,-0.12,1.1,-0.42,0.52,-0.53,-0.82,-1.64,-0.7425
"2501",2501,"Francisco Arce",2002,"Paraguay",1.17,0.09,6,-0.62,2.41,3.62,-0.77,1.07,0.35,-0.72,0.29,0,0.21,-0.33,-0.53,5.59,4.69,2.48
"2502",2502,"Guido Alvarenga",2002,"Paraguay",-0.41,-0.61,-0.12,-0.74,-0.72,-0.67,-0.77,-0.6,-0.78,-0.77,-0.75,0.07,-0.42,-0.33,2.16,0.14,-1.27,-0.54
"2503",2503,"Jorge Campos",2002,"Paraguay",1.17,-0.11,-0.12,-0.28,-0.56,-0.81,-0.77,0.03,-0.8,-0.52,-0.64,-0.52,-0.73,-1.18,-0.26,-0.47,-0.78,-0.4175
"2504",2504,"Jose Chilavert",2002,"Paraguay",-0.41,0.05,-0.56,-0.74,-0.54,1.06,-0.77,0.44,-0.95,-1.01,-0.54,-0.52,-0.73,-1.18,-1.07,-0.19,1.5,0.0425
"2505",2505,"José Cardozo",2002,"Paraguay",-0.41,0.52,-0.12,1.45,-0.78,-0.91,-0.35,-0.8,-0.52,-1.01,-0.75,-0.52,1.77,1.08,1.08,0.22,-1.71,-0.545
"2506",2506,"Julio César Cáceres",2002,"Paraguay",-0.41,-0.65,-0.12,-0.74,0.17,0.03,-0.35,-0.8,-0.03,1.34,2.28,0.07,0.21,0.8,0.27,-0.58,-0.77,-0.31
"2507",2507,"Nelson Cuevas",2002,"Paraguay",2.76,0.35,-0.12,-0.16,-1.47,-1.09,2.19,0.65,-0.95,-0.9,-0.75,-0.52,-0.73,-1.18,0.01,0.19,-0.44,0.4075
"2508",2508,"Ricardo Tavarelli",2002,"Paraguay",-0.41,-0.65,-0.56,-0.74,-1.28,-0.67,-0.77,-1.01,-0.95,-1.01,-0.75,-0.52,-0.73,-0.9,-0.8,-0.82,-1.68,-0.7525
"2509",2509,"Roberto Acuña",2002,"Paraguay",-0.41,-0.11,-0.12,-0.51,1.85,0.64,1.35,0.65,1.73,0.44,0.61,-0.52,-0.1,1.37,0.81,0.38,1.29,0.63
"2510",2510,"Roque Santa Cruz",2002,"Paraguay",1.17,3.19,-0.56,5.01,-0.27,-0.95,1.35,0.03,-0.22,-0.15,-0.64,-0.52,5.2,0.52,0.81,0.11,-0.92,-0.0325
"2511",2511,"Arkadiusz Bak",2002,"Poland",-0.41,-0.34,-0.56,-0.43,-1.1,-1.08,-0.77,-0.73,-0.29,-1.01,-0.61,-0.52,-0.73,-0.05,-0.35,-0.82,-1.81,-0.785
"2512",2512,"Arkadiusz Glowacki",2002,"Poland",-0.41,-0.65,-0.56,-0.74,-1.23,-1.01,-0.77,-1.01,-0.89,-0.95,-0.05,-0.3,-0.73,-0.8,-0.71,-0.82,-2.02,-0.8375
"2513",2513,"Cezary Kucharski",2002,"Poland",-0.41,-0.07,-0.56,-0.43,-0.94,-0.83,-0.77,-0.73,-0.7,-0.84,-0.75,-0.3,-0.31,-0.05,-1.07,-0.6,-1.56,-0.7225
"2514",2514,"Emmanuel Olisadebe",2002,"Poland",1.7,0.2,-0.56,1.56,-0.63,-0.7,-0.21,0.65,-0.56,-1.01,-0.75,-0.52,2.6,-0.05,1.08,-0.09,-0.0499999999999999,-0.205
"2515",2515,"Jacek Bak",2002,"Poland",-0.41,-0.65,-0.56,-0.43,-1.15,-1.01,-0.77,-0.46,-0.95,-0.41,-0.05,-0.52,-0.31,-0.8,-0.71,-0.82,-1.47,-0.7
"2516",2516,"Jacek Krzynówek",2002,"Poland",-0.41,1.4,2.94,0.95,-0.04,0.11,0.36,1.21,-0.09,-0.28,-0.33,-0.52,0.52,-0.42,0.72,2.39,1.32,1.155
"2517",2517,"Jacek Zielinski",2002,"Poland",-0.41,-0.65,-0.56,-0.74,-1.18,-1.08,-0.77,-1.01,-0.82,-0.9,0.64,-0.3,-0.31,-0.8,-0.71,-0.82,-2.09,-0.855
"2518",2518,"Jerzy Dudek",2002,"Poland",-0.41,-0.65,-0.56,-0.74,-0.61,0.85,-0.77,-0.18,-0.95,-1.01,-0.75,-0.52,-0.73,-1.18,-1.07,-0.82,0.67,-0.165
"2519",2519,"Maciej Murawski",2002,"Poland",-0.41,-0.6,-0.56,-0.74,-1.1,-0.77,-0.77,-0.73,-0.82,-0.84,-0.05,0.37,-0.73,-0.8,-1.07,-0.79,-1.5,-0.7075
"2520",2520,"Maciej Zurawski",2002,"Poland",-0.41,3.31,0.02,0.18,-0.35,-0.21,0.36,-0.73,-0.76,-0.9,-0.33,0.63,0.52,0.71,-0.35,0.46,-0.94,-0.14
"2521",2521,"Marcin Zewlakow",2002,"Poland",1.7,0.2,-0.56,-0.12,-1.12,-1.01,-0.21,-0.46,-0.56,-0.9,-0.61,-0.52,0.1,0.33,0.72,-0.6,-1.47,-0.56
"2522",2522,"Marek Kozminski",2002,"Poland",-0.41,-0.65,0.61,-0.43,0.27,1.41,-0.21,0.65,-0.03,0.37,0.09,-0.52,0.1,-0.05,0.36,0.6,2.06,0.615
"2523",2523,"Michal Zewlakow",2002,"Poland",-0.41,-0.38,1.77,-0.74,-0.04,0.85,-0.77,-0.46,0.08,-0.41,0.5,0.71,0.52,-0.05,-0.71,0.75,0.39,0.3475
"2524",2524,"Pawel Kryszalowicz",2002,"Poland",1.7,1.71,-0.56,1.1,-0.53,-0.7,1.49,-0.73,0.17,-0.8,-0.61,-0.52,-0.31,2.97,1.44,0.24,-1.43,-0.125
"2525",2525,"Piotr Swierczewski",2002,"Poland",-0.41,-0.25,-0.56,-0.28,-0.3,-0.58,-0.77,-0.73,-0.6,-1.01,-0.61,1.24,-0.31,3.34,-1.07,-0.49,-1.31,-0.66
"2526",2526,"Radoslaw Kaluzny",2002,"Poland",-0.41,-0.11,-0.56,-0.12,-1.3,-0.95,-0.21,-1.01,-0.27,-0.71,-0.33,-0.52,-0.31,0.33,-0.71,-0.75,-1.96,-0.6825
"2527",2527,"Radoslaw Majdan",2002,"Poland",-0.41,-0.65,-0.56,-0.74,-1.23,-0.52,-0.77,-1.01,-0.95,-1.01,-0.61,-0.52,-0.73,-1.18,-0.71,-0.82,-1.53,-0.715
"2528",2528,"Tomasz Hajto",2002,"Poland",-0.41,-0.16,-0.56,-0.43,-0.09,0.23,-0.21,-0.46,-0.44,0.58,0.22,0.09,-0.73,0.71,-0.71,-0.6,-0.23,-0.25
"2529",2529,"Tomasz Klos",2002,"Poland",-0.41,-0.65,-0.56,-0.58,-0.89,-0.21,-0.77,-1.01,-0.7,-0.51,1.2,-0.52,0.1,-0.05,-0.35,-0.17,-1.22,-0.6375
"2530",2530,"Tomasz Waldoch",2002,"Poland",-0.41,-0.47,-0.56,-0.12,-0.22,-0.39,-0.77,-0.73,-0.78,-0.15,0.92,0.71,-0.73,-0.8,-0.71,-0.6,-1.12,-0.6125
"2531",2531,"Beto",2002,"Portugal",1.7,0.15,0.02,-0.12,0.27,0.98,-0.21,0.93,2.91,1.64,0.36,-0.52,-0.31,1.84,0.72,0.16,1.91,0.43
"2532",2532,"Fernando Couto",2002,"Portugal",-0.41,-0.43,-0.56,0.03,1.14,0.73,-0.77,-1.01,0.32,1.56,3.7,2.34,7.18,1.08,-0.71,-0.42,-0.28,-0.4025
"2533",2533,"Frechaut",2002,"Portugal",-0.41,-0.65,-0.56,-0.43,-1.12,-0.58,-0.77,-1.01,0.27,-0.23,-0.61,-0.52,-0.73,0.33,-0.35,-0.68,-1.59,-0.73
"2534",2534,"Jorge Andrade",2002,"Portugal",-0.41,-0.65,-0.56,-0.28,-1.02,-0.64,0.36,-0.46,-0.7,-1.01,-0.19,-0.52,-0.73,-0.42,-1.07,-0.64,-1.1,-0.325
"2535",2535,"Jorge Costa",2002,"Portugal",-0.41,0.24,-0.56,-0.43,0.6,-0.33,-0.77,-0.18,0.98,0.72,1.48,2.45,0.52,0.33,-0.71,-0.82,-0.51,-0.46
"2536",2536,"João Vieira Pinto",2002,"Portugal",-0.41,-0.02,-0.56,0.64,-0.56,-0.89,1.49,0.65,-0.18,-0.75,-0.75,-0.52,0.1,-0.42,3.59,-0.17,-0.24,0.1725
"2537",2537,"Luis Figo",2002,"Portugal",-0.41,0.47,5.86,-0.28,1.66,0.73,2.05,0.1,1.23,1.68,-0.33,-0.52,-0.31,0.71,3.59,4.66,0.83,2.185
"2538",2538,"Nuno Gomes",2002,"Portugal",-0.41,-0.65,-0.56,-0.58,-1.49,-1.14,-0.77,-1.01,-0.95,-1.01,-0.75,-0.52,-0.73,-0.8,-1.07,-0.82,-2.15,-0.87
"2539",2539,"Pauleta",2002,"Portugal",5.94,3.89,0.02,4.17,-0.79,-0.95,2.05,-0.18,-0.43,-0.8,-0.47,-0.52,0.1,0.33,0.36,1.92,-1.13,0.235
"2540",2540,"Paulo Bento",2002,"Portugal",-0.41,-0.65,-0.56,-0.74,0.35,-0.21,-0.77,-0.73,0.46,1.36,-0.19,0.54,0.1,-0.42,-0.35,-0.64,-0.94,-0.5675
"2541",2541,"Petit",2002,"Portugal",-0.41,0.02,-0.56,-0.43,1.3,0.54,-0.21,-0.46,2.02,4.11,0.22,-0.52,0.1,1.46,2.16,-0.24,0.08,-0.1725
"2542",2542,"Rui Costa",2002,"Portugal",1.7,0.69,0.02,-0.12,-0.02,-0.45,0.92,0.65,0.09,0.31,-0.75,-0.52,-0.31,-0.42,-0.71,0.57,0.2,0.285
"2543",2543,"Rui Jorge",2002,"Portugal",-0.41,-0.65,0.02,-0.43,1.63,3.65,-0.77,-0.46,-0.4,1.25,-0.05,2.34,-0.31,-0.42,-0.71,-0.35,3.19,0.61
"2544",2544,"Sergio Conceição",2002,"Portugal",-0.41,0.29,0.61,-0.28,0.42,0.11,2.05,1.76,0.07,-0.12,-0.61,-0.52,-0.73,0.71,1.8,0.53,1.87,1.1325
"2545",2545,"Vítor Baía",2002,"Portugal",-0.41,-0.65,-0.56,-0.74,-0.09,1.41,-0.77,-0.18,-0.95,-1.01,-0.47,-0.52,-0.73,-1.18,0.01,-0.82,1.23,-0.025
"2546",2546,"Damien Duff",2002,"Rep of Ireland",1.05,0.28,-0.16,1.92,-0.23,-0.79,4.69,3.98,-0.78,0,-0.65,-0.52,-0.44,1.69,3.89,0.62,3.19,1.93
"2547",2547,"David Connolly",2002,"Rep of Ireland",-0.41,-0.37,-0.56,-0.42,-1.35,-1.14,-0.77,-0.82,-0.68,-1.01,-0.65,-0.52,-0.44,-0.92,-0.82,-0.82,-1.96,-0.8225
"2548",2548,"Gary Breen",2002,"Rep of Ireland",1.05,0.25,-0.56,0.75,0.58,-0.32,-0.77,-0.63,-0.48,0.87,2.33,1.79,2.15,0.39,-0.32,-0.57,-0.95,-0.57
"2549",2549,"Gary Kelly",2002,"Rep of Ireland",-0.41,-0.65,1.46,-0.52,0.22,0.54,-0.38,0.33,-0.31,-0.53,0.12,-0.52,-0.44,-0.66,-0.32,0.06,0.87,0.4875
"2550",2550,"Ian Harte",2002,"Rep of Ireland",-0.41,2.06,1.46,-0.63,1.42,1.84,0.01,1.48,-0.48,0.33,0.5,-0.52,0.14,-0.4,-0.08,1.1,3.32,1.1975
"2551",2551,"Jason McAteer",2002,"Rep of Ireland",-0.41,-0.65,-0.16,-0.74,-1.24,-0.92,-0.77,-0.82,-0.58,-0.84,-0.75,-0.52,-0.73,-0.92,-0.82,-0.39,-1.74,-0.6675
"2552",2552,"Kenny Cunningham",2002,"Rep of Ireland",-0.41,-0.65,-0.56,-0.74,-0.69,-0.49,-0.77,-0.05,-0.4,-0.77,0.12,-0.52,-0.73,-0.92,-0.82,-0.44,-0.54,-0.4675
"2553",2553,"Kevin Kilbane",2002,"Rep of Ireland",-0.41,0.34,0.25,1.17,1.11,0.63,1.18,2.44,0.59,1.34,0.5,1.11,1.58,0.91,1.16,0.82,3.07,1.125
"2554",2554,"Mark Kinsella",2002,"Rep of Ireland",-0.41,-0.28,-0.56,-0.42,2.31,-0.02,0.01,-0.44,0.41,1.17,-0.56,-0.52,-0.44,-0.4,-0.57,-0.49,-0.46,-0.2525
"2555",2555,"Matthew Holland",2002,"Rep of Ireland",1.05,-0.12,-0.56,-0.31,1.33,0.2,-0.77,-0.44,0.74,-0.63,-0.27,1.75,-0.44,0.91,-0.57,0.72,-0.24,-0.3925
"2556",2556,"Niall Quinn",2002,"Rep of Ireland",-0.41,0.18,-0.56,1.17,-0.92,-0.97,-0.77,-0.63,-0.4,-0.63,-0.75,-0.52,0.71,0.39,0.17,0.92,-1.6,-0.7325
"2557",2557,"Robbie Keane",2002,"Rep of Ireland",3.98,5.39,-0.16,2.34,0.2,-0.62,1.18,-0.44,-0.95,-0.86,-0.65,-0.52,-0.44,0.91,0.17,0.52,-1.06,-0.01
"2558",2558,"Shay Given",2002,"Rep of Ireland",-0.41,-0.65,-0.56,-0.74,1.04,2.87,-0.77,-0.82,-0.95,-1.01,-0.56,-0.52,-0.73,-1.18,-1.07,-0.82,2.05,0.18
"2559",2559,"Stephen Staunton",2002,"Rep of Ireland",-0.41,-0.65,-0.56,-0.74,1.08,1.15,-0.77,-0.24,1.01,2.31,1.66,1.21,1.29,-0.66,-0.08,-0.62,0.91,-0.105
"2560",2560,"Steve Finnan",2002,"Rep of Ireland",-0.41,-0.65,0.65,-0.42,1.61,1.62,-0.77,1.67,1.12,0.31,0.5,-0.52,-0.44,0.39,-0.32,0.04,3.29,0.7925
"2561",2561,"Steven Reid",2002,"Rep of Ireland",-0.41,-0.49,0.25,-0.52,-1.35,-0.97,-0.77,-1.01,-0.95,-1.01,-0.65,-0.52,-0.73,-1.18,-0.82,-0.39,-1.98,-0.625
"2562",2562,"Alexei Smertin",2002,"Russia",-0.41,-0.43,-0.56,-0.74,-0.79,-1.01,-0.21,-0.46,0.6,0.33,-0.19,-0.52,-0.31,0.33,-0.71,-0.82,-1.47,-0.56
"2563",2563,"Andrei Solomatin",2002,"Russia",-0.41,-0.47,0.61,0.49,1.71,2.16,-0.21,0.1,0.82,4.64,1.2,-0.52,1.35,1.08,2.87,0.46,2.26,0.665
"2564",2564,"Dmitri Alenichev",2002,"Russia",-0.41,-0.51,0.61,0.18,-0.33,0.04,0.92,1.48,-0.59,-0.56,-0.33,-0.52,-0.31,-0.05,0.01,1.04,1.52,0.7625
"2565",2565,"Dmitri Sennikov",2002,"Russia",-0.41,-0.65,-0.56,-0.58,-1.02,-0.52,-0.77,-0.73,-0.23,-1.01,-0.19,-0.52,-0.73,-0.05,-1.07,-0.53,-1.25,-0.645
"2566",2566,"Dmitrij Khokhlov",2002,"Russia",-0.41,0.87,0.02,1.1,0.09,-0.45,-0.21,0.65,-0.59,-0.23,-0.47,-0.52,0.94,-0.8,-0.71,1.33,0.2,0.0025
"2567",2567,"Dmitriy Sychev",2002,"Russia",1.7,1.62,0.02,1.87,-1.05,-1.08,-0.21,0.1,0.33,-0.7,-0.75,-0.52,-0.73,-0.05,-0.35,-0.02,-0.98,-0.2925
"2568",2568,"Igor Semshov",2002,"Russia",-0.41,-0.25,0.61,0.18,-0.56,-0.7,-0.21,0.1,0.89,0.21,-0.61,-0.52,-0.73,-0.05,-0.71,-0.09,-0.6,-0.05
"2569",2569,"Marat Izmailov",2002,"Russia",-0.41,-0.38,0.02,-0.43,-0.38,-0.64,-0.77,-0.73,0.49,0.44,-0.61,-0.52,-0.73,-1.18,-0.71,0.46,-1.37,-0.53
"2570",2570,"Ruslan Nigmatullin",2002,"Russia",-0.41,-0.65,-0.56,-0.74,0.11,1.85,-0.77,-1.01,-0.95,-1.01,-0.75,-0.52,-0.31,-1.18,-1.07,-0.82,0.84,-0.1225
"2571",2571,"Ruslan Pimenov",2002,"Russia",-0.41,0.47,0.61,0.8,-1.02,-0.89,-0.77,-1.01,-0.95,-1.01,-0.75,-0.52,-0.73,3.34,0.36,0.13,-1.9,-0.515
"2572",2572,"Valery Karpin",2002,"Russia",1.7,3.54,1.19,0.03,1.51,1.66,0.36,0.93,-0.43,1.44,-0.33,-0.52,0.94,1.08,2.51,2.39,2.59,1.035
"2573",2573,"Viktor Onopko",2002,"Russia",-0.41,-0.65,-0.56,-0.58,1.45,0.67,0.36,0.65,-0.16,1.62,3.42,6.2,0.1,-0.8,1.08,-0.13,1.32,0.28
"2574",2574,"Vladimir Beschastnykh",2002,"Russia",1.7,1.76,-0.56,2.64,-0.45,-0.64,0.36,-0.46,-0.43,-1.01,-0.75,-0.52,-0.31,-0.42,1.44,1.11,-1.1,-0.325
"2575",2575,"Yegor Titov",2002,"Russia",1.7,0.6,-0.56,0.49,2.2,0.23,-0.77,0.37,1.15,0.52,-0.61,-0.52,2.19,-0.8,0.36,0.68,0.6,-0.1825
"2576",2576,"Yuri Nikiforov",2002,"Russia",-0.41,0.11,-0.56,-0.74,0.86,0.98,-0.21,1.21,0.46,1.52,1.48,1.3,0.94,1.08,0.72,-0.82,2.19,0.355
"2577",2577,"Yury Kovtun",2002,"Russia",-0.41,-0.51,-0.56,-0.58,1.17,1.29,-0.77,-0.46,0.65,1.6,3.01,1.97,2.19,3.34,0.36,-0.71,0.83,-0.125
"2578",2578,"Abdulaziz Al Khathran",2002,"Saudi Arabia",-0.41,-0.16,-0.56,0.34,0.55,-0.14,0.92,-0.46,-0.14,-0.68,-0.75,-0.52,-0.73,-0.42,0.72,-0.17,-0.6,-0.06
"2579",2579,"Abdulla Jumaa Al Dossary",2002,"Saudi Arabia",-0.41,0.06,0.61,-0.43,-1.18,-1.08,0.92,0.37,-0.95,-0.48,-0.75,-0.52,-0.73,-0.42,-1.07,-0.35,-0.71,0.205
"2580",2580,"Abdullah Al-Waked Al-Shahrani",2002,"Saudi Arabia",-0.41,-0.47,0.02,-0.58,0.58,-0.14,-0.21,0.1,0.15,-0.6,0.92,0.81,-0.31,-0.8,1.08,0.16,-0.04,-0.0575
"2581",2581,"Abdullah Zubromawi",2002,"Saudi Arabia",-0.41,-0.65,-0.56,-0.74,0.6,-0.08,-0.77,-0.46,1.27,-0.4,1.61,0.14,-0.73,-0.42,0.01,-0.82,-0.54,-0.4675
"2582",2582,"Ahmed Dukhi Al Dosari",2002,"Saudi Arabia",-0.41,-0.65,-0.56,-0.43,-0.17,-0.52,-0.77,0.1,-0.47,-1.01,-0.33,-0.52,-0.73,-0.8,0.01,-0.82,-0.42,-0.4375
"2583",2583,"Al Hassan Al Yami",2002,"Saudi Arabia",-0.41,-0.02,-0.56,0.64,-0.43,-0.95,0.92,-0.18,-0.56,-1.01,-0.75,-0.52,-0.73,-0.8,0.01,0.79,-1.13,-0.1925
"2584",2584,"Fouzi Al Shehri",2002,"Saudi Arabia",-0.41,-0.65,-0.56,-0.74,0.06,0.11,-0.77,-0.46,-0.18,-0.36,1.89,0.83,-0.31,-0.42,-0.35,-0.82,-0.35,-0.42
"2585",2585,"Hussein Al Sulaimani",2002,"Saudi Arabia",-0.41,-0.47,0.02,-0.74,1.81,2.1,-0.77,0.37,0.4,1.11,1.06,0.14,-0.31,-0.8,0.01,-0.42,2.47,0.43
"2586",2586,"Ibrahim Al Shahrani",2002,"Saudi Arabia",-0.41,-0.43,-0.56,-0.43,0.83,-0.21,-0.21,-0.73,-0.32,0.33,-0.19,-0.52,-0.31,1.84,-0.35,-0.68,-0.94,-0.4275
"2587",2587,"Khamis Al-Owairan Al-Dossari",2002,"Saudi Arabia",-0.41,-0.65,0.02,-0.74,1.35,-0.39,0.36,-0.46,-0.08,0.84,-0.75,-0.52,-0.73,-0.42,-1.07,-0.82,-0.85,-0.1175
"2588",2588,"Mohammed Al-Deayea",2002,"Saudi Arabia",-0.41,-0.65,-0.56,-0.74,-0.12,1.29,0.36,-0.73,-0.95,-1.01,-0.05,-0.52,-0.73,-1.18,-0.35,-0.68,0.56,0.09
"2589",2589,"Mohammed Noor",2002,"Saudi Arabia",-0.41,-0.65,-0.56,-0.74,-0.09,-0.39,-0.21,-0.18,0.43,-0.6,-0.19,-0.52,-0.73,-0.05,0.01,-0.82,-0.57,-0.335
"2590",2590,"Mohammed Shaliyah Al Jahani",2002,"Saudi Arabia",-0.41,-0.51,0.61,0.03,0.29,1.16,-0.21,0.1,-0.17,0.3,0.36,-0.52,-0.73,-0.8,-0.35,0.13,1.26,0.415
"2591",2591,"Nawaf Al Temyat",2002,"Saudi Arabia",-0.41,1.22,0.02,0.03,1.12,-0.14,1.49,2.59,-0.76,-0.32,-0.33,-0.52,-0.73,0.33,1.44,0.46,2.45,0.99
"2592",2592,"Obeid Al Dossary",2002,"Saudi Arabia",-0.41,-0.2,-0.56,-0.28,-1.46,-1.14,-0.77,-1.01,-0.76,-1.01,-0.75,-0.52,-0.73,-1.18,-1.07,-0.82,-2.15,-0.87
"2593",2593,"Redha Tukar",2002,"Saudi Arabia",-0.41,-0.6,-0.56,-0.74,0.83,0.29,-0.21,-0.73,-0.18,1.4,3.01,0.14,1.35,1.84,1.44,-0.82,-0.44,-0.3025
"2594",2594,"Sami Al-Jaber",2002,"Saudi Arabia",-0.41,-0.65,-0.56,-0.74,-0.76,-1.01,-0.21,-0.73,-0.95,-0.8,-0.75,-0.52,-0.73,-0.8,0.72,-0.64,-1.74,-0.6275
"2595",2595,"Alassane N'Dour",2002,"Senegal",-0.41,-0.65,-0.56,-0.74,-1.29,-1.01,-0.77,-1.01,-0.88,-0.94,-0.38,-0.02,-0.73,-0.58,-0.88,-0.67,-2.02,-0.8375
"2596",2596,"Aliou Cissé",2002,"Senegal",-0.41,-0.53,-0.56,-0.74,-0.02,-0.18,-0.47,-0.72,-0.22,0.22,-0.09,-0.52,-0.51,2.01,-0.69,-0.67,-0.9,-0.4825
"2597",2597,"Amdy Faye",2002,"Senegal",-0.41,-0.6,-0.25,-0.41,-1.03,-0.78,0.42,-0.57,-0.29,-0.26,-0.53,-0.52,-0.29,-0.58,0.07,-0.3,-1.35,-0.295
"2598",2598,"El-Hadji Diouf",2002,"Senegal",-0.41,0.51,0.67,1.62,0.04,-0.48,4.01,1.92,-0.84,-0.6,-0.68,-0.52,0.59,0.42,3.29,1.96,1.44,1.53
"2599",2599,"Elhadj Pape Sarr",2002,"Senegal",-0.41,-0.65,-0.56,-0.74,-1.35,-1.04,-0.77,-1.01,-0.95,-0.87,-0.75,-0.52,-0.73,-0.98,-1.07,-0.82,-2.05,-0.845
"2600",2600,"Ferdinand Coly",2002,"Senegal",-0.41,-0.65,0.67,-0.41,0.55,1.37,0.72,0.31,0.47,0.57,1.16,0.25,0.15,0.62,-0.31,0.2,1.68,0.7675
"2601",2601,"Habib Beye",2002,"Senegal",-0.41,-0.65,-0.25,-0.74,-1.16,-0.88,-0.17,-0.42,-0.36,-0.44,-0.16,-0.52,0.15,-0.58,-1.07,-0.44,-1.3,-0.43
"2602",2602,"Henri Camara",2002,"Senegal",1.83,0.62,0.37,0.97,-0.5,-0.58,1.32,1.92,-0.34,-0.44,-0.75,-0.52,-0.51,-0.38,-0.12,0.8,1.34,0.7575
"2603",2603,"Khalilou Fadiga",2002,"Senegal",0.71,1.71,1.29,0.81,-0.26,0.08,1.32,0.31,-0.68,-0.85,-0.6,-0.27,-0.29,0.02,1.59,1.71,0.39,0.75
"2604",2604,"Lamine Diatta",2002,"Senegal",-0.41,-0.37,-0.56,-0.25,-0.64,-0.51,-0.77,-0.72,-0.47,0.15,2.27,1.23,2.8,-0.18,-0.69,-0.71,-1.23,-0.64
"2605",2605,"Moussa N'Diaye",2002,"Senegal",-0.41,-0.34,-0.56,-0.57,-1.13,-0.78,-0.47,-0.28,-0.79,-0.93,-0.6,-0.37,0.15,-0.78,-0.88,-0.63,-1.06,-0.5225
"2606",2606,"Omar Daf",2002,"Senegal",-0.41,-0.6,-0.25,-0.65,0.74,2.09,0.13,1.48,1.96,0.28,0.94,-0.12,-0.29,1.61,1.21,-0.11,3.57,0.8625
"2607",2607,"Papa Bouba Diop",2002,"Senegal",2.95,1.12,-0.25,1.21,0.21,0.21,1.02,0.6,0.64,0.37,0.58,1.05,1.7,0.82,0.83,0.09,0.81,0.395
"2608",2608,"Pape Malick Diop",2002,"Senegal",-0.41,-0.65,-0.56,-0.74,-0.51,-0.58,-0.77,-1.01,-0.38,0.02,2.27,0.14,-0.29,-0.38,0.26,-0.82,-1.59,-0.73
"2609",2609,"Pape Thiaw",2002,"Senegal",-0.41,0.29,-0.56,0.16,-1.13,-1.07,-0.77,-0.72,-0.95,-1.01,-0.75,-0.52,-0.07,-0.38,-0.31,-0.53,-1.79,-0.78
"2610",2610,"Salif Diao",2002,"Senegal",0.71,0.11,-0.56,-0.33,-0.71,-0.51,-0.47,-0.72,-0.33,-0.57,-0.31,-0.52,-0.29,0.42,-0.5,-0.71,-1.23,-0.565
"2611",2611,"Souleymane Camara",2002,"Senegal",-0.41,-0.13,-0.56,-0.49,-1.46,-1.14,-0.17,-0.86,-0.95,-0.87,-0.68,-0.52,-0.51,-1.18,-0.88,-0.82,-2,-0.6825
"2612",2612,"Tony Sylva",2002,"Senegal",-0.41,-0.65,-0.56,-0.74,-0.24,1.2,-0.77,-1.01,-0.95,-1.01,-0.23,-0.52,-0.07,-1.18,-0.88,-0.63,0.19,-0.285
"2613",2613,"Aleksander Knavs",2002,"Slovenia",-0.41,-0.25,-0.56,-0.58,-0.17,-0.08,-0.77,-0.18,0.34,0.57,1.06,0.14,0.52,-0.8,0.01,-0.82,-0.26,-0.3975
"2614",2614,"Ales Ceh",2002,"Slovenia",-0.41,-0.65,-0.56,-0.58,0.58,0.11,1.49,-0.46,1.32,-0.02,0.22,0.4,-0.73,2.59,1.44,-0.46,-0.35,0.145
"2615",2615,"Amir Karic",2002,"Slovenia",-0.41,-0.34,1.77,-0.74,1.35,1.29,0.36,0.1,0.49,1.29,0.36,-0.52,0.1,3.34,0.01,1,1.39,0.88
"2616",2616,"Djoni Novak",2002,"Slovenia",-0.41,-0.65,-0.56,-0.28,0.65,1.23,0.36,-0.18,-0.11,1.5,0.36,-0.52,-0.31,0.71,-0.35,-0.38,1.05,0.2125
"2617",2617,"Marinko Galic",2002,"Slovenia",-0.41,-0.65,-0.56,-0.74,-0.84,-0.77,-0.77,-1.01,-0.57,-0.84,0.09,-0.52,-0.73,-0.8,-0.71,-0.82,-1.78,-0.7775
"2618",2618,"Marko Simeunovic",2002,"Slovenia",-0.41,-0.65,-0.56,-0.74,-0.89,0.04,-0.77,-1.01,-0.95,-1.01,-0.75,-0.52,-0.73,-1.18,-1.07,-0.82,-0.97,-0.575
"2619",2619,"Milan Osterc",2002,"Slovenia",-0.41,0.33,0.61,1.72,-0.87,-0.77,0.36,0.1,-0.69,-0.4,-0.75,-0.52,-0.31,-1.18,0.72,0.46,-0.67,0.075
"2620",2620,"Milenko Acimovic",2002,"Slovenia",1.7,0.02,0.61,-0.43,-0.4,-0.52,0.36,0.1,-0.43,-0.46,-0.75,0.61,-0.31,-0.05,0.72,0.02,-0.42,0.1375
"2621",2621,"Miran Pavlin",2002,"Slovenia",-0.41,-0.29,-0.56,-0.43,0.73,0.73,-0.21,-0.46,0.55,-0.46,-0.47,-0.52,1.77,1.08,2.16,-0.64,0.27,-0.125
"2622",2622,"Mladen Dabanovic",2002,"Slovenia",-0.41,-0.65,-0.56,-0.74,-1.28,-0.58,-0.77,-1.01,-0.95,-1.01,-0.75,-0.52,-0.73,-1.18,-1.07,-0.82,-1.59,-0.73
"2623",2623,"Mladen Rudonja",2002,"Slovenia",-0.41,-0.29,-0.56,0.49,0.29,-0.14,-0.77,2.31,-0.63,-1.01,-0.33,-0.52,0.52,-0.42,-0.35,-0.35,2.17,0.21
"2624",2624,"Muamer Vugdalic",2002,"Slovenia",-0.41,-0.65,-0.56,-0.58,-0.87,-0.77,-0.77,-1.01,0.02,-0.19,0.78,1.72,-0.31,-0.8,-0.71,-0.82,-1.78,-0.7775
"2625",2625,"Nastja Ceh",2002,"Slovenia",-0.41,-0.02,-0.56,-0.43,-0.89,-0.95,-0.77,-0.46,-0.95,-0.19,-0.61,-0.52,-0.31,-0.8,-1.07,0.2,-1.41,-0.685
"2626",2626,"Rajko Tavcar",2002,"Slovenia",-0.41,-0.65,-0.56,-0.74,-1.23,-0.7,-0.77,-1.01,0.36,-0.34,0.22,2.22,0.1,-0.05,-1.07,-0.82,-1.71,-0.76
"2627",2627,"Sebastijan Cimirotic",2002,"Slovenia",1.7,0.87,-0.56,2.48,-0.4,-0.95,2.05,0.93,-0.95,-0.73,-0.75,-0.52,-0.73,0.33,1.08,1.44,-0.0199999999999999,0.3675
"2628",2628,"Spasoje Bulajic",2002,"Slovenia",-0.41,-0.65,-0.56,-0.58,-0.87,-0.52,-0.77,-0.46,0.22,-0.56,0.64,-0.52,0.1,-0.05,0.01,-0.82,-0.98,-0.5775
"2629",2629,"Zeljko Milinovic",2002,"Slovenia",-0.41,0.11,-0.56,0.18,0.32,0.36,-0.21,-0.46,1.05,1.18,2.31,1.72,1.35,0.33,-1.07,-0.49,-0.1,-0.2175
"2630",2630,"Zlatko Zahovic",2002,"Slovenia",-0.41,-0.47,0.02,-0.74,-1.23,-0.95,-0.77,-1.01,-0.76,-0.68,-0.61,-0.52,-0.73,-1.18,-0.71,-0.02,-1.96,-0.6775
"2631",2631,"Aaron Mokoena",2002,"South Africa",-0.41,0.02,-0.56,-0.12,0.55,0.48,-0.21,-0.18,-0.51,1.63,1.61,1.78,-0.73,-0.42,-0.71,-0.64,0.3,-0.1175
"2632",2632,"Andre Arendse",2002,"South Africa",-0.41,-0.65,-0.56,-0.74,0.11,1.35,-0.77,-1.01,-0.95,-1.01,-0.47,-0.52,-0.73,-1.18,-1.07,-0.82,0.34,-0.2475
"2633",2633,"Benni McCarthy",2002,"South Africa",1.7,2.65,-0.56,3.1,-0.35,-0.95,-0.77,-0.73,-0.2,-0.63,-0.61,-0.52,0.1,3.34,0.01,-0.42,-1.68,-0.7525
"2634",2634,"Bradley Carnell",2002,"South Africa",-0.41,-0.65,-0.56,-0.74,2.36,4.03,0.36,1.48,2.01,1.89,-0.19,-0.52,-0.73,1.08,0.36,-0.75,5.51,1.3275
"2635",2635,"Cyril Nzama",2002,"South Africa",-0.41,-0.65,0.02,-0.58,1.25,2.35,0.36,0.65,1.6,-0.02,1.06,0.91,0.52,1.08,0.01,0.13,3,0.845
"2636",2636,"George Koumantarakis",2002,"South Africa",-0.41,-0.38,-0.56,0.18,-1.05,-1.14,-0.77,-1.01,-0.64,-1.01,-0.47,-0.52,0.1,-1.18,-1.07,-0.82,-2.15,-0.87
"2637",2637,"Lucas Radebe",2002,"South Africa",1.7,-0.34,-0.56,-0.58,1.14,0.6,-0.21,-0.18,-0.82,2.66,3.01,1.35,2.6,-1.18,-0.71,-0.38,0.42,-0.0875
"2638",2638,"MacBeth Sibaya",2002,"South Africa",-0.41,0.42,0.02,-0.74,0.96,0.48,1.49,-0.18,2.1,2.26,-0.19,-0.52,0.1,2.21,-0.71,0.6,0.3,0.4525
"2639",2639,"McDonald Mukansi",2002,"South Africa",-0.41,-0.65,0.61,-0.58,-1.07,-0.77,0.36,-0.46,-0.95,-0.66,-0.75,-0.52,-0.73,-1.18,-0.71,-0.46,-1.23,-0.065
"2640",2640,"Quinton Fortune",2002,"South Africa",1.7,3.18,4.11,0.8,1.09,1.23,4.87,0.65,-0.23,0.94,-0.19,-0.08,-0.31,0.33,2.16,3.56,1.88,2.715
"2641",2641,"Sibusiso Zuma",2002,"South Africa",-0.41,1.04,0.61,1.41,0.47,0.17,0.92,-0.46,0.34,-0.26,-0.61,-0.52,0.1,2.97,0.72,1.41,-0.29,0.31
"2642",2642,"Siyabonga Nomvethe",2002,"South Africa",1.7,0.2,-0.56,0.49,-0.76,-0.83,1.49,-0.18,-0.2,-0.9,-0.75,-0.52,-0.31,-0.05,0.01,-0.17,-1.01,-0.02
"2643",2643,"Teboho Mokoena",2002,"South Africa",1.7,-0.02,0.61,-0.12,1.09,-0.14,0.36,0.37,0.71,1.54,-0.33,-0.08,-0.31,1.08,2.16,0.35,0.23,0.3
"2644",2644,"Ahn Jung-Hwan",2002,"South Korea",1.24,2.31,-0.1,1.42,-0.38,-0.7,-0.33,-0.47,-0.59,-0.55,-0.59,-0.52,0.09,0.15,0.33,-0.37,-1.17,-0.4
"2645",2645,"Cha Du-Ri",2002,"South Korea",-0.41,-0.07,0.12,-0.38,-1.16,-0.87,-0.55,0.18,-0.37,-1.01,-0.59,-0.52,-0.73,-0.74,-0.93,-0.18,-0.69,-0.28
"2646",2646,"Eul-Young Lee",2002,"South Korea",0.41,0.95,0.58,-0.62,-0.02,0.52,0.11,0.4,-0.24,-0.12,-0.31,0.11,0.09,0,-0.37,1.01,0.92,0.4025
"2647",2647,"Jin-Cheul Choi",2002,"South Korea",-0.41,-0.4,-0.56,-0.14,0.53,-0.09,-0.77,-0.69,0.36,0.46,1.7,1.05,1.55,0.89,-0.23,-0.82,-0.78,-0.5275
"2648",2648,"Kim Nam-Il",2002,"South Korea",-0.41,-0.21,-0.1,-0.62,0.18,-0.07,-0.77,-0.58,0.63,1.64,0.18,-0.52,0.9,0.89,0.19,-0.17,-0.65,-0.38
"2649",2649,"Lee Chon-Su",2002,"South Korea",-0.41,0.52,0.35,0.28,-0.46,-0.6,0.33,0.94,-0.25,-0.59,-0.48,-0.52,-0.24,0.59,-0.09,0.35,0.34,0.255
"2650",2650,"Lee Woon-Jae",2002,"South Korea",-0.41,-0.65,-0.56,-0.74,-0.23,1.15,-0.77,-0.14,-0.95,-1.01,-0.64,-0.52,-0.73,-1.18,-1.07,-0.72,1.01,-0.0800000000000001
"2651",2651,"Lee Young-Pyo",2002,"South Korea",-0.41,-0.4,0.35,-0.56,1.01,0.59,0.11,0.4,1.3,0.95,-0.1,0.19,-0.56,0.44,-0.09,-0.15,0.99,0.3625
"2652",2652,"Min-Sung Lee",2002,"South Korea",-0.41,-0.65,-0.56,-0.56,-0.95,-0.77,-0.77,-0.36,-0.34,-0.43,-0.69,-0.52,-0.73,-0.59,-0.79,-0.58,-1.13,-0.615
"2653",2653,"Myung-Bo Hong",2002,"South Korea",-0.41,-0.61,-0.56,-0.74,1.05,0.27,-0.11,1.48,0.12,1.34,1.26,1.98,0.09,-0.29,-0.65,-0.61,1.75,0.27
"2654",2654,"Park Ji-Sung",2002,"South Korea",0.41,0.54,0.12,0.64,0.54,-0.21,0.78,0.29,0.75,1.4,-0.59,-0.52,0.09,-0.15,1.31,0.59,0.08,0.245
"2655",2655,"Sang-Chul Yoo",2002,"South Korea",0.41,-0.09,-0.56,0.16,0.81,-0.29,0.33,-0.04,1.75,1.46,0.23,-0.52,1.06,-0.44,0.89,0.08,-0.33,-0.14
"2656",2656,"Seol Ki-Hyeon",2002,"South Korea",0.41,1.01,1.95,2.08,-0.25,-0.65,1.22,0.83,-0.02,-0.32,-0.69,-0.06,0.9,0,0.61,0.41,0.18,0.8375
"2657",2657,"Song Chong-Gug",2002,"South Korea",0.41,-0.26,1.95,-0.32,1.71,2.2,2.1,1.48,3.03,1.72,0.23,-0.06,-0.4,-0.15,0.75,1.25,3.68,1.9325
"2658",2658,"Sun Hong Hwang",2002,"South Korea",0.41,0.01,-0.33,0.34,-0.98,-0.97,-0.55,-0.47,-0.07,-0.56,-0.75,-0.52,-0.08,0.15,-0.23,-0.47,-1.44,-0.58
"2659",2659,"Tae-Young Kim",2002,"South Korea",-0.41,-0.61,-0.56,-0.74,0.91,0.37,-0.77,-0.47,1.15,1.68,1.32,-0.52,0.9,1.18,0.75,-0.55,-0.1,-0.3575
"2660",2660,"Albert Luque",2002,"Spain",-0.41,0.01,-0.25,0.32,-1.33,-1.07,-0.47,-0.86,-0.82,-1.01,-0.68,-0.52,-0.29,-0.98,-0.31,-0.53,-1.93,-0.6625
"2661",2661,"Carles Puyol",2002,"Spain",-0.41,-0.55,0.37,-0.65,0.26,0.64,-0.77,0.02,0.75,1.38,1.31,1.65,1.04,-0.18,0.07,1.11,0.66,0.065
"2662",2662,"Cristobal Emilio Torres Ruiz",2002,"Spain",-0.41,-0.65,-0.56,-0.74,-0.69,-0.38,-0.77,-0.86,-0.68,-1.01,-0.75,-0.52,-0.73,-1.18,-0.88,-0.82,-1.24,-0.6425
"2663",2663,"David Albelda",2002,"Spain",-0.41,-0.65,-0.56,-0.65,-0.8,-0.88,-0.77,-0.86,0.13,0.35,-0.45,-0.52,-0.73,-0.98,-1.07,-0.77,-1.74,-0.7675
"2664",2664,"Diego Tristán Herrera",2002,"Spain",-0.41,-0.53,-0.56,-0.33,-1.33,-1.14,-0.77,-1.01,-0.95,-0.81,-0.75,-0.52,-0.51,-0.38,-0.5,-0.82,-2.15,-0.87
"2665",2665,"Enrique Fernández Romero",2002,"Spain",-0.41,-0.6,0.06,-0.74,0.14,0.64,-0.77,0.31,0.36,0.14,-0.53,-0.52,-0.51,-0.38,-0.5,-0.13,0.95,0.06
"2666",2666,"Fernando Hierro",2002,"Spain",1.83,3.76,-0.56,-0.17,0.55,1.23,-0.47,0.9,1.03,-0.08,2.27,1.17,2.36,0.02,-0.5,-0.44,2.13,0.275
"2667",2667,"Fernando Morientes",2002,"Spain",2.95,2.35,-0.56,2.92,-0.38,-0.74,-0.77,-0.86,-0.07,-0.81,-0.6,-0.52,2.8,-0.18,0.07,-0.07,-1.6,-0.7325
"2668",2668,"Gaizka Mendieta",2002,"Spain",0.71,0.13,0.06,-0.41,-0.53,-0.61,-0.47,0.02,0.02,-0.63,-0.45,-0.52,-0.29,0.02,0.83,-0.4,-0.59,-0.25
"2669",2669,"Iker Casillas",2002,"Spain",-0.41,-0.65,-0.56,-0.74,-0.75,0.34,-0.77,-1.01,-0.95,-0.81,-0.53,-0.52,-0.73,-1.18,-0.88,-0.82,-0.67,-0.5
"2670",2670,"Ivan Helguera",2002,"Spain",-0.41,-0.44,-0.56,-0.49,0.17,0.11,-0.47,-0.42,2.24,0.74,1.02,0.37,0.37,1.02,0.07,-0.61,-0.31,-0.335
"2671",2671,"Javier De Pedro",2002,"Spain",-0.41,0.04,3.15,-0.57,0.04,0.25,0.13,-0.28,-0.09,-0.49,-0.75,-0.52,-0.29,-0.78,-0.69,3.18,-0.03,0.8125
"2672",2672,"Joaquín",2002,"Spain",-0.41,-0.01,0.37,-0.01,-0.53,-0.51,1.92,1.19,-0.09,-0.74,-0.6,-0.52,-0.73,-0.98,0.64,0.59,0.68,0.7425
"2673",2673,"Juan Carlos Valerón",2002,"Spain",0.71,-0.48,-0.25,-0.17,1.29,0.25,1.62,1.19,-0.69,0.87,-0.23,-0.52,-0.73,0.02,1.02,0.2,1.44,0.7025
"2674",2674,"Juanfran",2002,"Spain",-0.41,-0.27,0.06,-0.33,-0.27,0.15,-0.17,-0.13,0.01,0.5,-0.31,-0.52,-0.07,-0.18,0.45,-0.49,0.02,-0.0225
"2675",2675,"Luis Enrique",2002,"Spain",-0.41,0.18,0.06,0.32,0.32,-0.61,-0.47,0.75,0.06,0.86,-0.6,-0.52,-0.29,-0.38,0.07,0.28,0.14,-0.0675
"2676",2676,"Miguel Ángel Nadal",2002,"Spain",-0.41,-0.65,-0.56,-0.74,0.48,0.21,-0.47,-0.42,0.7,0.94,1.31,1.39,2.8,-0.18,-0.69,-0.79,-0.21,-0.31
"2677",2677,"Raúl",2002,"Spain",2.95,1.57,-0.56,1.46,0.13,-0.81,0.13,0.31,-0.09,-0.16,-0.68,-0.52,-0.07,-1.18,0.83,1,-0.5,-0.2325
"2678",2678,"Rubén Baraja",2002,"Spain",-0.41,0.13,-0.56,-0.17,1.91,0.61,0.42,0.9,1.36,1.63,-0.16,0.86,-0.29,0.22,0.07,-0.17,1.51,0.3425
"2679",2679,"Sergio González Soriano",2002,"Spain",-0.41,-0.65,-0.56,-0.74,-1.17,-1.01,-0.77,-0.72,-0.95,-0.09,-0.6,-0.52,-0.73,-0.98,-1.07,-0.73,-1.73,-0.765
"2680",2680,"Xavi",2002,"Spain",-0.41,-0.62,-0.56,-0.74,-0.06,-0.71,0.13,-0.72,-0.25,0.36,-0.75,-0.52,-0.73,-1.18,-0.88,-0.73,-1.43,-0.465
"2681",2681,"Anders Svensson",2002,"Sweden",1.05,0.99,2.27,-0.2,0.42,0.2,1.57,0.52,0.03,0.75,-0.27,0.17,-0.44,0.91,0.42,1.99,0.72,1.14
"2682",2682,"Andreas Andersson",2002,"Sweden",-0.41,-0.22,0.25,0.22,-0.94,-0.88,0.4,0.33,-0.75,-0.93,-0.27,-0.52,-0.15,-0.92,-0.82,-0.22,-0.55,0.025
"2683",2683,"Andreas Jakobsson",2002,"Sweden",-0.41,-0.4,-0.56,-0.42,-0.07,-0.15,-0.38,-0.82,-0.39,-0.29,5.03,0.38,3.02,-0.13,-0.82,-0.82,-0.97,-0.4775
"2684",2684,"Fredrik Ljungberg",2002,"Sweden",-0.41,-0.22,0.65,-0.31,-0.4,-0.49,0.01,0.33,-0.33,-0.11,-0.75,-0.52,-0.73,-0.4,1.16,0.26,-0.16,0.125
"2685",2685,"Henrik Larsson",2002,"Sweden",3.98,4.04,0.65,2.55,0.04,-0.49,-0.38,0.33,-0.11,-0.65,-0.27,-0.52,1.29,1.43,2.16,1.18,-0.16,0.0275
"2686",2686,"Johan Mjallby",2002,"Sweden",-0.41,-0.43,-0.56,-0.31,-0.07,-0.06,-0.38,-0.63,0.64,0.82,3.58,2.93,1.87,-0.4,-0.57,-0.47,-0.69,-0.4075
"2687",2687,"Magnus Hedman",2002,"Sweden",-0.41,-0.65,-0.56,-0.74,-0.51,0.84,-0.77,-0.82,-0.95,-0.97,-0.65,-0.52,-0.44,-1.18,-0.08,-0.62,0.02,-0.3275
"2688",2688,"Magnus Svensson",2002,"Sweden",-0.41,-0.31,-0.16,-0.42,-0.57,-0.45,0.4,-0.82,-0.24,-0.29,0.31,-0.52,-0.44,0.39,-0.32,-0.24,-1.27,-0.2575
"2689",2689,"Marcus Allbäck",2002,"Sweden",-0.41,0.65,-0.56,1.81,-0.6,-0.92,-0.77,-0.63,-0.43,0.13,-0.75,-0.52,-0.44,2.21,0.92,-0.17,-1.55,-0.72
"2690",2690,"Mattias Jonson",2002,"Sweden",-0.41,-0.65,-0.56,-0.63,-1.42,-0.97,-0.38,-0.82,-0.9,-1.01,-0.65,-0.52,-0.44,-0.4,-1.07,-0.8,-1.79,-0.6825
"2691",2691,"Niclas Alexandersson",2002,"Sweden",1.05,0.03,0.25,-0.31,0.02,0.07,0.01,-0.44,0.47,1.28,0.21,-0.52,-0.44,0.39,-0.08,-0.32,-0.37,-0.0275
"2692",2692,"Olof Mellberg",2002,"Sweden",-0.41,-0.49,0.65,-0.31,0.9,2.31,-0.77,-0.63,0.7,0.49,3.87,0.01,1.87,-0.92,-0.08,-0.01,1.68,0.39
"2693",2693,"Teddy Lucic",2002,"Sweden",-0.41,-0.25,-0.16,-0.31,0.42,0.97,0.01,-0.82,-0.34,-0.24,2.24,0.01,-0.15,-0.92,-0.32,-0.62,0.15,4.77048955893622e-18
"2694",2694,"Tobias Linderoth",2002,"Sweden",-0.41,-0.46,-0.16,-0.74,0.67,0.37,-0.77,-1.01,1.21,0.52,-0.27,-0.52,-0.44,0.91,-0.57,-0.01,-0.64,-0.3925
"2695",2695,"Zlatan Ibrahimovic",2002,"Sweden",-0.41,-0.56,-0.56,-0.2,-1.33,-1.01,0.01,-0.82,-0.75,-0.88,-0.75,-0.52,0.43,-0.66,-0.82,-0.6,-1.83,-0.595
"2696",2696,"Adel Sellimi",2002,"Tunisia",-0.41,-0.6,-0.56,-0.74,-1.18,-0.89,-0.77,-1.01,-0.95,-0.87,-0.61,-0.52,-0.73,-0.42,-0.35,-0.82,-1.9,-0.8075
"2697",2697,"Ali Boumnijel",2002,"Tunisia",-0.41,-0.65,-0.56,-0.74,-0.79,0.04,-0.77,0.1,-0.84,-1.01,-0.61,-0.52,-0.73,-1.18,-0.71,-0.82,0.14,-0.2975
"2698",2698,"Ali Zitouni",2002,"Tunisia",-0.41,0.38,-0.56,0.18,-1.41,-1.08,-0.77,-1.01,-0.71,-1.01,-0.75,-0.52,-0.73,-0.42,-1.07,-0.79,-2.09,-0.855
"2699",2699,"Hassen Gabsi",2002,"Tunisia",-0.41,-0.02,0.61,0.34,-0.61,-0.52,0.36,-1.01,-0.73,0.4,-0.47,-0.52,-0.31,-0.05,-0.35,-0.13,-1.53,-0.14
"2700",2700,"Hatem Trabelsi",2002,"Tunisia",-0.41,-0.65,-0.56,0.34,1.4,2.6,2.05,0.93,-0.15,0.13,1.34,0.31,0.1,0.33,0.72,0.42,3.53,1.255
"2701",2701,"Imed Mhedhebi",2002,"Tunisia",-0.41,-0.51,0.02,-0.43,-1.23,-0.83,-0.77,-0.46,-0.73,-1.01,-0.75,-0.52,-0.73,-0.8,0.36,-0.13,-1.29,-0.51
"2702",2702,"José Clayton",2002,"Tunisia",-0.41,-0.65,0.02,-0.58,-1.18,-0.89,-0.77,-0.46,-0.95,-0.91,-0.75,-0.52,-0.73,-0.42,-0.35,-0.46,-1.35,-0.525
"2703",2703,"Kaies Ghodhbane",2002,"Tunisia",-0.41,0.11,0.02,-0.74,0.22,-0.14,-0.77,-0.73,-0.43,-0.77,-0.33,-0.52,-0.73,-0.05,-1.07,-0.82,-0.87,-0.405
"2704",2704,"Khaled Badra",2002,"Tunisia",-0.41,0.15,-0.56,0.34,0.24,-0.21,-0.21,-0.18,-0.23,-0.53,1.61,0.46,1.35,-0.05,-0.71,-0.31,-0.39,-0.29
"2705",2705,"Mohamed Mkacher",2002,"Tunisia",-0.41,-0.65,-0.56,-0.74,-1.18,-0.83,-0.77,-1.01,-0.95,-0.91,-0.05,0.64,-0.73,-0.42,-0.71,-0.82,-1.84,-0.7925
"2706",2706,"Mourad El Melki",2002,"Tunisia",-0.41,-0.34,-0.56,0.03,-1.02,-0.89,-0.77,-1.01,-0.62,-0.58,-0.75,-0.52,-0.73,-0.05,0.01,-0.6,-1.9,-0.8075
"2707",2707,"Radhi Jaïdi",2002,"Tunisia",-0.41,0.15,0.02,0.18,0.19,0.04,-0.77,-1.01,-0.08,-0.53,3.7,1.4,2.19,1.46,-0.35,0.02,-0.97,-0.43
"2708",2708,"Raouf Bouzaiene",2002,"Tunisia",1.7,-0.43,1.19,-0.74,0.65,1.91,-0.21,0.1,-0.39,-0.43,0.64,-0.52,-0.31,0.71,0.36,0.2,2.01,0.7475
"2709",2709,"Riadh Bouazizi",2002,"Tunisia",-0.41,-0.65,-0.56,-0.74,0.37,-0.08,-0.21,-0.18,-0.23,-0.09,0.22,0.44,-0.73,1.08,0.01,-0.75,-0.26,-0.2575
"2710",2710,"Selim Benachour",2002,"Tunisia",-0.41,0.06,1.19,0.03,0.71,-0.02,2.61,0.37,-0.71,-0.56,-0.33,-0.52,-0.31,-0.05,1.08,1.96,0.35,1.0375
"2711",2711,"Ziad Jaziri",2002,"Tunisia",-0.41,1.18,0.02,2.18,-0.79,-0.89,2.05,0.65,-0.32,-0.77,-0.75,-0.52,-0.73,2.21,1.44,0.53,-0.24,0.4575
"2712",2712,"Zoubéir Baya",2002,"Tunisia",-0.41,-0.38,-0.56,0.34,-0.76,-0.45,-0.77,0.1,-0.83,-0.87,-0.75,-0.52,-0.73,-0.8,0.36,0.24,-0.35,-0.42
"2713",2713,"Bülent Korkmaz",2002,"Turkey",0.45,-0.61,-0.56,-0.67,-0.2,0.01,-0.77,-0.22,0.47,0.47,1.47,1.02,0.63,0.21,-0.63,-0.82,-0.21,-0.385
"2714",2714,"Emre Asik",2002,"Turkey",-0.41,-0.45,-0.56,-0.42,-0.88,-0.58,-0.77,-1.01,-0.24,-0.86,-0.01,-0.52,-0.05,-0.1,-0.34,-0.78,-1.59,-0.73
"2715",2715,"Emre Belözoglu",2002,"Turkey",0.45,0.24,0.87,-0.3,1.1,0.08,2,0.24,2.53,2.11,-0.29,-0.52,-0.05,0.05,0.69,1.18,0.32,0.7975
"2716",2716,"Ergün Penbe",2002,"Turkey",-0.41,-0.58,0.39,-0.42,0.75,1.59,0.38,0.58,0.97,-0.14,-0.07,-0.52,-0.39,0.05,-0.48,-0.14,2.17,0.735
"2717",2717,"Fatih Akyel",2002,"Turkey",-0.41,-0.65,0.39,-0.74,0.45,1.08,-0.08,1.48,1.25,1.45,1.13,1.81,-0.05,0.05,0.1,-0.09,2.56,0.7175
"2718",2718,"Hakan Sükür",2002,"Turkey",0.45,1.57,-0.32,4.03,-0.36,-0.96,0.38,-0.1,-0.95,-0.84,-0.52,-0.52,1.49,0.05,0.1,0.61,-1.06,-0.25
"2719",2719,"Hakan Ünsal",2002,"Turkey",-0.41,-0.61,-0.32,-0.48,0.2,0.44,-0.31,-0.56,-0.13,0.38,0.16,-0.08,-0.56,0.67,-0.34,-0.43,-0.12,-0.1875
"2720",2720,"Hasan Sas",2002,"Turkey",1.32,0.24,2.54,0.83,0.41,0.13,2,1.37,0.2,0.34,-0.75,-0.52,-0.39,0.67,1.72,2.17,1.5,1.51
"2721",2721,"Ilhan Mansiz",2002,"Turkey",2.19,1.23,-0.56,0.89,-1.1,-0.99,-0.08,-0.67,-0.63,-1.01,-0.64,-0.52,-0.39,-0.1,-0.48,-0.33,-1.66,-0.575
"2722",2722,"Kahveci Nihat",2002,"Turkey",-0.41,-0.65,-0.56,-0.74,-1.45,-1.09,-0.77,-1.01,-0.89,-1.01,-0.69,-0.52,-0.73,-1.02,-1.07,-0.69,-2.1,-0.8575
"2723",2723,"Kerimoglou Tugay",2002,"Turkey",-0.41,-0.5,-0.08,-0.67,2.3,1.03,-0.31,-0.44,2.21,2.21,-0.52,0.17,-0.73,0.36,-0.34,1.02,0.59,0.05
"2724",2724,"Omer Catkic",2002,"Turkey",-0.41,-0.65,-0.56,-0.74,-1.38,-0.94,-0.77,-1.01,-0.95,-1.01,-0.75,-0.52,-0.73,-1.18,-1.07,-0.82,-1.95,-0.82
"2725",2725,"Rüstü Reçber",2002,"Turkey",-0.41,-0.65,-0.56,-0.74,-0.08,1.69,-0.54,-0.67,-0.95,-0.9,-0.35,-0.52,-0.73,-1.18,-0.92,-0.54,1.02,-0.02
"2726",2726,"Yildiray Bastürk",2002,"Turkey",-0.41,-0.16,-0.32,0.21,0.65,-0.4,1.31,0.46,1.36,0.28,-0.69,-0.52,-0.56,-0.1,3.33,-0.15,0.06,0.2625
"2727",2727,"Özalan Alpay",2002,"Turkey",-0.41,-0.39,-0.56,-0.11,-0.22,-0.02,-0.54,-0.33,0.76,0.8,1.18,1.79,0.63,0.05,-0.19,-0.61,-0.35,-0.3625
"2728",2728,"Ümit Davala",2002,"Turkey",1.32,-0.17,0.87,0.33,0.25,0.41,-0.77,0.24,-0.17,1.3,-0.52,0.06,0.29,0.05,-0.34,0.49,0.65,0.1875
"2729",2729,"Ümit Özat",2002,"Turkey",-0.41,-0.58,-0.56,-0.74,-0.74,-0.63,-0.77,-0.78,0.03,-0.54,-0.24,1.1,-0.22,-0.87,-0.92,-0.75,-1.41,-0.685
"2730",2730,"Brad Friedel",2002,"USA",-0.41,-0.65,-0.56,-0.74,0.04,1.74,-0.77,-0.84,-0.95,-0.72,-0.67,-0.52,-0.73,-1.18,-1.07,-0.67,0.9,-0.1075
"2731",2731,"Brian McBride",2002,"USA",2.13,0.31,0.14,1.93,-0.29,-0.47,-0.77,-0.35,-0.61,-0.83,-0.58,-0.36,6.02,-0.73,1.51,1.57,-0.82,-0.3625
"2732",2732,"Claudio Reyna",2002,"USA",-0.41,-0.17,1.19,-0.18,1.54,1.18,0.58,0.65,1.67,0.86,0.75,2.89,0.02,1.08,0.65,1.44,1.83,0.9
"2733",2733,"Clint Mathis",2002,"USA",0.86,0.5,0.14,0.64,-0.72,-0.65,-0.43,-0.84,-0.95,-0.93,-0.75,-0.52,-0.73,-0.05,-0.42,0.34,-1.49,-0.445
"2734",2734,"Cobi Jones",2002,"USA",-0.41,-0.57,0.14,-0.64,-1.03,-0.8,0.25,-0.01,-0.88,-0.31,-0.75,-0.52,-0.73,-0.73,-0.42,0.14,-0.81,-0.105
"2735",2735,"DaMarcus Beasley",2002,"USA",-0.41,-0.49,-0.56,0.09,-0.38,-0.32,0.25,0.98,0.06,-0.5,-0.33,-0.21,-0.73,-0.73,1.51,-0.56,0.66,0.0875
"2736",2736,"Earnie Stewart",2002,"USA",-0.41,-0.11,0.49,0.09,-0.72,-0.62,-0.77,0.15,-0.54,-0.39,-0.67,0.51,-0.48,-1.18,-1.07,0.05,-0.47,-0.1875
"2737",2737,"Eddie Lewis",2002,"USA",-0.41,-0.17,1.19,-0.55,-0.63,-0.06,-0.77,-0.01,-0.61,-0.89,-0.67,0.51,-0.48,0.18,-0.64,0.32,-0.07,0.0875
"2738",2738,"Eddie Pope",2002,"USA",-0.41,-0.22,-0.56,-0.09,0.33,0.43,-0.77,-0.84,0.21,0.1,2.25,2.17,0.27,0.4,-0.64,-0.65,-0.41,-0.435
"2739",2739,"Frankie Hejduk",2002,"USA",-0.41,-0.54,-0.21,-0.74,-0.01,0.24,-0.77,-0.68,1.66,0.56,1.09,-0.21,0.77,0.86,0.87,-0.82,-0.44,-0.355
"2740",2740,"Gregg Berhalter",2002,"USA",-0.41,0.23,-0.21,-0.18,-0.46,-0.17,-0.77,-1.01,-0.61,-0.56,0.5,-0.52,0.27,0.86,-0.64,-0.12,-1.18,-0.54
"2741",2741,"Jeff Agoos",2002,"USA",-0.41,-0.43,-0.56,-0.74,-0.86,-0.54,-0.77,-1.01,-0.26,-1.01,1.25,-0.52,-0.23,-0.5,-0.85,-0.67,-1.55,-0.72
"2742",2742,"Joe-Max Moore",2002,"USA",-0.41,-0.17,-0.21,-0.18,-1.31,-0.99,-0.77,-1.01,-0.88,-0.72,-0.75,-0.52,-0.73,-0.73,-1.07,-0.36,-2,-0.745
"2743",2743,"John O'Brien",2002,"USA",0.86,0.26,0.49,-0.37,1.07,0.54,0.58,0.49,1.45,-0.77,0.25,0.67,0.52,0.4,1.08,0.8,1.03,0.525
"2744",2744,"Josh Wolff",2002,"USA",-0.41,-0.33,-0.56,-0.37,-1.33,-1.14,-0.77,-0.84,-0.95,-1.01,-0.67,-0.52,-0.48,-0.95,-0.42,-0.58,-1.98,-0.8275
"2745",2745,"Landon Donovan",2002,"USA",2.13,1.7,0.49,2.76,0.13,-0.39,0.58,1.48,-0.08,-0.74,-0.58,-0.52,-0.48,0.4,1.51,0.87,1.09,0.54
"2746",2746,"Pablo Mastroeni",2002,"USA",-0.41,-0.65,-0.56,-0.74,-0.55,-0.58,-0.77,-0.68,-0.42,-0.68,0.17,-0.52,-0.73,1.53,-0.85,-0.82,-1.26,-0.6475
"2747",2747,"Tony Sanneh",2002,"USA",-0.41,-0.09,0.49,0.18,1.26,1.66,0.92,2.31,1.78,-0.06,0.84,2.27,0.77,-0.27,-0.42,0.38,3.97,1.345
"2748",2748,"Alejandro Lembo",2002,"Uruguay",-0.41,-0.2,-0.56,-0.43,0.29,0.42,-0.21,0.65,0.87,0.39,-0.19,-0.52,0.52,-0.42,-0.71,-0.38,1.07,0.075
"2749",2749,"Alvaro Recoba",2002,"Uruguay",1.7,5.63,3.52,0.95,-0.02,0.17,4.87,2.59,-0.45,-0.83,-0.61,-0.52,-0.31,-0.42,0.72,3.02,2.76,2.7875
"2750",2750,"Clever Marcelo Romero",2002,"Uruguay",-0.41,-0.65,0.02,-0.43,-0.48,-0.89,-0.77,-0.73,-0.79,-0.02,-0.61,-0.52,-0.73,1.46,0.36,-0.28,-1.62,-0.5925
"2751",2751,"Darío Rodríguez",2002,"Uruguay",1.7,0.06,0.02,-0.12,0.96,0.98,2.05,1.21,1.44,0.17,2.31,0.6,0.94,2.21,0.72,-0.28,2.19,1.065
"2752",2752,"Darío Silva",2002,"Uruguay",-0.41,1.36,1.19,2.33,-0.56,-0.64,2.05,0.93,0.03,-0.06,-0.19,-0.52,1.35,1.08,0.36,1.37,0.29,0.8825
"2753",2753,"Diego Forlán",2002,"Uruguay",1.7,0.06,0.61,-0.43,-0.89,-0.64,-0.77,0.37,-0.95,-0.16,-0.61,-0.52,-0.73,-1.18,-0.35,-0.24,-0.27,-0.1075
"2754",2754,"Fabián Carini",2002,"Uruguay",-0.41,-0.65,-0.56,-0.74,-0.02,1.1,-0.21,-0.73,-0.95,-1.01,-0.33,-0.52,-0.73,-0.8,-0.71,-0.82,0.37,-0.1
"2755",2755,"Federico Magallanes",2002,"Uruguay",-0.41,-0.07,-0.56,-0.43,-1.41,-1.08,-0.21,-1.01,-0.95,-1.01,-0.61,-0.52,0.1,-0.42,-1.07,-0.82,-2.09,-0.715
"2756",2756,"Giovanni Guigou",2002,"Uruguay",-0.41,-0.65,-0.56,-0.74,-0.45,-0.64,-0.77,-0.18,-0.95,-0.66,-0.47,-0.52,-0.73,-1.18,-0.35,-0.75,-0.82,-0.5375
"2757",2757,"Gonzalo Sorondo",2002,"Uruguay",-0.41,-0.25,-0.56,-0.43,0.35,-0.45,-0.77,-0.46,-0.63,0.06,1.89,0.75,0.1,-0.05,-1.07,-0.38,-0.91,-0.56
"2758",2758,"Gustavo Méndez",2002,"Uruguay",-0.41,-0.65,-0.56,-0.58,-0.61,-0.27,0.92,-0.46,-0.95,-0.83,0.22,-0.52,-0.31,-0.05,-1.07,-0.82,-0.73,-0.0925
"2759",2759,"Gustavo Varela",2002,"Uruguay",-0.41,-0.56,0.02,0.03,1.25,1.35,1.49,2.31,1.97,1.15,0.09,-0.52,0.94,-0.05,1.8,0.53,3.66,1.2925
"2760",2760,"Mario Regueiro",2002,"Uruguay",-0.41,-0.65,0.02,0.18,-1.15,-0.89,1.49,0.1,-0.45,-0.16,-0.75,-0.52,-0.31,-0.8,1.08,-0.75,-0.79,0.18
"2761",2761,"Pablo García",2002,"Uruguay",-0.41,-0.07,0.02,-0.74,1.53,0.48,-0.21,0.65,2.76,2.24,-0.05,1.47,0.1,0.33,0.72,0.42,1.13,0.235
"2762",2762,"Richard Morales",2002,"Uruguay",1.7,1.85,-0.56,1.41,-1.38,-1.08,-0.77,-1.01,-0.95,-1.01,-0.75,-0.52,0.1,-0.8,-0.71,-0.35,-2.09,-0.855
"2763",2763,"Ronald Paolo Montero Iglesias",2002,"Uruguay",-0.41,-0.65,-0.56,-0.74,1.76,1.41,0.36,1.76,0.65,0.38,2.31,2.73,2.19,0.33,-0.71,-0.6,3.17,0.7425
"2764",2764,"Sebastián Abreu",2002,"Uruguay",-0.41,0.64,-0.56,0.64,-1.1,-1.01,-0.21,-0.46,-0.45,-0.83,-0.47,-0.52,0.94,1.84,0.36,-0.6,-1.47,-0.56
"2765",2765,"Abel Balbo",1998,"Argentina",-0.42,-0.43,-0.66,-0.19,-1.51,-1.2,-0.74,-1.02,-0.72,-0.77,-0.73,-0.54,-0.51,-1.15,-0.87,-0.58,-2.22,-0.905
"2766",2766,"Ariel Ortega",1998,"Argentina",1.9,1.07,0.78,1.56,1.1,0.44,6.01,2.67,0.13,-0.72,-0.66,-0.54,-0.75,0.35,6.05,4.32,3.11,2.475
"2767",2767,"Carlos Roa",1998,"Argentina",-0.42,-0.68,-0.66,-0.74,-0.35,1.08,-0.74,-1.02,-0.99,-1.03,-0.66,-0.54,-0.75,-1.15,-0.44,-0.9,0.0600000000000001,-0.335
"2768",2768,"Claudio Lopez",1998,"Argentina",0.74,0.46,0.42,1.56,-0.69,-0.84,0.34,0.43,-0.62,-0.78,-0.66,-0.54,-0.75,0.35,-0.87,0.7,-0.41,0.0875
"2769",2769,"Diego Simeone",1998,"Argentina",-0.42,0.7,0.06,1.24,1.19,0.59,0.34,-0.09,0.8,-0.17,0,0.85,-0.05,0.14,1.08,0.81,0.5,0.225
"2770",2770,"Gabriel Batistuta",1998,"Argentina",5.38,6.88,-0.66,2.28,-0.51,-0.98,-0.47,-0.23,-0.62,-0.26,-0.44,-0.54,0.41,1,1.08,1.19,-1.21,-0.585
"2771",2771,"Hernán Crespo",1998,"Argentina",-0.42,-0.68,-0.66,-0.5,-1.48,-1.2,-0.74,-1.02,-0.99,-1.03,-0.73,-0.54,-0.75,-0.93,-1.08,-0.88,-2.22,-0.905
"2772",2772,"Javier Zanetti",1998,"Argentina",0.74,-0.18,0.42,0.21,1.62,1.23,2.77,2.01,-0.46,1.06,-0.51,0.51,-0.75,-0.72,0.21,0.66,3.24,1.6075
"2773",2773,"José Chamot",1998,"Argentina",-0.42,-0.53,-0.3,0.05,-0.12,0.19,-0.74,-0.23,2.42,0.42,0.37,1.38,0.65,0.78,-0.87,-0.23,-0.04,-0.27
"2774",2774,"Juan Sebastián Verón",1998,"Argentina",-0.42,0.16,2.21,-0.58,3.47,3.29,0.88,4.51,1.03,2.21,-0.44,0.51,-0.51,0.57,1.08,4.16,7.8,2.7225
"2775",2775,"Marcelo Gallardo",1998,"Argentina",-0.42,0.36,1.14,-0.5,0.12,-0.34,1.96,0.83,-0.14,-1.03,-0.73,-0.54,-0.75,-0.72,0,1.38,0.49,0.8975
"2776",2776,"Matías Almeyda",1998,"Argentina",-0.42,-0.43,-0.66,-0.74,2.6,2.12,0.07,0.04,3.46,0.71,-0.22,0.85,-0.51,2.07,0.65,-0.86,2.16,0.3925
"2777",2777,"Mauricio Pineda",1998,"Argentina",0.74,-0.5,-0.66,-0.66,-0.45,-0.48,-0.47,-0.36,-0.62,-0.52,-0.51,-0.54,-0.75,-0.08,-0.65,-0.67,-0.84,-0.4925
"2778",2778,"Nelson Vivas",1998,"Argentina",-0.42,-0.6,-0.66,-0.74,0.52,0.48,0.07,0.04,-0.14,0.8,0.3,0.33,0.18,2.71,-0.44,-0.9,0.52,-0.0175
"2779",2779,"Nestor Sensini",1998,"Argentina",-0.42,-0.06,-0.66,-0.42,-0.51,-0.09,-0.47,-0.62,0.18,-0.13,0.08,1.53,-0.28,-0.5,0.65,-0.82,-0.71,-0.46
"2780",2780,"Pablo Paz",1998,"Argentina",-0.42,-0.36,-0.66,-0.34,-1.21,-0.98,-0.47,-0.88,-0.46,0.5,-0.14,-0.54,-0.05,-0.93,-1.08,-0.9,-1.86,-0.7475
"2781",2781,"Roberto Ayala",1998,"Argentina",-0.42,-0.41,-0.66,-0.42,0.87,0.91,-0.47,-0.75,0.67,1.25,1.55,0.33,0.88,-0.29,0.21,-0.9,0.16,-0.2425
"2782",2782,"Sergio Berti",1998,"Argentina",-0.42,-0.68,-0.66,-0.42,-1.29,-1.09,-0.47,-0.49,-0.67,-1.03,-0.66,-0.54,-0.75,-0.93,-0.87,-0.69,-1.58,-0.6775
"2783",2783,"Andreas Herzog",1998,"Austria",1.64,2.87,1.26,-0.46,-0.23,-0.03,-0.74,-0.55,0.62,0.09,-0.6,-0.54,-0.33,-0.77,1.99,1.05,-0.58,-0.015
"2784",2784,"Anton Pfeffer",1998,"Austria",-0.42,-0.55,-0.66,-0.18,0.63,0.86,-0.26,-0.08,1.49,1.74,2.41,0.67,0.9,0.76,0.45,-0.23,0.78,-0.035
"2785",2785,"Arnold Wetl",1998,"Austria",-0.42,-0.02,0.62,0.25,1.64,1.49,-0.74,1.32,0.31,0.99,-0.47,2.24,0.49,1.52,0.45,0,2.81,0.6725
"2786",2786,"Dietmar Kühbauer",1998,"Austria",-0.42,-0.46,-0.02,-0.04,0.35,-0.22,0.22,0.62,0.18,0.91,-0.6,0.85,-0.75,0.38,1.61,0.19,0.4,0.15
"2787",2787,"Hannes Reinmayr",1998,"Austria",-0.42,-0.28,2.53,-0.18,-0.53,-0.54,0.7,-0.55,-0.56,-0.21,-0.73,-0.54,-0.33,-1.15,-0.7,1.23,-1.09,0.535
"2788",2788,"Harald Cerny",1998,"Austria",-0.42,-0.59,0.62,-0.46,-0.69,0.16,-0.26,-0.31,-0.99,-0.26,-0.34,-0.54,-0.75,0,-0.32,-0.75,-0.15,0.0525
"2789",2789,"Heimo Pfeifenberger",1998,"Austria",-0.42,0.2,-0.02,0.95,0.28,-0.09,0.22,0.62,1.47,0.15,-0.21,-0.54,2.14,0,0.07,0.45,0.53,0.1825
"2790",2790,"Ivica Vastic",1998,"Austria",1.64,0.72,-0.66,0.95,-1.07,-0.85,-0.26,-1.02,-0.99,-1.03,-0.73,-0.54,0.08,-0.39,0.45,0.56,-1.87,-0.6975
"2791",2791,"Mario Haas",1998,"Austria",-0.42,0.2,0.62,1.52,-0.89,-0.79,-0.26,-1.02,0.18,-1.03,-0.6,-0.54,0.08,1.14,-0.7,0.34,-1.81,-0.3625
"2792",2792,"Markus Schopp",1998,"Austria",-0.42,-0.68,-0.66,-0.04,-0.99,-0.79,-0.26,-0.78,-0.56,-0.61,-0.6,-0.54,-0.33,0,-0.7,-0.38,-1.57,-0.6225
"2793",2793,"Michael Konsel",1998,"Austria",-0.42,-0.68,-0.66,-0.74,-0.64,0.48,-0.74,-1.02,-0.99,-0.62,-0.6,-0.54,-0.75,-1.15,-1.08,-0.9,-0.54,-0.485
"2794",2794,"Peter Schöttel",1998,"Austria",-0.42,-0.55,-0.66,-0.74,0.25,0.1,-0.26,-0.31,1.48,2.97,1.49,2.06,0.9,2.29,-0.7,-0.49,-0.21,-0.2825
"2795",2795,"Peter Stoeger",1998,"Austria",-0.42,-0.55,-0.02,-0.46,-1.47,-1.17,-0.74,-0.78,-0.99,-0.62,-0.73,-0.54,-0.75,-0.77,-1.08,-0.53,-1.95,-0.6775
"2796",2796,"Roman Mählich",1998,"Austria",-0.42,-0.33,-0.02,-0.74,1.77,1.37,0.22,0.62,2.67,0.86,-0.47,-0.54,-0.75,1.14,0.07,0.97,1.99,0.5475
"2797",2797,"Toni Polster",1998,"Austria",1.64,2.56,-0.02,2.79,0.02,-0.79,-0.26,-1.02,-0.56,-0.61,-0.47,-0.54,2.97,3.43,0.07,0.67,-1.81,-0.5225
"2798",2798,"Wolfgang Feiersinger",1998,"Austria",-0.42,-0.68,0.62,-0.74,1.77,2,0.7,2.73,0.62,2.93,1.23,0.67,-0.33,-0.77,1.22,0.07,4.73,1.5125
"2799",2799,"Danny Boffin",1998,"Belgium",-0.42,-0.5,-0.66,-0.74,-1.12,-0.79,-0.26,-0.55,-0.99,-0.88,-0.6,0.56,-0.75,-0.39,-0.7,-0.6,-1.34,-0.565
"2800",2800,"Emile Mpenza",1998,"Belgium",-0.42,-0.59,-0.66,-0.04,-1.32,-1.17,-0.74,-0.55,-0.78,-1.03,-0.73,-0.54,-0.33,-1.15,-0.7,-0.41,-1.72,-0.78
"2801",2801,"Enzo Scifo",1998,"Belgium",-0.42,-0.06,-0.66,-0.04,0.17,0.03,0.7,2.49,0.39,-0.27,-0.47,-0.54,-0.75,0.38,-1.08,0,2.52,0.64
"2802",2802,"Eric Deflandre",1998,"Belgium",-0.42,-0.68,-0.02,-0.74,-0.03,1.05,-0.26,-0.08,1.98,0.09,2.28,0.56,-0.75,1.52,-0.32,-0.68,0.97,0.1725
"2803",2803,"Filip De Wilde",1998,"Belgium",-0.42,-0.68,-0.66,-0.74,-0.79,0.35,-0.74,0.39,-0.99,-1.03,-0.47,-0.54,-0.33,-1.15,-0.7,-0.71,0.74,-0.165
"2804",2804,"Franky Van Der Elst",1998,"Belgium",-0.42,-0.5,-0.66,-0.46,0.25,-0.16,-0.74,-0.31,1.17,-0.35,-0.6,-0.04,-0.33,0.38,0.45,-0.75,-0.47,-0.4675
"2805",2805,"Gert Verheyen",1998,"Belgium",-0.42,-0.68,-0.66,-0.46,-1.14,-0.92,-0.74,-1.02,0.06,-0.27,-0.73,-0.54,-0.75,-0.77,-1.08,-0.49,-1.94,-0.835
"2806",2806,"Gordan Vidovic",1998,"Belgium",-0.42,-0.28,-0.66,-0.46,-0.64,-0.79,-0.74,-1.02,0.23,0.39,2.02,0.32,-0.33,-0.39,-0.7,-0.9,-1.81,-0.8025
"2807",2807,"Lorenzo Staelens",1998,"Belgium",-0.42,-0.68,-0.66,-0.6,-0.08,0.41,-0.74,-1.02,-0.63,1.08,2.81,0.81,0.08,0,-0.32,-0.71,-0.61,-0.5025
"2808",2808,"Luc Nilis",1998,"Belgium",1.64,1.69,3.17,2.93,-0.1,-0.22,1.18,0.62,-0.58,-0.96,-0.47,-0.54,0.08,0.38,0.84,4.68,0.4,1.1875
"2809",2809,"Luis Oliveira",1998,"Belgium",-0.42,0.46,0.62,0.39,-0.71,-0.66,-0.74,-0.31,-0.35,-1.03,-0.47,-0.54,-0.33,-0.39,1.22,0.64,-0.97,-0.2725
"2810",2810,"Marc Wilmots",1998,"Belgium",3.7,1.86,0.62,2.79,0.5,-0.47,0.22,0.15,-0.63,0.33,-0.47,-0.54,1.32,2.29,0.45,0.71,-0.32,0.13
"2811",2811,"Mbo Mpenza",1998,"Belgium",-0.42,-0.68,-0.02,0.53,-1.37,-1.11,-0.26,-0.55,-0.99,-0.82,-0.73,-0.54,-0.75,-0.77,-0.32,-0.15,-1.66,-0.485
"2812",2812,"Mike Verstraeten",1998,"Belgium",-0.42,-0.68,-0.66,-0.74,-1.37,-1.11,-0.74,-1.02,-0.76,-0.81,-0.47,-0.54,-0.75,0.38,-0.7,-0.9,-2.13,-0.8825
"2813",2813,"Nico van Kerckhoven",1998,"Belgium",-0.42,-0.2,0.62,0.25,-0.71,-0.54,-0.26,-0.08,-0.56,-0.82,-0.73,-0.54,-0.75,-0.77,-0.7,0.34,-0.62,-0.065
"2814",2814,"Philippe Clement",1998,"Belgium",-0.42,-0.59,-0.66,-0.18,-0.81,-0.41,-0.74,-1.02,-0.55,0.07,0.31,0.4,-0.33,1.52,1.22,-0.64,-1.43,-0.7075
"2815",2815,"Phillipe Vande Walle",1998,"Belgium",-0.42,-0.68,-0.66,-0.6,-1.29,-0.66,-0.74,-1.02,-0.99,-1.03,-0.73,-0.54,-0.75,-1.15,-1.08,-0.49,-1.68,-0.77
"2816",2816,"Vital Borkelmans",1998,"Belgium",-0.42,-0.63,1.89,-0.04,0.5,1.37,-0.74,-0.31,0.34,0.51,1.23,-0.29,-0.75,1.14,-0.32,1.53,1.06,0.5525
"2817",2817,"Aldair",1998,"Brazil",-0.42,-0.62,-0.66,-0.57,0.86,0.43,-0.74,-0.35,0.11,1.32,1.36,0.84,0.44,-0.37,-0.46,-0.9,0.08,-0.33
"2818",2818,"Bebeto",1998,"Brazil",2.11,0.7,0.39,0.53,0.03,-0.58,-0.34,-0.25,-0.2,-0.8,-0.73,-0.54,-0.58,-0.21,0.33,0.46,-0.83,-0.195
"2819",2819,"Cafu",1998,"Brazil",-0.42,-0.07,1.43,0.41,2.2,2.03,0.64,1.47,1.16,0.84,0.12,0.27,0.1,0.88,0.33,0.3,3.5,1.3925
"2820",2820,"Cláudio Taffarel",1998,"Brazil",-0.42,-0.68,-0.66,-0.74,-0.2,0.89,-0.74,-1.02,-0.99,-1.03,-0.68,-0.54,-0.58,-1.15,-0.77,-0.9,-0.13,-0.3825
"2821",2821,"César Sampaio",1998,"Brazil",2.11,0.38,-0.66,0.24,0.82,-0.17,0.44,-0.82,1.33,0.69,-0.04,-0.23,-0.07,0.72,-0.46,-0.65,-0.99,-0.3025
"2822",2822,"Denilson",1998,"Brazil",-0.42,-0.48,-0.13,0.07,-0.25,-0.33,3.19,1.95,0.17,0.18,-0.73,-0.54,-0.41,-0.37,0.65,0.39,1.62,1.17
"2823",2823,"Dunga",1998,"Brazil",-0.42,-0.52,0.39,-0.68,3.61,2.84,-0.34,-0.25,3.15,3.47,-0.14,1.27,-0.75,-0.06,0.49,0.43,2.59,0.66
"2824",2824,"Edmundo",1998,"Brazil",-0.42,-0.68,-0.66,-0.68,-1.35,-1.15,-0.34,-0.73,-0.79,-1.03,-0.73,-0.54,-0.58,-0.68,-1.08,-0.64,-1.88,-0.72
"2825",2825,"Ferreira da Rosa Emerson",1998,"Brazil",-0.42,-0.39,-0.66,-0.57,-1.37,-1.1,-0.15,-0.82,-0.86,-0.67,-0.73,-0.54,-0.75,-0.52,-0.93,-0.87,-1.92,-0.6825
"2826",2826,"Giovanni",1998,"Brazil",-0.42,-0.68,-0.66,-0.74,-1.43,-1.23,-0.74,-0.92,-0.79,-1.03,-0.57,-0.54,-0.75,-0.84,-0.93,-0.9,-2.15,-0.8875
"2827",2827,"Gonçalves",1998,"Brazil",-0.42,-0.68,-0.66,-0.74,-1.19,-1.02,-0.74,-1.02,-0.75,-0.85,-0.47,0.23,-0.58,-0.99,-0.93,-0.9,-2.04,-0.86
"2828",2828,"Júnior Baiano",1998,"Brazil",-0.42,-0.59,-0.66,-0.11,1.04,0.48,-0.54,-0.15,0.89,1.4,2,0.44,3.31,0.26,0.33,-0.78,0.33,-0.2175
"2829",2829,"Leonardo",1998,"Brazil",-0.42,-0.28,0.65,-0.34,1.15,0.3,1.03,-0.06,0.66,1.19,-0.57,-0.04,-0.58,-0.06,0.49,0.22,0.24,0.48
"2830",2830,"Rivaldo",1998,"Brazil",2.11,1.56,0.13,1.4,1.57,0.06,2.4,0.42,-0.09,-0.14,-0.36,-0.54,1.28,0.41,2.38,0.94,0.48,0.7525
"2831",2831,"Roberto Carlos",1998,"Brazil",-0.42,0.38,1.95,0.24,2.2,2.29,1.42,1.38,0.77,0.64,0.55,-0.54,-0.24,-0.21,0.02,0.77,3.67,1.76
"2832",2832,"Ronaldo",1998,"Brazil",2.95,3.33,-0.66,1.63,-0.36,-0.66,1.82,0.71,-0.62,-0.68,-0.57,-0.54,-0.41,-0.37,2.06,1.2,0.0499999999999999,0.3025
"2833",2833,"Zé Carlos",1998,"Brazil",-0.42,-0.68,-0.66,-0.63,-1.21,-0.97,-0.54,-0.82,-0.79,-0.78,-0.36,-0.54,-0.75,-0.84,-0.77,-0.84,-1.79,-0.7475
"2834",2834,"Anatoli Nankov",1998,"Bulgaria",-0.42,-0.68,0.62,-0.74,-0.41,0.41,0.22,-0.78,0.32,0.73,-0.08,-0.54,-0.75,0.38,0.07,-0.08,-0.37,0.1175
"2835",2835,"Daniel Borimirov",1998,"Bulgaria",-0.42,0.77,-0.02,1.52,-0.31,-0.41,1.66,1.32,-0.58,-0.59,-0.6,-0.54,0.49,1.14,0.07,1.46,0.91,0.6375
"2836",2836,"Emil Kostadinov",1998,"Bulgaria",1.64,1.34,-0.66,2.79,-0.86,-1.11,0.22,-0.31,-0.78,-0.19,-0.73,-0.54,-0.33,-0.77,-0.7,0.34,-1.42,-0.465
"2837",2837,"Georgi Bachev",1998,"Bulgaria",-0.42,-0.41,-0.66,-0.18,-0.79,-0.35,-0.26,-0.78,-0.32,-0.83,-0.6,-0.54,0.08,-0.39,0.84,-0.83,-1.13,-0.5125
"2838",2838,"Gosho Ginchev",1998,"Bulgaria",-0.42,-0.59,-0.66,-0.74,-0.08,0.35,-0.74,0.62,-0.01,0.35,0.97,1.8,0.49,0,0.07,-0.9,0.97,-0.1075
"2839",2839,"Hristo Stoichkov",1998,"Bulgaria",-0.42,2.21,-0.66,1.09,-0.41,-0.47,0.22,0.86,-0.73,-0.08,-0.6,-0.54,-0.75,1.52,0.45,1.46,0.39,-0.0125
"2840",2840,"Ilian Iliev",1998,"Bulgaria",-0.42,-0.2,-0.66,-0.04,0.17,-0.22,1.66,1.32,-0.16,0.27,-0.73,-0.54,-0.75,1.14,1.22,0.45,1.1,0.525
"2841",2841,"Ivailo Yordanov",1998,"Bulgaria",-0.42,-0.41,-0.66,-0.04,-0.46,-0.22,0.22,-0.08,0.36,0.22,0.71,-0.54,0.08,-0.39,1.22,-0.64,-0.3,-0.185
"2842",2842,"Ivaylo Petkov",1998,"Bulgaria",-0.42,-0.68,-0.66,-0.74,0.1,1.05,-0.26,-0.78,-0.48,0.16,0.58,-0.54,0.49,1.14,-0.32,-0.79,0.27,-0.1625
"2843",2843,"Krassimir Balakov",1998,"Bulgaria",-0.42,0.07,1.89,0.39,0.99,0.73,0.22,1.09,1,0.36,-0.47,-0.54,0.49,0,2.76,2.51,1.82,0.9825
"2844",2844,"Luboslav Penev",1998,"Bulgaria",-0.42,0.42,0.62,1.38,-1.07,-1.04,-0.26,-0.78,-0.99,-1.03,-0.73,-0.54,0.08,1.52,0.07,0.22,-1.82,-0.365
"2845",2845,"Marian Hristov",1998,"Bulgaria",-0.42,0.24,-0.66,0.11,-0.79,-0.92,-0.26,-0.31,-0.22,-1.03,-0.73,0.14,-0.33,-0.77,-0.32,-0.79,-1.23,-0.5375
"2846",2846,"Radostin Kishishev",1998,"Bulgaria",-0.42,-0.68,-0.66,-0.74,1.52,1.87,-0.26,0.15,0.71,0.56,0.18,0.3,-0.75,2.67,-0.7,-0.45,2.02,0.275
"2847",2847,"Trifon Ivanov",1998,"Bulgaria",-0.42,0.46,-0.02,-0.18,0.07,0.16,-0.26,-0.55,0.37,0.27,1.36,2.83,-0.75,0.38,0.07,-0.15,-0.39,-0.1675
"2848",2848,"Zdravko Zdravkov",1998,"Bulgaria",-0.42,-0.68,-0.66,-0.74,-0.31,1.11,-0.74,-1.02,-0.99,-1.03,-0.6,-0.54,-0.75,-1.15,-0.7,-0.9,0.0900000000000001,-0.3275
"2849",2849,"Zlatko Yankov",1998,"Bulgaria",-0.42,-0.46,0.62,-0.6,0.3,-0.47,-0.74,-0.78,0.89,0.16,-0.34,0.3,0.08,0,-0.7,0.04,-1.25,-0.3425
"2850",2850,"Alphonse Tchami",1998,"Cameroon",-0.42,-0.15,-0.66,-0.46,-1.29,-1.11,-0.26,-0.78,-0.99,-1.03,-0.73,-0.54,-0.33,-0.77,-0.32,-0.3,-1.89,-0.7025
"2851",2851,"Augustine Simo",1998,"Cameroon",-0.42,-0.55,-0.02,-0.74,-1.04,-1.04,-0.26,-0.31,-0.13,0.07,-0.73,0.39,-0.33,-1.15,-0.32,-0.53,-1.35,-0.4075
"2852",2852,"Didier Angibeau",1998,"Cameroon",-0.42,-0.5,-0.02,-0.32,0.17,-0.22,1.66,1.09,0.16,-0.41,-0.47,-0.54,0.49,-0.77,2.38,0.71,0.87,0.6275
"2853",2853,"François Omam-Biyik",1998,"Cameroon",-0.42,0.9,-0.02,2.37,-0.46,-0.92,0.22,-0.55,-0.7,-0.11,-0.21,-0.54,1.32,-0.39,-0.32,0.11,-1.47,-0.3175
"2854",2854,"Jacques Songo'o",1998,"Cameroon",-0.42,-0.68,-0.66,-0.74,-0.03,1.37,-0.74,-0.78,-0.99,-1.03,-0.47,-0.54,-0.33,-1.15,-0.7,-0.83,0.59,-0.2025
"2855",2855,"Joseph N'Do",1998,"Cameroon",-0.42,-0.63,3.8,-0.6,1.24,1.49,2.14,1.32,1.2,0.17,0.18,0.25,-0.75,0.76,-0.32,1.72,2.81,2.1875
"2856",2856,"Joseph-Désiré Job",1998,"Cameroon",-0.42,0.42,0.62,0.81,-0.71,-0.92,2.14,-0.31,-0.46,-0.8,-0.73,-0.54,0.08,-0.77,0.45,0.45,-1.23,0.3825
"2857",2857,"Marcel Mahouvé",1998,"Cameroon",-0.42,-0.59,0.62,-0.74,-0.81,-0.85,-0.26,-0.55,-0.75,-0.33,-0.34,-0.54,-0.33,-0.77,-0.7,0.04,-1.4,-0.26
"2858",2858,"Michel Pensee",1998,"Cameroon",-0.42,-0.68,-0.66,-0.46,-1.12,-1.04,-0.74,-0.55,-0.26,-0.57,0.05,-0.54,-0.33,-1.15,-0.7,-0.9,-1.59,-0.7475
"2859",2859,"Patrick M'Boma",1998,"Cameroon",1.64,1.95,-0.02,2.65,0.28,0.03,1.18,0.86,0.19,-0.41,-0.21,0.25,3.79,-0.39,-0.32,0,0.89,0.5125
"2860",2860,"Pierre Njanka",1998,"Cameroon",1.64,-0.15,-0.66,-0.46,0.78,0.86,2.14,0.39,-0.1,0.4,0.84,-0.54,0.9,0.38,-0.32,-0.45,1.25,0.6825
"2861",2861,"Pierre Womé",1998,"Cameroon",-0.42,-0.06,3.17,-0.46,1.29,3.27,1.18,1.32,2,1.09,0.45,-0.54,1.32,-0.39,-0.7,3.52,4.59,2.235
"2862",2862,"Raymond Kalla",1998,"Cameroon",-0.42,-0.55,-0.66,-0.32,-0.21,-0.66,-0.26,-0.31,-0.35,-0.07,0.84,0.39,-0.33,-0.39,-1.08,-0.9,-0.97,-0.4725
"2863",2863,"Rigobert Song",1998,"Cameroon",-0.42,-0.55,-0.66,-0.46,-0.21,0.22,-0.74,0.62,0.55,1.79,3.46,5.24,3.38,1.9,0.45,-0.53,0.84,-0.14
"2864",2864,"Salomon Olembé",1998,"Cameroon",-0.42,-0.33,0.62,-0.6,0.1,-0.22,1.66,-0.08,0.14,1.89,-0.6,-0.54,-0.75,1.52,-0.32,0.15,-0.3,0.495
"2865",2865,"Samuel Ipoua",1998,"Cameroon",-0.42,-0.37,-0.66,0.25,-0.94,-1.23,-0.74,-1.02,-0.63,-1.03,-0.73,-0.54,0.08,0,0.45,-0.9,-2.25,-0.9125
"2866",2866,"Clarence Acuña",1998,"Chile",-0.42,-0.38,-0.18,0,1.61,-0.33,-0.38,0.04,0.7,0.04,-0.05,0.15,0.49,1.43,0.93,-0.03,-0.29,-0.2125
"2867",2867,"Fabián Estay",1998,"Chile",-0.42,-0.51,1.73,-0.11,0.83,0.38,-0.38,0.56,-0.44,-0.46,-0.64,-0.54,-0.75,-0.29,0.93,1.26,0.94,0.5725
"2868",2868,"Fernando Cornejo",1998,"Chile",-0.42,-0.48,0.78,-0.32,-0.31,0.15,-0.74,-0.66,-0.68,-0.11,-0.44,-0.54,-0.75,-0.86,-0.8,0.42,-0.51,-0.1175
"2869",2869,"Francisco Rojas",1998,"Chile",-0.42,-0.61,1.26,0,0.92,1.38,0.34,1.27,1.17,2.8,0.25,-0.54,-0.44,-0.29,2.38,0.59,2.65,1.0625
"2870",2870,"Iván Zamorano",1998,"Chile",-0.42,2.57,-0.18,4.03,0.33,-0.76,1.06,0.04,-0.82,-0.42,-0.54,-0.54,4.83,0.28,0.65,1.6,-0.72,0.04
"2871",2871,"Javier Margas",1998,"Chile",-0.42,-0.32,-0.66,0.11,0.07,0.43,-0.38,-0.66,1.29,1.99,4.08,0.15,4.83,0,0.36,-0.53,-0.23,-0.3175
"2872",2872,"José Sierra",1998,"Chile",1.12,-0.25,2.21,-0.53,0.07,-0.19,-0.02,-0.49,-0.19,-0.57,-0.73,-0.54,-0.75,-1.15,-0.22,1.32,-0.68,0.3775
"2873",2873,"Marcelo Salas",1998,"Chile",5.76,2.28,1.26,2.33,0.33,-0.85,0.7,-0.14,0.29,0.04,-0.64,0.15,0.18,0,2.09,0.56,-0.99,0.2425
"2874",2874,"Marcelo Vega",1998,"Chile",-0.42,-0.64,-0.18,-0.64,-0.71,-0.71,-0.74,-0.84,-0.99,-0.72,-0.73,-0.54,-0.75,-1.15,-0.22,-0.17,-1.55,-0.6175
"2875",2875,"Mauricio Aros",1998,"Chile",-0.42,-0.61,-0.66,-0.74,-0.29,0.53,0.34,0.04,-0.67,-1.03,-0.73,-0.54,-0.75,-1.15,0.36,-0.76,0.57,0.0625
"2876",2876,"Miguel Ramírez",1998,"Chile",-0.42,-0.58,-0.66,-0.74,-0.9,-0.8,-0.74,-0.84,0.48,0.2,-0.14,0.15,-0.75,-0.58,-0.51,-0.9,-1.64,-0.76
"2877",2877,"Moisés Villarroel",1998,"Chile",-0.42,0.24,1.26,-0.11,-0.16,0.67,-0.38,0.04,0.04,0.29,0.25,1.02,-0.75,-0.58,-0.22,0.08,0.71,0.3975
"2878",2878,"Nelson Parraguez",1998,"Chile",-0.42,-0.61,-0.66,-0.74,0.92,0.48,0.34,-0.14,2.57,1.28,-0.34,0.47,-0.75,1.71,-1.08,-0.79,0.34,0.00499999999999999
"2879",2879,"Nelson Tapia",1998,"Chile",-0.42,-0.68,-0.66,-0.74,-0.73,0.48,-0.74,-1.02,-0.99,-1.03,-0.54,-0.54,-0.75,-0.86,-0.8,-0.9,-0.54,-0.485
"2880",2880,"Pedro Reyes",1998,"Chile",-0.42,-0.18,-0.66,-0.21,0.11,0.34,-0.02,-0.14,2.63,1.72,1.72,-0.54,0.8,0.85,0.65,-0.37,0.2,-0.12
"2881",2881,"Ronald Fuentes",1998,"Chile",-0.42,-0.68,-0.66,-0.74,0.39,0.43,-0.02,0.21,1.32,1.88,2.41,1.71,0.18,0.28,0.65,-0.53,0.64,-0.01
"2882",2882,"Adolfo Valencia",1998,"Colombia",-0.42,-0.2,-0.66,0.11,-0.69,-1.04,-0.74,-0.08,-0.54,-0.61,-0.73,-0.54,-0.33,1.14,0.84,-0.34,-1.12,-0.63
"2883",2883,"Anthony de Ávila",1998,"Colombia",-0.42,0.37,0.62,0.81,-0.33,-0.92,0.22,-0.08,-0.99,-1.03,-0.6,-0.54,-0.75,0,0.84,0.19,-1,-0.04
"2884",2884,"Antonio Moreno",1998,"Colombia",-0.42,-0.68,-0.66,-0.74,-0.41,-0.03,-0.74,-0.08,-0.54,-1.03,-0.73,-0.54,-0.75,0,-1.08,-0.26,-0.11,-0.3775
"2885",2885,"Carlos Valderrama",1998,"Colombia",-0.42,-0.68,1.89,-0.46,3.32,2.57,-0.26,-0.08,0.67,-0.27,-0.6,0.62,-0.33,0,1.99,2.81,2.49,1.03
"2886",2886,"Ever Palacios",1998,"Colombia",-0.42,-0.46,-0.02,-0.46,0.58,0.73,-0.26,-1.02,1.09,0.22,3.07,6.02,2.14,-0.39,-0.32,-0.49,-0.29,-0.1425
"2887",2887,"Faryd Mondragón",1998,"Colombia",-0.42,-0.68,-0.66,-0.74,0.05,1.49,-0.74,-1.02,-0.99,-1.03,-0.47,-0.54,-0.75,-1.15,-0.7,-0.9,0.47,-0.2325
"2888",2888,"Faustino Asprilla",1998,"Colombia",-0.42,-0.68,0.62,-0.32,-0.94,-0.92,0.22,-0.78,-0.99,-0.35,-0.73,-0.54,-0.33,0,0.07,0.15,-1.7,-0.215
"2889",2889,"Freddy Rincon",1998,"Colombia",-0.42,0.07,-0.66,-0.04,1.19,-0.03,0.22,1.56,1.55,1.05,-0.6,-0.54,0.08,0.76,1.22,0.11,1.53,0.2725
"2890",2890,"Hamilton Ricard",1998,"Colombia",-0.42,-0.41,-0.66,-0.32,-1.35,-1.23,-0.74,-1.02,-0.99,-1.03,-0.73,-0.54,-0.75,-0.77,-0.7,-0.9,-2.25,-0.9125
"2891",2891,"Harold Lozano",1998,"Colombia",-0.42,0.51,-0.66,0.25,2.94,2.51,4.06,3.43,0.62,2.34,0.45,-0.54,1.32,0.76,0.45,0.04,5.94,2.335
"2892",2892,"Jorge Bermúdez",1998,"Colombia",-0.42,-0.37,-0.66,-0.32,0.15,0.03,-0.74,-0.55,0.71,1.34,2.94,0.62,0.49,1.14,0.45,-0.9,-0.52,-0.48
"2893",2893,"Jorge Bolano",1998,"Colombia",-0.42,-0.68,-0.66,-0.74,-1.09,-1.11,-0.26,-0.31,-0.99,-1.03,-0.47,-0.54,-0.33,0,-0.7,-0.79,-1.42,-0.585
"2894",2894,"Jose Santa",1998,"Colombia",-0.42,-0.55,-0.02,-0.18,0.15,0.54,0.22,1.09,0.16,0.15,0.71,-0.54,-0.75,1.14,0.45,-0.3,1.63,0.4575
"2895",2895,"Léider Preciado",1998,"Colombia",1.64,0.2,-0.66,0.11,-1.17,-1.17,0.7,-0.08,-0.99,-1.03,-0.73,-0.54,-0.75,-0.39,0.07,-0.11,-1.25,-0.3025
"2896",2896,"Mauricio Serna",1998,"Colombia",-0.42,-0.33,0.62,-0.74,1.75,0.48,-0.74,0.39,1.69,2.55,-0.47,-0.54,-0.33,0.76,0.45,0.34,0.87,0.1875
"2897",2897,"Víctor Aristizábal",1998,"Colombia",-0.42,0.55,0.62,0.11,0.23,0.22,0.7,1.56,-0.56,-0.27,-0.73,0.62,-0.33,0.38,0.45,1.16,1.78,0.775
"2898",2898,"Wilmer Cabrera",1998,"Colombia",-0.42,-0.5,-0.02,-0.04,2.35,2.13,-0.26,1.32,-0.64,0.94,0.97,0.62,1.32,-1.15,0.45,0.04,3.45,0.7925
"2899",2899,"Aljosa Asanovic",1998,"Croatia",-0.42,0.64,2.62,-0.08,0.86,0.51,1.94,2.09,-0.58,-0.31,-0.62,0.09,-0.57,1.63,0.89,2.05,2.6,1.79
"2900",2900,"Dario Simic",1998,"Croatia",-0.42,-0.68,-0.66,-0.5,-0.07,0.1,-0.32,-0.41,-0.06,-0.27,1.46,0.7,0.49,0.65,-0.59,-0.29,-0.31,-0.3225
"2901",2901,"Davor Suker",1998,"Croatia",4.88,4.31,0.16,3.56,-0.4,-0.63,1.73,1.39,-0.46,-0.62,-0.73,-0.54,-0.04,0.81,1.72,1.76,0.76,0.6625
"2902",2902,"Drazen Ladic",1998,"Croatia",-0.42,-0.68,-0.66,-0.74,-0.42,1.21,-0.74,-0.61,-0.99,-1.03,-0.62,-0.54,-0.75,-1.15,-0.26,-0.87,0.6,-0.2
"2903",2903,"Goran Vlaovic",1998,"Croatia",0.46,0.02,-0.66,0.65,-0.74,-0.91,0.09,-0.21,-0.73,-0.72,-0.68,-0.54,-0.39,-0.33,-0.26,-0.02,-1.12,-0.4225
"2904",2904,"Igor Stimac",1998,"Croatia",-0.42,-0.49,-0.66,-0.44,-0.11,0.21,-0.32,-0.21,-0.16,-0.28,2.41,2.29,0.14,1.14,-0.59,-0.56,0,-0.245
"2905",2905,"Krunoslav Jurcic",1998,"Croatia",-0.42,-0.53,-0.66,-0.62,-0.74,-0.82,-0.74,-0.71,-0.89,-0.62,-0.51,-0.23,-0.22,-0.33,-0.43,-0.88,-1.53,-0.7325
"2906",2906,"Mario Stanic",1998,"Croatia",0.46,0.99,1.8,1.56,0.11,0.21,0.5,0.49,0.25,0.73,0.28,0.51,1.73,1.47,0.89,1.04,0.7,0.75
"2907",2907,"Robert Jarni",1998,"Croatia",0.46,-0.49,2.62,0.11,0.35,1.16,0.5,1.39,-0.13,0.12,0.22,0,-0.39,0.16,1.06,1.32,2.55,1.4175
"2908",2908,"Robert Prosinecki",1998,"Croatia",1.34,-0.08,0.71,-0.38,-0.11,-0.69,-0.12,-0.71,-0.96,-0.95,-0.62,-0.54,-0.22,-0.82,-0.92,-0.07,-1.4,-0.2025
"2909",2909,"Silvio Maric",1998,"Croatia",-0.42,-0.64,-0.66,-0.38,-1.22,-1.15,-0.53,-0.82,-0.99,-0.87,-0.68,-0.54,-0.57,-0.49,-0.1,-0.9,-1.97,-0.79
"2910",2910,"Slaven Bilic",1998,"Croatia",-0.42,0.04,-0.66,-0.2,0.27,0.23,0.91,0.89,0.05,-0.26,1.29,-0.44,0.14,0.16,0.73,-0.48,1.12,0.3425
"2911",2911,"Zvonimir Boban",1998,"Croatia",-0.42,0.88,0.16,0.59,0.36,-0.09,1.53,0.39,0.05,-0.1,-0.68,-0.39,0.14,0.98,0.73,0.88,0.3,0.4975
"2912",2912,"Zvonimir Soldo",1998,"Croatia",-0.42,-0.34,-0.38,-0.44,0.27,0.04,-0.74,-0.71,-0.01,0.32,1.4,0.8,1.2,1.14,-0.43,-0.13,-0.67,-0.4475
"2913",2913,"Allan Nielsen",1998,"Denmark",0.81,0.64,-0.27,0.28,0.38,-0.28,0.99,0.39,0.61,-0.13,-0.26,0.23,-0.75,-0.23,0.99,-0.29,0.11,0.2075
"2914",2914,"Brian Laudrup",1998,"Denmark",2.05,1.14,2.02,1.55,0.2,-0.32,5.02,2.77,-0.53,-0.74,-0.73,-0.54,-0.75,-0.92,0.99,2.29,2.45,2.3725
"2915",2915,"Ebbe Sand",1998,"Denmark",0.81,2.11,-0.66,1.21,-0.86,-1.08,-0.16,-0.88,-0.62,-1.03,-0.73,-0.54,0.74,-0.23,0.3,0.13,-1.96,-0.695
"2916",2916,"Jacob Laursen",1998,"Denmark",-0.42,-0.68,-0.66,-0.74,-1.41,-1,-0.74,-1.02,-0.99,-0.91,-0.58,-0.54,-0.75,-1.15,-0.85,-0.74,-2.02,-0.855
"2917",2917,"Jan Heintze",1998,"Denmark",-0.42,-0.68,-0.66,-0.74,0.38,0.48,-0.74,-0.88,1.46,0.59,0.92,0.41,-0.25,0,0.76,-0.9,-0.4,-0.45
"2918",2918,"Jes Hogh",1998,"Denmark",-0.42,-0.68,-0.27,-0.66,0.43,-0.17,-0.74,-0.17,-0.15,-0.06,2.96,1.77,0.24,-0.23,0.07,-0.56,-0.34,-0.3375
"2919",2919,"Marc Rieper",1998,"Denmark",0.81,-0.23,-0.66,0.87,-0.12,-0.21,-0.74,-0.74,-0.4,-0.11,2.41,0.63,0.49,0,-0.62,-0.23,-0.95,-0.5875
"2920",2920,"Martin Jorgensen",1998,"Denmark",0.81,0.45,1.26,0.95,0.64,0.71,0.99,1.37,1.05,-0.63,-0.26,-0.54,0,0.45,1.22,1.06,2.08,1.0825
"2921",2921,"Michael Laudrup",1998,"Denmark",0.81,1.69,-0.66,-0.32,0.99,-0.13,0.99,1.23,0.17,-0.21,-0.58,0.03,-0.75,-0.46,0.53,0.79,1.1,0.3575
"2922",2922,"Michael Schjönberg",1998,"Denmark",-0.42,-0.41,0.49,0.11,-0.3,-0.13,-0.45,-0.59,0.1,-0.22,0.21,-0.54,1.48,0.45,-0.16,0.02,-0.72,-0.17
"2923",2923,"Morten Wieghorst",1998,"Denmark",-0.42,-0.31,-0.66,0.61,-1.12,-1.08,-0.45,-0.88,-0.74,-1.03,-0.66,-0.54,0.24,-0.46,-0.85,-0.14,-1.96,-0.7675
"2924",2924,"Peter Møller",1998,"Denmark",0.81,-0.13,-0.66,-0.23,-1.4,-1.19,-0.74,-0.74,-0.99,-0.87,-0.73,-0.54,-0.25,0.23,-0.62,-0.83,-1.93,-0.8325
"2925",2925,"Peter Schmeichel",1998,"Denmark",-0.42,-0.68,-0.66,-0.74,0.11,1.85,-0.74,-0.88,-0.99,-1.03,-0.42,-0.54,-0.5,-1.15,-1.08,-0.81,0.97,-0.1075
"2926",2926,"Stig Töfting",1998,"Denmark",-0.42,-0.44,-0.66,-0.74,-1.14,-1.12,-0.45,-0.88,-0.65,-0.59,-0.66,-0.54,-0.75,0,-0.85,-0.9,-2,-0.7775
"2927",2927,"Sören Colding",1998,"Denmark",-0.42,-0.65,-0.27,-0.57,1.36,2.07,-0.74,0.67,1.2,-0.58,0.37,-0.54,-0.5,0.68,-0.16,-0.27,2.74,0.4325
"2928",2928,"Thomas Helveg",1998,"Denmark",0.81,-0.26,-0.66,-0.4,0.6,-0.02,-0.16,-0.31,0.49,2.12,-0.34,-0.54,-0.25,0.91,1.22,-0.07,-0.33,-0.2875
"2929",2929,"Alan Shearer",1998,"England",2.43,3.87,-0.22,3.76,0,-0.62,0.26,-0.53,-0.88,-0.53,-0.1,-0.54,4.97,2.55,4.51,1.93,-1.15,-0.2775
"2930",2930,"Darren Anderton",1998,"England",1,0.38,5.08,0.92,0.64,0.96,0.59,0.77,0.77,0.59,-0.46,-0.35,-0.46,0.44,-0.55,2.94,1.73,1.85
"2931",2931,"David Batty",1998,"England",-0.42,-0.62,-0.66,-0.74,0.71,0.35,-0.4,-0.37,0.36,0.74,-0.46,0.33,-0.75,-0.09,-0.02,-0.43,-0.02,-0.27
"2932",2932,"David Beckham",1998,"England",1,-0.1,1.11,-0.64,0.42,0,-0.74,-0.37,-0.24,-0.19,-0.46,-0.54,-0.75,-0.88,-0.29,0.47,-0.37,2.77555756156289e-17
"2933",2933,"David Seaman",1998,"England",-0.42,-0.68,-0.66,-0.74,-0.02,2.28,-0.74,-1.02,-0.99,-1.03,-0.46,-0.54,-0.75,-0.88,-1.08,-0.74,1.26,-0.0350000000000001
"2934",2934,"Gareth Southgate",1998,"England",-0.42,-0.68,-0.22,-0.74,-0.95,-0.49,-0.4,-0.85,-0.69,0.01,-0.1,-0.54,-0.46,-0.88,-1.08,-0.69,-1.34,-0.49
"2935",2935,"Gary Neville",1998,"England",-0.42,-0.68,-0.22,-0.35,-0.06,0.17,-0.4,-0.53,-0.88,-0.27,0.72,0.33,-0.75,-0.36,0.51,0.29,-0.36,-0.245
"2936",2936,"Graeme Le Saux",1998,"England",-0.42,-0.28,1.11,0.14,0.89,1.49,0.93,0.44,0.77,-0.23,-0.01,-0.08,-0.75,-0.36,-0.29,0.6,1.93,0.9925
"2937",2937,"Michael Owen",1998,"England",2.43,1.75,-0.66,0.92,-0.88,-1.14,2.25,0.44,-0.85,-1.03,-0.73,-0.54,-0.18,-1.15,2.11,0.68,-0.7,0.2225
"2938",2938,"Paul Ince",1998,"England",-0.42,-0.04,-0.66,-0.74,0.36,-0.44,0.26,-0.37,1.19,-0.2,0.17,-0.08,-0.46,-0.09,1.84,-0.36,-0.81,-0.3025
"2939",2939,"Paul Merson",1998,"England",-0.42,-0.68,-0.22,-0.74,-1.41,-1.1,-0.74,-0.85,-0.94,-0.92,-0.55,-0.54,-0.75,-1.15,-1.08,-0.51,-1.95,-0.7275
"2940",2940,"Paul Scholes",1998,"England",1,1.81,-0.22,1.31,0.17,-0.84,1.26,0.77,-0.14,-0.64,-0.64,-0.54,-0.46,-0.88,0.25,0.14,-0.07,0.2425
"2941",2941,"Sol Campbell",1998,"England",-0.42,-0.4,-0.22,-0.45,0.15,-0.35,2.59,-0.04,1.06,0.97,1.26,0.62,0.97,2.29,1.05,-0.3,-0.39,0.495
"2942",2942,"Teddy Sheringham",1998,"England",-0.42,-0.4,0.23,0.82,-0.58,-0.84,-0.74,-0.69,-0.99,-1.03,-0.73,0.25,0.11,-0.09,-0.82,0.5,-1.53,-0.51
"2943",2943,"Tony Adams",1998,"England",-0.42,0.2,-0.66,0.63,0.54,0.52,-0.74,-0.21,1.64,1.11,1.81,0.28,1.25,-0.09,0.25,-0.38,0.31,-0.2725
"2944",2944,"Alain Boghossian",1998,"France",-0.42,-0.42,-0.41,-0.35,-0.34,-0.71,-0.17,-0.65,0.36,0.01,-0.48,-0.54,-0.26,-0.4,-1.08,-0.37,-1.36,-0.485
"2945",2945,"Bernard Diomède",1998,"France",-0.42,-0.16,1.59,-0.35,-0.91,-0.74,-0.17,-0.19,-0.66,0.13,-0.68,-0.54,-0.42,-0.4,-0.18,0.71,-0.93,0.1225
"2946",2946,"Bixente Lizarazu",1998,"France",0.38,-0.01,-0.16,0.14,1.38,2.54,0.95,2.28,1.83,2.87,1.68,0.19,-0.42,0.79,1.47,0.23,4.82,1.4025
"2947",2947,"Christian Karembeu",1998,"France",-0.42,-0.59,-0.41,-0.24,-0.45,-0.04,-0.36,-0.19,-0.4,-0.37,-0.68,0.04,-0.59,-0.25,-0.78,-0.27,-0.23,-0.25
"2948",2948,"Christophe Dugarry",1998,"France",0.38,0.21,-0.16,0.03,-1.19,-1.13,-0.74,-0.65,-0.57,-0.65,-0.73,-0.54,-0.42,-0.55,-0.63,-0.4,-1.78,-0.67
"2949",2949,"David Trezeguet",1998,"France",0.38,1.53,-0.41,1.97,-1.17,-1.18,-0.36,-0.92,-0.62,-1.03,-0.73,-0.54,0.06,-0.55,-0.33,-0.09,-2.1,-0.7175
"2950",2950,"Didier Deschamps",1998,"France",-0.42,-0.18,0.09,-0.58,1.94,0.53,0.2,0.45,3.04,2.5,-0.22,-0.34,0.22,0.94,1.47,0.89,0.98,0.3175
"2951",2951,"Emmanuel Petit",1998,"France",1.19,0.2,0.84,-0.19,0.33,-0.09,0.02,-0.47,1.32,1.31,0.04,0.01,0.71,0.34,-0.33,0.61,-0.56,0.075
"2952",2952,"Fabien Barthez",1998,"France",-0.42,-0.68,-0.66,-0.74,-0.39,0.63,-0.74,-0.1,-0.82,-1.03,-0.68,-0.54,-0.59,-1.15,-0.63,-0.8,0.53,-0.2175
"2953",2953,"Frank Leboeuf",1998,"France",-0.42,-0.54,-0.66,-0.74,-0.89,-0.79,-0.74,-0.56,-0.39,0.06,-0.02,-0.54,-0.75,-0.7,-1.08,-0.84,-1.35,-0.6875
"2954",2954,"Laurent Blanc",1998,"France",0.38,-0.27,-0.66,-0.24,0.31,0.73,-0.55,0.45,-0.07,0.39,1.37,-0.54,2.97,-0.55,-0.33,-0.69,1.18,-0.00750000000000003
"2955",2955,"Lilian Thuram",1998,"France",1.19,-0.01,1.09,-0.24,1.15,2.24,1.52,2.83,1.66,1.6,0.75,0,1.03,-0.7,0.27,1.03,5.07,1.92
"2956",2956,"Marcel Desailly",1998,"France",-0.42,-0.45,-0.66,-0.46,0.85,0.95,0.2,-0.1,1.56,4.93,1.88,2.15,2,-0.25,-0.03,-0.9,0.85,0.0975
"2957",2957,"Patrick Vieira",1998,"France",-0.42,-0.37,-0.66,-0.52,-1.04,-0.89,-0.17,-0.83,-0.69,-0.06,-0.63,-0.34,-0.42,-0.4,-0.78,-0.65,-1.72,-0.6375
"2958",2958,"Robert Pires",1998,"France",-0.42,-0.33,0.34,-0.13,-1.02,-0.93,-0.17,-0.19,-0.45,-0.86,-0.68,-0.54,-0.59,-1,-0.78,-0.24,-1.12,-0.2375
"2959",2959,"Stephane Guivarch",1998,"France",-0.42,1,-0.16,1.19,-1.09,-1.06,-0.74,-0.56,-0.99,-0.71,-0.73,-0.54,0.55,-0.4,-0.63,-0.46,-1.62,-0.63
"2960",2960,"Thierry Henry",1998,"France",2,1.1,-0.41,2.02,-0.78,-0.98,1.52,0.54,0.25,0.32,-0.58,0.12,-0.26,0.94,-0.03,0.49,-0.44,0.1675
"2961",2961,"Vincent Candela",1998,"France",-0.42,-0.68,-0.66,-0.58,-0.98,-0.39,-0.55,-0.47,-0.63,0.34,-0.58,-0.54,-0.59,-0.7,-0.78,-0.58,-0.86,-0.5175
"2962",2962,"Youri Djorkaeff",1998,"France",0.38,2.48,1.59,1.97,0.61,0.06,1.33,1,0.29,0.1,-0.68,-0.54,0.06,0.64,1.62,2.6,1.06,0.995
"2963",2963,"Zinedine Zidane",1998,"France",1.19,1.41,1.09,0.75,0.8,0.28,1.14,1.27,-0.28,-0.25,-0.63,0.12,-0.1,0.2,0.42,2.19,1.55,0.945
"2964",2964,"Andreas Köpke",1998,"Germany",-0.42,-0.68,-0.66,-0.74,-0.23,1.35,-0.74,-1.02,-0.41,-1.03,-0.42,-0.54,-0.5,-1.15,-1.08,-0.81,0.33,-0.2675
"2965",2965,"Andreas Möller",1998,"Germany",0.81,0.01,0.11,-0.49,-0.12,-0.59,-0.45,-0.03,-0.49,-0.5,-0.73,-0.54,-0.75,-1.15,-0.16,-0.14,-0.62,-0.24
"2966",2966,"Christian Wörns",1998,"Germany",-0.42,-0.68,-0.27,-0.74,0.69,0.25,-0.16,-0.31,2.14,1.75,1.15,2.11,0,1.37,0.53,-0.72,-0.06,-0.1225
"2967",2967,"Christian Ziege",1998,"Germany",-0.42,-0.68,0.11,-0.49,-0.82,-0.21,-0.16,-0.31,0.31,0.01,-0.42,-0.54,-0.25,-0.46,-1.08,0.2,-0.52,-0.1425
"2968",2968,"Dietmar Hamann",1998,"Germany",-0.42,-0.34,0.49,-0.32,0.61,-0.09,-0.16,-0.03,2.03,1.47,-0.5,-0.54,0.24,2.06,1.92,0.85,-0.12,0.0525
"2969",2969,"Jens Jeremies",1998,"Germany",-0.42,-0.47,-0.66,-0.32,0.37,-0.09,0.42,0.67,2.34,1.33,-0.18,1.24,-0.25,1.37,0.07,-0.77,0.58,0.085
"2970",2970,"Joerg Heinrich",1998,"Germany",-0.42,-0.28,2.4,0.78,1.55,2.34,0.13,0.67,0.61,0.87,0.21,-0.54,0.99,0.45,1.68,1.28,3.01,1.385
"2971",2971,"Jürgen Klinsmann",1998,"Germany",3.29,1.37,-0.66,3.07,0.05,-0.97,-0.45,-0.59,-0.99,-0.52,-0.26,0.39,1.23,-0.23,0.76,0.88,-1.56,-0.6675
"2972",2972,"Jürgen Kohler",1998,"Germany",-0.42,-0.47,0.11,-0.49,0.58,0.21,-0.45,-0.03,1.28,1.7,1.15,-0.54,0.74,-0.23,0.07,0.16,0.18,-0.04
"2973",2973,"Lothar Matthäus",1998,"Germany",-0.42,-0.23,-0.27,-0.66,1.58,1.05,-0.74,1.37,1.66,0.61,0.37,2.07,-0.75,1.14,0.3,0.61,2.42,0.3525
"2974",2974,"Markus Babbel",1998,"Germany",-0.42,-0.68,-0.66,-0.74,-1.18,-0.81,-0.74,-1.02,-0.77,-0.61,-0.5,-0.54,-0.75,-1.15,-0.85,-0.7,-1.83,-0.8075
"2975",2975,"Michael Tarnat",1998,"Germany",-0.42,0.01,5.08,-0.57,0.58,1.28,0.7,-0.03,1.62,1.77,-0.26,-0.54,-0.25,0.45,-0.62,2.74,1.25,1.7575
"2976",2976,"Olaf Thon",1998,"Germany",-0.42,-0.55,0.49,-0.57,0.49,-0.4,-0.74,0.11,-0.41,0.55,0.37,-0.54,-0.25,-0.46,-0.62,0.25,-0.29,-0.135
"2977",2977,"Oliver Bierhoff",1998,"Germany",3.29,4.18,-0.27,7.39,-0.38,-0.81,-0.74,-0.59,-0.15,-0.2,-0.26,-0.54,1.98,1.83,1.68,0.97,-1.4,-0.6025
"2978",2978,"Stefan Reuter",1998,"Germany",-0.42,-0.68,-0.27,-0.74,-1,-0.7,-0.74,-0.74,-0.99,-0.52,-0.58,-0.54,-0.5,-0.69,-1.08,-0.74,-1.44,-0.6125
"2979",2979,"Thomas Helmer",1998,"Germany",-0.42,-0.68,-0.66,-0.57,-0.64,-0.85,-0.74,-0.31,0.13,1.18,-0.5,-0.54,-0.5,-1.15,-1.08,-0.68,-1.16,-0.64
"2980",2980,"Thomas Häßler",1998,"Germany",-0.42,-0.05,2.4,0.7,-0.1,-0.17,-0.45,0.25,0.17,0.31,-0.58,0.18,-0.25,0.45,0.53,2.52,0.08,0.5075
"2981",2981,"Ulf Kirsten",1998,"Germany",-0.42,-0.13,0.11,0.28,-1.34,-1.12,-0.74,-0.88,-0.7,-1.03,-0.73,-0.54,-0.25,-0.92,-0.39,-0.18,-2,-0.6575
"2982",2982,"Ahmad Abedzadeh",1998,"Iran",-0.42,-0.68,-0.66,-0.74,-0.71,0.48,-0.74,-1.02,-0.99,-1.03,-0.47,-0.54,-0.75,-1.15,-1.08,-0.9,-0.54,-0.485
"2983",2983,"Ali Daei",1998,"Iran",-0.42,2.17,-0.66,2.22,-0.26,-0.85,0.7,-0.55,-0.56,-0.5,-0.73,-0.54,4.62,6.86,1.61,0.3,-1.4,-0.34
"2984",2984,"Ali Mansourian",1998,"Iran",-0.42,-0.37,-0.66,-0.46,-1.07,-0.92,-0.74,-1.02,-0.89,-1.03,-0.73,-0.54,-0.75,0,-1.08,-0.9,-1.94,-0.835
"2985",2985,"Hamid Estili",1998,"Iran",1.64,0.37,-0.66,-0.32,0.58,-0.09,0.7,0.15,-0.31,-0.43,-0.21,-0.54,-0.33,1.9,-0.32,-0.9,0.06,0.025
"2986",2986,"Javad Zarincheh",1998,"Iran",-0.42,-0.59,-0.02,-0.46,0,0.8,-0.26,-0.08,-0.99,-0.29,0.71,0.13,-0.33,-0.39,-1.08,-0.19,0.72,0.11
"2987",2987,"Karim Bagheri",1998,"Iran",-0.42,0.86,-0.02,-0.04,1.21,0.41,0.22,1.09,-0.36,0.21,0.31,-0.2,1.32,2.29,1.22,0.04,1.5,0.425
"2988",2988,"Khodadad Azizi",1998,"Iran",-0.42,-0.41,1.26,-0.18,0.35,-0.22,5.02,0.86,-0.99,-0.6,-0.73,0.53,-0.33,0.38,0.84,1.57,0.64,1.73
"2989",2989,"Mehdi Mahdavikia",1998,"Iran",1.64,0.51,1.89,0.39,0.33,-0.16,1.18,1.79,-0.4,-0.41,0.05,-0.2,-0.33,0.76,0.84,1.35,1.63,1.175
"2990",2990,"Mehdi Pashazadeh",1998,"Iran",-0.42,-0.68,-0.66,-0.32,-0.08,0.29,0.7,-0.55,0.5,-0.25,3.2,-0.2,3.38,1.14,-1.08,-0.71,-0.26,-0.055
"2991",2991,"Mehrdad Minavand",1998,"Iran",-0.42,-0.28,-0.66,-0.04,0.53,0.67,0.7,1.09,0.3,0.11,-0.08,-0.54,-0.75,0.76,0.07,-0.9,1.76,0.45
"2992",2992,"Mohammad Khakpour",1998,"Iran",-0.42,-0.5,-0.02,-0.74,0.12,0.8,-0.74,0.62,-0.38,0.38,2.67,1.05,0.49,1.14,0.07,-0.56,1.42,0.165
"2993",2993,"Nader Mohammadkhani",1998,"Iran",-0.42,-0.68,-0.66,-0.46,-0.48,-0.09,-0.74,-0.55,-0.44,-0.56,1.23,1.25,0.08,-0.39,-0.7,-0.9,-0.64,-0.51
"2994",2994,"Nima Nakisa",1998,"Iran",-0.42,-0.68,-0.66,-0.74,-1.02,-0.22,-0.74,-1.02,-0.99,-1.03,-0.73,-0.54,-0.75,-1.15,-1.08,-0.9,-1.24,-0.66
"2995",2995,"Alessandro Costacurta",1998,"Italy",-0.42,-0.68,-0.66,-0.74,1.64,2.22,-0.74,1.09,0.13,0.12,2.29,1.13,0.65,0.14,-0.44,-0.33,3.31,0.4775
"2996",2996,"Alessandro Del Piero",1998,"Italy",-0.42,0.48,0.42,0.69,-0.95,-0.88,0.88,-0.49,-0.74,-0.57,-0.66,-0.54,-0.75,0.35,0.65,0.76,-1.37,-0.0175
"2997",2997,"Alessandro Nesta",1998,"Italy",-0.42,-0.68,-0.66,-0.66,-0.79,-0.59,-0.47,-0.88,1.08,0.55,0.59,0.55,0.88,-0.29,-0.65,-0.9,-1.47,-0.65
"2998",2998,"Angelo Di Livio",1998,"Italy",-0.42,-0.68,0.42,-0.66,-0.61,-0.7,0.07,0.17,-0.78,-0.91,-0.29,0.15,-0.75,-0.5,-0.65,-0.48,-0.53,-0.00999999999999998
"2999",2999,"Christian Vieri",1998,"Italy",5.38,2.84,-0.66,2.04,-0.35,-1.02,-0.2,-0.09,-0.99,-0.81,-0.44,-0.54,1.11,1.21,0.86,0.07,-1.11,-0.4925
"3000",3000,"Demetrio Albertini",1998,"Italy",-0.42,-0.5,-0.66,-0.66,0.26,-0.02,-0.47,-0.49,-0.36,0.15,-0.66,-0.54,-0.51,-0.29,0,-0.12,-0.51,-0.41
"3001",3001,"Dino Baggio",1998,"Italy",-0.42,0.16,-0.3,-0.42,-0.25,-0.34,-0.2,-0.49,0.32,-0.34,-0.07,-0.12,1.81,2.07,0.43,0.11,-0.83,-0.3325
"3002",3002,"Enrico Chiesa",1998,"Italy",-0.42,-0.43,-0.66,-0.66,-1.41,-1.05,-0.74,-0.75,-0.99,-1.03,-0.66,-0.54,-0.75,-1.15,-0.87,-0.73,-1.8,-0.8
"3003",3003,"Fabio Cannavaro",1998,"Italy",-0.42,-0.68,-0.66,-0.74,0.22,0.37,-0.74,-0.88,1.81,1.91,3.1,1.55,1.34,0.35,1.3,-0.86,-0.51,-0.4775
"3004",3004,"Filippo Inzaghi",1998,"Italy",-0.42,0.21,-0.66,-0.11,-1.42,-1.16,-0.74,-0.62,-0.78,-1.03,-0.73,-0.54,-0.05,-0.72,-0.65,-0.23,-1.78,-0.795
"3005",3005,"Francesco Moriero",1998,"Italy",-0.42,-0.33,0.42,0.13,-0.08,0.26,0.88,1.62,-0.01,-0.31,-0.22,-0.54,-0.28,0.35,1.3,1.06,1.88,0.795
"3006",3006,"Gianluca Pagliuca",1998,"Italy",-0.42,-0.68,-0.66,-0.74,-0.11,1.65,-0.74,-1.02,-0.99,-1.03,-0.59,-0.54,-0.75,-1.15,-0.65,-0.9,0.63,-0.1925
"3007",3007,"Gianluca Pessotto",1998,"Italy",-0.42,-0.58,-0.3,-0.74,-0.94,-0.8,-0.74,-0.75,-0.15,-0.1,-0.59,0.3,-0.51,-0.5,-0.87,-0.75,-1.55,-0.6475
"3008",3008,"Giuseppe Bergomi",1998,"Italy",-0.42,-0.68,-0.66,-0.74,-0.28,-0.41,-0.47,-0.88,-0.38,-0.1,1.26,2.29,-0.51,-0.29,-1.08,-0.9,-1.29,-0.605
"3009",3009,"Luigi Di Biagio",1998,"Italy",0.74,0.58,-0.66,0.05,1.4,0.66,0.34,0.43,0.34,0.91,0.15,0.74,0.65,2.07,-0.44,0.01,1.09,0.1925
"3010",3010,"Paolo Maldini",1998,"Italy",-0.42,-0.43,0.06,-0.19,0.92,1.55,1.15,0.43,2.49,1.24,1.7,-0.54,1.57,0.35,1.3,-0.18,1.98,0.7975
"3011",3011,"Roberto Baggio",1998,"Italy",1.9,2.67,0.06,0.29,-0.78,-0.8,1.15,0.43,-0.44,-0.54,-0.59,-0.54,-0.75,-1.15,0.65,0.68,-0.37,0.21
"3012",3012,"Roberto Di Matteo",1998,"Italy",-0.42,-0.5,-0.66,-0.5,-0.82,-1.05,-0.74,-1.02,-0.36,-0.62,-0.66,0.15,-0.75,-0.5,-1.08,-0.65,-2.07,-0.8675
"3013",3013,"Aaron Lawrence",1998,"Jamaica",-0.42,-0.68,-0.66,-0.74,-1.07,-0.28,-0.74,-1.02,-0.99,-0.77,-0.6,-0.54,-0.75,-1.15,-1.08,-0.9,-1.3,-0.675
"3014",3014,"Christopher Dawes",1998,"Jamaica",-0.42,-0.68,-0.66,-0.74,0.2,-0.22,-0.74,-0.31,-0.07,-0.59,-0.08,0.08,-0.75,0.76,-1.08,-0.9,-0.53,-0.4825
"3015",3015,"Darryl Powell",1998,"Jamaica",-0.42,-0.41,-0.66,-0.74,-0.51,-0.54,-0.74,-0.55,0.22,0.01,-0.6,-0.54,-0.33,0,-0.32,-0.79,-1.09,-0.6225
"3016",3016,"Deon Burton",1998,"Jamaica",-0.42,-0.2,-0.66,-0.04,-0.69,-1.17,-0.74,-0.78,-0.99,-1.03,-0.73,-0.54,-0.33,2.67,-0.32,-0.64,-1.95,-0.8375
"3017",3017,"Earle Robbie",1998,"Jamaica",1.64,0.07,-0.66,0.53,-1.07,-1.11,-0.74,-1.02,-0.99,-0.6,-0.6,-0.54,-0.75,-1.15,-1.08,-0.9,-2.13,-0.8825
"3018",3018,"Fitzroy Simpson",1998,"Jamaica",-0.42,-0.06,2.53,-0.32,1.54,0.1,-0.26,-0.55,0.46,1.33,-0.34,-0.54,-0.75,0.38,-0.32,1.16,-0.45,0.455
"3019",3019,"Frank Sinclair",1998,"Jamaica",-0.42,-0.68,-0.66,-0.74,1.85,2.51,-0.26,0.39,2.46,1.22,2.02,-0.54,0.08,0,0.45,-0.75,2.9,0.495
"3020",3020,"Ian Goodison",1998,"Jamaica",-0.42,-0.37,-0.66,0.67,1.7,0.22,-0.74,0.39,0.63,0.78,3.46,1.82,0.08,-0.77,-0.32,-0.9,0.61,-0.1975
"3021",3021,"Marcus Gayle",1998,"Jamaica",-0.42,-0.59,-0.66,-0.46,-1.29,-1.17,-0.74,-1.02,-0.72,-1.03,-0.73,-0.54,1.73,0,-0.7,-0.68,-2.19,-0.8975
"3022",3022,"Onandi Lowe",1998,"Jamaica",-0.42,-0.68,-0.66,-0.6,0.78,0.48,-0.74,-0.55,0.9,1.11,2.54,2.07,0.49,-0.77,1.61,-0.19,-0.0700000000000001,-0.3675
"3023",3023,"Paul Hall",1998,"Jamaica",-0.42,-0.68,1.89,0.11,-0.61,-0.85,1.18,0.39,-0.09,-0.85,-0.47,-0.54,-0.33,1.14,1.22,1.12,-0.46,0.6525
"3024",3024,"Peter Cargill",1998,"Jamaica",-0.42,-0.68,-0.66,-0.74,0.28,-0.79,-0.74,-0.78,-0.8,-0.42,-0.73,-0.54,-0.75,0,0.07,-0.71,-1.57,-0.7425
"3025",3025,"Ricardo Gardner",1998,"Jamaica",-0.42,0.37,0.62,-0.04,1.62,2.13,3.58,0.62,-0.45,1.39,-0.21,0.08,-0.75,0.38,0.84,1.35,2.75,1.7375
"3026",3026,"Stephen Malcolm",1998,"Jamaica",-0.42,-0.68,-0.66,-0.74,-0.36,-0.16,-0.74,-1.02,-0.8,-0.33,-0.21,-0.54,-0.75,0,-1.08,-0.9,-1.18,-0.645
"3027",3027,"Theodore Whitmore",1998,"Jamaica",3.7,0.94,-0.66,0.53,1.54,-0.28,2.62,2.49,-0.35,-0.35,-0.47,-0.54,-0.75,1.14,-0.7,0.04,2.21,1.0425
"3028",3028,"Walter Boyd",1998,"Jamaica",-0.42,-0.46,-0.02,-0.32,-1.32,-1.11,0.22,0.15,-0.54,-0.85,-0.73,-0.54,-0.75,0,-0.7,-0.6,-0.96,-0.19
"3029",3029,"Warren Barrett",1998,"Jamaica",-0.42,-0.68,-0.66,-0.74,-0.33,0.73,-0.74,-1.02,-0.99,-1.03,-0.6,-0.54,-0.75,-1.15,-1.08,-0.9,-0.29,-0.4225
"3030",3030,"Akira Narahashi",1998,"Japan",-0.42,0.37,0.62,0.39,0.53,0.73,0.22,-0.08,0.58,0.69,-0.6,0.65,0.08,0,1.22,0.19,0.65,0.3725
"3031",3031,"Eisuke Nakanishi",1998,"Japan",-0.42,-0.55,-0.66,-0.46,-0.13,-0.03,-0.26,0.39,1.06,-0.33,0.31,0.88,0.49,3.43,0.45,-0.56,0.36,-0.14
"3032",3032,"Hidetoshi Nakata",1998,"Japan",-0.42,0.46,1.26,0.39,1.39,0.6,2.14,0.62,0.07,0.49,-0.47,-0.54,0.08,0,4.3,1.8,1.22,1.155
"3033",3033,"Hiroshi Nanami",1998,"Japan",-0.42,0.29,1.26,-0.18,1.9,1.37,0.7,0.39,-0.19,-0.08,-0.47,0.06,-0.75,1.14,0.84,0.86,1.76,0.93
"3034",3034,"Masami Ihara",1998,"Japan",-0.42,-0.68,-0.66,-0.74,1.31,2,-0.74,-0.31,0.99,-0.08,1.49,3.5,0.49,0,0.07,-0.9,1.69,0.0725
"3035",3035,"Masashi Nakayama",1998,"Japan",1.64,1.34,0.62,1.94,-0.53,-0.98,-0.74,-0.78,-0.55,-0.68,-0.6,-0.54,0.08,3.43,1.22,0.64,-1.76,-0.47
"3036",3036,"Masayuki Okano",1998,"Japan",-0.42,-0.68,-0.02,-0.74,-1.47,-1.17,0.22,-1.02,-0.99,-1.03,-0.73,-0.54,-0.75,-1.15,-1.08,-0.86,-2.19,-0.4975
"3037",3037,"Motohiro Yamaguchi",1998,"Japan",-0.42,-0.28,-0.66,-0.74,2.15,1.49,-0.26,-0.08,0.02,1.46,-0.21,1.48,-0.33,1.9,-0.7,-0.38,1.41,0.1225
"3038",3038,"Naoki Soma",1998,"Japan",-0.42,-0.2,3.17,-0.04,1.14,1.37,-0.26,0.62,0.57,0.73,0.18,0.73,-0.33,0,0.84,1.57,1.99,1.225
"3039",3039,"Norio Omura",1998,"Japan",-0.42,-0.68,-0.66,-0.46,-0.64,-0.28,-0.74,-1.02,-0.6,-0.28,-0.47,-0.54,-0.33,0,-0.32,-0.9,-1.3,-0.675
"3040",3040,"Shoji Jo",1998,"Japan",-0.42,1.86,-0.66,2.51,-0.05,-0.66,0.22,0.15,-0.55,-1.03,-0.6,0.88,0.9,1.52,1.61,0,-0.51,-0.2375
"3041",3041,"Takashi Hirano",1998,"Japan",-0.42,-0.28,-0.66,0.39,-1.22,-0.98,-0.74,-0.55,-0.81,-1.03,-0.73,-0.54,-0.33,-0.77,-1.08,-0.71,-1.53,-0.7325
"3042",3042,"Wagner Lopes",1998,"Japan",-0.42,1.73,-0.66,0.81,-1.27,-1.17,-0.74,-0.78,-0.6,-1.03,-0.73,0.06,-0.75,-0.39,-0.7,-0.68,-1.95,-0.8375
"3043",3043,"Yoshikatsu Kawaguchi",1998,"Japan",-0.42,-0.68,-0.66,-0.74,-0.31,1.24,-0.74,-1.02,-0.99,-1.03,-0.34,-0.54,-0.75,-1.15,-1.08,-0.9,0.22,-0.295
"3044",3044,"Yutaka Akita",1998,"Japan",-0.42,-0.28,-0.66,-0.18,1.01,1.37,-0.74,-0.78,-0.63,0.49,1.23,-0.54,2.97,1.52,0.45,-0.83,0.59,-0.2025
"3045",3045,"Alberto Aspe",1998,"Mexico",1.12,3.1,-0.66,-0.64,1.26,0.34,-0.38,0.91,0.81,-0.07,-0.44,-0.54,-0.13,0.85,-0.8,0.08,1.25,0.0525
"3046",3046,"Braulio Luna",1998,"Mexico",-0.42,-0.61,-0.18,-0.11,-0.86,-0.57,-0.74,-0.14,0.1,-0.08,-0.34,-0.54,-0.75,-0.58,-0.8,-0.87,-0.71,-0.4075
"3047",3047,"Claudio Suárez",1998,"Mexico",-0.42,-0.48,-0.66,-0.74,1.64,0.34,-0.74,1.62,-0.14,1.08,1.72,0.64,1.11,-0.58,-0.22,-0.37,1.96,0.14
"3048",3048,"Cuauhtémoc Blanco",1998,"Mexico",1.12,1.33,1.73,2.86,0.14,-0.33,0.7,3.02,-0.05,-0.49,-0.73,-0.54,-0.75,0.57,4.11,3.4,2.69,1.28
"3049",3049,"Duilio Davino",1998,"Mexico",-0.42,-0.64,-0.66,-0.74,1.55,0.05,-0.02,0.04,2.15,-0.18,1.92,5.09,0.49,0,-0.51,-0.9,0.09,-0.1475
"3050",3050,"Germán Villa",1998,"Mexico",-0.42,-0.61,-0.18,-0.74,0.41,0,0.34,0.04,-0.73,0.85,-0.54,-0.54,-0.13,0.85,-0.51,-0.56,0.04,0.05
"3051",3051,"Jaime Ordiales",1998,"Mexico",-0.42,-0.15,-0.66,-0.42,-0.88,-1.04,-0.38,-0.84,-0.63,0.23,-0.54,-0.54,-0.44,-0.86,-0.8,-0.87,-1.88,-0.73
"3052",3052,"Jesús Arellano",1998,"Mexico",-0.42,0.05,0.3,0.64,-0.28,-0.52,2.86,1.27,-0.63,-0.68,-0.73,-0.54,-0.75,-1.15,0.36,1.15,0.75,0.9775
"3053",3053,"Joel Sánchez",1998,"Mexico",-0.42,-0.38,-0.66,-0.53,-0.16,0.05,-0.02,0.21,0.43,-0.78,0.45,-0.54,-0.44,-0.86,-0.51,-0.87,0.26,-0.105
"3054",3054,"Jorge Campos",1998,"Mexico",-0.42,-0.68,-0.66,-0.74,0.75,1.95,-0.74,-0.66,-0.99,-0.78,-0.73,-0.54,-0.44,-0.86,-1.08,-0.9,1.29,-0.0275
"3055",3055,"Juan Palencia",1998,"Mexico",-0.42,0.18,-0.18,-0.21,-1.15,-0.99,-0.38,-0.49,0.12,-0.25,-0.73,-0.54,-0.75,-0.86,-0.8,-0.84,-1.48,-0.51
"3056",3056,"Luis Hernández",1998,"Mexico",5.76,3.95,1.26,2.86,-0.64,-0.9,0.7,0.56,-0.99,-0.57,-0.64,-0.54,-0.13,0,1.51,1.04,-0.34,0.405
"3057",3057,"Marcelino Bernal",1998,"Mexico",-0.42,-0.32,-0.18,-0.74,-1,-0.8,-0.74,0.04,-0.41,-1.03,-0.44,-0.54,-0.44,-1.15,-0.22,-0.37,-0.76,-0.42
"3058",3058,"Pável Pardo",1998,"Mexico",-0.42,-0.68,-0.18,-0.64,0.56,1.05,-0.02,0.04,0.55,0.64,-0.14,-0.54,-0.75,-0.58,0.36,0.36,1.09,0.2225
"3059",3059,"Ramón Ramírez",1998,"Mexico",-0.42,0.21,2.21,0.11,0.98,0.67,0.7,2.84,1.78,0.14,-0.34,0.42,0.18,0,0.93,1.32,3.51,1.605
"3060",3060,"Raul Lara",1998,"Mexico",-0.42,-0.55,-0.66,-0.11,0.24,-0.28,-0.38,0.21,-0.05,0.35,-0.34,0.64,-0.44,-1.15,-0.8,-0.51,-0.07,-0.2775
"3061",3061,"Ricardo Peláez",1998,"Mexico",2.67,0.18,-0.66,0.53,-1.32,-0.99,-0.74,-0.84,-0.36,-1.03,-0.64,-0.54,0.18,-0.29,-1.08,-0.09,-1.83,-0.8075
"3062",3062,"Salvador Carmona",1998,"Mexico",-0.42,-0.68,-0.66,-0.74,-0.22,0.34,-0.38,-0.49,0.02,-0.52,-0.54,0.32,-0.13,-0.29,0.65,-0.45,-0.15,-0.2975
"3063",3063,"Abdeljalil Hadda",1998,"Morocco",3.7,0.42,0.62,1.94,-0.38,-0.92,1.18,-0.08,0.65,-0.21,-0.73,-0.54,1.32,1.14,-0.7,1.12,-1,0.2
"3064",3064,"Abdelkrim El Hadrioui",1998,"Morocco",-0.42,-0.59,-0.66,-0.74,1.09,2.51,0.7,0.62,0.07,1.82,0.45,-0.54,-0.33,0.38,-0.32,-0.79,3.13,0.7925
"3065",3065,"Abdellah Saber",1998,"Morocco",-0.42,-0.68,2.53,-0.6,1.7,2.32,0.7,1.32,1.74,1,1.1,-0.54,0.49,0.38,0.07,0.9,3.64,1.7175
"3066",3066,"Driss Benzekri",1998,"Morocco",-0.42,-0.68,-0.66,-0.74,0.15,1.62,-0.74,-0.55,-0.99,-1.03,-0.21,-0.54,-0.33,-1.15,-0.32,-0.68,1.07,-0.0825
"3067",3067,"Gharib Amzine",1998,"Morocco",-0.42,-0.41,-0.66,-0.74,-0.76,-0.79,-0.26,-0.55,-0.22,-0.02,-0.08,-0.54,0.08,-0.39,-0.32,-0.71,-1.34,-0.565
"3068",3068,"Lahcen Abrami",1998,"Morocco",-0.42,-0.63,-0.66,-0.74,-0.36,0.41,-0.26,0.15,-0.13,-1.03,0.18,1.32,-0.33,0,-0.32,-0.75,0.56,-0.09
"3069",3069,"Mustapha Hadji",1998,"Morocco",1.64,0.94,-0.66,0.11,0.78,0.67,4.06,2.26,0.16,-0.02,-0.6,-0.54,1.32,0.76,0.84,0.79,2.93,1.5825
"3070",3070,"Nourredine Naybet",1998,"Morocco",-0.42,-0.68,-0.66,-0.74,0.96,0.35,-0.26,-0.78,3.47,0.92,2.41,3.83,1.32,-0.77,-0.32,-0.86,-0.43,-0.3375
"3071",3071,"Said Chiba",1998,"Morocco",-0.42,-0.02,-0.66,-0.32,0,-0.66,0.7,-0.08,-0.5,0.92,-0.73,-0.54,-0.33,0.76,-0.32,-0.9,-0.74,-0.175
"3072",3072,"Salaheddine Bassir",1998,"Morocco",3.7,1.12,-0.02,3.5,0.63,-0.79,0.22,1.56,0.65,1,-0.6,-0.54,0.49,0.38,0.84,1.5,0.77,0.2425
"3073",3073,"Smahi Triki",1998,"Morocco",-0.42,-0.68,-0.66,-0.74,-0.97,-0.73,-0.74,-1.02,-0.99,-0.48,0.97,0.39,0.08,-0.77,-0.7,-0.9,-1.75,-0.7875
"3074",3074,"Tahar El-Khalej",1998,"Morocco",-0.42,-0.33,-0.66,-0.32,2.18,0.6,-0.26,1.09,0.85,1,0.18,1.32,-0.33,1.52,0.45,1.05,1.69,0.1925
"3075",3075,"Youssef Chippo",1998,"Morocco",-0.42,-0.11,-0.66,-0.74,1.29,0.16,-0.26,0.86,1.71,1.08,0.05,-0.54,0.08,1.14,-0.7,-0.83,1.02,0.025
"3076",3076,"Youssef Rossi",1998,"Morocco",-0.42,-0.68,-0.02,-0.74,0.28,0.86,-0.74,0.15,0.16,0.45,0.58,-0.54,-0.75,0.76,-1.08,-0.11,1.01,0.0625
"3077",3077,"Aron Winter",1998,"Netherlands",-0.42,-0.48,-0.66,-0.63,0.19,0.32,-0.15,-0.15,0.25,0.55,-0.31,-0.54,-0.41,-0.68,-0.77,-0.67,0.17,-0.16
"3078",3078,"Arthur Numan",1998,"Netherlands",-0.42,-0.55,0.91,-0.63,1.9,2.81,0.05,1.76,1.88,3.08,0.12,-0.13,0.1,-0.37,-0.61,0.92,4.57,1.3825
"3079",3079,"Boudewijn Zenden",1998,"Netherlands",0.42,-0.39,0.65,-0.22,-0.78,-0.43,0.64,1.09,-0.99,-0.83,-0.73,-0.54,-0.58,0.41,-0.46,0.85,0.66,0.4875
"3080",3080,"Clarence Seedorf",1998,"Netherlands",-0.42,0.22,0.65,0.07,0.2,-0.43,0.64,0.8,-0.75,0.59,-0.68,-0.54,-0.58,-0.52,-0.3,0.74,0.37,0.415
"3081",3081,"Dennis Bergkamp",1998,"Netherlands",2.11,1.56,0.13,2.55,-0.19,-0.87,0.44,-0.54,-0.12,-0.56,-0.68,-0.54,-0.07,0.88,0.8,1.92,-1.41,-0.21
"3082",3082,"Edgar Davids",1998,"Netherlands",0.42,-0.21,-0.13,-0.45,1.57,-0.27,2.01,1.28,4.29,1.83,-0.36,1.49,0.44,2.6,0.65,0.45,1.01,0.7225
"3083",3083,"Edwin van der Sar",1998,"Netherlands",-0.42,-0.68,-0.66,-0.74,0.67,2.78,-0.74,-0.73,-0.99,-1.03,-0.41,-0.54,-0.75,-1.15,-1.08,-0.9,2.05,0.1625
"3084",3084,"Frank de Boer",1998,"Netherlands",-0.42,0.06,-0.66,0.18,2.37,2.16,-0.34,2.05,1.97,1.39,1.3,0.78,0.44,0.1,0.02,0.71,4.21,0.8025
"3085",3085,"Jaap Stam",1998,"Netherlands",-0.42,-0.16,-0.66,-0.05,2.02,1,-0.34,0.71,1.99,1.34,2.22,0.9,2.97,1.04,-0.46,-0.85,1.71,0.1775
"3086",3086,"Jimmy Floyd Hasselbaink",1998,"Netherlands",-0.42,-0.46,-0.66,-0.39,-1.42,-1.18,-0.15,-0.92,-0.99,-1.03,-0.73,-0.54,-0.58,-0.84,-0.77,-0.82,-2.1,-0.7275
"3087",3087,"Marc Overmars",1998,"Netherlands",0.42,0.7,0.39,1.92,-0.16,-0.48,2.8,2.81,-0.03,1.04,-0.68,-0.54,-0.07,-0.21,0.96,1.09,2.33,1.38
"3088",3088,"Michael Reiziger",1998,"Netherlands",-0.42,-0.68,-0.4,-0.74,0.18,0.5,-0.15,-0.15,1.25,-0.38,0.02,0.1,-0.24,-0.06,-0.46,-0.5,0.35,-0.05
"3089",3089,"Patrick Kluivert",1998,"Netherlands",1.26,2.3,-0.13,1.92,-0.41,-0.87,0.25,-0.63,-0.11,-0.83,-0.68,-0.54,0.44,0.26,0.49,0.66,-1.5,-0.345
"3090",3090,"Philip Cocu",1998,"Netherlands",1.26,0.92,0.39,2.21,1.14,0.45,0.25,0.9,0.45,1.62,-0.2,-0.54,0.44,0.1,0.8,0.43,1.35,0.4975
"3091",3091,"Pierre van Hooijdonk",1998,"Netherlands",0.42,-0.07,-0.66,0.3,-1.33,-1.15,-0.74,-1.02,-0.79,-1.03,-0.73,-0.54,-0.58,-0.52,-0.93,-0.44,-2.17,-0.8925
"3092",3092,"Ronald de Boer",1998,"Netherlands",1.26,-0.03,1.43,0.53,1.46,1.98,2.8,2.24,1.27,0.07,-0.41,-0.54,0.27,-0.21,0.49,2.99,4.22,2.1125
"3093",3093,"Wim Jonk",1998,"Netherlands",-0.42,0.38,2.99,-0.51,2.12,0.89,-0.15,-0.06,0.98,1.04,-0.31,-0.13,-0.58,-0.06,-0.3,4.13,0.83,0.9175
"3094",3094,"Winston Bogarde",1998,"Netherlands",-0.42,-0.53,-0.66,-0.57,-1.4,-1.05,-0.74,-1.02,-0.76,-1.03,-0.63,-0.54,-0.58,-0.84,-0.93,-0.85,-2.07,-0.8675
"3095",3095,"Augustine Eguavoen",1998,"Nigeria",-0.42,-0.41,-0.66,-0.32,-0.92,-0.47,-0.74,-0.66,-0.27,-0.57,0.15,-0.54,-0.75,-0.58,-0.51,-0.9,-1.13,-0.6325
"3096",3096,"Ben Iroha",1998,"Nigeria",-0.42,-0.68,-0.66,-0.74,-0.94,-0.38,-0.74,-0.49,-0.75,-0.57,-0.54,0.24,-0.75,0.85,-1.08,-0.68,-0.87,-0.5675
"3097",3097,"Celestine Babayaro",1998,"Nigeria",-0.42,-0.48,-0.18,-0.74,1.34,1.86,-0.02,0.74,0.57,1.31,1.04,-0.54,-0.13,1.14,-0.51,-0.59,2.6,0.6
"3098",3098,"Daniel Amokachi",1998,"Nigeria",-0.42,-0.41,-0.66,0,-1,-1.09,0.34,-0.31,-0.39,-1.03,-0.73,-0.54,-0.44,-0.58,0.07,-0.11,-1.4,-0.43
"3099",3099,"Finidi George",1998,"Nigeria",-0.42,0.8,1.26,1.06,1.11,0.81,1.42,2.32,-0.05,1.03,-0.73,-0.54,-0.13,0.28,0.36,2.39,3.13,1.4525
"3100",3100,"Garba Lawal",1998,"Nigeria",-0.42,-0.32,3.64,0.32,0.41,0.34,0.34,1.62,0.08,-0.17,-0.44,-0.54,0.18,-1.15,0.65,2.41,1.96,1.485
"3101",3101,"Godwin Okpara",1998,"Nigeria",-0.42,-0.55,-0.66,-0.53,-1.11,-1.14,-0.74,-0.66,-0.51,-0.8,-0.64,-0.54,-0.75,-1.15,-1.08,-0.79,-1.8,-0.8
"3102",3102,"Jay-Jay Okocha",1998,"Nigeria",-0.42,0.9,1.26,0.42,1.13,0.81,3.94,3.72,0.03,-0.47,-0.73,-0.54,-0.75,-0.29,2.09,1.43,4.53,2.4325
"3103",3103,"Kanu",1998,"Nigeria",-0.42,0.31,-0.66,1.7,-0.2,-0.9,0.34,0.91,-0.44,-0.28,-0.54,-0.54,-0.75,-0.29,0.65,0.81,0.01,-0.0775
"3104",3104,"Mobi Oparaku",1998,"Nigeria",-0.42,-0.68,-0.66,-0.74,-1.15,-0.8,-0.74,-0.84,-0.43,-1.03,-0.05,-0.54,-0.13,-0.86,-0.8,-0.87,-1.64,-0.76
"3105",3105,"Mutiu Adepoju",1998,"Nigeria",1.12,-0.09,-0.18,-0.11,0.75,1.19,0.34,0.39,-0.27,0.1,0.94,2.23,1.73,1.14,-0.22,-0.39,1.58,0.435
"3106",3106,"Peter Rufai",1998,"Nigeria",-0.42,-0.68,-0.66,-0.74,-0.14,0.91,-0.74,-1.02,-0.99,-0.8,-0.34,-0.54,-0.44,-1.15,-0.8,-0.9,-0.11,-0.3775
"3107",3107,"Rasheed Yekini",1998,"Nigeria",-0.42,1.33,-0.18,0.95,-0.81,-0.85,-0.02,-0.31,-0.99,-0.57,-0.64,-0.54,-0.44,-0.58,-0.51,0.48,-1.16,-0.34
"3108",3108,"Sunday Oliseh",1998,"Nigeria",1.12,0.51,-0.66,-0.53,1,0,0.34,0.21,0.03,0.42,-0.24,-0.54,0.49,-0.86,-0.51,-0.34,0.21,-0.0275
"3109",3109,"Taribo West",1998,"Nigeria",-0.42,-0.25,-0.66,-0.21,0.73,0.29,-0.74,-0.31,0.83,1.07,1.72,1.35,1.11,-0.58,0.07,-0.9,-0.02,-0.355
"3110",3110,"Tijani Babangida",1998,"Nigeria",1.12,-0.25,-0.18,0.11,-0.98,-0.95,-0.02,-0.14,-0.99,-1.03,-0.54,-0.54,-0.75,-1.15,-0.8,0.06,-1.09,-0.3225
"3111",3111,"Uche Okafor",1998,"Nigeria",-0.42,-0.68,-0.66,-0.74,-1.05,-0.66,-0.74,-0.84,-0.99,-1.03,0.74,-0.54,-0.13,-1.15,-1.08,-0.62,-1.5,-0.725
"3112",3112,"Uche Okechukwu",1998,"Nigeria",-0.42,-0.09,-0.66,-0.53,-0.35,-0.47,-0.74,-0.49,0.01,0.6,1.04,3.58,0.8,0,-0.8,-0.87,-0.96,-0.59
"3113",3113,"Viktor Ikpeba",1998,"Nigeria",1.12,1.49,0.3,1.91,-0.69,-0.99,0.7,-0.14,-0.99,-0.34,-0.73,-0.54,0.18,-0.58,-0.51,1.29,-1.13,-0.0325
"3114",3114,"Wilson Oruma",1998,"Nigeria",1.12,-0.32,0.78,-0.64,-1.02,-0.99,-0.02,-0.66,-0.51,-0.57,-0.73,-0.54,-0.75,-0.58,-1.08,-0.45,-1.65,-0.2225
"3115",3115,"Dan Eggen",1998,"Norway",1.12,0.83,-0.66,0.21,-0.5,-0.04,-0.74,-1.02,-0.12,0.07,1.72,-0.34,2.04,-0.58,0.36,-0.76,-1.06,-0.615
"3116",3116,"Erik Mykland",1998,"Norway",-0.42,-0.55,1.26,0.32,-0.03,-0.14,0.34,-0.31,0.35,-0.18,-0.64,-0.54,-0.75,0,0.93,1.21,-0.45,0.2875
"3117",3117,"Frode Grodås",1998,"Norway",-0.42,-0.68,-0.66,-0.74,0.11,2.19,-0.74,-0.14,-0.99,-1.03,-0.64,-0.54,-0.44,-1.15,-0.8,-0.65,2.05,0.1625
"3118",3118,"Henning Berg",1998,"Norway",-0.42,0.41,1.26,0.64,0.83,1.86,-0.38,1.27,-0.26,-0.97,1.33,-0.15,1.11,0,-0.51,0.76,3.13,1.0025
"3119",3119,"Håvard Flo",1998,"Norway",1.12,0.93,1.26,1.8,-0.2,0,-0.38,-0.31,-0.99,-0.67,-0.05,-0.12,6.37,0.85,-0.51,1.6,-0.31,0.1425
"3120",3120,"Kjetil Rekdal",1998,"Norway",1.12,2.15,1.26,-0.74,1.51,0.86,-0.38,1.27,0.57,-0.03,-0.14,0.9,0.49,1.71,-1.08,1.77,2.13,0.7525
"3121",3121,"Mini Jakobsen",1998,"Norway",-0.42,-0.68,-0.66,-0.74,-1.45,-1.18,-0.38,-0.66,-0.99,-1.03,-0.73,-0.54,-0.75,-0.86,-0.8,-0.9,-1.84,-0.72
"3122",3122,"Ole Gunnar Solskjaer",1998,"Norway",-0.42,-0.05,-0.66,-0.32,-1.26,-0.9,-0.38,-1.02,-0.67,-0.91,-0.64,-0.54,-0.75,-0.86,-0.8,-0.14,-1.92,-0.74
"3123",3123,"Roar Strand",1998,"Norway",-0.42,-0.45,-0.18,0.42,-1.07,-1.04,0.34,-0.66,-0.9,-0.58,-0.64,-0.25,-0.44,-0.86,-0.8,-0.2,-1.7,-0.385
"3124",3124,"Ronny Johnsen",1998,"Norway",-0.42,-0.58,-0.66,-0.74,-0.54,-0.47,-0.74,0.21,-0.31,-0.22,1.63,0.38,1.11,-0.29,0.07,-0.79,-0.26,-0.415
"3125",3125,"Stale Solbakken",1998,"Norway",-0.42,0.28,-0.66,-0.21,-0.54,-0.61,-0.38,-0.31,-0.82,-0.66,-0.64,-0.54,1.11,-0.58,-0.8,0.2,-0.92,-0.49
"3126",3126,"Stig Inge Bjornebye",1998,"Norway",-0.42,-0.25,4.6,-0.74,0.71,2.52,-0.74,-1.02,-0.16,-0.19,2.02,-0.25,0.49,0.57,-0.22,3.15,1.5,1.34
"3127",3127,"Tore Andre Flo",1998,"Norway",1.12,1.16,1.73,4.24,-0.18,-0.8,1.78,0.91,-0.93,-0.79,-0.64,-0.54,0.8,1.43,2.09,2.25,0.11,0.905
"3128",3128,"Vidar Riseth",1998,"Norway",-0.42,-0.28,0.3,1.17,-0.75,-0.61,-0.02,0.21,-0.8,-0.62,-0.44,-0.54,0.8,0,-0.22,0.36,-0.4,-0.03
"3129",3129,"Øyvind Leonhardsen",1998,"Norway",-0.42,-0.22,-0.18,0.32,-0.66,-0.85,-0.74,0.04,-0.43,-0.49,-0.64,-0.54,-0.75,0.57,-0.51,-0.53,-0.81,-0.4325
"3130",3130,"Aristides Rojas",1998,"Paraguay",-0.42,0.32,-0.66,-0.45,-1.07,-1.01,-0.07,-0.69,-0.76,-0.96,-0.73,-0.54,0.4,-0.62,-0.55,-0.33,-1.7,-0.6075
"3131",3131,"Carlos Gamarra",1998,"Paraguay",-0.42,-0.01,-0.66,-0.35,0.28,0.39,-0.07,-0.53,0.96,0.78,4.35,4.31,1.82,-0.88,-0.55,-0.8,-0.14,-0.2175
"3132",3132,"Carlos Morales Santos",1998,"Paraguay",-0.42,-0.68,-0.66,-0.74,-1.41,-1.19,-0.74,-1.02,-0.99,-1.03,-0.73,-0.54,-0.75,-1.15,-0.55,-0.74,-2.21,-0.9025
"3133",3133,"Carlos Paredes",1998,"Paraguay",-0.42,-0.28,-0.66,-0.55,0.31,-0.53,0.26,-1.02,0.48,1.34,0.45,0.59,-0.46,0.17,0.25,-0.64,-1.55,-0.4875
"3134",3134,"Celso Ayala",1998,"Paraguay",1,0.2,-0.66,-0.06,-0.34,-0.35,-0.74,-0.37,0.2,1.25,5.62,5.58,2.11,0.96,1.31,-0.9,-0.72,-0.53
"3135",3135,"César Ramírez",1998,"Paraguay",-0.42,-0.34,-0.66,-0.45,-1.51,-1.23,-0.74,-0.85,-0.99,-1.03,-0.73,-0.54,-0.75,-0.09,-0.82,-0.9,-2.08,-0.87
"3136",3136,"Denis Caniza",1998,"Paraguay",-0.42,-0.68,-0.22,-0.25,-0.62,-0.22,-0.74,-0.85,-0.28,0.28,-0.1,-0.54,-0.75,0.96,-1.08,-0.38,-1.07,-0.5075
"3137",3137,"Francisco Arce",1998,"Paraguay",-0.42,-0.4,1.99,-0.55,0.77,1.27,-0.07,-0.04,-0.1,-0.27,-0.1,-0.3,-0.18,-0.62,-0.55,1.33,1.23,0.7875
"3138",3138,"Hugo Brizuela",1998,"Paraguay",-0.42,-0.43,-0.66,-0.25,-1.29,-1.1,-0.07,-0.53,-0.76,-0.58,-0.73,-0.54,-0.75,-1.15,0.25,-0.8,-1.63,-0.59
"3139",3139,"Jorge Campos",1998,"Paraguay",-0.42,-0.28,-0.66,-0.25,-1.07,-0.97,-0.74,-0.85,-0.19,-0.42,-0.55,-0.54,-0.46,0.44,0.25,-0.8,-1.82,-0.805
"3140",3140,"Jose Chilavert",1998,"Paraguay",-0.42,-0.4,-0.66,-0.74,-0.46,0.61,-0.4,0.12,-0.99,-0.84,-0.64,-0.54,-0.75,-1.15,-1.08,-0.3,0.73,-0.0825
"3141",3141,"José Cardozo",1998,"Paraguay",1,0.41,-0.22,0.33,-0.74,-0.97,-0.4,-0.85,-0.59,-1.03,-0.64,0.11,0.11,-0.09,-0.02,-0.1,-1.82,-0.61
"3142",3142,"Julio Enciso",1998,"Paraguay",-0.42,-0.59,-0.22,-0.74,0.68,0.39,-0.74,-0.37,1.38,1.75,0.63,2.05,0.4,-0.09,0.25,-0.33,0.02,-0.235
"3143",3143,"Julio Yegros",1998,"Paraguay",-0.42,-0.65,-0.22,-0.45,-0.97,-0.84,0.59,-0.21,-0.83,-1.03,-0.64,-0.54,-0.18,-0.62,-0.55,-0.36,-1.05,-0.17
"3144",3144,"Miguel Benítez",1998,"Paraguay",1,0.75,-0.66,0.82,-0.11,-0.31,2.59,1.25,-0.43,-0.7,-0.73,-0.3,-0.75,1.23,2.38,0.4,0.94,0.7175
"3145",3145,"Pedro Sarabia",1998,"Paraguay",-0.42,-0.68,-0.66,-0.64,0.28,0.61,-0.07,-0.21,1.71,0.03,2.26,0.52,0.11,0.17,-0.82,-0.69,0.4,-0.0825
"3146",3146,"Roberto Acuña",1998,"Paraguay",-0.42,-0.37,-0.66,-0.74,0.31,-0.14,-0.4,-0.69,0.1,0.39,0.45,2.07,-0.18,0.44,0.25,-0.02,-0.83,-0.4725
"3147",3147,"Adrian Ilie",1998,"Romania",1.12,2.05,0.3,1.48,-0.28,-0.47,3.22,2.67,-0.79,0.19,-0.64,-0.54,-0.44,0.28,1.51,0.48,2.2,1.43
"3148",3148,"Anton Dobos",1998,"Romania",-0.42,-0.68,-0.66,-0.74,-0.64,-0.9,-0.74,-1.02,-0.59,-0.65,-0.05,0.76,0.49,-0.29,-1.08,-0.9,-1.92,-0.83
"3149",3149,"Bogdan Stelea",1998,"Romania",-0.42,-0.68,-0.66,-0.74,-0.31,0.86,-0.74,-0.84,-0.99,-0.65,-0.34,-0.54,-0.75,-1.15,-1.08,-0.9,0.02,-0.345
"3150",3150,"Christian Dulca",1998,"Romania",-0.42,-0.68,-0.18,-0.74,-1.34,-0.99,-0.74,-1.02,-0.59,-0.65,-0.64,-0.54,-0.75,-0.58,-1.08,-0.7,-2.01,-0.7325
"3151",3151,"Constantin Galca",1998,"Romania",-0.42,-0.02,-0.66,-0.74,3.13,0.76,0.7,1.44,1.46,1.56,0.05,0.2,-0.44,0.28,1.51,-0.03,2.2,0.56
"3152",3152,"Dan Petrescu",1998,"Romania",1.12,-0.05,-0.66,0,1.36,0.95,0.34,0.04,1.25,2.05,0.15,-0.54,-0.13,0.28,-0.51,-0.28,0.99,0.1675
"3153",3153,"Dorinel Munteanu",1998,"Romania",-0.42,-0.48,0.3,-0.32,1.87,1.62,-0.38,1.27,0.04,1.77,-0.05,-0.54,-0.44,-0.29,0.36,0.03,2.89,0.7025
"3154",3154,"Gabi Popescu",1998,"Romania",-0.42,-0.32,-0.66,-0.53,-0.08,-0.8,-0.02,0.04,-0.37,-0.02,-0.54,-0.54,-0.13,-0.58,0.07,-0.28,-0.76,-0.36
"3155",3155,"Gheorghe Craioveanu",1998,"Romania",-0.42,-0.58,-0.66,-0.11,-1.32,-0.99,-0.38,-0.84,-0.99,-1.03,-0.73,-0.54,-0.75,-0.86,-1.08,-0.45,-1.83,-0.7175
"3156",3156,"Gheorghe Hagi",1998,"Romania",-0.42,0.7,2.69,0.32,0.71,0.72,4.3,2.84,0.67,0.77,-0.54,-0.54,-0.75,-0.29,2.95,2.13,3.56,2.6375
"3157",3157,"Gheorghe Popescu",1998,"Romania",-0.42,-0.58,-0.66,-0.74,1.93,1.05,-0.74,1.79,-0.79,1.95,1.43,2.11,-0.75,-0.29,-0.8,-0.73,2.84,0.36
"3158",3158,"Ilie Dumitrescu",1998,"Romania",-0.42,-0.32,-0.66,-0.53,-1.28,-1.14,-0.38,-0.49,-0.99,-1.03,-0.73,-0.54,-0.75,-1.15,-0.22,-0.9,-1.63,-0.6675
"3159",3159,"Iulian Filipescu",1998,"Romania",-0.42,-0.68,0.3,-0.53,0.9,0.34,0.34,1.79,1.55,0.77,1.63,-0.54,0.49,1.43,0.93,0,2.13,0.6925
"3160",3160,"Liviu Ciobotariu",1998,"Romania",-0.42,-0.18,-0.66,-0.32,1.34,0.24,-0.38,-0.31,1.73,1.32,2.51,1.55,1.11,0,0.36,-0.45,-0.07,-0.2775
"3161",3161,"Lucian Marinescu",1998,"Romania",-0.42,-0.68,-0.18,-0.32,-0.62,-0.66,-0.38,-0.66,0.87,-0.07,-0.73,-0.54,-0.13,-1.15,-0.22,-0.56,-1.32,-0.47
"3162",3162,"Marius Mihai Lacatus",1998,"Romania",-0.42,-0.68,-0.18,-0.21,-1.38,-1.18,-0.74,-0.84,-0.99,0.12,-0.73,-0.54,-0.75,-0.58,-0.22,-0.62,-2.02,-0.735
"3163",3163,"Ovidiu Stanga",1998,"Romania",-0.42,-0.51,-0.66,-0.64,-1.32,-1.14,-0.74,-1.02,-0.99,-1.03,-0.73,-0.54,-0.75,-0.86,-1.08,-0.7,-2.16,-0.89
"3164",3164,"Radu Niculescu",1998,"Romania",-0.42,-0.58,-0.66,-0.64,-1.17,-0.95,-0.74,-0.66,-0.58,-1.03,-0.73,-0.54,-0.75,-0.86,-0.51,-0.9,-1.61,-0.7525
"3165",3165,"Viorel Moldovan",1998,"Romania",2.67,1.26,-0.66,2.12,-0.56,-0.95,-0.74,-0.31,-0.54,-0.62,-0.73,-0.54,1.11,0.28,-0.51,0.17,-1.26,-0.665
"3166",3166,"Abdullah Zubromawi",1998,"Saudi Arabia",-0.42,-0.68,-0.66,-0.74,0.02,-0.79,-0.26,-0.78,1.55,3.62,3.2,1.43,0.08,-0.77,-0.7,-0.9,-1.57,-0.6225
"3167",3167,"Fahad Al-Mehallel",1998,"Saudi Arabia",-0.42,-0.68,-0.66,-0.32,-0.41,-0.79,-0.26,-0.55,-0.99,-0.83,-0.6,-0.54,-0.75,-0.77,-0.32,-0.64,-1.34,-0.565
"3168",3168,"Fuad Amin",1998,"Saudi Arabia",-0.42,-0.59,-0.66,-0.6,0.81,-0.03,-0.26,-0.31,0.4,2.23,0.84,0.15,0.08,1.14,0.45,-0.9,-0.34,-0.315
"3169",3169,"Hamzah Saleh",1998,"Saudi Arabia",-0.42,-0.41,-0.02,-0.46,0.35,-0.22,-0.74,-0.78,-0.38,-0.19,0.18,-0.54,-0.75,0,-1.08,-0.38,-1,-0.44
"3170",3170,"Hussein Al Sulaimani",1998,"Saudi Arabia",-0.42,-0.2,0.62,-0.74,0.91,0.73,1.18,2.49,1.03,0.67,1.36,-0.54,-0.75,-0.39,-0.7,-0.41,3.22,1.255
"3171",3171,"Ibrahim Al Shahrani",1998,"Saudi Arabia",-0.42,-0.46,0.62,-0.04,0,-0.47,-0.26,-0.31,-0.02,0.09,-0.47,-0.25,0.49,-0.39,2.38,-0.08,-0.78,-0.105
"3172",3172,"Ibrahim Al-Harbi",1998,"Saudi Arabia",-0.42,-0.28,-0.66,-0.46,-1.27,-1.11,-0.26,-0.78,-0.99,-0.57,-0.6,-0.54,-0.75,-1.15,-0.7,-0.9,-1.89,-0.7025
"3173",3173,"Kahlid Al Muwallid",1998,"Saudi Arabia",-0.42,-0.59,-0.66,-0.74,-0.51,-0.85,0.22,-0.08,0.46,1.57,-0.47,-0.54,-0.75,-0.39,-1.08,-0.38,-0.93,-0.3425
"3174",3174,"Khamis Al-Owairan Al-Dossari",1998,"Saudi Arabia",-0.42,-0.68,-0.66,-0.74,1.47,0.6,0.22,-0.31,1.25,0.27,0.97,0.15,-0.33,1.52,0.07,-0.86,0.29,-0.0375
"3175",3175,"Mohammed Al Khilaiwi",1998,"Saudi Arabia",-0.42,-0.68,-0.66,-0.74,-0.38,-0.85,-0.74,-0.78,1.36,-0.08,1.76,1.51,-0.33,-0.39,-0.7,-0.9,-1.63,-0.7575
"3176",3176,"Mohammed Al-Deayea",1998,"Saudi Arabia",-0.42,-0.68,-0.66,-0.74,-0.76,-0.09,-0.74,-1.02,-0.99,-1.03,0.05,-0.54,-0.75,-1.15,0.07,-0.9,-1.11,-0.6275
"3177",3177,"Mohammed Shaliyah Al Jahani",1998,"Saudi Arabia",-0.42,-0.68,2.53,-0.74,1.39,2,-0.74,0.15,0.52,1.4,2.28,-0.54,-0.33,-0.39,1.22,1.2,2.15,0.985
"3178",3178,"Nawaf Al Temyat",1998,"Saudi Arabia",-0.42,-0.59,-0.66,-0.6,-0.53,-0.41,-0.74,-0.78,-0.57,-0.42,-0.47,0.15,-0.75,-0.39,-0.32,-0.6,-1.19,-0.6475
"3179",3179,"Saeed Owairan",1998,"Saudi Arabia",-0.42,0.11,-0.66,-0.18,-0.79,-1.04,-0.74,-1.02,-0.54,-0.6,-0.47,-0.54,0.08,-0.77,-0.32,-0.49,-2.06,-0.865
"3180",3180,"Sami Al-Jaber",1998,"Saudi Arabia",1.64,3.35,0.62,0.95,-0.08,-0.92,1.66,0.86,-0.63,-0.4,-0.47,-0.54,-0.75,1.14,1.99,0.97,-0.0600000000000001,0.555
"3181",3181,"Yousif Nasser Al Thenaian",1998,"Saudi Arabia",1.64,3.31,-0.66,-0.6,-1.09,-1.11,-0.74,-1.02,-0.57,-0.83,-0.73,-0.54,-0.33,-1.15,0.07,-0.9,-2.13,-0.8825
"3182",3182,"Christian Dailly",1998,"Scotland",-0.42,0.07,0.62,0.81,0.2,0.03,3.1,2.96,0.46,0.36,0.84,1.21,2.14,0,2.38,-0.56,2.99,1.6775
"3183",3183,"Colin Calderwood",1998,"Scotland",-0.42,-0.68,-0.66,-0.6,0.07,0.41,-0.74,-0.78,-0.5,-0.56,0.31,0,-0.33,-1.15,0.07,-0.83,-0.37,-0.4425
"3184",3184,"Colin Hendry",1998,"Scotland",-0.42,-0.15,-0.66,0.95,0.45,0.29,-0.74,-0.78,1.55,0.51,2.67,1.05,4.21,-0.39,0.84,-0.9,-0.49,-0.4725
"3185",3185,"Craig Burley",1998,"Scotland",1.64,0.72,3.17,0.39,0.96,0.86,-0.26,0.62,0.47,-0.71,0.31,0,0.08,1.9,-0.7,1.76,1.48,1.0975
"3186",3186,"Darren Jackson",1998,"Scotland",-0.42,-0.55,-0.66,-0.6,-0.76,-0.92,-0.26,-0.78,-0.83,-1.03,-0.47,-0.54,-0.75,0.38,0.07,-0.83,-1.7,-0.655
"3187",3187,"David Weir",1998,"Scotland",-0.42,-0.68,-0.66,-0.74,-0.28,0.16,-0.74,0.39,1.38,-0.67,-0.08,-0.54,-0.33,-0.77,-0.32,-0.41,0.55,-0.2125
"3188",3188,"Gordon Durie",1998,"Scotland",-0.42,1.21,0.62,2.79,-0.13,-0.73,-0.26,-0.31,0.47,-0.67,-0.73,0,4.21,4.57,0.45,0.71,-1.04,-0.17
"3189",3189,"Jackie McNamara",1998,"Scotland",-0.42,-0.63,0.62,-0.6,-0.38,-0.41,-0.74,0.15,-0.62,-0.51,-0.6,-0.54,-0.75,-0.77,0.45,-0.23,-0.26,-0.095
"3190",3190,"Jim Leighton",1998,"Scotland",-0.42,-0.68,-0.02,-0.74,-0.18,1.37,-0.74,-1.02,-0.99,-1.03,-0.73,-0.54,-0.75,-1.15,-1.08,-0.53,0.35,-0.1025
"3191",3191,"John Collins",1998,"Scotland",1.64,4.14,-0.02,0.39,2.1,1.11,-0.74,-0.08,2.83,0.83,-0.73,-0.54,-0.75,-1.15,0.45,1.68,1.03,0.0675
"3192",3192,"Kevin Gallacher",1998,"Scotland",-0.42,0.72,0.62,2.37,-0.21,-0.79,-0.26,-0.78,0.25,-0.87,-0.73,-0.54,-0.33,-0.39,3.15,0.04,-1.57,-0.3025
"3193",3193,"Paul Lambert",1998,"Scotland",-0.42,-0.46,-0.02,-0.6,2.46,0.35,-0.26,-0.55,0.79,1.7,-0.34,-0.54,-0.33,-0.39,-0.32,0.07,-0.2,-0.12
"3194",3194,"Tom Boyd",1998,"Scotland",-0.42,-0.59,-0.02,-0.6,1.54,2.25,0.7,-0.31,2.25,0.31,1.23,-0.54,0.9,-0.77,-0.7,-0.41,1.94,0.655
"3195",3195,"Tosh Mckinlay",1998,"Scotland",-0.42,-0.68,-0.02,-0.74,-1.04,-0.6,-0.74,-0.78,-0.99,-0.67,-0.73,-0.54,-0.75,-0.77,-0.32,-0.41,-1.38,-0.535
"3196",3196,"Benni McCarthy",1998,"South Africa",1.64,1.07,-0.02,1.8,-0.53,-1.04,-0.26,-1.02,-0.43,-0.04,-0.6,-0.54,-0.33,0,0.45,-0.6,-2.06,-0.585
"3197",3197,"Brendan Augustine",1998,"South Africa",-0.42,-0.46,-0.66,-0.74,-0.84,-0.92,-0.74,-0.78,-0.99,-0.61,-0.47,-0.54,-0.33,0.38,0.07,-0.75,-1.7,-0.775
"3198",3198,"David Nyathi",1998,"South Africa",-0.42,-0.06,1.89,0.39,1.82,3.46,0.7,2.49,0.74,1.59,0.05,-0.54,0.49,1.14,0.45,0.79,5.95,2.135
"3199",3199,"Delron Buckley",1998,"South Africa",-0.42,-0.41,-0.66,-0.18,-1.22,-1.17,0.7,-0.78,0.01,-0.6,-0.6,-0.54,-0.75,-0.77,-1.08,-0.15,-1.95,-0.4775
"3200",3200,"Hans Vonk",1998,"South Africa",-0.42,-0.68,-0.66,-0.74,0.17,2.06,-0.74,-0.78,-0.99,-1.03,-0.6,-0.54,0.08,-1.15,-1.08,-0.86,1.28,-0.03
"3201",3201,"Helman Mkhalele",1998,"South Africa",-0.42,0.55,1.89,0.25,0.68,0.8,1.18,1.56,0.45,0.46,-0.73,1.74,-0.75,-0.77,0.07,1.65,2.36,1.3575
"3202",3202,"Jerry Sikhosana",1998,"South Africa",-0.42,-0.41,-0.66,-0.04,-1.24,-1.11,-0.74,-0.55,-0.99,-0.18,-0.73,-0.54,-0.75,-1.15,-0.7,-0.49,-1.66,-0.765
"3203",3203,"John Moshoeu",1998,"South Africa",-0.42,0.64,0.62,0.39,1.16,0.41,1.18,0.86,1.05,1.73,-0.21,3.06,-0.33,-0.77,0.45,0.67,1.27,0.7675
"3204",3204,"Lucas Radebe",1998,"South Africa",-0.42,-0.33,0.62,-0.46,1.52,1.3,-0.74,0.15,2.17,0.91,1.1,1.27,1.73,0.76,-0.32,0.82,1.45,0.3325
"3205",3205,"Mark Fish",1998,"South Africa",-0.42,-0.55,-0.02,0.11,2.08,2.51,-0.74,2.26,-0.85,1.53,1.76,4.63,0.08,-0.39,-1.08,0.19,4.77,1.0025
"3206",3206,"Philemon Masinga",1998,"South Africa",-0.42,-0.68,-0.66,-0.32,-1.02,-1.17,-0.74,-1.02,-0.99,-0.61,-0.6,-0.54,0.08,0.76,-1.08,-0.9,-2.19,-0.8975
"3207",3207,"Pierre Issa",1998,"South Africa",-0.42,0.42,-0.66,-0.18,1.09,0.1,0.22,1.56,4.76,0.03,0.97,2.69,2.14,1.14,0.07,-0.79,1.66,0.305
"3208",3208,"Quinton Fortune",1998,"South Africa",-0.42,-0.37,1.26,-0.74,0.86,0.35,0.7,0.86,1.57,1.16,-0.6,-0.54,-0.33,2.29,2.38,0.94,1.21,0.7925
"3209",3209,"Shaun Bartlett",1998,"South Africa",3.7,4.36,-0.02,2.51,-0.94,-0.98,-0.74,-0.55,-0.99,-0.6,-0.73,-0.07,0.49,0,-1.08,0.45,-1.53,-0.5725
"3210",3210,"Willem Jackson",1998,"South Africa",-0.42,-0.68,-0.66,-0.74,-0.64,-0.47,0.22,-0.08,0.05,-0.89,0.58,-0.54,-0.75,0.76,-0.7,-0.79,-0.55,-0.2475
"3211",3211,"Byung-Ji Kim",1998,"South Korea",-0.42,-0.68,-0.66,-0.74,-0.31,1.37,-0.26,-1.02,-0.99,-1.03,-0.34,-0.54,0.08,-1.15,-1.08,-0.9,0.35,-0.1425
"3212",3212,"Choi Yong-Soo",1998,"South Korea",-0.42,1.21,-0.02,1.09,-0.59,-0.98,0.7,-0.55,-0.89,-1.03,-0.6,-0.54,0.9,0.76,0.45,0.34,-1.53,-0.2125
"3213",3213,"Do-Hoon Kim",1998,"South Korea",-0.42,0.42,-0.66,0.39,-0.66,-1.04,-0.74,-1.02,-0.89,-0.86,-0.6,-0.54,0.9,1.14,-0.7,0.3,-2.06,-0.865
"3214",3214,"Do-Keun Kim",1998,"South Korea",-0.42,-0.68,-0.02,-0.46,0.12,-0.54,0.7,-0.08,0.08,-0.43,-0.6,1.24,-0.75,0,-0.32,-0.11,-0.62,0.015
"3215",3215,"Ha Seok-Ju",1998,"South Korea",1.64,-0.33,-0.02,-0.74,-0.46,-0.09,0.22,-0.78,0.25,-0.44,0.18,-0.54,0.9,1.14,-0.7,-0.08,-0.87,-0.1675
"3216",3216,"Hynug-Seok Jang",1998,"South Korea",-0.42,-0.59,-0.66,-0.74,-1.04,-0.98,-0.74,-0.78,-0.82,-0.86,0.58,0.61,-0.33,-0.77,-0.32,-0.9,-1.76,-0.79
"3217",3217,"Jung-Won Seo",1998,"South Korea",-0.42,-0.28,-0.02,0.11,-0.86,-0.98,0.22,0.62,-0.99,-0.93,-0.73,-0.54,0.08,-0.77,0.07,-0.38,-0.36,-0.04
"3218",3218,"Jung-Yoon Noh",1998,"South Korea",-0.42,-0.68,-0.66,-0.74,-0.89,-1.17,-0.74,-0.55,-0.46,-0.69,-0.73,-0.54,-0.33,-1.15,0.07,-0.9,-1.72,-0.78
"3219",3219,"Lim-Saeng Lee",1998,"South Korea",-0.42,-0.68,-0.66,-0.74,-1.27,-1.04,-0.26,-1.02,-0.99,-1.03,0.45,-0.54,0.08,-0.77,-0.7,-0.9,-2.06,-0.745
"3220",3220,"Min-Sung Lee",1998,"South Korea",-0.42,-0.2,0.62,-0.32,0.61,0.86,-0.74,-0.08,0.28,-0.26,2.15,0.12,0.9,1.52,0.07,-0.38,0.78,0.165
"3221",3221,"Myung-Bo Hong",1998,"South Korea",-0.42,-0.37,-0.02,-0.74,1.39,1.3,0.22,0.62,-0.23,0.55,1.89,3.19,-0.75,0,-1.08,0.34,1.92,0.53
"3222",3222,"Sang-Chul Yoo",1998,"South Korea",1.64,0.29,-0.02,-0.04,1.54,1.75,0.22,0.39,0.63,3.22,0.05,0.91,0.08,0.38,0.45,-0.15,2.14,0.585
"3223",3223,"Sang-Hun Lee",1998,"South Korea",-0.42,-0.68,-0.02,-0.74,-0.94,-0.85,-0.74,-0.55,-0.1,-0.18,0.97,-0.54,1.73,-0.77,0.07,-0.56,-1.4,-0.54
"3224",3224,"Sang-Yoon Lee",1998,"South Korea",-0.42,0.29,-0.02,0.25,-0.18,-0.6,0.22,-0.31,-0.51,-1.03,-0.34,-0.54,0.9,-0.77,-0.32,0.6,-0.91,-0.1775
"3225",3225,"Sung-yong Choi",1998,"South Korea",-0.42,-0.55,0.62,-0.74,-0.64,-0.28,-0.74,-0.78,-0.71,-0.6,0.18,-0.54,-0.75,-1.15,-1.08,0.07,-1.06,-0.295
"3226",3226,"Tae-Young Kim",1998,"South Korea",-0.42,-0.59,-0.02,-0.74,0.28,0.54,-0.26,-1.02,-0.09,0.49,0.97,0.91,0.49,-0.39,1.61,-0.68,-0.48,-0.19
"3227",3227,"Yong-Soo Ko",1998,"South Korea",-0.42,-0.55,0.62,0.39,-0.61,-0.66,-0.26,-0.55,-0.64,-0.69,-0.47,0.91,0.49,-0.39,-1.08,0.3,-1.21,-0.2125
"3228",3228,"Young Il Choi",1998,"South Korea",-0.42,-0.68,-0.66,-0.74,-1.04,-0.98,-0.74,-0.78,-0.79,-0.84,0.31,-0.2,-0.33,-0.39,-0.32,-0.9,-1.76,-0.79
"3229",3229,"Albert Celades",1998,"Spain",-0.42,-0.37,0.62,-0.6,-0.84,-0.54,-0.74,-1.02,-0.99,-0.58,-0.73,-0.54,-0.75,-1.15,-1.08,0.52,-1.56,-0.42
"3230",3230,"Albert Ferrer",1998,"Spain",-0.42,-0.68,0.62,-0.74,-0.64,0.1,-0.74,-1.02,0.43,0.32,-0.6,-0.54,-0.75,-0.77,-1.08,-0.26,-0.92,-0.26
"3231",3231,"Amor",1998,"Spain",-0.42,-0.06,-0.02,-0.6,2.38,1.05,0.22,-0.31,1.15,1.86,-0.47,1.26,-0.75,2.29,0.07,0.11,0.74,0.235
"3232",3232,"Andoni Zubizarreta",1998,"Spain",-0.42,0.02,-0.66,-0.46,-0.26,1.43,-0.74,-1.02,-0.52,-1.03,-0.34,-0.54,-0.75,-1.15,-0.7,-0.49,0.41,-0.2475
"3233",3233,"Carlos Aguilera",1998,"Spain",-0.42,-0.46,1.26,0.11,0.45,1.68,2.14,1.09,-0.54,1.33,-0.21,4.85,-0.33,0.76,2.38,1.16,2.77,1.5425
"3234",3234,"Etxeberria",1998,"Spain",-0.42,0.07,5.08,1.09,-0.43,0.03,1.18,1.79,-0.52,0.99,-0.73,1.26,-0.33,0.38,0.84,2.96,1.82,2.02
"3235",3235,"Fernando Hierro",1998,"Spain",3.7,4.4,0.62,-0.04,3.06,2.95,0.22,2.73,5.33,2.13,0.18,1.26,2.97,0.38,0.07,2.13,5.68,1.63
"3236",3236,"Fernando Morientes",1998,"Spain",3.7,1.6,-0.66,1.94,-0.97,-1.11,0.7,-0.55,-0.54,-0.16,-0.73,0.93,0.08,0,0.07,0.3,-1.66,-0.405
"3237",3237,"Fernández Abelardo",1998,"Spain",-0.42,-0.68,-0.66,-0.74,-0.69,-0.47,-0.74,-0.55,-0.99,0.03,-0.34,-0.54,0.08,-0.77,-1.08,-0.9,-1.02,-0.605
"3238",3238,"Iván Campo",1998,"Spain",-0.42,-0.68,-0.66,-0.74,-0.69,-0.22,-0.74,-0.31,0.9,0.78,-0.21,-0.54,-0.33,0,-1.08,-0.9,-0.53,-0.4825
"3239",3239,"Juan Antonio Pizzi",1998,"Spain",-0.42,-0.15,-0.02,0.53,-1.32,-1.23,-0.74,-0.78,-0.99,-1.03,-0.6,-0.54,-0.75,-0.39,-0.32,0.04,-2.01,-0.6925
"3240",3240,"Kiko",1998,"Spain",1.64,2.69,-0.02,2.22,-0.28,-0.73,-0.74,-0.78,-0.52,0.32,-0.73,-0.54,0.9,0,0.45,1.38,-1.51,-0.5675
"3241",3241,"Luis Enrique",1998,"Spain",1.64,2.13,-0.02,3.5,0.86,0.1,3.58,2.26,0.51,1.44,-0.73,-0.54,0.49,0.38,1.61,2.66,2.36,1.48
"3242",3242,"Miguel Ángel Nadal",1998,"Spain",-0.42,-0.5,-0.66,-0.74,0.4,-0.09,-0.74,-0.78,-0.52,1.17,1.23,3.93,0.9,-0.77,-0.32,-0.9,-0.87,-0.5675
"3243",3243,"Perez Munoz Alfonso",1998,"Spain",-0.42,-0.28,-0.66,0.67,-0.31,-1.04,-0.74,-1.02,-0.07,1.17,-0.73,-0.54,-0.33,0.38,0.84,-0.9,-2.06,-0.865
"3244",3244,"Rafael Alkorta",1998,"Spain",-0.42,-0.55,-0.66,-0.46,0.66,0.86,-0.26,0.86,0.86,5.45,0.45,0.99,2.55,-0.39,-0.32,-0.9,1.72,0.2
"3245",3245,"Raúl",1998,"Spain",1.64,3.13,1.89,2.37,0.05,0.1,0.22,-0.08,0.92,0.29,-0.6,-0.54,-0.33,-1.15,0.07,3.56,0.02,0.5325
"3246",3246,"Sergi",1998,"Spain",-0.42,-0.37,0.62,0.25,1.7,2.7,-0.26,0.86,2.22,2.15,0.71,1.26,-0.75,0.76,-1.08,-0.68,3.56,0.98
"3247",3247,"Adel Sellimi",1998,"Tunisia",-0.42,-0.68,1.26,1.09,-0.41,-0.6,0.7,0.15,-0.56,-0.74,-0.6,-0.54,0.49,0.76,2.38,1.01,-0.45,0.3775
"3248",3248,"Chokri El-Ouaer",1998,"Tunisia",-0.42,-0.68,-0.66,-0.74,-0.21,1.37,-0.26,-0.78,-0.99,-0.67,0.05,-0.54,0.08,-1.15,-0.7,-0.9,0.59,-0.0825
"3249",3249,"Ferid Chouchane",1998,"Tunisia",-0.42,-0.68,-0.66,-0.74,-0.26,0.03,-0.26,-0.31,-0.39,0.42,1.76,-0.54,0.08,-0.77,-0.7,-0.9,-0.28,-0.3
"3250",3250,"Hatem Trabelsi",1998,"Tunisia",-0.42,-0.68,-0.66,-0.74,-0.76,-0.73,-0.74,-0.78,-0.38,-0.44,-0.21,-0.54,-0.75,-0.39,-1.08,-0.9,-1.51,-0.7275
"3251",3251,"Imed Ben Younes",1998,"Tunisia",-0.42,-0.28,-0.66,-0.46,-1.42,-1.23,-0.74,-0.55,-0.99,-0.74,-0.73,-0.54,-0.75,-0.77,-0.32,-0.9,-1.78,-0.795
"3252",3252,"José Clayton",1998,"Tunisia",-0.42,-0.15,1.89,-0.74,-0.36,0.22,-0.74,-0.08,0.07,-0.02,0.31,0.46,-0.75,-0.77,0.07,0.64,0.14,0.3225
"3253",3253,"Kaies Ghodhbane",1998,"Tunisia",-0.42,0.29,-0.66,-0.46,0.17,-0.09,-0.74,-0.08,-0.74,1.5,-0.21,-0.54,-0.75,0.38,-1.08,-0.83,-0.17,-0.3925
"3254",3254,"Khaled Badra",1998,"Tunisia",-0.42,-0.24,-0.66,-0.32,-0.71,-0.47,-0.74,-0.31,0.55,-0.15,1.36,0.46,-0.33,0.38,-1.08,-0.9,-0.78,-0.545
"3255",3255,"Mehdi Ben Slimane",1998,"Tunisia",-0.42,0.86,-0.02,1.52,-0.69,-1.04,1.18,1.32,-0.87,-0.91,-0.73,-0.54,0.49,2.29,1.22,0.19,0.28,0.36
"3256",3256,"Mounir Boukadida",1998,"Tunisia",-0.42,-0.68,-0.66,-0.74,-0.41,-0.16,-0.74,-0.55,0.62,0.28,0.84,2.44,-0.33,0.38,0.07,-0.9,-0.71,-0.5275
"3257",3257,"Riadh Bouazizi",1998,"Tunisia",-0.42,0.46,-0.66,-0.04,-0.28,-0.03,-0.74,-0.78,-0.07,-0.09,0.18,1.31,-0.33,0,-1.08,-0.6,-0.81,-0.5525
"3258",3258,"Riadh Jelassi",1998,"Tunisia",-0.42,-0.68,-0.66,-0.74,-1.42,-1.11,-0.74,-1.02,-0.99,-1.03,-0.73,-0.54,-0.33,-1.15,-0.7,-0.6,-2.13,-0.8825
"3259",3259,"Sami Trabelsi",1998,"Tunisia",-0.42,-0.06,-0.66,0.11,-0.36,-0.09,-0.74,-0.08,0.71,1.42,2.54,-0.54,2.55,4.19,0.84,-0.9,-0.17,-0.3925
"3260",3260,"Sirajeddine Chihi",1998,"Tunisia",-0.42,-0.24,-0.02,0.53,1.21,0.54,-0.26,0.62,0.23,0.83,0.45,-0.13,0.08,1.52,0.07,-0.08,1.16,0.22
"3261",3261,"Skander Souayah",1998,"Tunisia",1.64,4.45,1.89,-0.04,1.29,0.54,-0.26,2.03,0.64,-0.55,-0.47,-0.54,-0.75,0,0.07,2.43,2.57,1.05
"3262",3262,"Tarek Thabet",1998,"Tunisia",-0.42,-0.55,0.62,-0.04,-0.53,0.41,-0.26,-0.08,-0.87,-0.7,-0.47,-0.54,-0.33,-0.77,-0.7,0.49,0.33,0.1725
"3263",3263,"Zoubéir Baya",1998,"Tunisia",-0.42,0.24,-0.02,0.11,0.02,0.29,-0.74,1.56,0.15,0.66,-0.34,-0.13,-0.75,0.38,-0.7,0,1.85,0.2725
"3264",3264,"Brad Friedel",1998,"USA",-0.42,-0.68,-0.66,-0.74,-1.09,-0.28,-0.74,-1.02,-0.99,-1.03,-0.73,-0.54,-0.75,-1.15,-0.7,-0.9,-1.3,-0.675
"3265",3265,"Brian Maisonneuve",1998,"USA",-0.42,-0.24,-0.02,-0.18,0.45,-0.16,-0.74,0.15,1.24,0.36,-0.47,-0.54,-0.75,-0.39,-0.32,-0.04,-0.01,-0.1925
"3266",3266,"Brian McBride",1998,"USA",1.64,0.02,-0.66,4.34,-0.74,-1.11,-0.74,-0.78,-0.99,-0.11,-0.73,-0.54,3.79,0.38,0.84,1.05,-1.89,-0.8225
"3267",3267,"Chad Deering",1998,"USA",-0.42,-0.59,-0.66,-0.74,-1.09,-0.98,-0.74,-1.02,-0.33,-0.61,-0.47,-0.54,0.08,0,-0.32,-0.6,-2,-0.85
"3268",3268,"Claudio Reyna",1998,"USA",-0.42,1.69,2.53,1.38,2.94,0.67,0.7,2.96,-0.36,2.62,-0.47,-0.54,-0.33,1.52,2.38,2.77,3.63,1.715
"3269",3269,"Cobi Jones",1998,"USA",-0.42,0.72,2.53,0.81,0.93,0.67,1.18,2.96,0.24,0.52,-0.6,-0.54,-0.33,0,1.99,1.46,3.63,1.835
"3270",3270,"David Regis",1998,"USA",-0.42,-0.5,-0.02,0.11,1.19,0.99,-0.74,1.32,-0.17,1.59,2.67,1.98,0.49,1.14,1.61,0.19,2.31,0.3875
"3271",3271,"Earnie Stewart",1998,"USA",-0.42,-0.11,0.62,0.39,0.66,-0.03,-0.26,-0.55,-0.43,0.17,-0.73,-0.54,0.49,-0.77,0.84,0.64,-0.58,-0.055
"3272",3272,"Eddie Pope",1998,"USA",-0.42,-0.68,-0.66,-0.74,0.25,0.16,-0.74,-0.78,0.34,0.25,0.97,-0.54,0.49,1.14,1.22,-0.9,-0.62,-0.505
"3273",3273,"Eric Wynalda",1998,"USA",-0.42,-0.68,-0.02,-0.74,-1.12,-1.11,0.22,0.15,-0.99,-0.43,-0.6,-0.54,-0.33,0,-0.7,-0.6,-0.96,-0.19
"3274",3274,"Frankie Hejduk",1998,"USA",-0.42,0.77,0.62,1.09,0.78,0.29,1.18,2.73,2.99,0.04,-0.21,1.27,-0.33,-0.77,2.76,-0.3,3.02,1.205
"3275",3275,"Joe-Max Moore",1998,"USA",-0.42,0.81,3.17,0.81,0.71,0.22,-0.74,1.79,2.06,-0.5,-0.73,-0.54,-0.33,0,-0.32,1.76,2.01,1.11
"3276",3276,"Kasey Keller",1998,"USA",-0.42,-0.68,-0.66,-0.74,-0.66,0.48,-0.74,-0.78,-0.99,-1.03,-0.47,-0.54,-0.75,-1.15,-1.08,-0.9,-0.3,-0.425
"3277",3277,"Mike Burns",1998,"USA",-0.42,-0.68,-0.66,-0.6,0.2,0.48,-0.74,-0.31,0.65,-0.25,0.05,0.79,-0.33,0,-0.7,-0.41,0.17,-0.3075
"3278",3278,"Preki Radosavljevic",1998,"USA",-0.42,0.07,-0.02,-0.18,-0.86,-0.85,0.22,-0.08,-0.58,-1.03,-0.73,-0.54,-0.75,-1.15,-0.7,-0.19,-0.93,-0.1825
"3279",3279,"Roy Wegerle",1998,"USA",-0.42,-0.68,-0.02,-0.18,-0.71,-1.11,-0.74,-0.78,-0.43,-1.03,-0.73,-0.54,-0.75,-0.77,-1.08,-0.68,-1.89,-0.6625
"3280",3280,"Tab Ramos",1998,"USA",-0.42,-0.46,-0.66,-0.74,-0.56,-0.66,-0.26,-0.31,-0.99,-0.5,-0.73,-0.54,-0.33,-1.15,-0.7,-0.53,-0.97,-0.4725
"3281",3281,"Thomas Dooley",1998,"USA",-0.42,-0.2,-0.66,0.53,0.99,0.35,0.22,-0.31,2.91,1.03,0.97,0.79,0.49,-0.77,-1.08,-0.56,0.04,-0.1
"3282",3282,"Branko Brnovic",1998,"Yugoslavia",-0.42,-0.68,-0.66,-0.53,-0.5,-0.99,-0.74,-1.02,-0.25,-0.5,-0.54,-0.54,-0.44,-0.86,0.07,-0.53,-2.01,-0.8525
"3283",3283,"Darko Kovacevic",1998,"Yugoslavia",-0.42,-0.18,-0.66,-0.32,-1.24,-1.09,-0.38,-0.84,-0.67,-1.03,-0.73,-0.54,-0.13,-0.58,-0.8,-0.9,-1.93,-0.7425
"3284",3284,"Dejan Savicevic",1998,"Yugoslavia",-0.42,-0.45,-0.66,-0.64,-1.21,-0.8,-0.74,-0.66,-0.8,-1.03,-0.73,-0.54,-0.75,-0.86,-1.08,-0.62,-1.46,-0.715
"3285",3285,"Dejan Stankovic",1998,"Yugoslavia",-0.42,-0.35,0.3,-0.21,-0.75,-0.57,-0.74,-0.14,-0.02,-0.32,-0.44,-0.54,-0.75,0.57,-0.8,-0.45,-0.71,-0.2875
"3286",3286,"Dragan Stojkovic",1998,"Yugoslavia",1.12,0.51,3.17,0,0.58,0.15,0.34,1.09,-0.06,-0.72,-0.54,-0.38,-0.13,0.28,1.51,1.66,1.24,1.1875
"3287",3287,"Goran Djorovic",1998,"Yugoslavia",-0.42,-0.61,-0.66,-0.21,0.26,0.15,-0.02,-0.49,-0.06,-0.49,3.2,2.33,1.11,0.85,1.51,-0.87,-0.34,-0.255
"3288",3288,"Ivica Kralj",1998,"Yugoslavia",-0.42,-0.68,-0.66,-0.74,-0.58,0.48,-0.74,-0.31,-0.99,-1.03,-0.54,-0.54,-0.75,-1.15,-1.08,-0.9,0.17,-0.3075
"3289",3289,"Perica Ognjenovic",1998,"Yugoslavia",-0.42,-0.45,-0.18,0.64,-1.09,-1.04,1.42,0.56,-0.15,-0.67,-0.73,-0.54,-0.75,-0.29,-0.8,-0.23,-0.48,0.19
"3290",3290,"Predrag Mijatovic",1998,"Yugoslavia",1.12,2.93,-0.66,1.38,-0.75,-0.99,1.06,0.21,-0.29,-0.9,-0.73,-0.54,-0.44,-0.29,3.24,-0.25,-0.78,-0.095
"3291",3291,"Savo Milosevic",1998,"Yugoslavia",-0.42,0.05,-0.66,-0.11,-1.04,-1.09,-0.38,-0.66,-0.99,-1.03,-0.73,-0.54,-0.44,0,-0.22,-0.62,-1.75,-0.6975
"3292",3292,"Sinisa Mihajlovic",1998,"Yugoslavia",1.12,0.83,0.3,-0.74,0.58,1.38,-0.74,0.91,0.73,0.56,2.81,0.51,0.8,0.57,0.65,1.07,2.29,0.4625
"3293",3293,"Slavisa Jokanovic",1998,"Yugoslavia",-0.42,-0.58,-0.66,-0.11,1.15,-0.09,-0.02,0.39,0.08,0.35,0.54,0.51,1.11,0.85,0.93,-0.39,0.3,-0.095
"3294",3294,"Slobodan Komljenovic",1998,"Yugoslavia",2.67,-0.09,-0.66,-0.42,0.24,0.53,-0.74,0.39,-0.39,0.17,0.84,0.21,-0.44,-0.86,0.07,-0.84,0.92,-0.12
"3295",3295,"Vladimir Jugovic",1998,"Yugoslavia",-0.42,0.7,-0.66,-0.11,0.37,0.62,2.86,3.2,0.63,0.31,0.15,-0.54,-0.13,0.28,1.51,0.22,3.82,1.505
"3296",3296,"Zeljko Petrovic",1998,"Yugoslavia",-0.42,-0.41,1.73,-0.64,0.96,0.86,-0.74,1.27,0.91,-0.09,0.25,-0.54,-0.44,0.57,0.65,0.42,2.13,0.78
"3297",3297,"Zoran Mirkovic",1998,"Yugoslavia",-0.42,-0.68,-0.18,-0.74,-0.1,0.48,-0.74,-0.66,-0.53,-1.03,0.94,0.51,-0.44,-0.58,0.07,-0.84,-0.18,-0.275
"3298",3298,"Abel Balbo",1994,"Argentina",0.93,2.21,0.47,3.2,0.51,-0.22,2.6,0.4,0.8,0.68,-0.55,0.59,-0.66,-0.54,1.15,3.6,0.18,0.8125
"3299",3299,"Alejandro Mancuso",1994,"Argentina",-0.39,-0.62,-0.6,-0.73,-1.1,-1.13,-0.82,-0.72,-0.69,-0.87,-0.72,-0.58,-0.66,-1.18,-0.78,-0.88,-1.85,-0.8175
"3300",3300,"Ariel Ortega",1994,"Argentina",-0.39,-0.2,2.62,0.94,-0.42,-0.44,2.34,0.4,-0.67,-0.3,-0.72,-0.58,-0.66,0.41,1.79,3.79,-0.04,1.23
"3301",3301,"Claudio Caniggia",1994,"Argentina",2.24,1.34,-0.6,0.94,-0.67,-0.96,0.49,-0.4,-0.63,-0.63,-0.72,-0.58,-0.16,-0.22,1.47,0.28,-1.36,-0.3675
"3302",3302,"Diego Maradona",1994,"Argentina",0.93,-0.3,2.62,0.34,0.37,0.73,2.07,0.4,0.6,-0.39,-0.72,-0.58,-0.66,-0.86,3.07,2.46,1.13,1.455
"3303",3303,"Diego Simeone",1994,"Argentina",-0.39,0.31,0.47,0.34,3.06,2.21,2.34,0.57,0.86,1.64,-0.22,-0.58,0.84,-0.86,0.83,1.94,2.78,1.3975
"3304",3304,"Fernando Cáceres",1994,"Argentina",-0.39,-0.33,-0.6,-0.49,1.19,0.95,-0.56,0.08,3.55,2.37,0.95,3.41,1.34,2.32,-0.46,-0.53,1.03,-0.0325
"3305",3305,"Fernando Redondo",1994,"Argentina",-0.39,0.25,0.47,0.7,4.31,1.3,4.97,4.11,3,3.11,-0.39,-0.58,0.84,2.64,1.47,1.8,5.41,2.7125
"3306",3306,"Gabriel Batistuta",1994,"Argentina",4.87,7.85,0.47,3.92,-0.23,-1.04,-0.82,-0.4,-0.33,-0.56,-0.39,-0.58,-0.66,0.73,2.43,1.07,-1.44,-0.4475
"3307",3307,"Hernan Diaz",1994,"Argentina",-0.39,-0.49,-0.6,-0.61,-0.81,-0.7,-0.56,-0.4,0.3,-0.62,-0.72,-0.58,-0.66,-0.54,-0.78,-0.8,-1.1,-0.565
"3308",3308,"José Basualdo",1994,"Argentina",-0.39,-0.46,1.01,-0.14,-0.53,-0.35,-0.3,-0.24,-0.61,0.08,-0.72,-0.58,-0.66,-0.22,-1.1,0.23,-0.59,0.03
"3309",3309,"José Chamot",1994,"Argentina",-0.39,-0.53,0.47,0.22,1.25,1.3,2.86,1.69,1.93,3.37,-0.39,-0.58,0.34,0.41,1.15,0.23,2.99,1.58
"3310",3310,"Leonardo Rodriguez",1994,"Argentina",-0.39,-0.46,-0.06,-0.61,-1.05,-0.91,-0.3,-0.72,-0.39,-0.62,-0.72,-0.58,-0.16,-0.86,0.51,-0.31,-1.63,-0.4975
"3311",3311,"Luis Islas",1994,"Argentina",-0.39,-0.62,-0.6,-0.73,-0.36,0.52,-0.56,-0.88,-0.63,-0.87,-0.39,-0.58,-0.66,-1.18,-0.78,-0.88,-0.36,-0.38
"3312",3312,"Nestor Sensini",1994,"Argentina",-0.39,-0.43,-0.6,-0.49,0.6,0.47,-0.56,0.24,0.69,0.7,-0.22,2.07,0.34,-0.86,0.51,-0.64,0.71,-0.1125
"3313",3313,"Oscar Ruggeri",1994,"Argentina",-0.39,0.44,-0.6,1.29,0.86,0.56,-0.82,-0.08,0.93,0.58,0.12,2.44,1.34,0.09,-1.1,-0.64,0.48,-0.235
"3314",3314,"Ramón Medina Bello",1994,"Argentina",-0.39,-0.2,-0.06,0.34,-1.22,-1,-0.56,-1.04,-0.97,-0.87,-0.72,-0.58,-0.66,-1.18,-0.46,0.37,-2.04,-0.665
"3315",3315,"Danny Boffin",1994,"Belgium",-0.39,-0.43,1.55,-0.14,0.32,0.99,-0.3,1.53,-0.19,0.23,-0.55,0.54,-0.16,-0.86,-0.46,1.15,2.52,0.9425
"3316",3316,"Dirk Medved",1994,"Belgium",-0.39,-0.59,-0.6,-0.73,-0.7,-0.35,-0.82,-0.08,-0.2,-0.04,-0.55,-0.58,-0.66,-1.18,-1.1,-0.56,-0.43,-0.4625
"3317",3317,"Enzo Scifo",1994,"Belgium",-0.39,0.92,3.16,0.58,2.04,1.73,4.18,3.95,2.35,1.33,-0.22,-0.58,-0.16,1.36,1.15,3.46,5.68,3.255
"3318",3318,"Franky Van Der Elst",1994,"Belgium",-0.39,-0.24,-0.06,-0.49,2.24,0.78,1.55,0.4,2.34,1.01,0.28,2.75,0.84,1.68,2.75,1.13,1.18,0.6675
"3319",3319,"Georges Serge Grün",1994,"Belgium",0.93,0.31,-0.06,0.46,0.43,0.34,-0.82,1.21,0.95,0.74,0.12,0.44,0.34,0.41,0.51,-0.01,1.55,0.1675
"3320",3320,"Josip Weber",1994,"Belgium",-0.39,3.11,-0.6,3.32,-0.96,-1.04,-0.56,-0.56,-0.32,-0.87,-0.72,-0.58,0.34,-1.18,1.15,-0.75,-1.6,-0.69
"3321",3321,"Lorenzo Staelens",1994,"Belgium",-0.39,0.37,1.55,0.34,0.51,0.65,0.49,0.57,-0.47,1.79,-0.22,1.9,0.34,0.41,1.79,2.1,1.22,0.815
"3322",3322,"Luc Nilis",1994,"Belgium",-0.39,0.5,1.55,3.2,-0.59,-0.83,-0.3,-0.56,-0.73,-0.87,-0.72,-0.58,0.34,-0.86,-0.78,2.59,-1.39,-0.035
"3323",3323,"Marc Degryse",1994,"Belgium",0.93,0.66,1.01,0.58,-0.59,-1.04,-0.56,-0.4,-0.02,-0.87,-0.72,-0.58,-0.66,-0.86,1.15,0.23,-1.44,-0.2475
"3324",3324,"Marc Jozef Emmers",1994,"Belgium",-0.39,-0.59,1.55,-0.73,-0.1,0.6,0.49,-0.08,0.84,-0.03,0.12,0.54,0.34,-0.54,0.83,0.61,0.52,0.64
"3325",3325,"Marc Wilmots",1994,"Belgium",-0.39,0.18,-0.06,0.34,-1.22,-1.04,-0.82,-1.04,-0.97,-0.87,-0.72,-0.58,-0.16,-1.18,-0.46,-0.42,-2.08,-0.74
"3326",3326,"Michel De Wolf",1994,"Belgium",-0.39,-0.62,-0.6,-0.73,2.35,2.34,-0.56,1.21,2.72,2.12,1.29,2.69,-0.16,-0.22,0.51,-0.1,3.55,0.5975
"3327",3327,"Michel Preud'homme",1994,"Belgium",-0.39,-0.62,-0.6,-0.73,-0.03,1.73,-0.82,-0.88,-0.97,-0.87,-0.55,-0.58,-0.66,-1.18,-0.78,-0.5,0.85,-0.1425
"3328",3328,"Philiipe Albert",1994,"Belgium",2.24,0.6,0.47,1.65,0.02,0.47,-0.03,-0.08,-0.15,1.15,0.95,2.2,-0.66,0.41,-0.14,2.24,0.39,0.2075
"3329",3329,"Rudi Smidts",1994,"Belgium",-0.39,-0.56,-0.06,-0.37,0.15,0.04,-0.3,-0.24,0.66,1.73,0.12,2.75,-0.66,1.36,0.19,-0.34,-0.2,-0.14
"3330",3330,"Vital Borkelmans",1994,"Belgium",-0.39,-0.62,-0.06,-0.73,-1.14,-0.74,-0.82,-1.04,-0.8,-0.87,-0.55,-0.58,-0.66,-0.86,-0.46,-0.45,-1.78,-0.665
"3331",3331,"Alvaro Peña",1994,"Bolivia",-0.39,-0.54,-0.6,-0.73,-1.34,-1.22,-0.82,-1.04,-0.97,-0.87,-0.72,-0.58,-0.66,-1.18,-0.67,-0.88,-2.26,-0.92
"3332",3332,"Carlos Borja",1994,"Bolivia",-0.39,-0.45,-0.6,-0.1,0.51,0.29,-0.47,0.03,-0.24,-0.53,0.84,-0.58,0.67,1.36,0.61,-0.45,0.32,-0.1875
"3333",3333,"Carlos Trucco",1994,"Bolivia",-0.39,-0.62,-0.6,-0.73,0.03,2.19,-0.82,-0.83,-0.97,-0.87,-0.05,-0.58,-0.66,-1.18,0.61,-0.88,1.36,-0.015
"3334",3334,"Erwin Sánchez",1994,"Bolivia",1.36,1.18,2.98,0.06,0.76,0.06,3.04,3.25,-0.97,-0.87,-0.72,-0.58,-0.66,0.94,3.61,1,3.31,2.3325
"3335",3335,"Gustavo Quinteros",1994,"Bolivia",-0.39,-0.37,-0.6,0.22,0.07,0.46,-0.82,1.32,-0.06,0.53,1.51,0.24,0,-0.33,-0.67,-0.88,1.78,0.0900000000000001
"3336",3336,"Jaime Moreno",1994,"Bolivia",-0.39,0.15,-0.6,0.86,-1.17,-1.16,-0.12,-0.62,-0.97,-0.87,-0.72,-0.58,-0.66,-1.18,-0.67,-0.74,-1.78,-0.625
"3337",3337,"José Melgar",1994,"Bolivia",-0.39,-0.41,-0.6,-0.41,2.46,0.4,0.93,2.17,1.44,-0.36,-0.05,-0.58,-0.66,-0.75,0.19,-0.81,2.57,0.725
"3338",3338,"Juan Peña",1994,"Bolivia",-0.39,-0.62,-0.6,-0.73,-0.44,-0.12,-0.82,-0.62,0.2,-0.53,0.4,-0.58,-0.66,-1.18,0.61,-0.63,-0.74,-0.54
"3339",3339,"Julio Baldivieso",1994,"Bolivia",-0.39,0.24,-0.6,0.38,-0.5,-0.58,0.23,-0.62,-0.63,-0.28,-0.72,-0.58,-0.66,-0.33,1.9,-0.45,-1.2,-0.3925
"3340",3340,"Luis Cristaldo",1994,"Bolivia",-0.39,-0.45,0.83,-0.1,-0.35,-0.29,0.93,0.89,0.42,0.36,0.17,-0.58,0,0.94,0.19,-0.2,0.6,0.59
"3341",3341,"Luis Ramallo",1994,"Bolivia",-0.39,0.36,-0.6,-0.1,-0.65,-1.04,-0.82,-0.83,-0.44,-0.36,-0.72,-0.58,0.67,-0.33,1.04,-0.2,-1.87,-0.8225
"3342",3342,"Marco Sandy",1994,"Bolivia",-0.39,-0.49,-0.6,-0.41,0.59,0.86,-0.82,0.03,1.05,1.27,2.18,2.57,0,-0.75,2.32,-0.7,0.89,-0.1325
"3343",3343,"Mauricio Ramos",1994,"Bolivia",-0.39,-0.41,0.83,-0.73,-0.98,-1.04,-0.82,-1.04,-0.19,-0.87,-0.5,-0.58,-0.66,-1.18,-0.24,-0.23,-2.08,-0.5175
"3344",3344,"Miguel Angel Rimba",1994,"Bolivia",-0.39,-0.49,-0.6,-0.73,1.96,2.37,-0.12,1.53,1.44,2.02,2.63,5.71,0,0.52,0.61,-0.41,3.9,0.795
"3345",3345,"Modesto Soruco",1994,"Bolivia",-0.39,-0.62,-0.6,-0.57,-0.71,-0.75,-0.82,-0.4,-0.57,-0.53,-0.72,-0.58,-0.66,-0.33,-0.24,-0.88,-1.15,-0.6425
"3346",3346,"Vladimir Soria",1994,"Bolivia",-0.39,-0.32,-0.6,-0.73,0.74,-0.46,0.58,0.03,0.92,0.16,-0.27,0.24,0,2.64,0.61,-0.59,-0.43,-0.1125
"3347",3347,"Aldair",1994,"Brazil",-0.39,-0.57,-0.6,-0.54,1.5,0.84,-0.39,-0.25,1.69,2,2.02,-0.14,1.52,0.56,-0.4,-0.88,0.59,-0.1
"3348",3348,"Bebeto",1994,"Brazil",1.76,1.63,1.16,2.06,0.35,-0.01,0.76,0.62,-0.2,-0.59,-0.72,-0.58,-0.39,-0.14,0.65,2.02,0.61,0.6325
"3349",3349,"Branco",1994,"Brazil",0.33,0.31,-0.01,-0.34,0.21,0.15,-0.25,0.89,-0.79,-0.35,-0.35,-0.58,-0.39,-0.31,1,-0.62,1.04,0.195
"3350",3350,"Cafu",1994,"Brazil",-0.39,-0.57,0.57,-0.47,-0.74,-0.41,-0.54,-0.25,-0.24,-0.24,-0.45,0.24,-0.66,-0.31,-1.1,-0.22,-0.66,-0.1575
"3351",3351,"Cláudio Taffarel",1994,"Brazil",-0.39,-0.62,-0.6,-0.73,-0.03,1.55,-0.82,-0.69,-0.97,-0.72,-0.72,-0.58,-0.66,-1.18,-0.92,-0.75,0.86,-0.14
"3352",3352,"Dunga",1994,"Brazil",-0.39,0.08,0.86,-0.28,3.68,2.97,-0.25,-0.08,6.66,4.05,-0.08,-0.58,0.15,0.73,0.48,0.3,2.89,0.875
"3353",3353,"Jorginho",1994,"Brazil",-0.39,-0.47,1.16,-0.21,1.19,1.36,0.47,1.5,1.98,1.91,0.1,-0.58,0.97,0.38,-0.22,0.86,2.86,1.1225
"3354",3354,"Leonardo",1994,"Brazil",-0.39,-0.47,-0.31,-0.21,0.58,1.05,0.32,0.45,-0.06,0.57,-0.45,-0.58,-0.39,-1.18,-0.75,-0.11,1.5,0.3775
"3355",3355,"Mauro Silva",1994,"Brazil",-0.39,-0.47,-0.6,-0.6,1.65,0.82,0.9,0.01,3.75,2.23,-0.26,-0.58,-0.12,0.56,0.13,-0.41,0.83,0.2825
"3356",3356,"Mazinho",1994,"Brazil",-0.39,-0.27,-0.01,-0.28,0.91,0.08,0.61,0.01,1.33,0.28,-0.35,-0.58,-0.12,-0.48,0.48,0.01,0.09,0.1725
"3357",3357,"Márcio Santos",1994,"Brazil",0.33,0.45,-0.6,-0.08,1.56,1.17,-0.68,0.1,0.89,2.63,1.93,3.3,3.16,0.38,0.13,-0.79,1.27,-0.0025
"3358",3358,"Raí",1994,"Brazil",0.33,0.76,-0.6,-0.21,0.06,-0.51,0.76,0.54,1.59,-0.23,-0.72,0.07,-0.39,0.73,0.13,-0.19,0.03,0.0475
"3359",3359,"Ricardo Rocha",1994,"Brazil",-0.39,-0.62,-0.6,-0.73,-1.15,-0.88,-0.68,-0.78,-0.66,-0.2,-0.63,-0.58,-0.39,-1,-0.92,-0.88,-1.66,-0.735
"3360",3360,"Romário",1994,"Brazil",3.19,4.74,-0.01,3.95,-0.06,-0.91,2.62,0.62,-0.76,-0.69,-0.72,-0.58,-0.12,0.04,0.83,2.69,-0.29,0.58
"3361",3361,"Zinho",1994,"Brazil",-0.39,-0.31,1.16,-0.02,1.15,0.04,1.62,1.24,1.17,-0.4,-0.72,-0.58,0.43,-0.66,0.48,1.15,1.28,1.015
"3362",3362,"Boncho Genchev",1994,"Bulgaria",-0.39,-0.59,-0.6,-0.73,-1.41,-1.19,-0.82,-1.04,-0.97,-0.79,-0.72,-0.58,-0.66,-1,-0.92,-0.88,-2.23,-0.9125
"3363",3363,"Borislav Mihailov",1994,"Bulgaria",-0.39,-0.62,-0.6,-0.73,-0.32,1.15,-0.82,-0.96,-0.97,-0.74,-0.35,-0.58,-0.66,-1.18,-0.57,-0.88,0.19,-0.3075
"3364",3364,"Daniel Borimirov",1994,"Bulgaria",0.33,-0.1,-0.31,-0.67,-0.49,-0.48,-0.39,-0.78,-0.55,-0.53,-0.26,-0.17,-0.12,-0.83,-0.92,-0.66,-1.26,-0.49
"3365",3365,"Emil Kostadinov",1994,"Bulgaria",-0.39,0.76,-0.6,1.41,-0.45,-0.91,-0.25,0.01,-0.44,-0.61,-0.63,-0.25,-0.66,0.9,-0.22,-0.28,-0.9,-0.4375
"3366",3366,"Emil Kremenliev",1994,"Bulgaria",-0.39,-0.61,-0.01,-0.73,-0.34,0.25,-0.68,-0.61,-0.2,-0.27,-0.08,-0.17,-0.12,0.56,-0.4,-0.41,-0.36,-0.2625
"3367",3367,"Hristo Stoichkov",1994,"Bulgaria",3.91,5.42,0.28,0.96,0.03,-0.46,0.76,0.27,-0.37,-0.54,-0.54,-0.58,-0.39,0.9,2.4,0.52,-0.19,0.2125
"3368",3368,"Ilian Kiriakov",1994,"Bulgaria",-0.39,-0.55,-0.6,-0.67,0.65,0.89,-0.25,-0.34,-0.18,0.18,0.47,-0.25,-0.66,-0.66,0.83,-0.66,0.55,-0.075
"3369",3369,"Ivailo Yordanov",1994,"Bulgaria",-0.39,-0.38,-0.31,-0.41,-0.46,-0.36,-0.82,-0.34,-0.06,-0.12,-0.08,0.25,-0.39,-1,-0.05,-0.57,-0.7,-0.4575
"3370",3370,"Krassimir Balakov",1994,"Bulgaria",-0.39,0.76,2.91,-0.02,1.94,1.41,3.63,3.35,0.48,0.94,-0.26,-0.58,0.97,0.73,1.7,2.54,4.76,2.825
"3371",3371,"Nasko Sirakov",1994,"Bulgaria",0.33,0.18,-0.6,0.24,-0.22,-0.93,0.47,-0.25,-0.59,0.14,-0.54,-0.58,-0.66,0.38,0.65,-0.05,-1.18,-0.3275
"3372",3372,"Petr Houbtchev",1994,"Bulgaria",-0.39,-0.62,-0.6,-0.73,0.46,0.58,-0.82,-0.78,-0.18,0.21,2.02,2.02,-0.12,0.04,-0.05,-0.84,-0.2,-0.405
"3373",3373,"Plamen Nikolov",1994,"Bulgaria",-0.39,-0.62,-0.6,-0.73,-1.38,-1.1,-0.82,-1.04,-0.97,-0.87,-0.63,-0.58,-0.66,-1.18,-1.1,-0.88,-2.14,-0.89
"3374",3374,"Trifon Ivanov",1994,"Bulgaria",-0.39,-0.52,-0.6,-0.6,-0.51,-0.06,-0.54,-0.52,0.96,1.22,0.65,1.6,0.15,1.08,-0.05,-0.65,-0.58,-0.43
"3375",3375,"Tzanko Tzvetanov",1994,"Bulgaria",-0.39,-0.61,-0.31,-0.73,0.4,0.44,-0.11,0.01,0.49,0.29,0.83,-0.58,0.43,0.56,0.65,-0.42,0.45,0.0075
"3376",3376,"Yordan Letchkov",1994,"Bulgaria",1.05,-0.27,-0.6,-0.15,1.06,0.77,1.91,1.06,2.15,0.19,0.01,0.1,-0.12,0.73,2.4,0.42,1.83,0.785
"3377",3377,"Zlatko Yankov",1994,"Bulgaria",-0.39,-0.29,-0.31,-0.41,1.13,0.27,-0.25,-0.25,1.12,0.52,1.11,0.18,0.43,1.08,-0.05,-0.47,0.02,-0.135
"3378",3378,"Alphonse Tchami",1994,"Cameroon",-0.39,-0.28,-0.6,-0.41,-1.17,-1.16,-0.82,-0.62,-0.97,-0.87,-0.72,-0.58,-0.66,-1.18,-0.24,-0.88,-1.78,-0.8
"3379",3379,"Andre Kana-Biyik",1994,"Cameroon",-0.39,-0.37,-0.6,-0.73,-0.92,-0.87,-0.47,-1.04,-0.72,-0.23,-0.27,-0.58,-0.66,-0.33,-1.1,-0.45,-1.91,-0.745
"3380",3380,"David Embé",1994,"Cameroon",1.36,0.75,-0.6,0.54,-0.65,-0.98,-0.47,-0.83,-0.22,-0.45,-0.72,-0.58,-0.66,-0.75,-1.1,-0.3,-1.81,-0.72
"3381",3381,"Emile Mbouh Mbouh",1994,"Cameroon",-0.39,-0.62,-0.6,-0.73,0.59,0.17,-0.82,-0.19,0.06,-0.09,-0.27,0.71,2.01,-0.33,1.04,-0.34,-0.02,-0.36
"3382",3382,"François Omam-Biyik",1994,"Cameroon",1.36,1.52,0.83,3.24,0.28,-0.7,0.93,0.24,0.07,-0.66,-0.27,-0.58,4.01,-1.18,-0.24,2.77,-0.46,0.325
"3383",3383,"Hans Agbo",1994,"Cameroon",-0.39,-0.62,2.26,-0.73,0.64,1.15,0.58,1.75,0.52,-0.26,-0.05,-0.58,0.67,-0.33,-0.67,0.96,2.9,1.435
"3384",3384,"Jacques Songo'o",1994,"Cameroon",-0.39,-0.62,-0.6,-0.73,-1.04,-0.46,-0.82,-1.04,-0.97,-0.87,-0.27,-0.58,-0.66,-1.18,-1.1,-0.59,-1.5,-0.73
"3385",3385,"Joseph Antoine Bell",1994,"Cameroon",-0.39,-0.62,-0.6,-0.73,-0.31,0.92,-0.82,-1.04,-0.82,-0.87,-0.72,-0.58,-0.66,-0.75,-0.24,-0.88,-0.12,-0.385
"3386",3386,"Louis Mfede",1994,"Cameroon",-0.39,-0.11,0.12,-0.73,-0.23,-0.35,1.28,-0.62,-0.97,-0.74,-0.72,-0.58,-0.66,-0.75,1.47,0.46,-0.97,0.1075
"3387",3387,"Marc-Vivien Foé",1994,"Cameroon",-0.39,-0.15,-0.6,0.22,0.41,-0.12,0.58,-0.62,1.13,0.16,0.62,0.46,0,3.06,-0.67,-0.12,-0.74,-0.19
"3388",3388,"Raymond Kalla",1994,"Cameroon",-0.39,-0.58,-0.6,0.22,0.15,0.63,-0.12,0.24,1.64,0.08,1.51,0.71,0.67,1.36,0.19,-0.45,0.87,0.0375
"3389",3389,"Rigobert Song",1994,"Cameroon",-0.39,-0.62,-0.6,-0.73,-0.37,-0.35,-0.82,-0.4,0.07,-0.48,1.29,-0.58,0,0.09,-1.1,-0.41,-0.75,-0.5425
"3390",3390,"Roger Milla",1994,"Cameroon",1.36,0.19,-0.6,0.54,-1.11,-1.16,-0.12,-0.4,-0.97,-0.87,-0.72,-0.58,-0.66,-0.75,0.19,0.64,-1.56,-0.57
"3391",3391,"Stephen Tataw Eta",1994,"Cameroon",-0.39,-0.62,0.12,0.06,1.52,3.23,-0.47,0.24,1.04,-0.27,0.62,0.69,0,0.52,-0.67,0.09,3.47,0.78
"3392",3392,"Thomas Libiih",1994,"Cameroon",-0.39,-0.11,-0.6,-0.41,0.68,-0.23,0.58,0.24,-0.13,-0.05,-0.05,1.73,-0.66,2.64,-0.24,-0.23,0.00999999999999998,-0.0025
"3393",3393,"Victor Ndip Akem",1994,"Cameroon",-0.39,-0.62,-0.6,-0.73,-0.9,-0.52,-0.47,-1.04,0,-0.23,-0.27,0.46,-0.66,-0.75,-1.1,-0.3,-1.56,-0.6575
"3394",3394,"Adolfo Valencia",1994,"Colombia",3.11,2.17,0.83,2.29,0.43,-0.52,0.93,-0.19,-0.45,-0.04,-0.72,1.6,0,0.52,1.47,2.3,-0.71,0.2625
"3395",3395,"Alexis Mendoza",1994,"Colombia",-0.39,-0.62,-0.6,-0.73,-0.44,-0.35,-0.82,-0.83,-0.97,-0.87,-0.27,-0.58,-0.66,-0.33,-0.67,-0.88,-1.18,-0.65
"3396",3396,"Andrés Escobar",1994,"Colombia",-0.39,-0.62,-0.6,-0.41,2.04,2.13,-0.47,0.89,0.48,4.51,0.84,3.5,0,0.09,-0.67,-0.38,3.02,0.4875
"3397",3397,"Anthony de Ávila",1994,"Colombia",-0.39,0.54,-0.6,0.86,-1.02,-1.1,-0.12,-0.83,-0.97,-0.87,-0.72,-0.58,0,-0.75,-0.67,-0.77,-1.93,-0.6625
"3398",3398,"Carlos Valderrama",1994,"Colombia",-0.39,0.71,0.83,0.86,4.5,4.56,1.63,0.24,1.04,0.03,-0.72,-0.58,-0.66,0.52,1.9,5.13,4.8,1.815
"3399",3399,"Faustino Asprilla",1994,"Colombia",-0.39,0.75,0.12,2.92,0.76,-0.52,3.39,0.89,1,1.8,-0.72,-0.58,-0.66,1.36,1.9,2.45,0.37,0.97
"3400",3400,"Freddy Rincon",1994,"Colombia",-0.39,2.3,1.55,1.33,1.88,0.4,3.39,-0.62,1.55,1.82,-0.72,-0.58,0,-0.75,-0.24,2.41,-0.22,1.18
"3401",3401,"Gabriel Gomez",1994,"Colombia",-0.39,-0.62,-0.6,-0.73,-0.2,-0.52,-0.82,-1.04,2.14,0.05,-0.72,-0.58,-0.66,0.09,-1.1,-0.56,-1.56,-0.745
"3402",3402,"Herman Gaviria",1994,"Colombia",1.36,0.75,-0.6,0.22,0.32,-0.35,-0.12,-0.83,0.98,0.91,-0.05,1.46,-0.66,-0.75,-0.67,-0.7,-1.18,-0.475
"3403",3403,"Ivan Valenciano",1994,"Colombia",-0.39,-0.07,-0.6,0.54,-1.3,-1.22,-0.47,-1.04,-0.46,-0.87,-0.72,-0.58,-0.66,-0.33,-1.1,-0.41,-2.26,-0.8325
"3404",3404,"Leonel Alvarez",1994,"Colombia",-0.39,-0.58,-0.6,-0.41,4.12,2.31,-0.47,0.03,4.44,4.02,-0.05,-0.58,0,2.64,-0.67,-0.56,2.34,0.3175
"3405",3405,"Luis Carlos Perea",1994,"Colombia",-0.39,-0.62,-0.6,-0.57,0.41,-0.06,0.23,-1.04,2.09,1.4,0.17,-0.58,2.01,0.52,-1.1,-0.59,-1.1,-0.3675
"3406",3406,"Luis Fernando Herrera",1994,"Colombia",-0.39,-0.62,0.12,-0.41,2.7,3.06,0.23,1.32,0.57,3.92,-0.27,-0.58,0,0.94,-0.67,-0.05,4.38,1.1825
"3407",3407,"Wilson Enrique Perez",1994,"Colombia",-0.39,0.28,0.83,-0.41,2.44,2.94,0.58,0.89,2.46,1.34,-0.27,-0.58,-0.66,0.09,0.61,0.35,3.83,1.31
"3408",3408,"Óscar Córdoba",1994,"Colombia",-0.39,-0.62,-0.6,-0.73,0.17,2.19,-0.82,-1.04,-0.97,-0.87,-0.72,-0.58,-0.66,-1.18,-1.1,-0.88,1.15,-0.0675
"3409",3409,"Andreas Brehme",1994,"Germany",-0.39,-0.49,1.12,-0.25,0.7,1.45,-0.82,-0.53,0.62,0.05,-0.32,0.42,-0.66,-0.16,-1.1,0.98,0.92,0.305
"3410",3410,"Andreas Möller",1994,"Germany",-0.39,0.2,0.69,0.13,-0.09,-0.42,0.44,1.14,0.42,-0.21,-0.72,-0.58,-0.26,1.11,0.7,0.4,0.72,0.4625
"3411",3411,"Bodo Illgner",1994,"Germany",-0.39,-0.62,-0.6,-0.73,-0.09,1.76,-0.82,-1.04,-0.97,-0.87,-0.59,-0.58,-0.66,-1.18,-0.58,-0.88,0.72,-0.175
"3412",3412,"Guido Buchwald",1994,"Germany",-0.39,-0.08,-0.17,1.08,-0.32,-0.66,0.02,-0.14,1.22,0.36,0.89,-0.58,1.34,0.09,0.19,0.44,-0.8,-0.2375
"3413",3413,"Jürgen Klinsmann",1994,"Germany",4.87,3.22,-0.6,4.7,-0.49,-0.97,1.49,-0.14,-0.1,-0.3,-0.18,-0.58,1.34,0.35,0.19,0.85,-1.11,-0.055
"3414",3414,"Jürgen Kohler",1994,"Germany",-0.39,-0.62,-0.6,-0.35,0.74,0.24,-0.19,0.37,0.13,4.72,4.1,1.2,-0.66,0.86,0.19,-0.25,0.61,-0.045
"3415",3415,"Karlheinz Riedle",1994,"Germany",0.66,0.1,-0.6,0.32,-0.99,-1.15,-0.61,-0.92,-0.73,-0.33,-0.59,-0.58,-0.66,-0.67,-0.33,-0.36,-2.07,-0.82
"3416",3416,"Lothar Matthäus",1994,"Germany",0.66,1.59,-0.6,-0.73,1.95,1.35,-0.61,1.92,1.57,0.73,1.96,2.5,-0.66,-0.92,-0.07,0.29,3.27,0.515
"3417",3417,"Mario Basler",1994,"Germany",-0.39,-0.62,-0.6,-0.73,-1.28,-1.08,-0.61,-0.79,-0.73,-0.46,-0.72,-0.58,-0.66,-1.18,-1.1,-0.88,-1.87,-0.77
"3418",3418,"Martin Wagner",1994,"Germany",-0.39,-0.49,0.26,-0.73,-0.62,-0.35,-0.4,0.89,-0.46,-0.74,-0.45,-0.58,-0.26,0.86,-0.07,-0.3,0.54,0.1
"3419",3419,"Matthias Sammer",1994,"Germany",-0.39,-0.57,-0.6,-0.35,0.18,-0.77,-0.4,0.37,1.22,1.61,-0.32,1.05,0.14,-0.41,1.98,-0.25,-0.4,-0.35
"3420",3420,"Rudi Völler",1994,"Germany",1.71,1.59,-0.17,2.41,-0.91,-0.97,0.23,-0.66,-0.77,-0.7,-0.59,-0.58,0.54,0.35,-0.07,0.98,-1.63,-0.3925
"3421",3421,"Stefan Effenberg",1994,"Germany",-0.39,-0.16,-0.6,-0.25,0.21,-0.04,0.23,0.24,1.64,0.16,-0.32,-0.58,-0.26,0.86,0.19,-0.14,0.2,-0.0425
"3422",3422,"Thomas Berthold",1994,"Germany",-0.39,-0.57,-0.17,-0.73,1.56,1.21,-0.61,2.69,2.16,0.25,1.42,0.23,0.94,0.86,0.19,0.38,3.9,0.78
"3423",3423,"Thomas Helmer",1994,"Germany",-0.39,-0.49,-0.6,-0.54,-0.52,-0.73,-0.82,-0.79,0.96,0.22,1.69,2.59,0.14,-0.16,-0.84,-0.86,-1.52,-0.735
"3424",3424,"Thomas Häßler",1994,"Germany",-0.39,0.2,6.27,0.41,1.15,0.62,1.49,2.17,3.15,-0.25,-0.59,-0.58,-0.66,1.62,1.47,4.03,2.79,2.6375
"3425",3425,"Thomas Strunz",1994,"Germany",-0.39,-0.57,-0.6,-0.73,-0.6,-0.35,0.02,0.11,1.26,-0.19,-0.18,0.53,-0.66,-0.41,-0.84,-0.64,-0.24,-0.205
"3426",3426,"Alexandros Alexiou",1994,"Greece",-0.39,-0.45,-0.6,-0.73,-0.65,-0.75,-0.47,-0.19,0.09,-0.4,0.17,0.56,-0.66,-1.18,-1.1,-0.88,-0.94,-0.5025
"3427",3427,"Alexandros Alexoudis",1994,"Greece",-0.39,0.19,-0.6,0.54,-1.09,-1.1,0.23,-0.62,-0.97,-0.48,-0.5,-0.58,-0.66,0.09,1.04,-0.74,-1.72,-0.5225
"3428",3428,"Alexios Alexandris",1994,"Greece",-0.39,-0.45,-0.6,-0.73,-0.96,-0.98,0.23,-0.83,-0.44,-0.87,-0.72,-0.58,0,0.09,0.19,-0.7,-1.81,-0.545
"3429",3429,"Anastasios Mitropoulos",1994,"Greece",-0.39,-0.24,0.12,-0.57,0.03,-0.46,-0.12,0.03,-0.26,-0.05,-0.5,-0.58,-0.66,0.94,0.61,0.13,-0.43,-0.1075
"3430",3430,"Antonios Minou",1994,"Greece",-0.39,-0.62,-0.6,-0.73,-1.02,-0.23,-0.82,-1.04,-0.97,-0.87,-0.72,-0.58,-0.66,-1.18,-0.67,-0.88,-1.27,-0.6725
"3431",3431,"Christos Karkamanis",1994,"Greece",-0.39,-0.62,-0.6,-0.73,-1.07,-0.46,-0.82,-1.04,-0.97,-0.87,-0.72,-0.58,-0.66,-0.75,-1.1,-0.88,-1.5,-0.73
"3432",3432,"Dimitrios Saravakos",1994,"Greece",-0.39,0.02,0.12,-0.41,-0.81,-0.93,-0.82,-0.4,-0.54,-0.87,-0.72,-0.58,-0.66,-0.33,-0.24,-0.38,-1.33,-0.5075
"3433",3433,"Elias Atamatsidis",1994,"Greece",-0.39,-0.62,-0.6,-0.73,-1.09,-0.46,-0.82,-0.83,-0.97,-0.87,0.17,-0.58,-0.66,-1.18,-0.67,-0.88,-1.29,-0.6775
"3434",3434,"Giotis Tsalouchidis",1994,"Greece",-0.39,0.54,-0.6,0.86,-0.25,-0.46,-0.47,-0.62,-0.28,-0.45,0.4,-0.58,0,2.64,0.19,-0.16,-1.08,-0.5375
"3435",3435,"Ioannis Kalitzakis",1994,"Greece",-0.39,-0.02,-0.6,-0.1,0.47,0.46,-0.82,-0.4,1.51,1.91,2.41,2.41,2.67,-0.75,-0.67,-0.88,0.06,-0.34
"3436",3436,"Kyriakos Karataidis",1994,"Greece",-0.39,-0.62,-0.6,-0.73,-0.62,-0.52,-0.47,-1.04,-0.52,0.71,-0.05,-0.58,-0.66,-1.18,-1.1,-0.88,-1.56,-0.6575
"3437",3437,"Minas Hantzidis",1994,"Greece",-0.39,-0.19,0.83,-0.41,-0.1,0.57,0.58,0.46,0.01,0.23,0.4,0.56,-0.66,-0.33,-0.24,0.49,1.03,0.61
"3438",3438,"Nikolaos Machlas",1994,"Greece",-0.39,0.41,-0.6,2.13,-0.06,-0.93,-0.82,-0.4,0.37,-0.29,-0.5,-0.58,0,0.94,4.89,-0.67,-1.33,-0.6875
"3439",3439,"Nikolaos Tsiantakis",1994,"Greece",-0.39,-0.45,1.55,-0.41,-1,-0.7,-0.47,-0.83,-0.54,-0.68,-0.72,-0.58,-0.66,-0.75,-0.24,-0.01,-1.53,-0.1125
"3440",3440,"Nikos Nioplias",1994,"Greece",-0.39,-0.37,5.12,-0.41,2.46,2.08,0.23,2.17,2.6,1.49,-0.27,0.56,1.34,-0.33,-0.24,1.9,4.25,2.4
"3441",3441,"Savvas Kofidis",1994,"Greece",-0.39,0.92,0.12,1.02,1.73,0.86,1.28,0.89,-0.44,1.75,-0.27,-0.58,-0.66,-0.75,3.61,0.64,1.75,0.7875
"3442",3442,"Spyridon Marangos",1994,"Greece",-0.39,-0.62,1.55,-0.57,0.13,-0.23,0.58,0.24,1.03,0.51,-0.72,-0.58,-0.66,1.79,0.61,1.87,0.00999999999999998,0.535
"3443",3443,"Stelios Manolas",1994,"Greece",-0.39,-0.24,-0.6,-0.41,-0.92,-1.04,-0.47,-0.83,-0.75,-0.68,-0.27,1.26,-0.66,0.52,-1.1,-0.88,-1.87,-0.735
"3444",3444,"Stratos Apostolakis",1994,"Greece",-0.39,-0.37,2.98,-0.73,1.08,1.73,0.58,0.67,0.12,1.51,-0.72,-0.58,-0.66,-0.75,-1.1,1,2.4,1.49
"3445",3445,"Thanasis Kolitsidakis",1994,"Greece",-0.39,-0.62,-0.6,-0.73,-1.04,-0.93,-0.82,-0.62,-0.54,-0.12,-0.5,-0.58,0,-1.18,-0.24,-0.88,-1.55,-0.7425
"3446",3446,"Vaios Karagiannis",1994,"Greece",-0.39,-0.62,-0.6,-0.73,-0.33,0,0.23,-0.83,0.46,1.09,0.84,1.71,0,0.09,-0.67,-0.52,-0.83,-0.3
"3447",3447,"Vasilios Dimitriadis",1994,"Greece",-0.39,0.54,-0.6,0.38,-1.21,-1.22,-0.47,-0.83,-0.97,-0.87,-0.72,-0.58,-0.66,-0.75,-0.67,-0.2,-2.05,-0.78
"3448",3448,"Alberigo Evani",1994,"Italy",-0.39,-0.57,-0.6,-0.73,-1.12,-0.94,-0.82,-0.96,-0.85,-0.82,-0.55,-0.58,-0.66,-1.18,-0.93,-0.78,-1.9,-0.83
"3449",3449,"Alessandro Costacurta",1994,"Italy",-0.39,-0.62,-0.6,-0.73,1.21,1.09,-0.82,0.3,0.18,1.05,1.99,2.11,0.12,-0.18,-0.09,-0.84,1.39,-0.00749999999999995
"3450",3450,"Antonio Benarrivo",1994,"Italy",-0.39,-0.62,-0.32,-0.17,0.7,0.66,0.27,2.57,1.36,0.66,0.68,-0.58,0.9,-0.18,0.91,-0.33,3.23,0.795
"3451",3451,"Antonio Conte",1994,"Italy",-0.39,-0.51,-0.6,-0.54,-1.19,-1.17,-0.55,-0.88,-0.65,-0.71,-0.63,-0.58,-0.14,-0.51,-0.26,-0.78,-2.05,-0.8
"3452",3452,"Daniele Massaro",1994,"Italy",0.3,0.38,-0.32,0.64,-0.57,-0.92,-0.14,-0.37,-0.35,-0.62,-0.28,-0.58,0.38,0.32,0.91,0.32,-1.29,-0.4375
"3453",3453,"Demetrio Albertini",1994,"Italy",-0.39,-0.07,-0.04,-0.67,1.47,0.82,-0.41,0.47,0.69,0.17,-0.2,-0.04,-0.4,0.15,0.07,0.33,1.29,0.21
"3454",3454,"Dino Baggio",1994,"Italy",0.98,0.18,-0.6,0.2,-0.07,-0.15,-0.28,-0.62,0.46,-0.01,-0.28,0.44,1.69,1.48,0.41,-0.33,-0.77,-0.4125
"3455",3455,"Franco Baresi",1994,"Italy",-0.39,-0.62,-0.6,-0.73,-0.38,-0.04,-0.69,-0.2,-0.79,-0.43,0.24,-0.33,1.95,-0.68,-0.6,-0.74,-0.24,-0.3825
"3456",3456,"Gianluca Pagliuca",1994,"Italy",-0.39,-0.62,-0.6,-0.73,-0.82,-0.2,-0.82,-0.71,-0.97,-0.87,-0.55,-0.58,-0.66,-1.01,-0.93,-0.88,-0.91,-0.5825
"3457",3457,"Giuseppe Signori",1994,"Italy",-0.39,0.22,2.48,0.26,-0.31,-0.06,1.37,0.89,-0.2,0.01,-0.46,-0.58,-0.66,0.48,0.74,1.96,0.83,1.17
"3458",3458,"Luca Marchegiani",1994,"Italy",-0.39,-0.62,-0.6,-0.73,-0.7,0.21,-0.82,-1.04,-0.97,-0.87,-0.72,-0.58,-0.66,-1.18,-0.93,-0.88,-0.83,-0.5625
"3459",3459,"Luigi Apolloni",1994,"Italy",-0.39,-0.62,-0.6,-0.67,-0.63,-0.49,-0.41,-0.71,-0.18,-0.42,-0.55,-0.58,-0.66,-0.35,-0.6,-0.86,-1.2,-0.5525
"3460",3460,"Mauro Tassotti",1994,"Italy",-0.39,-0.62,-0.04,-0.61,-0.7,-0.4,-0.28,-0.71,-0.53,-0.71,-0.63,-0.58,-0.4,-1.01,-0.93,-0.53,-1.11,-0.3575
"3461",3461,"Nicola Berti",1994,"Italy",-0.39,0.07,-0.6,0.51,-0.2,-0.42,1.1,-0.12,0.54,-0.34,-0.11,-0.22,1.16,0.48,1.25,-0.53,-0.54,-0.01
"3462",3462,"Paolo Maldini",1994,"Italy",-0.39,-0.2,-0.04,0.26,1.12,1.2,-0.14,1.05,0.83,1.44,3.12,0.44,1.16,0.32,0.91,-0.57,2.25,0.5175
"3463",3463,"Pierluigi Casiraghi",1994,"Italy",-0.39,-0.47,-0.32,-0.23,-1.21,-1.17,-0.69,-0.88,-0.88,-0.7,-0.63,0.11,0.38,0.65,-0.26,-0.66,-2.05,-0.765
"3464",3464,"Roberto Baggio",1994,"Italy",3.04,2.69,0.52,2.56,0.32,-0.63,0.82,-0.54,-0.03,-0.58,-0.63,-0.58,-0.66,-0.18,2.75,2.22,-1.17,0.0425
"3465",3465,"Roberto Donadoni",1994,"Italy",-0.39,-0.19,1.92,-0.05,0.94,1.18,3.02,2.15,-0.08,-0.14,-0.28,-0.31,-0.14,-0.51,0.74,2.13,3.33,2.0675
"3466",3466,"Roberto Mussi",1994,"Italy",-0.39,-0.62,-0.6,-0.48,-0.86,-0.67,-0.55,-0.37,-0.26,-0.43,-0.46,-0.04,-0.4,-0.84,-0.76,-0.52,-1.04,-0.5475
"3467",3467,"Alberto Aspe",1994,"Mexico",0.82,1.93,-0.11,-0.51,0,-0.14,2.09,1.63,0.48,-0.28,-0.57,-0.58,-0.66,1.76,0.98,0.44,1.49,0.8675
"3468",3468,"Benjamin Galindo",1994,"Mexico",-0.39,-0.5,0.89,-0.62,-0.06,-0.54,-0.58,0.14,-0.14,-0.87,-0.72,-0.58,-0.66,-1.18,-1.1,1.05,-0.4,-0.0225
"3469",3469,"Carlos Hermosillo",1994,"Mexico",-0.39,-0.18,-0.6,0.48,-0.86,-1.14,-0.1,-1.04,-0.76,-0.87,-0.41,-0.58,0.72,0,-1.1,-0.33,-2.18,-0.72
"3470",3470,"Claudio Suárez",1994,"Mexico",-0.39,-0.62,-0.6,-0.73,1.16,0.54,-0.34,0.59,1.13,0.26,1.14,-0.58,0.72,0,-0.51,-0.88,1.13,0.0475
"3471",3471,"Hugo Sanchez",1994,"Mexico",-0.39,-0.33,-0.6,-0.51,-1.11,-1.18,-0.82,-1.04,-0.97,-0.87,-0.57,-0.58,-0.66,-1.18,-1.1,-0.26,-2.22,-0.91
"3472",3472,"Ignacio Ambriz",1994,"Mexico",-0.39,-0.06,-0.6,-0.73,3.02,0.3,-0.1,0.74,1.23,0.39,0.36,2.54,0.26,1.46,-0.51,-0.23,1.04,0.085
"3473",3473,"Joaquin Del Olmo",1994,"Mexico",-0.39,-0.53,-0.6,-0.73,0.93,0.98,-0.1,0.59,2.28,-0.7,-0.41,-0.58,-0.2,1.17,0.09,-0.28,1.57,0.2175
"3474",3474,"Jorge Campos",1994,"Mexico",-0.39,-0.62,-0.6,-0.73,0.51,1.62,-0.58,-0.9,-0.97,-0.87,-0.72,-0.58,-0.66,-1.18,0.38,-0.88,0.72,-0.115
"3475",3475,"Jorge Rodriguez",1994,"Mexico",-0.39,-0.62,0.39,-0.29,0.99,0.94,0.15,2.08,0.66,0.67,0.21,2.44,-0.66,-0.88,-0.21,-0.06,3.02,0.89
"3476",3476,"Juan de Dios Ramirez",1994,"Mexico",-0.39,-0.62,-0.6,-0.73,1.44,1.18,-0.82,1.18,1.6,0.4,1.6,0.95,0.72,-0.3,0.98,-0.78,2.36,0.235
"3477",3477,"Luis Garcia",1994,"Mexico",2.04,1.84,-0.6,1.14,-0.13,-0.94,0.39,-0.3,-0.16,-0.87,-0.57,-0.58,-0.66,1.76,0.09,-0.23,-1.24,-0.3625
"3478",3478,"Luis Valdez",1994,"Mexico",-0.39,-0.53,-0.6,-0.73,-1.24,-1.14,-0.82,-1.04,-0.97,-0.25,-0.72,-0.58,-0.66,-1.18,-0.8,-0.73,-2.18,-0.9
"3479",3479,"Marcelino Bernal",1994,"Mexico",0.82,0.51,-0.11,0.81,1.09,1.34,1.12,1.33,1.42,0.12,-0.1,1.46,0.26,0.29,-0.21,1.05,2.67,0.92
"3480",3480,"Ramón Ramírez",1994,"Mexico",-0.39,-0.39,0.39,-0.18,0.36,0.66,0.88,2.22,0.68,0.38,0.05,0.95,-0.66,-0.59,0.98,-0.08,2.88,1.0375
"3481",3481,"Raúl Gutiérrez",1994,"Mexico",-0.39,-0.62,-0.6,-0.73,-0.96,-0.74,-0.82,-1.04,-0.26,-0.87,-0.57,-0.58,-0.2,-0.88,-0.51,-0.88,-1.78,-0.8
"3482",3482,"Zague",1994,"Mexico",-0.39,0.57,-0.6,2.57,-0.32,-0.62,1.12,1.48,0.3,-0.48,-0.57,0.55,0.72,1.46,1.86,-0.16,0.86,0.345
"3483",3483,"Abdelkrim El Hadrioui",1994,"Morocco",-0.39,-0.28,0.12,-0.57,0.93,2.48,0.23,2.6,0.84,0.06,0.17,1.27,2.01,-0.33,-0.24,0.96,5.08,1.3575
"3484",3484,"Abdelmajid Bouyboud",1994,"Morocco",-0.39,-0.49,-0.6,-0.73,-1.19,-0.98,-0.82,-0.62,-0.97,-0.8,-0.72,-0.58,-0.66,-1.18,-0.24,-0.88,-1.6,-0.755
"3485",3485,"Abdelslam El Ghrissi",1994,"Morocco",-0.39,0.32,-0.6,-0.1,-1.15,-1.04,-0.82,-0.83,-0.54,-0.87,-0.72,-0.58,-0.66,-1.18,-1.1,0.31,-1.87,-0.8225
"3486",3486,"Ahmed Bahja",1994,"Morocco",-0.39,0.45,1.55,2.13,-0.41,-0.46,2.34,-0.19,-0.27,-0.87,-0.72,-0.58,0.67,2.21,0.19,2.01,-0.65,0.81
"3487",3487,"El Arbi Hababi",1994,"Morocco",-0.39,0.36,0.83,0.54,0.59,0.23,1.28,2.82,-0.34,-0.15,-0.27,-0.58,-0.66,0.09,-1.1,1.18,3.05,1.29
"3488",3488,"Hassan Nader",1994,"Morocco",1.36,0.71,-0.6,-0.25,-1.23,-1.22,-0.47,-0.4,-0.97,-0.87,-0.72,-0.58,0,-0.75,0.61,-0.77,-1.62,-0.6725
"3489",3489,"Khalil Azmi",1994,"Morocco",-0.39,-0.62,-0.6,-0.73,-0.65,-0.06,-0.82,-1.04,-0.97,-0.87,-0.72,-0.58,-0.66,-1.18,-1.1,-0.88,-1.1,-0.63
"3490",3490,"Mohammed Aziz Samadi",1994,"Morocco",-0.39,-0.58,-0.6,-0.73,-0.77,-0.52,-0.82,-0.19,-0.8,-0.8,-0.5,-0.58,-0.66,0.09,-0.67,-0.88,-0.71,-0.5325
"3491",3491,"Mohammed Chaouch",1994,"Morocco",1.36,2.21,0.12,2.45,-0.54,-0.75,1.63,-0.4,-0.97,-0.29,-0.72,-0.58,-0.66,-1.18,0.19,0.93,-1.15,0.15
"3492",3492,"Mustafa El Haddaoui",1994,"Morocco",-0.39,-0.54,0.12,-0.73,-0.79,-0.52,-0.82,-0.4,-0.97,-0.87,-0.72,-0.58,-0.66,-0.33,-0.67,0.02,-0.92,-0.405
"3493",3493,"Mustapha Hadji",1994,"Morocco",-0.39,0.54,0.83,2.6,-0.52,-0.75,1.28,0.89,-0.74,-0.67,-0.72,0.41,-0.66,0.09,0.19,0.31,0.14,0.5625
"3494",3494,"Nacer Abdellah",1994,"Morocco",-0.39,-0.45,0.12,-0.57,-0.39,0.23,0.23,0.67,0.82,-0.67,0.17,-0.58,-0.66,0.94,-0.67,-0.41,0.9,0.3125
"3495",3495,"Nourredine Naybet",1994,"Morocco",-0.39,-0.19,-0.6,-0.41,-0.25,0.23,-0.82,0.24,1.48,0.12,1.29,-0.58,-0.66,0.94,-0.24,-0.56,0.47,-0.2375
"3496",3496,"Rachid Azzouzi",1994,"Morocco",-0.39,0.19,0.83,-0.41,0.64,0.52,0.58,0.67,0.98,0.51,-0.72,-0.24,0.67,2.21,1.9,0.42,1.19,0.65
"3497",3497,"Rachid Daoudi",1994,"Morocco",-0.39,1.22,1.55,-0.1,0.43,1.33,1.63,1.96,0.55,-0.32,-0.72,-0.58,-0.66,0.09,-0.24,1.69,3.29,1.6175
"3498",3498,"Rachid Neqrouz",1994,"Morocco",-0.39,-0.62,-0.6,-0.73,-0.98,-0.64,-0.82,-1.04,-0.72,-0.87,1.07,-0.58,-0.66,-1.18,-0.67,-0.88,-1.68,-0.775
"3499",3499,"Smahi Triki",1994,"Morocco",-0.39,-0.07,-0.6,0.06,0.11,-0.06,-0.12,-0.62,0.83,0.17,1.96,1.41,0,0.09,0.19,-0.7,-0.68,-0.35
"3500",3500,"Tahar El-Khalej",1994,"Morocco",-0.39,0.11,0.12,-0.25,-0.1,-0.18,-0.12,-0.4,0.05,-0.04,-0.27,1.97,2.67,0.09,-0.24,0.78,-0.58,-0.145
"3501",3501,"Zakaria El Alaoui Achraf",1994,"Morocco",-0.39,-0.62,-0.6,-0.73,-1.17,-0.75,-0.82,-1.04,-0.89,-0.87,-0.72,-0.58,-0.66,-1.18,-0.67,-0.88,-1.79,-0.8025
"3502",3502,"Aron Winter",1994,"Netherlands",0.66,0.18,-0.6,-0.16,0.26,0.1,0.02,-0.4,0.91,1.8,-0.45,0.25,0.94,0.09,-0.33,-0.58,-0.3,-0.22
"3503",3503,"Bryan Roy",1994,"Netherlands",0.66,1.21,0.69,1.27,-0.21,-0.59,0.86,0.5,-0.26,0.42,-0.72,-0.58,-0.66,-0.41,-0.07,1.2,-0.09,0.365
"3504",3504,"Dennis Bergkamp",1994,"Netherlands",2.76,1.85,-0.17,4.32,0.09,-0.49,2.34,-0.14,-0.44,-0.42,-0.72,-0.58,-0.26,1.11,1.47,3.27,-0.63,0.385
"3505",3505,"Ed de Goey",1994,"Netherlands",-0.39,-0.62,-0.6,-0.73,-0.03,1.56,-0.82,-1.04,-0.76,-0.87,-0.45,-0.58,-0.66,-1.18,-0.84,-0.88,0.52,-0.225
"3506",3506,"Frank Rijkaard",1994,"Netherlands",-0.39,0.07,-0.6,1.18,0.54,0,-0.61,0.37,1.76,1.37,-0.05,-0.58,0.54,1.36,-0.58,-0.01,0.37,-0.21
"3507",3507,"Frank de Boer",1994,"Netherlands",-0.39,-0.19,-0.17,0.03,1.58,2.32,-0.4,1.66,0.18,3.5,0.75,1.61,0.14,0.09,-0.33,0.14,3.98,0.8525
"3508",3508,"Gaston Taument",1994,"Netherlands",0.66,-0.55,-0.17,0.13,-1.03,-1.08,-0.19,0.37,-0.04,-0.42,-0.59,-0.58,-0.26,0.09,-0.33,-0.3,-0.71,-0.2675
"3509",3509,"Jan Wouters",1994,"Netherlands",-0.39,-0.49,-0.17,-0.25,0.95,0.69,-0.4,0.24,1.94,1.51,-0.18,-0.58,-0.66,0.6,-0.33,0.16,0.93,0.09
"3510",3510,"Marc Overmars",1994,"Netherlands",-0.39,-0.26,1.12,0.03,-0.2,-0.56,2.13,1.02,-0.33,-0.06,-0.72,0.35,-0.66,-0.67,0.44,1.33,0.46,0.9275
"3511",3511,"Peter van Vossen",1994,"Netherlands",-0.39,-0.26,-0.6,-0.06,-0.74,-1.08,1.7,-0.79,-0.67,-0.87,-0.72,-0.58,-0.66,1.11,0.96,-0.45,-1.87,-0.1925
"3512",3512,"Rob Witschge",1994,"Netherlands",-0.39,0.05,-0.17,-0.35,0.35,0.34,-0.61,-0.27,-0.54,0.71,0.22,0.35,-0.66,0.09,-0.58,-0.34,0.07,-0.1775
"3513",3513,"Ronald Koeman",1994,"Netherlands",-0.39,0.48,-0.17,-0.73,2.69,2.56,-0.82,1.53,1.89,3.78,0.08,0.33,-0.26,0.86,-0.58,0.31,4.09,0.775
"3514",3514,"Ronald de Boer",1994,"Netherlands",-0.39,-0.37,-0.17,0.51,-0.7,-1.01,-0.4,-0.79,-0.97,-0.7,-0.59,-0.58,-0.66,-0.92,-0.58,0.64,-1.8,-0.5925
"3515",3515,"Stan Valckx",1994,"Netherlands",-0.39,-0.13,-0.17,-0.25,0.89,0.69,-0.82,-0.01,0.01,2.68,0.89,2.55,0.54,1.36,-0.33,-0.67,0.68,-0.0775
"3516",3516,"Ulrich van Gobbel",1994,"Netherlands",-0.39,-0.47,-0.6,-0.44,-0.81,-0.73,-0.82,-0.92,-0.65,1.66,-0.59,2.16,-0.26,-0.67,-0.84,-0.69,-1.65,-0.7675
"3517",3517,"Wim Jonk",1994,"Netherlands",1.71,0.18,2.83,-0.64,2.16,0.93,0.86,0.5,-0.05,1.03,-0.18,-0.58,0.14,0.86,0.44,2.42,1.43,1.28
"3518",3518,"Augustine Eguavoen",1994,"Nigeria",-0.39,-0.56,-0.11,-0.62,0.23,0.82,-0.34,0.44,-0.1,0.23,0.67,-0.22,-0.2,1.76,-0.21,-0.53,1.26,0.2025
"3519",3519,"Ben Iroha",1994,"Nigeria",-0.39,-0.62,-0.6,-0.73,-0.8,-0.42,-0.58,-0.6,-0.79,-0.08,-0.41,-0.58,0.26,-0.3,-1.1,-0.61,-1.02,-0.55
"3520",3520,"Chidi Nwanu",1994,"Nigeria",-0.39,-0.62,0.39,-0.73,0.71,0.46,-0.34,-0.15,0.59,0.68,2.68,3.64,0.26,1.17,-0.51,-0.48,0.31,0.09
"3521",3521,"Daniel Amokachi",1994,"Nigeria",2.04,1.07,-0.11,1.47,0,-0.7,0.88,0.74,0.55,-0.73,-0.72,0.18,-0.2,1.17,0.68,1.25,0.04,0.2025
"3522",3522,"Emmanuel Amunike",1994,"Nigeria",2.04,1.25,1.38,1.14,0,0.02,3.55,2.37,0.07,1,-0.41,0.19,-0.66,0,-0.51,1.05,2.39,1.83
"3523",3523,"Finidi George",1994,"Nigeria",0.82,-0.09,3.86,0.04,0.65,0.78,1.36,4.16,0.16,-0.17,-0.57,1.31,0.72,1.76,-0.51,2.15,4.94,2.54
"3524",3524,"Jay-Jay Okocha",1994,"Nigeria",-0.39,0.27,-0.6,-0.51,-0.21,-0.54,3.8,0.59,-0.32,-0.37,-0.57,-0.58,-0.66,-0.88,-0.51,0.77,0.0499999999999999,0.8125
"3525",3525,"Michael Emenalo",1994,"Nigeria",-0.39,-0.62,0.39,-0.62,0.71,0.82,0.15,0.44,0.2,0.36,0.67,0.18,-0.66,2.64,-0.51,-0.11,1.26,0.45
"3526",3526,"Mutiu Adepoju",1994,"Nigeria",-0.39,0.12,-0.6,0.7,-0.5,-0.66,-0.1,0.29,-0.53,-0.53,-0.41,-0.58,0.26,0.58,0.38,0.39,-0.37,-0.2675
"3527",3527,"Peter Rufai",1994,"Nigeria",-0.39,-0.62,-0.6,-0.73,-0.5,0.62,-0.82,-1.04,-0.97,-0.87,-0.1,-0.58,-0.66,-1.18,-1.1,-0.78,-0.42,-0.46
"3528",3528,"Rasheed Yekini",1994,"Nigeria",0.82,2.56,0.39,2.68,-0.6,-0.94,1.85,0,-0.79,-0.61,-0.72,-0.58,-0.66,0,0.38,0.22,-0.94,0.325
"3529",3529,"Samson Siasia",1994,"Nigeria",0.82,0.06,-0.11,0.04,-0.54,-0.82,0.15,0.14,-0.12,-0.38,-0.26,-0.58,-0.66,1.46,0.68,0.22,-0.68,-0.16
"3530",3530,"Stephen Keshi",1994,"Nigeria",-0.39,-0.62,-0.6,-0.73,-0.75,-0.74,-0.82,-1.04,-0.75,-0.3,0.21,0.35,-0.2,-0.59,-0.8,-0.73,-1.78,-0.8
"3531",3531,"Sunday Oliseh",1994,"Nigeria",-0.39,-0.24,-0.6,-0.62,1.03,0.22,1.61,-0.75,1.78,-0.06,0.21,0.96,1.18,2.34,-0.8,-0.23,-0.53,0.12
"3532",3532,"Thompson Oliha",1994,"Nigeria",-0.39,-0.48,-0.6,-0.73,-0.83,-1.02,-0.1,-0.6,-0.79,-0.72,-0.41,-0.58,-0.66,-0.88,-0.8,-0.66,-1.62,-0.58
"3533",3533,"Uche Okechukwu",1994,"Nigeria",-0.39,-0.62,-0.6,-0.4,0.67,0.34,-0.58,-0.9,0.05,1.19,2.22,4.28,0.26,1.17,-0.8,-0.73,-0.56,-0.435
"3534",3534,"Alf-Inge Håland",1994,"Norway",-0.39,-0.62,-0.6,-0.73,-0.56,-0.12,0.23,-0.62,-0.61,-0.39,1.07,-0.58,0,0.52,0.19,-0.27,-0.74,-0.2775
"3535",3535,"Erik Mykland",1994,"Norway",-0.39,-0.54,0.12,-0.1,0.2,-0.35,0.23,-0.4,0.41,0.34,0.17,-0.31,2.01,-0.33,0.19,0.17,-0.75,-0.1
"3536",3536,"Erik Thorstvedt",1994,"Norway",-0.39,-0.62,-0.6,-0.73,0.01,1.38,-0.82,-0.62,-0.9,-0.87,-0.5,-0.58,-0.66,-1.18,-0.24,-0.88,0.76,-0.165
"3537",3537,"Erland Johnsen",1994,"Norway",-0.39,-0.62,-0.6,-0.73,-1,-0.64,-0.82,-0.83,-0.79,-0.87,1.29,-0.58,0,-1.18,-0.67,-0.88,-1.47,-0.7225
"3538",3538,"Gunnar Halle",1994,"Norway",-0.39,-0.62,-0.6,-0.73,-1.11,-0.81,-0.82,-1.04,-0.97,-0.66,-0.72,-0.31,-0.66,0.94,-0.24,-0.45,-1.85,-0.8175
"3539",3539,"Göran Sörloth",1994,"Norway",-0.39,-0.28,0.12,0.22,-1.13,-0.93,-0.82,-0.83,-0.97,-0.87,-0.72,-0.58,0,-0.33,-0.67,-0.27,-1.76,-0.615
"3540",3540,"Henning Berg",1994,"Norway",-0.39,-0.62,0.12,0.22,0.34,0.63,-0.82,-0.62,-0.39,-0.46,2.63,0.85,2.01,-1.18,0.19,-0.23,0.01,-0.1725
"3541",3541,"Jan-Age Fjørtoft",1994,"Norway",-0.39,0.71,-0.6,0.22,-1.11,-1.22,-0.82,-0.83,-0.97,-0.87,-0.72,-0.58,0.67,0.94,-0.24,-0.59,-2.05,-0.8675
"3542",3542,"Jostein Flo",1994,"Norway",-0.39,0.45,0.83,2.92,-0.39,0.17,-0.12,-0.19,-0.4,-0.41,0.17,-0.31,7.35,4.75,-0.24,1.32,-0.02,0.1725
"3543",3543,"Kjetil Rekdal",1994,"Norway",1.36,0.15,-0.6,-0.57,-0.41,-0.12,-0.82,-0.83,0.07,-0.36,-0.27,-0.58,-0.66,-0.33,-1.1,-0.56,-0.95,-0.5925
"3544",3544,"Lars Bohinen",1994,"Norway",-0.39,-0.62,0.83,0.22,-0.12,-0.18,0.58,0.24,-0.44,-0.41,-0.05,0.85,-0.66,2.21,-0.67,1.04,0.06,0.3675
"3545",3545,"Mini Jakobsen",1994,"Norway",-0.39,-0.11,0.83,0.54,-0.94,-0.75,-0.12,-0.19,-0.79,-0.87,-0.72,-0.58,0,0.94,-0.24,0.46,-0.94,-0.0575
"3546",3546,"Rune Bratseth",1994,"Norway",-0.39,0.06,-0.6,1.33,0.13,-0.06,-0.82,0.46,-0.16,-0.36,3.75,1.71,2.01,-0.33,0.61,-0.45,0.4,-0.255
"3547",3547,"Sigurd Rushfeldt",1994,"Norway",-0.39,-0.62,-0.6,-0.57,-1.32,-1.04,-0.12,-0.62,-0.64,-0.87,-0.5,-0.58,0.67,-0.33,-0.24,-0.88,-1.66,-0.595
"3548",3548,"Stig Inge Bjornebye",1994,"Norway",-0.39,-0.54,1.55,-0.73,0.89,3.35,0.58,0.67,-0.57,-0.35,2.63,-0.58,0,0.52,-0.24,1.65,4.02,1.5375
"3549",3549,"Øyvind Leonhardsen",1994,"Norway",-0.39,-0.45,-0.6,0.38,-0.52,-0.75,-0.47,-0.62,-0.77,-0.29,0.17,1.56,-0.66,2.64,-0.67,-0.23,-1.37,-0.61
"3550",3550,"Andy Townsend",1994,"Rep of Ireland",-0.39,0.73,0.47,0.82,0.7,-0.13,-0.56,-0.4,0.47,0.2,0.12,-0.58,2.84,-0.22,-0.46,-0.04,-0.53,-0.155
"3551",3551,"Denis Irwin",1994,"Rep of Ireland",-0.39,-0.59,-0.6,-0.73,0.02,0.17,-0.56,-0.4,-0.66,0.06,-0.22,-0.58,-0.16,1.05,-0.46,-0.39,-0.23,-0.3475
"3552",3552,"Gary Kelly",1994,"Rep of Ireland",-0.39,-0.62,0.47,-0.73,-0.33,0.26,-0.56,0.08,-0.01,1.02,0.28,-0.58,0.84,0.41,1.47,-0.04,0.34,0.0625
"3553",3553,"Jason McAteer",1994,"Rep of Ireland",-0.39,-0.53,1.55,0.58,-0.69,-0.48,2.07,0.73,-0.05,-0.34,-0.55,-0.58,0.34,-0.22,-0.14,0.8,0.25,0.9675
"3554",3554,"John Aldridge",1994,"Rep of Ireland",0.93,0.02,-0.6,0.58,-1.21,-1.17,-0.56,-1.04,-0.97,-0.87,-0.72,-0.58,0.34,-0.22,-0.46,-0.88,-2.21,-0.8425
"3555",3555,"John Sheridan",1994,"Rep of Ireland",-0.39,0.66,0.47,0.7,1.17,-0.09,-0.3,-0.4,0.55,1,0.28,-0.58,0.34,0.73,0.51,1.21,-0.49,-0.08
"3556",3556,"Pat Bonner",1994,"Rep of Ireland",-0.39,-0.62,-0.6,-0.73,-0.39,1.17,-0.82,0.89,-0.97,-0.87,-0.05,-0.58,-0.66,-1.18,-0.78,-0.88,2.06,0.16
"3557",3557,"Paul McGrath",1994,"Rep of Ireland",-0.39,-0.59,-0.6,-0.61,0.1,-0.22,-0.82,-0.88,-0.5,2.28,0.95,1.49,3.34,-0.54,0.19,-0.77,-1.1,-0.63
"3558",3558,"Phil Babb",1994,"Rep of Ireland",-0.39,-0.46,-0.6,-0.37,0.05,0.21,-0.3,-0.4,0.1,1.55,1.46,0.12,2.34,-0.86,0.19,-0.77,-0.19,-0.2725
"3559",3559,"Ray Houghton",1994,"Rep of Ireland",0.93,0.15,1.01,0.82,0.27,0.04,-0.3,0.73,-0.66,0.14,-0.72,0.39,-0.66,0.09,1.15,1.13,0.77,0.37
"3560",3560,"Roy Keane",1994,"Rep of Ireland",-0.39,0.28,-0.06,0.34,1.03,-0.78,1.02,0.73,0.16,-0.47,0.12,-0.58,1.84,1.68,1.79,0.15,-0.05,0.2275
"3561",3561,"Stephen Staunton",1994,"Rep of Ireland",-0.39,-0.2,1.55,-0.49,-0.04,1.04,-0.82,-0.72,-0.89,0.41,-0.22,-0.58,-0.16,-0.22,0.19,0.61,0.32,0.2625
"3562",3562,"Terry Phelan",1994,"Rep of Ireland",-0.39,-0.62,0.47,-0.14,-0.01,0.3,-0.3,-0.24,-0.42,-0.4,0.12,-0.58,0.84,0.09,0.19,-0.29,0.06,0.0575
"3563",3563,"Thomas Coyne",1994,"Rep of Ireland",-0.39,0.25,-0.06,1.18,-0.8,-1.22,-0.82,-1.04,-0.97,-0.87,-0.72,-0.58,2.34,0.41,0.83,-0.15,-2.26,-0.785
"3564",3564,"Bogdan Stelea",1994,"Romania",-0.39,-0.62,-0.6,-0.73,-1.1,-0.73,-0.82,-1.04,-0.97,-0.87,-0.72,-0.58,-0.66,-1.18,-1.1,-0.88,-1.77,-0.7975
"3565",3565,"Dan Petrescu",1994,"Romania",0.6,0.03,-0.6,0.79,1.06,0.6,0.76,1.61,0.57,-0.25,0.41,-0.58,-0.29,0.25,-0.62,0.11,2.21,0.5925
"3566",3566,"Daniel Prodan",1994,"Romania",-0.39,-0.6,-0.6,-0.55,0.27,-0.01,-0.63,-0.2,-0.34,0.36,2.04,1.29,1.96,2.64,-0.62,-0.62,-0.21,-0.36
"3567",3567,"Dorinel Munteanu",1994,"Romania",-0.39,-0.43,-0.2,-0.46,0.85,0.93,0.76,2.21,-0.21,-0.42,0.03,-0.58,0.09,0.02,-0.14,0.05,3.14,0.925
"3568",3568,"Florin Prunea",1994,"Romania",-0.39,-0.62,-0.6,-0.73,-0.78,0.02,-0.82,-1.04,-0.97,-0.87,-0.72,-0.58,-0.66,-1.18,-0.86,-0.88,-1.02,-0.61
"3569",3569,"Florin Raducioiu",1994,"Romania",3.55,1.45,-0.6,1.77,-0.65,-1.15,0.76,0.04,-0.31,-0.58,-0.72,-0.58,-0.66,-0.22,0.83,0.18,-1.11,-0.2375
"3570",3570,"Gheorghe Hagi",1994,"Romania",2.57,1.5,0.61,0.16,1.07,0.7,3.52,4.27,-0.23,-0.59,0.03,-0.58,1.21,0.25,4.92,1.19,4.97,2.275
"3571",3571,"Gheorghe Mihali",1994,"Romania",-0.39,-0.48,-0.6,-0.64,-0.62,-0.73,-0.63,-0.2,0.01,-0.53,1.29,0.46,-0.29,0.25,0.11,-0.82,-0.93,-0.54
"3572",3572,"Gheorghe Popescu",1994,"Romania",-0.39,0.03,-0.6,0.07,0.58,-0.47,0.36,0.28,-0.06,-0.15,0.91,0.44,1.96,1.21,-0.14,-0.64,-0.19,-0.1075
"3573",3573,"Ilie Dumitrescu",1994,"Romania",1.58,0.83,0.2,1.59,0.16,-0.63,0.56,1.25,-0.52,-0.73,-0.72,-0.58,-0.66,-0.46,1.07,0.77,0.62,0.345
"3574",3574,"Ioan Lupescu",1994,"Romania",-0.39,-0.36,-0.2,-0.73,1.19,-0.18,0.56,0.52,0.02,-0.5,0.41,0.3,-0.29,0.25,1.31,-0.29,0.34,0.175
"3575",3575,"Miodrag Belodedici",1994,"Romania",-0.39,-0.55,-0.6,-0.73,0.78,0.44,-0.63,-0.32,-0.15,-0.06,2.17,0.37,0.46,0.02,-0.86,-0.86,0.12,-0.2775
"3576",3576,"Nica Panduru",1994,"Romania",-0.39,-0.53,-0.6,-0.37,-1.17,-1.09,-0.03,-0.08,-0.76,-0.69,-0.72,-0.58,-0.66,-0.7,-1.1,-0.88,-1.17,-0.45
"3577",3577,"Tibor Selymes",1994,"Romania",-0.39,-0.62,0.2,-0.64,-0.37,-0.47,-0.03,-0.2,-0.24,-0.28,0.16,-0.58,-0.66,0.49,-0.62,-0.29,-0.67,-0.125
"3578",3578,"Aleksandr Borodyuk",1994,"Russia",-0.39,0.24,-0.6,0.06,-0.86,-1.22,-0.82,-0.83,-0.97,-0.87,-0.72,-0.58,0,-0.33,-0.24,-0.88,-2.05,-0.8675
"3579",3579,"Aleksandr Mostovoi",1994,"Russia",-0.39,-0.24,-0.6,-0.41,-0.46,-0.52,0.23,1.1,-0.66,-0.34,-0.72,-0.58,-0.66,-0.33,-1.1,-0.38,0.58,0.0525
"3580",3580,"Andrei Piatnitski",1994,"Russia",-0.39,-0.58,-0.6,-0.73,-0.29,-0.46,-0.82,-0.62,-0.55,-0.32,-0.5,0.31,-0.66,-0.75,-0.67,-0.3,-1.08,-0.625
"3581",3581,"Dimitri Kuznetsov",1994,"Russia",-0.39,-0.62,-0.6,-0.25,0.66,-0.58,-0.82,-0.4,0.15,-0.42,-0.27,-0.58,0,0.09,0.19,-0.67,-0.98,-0.6
"3582",3582,"Dmitri Galiamin",1994,"Russia",-0.39,-0.62,-0.6,-0.73,-0.92,-0.64,-0.47,-0.62,-0.97,-0.07,-0.72,-0.58,-0.66,-1.18,-1.1,-0.23,-1.26,-0.5825
"3583",3583,"Dmitri Kharin",1994,"Russia",-0.39,-0.62,-0.6,-0.73,-0.94,-0.29,-0.82,-1.04,-0.97,-0.87,-0.72,-0.58,-0.66,-1.18,-1.1,-0.88,-1.33,-0.6875
"3584",3584,"Dmitri Khlestov",1994,"Russia",-0.39,-0.62,0.12,-0.57,0.34,0.98,0.23,0.89,1.29,1.92,2.63,0.31,0,0.09,1.04,-0.12,1.87,0.555
"3585",3585,"Dmitri Popov",1994,"Russia",-0.39,-0.62,-0.6,-0.73,-1.09,-0.7,-0.82,-0.83,-0.97,-0.61,-0.72,-0.58,-0.66,-0.75,-1.1,-0.88,-1.53,-0.7375
"3586",3586,"Dmitri Radchenko",1994,"Russia",1.36,0.45,-0.6,1.18,-0.2,-0.58,0.58,1.1,0.08,-0.13,-0.27,0.72,0,0.94,-0.67,0.49,0.52,0.125
"3587",3587,"Igor Korneev",1994,"Russia",-0.39,-0.15,-0.6,-0.25,-0.67,-0.52,-0.82,-1.04,1.71,-0.28,-0.72,-0.58,-0.66,-0.75,-0.24,-0.38,-1.56,-0.745
"3588",3588,"Igor Lediakhov",1994,"Russia",-0.39,-0.02,-0.6,0.22,-1.07,-1.16,-0.47,-1.04,-0.63,-0.87,-0.72,-0.58,-0.66,-1.18,-0.67,-0.85,-2.2,-0.8175
"3589",3589,"Ilja Tsymbalar",1994,"Russia",-0.39,0.11,2.26,0.54,0.05,0.46,0.58,1.1,-0.09,0.75,-0.5,-0.58,0,-1.18,0.61,0.38,1.56,1.1
"3590",3590,"Oleg Salenko",1994,"Russia",10.12,8.48,-0.6,2.76,-0.79,-1.1,0.58,-0.19,0.88,-0.28,-0.72,-0.58,0,1.36,-0.67,-0.05,-1.29,-0.3275
"3591",3591,"Omari Tetradze",1994,"Russia",-0.39,-0.41,0.83,-0.73,-1,-0.81,-0.82,-0.83,-0.97,0.31,-0.27,-0.58,-0.66,-1.18,0.19,0.38,-1.64,-0.4075
"3592",3592,"Sergei Yuran",1994,"Russia",-0.39,-0.62,-0.6,-0.73,-1.04,-1.22,-0.47,-1.04,-0.97,-0.87,-0.72,-0.58,-0.66,-0.75,-0.67,-0.88,-2.26,-0.8325
"3593",3593,"Sergej Gorlukowitsch",1994,"Russia",-0.39,-0.54,-0.6,-0.73,-0.41,0.57,-0.82,-0.62,0.16,0.38,-0.5,-0.58,0,0.94,0.19,-0.81,-0.05,-0.3675
"3594",3594,"Stanislav Cherchesov",1994,"Russia",-0.39,-0.62,-0.6,-0.73,-1.07,-0.58,-0.82,-1.04,-0.97,-0.87,-0.72,-0.58,-0.66,-1.18,-1.1,-0.74,-1.62,-0.76
"3595",3595,"Valery Karpin",1994,"Russia",-0.39,-0.37,1.55,0.06,1.12,1.44,0.23,0.46,1.12,-0.01,-0.5,-0.58,0,-1.18,0.19,1.61,1.9,0.92
"3596",3596,"Viktor Onopko",1994,"Russia",-0.39,-0.49,-0.6,-0.41,1.27,1.33,-0.82,-0.83,0.94,2.25,3.3,2.03,1.34,0.09,-0.24,-0.12,0.5,-0.23
"3597",3597,"Vladislav Ternavski",1994,"Russia",-0.39,-0.62,-0.6,-0.73,-0.12,0.29,-0.47,-0.83,0.45,0.93,1.51,-0.58,0,0.52,-1.1,-0.88,-0.54,-0.4025
"3598",3598,"Yuri Nikiforov",1994,"Russia",-0.39,-0.11,-0.6,-0.73,0.76,1.04,-0.47,0.46,1.23,2.16,2.63,2.51,0.67,0.09,-0.67,-0.7,1.5,0.1075
"3599",3599,"Abdullah Zubromawi",1994,"Saudi Arabia",-0.39,-0.62,-0.06,-0.73,-0.28,0.26,-0.82,-0.56,-0.16,0.42,2.46,0.75,1.34,-0.54,-0.46,-0.39,-0.3,-0.295
"3600",3600,"Ahmed Dukhi Al Dosari",1994,"Saudi Arabia",-0.39,-0.62,-0.06,-0.73,-1.18,-0.78,-0.56,-0.88,-0.85,-0.61,-0.05,-0.43,-0.66,-0.86,-0.78,-0.42,-1.66,-0.57
"3601",3601,"Ahmed Madani",1994,"Saudi Arabia",-0.39,-0.43,-0.6,-0.02,-0.45,0.08,-0.56,-0.4,-0.33,-0.04,4.97,1.21,1.34,1.05,-0.14,0.07,-0.32,-0.37
"3602",3602,"Fahad Al Bishi",1994,"Saudi Arabia",-0.39,0.66,1.01,0.7,0.43,0.17,0.76,1.05,-0.61,-0.52,-0.72,-0.58,-0.66,-0.54,1.79,0.45,1.22,0.7475
"3603",3603,"Fahad Al Gheshayan",1994,"Saudi Arabia",0.93,0.02,-0.6,0.1,-1.32,-1.17,-0.03,0.4,-0.55,-0.87,-0.72,-0.58,-0.66,-1.18,-0.46,-0.77,-0.77,-0.35
"3604",3604,"Fuad Amin",1994,"Saudi Arabia",2.24,-0.14,-0.06,-0.49,0.27,0.73,-0.3,1.53,-0.37,0.19,0.62,-0.28,-0.16,-0.22,-0.78,-0.04,2.26,0.475
"3605",3605,"Hamzah Falatah",1994,"Saudi Arabia",-0.39,1.5,-0.6,1.29,-0.85,-1.09,0.49,0.89,-0.97,-0.74,-0.55,-0.39,-0.66,0.09,1.15,0.26,-0.2,-0.0775
"3606",3606,"Hamzah Saleh",1994,"Saudi Arabia",-0.39,-0.53,-0.6,-0.73,-0.31,-0.22,-0.3,-0.08,-0.89,-0.22,0.28,-0.39,-0.16,-0.54,0.19,-0.23,-0.3,-0.3
"3607",3607,"Kahlid Al Muwallid",1994,"Saudi Arabia",-0.39,-0.04,2.08,-0.37,-0.26,-0.18,1.02,0.57,-0.03,-0.46,-0.22,-0.11,-0.66,1.36,-0.46,-0.1,0.39,0.8725
"3608",3608,"Majed Mohammed",1994,"Saudi Arabia",-0.39,-0.2,-0.6,-0.02,-1.32,-1.13,-0.56,-1.04,-0.97,-0.87,-0.72,-0.58,0.34,-0.86,-0.78,-0.8,-2.17,-0.8325
"3609",3609,"Mohamed Al Jawad",1994,"Saudi Arabia",-0.39,-0.11,-0.06,-0.73,0.01,0.52,-0.03,0.89,-0.5,-0.37,2.13,0.08,-0.66,0.41,1.15,-0.45,1.41,0.33
"3610",3610,"Mohammed Al Khilaiwi",1994,"Saudi Arabia",-0.39,-0.62,-0.6,-0.49,-0.7,-0.52,-0.56,-0.56,-0.5,-0.33,3.3,3.06,-0.16,-0.54,-0.14,-0.88,-1.08,-0.56
"3611",3611,"Mohammed Al-Deayea",1994,"Saudi Arabia",-0.39,-0.62,-0.6,-0.73,-0.33,0.82,-0.82,-1.04,-0.93,-0.84,-0.72,-0.58,-0.66,-1.18,-0.78,-0.64,-0.22,-0.41
"3612",3612,"Saeed Owairan",1994,"Saudi Arabia",0.93,1.5,0.47,0.34,-0.17,-0.35,1.02,0.89,-0.86,-0.61,-0.05,0.08,0.34,-0.22,0.19,0.91,0.54,0.5075
"3613",3613,"Sami Al-Jaber",1994,"Saudi Arabia",0.93,2.11,-0.6,0.46,-1.08,-1.22,0.76,0.73,-0.86,-0.87,-0.72,-0.58,-0.16,0.41,0.51,-0.04,-0.49,-0.0825
"3614",3614,"Talal Jebreen",1994,"Saudi Arabia",-0.39,-0.53,-0.6,-0.73,-0.2,-0.35,-0.03,-0.88,-0.38,0.1,0.62,0.04,0.84,0.41,-1.1,-0.58,-1.23,-0.465
"3615",3615,"Ha Seok-Ju",1994,"South Korea",-0.39,-0.24,0.12,-0.41,-1.04,-0.98,-0.82,-1.04,-0.97,-0.87,-0.72,-0.58,-0.66,-1.18,-1.1,-0.59,-2.02,-0.68
"3616",3616,"Hong Ji Shin",1994,"South Korea",-0.39,-0.37,1.55,-0.25,1.46,1.56,0.23,0.67,0.73,0.36,-0.27,-0.58,0.67,0.52,-0.67,-0.23,2.23,1.0025
"3617",3617,"In Young Choi",1994,"South Korea",-0.39,-0.62,-0.6,-0.73,-0.1,1.27,-0.82,-1.04,-0.97,-0.87,-0.72,-0.58,-0.66,-1.18,-1.1,-0.88,0.23,-0.2975
"3618",3618,"Jeong Woon Ko",1994,"South Korea",-0.39,-0.24,5.84,0.06,0.62,-0.06,2.34,3.03,0.21,-0.64,-0.72,1.4,-0.66,1.79,1.9,2.37,2.97,2.7875
"3619",3619,"Jin Ho Cho",1994,"South Korea",-0.39,-0.24,-0.6,-0.41,-1.23,-1.16,-0.82,-1.04,-0.45,-0.64,-0.72,-0.58,-0.66,-1.18,-1.1,-0.88,-2.2,-0.905
"3620",3620,"Jong Soon Chung",1994,"South Korea",-0.39,-0.62,-0.6,-0.73,-0.94,-0.58,-0.82,-1.04,-0.7,-0.41,-0.5,0.55,-0.66,-1.18,-0.67,-0.88,-1.62,-0.76
"3621",3621,"Joo-Sung Kim",1994,"South Korea",-0.39,0.49,-0.6,1.02,0.09,-0.41,-0.12,1.1,0.94,-0.87,-0.72,-0.58,-0.66,0.94,3.18,0.85,0.69,-0.00749999999999995
"3622",3622,"Jung Bea Park",1994,"South Korea",-0.39,-0.54,-0.6,-0.1,0.89,0.11,-0.12,0.67,1.64,1.85,2.85,1.4,2.01,1.36,-0.24,-0.63,0.78,0.015
"3623",3623,"Jung-Won Seo",1994,"South Korea",1.36,0.97,0.12,2.6,-0.79,-0.7,1.63,1.32,-0.49,-0.66,-0.72,-0.58,-0.66,-0.33,-0.67,0.17,0.62,0.5925
"3624",3624,"Jung-Yoon Noh",1994,"South Korea",-0.39,0.19,0.12,-0.41,0.2,-0.29,-0.47,-0.19,-0.49,0.17,-0.5,-0.58,-0.66,1.36,-0.67,-0.41,-0.48,-0.2075
"3625",3625,"Lee Woon-Jae",1994,"South Korea",-0.39,-0.62,-0.6,-0.73,-1.21,-0.87,-0.82,-1.04,-0.97,-0.87,-0.72,-0.58,-0.66,-1.18,-1.1,-0.88,-1.91,-0.8325
"3626",3626,"Myung-Bo Hong",1994,"South Korea",3.11,0.02,-0.6,-0.73,1.62,1.15,0.23,1.53,0.94,0.61,0.62,4.4,0,-0.75,-0.24,0.49,2.68,0.5775
"3627",3627,"Pan Keun Kim",1994,"South Korea",-0.39,-0.54,1.55,-0.41,1.06,1.44,-0.47,0.03,-0.47,0.36,-0.5,1.48,0.67,0.09,1.47,1.61,1.47,0.6375
"3628",3628,"Sun Hong Hwang",1994,"South Korea",1.36,2.86,0.12,2.6,-0.56,-0.81,1.28,-0.4,0.51,-0.87,-0.72,-0.58,2.01,1.36,1.9,0.82,-1.21,0.0475
"3629",3629,"Young Il Choi",1994,"South Korea",-0.39,-0.45,-0.6,-0.73,0.3,0.06,-0.82,-0.4,0.21,0.15,0.17,0.55,0,2.21,0.19,0.02,-0.34,-0.44
"3630",3630,"Young Jin Lee",1994,"South Korea",-0.39,-0.15,-0.6,-0.73,0.66,-0.29,0.23,0.46,-0.25,-0.64,-0.5,0.45,-0.66,0.94,-0.67,-0.41,0.17,-0.05
"3631",3631,"Albert Ferrer",1994,"Spain",-0.39,-0.62,0.26,-0.54,0.64,1.31,0.65,0.76,-0.09,0.24,0.89,1.08,-0.26,1.87,-0.33,0.18,2.07,0.745
"3632",3632,"Andoni Zubizarreta",1994,"Spain",-0.39,-0.62,-0.6,-0.73,-0.47,0.97,-0.82,-0.79,-0.97,-0.87,-0.59,-0.58,-0.66,-1.18,-1.1,-0.82,0.18,-0.31
"3633",3633,"Bakero",1994,"Spain",-0.39,-0.62,-0.6,-0.35,0.04,-0.49,-0.82,-0.14,-0.61,-0.29,-0.32,0.01,0.14,-0.41,0.19,-0.82,-0.63,-0.5125
"3634",3634,"Caminero",1994,"Spain",2.76,1.28,-0.6,1.08,-0.23,-0.52,1.7,0.24,-0.11,-0.38,-0.18,0.28,0.54,1.87,-0.58,0.2,-0.28,0.205
"3635",3635,"Felipe Miñambres",1994,"Spain",-0.39,-0.42,-0.17,-0.44,-1.19,-1.18,-0.61,-0.79,-0.67,-0.87,-0.72,-0.58,-0.26,-0.67,-0.58,-0.49,-1.97,-0.6875
"3636",3636,"Fernando Hierro",1994,"Spain",0.66,0.43,-0.6,0.03,0.07,0.03,-0.19,-0.01,-0.02,-0.11,1.16,0.39,1.34,-0.16,-0.58,-0.43,0.02,-0.1925
"3637",3637,"Fernández Abelardo",1994,"Spain",-0.39,0.74,-0.6,0.7,0.04,0.07,-0.82,-0.14,2.01,0.39,1.56,-0.58,0.54,1.11,0.19,-0.71,-0.07,-0.3725
"3638",3638,"Francisco Camarasa",1994,"Spain",-0.39,-0.62,-0.6,-0.64,-0.85,-0.52,-0.61,-0.53,-0.6,-0.19,-0.32,-0.58,-0.26,-0.67,-1.1,-0.6,-1.05,-0.565
"3639",3639,"Jon Andoni Goikoetxea Lasa",1994,"Spain",1.71,0.77,4.55,1.84,-0.5,-0.63,1.07,-0.01,-0.23,-0.53,-0.59,-0.11,0.14,1.36,0.7,2.57,-0.64,1.245
"3640",3640,"Jorge Otero",1994,"Spain",-0.39,-0.13,-0.17,-0.44,-0.73,-0.21,-0.61,-0.66,0.28,-0.09,-0.45,-0.58,-0.66,-0.16,-0.07,-0.77,-0.87,-0.4125
"3641",3641,"Josep Guardiola",1994,"Spain",0.66,1.54,0.26,-0.73,-0.47,-0.52,-0.19,-0.53,-0.57,-0.44,-0.32,-0.58,-0.66,-0.67,-1.1,0.03,-1.05,-0.245
"3642",3642,"Julen Guerrero",1994,"Spain",-0.39,-0.44,1.12,-0.73,-0.76,-0.77,-0.61,-0.66,-0.56,-0.78,-0.59,-0.58,-0.26,-0.16,-0.84,0.4,-1.43,-0.23
"3643",3643,"Julio Salinas",1994,"Spain",0.66,0.61,-0.6,1.27,-0.83,-1.22,0.02,-0.53,-0.97,-0.78,-0.59,-0.58,1.74,1.11,-0.07,-0.28,-1.75,-0.5825
"3644",3644,"Luis Enrique",1994,"Spain",0.66,-0.03,-0.6,0.32,-0.44,-0.9,1.07,0.24,-0.23,-0.05,-0.18,0.39,0.14,1.11,3.01,-0.01,-0.66,-0.0475
"3645",3645,"Miguel Ángel Nadal",1994,"Spain",-0.39,-0.44,-0.6,0.13,-0.09,0.21,-0.82,0.11,-0.08,0.62,2.23,-0.58,0.94,0.35,0.19,-0.6,0.32,-0.275
"3646",3646,"Rafael Alkorta",1994,"Spain",-0.39,-0.62,0.26,-0.54,-0.32,0.1,0.02,-0.01,-0.15,0.6,0.75,0.42,0.54,0.09,-0.07,-0.43,0.09,0.0925
"3647",3647,"Santiago Cañizares",1994,"Spain",-0.39,-0.62,-0.6,-0.73,-1.19,-0.66,-0.82,-0.66,-0.97,-0.87,-0.72,-0.58,-0.66,-1.18,-1.1,-0.88,-1.32,-0.685
"3648",3648,"Sergi",1994,"Spain",-0.39,-0.13,1.12,0.13,0.65,0.79,1.07,0.89,-0.35,0.14,0.35,-0.58,0.14,0.6,0.7,1.03,1.68,0.9675
"3649",3649,"Txiki Beguiristain",1994,"Spain",0.66,1.52,-0.6,-0.54,-1.36,-1.22,-0.82,-0.92,-0.97,-0.75,-0.59,-0.58,-0.66,-1.18,-0.84,-0.88,-2.14,-0.89
"3650",3650,"Voro",1994,"Spain",-0.39,-0.62,-0.6,-0.73,-1.14,-0.94,-0.82,-0.79,-0.86,-0.48,-0.32,-0.11,-0.66,-0.92,-0.84,-0.77,-1.73,-0.7875
"3651",3651,"Hakan Mild",1994,"Sweden",0.33,-0.1,-0.6,-0.47,-0.25,-0.72,-0.68,-0.78,-0.05,-0.5,-0.35,0.17,0.15,0.56,-0.22,-0.54,-1.5,-0.695
"3652",3652,"Henrik Larsson",1994,"Sweden",0.33,0.78,-0.01,0.05,-1.14,-0.93,-0.54,-0.52,-0.67,-0.68,-0.72,-0.58,-0.66,-0.31,-0.75,-0.31,-1.45,-0.5
"3653",3653,"Jesper Blomqvist",1994,"Sweden",-0.39,-0.52,-0.6,-0.47,-1.33,-1.05,-0.82,-0.78,-0.95,-0.87,-0.72,-0.58,-0.39,-1.18,-0.75,-0.79,-1.83,-0.8125
"3654",3654,"Joachim Björklund",1994,"Sweden",-0.39,-0.62,-0.6,-0.6,-0.09,-0.72,-0.82,-1.04,-0.25,0.11,1.56,-0.1,-0.12,-1.18,-0.57,-0.66,-1.76,-0.795
"3655",3655,"Jonas Thern",1994,"Sweden",-0.39,-0.41,0.28,-0.34,0.31,0.15,0.18,-0.43,-0.77,0.05,-0.35,0.07,0.43,-0.48,-0.22,0.38,-0.28,0.045
"3656",3656,"Kennet Andersson",1994,"Sweden",3.19,2.07,0.86,3.23,-0.27,-0.7,1.76,0.27,-0.29,-0.32,-0.63,0.07,8.9,0.73,2.23,2.08,-0.43,0.5475
"3657",3657,"Klas Ingesson",1994,"Sweden",-0.39,0.01,0.28,0.89,0.42,-0.08,0.47,1.33,-0.22,-0.37,0.19,0.56,-0.12,0.04,-0.4,0.73,1.25,0.5
"3658",3658,"Martin Dahlin",1994,"Sweden",2.48,1.03,-0.6,3.1,-0.52,-1,-0.11,-0.08,-0.73,-0.66,-0.72,-0.21,2.07,0.21,1.88,-0.13,-1.08,-0.4475
"3659",3659,"Patrik Andersson",1994,"Sweden",-0.39,-0.43,-0.6,-0.41,0.46,0.6,-0.68,-0.61,-0.12,0.43,3.39,1.86,0.97,-0.83,-0.4,-0.81,-0.01,-0.3225
"3660",3660,"Pontus Kamark",1994,"Sweden",-0.39,-0.62,-0.6,-0.73,-0.88,-0.51,-0.39,-0.61,-0.86,-0.31,0.19,0.14,-0.66,-0.48,-0.57,-0.88,-1.12,-0.5275
"3661",3661,"Roger Ljung",1994,"Sweden",0.33,-0.1,1.45,-0.15,1.03,2.99,-0.82,0.01,-0.18,0.39,0.38,0.93,-0.12,0.73,-0.4,1.13,3,0.9075
"3662",3662,"Roland Nilsson",1994,"Sweden",-0.39,-0.62,0.57,-0.73,1.46,2.54,-0.39,1.41,0.52,0.59,-0.08,-0.1,0.7,-0.66,-0.22,0.48,3.95,1.0325
"3663",3663,"Stefan Schwarz",1994,"Sweden",-0.39,-0.1,0.28,-0.47,1.01,0.2,0.32,0.97,2.35,1.08,-0.08,-0.5,-0.12,-0.14,-0.75,0.72,1.17,0.4425
"3664",3664,"Thomas Ravelli",1994,"Sweden",-0.39,-0.62,-0.6,-0.73,0.02,1.64,-0.82,-0.78,-0.97,-0.87,-0.63,-0.58,-0.66,-1.18,-1.1,-0.68,0.86,-0.14
"3665",3665,"Tomas Brolin",1994,"Sweden",1.76,1.91,2.62,0.63,0.62,0.75,1.33,2.56,0.04,-0.57,-0.54,-0.58,-0.12,-0.14,1,2.32,3.31,1.815
"3666",3666,"Adrian Knup",1994,"Switzerland",2.24,1.86,-0.06,2.6,-0.99,-1.09,-0.56,-0.88,-0.44,-0.38,-0.55,0.21,1.34,1.05,2.11,0.34,-1.97,-0.6475
"3667",3667,"Alain Geiger",1994,"Switzerland",-0.39,-0.62,-0.6,-0.73,1.6,1.73,-0.82,0.73,1.11,0.25,2.46,-0.25,0.34,-1.18,-0.14,-0.39,2.46,0.26
"3668",3668,"Alain Sutter",1994,"Switzerland",0.93,0.09,2.08,-0.37,0.01,0.26,1.28,0.57,-0.7,-0.3,-0.72,-0.58,-0.66,-0.54,0.51,1.21,0.83,1.0475
"3669",3669,"Christophe Ohrel",1994,"Switzerland",-0.39,-0.14,-0.06,0.1,-0.12,-0.31,0.23,-0.72,-0.16,1.55,0.12,0.65,-0.66,-0.86,1.47,-0.23,-1.03,-0.215
"3670",3670,"Ciriaco Sforza",1994,"Switzerland",-0.39,-0.14,0.47,-0.25,0.81,0.04,-0.3,-0.56,0.9,1.66,-0.22,-0.58,1.34,2,0.51,0.2,-0.52,-0.0875
"3671",3671,"Dominique Herr",1994,"Switzerland",-0.39,-0.43,-0.6,0.34,0.45,0.47,-0.82,-0.56,-0.19,0.58,1.46,0.99,0.84,0.41,-0.78,-0.88,-0.0900000000000001,-0.3775
"3672",3672,"Georges Bregy",1994,"Switzerland",0.93,0.63,3.16,-0.37,1.72,0.78,-0.56,0.08,0.57,0.31,-0.39,0.21,-0.16,-0.86,0.51,2.67,0.86,0.865
"3673",3673,"Jörg Studer",1994,"Switzerland",-0.39,-0.59,-0.06,-0.73,-1.27,-0.96,-0.82,-1.04,-0.97,-0.87,-0.72,-0.58,-0.66,-0.22,-1.1,-0.53,-2,-0.72
"3674",3674,"Marc Hottiger",1994,"Switzerland",-0.39,-0.49,1.01,-0.49,1.14,2.25,-0.3,0.73,0.13,0.92,0.12,-0.58,0.34,-0.22,-1.1,0.01,2.98,0.9225
"3675",3675,"Marco Pascolo",1994,"Switzerland",-0.39,-0.62,-0.6,-0.73,-0.29,1.12,-0.56,-1.04,-0.97,-0.87,-0.39,-0.58,-0.66,-0.86,-1.1,-0.88,0.0800000000000001,-0.27
"3676",3676,"Nestor Subiat",1994,"Switzerland",-0.39,0.18,-0.6,-0.02,-1.3,-1.17,-0.82,-1.04,-0.97,-0.87,-0.72,-0.58,-0.66,0.41,-0.14,-0.72,-2.21,-0.9075
"3677",3677,"Stéphane Chapuisat",1994,"Switzerland",0.93,0.89,1.01,3.32,-0.5,-0.87,0.49,-0.56,0.05,-0.16,-0.72,-0.58,-0.66,1.05,2.43,2.4,-1.43,0.0175
"3678",3678,"Thomas Bickel",1994,"Switzerland",-0.39,0.05,-0.6,-0.02,-0.58,-0.91,-0.82,-0.08,-0.78,-0.87,-0.72,0.65,-0.66,1.05,-0.78,-0.48,-0.99,-0.6025
"3679",3679,"Yvan Quentin",1994,"Switzerland",-0.39,-0.46,-0.6,-0.37,1,1.3,-0.3,-0.24,0.51,2.55,0.95,0.99,-0.16,0.41,0.19,-0.23,1.06,0.04
"3680",3680,"Alexi Lalas",1994,"USA",-0.39,0.09,-0.6,0.1,-0.26,-0.57,-0.56,-0.88,-0.19,0.55,3.47,0.62,-0.16,-0.22,-0.78,-0.88,-1.45,-0.6525
"3681",3681,"Cle Kooiman",1994,"USA",-0.39,-0.62,-0.6,-0.73,-1,-0.52,-0.82,-0.88,-0.08,-0.61,0.45,0.05,-0.66,-0.86,-1.1,-0.88,-1.4,-0.705
"3682",3682,"Cobi Jones",1994,"USA",-0.39,-0.62,-0.6,-0.49,-1.1,-1,-0.03,-0.56,-0.37,-0.65,-0.22,-0.58,-0.66,-0.54,0.51,-0.69,-1.56,-0.5475
"3683",3683,"Earnie Stewart",1994,"USA",0.93,0.44,-0.06,0.94,-0.58,-1,0.49,-0.56,-0.97,-0.65,-0.72,-0.22,0.34,0.41,1.15,-0.18,-1.56,-0.2825
"3684",3684,"Eric Wynalda",1994,"USA",0.93,0.31,1.55,0.58,-0.77,-0.87,0.49,0.24,-0.82,-0.83,-0.72,-0.58,-0.66,-0.22,-0.14,0.37,-0.63,0.3525
"3685",3685,"Fernando Clavijo",1994,"USA",-0.39,-0.62,-0.6,-0.73,0.05,0.3,-0.3,-0.72,-0.36,0.27,0.79,0.52,-0.66,1.05,-0.46,-0.48,-0.42,-0.33
"3686",3686,"Hugo Ernesto Perez",1994,"USA",-0.39,-0.62,-0.6,-0.73,-1.14,-0.96,-0.3,-0.72,-0.8,-0.8,-0.72,-0.58,-0.66,-1.18,-0.46,-0.88,-1.68,-0.645
"3687",3687,"John Harkes",1994,"USA",-0.39,0.25,0.47,-0.14,0.1,0.17,1.02,0.4,-0.36,-0.34,-0.22,-0.58,0.84,0.41,0.83,-0.48,0.57,0.515
"3688",3688,"Marcelo Balboa",1994,"USA",-0.39,-0.3,-0.6,0.22,-0.09,-0.09,-0.56,-0.56,-0.31,0.72,4.81,-0.22,-0.16,-0.54,0.83,-0.83,-0.65,-0.4525
"3689",3689,"Mike Sorber",1994,"USA",-0.39,-0.33,-0.06,-0.73,0.9,-0.52,0.49,1.21,0.11,-0.52,-0.22,2.21,-0.16,-0.86,0.19,-0.67,0.69,0.28
"3690",3690,"Paul Caligiuri",1994,"USA",-0.39,-0.43,-0.06,-0.73,1.91,2.68,0.76,1.53,0.61,0.63,0.79,-0.35,0.84,-0.54,0.51,-0.04,4.21,1.2275
"3691",3691,"Roy Wegerle",1994,"USA",-0.39,-0.62,-0.6,-0.61,-0.88,-1.04,-0.56,-0.56,-0.97,-0.67,-0.55,-0.58,-0.66,-0.86,-0.46,-0.88,-1.6,-0.69
"3692",3692,"Tab Ramos",1994,"USA",-0.39,0.05,1.01,-0.25,-0.01,0.3,0.23,1.21,-0.26,-0.27,-0.39,0.05,0.34,0.09,0.83,0.75,1.51,0.6875
"3693",3693,"Thomas Dooley",1994,"USA",-0.39,0.25,-0.06,0.34,0.23,-0.39,-0.3,-0.72,0.08,0.48,-0.22,-0.58,-0.16,1.05,-0.46,-0.01,-1.11,-0.3675
"3694",3694,"Tony Meola",1994,"USA",-0.39,-0.62,-0.6,-0.73,0.13,1.17,-0.82,-1.04,-0.97,-0.65,-0.39,-0.58,-0.66,-1.18,-1.1,-0.86,0.13,-0.3225
"3695",3695,"Abel Balbo",1990,"Argentina",-0.42,-0.25,-0.65,-0.37,-1.36,-1.08,-0.68,-0.95,-0.77,-0.97,-0.72,-0.57,-0.71,-1.13,-0.94,-0.73,-2.03,-0.84
"3696",3696,"Claudio Caniggia",1990,"Argentina",1.39,0.48,-0.07,1.37,-0.8,-0.86,2.85,0.58,-0.87,-0.65,-0.6,-0.57,1.41,1,2.02,0.29,-0.28,0.625
"3697",3697,"Diego Maradona",1990,"Argentina",-0.42,0.36,0.81,0.21,0.33,0.26,1.73,0.58,0.06,-0.57,-0.6,0.1,-0.13,1.56,5.36,3.46,0.84,0.845
"3698",3698,"Gabriel Calderon",1990,"Argentina",-0.42,-0.54,-0.65,-0.05,-0.71,-0.76,-0.31,-0.27,-0.87,-0.79,-0.48,-0.37,-0.71,0.01,-0.43,-0.51,-1.03,-0.4975
"3699",3699,"Gustavo Dezotti",1990,"Argentina",-0.42,-0.47,-0.36,-0.18,-1.32,-1.1,-0.68,-0.86,-0.87,-0.9,-0.72,-0.37,-0.52,-0.28,-0.68,-0.8,-1.96,-0.75
"3700",3700,"Jorge Luis Burruchaga",1990,"Argentina",0.49,0.39,-0.36,1.05,0.72,0.02,0.43,1.17,-0.65,-0.53,-0.36,-0.37,-0.71,0.01,0.6,0.52,1.19,0.315
"3701",3701,"Jose Serrizuela",1990,"Argentina",-0.42,0.14,-0.65,-0.44,-0.31,0.14,-0.31,-0.19,0.51,0.54,0.9,0.39,0.06,0.57,-0.04,-0.51,-0.05,-0.2525
"3702",3702,"José Basualdo",1990,"Argentina",-0.42,-0.49,0.23,0.02,0.95,1.06,0.43,0.75,0.91,1.1,0.12,1.53,0.06,0.01,0.6,0.97,1.81,0.6175
"3703",3703,"Juan Simon",1990,"Argentina",-0.42,-0.58,-0.65,-0.76,0.53,1.04,-0.5,0.49,0.7,0.1,1.98,2.9,0.06,-0.28,-0.17,-0.56,1.53,0.095
"3704",3704,"Julio Olarticoechea",1990,"Argentina",-0.42,-0.25,-0.07,-0.5,-0.4,-0.18,-0.31,0.41,-0.08,0.24,0.3,-0.13,-0.71,0.71,-0.3,-0.35,0.23,-0.0375
"3705",3705,"Nery Pumpido",1990,"Argentina",-0.42,-0.65,-0.65,-0.76,-1.27,-0.81,-0.68,-0.95,-0.93,-0.97,-0.72,-0.57,-0.71,-1.27,-1.07,-0.91,-1.76,-0.7725
"3706",3706,"Nestor Lorenzo",1990,"Argentina",-0.42,-0.65,-0.65,-0.69,-1.01,-0.58,-0.68,-0.78,0.04,-0.31,-0.18,-0.37,0.06,-0.7,-0.81,-0.9,-1.36,-0.6725
"3707",3707,"Nestor Sensini",1990,"Argentina",-0.42,-0.45,-0.65,-0.5,-1.01,-0.86,-0.68,-0.95,-0.71,-0.97,-0.06,-0.37,-0.52,-0.56,-0.81,-0.75,-1.81,-0.785
"3708",3708,"Néstor Fabbri",1990,"Argentina",-0.42,-0.65,-0.65,-0.63,-1.22,-0.96,-0.68,-0.86,-0.93,-0.82,-0.6,0.01,-0.33,-1.13,-0.94,-0.83,-1.82,-0.7875
"3709",3709,"Oscar Ruggeri",1990,"Argentina",-0.42,-0.51,-0.36,0.21,-0.64,-0.26,-0.31,-0.78,-0.31,-0.23,0.78,-0.34,1.22,1.56,-0.17,-0.75,-1.04,-0.4275
"3710",3710,"Pedro Monzon",1990,"Argentina",0.49,-0.47,-0.65,-0.31,-0.98,-0.86,-0.68,-0.95,-0.34,-0.4,0.18,-0.13,-0.52,0.57,-0.81,-0.91,-1.81,-0.785
"3711",3711,"Pedro Troglio",1990,"Argentina",0.49,-0.22,-0.36,-0.44,-0.19,-0.33,-0.13,0.15,-0.42,-0.74,-0.48,0.21,-0.71,0.29,0.35,-0.33,-0.18,-0.1675
"3712",3712,"Ricardo Giusti",1990,"Argentina",-0.42,-0.51,-0.36,-0.63,-0.18,-0.43,-0.31,-0.19,0.1,-0.19,-0.18,0.21,-0.33,0.01,-0.68,-0.25,-0.62,-0.3225
"3713",3713,"Sergio Batista",1990,"Argentina",-0.42,-0.65,-0.36,-0.76,-0.03,0.19,-0.5,-0.19,-0.29,-0.34,-0.42,-0.57,-0.52,0.01,-0.94,-0.38,0,-0.215
"3714",3714,"Sergio Goicoechea",1990,"Argentina",-0.42,-0.65,-0.65,-0.76,-0.89,-0.16,-0.68,-0.86,-0.93,-0.97,-0.72,-0.57,-0.71,-1.27,-1.07,-0.91,-1.02,-0.5875
"3715",3715,"Sergio Goycochea",1990,"Argentina",-0.42,-0.65,-0.65,-0.76,-0.58,0.39,-0.68,-0.86,-0.93,-0.97,-0.66,-0.57,-0.71,-1.27,-0.94,-0.91,-0.47,-0.45
"3716",3716,"Alfred Hörtnagl",1990,"Austria",-0.42,-0.56,-0.65,-0.1,-1.07,-1.03,0.27,-0.52,0.01,-0.1,-0.41,1.14,-0.22,-0.18,0.57,-0.91,-1.55,-0.4825
"3717",3717,"Andreas Herzog",1990,"Austria",-0.42,1.1,0.84,1.38,-0.04,-0.01,1.21,2.95,0.72,1.01,-0.11,-0.57,-0.22,0.54,1.89,0.88,2.94,1.2475
"3718",3718,"Andreas Ogris",1990,"Austria",1.9,0.36,0.84,0.07,-1.07,-1.03,2.16,0.79,-0.93,-0.09,-0.72,-0.57,-0.22,0.18,2.22,0.75,-0.24,0.69
"3719",3719,"Andreas Reisinger",1990,"Austria",-0.42,-0.65,-0.65,-0.76,-1.31,-0.96,-0.21,-0.52,-0.93,-0.97,-0.57,-0.57,-0.71,-1.27,-1.07,-0.91,-1.48,-0.585
"3720",3720,"Anton Pfeffer",1990,"Austria",-0.42,-0.33,0.1,-0.26,-0.24,-0.07,-0.68,-0.08,0.04,0.36,1.42,2.85,0.77,1.63,-0.08,-0.4,-0.15,-0.1825
"3721",3721,"Ernst Aigner",1990,"Austria",-0.42,-0.01,0.1,-0.76,1.2,1.01,-0.68,2.09,0.47,0.14,0.81,2.03,-0.22,1.26,-0.74,-0.49,3.1,0.63
"3722",3722,"Gerhard Rodax",1990,"Austria",1.9,1.92,-0.65,0.89,-0.97,-0.84,0.27,-0.08,-0.21,-0.74,-0.72,-0.57,-0.22,-0.91,-0.41,0.41,-0.92,-0.325
"3723",3723,"Klaus Lindenberger",1990,"Austria",-0.42,-0.65,-0.65,-0.76,0.4,2.15,-0.68,-0.95,-0.93,-0.97,-0.41,-0.57,-0.71,-0.55,-0.41,-0.7,1.2,-0.0325
"3724",3724,"Kurt Russ",1990,"Austria",-0.42,-0.51,0.1,-0.43,-0.36,-0.26,-0.21,-0.08,-0.72,0.44,0.2,0.2,0.27,-0.55,-0.41,-0.06,-0.34,-0.1125
"3725",3725,"Manfred Linzmaier",1990,"Austria",-0.42,-0.65,-0.65,-0.76,-0.92,-0.65,-0.68,0.35,-0.72,-0.77,-0.57,0.2,-0.71,-1.27,-0.41,-0.66,-0.3,-0.4075
"3726",3726,"Manfred Zsak",1990,"Austria",-0.42,0.45,-0.65,-0.43,0.22,-0.01,0.27,0.79,0.25,-0.51,-0.57,1.14,-0.71,0.54,-0.41,-0.32,0.78,0.1
"3727",3727,"Michael Streiter",1990,"Austria",-0.42,-0.65,-0.65,-0.59,0.05,0.25,-0.21,0.35,0.25,-0.74,0.81,-0.57,-0.22,0.9,1.89,-0.32,0.6,-0.065
"3728",3728,"Peter Artner",1990,"Austria",-0.42,-0.65,-0.65,-0.76,-1.02,-0.9,-0.21,-0.08,-0.47,0.56,-0.41,-0.57,-0.71,-0.91,-1.07,-0.57,-0.98,-0.46
"3729",3729,"Peter Schöttel",1990,"Austria",-0.42,-0.56,-0.65,-0.59,-0.31,-0.33,-0.68,-0.3,0.22,-0.38,-0.26,-0.57,-0.22,-0.55,-0.41,-0.4,-0.63,-0.49
"3730",3730,"Robert Pecl",1990,"Austria",-0.42,-0.28,-0.65,-0.26,1.03,0.37,0.27,0.35,2.08,1.65,1.73,1.23,2.74,2.71,0.25,-0.57,0.72,0.085
"3731",3731,"Toni Polster",1990,"Austria",-0.42,0.5,0.1,0.89,-0.53,-0.96,-0.68,-0.52,-0.72,-0.97,-0.57,-0.57,0.77,0.9,-0.08,0.02,-1.48,-0.515
"3732",3732,"Bruno Versavel",1990,"Belgium",-0.42,0.02,-0.65,0.38,-0.18,-0.45,0.3,-0.05,0.14,0,-0.51,-0.57,-0.37,-0.27,-0.61,-0.68,-0.5,-0.2125
"3733",3733,"Enzo Scifo",1990,"Belgium",1.18,3.36,1.93,1.98,2.03,1,3.26,2.5,1.37,1.39,-0.3,-0.57,-0.03,1.74,1.21,1.98,3.5,2.1725
"3734",3734,"Eric Gerets",1990,"Belgium",-0.42,-0.46,-0.13,-0.64,0.53,0.7,-0.03,1.3,0,-0.43,0.34,-0.57,-0.71,0.23,-0.39,-0.44,2,0.46
"3735",3735,"Franky Van Der Elst",1990,"Belgium",-0.42,0.24,0.38,0.04,2.16,0.65,-0.35,-0.05,1.19,2.56,0.02,0.35,-0.03,1.74,0.3,1.18,0.6,0.1575
"3736",3736,"Georges Serge Grün",1990,"Belgium",-0.42,-0.65,-0.65,-0.64,-0.66,-0.63,-0.68,-0.2,0.05,-0.05,0.76,-0.57,-0.71,-0.02,-1.07,-0.74,-0.83,-0.54
"3737",3737,"Jan Ceulemans",1990,"Belgium",1.18,0.59,-0.13,1.29,0.37,-0.49,1.62,0.7,0.14,-0.74,-0.3,0.61,1.68,-0.52,0.07,0.3,0.21,0.425
"3738",3738,"Leo Clijsters",1990,"Belgium",1.18,-0.33,-0.65,-0.07,-0.35,-0.32,-0.35,-0.8,0.54,-0.97,-0.08,4.39,-0.03,-1.02,-0.84,-0.62,-1.12,-0.53
"3739",3739,"Lorenzo Staelens",1990,"Belgium",-0.42,-0.65,-0.13,-0.64,-0.86,-0.67,-0.68,-0.95,1.02,-0.67,-0.72,-0.57,-0.71,-1.02,-0.61,-0.41,-1.62,-0.6075
"3740",3740,"Marc Degryse",1990,"Belgium",1.18,0.72,-0.13,1.41,-0.13,-0.63,-0.03,-0.2,-0.44,-0.03,-0.72,-0.57,0.65,0.23,-0.39,1.12,-0.83,-0.2475
"3741",3741,"Marc Jozef Emmers",1990,"Belgium",-0.42,-0.4,0.38,-0.42,-0.66,-0.45,-0.03,-0.65,-0.12,0.84,-0.61,-0.11,-0.37,-0.52,-0.61,-0.06,-1.1,-0.1875
"3742",3742,"Marc Van Der Linden",1990,"Belgium",-0.42,-0.65,-0.13,-0.19,-1.25,-1.02,-0.68,-0.8,-0.93,-0.65,-0.72,-0.57,-0.37,-1.02,-1.07,0.15,-1.82,-0.6575
"3743",3743,"Michel De Wolf",1990,"Belgium",1.18,-0.62,0.38,-0.64,1.59,2.41,-0.68,1.15,1.52,3.08,1.08,-0.11,0.65,-0.02,-0.84,0.06,3.56,0.815
"3744",3744,"Michel Preud'homme",1990,"Belgium",-0.42,-0.65,-0.65,-0.76,0.26,2.33,-0.68,-0.8,-0.93,-0.67,-0.72,-0.57,-0.71,-1.02,-0.39,-0.88,1.53,0.05
"3745",3745,"Nico Claesen",1990,"Belgium",-0.42,-0.46,-0.65,-0.42,-1.42,-1.11,-0.68,-0.95,-0.69,-0.97,-0.72,-0.57,-0.71,-0.52,-1.07,-0.91,-2.06,-0.8475
"3746",3746,"Pascal Plovie",1990,"Belgium",-0.42,-0.65,-0.65,-0.76,-1.11,-0.71,-0.68,-0.95,-0.28,-0.97,-0.51,-0.57,-0.71,-1.02,-1.07,-0.8,-1.66,-0.7475
"3747",3747,"Patrick Vervoort",1990,"Belgium",1.18,-0.43,-0.65,-0.53,-0.87,-0.67,-0.03,-0.5,-0.36,-0.25,-0.61,-0.57,-0.71,-0.52,-0.84,-0.65,-1.17,-0.4625
"3748",3748,"Philiipe Albert",1990,"Belgium",-0.42,-0.65,-0.65,-0.76,-1.08,-1.07,-0.68,-0.8,0.37,0.53,-0.51,-0.57,-0.71,-0.77,-1.07,-0.91,-1.87,-0.8
"3749",3749,"Stephane Auguste Demol",1990,"Belgium",-0.42,-0.27,-0.65,-0.53,0.88,0.52,-0.68,-0.5,1.18,1.4,2.78,1.84,-0.37,-0.52,0.07,-0.03,0.02,-0.3275
"3750",3750,"Alemao",1990,"Brazil",-0.42,1.21,1.59,0.72,2.29,0.56,1.45,2.63,3.12,4.35,0.43,-0.57,0.77,-0.45,-0.33,1.39,3.19,1.5575
"3751",3751,"Branco",1990,"Brazil",-0.42,1,3.83,1.46,1.55,1.8,2.16,4.09,0.14,0.34,0.43,1.96,0.77,0.9,1.4,3.5,5.89,2.97
"3752",3752,"Careca",1990,"Brazil",3.05,3.41,-0.09,4.18,0.02,-0.58,1.81,0.19,-0.22,-0.31,-0.72,-0.57,0.03,1.17,-0.08,3.18,-0.39,0.3325
"3753",3753,"Cláudio Taffarel",1990,"Brazil",-0.42,-0.65,-0.65,-0.76,-0.09,0.61,-0.68,-0.79,-0.93,-0.97,-0.6,-0.57,0.03,-1.27,-1.07,-0.79,-0.18,-0.3775
"3754",3754,"Dunga",1990,"Brazil",-0.42,0.28,-0.65,-0.39,2.76,1.52,0.38,0.51,3.92,2.31,-0.38,-0.57,0.4,0.63,1.89,0.62,2.03,0.44
"3755",3755,"Jorginho",1990,"Brazil",-0.42,-0.55,2.15,0.85,1.17,1.04,-0.33,0.84,5.13,2.24,-0.49,0.59,-0.71,1.99,1.15,0.88,1.88,0.925
"3756",3756,"Mauro Galvao",1990,"Brazil",-0.42,-0.65,-0.09,-0.51,1.77,1.52,-0.68,1.82,1.65,2,1.23,-0.57,1.14,-0.45,-0.82,0.05,3.34,0.6425
"3757",3757,"Mozer",1990,"Brazil",-0.42,-0.65,-0.65,-0.26,0.09,-0.1,0.03,-0.14,0.74,0.53,0.2,-0.57,-0.71,0.36,-0.58,-0.75,-0.24,-0.215
"3758",3758,"Müller",1990,"Brazil",3.05,1.93,0.47,1.71,-0.37,-0.58,-0.68,-0.3,0.53,-0.09,-0.72,-0.57,0.03,0.36,0.9,1.52,-0.88,-0.2725
"3759",3759,"Ricardo Gomes",1990,"Brazil",-0.42,-0.24,-0.65,-0.02,1.1,0.18,-0.68,2.47,0.86,0.33,2.96,1.75,5.94,0.63,0.66,-0.85,2.65,0.33
"3760",3760,"Ricardo Rocha",1990,"Brazil",-0.42,-0.65,-0.09,-0.39,0.05,0.04,-0.68,0.68,-0.15,0.48,0.2,0.8,1.51,-0.18,-0.08,-0.56,0.72,-0.0125
"3761",3761,"Romário",1990,"Brazil",-0.42,-0.1,-0.65,0.35,-1.28,-1.11,-0.33,-0.79,-0.93,-0.97,-0.72,-0.57,0.03,-1.27,-0.33,0.14,-1.9,-0.72
"3762",3762,"Valdo",1990,"Brazil",-0.42,0.76,3.27,-0.26,1.77,0.37,5.01,3.6,0.56,0.93,-0.72,0.8,-0.34,0.36,1.89,1.9,3.97,3.0625
"3763",3763,"Andre Kana-Biyik",1990,"Cameroon",-0.42,-0.43,-0.25,-0.23,-0.49,-0.58,-0.43,-0.72,-0.4,-0.4,-0.15,-0.14,0.59,0.65,-0.55,-0.33,-1.3,-0.495
"3764",3764,"Benjamin Massing",1990,"Cameroon",-0.42,-0.5,-0.65,-0.58,-0.66,-0.62,-0.18,-0.61,-0.23,0,-0.31,0.34,0.07,0.46,-0.9,-0.91,-1.23,-0.515
"3765",3765,"Bertin Ebwelle Ndingue",1990,"Cameroon",-0.42,-0.48,0.14,-0.76,1.13,1.88,-0.68,-0.26,0.4,0.53,1.06,0.52,-0.45,0.84,-0.72,-0.08,1.62,0.27
"3766",3766,"Boneventure Djonkep",1990,"Cameroon",-0.42,-0.36,-0.65,-0.76,-1.37,-1.12,-0.68,-0.83,-0.93,-0.97,-0.72,-0.57,-0.71,-1.27,-1.07,-0.91,-1.95,-0.82
"3767",3767,"Cyrille Makanaky",1990,"Cameroon",-0.42,0.61,-0.65,1.25,0.12,-0.82,0.82,0.89,0.62,-0.46,-0.56,0.34,0.85,2.37,0.5,0.08,0.0700000000000001,0.06
"3768",3768,"Emile Mbouh Mbouh",1990,"Cameroon",-0.42,-0.33,-0.25,-0.5,0.08,-0.14,0.57,0.08,-0.36,0.84,-0.56,0.36,-0.19,1.03,-0.2,-0.67,-0.06,0.065
"3769",3769,"Emmanuel Kunde",1990,"Cameroon",0.81,1.37,-0.25,-0.76,0.48,0.19,-0.43,-0.49,0.21,-0.79,0.01,-0.14,-0.71,-0.31,-1.07,-0.76,-0.3,-0.245
"3770",3770,"Emmanuel Maboang",1990,"Cameroon",-0.42,-0.33,-0.25,-0.5,-0.59,-0.14,-0.68,-0.26,-0.56,-0.58,-0.56,-0.57,-0.71,0.26,-0.37,-0.08,-0.4,-0.3325
"3771",3771,"Eugene Ekéké",1990,"Cameroon",0.81,-0.38,-0.65,-0.41,-1.17,-0.85,-0.68,-0.72,-0.93,-0.97,-0.72,-0.57,-0.71,-1.08,-1.07,-0.51,-1.57,-0.725
"3772",3772,"François Omam-Biyik",1990,"Cameroon",0.81,2.27,-0.65,3.69,0.25,-0.21,2.58,0.66,-0.41,-0.07,-0.48,-0.57,1.64,0.26,0.85,1.71,0.45,0.595
"3773",3773,"Jean-Claude Pagal",1990,"Cameroon",-0.42,-0.55,0.54,-0.76,-0.51,-0.75,-0.43,-0.61,-0.83,-0.29,-0.72,-0.57,-0.71,-0.12,-1.07,0.12,-1.36,-0.3125
"3774",3774,"Jules Denis Onana",1990,"Cameroon",-0.42,-0.65,-0.65,-0.76,-0.73,-0.45,-0.68,-0.83,0.13,-0.4,0.5,1.04,-0.45,1.22,-0.02,-0.67,-1.28,-0.6525
"3775",3775,"Louis Mfede",1990,"Cameroon",-0.42,0.2,2.51,-0.58,-0.2,0.09,1.83,0.54,-0.71,-0.46,-0.72,-0.57,-0.19,-0.5,1.89,1.73,0.63,1.2425
"3776",3776,"Roger Milla",1990,"Cameroon",4.48,0.61,-0.65,0.72,-0.68,-0.85,1.58,-0.38,-0.5,-0.81,-0.64,-0.57,0.33,0.46,0.5,1.32,-1.23,-0.075
"3777",3777,"Stephen Tataw Eta",1990,"Cameroon",-0.42,-0.65,0.54,-0.41,1.56,3.06,-0.18,0.54,0.44,0.33,0.66,0.09,0.07,1.61,0.15,1.25,3.6,0.99
"3778",3778,"Thomas Libiih",1990,"Cameroon",-0.42,-0.48,-0.65,-0.58,-0.72,-0.92,-0.68,-0.95,-0.68,-0.51,-0.72,-0.57,-0.71,-0.69,-1.07,-0.82,-1.87,-0.8
"3779",3779,"Thomas Nkono",1990,"Cameroon",-0.42,-0.65,-0.65,-0.76,0.8,2.45,-0.43,-0.72,-0.78,-0.97,-0.56,-0.57,-0.71,-1.08,-0.37,-0.91,1.73,0.1625
"3780",3780,"Victor Ndip Akem",1990,"Cameroon",-0.42,-0.65,-0.65,-0.76,0.04,-0.38,-0.68,-0.72,0,0.27,1.55,0.3,-0.45,-0.69,-0.9,-0.91,-1.1,-0.6075
"3781",3781,"Andrés Escobar",1990,"Colombia",-0.42,-0.05,-0.65,-0.42,1.49,1,-0.68,-0.35,-0.08,2.6,2.04,3.26,0.65,-0.02,-0.39,-0.91,0.65,-0.17
"3782",3782,"Arnoldo Iguarán",1990,"Colombia",-0.42,0.15,1.42,0.95,-0.84,-0.89,0.3,-0.2,-0.29,-0.63,-0.72,-0.57,0.99,0.49,-0.61,-0.5,-1.09,0.1575
"3783",3783,"Bernardo Redín",1990,"Colombia",2.79,0.62,-0.13,-0.07,0.04,-0.23,0.63,0.4,-0.66,-0.13,-0.72,-0.57,-0.71,-1.02,0.98,0.39,0.17,0.1675
"3784",3784,"Carlos Enrique Estrada",1990,"Colombia",-0.42,1,-0.13,1.41,-0.6,-0.58,-0.03,-0.5,-0.72,-0.44,-0.72,-0.57,-0.03,0.99,2.34,0.59,-1.08,-0.31
"3785",3785,"Carlos Valderrama",1990,"Colombia",1.18,-0.33,-0.65,0.72,2.65,1.66,0.96,-0.2,-0.03,0.62,-0.72,-0.57,-0.71,-0.02,3.25,1.51,1.46,0.4425
"3786",3786,"Freddy Rincon",1990,"Colombia",1.18,1.67,-0.13,1.29,1.02,0.39,0.63,0.1,-0.08,0.79,-0.3,-0.57,-0.37,0.99,2.57,0,0.49,0.2475
"3787",3787,"Gabriel Gomez",1990,"Colombia",-0.42,-0.27,-0.65,-0.76,1.62,1.18,-0.68,-0.5,1.02,3.5,-0.72,0.77,-0.71,2.24,-0.84,-0.77,0.68,-0.1625
"3788",3788,"Gildardo Gómez",1990,"Colombia",-0.42,-0.59,0.38,-0.53,1.42,1.93,0.96,0.55,1.02,1.9,0.23,0.42,-0.03,1.99,0.07,-0.03,2.48,0.955
"3789",3789,"Leonel Alvarez",1990,"Colombia",-0.42,-0.43,-0.13,-0.19,1.88,0.92,0.3,-0.2,2.85,3.89,-0.4,0.75,-0.03,1.74,0.98,-0.23,0.72,0.2225
"3790",3790,"Luis Carlos Perea",1990,"Colombia",-0.42,-0.65,-0.65,-0.76,0.39,0.17,-0.68,-0.65,0.98,1.07,0.66,-0.57,0.31,0.74,-0.61,-0.83,-0.48,-0.4525
"3791",3791,"Luis Fajardo",1990,"Colombia",-0.42,0.24,-0.65,0.5,-0.35,-0.67,0.3,-0.65,-0.93,0.14,-0.72,-0.57,-0.37,-1.02,-0.84,-0.21,-1.32,-0.4175
"3792",3792,"Luis Fernando Herrera",1990,"Colombia",-0.42,-0.65,2.45,-0.76,1.89,3.16,0.63,1.3,1.23,2.36,0.45,0.77,-0.71,-0.27,0.52,0.89,4.46,1.885
"3793",3793,"René Higuita",1990,"Colombia",-0.42,-0.65,-0.65,-0.76,0.75,2.24,-0.03,-0.2,-0.93,-0.63,-0.3,-0.57,-0.37,-1.27,-0.39,-0.83,2.04,0.34
"3794",3794,"Alexandre Guimarães",1990,"Costa Rica",-0.42,-0.65,-0.65,-0.39,-1.14,-0.82,-0.68,-0.46,-0.78,-0.97,-0.72,-0.57,-0.71,-0.73,-0.82,-0.59,-1.28,-0.6525
"3795",3795,"Claudio Jara",1990,"Costa Rica",-0.42,0.73,1.03,1.34,-0.48,-0.77,0.03,0.19,-0.76,-0.06,-0.72,0.56,-0.71,0.09,0.16,0.17,-0.58,0.12
"3796",3796,"Gabelo Conejo",1990,"Costa Rica",-0.42,-0.65,-0.65,-0.76,0.49,0.47,-0.68,-0.95,-0.93,-0.97,-0.6,-0.57,0.03,-1.27,-0.82,-0.91,-0.48,-0.4525
"3797",3797,"Germán Chavarría",1990,"Costa Rica",-0.42,-0.58,-0.09,-0.63,1.28,1.37,-0.33,1.82,0,0.01,0.08,-0.57,-0.71,-1.27,-0.58,-0.63,3.19,0.6925
"3798",3798,"Hermidio Barrantes",1990,"Costa Rica",-0.42,-0.65,-0.65,-0.76,-0.93,-0.53,-0.68,-0.95,-0.93,-0.97,-0.6,-0.57,-0.71,-1.27,-1.07,-0.91,-1.48,-0.7025
"3799",3799,"Hernán Medford",1990,"Costa Rica",1.32,0.04,-0.09,0.35,-1.3,-1.06,0.38,0.35,-0.93,-0.97,-0.6,-0.57,-0.71,-1.27,0.41,-0.47,-0.71,-0.105
"3800",3800,"Héctor Marchena",1990,"Costa Rica",-0.42,0.11,-0.65,0.11,0.33,-0.39,-0.33,0.35,0.7,0.38,2.84,1.32,1.87,1.45,0.41,-0.34,-0.04,-0.255
"3801",3801,"José Carlos Chávez",1990,"Costa Rica",-0.42,-0.51,-0.09,-0.51,1.5,1.85,-0.68,4.25,-0.29,-0.21,1.35,-0.57,0.03,-0.45,-0.82,-0.43,6.1,1.3325
"3802",3802,"Juan Cayasso",1990,"Costa Rica",1.32,0.35,2.15,-0.02,0.53,-0.34,0.74,0.68,-0.09,-0.29,-0.15,0.04,1.14,-0.45,1.15,0.75,0.34,0.8075
"3803",3803,"Marvin Obando",1990,"Costa Rica",-0.42,-0.65,-0.09,-0.14,-1.17,-0.92,-0.33,-0.79,-0.62,-0.97,-0.72,-0.57,-0.34,-1,-0.82,-0.27,-1.71,-0.5325
"3804",3804,"Mauricio Montero",1990,"Costa Rica",-0.42,-0.51,-0.09,-0.51,0.51,-0.2,1.81,1.16,1.52,1.01,3.3,0.94,0.77,1.72,-0.33,-0.47,0.96,0.67
"3805",3805,"Oscar Ramírez",1990,"Costa Rica",-0.42,-0.44,1.03,-0.51,0.47,-0.06,-0.33,0.35,-0.3,0.66,-0.26,-0.57,-0.71,0.63,-0.08,0.75,0.29,0.2475
"3806",3806,"Róger Flores",1990,"Costa Rica",1.32,-0.41,-0.65,-0.26,1.44,0.85,0.03,1,0.28,0.42,4.56,1.76,0.03,-0.18,-0.58,-0.63,1.85,0.3075
"3807",3807,"Róger Gómez",1990,"Costa Rica",-0.42,-0.55,-0.65,-0.76,-0.15,-0.58,-0.68,-0.62,0.1,-0.45,-0.03,0.94,-0.71,0.63,-0.33,-0.72,-1.2,-0.6325
"3808",3808,"Rónald González",1990,"Costa Rica",1.32,0.25,-0.09,0.35,0.42,-0.53,0.74,0.03,0.07,0.72,0.54,0.19,0.77,0.36,1.4,-0.47,-0.5,0.0375
"3809",3809,"Frantisek Straka",1990,"Czechoslovakia",-0.42,-0.65,-0.65,-0.76,-0.24,-0.24,-0.68,-0.69,-0.1,-0.12,0.38,1.46,-0.12,0.9,-0.08,-0.71,-0.93,-0.565
"3810",3810,"Ivan Hasek",1990,"Czechoslovakia",0.97,0.59,1.14,2.11,0.92,1.33,0.74,1.91,0.04,0.39,0.02,1.11,-0.12,0.9,1.49,1.59,3.24,1.28
"3811",3811,"Ivo Knoflicek",1990,"Czechoslovakia",-0.42,0.51,0.69,2.8,-0.24,-0.35,0.74,1.91,-0.3,0.17,-0.63,-0.06,-0.12,0.47,1.1,1.65,1.56,0.7475
"3812",3812,"Jan Stejskal",1990,"Czechoslovakia",-0.42,-0.65,-0.65,-0.76,0.32,1.59,-0.68,-0.69,-0.93,-0.97,-0.72,-0.57,-0.42,-1.27,-0.87,-0.68,0.9,-0.1075
"3813",3813,"Jozef Chovanec",1990,"Czechoslovakia",-0.42,0.29,2.48,-0.17,1.56,0.75,0.17,0.87,0.35,1.42,-0.35,-0.57,-0.42,2.86,-0.67,1.54,1.62,1.0675
"3814",3814,"Ján Kocian",1990,"Czechoslovakia",-0.42,-0.57,-0.65,-0.56,-0.28,-0.39,-0.68,-0.69,-0.09,0.07,0.93,1.85,-0.12,-0.18,-0.67,0.11,-1.08,-0.6025
"3815",3815,"Július Bielik",1990,"Czechoslovakia",-0.42,-0.65,-0.65,-0.76,-0.94,-0.43,-0.68,-0.56,-0.8,0.16,-0.54,-0.57,-0.12,-0.18,-1.07,-0.79,-0.99,-0.58
"3816",3816,"Lubomír Moravcik",1990,"Czechoslovakia",-0.42,0.98,2.04,0.43,-0.05,0.45,3.02,2.3,0.37,-0.24,-0.54,-0.57,-0.12,1.77,1.1,1.93,2.75,1.9525
"3817",3817,"Lubos Kubik",1990,"Czechoslovakia",0.97,1,1.59,0.03,0.05,0.07,1.03,0.74,0.22,0.37,-0.35,-0.09,-0.12,1.34,0.51,1.57,0.81,0.8575
"3818",3818,"Michal Bílek",1990,"Czechoslovakia",2.36,6.87,3.38,0.23,1.37,1.9,-0.68,0.87,-0.48,0.96,0.38,-0.06,-0.12,0.9,0.11,2.21,2.77,1.3675
"3819",3819,"Miroslav Kadlec",1990,"Czechoslovakia",-0.42,0.2,0.69,-0.56,0.71,0.26,-0.11,0.48,0.55,0.91,2.5,4.02,1.36,0.25,0.51,0.24,0.74,0.33
"3820",3820,"Stanislav Griga",1990,"Czechoslovakia",-0.42,-0.43,-0.2,-0.07,-1.34,-1.12,-0.4,-0.82,-0.79,-0.8,-0.72,-0.57,-0.71,-1.05,-1.07,0.03,-1.94,-0.635
"3821",3821,"Tomás Skuhravý",1990,"Czechoslovakia",6.53,4.12,-0.2,5.07,-0.31,-0.89,-0.4,-0.56,-0.93,-0.41,-0.35,-0.09,4.02,0.69,2.68,0.31,-1.45,-0.5125
"3822",3822,"Vladimír Kinier",1990,"Czechoslovakia",-0.42,-0.65,-0.65,-0.76,-1.18,-0.96,-0.68,-0.95,-0.56,-0.3,-0.17,0.1,-0.71,-0.83,-1.07,-0.91,-1.91,-0.81
"3823",3823,"Vladimír Weiss",1990,"Czechoslovakia",-0.42,-0.65,-0.65,-0.56,-1.15,-1.04,-0.68,-0.17,-0.56,-0.8,-0.72,-0.57,-0.42,-0.83,-0.67,-0.63,-1.21,-0.635
"3824",3824,"Václav Nemecek",1990,"Czechoslovakia",-0.42,-0.32,-0.2,-0.66,-0.85,-0.66,-0.11,-0.69,-0.3,0.06,0.02,-0.09,-0.42,-0.18,-0.28,-0.74,-1.35,-0.415
"3825",3825,"Adel Abdelrahman",1990,"Egypt",-0.42,-0.65,-0.65,-0.43,-1.39,-1.09,-0.68,-0.95,-0.93,-0.97,-0.72,-0.57,-0.22,-1.27,-1.07,-0.91,-2.04,-0.8425
"3826",3826,"Ahmed Abdou El Kass",1990,"Egypt",-0.42,0.5,-0.65,0.56,0.03,-0.77,1.69,0.13,-0.67,-0.1,-0.11,-0.57,-0.71,1.26,0.57,-0.74,-0.64,0.1
"3827",3827,"Ahmed Ramzy",1990,"Egypt",-0.42,-0.51,0.84,-0.26,-0.73,-0.58,0.27,-0.08,0.71,-0.77,0.35,-0.57,-0.22,0.54,-0.08,0.2,-0.66,0.1125
"3828",3828,"Ahmed Shobeir",1990,"Egypt",-0.42,-0.65,-0.65,-0.76,0.37,0.69,-0.68,-0.73,-0.93,-0.97,-0.41,-0.57,-0.22,-1.27,0.57,-0.91,-0.04,-0.3425
"3829",3829,"Gamal Abdelhamid",1990,"Egypt",-0.42,0.45,0.1,1.22,-0.56,-0.77,-0.21,-0.73,-0.93,-0.34,-0.11,-0.57,1.26,-0.18,-0.74,0.49,-1.5,-0.4025
"3830",3830,"Hany Ramzy",1990,"Egypt",-0.42,-0.65,-0.65,-0.76,0.59,0.37,-0.68,-0.95,-0.15,0.09,5.71,2.07,-0.22,-0.91,-0.41,-0.27,-0.58,-0.4775
"3831",3831,"Hesham Yakan",1990,"Egypt",-0.42,-0.65,-0.65,-0.76,-0.09,-0.2,0.27,-0.73,1.89,-0.34,2.96,-0.57,3.23,0.54,-0.08,-0.57,-0.93,-0.3275
"3832",3832,"Hossam Hassan",1990,"Egypt",-0.42,0.13,-0.65,1.05,-0.6,-0.84,0.27,0.13,-0.93,-0.1,-0.57,-0.57,0.77,2.35,1.56,-0.19,-0.71,-0.2725
"3833",3833,"Ibrahim Hassan Hussein",1990,"Egypt",-0.42,-0.65,0.84,-0.76,1.35,2.28,-0.21,-0.52,0.7,1.01,3.26,-0.57,0.27,2.35,0.57,1.65,1.76,0.5975
"3834",3834,"Ismail Youseff",1990,"Egypt",-0.42,-0.6,-0.65,-0.76,0.44,-0.39,0.27,-0.3,0.28,0.93,-0.57,-0.57,-0.22,0.18,2.22,-0.66,-0.69,-0.2675
"3835",3835,"Magdy Abdelghani",1990,"Egypt",1.9,4.13,-0.65,-0.43,1.1,-0.07,0.27,-0.73,-0.15,0.52,0.51,-0.57,2.24,-0.18,-0.08,-0.91,-0.8,-0.295
"3836",3836,"Magdy Tolba",1990,"Egypt",-0.42,0.22,-0.65,-0.43,-0.78,-0.58,-0.21,-0.73,-0.25,-0.77,-0.72,-0.57,-0.22,-1.27,-0.74,-0.74,-1.31,-0.5425
"3837",3837,"Osama Oraby",1990,"Egypt",-0.42,-0.65,-0.65,-0.76,-0.65,-0.65,-0.21,-0.73,-0.46,-0.97,-0.57,-0.57,-0.71,-0.18,0.25,-0.62,-1.38,-0.56
"3838",3838,"Rabie Yassein",1990,"Egypt",-0.42,-0.65,0.1,-0.76,0.59,0.82,0.74,0.79,-0.41,0.73,2.19,1.13,-0.71,-0.91,-0.08,-0.57,1.61,0.6125
"3839",3839,"Taher Abouzeid",1990,"Egypt",-0.42,-0.65,-0.65,-0.76,-1.29,-1.09,-0.68,-0.95,0.01,-0.97,-0.57,-0.57,-0.71,-1.27,-1.07,-0.91,-2.04,-0.8425
"3840",3840,"Bryan Robson",1990,"England",-0.42,-0.32,-0.65,-0.45,-1.13,-1.06,-0.51,-0.79,-0.72,-0.73,-0.15,-0.57,-0.16,-0.86,-0.95,-0.91,-1.85,-0.7525
"3841",3841,"Chris Waddle",1990,"England",-0.42,-0.49,1.59,0.23,0.71,0.95,2.7,2.22,0.36,-0.14,-0.38,-0.57,-0.16,-0.86,0.53,1.68,3.17,1.865
"3842",3842,"David Platt",1990,"England",2.19,0.38,-0.65,0.91,-0.74,-0.84,0.38,-0.54,0.26,-0.73,-0.32,-0.57,0.21,-0.18,-0.45,-0.67,-1.38,-0.4125
"3843",3843,"Des Walker",1990,"England",-0.42,-0.65,-0.65,-0.76,0.04,-0.68,-0.33,-0.46,0.48,0.72,3.59,-0.22,0.77,0.36,-0.08,-0.91,-1.14,-0.53
"3844",3844,"Gary Lineker",1990,"England",3.05,3.98,0.47,2.14,-0.27,-0.8,-0.33,-0.22,-0.64,-0.97,-0.66,-0.57,0.03,0.09,0.9,1.25,-1.02,-0.22
"3845",3845,"Gary Stevens",1990,"England",-0.42,-0.65,-0.65,-0.76,-0.7,-0.32,-0.68,-0.54,-0.67,-0.67,-0.49,-0.22,-0.53,-1,-1.07,-0.79,-0.86,-0.5475
"3846",3846,"John Barnes",1990,"England",-0.42,-0.37,-0.37,-0.33,-0.6,-0.68,0.56,-0.38,-0.67,-0.97,-0.32,-0.57,0.21,-0.18,0.78,-0.02,-1.06,-0.2175
"3847",3847,"Mark Wright",1990,"England",0.45,0.09,-0.65,0.72,0.67,-0.03,0.03,1.9,0.18,0.01,1.81,1.01,3.54,0.09,-0.95,-0.66,1.87,0.3125
"3848",3848,"Paul Gascoigne",1990,"England",-0.42,0,2.71,0.42,0.35,0.21,4.66,1.49,-0.08,0.1,-0.15,0.49,-0.16,0.36,2.26,3.12,1.7,2.2675
"3849",3849,"Paul Parker",1990,"England",-0.42,-0.51,0.75,-0.14,0.44,0.54,-0.33,-0.38,0.38,0.01,1.18,-0.33,0.58,0.5,-0.08,0.32,0.16,0.145
"3850",3850,"Peter Beardsley",1990,"England",-0.42,-0.51,-0.37,-0.33,-0.8,-0.84,0.21,-0.54,0,-0.76,-0.66,-0.57,-0.34,-0.32,-0.95,-0.67,-1.38,-0.385
"3851",3851,"Peter Shilton",1990,"England",-0.42,-0.65,-0.65,-0.76,0.54,2.31,-0.68,-0.87,-0.93,-0.97,-0.66,-0.57,-0.71,-1.13,-0.82,-0.91,1.44,0.0275
"3852",3852,"Steve Bull",1990,"England",-0.42,0.06,-0.65,0.23,-1.3,-1.13,-0.68,-0.95,-0.93,-0.97,-0.72,-0.57,-0.16,-0.59,-0.7,-0.91,-2.08,-0.8525
"3853",3853,"Steve McMahon",1990,"England",-0.42,-0.53,-0.65,-0.51,-0.69,-0.73,-0.68,-0.87,-0.35,-0.25,-0.38,-0.57,-0.53,-0.86,-0.7,-0.69,-1.6,-0.7325
"3854",3854,"Stuart Pearce",1990,"England",-0.42,0.09,0.75,-0.08,0.68,1.64,-0.15,0.11,1.22,0.31,1.69,0.22,0.4,0.22,0.16,0.43,1.75,0.5875
"3855",3855,"Terry Butcher",1990,"England",-0.42,-0.51,-0.65,-0.08,0.09,0.13,-0.68,-0.38,-0.36,-0.02,1.52,0.22,1.14,-1,-0.82,-0.66,-0.25,-0.395
"3856",3856,"Tony Dorigo",1990,"England",-0.42,-0.65,0.19,-0.76,-1.09,-0.58,-0.51,-0.38,-0.93,-0.88,-0.6,-0.57,-0.71,-1.13,-0.95,-0.61,-0.96,-0.32
"3857",3857,"Trevor Steven",1990,"England",-0.42,-0.62,-0.37,-0.51,-0.91,-0.75,-0.15,-0.38,-0.65,-0.7,-0.6,-0.27,-0.71,-1.13,-0.7,-0.61,-1.13,-0.4125
"3858",3858,"Aldo Serena",1990,"Italy",0.53,-0.24,-0.65,0.05,-1.22,-1.15,-0.68,-0.95,-0.79,-0.97,-0.59,-0.57,-0.31,-0.23,0.28,-0.83,-2.1,-0.8575
"3859",3859,"Andrea Carnevale",1990,"Italy",-0.42,0.05,-0.65,0.45,-1.22,-1.1,-0.68,-0.95,-0.93,-0.97,-0.72,-0.57,-0.11,-0.82,-0.53,-0.6,-2.05,-0.845
"3860",3860,"Carlo Ancelotti",1990,"Italy",-0.42,-0.46,-0.65,-0.76,-0.66,-0.63,-0.49,-0.77,-0.73,-0.47,-0.66,-0.57,-0.51,-0.68,-0.67,-0.7,-1.4,-0.635
"3861",3861,"Ciro Ferrara",1990,"Italy",-0.42,-0.57,-0.65,-0.76,-1.22,-0.97,-0.68,-0.86,-0.75,-0.15,-0.28,-0.57,-0.11,-1.12,-0.93,-0.86,-1.83,-0.79
"3862",3862,"Fernando De Napoli",1990,"Italy",-0.42,-0.57,0.57,-0.49,0.84,0.56,0.09,-0.33,2.56,0.18,-0.28,-0.06,-0.71,0.21,0.68,-0.01,0.23,0.2225
"3863",3863,"Franco Baresi",1990,"Italy",-0.42,-0.56,-0.65,-0.56,2.05,1.55,-0.49,1.36,1.33,0.29,0.97,8.93,-0.71,-0.97,-0.13,0.15,2.91,0.4425
"3864",3864,"Gianluca Vialli",1990,"Italy",-0.42,1.38,0.57,0.12,-0.8,-0.95,-0.49,-0.24,-0.93,-0.66,-0.66,-0.57,-0.11,-0.23,0.28,0.39,-1.19,-0.2775
"3865",3865,"Giuseppe Bergomi",1990,"Italy",-0.42,-0.48,-0.34,-0.22,1.22,0.69,-0.68,0.38,1.36,1.16,0.78,-0.57,-0.11,0.21,-0.4,-0.79,1.07,0.0124999999999999
"3866",3866,"Giuseppe Giannini",1990,"Italy",0.53,0.31,0.27,-0.02,2.11,0.77,1.06,0.11,-0.34,-0.18,-0.66,-0.06,-0.31,-0.08,0.41,1.39,0.88,0.5525
"3867",3867,"Luigi De Agostini",1990,"Italy",-0.42,0.38,0.88,-0.29,0.29,-0.01,-0.49,0.56,1.21,0.9,-0.28,-0.57,-0.11,-0.38,-0.26,0.46,0.55,0.235
"3868",3868,"Nicola Berti",1990,"Italy",-0.42,-0.44,-0.34,-0.15,-0.46,-0.89,0.09,-0.51,0.91,0.03,-0.41,-0.57,-0.31,-0.53,-0.13,-0.57,-1.4,-0.4125
"3869",3869,"Paolo Maldini",1990,"Italy",-0.42,-0.2,0.27,0.52,1.03,0.51,0.29,1.09,1.96,2.53,1.22,0.15,1.91,0.66,1.22,-0.11,1.6,0.54
"3870",3870,"Pietro Vierchowod",1990,"Italy",-0.42,-0.54,-0.65,-0.56,-1.03,-1,-0.68,-0.68,-0.75,0.16,-0.22,0.86,-0.51,-0.97,-0.8,-0.77,-1.68,-0.7525
"3871",3871,"Riccardo Ferri",1990,"Italy",-0.42,-0.03,-0.65,-0.35,0.3,-0.22,-0.68,-0.77,0.62,1.72,0.85,-0.57,0.7,0.06,0.54,-0.58,-0.99,-0.58
"3872",3872,"Roberto Baggio",1990,"Italy",1.48,0.97,0.88,0.79,-0.34,-0.45,1.06,0.56,-0.07,-0.31,-0.59,-0.57,-0.51,-0.38,1.62,1.58,0.11,0.5125
"3873",3873,"Roberto Donadoni",1990,"Italy",-0.42,-0.2,2.1,-0.02,0.59,0.75,3.01,2.95,-0.93,0.33,-0.59,-0.57,0.09,0.06,2.16,1.93,3.7,2.2025
"3874",3874,"Salvatore Schillaci",1990,"Italy",5.26,3.33,-0.34,1.6,-0.48,-1,0.87,0.03,-0.57,-0.97,-0.72,0.1,0.3,0.36,2.02,0.36,-0.97,-0.11
"3875",3875,"Walter Zenga",1990,"Italy",-0.42,-0.65,-0.65,-0.76,0.31,1.87,-0.68,-0.95,-0.93,-0.97,-0.72,-0.57,-0.71,-1.27,-0.67,-0.91,0.92,-0.1025
"3876",3876,"Adri van Tiggelen",1990,"Netherlands",-0.42,-0.62,-0.65,-0.63,1.1,0.95,-0.33,0.68,1.67,1.39,1.92,1.21,2.98,1.17,-0.58,-0.31,1.63,0.1625
"3877",3877,"Aron Winter",1990,"Netherlands",-0.42,-0.13,-0.65,-0.14,-1.19,-0.96,-0.33,-0.62,-0.68,-0.29,-0.72,2.11,-0.71,-0.73,-1.07,-0.91,-1.58,-0.64
"3878",3878,"Berry Van Aerle",1990,"Netherlands",-0.42,-0.65,0.47,-0.76,1.46,1.37,-0.33,0.19,1.54,0.05,0.54,0.73,0.4,0.09,0.66,0.46,1.56,0.425
"3879",3879,"Erwin Koeman",1990,"Netherlands",-0.42,-0.65,1.59,-0.76,-1.21,-0.73,-0.68,-0.95,-0.21,-0.97,-0.72,-0.57,-0.71,-1,-0.58,0.49,-1.68,-0.1925
"3880",3880,"Frank Rijkaard",1990,"Netherlands",-0.42,0.04,-0.65,0.97,1.46,0.99,0.74,0.84,0.9,0.03,1.35,-0.57,2.98,1.45,-0.58,0.11,1.83,0.48
"3881",3881,"Gerald Vanenburg",1990,"Netherlands",-0.42,-0.65,-0.09,-0.76,-1.19,-1.06,-0.68,-0.95,-0.93,-0.97,-0.72,-0.57,-0.71,-1.27,-1.07,-0.47,-2.01,-0.695
"3882",3882,"Graeme Wayne Rutjes",1990,"Netherlands",-0.42,-0.65,-0.65,-0.76,-0.88,-0.77,-0.68,-0.95,-0.57,-0.64,0.43,-0.57,0.4,-0.73,-1.07,-0.69,-1.72,-0.7625
"3883",3883,"Hans Gillhaus",1990,"Netherlands",-0.42,-0.06,-0.09,-0.02,-1.04,-1.01,-0.68,-0.3,-0.56,-0.97,-0.72,-0.57,-0.71,-0.18,-0.58,-0.59,-1.31,-0.52
"3884",3884,"Hans Van Breukelen",1990,"Netherlands",-0.42,-0.65,-0.65,-0.76,0.93,3.19,-0.68,-0.95,-0.93,-0.97,-0.72,-0.57,-0.71,-1.27,-0.33,-0.72,2.24,0.2275
"3885",3885,"Hendrikus Fräser",1990,"Netherlands",-0.42,-0.65,-0.65,-0.76,-1.37,-1.06,-0.68,-0.95,-0.93,-0.97,-0.15,-0.57,0.03,-1,-1.07,-0.91,-2.01,-0.835
"3886",3886,"Jan Wouters",1990,"Netherlands",-0.42,0.21,-0.65,0.11,0.53,-0.34,0.74,-0.62,-0.32,-0.04,0.08,-0.57,0.77,1.45,0.66,0.37,-0.96,-0.2175
"3887",3887,"John Van't Schip",1990,"Netherlands",-0.42,-0.58,2.15,-0.51,-0.44,0.37,0.03,0.35,-0.93,-0.63,-0.72,-0.57,0.03,0.63,-0.58,1.65,0.72,0.725
"3888",3888,"Marco van Basten",1990,"Netherlands",-0.42,0.83,1.03,2.82,0.09,-0.49,1.45,0.35,-0.19,0.07,-0.6,-0.57,-0.71,0.09,1.15,1.93,-0.14,0.585
"3889",3889,"Richard Witschge",1990,"Netherlands",-0.42,-0.62,2.15,-0.76,0.33,0.85,0.74,1,1.54,0.76,-0.26,-0.57,0.03,-0.45,0.41,0.56,1.85,1.185
"3890",3890,"Ronald Koeman",1990,"Netherlands",1.32,2.66,-0.09,-0.76,2.82,1.66,0.03,2.3,1.51,1.19,0.89,1.72,-0.34,0.09,-0.58,-0.05,3.96,0.975
"3891",3891,"Ruud Gullit",1990,"Netherlands",1.32,2.45,0.47,3.93,0.42,-0.25,2.52,0.84,0.28,-0.26,-0.26,0.83,1.14,0.09,1.15,1.58,0.59,0.895
"3892",3892,"Wim Kieft",1990,"Netherlands",1.32,0.21,-0.09,1.84,-0.57,-0.82,-0.33,-0.3,-0.21,-0.64,-0.72,-0.57,1.51,0.36,-0.58,0.81,-1.12,-0.385
"3893",3893,"Alan McLoughlin",1990,"Rep of Ireland",-0.42,-0.65,-0.65,-0.76,-1.4,-1.15,-0.68,-0.95,-0.93,-0.97,-0.72,-0.57,-0.71,-1.07,-1.07,-0.89,-2.1,-0.8575
"3894",3894,"Andy Townsend",1990,"Rep of Ireland",-0.42,-0.26,-0.65,-0.02,-0.21,-0.55,-0.68,0.03,0.81,0.31,-0.03,0.19,0.12,-0.05,0.23,0.09,-0.52,-0.4625
"3895",3895,"Chris Morris",1990,"Rep of Ireland",-0.42,-0.65,2.29,-0.39,0.64,1.21,-0.68,0.64,-0.22,0.32,0.14,-0.2,0.4,1.17,-0.14,0.93,1.85,0.865
"3896",3896,"David O'Leary",1990,"Rep of Ireland",-0.42,-0.65,-0.65,-0.76,-1.39,-1.01,-0.68,-0.83,-0.78,-0.9,-0.72,-0.57,-0.71,-1.27,-0.88,-0.84,-1.84,-0.7925
"3897",3897,"John Aldridge",1990,"Rep of Ireland",-0.42,-0.24,-0.65,0.82,-0.74,-0.94,-0.68,-0.95,-0.74,-0.87,-0.72,-0.57,0.12,0.16,0.04,0.12,-1.89,-0.805
"3898",3898,"Kevin Moran",1990,"Rep of Ireland",-0.42,-0.65,-0.65,-0.67,0.29,-0.3,-0.68,-0.71,0.03,-0.29,2.47,0.39,1.23,0.77,0.59,-0.05,-1.01,-0.585
"3899",3899,"Kevin Sheedy",1990,"Rep of Ireland",0.88,0.98,2.71,1.37,-0.19,-0.12,0.38,-0.34,0.13,0.72,-0.46,-0.57,-0.16,0.36,0.04,1.68,-0.46,0.6575
"3900",3900,"Mick McCarthy",1990,"Rep of Ireland",-0.42,-0.55,-0.65,-0.29,0.33,0.92,-0.42,-0.46,-0.18,0.01,2.04,-0.31,5.66,3.01,-0.33,0.89,0.46,-0.1525
"3901",3901,"Niall Quinn",1990,"Rep of Ireland",0.88,0.87,-0.23,2.11,-0.81,-0.87,-0.68,-0.83,-0.86,-0.81,-0.46,-0.31,1.78,1.17,0.04,0.72,-1.7,-0.6525
"3902",3902,"Pat Bonner",1990,"Rep of Ireland",-0.42,-0.65,-0.65,-0.76,0.62,1.82,-0.68,-0.83,-0.93,-0.97,-0.63,-0.57,-0.71,-1.27,-0.33,-0.87,0.99,-0.085
"3903",3903,"Paul McGrath",1990,"Rep of Ireland",-0.42,0.33,-0.23,1.46,-0.06,-0.47,-0.42,-0.58,0.99,1.12,0.83,0.67,1.23,1.79,0.04,0.57,-1.05,-0.425
"3904",3904,"Ray Houghton",1990,"Rep of Ireland",-0.42,-0.24,2.29,0.63,0.67,0.89,0.65,1.25,0.13,-0.51,-0.55,-0.57,-0.43,-0.05,0.04,1.58,2.14,1.27
"3905",3905,"Ronnie Whelan",1990,"Rep of Ireland",-0.42,-0.57,-0.65,-0.76,-1.44,-1.15,-0.68,-0.95,-0.93,-0.97,-0.72,-0.57,-0.71,-1.07,-1.07,-0.91,-2.1,-0.8575
"3906",3906,"Stephen Staunton",1990,"Rep of Ireland",-0.42,-0.21,0.19,-0.29,0.56,1.17,-0.42,-0.58,0.5,0.56,0.92,-0.2,0.12,-0.05,-0.33,0.19,0.59,0.09
"3907",3907,"Tony Cascarino",1990,"Rep of Ireland",-0.42,0.28,-0.23,4.34,-0.7,-0.9,-0.68,-0.95,-0.66,-0.67,-0.63,-0.31,3.17,0.77,0.41,1.56,-1.85,-0.69
"3908",3908,"Daniel Timofte",1990,"Romania",-0.42,-0.27,0.38,0.5,-0.59,-0.45,0.63,0.25,2.02,-0.45,-0.61,-0.57,-0.71,-0.52,-0.39,0.15,-0.2,0.2025
"3909",3909,"Danut Lupu",1990,"Romania",-0.42,-0.65,-0.13,-0.76,-0.89,-1.02,-0.35,0.1,-0.59,-0.61,-0.51,-0.57,-0.71,-0.52,-0.61,-0.53,-0.92,-0.35
"3910",3910,"Florin Raducioiu",1990,"Romania",-0.42,0.15,-0.65,0.27,-1.04,-1.02,1.62,-0.05,-0.58,0.01,-0.72,0.85,-0.71,-1.02,0.75,-0.56,-1.07,-0.025
"3911",3911,"Gavril Balint",1990,"Romania",2.79,1.35,-0.13,0.84,-0.79,-0.85,-0.35,-0.65,-0.24,-0.97,-0.61,0.68,-0.03,-0.52,-0.61,-0.15,-1.5,-0.495
"3912",3912,"Gheorghe Hagi",1990,"Romania",-0.42,1.1,1.42,-0.53,0.31,-0.14,4.9,3.4,1.2,0.01,-0.72,-0.57,-0.37,0.23,2.57,0.98,3.26,2.395
"3913",3913,"Gheorghe Popescu",1990,"Romania",-0.42,-0.36,-0.65,-0.53,3.5,1.27,1.95,3.25,1.42,2.15,2.67,1.47,0.31,-0.02,0.98,-0.74,4.52,1.455
"3914",3914,"Ilie Dumitrescu",1990,"Romania",-0.42,-0.65,-0.13,-0.42,-1.23,-0.98,-0.68,-0.35,-0.93,-0.64,-0.72,-0.57,-0.71,-1.27,-0.61,-0.38,-1.33,-0.535
"3915",3915,"Ioan Andone",1990,"Romania",-0.42,-0.01,-0.65,0.5,2.62,1.22,-0.35,0.55,2.76,1.22,2.25,0.71,2.7,-0.02,-0.16,-0.59,1.77,0.1925
"3916",3916,"Ioan Lupescu",1990,"Romania",-0.42,-0.65,-0.13,-0.76,1.03,-0.58,-0.03,0.7,0.04,1.55,-0.19,0.45,-0.71,0.74,-0.16,-0.53,0.12,-0.01
"3917",3917,"Ioan Sabau",1990,"Romania",-0.42,0.34,-0.13,0.72,0.9,0.34,2.6,2.35,1.35,2.77,-0.72,0.85,-0.37,1.24,0.75,-0.5,2.69,1.29
"3918",3918,"Iosif Rotariu",1990,"Romania",-0.42,-0.05,0.38,-0.76,2.35,0.83,1.29,1.45,1.76,4.29,-0.08,-0.57,-0.71,0.74,-0.16,-0.23,2.28,0.9875
"3919",3919,"Marius Mihai Lacatus",1990,"Romania",2.79,3.55,0.9,1.75,-0.59,-0.63,-0.03,0.4,-0.58,-0.97,-0.72,-0.57,-0.71,0.99,2.34,1.71,-0.23,0.16
"3920",3920,"Michael Klein",1990,"Romania",-0.42,-0.52,1.42,-0.07,2.18,2.24,-0.35,2.8,1.84,0.84,1.29,0.68,-0.71,1.74,-0.39,0.62,5.04,1.5275
"3921",3921,"Mircea Rednic",1990,"Romania",-0.42,-0.55,-0.65,-0.64,1.73,1.66,-0.68,0.25,0.46,0.84,-0.19,0.68,-0.71,-0.77,-0.61,-0.59,1.91,0.145
"3922",3922,"Silviu Lung Jr.",1990,"Romania",-0.42,-0.65,-0.65,-0.76,0.41,1.4,-0.68,-0.95,-0.93,-0.97,-0.51,-0.57,-0.37,-1.27,-0.61,-0.91,0.45,-0.22
"3923",3923,"Alan McInally",1990,"Scotland",-0.42,-0.37,0.1,2.37,-1.12,-1.03,0.27,-0.52,-0.1,-0.58,-0.72,-0.57,0.27,-0.91,-0.41,0.32,-1.55,-0.295
"3924",3924,"Alex McLeish",1990,"Scotland",-0.42,-0.24,-0.65,0.56,0.76,-0.01,-0.68,-0.3,-0.55,-0.79,2.34,0.12,0.77,-0.18,-0.08,0.15,-0.31,-0.41
"3925",3925,"Ally McCoist",1990,"Scotland",-0.42,0.13,-0.65,0.56,-0.99,-1.15,-0.68,-0.95,-0.74,-0.97,-0.72,0.12,-0.71,-1.27,-0.41,-0.7,-2.1,-0.8575
"3926",3926,"Craig Levein",1990,"Scotland",-0.42,-0.65,-0.65,-0.76,-1.31,-1.03,-0.68,-0.95,-0.76,-0.65,1.12,0.06,0.27,0.54,-1.07,-0.91,-1.98,-0.8275
"3927",3927,"David McPherson",1990,"Scotland",-0.42,-0.33,-0.65,2.54,0.76,0.31,-0.68,1,-0.13,0.51,4.64,1.63,3.23,2.35,-0.41,0.75,1.31,-0.005
"3928",3928,"Gary Gillespie",1990,"Scotland",-0.42,-0.65,-0.65,-0.59,-0.95,-0.96,-0.68,-0.73,-0.93,-0.97,-0.26,0.12,-0.71,-1.27,-1.07,-0.91,-1.69,-0.755
"3929",3929,"Gordon Durie",1990,"Scotland",-0.42,-0.65,-0.65,-0.76,-1.24,-0.9,-0.68,-0.3,-0.93,-0.97,-0.72,-0.57,-0.71,-0.18,-0.08,-0.49,-1.2,-0.6325
"3930",3930,"James Bett",1990,"Scotland",-0.42,-0.14,0.84,-0.59,-0.85,-0.65,-0.68,-0.08,-0.51,-0.97,-0.57,-0.57,-0.71,-0.91,-1.07,-0.36,-0.73,-0.1425
"3931",3931,"Jim Leighton",1990,"Scotland",-0.42,-0.65,-0.65,-0.76,0.79,1.65,-0.68,-0.95,-0.93,-0.97,-0.57,-0.57,-0.71,-1.27,-0.41,-0.91,0.7,-0.1575
"3932",3932,"Maurice Malpas",1990,"Scotland",-0.42,-0.65,0.84,-0.43,1.2,1.58,1.21,1.22,0.06,-0.46,1.27,-0.57,0.27,-0.18,0.57,0.28,2.8,1.2125
"3933",3933,"Mo Johnston",1990,"Scotland",1.9,6.65,0.1,3.19,-0.04,-0.9,-0.68,-0.52,-0.93,-0.62,-0.72,0.12,2.24,1.63,0.57,0.32,-1.42,-0.5
"3934",3934,"Murdo MacLeod",1990,"Scotland",-0.42,-0.28,0.1,-0.76,-0.95,-0.84,-0.68,-0.73,-0.76,-0.97,-0.26,0.75,0.27,-0.55,-0.74,0.07,-1.57,-0.5375
"3935",3935,"Paul McStay",1990,"Scotland",-0.42,0.04,1.59,-0.43,0.32,0.05,0.27,0.35,0.7,0.73,-0.72,-0.57,0.77,-0.18,-0.41,1.26,0.4,0.565
"3936",3936,"Richard Gough",1990,"Scotland",-0.42,-0.24,-0.65,0.23,-0.85,-0.65,-0.68,-0.95,-0.1,-0.2,-0.57,-0.57,0.27,-1.27,-1.07,-0.36,-1.6,-0.7325
"3937",3937,"Robert Fleck",1990,"Scotland",-0.42,0.27,-0.65,0.07,-1.17,-0.96,-0.68,-0.73,-0.58,-0.97,-0.72,-0.57,-0.71,-0.55,-0.74,-0.1,-1.69,-0.755
"3938",3938,"Roy Aitken",1990,"Scotland",-0.42,0.27,0.84,0.07,0.25,-0.01,-0.21,0.35,-0.13,0.08,-0.11,0.12,0.77,0.18,0.57,0.96,0.34,0.2425
"3939",3939,"Stewart McKimmie",1990,"Scotland",-0.42,-0.65,1.59,-0.43,-0.24,0.12,-0.68,-0.52,-0.74,0.15,-0.11,-0.57,0.27,-0.91,-0.41,0.28,-0.4,0.1275
"3940",3940,"Stuart McCall",1990,"Scotland",1.9,0.31,3.08,1.22,0.3,0.44,0.74,-0.08,0.7,-0.08,-0.11,-0.57,-0.22,0.18,-0.74,2.5,0.36,1.045
"3941",3941,"Byung Ho Byun",1990,"South Korea",-0.42,0.13,0.1,-0.1,-1.17,-1.09,0.27,-0.95,-0.93,-0.97,-0.72,-0.57,-0.71,0.54,-0.41,-0.62,-2.04,-0.4175
"3942",3942,"Chung Yong-Hwan",1990,"South Korea",-0.42,-0.65,-0.65,-0.76,-0.8,-0.71,-0.68,-0.95,-0.53,0.13,0.97,-0.57,0.27,-1.27,-1.07,-0.91,-1.66,-0.7475
"3943",3943,"Deuk Yo Yoon",1990,"South Korea",-0.42,-0.65,-0.65,-0.76,-0.19,-0.2,-0.21,-0.95,0.15,0.64,-0.41,0.91,-0.22,2.35,0.57,-0.91,-1.15,-0.5025
"3944",3944,"Hae Won Chung",1990,"South Korea",-0.42,-0.65,-0.65,-0.76,-1.09,-1.03,-0.68,-0.73,-0.93,-0.72,-0.41,-0.57,-0.22,-0.91,-1.07,-0.91,-1.76,-0.7725
"3945",3945,"Hang Kee Choi",1990,"South Korea",-0.42,-0.56,0.84,-0.76,0.62,0.37,-0.68,-0.52,0.55,1.19,0.05,2.39,-0.71,1.63,-0.41,0.02,-0.15,0.00249999999999997
"3946",3946,"Heung Sil Lee",1990,"South Korea",-0.42,-0.65,0.1,-0.76,-0.63,-0.58,-0.68,-0.3,0.29,-0.59,-0.57,-0.57,-0.71,-0.91,-0.08,0.24,-0.88,-0.365
"3947",3947,"In Young Choi",1990,"South Korea",-0.42,-0.65,-0.65,-0.76,0.32,2.54,-0.68,-0.95,-0.93,-0.97,-0.57,-0.57,-0.71,-0.91,-0.74,-0.79,1.59,0.065
"3948",3948,"Jong Soon Chung",1990,"South Korea",-0.42,-0.65,-0.65,-0.76,-0.78,-0.39,-0.21,-0.95,-0.12,-0.35,-0.11,-0.57,0.27,1.26,-0.74,-0.83,-1.34,-0.55
"3949",3949,"Joo-Sung Kim",1990,"South Korea",-0.42,-0.19,-0.65,0.56,0.3,-0.33,0.74,0.79,2.1,0.46,-0.26,-0.57,-0.22,4.52,1.23,0.54,0.46,0.1375
"3950",3950,"Kwan Hwangbo",1990,"South Korea",1.9,-0.37,0.1,-0.1,-0.48,-0.45,0.27,0.79,-0.66,0.03,-0.57,0.91,-0.71,1.99,-0.08,-0.57,0.34,0.1775
"3951",3951,"Kyung-Hoon Park",1990,"South Korea",-0.42,-0.65,0.1,-0.59,0.25,0.05,-0.68,-0.3,-0.52,1.08,2.34,2.61,0.27,0.9,0.57,-0.83,-0.25,-0.2075
"3952",3952,"Min-Kook Cho",1990,"South Korea",-0.42,-0.6,-0.65,-0.76,-1.09,-0.96,-0.68,-0.73,-0.53,-0.42,-0.57,-0.57,-0.71,-1.27,-0.74,-0.91,-1.69,-0.755
"3953",3953,"Myung-Bo Hong",1990,"South Korea",-0.42,-0.65,-0.65,-0.76,0.86,0.56,-0.68,0.13,0.35,1.2,3.57,3.33,0.27,-0.18,-0.08,-0.19,0.69,-0.16
"3954",3954,"Sang Bum Gu",1990,"South Korea",-0.42,-0.6,0.1,-0.43,-0.19,0.18,0.27,-0.73,-0.19,2.29,-0.57,1.13,-0.22,0.9,1.23,0.75,-0.55,-0.045
"3955",3955,"Soo-Jin Noh",1990,"South Korea",-0.42,-0.24,-0.65,-0.76,-0.8,-0.33,-0.68,-0.95,-0.46,-0.54,-0.57,0.16,-0.71,-1.27,-0.74,-0.4,-1.28,-0.6525
"3956",3956,"Soon-Ho Choi",1990,"South Korea",-0.42,0.04,0.1,1.55,0.25,-0.26,0.74,0.13,0.35,-0.23,0.51,0.91,2.24,0.9,-0.08,0.58,-0.13,0.1775
"3957",3957,"Sun Hong Hwang",1990,"South Korea",-0.42,0.5,-0.65,0.89,-1.04,-1.09,-0.21,-0.52,-0.73,-0.78,-0.26,-0.57,0.77,1.26,-0.74,-0.7,-1.61,-0.6175
"3958",3958,"Young Jin Lee",1990,"South Korea",-0.42,-0.65,-0.65,-0.76,-1.07,-0.84,-0.68,-0.95,-0.73,-0.97,-0.57,-0.57,-0.71,-0.91,-0.74,-0.79,-1.79,-0.78
"3959",3959,"Alberto Górriz",1990,"Spain",1.18,-0.11,-0.65,0.72,0.17,-0.1,-0.68,-0.35,-0.63,-0.09,0.45,3.26,1.68,0.49,0.07,-0.56,-0.45,-0.445
"3960",3960,"Andoni Zubizarreta",1990,"Spain",-0.42,-0.65,-0.65,-0.76,0.65,2.55,-0.68,-0.8,-0.93,-0.97,-0.51,-0.57,-0.71,-1.27,-0.84,-0.91,1.75,0.105
"3961",3961,"Andrinua",1990,"Spain",-0.42,-0.4,-0.65,-0.42,0.36,0.3,-0.03,-0.2,1.14,1.14,1.29,1.92,-0.03,-0.02,-0.39,-0.91,0.1,-0.145
"3962",3962,"Chendo",1990,"Spain",-0.42,-0.65,0.9,-0.64,0.59,1.05,-0.35,-0.5,-0.4,1.8,1.08,-0.57,0.31,0.49,-0.39,0.18,0.55,0.275
"3963",3963,"Emilio Butragueno",1990,"Spain",-0.42,0.72,0.38,2.78,-0.66,-0.67,0.3,-0.05,-0.77,-0.26,-0.72,-0.57,-0.71,-0.77,1.21,1.3,-0.72,-0.01
"3964",3964,"Julio Salinas",1990,"Spain",1.18,0.94,0.38,2.43,-0.4,-0.93,0.63,-0.05,-0.77,-0.68,-0.61,-0.57,-0.03,0.23,0.98,0.71,-0.98,0.00749999999999998
"3965",3965,"Manolo",1990,"Spain",-0.42,-0.65,-0.65,-0.53,-1.28,-1.07,-0.35,-0.95,-0.69,-0.97,-0.72,-0.57,-0.71,-1.27,-1.07,-0.91,-2.02,-0.755
"3966",3966,"Manolo Jiménez",1990,"Spain",-0.42,-0.65,-0.65,-0.64,-0.44,-0.1,-0.68,-0.8,0.05,0.15,0.34,-0.57,-0.71,-0.02,-1.07,-0.86,-0.9,-0.5575
"3967",3967,"Manuel Sanchis",1990,"Spain",-0.42,-0.46,-0.65,-0.42,1,0.65,1.29,0.85,1.1,0.94,0.76,0.35,-0.37,0.74,0.3,-0.91,1.5,0.535
"3968",3968,"Michel",1990,"Spain",5.99,3.07,5.55,0.84,1,1.27,-0.03,0.25,-0.05,-0.18,-0.08,0.28,-0.03,1.49,1.21,4.82,1.52,1.76
"3969",3969,"Rafael Martin-Vasquez",1990,"Spain",-0.42,0.69,2.45,0.84,1.17,1.44,4.9,3.1,0.5,0.1,-0.61,-0.57,0.31,0.99,2.57,1.71,4.54,2.9725
"3970",3970,"Rafael Paz",1990,"Spain",-0.42,-0.49,-0.65,-0.53,-1.38,-1.07,-0.68,-0.95,-0.93,-0.73,-0.72,-0.57,-0.71,-1.27,-0.61,-0.91,-2.02,-0.8375
"3971",3971,"Roberto",1990,"Spain",-0.42,1,-0.65,2.55,0.43,-0.19,-0.03,0.85,0.76,0.44,0.55,2.07,0.31,1.24,0.3,0.56,0.66,-0.00500000000000003
"3972",3972,"Villaroya",1990,"Spain",-0.42,-0.24,1.42,-0.19,0.36,0.65,2.6,1.3,1.75,0.44,0.02,-0.57,-0.71,1.74,0.07,0.77,1.95,1.4925
"3973",3973,"Anders Limpar",1990,"Sweden",-0.42,-0.1,1.59,-0.26,-0.36,-0.01,-0.21,-0.3,-0.14,-0.72,-0.72,-0.57,-0.22,0.18,0.57,1.52,-0.31,0.2675
"3974",3974,"Glenn Hysén",1990,"Sweden",-0.42,0.18,-0.65,0.89,0.76,0.37,-0.68,0.57,-0.41,-0.49,1.58,-0.57,4.71,0.54,-0.08,-0.74,0.94,-0.0975
"3975",3975,"Glenn Strömberg",1990,"Sweden",1.9,-0.01,-0.65,0.07,0.15,0.25,-0.68,-0.52,-0.44,-0.07,-0.57,-0.57,0.77,0.18,0.25,0.62,-0.27,-0.4
"3976",3976,"Joakim Nilsson",1990,"Sweden",-0.42,-0.37,3.83,0.39,0.64,1.2,0.27,0.79,1.83,1.38,-0.41,1.32,-0.22,0.18,2.55,2.29,1.99,1.5225
"3977",3977,"Johnny Ekström",1990,"Sweden",1.9,0.59,-0.65,1.55,-1.04,-1.15,-0.68,-0.95,-0.93,-0.97,-0.72,-0.57,-0.22,-0.91,-0.74,-0.53,-2.1,-0.8575
"3978",3978,"Jonas Thern",1990,"Sweden",-0.42,-0.1,-0.65,-0.59,0.86,0.69,0.74,-0.3,0.39,0.96,-0.72,-0.57,-0.22,1.26,0.25,-0.4,0.39,0.12
"3979",3979,"Klas Ingesson",1990,"Sweden",-0.42,-0.14,0.1,3.36,0.22,-0.39,-0.21,-0.73,-0.14,-0.07,-0.26,-0.57,-0.22,0.9,-1.07,0.37,-1.12,-0.3075
"3980",3980,"Mats Gren",1990,"Sweden",-0.42,-0.47,-0.65,-0.59,-1.14,-1.09,-0.21,-0.73,-0.44,-0.97,-0.41,-0.57,0.27,-0.91,-1.07,-0.74,-1.82,-0.67
"3981",3981,"Mats Ture Magnusson",1990,"Sweden",-0.42,-0.65,-0.65,-0.76,-1.31,-1.09,-0.68,-0.95,-0.93,-0.97,-0.72,0.4,-0.22,-1.27,-0.74,-0.79,-2.04,-0.8425
"3982",3982,"Peter Larsson",1990,"Sweden",-0.42,-0.28,0.1,-0.76,1.88,0.69,-0.21,-0.08,1.03,2.68,0.66,-0.57,2.24,-0.55,-0.74,0.02,0.61,0.125
"3983",3983,"Roger Ljung",1990,"Sweden",-0.42,-0.65,-0.65,-0.76,-0.6,-0.58,-0.68,-0.52,-0.4,-0.48,0.05,0.4,0.77,-0.91,-0.74,-0.7,-1.1,-0.6075
"3984",3984,"Roland Nilsson",1990,"Sweden",-0.42,-0.65,0.1,-0.76,1.71,2.66,-0.21,-0.52,0.35,0.66,0.97,-0.57,1.26,0.9,0.57,0.54,2.14,0.5075
"3985",3985,"Stefan Pettersson",1990,"Sweden",-0.42,0.04,0.1,-0.43,0.08,-0.07,-0.21,-0.73,-0.93,-0.07,-0.57,-0.57,-0.71,0.18,0.9,0.37,-0.8,-0.2275
"3986",3986,"Stefan Schwarz",1990,"Sweden",-0.42,0.68,-0.65,-0.26,2.15,3.11,0.27,2.95,0.66,3.28,0.51,-0.57,1.75,0.9,0.9,0.41,6.06,1.42
"3987",3987,"Thomas Ravelli",1990,"Sweden",-0.42,-0.65,-0.65,-0.76,0.32,1.9,-0.68,-0.95,-0.93,-0.72,-0.26,-0.57,-0.71,-1.27,-0.74,-0.91,0.95,-0.095
"3988",3988,"Tomas Brolin",1990,"Sweden",1.9,2.01,-0.65,1.71,-0.92,-1.09,1.69,-0.3,-0.93,-0.72,-0.72,0.4,-0.22,-0.55,1.89,0.28,-1.39,-0.0875
"3989",3989,"Bruce Murray",1990,"USA",1.9,1,-0.65,2.04,-0.26,-0.84,-0.68,-0.08,-0.31,-0.64,-0.72,1.05,3.72,1.99,1.56,-0.87,-0.92,-0.5625
"3990",3990,"Desmond Armstrong",1990,"USA",-0.42,-0.56,-0.65,-0.76,0.18,-0.2,-0.21,0.35,1.37,1.05,0.66,1.98,1.26,1.63,0.57,-0.57,0.15,-0.1775
"3991",3991,"Eric Wynalda",1990,"USA",-0.42,-0.37,-0.65,-0.43,-1.19,-0.9,0.27,-0.52,-0.93,-0.73,-0.41,0.36,-0.71,-0.91,0.57,-0.49,-1.42,-0.45
"3992",3992,"Jimmy Banks",1990,"USA",-0.42,-0.65,0.1,-0.76,-0.73,-0.52,-0.21,-0.52,0.14,-0.64,-0.57,-0.57,-0.71,0.54,-1.07,-0.44,-1.04,-0.2875
"3993",3993,"John Doyle",1990,"USA",-0.42,-0.65,-0.65,-0.43,-0.24,-0.33,-0.68,-0.52,0.85,-0.07,1.27,1.05,0.27,0.18,-0.41,-0.06,-0.85,-0.545
"3994",3994,"John Harkes",1990,"USA",-0.42,0.18,-0.65,0.89,0.37,-0.33,1.69,0.35,0.84,0.46,-0.11,-0.57,0.27,0.18,2.22,0.2,0.02,0.265
"3995",3995,"John Stollmeyer",1990,"USA",-0.42,-0.65,-0.65,-0.76,-0.99,-0.9,-0.68,-0.95,-0.16,-0.97,-0.57,0.07,-0.71,-0.91,-1.07,-0.91,-1.85,-0.795
"3996",3996,"Marcelo Balboa",1990,"USA",-0.42,-0.28,-0.65,-0.59,-0.29,-0.07,-0.68,-0.73,-0.13,0.48,0.81,-0.57,-0.22,0.9,-1.07,-0.57,-0.8,-0.5325
"3997",3997,"Michael Windischmann",1990,"USA",-0.42,-0.65,-0.65,-0.76,1.69,1.14,-0.21,-0.3,0.47,0.31,2.19,1,-0.71,0.54,-1.07,-0.4,0.84,-0.00500000000000004
"3998",3998,"Paul Caligiuri",1990,"USA",1.9,-0.1,2.33,-0.26,0.2,0.12,0.74,1,0.13,0.31,0.35,0.07,-0.71,0.54,-0.08,1.48,1.12,1.0475
"3999",3999,"Peter Vermes",1990,"USA",-0.42,1.42,-0.65,1.05,-0.7,-0.96,0.74,-0.52,-0.75,-0.97,-0.57,-0.57,0.27,-0.18,3.2,-0.53,-1.48,-0.3475
"4000",4000,"Steve Trittschuh",1990,"USA",-0.42,-0.65,-0.65,-0.76,-0.73,-0.58,-0.68,-0.95,-0.67,-0.5,0.2,2.22,0.77,0.9,-1.07,-0.91,-1.53,-0.715
"4001",4001,"Tab Ramos",1990,"USA",-0.42,0.91,1.59,0.89,0.4,-0.07,3.11,0.35,-0.5,-0.57,-0.72,-0.57,-0.22,-0.18,1.56,3.31,0.28,1.245
"4002",4002,"Tony Meola",1990,"USA",-0.42,-0.65,-0.65,-0.76,1.15,2.03,-0.68,-0.73,-0.93,-0.8,-0.72,-0.57,-0.71,-1.27,-0.74,-0.91,1.3,-0.00750000000000006
"4003",4003,"Aleksandr Uvarov",1990,"USSR",-0.42,-0.65,-0.65,-0.76,-0.48,0.63,-0.68,-0.95,-0.93,-0.97,-0.72,-0.57,-0.71,-1.27,-0.41,-0.91,-0.32,-0.4125
"4004",4004,"Aleksandr Zavarov",1990,"USSR",1.9,1.23,0.1,1.05,-0.17,-0.26,3.11,0.35,-0.64,-0.35,-0.72,-0.57,-0.71,-0.55,1.56,2.58,0.09,0.825
"4005",4005,"Anatoli Demyanenko",1990,"USSR",-0.42,-0.42,-0.65,-0.43,-0.29,-0.58,-0.68,0.57,-0.46,0.32,-0.41,1.13,-0.71,0.54,-1.07,-0.91,-0.01,-0.335
"4006",4006,"Andrei Zygmantovich",1990,"USSR",1.9,0.27,0.1,-0.43,0.52,-0.65,-0.21,-0.08,2.07,0.94,-0.11,-0.57,0.27,1.26,1.23,-0.66,-0.73,-0.21
"4007",4007,"Gennadiy Lytovchenko",1990,"USSR",-0.42,0.41,0.1,-0.76,-0.29,-0.01,-0.68,-0.52,-0.08,-0.17,-0.72,-0.57,-0.71,-0.91,-0.74,0.66,-0.53,-0.2775
"4008",4008,"Igor Dobrovolski",1990,"USSR",1.9,1.65,0.1,1.88,0.57,0.25,0.74,1,0.58,-0.62,-0.57,3.23,-0.71,0.18,2.22,1.69,1.25,0.5225
"4009",4009,"Igor Shalimov",1990,"USSR",-0.42,0.64,0.1,0.23,-0.6,-0.58,-0.21,-0.3,-0.55,-0.97,-0.57,-0.57,-0.71,-0.55,-0.41,0.71,-0.88,-0.2475
"4010",4010,"Ivan Yaremchuk",1990,"USSR",-0.42,-0.51,-0.65,-0.59,-1.12,-1.03,-0.68,-0.73,-0.46,-0.97,-0.72,-0.57,-0.71,-1.27,-0.74,-0.91,-1.76,-0.7725
"4011",4011,"Oleg Kuznetzov",1990,"USSR",-0.42,0.91,0.1,0.23,2.42,1.07,-0.68,1.65,1.82,3.06,1.42,1.13,-0.71,0.9,-0.74,0.41,2.72,0.535
"4012",4012,"Oleg Protasov",1990,"USSR",1.9,1.51,0.84,2.7,-0.07,-1.03,-0.21,-0.08,-0.26,-0.62,-0.72,-0.57,0.77,0.54,2.88,1.39,-1.11,-0.12
"4013",4013,"Rinat Dasayev",1990,"USSR",-0.42,-0.65,-0.65,-0.76,-0.82,0.12,-0.68,-0.95,-0.93,-0.97,-0.72,-0.57,-0.71,-1.27,-0.74,-0.91,-0.83,-0.54
"4014",4014,"Sergej Gorlukowitsch",1990,"USSR",-0.42,-0.65,1.59,-0.76,1.74,2.22,0.74,1.87,2.46,2.14,0.51,-0.57,0.27,1.99,0.25,0.2,4.09,1.605
"4015",4015,"Sergey Aleinikov",1990,"USSR",-0.42,-0.1,0.1,0.23,2.47,1.14,0.27,1,4.34,2.61,-0.26,-0.57,-0.71,0.9,0.57,1.09,2.14,0.6275
"4016",4016,"Vagiz Khidiyatullin",1990,"USSR",-0.42,-0.37,0.1,-0.76,2.13,1.77,-0.68,1,1.91,1.2,0.05,2.81,-0.71,1.99,-0.41,-0.7,2.77,0.5475
"4017",4017,"Vassili Rats",1990,"USSR",-0.42,-0.65,-0.65,-0.76,-0.87,-0.77,-0.68,-0.73,0.8,-0.17,-0.11,-0.57,-0.71,-0.91,-0.41,-0.53,-1.5,-0.7075
"4018",4018,"Vladimir Bessonov",1990,"USSR",-0.42,-0.19,-0.65,-0.43,-0.58,-0.9,0.27,-0.08,-0.26,-0.62,-0.57,-0.57,-0.71,-0.55,-0.41,-0.7,-0.98,-0.34
"4019",4019,"Abdullah Ali Sultan",1990,"United Arab Emirates",-0.42,-0.51,-0.65,-0.76,-0.92,-0.84,-0.21,-0.08,-0.93,-0.42,-0.57,-0.57,-0.71,-0.55,-0.74,-0.49,-0.92,-0.445
"4020",4020,"Abdulrahman Abdullah",1990,"United Arab Emirates",-0.42,-0.24,0.84,-0.59,0.71,0.37,-0.68,-0.52,-0.41,-0.11,0.81,-0.57,-0.71,-0.18,-0.74,0.71,-0.15,0.00249999999999997
"4021",4021,"Abdulrahman Al Haddad",1990,"United Arab Emirates",-0.42,-0.65,-0.65,-0.76,-0.7,-0.65,-0.68,-0.73,-0.93,-0.42,0.05,0.51,-0.71,0.18,-0.74,-0.91,-1.38,-0.6775
"4022",4022,"Adnan Khamees Al Taliyani",1990,"United Arab Emirates",-0.42,1.46,-0.65,1.71,-0.63,-0.96,-0.21,0.35,-0.76,-0.61,-0.57,0.51,-0.71,1.63,0.57,-0.4,-0.61,-0.3675
"4023",4023,"Ali Thani Juma",1990,"United Arab Emirates",1.9,0.36,-0.65,1.22,-0.34,-0.9,0.27,1,-0.76,-0.22,-0.57,1.12,-0.22,-0.91,2.55,0.24,0.1,-0.07
"4024",4024,"Eissa Meer Abdulrahman",1990,"United Arab Emirates",-0.42,-0.56,-0.65,-0.76,0.81,1.65,-0.21,-0.52,0.35,0.25,0.97,0.04,0.27,0.9,0.9,0.07,1.13,0.0675
"4025",4025,"Hussain Ghuloum Abbas",1990,"United Arab Emirates",-0.42,-0.56,0.1,-0.76,0.13,-0.01,-0.68,-0.52,0.05,0.3,-0.41,-0.57,-0.22,0.18,-0.41,-0.57,-0.53,-0.2775
"4026",4026,"Hussain Mohamed Yousuf",1990,"United Arab Emirates",-0.42,-0.65,-0.65,-0.76,-0.6,-0.58,-0.68,-0.73,-0.54,-0.57,0.2,0.04,-0.71,0.54,-0.08,-0.49,-1.31,-0.66
"4027",4027,"Ibrahim Meer Abdulrahman",1990,"United Arab Emirates",-0.42,-0.56,0.84,-0.59,0.62,1.71,-0.21,0.57,-0.41,-0.49,1.42,-0.57,-0.22,0.18,0.57,1.26,2.28,0.7275
"4028",4028,"Ismail Khalid Mubarak",1990,"United Arab Emirates",1.9,-0.42,0.1,-0.59,-0.95,-0.77,-0.68,-0.73,-0.58,-0.97,-0.57,-0.57,0.27,-0.18,-1.07,-0.53,-1.5,-0.52
"4029",4029,"Khaleel Ghanim Mubarak",1990,"United Arab Emirates",-0.42,0.22,-0.65,0.39,-0.14,-0.01,-0.21,-0.3,-0.46,1.03,0.35,-0.38,0.27,-0.18,-0.41,-0.83,-0.31,-0.2925
"4030",4030,"Khamees Mubarak Fahad",1990,"United Arab Emirates",-0.42,0.41,-0.65,0.39,-1.07,-0.9,-0.68,-0.73,-0.93,-0.69,-0.72,-0.57,-0.71,-0.55,-0.41,-0.49,-1.63,-0.74
"4031",4031,"Mushin Musabeth Faraj",1990,"United Arab Emirates",-0.42,-0.65,-0.65,-0.76,1.18,1.77,-0.68,-0.95,-0.93,-0.97,-0.57,-0.57,-0.71,-1.27,-0.41,-0.91,0.82,-0.1275
"4032",4032,"Nasser Khamees Mubarak",1990,"United Arab Emirates",-0.42,-0.42,-0.65,0.07,0.35,-0.45,-0.21,-0.73,-0.76,0.29,-0.57,-0.38,0.27,-0.18,1.23,0.07,-1.18,-0.51
"4033",4033,"Zuhair Bakheet Bilal",1990,"United Arab Emirates",-0.42,-0.65,-0.65,-0.76,-1.29,-1.03,-0.68,-0.73,-0.93,-0.97,-0.57,-0.57,-0.22,-1.27,-0.74,-0.91,-1.76,-0.7725
"4034",4034,"Alfonso Enrique Domínguez Maidana",1990,"Uruguay",-0.42,-0.55,-0.09,-0.51,0.64,1.42,0.03,-0.46,4.59,0.92,0.77,-0.57,-0.71,-0.18,0.9,-0.4,0.96,0.225
"4035",4035,"Antonio Alzamendi",1990,"Uruguay",-0.42,-0.34,0.47,-0.51,-1.08,-0.77,-0.68,-0.79,-0.8,-0.37,-0.72,-0.57,-0.71,-0.73,-0.58,0.27,-1.56,-0.4425
"4036",4036,"Carlos Alberto Aguilera Nova",1990,"Uruguay",-0.42,0.25,-0.09,0.72,-0.53,-0.73,-0.68,-0.79,-0.66,-0.62,-0.72,-0.57,0.03,-1,-0.82,0.72,-1.52,-0.5725
"4037",4037,"Daniel Fonseca",1990,"Uruguay",1.32,0,-0.09,-0.39,-1.17,-0.77,-0.33,-0.79,-0.59,-0.42,-0.72,-0.57,-0.71,-0.18,0.41,-0.18,-1.56,-0.495
"4038",4038,"Enzo Francescoli",1990,"Uruguay",-0.42,1.9,-0.09,1.59,0.31,0.18,0.74,1.33,-0.19,0.1,-0.6,-0.57,0.77,0.9,2.38,1.71,1.51,0.54
"4039",4039,"Fernando Alvez",1990,"Uruguay",-0.42,-0.65,-0.65,-0.76,-0.37,1.18,-0.68,-0.95,-0.93,-0.97,-0.6,-0.57,-0.71,-1.27,-0.33,-0.91,0.23,-0.275
"4040",4040,"Hugo De León",1990,"Uruguay",-0.42,-0.65,0.47,-0.63,0.95,1.18,0.03,2.79,0.7,0.56,1.46,-0.57,0.4,-0.18,-0.08,0.46,3.97,1.1175
"4041",4041,"Jose Battle Perdomo Texiera",1990,"Uruguay",-0.42,0.52,-0.65,-0.51,0.97,0.47,-0.33,0.35,0.22,0.7,-0.03,0.66,-0.34,3.62,1.4,-0.27,0.82,-0.04
"4042",4042,"José Oscar Herrera Corominas",1990,"Uruguay",-0.42,0.56,0.47,0.6,0.31,0.52,-0.33,1.33,1.68,-0.18,0.2,-0.57,-0.34,0.9,0.16,0.37,1.85,0.4975
"4043",4043,"José Pintos Saldanha",1990,"Uruguay",-0.42,-0.65,-0.65,-0.76,-1.15,-0.73,-0.68,-0.79,-0.43,-0.85,-0.26,-0.57,-0.71,-0.18,-0.58,-0.79,-1.52,-0.7125
"4044",4044,"Nelson Gutierrez",1990,"Uruguay",-0.42,-0.62,-0.65,0.48,0.82,0.66,0.03,0.19,0.28,1.39,3.07,-0.57,4.46,-0.18,0.41,0.37,0.85,0.0575
"4045",4045,"Pablo Javier Bengoechea Dutra",1990,"Uruguay",1.32,0.07,-0.09,0.11,-1.06,-0.68,-0.68,-0.62,-0.93,-0.97,-0.72,-0.57,-0.71,-1.27,-0.82,-0.34,-1.3,-0.5175
"4046",4046,"Ruben Fabian Pereira Marquez",1990,"Uruguay",-0.42,-0.62,-0.09,-0.76,-0.79,-0.68,0.03,-0.46,-0.29,-0.02,-0.6,-0.12,-0.71,0.9,0.16,-0.56,-1.14,-0.3
"4047",4047,"Ruben Sosa Ardaiz",1990,"Uruguay",-0.42,2.48,3.27,-0.02,-0.31,-0.49,1.1,0.03,-0.55,-0.48,-0.72,-0.57,-0.71,-0.45,2.88,2.45,-0.46,0.9775
"4048",4048,"Ruben Walter Paz Marquez",1990,"Uruguay",-0.42,0.87,2.71,1.59,-0.04,-0.01,2.52,1.16,0.63,1.15,-0.72,0.39,-0.71,-0.18,0.9,1.65,1.15,1.595
"4049",4049,"Santiago Ostolaza",1990,"Uruguay",-0.42,-0.44,-0.65,-0.51,-0.4,-0.39,0.38,0.03,-0.25,-0.27,-0.6,-0.57,-0.71,0.36,0.16,-0.66,-0.36,-0.1575
"4050",4050,"Sergio Martinez",1990,"Uruguay",-0.42,-0.51,-0.09,0.11,-1.24,-1.01,-0.68,-0.95,-0.93,-0.77,-0.72,-0.57,-0.71,-1,0.66,-0.53,-1.96,-0.6825
"4051",4051,"Andreas Brehme",1990,"West Germany",2.42,1.83,3.93,-0.56,2.19,3.17,-0.3,1.18,2.7,1.78,0.03,0.38,-0.51,0.66,0.01,2.54,4.35,1.995
"4052",4052,"Bodo Illgner",1990,"West Germany",-0.42,-0.65,-0.65,-0.76,0.07,1.55,-0.68,-0.86,-0.67,-0.97,-0.66,-0.57,-0.71,-1.27,-1.07,-0.91,0.69,-0.16
"4053",4053,"Guido Buchwald",1990,"West Germany",-0.42,0.16,-0.04,0.25,1.3,0.12,-0.68,0.11,4.21,3.12,1.1,0.19,1.71,1.4,0.28,-0.34,0.23,-0.1225
"4054",4054,"Hans Pflügler",1990,"West Germany",-0.42,-0.65,-0.65,-0.76,-1.03,-0.92,-0.68,-0.95,-0.13,-0.53,-0.66,-0.57,-0.11,-1.12,-0.8,-0.91,-1.87,-0.8
"4055",4055,"Jürgen Klinsmann",1990,"West Germany",2.42,2.73,0.27,3.08,-0.72,-0.89,1.84,0.38,-0.54,-0.47,-0.66,0.01,0.09,0.21,1.35,0.88,-0.51,0.4
"4056",4056,"Jürgen Kohler",1990,"West Germany",-0.42,-0.57,-0.65,-0.56,-0.15,-0.43,-0.68,-0.59,0.67,1.45,1.29,0.88,0.3,-0.53,-0.4,-0.91,-1.02,-0.5875
"4057",4057,"Karlheinz Riedle",1990,"West Germany",-0.42,0.06,-0.65,0.93,-1.08,-1.05,-0.1,-0.42,-0.67,-0.6,-0.59,0.2,0.09,-0.53,-0.8,-0.22,-1.47,-0.555
"4058",4058,"Klaus Augenthaler",1990,"West Germany",-0.42,-0.39,-0.34,-0.22,3.08,1.29,0.09,0.74,2.04,0.84,0.91,1.46,0.3,-0.68,0.54,-0.11,2.03,0.445
"4059",4059,"Lothar Matthäus",1990,"West Germany",3.37,2.3,2.1,0.12,2.45,0.98,1.65,1.45,3.76,1.72,-0.22,-0.57,-0.11,0.21,1.49,2.23,2.43,1.545
"4060",4060,"Olaf Thon",1990,"West Germany",-0.42,-0.16,-0.34,-0.42,-1.08,-0.92,-0.49,-0.77,-0.72,-0.39,-0.72,0.2,-0.71,-0.82,-0.8,-0.53,-1.69,-0.63
"4061",4061,"Pierre Littbarski",1990,"West Germany",0.53,0.78,3.32,0.32,0.04,0.25,2.03,1.09,0.44,0.65,-0.59,-0.57,-0.51,-0.82,0.54,2.65,1.34,1.6725
"4062",4062,"Rudi Völler",1990,"West Germany",2.42,2.98,-0.34,2.48,-0.95,-0.97,0.48,-0.06,-0.7,-0.68,-0.66,-0.57,0.09,1.25,0.41,0.12,-1.03,-0.2225
"4063",4063,"Stefan Reuter",1990,"West Germany",-0.42,-0.63,-0.04,-0.76,0.84,0.67,-0.1,0.38,0.63,0.32,-0.34,-0.57,-0.51,-0.53,0.54,0.01,1.05,0.2275
"4064",4064,"Thomas Berthold",1990,"West Germany",-0.42,-0.39,-0.65,-0.29,1.26,0.8,-0.49,0.65,0.97,0.01,0.85,-0.57,1.51,0.66,-0.26,-0.48,1.45,0.0775
"4065",4065,"Thomas Häßler",1990,"West Germany",-0.42,-0.09,-0.34,-0.02,0.87,-0.06,0.87,2.24,1.65,2,-0.66,-0.57,-0.71,-0.68,0.14,0.17,2.18,0.6775
"4066",4066,"Uwe Bein",1990,"West Germany",0.53,-0.07,0.57,-0.29,-0.09,-0.27,-0.49,-0.24,0.2,0.12,-0.53,-0.57,-0.71,-0.82,-0.67,0.55,-0.51,-0.1075
"4067",4067,"Darko Pancev",1990,"Yugoslavia",2.03,1.27,-0.65,1.94,-1.16,-1.05,-0.18,-0.72,-0.72,-0.97,-0.72,-0.57,-0.71,-0.69,-0.37,0.08,-1.77,-0.65
"4068",4068,"Davor Jozic",1990,"Yugoslavia",2.03,0.42,-0.65,0.72,0.7,0.56,-0.43,0.31,0.21,2.34,1.47,1.52,0.33,-0.31,-0.02,-0.6,0.87,-0.0525
"4069",4069,"Dejan Savicevic",1990,"Yugoslavia",-0.42,0.78,-0.25,0.9,-1.03,-0.99,1.08,0.43,-0.14,-0.65,-0.64,-0.57,-0.71,-0.5,0.67,-0.78,-0.56,0.0675
"4070",4070,"Dragan Stojkovic",1990,"Yugoslavia",2.03,0.32,4.48,0.38,1.09,1.2,4.84,3.99,0.31,-0.29,-0.56,-0.57,-0.71,0.46,3.63,5.18,5.19,3.6275
"4071",4071,"Dragoljub Brnovic",1990,"Yugoslavia",-0.42,-0.58,1.33,-0.15,0.71,0.63,-0.43,1.23,-0.15,0.95,-0.07,-0.57,-0.45,1.22,-0.72,0.19,1.86,0.69
"4072",4072,"Faruk Hadzibegic",1990,"Yugoslavia",-0.42,1.2,0.14,-0.67,0.8,0.5,0.07,-0.03,0.71,0.53,1.55,3.06,-0.19,-0.5,-0.37,-0.6,0.47,0.17
"4073",4073,"Mirsad Baljic",1990,"Yugoslavia",-0.42,-0.65,-0.65,-0.58,-1.06,-0.65,-0.68,-0.49,-0.83,-0.97,-0.56,-0.57,-0.45,-0.5,-1.07,-0.89,-1.14,-0.6175
"4074",4074,"Predrag Spasic",1990,"Yugoslavia",-0.42,-0.48,-0.65,-0.76,-0.13,-0.11,-0.43,-0.61,1.01,0.7,1.79,1.4,1.11,1.22,-0.2,-0.8,-0.72,-0.45
"4075",4075,"Refik Sabanadzovic",1990,"Yugoslavia",-0.42,-0.58,0.14,-0.58,-0.02,-0.35,-0.68,0.2,0.19,1.14,-0.31,0.69,-0.45,0.26,-0.02,-0.35,-0.15,-0.1725
"4076",4076,"Robert Jarni",1990,"Yugoslavia",-0.42,-0.65,-0.25,-0.76,-1.28,-0.99,0.32,-0.38,-0.61,-0.97,-0.4,-0.57,-0.71,-0.89,-0.9,-0.71,-1.37,-0.325
"4077",4077,"Robert Prosinecki",1990,"Yugoslavia",0.81,-0.26,-0.25,-0.5,-0.54,-0.41,0.32,0.89,-0.75,-0.81,-0.64,-0.57,-0.71,-1.08,-0.2,-0.49,0.48,0.1375
"4078",4078,"Safet Susic",1990,"Yugoslavia",0.81,1.42,0.93,0.72,1.19,0.73,1.33,2.26,-0.27,-0.5,-0.48,-0.57,-0.71,-0.89,0.5,2.09,2.99,1.3125
"4079",4079,"Srecko Katanec",1990,"Yugoslavia",-0.42,-0.43,0.14,0.29,-0.57,-0.75,-0.43,-0.61,-0.44,-0.27,-0.07,0.99,0.59,0.26,-0.02,-0.37,-1.36,-0.4125
"4080",4080,"Tomislav Ivkovic",1990,"Yugoslavia",-0.42,-0.65,-0.65,-0.76,0.79,2.58,-0.68,-0.83,-0.93,-0.88,-0.4,-0.57,-0.45,-1.27,-0.72,-0.78,1.75,0.105
"4081",4081,"Vujadin Stanojkovic",1990,"Yugoslavia",-0.42,-0.6,0.14,-0.76,-0.9,-0.28,-0.68,-0.83,-0.77,-0.34,-0.07,0.01,-0.45,-0.5,-0.02,-0.33,-1.11,-0.4125
"4082",4082,"Zlatko Vujovic",1990,"Yugoslavia",-0.42,0.03,0.93,0.9,-0.55,-0.78,-0.18,0.31,-0.72,-0.82,-0.48,-0.57,0.85,-0.31,1.89,0.22,-0.47,0.07
"4083",4083,"Zoran Vulic",1990,"Yugoslavia",-0.42,-0.53,-0.25,-0.5,-0.35,-0.08,-0.68,-0.38,-0.31,-0.28,0.33,-0.57,-0.71,-0.69,-0.2,-0.55,-0.46,-0.3475
"4084",4084,"Abdallah Liegeon",1986,"Algeria",-0.39,-0.6,0.1,-0.81,1.12,0.33,-0.3,2.43,-0.46,-0.01,1.4,2.06,0.2,0.4,-0.62,-0.19,2.76,0.64
"4085",4085,"Djamel Menad",1986,"Algeria",-0.39,-0.64,-0.66,0.06,-0.38,-0.97,-0.74,0.3,-0.99,-0.67,-0.71,-0.56,0.2,-0.42,-0.96,0.05,-0.67,-0.5175
"4086",4086,"Djamel Zidane",1986,"Algeria",1.62,0.15,0.1,0.23,-0.43,-0.77,0.57,0.49,0.07,-1,-0.71,-0.56,-0.7,-1.24,-0.28,0.36,-0.28,0.0975
"4087",4087,"Fawzi Mansouri",1986,"Algeria",-0.39,-0.6,0.1,-0.81,1.87,0.81,-0.3,-0.29,-0.58,0.92,1.4,-0.56,0.2,1.22,-0.28,-0.27,0.52,0.08
"4088",4088,"Fodil Megharia",1986,"Algeria",-0.39,-0.64,-0.66,-0.81,-0.65,-0.5,0.57,-0.09,1.17,1.18,1.92,1.46,0.2,0.4,-0.96,-0.87,-0.59,-0.17
"4089",4089,"Halim Benmabrouk",1986,"Algeria",-0.39,-0.64,-0.66,-0.81,0.71,-0.43,-0.74,-0.48,0.21,-0.01,-0.18,-0.56,0.2,0.4,-0.62,-0.55,-0.91,-0.5775
"4090",4090,"Karim Maroc",1986,"Algeria",-0.39,-0.29,-0.66,-0.46,0.76,-0.63,-0.3,1.07,1.29,-0.6,-0.35,1.05,-0.7,-0.42,-0.28,-0.55,0.44,-0.13
"4091",4091,"Lakdhar Belloumi",1986,"Algeria",-0.39,1.48,0.1,0.23,0.95,-0.02,0.57,1.46,-0.58,0.06,-0.71,-0.56,-0.7,0.4,-0.28,0.28,1.44,0.5275
"4092",4092,"Larbi El Hadi",1986,"Algeria",-0.39,-0.64,-0.66,-0.81,-0.21,0.87,-0.74,-0.87,-0.99,-1,-0.53,-0.56,-0.7,-1.24,-0.96,-0.87,0,-0.35
"4093",4093,"Mahmoud Guendouz",1986,"Algeria",-0.39,-0.64,-0.66,-0.64,0.74,0.19,-0.74,-0.48,1.63,0.65,3.15,3.91,2.9,-0.83,-0.28,-0.87,-0.29,-0.4225
"4094",4094,"Mohammed Kaci-Said",1986,"Algeria",-0.39,-0.24,0.1,-0.46,1.68,0.12,1.45,3.01,2.99,0.97,0,2.65,0.2,-0.42,1.75,0.32,3.13,1.17
"4095",4095,"Nacerdine Drid",1986,"Algeria",-0.39,-0.64,-0.66,-0.81,-0.46,0.53,-0.74,-1.06,-0.99,-1,-0.53,-0.56,-0.7,-1.24,-0.28,-0.87,-0.53,-0.4825
"4096",4096,"Nouredine Kourichi",1986,"Algeria",-0.39,0.02,-0.66,0.4,-0.32,-0.5,-0.74,-0.68,-0.18,0.72,1.57,-0.56,1.1,-0.42,-0.62,-0.87,-1.18,-0.645
"4097",4097,"Rabah Madjer",1986,"Algeria",-0.39,0.11,0.1,0.4,0.22,0.26,-0.3,2.43,-0.65,0.12,0,0.45,-0.7,-0.01,-0.28,-0.15,2.69,0.6225
"4098",4098,"Rachid Harkouk",1986,"Algeria",-0.39,0.33,-0.66,0.06,-1.08,-1.18,-0.3,-0.87,-0.46,-1,-0.71,-0.56,1.1,-0.83,0.06,-0.71,-2.05,-0.7525
"4099",4099,"Salah Assad",1986,"Algeria",-0.39,0.37,0.86,0.23,0.49,-0.5,2.76,3.21,0.02,-0.15,-0.53,-0.56,-0.7,-0.01,-0.62,0.12,2.71,1.5825
"4100",4100,"Carlos Tapia",1986,"Argentina",-0.39,-0.4,-0.66,-0.51,-1.46,-1.13,-0.74,-1.06,-0.82,-1,-0.71,-0.56,-0.7,-1.24,-0.96,-0.63,-2.19,-0.8975
"4101",4101,"Claudio Borghi",1986,"Argentina",-0.39,-0.64,-0.01,-0.66,-1.21,-0.98,-0.18,-0.4,-0.99,-0.41,-0.63,-0.56,-0.7,-1.06,-0.67,-0.48,-1.38,-0.3925
"4102",4102,"Diego Maradona",1986,"Argentina",3.91,2.64,3.25,2.83,0.98,0.92,9.18,1.77,0.9,0.09,-0.71,-0.56,0.45,0.52,6.73,6.2,2.69,3.78
"4103",4103,"Hector Enrique",1986,"Argentina",-0.39,-0.43,0.32,-0.44,-0.22,-0.37,0.2,0.1,-0.17,0.25,-0.48,0.43,-0.7,1.05,0.2,-0.41,-0.27,0.0625
"4104",4104,"Jorge Luis Burruchaga",1986,"Argentina",1.33,1.29,2.92,1.2,1.67,0.48,0.76,1.43,0.6,1.69,-0.4,-0.1,0.07,0.34,0.35,1.87,1.91,1.3975
"4105",4105,"Jorge Valdano",1986,"Argentina",3.05,2.45,-0.66,2.31,0.29,-0.69,1.32,0.52,0.14,0.77,-0.18,0.36,1.23,0.7,1.36,0.14,-0.17,0.1225
"4106",4106,"Jose Luis Brown",1986,"Argentina",0.47,-0.43,-0.66,-0.59,0.35,0.13,-0.55,-0.56,0.27,0.77,3.95,2.93,1.61,-0.01,-0.52,-0.87,-0.43,-0.41
"4107",4107,"Jose Luis Cuciuffo",1986,"Argentina",-0.39,-0.62,-0.34,-0.73,0.05,0.4,-0.18,-0.65,0.92,2.54,1.17,-0.04,-0.7,0.87,0.49,-0.58,-0.25,-0.1925
"4108",4108,"Julio Olarticoechea",1986,"Argentina",-0.39,-0.53,-0.01,-0.59,-0.34,-0.16,-0.36,-0.65,0.2,0.45,-0.33,-0.56,-0.7,0.17,0.06,-0.58,-0.81,-0.295
"4109",4109,"Nery Pumpido",1986,"Argentina",-0.39,-0.64,-0.66,-0.81,0.05,0.92,-0.74,-0.98,-0.99,-1,-0.71,-0.56,-0.32,-1.24,-0.67,-0.58,-0.0599999999999999,-0.365
"4110",4110,"Nestor Clausen",1986,"Argentina",-0.39,-0.59,-0.66,-0.51,-1.28,-0.98,-0.74,-0.81,-0.35,-1,-0.25,-0.56,-0.32,-1.06,-0.96,-0.71,-1.79,-0.7975
"4111",4111,"Oscar Garré",1986,"Argentina",-0.39,-0.53,0.64,-0.44,0.33,0.66,-0.55,-0.31,0.33,0.65,-0.33,0.08,0.07,0.7,-0.67,0.29,0.35,0.11
"4112",4112,"Oscar Ruggeri",1986,"Argentina",0.47,-0.24,-0.01,0.9,0.17,0.01,-0.36,-0.56,0.24,1.74,2.3,4.22,3.15,0.34,0.64,-0.65,-0.55,-0.23
"4113",4113,"Pedro Pasculli",1986,"Argentina",0.47,0.36,-0.66,0.08,-1.23,-1.1,-0.36,-0.81,-0.78,-0.43,-0.71,-0.1,-0.7,0.17,0.06,0.25,-1.91,-0.7325
"4114",4114,"Ricardo Giusti",1986,"Argentina",-0.39,-0.19,-0.66,0.01,1.14,-0.02,0.39,0.27,1.65,0.73,0.27,1.18,0.45,1.93,1.07,-0.19,0.25,-0.005
"4115",4115,"Sergio Batista",1986,"Argentina",-0.39,-0.45,-0.66,-0.51,1.24,0.6,-0.74,-0.31,0.7,1.42,0.5,2.51,0.84,1.05,-0.23,-0.37,0.29,-0.2775
"4116",4116,"Daniel Veyt",1986,"Belgium",0.36,0.29,-0.09,-0.03,-0.83,-1.07,-0.74,-0.34,-0.74,-1,-0.57,-0.39,-0.37,-0.47,-0.32,-0.15,-1.41,-0.56
"4117",4117,"Enzo Scifo",1986,"Belgium",1.11,0.14,1.05,-0.29,0.61,0.32,0.74,2.43,0.47,-0.14,-0.38,-0.56,-0.7,1.53,0.95,0.35,2.75,1.135
"4118",4118,"Eric Gerets",1986,"Belgium",-0.39,-0.58,-0.38,0.1,0.75,1.37,-0.25,0.32,0.64,0.42,0.81,1.31,-0.03,0.15,-0.32,-0.2,1.69,0.265
"4119",4119,"Erwin Vandenbergh",1986,"Belgium",0.36,-0.43,-0.66,-0.68,-1.6,-1.25,-0.74,-1.06,-0.85,-0.86,-0.64,-0.56,-0.7,-1.24,-0.96,-0.87,-2.31,-0.9275
"4120",4120,"Frank Vercauteren",1986,"Belgium",0.36,0.34,4.18,0.23,-0.11,0.47,-0.57,-0.12,-0.41,-0.29,-0.25,-0.39,0.31,0.92,-0.45,2.02,0.35,0.99
"4121",4121,"Franky Van Der Elst",1986,"Belgium",-0.39,-0.64,-0.66,-0.81,-0.51,-0.4,-0.57,-0.92,-0.61,0.36,0.28,0.15,-0.7,-0.78,-0.7,-0.82,-1.32,-0.6375
"4122",4122,"Georges Serge Grün",1986,"Belgium",-0.39,0.05,-0.09,0.23,-0.08,0.04,-0.08,-0.12,1.12,0.15,1.2,1.01,1.66,1.22,-0.07,-0.32,-0.08,-0.0625
"4123",4123,"Hugo Broos",1986,"Belgium",-0.39,-0.64,-0.66,-0.81,-1.16,-0.99,-0.74,-0.99,-0.81,-0.91,0.28,-0.56,-0.7,-0.16,-0.96,-0.87,-1.98,-0.845
"4124",4124,"Jan Ceulemans",1986,"Belgium",1.87,0.93,-0.38,1.92,0.75,0.04,0.24,0.9,0.61,0.5,-0.44,0.02,1.66,0.3,0.44,0.66,0.94,0.2
"4125",4125,"Jean-Marie Pfaff",1986,"Belgium",-0.39,-0.64,-0.66,-0.81,1,2.53,-0.74,-0.99,-0.99,-0.9,-0.51,-0.56,-0.37,-1.24,-0.45,-0.79,1.54,0.0349999999999999
"4126",4126,"Leo Clijsters",1986,"Belgium",-0.39,-0.48,-0.66,-0.55,-1.55,-1.17,-0.74,-1.06,-0.79,-0.85,-0.57,-0.56,-0.7,-1.24,-0.96,-0.55,-2.23,-0.9075
"4127",4127,"Leo Van der Elst",1986,"Belgium",-0.39,-0.48,-0.38,-0.68,-1.28,-0.91,-0.57,-0.77,-0.9,-0.9,-0.64,-0.56,-0.7,-0.93,-0.96,-0.45,-1.68,-0.6575
"4128",4128,"Michel De Wolf",1986,"Belgium",-0.39,-0.64,-0.38,-0.81,-0.93,-0.66,-0.74,-0.19,0.31,-0.3,-0.18,-0.56,-0.37,-0.93,-0.45,-0.72,-0.85,-0.4925
"4129",4129,"Michel Renquin",1986,"Belgium",-0.39,-0.56,-0.66,-0.68,-0.28,-0.43,-0.41,0.17,-0.42,-0.01,1.99,-0.02,-0.03,-0.78,-0.45,-0.73,-0.26,-0.3325
"4130",4130,"Nico Claesen",1986,"Belgium",1.87,1.51,-0.09,1.72,-0.65,-0.84,-0.08,-0.19,-0.26,-0.5,-0.71,-0.56,-0.37,0.61,-0.2,0.4,-1.03,-0.3
"4131",4131,"Patrick Vervoort",1986,"Belgium",-0.39,-0.43,-0.38,-0.68,0.2,0.34,-0.08,0.76,0.05,0.25,1.07,0.35,-0.03,0.3,-0.45,-0.7,1.1,0.16
"4132",4132,"Phillipe Desmet",1986,"Belgium",-0.39,-0.01,-0.09,-0.35,-1.31,-1.04,-0.25,-0.85,-0.99,-0.85,-0.71,-0.56,-0.7,-0.01,-0.32,-0.17,-1.89,-0.5575
"4133",4133,"Raymond Mommens",1986,"Belgium",-0.39,-0.56,-0.09,-0.81,-1.22,-0.94,-0.74,-0.77,-0.99,-0.81,-0.64,-0.56,-0.7,-1.24,-0.83,-0.67,-1.71,-0.635
"4134",4134,"Rene Vandereycken",1986,"Belgium",-0.39,-0.44,-0.66,-0.68,-0.65,-0.32,-0.74,-0.26,-0.56,-0.71,-0.38,-0.56,-0.7,-0.78,-0.45,-0.55,-0.58,-0.495
"4135",4135,"Stephane Auguste Demol",1986,"Belgium",0.36,-0.28,-0.66,-0.35,-0.22,-0.2,0.41,-0.19,-0.02,0.31,0.61,0.05,-0.37,-0.16,-0.7,0.01,-0.39,-0.16
"4136",4136,"Alemao",1986,"Brazil",-0.39,0.2,-0.23,0.17,3.27,1.33,1.23,2.32,2.32,4.26,-0.31,-0.56,0.31,1.07,-0.01,0.67,3.65,1.1625
"4137",4137,"Branco",1986,"Brazil",-0.39,-0.12,1.05,0.46,1.49,0.29,0.98,4.29,-0.09,0.8,0.28,0.05,0.82,-0.78,0.57,0.14,4.58,1.6525
"4138",4138,"Careca",1986,"Brazil",5.26,4.56,2.33,3.77,0.38,-0.4,1.47,1.89,-0.34,-0.03,-0.71,0.06,0.82,-0.32,0.57,3.15,1.49,1.3225
"4139",4139,"Casagrande",1986,"Brazil",-0.39,0.2,-0.66,0.46,-0.72,-1.06,-0.25,-0.41,-0.37,-0.57,-0.71,-0.56,-0.7,-0.55,-0.01,0.07,-1.47,-0.595
"4140",4140,"Edinho",1986,"Brazil",0.74,0.05,-0.66,0.36,0.88,0.56,0,-0.08,1.16,2.68,2.35,2.14,0.82,2.46,-0.2,-0.11,0.48,-0.045
"4141",4141,"Elzo",1986,"Brazil",-0.39,-0.19,-0.66,-0.42,1.98,0.45,1.72,1.23,3.26,3.07,0.68,0.68,-0.7,-0.32,-0.58,-0.11,1.68,0.685
"4142",4142,"Josimar",1986,"Brazil",1.87,-0.49,0.19,-0.52,0.58,0.83,0.24,0.9,-0.37,-0.2,0.08,-0.56,-0.2,0.38,-0.77,0.29,1.73,0.54
"4143",4143,"Junior",1986,"Brazil",-0.39,1.07,2.76,0.46,2.27,1.02,0.49,1.67,1.22,1.92,-0.61,-0.56,-0.7,0.61,1.14,3.26,2.69,1.485
"4144",4144,"Júlio César da Silva",1986,"Brazil",-0.39,-0.19,-0.23,-0.81,0.65,-0.02,-0.25,-0.41,1.11,2.03,1.86,4.36,0.31,0.38,-0.01,-0.6,-0.43,-0.2275
"4145",4145,"Müller",1986,"Brazil",-0.39,0.58,-0.23,1.92,-0.98,-1.06,-0.25,0.14,-0.38,-0.79,-0.71,-0.56,1.32,-1.24,0.76,0.74,-0.92,-0.35
"4146",4146,"Paulo Roberto Falcão",1986,"Brazil",-0.39,-0.37,-0.66,-0.61,-0.78,-0.86,-0.25,-0.85,-0.12,-0.36,-0.71,-0.56,-0.7,-1.01,-0.77,-0.6,-1.71,-0.655
"4147",4147,"Paulo Silas",1986,"Brazil",-0.39,-0.59,-0.23,-0.13,-1.07,-0.94,-0.49,-0.52,-0.99,0.2,-0.71,-0.56,-0.7,-0.78,-0.58,0.58,-1.46,-0.545
"4148",4148,"Roberto Carlos",1986,"Brazil",-0.39,-0.64,-0.66,-0.81,0.41,2.3,-0.74,-0.95,-0.99,-1,-0.31,-0.56,-0.2,-1.01,-0.96,-0.87,1.35,-0.0125
"4149",4149,"Sócrates",1986,"Brazil",1.87,3.21,0.19,0.75,2.07,0.41,-0.25,1.89,0.18,0.19,-0.51,1.59,-0.2,0.61,0.18,1.52,2.3,0.56
"4150",4150,"Zico",1986,"Brazil",-0.39,1.99,-0.66,0.36,-0.86,-1.02,-0.25,-0.3,-0.99,-0.8,-0.71,-0.56,-0.2,-1.24,-0.39,0.72,-1.32,-0.5575
"4151",4151,"Édson Boaro",1986,"Brazil",-0.39,-0.64,0.19,-0.52,-0.51,-0.32,-0.49,1.56,-0.44,-1,-0.31,0.09,-0.7,-1.01,-0.77,-0.2,1.24,0.235
"4152",4152,"Alexander Markov",1986,"Bulgaria",-0.39,-0.44,-0.09,-0.68,-0.12,0.24,-0.41,-0.19,0.85,-0.86,0.22,-0.56,0.65,-0.32,-0.7,-0.63,0.05,-0.1125
"4153",4153,"Andrey Yeliakov",1986,"Bulgaria",-0.39,-0.64,-0.66,-0.55,-0.86,-0.43,-0.41,-0.48,-0.85,-0.32,-0.05,-0.56,-0.7,-0.32,-0.45,-0.72,-0.91,-0.495
"4154",4154,"Anjo Sadkov",1986,"Bulgaria",-0.39,0.02,-0.09,-0.29,1.14,0.24,-0.08,0.54,2.11,1.48,-0.44,-0.56,0.65,0.61,-0.2,-0.51,0.78,0.1525
"4155",4155,"Atanas Pachev",1986,"Bulgaria",-0.39,-0.18,-0.66,-0.55,-1.38,-1.2,-0.74,-0.77,-0.99,-1,-0.71,-0.56,-0.7,-1.24,0.57,-0.87,-1.97,-0.8425
"4156",4156,"Borislav Mihailov",1986,"Bulgaria",-0.39,-0.64,-0.66,-0.81,0.38,2.04,-0.74,-0.92,-0.99,-1,-0.44,-0.56,-0.7,-1.24,-0.7,-0.87,1.12,-0.07
"4157",4157,"Boytcho Velitchkov",1986,"Bulgaria",-0.39,-0.54,-0.66,-0.81,-1.57,-1.25,-0.74,-1.06,-0.99,-0.86,-0.71,-0.56,-0.7,-1.24,-0.45,-0.87,-2.31,-0.9275
"4158",4158,"Bozidar Iskrenov",1986,"Bulgaria",-0.39,-0.64,-0.66,-0.55,-1.32,-0.99,-0.41,-0.48,-0.28,-1,-0.71,-0.56,-0.7,-0.62,-0.2,-0.69,-1.47,-0.635
"4159",4159,"Georgi Dimitrov",1986,"Bulgaria",-0.39,-0.28,-0.66,-0.81,1.18,1.06,-0.74,0.83,2.09,1.2,2.19,-0.56,0.65,0.3,-0.7,-0.33,1.89,0.1225
"4160",4160,"Georgi Iordanov",1986,"Bulgaria",-0.39,-0.08,-0.09,-0.42,-0.55,-0.58,-0.08,0.54,-0.07,-0.21,-0.57,0.2,-0.7,-0.62,-0.7,0.32,-0.0399999999999999,-0.0525
"4161",4161,"Jivko Gospodinov",1986,"Bulgaria",-0.39,-0.15,-0.66,-0.68,0.02,-0.17,-0.08,1.27,-0.45,-0.21,0.22,-0.1,-0.7,-0.01,0.82,-0.45,1.1,0.09
"4162",4162,"Kostadin Kostadinov",1986,"Bulgaria",-0.39,-0.54,-0.09,0.1,-1.12,-0.99,0.24,-0.34,-0.84,-1,-0.71,-0.56,-0.7,0.92,0.57,0.11,-1.33,-0.295
"4163",4163,"Nasko Sirakov",1986,"Bulgaria",1.11,-0.18,0.48,0.1,-0.1,0.24,0.57,0.1,-0.36,0.04,-0.44,-0.1,-0.7,0.3,-0.2,0.29,0.34,0.3475
"4164",4164,"Nikolai Arabov",1986,"Bulgaria",-0.39,-0.64,-0.66,-0.81,-0.04,-0.27,-0.74,-0.77,-0.26,0.16,2.58,2.81,1.32,0.92,-0.7,-0.87,-1.04,-0.61
"4165",4165,"Petar Petrov",1986,"Bulgaria",-0.39,-0.64,-0.66,-0.55,1.01,1.83,-0.08,-0.77,0.35,0.22,1.53,0.66,-0.03,0.3,-0.7,-0.78,1.06,0.08
"4166",4166,"Plamen Getov",1986,"Bulgaria",1.11,1.31,0.48,-0.03,-0.23,-0.48,-0.41,0.68,-0.46,-0.37,-0.71,-0.56,-0.7,-0.62,1.58,-0.57,0.2,0.0675
"4167",4167,"Plamen Markov",1986,"Bulgaria",-0.39,-0.58,-0.09,-0.81,-1.08,-0.94,-0.41,-0.48,-0.85,-0.59,-0.71,-0.56,-0.7,-1.24,-0.96,-0.66,-1.42,-0.48
"4168",4168,"Radoslav Zdravkov",1986,"Bulgaria",-0.39,-0.61,1.62,-0.81,0.75,1.47,-0.41,0.25,0.59,0.73,1.27,-0.56,0.65,-0.32,-0.7,0.14,1.72,0.7325
"4169",4169,"Stoycho Mladenov",1986,"Bulgaria",-0.39,-0.18,-0.66,0.62,-1.3,-1.15,0.24,-0.48,-0.85,-0.47,-0.71,-0.56,-0.7,1.22,0.31,-0.45,-1.63,-0.5125
"4170",4170,"Branko Segota",1986,"Canada",-0.39,0.73,-0.66,0.06,-1.24,-0.91,0.14,-0.48,-0.99,-1,-0.71,-0.56,0.2,-0.42,-0.28,-0.35,-1.39,-0.4775
"4171",4171,"Bruce Wilson",1986,"Canada",-0.39,-0.64,1.62,-0.81,1.09,1.7,-0.74,0.1,0.15,0.47,1.57,-0.56,0.2,0.4,-0.62,1.87,1.8,0.67
"4172",4172,"Carl Valentine",1986,"Canada",-0.39,0.42,1.62,2.31,-0.29,-0.97,1.45,-0.48,-0.78,-1,-0.53,-0.56,0.2,0.4,2.43,1.08,-1.45,0.405
"4173",4173,"Dale Mitchell",1986,"Canada",-0.39,-0.02,0.1,1.27,-1.13,-0.77,-0.74,-0.87,-0.6,-1,-0.71,-0.56,1.1,-0.83,-0.62,-0.27,-1.64,-0.57
"4174",4174,"David Norman",1986,"Canada",-0.39,0.29,1.62,0.06,0.28,0.19,0.57,1.27,1.15,0.65,-0.53,-0.56,-0.7,-0.01,2.09,0.4,1.46,0.9125
"4175",4175,"Gerard Gray",1986,"Canada",-0.39,0.06,0.86,-0.46,-0.05,-0.77,-0.3,-0.87,-0.6,-0.65,-0.53,0.63,-0.7,-1.24,-0.62,-0.07,-1.64,-0.27
"4176",4176,"Ian Bridge",1986,"Canada",-0.39,0.02,-0.66,0.06,0.87,-0.22,-0.74,-0.48,0.21,0.31,4.2,0.63,2.9,-0.42,0.4,-0.87,-0.7,-0.525
"4177",4177,"Igor Vrablic",1986,"Canada",-0.39,-0.29,0.1,0.92,-1.03,-1.04,0.57,-0.29,0.26,-0.8,-0.71,-0.56,1.1,2.04,-0.28,-0.59,-1.33,-0.165
"4178",4178,"James Lowery",1986,"Canada",-0.39,-0.64,-0.66,-0.81,-1.38,-1.18,-0.74,-0.87,-0.99,-1,-0.53,-0.56,-0.7,-1.24,-0.62,-0.87,-2.05,-0.8625
"4179",4179,"Mike Sweeney",1986,"Canada",-0.39,-0.64,0.1,-0.46,-0.81,-0.15,-0.74,-0.87,0.61,-0.8,-0.35,-0.56,-0.7,-0.01,-0.62,-0.15,-1.02,-0.415
"4180",4180,"Paul Dolan",1986,"Canada",-0.39,-0.64,-0.66,-0.81,-0.86,-0.43,-0.74,-1.06,-0.99,-1,-0.71,-0.56,0.2,-1.24,-0.96,-0.87,-1.49,-0.7225
"4181",4181,"Paul James",1986,"Canada",-0.39,-0.64,0.1,0.23,-0.7,-0.43,-0.3,-0.48,0.35,0.43,-0.18,0.68,-0.7,-0.01,-0.62,0.68,-0.91,-0.2775
"4182",4182,"Randy Ragan",1986,"Canada",-0.39,-0.64,0.1,-0.29,-0.32,-0.84,0.14,-1.06,0.1,0.52,0.17,-0.56,0.2,-0.01,0.4,-0.15,-1.9,-0.415
"4183",4183,"Randy Samuel",1986,"Canada",-0.39,-0.64,-0.66,0.06,0.03,-0.7,0.14,-0.87,1.05,-0.12,4.03,1.3,2.9,1.22,0.4,-0.87,-1.57,-0.5225
"4184",4184,"Robert Lenarduzzi",1986,"Canada",-0.39,0.15,0.86,-0.64,1.68,3.61,0.14,0.49,-0.58,-0.03,0.87,0.63,0.2,1.22,0.4,0.36,4.1,1.275
"4185",4185,"Tino Lettieri",1986,"Canada",-0.39,-0.64,-0.66,-0.81,0.49,0.4,-0.74,-1.06,-0.99,-1,-0.71,-0.56,-0.7,-1.24,-0.96,-0.87,-0.66,-0.515
"4186",4186,"Frank Arnesen",1986,"Denmark",-0.39,-0.18,1.05,0.88,0.69,0.55,0.57,2.58,-0.38,-0.28,-0.44,-0.56,-0.7,-0.62,0.31,2.25,3.13,1.1875
"4187",4187,"Henrik Andersen",1986,"Denmark",-0.39,-0.61,-0.09,-0.42,0.93,0.4,-0.41,1.56,1.67,2.17,0.35,0.83,-0.03,2.76,-0.45,0.03,1.96,0.365
"4188",4188,"Ivan Nielsen",1986,"Denmark",-0.39,-0.64,-0.66,-0.68,0.53,0.04,-0.41,-0.92,2.59,0.62,1.4,2.21,2.67,2.76,-0.2,-0.72,-0.88,-0.4875
"4189",4189,"Jan Molby",1986,"Denmark",-0.39,-0.38,-0.66,-0.29,0.18,-0.07,-0.08,0.1,1.39,-1,-0.44,-0.56,-0.7,0.3,-0.45,-0.48,0.03,-0.1775
"4190",4190,"Jens Jörn Bertelsen",1986,"Denmark",-0.39,-0.44,-0.66,-0.81,1.3,-0.12,-0.41,-0.04,0.2,-1,-0.31,0.56,-0.7,-1.24,0.06,-0.6,-0.16,-0.3075
"4191",4191,"Jesper Olsen",1986,"Denmark",4.13,5.2,-0.09,0.49,-0.12,0.34,3.52,0.98,-0.72,0.55,-0.31,-0.56,-0.7,-0.32,1.07,0.71,1.32,1.1875
"4192",4192,"John Eriksen",1986,"Denmark",1.11,0.12,-0.66,-0.42,-1.24,-1.09,-0.74,-1.06,-0.99,-1,-0.71,-0.56,-0.03,-0.32,-0.96,-0.78,-2.15,-0.8875
"4193",4193,"John Sivebaek",1986,"Denmark",-0.39,-0.41,-0.66,-0.42,-0.82,-0.84,-0.41,-0.48,0.35,-0.13,-0.05,-0.56,-0.7,-1.24,-0.96,-0.39,-1.32,-0.5975
"4194",4194,"Klaus Berggreen",1986,"Denmark",-0.39,-0.15,-0.66,0.1,0.2,-0.12,-0.74,-0.04,0.48,-0.37,-0.05,-0.56,-0.7,-0.01,-0.7,-0.48,-0.16,-0.39
"4195",4195,"Lars Hogh",1986,"Denmark",-0.39,-0.64,-0.66,-0.81,-0.35,0.55,-0.74,-1.06,-0.99,-1,-0.44,-0.56,-0.7,-1.24,-0.96,-0.87,-0.51,-0.4775
"4196",4196,"Michael Laudrup",1986,"Denmark",1.11,0.49,0.48,1.14,0.69,-0.22,3.52,2.43,-0.26,0.05,-0.71,-0.56,-0.7,-0.93,1.33,4.93,2.21,1.5525
"4197",4197,"Morten Olsen",1986,"Denmark",-0.39,-0.64,-0.66,-0.81,3.15,2.14,2.21,3.74,1.65,0.29,1.14,2.96,0.65,-0.32,0.06,-0.6,5.88,1.8575
"4198",4198,"Preben Elkjaer-Larsen",1986,"Denmark",5.63,4.66,0.48,4.26,-0.69,-1.04,2.86,-0.19,-0.62,-0.37,-0.31,-0.56,-0.7,0.61,0.06,1.96,-1.23,0.5275
"4199",4199,"Sören Busk",1986,"Denmark",-0.39,-0.64,-0.66,-0.81,0.97,0.91,-0.74,-0.77,2.98,1.27,1,2.66,0.65,1.22,-0.7,-0.87,0.14,-0.315
"4200",4200,"Sören Lerby",1986,"Denmark",1.11,1.35,-0.66,-0.03,3.29,1.42,-0.08,4.03,3.08,0.5,0.35,2.57,0.65,1.84,0.31,-0.3,5.45,1.1775
"4201",4201,"Troels Rasmussen",1986,"Denmark",-0.39,-0.64,-0.66,-0.81,-0.39,-0.32,-0.74,-1.06,-0.99,-1,-0.44,-0.56,-0.7,-0.93,-0.7,-0.87,-1.38,-0.695
"4202",4202,"Alvin Martin",1986,"England",-0.39,-0.4,-0.66,-0.6,-1.42,-1,-0.74,-0.95,-0.85,-0.86,0.56,-0.56,0.92,-0.99,-0.75,-0.87,-1.95,-0.8375
"4203",4203,"Bryan Robson",1986,"England",-0.39,0.23,-0.66,0.44,-1.05,-0.96,-0.74,-1.06,0.35,-0.7,-0.71,-0.56,0.38,-0.26,-0.75,-0.63,-2.02,-0.855
"4204",4204,"Chris Waddle",1986,"England",-0.39,-0.64,1.16,-0.19,-0.77,-0.59,2.41,0.57,-0.47,-1,-0.6,-0.56,-0.16,-0.5,-0.55,0.23,-0.02,0.8875
"4205",4205,"Gary Lineker",1986,"England",6.84,4.64,-0.21,5.12,-0.22,-1,-0.21,-0.83,-0.78,-0.59,-0.71,-0.56,0.38,0.24,0.87,0.18,-1.83,-0.5625
"4206",4206,"Gary Stevens",1986,"England",-0.39,-0.59,-0.66,-0.29,-1.53,-1.08,-0.74,-1.06,-0.85,-0.86,-0.49,-0.56,-0.16,-0.5,-0.96,-0.46,-2.14,-0.885
"4207",4207,"Gary Stevens",1986,"England",-0.39,-0.46,0.25,0.02,1.1,1.3,-0.48,0.92,-0.01,1.51,0.98,1.08,0.38,-0.01,-0.55,0.87,2.22,0.4975
"4208",4208,"Glenn Hoddle",1986,"England",-0.39,0.13,5.72,0.75,1,1.38,1.36,0.22,0.48,0.25,-0.28,0.7,-0.16,-0.01,0.46,4.67,1.6,2.17
"4209",4209,"Kenny Sansom",1986,"England",-0.39,-0.64,0.71,-0.29,2.09,2.65,-0.48,1.73,1.12,0.15,1.5,0.37,1.46,-0.99,0.26,1.18,4.38,1.1525
"4210",4210,"Mark Hateley",1986,"England",-0.39,-0.32,-0.66,2,-1.37,-1.17,-0.48,-0.95,-0.88,-1,-0.6,-0.56,1.46,-0.01,-0.75,-0.49,-2.12,-0.815
"4211",4211,"Peter Beardsley",1986,"England",0.81,0.52,0.25,0.96,-0.69,-0.88,-0.21,-0.83,-0.16,0.15,-0.6,-0.56,-0.16,-0.26,0.26,-0.15,-1.71,-0.4175
"4212",4212,"Peter Reid",1986,"England",-0.39,-0.64,-0.21,-0.81,0.03,-0.63,-0.48,0.33,0.31,-0.28,-0.71,-0.56,-0.7,-0.26,-0.55,-0.65,-0.3,-0.2475
"4213",4213,"Peter Shilton",1986,"England",-0.39,-0.64,-0.66,-0.81,0.68,2.2,-0.74,-1.06,-0.99,-0.81,-0.71,-0.56,-0.7,-1.24,-0.55,-0.87,1.14,-0.065
"4214",4214,"Ray Wilkins",1986,"England",-0.39,-0.64,1.16,-0.71,-0.3,-0.26,-0.74,0.33,-0.07,-0.7,-0.6,-0.56,-0.7,-0.01,-0.75,0.39,0.07,0.1225
"4215",4215,"Steve Hodge",1986,"England",-0.39,0.13,0.25,1.17,-0.69,-0.59,0.05,-0.36,0.32,0.75,0.03,0.09,-0.16,2.21,0.67,0.77,-0.95,-0.1625
"4216",4216,"Terry Butcher",1986,"England",-0.39,-0.03,-0.66,0.44,1,1.3,-0.21,1.03,0.53,1.12,2.56,0.42,3.08,1.22,-0.55,-0.3,2.33,0.365
"4217",4217,"Terry Fenwick",1986,"England",-0.39,-0.06,-0.66,-0.08,-0.1,-0.67,-0.74,-0.02,0.06,-0.37,0.14,3.2,0.92,1.22,-0.96,-0.82,-0.69,-0.5225
"4218",4218,"Trevor Steven",1986,"England",-0.39,-0.54,0.71,-0.08,-0.69,-0.71,0.05,0.57,-0.37,0.59,-0.28,0.6,-0.7,0.24,-0.75,0.01,-0.14,0.155
"4219",4219,"Alain Giresse",1986,"France",-0.39,0.03,1.42,-0.4,0.75,0.33,1.48,0.38,0.02,-0.2,-0.5,0.14,-0.7,-0.12,0.37,2.3,0.71,0.9025
"4220",4220,"Albert Rust",1986,"France",-0.39,-0.64,-0.66,-0.81,-1.32,-0.85,-0.74,-1.06,-0.99,-1,-0.71,-0.56,-0.7,-1.24,-0.96,-0.87,-1.91,-0.8275
"4221",4221,"Bernard Genghini",1986,"France",0.39,0.03,-0.66,-0.2,-0.69,-0.79,-0.23,0,-0.42,0.04,-0.36,-0.18,-0.7,-0.6,-0.43,-0.63,-0.79,-0.42
"4222",4222,"Bruno Bellone",1986,"France",-0.39,-0.3,-0.07,0.55,-0.99,-0.98,0.12,0.46,-0.73,-0.43,-0.71,-0.56,-0.7,-0.92,0.23,0.78,-0.52,-0.1175
"4223",4223,"Dominique Rocheteau",1986,"France",0.39,0.46,-0.07,0.41,-0.92,-1.01,-0.23,-0.38,-0.65,-0.66,-0.71,-0.07,-0.7,-0.12,0.1,0.47,-1.39,-0.4225
"4224",4224,"Jean Tigana",1986,"France",0.39,-0.14,0.23,-0.4,2.37,1.89,1.48,2.36,1.71,2.45,-0.02,1.42,0.35,0.53,0.63,0.51,4.25,1.49
"4225",4225,"Jean-Marc Ferreri",1986,"France",0.39,-0.05,-0.07,0.41,-0.55,-0.47,-0.23,0,-0.32,-1,-0.57,-0.56,-0.7,-1.08,-0.69,0.08,-0.47,-0.1925
"4226",4226,"Jean-Pierre Papin",1986,"France",1.18,2.11,-0.36,2.17,-1.03,-1.22,0.29,-0.53,-0.69,-0.4,-0.71,-0.56,0.35,-0.12,-0.16,0.1,-1.75,-0.455
"4227",4227,"Joel Bats",1986,"France",-0.39,-0.64,-0.66,-0.81,0.13,1.51,-0.74,-1.06,-0.99,-1,-0.57,-0.56,0,-1.08,-0.83,-0.79,0.45,-0.2375
"4228",4228,"Luis Fernandez",1986,"France",0.39,0.22,0.23,-0.54,0.72,-0.23,0.46,0.53,1.39,0.46,0.05,-0.25,0,0.85,-0.16,-0.42,0.3,0.2475
"4229",4229,"Manuel Amoros",1986,"France",0.39,1.4,1.72,0,1.27,2.02,1.48,0.91,3.4,2.37,1.22,-0.18,0.35,3.1,1.43,1.29,2.93,1.5325
"4230",4230,"Maxime Bossis",1986,"France",-0.39,0.21,-0.36,-0.33,0.42,0.01,0.63,-0.38,1.31,1.34,2.52,1.25,1.41,-0.28,-0.69,-0.7,-0.37,-0.025
"4231",4231,"Michel Bibard",1986,"France",-0.39,-0.64,-0.36,-0.74,-1.08,-0.47,-0.23,-0.84,-0.44,-0.46,-0.71,-0.56,-0.7,-0.92,-0.96,-0.66,-1.31,-0.475
"4232",4232,"Michel Platini",1986,"France",1.18,1.83,-0.07,1.43,0.97,0.52,-0.05,1.37,0.26,-0.02,-0.5,-0.56,0,0.04,0.23,1.6,1.89,0.4425
"4233",4233,"Patrick Battiston",1986,"France",-0.39,-0.31,-0.36,-0.54,0.89,0.68,-0.4,-0.08,1.86,1.79,1.9,1.89,0,-0.44,0.1,-0.6,0.6,-0.04
"4234",4234,"Philippe Vercruysse",1986,"France",-0.39,-0.38,-0.07,0.14,-0.68,-0.55,-0.23,-0.38,-0.62,-0.51,-0.64,-0.01,-0.7,-0.76,-0.56,0.62,-0.93,-0.3075
"4235",4235,"Thierry Tusseau",1986,"France",-0.39,-0.37,-0.66,-0.47,-0.54,-0.26,-0.57,-0.53,-0.32,-0.34,-0.16,0.05,0.35,-0.92,-0.43,-0.79,-0.79,-0.505
"4236",4236,"Wiliam Ayache",1986,"France",-0.39,-0.64,-0.36,-0.67,-0.03,0.6,-0.57,-0.46,-0.7,-0.24,0.39,-0.07,0.35,1.01,-0.43,-0.23,0.14,-0.1975
"4237",4237,"Yannik Stopyra",1986,"France",1.18,0.55,-0.07,2.38,-1,-0.93,0.63,-0.08,-0.43,-0.35,-0.64,0.54,0.35,0.37,1.16,0.5,-1.01,-0.1125
"4238",4238,"Yvon Le Roux",1986,"France",-0.39,-0.5,-0.66,-0.74,-1.31,-0.85,-0.74,-0.91,-0.44,-1,-0.57,-0.56,-0.35,-1.08,-0.83,-0.73,-1.76,-0.79
"4239",4239,"Antal Nagy",1986,"Hungary",-0.39,-0.64,-0.66,-0.81,0.3,-0.5,-0.3,0.3,1.39,0.96,0.35,-0.56,0.2,-0.01,-0.62,-0.87,-0.2,-0.29
"4240",4240,"Antal Róth",1986,"Hungary",-0.39,-0.64,-0.66,-0.81,0.28,0.26,-0.74,0.3,1.13,-0.08,1.05,0.38,0.2,-0.42,0.06,-0.87,0.56,-0.21
"4241",4241,"Gyorgy Bognar",1986,"Hungary",-0.39,-0.24,-0.66,0.4,0.09,-0.77,-0.3,0.88,-0.21,-0.27,-0.71,-0.56,-0.7,-0.83,0.4,-0.19,0.11,-0.2125
"4242",4242,"Gyozo Burcsa",1986,"Hungary",-0.39,-0.55,-0.66,-0.81,0.06,-0.43,0.57,0.88,0.24,-1,-0.71,-0.56,0.2,-1.24,-0.28,-0.35,0.45,0.09
"4243",4243,"Imre Garaba",1986,"Hungary",-0.39,-0.33,0.1,-0.46,1.55,1.35,-0.74,-0.09,3.7,1.35,0.17,-0.56,-0.7,-0.42,-0.62,-0.55,1.26,0.155
"4244",4244,"Jozsef Kiprich",1986,"Hungary",-0.39,0.33,0.86,0.58,-0.75,-0.84,0.57,0.68,-0.99,0.96,-0.71,-0.56,-0.7,-0.42,0.06,1.15,-0.16,0.3175
"4245",4245,"Jozsef Varga",1986,"Hungary",-0.39,-0.55,0.1,-0.46,0.3,0.94,-0.74,-0.68,0.44,0.46,0.87,0.38,-0.7,-0.83,0.73,-0.63,0.26,-0.095
"4246",4246,"József Kardos",1986,"Hungary",-0.39,0.06,-0.66,0.23,2.12,1.9,0.14,1.27,1.7,2.3,3.5,-0.56,4.7,1.22,0.06,-0.75,3.17,0.6625
"4247",4247,"József Nagy",1986,"Hungary",-0.39,-0.51,-0.66,-0.81,-0.94,-0.91,0.57,-0.48,-0.99,-1,-0.71,-0.56,-0.7,-0.42,-0.62,-0.55,-1.39,-0.37
"4248",4248,"József Szendrei",1986,"Hungary",-0.39,-0.64,-0.66,-0.81,-1.05,-0.63,-0.74,-1.06,-0.99,-1,-0.53,-0.56,-0.7,-1.24,-0.96,-0.87,-1.69,-0.7725
"4249",4249,"Kálmán Kovács",1986,"Hungary",-0.39,-0.47,0.86,0.23,-1.03,-0.7,-0.74,-0.68,-0.99,-0.69,-0.53,-0.56,-0.7,-0.83,-0.62,0.09,-1.38,-0.315
"4250",4250,"Lajos Detari",1986,"Hungary",1.62,1.97,2.38,1.27,1.06,-0.29,-0.3,1.27,-0.62,-1,-0.71,-0.56,-0.7,-0.01,0.73,1.59,0.98,0.765
"4251",4251,"László Dajka",1986,"Hungary",-0.39,0.11,-0.66,0.06,-0.29,-0.5,1.45,0.49,-0.99,0.07,-0.71,-0.56,-0.7,-0.83,-0.62,0.24,-0.01,0.195
"4252",4252,"Márton Esterházy",1986,"Hungary",1.62,-0.16,-0.66,0.75,-0.05,-0.7,0.57,0.88,-0.99,0.16,-0.35,-0.56,-0.7,1.22,1.07,0.12,0.18,0.0225
"4253",4253,"Peter Disztl",1986,"Hungary",-0.39,-0.64,-0.66,-0.81,-0.08,1.35,-0.74,-1.06,-0.99,-1,-0.71,-0.56,-0.7,-1.24,-0.96,-0.87,0.29,-0.2775
"4254",4254,"Péter Hannich",1986,"Hungary",-0.39,-0.55,-0.66,-0.81,-1.19,-0.91,-0.3,-0.68,-0.99,-1,-0.71,-0.56,-0.7,-0.83,-0.96,-0.87,-1.59,-0.6375
"4255",4255,"Sándor Sallai",1986,"Hungary",-0.39,-0.51,0.86,-0.81,1.82,2.31,-0.74,1.46,3.67,0.87,0,0.38,1.1,-0.01,0.73,-0.07,3.77,0.9725
"4256",4256,"Zoltán Péter",1986,"Hungary",-0.39,-0.33,0.86,-0.81,-1,-0.5,-0.3,0.1,-0.58,-0.2,-0.53,-0.56,-0.7,-0.01,0.4,-0.31,-0.4,0.04
"4257",4257,"Abdul Jassim",1986,"Iraq",-0.39,-0.64,-0.66,-0.81,-0.94,-0.5,-0.74,-1.06,-0.84,-1,-0.53,-0.56,-0.7,-1.24,-0.62,-0.87,-1.56,-0.74
"4258",4258,"Adbul Aufi",1986,"Iraq",-0.39,-0.42,-0.66,0.06,-1.38,-1.11,-0.74,-0.87,-0.99,-0.85,-0.71,-0.56,0.2,-1.24,-0.96,-0.47,-1.98,-0.845
"4259",4259,"Ahmed Amaiesh",1986,"Iraq",1.62,0.02,0.86,0.06,-0.43,-0.5,1.01,0.49,-0.05,-0.08,-0.35,-0.56,2,0.81,-0.28,0.44,-0.01,0.465
"4260",4260,"Ali Shibab",1986,"Iraq",-0.39,0.2,-0.66,-0.12,-0.19,-0.36,1.45,-0.68,-0.11,-0.13,-0.53,-0.56,2,-0.01,0.73,-0.55,-1.04,-0.0625000000000001
"4261",4261,"Anid Twaresh",1986,"Iraq",-0.39,-0.51,-0.66,-0.29,-1.51,-1.25,-0.3,-0.87,-0.84,-0.85,-0.53,-0.56,0.2,-0.01,0.4,-0.87,-2.12,-0.77
"4262",4262,"Basim Kassim",1986,"Iraq",-0.39,-0.64,-0.66,-0.81,-1.13,-0.97,-0.74,-0.68,-0.84,-1,-0.18,-0.56,0.2,1.63,-0.96,-0.67,-1.65,-0.7625
"4263",4263,"Ghanim Al Roubai",1986,"Iraq",-0.39,-0.47,0.86,-0.81,0.57,0.87,1.45,1.27,0.89,1.03,0.87,-0.56,2,-0.01,0.06,0.76,2.14,1.1125
"4264",4264,"Hanna Basil",1986,"Iraq",-0.39,-0.29,-0.66,-0.46,-0.67,-0.77,0.14,-1.06,-0.38,0.08,-0.53,-0.56,-0.7,1.22,-0.96,-0.87,-1.83,-0.5875
"4265",4265,"Haris Hassan",1986,"Iraq",-0.39,-0.07,0.86,0.23,-0.65,-0.36,1.01,0.68,-0.66,-0.73,-0.71,-0.56,-0.7,-0.42,-0.28,0.48,0.32,0.5475
"4266",4266,"Hussein Mohammed",1986,"Iraq",-0.39,0.2,-0.66,1.27,-1.13,-1.18,0.57,0.1,-0.72,-1,-0.71,-0.56,-0.7,-0.42,-0.62,-0.67,-1.08,-0.2925
"4267",4267,"Karim Minshid",1986,"Iraq",-0.39,-0.16,0.1,0.4,-1.19,-1.11,0.14,-1.06,-0.99,-0.2,-0.71,-0.56,2,-0.42,-0.62,-0.15,-2.17,-0.4825
"4268",4268,"Khalil Allawi",1986,"Iraq",-0.39,0.06,1.62,-0.81,0.71,1.08,0.14,1.85,0.47,-0.2,0.7,1.27,0.2,0.81,-0.28,0.76,2.93,1.1725
"4269",4269,"Maad Ibrahim",1986,"Iraq",-0.39,-0.64,-0.66,-0.81,-1.08,-0.56,-0.74,-0.48,-0.84,-0.85,0.35,-0.56,0.2,-1.24,-0.96,-0.87,-1.04,-0.61
"4270",4270,"Nadhum Salim",1986,"Iraq",-0.39,-0.64,-0.66,-0.81,0.93,0.94,0.57,0.88,-0.66,2.76,4.9,1.19,1.1,3.69,-0.28,-0.47,1.82,0.4325
"4271",4271,"Natiq Abidoun",1986,"Iraq",-0.39,-0.42,-0.66,-0.46,0.06,-0.02,-0.74,-0.48,0,-0.4,-0.71,-0.56,0.2,0.81,-0.28,-0.67,-0.5,-0.475
"4272",4272,"Raad Salman",1986,"Iraq",-0.39,-0.64,-0.66,-0.81,-0.16,0.81,-0.74,-1.06,-0.99,-1,-0.18,-0.56,-0.7,-1.24,-0.62,-0.87,-0.25,-0.4125
"4273",4273,"Shaker Mahmoud",1986,"Iraq",-0.39,-0.64,-0.66,-0.81,0.22,0.53,-0.74,0.49,-0.11,0.9,0.35,1.27,1.1,1.22,-0.62,-0.59,1.02,-0.095
"4274",4274,"Alessandro Altobelli",1986,"Italy",5.63,6.32,0.48,3.74,-0.04,-0.63,0.57,0.39,-0.99,-1,-0.71,0.35,-0.03,-0.62,2.09,2.11,-0.24,0.2025
"4275",4275,"Antonio Cabrini",1986,"Italy",-0.39,1.05,0.48,1.01,1.36,1.22,-0.74,0.83,0.29,0.83,0.61,-0.56,1.32,1.84,0.82,-0.06,2.05,0.4475
"4276",4276,"Antonio Di Gennaro",1986,"Italy",-0.39,-0.18,1.62,-0.03,1.83,0.81,-0.41,0.54,0.93,1.87,-0.44,-0.56,-0.7,-0.01,-0.45,0.77,1.35,0.64
"4277",4277,"Bruno Conti",1986,"Italy",-0.39,0.09,3.9,0.1,0.73,1.63,1.23,1.27,-0.69,-0.67,-0.44,0.34,-0.7,-0.32,1.33,2.88,2.9,2.0075
"4278",4278,"Fernando De Napoli",1986,"Italy",-0.39,-0.15,1.05,0.62,2.03,2.14,3.19,2.58,0.5,1.4,-0.57,0.35,-0.03,1.84,2.34,0.32,4.72,2.24
"4279",4279,"Fulvio Collovati",1986,"Italy",-0.39,-0.34,-0.66,-0.29,-1,-0.68,-0.74,-0.34,-0.65,-0.01,-0.18,0.46,-0.7,-0.62,-0.45,-0.87,-1.02,-0.605
"4280",4280,"Gaetano Scirea",1986,"Italy",-0.39,-0.41,-0.66,-0.68,1.85,1.63,-0.41,1.27,0.29,1.46,1.92,3.05,-0.7,-0.32,-0.45,-0.87,2.9,0.4575
"4281",4281,"Gianluca Vialli",1986,"Italy",-0.39,-0.44,1.05,-0.03,-1.02,-0.99,-0.08,-0.63,-0.69,-1,-0.71,-0.56,-0.7,0.3,0.06,-0.33,-1.62,-0.1625
"4282",4282,"Giovanni Galli",1986,"Italy",-0.39,-0.64,-0.66,-0.81,0.3,1.99,-0.74,-0.92,-0.99,-1,-0.57,-0.56,-0.7,-1.24,-0.96,-0.87,1.07,-0.0825
"4283",4283,"Giuseppe Baresi",1986,"Italy",-0.39,-0.64,-0.66,-0.81,-0.92,-0.73,-0.74,-0.92,-0.35,-1,-0.57,-0.56,-0.7,-0.93,-0.7,-0.72,-1.65,-0.7625
"4284",4284,"Giuseppe Bergomi",1986,"Italy",-0.39,-0.58,-0.66,-0.81,0.1,-0.22,-0.41,-0.63,-0.4,0.17,0.74,2.18,-0.7,0.61,0.31,-0.87,-0.85,-0.48
"4285",4285,"Giuseppe Galderisi",1986,"Italy",-0.39,0.02,-0.66,1.53,-0.23,-0.79,0.24,-0.34,-0.65,-0.4,-0.71,1.26,-0.7,1.84,4.63,0.23,-1.13,-0.3875
"4286",4286,"Pietro Vierchowod",1986,"Italy",-0.39,-0.21,-0.66,-0.42,0.3,-0.63,-0.74,-0.34,1.15,3.51,0.74,3.05,-0.03,1.53,0.06,-0.39,-0.97,-0.5925
"4287",4287,"Salvatore Bagni",1986,"Italy",-0.39,-0.15,-0.09,-0.29,0.67,-0.17,1.88,0.68,1.43,1.4,-0.18,-0.56,-0.7,2.15,1.33,0.29,0.51,0.575
"4288",4288,"Carlos Alberto de los Cobos",1986,"Mexico",-0.39,-0.37,-0.66,-0.71,-0.05,-0.48,-0.49,-0.19,0.22,0.25,-0.51,-0.56,-0.2,-0.09,-0.2,-0.73,-0.67,-0.455
"4289",4289,"Carlos Muñoz",1986,"Mexico",-0.39,0.28,-0.66,0.36,0.21,-0.63,-0.49,0.14,0.3,0.12,-0.11,-0.56,1.83,0.84,-0.39,-0.35,-0.49,-0.41
"4290",4290,"Felix Cruz",1986,"Mexico",-0.39,-0.64,-0.66,-0.81,0.38,0.1,-0.49,-0.41,0.42,-0.37,2.65,0.68,0.31,0.84,0.37,-0.8,-0.31,-0.365
"4291",4291,"Fernando Quirarte Gutiérrez",1986,"Mexico",1.87,-0.19,-0.66,-0.22,0.52,0.14,-0.74,-0.3,0.99,1.81,3.44,2.24,2.84,1.07,0.37,-0.73,-0.16,-0.39
"4292",4292,"Francisco Javier Cruz",1986,"Mexico",-0.39,-0.57,-0.23,-0.03,-1.44,-1.21,-0.25,-0.08,-0.8,-1,-0.41,-0.56,-0.7,-0.09,-0.39,-0.46,-1.29,-0.4425
"4293",4293,"Hugo Sanchez",1986,"Mexico",0.74,3.16,-0.23,1.63,-0.76,-0.86,0.49,-0.63,-0.99,-0.57,-0.61,0.09,-0.2,1.3,3.23,0.14,-1.49,-0.3075
"4294",4294,"Javier Aguirre Onaindia",1986,"Mexico",-0.39,0.45,-0.23,0.94,0.03,-0.32,0.49,0.03,0.92,0.29,-0.31,-0.56,0.31,3.84,0.37,0.05,-0.29,-0.00750000000000001
"4295",4295,"Luis Flores",1986,"Mexico",0.74,0.9,-0.66,0.36,-0.89,-0.82,0,-0.41,-0.59,-0.42,-0.71,-0.56,-0.7,0.84,0.95,-0.02,-1.23,-0.4725
"4296",4296,"Mario Trejo",1986,"Mexico",-0.39,-0.64,-0.66,-0.81,-0.92,-0.52,-0.74,-0.85,-0.67,-0.36,-0.21,-0.56,-0.7,0.15,-0.39,-0.4,-1.37,-0.6925
"4297",4297,"Miguel Espana",1986,"Mexico",-0.39,-0.57,-0.23,-0.32,0.01,-0.29,-0.25,0.03,1.34,0.47,-0.51,-0.56,-0.7,1.07,-0.39,-0.29,-0.26,-0.185
"4298",4298,"Negrete",1986,"Mexico",0.74,0.63,3.19,0.26,0.56,0.33,-0.25,1.12,-0.36,-0.11,-0.51,0.41,-0.2,0.61,2.66,1.88,1.45,1.0975
"4299",4299,"Pablo Larios",1986,"Mexico",-0.39,-0.64,-0.66,-0.81,0.35,0.95,-0.74,-0.95,-0.99,-1,-0.51,-0.56,-0.2,-1.24,-0.01,-0.87,0,-0.35
"4300",4300,"Rafael Armador Flores",1986,"Mexico",-0.39,-0.64,0.19,-0.71,0.1,0.02,-0.25,0.47,-0.36,0.38,-0.51,-0.56,-0.7,1.3,-0.96,-0.04,0.49,0.1075
"4301",4301,"Raul Servin",1986,"Mexico",0.74,0.33,1.05,-0.13,1.29,1.26,0,1.78,1.56,1.37,1.37,-0.56,-0.2,0.84,-0.39,0.76,3.04,1.0225
"4302",4302,"Tomás Boy",1986,"Mexico",-0.39,0.18,0.62,-0.52,0.5,0.22,0.49,0.25,-0.13,-0.05,-0.61,-0.56,-0.7,0.84,0.37,1.07,0.47,0.395
"4303",4303,"Abdelaziz Bouderbala",1986,"Morocco",-0.39,0.62,0.48,0.49,1.5,0.45,2.86,3.01,-0.31,0.82,-0.44,-0.56,-0.03,0.92,3.36,0.8,3.46,1.7
"4304",4304,"Abdelkrim Merry",1986,"Morocco",1.11,1.48,-0.66,2.7,-0.43,-0.73,-0.08,-0.77,-0.64,-0.67,-0.71,-0.56,2,0.61,0.06,0.53,-1.5,-0.56
"4305",4305,"Abdelmajid Dolmy",1986,"Morocco",-0.39,-0.64,-0.09,-0.81,3.13,2.71,-0.41,0.25,0.76,2.2,0.74,0.44,-0.7,0.92,-0.45,0.62,2.96,0.615
"4306",4306,"Abdelmajid Lamriss",1986,"Morocco",-0.39,-0.61,1.05,-0.81,2.99,3.48,-0.74,1.27,3.67,2.45,0.87,-0.56,-0.03,0.92,-0.7,0.29,4.75,1.265
"4307",4307,"Abderrazak Khairi",1986,"Morocco",2.62,0.35,0.48,0.88,-0.29,-0.38,-0.41,-0.04,-0.33,0.76,0.61,2.91,-0.03,0.61,0.82,-0.21,-0.42,-0.0875
"4308",4308,"Ezzaiki Badou",1986,"Morocco",-0.39,-0.64,-0.66,-0.81,1.85,2.91,-0.74,-1.06,-0.99,-1,-0.57,-0.56,-0.03,-1.24,-0.96,-0.87,1.85,0.1125
"4309",4309,"Labid Khalifa",1986,"Morocco",-0.39,-0.61,-0.09,-0.55,1.85,1.73,-0.74,1.41,4.37,2.22,1.14,0.48,0.65,0.92,-0.7,-0.54,3.14,0.5775
"4310",4310,"Lahcen Ouadani",1986,"Morocco",-0.39,-0.64,-0.66,-0.81,-0.45,-0.53,-0.74,-0.77,-0.99,-0.18,0.08,1.95,-0.7,0.61,-0.7,-0.87,-1.3,-0.675
"4311",4311,"Mohammed Timoumi",1986,"Morocco",-0.39,0.42,0.48,-0.55,1.81,0.5,0.9,-0.34,-0.64,0.68,-0.57,-0.56,-0.7,-0.93,2.6,0.68,0.16,0.385
"4312",4312,"Mustafa El Biyaz",1986,"Morocco",-0.39,-0.34,-0.66,-0.42,0.73,0.24,-0.74,0.54,0.86,3.08,2.58,5.67,1.32,-0.01,-0.7,-0.51,0.78,-0.155
"4313",4313,"Mustafa El Haddaoui",1986,"Morocco",-0.39,-0.41,-0.09,-0.55,0.32,0.4,-0.08,0.25,1.56,1.58,-0.31,-0.56,-0.7,1.22,-0.2,-0.15,0.65,0.12
"4314",4314,"Mustafa Merry",1986,"Morocco",-0.39,-0.48,-0.09,-0.55,-0.77,-0.79,-0.74,-0.63,-0.99,0.36,-0.57,-0.56,-0.7,-0.93,-0.7,-0.21,-1.42,-0.5625
"4315",4315,"Noureddine Bouyahyaoui",1986,"Morocco",-0.39,-0.64,-0.66,-0.81,1.58,1.37,-0.74,-0.63,1.09,1.18,2.19,3.97,1.32,-0.01,-0.45,-0.87,0.74,-0.165
"4316",4316,"Alan McDonald",1986,"Northern Ireland",-0.39,-0.64,-0.66,-0.64,0.17,-0.43,-0.74,-0.48,-0.2,0.99,1.4,1.53,0.2,-0.83,-0.28,-0.67,-0.91,-0.5775
"4317",4317,"Billy Hamilton",1986,"Northern Ireland",-0.39,0.73,-0.66,2.48,-1.16,-1.18,-0.74,-1.06,-0.8,-1,-0.35,-0.56,6.5,1.63,-0.62,0.32,-2.24,-0.91
"4318",4318,"Colin John Clarke",1986,"Northern Ireland",1.62,0.51,-0.66,3,-0.46,-1.11,-0.74,-0.87,-0.72,-1,-0.18,-0.56,2,-0.01,1.41,-0.15,-1.98,-0.845
"4319",4319,"David Campbell",1986,"Northern Ireland",-0.39,-0.38,-0.66,-0.46,-0.97,-0.63,-0.74,-0.09,-0.82,-1,-0.53,-0.56,-0.7,-0.83,-0.96,-0.51,-0.72,-0.53
"4320",4320,"David McCreery",1986,"Northern Ireland",-0.39,-0.64,-0.66,-0.81,0.36,-0.63,-0.3,-0.68,0.96,1.44,0,-0.04,-0.7,2.46,0.73,-0.75,-1.31,-0.5675
"4321",4321,"Ian Stewart",1986,"Northern Ireland",-0.39,0.2,5.42,-0.29,-0.29,0.26,1.01,1.65,-0.64,-0.83,-0.35,-0.56,-0.7,-1.24,0.06,2.94,1.91,2.085
"4322",4322,"James Michael Nicholl",1986,"Northern Ireland",-0.39,-0.55,0.1,-0.64,1.28,1.83,-0.74,-0.48,0.46,0.29,0.87,-0.56,-0.7,1.22,0.06,0.32,1.35,0.1775
"4323",4323,"John O'Neill",1986,"Northern Ireland",-0.39,-0.24,-0.66,0.4,-0.08,-0.36,-0.74,-0.48,0.71,1.38,2.45,2.71,2.9,1.63,-0.62,-0.43,-0.84,-0.56
"4324",4324,"Malachy Martin Donaghy",1986,"Northern Ireland",-0.39,-0.38,-0.66,-0.81,1.49,1.56,0.14,4.18,0.63,0.92,1.4,0.53,0.2,1.63,0.4,0.68,5.74,1.305
"4325",4325,"Nigel Worthington",1986,"Northern Ireland",-0.39,-0.07,0.86,-0.81,-0.43,-0.5,0.14,-0.48,-0.42,-0.63,-0.35,-0.56,-0.7,-0.01,0.06,0.32,-0.98,0.005
"4326",4326,"Norman Whiteside",1986,"Northern Ireland",1.62,0.46,-0.66,0.58,-0.21,-0.91,-0.3,-0.87,-0.46,-0.47,-0.53,-0.56,1.1,0.81,0.73,0.09,-1.78,-0.685
"4327",4327,"Patrick Jennings",1986,"Northern Ireland",-0.39,-0.64,-0.66,-0.81,0.95,3.41,-0.74,-1.06,-0.99,-1,-0.71,-0.56,-0.7,-1.24,-0.96,-0.15,2.35,0.2375
"4328",4328,"Samuel Baxter McIlroy",1986,"Northern Ireland",-0.39,0.11,0.1,0.06,1.77,0.12,-0.3,1.27,-0.99,0.48,-0.35,-0.04,0.2,-0.83,0.73,0.48,1.39,0.2975
"4329",4329,"Steve Penney",1986,"Northern Ireland",-0.39,0.11,3.14,-0.29,-0.81,-0.43,-0.74,-0.09,-0.72,-0.1,-0.35,-0.56,0.2,-0.83,0.73,1.87,-0.52,0.47
"4330",4330,"Adolfino Cañete",1986,"Paraguay",-0.39,1.12,0.48,0.23,1.3,0.24,0.24,0.25,0.77,-0.29,-0.71,-0.56,1.32,1.84,3.87,1.24,0.49,0.3025
"4331",4331,"Alfredo Mendoza",1986,"Paraguay",-0.39,0.62,0.48,1.27,-0.41,-0.32,1.55,0.39,0.07,0.07,-0.57,0.56,-0.7,-0.32,-0.2,1.72,0.07,0.525
"4332",4332,"Buenaventura Ferreira",1986,"Paraguay",-0.39,0.09,1.05,0.88,0.18,0.24,0.57,-0.63,0.44,-0.67,-0.18,-0.56,4.02,1.84,2.34,1.75,-0.39,0.3075
"4333",4333,"César Zabala",1986,"Paraguay",-0.39,-0.11,-0.09,-0.55,0.85,1.06,-0.74,-0.04,0.48,0.44,1.66,2.56,-0.03,0.61,0.57,-0.57,1.02,0.0475
"4334",4334,"Jorge Amado Nunes",1986,"Paraguay",-0.39,-0.11,-0.09,0.1,1.6,0.75,1.88,0.68,0.81,0.04,0.48,0.56,-0.7,-0.62,1.33,0.41,1.43,0.805
"4335",4335,"Jorge Guasch",1986,"Paraguay",-0.39,-0.21,-0.66,-0.42,-0.47,-0.58,-0.08,-0.92,-0.63,0.77,-0.31,0.53,0.65,-0.62,0.06,-0.27,-1.5,-0.56
"4336",4336,"Juan Torales",1986,"Paraguay",-0.39,-0.58,-0.09,-0.81,0.32,0.55,-0.74,-0.92,0.41,1.14,1.4,-0.56,-0.03,-0.01,-0.96,-0.66,-0.37,-0.3
"4337",4337,"Julio César Romero",1986,"Paraguay",2.62,0.55,1.05,0.75,0.91,0.6,0.57,0.25,2.18,0.4,-0.44,1.55,-0.03,-0.01,0.31,1.04,0.85,0.6175
"4338",4338,"Ramón Hicks",1986,"Paraguay",-0.39,-0.54,-0.66,-0.55,-1.53,-1.15,-0.74,-1.06,-0.99,-1,-0.71,-0.56,-0.03,-1.24,-0.7,-0.63,-2.21,-0.9025
"4339",4339,"Roberto Cabañas",1986,"Paraguay",2.62,1.81,0.48,2.83,-0.25,-0.68,0.57,-0.48,-0.26,-1,-0.71,-0.56,2,1.53,2.85,1.75,-1.16,-0.0275000000000001
"4340",4340,"Roberto Fernández",1986,"Paraguay",-0.39,-0.64,-0.66,-0.81,0.87,2.71,-0.74,-1.06,-0.99,-1,-0.71,-0.56,-0.7,-1.24,-0.2,-0.66,1.65,0.0625
"4341",4341,"Rogelio Delgado",1986,"Paraguay",-0.39,-0.34,-0.66,-0.29,0.18,0.29,-0.41,-0.63,1.48,3.15,2.32,0.45,2,0.3,0.82,-0.24,-0.34,-0.3525
"4342",4342,"Vladimiro Schettina",1986,"Paraguay",-0.39,-0.54,-0.66,-0.81,0.3,1.47,-0.41,-0.63,-0.65,-1,1,0.45,0.65,1.84,-0.2,0.32,0.84,-0.0575
"4343",4343,"Andrzej Buncol",1986,"Poland",-0.39,0.05,-0.66,0.62,-0.25,-0.32,0.57,0.98,-0.99,-1,-0.71,-0.56,-0.7,-0.62,-0.7,-0.42,0.66,0.1425
"4344",4344,"Dariusz Dziekanowski",1986,"Poland",-0.39,0.95,0.48,0.49,0.83,0.29,0.9,1.85,0.27,0.05,-0.18,0.25,1.32,0.61,-0.7,1.54,2.14,0.88
"4345",4345,"Dariusz Kubicki",1986,"Poland",-0.39,-0.64,-0.66,-0.81,-1.28,-0.89,-0.74,-0.48,-0.8,-0.81,-0.44,-0.56,-0.7,-0.62,-0.7,-0.87,-1.37,-0.6925
"4346",4346,"Jan Furtok",1986,"Poland",-0.39,-0.64,-0.66,-0.81,-1.57,-1.2,-0.74,-1.06,-0.99,-1,-0.71,-0.56,-0.7,-0.62,-0.96,-0.87,-2.26,-0.915
"4347",4347,"Jan Karas",1986,"Poland",-0.39,-0.21,-0.66,-0.29,-0.31,-0.68,1.23,-0.48,-0.72,-0.74,-0.57,-0.56,0.65,0.61,0.57,0.2,-1.16,-0.1475
"4348",4348,"Jan Urban",1986,"Poland",-0.39,1.38,1.05,1.27,0.08,-0.12,1.23,0.68,-0.18,0.05,-0.71,1.04,1.32,0.3,0.82,0.03,0.56,0.71
"4349",4349,"Jozef Mlynarzyk",1986,"Poland",-0.39,-0.64,-0.66,-0.81,0.97,3.22,-0.74,-0.77,-0.99,-1,-0.44,-0.56,-0.7,-0.93,-0.45,-0.84,2.45,0.2625
"4350",4350,"Kazimierz Przybys",1986,"Poland",-0.39,-0.61,-0.66,-0.81,-0.75,-0.53,-0.74,-0.63,-0.34,-0.74,-0.31,-0.56,-0.03,-0.93,-0.7,-0.57,-1.16,-0.64
"4351",4351,"Krzysztof Pawlak",1986,"Poland",-0.39,-0.61,0.48,-0.68,0.42,0.6,-0.08,1.12,0.1,-0.73,0.08,-0.56,-0.03,0.61,-0.45,-0.21,1.72,0.53
"4352",4352,"Marek Ostrowski",1986,"Poland",-0.39,-0.41,-0.09,-0.55,1.99,2.45,0.57,1.7,1.55,1.22,0.61,-0.56,0.65,1.22,0.57,0.26,4.15,1.1575
"4353",4353,"Roman Wójcicki",1986,"Poland",-0.39,-0.64,-0.66,-0.55,0.95,0.65,-0.74,-0.04,1.35,-0.03,2.58,0.24,-0.7,-0.32,-0.2,-0.87,0.61,-0.1975
"4354",4354,"Ryszard Komornicki",1986,"Poland",-0.39,-0.31,2.19,-0.29,0.18,0.65,1.23,0.25,0.78,-0.17,-0.44,0.03,-0.7,-0.32,0.31,1.3,0.9,1.08
"4355",4355,"Ryszard Tarasiewicz",1986,"Poland",-0.39,-0.48,-0.66,-0.68,-0.71,-0.32,-0.41,-0.48,-0.73,-0.74,-0.57,-0.56,-0.7,-0.62,-0.96,-0.81,-0.8,-0.4675
"4356",4356,"Stefan Majewski",1986,"Poland",-0.39,-0.28,-0.66,-0.42,0.32,-0.12,-0.08,-0.34,1.12,-0.02,1,0.03,1.32,1.84,0.06,-0.87,-0.46,-0.3
"4357",4357,"Waldemar Matysik",1986,"Poland",-0.39,-0.64,-0.66,-0.81,0.04,-0.48,-0.08,-0.34,0.27,1.67,0.61,0.84,-0.7,-1.24,-0.45,-0.78,-0.82,-0.39
"4358",4358,"Wlodzimierz Smolarek",1986,"Poland",1.11,1.58,2.19,2.57,-0.1,0.14,2.54,0.83,0.01,-0.1,-0.71,-0.56,-0.7,0.92,1.58,1.54,0.97,1.425
"4359",4359,"Zbigniew Boniek",1986,"Poland",-0.39,1.61,1.62,1.79,0.83,-0.07,1.23,0.68,-0.46,-0.43,-0.71,-0.56,-0.03,-0.01,0.82,2.79,0.61,0.865
"4360",4360,"António André",1986,"Portugal",-0.39,-0.64,-0.66,-0.81,0.14,-0.63,-0.3,-0.87,0.73,-0.08,0,-0.56,-0.7,-0.42,0.4,-0.87,-1.5,-0.615
"4361",4361,"António Oliveira",1986,"Portugal",-0.39,-0.64,-0.66,-0.64,-0.13,-0.08,-0.74,-1.06,0.37,1.19,3.68,1.55,2,-0.01,0.06,-0.87,-1.14,-0.635
"4362",4362,"António Sousa",1986,"Portugal",-0.39,1.48,-0.66,1.27,0.33,0.12,2.32,0.49,0.11,0.53,-0.71,-0.56,-0.7,0.4,1.41,0.28,0.61,0.5675
"4363",4363,"Augusto Inácio",1986,"Portugal",-0.39,-0.64,0.1,-0.64,0.63,0.53,-0.74,-0.29,-0.63,-0.44,0.17,-0.56,-0.7,-0.01,-0.62,-0.19,0.24,-0.1
"4364",4364,"Carlos Manuel",1986,"Portugal",1.62,1.57,4.66,0.06,0.57,0.87,1.88,2.24,0.39,0.61,-0.35,-0.56,-0.7,-0.83,3.1,4.76,3.11,2.4125
"4365",4365,"Diamantino",1986,"Portugal",1.62,-0.11,0.1,-0.12,0.28,0.33,1.88,0.49,-0.63,-0.03,-0.71,0.54,-0.7,-0.42,0.73,0.12,0.82,0.7
"4366",4366,"Fernando Gomes",1986,"Portugal",-0.39,-0.11,-0.66,1.79,-0.75,-0.91,-0.74,-0.68,-0.71,-0.28,-0.71,-0.56,1.1,-0.01,1.07,0.24,-1.59,-0.7475
"4367",4367,"Frederico",1986,"Portugal",-0.39,-0.07,-0.66,0.23,-0.54,-0.43,-0.74,-0.87,0.3,0.81,3.5,1.8,1.1,-0.01,-0.28,-0.87,-1.3,-0.675
"4368",4368,"Jaime Pacheco",1986,"Portugal",-0.39,0.2,0.86,0.06,2.69,1.01,2.32,3.01,1.24,1.02,-0.18,-0.56,-0.7,0.4,-0.28,-0.31,4.02,1.8
"4369",4369,"Magalháes",1986,"Portugal",-0.39,-0.42,2.38,0.92,-0.21,0.19,0.57,-0.48,0.5,-0.72,-0.53,0.29,-0.7,0.81,-0.28,0.6,-0.29,0.665
"4370",4370,"Manuel Bento",1986,"Portugal",-0.39,-0.64,-0.66,-0.81,-0.94,-0.43,-0.74,-1.06,-0.99,-1,-0.71,-0.56,-0.7,-1.24,-0.62,-0.87,-1.49,-0.7225
"4371",4371,"Paulo Futre",1986,"Portugal",-0.39,0.2,0.1,1.62,-0.92,-1.04,1.45,0.49,-0.43,-0.59,-0.71,-0.56,0.2,-0.83,1.75,-0.31,-0.55,0.25
"4372",4372,"Rui Aguas",1986,"Portugal",-0.39,-0.51,-0.66,-0.12,-1.46,-1.18,-0.74,-1.06,-0.71,-0.45,-0.71,-0.56,-0.7,-1.24,-0.96,-0.55,-2.24,-0.91
"4373",4373,"Vitor Damas",1986,"Portugal",-0.39,-0.64,-0.66,-0.81,-0.21,0.26,-0.74,-1.06,-0.99,-1,-0.71,-0.56,-0.7,-0.83,-0.96,-0.87,-0.8,-0.55
"4374",4374,"Álvaro",1986,"Portugal",-0.39,-0.64,-0.66,-0.81,1.2,1.56,-0.3,-0.09,1.21,1.47,0.52,0.07,-0.7,0.4,0.06,-0.67,1.47,0.1275
"4375",4375,"Alex McLeish",1986,"Scotland",-0.39,-0.51,-0.66,-0.12,-0.62,-0.63,-0.74,-0.87,-0.63,-0.65,-0.53,0.52,0.2,-1.24,-0.96,-0.87,-1.5,-0.725
"4376",4376,"Arthur Albiston",1986,"Scotland",-0.39,-0.42,-0.66,-0.12,-0.35,0.12,-0.74,0.49,1.21,-0.14,0,-0.56,-0.7,-0.83,-0.96,0.01,0.61,-0.1975
"4377",4377,"Charlie Nicholas",1986,"Scotland",-0.39,-0.07,-0.66,0.58,-1.03,-0.97,1.01,-0.87,-0.99,-0.3,-0.71,-0.56,-0.7,-1.24,0.06,1.27,-1.84,-0.3725
"4378",4378,"David Narey",1986,"Scotland",-0.39,-0.64,-0.66,-0.81,0.06,-0.08,-0.74,-0.68,1.19,0.15,0.17,0.31,-0.7,0.4,-0.28,-0.87,-0.76,-0.54
"4379",4379,"Davie Cooper",1986,"Scotland",-0.39,-0.64,0.1,0.06,-1.22,-0.77,0.14,0.1,-0.99,-0.57,-0.71,-0.56,-0.7,-0.83,-0.96,0.4,-0.67,-0.1075
"4380",4380,"Eamonn Bannon",1986,"Scotland",-0.39,-0.11,-0.66,0.23,-0.97,-0.7,-0.3,0.3,-0.63,-0.71,-0.18,-0.56,-0.7,-0.42,-0.28,-0.39,-0.4,-0.34
"4381",4381,"Frank McAvennie",1986,"Scotland",-0.39,0.46,-0.66,0.23,-1.51,-1.11,-0.74,-0.87,-0.34,-1,-0.71,-0.56,-0.7,-1.24,-0.28,-0.87,-1.98,-0.845
"4382",4382,"Gordon Strachan",1986,"Scotland",1.62,-0.29,3.9,1.79,1.77,2.24,1.01,0.68,0.3,0.06,-0.53,-0.56,-0.7,-0.42,1.07,2.94,2.92,1.9575
"4383",4383,"Graeme Sharp",1986,"Scotland",-0.39,-0.64,-0.66,0.92,-1.32,-1.25,-0.3,-1.06,-0.55,-1,-0.71,-0.56,-0.7,-0.83,-0.62,0.12,-2.31,-0.8175
"4384",4384,"Graeme Souness",1986,"Scotland",-0.39,0.24,0.86,-0.64,1.66,1.29,-0.74,-0.09,0.08,0.05,-0.53,-0.56,-0.7,-0.42,-0.96,0.64,1.2,0.33
"4385",4385,"Jim Leighton",1986,"Scotland",-0.39,-0.64,-0.66,-0.81,0.36,1.7,-0.74,-1.06,-0.99,-1,-0.71,-0.56,-0.7,-1.24,-0.96,-0.87,0.64,-0.19
"4386",4386,"Maurice Malpas",1986,"Scotland",-0.39,-0.51,-0.66,-0.29,0.87,0.94,-0.74,1.85,0.79,0.55,0.17,0.52,-0.7,0.4,-0.28,-0.27,2.79,0.3475
"4387",4387,"Paul McStay",1986,"Scotland",-0.39,-0.47,0.1,-0.64,-0.27,0.53,0.14,-0.48,-0.11,0.29,-0.71,0.77,-0.7,0.4,-0.62,-0.31,0.05,0.0725
"4388",4388,"Paul Sturrock",1986,"Scotland",-0.39,-0.64,0.86,1.79,-0.97,-1.11,1.01,-0.48,-0.99,-1,-0.71,-0.56,0.2,-0.83,0.73,0.28,-1.59,0.07
"4389",4389,"Richard Gough",1986,"Scotland",-0.39,1.66,-0.66,4.39,1.28,2.24,-0.74,-0.29,0.23,-1,1.57,-0.56,3.8,0.4,-0.62,0.4,1.95,0.1375
"4390",4390,"Roy Aitken",1986,"Scotland",-0.39,-0.29,1.62,1.44,0.28,0.05,-0.74,0.1,1.96,0.86,-0.71,-0.56,0.2,2.87,1.41,0.72,0.15,0.2575
"4391",4391,"Steve Archibald",1986,"Scotland",-0.39,-0.64,-0.66,-0.81,-1.13,-1.25,-0.74,-0.87,-0.99,-1,-0.71,-0.56,-0.7,-0.42,0.06,-0.87,-2.12,-0.88
"4392",4392,"Steve Nicol",1986,"Scotland",-0.39,0.86,3.14,1.27,-0.1,0.19,-0.3,-0.48,0.09,0,-0.35,-0.56,-0.7,-0.01,-0.28,1.12,-0.29,0.6375
"4393",4393,"Willie Miller",1986,"Scotland",-0.39,-0.64,-0.66,-0.46,0.76,-0.02,-0.74,-0.48,2.7,0.41,1.05,3.13,-0.7,0.81,-0.62,-0.87,-0.5,-0.475
"4394",4394,"Bum-Kun Cha",1986,"South Korea",-0.39,0.24,0.1,3,0.06,-0.63,0.14,-0.29,0.02,-0.51,-0.53,-0.56,3.8,-0.42,1.07,1.79,-0.92,-0.17
"4395",4395,"Byung Ho Byun",1986,"South Korea",-0.39,0.95,0.86,1.62,-0.16,-0.08,-0.3,-0.68,0.32,1.01,-0.53,1.82,-0.7,0.4,-0.28,0.68,-0.76,-0.05
"4396",4396,"Chang-Sun Park",1986,"South Korea",1.62,0.42,1.62,0.92,0.38,-0.15,-0.3,0.1,1.11,-1,-0.53,-0.56,-0.7,0.81,-0.62,1.79,-0.05,0.3175
"4397",4397,"Chung Yong-Hwan",1986,"South Korea",-0.39,-0.6,0.1,-0.81,0.71,0.53,0.14,0.1,2.39,0.53,1.75,0.8,0.2,0.4,0.06,-0.23,0.63,0.2175
"4398",4398,"Jong Soon Chung",1986,"South Korea",-0.39,-0.64,0.1,-0.81,-1.03,-0.5,-0.74,-1.06,-0.45,-0.73,-0.35,-0.56,-0.7,-0.42,-0.28,-0.87,-1.56,-0.55
"4399",4399,"Jong-Boo Kim",1986,"South Korea",1.62,-0.07,0.86,0.23,-1.32,-1.11,-0.3,-0.87,-0.99,-1,-0.71,-0.56,-0.7,-1.24,-0.96,-0.31,-1.98,-0.355
"4400",4400,"Joo-Sung Kim",1986,"South Korea",-0.39,0.06,0.86,0.58,-0.32,-0.15,1.45,0.68,-0.25,-0.49,-0.53,-0.56,-0.7,1.63,0.4,0.4,0.53,0.71
"4401",4401,"Jung-Moo Huh",1986,"South Korea",1.62,0.33,0.86,0.06,1.22,1.56,0.57,-0.29,0.77,0.43,-0.18,0.11,-0.7,2.87,-0.28,0.88,1.27,0.675
"4402",4402,"Kwang-Rae Cho",1986,"South Korea",-0.39,0.46,0.1,-0.29,1.14,1.76,0.57,-0.09,0.47,1.49,-0.18,-0.56,-0.7,0.81,1.41,1.59,1.67,0.585
"4403",4403,"Kyung-Hoon Park",1986,"South Korea",-0.39,-0.64,0.1,-0.81,0.71,0.74,-0.74,-0.09,1.53,1.29,0.52,1.82,-0.7,3.28,1.41,-0.19,0.65,0.0025
"4404",4404,"Min-Kook Cho",1986,"South Korea",-0.39,-0.51,-0.66,-0.81,-0.67,-0.63,-0.74,-0.87,-0.99,-0.56,1.22,0.11,2,-1.24,-0.62,-0.87,-1.5,-0.725
"4405",4405,"Soo-Jin Noh",1986,"South Korea",-0.39,-0.55,-0.66,-0.81,-1.08,-0.5,-0.3,-1.06,-0.99,-0.49,-0.71,-0.56,-0.7,-1.24,-0.28,-0.87,-1.56,-0.63
"4406",4406,"Soon-Ho Choi",1986,"South Korea",1.62,1.3,-0.66,1.62,-0.62,-0.77,1.45,0.1,-0.99,-1,-0.53,-0.56,2,-0.01,0.06,1.08,-0.67,0.03
"4407",4407,"Yong-Se Kim",1986,"South Korea",-0.39,-0.64,0.1,-0.81,-1.43,-1.18,-0.74,-1.06,-0.77,-0.56,-0.53,-0.56,-0.7,-0.42,-0.62,-0.55,-2.24,-0.72
"4408",4408,"Young-Jeung Cho",1986,"South Korea",-0.39,-0.64,-0.66,-0.81,-0.21,-0.08,-0.74,-1.06,0.84,0.28,0.87,0.26,0.2,-0.42,-0.28,-0.87,-1.14,-0.635
"4409",4409,"Yun-Kyo Ho",1986,"South Korea",-0.39,-0.64,-0.66,-0.81,0.57,2.72,-0.74,-1.06,-0.99,-0.49,-0.71,-0.56,-0.7,-1.24,-0.62,-0.87,1.66,0.065
"4410",4410,"Andoni Zubizarreta",1986,"Spain",-0.39,-0.64,-0.66,-0.81,0.45,2.33,-0.74,-1.06,-0.99,-1,-0.61,-0.56,0.31,-1.24,-0.77,-0.69,1.27,-0.0325
"4411",4411,"Antonio Maceda",1986,"Spain",-0.39,-0.64,-0.66,-0.61,-0.98,-0.67,-0.74,-0.85,-0.99,-0.48,-0.11,-0.56,-0.2,-1.24,-0.96,-0.87,-1.52,-0.73
"4412",4412,"Chendo",1986,"Spain",-0.39,-0.64,-0.66,-0.81,-1.1,-0.9,-0.74,-1.06,-0.72,-1,-0.11,-0.56,0.31,-1.01,-0.39,-0.87,-1.96,-0.84
"4413",4413,"Eloy Olaya",1986,"Spain",0.74,-0.24,1.05,0.85,-1.27,-0.98,-0.74,-0.63,-0.59,-0.82,-0.61,-0.56,-0.7,-0.78,-0.2,0.72,-1.61,-0.325
"4414",4414,"Emilio Butragueno",1986,"Spain",5.26,3.59,0.19,2.89,-0.64,-0.48,0.98,0.03,-0.68,-0.1,-0.61,-0.56,-0.2,-0.55,1.33,2.54,-0.45,0.18
"4415",4415,"Francisco",1986,"Spain",-0.39,-0.37,-0.66,-0.32,0.47,0.22,0.24,0.57,-0.29,-0.62,-0.51,-0.16,-0.7,-0.32,-0.2,-0.22,0.79,0.0925
"4416",4416,"Goikoetxea",1986,"Spain",0.74,1.65,-0.66,0.17,-0.19,-0.4,-0.74,-0.63,-0.55,-0.26,0.87,0.6,1.83,1.3,0.37,-0.69,-1.03,-0.6075
"4417",4417,"Jose Antonio Camacho",1986,"Spain",-0.39,-0.19,0.19,0.36,0.56,0.99,-0.49,0.03,0.37,0.73,0.48,2.66,-0.2,-0.32,0.18,0.23,1.02,0.18
"4418",4418,"Juan Senor",1986,"Spain",0.74,-0.39,-0.66,-0.81,-0.83,-0.4,0,-0.41,-0.41,-0.73,-0.71,-0.56,-0.7,-1.24,-0.01,-0.38,-0.81,-0.3675
"4419",4419,"Julio Alberto",1986,"Spain",-0.39,-0.15,0.62,-0.32,-0.12,0.25,-0.25,-0.08,-0.72,0.43,-0.11,-0.56,-0.7,-0.32,-0.39,0.29,0.17,0.135
"4420",4420,"Julio Salinas",1986,"Spain",0.74,0.35,-0.23,2.02,-0.95,-1.09,-0.74,-0.3,-0.73,-0.65,-0.71,-0.56,0.31,-0.78,1.14,0.38,-1.39,-0.59
"4421",4421,"Manuel Lopes da Silva Tomas",1986,"Spain",-0.39,-0.59,-0.23,-0.81,0.09,1.1,-0.25,-0.3,0.27,-0.13,-0.31,-0.56,-0.2,0.61,-0.2,-0.09,0.8,0.08
"4422",4422,"Michel",1986,"Spain",-0.39,1.37,1.48,1.43,0.67,1.37,0.74,0.9,0.02,0.46,-0.41,-0.56,0.31,0.15,-0.2,2.12,2.27,1.1225
"4423",4423,"Munoz Manrique Victor",1986,"Spain",-0.39,0.2,1.48,0.26,1.19,0.25,1.47,0.68,1.19,0.74,-0.31,-0.56,-0.2,1.3,0.18,0.65,0.93,0.97
"4424",4424,"Rafael Gordillo",1986,"Spain",-0.39,-0.44,-0.23,-0.42,-1.44,-0.98,-0.74,-0.41,-0.99,-1,-0.71,-0.56,-0.7,-1.01,-0.96,-0.8,-1.39,-0.59
"4425",4425,"Ramón Calderé",1986,"Spain",1.87,1.8,-0.23,2.11,-0.19,-0.36,-0.25,-0.52,0.01,-0.52,-0.71,-0.56,-0.7,-0.55,0.18,0.56,-0.88,-0.34
"4426",4426,"Ricardo Gallego",1986,"Spain",-0.39,-0.49,-0.23,-0.52,1.22,0.83,-0.49,1.23,0.32,-0.09,0.18,2.83,1.83,-0.32,0.37,-0.02,2.06,0.335
"4427",4427,"Tomas Reñones",1986,"Spain",-0.39,-0.64,-0.66,-0.81,-1.02,-0.52,-0.74,-0.63,-0.86,-0.74,-0.21,-0.56,-0.7,-1.01,-0.77,-0.69,-1.15,-0.6375
"4428",4428,"Aleksandr Bubnov",1986,"USSR",-0.39,-0.64,-0.66,-0.81,-1.35,-1.15,-0.74,-0.93,-0.54,-0.11,-0.22,0.13,0.54,-0.67,-0.72,-0.87,-2.08,-0.87
"4429",4429,"Aleksandr Zavarov",1986,"USSR",1,1.23,-0.13,0.51,0.23,-0.4,3.19,1.36,0.88,-0.05,-0.71,-0.56,-0.08,1.03,0.45,0.64,0.96,1.005
"4430",4430,"Anatoli Demyanenko",1986,"USSR",-0.39,0,0.39,-0.21,0.96,0.65,0.17,0.55,-0.24,3,-0.1,-0.56,-0.08,0.75,-0.72,0.29,1.2,0.44
"4431",4431,"Andrei Bal",1986,"USSR",-0.39,-0.4,-0.13,-0.57,0.36,0.46,-0.44,0.41,0.31,0.22,-0.1,-0.56,-0.08,-0.67,0.21,-0.59,0.87,0.075
"4432",4432,"Gennadiy Lytovchenko",1986,"USSR",-0.39,0,1.44,-0.33,-1.2,-0.73,-0.44,-0.39,-0.99,-0.33,-0.58,-0.56,-0.7,-0.67,-0.72,0.67,-1.12,-0.03
"4433",4433,"Gennadiy Morozov",1986,"USSR",-0.39,-0.64,-0.66,-0.81,-1.16,-1.06,-0.44,-0.93,-0.08,-0.55,0.27,-0.56,-0.08,-0.96,-0.49,-0.87,-1.99,-0.7725
"4434",4434,"Igor Belanov",1986,"USSR",5.17,6.8,1.44,3.03,-0.58,-0.87,1.08,0.41,0.41,-0.4,-0.71,1.06,0.54,0.18,0.45,1.58,-0.46,0.515
"4435",4435,"Ivan Yaremchuk",1986,"USSR",1,0.43,0.92,1.11,0.51,-0.06,4.1,0.95,-0.13,0.79,-0.46,-0.56,0.54,-0.1,2.56,1.55,0.89,1.4775
"4436",4436,"Nikolay Larionov",1986,"USSR",-0.39,-0.64,0.39,-0.81,-0.07,0.27,-0.13,-0.66,0.83,0.88,-0.22,0.1,-0.7,0.47,0.68,-0.1,-0.39,-0.0325
"4437",4437,"Oleg Kuznetzov",1986,"USSR",-0.39,-0.06,-0.66,-0.33,2.23,0.88,-0.74,0.15,1.54,3.69,1.24,1.71,1.79,0.75,-0.72,0.01,1.03,-0.0925
"4438",4438,"Oleg Protasov",1986,"USSR",-0.39,-0.24,-0.66,-0.57,-1.5,-1.11,-0.74,-0.93,-0.54,-1,-0.71,-0.56,-0.7,-0.67,-0.72,-0.76,-2.04,-0.86
"4439",4439,"Oleh Blokhin",1986,"USSR",1,0.37,-0.66,0.27,-1.18,-1.15,-0.13,-0.79,-0.67,-0.77,-0.58,-0.56,-0.08,-0.96,-0.49,-0.34,-1.94,-0.6825
"4440",4440,"Pavel Yakovenko",1986,"USSR",1,0.03,-0.13,-0.09,0.21,-0.58,1.68,0.95,2.49,2.2,-0.58,-0.56,-0.7,0.18,-0.25,0.07,0.37,0.48
"4441",4441,"Rinat Dasayev",1986,"USSR",-0.39,-0.64,-0.66,-0.81,0.73,1.93,-0.74,-1.06,-0.99,-1,-0.71,-0.56,-0.08,-1.24,-0.72,-0.87,0.87,-0.1325
"4442",4442,"Sergei Rodionov",1986,"USSR",1,2.42,-0.66,1.23,-0.6,-0.92,0.77,-0.12,-0.44,0.26,-0.58,-0.56,0.54,0.47,-0.49,0.97,-1.04,-0.2325
"4443",4443,"Sergey Aleinikov",1986,"USSR",1,0.25,0.39,-0.45,1.95,0.17,0.17,-0.26,1.41,2.6,-0.22,0.13,-0.7,1.32,-0.02,0.83,-0.09,0.1175
"4444",4444,"Vadym Yevtushenko",1986,"USSR",-0.39,2.45,0.39,0.15,-0.62,-0.58,-0.13,-0.12,-0.31,-0.77,-0.46,-0.56,-0.7,-0.96,-0.49,0.15,-0.7,-0.11
"4445",4445,"Vassili Rats",1986,"USSR",1,0.49,3.02,0.39,-0.09,-0.21,1.08,0.41,0.59,1.03,-0.46,-0.56,-0.08,0.18,0.68,1.99,0.2,1.075
"4446",4446,"Viktor Chanov",1986,"USSR",-0.39,-0.64,-0.66,-0.81,-1.07,-0.44,-0.74,-1.06,-0.99,-1,-0.71,-0.56,-0.7,-1.24,-0.96,-0.87,-1.5,-0.725
"4447",4447,"Vladimir Bessonov",1986,"USSR",-0.39,-0.64,-0.66,-0.81,1.17,0.32,0.47,0.55,2.44,2.34,0.75,-0.56,-0.7,-0.96,-0.49,-0.23,0.87,0.17
"4448",4448,"Alfonso Pereira",1986,"Uruguay",-0.39,-0.44,-0.66,-0.55,-0.1,-0.58,-0.08,-0.77,-0.22,0.57,0.87,-0.56,0.65,1.22,-0.45,-0.87,-1.35,-0.5225
"4449",4449,"Antonio Alzamendi",1986,"Uruguay",1.11,0.39,-0.09,0.88,-1.32,-1.15,0.24,-0.19,-0.85,-1,-0.71,-0.13,-0.03,-0.01,-0.45,-0.27,-1.34,-0.2975
"4450",4450,"Eduardo Mario Acevedo",1986,"Uruguay",-0.39,-0.64,-0.66,-0.55,-0.49,-0.53,-0.74,-0.92,-0.47,-0.38,0.87,1.14,-0.7,0.61,-0.2,-0.87,-1.45,-0.7125
"4451",4451,"Eliseo Rivero",1986,"Uruguay",-0.39,-0.48,-0.66,-0.81,-1.04,-0.63,-0.41,-0.92,-0.71,0.08,-0.31,-0.56,-0.7,-0.93,-0.2,-0.78,-1.55,-0.655
"4452",4452,"Enzo Francescoli",1986,"Uruguay",1.11,3.24,1.05,1.4,-0.06,-0.38,2.21,1.27,-0.35,-0.59,-0.57,-0.13,0.65,0.92,5.9,0.53,0.89,1.0375
"4453",4453,"Fernando Alvez",1986,"Uruguay",-0.39,-0.64,-0.66,-0.81,0.06,1.37,-0.74,-0.92,-0.99,-1,-0.71,-0.56,-0.7,-1.24,-0.2,-0.78,0.45,-0.2375
"4454",4454,"Jorge Orosmán da Silva Echeverrito",1986,"Uruguay",-0.39,0.09,-0.66,-0.03,-0.92,-1.15,1.23,-0.04,-0.99,-1,-0.71,-0.56,-0.7,0.92,1.07,-0.48,-1.19,-0.155
"4455",4455,"Jorge Wálter Barrios",1986,"Uruguay",-0.39,-0.64,-0.66,-0.55,-0.37,-0.68,-0.74,-0.63,0.42,0.23,-0.57,-0.56,-0.7,1.84,-0.45,-0.84,-1.31,-0.6775
"4456",4456,"José Alberto Batista",1986,"Uruguay",-0.39,-0.01,-0.66,-0.81,-0.57,-0.27,-0.74,-0.63,-0.68,-0.72,-0.18,-0.56,-0.7,0.3,-0.96,-0.66,-0.9,-0.575
"4457",4457,"José Zalazar",1986,"Uruguay",-0.39,-0.58,-0.66,-0.68,-1.45,-1.15,-0.08,-0.48,-0.99,-0.92,-0.71,-0.56,-0.7,-1.24,-0.45,-0.57,-1.63,-0.5925
"4458",4458,"Mario Saralegui",1986,"Uruguay",-0.39,-0.48,-0.66,-0.16,-0.73,-0.63,-0.41,-0.34,-0.78,-0.83,-0.71,-0.56,-0.7,-0.01,-0.45,-0.66,-0.97,-0.51
"4459",4459,"Miguel Angel Bossio",1986,"Uruguay",-0.39,-0.64,-0.66,-0.81,-0.47,0.09,-0.41,-0.34,-0.7,-0.17,0.35,-0.56,-0.03,1.22,0.06,-0.72,-0.25,-0.33
"4460",4460,"Nelson Gutierrez",1986,"Uruguay",-0.39,-0.64,-0.66,-0.42,0.59,0.65,-0.41,1.99,0.02,-0.86,3.9,0.7,2,-0.01,0.06,-0.69,2.64,0.3925
"4461",4461,"Ruben Walter Paz Marquez",1986,"Uruguay",-0.39,-0.41,-0.66,-0.42,-1.53,-1.15,0.57,-0.92,-0.99,-1,-0.71,-0.56,-0.7,-0.93,-0.96,-0.84,-2.07,-0.54
"4462",4462,"Sergio Rodolfo Santín",1986,"Uruguay",-0.39,-0.38,0.48,-0.42,0.12,-0.17,-0.08,1.12,-0.57,-0.57,-0.18,-0.56,-0.03,0.3,3.61,0.11,0.95,0.3375
"4463",4463,"Venancio Ariel Ramos",1986,"Uruguay",-0.39,-0.28,1.05,0.23,-0.02,-0.22,2.86,2.29,-0.42,-0.73,-0.44,-0.56,-0.7,-0.32,1.33,1.48,2.07,1.495
"4464",4464,"Victor Hugo Diogo",1986,"Uruguay",-0.39,-0.01,0.48,-0.68,0.2,0.81,0.9,-0.04,-0.26,-0.09,1.66,-0.06,-0.03,-0.01,-0.2,0.41,0.77,0.5375
"4465",4465,"Wilmar Cabrera",1986,"Uruguay",-0.39,0.32,-0.66,0.36,-1.12,-0.99,-0.41,-0.77,-0.08,-1,0.22,0.71,0.65,-0.01,0.06,-0.57,-1.76,-0.7075
"4466",4466,"Andreas Brehme",1986,"West Germany",0.43,0.08,1.2,-0.74,0.65,0.94,0.16,0.37,0.68,0.12,0.08,0.41,-0.7,0.44,-0.13,0.64,1.31,0.6675
"4467",4467,"Dieter Hoeness",1986,"West Germany",-0.39,-0.53,-0.66,-0.31,-1.55,-1.19,-0.74,-0.98,-0.84,-0.53,-0.71,-0.09,0.03,-1.07,-0.68,-0.87,-2.17,-0.8925
"4468",4468,"Ditmar Jakobs",1986,"West Germany",-0.39,-0.61,-0.66,-0.81,0.52,0.29,-0.74,-0.35,0.48,1.82,1.88,-0.09,-0.34,1.62,-0.68,-0.75,-0.06,-0.365
"4469",4469,"Felix Magath",1986,"West Germany",-0.39,-0.1,0.89,0.96,0.7,0.24,1.41,0.84,1.1,0,-0.49,-0.08,-0.7,0.1,1.26,1.08,1.08,0.845
"4470",4470,"Hans-Peter Briegel",1986,"West Germany",-0.39,-0.01,-0.04,0.47,0.09,0.63,1.94,1.24,1.32,1.16,0.44,0.09,0.77,0.78,1.81,-0.27,1.87,0.9425
"4471",4471,"Harald Anton Schumacher",1986,"West Germany",-0.39,-0.64,-0.66,-0.81,0.37,2.03,-0.74,-1.06,-0.99,-0.84,-0.56,-0.56,-0.7,-1.24,-0.4,-0.87,0.97,-0.1075
"4472",4472,"Karl-Heinz Rummenigge",1986,"West Germany",0.43,1.42,-0.04,1.39,-0.88,-0.91,0.16,0.05,-0.68,-0.68,-0.71,-0.08,0.4,0.27,0.98,0.01,-0.86,-0.185
"4473",4473,"Karlheinz Förster",1986,"West Germany",-0.39,-0.62,-0.04,-0.31,0.86,0.21,-0.56,-0.19,0.28,0.97,0.94,0.59,0.4,0.78,0.98,-0.23,0.02,-0.145
"4474",4474,"Klaus Allofs",1986,"West Germany",1.25,0.99,1.83,2.03,0.26,-0.1,0.69,0.92,-0.33,-0.76,-0.56,-0.56,0.4,0.44,1.53,2.21,0.82,0.835
"4475",4475,"Klaus Augenthaler",1986,"West Germany",-0.39,-0.48,-0.66,-0.81,-0.47,-0.32,-0.74,-0.43,0.05,-0.82,-0.13,-0.56,1.14,-0.4,-0.68,-0.7,-0.75,-0.5375
"4476",4476,"Lothar Matthäus",1986,"West Germany",0.43,0.9,2.14,0.54,0.69,0.15,1.05,1,2.39,1.79,-0.13,0.13,-0.34,1.95,1.95,1.53,1.15,1.085
"4477",4477,"Matthias Herget",1986,"West Germany",-0.39,-0.57,-0.66,-0.81,-1.02,-0.83,-0.74,-0.59,-0.65,-0.78,-0.71,-0.56,-0.7,-1.24,-0.96,-0.59,-1.42,-0.705
"4478",4478,"Norbert Eder",1986,"West Germany",-0.39,-0.46,-0.04,0.32,1.02,0.6,-0.2,0.52,0.03,1.89,0.23,-0.56,0.4,0.44,1.53,-0.1,1.12,0.22
"4479",4479,"Pierre Littbarski",1986,"West Germany",-0.39,0.01,-0.04,-0.17,-0.96,-0.66,0.33,0.37,-0.52,-0.82,-0.63,-0.56,-0.7,-0.9,-0.4,-0.07,-0.29,0
"4480",4480,"Rudi Völler",1986,"West Germany",2.07,2.04,0.27,2.38,-0.92,-1.08,-0.02,-0.27,-0.66,-0.78,-0.71,-0.08,-0.7,-0.23,-0.27,-0.01,-1.35,-0.275
"4481",4481,"Thomas Berthold",1986,"West Germany",-0.39,0.19,-0.35,1.46,0.41,-0.02,0.33,0.76,1.31,0.31,-0.42,-0.35,0.03,1.11,0.7,-0.28,0.74,0.18
"4482",4482,"Wolfgang Rolff",1986,"West Germany",-0.39,-0.57,-0.35,-0.67,-1.28,-1.22,-0.56,-0.83,-0.99,-0.37,-0.42,-0.08,-0.34,-0.57,-0.4,-0.77,-2.05,-0.74
"4483",4483,"Abdelmajid Bourebbou",1982,"Algeria",-0.5,-0.72,-0.6,-0.2,-1.43,-1.09,-0.77,-0.93,-1.01,-0.81,-0.57,-0.57,-0.65,-1.13,-0.93,-0.45,-2.02,-0.8475
"4484",4484,"Ali Fergani",1982,"Algeria",-0.5,-0.42,-0.6,-0.62,1.31,0.04,-0.4,0.46,-0.45,-0.03,0.23,0.82,0.01,0.35,0.68,0.38,0.5,-0.125
"4485",4485,"Chaabane Merzekane",1982,"Algeria",-0.5,-0.46,-0.6,0.22,0.25,0.79,1.84,1.85,1.18,1.17,2,0.31,-0.65,1.47,1.01,-0.28,2.64,0.97
"4486",4486,"Djamel Zidane",1982,"Algeria",-0.5,0.22,-0.6,-0.06,-0.69,-1.09,0.35,0.15,-1.01,-0.56,-0.57,-0.57,1.34,-1.13,-0.28,-0.22,-0.94,-0.2975
"4487",4487,"Fawzi Mansouri",1982,"Algeria",-0.5,-0.5,-0.6,-0.2,0.32,-0.15,-0.77,-0.16,0.51,-0.43,1.52,0.31,0.67,0.35,-0.28,-0.55,-0.31,-0.42
"4488",4488,"Hocine Yahi",1982,"Algeria",-0.5,-0.72,0.64,-0.76,-1.26,-0.78,-0.77,-0.62,-0.73,-0.94,-0.57,-0.57,-0.65,-0.02,-0.61,-0.35,-1.4,-0.3825
"4489",4489,"Lakdhar Belloumi",1982,"Algeria",1.49,0.98,0.64,0.36,-0.57,-0.9,-0.77,0.15,-1.01,-0.69,-0.25,1.25,-0.65,-1.13,-0.93,-0.05,-0.75,-0.22
"4490",4490,"Mahmoud Guendouz",1982,"Algeria",-0.5,-0.72,-0.6,-0.76,-0.12,-0.02,-0.77,-1.09,0.09,0.86,4.57,2.6,1.34,-0.02,-0.61,-0.84,-1.11,-0.62
"4491",4491,"Mehdi Cerbah",1982,"Algeria",-0.5,-0.72,-0.6,-0.76,-0.05,1.11,-0.77,-1.09,-1.01,-0.94,-0.57,-0.57,-0.65,-1.13,1.01,-0.84,0.02,-0.3375
"4492",4492,"Mustafa Dahleb",1982,"Algeria",-0.5,-0.38,0.64,-0.48,0.99,0.1,-0.02,0.92,1.02,0.73,-0.09,0.31,-0.65,1.84,0.36,0.44,1.02,0.41
"4493",4493,"Nouredine Kourichi",1982,"Algeria",-0.5,-0.72,-0.6,-0.76,-0.49,-0.34,-0.77,-0.47,0.1,-0.31,2.8,2.16,0.01,0.35,-0.93,-0.71,-0.81,-0.545
"4494",4494,"Rabah Madjer",1982,"Algeria",1.49,1.7,0.64,0.5,0.32,0.1,0.72,2.78,-0.73,0.22,0.07,-0.57,2,0.35,0.68,0.51,2.88,1.06
"4495",4495,"Salah Assad",1982,"Algeria",3.48,2.51,1.26,1.9,0.42,0.29,1.09,2.62,-0.46,-0.81,-0.57,-0.1,0.01,-0.02,1.33,0.51,2.91,1.315
"4496",4496,"Salah Larbes",1982,"Algeria",-0.5,-0.72,-0.6,-0.76,-0.96,-0.46,-0.4,-0.78,-0.45,-0.55,-0.09,0.36,-0.65,0.35,-0.93,-0.68,-1.24,-0.56
"4497",4497,"Tedj Bensaoula",1982,"Algeria",1.49,2.46,-0.6,1.34,-0.91,-1.09,0.72,0.15,-1.01,-0.55,-0.73,-0.57,-0.65,-0.39,-0.61,0.64,-0.94,-0.205
"4498",4498,"Alberto Taranti",1982,"Argentina",-0.5,-0.62,0.52,0,1,1.77,0.35,-0.34,3.25,1.06,0.23,1.17,0.14,0.43,-0.16,-0.17,1.43,0.575
"4499",4499,"Americo Gallego",1982,"Argentina",-0.5,0.05,-0.6,-0.34,1.18,0.27,-0.54,-0.16,1.81,1.38,-0.45,0.39,0.54,0.43,-0.16,-0.7,0.11,-0.2575
"4500",4500,"Daniel Bertoni",1982,"Argentina",1.89,1.85,1.63,1.34,0.04,-0.11,0.13,0.4,1.21,-0.12,-0.64,0.39,0.54,-0.46,2.17,1.71,0.29,0.5125
"4501",4501,"Daniel Passarella",1982,"Argentina",1.89,2.77,-0.6,2.52,1.52,1.62,-0.32,-0.16,2.03,1.4,0.9,0.34,7.3,1.32,-0.35,0.4,1.46,0.135
"4502",4502,"Diego Maradona",1982,"Argentina",1.89,2.92,0.52,4.2,1.12,0.68,5.49,1.97,0.96,0.58,-0.73,0.34,-0.25,1.1,6.05,2.28,2.65,2.165
"4503",4503,"Gabriel Calderon",1982,"Argentina",-0.5,-0.13,2,0.92,-0.36,-0.64,1.02,0.86,-0.17,-0.67,-0.73,-0.57,-0.65,-0.46,-0.35,1.43,0.22,0.81
"4504",4504,"Jorge Olguin",1982,"Argentina",-0.5,-0.31,2.37,-0.42,1.67,2.6,0.13,0.21,3.69,1.16,-0.16,-0.57,-0.65,0.65,1.01,0.82,2.81,1.3275
"4505",4505,"Jorge Valdano",1982,"Argentina",-0.5,-0.21,-0.6,-0.17,-1.49,-1.28,-0.77,-0.99,-1.01,-0.94,-0.73,-0.57,0.14,-0.69,-0.54,-0.53,-2.27,-0.91
"4506",4506,"Jose Daniel Valencia",1982,"Argentina",-0.5,-0.72,-0.6,-0.67,-1.56,-1.17,-0.77,-0.9,-0.72,-0.94,-0.73,-0.57,-0.65,-1.13,-0.74,-0.61,-2.07,-0.86
"4507",4507,"Juan Barbas",1982,"Argentina",-0.5,-0.54,-0.6,-0.34,-0.85,-0.64,-0.54,-0.9,-0.22,-0.44,-0.73,-0.57,-0.65,-0.69,-0.16,-0.57,-1.54,-0.67
"4508",4508,"Luis Galvan",1982,"Argentina",-0.5,-0.72,-0.6,-0.76,1.05,1.17,-0.77,-0.34,1.32,1.86,0.13,0.26,1.73,0.43,-0.93,-0.78,0.83,-0.135
"4509",4509,"Mario Kempes",1982,"Argentina",-0.5,1.19,1.26,0.08,1.27,0.49,2.14,0.12,0.62,-0.14,-0.45,-0.57,-0.25,0.21,0.04,2.02,0.61,1.0025
"4510",4510,"Osvaldo Ardiles",1982,"Argentina",0.69,0.45,-0.23,0.17,2.39,0.98,1.02,1.23,3.35,3.08,-0.73,-0.57,-0.65,0.21,1.59,0.76,2.21,0.75
"4511",4511,"Ramon Angel Diaz",1982,"Argentina",0.69,0.48,-0.6,0.76,-0.89,-0.94,0.13,-0.53,-1.01,-0.94,-0.73,-0.57,-0.65,-0.91,-0.74,-0.19,-1.47,-0.485
"4512",4512,"Santiago Santamaria",1982,"Argentina",-0.5,-0.49,0.14,0.25,-1.46,-1.05,-0.32,-0.62,-0.76,-0.94,-0.73,-0.57,0.14,-0.91,-0.93,0.13,-1.67,-0.4625
"4513",4513,"Ubaldo Fillol",1982,"Argentina",-0.5,-0.72,-0.6,-0.76,-0.32,1.02,-0.77,-1.09,-1.01,-0.94,-0.54,-0.57,-0.65,-1.13,-0.74,-0.84,-0.0700000000000001,-0.36
"4514",4514,"Anton Pichler",1982,"Austria",-0.5,-0.72,-0.6,-0.76,-1.17,-1.13,-0.77,-0.62,-0.82,-0.94,-0.64,-0.57,-0.65,-0.69,-0.74,-0.64,-1.75,-0.78
"4515",4515,"Bernd Krauss",1982,"Austria",-0.5,-0.39,0.14,-0.42,1.08,1.21,-0.54,0.95,1.74,0.56,0.42,0.56,0.14,1.55,-0.16,-0.15,2.16,0.44
"4516",4516,"Bruno Pezzey",1982,"Austria",0.69,-0.03,-0.6,-0.25,1.22,1.55,0.35,1.42,2.82,1.42,1,1.72,0.14,-0.24,-0.16,-0.49,2.97,0.68
"4517",4517,"Erich Obermayer",1982,"Austria",-0.5,-0.72,-0.6,-0.67,0.96,0.53,-0.77,0.03,1.69,0.85,1.97,0.73,-0.65,-0.46,-0.16,-0.72,0.56,-0.2025
"4518",4518,"Ernst Baumeister",1982,"Austria",-0.5,-0.39,-0.23,-0.42,-0.37,-0.45,-0.1,-0.07,0.09,0.68,-0.16,-0.57,-0.25,-0.24,-0.16,-0.15,-0.52,-0.2125
"4519",4519,"Friedrich Koncilia",1982,"Austria",-0.5,-0.72,-0.6,-0.76,0.32,1.66,-0.77,-0.99,-1.01,-0.94,-0.73,-0.57,0.14,-1.13,-0.74,-0.84,0.67,-0.175
"4520",4520,"Gernot Jurtin",1982,"Austria",-0.5,-0.56,-0.6,-0.59,-1.43,-1.2,-0.32,-0.9,-1.01,-0.94,-0.73,-0.57,-0.25,-1.13,-0.74,-0.84,-2.1,-0.755
"4521",4521,"Hans Johann Krankl",1982,"Austria",0.69,0.71,-0.6,0.67,-0.82,-1.02,-0.1,0.12,-0.84,-0.75,-0.73,-0.57,-0.25,-0.91,0.43,-0.17,-0.9,-0.4
"4522",4522,"Herbert Prohaska",1982,"Austria",-0.5,-0.72,0.89,-0.76,2.76,1.59,0.35,2.99,0.79,-0.29,-0.25,0.75,-0.65,-0.02,0.43,0.84,4.58,1.455
"4523",4523,"Heribert Weber",1982,"Austria",-0.5,-0.51,-0.23,-0.5,-0.46,-0.26,-0.54,-0.9,-0.27,-0.47,-0.25,-0.57,-0.65,-0.69,-0.16,-0.66,-1.16,-0.4825
"4524",4524,"Johann Pregesbauer",1982,"Austria",-0.5,-0.72,-0.6,-0.76,-1.34,-1.02,-0.54,-0.72,-0.64,-0.94,-0.73,-0.57,-0.65,-0.91,-0.93,-0.84,-1.74,-0.72
"4525",4525,"Josef Degeorgi",1982,"Austria",-0.5,-0.72,-0.6,-0.42,-0.05,-0.19,-0.32,-0.25,0.24,0.48,0.04,-0.06,-0.65,-0.24,-0.35,-0.13,-0.44,-0.34
"4526",4526,"Kurt Jara",1982,"Austria",-0.5,-0.56,-0.6,-0.76,-1.51,-1.24,-0.77,-0.99,-1.01,-0.94,-0.64,-0.57,-0.65,-1.13,-0.74,-0.84,-2.23,-0.9
"4527",4527,"Kurt Welzl",1982,"Austria",-0.5,-0.64,-0.23,-0.42,-1.17,-1.13,-0.1,-0.44,-1.01,-0.94,-0.73,-0.57,-0.65,-0.91,0.04,-0.45,-1.57,-0.475
"4528",4528,"Maximilian Hagmayr",1982,"Austria",-0.5,-0.54,-0.6,-0.59,-1.53,-1.28,-0.77,-0.9,-1.01,-0.94,-0.73,-0.57,-0.65,-1.13,-0.74,-0.84,-2.18,-0.8875
"4529",4529,"Reinhold Hintermaier",1982,"Austria",0.69,0.56,0.89,-0.34,1.49,0.61,0.57,1.14,1.84,0.09,-0.54,-0.57,-0.25,1.1,0.43,0.46,1.75,0.8025
"4530",4530,"Roland Hattenberger",1982,"Austria",-0.5,-0.51,-0.23,-0.42,0.68,0.42,-0.1,-0.44,0.71,-0.12,0.33,1.82,-0.65,0.65,0.43,-0.59,-0.02,-0.0875
"4531",4531,"Walter Schachner",1982,"Austria",1.89,1.45,-0.23,2.44,-0.55,-0.83,0.35,0.03,-0.48,0.34,-0.73,-0.57,-0.25,0.21,0.43,-0.03,-0.8,-0.17
"4532",4532,"Alexandre Czerniatynski",1982,"Belgium",0.69,1.27,-0.23,2.27,-0.67,-0.94,-0.54,-0.62,0.55,-0.56,-0.64,-0.57,0.54,-0.46,0.81,-0.21,-1.56,-0.5825
"4533",4533,"Eric Gerets",1982,"Belgium",-0.5,-0.54,0.52,-0.67,-0.18,0.3,0.8,0.03,0.75,0.46,-0.25,-0.57,-0.65,-0.02,-0.35,-0.33,0.33,0.4125
"4534",4534,"Erwin Vandenbergh",1982,"Belgium",0.69,2.72,-0.23,3.28,-0.45,-0.94,-0.54,-0.81,-0.16,-0.32,-0.64,-0.57,1.73,-0.69,0.81,-0.43,-1.75,-0.63
"4535",4535,"Francois Van der Elst",1982,"Belgium",-0.5,-0.44,-0.6,-0.5,-1.28,-1.13,-0.1,-0.81,-0.07,-0.67,-0.73,0.38,-0.65,-0.91,-0.74,-0.41,-1.94,-0.66
"4536",4536,"Frank Vercauteren",1982,"Belgium",-0.5,0.38,4.6,2.44,1.2,1.59,0.57,1.69,1.35,0.33,-0.64,-0.57,-0.25,0.65,0.04,5.2,3.28,2.1125
"4537",4537,"Gerard Plessers",1982,"Belgium",-0.5,-0.72,-0.23,-0.76,-0.76,-0.34,-0.77,-0.53,-0.8,-0.4,0.13,-0.57,-0.25,-0.69,-0.93,-0.49,-0.87,-0.4675
"4538",4538,"Guy Vandermissen",1982,"Belgium",-0.5,0.2,0.89,-0.25,0.01,-0.45,0.13,-0.34,0.19,0.42,-0.54,-0.57,-0.65,0.21,0.04,0.24,-0.79,0.0575
"4539",4539,"Jacques Munaron",1982,"Belgium",-0.5,-0.72,-0.6,-0.76,-1.19,-0.64,-0.77,-1.09,-1.01,-0.94,-0.73,-0.57,-0.65,-1.13,-0.93,-0.84,-1.73,-0.775
"4540",4540,"Jan Ceulemans",1982,"Belgium",-0.5,1.55,0.14,3.11,0.91,-0.49,1.24,1.05,0.35,-0.11,-0.54,-0.57,0.14,0.21,-0.35,1.03,0.56,0.485
"4541",4541,"Jean-Marie Pfaff",1982,"Belgium",-0.5,-0.72,-0.6,-0.76,-0.58,0.57,-0.77,-0.99,-1.01,-0.94,-0.73,-0.57,-0.65,-0.91,-0.74,-0.84,-0.42,-0.4475
"4542",4542,"Luc Millecamps",1982,"Belgium",-0.5,-0.72,-0.6,-0.76,0.28,0.12,-0.32,-0.16,2.8,1.92,1.1,1.32,0.14,1.1,-0.35,-0.8,-0.04,-0.24
"4543",4543,"Ludo Coeck",1982,"Belgium",0.69,0.2,-0.6,-0.67,2.05,1.51,-0.1,1.42,2.04,0.67,-0.35,0.38,-0.65,2.21,-0.54,0.28,2.93,0.5575
"4544",4544,"Marc Baecke",1982,"Belgium",-0.5,-0.72,-0.6,-0.76,0.05,-0.3,-0.54,-0.44,-0.03,0.37,-0.54,-0.18,-0.65,-0.24,-0.35,-0.55,-0.74,-0.47
"4545",4545,"Marice De Schrijver",1982,"Belgium",-0.5,-0.64,-0.6,-0.76,-0.74,-0.75,-0.77,0.21,-0.89,-0.42,-0.06,0.21,-0.65,-0.46,-0.93,-0.47,-0.54,-0.4775
"4546",4546,"Michel Renquin",1982,"Belgium",-0.5,-0.72,0.89,-0.5,-0.23,-0.15,0.13,1.05,0.64,0.34,-0.54,-0.57,-0.65,0.21,0.04,0.17,0.9,0.48
"4547",4547,"Rene Verheyen",1982,"Belgium",-0.5,-0.44,-0.23,-0.08,-0.95,-0.94,-0.77,-0.9,-1.01,-0.74,-0.73,-0.57,-0.65,-0.69,-0.54,-0.25,-1.84,-0.71
"4548",4548,"Theo Custers",1982,"Belgium",-0.5,-0.72,-0.6,-0.76,-1.4,-0.71,-0.77,-1.09,-1.01,-0.94,-0.73,-0.57,-0.65,-1.13,-0.93,-0.76,-1.8,-0.7925
"4549",4549,"Walter Meeuws",1982,"Belgium",-0.5,-0.59,-0.23,-0.5,1.15,0.94,0.57,1.6,0.91,-0.14,0.71,0.11,-0.65,-0.69,-0.74,0.24,2.54,0.72
"4550",4550,"Wilfried Van Moer",1982,"Belgium",-0.5,-0.67,-0.23,-0.76,-0.57,-0.56,-0.77,-1.09,-0.02,-0.28,-0.73,-0.57,-0.65,-0.69,-0.93,-0.05,-1.65,-0.6625
"4551",4551,"Dirceu",1982,"Brazil",-0.5,-0.72,-0.23,-0.67,-1.38,-1.13,-0.77,-0.53,-0.46,-0.42,-0.73,-0.57,-0.65,-0.91,-0.93,-0.59,-1.66,-0.665
"4552",4552,"José Oscar Bernardi",1982,"Brazil",0.69,-0.41,-0.6,-0.34,-0.03,0.3,-0.77,-0.99,1.37,1.47,2.45,1.2,4.92,-0.02,-0.54,-0.78,-0.69,-0.515
"4553",4553,"Junior",1982,"Brazil",0.69,0.28,0.89,-0.25,2.02,1.51,0.8,2.44,1.3,2.96,0.13,-0.57,0.14,-0.24,1.01,2.73,3.95,1.41
"4554",4554,"Leandro",1982,"Brazil",-0.5,-0.11,2.37,0.17,1.3,0.42,0.8,0.77,2.45,0.17,0.23,-0.57,0.54,1.1,-0.16,1.79,1.19,1.09
"4555",4555,"Luis Carlos Ferreira",1982,"Brazil",-0.5,0.17,-0.6,0.08,0.9,0.27,-0.32,-0.25,0.6,2.13,0.71,0.34,2.13,0.43,-0.74,-0.76,0.02,-0.225
"4556",4556,"Paulo Isidoro",1982,"Brazil",-0.5,-0.26,0.14,0,-1,-1.02,-0.32,-0.07,-0.87,-0.38,-0.73,-0.57,-0.65,-0.91,-0.74,-0.21,-1.09,-0.3175
"4557",4557,"Paulo Roberto Falcão",1982,"Brazil",3.08,0.96,-0.23,1.09,2.37,0.53,0.35,2.06,2.2,2.23,-0.35,0.51,0.14,0.88,1.01,1.81,2.59,0.6775
"4558",4558,"Sérgio Chulapa",1982,"Brazil",1.89,3.56,-0.6,4.54,-0.48,-1.09,-0.1,-0.44,-0.62,-0.19,-0.73,-0.57,0.94,-0.02,-0.16,1.11,-1.53,-0.5575
"4559",4559,"Sócrates",1982,"Brazil",1.89,0.89,0.14,1.09,1.61,0.64,1.02,1.88,0.64,0.06,-0.35,1.16,0.94,-1.13,0.04,1.35,2.52,0.92
"4560",4560,"Toninho Cerezo",1982,"Brazil",-0.5,0.3,0.89,0.34,2.02,0.87,-0.54,0.3,1.09,0.71,-0.06,0.51,0.14,1.77,-0.35,1.31,1.17,0.38
"4561",4561,"Waldir Peres",1982,"Brazil",-0.5,-0.72,-0.6,-0.76,0.2,1.1,-0.77,-1.09,-1.01,-0.94,-0.73,-0.57,-0.25,-1.13,-0.74,-0.84,0.01,-0.34
"4562",4562,"Zico",1982,"Brazil",4.28,4.93,0.52,3.36,1.34,0.34,0.57,1.23,-1.01,-0.83,-0.64,-0.17,-0.65,0.43,0.81,2.34,1.57,0.665
"4563",4563,"Éder",1982,"Brazil",1.89,1.19,3.48,-0.08,0.94,1.62,0.35,2.99,0.74,1.32,-0.73,-0.57,-0.25,-0.46,0.23,2.32,4.61,2.11
"4564",4564,"Elie Onana",1982,"Cameroon",-0.5,-0.67,-0.6,-0.76,0.74,0.48,-0.77,-0.93,1.53,1.91,3.28,2,-0.65,-0.76,0.36,-0.55,-0.45,-0.455
"4565",4565,"Emmanuel Kunde",1982,"Cameroon",-0.5,1.06,-0.6,-0.06,1.43,0.54,-0.4,0.46,0.29,0.01,0.07,1.23,0.01,1.84,-0.28,0.31,1,0
"4566",4566,"Ephrem M'Bom",1982,"Cameroon",-0.5,-0.72,-0.6,-0.62,0.64,0.54,-0.4,-0.01,0.69,2.74,0.87,1.53,0.67,0.35,0.36,-0.48,0.53,-0.1175
"4567",4567,"Grégoire M'Bida",1982,"Cameroon",1.49,1.74,1.26,0.5,1.16,0.92,-0.4,0.15,-0.23,0.28,-0.25,1.14,-0.65,1.1,0.68,2.19,1.07,0.4825
"4568",4568,"Ibrahim Aoudou",1982,"Cameroon",-0.5,-0.38,-0.6,-0.2,0.67,-0.27,-0.4,-0.16,0.81,0.64,0.07,2.48,0.01,5.19,2.3,-0.05,-0.43,-0.3575
"4569",4569,"Jacques N'Guea",1982,"Cameroon",-0.5,-0.72,-0.6,-0.48,-1.01,-0.71,-0.77,-0.47,-0.75,-0.94,-0.73,-0.57,-0.65,0.73,-0.93,-0.84,-1.18,-0.6375
"4570",4570,"Jean Pierre Tokoto",1982,"Cameroon",-0.5,-0.55,-0.6,-0.48,-0.49,-0.71,-0.4,-0.31,-1.01,-0.46,-0.57,-0.57,-0.65,-0.39,-0.61,-0.38,-1.02,-0.505
"4571",4571,"Michel Kaham",1982,"Cameroon",-0.5,-0.46,-0.6,-0.76,0.99,1.49,-0.4,1.54,0.45,1.37,1.68,1.23,-0.65,0.35,-0.61,-0.51,3.03,0.5075
"4572",4572,"René N'Djeya",1982,"Cameroon",-0.5,-0.72,-0.6,-0.76,0.03,0.29,-0.77,-0.78,2.46,1.91,3.28,5.21,0.01,2.21,-0.61,-0.84,-0.49,-0.465
"4573",4573,"Roger Milla",1982,"Cameroon",-0.5,0.68,0.02,2.04,-0.42,-1.03,1.47,-0.01,-0.37,-0.05,-0.73,-0.57,-0.65,1.47,3.27,1.66,-1.04,0.1125
"4574",4574,"Thomas Nkono",1982,"Cameroon",-0.5,-0.72,-0.6,-0.76,1.46,3.25,-0.77,-1.09,-1.01,-0.94,-0.73,-0.57,-0.65,-1.13,-0.28,-0.68,2.16,0.1975
"4575",4575,"Théophile Abega",1982,"Cameroon",-0.5,0.13,1.26,0.64,0.57,0.23,1.47,0.61,-0.63,0.79,-0.57,-0.57,-0.65,1.47,0.68,1.1,0.84,0.8925
"4576",4576,"Carlos Caszely",1982,"Chile",-0.5,2.63,-0.6,0.78,-0.91,-1.09,0.35,0.15,-0.65,-0.94,-0.73,-0.57,-0.65,-0.76,0.04,1.36,-0.94,-0.2975
"4577",4577,"Eduardo Bonvallett",1982,"Chile",-0.5,-0.04,0.02,0.08,1.85,0.86,1.84,0.15,-0.43,3.51,-0.41,-0.57,-0.65,1.1,0.68,0.01,1.01,0.7175
"4578",4578,"Elias Figueroa",1982,"Chile",-0.5,-0.5,-0.6,0.08,0.25,-0.15,-0.77,-0.16,-0.29,1.1,2.64,2.9,1.34,-0.02,-0.61,-0.84,-0.31,-0.42
"4579",4579,"Gustavo Moscoso",1982,"Chile",1.49,0.51,1.88,0.36,0.84,0.29,4.44,3.24,-1.01,-0.4,-0.57,-0.57,-0.65,-0.02,0.36,3.21,3.53,2.4625
"4580",4580,"Juan Carlos Letelier",1982,"Chile",1.49,0.77,-0.6,0.64,-1.28,-1.09,0.35,-0.01,-0.53,-0.54,-0.73,-0.57,-0.65,0.73,-0.93,-0.08,-1.1,-0.3375
"4581",4581,"Lizardo Garrido",1982,"Chile",-0.5,-0.72,-0.6,-0.76,0.3,0.29,-0.02,-0.16,0.5,1.97,0.07,-0.57,0.01,0.73,-0.61,-0.84,0.13,-0.1225
"4582",4582,"Mario Galindo",1982,"Chile",-0.5,-0.63,-0.6,-0.34,-0.37,-0.4,0.35,0.15,0.89,1.3,-0.73,-0.57,-0.65,-0.02,-0.61,-0.84,-0.25,-0.125
"4583",4583,"Mario Osben",1982,"Chile",-0.5,-0.72,-0.6,-0.76,0.27,2.43,-0.77,-1.09,-1.01,-0.94,-0.41,-0.57,-0.65,-1.13,-0.28,-0.84,1.34,-0.00749999999999998
"4584",4584,"Mario Soto",1982,"Chile",-0.5,-0.72,-0.6,-0.34,-0.76,-0.71,-0.77,-0.78,-0.32,-0.94,-0.57,-0.57,0.01,-0.39,-0.93,-0.81,-1.49,-0.715
"4585",4585,"Miguel Angel Neira",1982,"Chile",1.49,4.16,0.02,0.5,2.07,0.67,-0.4,2.31,1.02,0.15,-0.73,-0.57,-0.65,-0.39,-0.28,1.33,2.98,0.65
"4586",4586,"Miguel Gamboa",1982,"Chile",-0.5,-0.17,-0.6,-0.48,-1.33,-1.22,0.35,-0.62,-0.65,-0.94,-0.73,-0.57,-0.65,0.35,0.36,-0.74,-1.84,-0.5225
"4587",4587,"Patricio Yanez",1982,"Chile",-0.5,0.22,0.64,1.62,-0.37,-0.97,2.21,1.23,-0.53,-0.94,-0.73,-0.57,-0.65,0.35,5.86,0.97,0.26,0.7775
"4588",4588,"Rene Valenzuela",1982,"Chile",-0.5,-0.34,0.02,-0.48,0.15,0.17,-0.77,-0.62,0.61,2.12,2.96,0.14,1.34,-0.02,-0.61,-0.58,-0.45,-0.3
"4589",4589,"Rodolfo Dubó",1982,"Chile",-0.5,-0.46,-0.6,0.36,2.12,0.92,0.35,0.92,2.64,3.41,-0.09,2.99,0.01,1.84,0.04,0.31,1.84,0.3975
"4590",4590,"Vladimir Bigorra",1982,"Chile",-0.5,-0.63,-0.6,-0.2,1.28,1.36,-0.02,0.46,2.44,-0.54,1.19,0.14,-0.65,0.73,-0.61,-0.41,1.82,0.3
"4591",4591,"Antonin Panenka",1982,"Czechoslovakia",3.48,6.62,0.64,-0.48,-0.42,-0.59,-0.02,2,-0.75,-0.7,-0.57,0.28,-0.65,-0.39,-0.93,0.08,1.41,0.5075
"4592",4592,"Frantisek Stambachr",1982,"Czechoslovakia",-0.5,-0.59,0.02,-0.2,-0.72,-0.34,1.09,-0.01,0.05,-0.94,-0.73,-0.57,-0.65,-0.76,0.68,-0.28,-0.35,0.19
"4593",4593,"Jan Berger",1982,"Czechoslovakia",-0.5,-0.67,-0.6,-0.76,1.21,-0.4,-0.4,2,0.68,0.76,-0.41,-0.57,-0.65,-0.39,-0.93,-0.38,1.6,0.15
"4594",4594,"Jan Fiala",1982,"Czechoslovakia",-0.5,-0.72,0.64,-0.76,0.79,1.23,-0.77,0.61,1.81,-0.08,-0.25,1.37,-0.65,0.35,0.36,-0.05,1.84,0.4275
"4595",4595,"Jozef Barmos",1982,"Czechoslovakia",-0.5,-0.59,0.02,-0.34,0.91,1.36,-0.4,0.15,1.97,0.37,0.55,-0.57,-0.65,-0.02,-0.28,-0.61,1.51,0.2825
"4596",4596,"Jozef Kukucka",1982,"Czechoslovakia",-0.5,-0.72,-0.6,-0.76,-0.79,-0.46,-0.02,-0.62,-0.23,0.03,-0.25,1.14,0.01,0.35,-0.28,-0.84,-1.08,-0.425
"4597",4597,"Karel Stromsik",1982,"Czechoslovakia",-0.5,-0.72,-0.6,-0.76,-1.04,-0.34,-0.77,-1.09,-1.01,-0.94,-0.73,-0.57,-0.65,-1.13,-0.61,-0.84,-1.43,-0.7
"4598",4598,"Ladislav Jurkemik",1982,"Czechoslovakia",-0.5,-0.12,-0.6,-0.76,-0.2,-0.21,-0.77,-0.62,-0.42,1.01,1.35,0.28,0.67,-0.02,-0.61,-0.84,-0.83,-0.55
"4599",4599,"Ladislav Vizek",1982,"Czechoslovakia",-0.5,0.13,0.02,1.76,0.32,-0.02,2.96,1.39,0.52,-0.7,-0.57,-0.57,0.01,0.35,2.62,0.77,1.37,1.0875
"4600",4600,"Libor Radimec",1982,"Czechoslovakia",-0.5,-0.34,-0.6,-0.34,0.64,0.1,0.35,0.15,-0.66,0.06,0.87,-0.57,0.01,-0.39,-0.61,-0.02,0.25,0
"4601",4601,"Marian Masny",1982,"Czechoslovakia",-0.5,-0.72,0.02,-0.2,-1.28,-1.03,-0.4,-0.62,-0.66,-0.94,-0.73,-0.57,-0.65,-1.13,-0.93,-0.05,-1.65,-0.5075
"4602",4602,"Pavel Chaloupka",1982,"Czechoslovakia",-0.5,-0.46,-0.6,-0.2,-1.01,-1.15,-0.77,-0.62,-1.01,-0.63,-0.25,-0.57,0.67,-0.39,0.36,-0.61,-1.77,-0.785
"4603",4603,"Petr Janecka",1982,"Czechoslovakia",-0.5,-0.38,-0.6,-0.2,-0.67,-0.46,-0.02,-0.16,0,-0.94,-0.57,-0.57,0.01,-0.39,-0.28,-0.28,-0.62,-0.31
"4604",4604,"Premysl Bicovsky",1982,"Czechoslovakia",-0.5,0.56,0.02,0.22,-0.52,-0.71,-0.77,-0.16,0.05,-0.37,-0.25,0.6,-0.65,0.73,0.04,-0.45,-0.87,-0.405
"4605",4605,"Rostislav Vojacek",1982,"Czechoslovakia",-0.5,0.3,-0.6,0.08,-0.37,-0.4,-0.77,-0.78,1.03,0.68,2.64,-0.57,0.67,1.1,-0.28,-0.84,-1.18,-0.6375
"4606",4606,"Stanislav Seman",1982,"Czechoslovakia",-0.5,-0.72,-0.6,-0.76,-1.06,-0.71,-0.77,-1.09,-1.01,-0.94,-0.57,-0.57,-0.65,-1.13,-0.93,-0.84,-1.8,-0.7925
"4607",4607,"Tomás Kríz",1982,"Czechoslovakia",-0.5,-0.59,-0.6,-0.34,-1.04,-1.03,1.47,0.3,-0.23,-0.7,-0.73,-0.57,-0.65,-0.76,0.04,-0.51,-0.73,0.035
"4608",4608,"Zdenek Hruska",1982,"Czechoslovakia",-0.5,-0.72,-0.6,-0.76,-0.99,-0.4,-0.77,-1.09,-1.01,-0.7,-0.73,-0.57,-0.65,-1.13,-0.93,-0.84,-1.49,-0.715
"4609",4609,"Zdenek Nehoda",1982,"Czechoslovakia",-0.5,0.98,-0.6,0.64,0.62,-0.15,-0.4,0.77,-0.07,-0.3,-0.57,-0.57,-0.65,-1.13,2.3,-0.08,0.62,-0.095
"4610",4610,"Carlos Recinos",1982,"El Salvador",-0.5,-0.72,-0.6,-0.76,1.04,1.17,-0.77,0.15,-0.01,0.56,1.68,4.18,0.01,-0.02,0.04,-0.84,1.32,-0.0125
"4611",4611,"Ever Hernandez",1982,"El Salvador",-0.5,-0.59,0.64,-0.76,-1.04,-0.97,0.35,-0.78,-0.76,-0.47,-0.73,-0.57,-0.65,-1.13,-0.61,0.21,-1.75,-0.19
"4612",4612,"Francisco Osorto",1982,"El Salvador",-0.5,-0.72,-0.6,-0.76,-1.11,-0.4,-0.4,-1.09,-0.51,-0.3,-0.25,-0.57,-0.65,0.35,-0.93,-0.84,-1.49,-0.6225
"4613",4613,"Jaime Rodríguez",1982,"El Salvador",-0.5,-0.63,-0.6,-0.34,0.22,0.04,-0.77,-0.62,0.65,1.17,4.25,2.23,0.01,4.08,-0.93,-0.84,-0.58,-0.4875
"4614",4614,"Joaquín Ventura",1982,"El Salvador",-0.5,-0.72,-0.6,-0.48,-0.3,-0.4,0.72,-0.78,0.63,0.22,0.07,-0.57,-0.65,2.21,-0.61,-0.84,-1.18,-0.265
"4615",4615,"Jorge González",1982,"El Salvador",-0.5,1.49,0.64,0.64,0.05,-0.34,4.44,0.77,-0.32,-0.3,-0.73,-0.57,-0.65,-0.76,1.98,1,0.43,1.3775
"4616",4616,"Jose Maria Rivas",1982,"El Salvador",-0.5,-0.25,-0.6,-0.06,0.47,-0.46,-0.77,-0.01,-0.32,-0.8,0.07,0.57,0.67,0.73,0.36,-0.84,-0.47,-0.46
"4617",4617,"José Huezo",1982,"El Salvador",-0.5,-0.12,0.02,-0.06,1.58,0.04,1.47,-0.31,-0.54,-0.3,-0.41,-0.57,-0.65,-0.39,0.68,-0.61,-0.27,0.305
"4618",4618,"José Jovel",1982,"El Salvador",-0.5,-0.72,-0.6,-0.76,0.35,0.42,-0.4,-0.78,-0.1,0.36,3.6,2.53,0.01,-0.76,-0.93,-0.84,-0.36,-0.34
"4619",4619,"José Rugamas",1982,"El Salvador",-0.5,-0.29,-0.6,-0.48,-0.62,-0.84,-0.4,-0.93,-0.28,-0.5,-0.09,-0.05,-0.65,-0.02,-0.93,-0.84,-1.77,-0.6925
"4620",4620,"Luis Guevara Mora",1982,"El Salvador",-0.5,-0.72,-0.6,-0.76,0.59,0.54,-0.77,-1.09,-1.01,-0.94,-0.57,-0.57,-0.65,-1.13,-0.93,-0.84,-0.55,-0.48
"4621",4621,"Luis Ramirez",1982,"El Salvador",1.49,0.73,0.64,-0.34,0.47,-0.15,1.47,1.23,0.06,0.54,-0.57,-0.57,-0.65,0.35,0.04,-0.25,1.08,0.7975
"4622",4622,"Mario Castillo",1982,"El Salvador",-0.5,-0.72,-0.6,-0.76,-1.18,-0.71,-0.77,-0.78,-1.01,-0.47,-0.57,-0.57,-0.65,-1.13,-0.61,-0.84,-1.49,-0.715
"4623",4623,"Miguel Diaz",1982,"El Salvador",-0.5,-0.59,-0.6,-0.48,-1.26,-1.09,-0.4,-0.93,-0.85,-0.3,-0.25,-0.57,-0.65,-0.39,-0.61,-0.81,-2.02,-0.755
"4624",4624,"Ramon Fagoaga",1982,"El Salvador",-0.5,-0.72,-0.6,-0.76,-0.67,-0.9,-0.4,-0.93,-0.32,0.03,0.71,0.57,0.67,0.35,-0.93,-0.84,-1.83,-0.7075
"4625",4625,"Bryan Robson",1982,"England",1.89,1.6,0.14,1.93,-0.11,-0.45,-0.54,-0.25,0.43,-0.16,-0.64,0.36,0.54,2.21,0.04,0.15,-0.7,-0.275
"4626",4626,"Glenn Hoddle",1982,"England",-0.5,-0.11,-0.6,-0.25,-0.74,-0.64,-0.77,-0.72,-0.49,-0.45,-0.45,-0.57,-0.65,-0.91,-0.93,0.24,-1.36,-0.6825
"4627",4627,"Graham Rix",1982,"England",-0.5,-0.23,5.34,0,0.59,1.1,0.35,1.6,-0.09,1.24,-0.35,0,-0.65,0.88,-0.35,2.85,2.7,2.0975
"4628",4628,"Kenny Sansom",1982,"England",-0.5,-0.59,0.52,-0.42,0.63,1.1,-0.54,0.58,1.18,1.19,0.33,-0.57,0.14,-0.02,0.04,0.66,1.68,0.415
"4629",4629,"Mick Mills",1982,"England",-0.5,-0.62,0.89,-0.67,1.17,1.7,-0.54,0.77,-0.12,-0.19,0.52,0.33,0.14,-0.46,-0.35,0.44,2.47,0.705
"4630",4630,"Paul Mariner",1982,"England",0.69,1.42,-0.23,6.05,-0.21,-0.9,-0.1,-0.62,-0.36,-0.84,-0.25,0,4.12,1.99,0.62,1.29,-1.52,-0.4625
"4631",4631,"Peter Shilton",1982,"England",-0.5,-0.72,-0.6,-0.76,-0.03,1.4,-0.77,-1.09,-1.01,-0.94,-0.73,-0.57,-0.65,-1.13,-0.54,-0.84,0.31,-0.265
"4632",4632,"Phil Neal",1982,"England",-0.5,-0.72,-0.23,-0.76,-1.17,-0.75,-0.54,-0.9,-0.66,-0.62,-0.64,-0.57,-0.25,-0.02,-0.74,-0.27,-1.65,-0.605
"4633",4633,"Phil Thompson",1982,"England",-0.5,-0.64,-0.6,-0.76,0.85,0.61,-0.77,-0.44,0.17,0.26,0.62,0.94,1.73,0.21,-0.74,-0.84,0.17,-0.3
"4634",4634,"Ray Wilkins",1982,"England",-0.5,0.17,1.26,-0.34,2.16,1.4,-0.1,1.05,0.33,0.65,-0.45,0,-0.25,1.55,-0.54,1.17,2.45,0.9025
"4635",4635,"Steve Coppell",1982,"England",-0.5,-0.16,3.48,-0.25,-0.08,0.45,0.57,0.95,0.26,0.49,-0.54,-0.57,-0.65,-0.69,0.04,1.45,1.4,1.3625
"4636",4636,"Steve Foster",1982,"England",-0.5,-0.72,-0.6,-0.76,-1.29,-0.98,-0.77,-1.09,-0.83,-0.45,-0.06,0,-0.25,-0.24,-0.93,-0.84,-2.07,-0.86
"4637",4637,"Terry Butcher",1982,"England",-0.5,-0.51,-0.6,0.08,-0.05,-0.04,-0.77,-0.07,0.91,1.05,1.19,-0.57,3.33,1.1,-0.35,-0.19,-0.11,-0.37
"4638",4638,"Tony Woodcock",1982,"England",-0.5,-0.49,-0.6,-0.5,-1.49,-1.24,-0.54,-0.99,-1.01,-0.94,-0.73,-0.57,-0.65,-0.69,-0.54,-0.64,-2.23,-0.8425
"4639",4639,"Trevor Francis",1982,"England",1.89,2.44,1.63,3.61,-0.4,-0.49,0.57,1.14,-0.79,0.48,-0.64,0.22,0.54,-0.02,1.2,0.72,0.65,0.7125
"4640",4640,"Alain Couriol",1982,"France",0.31,-0.28,0.16,-0.3,-1.25,-0.95,-0.46,-0.77,-0.9,-0.12,-0.67,-0.57,-0.65,-1.13,-0.93,-0.42,-1.72,-0.505
"4641",4641,"Alain Giresse",1982,"France",1.94,1.04,1.68,0.22,1.17,0.93,1.52,1.57,-0.29,-0.31,-0.6,-0.57,-0.38,-0.37,0.39,2.22,2.5,1.425
"4642",4642,"Bernard Genghini",1982,"France",1.13,0.24,-0.35,-0.24,0.5,0.08,0.15,0.43,0.26,0.29,-0.54,-0.57,-0.65,-0.07,0.13,-0.44,0.51,0.0775
"4643",4643,"Bernard Lacombe",1982,"France",-0.5,-0.02,-0.6,-0.47,-1.22,-1.1,-0.46,-0.77,-0.85,-0.79,-0.73,-0.05,0.16,-1.13,-0.8,-0.13,-1.87,-0.7325
"4644",4644,"Bruno Bellone",1982,"France",-0.5,-0.49,-0.35,-0.53,-1.32,-0.89,-0.46,-0.83,-0.78,-0.73,-0.67,-0.57,-0.65,-0.83,-0.4,-0.29,-1.72,-0.6325
"4645",4645,"Christian Lopez",1982,"France",-0.5,-0.49,-0.35,-0.47,-0.92,-0.82,-0.62,-0.83,-0.6,-0.61,-0.21,-0.57,-0.11,-0.37,-0.93,-0.84,-1.65,-0.655
"4646",4646,"Didier Six",1982,"France",1.13,1.14,0.41,0.85,-0.66,-0.59,0.76,0.18,-0.28,-0.32,-0.54,-0.57,0.43,0.39,-0.53,0.36,-0.41,0.19
"4647",4647,"Dominique Rocheteau",1982,"France",1.13,0.86,0.16,1.36,-0.83,-0.92,0.15,0.18,0.16,-0.94,-0.73,-0.57,-0.11,-0.07,0.92,0.69,-0.74,-0.1075
"4648",4648,"Gerard Soler",1982,"France",0.31,0.81,1.17,1.08,-0.82,-0.71,0.76,0.18,-0.65,-0.84,-0.54,-0.57,-0.38,1,0.92,1.04,-0.53,0.35
"4649",4649,"Gérard Janvion",1982,"France",-0.5,-0.72,-0.6,-0.64,-0.06,-0.43,-0.62,-1.02,0.6,1.09,1.24,0.59,0.43,0.24,-0.14,-0.84,-1.45,-0.6675
"4650",4650,"Jean Castaneda",1982,"France",-0.5,-0.72,-0.6,-0.76,-1.41,-0.89,-0.77,-1.09,-1.01,-0.94,-0.73,-0.57,-0.65,-1.13,-0.8,-0.84,-1.98,-0.8375
"4651",4651,"Jean Tigana",1982,"France",-0.5,-0.27,0.41,0.05,0.64,0.08,3.04,1.69,0.02,1.64,-0.21,0.85,-0.11,-0.68,-0.01,1.23,1.77,1.305
"4652",4652,"Jean-Francois Larios",1982,"France",-0.5,-0.47,-0.35,-0.64,-0.3,-0.51,-0.31,-0.33,-0.38,-0.44,-0.47,-0.57,-0.65,-0.83,-0.4,-0.64,-0.84,-0.375
"4653",4653,"Jean-Luc Ettori",1982,"France",-0.5,-0.72,-0.6,-0.76,0.27,1.73,-0.77,-1.09,-1.01,-0.94,-0.54,-0.57,-0.38,-1.13,-0.4,-0.84,0.64,-0.1825
"4654",4654,"Manuel Amoros",1982,"France",-0.5,-0.47,0.16,-0.53,0.44,0.73,-0.01,0.56,2.07,1.01,0.12,0.81,0.43,1.76,0.66,-0.3,1.29,0.36
"4655",4655,"Marius Trésor",1982,"France",0.31,-0.4,-0.6,-0.18,0.95,0.7,0.15,0.18,-0.14,0.21,1.83,3.32,0.98,-0.22,-0.4,-0.63,0.88,0.1075
"4656",4656,"Maxime Bossis",1982,"France",0.31,-0.27,-0.09,-0.01,0.81,0.39,-0.01,0.05,1.67,0.19,1.04,0.43,0.98,0.39,-0.01,-0.16,0.44,0.085
"4657",4657,"Michel Platini",1982,"France",1.13,2.23,-0.6,0.79,0.7,0.06,1.21,0.75,0.38,-0.41,-0.47,-0.22,0.16,1,1.84,0.81,0.81,0.355
"4658",4658,"Patrick Battiston",1982,"France",-0.5,-0.35,-0.6,-0.58,-0.71,-0.59,-0.77,-0.71,-0.05,-0.38,-0.01,-0.57,-0.11,-0.68,-0.8,-0.75,-1.3,-0.6675
"4659",4659,"Phillipe Mahut",1982,"France",-0.5,-0.72,-0.6,-0.76,-1.32,-1.15,-0.77,-1.02,-0.34,-0.94,-0.27,-0.57,0.7,-0.98,-0.8,-0.84,-2.17,-0.885
"4660",4660,"Rene Girard",1982,"France",0.31,-0.56,-0.35,-0.53,-0.44,-0.66,-0.46,-0.9,-0.38,-0.17,-0.6,-0.57,0.16,-0.68,-0.8,-0.61,-1.56,-0.5925
"4661",4661,"Anthony Costly",1982,"Honduras",-0.5,-0.46,-0.6,-0.62,-0.49,-0.59,-0.4,-0.01,0.08,1.23,4.25,1.71,0.67,-1.13,0.36,-0.58,-0.6,-0.4
"4662",4662,"Cesar Gutierrez",1982,"Honduras",-0.5,-0.67,-0.6,-0.76,-0.27,-0.21,-0.77,-0.62,0.25,-0.35,1.68,0.3,2.66,0.73,-0.28,-0.84,-0.83,-0.55
"4663",4663,"Domingo Drummond",1982,"Honduras",-0.5,-0.72,-0.6,-0.76,-0.89,-0.21,-0.77,-0.78,0.19,-0.49,0.87,-0.57,0.67,-0.76,-0.61,-0.84,-0.99,-0.59
"4664",4664,"Eduardo Antonio Laing",1982,"Honduras",1.49,-0.29,-0.6,-0.2,-1.11,-0.97,-0.02,0.3,-0.74,-0.49,-0.73,-0.57,0.01,-1.13,-0.93,-0.61,-0.67,-0.3225
"4665",4665,"Fernando Bulnes",1982,"Honduras",-0.5,-0.72,-0.6,-0.76,-0.34,-0.21,-0.77,-0.78,0.81,0.48,0.39,-0.57,-0.65,1.1,-0.61,-0.84,-0.99,-0.59
"4666",4666,"Gilberto Yearwood",1982,"Honduras",-0.5,0.64,-0.6,-0.48,1.88,1.05,2.96,1.08,-0.17,1.71,0.07,0.65,0.67,0.35,-0.28,0.18,2.13,1.1225
"4667",4667,"Hector Zelaya",1982,"Honduras",1.49,-0.34,-0.6,-0.62,0.79,-0.34,1.84,-0.16,1.03,0.52,1.52,0.12,-0.65,-0.76,-0.28,-0.15,-0.5,0.185
"4668",4668,"Jaime Villegas",1982,"Honduras",-0.5,-0.72,-0.6,-0.76,-0.64,-1.03,-0.77,-0.93,-0.16,0.9,3.12,0.3,1.34,1.47,-0.93,-0.84,-1.96,-0.8325
"4669",4669,"Jose Cruz",1982,"Honduras",-0.5,-0.67,-0.6,-0.48,-0.76,-0.53,-0.4,-1.09,0.57,-0.2,-0.25,-0.57,0.01,-1.13,-0.61,-0.74,-1.62,-0.655
"4670",4670,"José Roberto Figueroa",1982,"Honduras",-0.5,1.02,1.88,0.22,-0.1,-0.71,0.35,0.77,-0.38,-0.39,-0.41,-0.57,0.01,-0.39,0.04,0.84,0.0600000000000001,0.5725
"4671",4671,"Juan Alberto Cruz",1982,"Honduras",-0.5,-0.72,-0.6,-0.76,-0.89,-0.97,-0.4,-0.62,-0.77,-0.27,-0.41,-0.57,-0.65,-0.39,-0.93,-0.32,-1.59,-0.6475
"4672",4672,"Julio César Arzú",1982,"Honduras",-0.5,-0.72,-0.6,-0.76,0.59,1.74,-0.77,-1.09,-1.01,-0.94,-0.41,-0.57,0.67,-1.13,-0.93,-0.84,0.65,-0.18
"4673",4673,"Porfirio Betancourt",1982,"Honduras",-0.5,0.98,-0.6,0.92,-0.2,-0.84,2.21,-0.01,-0.27,-0.39,-0.41,-0.57,0.67,-0.02,3.27,0.54,-0.85,0.19
"4674",4674,"Prudencio Norales",1982,"Honduras",-0.5,-0.72,-0.6,-0.48,-0.86,-0.78,-0.77,-0.62,-0.48,-0.75,-0.73,-0.57,-0.65,-0.39,-0.93,-0.32,-1.4,-0.6925
"4675",4675,"Ramón Maradiaga",1982,"Honduras",-0.5,-0.72,-0.6,-0.76,1.85,0.79,-0.02,0.61,0.57,1.82,-0.09,-0.57,-0.65,-0.02,0.04,0.05,1.4,0.195
"4676",4676,"András Törõcsik",1982,"Hungary",-0.5,0.56,-0.6,1.2,-0.69,-0.71,-0.02,0.15,-1.01,-0.94,-0.73,-0.57,-0.65,-0.76,1.33,-0.35,-0.56,-0.295
"4677",4677,"Attila Kerekes",1982,"Hungary",-0.5,-0.59,-0.6,-0.76,-1.11,-0.97,-0.77,-0.93,-1.01,-0.44,0.71,0.32,-0.65,-0.76,-0.93,-0.84,-1.9,-0.8175
"4678",4678,"Ferenc Meszaros",1982,"Hungary",-0.5,-0.72,-0.6,-0.76,0.44,2.18,-0.77,-1.09,-1.01,-0.94,-0.57,-0.57,-0.65,-1.13,-0.61,-0.68,1.09,-0.07
"4679",4679,"Gyözö Martos",1982,"Hungary",-0.5,-0.72,1.88,-0.76,1.09,1.61,-0.77,0.3,0.84,-0.09,0.07,-0.57,0.01,0.35,-0.28,0.57,1.91,0.755
"4680",4680,"Gábor Pölöskei",1982,"Hungary",3.48,0.26,0.64,0.64,-0.15,-0.46,1.84,1.39,0.04,-0.35,-0.25,-0.57,-0.65,-0.39,-0.28,1,0.93,0.8525
"4681",4681,"Imre Garaba",1982,"Hungary",-0.5,-0.12,-0.6,-0.48,0.62,-0.02,-0.4,-0.16,0.99,0.06,1.03,1.21,-0.65,2.21,-0.28,-0.68,-0.18,-0.295
"4682",4682,"Jozsef Varga",1982,"Hungary",1.49,-0.25,-0.6,-0.62,-0.2,-0.02,-0.4,-0.31,-0.61,-0.44,0.39,-0.57,2,-0.39,-0.28,-0.84,-0.33,-0.3325
"4683",4683,"József Tóth",1982,"Hungary",1.49,-0.46,0.64,-0.2,0.4,1.05,-0.02,1.23,-0.75,-0.02,-0.57,0.28,-0.65,-0.76,-0.61,0.77,2.28,0.725
"4684",4684,"Laszlo Bálint",1982,"Hungary",-0.5,-0.72,-0.6,-0.76,0.03,-0.53,-0.77,-0.62,-0.52,-0.82,0.55,0.63,-0.65,-1.13,-0.61,-0.84,-1.15,-0.63
"4685",4685,"Laszlo Kiss",1982,"Hungary",5.47,0.85,0.64,1.34,-1.09,-1.09,0.35,-0.16,-1.01,-0.94,-0.73,-0.57,0.01,-1.13,1.33,-0.02,-1.25,-0.065
"4686",4686,"Lazar Szentes",1982,"Hungary",1.49,0.47,-0.6,-0.2,-1.53,-1.28,-0.77,-1.09,-1.01,-0.7,-0.73,-0.57,-0.65,-1.13,-0.93,-0.84,-2.37,-0.935
"4687",4687,"László Fazekas",1982,"Hungary",3.48,0.3,3.11,0.64,-0.32,0.23,0.72,0.46,-1.01,-0.26,-0.73,-0.57,-0.65,-0.02,1.65,2.45,0.69,1.13
"4688",4688,"Sándor Müller",1982,"Hungary",-0.5,-0.72,0.02,-0.34,-0.34,-0.34,0.72,0.15,-0.47,-0.6,0.23,-0.57,-0.65,-0.02,-0.93,-0.28,-0.19,0.1375
"4689",4689,"Sándor Sallai",1982,"Hungary",-0.5,-0.55,-0.6,-0.62,-0.17,-0.21,-0.77,-0.01,0.2,1.29,-0.25,-0.57,-0.65,1.1,0.36,-0.71,-0.22,-0.3975
"4690",4690,"Tibor Nyilasi",1982,"Hungary",3.48,1.87,0.02,1.76,0.2,-0.21,2.21,1.23,-0.39,-0.33,0.07,-0.57,0.67,-0.39,0.36,0.57,1.02,0.8125
"4691",4691,"Tibor Rab",1982,"Hungary",-0.5,-0.72,-0.6,-0.76,-0.74,-0.97,-0.77,-1.09,-0.88,-0.58,-0.73,-0.57,-0.65,-0.76,-0.61,-0.81,-2.06,-0.8575
"4692",4692,"Alessandro Altobelli",1982,"Italy",0.35,-0.28,-0.33,-0.58,-1.47,-1.17,-0.77,-0.82,-0.84,-0.94,-0.73,-0.57,-0.65,-0.66,-0.65,-0.76,-1.99,-0.7725
"4693",4693,"Antonio Cabrini",1982,"Italy",0.35,1.36,1.26,-0.1,0.86,1.39,0.35,0.11,0.57,0.21,0.78,0.68,-0.08,0.94,1.28,0.27,1.5,0.7775
"4694",4694,"Bruno Conti",1982,"Italy",0.35,0.34,2.05,0.2,0.5,0.55,1.31,0.83,0.72,-0.23,-0.39,0.65,-0.65,1.26,1.28,1.35,1.38,1.185
"4695",4695,"Claudio Gentile",1982,"Italy",-0.5,-0.39,0.2,-0.34,0.26,0.98,-0.13,-0.49,1.14,0.25,0.51,0.06,0.2,2.69,0.18,-0.28,0.49,0.14
"4696",4696,"Dino Zoff",1982,"Italy",-0.5,-0.72,-0.6,-0.76,0.27,1.47,-0.77,-1.02,-1.01,-0.94,-0.67,-0.57,-0.08,-1.13,-0.93,-0.76,0.45,-0.23
"4697",4697,"Francesco Graziani",1982,"Italy",0.35,0.68,0.2,2.06,-0.49,-0.69,0.35,0.11,-0.65,-0.68,-0.53,-0.19,1.34,0.14,1.01,0.08,-0.58,-0.00749999999999999
"4698",4698,"Franco Causio",1982,"Italy",-0.5,-0.72,-0.6,-0.4,-1.56,-1.25,-0.77,-1.02,-0.81,-0.94,-0.73,-0.57,-0.65,-1.13,-0.79,-0.81,-2.27,-0.91
"4699",4699,"Fulvio Collovati",1982,"Italy",-0.5,-0.57,-0.33,-0.28,-0.29,-0.15,-0.13,-0.76,0.23,1.32,1.88,-0.19,2.47,1.58,0.45,-0.81,-0.91,-0.3425
"4700",4700,"Gabriele Oriali",1982,"Italy",-0.5,-0.5,-0.6,-0.52,-0.1,-0.2,-0.13,0.77,-0.07,-0.2,-0.25,-0.1,-0.37,0.62,2.12,-0.67,0.57,-0.04
"4701",4701,"Gaetano Scirea",1982,"Italy",-0.5,-0.5,-0.6,-0.28,0.96,0.74,-0.13,0.04,0.13,-0.25,1.88,3.15,0.2,-0.34,-0.24,-0.52,0.78,0.0125
"4702",4702,"Giampiero Marini",1982,"Italy",-0.5,-0.44,-0.6,-0.7,-0.94,-0.85,-0.45,-0.82,-0.24,-0.65,-0.6,-0.57,-0.37,0.62,-0.65,-0.63,-1.67,-0.68
"4703",4703,"Giancarlo Antognoni",1982,"Italy",-0.5,0.5,1.79,-0.34,0.05,0.12,0.19,0.57,-0.35,-0.16,-0.39,1.26,-0.37,-0.02,0.59,0.82,0.69,0.6675
"4704",4704,"Giuseppe Bergomi",1982,"Italy",-0.5,-0.68,-0.6,-0.64,-1.3,-0.96,-0.61,-0.95,-0.5,-0.37,0.57,-0.57,-0.37,-0.82,-0.93,-0.77,-1.91,-0.78
"4705",4705,"Marco Tardelli",1982,"Italy",1.2,0.34,0.2,-0.22,1.04,0.52,1.31,-0.16,0.24,0.95,0.02,1.09,-0.08,-0.02,1.01,0.51,0.36,0.4675
"4706",4706,"Paolo Rossi",1982,"Italy",4.62,2.3,-0.07,1.4,-0.28,-0.8,0.67,0.24,-0.73,-0.77,-0.73,-0.29,-0.37,-0.02,1.84,0.51,-0.56,0.00999999999999998
"4707",4707,"Abdul Al Anbari",1982,"Kuwait",-0.5,-0.04,0.64,-0.2,0.03,-0.27,0.35,0.46,1.1,-0.3,-0.57,-0.57,-0.65,-0.39,-0.28,0.94,0.19,0.295
"4708",4708,"Abdullah Al Buloushi",1982,"Kuwait",1.49,0.39,1.26,0.08,0.59,-0.09,0.35,0.77,0.13,0.49,-0.25,-0.57,0.01,0.73,-0.28,0.01,0.68,0.5725
"4709",4709,"Abdullah Ma'Yoof",1982,"Kuwait",-0.5,-0.72,-0.6,-0.76,2.42,1.49,-0.77,4.01,1.26,0.65,0.87,0.51,-0.65,0.73,-0.28,-0.71,5.5,1.0325
"4710",4710,"Ahmad Al Tarabolsi",1982,"Kuwait",-0.5,-0.72,-0.6,-0.76,0.44,1.05,-0.77,-1.09,-1.01,-0.94,-0.57,-0.57,-0.65,-1.13,-0.28,-0.68,-0.04,-0.3525
"4711",4711,"Faisal Al Dakheel",1982,"Kuwait",1.49,2.29,-0.6,-0.06,0.12,-0.65,1.47,1.08,-0.65,-0.94,-0.57,-0.57,-0.65,0.73,2.3,0.01,0.43,0.325
"4712",4712,"Fathi Marzouq",1982,"Kuwait",-0.5,0.68,-0.6,0.78,-1.11,-1.15,1.84,-0.62,-0.65,-0.94,-0.57,-0.57,-0.65,-1.13,1.33,0.01,-1.77,-0.1325
"4713",4713,"Humoud Al Shemmari",1982,"Kuwait",-0.5,-0.63,-0.6,-0.76,-1.5,-1.22,-0.77,-1.09,-0.68,-0.73,-0.73,-0.57,-0.65,-1.13,-0.61,-0.84,-2.31,-0.92
"4714",4714,"Jasem Sultan",1982,"Kuwait",-0.5,0.3,0.02,2.04,-1.43,-1.09,-0.77,-1.09,-1.01,-0.61,-0.73,-0.57,-0.65,-1.13,-0.61,-0.08,-2.18,-0.7325
"4715",4715,"Mahboud Mubarak",1982,"Kuwait",-0.5,-0.55,-0.6,-0.62,2.02,0.92,-0.02,1.23,1.91,0.89,1.19,1.26,0.01,-0.39,-0.61,-0.45,2.15,0.3825
"4716",4716,"Mohammad Karam Ahmed",1982,"Kuwait",-0.5,-0.72,-0.6,-0.76,-0.69,-0.97,-0.77,-0.16,-0.65,-0.06,-0.41,-0.57,-0.65,-0.02,-0.93,-0.84,-1.13,-0.625
"4717",4717,"Naeem Fajah Mubarak",1982,"Kuwait",-0.5,-0.55,0.64,-0.76,1.06,0.73,-0.02,1.85,0.71,0.68,0.71,0.51,-0.65,-0.02,0.36,-0.35,2.58,0.8
"4718",4718,"Saed Al Houti",1982,"Kuwait",-0.5,-0.63,0.02,-0.62,1.53,-0.09,1.09,0.15,3.36,2.02,0.23,-0.57,0.01,0.73,-0.61,0.05,0.06,0.2925
"4719",4719,"Waleed Al-Jasem Mubarak",1982,"Kuwait",-0.5,-0.72,0.02,-0.76,0.49,0.23,-0.77,-0.01,-0.1,2.82,1.03,1.68,0.01,-0.39,-0.28,-0.38,0.22,-0.1325
"4720",4720,"Yousef Faraj Al Suwaayed",1982,"Kuwait",-0.5,-0.72,-0.6,-0.76,-0.76,-0.59,1.09,-0.31,-0.68,-0.64,-0.73,-0.57,0.01,-1.13,-0.28,-0.78,-0.9,-0.1025
"4721",4721,"Adrian Elrick",1982,"New Zealand",-0.5,-0.72,-0.6,-0.2,-0.12,-0.46,-0.77,-0.93,0,0.02,1.68,1.28,0.67,-1.13,-0.28,-0.81,-1.39,-0.69
"4722",4722,"Allan Boath",1982,"New Zealand",-0.5,-0.5,0.64,-0.2,-0.05,-0.09,-0.4,-0.47,-0.24,-0.15,0.39,-0.33,2,1.47,-0.61,0.28,-0.56,-0.08
"4723",4723,"Duncan Cole",1982,"New Zealand",-0.5,-0.59,0.02,-0.76,-0.91,-0.4,-0.77,-1.09,-0.55,-0.8,-0.09,0.44,0.67,-0.76,-0.93,-0.45,-1.49,-0.56
"4724",4724,"Frank van Hattum",1982,"New Zealand",-0.5,-0.72,-0.6,-0.76,0.1,1.61,-0.77,-1.09,-1.01,-0.94,-0.73,-0.57,-0.65,-0.76,-0.28,-0.84,0.52,-0.2125
"4725",4725,"Glen Dods",1982,"New Zealand",-0.5,-0.72,0.02,-0.76,-0.49,0.04,-0.02,-0.62,-0.56,-0.31,0.55,-0.33,-0.65,-0.02,-0.93,-0.02,-0.58,-0.145
"4726",4726,"John Hill",1982,"New Zealand",-0.5,-0.72,0.02,-0.76,-1.11,-0.71,-0.77,-1.09,-0.65,-0.94,0.23,-0.57,-0.65,-0.76,-0.93,-0.55,-1.8,-0.6375
"4727",4727,"Keith MacKay",1982,"New Zealand",-0.5,-0.72,0.02,-0.06,0.07,0.04,-0.02,-0.01,-0.56,-0.57,-0.09,-0.07,-0.65,-0.76,0.36,0.05,0.03,0.0075
"4728",4728,"Kenny Cresswell",1982,"New Zealand",-0.5,0.68,0.02,0.5,0.07,0.23,-0.4,-0.01,-0.26,-0.06,0.39,0.55,-0.65,0.73,1.01,-0.78,0.22,-0.04
"4729",4729,"Ricki Herbert",1982,"New Zealand",-0.5,-0.72,-0.6,-0.76,-0.76,-0.84,-0.4,-0.78,-0.85,-0.67,0.71,-0.57,2,-1.13,-0.93,-0.84,-1.62,-0.655
"4730",4730,"Robert Almond",1982,"New Zealand",-0.5,-0.72,-0.6,-0.76,-0.74,-0.59,-0.77,-1.09,-0.69,-0.94,2.48,0.59,-0.65,-0.39,-0.61,-0.84,-1.68,-0.7625
"4731",4731,"Sam Malcolmson",1982,"New Zealand",-0.5,-0.72,-0.6,-0.76,-1.55,-1.15,-0.77,-1.09,-0.65,-0.86,-0.25,-0.57,-0.65,-0.02,-0.93,-0.61,-2.24,-0.9025
"4732",4732,"Steve Sumner",1982,"New Zealand",1.49,2,-0.6,0.08,0.67,-0.09,-0.77,-0.31,-0.92,-0.69,-0.09,-0.57,0.01,-0.39,-0.28,0.21,-0.4,-0.4425
"4733",4733,"Steve Wooddin",1982,"New Zealand",1.49,0.39,1.88,0.36,-0.12,-0.34,2.21,0.3,-1.01,-0.74,-0.73,-0.57,2.66,-0.76,2.62,1.17,-0.04,1.0125
"4734",4734,"Wynton Rufer",1982,"New Zealand",-0.5,0.34,0.02,0.64,-0.59,-0.97,0.35,-0.47,-1.01,-0.59,-0.25,-0.57,3.99,-0.76,2.62,0.01,-1.44,-0.2675
"4735",4735,"Billy Hamilton",1982,"Northern Ireland",1.89,0.73,-0.23,2.02,0,-1.05,0.57,-0.25,-0.2,-0.61,-0.25,0.13,3.72,2.88,1.78,-0.37,-1.3,-0.24
"4736",4736,"Christopher Nicholl",1982,"Northern Ireland",-0.5,-0.31,-0.6,0.17,-0.05,-0.11,-0.77,-0.81,-0.67,-0.15,3.12,0.21,2.53,0.88,-0.74,-0.72,-0.92,-0.5725
"4737",4737,"David McCreery",1982,"Northern Ireland",-0.5,-0.59,-0.6,-0.76,0.28,-0.71,-0.32,-0.62,2.08,0.52,-0.06,-0.1,-0.65,0.65,-0.74,-0.64,-1.33,-0.5625
"4738",4738,"Gerry Armstrong",1982,"Northern Ireland",3.08,2.69,1.63,2.44,-0.09,-0.56,4.15,2.34,0.3,-0.33,-0.25,-0.57,4.12,1.77,1.4,1,1.78,1.89
"4739",4739,"James Michael Nicholl",1982,"Northern Ireland",-0.5,-0.69,3.11,-0.5,1.74,3.13,-0.32,0.3,1.09,-0.33,1.58,-0.12,-0.25,1.1,-0.35,1.01,3.43,1.555
"4740",4740,"James Platt",1982,"Northern Ireland",-0.5,-0.72,-0.6,-0.76,-1.31,-0.87,-0.77,-1.09,-1.01,-0.94,-0.64,-0.57,-0.65,-1.13,-0.93,-0.84,-1.96,-0.8325
"4741",4741,"John McClelland",1982,"Northern Ireland",-0.5,-0.72,-0.6,-0.76,-0.05,-0.45,-0.77,-0.62,0.84,-0.06,2.54,0.83,0.94,0.21,-0.93,-0.84,-1.07,-0.61
"4742",4742,"Malachy Martin Donaghy",1982,"Northern Ireland",-0.5,-0.69,-0.6,-0.76,0.43,0.38,-0.77,1.51,0.09,0.52,1.1,0.22,0.54,-0.46,-0.16,-0.78,1.89,0.13
"4743",4743,"Martin O'Neill",1982,"Northern Ireland",-0.5,-0.13,0.14,-0.08,1.2,0.12,1.24,1.88,0.23,0.68,-0.25,-0.57,0.14,1.32,-0.16,0.64,2,0.845
"4744",4744,"Noel Brotherston",1982,"Northern Ireland",-0.5,-0.59,-0.23,-0.76,-1.37,-0.9,0.35,-0.34,-1.01,-0.55,-0.73,-0.57,-0.65,-1.13,-0.93,-0.55,-1.24,-0.28
"4745",4745,"Norman Whiteside",1982,"Northern Ireland",-0.5,0.63,0.52,1.76,-0.29,-0.9,1.02,0.03,-0.58,-0.46,-0.54,-0.57,0.54,1.99,2.75,0.15,-0.87,0.1675
"4746",4746,"Patrick Jennings",1982,"Northern Ireland",-0.5,-0.72,-0.6,-0.76,0.22,1.1,-0.77,-1.09,-1.01,-0.94,-0.73,-0.57,-0.65,-1.13,-0.74,-0.7,0.01,-0.34
"4747",4747,"Samuel Baxter McIlroy",1982,"Northern Ireland",-0.5,0.07,1.63,-0.34,0.97,-0.22,0.13,1.32,-0.83,0.42,-0.16,-0.1,-0.65,-0.02,0.23,1.39,1.1,0.715
"4748",4748,"Samuel Nelson",1982,"Northern Ireland",-0.5,-0.72,0.14,-0.76,-0.74,-0.41,-0.77,-0.44,-0.91,-0.77,-0.16,-0.25,-0.65,-0.91,-0.54,-0.37,-0.85,-0.37
"4749",4749,"Tommy Cassidy",1982,"Northern Ireland",-0.5,-0.72,-0.6,-0.76,-1.51,-1.28,-0.54,-0.99,-0.91,-0.85,-0.73,-0.57,-0.65,-0.91,-0.74,-0.84,-2.27,-0.8525
"4750",4750,"Cesar Cueto",1982,"Peru",-0.5,1.19,0.02,-0.06,1.75,1.67,0.72,0.77,0.96,1.38,-0.57,-0.57,0.01,-0.02,1.01,2.12,2.44,0.795
"4751",4751,"German Leguía",1982,"Peru",-0.5,0.09,-0.6,0.64,0.1,-0.46,-0.02,-0.31,-0.01,0.57,-0.09,-0.57,0.67,-0.02,1.98,0.41,-0.77,-0.3475
"4752",4752,"Geronimo Barbadillo",1982,"Peru",-0.5,0.3,-0.6,0.92,-0.54,-0.84,0.35,-0.31,-1.01,0.09,-0.57,0.25,-0.65,0.35,1.33,-0.41,-1.15,-0.35
"4753",4753,"Guillermo La Rosa",1982,"Peru",1.49,0.98,-0.6,0.22,-1.06,-1.22,-0.4,-0.62,-1.01,-0.94,-0.73,-0.57,0.01,-0.76,0.36,0.05,-1.84,-0.71
"4754",4754,"Jaíme Duarte",1982,"Peru",-0.5,0.56,3.11,0.5,0.74,2.74,0.35,0.3,0.57,-0.01,0.39,-0.57,0.01,0.35,1.33,2.38,3.04,1.625
"4755",4755,"Jorge Olaechea",1982,"Peru",-0.5,-0.63,0.02,-0.06,0.67,1.42,0.72,0.92,1.7,1.28,0.55,2.72,0.01,1.84,0.04,-0.41,2.34,0.77
"4756",4756,"José Velâsquez",1982,"Peru",-0.5,0.17,-0.6,-0.2,1.31,1.17,0.35,0.3,2.8,0.92,0.55,0.25,1.34,4.08,0.36,-0.12,1.47,0.305
"4757",4757,"Juan Oblitas",1982,"Peru",-0.5,-0.72,1.26,-0.34,0.57,0.54,0.72,0.77,-0.4,-0.72,-0.57,-0.57,-0.65,0.35,0.68,1.07,1.31,0.8225
"4758",4758,"Julio Uribe",1982,"Peru",-0.5,1.7,-0.6,0.92,-0.44,-0.9,0.72,-0.31,-0.77,-0.94,-0.73,-0.57,-0.65,-0.39,3.27,-0.28,-1.21,-0.2725
"4759",4759,"Ramón Quiroga",1982,"Peru",-0.5,-0.72,-0.6,-0.76,-0.25,1.61,-0.77,-1.09,-1.01,-0.94,-0.57,-0.57,-0.65,-1.13,-0.93,-0.84,0.52,-0.2125
"4760",4760,"Rubén Toribio Díaz",1982,"Peru",1.49,-0.25,-0.6,-0.48,-0.15,0.1,-0.4,-0.62,0.11,1.24,2.48,0.25,0.67,1.47,0.68,-0.84,-0.52,-0.38
"4761",4761,"Salvador Salguero",1982,"Peru",-0.5,-0.72,-0.6,-0.76,-0.94,-0.59,-0.77,-0.93,0.22,0.47,1.84,2.64,2,1.1,-0.61,-0.84,-1.52,-0.7225
"4762",4762,"Teófilo Cubillas",1982,"Peru",-0.5,0.39,-0.6,1.48,0.99,-0.34,-0.02,-0.16,0.23,-0.04,-0.25,-0.57,-0.65,1.1,1.33,2.52,-0.5,-0.28
"4763",4763,"Andrzej Buncol",1982,"Poland",0.35,0.14,0.73,1.4,0.83,0.15,0.99,1.69,-0.06,-0.13,-0.18,0.03,-0.08,2.37,1.98,1.39,1.84,0.89
"4764",4764,"Andrzej Iwan",1982,"Poland",-0.5,-0.44,-0.6,-0.46,-1.51,-1.23,-0.61,-1.09,-1.01,-0.94,-0.73,-0.57,-0.65,-0.97,-0.52,-0.73,-2.32,-0.8825
"4765",4765,"Andrzej Palasz",1982,"Poland",-0.5,-0.61,-0.33,-0.52,-1.53,-1.17,-0.61,-0.95,-0.7,-0.94,-0.73,-0.57,-0.65,-0.82,-0.52,-0.52,-2.12,-0.765
"4766",4766,"Andrzej Szarmach",1982,"Poland",0.35,-0.06,-0.33,0.02,-1.52,-1.15,-0.77,-1.09,-0.95,-0.94,-0.67,-0.57,-0.08,-0.97,-0.79,-0.59,-2.24,-0.835
"4767",4767,"Grzegorz Lato",1982,"Poland",0.35,0.03,1.79,1.58,-0.19,0.07,0.99,0.97,-0.04,0.11,-0.25,0.13,-0.37,0.62,0.59,1.09,1.04,0.955
"4768",4768,"Jan Jalocha",1982,"Poland",-0.5,-0.41,-0.33,-0.52,-0.73,-0.12,-0.77,-0.36,-0.48,-0.59,-0.39,-0.57,-0.37,-0.18,-0.65,-0.57,-0.48,-0.395
"4769",4769,"Janusz Kupcewicz",1982,"Poland",0.35,0.68,0.2,-0.34,-0.56,-0.26,-0.13,-0.16,-0.39,0.2,-0.25,-0.57,-0.37,0.78,-0.52,0.24,-0.42,-0.0875
"4770",4770,"Jozef Mlynarzyk",1982,"Poland",-0.5,-0.72,-0.6,-0.76,0.41,2.17,-0.77,-1.09,-1.01,-0.94,-0.46,-0.57,-0.37,-0.97,-0.93,-0.84,1.08,-0.0725
"4771",4771,"Marek Dziuba",1982,"Poland",-0.5,-0.72,-0.6,-0.76,-0.3,0.15,-0.77,-0.23,-0.03,-0.24,0.23,0.04,-0.37,0.46,-0.38,-0.5,-0.08,-0.3625
"4772",4772,"Marek Kusto",1982,"Poland",-0.5,-0.54,-0.33,-0.7,-1.6,-1.23,-0.77,-0.95,-1.01,-0.94,-0.73,-0.57,-0.65,-1.13,-0.93,-0.67,-2.18,-0.82
"4773",4773,"Pavel Janas",1982,"Poland",-0.5,-0.66,-0.6,-0.64,0.03,0.12,-0.61,-0.36,0.18,0.12,2.3,0.13,-0.08,0.94,-0.52,-0.84,-0.24,-0.3625
"4774",4774,"Roman Wójcicki",1982,"Poland",-0.5,-0.72,-0.6,-0.76,-1.59,-1.2,-0.77,-1.09,-0.95,-0.81,-0.53,-0.57,-0.65,-0.66,-0.79,-0.84,-2.29,-0.915
"4775",4775,"Stefan Majewski",1982,"Poland",0.35,-0.21,-0.33,-0.22,0.52,0.52,0.51,0.24,-0.13,0.6,0.85,1.03,1.05,1.74,-0.1,-0.76,0.76,0.235
"4776",4776,"Waldemar Matysik",1982,"Poland",-0.5,-0.24,-0.6,-0.04,-0.1,-0.28,0.35,-0.03,0.3,0.33,0.92,-0.12,-0.08,-0.02,-0.24,-0.42,-0.31,-0.14
"4777",4777,"Wladyslaw Zmuda",1982,"Poland",-0.5,-0.34,-0.6,-0.58,0.25,0.12,-0.45,0.3,0.22,1.27,2.64,0.95,0.2,0.62,-0.79,-0.66,0.42,-0.1575
"4778",4778,"Wlodzimierz Ciolek",1982,"Poland",0.35,-0.39,-0.6,-0.58,-1.3,-1.15,-0.77,-0.56,-0.94,-0.81,-0.73,-0.57,-0.65,-0.66,-0.52,-0.73,-1.71,-0.77
"4779",4779,"Wlodzimierz Smolarek",1982,"Poland",0.35,0.21,1.26,1.22,-0.83,-0.74,0.51,0.37,0.09,-0.82,-0.73,-0.57,-0.65,1.9,2.39,0.4,-0.37,0.35
"4780",4780,"Zbigniew Boniek",1982,"Poland",2.91,2.92,2.32,1.52,0.04,0.2,1.15,1.5,-0.44,-0.59,-0.73,-0.06,0.2,0.3,1.7,1.98,1.7,1.2925
"4781",4781,"Alan Brazil",1982,"Scotland",-0.5,0.3,-0.6,1.62,-0.89,-1.15,-0.77,-0.62,-1.01,-0.94,-0.73,-0.57,-0.65,-0.02,-0.93,0.61,-1.77,-0.785
"4782",4782,"Alan Hansen",1982,"Scotland",-0.5,-0.55,-0.6,-0.34,0.62,0.35,-0.4,0.15,-1.01,1.63,2.16,4.9,2.66,-0.39,-0.61,-0.25,0.5,-0.125
"4783",4783,"Alan Rough",1982,"Scotland",-0.5,-0.72,-0.6,-0.76,0.72,2.37,-0.77,-1.09,-1.01,-0.94,-0.73,-0.57,-0.65,-1.13,-0.61,-0.84,1.28,-0.0225
"4784",4784,"Allan Evans",1982,"Scotland",-0.5,-0.34,-0.6,-0.2,-1.28,-0.97,-0.77,-0.62,-0.48,-0.94,1.35,-0.57,2,0.35,-0.61,-0.84,-1.59,-0.74
"4785",4785,"Asa Hartford",1982,"Scotland",-0.5,-0.72,0.02,-0.62,-1.06,-1.15,-0.77,-0.93,-0.62,-0.22,-0.57,-0.57,-0.65,-1.13,-0.93,-0.48,-2.08,-0.7075
"4786",4786,"Danny McGrain",1982,"Scotland",-0.5,-0.67,1.26,-0.34,0.15,1.05,-0.4,-0.16,-0.12,-0.6,-0.25,1.17,0.01,-0.39,-0.61,0.71,0.89,0.4375
"4787",4787,"David Narey",1982,"Scotland",1.49,-0.12,-0.6,-0.2,0.59,0.73,-0.77,-0.47,-1.01,1.16,-0.25,0.64,-0.65,0.35,-0.61,-0.38,0.26,-0.2775
"4788",4788,"Frank Gray",1982,"Scotland",-0.5,-0.25,0.64,-0.48,1.68,2.05,0.35,1.08,-0.24,-0.94,0.55,0.7,0.67,-0.02,-0.61,0.38,3.13,1.03
"4789",4789,"Gordon Strachan",1982,"Scotland",-0.5,-0.38,2.49,-0.06,1.28,1.11,1.47,2,-0.28,0.81,-0.57,-0.57,-0.65,-0.76,0.68,3.21,3.11,1.7675
"4790",4790,"Graeme Souness",1982,"Scotland",1.49,0.77,0.02,0.92,2.1,0.48,-0.02,0.3,0.8,1.9,-0.41,4.9,0.01,1.84,0.04,0.74,0.78,0.195
"4791",4791,"Joe Jordan",1982,"Scotland",1.49,0.98,-0.6,0.64,-1.43,-1.22,-0.4,-0.93,-1.01,-0.94,-0.73,-0.57,-0.65,0.35,-0.28,-0.68,-2.15,-0.7875
"4792",4792,"John Robertson",1982,"Scotland",1.49,0.73,5.59,0.5,1.93,3.5,4.44,4.17,-0.62,0.83,-0.73,-0.57,0.01,-0.39,1.98,4.82,7.67,4.425
"4793",4793,"John Wark",1982,"Scotland",3.48,0.98,-0.6,1.9,0.2,0.1,-0.02,-0.62,0.41,0.47,-0.41,-0.57,1.34,0.35,-0.93,-0.05,-0.52,-0.285
"4794",4794,"Kenny Dalglish",1982,"Scotland",1.49,1.11,0.02,1.34,-0.44,-0.97,-0.77,-0.47,-1.01,-0.94,-0.73,-0.57,-0.65,-0.39,0.04,0.41,-1.44,-0.5475
"4795",4795,"Steve Archibald",1982,"Scotland",1.49,1.06,-0.6,2.6,0.17,-0.9,-0.02,-0.62,-1.01,0.85,-0.57,-0.57,2,1.1,1.01,0.21,-1.52,-0.535
"4796",4796,"Willie Miller",1982,"Scotland",-0.5,-0.72,-0.6,-0.48,0.42,-0.09,-0.77,-0.47,-0.26,0.78,1.52,0.7,0.01,-0.39,-0.28,-0.51,-0.56,-0.4825
"4797",4797,"Arconada",1982,"Spain",-0.5,-0.72,-0.6,-0.76,-0.06,1.77,-0.77,-1.09,-1.01,-0.94,-0.73,-0.57,-0.65,-1.13,-0.74,-0.84,0.68,-0.1725
"4798",4798,"Enrique Castro Quini",1982,"Spain",-0.5,0.1,-0.6,0.17,-1.14,-1.13,-0.32,-0.9,-0.32,-0.94,-0.73,-0.57,-0.65,-0.91,-0.35,-0.05,-2.03,-0.7375
"4799",4799,"Enrique Saura Gil",1982,"Spain",0.69,0.2,0.14,0.17,-0.52,-0.19,-0.1,-0.34,0.28,-0.94,-0.06,-0.57,-0.25,-0.46,1.2,-0.27,-0.53,-0.1225
"4800",4800,"Jesus Maria Zamora",1982,"Spain",0.69,-0.03,-0.6,0.92,0.78,-0.11,1.02,2.06,-0.1,-0.53,-0.64,-0.57,0.14,-0.46,0.43,0.44,1.95,0.5925
"4801",4801,"Jesus Satrustegui",1982,"Spain",-0.5,0.43,-0.6,2.18,-1.03,-1.02,-0.32,-0.62,-0.7,-0.4,-0.73,-0.57,0.94,-0.24,-0.16,0.22,-1.64,-0.64
"4802",4802,"Joaquín",1982,"Spain",-0.5,-0.67,-0.23,-0.42,-1.31,-0.9,-0.77,-0.9,-0.7,-0.37,-0.73,-0.57,-0.65,-0.91,-0.93,-0.72,-1.8,-0.7
"4803",4803,"Jose Antonio Camacho",1982,"Spain",-0.5,-0.51,-0.23,-0.42,0.85,1.28,-0.54,0.49,2.49,1.27,0.52,0.07,0.54,0.65,1.98,-0.53,1.77,0.25
"4804",4804,"José Ramón Alexanco",1982,"Spain",-0.5,0.25,-0.6,0,1,0.98,-0.32,0.4,1.21,-0.53,2.45,1.76,1.34,0.21,0.23,0.05,1.38,0.115
"4805",4805,"Juanito",1982,"Spain",0.69,1.55,2.37,0.34,0.28,0.38,-0.32,1.42,-0.74,-0.52,-0.64,-0.57,-0.65,-0.91,-0.54,2.62,1.8,0.9625
"4806",4806,"Miguel Tendillo",1982,"Spain",-0.5,-0.36,-0.6,-0.34,0.11,0,-0.1,-0.16,0.59,3.88,2.16,1.2,4.12,1.99,-0.35,-0.62,-0.16,-0.215
"4807",4807,"Pichi Alonso",1982,"Spain",-0.5,1.37,-0.6,0.5,1.57,-0.15,-0.32,0.12,0.72,0.17,-0.45,-0.14,-0.65,1.32,0.43,-0.07,-0.03,-0.2375
"4808",4808,"Rafael Gordillo",1982,"Spain",-0.5,-0.49,1.26,-0.42,1.55,3.51,0.8,1.79,2.13,2.63,1.1,-0.57,0.14,1.1,0.23,1.23,5.3,1.84
"4809",4809,"Santiago Urquiaga",1982,"Spain",-0.5,-0.72,-0.23,-0.76,-0.66,-0.34,-0.32,-0.62,-0.1,-0.76,0.23,0.07,-0.25,-0.46,-0.54,-0.62,-0.96,-0.3775
"4810",4810,"Santillana",1982,"Spain",-0.5,-0.51,-0.6,0.08,-1.25,-1.09,-0.54,-0.99,-0.75,-0.76,-0.73,-0.57,0.14,-0.69,-0.74,-0.8,-2.08,-0.805
"4811",4811,"Tente Sanchez",1982,"Spain",-0.5,-0.69,0.52,-0.5,0.07,-0.19,-0.54,0.21,0.46,-0.11,-0.06,-0.08,-0.65,-0.69,0.43,-0.17,0.02,0
"4812",4812,"Ufarte Lopez",1982,"Spain",0.69,2.21,3.11,1.76,-0.33,-0.19,0.8,1.14,-0.13,-0.8,-0.64,-0.57,-0.65,-0.24,0.23,2.48,0.95,1.215
"4813",4813,"Alexandre Chivadze",1982,"USSR",0.69,0.02,-0.6,-0.5,1.52,0.91,-0.77,1.05,0.4,0,1.68,5.65,1.73,-0.46,-0.16,-0.15,1.96,0.1475
"4814",4814,"Anatoli Demyanenko",1982,"USSR",-0.5,0.15,0.89,-0.25,1.43,1.93,0.57,1.6,1.39,0.71,1.77,0.33,0.14,-0.91,-0.16,0.56,3.53,1.2475
"4815",4815,"Andrei Bal",1982,"USSR",0.69,0.02,0.52,-0.08,0.53,0.23,0.13,0.12,0.13,0.55,0.13,0.35,0.14,-0.46,-0.35,0.76,0.35,0.25
"4816",4816,"Khoren Oganesyan",1982,"USSR",0.69,-0.08,-0.23,0,0.01,-0.38,-0.54,0.03,-0.03,-0.26,-0.54,-0.57,-0.65,-0.69,0.04,-0.17,-0.35,-0.28
"4817",4817,"Oleh Blokhin",1982,"USSR",0.69,0.81,2.37,1.6,0,-0.56,1.47,1.69,-0.49,-0.17,-0.64,-0.07,-0.25,-0.69,0.04,2.1,1.13,1.2425
"4818",4818,"Ramaz Shengelia",1982,"USSR",0.69,1.17,-0.23,2.27,-0.57,-0.71,0.8,0.3,-0.64,-0.8,-0.73,-0.57,-0.65,-0.46,1.01,1.43,-0.41,0.04
"4819",4819,"Rinat Dasayev",1982,"USSR",-0.5,-0.72,-0.6,-0.76,0.4,2.42,-0.77,-0.99,-1.01,-0.94,-0.73,-0.57,0.54,-0.91,-0.16,-0.82,1.43,0.015
"4820",4820,"Sergei Andreev",1982,"USSR",-0.5,-0.54,-0.6,-0.5,-1.65,-1.28,-0.77,-1.09,-0.74,-0.94,-0.73,-0.57,-0.25,-0.69,-0.74,-0.84,-2.37,-0.935
"4821",4821,"Sergei Baltacha",1982,"USSR",0.69,-0.18,0.14,-0.17,0.35,0.45,-0.54,-0.44,1.21,0.86,1.48,0.64,1.73,1.1,0.23,-0.19,0.01,-0.0975
"4822",4822,"Sergei Borovskiy",1982,"USSR",-0.5,-0.72,-0.6,-0.76,-0.46,-0.3,-0.77,-0.72,1.08,0.26,0.33,-0.57,-0.25,0.21,0.23,-0.84,-1.02,-0.5975
"4823",4823,"Tengiz Sulakvelidze",1982,"USSR",-0.5,-0.56,-0.6,-0.17,0.07,1.1,-0.32,0.67,1.38,-0.46,0.33,-0.26,0.14,0.65,0.81,-0.53,1.77,0.2125
"4824",4824,"Vitaly Daraselia",1982,"USSR",-0.5,-0.51,-0.23,-0.25,-0.97,-0.71,-0.1,-0.81,-0.27,-0.86,-0.16,-0.26,-0.25,-0.46,-0.74,-0.47,-1.52,-0.4625
"4825",4825,"Vladimir Bessonov",1982,"USSR",-0.5,0.96,-0.6,0.25,1.99,0.98,1.02,1.42,1.82,0.96,-0.06,-0.07,-0.25,1.55,1.4,1.45,2.4,0.705
"4826",4826,"Yury Gavrilov",1982,"USSR",0.69,0.35,0.14,0.59,0.47,0.08,-0.32,0.3,-0.46,0.16,-0.64,-0.57,-0.25,-0.91,-0.16,1.03,0.38,0.05
"4827",4827,"Bernd Förster",1982,"West Germany",-0.5,-0.4,-0.6,-0.76,-0.22,0.08,-0.31,-0.26,0.16,0.04,1.63,0.68,0.16,0.84,-0.14,-0.83,-0.18,-0.2725
"4828",4828,"Felix Magath",1982,"West Germany",-0.5,-0.4,0.67,0.22,-0.29,-0.48,-0.01,-0.26,1.44,-0.08,-0.54,-0.57,-0.65,-0.68,0.13,1.02,-0.74,-0.02
"4829",4829,"Hans-Peter Briegel",1982,"West Germany",-0.5,0.03,-0.35,0.56,0.38,0.34,2.13,0.68,0.46,0.35,0.05,-0.02,0.43,1.3,0.92,-0.21,1.02,0.7
"4830",4830,"Hans-Peter Müller",1982,"West Germany",-0.5,-0.66,-0.35,-0.76,-1.08,-0.89,-0.77,-0.83,-1.01,-0.77,-0.73,-0.57,-0.65,-0.83,-0.67,-0.61,-1.72,-0.71
"4831",4831,"Harald Anton Schumacher",1982,"West Germany",-0.5,-0.72,-0.6,-0.76,0.18,1.81,-0.77,-1.09,-0.84,-0.94,-0.6,-0.57,-0.38,-1.13,-0.67,-0.84,0.72,-0.1625
"4832",4832,"Horst Hrubesch",1982,"West Germany",0.31,1.85,-0.6,2.62,-1.03,-1.05,-0.62,-0.9,-0.65,-0.42,-0.67,-0.57,1.79,-0.37,-0.67,0.6,-1.95,-0.7925
"4833",4833,"Karl-Heinz Rummenigge",1982,"West Germany",3.57,2.27,-0.09,2.79,-0.07,-0.66,0.3,0.56,-0.26,-0.81,-0.73,-0.57,-0.11,-0.53,-0.14,1.46,-0.1,0.0275
"4834",4834,"Karlheinz Förster",1982,"West Germany",-0.5,-0.61,-0.35,-0.7,0.92,1.03,-0.46,0.11,2.03,2.5,1.7,1.41,1.79,1.76,0.66,-0.51,1.14,0.0825
"4835",4835,"Klaus Fischer",1982,"West Germany",1.13,1.17,-0.35,1.08,-1.2,-1.05,-0.31,-0.45,-0.87,-0.72,-0.73,-0.57,-0.65,-0.22,0.26,-0.55,-1.5,-0.54
"4836",4836,"Lothar Matthäus",1982,"West Germany",-0.5,-0.72,-0.6,-0.76,-1.48,-1.1,-0.77,-1.02,-0.68,-0.79,-0.73,-0.57,-0.65,-0.68,-0.93,-0.84,-2.12,-0.8725
"4837",4837,"Manfred Kaltz",1982,"West Germany",-0.5,-0.46,3.7,-0.35,1.98,2.22,0.15,2.26,0.6,0.19,0.38,-0.57,-0.38,-0.68,0.39,2.38,4.48,2.0825
"4838",4838,"Paul Breitner",1982,"West Germany",0.31,0.41,1.17,0.22,1.9,1.27,1.21,2.71,0.41,0.45,-0.6,1.44,-0.38,0.24,0.39,1.6,3.98,1.59
"4839",4839,"Pierre Littbarski",1982,"West Germany",1.13,0.88,2.69,2.05,-0.06,0.03,2.58,0.56,0.62,-0.61,-0.67,-0.57,-0.65,0.84,1.71,2.77,0.59,1.465
"4840",4840,"Ulrich Stielike",1982,"West Germany",-0.5,-0.53,-0.35,-0.53,1.82,1.42,0.45,0.49,1.39,1.48,1.5,0.82,-0.11,1,0.26,-0.45,1.91,0.5025
"4841",4841,"Uwe Reinders",1982,"West Germany",0.31,-0.21,-0.6,-0.53,-1.46,-1.28,-0.77,-0.96,-0.73,-0.94,-0.73,-0.57,-0.11,-0.37,-0.14,-0.75,-2.24,-0.9025
"4842",4842,"Wolfgang Dremmler",1982,"West Germany",-0.5,0.19,0.16,0.33,1.72,0.44,-0.31,1.44,2.39,1.86,-0.14,1.25,0.16,1.15,1.84,0.72,1.88,0.4325
"4843",4843,"Dragan Pantelic",1982,"Yugoslavia",-0.5,-0.72,-0.6,-0.76,-0.12,1.36,-0.77,-1.09,-1.01,-0.94,-0.41,-0.57,-0.65,-1.13,-0.28,-0.84,0.27,-0.275
"4844",4844,"Edhem Sljivo",1982,"Yugoslavia",-0.5,-0.12,0.64,-0.48,2.86,2.37,1.47,1.54,1.98,1.88,-0.73,-0.57,-0.65,0.73,1.33,1.79,3.91,1.505
"4845",4845,"Ivan Gudelj",1982,"Yugoslavia",1.49,0.56,0.02,1.06,1.63,0.17,1.09,-0.31,1.61,1.53,-0.73,0.65,0.01,0.73,0.36,0.28,-0.14,0.2425
"4846",4846,"Ivan Surjak",1982,"Yugoslavia",-0.5,-0.25,0.02,0.22,0.3,-0.09,2.96,0.92,1.6,1.17,-0.41,-0.57,0.67,0.35,1.01,0.21,0.83,0.9525
"4847",4847,"Milos Hrstic",1982,"Yugoslavia",-0.5,-0.72,-0.6,-0.76,-0.49,-0.27,-0.77,-1.09,-0.63,-0.23,-0.41,-0.57,0.01,-0.02,-0.93,-0.84,-1.36,-0.6825
"4848",4848,"Milos Sestic",1982,"Yugoslavia",-0.5,-0.72,0.64,-0.62,-1.48,-1.03,-0.02,-0.62,-1.01,-0.59,-0.73,-0.57,-0.65,-1.13,-0.28,-0.02,-1.65,-0.2575
"4849",4849,"Nenad Stojkovic",1982,"Yugoslavia",-0.5,-0.72,-0.6,-0.76,0.57,1.23,-0.77,-0.31,3.07,5.74,0.71,1.87,0.67,1.84,1.01,-0.48,0.92,-0.1125
"4850",4850,"Nikola Jovanovic",1982,"Yugoslavia",-0.5,-0.72,-0.6,-0.48,-0.15,-0.21,-0.77,-0.16,0.11,2.21,0.23,0.65,0.01,1.1,-0.28,-0.45,-0.37,-0.435
"4851",4851,"Safet Susic",1982,"Yugoslavia",-0.5,2.46,0.64,2.6,0.25,-0.21,4.82,1.39,-1.01,-0.59,-0.73,-0.57,0.01,-0.02,1.01,2.02,1.18,1.66
"4852",4852,"Vahid Halilhodzic",1982,"Yugoslavia",-0.5,-0.04,-0.6,-0.34,-1.36,-1.22,-0.77,-0.93,-1.01,-0.59,-0.73,-0.57,-0.65,-0.39,-0.61,-0.45,-2.15,-0.88
"4853",4853,"Velimir Zajec",1982,"Yugoslavia",-0.5,-0.72,-0.6,-0.76,0.84,1.67,1.47,3.08,1.22,3.28,1.52,4.39,1.34,2.96,1.01,-0.64,4.75,1.405
"4854",4854,"Vladimir Petrovic",1982,"Yugoslavia",1.49,3.65,4.35,0.5,1.51,2.93,-0.02,0.46,-0.63,0.11,-0.73,-0.57,-0.65,-0.39,-0.61,4.26,3.39,1.93
"4855",4855,"Zlatko Krmpotic",1982,"Yugoslavia",-0.5,-0.72,0.64,-0.76,0.74,1.05,-0.77,-0.01,1.98,-0.24,-0.41,-0.57,0.67,-0.39,-0.61,-0.05,1.04,0.2275
"4856",4856,"Zlatko Vujovic",1982,"Yugoslavia",-0.5,0.68,-0.6,1.76,-0.47,-1.22,-0.02,-0.01,-0.63,-0.94,-0.73,-0.57,0.67,-0.02,3.59,-0.48,-1.23,-0.4625
"4857",4857,"Alberto Taranti",1978,"Argentina",0.43,-0.37,-0.24,-0.4,1.34,1.42,-0.62,0.63,0.16,0.63,0.91,-0.25,-0.29,0.92,-0.24,-0.72,2.05,0.2975
"4858",4858,"Americo Gallego",1978,"Argentina",-0.46,-0.26,-0.75,-0.25,1.17,0.06,0.1,-0.17,-0.03,3.38,0.74,0.35,0.93,1.39,0.74,-0.54,-0.11,-0.19
"4859",4859,"Daniel Bertoni",1978,"Argentina",1.32,0.45,1.56,1.08,-0.69,-0.57,3.56,0.57,-0.15,-0.62,-0.67,-0.23,-0.49,-0.96,2.83,2.03,0,1.28
"4860",4860,"Daniel Passarella",1978,"Argentina",0.43,1.76,-0.49,0.93,1.65,1.63,0.1,0.57,1.53,1.52,3,1.85,4.58,0.92,0.46,0.24,2.2,0.4525
"4861",4861,"Jorge Olguin",1978,"Argentina",-0.46,-0.41,1.81,-0.45,2.34,3.16,0.97,2.11,4.14,2.13,1.25,-0.23,-0.49,1.7,-0.1,0.62,5.27,2.0125
"4862",4862,"Jose Daniel Valencia",1978,"Argentina",-0.46,0.09,-0.49,0.24,-0.48,-0.69,2.55,0.43,-0.05,0,-0.39,-0.57,-0.69,-0.65,0.18,-0.35,-0.26,0.45
"4863",4863,"Leopoldo Luque",1978,"Argentina",3.11,1.76,-0.75,1.72,-0.94,-1.06,1.97,0.16,-0.66,-0.63,-0.67,-0.23,-0.69,-0.33,1.3,0.49,-0.9,0.08
"4864",4864,"Luis Galvan",1978,"Argentina",-0.46,-0.6,-0.75,-0.55,0.83,0.15,-0.33,-0.78,2.25,3.13,2.83,-0.11,0.52,1.85,0.74,-0.81,-0.63,-0.4275
"4865",4865,"Mario Kempes",1978,"Argentina",4.9,3.05,0.53,2.02,0.58,-0.23,4.57,1.37,-0.38,0.87,-0.39,0.05,0.73,1.39,2.97,2.86,1.14,1.56
"4866",4866,"Norberto Alonso",1978,"Argentina",-0.46,-0.63,-0.49,-0.75,-1.45,-1.21,-0.19,-1.11,-1.05,-1.02,-0.72,-0.57,-0.49,-0.96,-0.66,-0.83,-2.32,-0.75
"4867",4867,"Omar Larrosa",1978,"Argentina",-0.46,-0.56,-0.24,-0.4,-0.65,-0.8,-0.76,-0.58,-0.55,-0.87,-0.72,-0.57,-0.69,-0.65,-0.94,-0.13,-1.38,-0.595
"4868",4868,"Oscar Ortiz",1978,"Argentina",-0.46,-0.47,1.3,0.14,-0.74,-0.72,1.54,-0.31,0.32,0.1,-0.44,-0.57,-0.49,-0.49,1.72,0.48,-1.03,0.4525
"4869",4869,"Osvaldo Ardiles",1978,"Argentina",-0.46,-0.11,-0.75,-0.35,1.23,0.01,1.97,1.31,1.61,0.67,-0.33,-0.57,-0.09,-0.18,3.39,0.54,1.32,0.635
"4870",4870,"Rene Houseman",1978,"Argentina",0.43,0.3,0.02,0.98,-1.09,-0.92,0.39,-0.37,-1.05,-0.63,-0.72,-0.57,-0.49,-0.33,-0.24,0,-1.29,-0.22
"4871",4871,"Ricardo Villa",1978,"Argentina",-0.46,-0.65,-0.75,-0.7,-1.09,-1.01,-0.04,-0.51,-0.32,-0.61,-0.67,-0.11,-0.69,-0.65,-0.24,-0.93,-1.52,-0.5775
"4872",4872,"Ubaldo Fillol",1978,"Argentina",-0.46,-0.71,-0.75,-0.75,0.51,0.85,-0.91,-1.18,-1.05,-1.02,-0.72,-0.57,-0.69,-1.27,-0.66,-1.01,-0.33,-0.4975
"4873",4873,"Bruno Pezzey",1978,"Austria",-0.46,-0.31,-0.12,-0.39,0.59,0.02,0.32,0.63,1.37,1.67,3,2.66,3.28,1.4,0.29,0.06,0.65,0.2125
"4874",4874,"Eduard Krieger",1978,"Austria",-0.46,-0.36,0.5,-0.33,0.41,-0.12,-0.73,0.22,1.12,-0.18,-0.31,0.56,0.05,-0.32,-0.39,-0.12,0.1,-0.0325
"4875",4875,"Erich Obermayer",1978,"Austria",0.63,-0.29,-0.43,-0.57,1.15,1.08,-0.56,-0.36,0.14,1.81,2.18,1.86,-0.2,-0.13,-0.05,-0.85,0.72,-0.0675
"4876",4876,"Friedrich Koncilia",1978,"Austria",-0.46,-0.71,-0.75,-0.75,0.87,3.1,-0.91,-1.18,-1.05,-1.02,-0.66,-0.57,-0.69,-1.27,-0.22,-1.01,1.92,0.065
"4877",4877,"Gerhard Breitenberger",1978,"Austria",-0.46,-0.67,0.5,-0.63,0.35,0.44,-0.91,-0.03,0.1,-0.18,0.79,-0.57,-0.45,-0.32,-0.56,-0.22,0.41,0
"4878",4878,"Hans Johann Krankl",1978,"Austria",3.91,4.47,-0.75,3.36,-0.27,-0.69,2.26,0.79,-0.71,-0.81,-0.72,-0.23,0.79,-0.32,0.29,0.92,0.1,0.4025
"4879",4879,"Hans Pirkner",1978,"Austria",-0.46,-0.44,-0.75,-0.45,-1.54,-1.29,-0.91,-1.02,-1.05,-1.02,-0.72,-0.57,-0.69,-0.89,-0.73,-1.01,-2.31,-0.9925
"4880",4880,"Heinrich Strasser",1978,"Austria",-0.46,-0.64,-0.75,-0.69,-0.63,-0.26,-0.03,0.05,-0.35,-0.65,-0.03,-0.57,-0.45,-0.13,-0.73,-0.77,-0.21,-0.2475
"4881",4881,"Herbert Prohaska",1978,"Austria",-0.46,-0.71,0.19,-0.39,3.12,1.86,1.03,3.91,0.54,0.17,-0.38,-0.57,-0.45,0.45,0.46,1.14,5.77,1.7475
"4882",4882,"Heribert Weber",1978,"Austria",-0.46,-0.6,-0.75,-0.57,-1.35,-1.15,-0.73,-0.93,-1.05,-1.02,-0.52,-0.57,0.05,-1.27,-0.73,-0.93,-2.08,-0.89
"4883",4883,"Josef Hickersberger",1978,"Austria",-0.46,-0.16,0.19,-0.45,0.46,-0.16,-0.2,0.05,0.16,-0.54,-0.59,0.59,-0.45,-0.51,1.14,-0.23,-0.11,-0.03
"4884",4884,"Kurt Jara",1978,"Austria",-0.46,-0.13,-0.12,0.22,0.31,0.41,-0.56,0.54,-0.68,-0.43,-0.52,0.29,-0.45,-1.27,-0.56,0.21,0.95,0.0675
"4885",4885,"Robert Sara",1978,"Austria",-0.46,-0.44,2.38,-0.27,2.04,1.96,1.03,1.45,1.66,1.27,0.17,0.12,-0.45,1.59,0.12,0.76,3.41,1.705
"4886",4886,"Walter Schachner",1978,"Austria",0.63,-0.11,-0.43,0.22,-1.09,-0.86,-0.38,-0.44,-1.05,-1.02,-0.66,-0.57,-0.2,-0.89,0.12,0.08,-1.3,-0.5275
"4887",4887,"Wilhelm Kreuz",1978,"Austria",-0.46,0.98,-0.43,0.76,1.15,-0.16,0.85,0.96,0.61,1.09,-0.72,0.72,-0.45,1.4,0.46,0.03,0.8,0.305
"4888",4888,"Chicao",1978,"Brazil",-0.46,-0.71,-0.75,-0.75,-1.02,-1.11,-0.91,-1.04,-0.69,-0.49,-0.67,-0.19,-0.48,-0.94,0.09,-0.97,-2.15,-0.9525
"4889",4889,"Dirceu",1978,"Brazil",2.35,0.05,-0.21,-0.39,1.53,1.01,1.51,1.42,1.35,1.51,-0.19,-0.57,-0.48,0.2,-0.34,0.25,2.43,0.9325
"4890",4890,"Edinho",1978,"Brazil",-0.46,-0.63,0.32,-0.44,-0.74,-0.35,-0.3,-0.34,-0.34,-0.26,0.1,-0.57,-0.06,0.69,0.24,-0.37,-0.69,-0.1675
"4891",4891,"Gil",1978,"Brazil",-0.46,0.74,0.06,0.44,-0.66,-0.72,0.75,-0.12,-0.93,-0.85,-0.72,-0.57,-0.48,0.2,0.09,0.36,-0.84,-0.00750000000000001
"4892",4892,"Joao Batista da Silva Batista",1978,"Brazil",-0.46,-0.51,-0.75,-0.7,1.94,0.07,0,0.02,2.82,2.56,0.34,0.01,-0.27,0.86,0.97,-0.1,0.09,-0.165
"4893",4893,"José Oscar Bernardi",1978,"Brazil",-0.46,-0.52,-0.75,-0.44,0.68,0.25,-0.61,-0.27,-0.93,2.23,2.77,3.62,2.71,1.84,-0.93,-0.79,-0.02,-0.345
"4894",4894,"José Reinaldo de Lima Reinaldo",1978,"Brazil",0.47,0.4,-0.48,0.34,-1.12,-1.11,-0.3,-0.48,-0.9,-0.86,-0.67,-0.57,-0.69,0.53,0.24,-0.89,-1.59,-0.5925
"4895",4895,"José Rodrigues Neto",1978,"Brazil",-0.46,-0.57,0.32,-0.54,-0.43,-0.26,0.15,-0.19,-0.45,0.31,-0.55,-0.57,-0.48,0.53,-0.49,-0.56,-0.45,0.005
"4896",4896,"João Justino Amaral dos Santos Amaral",1978,"Brazil",-0.46,-0.44,-0.75,-0.59,1.03,0.43,-0.76,0.72,-0.53,1.4,2.06,1.63,-0.27,-0.94,-0.78,-0.83,1.15,-0.09
"4897",4897,"Leão",1978,"Brazil",-0.46,-0.71,-0.75,-0.75,0.62,1.77,-0.91,-0.9,-1.05,-1.02,-0.67,-0.57,-0.69,-1.27,-1.08,-1.01,0.87,-0.1975
"4898",4898,"Manoel Rezende de Matos Cabral",1978,"Brazil",1.41,0.2,-0.21,-0.75,-0.28,0.43,-0.3,0.93,-0.17,0.09,0.16,-0.57,-0.48,0.37,-0.34,-0.28,1.36,0.2125
"4899",4899,"Mendonca",1978,"Brazil",-0.46,1.21,-0.48,0.86,0.84,-0.78,0.75,1.35,-0.5,-0.68,-0.67,-0.57,-0.69,-0.94,0.09,0.45,0.57,0.21
"4900",4900,"Rivellino",1978,"Brazil",-0.46,-0.47,-0.75,-0.7,-0.61,-0.48,-0.15,-0.69,-0.17,-0.25,-0.67,-0.57,-0.69,-0.45,-0.05,-0.6,-1.17,-0.5175
"4901",4901,"Roberto Dinamite",1978,"Brazil",2.35,1.25,-0.75,1.74,-0.73,-1.02,-0.76,-0.76,-0.75,-0.66,-0.72,-0.19,0.79,-0.13,0.53,0.14,-1.78,-0.8225
"4902",4902,"Toninho",1978,"Brazil",-0.46,-0.38,1.67,-0.59,0.59,0.68,0.15,0.58,1.39,0.61,0.64,-0.57,0.16,1.51,-0.34,0.2,1.26,0.77
"4903",4903,"Toninho Cerezo",1978,"Brazil",-0.46,-0.13,-0.21,-0.28,1.43,0.43,-0.45,0.37,0.72,1.16,-0.61,-0.57,-0.27,0.69,-0.34,0.44,0.8,0.035
"4904",4904,"Zico",1978,"Brazil",0.47,1.1,-0.48,-0.28,-0.78,-0.84,-0.15,-0.69,-0.02,-0.39,-0.61,-0.57,-0.27,-0.29,-0.05,-0.01,-1.53,-0.54
"4905",4905,"Bernard Lacombe",1978,"France",1.72,0.64,-0.12,1.43,-0.31,-0.76,-0.2,-0.69,-0.69,-0.14,-0.72,0.66,-0.2,-0.13,0.97,0.1,-1.45,-0.4425
"4906",4906,"Christian Dalger",1978,"France",-0.46,-0.42,0.5,-0.75,-1.11,-0.83,-0.2,-0.03,-0.27,-1.02,-0.72,-0.57,-0.69,-1.27,-0.05,0.03,-0.86,-0.14
"4907",4907,"Christian Lopez",1978,"France",1.72,-0.42,-0.75,-0.75,-0.18,0.02,-0.91,-0.19,3.03,3.19,0.79,4.79,-0.69,1.4,-0.39,-0.6,-0.17,-0.4575
"4908",4908,"Claude Papi",1978,"France",-0.46,-0.6,-0.75,-0.27,-1.09,-1.11,-0.91,-0.69,-0.73,-0.51,-0.59,-0.57,-0.69,-0.89,-1.08,-0.72,-1.8,-0.865
"4909",4909,"Didier Six",1978,"France",-0.46,0.42,3.01,0.1,-0.26,-0.41,2.97,0.3,0.38,-0.4,-0.72,-0.57,0.3,1.78,-0.39,1.42,-0.11,1.4675
"4910",4910,"Dominique Bathenay",1978,"France",-0.46,-0.42,-0.12,-0.39,0.01,-0.05,0.85,0.79,-0.01,0.34,-0.03,-0.57,-0.2,-0.13,-0.39,1.33,0.74,0.3675
"4911",4911,"Dominique Dropsy",1978,"France",-0.46,-0.71,-0.75,-0.75,-0.85,-0.48,-0.91,-1.18,-1.05,-1.02,-0.72,-0.57,-0.69,-1.27,-1.08,-1.01,-1.66,-0.83
"4912",4912,"Dominique Rocheteau",1978,"France",1.72,0.56,2.38,0.94,-0.45,-0.41,0.5,-0.19,1.03,-0.74,-0.59,-0.57,-0.69,-0.51,-0.05,1.17,-0.6,0.57
"4913",4913,"Dominque Baratelli",1978,"France",-0.46,-0.71,-0.75,-0.75,-1.57,-1.18,-0.91,-1.18,-1.05,-1.02,-0.72,-0.57,-0.69,-1.27,-1.08,-1.01,-2.36,-1.005
"4914",4914,"François Bracci",1978,"France",-0.46,-0.45,-0.12,-0.51,-0.53,-0.12,-0.56,-0.69,-0.09,0,0.79,-0.57,0.79,0.26,-1.08,-0.88,-0.81,-0.3725
"4915",4915,"Gérard Janvion",1978,"France",-0.46,-0.6,-0.12,-0.27,0.22,0.09,-0.56,-0.52,-0.01,1.19,1.21,-0.57,-0.69,0.64,-0.39,-0.47,-0.43,-0.2775
"4916",4916,"Henri Michel",1978,"France",-0.46,0.02,2.38,-0.14,1.15,0.51,1.21,1.61,1.24,0.46,-0.31,-0.57,-0.2,0.64,0.29,1.93,2.12,1.4275
"4917",4917,"Jean Petit",1978,"France",-0.46,-0.71,-0.12,0.46,0.03,0.02,-0.2,-0.03,-0.73,-0.51,-0.45,-0.57,-0.69,0.26,-1.08,1.48,-0.01,-0.0825
"4918",4918,"Jean-Marc Guillou",1978,"France",-0.46,-0.56,-0.75,-0.63,-0.66,-0.83,-0.2,0.13,-1.05,-1.02,-0.59,-0.57,-0.69,-0.51,-0.39,-0.69,-0.7,-0.4125
"4919",4919,"Jean-Paul Bertand-Demanes",1978,"France",-0.46,-0.71,-0.75,-0.75,-0.74,-0.12,-0.91,-1.18,-1.05,-1.02,-0.72,-0.57,-0.69,-1.27,-1.08,-1.01,-1.3,-0.74
"4920",4920,"Marc Berdoll",1978,"France",1.72,2.96,-0.75,2.03,-1.14,-1.11,-0.56,-0.52,-0.34,-1.02,-0.72,-0.57,-0.69,-0.51,-0.73,0.89,-1.63,-0.735
"4921",4921,"Marius Trésor",1978,"France",-0.46,-0.6,-0.75,0.46,0.7,1.29,-0.2,1.12,1.85,3.27,2.73,2.67,2.78,1.02,-0.73,-0.09,2.41,0.365
"4922",4922,"Maxime Bossis",1978,"France",-0.46,-0.42,-0.12,-0.39,0.3,0.23,1.56,1.12,3.49,0.72,0.24,-0.57,0.79,-0.13,-0.73,-0.66,1.35,0.6975
"4923",4923,"Michel Platini",1978,"France",1.72,0.82,-0.75,1.31,1.23,0.73,0.5,1.28,1.85,0.4,-0.72,-0.57,-0.2,1.4,1.65,2.53,2.01,0.44
"4924",4924,"Olivier Rouyer",1978,"France",-0.46,-0.13,-0.12,0.82,-0.85,-0.62,0.85,0.63,-0.73,-0.77,-0.72,-0.57,-0.69,-0.13,0.29,1.17,0.01,0.185
"4925",4925,"Patrice Rio",1978,"France",-0.46,-0.64,-0.75,-0.75,-0.87,-0.69,-0.91,-0.85,-0.27,-0.09,0.79,-0.57,1.29,-0.51,-1.08,-1.01,-1.54,-0.8
"4926",4926,"Patrick Battiston",1978,"France",-0.46,-0.71,-0.12,-0.75,-0.66,0.02,-0.91,-1.02,-0.33,1.26,-0.31,0.55,-0.2,-0.89,-1.08,-0.12,-1,-0.5075
"4927",4927,"Andras Toth",1978,"Hungary",1.72,2.42,1.13,-0.51,-1.35,-0.97,-0.91,-1.18,-0.5,-1.02,-0.72,-0.57,-0.69,-1.27,-1.08,0,-2.15,-0.4825
"4928",4928,"András Törõcsik",1978,"Hungary",-0.46,1.18,-0.75,1.18,-0.31,-0.26,2.26,0.79,-0.36,-1.02,-0.72,-0.57,-0.2,0.26,2.34,0.06,0.53,0.51
"4929",4929,"Ferenc Meszaros",1978,"Hungary",-0.46,-0.71,-0.75,-0.75,-1.03,-0.19,-0.91,-1.18,-1.05,-1.02,-0.72,-0.57,-0.69,-1.27,-1.08,-1.01,-1.37,-0.7575
"4930",4930,"Gyözö Martos",1978,"Hungary",-0.46,-0.64,1.13,-0.51,0.7,2.35,0.15,0.79,0.28,-0.26,0.79,-0.57,-0.2,1.78,0.97,0.44,3.14,1.105
"4931",4931,"Istvan Halasz",1978,"Hungary",-0.46,0.24,-0.12,-0.14,-1.09,-0.9,-0.91,-0.52,-0.87,-1.02,-0.72,-0.57,-0.69,-0.51,-1.08,-0.19,-1.42,-0.6125
"4932",4932,"Istvan Kocsis",1978,"Hungary",-0.46,-0.53,-0.12,-0.75,-0.55,-0.19,-0.91,-0.85,-0.07,-0.68,3.97,0.77,0.3,-0.51,-1.08,-0.41,-1.04,-0.5175
"4933",4933,"József Tóth",1978,"Hungary",-0.46,-0.64,-0.75,-0.75,0.51,2.21,-0.2,0.79,0.37,0.78,0.93,-0.57,-0.69,2.17,-0.73,-0.22,3,0.5125
"4934",4934,"Karoly Csapo",1978,"Hungary",1.72,1.65,0.5,0.1,-0.37,-0.48,-0.91,0.46,-0.69,-0.44,-0.17,-0.57,-0.2,0.26,-0.05,-0.16,-0.02,-0.1075
"4935",4935,"Laszlo Bálint",1978,"Hungary",-0.46,-0.71,-0.75,-0.75,-1.38,-1.04,-0.91,-0.85,-0.77,-0.35,0.1,1.2,-0.2,-1.27,-0.73,-1.01,-1.89,-0.8875
"4936",4936,"Laszlo Pusztai",1978,"Hungary",-0.46,0.82,1.13,2.51,-0.87,-0.55,-0.91,-0.19,0.17,-1.02,-0.59,-0.57,-0.2,-0.89,0.29,1.86,-0.74,-0.13
"4937",4937,"László Fazekas",1978,"Hungary",-0.46,0.09,-0.75,0.22,-1.33,-1.04,-0.91,-1.02,-1.05,-1.02,-0.72,-0.57,-0.69,-1.27,-0.73,-0.91,-2.06,-0.93
"4938",4938,"László Nagy",1978,"Hungary",-0.46,0.38,-0.12,0.46,-0.74,-0.05,0.5,0.63,-0.62,-0.8,-0.17,-0.19,-0.2,-0.89,0.63,0.38,0.58,0.24
"4939",4939,"Peter Török",1978,"Hungary",-0.46,-0.67,-0.75,-0.75,-1.27,-1.11,0.15,-0.52,-1.05,-1.02,-0.45,-0.19,-0.69,-0.51,-0.73,-1.01,-1.63,-0.5575
"4940",4940,"Sandor Gujdar",1978,"Hungary",-0.46,-0.71,-0.75,-0.75,-0.39,1.01,-0.91,-1.18,-1.05,-1.02,-0.59,-0.57,-0.69,-1.27,-0.73,-1.01,-0.17,-0.4575
"4941",4941,"Sandor Zombori",1978,"Hungary",1.72,1,0.5,0.46,1.13,1.72,1.21,1.12,-0.34,0.16,0.1,-0.57,-0.2,1.4,0.63,1.58,2.84,1.1375
"4942",4942,"Sándor Pintér",1978,"Hungary",-0.46,-0.71,-0.75,-0.27,2.08,0.44,1.21,0.46,1.85,-0.07,-0.31,0.01,-0.2,2.93,2.34,-0.19,0.9,0.34
"4943",4943,"Tibor Nyilasi",1978,"Hungary",-0.46,-0.53,-0.75,-0.02,-0.15,0.09,0.15,0.46,0.17,-0.7,-0.59,0.2,0.79,1.02,-0.05,1.2,0.55,-0.0125
"4944",4944,"Zoltan Kereki",1978,"Hungary",-0.46,-0.71,-0.75,-0.51,-0.07,-0.12,-0.91,-0.85,0.35,0.35,3,0.96,0.3,1.02,-0.39,-0.72,-0.97,-0.6575
"4945",4945,"Ali Par Win",1978,"Iran",-0.46,0.2,1.76,0.22,1.66,0.94,0.15,1.94,-0.12,-0.01,0.24,-0.57,-0.69,-0.51,-0.73,0.54,2.88,1.1975
"4946",4946,"Andaranik Eskandarian",1978,"Iran",-0.46,-0.71,-0.75,-0.75,-0.26,-0.12,-0.56,-0.36,-0.74,0.49,1.07,0.76,-0.2,2.55,0.63,-0.69,-0.48,-0.4475
"4947",4947,"Ebrahim Kassempoor",1978,"Iran",-0.46,-0.24,-0.12,-0.02,0.81,0.16,0.15,1.12,-0.04,0.57,-0.45,-0.19,-0.2,0.26,-0.39,0.19,1.28,0.3275
"4948",4948,"Ghafoor Jahani",1978,"Iran",-0.46,-0.45,-0.12,1.79,-0.71,-1.04,-0.2,-0.85,-0.86,-0.78,-0.45,0.02,3.28,-0.13,0.29,0.06,-1.89,-0.5525
"4949",4949,"Hassan Naibagha",1978,"Iran",-0.46,-0.71,-0.75,-0.75,-1.11,-1.04,-0.91,-1.02,-0.93,-0.83,-0.31,0.18,-0.69,-0.13,-1.08,-1.01,-2.06,-0.93
"4950",4950,"Hassan Nazari",1978,"Iran",-0.46,-0.31,0.5,-0.51,0.81,1.58,0.15,0.13,0.41,-0.07,0.38,-0.19,-0.2,1.02,0.29,0.06,1.71,0.59
"4951",4951,"Hassan Rowshan",1978,"Iran",1.72,1.29,-0.75,-0.02,-1.01,-1.04,-0.2,-0.52,-1.05,-1.02,-0.72,-0.57,-0.2,-0.13,0.97,-0.79,-1.56,-0.6275
"4952",4952,"Hossein Kazerani",1978,"Iran",-0.46,-0.71,-0.75,-0.75,0.03,-0.05,-0.91,-1.02,0.2,0.56,2.18,0.18,-0.2,-0.13,-0.39,-0.91,-1.07,-0.6825
"4953",4953,"Hussein Faraki",1978,"Iran",-0.46,-0.13,-0.12,0.58,-0.69,-0.83,0.15,-0.52,-0.4,-0.48,-0.59,-0.57,-0.69,1.78,0.29,0.19,-1.35,-0.33
"4954",4954,"Iraj Danayfar",1978,"Iran",1.72,0.35,-0.12,0.58,-0.34,-0.76,2.61,0.96,-0.3,-0.58,-0.72,-0.57,-0.2,0.64,0.63,-0.03,0.2,0.6725
"4955",4955,"Jawad Allahwardi",1978,"Iran",-0.46,-0.67,-0.75,-0.75,-1.19,-0.9,-0.91,-1.18,-0.77,-0.35,-0.17,-0.57,0.3,0.26,-0.73,-1.01,-2.08,-0.935
"4956",4956,"Mohammad Sadeqi",1978,"Iran",-0.46,0.64,-0.75,0.1,0.67,-0.55,1.91,0.3,-0.25,1.29,-0.45,-0.57,0.3,1.4,-0.05,-0.47,-0.25,0.2275
"4957",4957,"Nasrollah Abdollahi",1978,"Iran",-0.46,-0.49,-0.75,-0.75,-0.79,-0.9,-0.91,-0.85,1.32,0.06,1.9,2.39,0.79,1.78,-0.39,-1.01,-1.75,-0.8525
"4958",4958,"Nasser Hejazi",1978,"Iran",-0.46,-0.71,-0.75,-0.75,0.17,1.79,-0.91,-1.18,-1.05,-1.02,-0.72,-0.57,-0.69,-0.51,-0.39,-1.01,0.61,-0.2625
"4959",4959,"Aldo Maldera",1978,"Italy",-0.46,-0.66,-0.75,-0.7,-1.35,-1.2,-0.76,-0.97,-0.52,-0.85,-0.43,-0.23,-0.48,-0.13,-1.08,-1.01,-2.17,-0.92
"4960",4960,"Antonello Cuccureddu",1978,"Italy",-0.46,-0.54,-0.48,-0.65,-0.55,-0.35,-0.76,-0.76,-0.25,-0.36,0.05,0.92,-0.27,-0.78,-0.34,-0.7,-1.11,-0.5875
"4961",4961,"Antonio Cabrini",1978,"Italy",-0.46,-0.38,1.67,-0.08,0.51,0.65,0.15,-0.05,0.02,1.17,1.23,-0.57,-0.06,1.18,0.83,0.11,0.6,0.605
"4962",4962,"Claudio Gentile",1978,"Italy",-0.46,-0.71,0.06,-0.44,0.62,0.89,0.3,-0.05,0.88,1.55,1.64,0.6,1.22,1.68,1.56,-0.39,0.84,0.3
"4963",4963,"Claudio Sala",1978,"Italy",-0.46,-0.71,-0.75,-0.75,-1.53,-1.23,-0.15,-0.97,-0.7,-0.64,-0.67,-0.57,-0.69,-0.94,-0.2,-1.01,-2.2,-0.775
"4964",4964,"Dino Zoff",1978,"Italy",-0.46,-0.71,-0.75,-0.75,0.31,1.43,-0.91,-1.11,-1.05,-1.02,-0.72,-0.57,-0.69,-1.27,-0.64,-1.01,0.32,-0.335
"4965",4965,"Francesco Graziani",1978,"Italy",-0.46,-0.52,-0.48,-0.59,-1.5,-1.23,-0.76,-0.97,-1.05,-0.92,-0.72,-0.57,-0.48,-1.11,-1.08,-0.86,-2.2,-0.86
"4966",4966,"Franco Causio",1978,"Italy",0.47,0.57,1.67,0.24,1.12,1.37,1.96,1.14,0.43,0.53,-0.49,-0.57,-0.27,0.04,0.68,1.29,2.51,1.535
"4967",4967,"Gaetano Scirea",1978,"Italy",-0.46,-0.71,-0.21,-0.7,1.37,1.34,-0.61,0.3,0.53,1,3.3,3.43,-0.06,-0.45,-0.93,-0.6,1.64,0.205
"4968",4968,"Giancarlo Antognoni",1978,"Italy",-0.46,-0.02,-0.48,-0.54,-0.01,-0.51,0,-0.05,-0.3,0.17,-0.49,-0.06,-0.27,-0.62,-0.34,-0.52,-0.56,-0.26
"4969",4969,"Marco Tardelli",1978,"Italy",-0.46,0.15,0.06,-0.18,1.06,0.28,1.05,0.3,0.66,1.23,0.46,0.95,0.16,0.86,1.26,-0.37,0.58,0.4225
"4970",4970,"Mauro Bellugi",1978,"Italy",-0.46,-0.71,-0.75,-0.75,-0.8,-0.81,-0.91,-1.11,0.12,0.68,0.7,0.21,1.22,-0.13,-0.05,-0.94,-1.92,-0.895
"4971",4971,"Paolo Rossi",1978,"Italy",2.35,1.01,1.4,1.48,0.31,-0.57,1.36,-0.12,0.15,-0.92,-0.67,-0.07,0.79,0.2,1.56,1.29,-0.69,0.5175
"4972",4972,"Patrizio Sala",1978,"Italy",-0.46,-0.65,-0.75,-0.75,-1.26,-1.11,-0.91,-1.18,-0.73,-0.85,-0.67,0.1,-0.06,-0.62,-0.93,-1.01,-2.29,-0.9875
"4973",4973,"Renato Zaccarelli",1978,"Italy",0.47,-0.35,0.32,0.03,-0.67,-0.72,-0.45,-0.69,-0.25,-0.28,-0.01,-0.57,0.16,-0.78,-0.64,-0.28,-1.41,-0.385
"4974",4974,"Roberto Bettega",1978,"Italy",1.41,2.2,-0.75,2.41,0.11,-0.69,1.21,-0.05,-0.73,-0.5,-0.01,-0.57,3.98,0.2,2.87,0.38,-0.74,-0.07
"4975",4975,"Romeo Benetti",1978,"Italy",0.47,-0.02,0.06,-0.28,0.75,0.1,-0.3,0.02,0.47,0.66,-0.07,0.51,-0.69,2.33,-0.2,-0.18,0.12,-0.03
"4976",4976,"Alfredo Tena",1978,"Mexico",-0.46,-0.71,-0.75,-0.75,-1.14,-0.76,-0.91,-1.18,1.77,0.14,0.79,0.13,1.29,-0.89,-0.39,-1.01,-1.94,-0.9
"4977",4977,"Antonio de la Torre",1978,"Mexico",-0.46,0.31,-0.12,0.1,1.79,1.22,0.15,1.28,0.49,0.93,-0.03,-0.57,-0.69,-0.51,-0.05,0.76,2.5,0.6325
"4978",4978,"Arturo Vazquez Ayala",1978,"Mexico",1.72,2.49,-0.12,-0.75,1.66,1.79,0.15,0.63,0.53,1.38,1.49,1.07,-0.69,0.26,1.31,-0.28,2.42,0.6125
"4979",4979,"Carlos Gomez",1978,"Mexico",-0.46,-0.71,-0.75,-0.75,-0.66,-0.48,-0.56,-0.52,-0.53,-0.19,0.52,0.26,-0.69,-1.27,-0.73,-1.01,-1,-0.5775
"4980",4980,"Cristobal Ortega",1978,"Mexico",-0.46,-0.34,0.5,-0.14,-0.98,-1.11,-0.56,-0.19,-0.79,-0.19,-0.72,-0.57,-0.69,-0.89,0.97,-0.25,-1.3,-0.34
"4981",4981,"Eduardo Ramos",1978,"Mexico",-0.46,-0.71,-0.75,-0.63,-0.58,0.44,-0.56,-0.52,-0.15,0.32,1.35,2.76,0.3,-0.51,-0.05,-1.01,-0.08,-0.3475
"4982",4982,"Enrique Lopez",1978,"Mexico",-0.46,-0.6,0.5,-0.75,-1.11,-0.62,-0.91,-0.69,-1.05,-0.84,-0.59,-0.57,-0.69,-1.27,-0.39,-0.31,-1.31,-0.43
"4983",4983,"Gerardo Lugo Gomez",1978,"Mexico",-0.46,0.27,-0.12,0.1,-0.87,-0.69,0.5,-0.03,-1.05,-1.02,-0.72,-0.57,-0.69,-0.89,-1.08,-0.22,-0.72,-0.085
"4984",4984,"Guillermo Mendizabal",1978,"Mexico",-0.46,0.35,0.5,0.82,0.54,-0.48,0.85,1.94,-0.08,0.1,-0.31,-0.57,-0.2,-0.13,0.63,0.82,1.46,0.7025
"4985",4985,"Hugo Sanchez",1978,"Mexico",-0.46,1.65,1.13,3.12,0.81,0.09,0.15,0.79,0.45,-0.45,-0.72,-0.57,-0.2,-0.89,1.31,2.97,0.88,0.54
"4986",4986,"Ignacio Flores",1978,"Mexico",-0.46,-0.71,-0.12,-0.63,-1.17,-0.9,-0.56,-0.85,-0.26,-0.4,0.24,0.26,-0.69,-0.89,-0.39,-0.47,-1.75,-0.6075
"4987",4987,"Javier Cardenas",1978,"Mexico",-0.46,-0.67,-0.12,-0.75,-0.95,-0.97,-0.91,-1.02,-0.79,-0.81,-0.72,-0.57,-0.69,-0.89,-1.08,-0.69,-1.99,-0.755
"4988",4988,"Jesus Martinez",1978,"Mexico",-0.46,-0.64,-0.75,-0.75,-0.07,0.02,-0.2,0.46,0.36,0.5,-0.03,-0.57,-0.69,-0.13,-0.73,-0.88,0.48,-0.1175
"4989",4989,"Jose Pilar Reyes",1978,"Mexico",-0.46,-0.71,-0.75,-0.75,-0.63,0.09,-0.91,-1.18,-1.05,-1.02,-0.72,-0.57,-0.69,-1.27,-1.08,-1.01,-1.09,-0.6875
"4990",4990,"Leonardo Cuellar",1978,"Mexico",-0.46,1.22,3.63,1.67,2.4,2.14,1.91,2.76,-0.83,-0.08,-0.03,-0.57,0.3,-0.89,1.31,3.47,4.9,2.61
"4991",4991,"Pedro Soto",1978,"Mexico",-0.46,-0.71,-0.75,-0.75,-0.47,0.94,-0.91,-1.02,-1.05,-1.02,-0.72,-0.57,-0.69,-1.27,-1.08,-1.01,-0.0800000000000001,-0.435
"4992",4992,"Raul Isiordia",1978,"Mexico",-0.46,-0.34,1.13,0.1,-0.9,-0.41,0.85,0.79,-0.66,-1.02,-0.59,-0.57,-0.69,-1.27,-0.05,0.89,0.38,0.59
"4993",4993,"Rigoberto Cisneros",1978,"Mexico",-0.46,0.13,-0.75,-0.39,-1.01,-0.55,-0.91,-0.85,-0.26,0.44,1.07,1.07,1.79,-0.89,-1.08,-1.01,-1.4,-0.765
"4994",4994,"Victor Rangel",1978,"Mexico",1.72,1.29,-0.12,2.27,-0.21,-0.83,-0.91,-0.69,0,-0.45,-0.72,-0.57,-0.2,1.02,1.65,0.38,-1.52,-0.6375
"4995",4995,"Adrie van Kraay",1978,"Netherlands",-0.46,-0.71,-0.49,-0.75,-1.5,-1.21,-0.76,-1.05,-0.8,-1.02,-0.55,-0.57,-0.69,-0.96,-1.08,-0.81,-2.26,-0.8775
"4996",4996,"Arie Haan",1978,"Netherlands",1.32,0.23,2.32,0.14,0.8,0.64,-0.62,0.1,2.43,0.96,-0.55,-0.19,-0.49,2.32,0.74,1.63,0.74,0.61
"4997",4997,"Dick Nanninga",1978,"Netherlands",0.43,-0.19,-0.75,0.49,-1.37,-1.15,-0.91,-1.11,-1.05,-0.62,-0.72,-0.57,0.93,-1.12,-0.8,-0.62,-2.26,-0.98
"4998",4998,"Ernie Brandts",1978,"Netherlands",1.32,-0.44,-0.75,-0.5,-0.86,-0.95,-0.76,-0.58,-0.05,-0.14,0.8,0.3,0.52,0.29,-0.94,-0.93,-1.53,-0.76
"4999",4999,"Jan Boskamp",1978,"Netherlands",-0.46,-0.59,-0.49,-0.65,-1.2,-1.18,-0.76,-1.18,-0.67,-0.95,-0.67,-0.57,-0.69,-0.8,-0.66,-0.69,-2.36,-0.9025
"5000",5000,"Jan Jongbloed",1978,"Netherlands",-0.46,-0.71,-0.75,-0.75,-0.2,1.34,-0.91,-1.18,-1.05,-1.02,-0.67,-0.57,-0.69,-1.27,-0.8,-1.01,0.16,-0.375
"5001",5001,"Jan Poortvliet",1978,"Netherlands",-0.46,-0.22,-0.49,-0.16,0.24,-0.17,-0.76,-0.17,1.01,0.4,0.12,-0.13,0.12,1.7,-0.66,-0.56,-0.34,-0.3975
"5002",5002,"Johan Neeskens",1978,"Netherlands",-0.46,0.59,0.02,1.43,-0.33,-0.63,-0.33,-0.24,0.44,0.18,-0.16,-0.57,1.34,0.14,0.6,-0.27,-0.87,-0.295
"5003",5003,"Johnny Rep",1978,"Netherlands",2.22,1.4,0.53,1.53,-0.05,-0.28,0.39,1.17,-0.44,-0.68,-0.61,-0.57,1.34,1.07,1.3,0.58,0.89,0.4525
"5004",5004,"Piet Schrijvers",1978,"Netherlands",-0.46,-0.71,-0.75,-0.75,-0.94,-0.31,-0.91,-1.18,-1.05,-1.02,-0.67,-0.57,-0.69,-1.27,-0.94,-1.01,-1.49,-0.7875
"5005",5005,"Piet Wildschut",1978,"Netherlands",-0.46,-0.65,-0.49,-0.65,-0.93,-1.01,0.1,-0.64,-0.69,-0.4,-0.33,-0.57,-0.29,-0.18,-0.1,-0.93,-1.65,-0.51
"5006",5006,"Rene van de Kerkhof",1978,"Netherlands",0.43,0.17,3.6,0.98,-0.11,-0.25,1.54,1.31,-0.1,0.34,-0.67,-0.57,-0.49,0.45,0.6,2.13,1.06,1.55
"5007",5007,"Rob Rensenbrink",1978,"Netherlands",4.01,6.71,-0.24,3.36,-0.08,-0.75,1.11,0.9,0.01,-0.4,-0.5,-0.19,0.32,0.29,1.16,0.62,0.15,0.255
"5008",5008,"Ruud Krol",1978,"Netherlands",-0.46,-0.44,-0.24,-0.7,2.43,1.77,0.24,1.78,2.38,1.53,1.31,1.84,0.52,1.23,-0.38,0.45,3.55,0.8875
"5009",5009,"Willy van de Kerkhof",1978,"Netherlands",0.43,0.35,1.3,0.09,1.2,1.16,0.82,0.7,3.45,2.31,-0.16,-0.2,-0.69,2.32,-0.24,1.16,1.86,0.995
"5010",5010,"Wim Jansen",1978,"Netherlands",-0.46,-0.57,1.81,-0.5,1.09,0.59,-0.19,0.7,1.63,1.47,0.12,-0.57,0.12,0.45,0.6,0.95,1.29,0.7275
"5011",5011,"Wim Rijsbergen",1978,"Netherlands",-0.46,-0.69,-0.49,-0.75,-0.82,-0.77,-0.76,-0.58,-0.37,-0.11,-0.05,-0.27,-0.29,-0.02,-0.24,-0.79,-1.35,-0.65
"5012",5012,"Wim Suurbier",1978,"Netherlands",-0.46,-0.57,0.02,-0.65,-0.39,-0.34,-0.91,-0.78,0.28,-0.45,0.01,0.01,-0.29,0.92,-0.8,-0.67,-1.12,-0.5025
"5013",5013,"Alfredo Quesada",1978,"Peru",-0.46,-0.56,-0.75,-0.63,-0.29,-0.55,-0.91,-0.61,0.1,-0.21,-0.45,-0.57,-0.69,-0.51,-0.56,-0.91,-1.16,-0.705
"5014",5014,"Cesar Cueto",1978,"Peru",0.63,0.11,-0.43,0.04,1.62,0.51,0.68,0.3,0.36,-0.41,-0.45,-0.04,-0.69,1.02,-0.56,1.07,0.81,0.265
"5015",5015,"Guillermo La Rosa",1978,"Peru",-0.46,0.05,-0.75,0.46,-0.53,-1.04,-0.56,-0.28,-0.52,-0.58,-0.45,0.42,0.05,-0.32,0.46,-0.25,-1.32,-0.6575
"5016",5016,"Hector Chumpitaz",1978,"Peru",-0.46,-0.4,-0.75,-0.75,0.57,1.22,-0.38,0.05,0.59,1.3,2.38,1.62,0.05,-0.32,-0.39,-0.88,1.27,0.035
"5017",5017,"Hugo Sotil",1978,"Peru",-0.46,-0.71,-0.75,-0.51,-1.18,-1.22,-0.73,-1.1,-0.98,-1.02,-0.72,-0.57,-0.2,-0.89,-0.39,-0.82,-2.32,-0.95
"5018",5018,"Jaíme Duarte",1978,"Peru",-0.46,-0.51,-0.75,-0.69,1.28,1.5,-0.38,0.54,0.24,-0.19,1,-0.57,0.55,1.59,0.29,-0.99,2.04,0.2275
"5019",5019,"José Navarro",1978,"Peru",-0.46,-0.71,-0.75,-0.75,-0.82,-0.51,-0.56,-0.85,-0.61,0.07,-0.38,-0.57,-0.2,0.07,-0.73,-0.83,-1.36,-0.6675
"5020",5020,"José Velâsquez",1978,"Peru",0.63,-0.33,-0.75,-0.57,0.66,-0.02,-0.73,-0.03,1.31,1.14,0.59,1.43,0.55,1.02,-0.56,-0.71,-0.05,-0.3825
"5021",5021,"Juan Munante",1978,"Peru",-0.46,0.15,2.07,0.22,-0.31,-0.37,2.97,1.69,-0.98,-0.85,-0.72,-0.57,-0.2,0.07,2,0.71,1.32,1.59
"5022",5022,"Juan Oblitas",1978,"Peru",-0.46,0.09,0.19,0.82,0.11,-0.12,2.44,2.19,-0.5,-0.69,-0.66,-0.1,-0.2,0.26,2.34,0.57,2.07,1.175
"5023",5023,"Percy Rojas",1978,"Peru",-0.46,-0.56,-0.75,-0.75,-1.45,-1.29,-0.56,-1.1,-1.05,-0.93,-0.72,-0.57,-0.69,-1.27,-1.08,-1.01,-2.39,-0.925
"5024",5024,"Ramón Quiroga",1978,"Peru",-0.46,-0.71,-0.75,-0.75,0.69,2.21,-0.91,-1.02,-0.88,-1.02,-0.59,-0.57,-0.69,-1.08,0.29,-1.01,1.19,-0.1175
"5025",5025,"Raul Gorriti",1978,"Peru",-0.46,-0.67,-0.75,-0.75,-1.41,-1.15,-0.73,-1.02,-0.99,-0.97,-0.66,-0.57,-0.69,-0.89,-1.08,-1.01,-2.17,-0.9125
"5026",5026,"Roberto Rojas",1978,"Peru",-0.46,-0.49,0.19,-0.27,-1.29,-1.08,-0.73,-0.85,-0.93,-0.83,-0.45,-0.57,-0.69,-0.89,-0.9,-0.61,-1.93,-0.6175
"5027",5027,"Rodolfo Manzo",1978,"Peru",-0.46,-0.71,-0.75,-0.75,-0.67,-0.55,-0.73,-1.02,-0.16,1.06,2.73,1.57,0.79,1.02,-0.05,-0.93,-1.57,-0.7625
"5028",5028,"Rubén Toribio Díaz",1978,"Peru",-0.46,-0.71,-0.75,-0.75,-0.65,0.02,-0.38,-0.77,0.35,-0.32,0.17,-0.06,-0.69,0.83,-0.9,-0.98,-0.75,-0.47
"5029",5029,"Teófilo Cubillas",1978,"Peru",5,3.94,-0.75,0.04,1.63,0.97,1.73,1.86,-0.31,0,-0.66,-0.2,-0.45,-1.08,0.63,1.85,2.83,0.9525
"5030",5030,"Adam Nawalka",1978,"Poland",-0.46,-0.44,-0.12,0.4,0.43,0.16,1.21,0.79,0.16,0.9,-0.38,-0.18,1.54,1.4,0.97,0.54,0.95,0.51
"5031",5031,"Andrzej Iwan",1978,"Poland",-0.46,-0.18,-0.43,0.46,-1.5,-1.25,-0.73,-0.93,-0.81,-1.02,-0.59,-0.57,0.3,-0.7,-0.73,-0.74,-2.18,-0.835
"5032",5032,"Andrzej Szarmach",1978,"Poland",0.63,1.25,-0.75,1.91,-0.79,-0.65,-0.2,-0.03,-0.44,-0.51,-0.59,-0.57,2.03,-0.13,0.29,0.59,-0.68,-0.4075
"5033",5033,"Antoni Szymanawski",1978,"Poland",-0.46,-0.64,0.19,-0.75,1.79,2.5,0.5,2.43,1.78,0.72,0.66,0.21,0.05,-0.32,0.63,-0.06,4.93,1.405
"5034",5034,"Bohdan Masztaler",1978,"Poland",-0.46,-0.31,0.5,-0.39,-0.09,-0.3,-0.73,-0.28,-0.42,-0.33,-0.52,0.32,-0.69,0.64,-0.73,-0.3,-0.58,-0.2025
"5035",5035,"Grzegorz Lato",1978,"Poland",1.72,1.49,1.76,2.82,-0.13,-0.3,1.03,0.79,0.73,-0.06,-0.38,-0.57,-0.2,0.45,0.63,2.98,0.49,0.82
"5036",5036,"Henryk Kasperczak",1978,"Poland",-0.46,-0.2,1.13,-0.33,0.49,0.27,0.32,1.37,1.6,0.62,-0.03,0.75,-0.69,0.83,-0.22,0.55,1.64,0.7725
"5037",5037,"Henryk Maculewicz",1978,"Poland",-0.46,-0.53,1.44,-0.63,0.85,1.82,-0.38,1.53,1.58,0.66,0.52,0.17,0.55,2.17,-0.39,1.72,3.35,1.1025
"5038",5038,"Jan Tomaszewski",1978,"Poland",-0.46,-0.71,-0.75,-0.75,-0.21,0.66,-0.91,-1.1,-1.05,-1.02,-0.59,-0.57,-0.69,-1.27,-1.08,-0.93,-0.44,-0.525
"5039",5039,"Jerzy Gorgon",1978,"Poland",-0.46,-0.38,-0.75,-0.45,-0.15,-0.02,-0.91,-0.77,-0.15,-0.43,1.14,0.62,0.3,0.45,-0.56,-0.6,-0.79,-0.6125
"5040",5040,"Kazimierz Deyna",1978,"Poland",0.63,3.62,3.01,1.37,1.96,1.43,1.21,1.94,-0.46,0.62,-0.45,-0.21,-0.45,-0.51,0.12,3.79,3.37,1.8975
"5041",5041,"Wladyslaw Zmuda",1978,"Poland",-0.46,-0.67,-0.43,-0.69,-0.02,-0.37,-0.56,0.46,1.96,0.35,1.28,-0.57,1.54,1.78,-0.22,-0.47,0.09,-0.225
"5042",5042,"Wlodzimierz Lubanski",1978,"Poland",-0.46,-0.04,-0.12,0.58,-0.99,-0.83,-0.73,-0.44,-0.94,-0.61,-0.72,-0.57,-0.2,-0.89,-0.9,0.9,-1.27,-0.53
"5043",5043,"Wojciech Rudy",1978,"Poland",-0.46,-0.67,-0.12,-0.75,-1.05,-0.69,-0.91,-0.93,-1.05,-0.89,-0.59,-0.57,-0.69,-0.7,-0.9,-0.68,-1.62,-0.6625
"5044",5044,"Zbigniew Boniek",1978,"Poland",1.72,0.67,0.5,0.88,0.35,-0.3,2.26,1.45,-0.16,0.45,-0.59,-0.15,0.05,0.64,1.14,1.28,1.15,0.9775
"5045",5045,"Zygmunt Kukla",1978,"Poland",-0.46,-0.71,-0.75,-0.75,-0.99,-0.69,-0.91,-1.18,-1.05,-1.02,-0.72,-0.57,-0.69,-1.27,-1.08,-1.01,-1.87,-0.8825
"5046",5046,"Alan Rough",1978,"Scotland",-0.46,-0.71,-0.75,-0.75,0.75,2.57,-0.91,-1.18,-1.05,-1.02,-0.72,-0.57,-0.69,-0.89,-0.73,-0.85,1.39,-0.0675
"5047",5047,"Archie Gemmill",1978,"Scotland",3.91,2.6,1.76,-0.14,0.33,0.51,0.5,-0.36,-0.26,0.2,-0.59,0.59,-0.2,0.26,1.31,2.08,0.15,0.6025
"5048",5048,"Asa Hartford",1978,"Scotland",-0.46,1.44,1.13,0.1,1.07,0.37,1.91,1.28,-0.31,0.78,-0.72,0.59,-0.69,0.26,0.97,1.61,1.65,1.1725
"5049",5049,"Bruce Rioch",1978,"Scotland",-0.46,0.53,-0.12,0.34,-0.1,-0.62,0.15,0.3,0.43,-0.73,-0.59,-0.57,-0.2,-0.13,0.29,0.16,-0.32,-0.0725
"5050",5050,"Donald Masson",1978,"Scotland",-0.46,2.56,-0.12,-0.02,-0.74,-0.41,-0.2,-0.52,-1.05,-0.44,-0.59,-0.57,-0.69,-1.27,-0.73,0.95,-0.93,-0.3125
"5051",5051,"Graeme Souness",1978,"Scotland",-0.46,-0.71,1.76,-0.02,0.01,-0.55,-0.56,-0.03,-0.68,-1.02,-0.59,-0.57,-0.69,-0.13,-0.73,0.98,-0.58,0.155
"5052",5052,"Joe Jordan",1978,"Scotland",1.72,2.24,-0.75,6.62,0.09,-1.04,1.21,-0.36,0.57,-0.1,-0.59,0.59,6.25,2.55,6.77,1.58,-1.4,-0.235
"5053",5053,"John Robertson",1978,"Scotland",-0.46,-0.42,1.76,-0.51,-1.14,-0.62,0.15,-0.52,-0.63,-0.69,-0.72,-0.57,-0.2,-0.89,0.97,0.76,-1.14,0.1925
"5054",5054,"Kenneth Burns",1978,"Scotland",-0.46,-0.71,-0.75,0.22,0.3,0.16,-0.91,0.63,0.9,-0.1,0.1,3.2,0.3,-0.51,-0.39,0.22,0.79,-0.2175
"5055",5055,"Kenny Dalglish",1978,"Scotland",1.72,1.94,1.76,3.84,0.22,0.3,-0.91,-0.36,-0.21,-0.69,-0.59,-0.57,-0.2,0.26,0.97,1.2,-0.06,0.1975
"5056",5056,"Lou Macari",1978,"Scotland",-0.46,-0.38,-0.75,0.22,-0.93,-0.9,-0.91,-0.85,-0.21,-0.69,-0.72,-0.57,-0.69,-0.89,-0.05,-0.72,-1.75,-0.8525
"5057",5057,"Martin Buchan",1978,"Scotland",-0.46,-0.71,-0.12,-0.63,0.86,0.94,-0.56,-0.52,2.71,0.83,1.35,1.9,0.3,0.64,-0.73,-0.19,0.42,-0.065
"5058",5058,"Sandy Jardin",1978,"Scotland",-0.46,-0.53,-0.12,-0.75,-0.42,-0.33,-0.56,-0.36,-0.21,-0.02,-0.31,-0.57,-0.2,-0.89,-0.73,-0.47,-0.69,-0.3425
"5059",5059,"Stuart Kennedy",1978,"Scotland",-0.46,-0.71,0.5,-0.63,0.27,0.94,0.15,0.3,0.43,0.15,0.52,-0.57,-0.69,-0.13,-0.39,-0.31,1.24,0.4725
"5060",5060,"Tom Forsyth",1978,"Scotland",-0.46,0.38,-0.75,-0.27,0.35,0.59,-0.2,-0.36,0.48,1.71,1.21,-0.57,2.28,0.64,-0.39,-0.63,0.23,-0.18
"5061",5061,"William Johnston",1978,"Scotland",-0.46,-0.64,2.38,-0.63,-1.03,-0.41,0.15,0.13,-1.05,-0.73,-0.72,-0.57,0.3,-1.27,-0.39,0.06,-0.28,0.5625
"5062",5062,"Willie Donachie",1978,"Scotland",-0.46,-0.34,1.76,-0.63,0.38,1.43,-0.2,-0.03,-0.31,-0.39,0.24,0.74,-0.69,-0.89,-0.39,0.98,1.4,0.74
"5063",5063,"Antonio Olmo",1978,"Spain",-0.46,-0.71,-0.75,-0.75,0.38,0.44,-0.91,-0.36,-1.05,1.49,0.66,3.19,0.79,-0.13,-0.39,-0.88,0.08,-0.395
"5064",5064,"Asensi",1978,"Spain",1.72,0.71,-0.75,0.1,2.19,0.23,0.85,-0.03,2.7,1.96,-0.31,-0.57,0.79,-0.13,0.29,-0.09,0.2,0.075
"5065",5065,"Biosca",1978,"Spain",-0.46,-0.56,-0.75,-0.51,-0.34,-0.55,-0.56,-0.52,0.33,1.49,0.66,-0.57,0.79,-0.51,0.29,-1.01,-1.07,-0.595
"5066",5066,"Carlos Rexach",1978,"Spain",-0.46,0.6,-0.12,0.34,-1.14,-0.9,1.56,-0.85,0.11,-1.02,-0.59,-0.57,-0.69,-0.13,-0.39,-0.35,-1.75,-0.0775
"5067",5067,"Dani",1978,"Spain",1.72,0.02,-0.75,-0.39,-1.3,-1.25,-0.2,-0.69,-0.66,-0.71,-0.72,-0.57,-0.69,0.26,-0.73,-0.6,-1.94,-0.7225
"5068",5068,"Jesús Antonio de la Cruz",1978,"Spain",-0.46,-0.6,-0.75,-0.75,-0.77,-0.83,-0.56,-1.02,0.88,0.21,-0.17,-0.57,-0.69,-0.13,-0.73,-0.85,-1.85,-0.79
"5069",5069,"Jose Martinez Pirri",1978,"Spain",-0.46,-0.64,-0.75,-0.39,1.52,1.01,1.21,0.79,0.18,2.05,0.24,2.08,-0.2,-0.13,-0.39,-0.69,1.8,0.565
"5070",5070,"Juanito",1978,"Spain",-0.46,1.73,0.5,1.55,-0.05,-0.26,0.15,0.46,-1.05,-0.29,-0.72,1.75,-0.69,-0.51,2,1.48,0.2,0.2125
"5071",5071,"Julio Cardenosa",1978,"Spain",-0.46,0.56,1.13,0.46,1.66,1.01,0.85,2.11,0.24,0.99,-0.72,-0.57,-0.69,-1.27,0.63,1.93,3.12,1.275
"5072",5072,"Leal",1978,"Spain",-0.46,0.6,1.13,0.46,1.87,0.3,1.91,0.46,0.44,0.55,-0.45,-0.57,-0.69,0.64,1.65,0.38,0.76,0.95
"5073",5073,"Marcelino",1978,"Spain",-0.46,-0.64,1.13,-0.51,2.51,2.42,-0.56,0.63,1.76,2.69,0.24,4.63,-0.2,1.02,0.97,0.38,3.05,0.905
"5074",5074,"Miguel Bernardo Migueli",1978,"Spain",-0.46,-0.71,-0.75,-0.75,0.22,-0.33,-0.56,-0.03,1.6,-0.13,0.38,0.64,0.3,-0.51,-0.39,-0.6,-0.36,-0.4175
"5075",5075,"Miguel Ángel",1978,"Spain",-0.46,-0.71,-0.75,-0.75,1.47,2.28,-0.91,-1.18,-1.05,-1.02,-0.72,-0.57,-0.69,-1.27,-0.73,-0.91,1.1,-0.14
"5076",5076,"Rubén Cano",1978,"Spain",-0.46,0.13,-0.75,0.94,-1.19,-1.32,-0.91,-1.02,-0.66,-0.1,-0.72,-0.57,0.3,-0.13,-1.08,-0.98,-2.34,-1
"5077",5077,"San José",1978,"Spain",-0.46,-0.6,-0.75,-0.63,1.34,0.16,1.56,1.12,-0.2,3.45,-0.31,-0.57,1.29,-0.51,2.34,-0.5,1.28,0.5225
"5078",5078,"Santillana",1978,"Spain",-0.46,0.67,-0.75,1.31,-0.87,-0.97,-0.56,-0.69,-0.59,-1.02,-0.72,-0.57,3.28,-1.27,0.29,0.76,-1.66,-0.7425
"5079",5079,"Uría",1978,"Spain",-0.46,-0.16,2.38,-0.02,0.33,0.94,0.85,0.46,0.24,0.23,-0.59,-0.57,-0.69,0.26,0.97,0.41,1.4,1.1575
"5080",5080,"Anders Linderoth",1978,"Sweden",-0.46,-0.42,1.13,-0.27,0.19,-0.48,0.5,0.46,-0.91,-0.17,-0.31,-0.57,-0.2,-1.27,1.31,1.45,-0.02,0.4025
"5081",5081,"Benny Wendt",1978,"Sweden",-0.46,0.13,-0.12,2.03,-0.71,-0.62,0.15,-0.52,-0.86,-0.87,-0.59,-0.57,1.29,1.02,2,-0.09,-1.14,-0.2775
"5082",5082,"Björn Nordqvist",1978,"Sweden",-0.46,-0.71,-0.75,-0.75,1.1,1.5,-0.91,0.63,-0.01,0.05,1.49,0.33,-0.2,0.26,-0.39,-0.31,2.13,0.1175
"5083",5083,"Bo Larsson",1978,"Sweden",-0.46,-0.42,2.38,-0.51,1.34,1.93,0.15,1.61,0.13,0.41,0.52,0.45,-0.2,1.78,0.29,3.35,3.54,1.5175
"5084",5084,"Conny Torstensson",1978,"Sweden",-0.46,-0.45,-0.12,-0.63,-1.14,-1.04,-0.91,-0.52,-0.47,-0.87,-0.72,-0.57,-0.69,-0.89,-0.73,-0.79,-1.56,-0.6475
"5085",5085,"Hasse Borg",1978,"Sweden",-0.46,-0.71,1.13,-0.75,1.13,1.86,1.91,2.93,0.17,2.08,0.1,-0.57,-0.69,2.55,0.29,1.71,4.79,1.9575
"5086",5086,"Ingemar Erlandsson",1978,"Sweden",-0.46,-0.49,3.01,0.22,1.15,2.21,0.15,1.28,0.46,0.81,0.38,1.21,0.79,1.78,-0.73,1.14,3.49,1.6625
"5087",5087,"Lennart Larsson",1978,"Sweden",-0.46,1.18,1.13,2.39,0.94,0.16,0.5,1.28,-0.05,-0.2,-0.17,1.06,2.28,1.78,0.63,2.65,1.44,0.7675
"5088",5088,"Olle Nordin",1978,"Sweden",-0.46,-0.71,-0.12,-0.51,-0.95,-1.04,-0.56,-0.52,-0.62,-0.79,-0.45,-0.57,-0.69,-1.27,-0.73,-0.28,-1.56,-0.56
"5089",5089,"Ralf Edström",1978,"Sweden",-0.46,0.67,-0.75,2.76,-1.25,-1.25,-0.91,-1.02,-0.86,-0.91,-0.45,-0.57,3.77,-0.13,-0.39,-0.19,-2.27,-0.9825
"5090",5090,"Ronnie Hellström",1978,"Sweden",-0.46,-0.71,-0.75,-0.75,0.67,1.86,-0.91,-1.02,-1.05,-1.02,-0.72,-0.57,-0.69,-1.27,-0.73,-1.01,0.84,-0.205
"5091",5091,"Roy Andersson",1978,"Sweden",-0.46,-0.38,-0.75,-0.75,0.03,0.37,-0.2,-0.52,0.85,1.6,1.21,-0.11,-0.2,-0.89,-1.08,-0.57,-0.15,-0.275
"5092",5092,"Staffan Tapper",1978,"Sweden",-0.46,-0.45,-0.12,-0.63,-0.39,-0.26,-0.91,-0.85,-0.09,0.15,-0.45,-0.57,-0.69,-1.27,-0.73,0.47,-1.11,-0.535
"5093",5093,"Thomas Sjöberg",1978,"Sweden",1.72,2.64,-0.12,2.51,-0.66,-1.18,-0.2,-0.36,0.05,-0.71,-0.72,-0.57,0.3,1.4,3.02,-0.28,-1.54,-0.465
"5094",5094,"Torbjörn Nilsson",1978,"Sweden",-0.46,-0.71,0.5,-0.14,-1.27,-0.97,-0.56,-1.18,-1.05,-1.02,-0.72,-0.57,-0.2,1.02,-1.08,-0.44,-2.15,-0.5525
"5095",5095,"Abderraouf Ben Aziza",1978,"Tunisia",-0.46,0.53,-0.75,0.34,-1.19,-1.18,-0.56,-1.02,0,-0.69,-0.59,0.09,-0.2,-0.51,-1.08,-0.44,-2.2,-0.8775
"5096",5096,"Ali Kaabi",1978,"Tunisia",1.72,0.82,1.76,-0.02,2,2.14,-0.56,-0.36,1.45,0.06,2.04,-0.57,0.79,1.4,-0.73,0.7,1.78,0.745
"5097",5097,"Khaled Gasmi",1978,"Tunisia",-0.46,-0.71,-0.12,-0.51,-0.18,-0.33,-0.91,-0.85,2.78,0.01,0.38,-0.57,-0.2,0.64,-0.73,-0.35,-1.18,-0.5525
"5098",5098,"Mohamed Akid",1978,"Tunisia",-0.46,1.22,-0.75,1.18,-0.23,-0.97,0.15,-1.02,-0.13,-0.16,-0.59,0.34,4.27,0.64,-0.39,0.98,-1.99,-0.6475
"5099",5099,"Mohamed Ben Rehaiem",1978,"Tunisia",-0.46,0.53,3.01,1.06,0.99,0.94,0.15,2.6,-0.63,-0.07,-0.03,0.34,-0.2,0.64,-0.73,1.45,3.54,1.675
"5100",5100,"Mohsen Labidi",1978,"Tunisia",-0.46,-0.24,-0.75,-0.14,-0.21,-0.69,-0.91,-0.85,0.75,0.62,4.52,0.09,0.79,-0.51,-0.39,-1.01,-1.54,-0.8
"5101",5101,"Mokhtar Dhouib",1978,"Tunisia",1.72,-0.42,1.76,-0.14,1.31,0.87,-0.56,-0.69,2.2,0.81,2.73,2.11,-0.69,0.26,-0.39,0.16,0.18,0.345
"5102",5102,"Mokhtar Naili",1978,"Tunisia",-0.46,-0.71,-0.75,-0.75,0.59,1.65,-0.91,-1.18,-1.05,-1.02,-0.31,-0.57,-0.69,-0.89,0.97,-1.01,0.47,-0.2975
"5103",5103,"Néjib Ghommidh",1978,"Tunisia",1.72,-0.16,-0.75,-0.02,0.14,-0.26,1.91,-0.19,1.09,0.75,-0.17,1,-0.69,0.64,0.29,0.29,-0.45,0.1775
"5104",5104,"Omar Jebali",1978,"Tunisia",-0.46,-0.38,-0.75,-0.75,0.35,-0.19,-0.91,-0.69,1.32,0.97,3.83,5.21,1.29,0.64,-0.73,-0.85,-0.88,-0.635
"5105",5105,"Tarak Dhiab",1978,"Tunisia",-0.46,0.09,0.5,-0.02,1.39,0.8,2.26,1.78,0.51,0.22,-0.45,-0.57,0.79,0.64,1.31,0.44,2.58,1.335
"5106",5106,"Témime Lahzami",1978,"Tunisia",-0.46,-0.49,0.5,-0.14,0.67,0.23,2.26,0.3,-0.34,0.06,-0.45,-0.57,-0.2,1.78,0.63,0.92,0.53,0.8225
"5107",5107,"Bernard Dietz",1978,"West Germany",-0.46,-0.58,-0.75,-0.57,0.63,0.8,0.32,0.46,1.58,0.84,1.07,0.87,0.05,-0.13,0.12,-0.83,1.26,0.2075
"5108",5108,"Bernd Hölzenbein",1978,"West Germany",0.63,-0.09,-0.75,-0.08,-0.15,0.05,-0.03,0.79,0.13,-0.93,-0.52,-0.57,-0.45,-0.13,-0.56,-0.31,0.84,0.015
"5109",5109,"Berti Vogts",1978,"West Germany",-0.46,-0.71,-0.75,-0.69,0.23,0.02,-0.91,-0.28,1.23,2.71,1.21,0.13,0.3,0.07,-0.22,-0.58,-0.26,-0.48
"5110",5110,"Dieter Müller",1978,"West Germany",1.72,0.4,-0.12,1.18,-0.7,-0.94,-0.03,-0.03,-0.61,-0.8,-0.59,-0.57,-0.45,-0.7,-0.05,0.84,-0.97,-0.28
"5111",5111,"Erich Beer",1978,"West Germany",-0.46,-0.38,0.19,-0.14,-0.39,-0.58,-0.73,-0.03,-0.42,-0.62,-0.24,0.42,-0.45,-0.89,-0.39,-0.22,-0.61,-0.2875
"5112",5112,"Hans-Peter Müller",1978,"West Germany",0.63,0.18,-0.75,0.52,0.25,-0.12,1.03,1.53,0.63,-0.49,-0.38,-0.57,-0.69,-0.32,-0.05,0.35,1.41,0.4225
"5113",5113,"Harald Konopka",1978,"West Germany",-0.46,-0.71,-0.75,-0.75,-1.45,-1.25,-0.91,-1.1,-1.05,-1.02,-0.66,-0.57,-0.69,-0.89,-0.56,-1.01,-2.35,-1.0025
"5114",5114,"Heinz Flohe",1978,"West Germany",1.72,0.16,1.76,0.16,1.22,0.59,1.56,1.78,0.34,-0.23,-0.59,-0.22,-0.2,-0.51,-0.05,1.97,2.37,1.4225
"5115",5115,"Herbert Zimmerman",1978,"West Germany",-0.46,-0.71,-0.75,-0.63,-1.01,-0.79,0.15,-0.61,0.23,-0.72,0.1,-0.22,0.05,-1.08,-0.39,-0.68,-1.4,-0.5
"5116",5116,"Josef Maier",1978,"West Germany",-0.46,-0.71,-0.75,-0.75,0.67,1.75,-0.91,-1.18,-1.05,-1.02,-0.72,-0.57,-0.69,-1.08,-0.39,-1.01,0.57,-0.2725
"5117",5117,"Karl-Heinz Rummenigge",1978,"West Germany",2.81,0.58,0.5,0.7,0.66,-0.12,1.56,3.09,0.3,0.12,-0.45,0.42,0.05,1.4,1.48,0.66,2.97,1.2575
"5118",5118,"Klaus Fischer",1978,"West Germany",-0.46,0.89,0.82,1.91,-0.82,-1.04,0.5,0.05,-1.05,-0.71,-0.66,-0.57,1.79,-0.32,0.8,0.3,-0.99,0.0825
"5119",5119,"Manfred Kaltz",1978,"West Germany",-0.46,-0.64,-0.75,-0.57,2.07,1.68,0.68,3.09,-0.07,1.14,2.11,2.16,0.55,-0.51,-0.05,-0.82,4.77,1.175
"5120",5120,"Rainer Bonhof",1978,"West Germany",-0.46,0.91,3.32,-0.08,0.99,1.08,0.15,1.69,1.47,0.74,0.38,2.19,0.3,0.83,-0.05,2.59,2.77,1.56
"5121",5121,"Rolf Rüssmann",1978,"West Germany",-0.46,-0.4,-0.75,-0.33,0.33,0.13,-0.56,0.13,0.48,2.79,2.38,2.54,0.79,0.64,-0.39,-0.69,0.26,-0.2625
"5122",5122,"Rüdiger Abramczik",1978,"West Germany",0.63,0.16,-0.12,0.34,-0.65,-0.69,0.32,0.79,-0.73,-0.77,-0.66,-0.16,0.05,-0.7,1.48,-0.35,0.1,0.075
"5123",5123,"Angel Bargas",1974,"Argentina",-0.41,-0.65,-0.62,-0.64,-0.28,-0.55,0.09,-0.61,-0.49,-0.1,-0.34,0.16,-0.37,0.7,-0.71,-0.84,-1.16,-0.4225
"5124",5124,"Augustin Balbuena",1974,"Argentina",-0.41,-0.05,-0.62,0.69,-0.67,-0.7,0.09,-0.22,-0.83,0.23,-0.71,-0.54,-0.63,0.04,0.26,-0.14,-0.92,-0.3625
"5125",5125,"Carlos Babington",1974,"Argentina",0.66,1.57,1.77,0.11,2.45,1.55,1.38,2.53,1.44,0.55,-0.56,0.36,-0.37,0.7,0.75,2.94,4.08,1.8075
"5126",5126,"Carlos Squeo",1974,"Argentina",-0.41,-0.69,-0.62,-0.7,-0.75,-0.79,-0.28,-0.45,-0.49,-0.71,-0.56,-0.19,-0.63,-0.46,-0.71,-0.84,-1.24,-0.535
"5127",5127,"Daniel Carnevali",1974,"Argentina",-0.41,-0.69,-0.62,-0.7,0.2,1.28,-0.83,-1.07,-1.07,-0.99,-0.49,-0.54,-0.37,-1.12,-0.87,-0.84,0.21,-0.31
"5128",5128,"Enrique Wolff",1974,"Argentina",-0.41,-0.13,0.28,-0.46,0.59,1.13,1.57,0.62,1.45,1.13,-0.05,0.22,-0.37,-0.46,0.26,0.11,1.75,0.9
"5129",5129,"Francisco Sa",1974,"Argentina",-0.41,-0.58,-0.62,-0.64,0.11,0.47,-0.28,-0.15,1.08,0.88,-0.27,-0.14,0.44,0.2,-0.71,-0.72,0.32,-0.145
"5130",5130,"Hector Yazalde",1974,"Argentina",1.72,0.66,-0.62,0.69,-1.14,-1.15,-0.64,-0.53,-1.07,-0.99,-0.71,-0.54,-0.63,-0.95,0.43,0.04,-1.68,-0.735
"5131",5131,"Jorge Carrascosa",1974,"Argentina",-0.41,-0.69,-0.62,-0.7,-0.98,-0.7,-0.64,-0.84,-0.51,-0.7,-0.42,0.31,-0.37,-0.79,-0.71,-0.84,-1.54,-0.7
"5132",5132,"Mario Kempes",1974,"Argentina",-0.41,1.28,-0.02,1.33,-0.56,-0.82,1.01,0.01,-0.46,-0.53,-0.71,-0.04,-0.63,0.86,0.59,0.75,-0.81,0.045
"5133",5133,"Miguel Angel Brindisi",1974,"Argentina",0.66,-0.09,-0.32,-0.12,-0.21,-0.49,1.01,-0.15,-0.46,-0.75,-0.71,-0.54,-0.37,0.53,0.1,0.17,-0.64,0.0125
"5134",5134,"Ramón Heredia",1974,"Argentina",0.66,-0.29,-0.62,-0.41,1.68,1.34,1.2,0.16,0.42,1.5,0.62,0.04,-0.1,-0.46,-0.22,-0.35,1.5,0.52
"5135",5135,"Rene Houseman",1974,"Argentina",2.78,0.86,-0.02,0.75,-0.38,-0.49,-0.28,1.08,-0.39,0.04,-0.64,-0.54,-0.63,-0.46,1.08,0.23,0.59,0.0725
"5136",5136,"Roberto Perfumo",1974,"Argentina",-0.41,-0.67,-0.62,-0.7,-0.34,-0.34,-0.28,-0.22,1.48,0.93,0.91,1.74,0.17,1.36,-0.39,-0.81,-0.56,-0.365
"5137",5137,"Roberto Telch",1974,"Argentina",-0.41,-0.65,-0.02,-0.7,0.77,0.05,0.46,-0.15,0.19,1.86,-0.05,0.36,-0.1,-0.29,-0.39,-0.32,-0.1,0.085
"5138",5138,"Ruben Ayala",1974,"Argentina",0.66,0.84,-0.02,1.15,-0.28,-0.28,0.09,1,1.1,-0.75,-0.64,0.16,-0.63,-0.46,3.19,0.13,0.72,0.1975
"5139",5139,"Ruben Glaria",1974,"Argentina",-0.41,-0.67,-0.62,-0.7,-0.48,-0.16,-0.46,-0.84,-0.54,-0.79,-0.49,-0.19,-0.63,0.04,-1.04,-0.68,-1,-0.52
"5140",5140,"Ubaldo Fillol",1974,"Argentina",-0.41,-0.69,-0.62,-0.7,-1.34,-0.85,-0.83,-1.07,-1.07,-0.99,-0.71,-0.54,-0.63,-1.12,-1.04,-0.84,-1.92,-0.8425
"5141",5141,"Adrian Alston",1974,"Australia",-0.41,0.39,-0.62,1.04,-0.16,-0.91,0.65,0.16,-0.26,-0.23,-0.71,-0.54,0.97,2.18,1.89,0.65,-0.75,-0.18
"5142",5142,"Attila Abonyi",1974,"Australia",-0.41,-0.15,-0.62,-0.35,-0.38,-0.79,-0.83,0.16,-0.46,-0.82,-0.56,-0.54,-0.1,0.53,-0.39,-0.66,-0.63,-0.52
"5143",5143,"Branko Buljevic",1974,"Australia",-0.41,-0.4,-0.62,1.15,-0.4,-1.03,0.65,1.08,0.29,-0.53,-0.42,-0.54,2.58,-0.13,0.59,-0.48,0.05,0.02
"5144",5144,"Colin Curran",1974,"Australia",-0.41,-0.52,-0.02,-0.46,-0.06,0.41,-0.46,0.16,0.44,0.01,0.91,-0.16,-0.1,-0.46,0.59,-0.45,0.57,0.0225
"5145",5145,"Doug Utjesenovic",1974,"Australia",-0.41,-0.69,-0.62,-0.7,0.21,0.89,-0.46,-0.61,-0.2,0.29,1.5,0.46,0.44,-0.79,-1.04,-0.42,0.28,-0.2
"5146",5146,"Ernie Campbell",1974,"Australia",-0.41,-0.69,-0.62,-0.58,-1.41,-1.03,-0.83,-0.3,-1.07,-0.99,-0.71,-0.54,-0.63,-1.12,-1.04,-0.84,-1.33,-0.695
"5147",5147,"Jack Reilly",1974,"Australia",-0.41,-0.69,-0.62,-0.7,0.45,1.67,-0.83,-1.07,-1.07,-0.99,-0.42,-0.54,-0.1,-1.12,-0.39,-0.78,0.6,-0.2125
"5148",5148,"James Rooney",1974,"Australia",-0.41,-0.69,0.58,-0.58,0.6,-0.31,0.28,0.31,0.47,-0.72,-0.27,0.63,-0.1,-0.13,1.24,0.2,0,0.215
"5149",5149,"Jimmy Mackay",1974,"Australia",-0.41,0.31,-0.62,-0.35,0.45,-0.19,-0.09,0.16,0.29,-0.25,0.62,-0.05,-0.63,-0.13,-0.39,-0.42,-0.03,-0.185
"5150",5150,"John Warren",1974,"Australia",-0.41,-0.65,-0.62,-0.7,-1.07,-0.67,-0.83,-1.07,-0.44,-0.99,-0.12,-0.54,-0.63,-0.46,-0.39,-0.69,-1.74,-0.7975
"5151",5151,"Manfred Schäfer",1974,"Australia",-0.41,-0.69,-0.62,-0.7,-0.45,-0.37,-0.09,-0.45,-0.38,0.58,2.39,1.59,-0.1,-0.46,-1.04,-0.63,-0.82,-0.3825
"5152",5152,"Peter Ollerton",1974,"Australia",-0.41,-0.48,-0.02,-0.35,-1.29,-1.03,-0.83,-1.07,-1.07,-0.82,-0.71,-0.54,-0.1,-0.46,-1.04,-0.63,-2.1,-0.7375
"5153",5153,"Peter Wilson",1974,"Australia",-0.41,-0.69,-0.62,-0.35,0.28,0.29,-0.46,0.01,-0.28,-0.39,5.78,0.91,0.44,0.2,-0.71,-0.57,0.3,-0.195
"5154",5154,"Ray Richards",1974,"Australia",-0.41,-0.48,0.58,-0.35,0.13,0.11,1.01,0.31,0.18,-0.61,0.17,-0.33,1.51,0.2,0.26,0.59,0.42,0.5025
"5155",5155,"Alfredo Mostarda Filho",1974,"Brazil",-0.41,-0.69,-0.62,-0.7,-1.2,-0.88,-0.67,-1,-1.07,-0.44,-0.02,-0.54,0.05,-1.12,-1.04,-0.84,-1.88,-0.7925
"5156",5156,"Carpeggiani",1974,"Brazil",-0.41,0.04,-0.36,-0.1,1.91,0.51,0.12,0.51,1.82,1.42,-0.2,0.96,-0.41,0.01,-0.48,0.4,1.02,0.195
"5157",5157,"Dirceu",1974,"Brazil",-0.41,-0.49,0.92,-0.25,0.04,-0.03,-0.51,-0.61,0.62,0.3,-0.58,-0.22,-0.63,0.16,-0.48,0.28,-0.64,-0.0575
"5158",5158,"Edu",1974,"Brazil",-0.41,-0.46,0.92,-0.3,-1.14,-0.93,-0.35,-0.28,-1.07,-0.99,-0.71,-0.54,-0.63,-0.98,-0.62,-0.06,-1.21,-0.16
"5159",5159,"Jairzinho",1974,"Brazil",1.42,1.39,-0.1,1.68,0.32,-0.75,2.17,0.64,0.19,-0.28,-0.65,0.35,0.74,1.85,3.14,1.33,-0.11,0.49
"5160",5160,"Leivinha",1974,"Brazil",-0.41,0.04,-0.62,0.15,-1.11,-1.16,-0.83,-0.74,-0.05,-0.87,-0.71,-0.54,-0.63,-0.84,-0.06,-0.67,-1.9,-0.8375
"5161",5161,"Leão",1974,"Brazil",-0.41,-0.69,-0.62,-0.7,0.32,1.39,-0.83,-1.07,-1.07,-0.99,-0.71,-0.54,-0.63,-0.98,-1.04,-0.84,0.32,-0.2825
"5162",5162,"Luís Edmundo Pereira",1974,"Brazil",-0.41,-0.47,-0.62,-0.2,0.87,0.2,0.28,0.51,1.46,1.68,1.06,0.7,0.74,1,0.08,-0.39,0.71,0.0925
"5163",5163,"Manoel Rezende de Matos Cabral",1974,"Brazil",-0.41,-0.4,0.41,-0.7,-0.12,-0.11,-0.51,0.38,0.61,-0.3,-0.2,-0.54,-0.41,-0.55,-0.76,0.08,0.27,0.0425
"5164",5164,"Marinho Chagas",1974,"Brazil",-0.41,0.08,-0.36,-0.25,1.49,1.31,2.17,1.49,1.43,1.45,0.55,0.54,-0.18,0.01,0.5,0.42,2.8,1.1525
"5165",5165,"Marinho Peres",1974,"Brazil",-0.41,-0.69,-0.62,-0.5,1.12,0.69,-0.51,0.31,1.67,1.72,1.5,0.99,1.43,0.3,0.64,-0.67,1,-0.0325
"5166",5166,"Mirandinha",1974,"Brazil",-0.41,-0.19,-0.62,0.24,-1.32,-1.13,-0.51,-0.74,-1.07,-0.81,-0.65,-0.54,-0.41,-0.41,-0.2,-0.65,-1.87,-0.75
"5167",5167,"Parana de Barros Ademir",1974,"Brazil",-0.41,-0.62,-0.62,-0.7,-1.01,-0.98,-0.67,-0.74,-0.62,-0.99,-0.71,-0.54,-0.63,-0.84,-0.76,-0.72,-1.72,-0.7525
"5168",5168,"Paulo Cesar",1974,"Brazil",-0.41,-0.05,0.41,-0.35,0.05,-0.57,1.38,1.1,-0.77,0.17,-0.65,0.42,-0.41,0.3,2.17,-0.01,0.53,0.58
"5169",5169,"Piazza",1974,"Brazil",-0.41,-0.69,-0.62,-0.7,0.08,-0.39,-0.67,-0.67,0.59,0.42,-0.52,-0.54,-0.63,-0.13,-0.62,-0.67,-1.06,-0.5875
"5170",5170,"Rivellino",1974,"Brazil",2.33,1.49,-0.1,-0.15,2.04,0.95,1.22,0.57,0.07,0.89,-0.52,0.58,-0.18,0.72,2.86,1.2,1.52,0.66
"5171",5171,"Valdomiro",1974,"Brazil",0.5,0.66,0.66,0.69,-0.14,-0.54,0.28,0.05,-0.07,-0.7,-0.58,-0.17,0.28,-0.27,1.19,0.53,-0.49,0.1125
"5172",5172,"Ze Maria",1974,"Brazil",-0.41,-0.58,-0.36,-0.4,-0.09,0.13,-0.35,-0.41,0.81,1.82,0.24,-0.06,-0.18,0.16,-0.2,-0.49,-0.28,-0.2475
"5173",5173,"Asparuh Nikodimov",1974,"Bulgaria",-0.41,0.02,-0.02,0.23,0.13,-0.25,-0.46,-0.91,-0.61,0.17,-0.12,-0.54,0.97,-0.13,-0.39,0.5,-1.16,-0.41
"5174",5174,"Atanas Mihailov",1974,"Bulgaria",-0.41,0.55,-0.62,0.34,-1.04,-0.97,0.65,0.01,-0.71,-0.99,-0.71,-0.54,-0.63,-0.79,0.26,-0.01,-0.96,-0.2325
"5175",5175,"Bojil Kolev",1974,"Bulgaria",-0.41,-0.44,-0.02,-0.35,2.07,1.73,1.01,0.77,2.15,2.77,0.32,1.7,0.44,1.19,-1.04,0.62,2.5,0.8725
"5176",5176,"Dimitar Penev",1974,"Bulgaria",-0.41,-0.36,0.58,-0.7,1.14,1.13,-0.09,0.31,-0.24,0.67,1.21,4.54,-0.1,-0.13,-0.39,0.65,1.44,0.4825
"5177",5177,"Georgi Denev",1974,"Bulgaria",-0.41,1.63,1.18,2.42,0.43,0.17,1.01,4.76,-0.14,-0.01,-0.42,-0.54,2.58,0.53,2.86,3.12,4.93,1.78
"5178",5178,"Hristo Bonev",1974,"Bulgaria",1.72,2.29,-0.02,0.81,1.63,0.71,3.22,1.08,0.7,0.93,-0.42,0.57,0.97,0.53,2.54,2.5,1.79,1.2475
"5179",5179,"Ivan Stoyanov",1974,"Bulgaria",-0.41,-0.69,-0.62,-0.7,-1.24,-0.91,-0.46,-1.07,-0.71,-0.4,-0.71,-0.54,-0.63,-0.79,-0.39,-0.84,-1.98,-0.765
"5180",5180,"Kiril Ivkov",1974,"Bulgaria",-0.41,-0.69,-0.62,-0.7,0.65,1.49,-0.83,-0.76,0.58,0.67,3.27,0.33,0.44,-0.79,-0.06,-0.66,0.73,-0.18
"5181",5181,"Krasimir Borisov",1974,"Bulgaria",-0.41,-0.69,-0.62,0.34,-1.26,-1.03,-0.46,-0.91,-1.07,-0.99,-0.71,-0.54,0.44,-0.79,-0.39,-0.72,-1.94,-0.755
"5182",5182,"Pavel Panov",1974,"Bulgaria",-0.41,0.72,-0.62,1.27,-0.33,-1.09,-0.09,-0.61,-0.61,-0.4,-0.56,-0.54,-0.63,0.2,-0.06,-0.6,-1.7,-0.6025
"5183",5183,"Rumentscho Goranov",1974,"Bulgaria",-0.41,-0.69,-0.62,-0.7,-0.23,1.43,-0.83,-1.07,-1.07,-0.99,-0.71,-0.54,-0.63,-1.12,0.26,-0.84,0.36,-0.2725
"5184",5184,"Stefan Stoykov",1974,"Bulgaria",-0.41,-0.69,-0.62,-0.7,-0.85,0.23,-0.83,-1.07,-1.07,-0.69,-0.71,-0.54,-0.1,-0.79,-1.04,-0.84,-0.84,-0.5725
"5185",5185,"Stefan Velitchkov",1974,"Bulgaria",-0.41,-0.15,-0.02,-0.35,0.26,0.35,0.28,0.31,3.3,0.47,0.17,-0.54,-0.63,0.53,0.59,-0.57,0.66,0.23
"5186",5186,"Tsonio Vasilev",1974,"Bulgaria",-0.41,-0.69,1.18,-0.7,0.18,0.65,0.65,0.31,1.26,1.92,1.94,0.59,0.97,1.85,0.26,-0.3,0.96,0.6975
"5187",5187,"Voin Voinov",1974,"Bulgaria",-0.41,-0.36,-0.02,0.23,0.36,0.17,2.49,0.46,-0.61,-0.6,-0.42,-0.54,-0.63,0.2,2.21,0.5,0.63,0.775
"5188",5188,"Alberto Quintano",1974,"Chile",-0.41,-0.4,-0.62,-0.46,0.21,0.53,-0.09,-0.15,0.87,0.34,3.57,9.02,3.12,-0.46,-0.71,-0.84,0.38,-0.0825
"5189",5189,"Antonio Arias Mujica",1974,"Chile",-0.41,-0.56,1.18,-0.46,1.78,2.45,-0.09,0.01,2.19,2.22,1.94,-0.54,1.51,1.52,-0.06,-0.04,2.46,0.8875
"5190",5190,"Carlos Caszely",1974,"Chile",-0.41,-0.44,0.58,0.46,-0.5,-0.55,1.75,0.46,-0.29,-0.35,-0.56,-0.54,-0.63,1.19,0.59,0.53,-0.09,0.56
"5191",5191,"Carlos Reinoso",1974,"Chile",-0.41,0.97,3.57,0.11,1.92,1.01,-0.46,0.31,0.5,0.08,-0.12,0.36,-0.1,1.85,1.56,2.41,1.32,1.1075
"5192",5192,"Elias Figueroa",1974,"Chile",-0.41,0.88,-0.02,1.38,0.23,0.47,-0.46,0.16,1.52,0.96,4.45,5.67,5.8,-0.79,-0.06,-0.07,0.63,0.0375
"5193",5193,"Francisco Valdes",1974,"Chile",-0.41,-0.6,-0.02,-0.7,1.02,0.77,-0.83,0.01,0.32,-0.42,-0.71,-0.54,-0.63,-0.46,-0.71,0.05,0.78,-0.0175
"5194",5194,"Guillermo Paez",1974,"Chile",-0.41,-0.36,-0.62,-0.35,1.04,0.17,-0.83,0.31,0.96,0.34,0.03,0.36,-0.1,0.53,0.91,-0.78,0.48,-0.2425
"5195",5195,"Guillermo Yavar",1974,"Chile",-0.41,-0.31,-0.02,-0.58,-1.04,-0.91,-0.83,-0.91,-0.33,-0.99,-0.71,-0.54,-0.63,-1.12,0.26,-0.24,-1.82,-0.6675
"5196",5196,"Jorge Socias",1974,"Chile",-0.41,-0.44,-0.02,-0.46,-1.38,-1.15,-0.46,-0.76,-1.07,-0.68,-0.71,-0.54,-0.63,0.2,-0.39,-0.66,-1.91,-0.5975
"5197",5197,"Juan Rodriguez",1974,"Chile",-0.41,-0.69,-0.62,-0.7,-0.65,-0.79,-0.83,-0.45,-0.11,-0.99,-0.71,-0.54,-0.63,-0.79,-1.04,-0.81,-1.24,-0.6725
"5198",5198,"Leonardo Veliz",1974,"Chile",-0.41,0.39,-0.62,0.46,-0.36,-0.85,-0.09,0.01,0.32,0.69,-0.27,-0.54,-0.63,0.86,-0.06,-0.39,-0.84,-0.3875
"5199",5199,"Leopoldo Vallejos",1974,"Chile",-0.41,-0.69,-0.62,-0.7,0.75,1.73,-0.46,-1.07,-1.07,-0.99,-0.56,-0.54,-0.63,-1.12,-1.04,-0.84,0.66,-0.105
"5200",5200,"Rogelio Farias",1974,"Chile",-0.41,-0.69,-0.62,-0.23,-1.26,-0.97,-0.83,-0.76,-0.23,-0.68,-0.27,-0.54,-0.63,-0.13,-1.04,-0.84,-1.73,-0.795
"5201",5201,"Ronaldo Garcia",1974,"Chile",-0.41,-0.65,-0.02,-0.7,1.48,3.17,0.65,0.77,0.55,0,1.06,-0.54,-0.1,1.52,-1.04,-0.3,3.94,1.1425
"5202",5202,"Sergio Ahumada",1974,"Chile",1.72,1.3,-0.62,1.27,-0.33,-1.15,0.65,-0.76,-1.07,-0.99,-0.71,-0.54,-0.63,0.2,0.26,-0.21,-1.91,-0.47
"5203",5203,"Bernd Bransch",1974,"East Germany",-0.41,-0.15,-0.62,-0.46,1.38,0.8,-0.46,0.16,-0.55,-0.04,1.8,1.31,0.17,-0.29,-0.55,-0.57,0.96,-0.03
"5204",5204,"Eberhard Vogel",1974,"East Germany",-0.41,-0.21,0.58,0,-1.1,-0.85,1.01,-0.38,-0.27,-0.66,-0.56,-0.54,-0.1,-0.95,-0.71,0.47,-1.23,0.09
"5205",5205,"Erich Hamann",1974,"East Germany",-0.41,-0.69,-0.62,-0.58,-1.34,-1.06,-0.83,-0.84,-1,-0.93,-0.34,-0.54,-0.37,-0.79,-1.04,-0.54,-1.9,-0.8375
"5206",5206,"Gerd Kische",1974,"East Germany",-0.41,-0.38,-0.62,-0.35,0.18,-0.04,0.09,0.24,0.75,1.24,1.13,0.91,0.97,0.86,0.91,-0.59,0.2,-0.0825
"5207",5207,"Hans Jürgen Kreische",1974,"East Germany",-0.41,-0.02,-0.62,-0.12,-1.08,-1.06,-0.46,-0.61,-0.53,-0.75,-0.56,-0.54,-0.63,-0.95,-0.55,-0.51,-1.67,-0.6875
"5208",5208,"Harald Irmscher",1974,"East Germany",-0.41,-0.23,1.47,0.06,-0.11,0.11,-0.83,-0.68,1.13,1.6,-0.42,-0.54,0.17,0.37,-0.87,0.81,-0.57,0.0175
"5209",5209,"Joachim Streich",1974,"East Germany",1.72,0.95,1.18,0.4,-0.73,-0.58,0.83,0.31,-0.85,-0.89,-0.64,-0.24,-0.1,0.37,-0.06,0.86,-0.27,0.435
"5210",5210,"Jürgen Croy",1974,"East Germany",-0.41,-0.69,-0.62,-0.7,0.29,1.34,-0.83,-1.07,-1.07,-0.99,-0.64,-0.54,0.17,-0.95,-0.87,-0.84,0.27,-0.295
"5211",5211,"Jürgen Pommerenke",1974,"East Germany",-0.41,-0.5,-0.32,-0.58,-0.42,-0.13,-0.64,-0.07,0,-0.58,-0.56,-0.1,-0.1,-0.29,-0.06,-0.39,-0.2,-0.29
"5212",5212,"Jürgen Sparwasser",1974,"East Germany",0.66,3.57,0.28,1.5,-0.01,-0.46,-0.09,-0.3,0.64,-0.26,-0.49,1.26,-0.37,1.36,0.59,0.17,-0.76,-0.1425
"5213",5213,"Konrad Weise",1974,"East Germany",-0.41,-0.56,-0.32,-0.64,0.59,0.29,0.46,-0.15,0.59,1.22,2.24,0.8,1.51,1.69,0.43,-0.72,0.14,0.07
"5214",5214,"Lothar Kurbjuweit",1974,"East Germany",-0.41,-0.23,-0.62,-0.23,-0.42,-0.13,-0.64,0.39,-0.49,-0.34,0.76,-0.35,0.44,0.04,-0.22,-0.65,0.26,-0.25
"5215",5215,"Martin Hoffmann",1974,"East Germany",0.66,0.68,-0.02,0.46,-0.51,-0.46,1.2,0.92,0.02,0.31,-0.49,-0.54,0.97,0.53,1.4,0.08,0.46,0.41
"5216",5216,"Peter Ducke",1974,"East Germany",-0.41,-0.58,-0.32,-0.64,-1.2,-1.09,-0.46,-0.84,-1.07,-0.75,-0.71,-0.54,-0.37,-1.12,-0.22,-0.41,-1.93,-0.6775
"5217",5217,"Reinhard Lauck",1974,"East Germany",-0.41,0.22,-0.62,-0.06,-0.99,-0.97,-0.46,-0.61,-0.63,-0.5,-0.19,-0.16,-0.37,0.2,-0.71,-0.62,-1.58,-0.665
"5218",5218,"Rüdiger Schnuphase",1974,"East Germany",-0.41,-0.48,-0.62,-0.58,-0.98,-0.64,-0.83,-0.84,-0.77,-0.54,-0.19,-0.54,0.44,-0.79,-0.39,-0.84,-1.48,-0.7325
"5219",5219,"Siegmar Wätzlich",1974,"East Germany",-0.41,-0.4,-0.02,-0.52,-0.17,-0.22,-0.28,-0.22,0.32,-0.49,0.62,-0.54,0.44,0.2,0.1,-0.21,-0.44,-0.185
"5220",5220,"Wolfgang Seguin",1974,"East Germany",-0.41,-0.42,-0.62,-0.52,-1.26,-1.06,-0.46,-0.91,-0.93,-0.63,-0.49,-0.54,-0.37,-0.62,-0.55,-0.84,-1.97,-0.7625
"5221",5221,"Wolfram Löwe",1974,"East Germany",-0.41,-0.62,-0.62,0.06,-0.99,-0.88,-0.46,-0.45,-0.38,-0.59,-0.71,-0.54,-0.37,-0.46,-0.71,-0.32,-1.33,-0.6025
"5222",5222,"Arséne Auguste",1974,"Haiti",-0.41,-0.15,-0.62,-0.46,0.33,1.13,-0.46,-0.3,0.51,-0.24,0.62,0.26,-0.63,-0.79,-0.39,-0.75,0.83,-0.0625
"5223",5223,"Claude Barthelemy",1974,"Haiti",-0.41,-0.69,-0.02,-0.12,-0.97,-1.03,-0.83,-0.61,-0.77,-0.99,-0.71,-0.54,-0.63,-0.79,-1.04,-0.36,-1.64,-0.6225
"5224",5224,"Eddy Antoine",1974,"Haiti",-0.41,-0.15,-0.02,0,1.34,0.05,0.28,1.69,0.21,-0.44,-0.27,-0.54,-0.63,0.2,0.26,-0.09,1.74,0.5
"5225",5225,"Emmanuel Sanon",1974,"Haiti",3.85,1.26,-0.62,1.38,-0.23,-0.79,0.65,0.01,-1.07,-0.99,-0.71,-0.54,-0.63,-1.12,0.91,0.17,-0.78,-0.1875
"5226",5226,"Ernst Jean Joseph",1974,"Haiti",-0.41,-0.69,-0.62,-0.7,-0.89,-0.67,-0.83,-0.91,0.26,0.38,0.76,-0.54,-0.1,-0.46,-1.04,-0.84,-1.58,-0.7575
"5227",5227,"Fritz André",1974,"Haiti",-0.41,-0.69,-0.62,-0.7,-1.31,-1.09,-0.83,-0.91,-0.77,-0.74,-0.27,-0.54,-0.63,-0.79,-1.04,-0.84,-2,-0.8625
"5228",5228,"Fritz Leandre",1974,"Haiti",-0.41,-0.6,-0.62,-0.7,-1.24,-0.97,-0.46,-0.91,-1.07,-0.99,-0.71,-0.54,-0.63,-1.12,-1.04,-0.54,-1.88,-0.74
"5229",5229,"Guy Francois",1974,"Haiti",-0.41,-0.52,-0.62,-0.7,0.5,-0.25,-0.09,0.31,-0.77,0.06,-0.42,-0.54,-0.63,-0.46,-0.39,-0.18,0.06,-0.1625
"5230",5230,"Guy Saint Vil",1974,"Haiti",-0.41,-0.69,-0.62,-0.23,-0.85,-0.85,-0.83,-0.91,-1.07,-0.99,-0.71,-0.54,-0.63,-1.12,-0.71,-0.69,-1.76,-0.8025
"5231",5231,"Henry Francillon",1974,"Haiti",-0.41,-0.69,-0.62,-0.7,1.19,2.15,-0.83,-1.07,-1.07,-0.72,-0.56,-0.54,-0.1,-1.12,-1.04,-0.84,1.08,-0.0925
"5232",5232,"Jean-Claude Désir",1974,"Haiti",-0.41,-0.52,-0.02,-0.58,1.04,-0.25,0.65,0.77,0.57,-0.74,-0.42,-0.54,-0.63,-0.13,0.59,-0.24,0.52,0.2875
"5233",5233,"Joseph Marion Leandre",1974,"Haiti",-0.41,-0.69,-0.62,-0.7,-0.92,-0.73,-0.83,-0.76,-0.4,-0.72,-0.27,-0.54,-0.63,-0.79,-1.04,-0.84,-1.49,-0.735
"5234",5234,"Philippe Vorbe",1974,"Haiti",-0.41,-0.48,-0.62,-0.7,2.36,1.07,-0.46,0.92,1.18,1.11,0.91,3.38,-0.63,-0.79,0.26,-0.42,1.99,0.2275
"5235",5235,"Pierre Bayonne",1974,"Haiti",-0.41,0.31,-0.02,-0.35,1.6,1.85,2.85,1.54,0.54,1.71,1.5,0.19,0.44,2.18,0.59,-0.18,3.39,1.555
"5236",5236,"Roger Saint Vil",1974,"Haiti",-0.41,-0.69,-0.62,-0.23,-1.21,-1.15,-0.83,-0.76,-1.07,-0.74,-0.71,-0.54,-0.63,-1.12,-0.71,-0.57,-1.91,-0.84
"5237",5237,"Serge Ducoste",1974,"Haiti",-0.41,-0.69,-0.02,-0.58,-0.5,-0.31,-0.09,0.01,0.6,-0.17,-0.42,-0.54,-0.63,-0.79,-0.71,-0.48,-0.3,-0.1025
"5238",5238,"Serge Racine",1974,"Haiti",-0.41,-0.48,-0.02,-0.7,-0.36,-0.85,-0.46,-0.3,-0.07,-0.44,-0.71,-0.54,-0.63,-0.46,0.26,-0.51,-1.15,-0.4075
"5239",5239,"Wilfried Louis",1974,"Haiti",-0.41,-0.69,-0.62,-0.7,-1.02,-0.73,-0.83,-1.07,-0.4,0.93,-0.27,0.26,-0.63,-0.79,-1.04,-0.84,-1.8,-0.8125
"5240",5240,"Wilner Nazaire",1974,"Haiti",-0.41,-0.69,-0.62,-0.7,-0.4,-0.61,0.28,-0.61,1.18,0.33,1.5,1.78,0.44,0.2,-0.39,-0.84,-1.22,-0.39
"5241",5241,"Alessandro Mazzola",1974,"Italy",-0.41,2.37,2.97,1.61,1.85,1.85,7.27,6.14,-0.07,-0.72,-0.71,-0.54,-0.63,0.2,0.59,3.78,7.99,4.5575
"5242",5242,"Dino Zoff",1974,"Italy",-0.41,-0.69,-0.62,-0.7,0.43,2.33,-0.83,-1.07,-1.07,-0.99,-0.71,-0.54,-0.63,-1.12,-1.04,-0.84,1.26,-0.0475
"5243",5243,"Fabio Capello",1974,"Italy",1.72,0.14,-0.62,0.11,1.65,1.61,-0.46,1.08,-0.87,1.1,0.32,1.46,0.44,0.86,-0.39,0.95,2.69,0.4025
"5244",5244,"Francesco Morini",1974,"Italy",-0.41,-0.69,-0.62,-0.7,-0.31,-0.49,-0.83,-1.07,0.64,3.03,0.32,0.26,-0.63,0.53,-0.06,-0.84,-1.56,-0.7525
"5245",5245,"Franco Causio",1974,"Italy",-0.41,-0.02,1.18,0,-0.53,-0.01,1.38,1.08,-0.66,-0.79,-0.42,-0.54,-0.63,-0.79,-0.39,0.74,1.07,0.9075
"5246",5246,"Giacinto Facchetti",1974,"Italy",-0.41,0.64,1.18,0.46,0.11,0.71,-0.09,0.31,-0.53,-0.13,1.8,0.06,-0.1,0.86,-0.39,0.53,1.02,0.5275
"5247",5247,"Gianni Rivera",1974,"Italy",1.72,0.35,1.77,-0.35,0.6,1.13,-0.09,2.46,-0.74,-0.55,-0.56,-0.54,-0.63,-0.79,-0.39,2.82,3.59,1.3175
"5248",5248,"Giorgio Chinaglia",1974,"Italy",-0.41,0.51,-0.62,0.92,-0.92,-1.09,1.01,-0.15,-0.82,-0.99,-0.71,-0.54,0.44,-0.79,0.26,0.47,-1.24,-0.2125
"5249",5249,"Giuseppe Wilson",1974,"Italy",-0.41,-0.69,-0.62,-0.7,-1.07,-0.73,-0.83,-0.91,-0.82,-0.45,0.32,1.04,-0.63,-0.79,-1.04,-0.84,-1.64,-0.7725
"5250",5250,"Luciano Spinosi",1974,"Italy",-0.41,-0.23,-0.02,-0.23,-0.06,0.11,-0.83,-1.07,0.97,0.79,1.5,0.26,0.97,-0.46,-0.39,-0.09,-0.96,-0.4525
"5251",5251,"Luigi Riva",1974,"Italy",-0.41,2.75,-0.62,3.35,-0.99,-0.85,-0.46,-0.45,-1.07,-0.72,-0.71,-0.54,0.44,0.2,-0.39,0.74,-1.3,-0.595
"5252",5252,"Pietro Anastasi",1974,"Italy",1.72,0.88,-0.02,1.04,-0.36,-0.85,2.12,0.62,-0.87,-0.99,-0.71,0.26,-0.1,-0.79,2.54,0.56,-0.23,0.4675
"5253",5253,"Roberto Boninsegna",1974,"Italy",-0.41,-0.69,-0.62,-0.58,-1.41,-1.15,-0.83,-0.76,-0.82,-0.99,-0.71,-0.54,-0.63,-0.79,-0.71,-0.75,-1.91,-0.84
"5254",5254,"Romeo Benetti",1974,"Italy",1.72,0.26,-0.02,0.23,1.51,0.95,1.75,1.54,0.18,0.07,0.17,-0.04,-0.63,2.18,-0.71,0.26,2.49,1.055
"5255",5255,"Tarcisio Burgnich",1974,"Italy",-0.41,-0.69,-0.62,-0.7,-0.45,-0.13,-0.09,-0.91,0.76,-0.21,1.35,2.34,-0.63,-0.13,0.26,-0.84,-1.04,-0.4375
"5256",5256,"Arie Haan",1974,"Netherlands",-0.41,-0.58,-0.1,-0.65,2.32,1.23,-0.2,1.23,1.92,1.85,1.19,0.31,0.28,0.44,-0.48,-0.04,2.46,0.54
"5257",5257,"Jan Jongbloed",1974,"Netherlands",-0.41,-0.69,-0.62,-0.7,0.15,0.82,-0.83,-1,-1.07,-0.99,-0.2,-0.54,-0.41,-0.98,-1.04,-0.84,-0.18,-0.4075
"5258",5258,"Johan Cruyff",1974,"Netherlands",2.33,1.9,5.53,2.97,1.71,0.92,4.54,3.73,0.56,1.05,-0.65,0.02,-0.18,0.72,3.14,5.63,4.65,3.68
"5259",5259,"Johan Neeskens",1974,"Netherlands",4.15,5.44,1.94,2.67,0.39,-0.13,1.22,0.84,0.72,1.42,-0.58,-0.54,0.51,0.86,0.64,1.93,0.71,0.9675
"5260",5260,"Johnny Rep",1974,"Netherlands",3.24,2.86,1.94,2.62,0.22,0.07,0.75,0.44,0.61,0.85,-0.52,0.33,0.05,2.28,0.91,1.78,0.51,0.8
"5261",5261,"Piet Keizer",1974,"Netherlands",-0.41,-0.26,-0.36,-0.35,-1.13,-0.98,-0.83,-0.61,-0.83,-0.79,-0.71,-0.54,-0.63,-0.41,-1.04,-0.01,-1.59,-0.695
"5262",5262,"Rene van de Kerkhof",1974,"Netherlands",-0.41,-0.42,-0.36,0.15,-1.5,-1.16,-0.83,-1.07,-1.07,-0.83,-0.71,-0.54,-0.63,-0.98,-1.04,-0.74,-2.23,-0.855
"5263",5263,"Rinus Israël",1974,"Netherlands",-0.41,-0.69,-0.62,-0.7,-1.46,-1.13,-0.83,-1.07,-1.07,-0.99,-0.58,-0.54,-0.63,-0.84,-1.04,-0.84,-2.2,-0.9125
"5264",5264,"Rob Rensenbrink",1974,"Netherlands",0.5,0.77,0.92,2.23,-0.34,-0.52,1.07,0.18,-0.71,0.49,-0.65,-0.54,-0.18,-0.13,0.91,1.51,-0.34,0.4125
"5265",5265,"Ruud Krol",1974,"Netherlands",0.5,0.04,0.15,0.2,1.66,1.31,0.12,0.9,2.94,2.1,0.36,-0.54,0.28,1.43,0.5,0.36,2.21,0.62
"5266",5266,"Theo de Jong",1974,"Netherlands",0.5,-0.19,-0.62,-0.2,-1.21,-1.06,-0.67,-0.94,-0.67,-0.87,-0.71,-0.17,-0.41,-1.12,-1.04,-0.66,-2,-0.8225
"5267",5267,"Wim Jansen",1974,"Netherlands",-0.41,0.54,0.15,0.1,0.81,0.05,-0.04,0.64,3.75,2.04,-0.02,0.9,0.74,0.44,1.33,1.99,0.69,0.2
"5268",5268,"Wim Rijsbergen",1974,"Netherlands",-0.41,-0.46,-0.36,-0.55,1.25,0.18,-0.2,0.38,1.23,2.42,1,0.88,0.97,2.99,-0.34,-0.42,0.56,1.38777878078145e-17
"5269",5269,"Wim Suurbier",1974,"Netherlands",-0.41,0.38,1.43,-0.05,1.38,0.41,-0.35,1.36,1.34,3.18,1,0.05,-0.18,1.71,-0.2,0.96,1.77,0.7125
"5270",5270,"Wim van Hanegem",1974,"Netherlands",-0.41,1.09,0.15,1.48,1.46,0.61,0.43,1.23,2.07,2.94,-0.33,0.88,1.2,2,1.33,1.45,1.84,0.605
"5271",5271,"Adam Musial",1974,"Poland",-0.41,-0.54,0.15,-0.6,0.59,0.95,-0.67,0.64,0.19,0.88,0.81,0.53,-0.41,1.43,0.36,-0.53,1.59,0.2675
"5272",5272,"Andrzej Szarmach",1974,"Poland",4.15,2.75,-0.36,1.63,-0.79,-0.9,0.28,0.05,-0.65,-0.56,-0.71,-0.54,0.51,1.85,0.78,0.12,-0.85,-0.2325
"5273",5273,"Antoni Szymanawski",1974,"Poland",-0.41,-0.6,1.18,-0.4,1.26,1.44,-0.35,1.03,1.45,0.88,1.31,0.01,0.05,-0.27,-0.62,0.23,2.47,0.825
"5274",5274,"Grzegorz Lato",1974,"Poland",5.97,2.95,0.15,2.57,-0.43,-0.7,-0.04,1.3,0.26,-0.64,-0.33,-0.31,0.74,-0.41,-0.2,0.95,0.6,0.1775
"5275",5275,"Henryk Kasperczak",1974,"Poland",-0.41,0.11,0.15,0.1,1.07,0.36,0.59,2.35,0.85,-0.37,-0.02,-0.22,-0.18,0.3,0.5,0.81,2.71,0.8625
"5276",5276,"Jan Domarski",1974,"Poland",-0.41,-0.51,-0.62,-0.4,-1.3,-1.01,-0.51,-0.87,-1,-0.99,-0.65,-0.54,-0.41,-0.84,-0.06,-0.33,-1.88,-0.7525
"5277",5277,"Jan Tomaszewski",1974,"Poland",-0.41,-0.69,-0.62,-0.7,-0.02,0.61,-0.83,-1.07,-1.07,-0.99,-0.46,-0.54,0.05,-1.12,-0.9,-0.84,-0.46,-0.4775
"5278",5278,"Jerzy Gorgon",1974,"Poland",0.5,-0.23,-0.62,-0.65,-0.38,-0.54,-0.83,-0.8,0.37,-0.13,3.27,1.43,0.97,-0.13,-0.62,-0.81,-1.34,-0.6975
"5279",5279,"Kazimierz Deyna",1974,"Poland",2.33,3.97,-0.36,0.74,2.1,0.56,1.7,0.97,0.72,1.5,0.3,-0.24,0.28,-0.69,0.5,1.31,1.53,0.7175
"5280",5280,"Kazimierz Kmiecik",1974,"Poland",-0.41,-0.46,-0.62,-0.55,-1.36,-1.11,-0.83,-1,-0.93,-0.87,-0.71,-0.54,-0.63,-0.98,-0.76,-0.75,-2.11,-0.89
"5281",5281,"Leslaw Cmikiewicz",1974,"Poland",-0.41,-0.26,-0.36,-0.5,-1.06,-0.72,-0.67,-0.67,-0.68,-0.74,-0.58,-0.54,-0.63,-0.55,-0.2,-0.55,-1.39,-0.605
"5282",5282,"Robert Gadocha",1974,"Poland",-0.41,1.32,3.99,1.23,0.09,-0.16,2.17,1.49,-0.03,0.03,-0.39,-0.11,-0.63,-0.41,0.78,2.48,1.33,1.8725
"5283",5283,"Wladyslaw Zmuda",1974,"Poland",-0.41,-0.58,-0.62,-0.7,-0.4,-0.54,-0.83,-0.67,1.55,1.47,1.94,0.65,1.89,1.71,-0.62,-0.78,-1.21,-0.665
"5284",5284,"Zbgniew Gut",1974,"Poland",-0.41,-0.69,-0.1,-0.65,-1.24,-0.88,-0.83,-0.67,-0.78,-0.51,-0.2,-0.54,-0.18,-1.12,-1.04,-0.71,-1.55,-0.62
"5285",5285,"Zygmunt Maszczyk",1974,"Poland",-0.41,0.13,-0.1,-0.3,0.57,0.67,0.43,1.82,0.98,1.31,-0.27,0.26,0.05,1.85,-0.06,-0.16,2.49,0.705
"5286",5286,"Billy Bremner",1974,"Scotland",-0.41,0.31,1.18,0.23,2.49,2.03,0.28,1.08,-0.23,-0.21,-0.42,0.83,-0.63,2.18,5.79,1.16,3.11,1.1425
"5287",5287,"Danny McGrain",1974,"Scotland",-0.41,-0.69,-0.02,-0.46,0.4,0.29,-0.09,-0.91,0.82,-0.21,-0.12,-0.54,0.44,-0.13,-0.71,-0.51,-0.62,-0.1825
"5288",5288,"David Harvey",1974,"Scotland",-0.41,-0.69,-0.62,-0.7,0.31,1.61,-0.83,-1.07,-1.07,-0.99,-0.71,-0.54,-0.63,-1.12,-0.71,-0.84,0.54,-0.2275
"5289",5289,"Davie Hay",1974,"Scotland",-0.41,-0.36,0.58,0.11,1.14,0.89,0.28,1.23,1.19,0.41,-0.71,-0.54,-0.1,2.84,3.19,1.19,2.12,0.745
"5290",5290,"Denis Law",1974,"Scotland",-0.41,1.55,-0.62,1.73,-0.62,-1.09,-0.83,-0.76,-0.23,-0.99,-0.56,-0.54,-0.1,-0.46,-0.71,-0.66,-1.85,-0.825
"5291",5291,"Jim Holton",1974,"Scotland",-0.41,-0.27,-0.62,-0.23,-0.16,-0.43,-0.83,-0.45,-0.03,-0.6,1.65,2.36,0.44,1.85,-0.06,-0.84,-0.88,-0.5825
"5292",5292,"Joe Jordan",1974,"Scotland",3.85,2.54,-0.62,7.51,-0.38,-1.15,-0.09,-0.45,-0.03,-0.99,-0.56,-0.54,7.41,5.82,3.19,2.08,-1.6,-0.5775
"5293",5293,"John Blackley",1974,"Scotland",-0.41,-0.65,-0.02,-0.7,-0.5,0.23,-0.46,-0.91,-0.66,-0.65,0.47,-0.54,-0.63,0.53,-1.04,-0.36,-0.68,-0.29
"5294",5294,"Kenny Dalglish",1974,"Scotland",-0.41,-0.07,1.18,-0.46,0.04,-0.55,-0.09,0.16,0.74,0.39,-0.71,-0.54,-0.63,-0.79,-0.39,0.14,-0.39,0.175
"5295",5295,"Martin Buchan",1974,"Scotland",-0.41,-0.69,-0.62,-0.7,-0.16,-0.31,-0.83,-0.76,0.31,-0.35,0.32,-0.16,0.44,-0.46,-0.39,-0.6,-1.07,-0.63
"5296",5296,"Peter Lorimer",1974,"Scotland",1.72,2.79,7.75,0.34,0.11,0.53,1.38,0.31,0.03,-0.04,-0.71,-0.54,-0.1,0.2,0.91,4.14,0.84,2.4925
"5297",5297,"Sandy Jardin",1974,"Scotland",-0.41,-0.52,1.18,-0.12,0.67,1.07,1.01,0.16,-0.32,0.01,-0.12,-0.16,0.44,1.85,-0.06,0.59,1.23,0.855
"5298",5298,"Thomas Hutchinson",1974,"Scotland",-0.41,-0.69,-0.02,-0.46,-1.14,-0.91,-0.09,-0.15,-0.28,-0.99,-0.71,-0.54,-0.63,-1.12,0.59,-0.07,-1.06,-0.2925
"5299",5299,"William Morgan",1974,"Scotland",-0.41,0.02,1.77,-0.12,0.21,0.47,0.65,1.23,-0.32,-0.37,-0.71,-0.54,-0.63,-0.46,1.24,1.07,1.7,1.03
"5300",5300,"Benno Magnusson",1974,"Sweden",-0.41,-0.4,-0.32,-0.46,-1.21,-0.79,-0.64,-0.45,-0.91,-0.99,-0.56,-0.54,-0.63,-0.46,-0.87,-0.65,-1.24,-0.55
"5301",5301,"Björn Andersson",1974,"Sweden",-0.41,-0.69,-0.32,-0.64,-0.55,0.05,-0.46,-0.3,-0.56,0.08,0.76,0.61,-0.1,-0.13,0.43,-0.39,-0.25,-0.2575
"5302",5302,"Björn Nordqvist",1974,"Sweden",-0.41,-0.69,-0.62,-0.7,0.38,0.74,-0.46,-0.15,-0.07,0.09,2.09,1.19,0.17,-0.79,-0.71,-0.78,0.59,-0.1225
"5303",5303,"Bo Larsson",1974,"Sweden",-0.41,-0.42,0.88,-0.52,0.31,1.1,-0.28,-0.15,0.35,-0.16,-0.12,0.32,-0.1,0.53,0.59,0.46,0.95,0.3875
"5304",5304,"Conny Torstensson",1974,"Sweden",0.66,-0.19,1.18,-0.12,-0.06,-0.01,-0.09,0.24,0.68,0.84,-0.34,0.62,-0.1,0.37,-0.06,0.64,0.23,0.33
"5305",5305,"Inge Ejderstedt",1974,"Sweden",-0.41,-0.5,-0.62,-0.52,-1.36,-1.15,-0.64,-0.76,-0.94,-0.99,-0.64,-0.54,-0.63,-0.62,-0.22,-0.54,-1.91,-0.7925
"5306",5306,"Jan Olsson",1974,"Sweden",-0.41,-0.69,0.88,-0.7,-0.5,-0.01,-0.83,-0.61,-0.46,-0.27,0.84,0.37,-0.1,0.7,0.1,0.02,-0.62,-0.1425
"5307",5307,"Jörgen Augustsson",1974,"Sweden",-0.41,-0.54,-0.32,-0.7,-0.8,-0.49,-0.64,-0.45,-0.83,-0.08,0.03,-0.54,-0.63,-0.79,-0.39,-0.66,-0.94,-0.475
"5308",5308,"Kent Karlsson",1974,"Sweden",-0.41,-0.69,-0.62,-0.7,0.16,0.68,-0.83,-0.38,-0.2,0.52,2.83,1.65,0.44,-0.62,-0.39,-0.75,0.3,-0.2875
"5309",5309,"Ove Grahn",1974,"Sweden",-0.41,0.8,1.77,-0.23,0.28,0.08,-0.46,-0.22,0.38,0.2,0.76,0.06,0.97,1.03,-0.22,0.64,-0.14,0.2925
"5310",5310,"Ove Kindvall",1974,"Sweden",-0.41,0.1,-0.62,-0.18,-0.94,-0.73,-0.09,-0.45,-0.82,-0.78,-0.56,-0.54,-0.37,-0.62,-0.39,-0.36,-1.18,-0.4725
"5311",5311,"Ralf Edström",1974,"Sweden",3.85,1.88,0.28,3.46,0.34,0.02,0.46,-0.38,-0.63,-0.07,0.62,-0.54,6.87,0.37,1.73,1.45,-0.36,0.095
"5312",5312,"Roland Grip",1974,"Sweden",-0.41,-0.69,-0.62,-0.7,-0.97,-0.49,-0.28,-0.61,-0.59,-0.33,-0.49,-0.16,-0.63,-0.79,-1.04,-0.68,-1.1,-0.5
"5313",5313,"Roland Sandberg",1974,"Sweden",1.72,1.92,-0.02,2.48,-0.66,-0.76,-0.46,-0.15,-0.68,-0.27,-0.56,0.09,-0.1,-0.13,0.91,0.08,-0.91,-0.3475
"5314",5314,"Ronnie Hellström",1974,"Sweden",-0.41,-0.69,-0.62,-0.7,0.67,2.06,-0.83,-1.07,-1.07,-0.99,-0.64,-0.54,-0.1,-1.12,-0.71,-0.84,0.99,-0.115
"5315",5315,"Staffan Tapper",1974,"Sweden",-0.41,1.73,0.28,-0.06,0.4,0.02,-0.28,0.08,0.46,0.35,-0.12,-0.09,-0.1,-0.13,-0.39,0.32,0.1,0.025
"5316",5316,"Thomas Ahlström",1974,"Sweden",-0.41,-0.56,-0.62,-0.46,-1.45,-1.15,-0.83,-0.91,-1.07,-0.99,-0.71,-0.54,-0.63,-1.12,-0.71,-0.84,-2.06,-0.8775
"5317",5317,"Örjan Persson",1974,"Sweden",-0.41,-0.65,-0.62,-0.58,-0.89,-0.61,-0.64,-0.84,-0.88,-0.47,-0.27,-0.18,-0.37,-0.13,-0.71,-0.54,-1.45,-0.6775
"5318",5318,"Baudilio Jauregui",1974,"Uruguay",-0.41,-0.69,-0.62,-0.35,0.01,-0.07,-0.83,-1.07,0.4,1.58,2.24,1.27,2.05,0.86,1.24,-0.66,-1.14,-0.6475
"5319",5319,"Castillo Julio Montero",1974,"Uruguay",-0.41,-0.69,-0.62,-0.7,-0.85,-0.91,-0.46,-0.91,-1.07,-0.99,-0.42,-0.54,-0.63,0.53,-0.71,-0.84,-1.82,-0.725
"5320",5320,"Denis Milar",1974,"Uruguay",-0.41,0.47,-0.02,0.57,-0.55,-0.67,-0.09,-0.3,-1.07,-0.99,-0.56,-0.54,0.44,0.2,1.56,-0.15,-0.97,-0.27
"5321",5321,"Fernando Morena",1974,"Uruguay",-0.41,0.35,-0.02,1.27,-0.92,-0.91,-0.83,-0.15,-1.07,-0.99,-0.56,-0.54,2.58,0.86,0.91,-0.09,-1.06,-0.4775
"5322",5322,"Juan Masnik",1974,"Uruguay",-0.41,-0.52,-0.62,-0.35,-0.62,-0.43,-0.83,-0.45,0.5,0.27,2.09,-0.54,0.44,-0.46,-0.39,-0.3,-0.88,-0.5825
"5323",5323,"Ladislao Mazurkiewicz",1974,"Uruguay",-0.41,-0.69,-0.62,-0.7,1.09,3.47,-0.83,-1.07,-1.07,-0.99,-0.71,-0.54,-0.63,-1.12,-0.71,-0.84,2.4,0.2375
"5324",5324,"Luis Cubilla",1974,"Uruguay",-0.41,-0.11,1.77,0,-0.8,-0.67,1.38,1.08,-0.92,-0.99,-0.71,-0.54,-0.63,-0.46,0.59,0.74,0.41,0.89
"5325",5325,"Luis Garisto",1974,"Uruguay",-0.41,-0.56,-0.62,-0.7,-0.94,-0.67,-0.46,-0.91,-0.52,-0.37,-0.12,-0.54,-0.63,-0.46,-0.39,-0.84,-1.58,-0.665
"5326",5326,"Pablo Forlán",1974,"Uruguay",-0.41,-0.52,1.77,-0.58,1.24,2.21,-0.46,1.08,-0.01,0.89,0.47,0.3,-0.63,1.19,-0.06,0.8,3.29,1.15
"5327",5327,"Pedro Virglio Rocha Franchetti",1974,"Uruguay",-0.41,0.02,0.58,0.69,0.53,0.59,1.75,0.31,0.04,0.68,-0.42,-0.54,1.51,-0.46,1.56,0.14,0.9,0.8075
"5328",5328,"Ricardo Pavoni",1974,"Uruguay",1.72,0.68,-0.02,0.23,1.16,2.51,-0.83,0.31,-0.01,0.6,1.5,0.32,0.44,1.52,-0.71,0.11,2.82,0.4925
"5329",5329,"Rubén Corbo",1974,"Uruguay",-0.41,-0.31,-0.62,0,-0.99,-0.85,-0.83,-0.91,-0.72,-0.37,-0.71,-0.54,-0.63,-1.12,0.59,-0.84,-1.76,-0.8025
"5330",5330,"Victor Esparrago",1974,"Uruguay",-0.41,0.1,-0.02,0.92,0.53,0.35,0.65,0.62,0.48,0.6,-0.42,-0.54,-0.63,0.53,0.59,0.83,0.97,0.4
"5331",5331,"Walter Mantegazza",1974,"Uruguay",-0.41,0.18,0.58,-0.23,0.36,-0.25,0.28,0.46,0.68,-0.11,0.17,-0.54,-0.1,2.18,-0.39,0.26,0.21,0.2675
"5332",5332,"Bernd Cullmann",1974,"West Germany",0.5,-0.3,-0.1,0.2,-0.47,-0.65,-0.35,-0.28,0.53,0.58,-0.33,-0.54,-0.18,-0.55,-0.62,-0.33,-0.93,-0.345
"5333",5333,"Bernd Hölzenbein",1974,"West Germany",-0.41,-0.17,0.41,1.33,-0.27,-0.29,0.59,0.97,0.95,0.45,-0.33,0.06,0.05,-0.41,1.19,1.01,0.68,0.42
"5334",5334,"Berti Vogts",1974,"West Germany",-0.41,-0.31,0.15,-0.5,0.91,0.69,-0.2,-0.08,3.8,2.25,0.49,-0.54,0.05,0.58,0.64,0.09,0.61,0.14
"5335",5335,"Dieter Herzog",1974,"West Germany",-0.41,-0.4,-0.1,-0.3,-1.01,-0.83,-0.67,-0.54,-0.71,-0.99,-0.58,-0.54,-0.63,-0.69,-0.76,-0.52,-1.37,-0.535
"5336",5336,"Franz Beckenbauer",1974,"West Germany",-0.41,0.38,-0.36,-0.25,3.58,3.44,-0.04,2.15,1.21,0.94,1.25,1.37,0.05,-0.98,-0.34,2.1,5.59,1.2975
"5337",5337,"Georg Schwarzenbeck",1974,"West Germany",-0.41,-0.49,-0.62,-0.6,0.36,-0.03,0.59,-0.21,3.47,2.88,1.06,0.88,0.51,0.86,0.22,-0.48,-0.24,-0.0675
"5338",5338,"Gerd Müller",1974,"West Germany",3.24,3.99,-0.36,4.65,-0.05,-0.67,0.59,-0.35,-0.11,0.1,-0.71,-0.54,0.28,-0.27,0.08,1.84,-1.02,-0.1975
"5339",5339,"Heinz Flohe",1974,"West Germany",-0.41,-0.53,-0.36,-0.35,-1.02,-1.11,-0.51,-0.28,-0.63,-0.63,-0.65,-0.54,-0.41,-0.69,-0.48,-0.44,-1.39,-0.565
"5340",5340,"Herbert Wimmer",1974,"West Germany",-0.41,-0.33,-0.36,-0.45,-1.27,-1.11,-0.83,-0.67,-0.64,-0.84,-0.71,-0.11,-0.63,-0.69,-1.04,-0.6,-1.78,-0.7425
"5341",5341,"Josef Maier",1974,"West Germany",-0.41,-0.69,-0.62,-0.7,0.03,0.95,-0.83,-1.07,-1.07,-0.99,-0.58,-0.54,-0.18,-1.12,-0.62,-0.84,-0.12,-0.3925
"5342",5342,"Jupp Heynckes",1974,"West Germany",-0.41,-0.12,-0.62,0.34,-1.18,-1.11,-0.35,-0.35,-0.82,-0.75,-0.71,-0.54,0.05,-1.12,-0.2,-0.44,-1.46,-0.6075
"5343",5343,"Jürgen Grabowski",1974,"West Germany",0.5,-0.28,2.46,0.1,0.52,0.38,1.07,1.76,1.17,-0.26,-0.65,-0.54,-0.63,0.01,0.36,1.82,2.14,1.4175
"5344",5344,"Paul Breitner",1974,"West Germany",2.33,2.06,0.41,0.49,2.34,2.03,1.07,2.02,1.27,0.97,0.3,1.12,0.05,-0.41,-0.06,0.79,4.05,1.3825
"5345",5345,"Rainer Bonhof",1974,"West Germany",0.5,0.34,-0.1,0.89,-0.22,-0.67,1.38,-0.02,2.28,0.15,0.11,-0.54,0.28,-0.13,0.22,0.45,-0.69,0.1475
"5346",5346,"Uli Hoeness",1974,"West Germany",0.5,4.43,3.22,1.98,1.15,0.13,2.8,2.41,0.28,1.01,-0.27,-0.05,0.28,-0.13,1.19,3.81,2.54,2.14
"5347",5347,"Wolfgang Overath",1974,"West Germany",1.42,0.04,0.92,0.24,2.43,1.15,1.38,1.63,2.99,1.13,-0.46,-0.54,-0.41,-0.27,0.64,1.66,2.78,1.27
"5348",5348,"Branko Oblak",1974,"Yugoslavia",0.66,0.31,0.58,0.57,1,-0.07,0.46,0.77,1.12,1.1,-0.49,-0.54,-0.37,1.36,1.56,0.87,0.7,0.435
"5349",5349,"Danilo Popivoda",1974,"Yugoslavia",-0.41,-0.69,-0.62,-0.7,-1.32,-1.15,-0.83,-0.68,-1.07,-0.99,-0.64,-0.54,-0.63,-0.95,-1.04,-0.84,-1.83,-0.82
"5350",5350,"Dragan Dzajic",1974,"Yugoslavia",0.66,0.26,2.07,1.27,0.29,-0.04,1.57,1.69,-0.44,-0.99,-0.71,-0.54,-0.1,-0.13,1.24,2.57,1.65,1.3225
"5351",5351,"Drazen Muzinic",1974,"Yugoslavia",-0.41,-0.62,-0.62,-0.7,-0.32,-0.43,-0.64,-0.76,-0.24,-0.43,-0.49,0.42,-0.63,0.2,-0.71,-0.84,-1.19,-0.6125
"5352",5352,"Dusan Bajevic",1974,"Yugoslavia",2.78,0.82,-0.62,0.52,-0.98,-1.03,-0.83,-0.84,-0.63,-0.56,-0.71,-0.54,-0.37,-0.62,-0.22,-0.35,-1.87,-0.83
"5353",5353,"Enver Hadziabdic",1974,"Yugoslavia",-0.41,-0.65,0.58,-0.7,1.69,2.51,1.01,1.61,0.66,2.16,0.69,0.91,0.71,2.35,0.43,-0.2,4.12,1.4275
"5354",5354,"Enver Maric",1974,"Yugoslavia",-0.41,-0.69,-0.62,-0.7,0.28,1.79,-0.83,-1.07,-1.07,-0.84,-0.56,-0.54,-0.37,-0.62,0.1,-0.84,0.72,-0.1825
"5355",5355,"Ilija Petkovic",1974,"Yugoslavia",0.66,0.12,0.58,0.57,-0.01,-0.25,1.2,1.61,0.2,-0.99,-0.56,-0.12,-0.63,0.86,0.43,0.22,1.36,0.785
"5356",5356,"Ivan Buljan",1974,"Yugoslavia",-0.41,-0.67,1.18,-0.41,1.29,1.4,-0.09,1.08,1.47,2.69,1.06,0.47,0.71,1.36,0.91,0.65,2.48,0.8925
"5357",5357,"Ivan Surjak",1974,"Yugoslavia",1.72,1.38,0.28,2.54,0.12,-0.43,1.01,0.62,-0.5,0.56,-0.49,-0.17,1.78,-0.29,0.75,0.13,0.19,0.37
"5358",5358,"Josip Katalinski",1974,"Yugoslavia",0.66,-0.36,-0.62,-0.23,-0.02,-0.25,-0.83,-0.38,1.43,1.94,0.84,0.76,-0.1,1.36,0.1,-0.6,-0.63,-0.52
"5359",5359,"Jovan Acimovic",1974,"Yugoslavia",-0.41,0.55,-0.02,0.23,1.75,0.35,0.83,1.08,2.27,1.61,-0.42,0.11,-0.37,1.85,1.73,0.64,1.43,0.56
"5360",5360,"Jurica Jerkovic",1974,"Yugoslavia",-0.41,-0.38,-0.62,-0.23,-0.26,-0.82,0.09,-0.38,-0.49,0.02,-0.56,-0.54,-0.63,-0.95,-0.87,-0.33,-1.2,-0.4325
"5361",5361,"Miroslav Pavlovic",1974,"Yugoslavia",-0.41,-0.69,-0.62,-0.7,-1.21,-1,-0.83,-1.07,-0.33,-0.53,-0.19,-0.54,-0.63,-0.95,-1.04,-0.72,-2.07,-0.88
"5362",5362,"Stanislav Karasi",1974,"Yugoslavia",1.72,0.7,-0.02,0.17,-0.33,-0.85,-0.28,-0.76,-0.4,-0.44,-0.56,0.12,-0.63,-0.46,-0.55,0.1,-1.61,-0.4775
"5363",5363,"Vladimir Petrovic",1974,"Yugoslavia",-0.41,-0.4,0.28,-0.58,-1.05,-0.73,-0.64,-0.61,-1.07,-0.53,-0.71,-0.54,-0.63,-0.62,-0.87,-0.32,-1.34,-0.425
"5364",5364,"Vladislav Bogicevic",1974,"Yugoslavia",0.66,-0.31,-0.02,0.11,1.62,0.44,0.28,1.15,0.82,1.74,0.62,1.98,-0.1,0.37,-0.39,0.47,1.59,0.4625
"5365",5365,"Adelard Maku Mayanga",1974,"Zaire",-0.41,0.18,-0.62,-0.23,0.04,-0.79,1.01,0.31,-0.57,-0.67,-0.71,0.06,-0.1,-0.46,-0.39,-0.18,-0.48,-0.0225
"5366",5366,"Boba Lobilo",1974,"Zaire",-0.41,-0.65,-0.62,-0.7,0.23,0.53,-0.83,0.31,1.03,0.55,3.12,2.53,1.51,1.19,0.26,-0.84,0.84,-0.1525
"5367",5367,"Dimbi Tubilandu",1974,"Zaire",-0.41,-0.69,-0.62,-0.7,-0.89,-0.01,-0.83,-1.07,-1.07,-0.99,-0.42,-0.54,-0.63,-1.12,-1.04,-0.84,-1.08,-0.6325
"5368",5368,"Etepe Kakoko",1974,"Zaire",-0.41,0.76,-0.02,1.5,-0.67,-0.43,-0.46,-0.15,-0.75,-0.73,-0.71,-0.54,-0.63,-0.79,-0.39,0.65,-0.58,-0.265
"5369",5369,"Ilunga Mwepu",1974,"Zaire",-0.41,-0.56,1.18,-0.7,0.8,1.55,-0.46,0.31,1.06,1.29,1.5,0.4,-0.1,0.86,-1.04,-0.04,1.86,0.645
"5370",5370,"Kalala Ntumba",1974,"Zaire",-0.41,-0.48,-0.62,-0.23,-1.19,-1.21,-0.46,-0.91,-0.68,-0.83,-0.71,-0.54,1.51,-0.46,-1.04,-0.84,-2.12,-0.8
"5371",5371,"Mabwene Mana",1974,"Zaire",-0.41,-0.31,0.58,-0.23,2.19,0.65,1.01,0.46,-0.23,0.97,-0.12,0.23,-0.63,-0.79,-0.06,-0.12,1.11,0.675
"5372",5372,"Mafu Kibonge",1974,"Zaire",-0.41,-0.69,-0.62,-0.12,-0.48,-0.85,-0.09,-0.3,-0.88,-0.83,-0.71,-0.07,-0.1,-0.46,0.26,-0.48,-1.15,-0.465
"5373",5373,"Mantantu Kidumu",1974,"Zaire",-0.41,0.31,0.58,0.46,0.53,-0.31,-0.09,-0.15,-0.38,-0.36,-0.71,-0.54,-0.1,1.85,-0.39,0.53,-0.46,0.0075
"5374",5374,"Masamba Kilasu",1974,"Zaire",-0.41,-0.52,-0.62,-0.23,1.34,0.89,0.28,0.62,0.09,0.74,0.32,0.65,-0.1,0.86,0.59,0.35,1.51,0.2925
"5375",5375,"Muamba Kazadi",1974,"Zaire",-0.41,-0.69,-0.62,-0.7,0.48,2.45,-0.83,-0.91,-1.07,-0.99,-0.27,-0.54,-0.63,-1.12,1.56,-0.84,1.54,0.0225
"5376",5376,"Mulamba N'Diaye",1974,"Zaire",-0.41,0.51,-0.02,-0.12,-0.82,-1.03,-0.46,-0.76,-0.82,-0.79,-0.71,-0.54,-0.63,0.53,-0.06,-0.09,-1.79,-0.5675
"5377",5377,"Mwanza Mukombo",1974,"Zaire",-0.41,-0.44,-0.62,-0.46,0.85,1.85,-0.46,0.01,1.03,0.96,0.76,0.4,-0.1,-0.13,-1.04,-0.84,1.86,0.195
"5378",5378,"Raymond Tshimen Bwanga",1974,"Zaire",-0.41,-0.6,-0.62,-0.7,0.11,-0.07,1.75,1.38,1.61,2.62,2.53,1.58,0.97,-0.13,-0.71,-0.84,1.31,0.61
"5379",5379,"Uba Kembo",1974,"Zaire",-0.41,-0.69,0.58,0,-0.87,-0.49,1.38,-0.45,-1.07,-0.99,-0.56,-0.54,-0.1,-0.46,-0.71,0.02,-0.94,0.255
"5380",5380,"Wamunda Tshimabu",1974,"Zaire",-0.41,-0.65,-0.62,-0.7,-1.04,-0.97,-0.46,-0.15,-1.07,-0.83,-0.56,-0.54,-0.63,-0.46,-1.04,-0.84,-1.12,-0.55
"5381",5381,"Christian Piot",1970,"Belgium",-0.39,-0.62,-0.57,-0.63,0,1.63,-0.73,-1.01,-1.01,-0.99,-0.52,-0.59,0.2,-1.1,-0.3,-0.89,0.62,-0.17
"5382",5382,"Georges Heylens",1970,"Belgium",-0.39,-0.55,0.13,-0.26,1.03,0.94,-0.73,0.86,1.27,1,1.54,-0.04,0.2,-0.38,0.08,-0.16,1.8,0.3
"5383",5383,"Jean Dockx",1970,"Belgium",-0.39,0.62,-0.57,-0.14,0.38,-0.68,-0.05,1,0.25,3.2,0.27,0.14,0.2,0.7,1.58,-0.54,0.32,-0.075
"5384",5384,"Jean Thissen",1970,"Belgium",-0.39,-0.44,-0.57,-0.39,0.63,0.45,0.62,1.4,0.9,1.22,0.43,-0.59,2.57,0.34,0.08,-0.34,1.85,0.475
"5385",5385,"Johan Devrindt",1970,"Belgium",-0.39,0.22,-0.57,0.59,-0.78,-0.74,-0.05,-0.21,-1.01,-0.15,-0.68,-0.59,-0.59,-0.74,0.08,0.39,-0.95,-0.3925
"5386",5386,"Leon Jeck",1970,"Belgium",-0.39,-0.62,-0.57,-0.63,-0.88,-0.92,-0.73,-0.47,-0.31,-0.09,1.06,2.11,1.78,-0.02,-1.05,-0.58,-1.39,-0.6725
"5387",5387,"Leon Semmeling",1970,"Belgium",-0.39,-0.55,4.31,0.71,0.91,1.19,0.95,1.66,-0.69,0.13,-0.68,-0.59,0.2,-0.02,2.33,3.55,2.85,2.0275
"5388",5388,"Nicolas Dewalque",1970,"Belgium",-0.39,-0.58,-0.57,-0.63,-0.4,-0.49,0.28,0.46,0.25,1.37,1.54,-0.05,-0.59,0.34,-0.3,-0.89,-0.03,-0.08
"5389",5389,"Odilon Polleunis",1970,"Belgium",-0.39,0.98,-0.57,0.47,-1.08,-1.17,-0.73,-0.47,-0.77,-0.99,-0.68,-0.59,0.2,-1.1,-0.3,-0.89,-1.64,-0.735
"5390",5390,"Paul Van Himst",1970,"Belgium",-0.39,1.31,-0.57,3.52,1.51,-0.49,0.28,2.2,0.66,-0.77,-0.68,-0.59,4.15,0.7,1.2,0.57,1.71,0.355
"5391",5391,"Raoul Lambert",1970,"Belgium",2.95,4.74,0.82,2.17,-0.7,-0.99,-0.39,-0.61,-1.01,-0.69,-0.68,-0.59,0.99,-1.1,0.45,0.32,-1.6,-0.2925
"5392",5392,"Wilfried Puis",1970,"Belgium",-0.39,0.25,2.92,-0.26,0.73,0.2,-0.05,1.66,-0.14,0.23,-0.68,-0.59,-0.59,-0.02,-1.05,0.98,1.86,1.1825
"5393",5393,"Wilfried Van Moer",1970,"Belgium",2.95,2.84,-0.57,1.44,2.19,0.57,1.63,1.13,2.55,2.67,-0.68,-0.59,0.2,-0.38,0.45,0.6,1.7,0.69
"5394",5394,"Brito",1970,"Brazil",-0.39,-0.62,-0.57,-0.63,-0.25,-0.58,-0.56,-0.74,1.66,0.16,2.96,2.76,0.99,0.52,0.26,-0.89,-1.32,-0.6125
"5395",5395,"Carlos Alberto Torres",1970,"Brazil",0.45,-0.06,0.13,0.16,3.18,4.4,-0.05,0.79,1.59,0.02,0.67,2.28,-0.59,-0.02,-0.11,0.74,5.19,1.3175
"5396",5396,"Clodoaldo",1970,"Brazil",0.45,-0.06,-0.22,-0.2,2.25,0.1,2.13,1.2,2.13,1.16,-0.2,1.38,-0.59,-0.2,-0.3,-0.34,1.3,0.8025
"5397",5397,"Everaldo",1970,"Brazil",-0.39,-0.51,-0.57,-0.63,0.32,0.76,-0.39,-0.47,0.51,2.71,0.98,-0.17,-0.59,-0.02,-0.49,-0.72,0.29,-0.1675
"5398",5398,"Everaldo Marques Da Silva",1970,"Brazil",-0.39,-0.55,-0.57,-0.57,-0.98,-0.74,-0.73,-0.87,0.03,-0.25,-0.28,0.6,-0.2,-0.92,-0.86,-0.79,-1.61,-0.7275
"5399",5399,"Félix",1970,"Brazil",-0.39,-0.62,-0.57,-0.63,0.92,1.01,-0.73,-1.01,-1.01,-0.99,-0.6,-0.59,-0.59,-1.1,-0.11,-0.89,0,-0.325
"5400",5400,"Gérson",1970,"Brazil",0.45,0.15,0.48,-0.02,1.02,0.29,-0.39,0.33,-0.4,-0.03,-0.2,0.86,-0.59,-0.38,-0.86,1.67,0.62,0.1775
"5401",5401,"Jairzinho",1970,"Brazil",5.46,1.59,0.48,2.11,1,0.29,7.17,4.4,-0.18,-0.16,-0.52,-0.59,-0.2,1.06,3.83,2.64,4.69,3.085
"5402",5402,"Jose de Anchieta Fontana",1970,"Brazil",-0.39,-0.62,-0.57,-0.63,-1.34,-1.11,-0.73,-1.01,-0.79,-0.57,-0.2,0.92,-0.2,-1.1,-0.86,-0.89,-2.12,-0.855
"5403",5403,"Marco Antonio",1970,"Brazil",-0.39,-0.62,-0.57,-0.57,-0.9,-0.83,-0.73,-0.81,-0.82,-0.6,-0.36,-0.16,-0.59,-0.92,-0.49,-0.89,-1.64,-0.735
"5404",5404,"Paulo Cesar",1970,"Brazil",-0.39,0.09,-0.57,0.29,-0.3,-0.18,0.79,0.59,-0.6,-0.78,-0.52,-0.59,-0.59,-0.02,0.08,-0.08,0.41,0.1575
"5405",5405,"Pelé",1970,"Brazil",2.95,3.19,-0.57,2.3,1.15,0.35,1.46,0.66,0.96,-0.43,-0.68,0.56,0.2,3.04,2.71,4.41,1.01,0.475
"5406",5406,"Piazza",1970,"Brazil",-0.39,-0.62,-0.57,-0.63,0.85,0.41,-0.39,-0.67,1.88,2.73,0.59,1.83,-0.59,-0.02,-0.68,-0.89,-0.26,-0.305
"5407",5407,"Rivellino",1970,"Brazil",2.12,1.84,0.13,0.22,1.49,0.82,2.47,1.53,1.2,0.08,-0.6,-0.16,-0.59,-0.38,0.83,1.24,2.35,1.2375
"5408",5408,"Roberto Miranda",1970,"Brazil",-0.39,-0.49,-0.57,-0.39,-1.34,-1.17,-0.56,-0.67,-1.01,-0.99,-0.68,-0.59,-0.59,-0.92,-1.05,-0.58,-1.84,-0.7425
"5409",5409,"Tostao",1970,"Brazil",1.28,2.19,-0.22,1.69,0.34,-0.61,0.95,-0.01,0.07,-0.64,-0.6,-0.59,-0.59,0.88,0.45,1.99,-0.62,0.0275
"5410",5410,"Alexander Shalamanov",1970,"Bulgaria",-0.39,-0.62,0.82,-0.51,-0.02,1.13,-0.73,-0.34,1.01,0.51,-0.52,0.87,-0.59,-0.38,-0.68,-0.3,0.79,0.22
"5411",5411,"Asparuh Nikodimov",1970,"Bulgaria",1.28,0,-0.57,-0.39,0.15,0.69,-0.73,-0.21,-0.16,-0.99,-0.05,-0.59,0.99,0.34,-1.05,-0.58,0.48,-0.205
"5412",5412,"Boris Gaganelov",1970,"Bulgaria",-0.39,-0.62,-0.57,-0.63,-1.15,-0.8,-0.73,-1.01,-0.65,-0.82,-0.36,-0.59,-0.59,-0.74,-1.05,-0.89,-1.81,-0.7775
"5413",5413,"Dimitar Marashliev",1970,"Bulgaria",-0.39,-0.26,0.13,-0.14,-0.85,-0.8,-0.39,-0.34,-0.62,-0.99,-0.68,-0.59,-0.59,-0.38,-0.3,-0.51,-1.14,-0.35
"5414",5414,"Dimitar Penev",1970,"Bulgaria",-0.39,-0.33,-0.57,-0.63,0.28,0.38,-0.73,-0.34,0.13,0.57,1.22,1.78,1.78,0.34,-0.3,-0.54,0.04,-0.315
"5415",5415,"Dimitar Yakimov",1970,"Bulgaria",-0.39,-0.04,-0.57,0.59,0.71,-0.11,0.62,0.46,-0.8,0.46,-0.52,-0.59,-0.59,-1.1,0.45,0.22,0.35,0.1
"5416",5416,"Dinko Dermendjiev",1970,"Bulgaria",1.28,-0.37,-0.57,-0.02,-0.05,0.38,0.95,0.46,-0.65,-0.62,-0.68,-0.59,-0.59,-1.1,0.08,0.11,0.84,0.305
"5417",5417,"Dobromir Zhechev",1970,"Bulgaria",1.28,0.15,-0.57,-0.39,-0.6,-0.49,-0.73,-0.74,0.52,0.8,1.22,2.12,0.2,1.42,-1.05,-0.68,-1.23,-0.6325
"5418",5418,"Georgi Asparukhov",1970,"Bulgaria",-0.39,1.97,-0.57,3.03,-0.78,-0.61,-0.05,-0.47,-0.16,-0.82,-0.68,-0.59,4.15,-0.38,0.08,0.84,-1.08,-0.425
"5419",5419,"Georgi Popov",1970,"Bulgaria",-0.39,-0.62,1.52,0.22,-0.17,0.07,-0.73,1.13,-1.01,-0.67,-0.68,-0.59,-0.59,-0.74,0.08,0.36,1.2,0.4975
"5420",5420,"Hristo Bonev",1970,"Bulgaria",1.28,0.33,-0.57,-0.02,0.93,0.57,0.62,1.53,0.53,-0.41,-0.52,-0.59,-0.59,0.7,1.58,0.98,2.1,0.5375
"5421",5421,"Ivan Davidov",1970,"Bulgaria",-0.39,-0.62,-0.57,-0.39,-1.08,-0.99,-0.73,-0.87,0.05,0.23,0.11,-0.1,0.2,-1.1,-1.05,-0.89,-1.86,-0.79
"5422",5422,"Ivan Dimitrov",1970,"Bulgaria",-0.39,-0.62,-0.57,-0.51,-0.6,-0.18,-0.73,-0.87,-0.38,-0.47,-0.05,0.66,-0.59,0.7,-1.05,-0.89,-1.05,-0.5875
"5423",5423,"Milko Gaidarski",1970,"Bulgaria",-0.39,-0.62,-0.57,-0.63,0.05,1.07,-0.73,-0.34,-0.31,1.29,0.9,-0.59,1.78,1.06,-0.68,-0.16,0.73,-0.1425
"5424",5424,"Petar Zhekov",1970,"Bulgaria",-0.39,-0.33,-0.57,-0.14,-0.98,-0.99,-0.39,-1.01,-1.01,-0.39,-0.68,-0.1,-0.59,-1.1,-0.68,-0.09,-2,-0.74
"5425",5425,"Simeon Simeonov",1970,"Bulgaria",-0.39,-0.62,-0.57,-0.63,-0.42,0.32,-0.73,-0.74,-1.01,-0.99,-0.68,-0.59,-0.59,-1.1,-1.05,-0.89,-0.42,-0.43
"5426",5426,"Stefan Aladzhov",1970,"Bulgaria",-0.39,-0.62,-0.57,-0.63,-0.73,-0.43,-0.73,-0.74,-0.38,-0.99,0.27,0.39,-0.59,-0.74,-1.05,-0.89,-1.17,-0.6175
"5427",5427,"Stoyan Yordanov",1970,"Bulgaria",-0.39,-0.62,-0.57,-0.63,-0.65,0.69,-0.73,-1.01,-1.01,-0.99,-0.52,-0.59,-0.59,-1.1,-0.68,-0.89,-0.32,-0.405
"5428",5428,"Todor Kolev",1970,"Bulgaria",1.28,-0.51,0.13,-0.51,0.73,0.88,-0.73,0.46,-0.47,-0.35,-0.36,-0.18,-0.59,0.7,-1.05,0.95,1.34,0.185
"5429",5429,"Vasil Mitkov",1970,"Bulgaria",-0.39,-0.07,0.82,1.44,-0.57,-0.05,1.96,0.33,-0.31,-0.67,-0.68,-0.59,-0.59,-1.1,1.95,2.23,0.28,0.765
"5430",5430,"Alexander Horváth",1970,"Czechoslovakia",-0.39,-0.11,0.13,-0.63,-0.4,-0.43,-0.73,-0.74,0.33,0.34,0.59,2.18,-0.59,-0.02,-1.05,-0.68,-1.17,-0.4425
"5431",5431,"Alexander Vencel",1970,"Czechoslovakia",-0.39,-0.62,-0.57,-0.63,-0.68,0.51,-0.73,-1.01,-1.01,-0.99,-0.52,-0.59,-0.59,-1.1,-1.05,-0.89,-0.5,-0.45
"5432",5432,"Andrej Kvasnák",1970,"Czechoslovakia",-0.39,-0.55,-0.57,-0.39,-0.2,-0.18,-0.73,-0.34,-0.48,0.25,0.27,0.07,-0.59,1.42,-0.3,-0.23,-0.52,-0.455
"5433",5433,"Bohumil Vesely",1970,"Czechoslovakia",-0.39,-0.58,2.92,-0.63,-0.47,-0.43,-0.05,0.33,-0.53,-0.53,-0.68,-0.59,-0.59,-1.1,-0.68,0.7,-0.1,0.6925
"5434",5434,"Frantisek Vesely",1970,"Czechoslovakia",-0.39,0.95,-0.57,0.83,0.13,-0.11,-0.05,0.06,-0.63,0.02,-0.68,-0.59,-0.59,-0.02,-0.3,0.05,-0.05,-0.1675
"5435",5435,"Ivan Hrdlicka",1970,"Czechoslovakia",-0.39,-0.62,-0.57,-0.63,-1.05,-1.05,-0.73,-0.87,-0.43,-0.72,-0.68,-0.59,-0.59,-1.1,-1.05,-0.72,-1.92,-0.805
"5436",5436,"Ivo Viktor",1970,"Czechoslovakia",-0.39,-0.62,-0.57,-0.63,0,1.25,-0.73,-1.01,-1.01,-0.99,-0.68,-0.59,0.2,-1.1,-0.68,-0.89,0.24,-0.265
"5437",5437,"Jan Capkovic",1970,"Czechoslovakia",-0.39,-0.33,0.13,-0.14,-0.98,-0.99,-0.73,-0.87,-0.63,-0.99,-0.68,-0.59,-0.59,-0.74,0.08,-0.68,-1.86,-0.615
"5438",5438,"Jaroslav Pollak",1970,"Czechoslovakia",-0.39,-0.62,-0.57,-0.51,0.13,-0.11,-0.39,-0.34,0.13,-0.63,-0.52,-0.59,-0.59,-0.38,-0.68,-0.44,-0.45,-0.3525
"5439",5439,"Josef Jurkanin",1970,"Czechoslovakia",-0.39,-0.51,-0.57,-0.63,-1.18,-1.11,-0.39,-0.61,-1.01,-0.76,-0.68,-0.59,-0.59,-1.1,-0.68,-0.82,-1.72,-0.67
"5440",5440,"Jozef Adamec",1970,"Czechoslovakia",-0.39,1.42,0.82,0.35,0.56,0.45,1.63,0.46,-0.77,-0.49,-0.68,-0.59,0.2,-0.74,0.08,1.78,0.91,0.84
"5441",5441,"Karol Dobias",1970,"Czechoslovakia",-0.39,-0.37,0.13,-0.14,2.52,4.24,-0.05,1.53,1.04,-0.17,0.59,0.07,-0.59,-1.1,0.45,-0.61,5.77,1.4625
"5442",5442,"Karol Jokl",1970,"Czechoslovakia",-0.39,0.25,1.52,-0.39,0.2,0.01,-0.39,1.4,-0.48,1.07,-0.52,-0.59,0.2,-0.74,1.2,0.81,1.41,0.635
"5443",5443,"L'udevit Zlocha",1970,"Czechoslovakia",-0.39,-0.44,-0.57,-0.39,-1.05,-0.74,-0.73,-0.74,-0.53,-0.53,0.43,-0.59,-0.59,-0.02,-0.3,-0.89,-1.48,-0.695
"5444",5444,"Ladislav Kuna",1970,"Czechoslovakia",-0.39,1.17,0.13,0.83,1.24,-0.18,-0.05,0.46,0.71,0.48,-0.52,-0.04,-0.59,1.42,0.08,0.11,0.28,0.09
"5445",5445,"Ladislav Petras",1970,"Czechoslovakia",2.95,1.17,-0.57,3.39,-0.3,-0.43,4.31,0.73,-0.72,-0.63,-0.68,-0.59,0.99,-0.74,1.58,2.26,0.3,1.01
"5446",5446,"Vaclav Migas",1970,"Czechoslovakia",-0.39,-0.47,-0.57,-0.39,-0.22,-0.24,-0.73,-0.87,0.19,2.46,2.64,1.51,-0.59,1.06,0.08,-0.68,-1.11,-0.6025
"5447",5447,"Vladimir Hagara",1970,"Czechoslovakia",-0.39,-0.18,1.52,-0.14,0.23,0.82,-0.73,-0.07,1.09,0.93,-0.05,0.07,0.2,-0.74,0.45,0.25,0.75,0.385
"5448",5448,"Vladimir Hrivnak",1970,"Czechoslovakia",-0.39,-0.62,-0.57,-0.63,-1.18,-0.86,-0.73,-1.01,-0.63,-0.63,0.27,2.05,-0.59,-0.74,-1.05,-0.89,-1.87,-0.7925
"5449",5449,"Ernesto Aparicio",1970,"El Salvador",-0.39,-0.29,0.13,0.1,-0.7,-0.55,-0.05,-0.07,-0.78,-0.03,-0.68,-0.59,-0.59,2.14,-0.68,-0.2,-0.62,-0.135
"5450",5450,"Guillermo Castro",1970,"El Salvador",-0.39,-0.55,-0.57,-0.63,-1.1,-1.05,-0.73,-0.87,-0.81,-0.99,0.9,-0.13,0.2,-0.74,-1.05,-0.89,-1.92,-0.805
"5451",5451,"Jaime Portillo",1970,"El Salvador",-0.39,-0.44,0.13,-0.63,-0.57,-0.49,-0.39,-0.21,-1.01,-0.61,-0.52,-0.13,0.2,-0.02,-0.68,-0.58,-0.7,-0.24
"5452",5452,"Jorge Vásquez",1970,"El Salvador",-0.39,-0.37,-0.57,-0.63,0.38,-0.18,-0.05,0.46,0.9,0.06,1.38,0.45,0.99,-0.38,-0.3,-0.61,0.28,-0.085
"5453",5453,"José Quintanilla",1970,"El Salvador",-0.39,-0.33,0.13,-0.63,0.13,0.07,-0.73,0.06,-0.68,-0.67,0.11,-0.07,-0.59,-0.38,0.08,-0.72,0.13,-0.1175
"5454",5454,"Juan Martínez",1970,"El Salvador",-0.39,-0.04,-0.57,-0.02,-0.27,-0.92,-0.05,-1.01,-0.56,0.62,-0.68,-0.59,-0.59,1.42,2.33,-0.89,-1.93,-0.6375
"5455",5455,"Mario Monge",1970,"El Salvador",-0.39,-0.51,-0.57,-0.63,-0.98,-1.05,-0.39,-0.87,-0.78,-0.99,-0.52,-0.59,-0.59,-1.1,-0.68,-0.89,-1.92,-0.72
"5456",5456,"Mauricio Manzano",1970,"El Salvador",-0.39,-0.62,-0.57,-0.63,-0.55,-0.24,-0.73,0.33,-1.01,0.93,-0.36,-0.59,-0.59,-0.02,-1.05,-0.89,0.09,-0.3025
"5457",5457,"Mauricio Rodríguez",1970,"El Salvador",-0.39,0.47,0.13,0.35,-0.65,-0.74,-0.05,-0.21,-0.45,0.91,-0.52,-0.59,0.2,-0.02,0.08,0.08,-0.95,-0.2175
"5458",5458,"Raúl Magaña",1970,"El Salvador",-0.39,-0.62,-0.57,-0.63,1.39,0.76,-0.73,-1.01,-1.01,-0.99,0.27,-0.59,0.99,-1.1,0.08,-0.89,-0.25,-0.3875
"5459",5459,"Roberto Rivas",1970,"El Salvador",-0.39,-0.55,-0.57,-0.63,1.94,2.75,-0.39,0.59,1.98,0.6,1.38,0.69,-0.59,0.34,-0.3,-0.75,3.34,0.595
"5460",5460,"Salvador Cabezas",1970,"El Salvador",-0.39,-0.37,-0.57,-0.63,0.66,-0.61,2.3,1.53,-0.06,1.45,-0.68,-0.59,0.99,1.78,0.45,-0.06,0.92,0.6625
"5461",5461,"Salvador Mariona",1970,"El Salvador",-0.39,-0.15,-0.57,-0.51,-0.17,-0.36,-0.73,-0.47,0.44,0.41,5.01,2.32,0.99,0.7,0.08,-0.58,-0.83,-0.5325
"5462",5462,"Santiago Cortés",1970,"El Salvador",-0.39,-0.58,-0.57,-0.63,-0.37,0.32,-0.05,-0.61,-0.78,-0.78,-0.05,-0.59,0.99,0.34,-0.68,-0.72,-0.29,-0.2275
"5463",5463,"Saturnino Osorio",1970,"El Salvador",-0.39,-0.62,-0.57,-0.63,0.08,-0.55,-0.39,-0.34,0.2,0.35,2.8,0.69,0.99,-0.02,-0.68,-0.89,-0.89,-0.4625
"5464",5464,"Sergio Méndez",1970,"El Salvador",-0.39,-0.04,-0.57,-0.14,-0.8,-0.92,-0.05,-0.21,-0.81,-0.99,-0.68,-0.59,0.2,-0.02,0.83,-0.72,-1.13,-0.4375
"5465",5465,"Alan Ball",1970,"England",-0.39,0.67,0.39,0.55,1.78,1.11,0.2,1.21,1.11,-0.51,-0.46,-0.15,-0.59,0.4,0.77,0.98,2.32,0.7275
"5466",5466,"Alan Clarke",1970,"England",0.77,1.63,-0.57,-0.21,-1.15,-1.13,-0.49,-0.92,-0.82,-0.99,-0.68,-0.59,-0.59,-0.1,-0.79,-0.89,-2.05,-0.7775
"5467",5467,"Alan Mullery",1970,"England",0.77,-0.07,-0.57,-0.46,1.71,0.68,-0.49,0.19,0.6,-0.21,-0.35,0.78,-0.59,0.4,-0.27,-0.15,0.87,-0.0475
"5468",5468,"Bobby Charlton",1970,"England",-0.39,1.02,0.88,0.05,0.8,0.03,1.37,0.84,-0.41,-0.48,-0.46,-0.59,-0.59,-0.6,0.25,0.67,0.87,0.78
"5469",5469,"Bobby Moore",1970,"England",-0.39,-0.62,-0.57,-0.63,2.12,3.35,-0.49,0.38,1.33,2.17,0.96,2.97,-0.05,-0.6,-0.01,0.48,3.73,0.6675
"5470",5470,"Brian Labone",1970,"England",-0.39,-0.37,-0.57,-0.04,-0.75,-0.66,-0.73,-1.01,-0.16,-0.22,2.61,1,2.14,0.15,-0.79,-0.77,-1.67,-0.7425
"5471",5471,"Colin Bell",1970,"England",-0.39,-0.17,0.88,0.38,-0.31,-0.31,1.37,0.38,-0.47,-0.63,-0.57,-0.59,-0.59,-0.85,0.25,1.61,0.07,0.58
"5472",5472,"Francis Lee",1970,"England",-0.39,0.14,-0.57,0.55,-0.75,-0.83,0.67,-0.27,-0.57,-0.37,-0.68,-0.23,-0.59,0.89,1.81,0.24,-1.1,-0.25
"5473",5473,"Geoff Hurst",1970,"England",0.77,0.54,-0.09,2.24,-0.42,-1.04,-0.03,-0.92,-0.85,-0.45,-0.68,-0.59,2.14,0.15,1.55,0.48,-1.96,-0.52
"5474",5474,"Gordon Banks",1970,"England",-0.39,-0.62,-0.57,-0.63,0.03,1.93,-0.73,-1.01,-1.01,-0.99,-0.57,-0.59,-0.59,-1.1,-1.05,-0.89,0.92,-0.095
"5475",5475,"Jack Charlton",1970,"England",-0.39,-0.62,-0.57,-0.63,-1.24,-0.96,-0.73,-0.92,0.3,-0.81,-0.02,0.27,-0.59,-0.85,-1.05,-0.89,-1.88,-0.795
"5476",5476,"Jeffrey Astle",1970,"England",-0.39,-0.17,-0.57,0.81,-1.24,-1.17,-0.73,-1.01,-1.01,-0.99,-0.68,-0.59,1.05,0.15,-0.79,-0.22,-2.18,-0.87
"5477",5477,"Keith Newton",1970,"England",-0.39,-0.57,0.88,-0.46,0.38,0.29,-0.03,0.29,0.32,0.29,0.31,0.64,-0.59,0.15,-0.27,0.41,0.58,0.3575
"5478",5478,"Martin Peters",1970,"England",0.77,0.47,0.88,0.97,0.56,-0.1,-0.49,-0.27,0.65,0.21,-0.46,0.86,-0.05,2.14,0.51,1.46,-0.37,0.005
"5479",5479,"Norman Hunter",1970,"England",-0.39,-0.6,1.36,-0.54,-1.17,-0.79,-0.49,-0.82,-0.54,-0.84,-0.57,-0.23,-0.05,-0.6,-1.05,0.53,-1.61,-0.185
"5480",5480,"Peter Bonetti",1970,"England",-0.39,-0.62,-0.57,-0.63,-0.77,-0.05,-0.73,-1.01,-1.01,-0.99,-0.68,-0.59,-0.59,-1.1,-1.05,-0.89,-1.06,-0.59
"5481",5481,"Peter Osgood",1970,"England",-0.39,-0.49,-0.09,-0.38,-1.08,-1.04,-0.49,-1.01,-1.01,-0.99,-0.68,-0.59,-0.59,-0.85,-0.79,-0.77,-2.05,-0.6575
"5482",5482,"Terry Cooper",1970,"England",-0.39,-0.54,0.88,-0.54,0.77,0.55,3.46,1.86,1.15,1.31,0.64,-0.23,-0.05,0.89,1.55,0,2.41,1.6875
"5483",5483,"Tommy Wright",1970,"England",-0.39,-0.62,0.88,-0.63,-0.21,0.03,-0.26,-0.36,-0.81,-0.99,-0.24,-0.59,-0.59,-0.6,-0.01,0.21,-0.33,0.0725
"5484",5484,"Aharon Shuruk",1970,"Israel",-0.39,-0.62,-0.57,-0.63,-1.35,-1.17,-0.39,-0.87,-0.44,-0.72,-0.68,-0.59,-0.59,-0.74,-1.05,-0.89,-2.04,-0.75
"5485",5485,"Daniel Rom",1970,"Israel",-0.39,-0.07,0.13,0.1,-0.98,-1.05,-0.05,-0.61,-0.72,0.1,-0.36,-0.59,0.99,-1.1,0.08,-0.27,-1.66,-0.395
"5486",5486,"David Primo",1970,"Israel",-0.39,-0.62,0.13,-0.63,-0.52,-0.3,-0.73,-0.61,2.94,2.4,2.48,2.35,-0.59,2.86,-0.68,-0.68,-0.91,-0.3775
"5487",5487,"Giora Spiegel",1970,"Israel",-0.39,0.47,-0.57,0.47,1.99,0.2,2.97,3,-0.3,-0.18,-0.68,-0.59,-0.59,-0.02,0.45,0.32,3.2,1.4
"5488",5488,"Itzhak Shum",1970,"Israel",-0.39,-0.29,-0.57,-0.39,1.69,0.13,0.28,0.73,2.1,0.77,-0.2,-0.59,-0.59,3.58,0.83,-0.72,0.86,0.1425
"5489",5489,"Itzhak Visoker",1970,"Israel",-0.39,-0.62,-0.57,-0.63,0.68,1.25,-0.73,-1.01,-1.01,-0.99,-0.2,-0.59,-0.59,-1.1,-1.05,-0.89,0.24,-0.265
"5490",5490,"Jehoshua Faygenbaum",1970,"Israel",-0.39,0.11,-0.57,0.83,-0.55,-0.92,-0.39,-0.34,-0.44,-0.99,-0.68,-0.59,-0.59,-0.38,-0.68,-0.51,-1.26,-0.555
"5491",5491,"Jeshaayahu Schwager",1970,"Israel",-0.39,-0.62,-0.57,-0.63,-0.22,0.2,0.28,-0.34,1.96,0.91,1.69,1.37,0.99,2.14,-0.68,-0.68,-0.14,-0.1075
"5492",5492,"Menachem Bello",1970,"Israel",-0.39,-0.62,0.13,-0.63,-0.37,-0.55,-0.05,-0.07,0.26,-0.18,-0.52,-0.59,-0.59,-0.38,-0.68,-0.37,-0.62,-0.135
"5493",5493,"Mordechei Spiegler",1970,"Israel",1.28,0.36,2.92,0.1,1.89,0.57,0.28,2.2,1.11,0.77,-0.52,-0.59,-0.59,0.34,2.71,1.92,2.77,1.4925
"5494",5494,"Rahcamim Talbi",1970,"Israel",-0.39,-0.62,-0.57,-0.63,-1.3,-1.11,-0.73,-1.01,-0.72,-0.72,-0.68,-0.59,-0.59,-0.74,-1.05,-0.89,-2.12,-0.855
"5495",5495,"Shmuel Rosenthal",1970,"Israel",-0.39,-0.47,-0.57,-0.63,0.98,0.38,0.62,0.06,3.65,1.18,1.54,1.04,0.2,1.06,0.08,-0.79,0.44,0.1225
"5496",5496,"Shraga Bar",1970,"Israel",-0.39,-0.58,-0.57,-0.26,-0.07,-0.3,-0.73,-0.47,-0.02,0.09,-0.52,0.06,-0.59,2.14,0.45,-0.68,-0.77,-0.5175
"5497",5497,"Yochnan Vallach",1970,"Israel",-0.39,-0.62,-0.57,-0.63,-1.03,-0.99,0.28,-0.47,-0.72,-0.72,-0.36,-0.59,-0.59,0.34,0.45,-0.89,-1.46,-0.4375
"5498",5498,"Zvi Rosen",1970,"Israel",-0.39,-0.62,-0.57,-0.63,-0.27,-0.61,-0.73,-0.74,0.97,0.5,2.64,0.06,-0.59,-0.38,-0.3,-0.89,-1.35,-0.6625
"5499",5499,"Alessandro Mazzola",1970,"Italy",-0.39,-0.05,1.41,0.64,1.09,0.63,2.3,0.76,-0.43,-0.03,-0.45,0.04,-0.22,0.6,0.91,2.13,1.39,1.275
"5500",5500,"Angelo Domenghini",1970,"Italy",0.4,0.62,2.07,0.29,0.37,0.95,1.02,0.95,-0.59,-0.21,-0.3,-0.3,0.53,1.29,0.91,1.28,1.9,1.2475
"5501",5501,"Communardo Niccolai",1970,"Italy",-0.39,-0.62,-0.57,-0.63,-1.44,-1.11,-0.73,-1.01,-0.71,-0.85,-0.53,0.1,-0.59,-1.1,-0.87,-0.89,-2.12,-0.855
"5502",5502,"Enrico Albertosi",1970,"Italy",-0.39,-0.62,-0.57,-0.63,0.87,1.75,-0.73,-1.01,-1.01,-0.99,-0.45,-0.59,-0.22,-0.93,0.19,-0.89,0.74,-0.14
"5503",5503,"Fabrizio Poletti",1970,"Italy",-0.39,-0.62,-0.57,-0.57,-1.42,-1.14,-0.73,-0.95,-1.01,-0.99,-0.6,-0.3,-0.59,-0.59,-1.05,-0.89,-2.09,-0.8475
"5504",5504,"Giacinto Facchetti",1970,"Italy",-0.39,-0.36,0.09,-0.28,0.01,0.33,-0.25,-0.25,0.9,0.53,2.02,-0.39,0.9,0.26,0.02,0.18,0.08,-0.02
"5505",5505,"Giancarlo De Sisti",1970,"Italy",-0.39,-0.45,0.42,-0.34,1.3,1.16,0.55,0.89,-0.49,0.22,0,0.18,0.53,0.26,2.15,1.28,2.05,0.755
"5506",5506,"Gianni Rivera",1970,"Italy",1.2,0.16,1.74,0.18,-0.75,-0.35,0.55,-0.12,-0.54,-0.67,-0.6,-0.3,-0.59,-0.59,-0.7,0.9,-0.47,0.455
"5507",5507,"Giuseppe Furino",1970,"Italy",-0.39,-0.62,-0.57,-0.63,-1.37,-1.03,-0.41,-0.88,-0.83,-0.66,-0.68,-0.59,-0.59,-1.1,-0.87,-0.76,-1.91,-0.7225
"5508",5508,"Luigi Riva",1970,"Italy",1.99,5.48,-0.24,6.53,-0.98,-1.03,1.66,-0.12,-1.01,-0.54,-0.68,-0.59,3.9,0.78,1.44,1.23,-1.15,0.0675
"5509",5509,"Mario Bertini",1970,"Italy",-0.39,-0.02,1.08,-0.51,0.41,0.51,0.07,-0.19,0.03,0.08,0.37,-0.34,0.9,2.14,1.08,0.9,0.32,0.3675
"5510",5510,"Pierluigi Cera",1970,"Italy",-0.39,-0.62,-0.57,-0.63,0.89,1.22,-0.25,0,0.29,0.66,1.49,1.39,-0.22,-0.42,0.19,-0.45,1.22,0.1
"5511",5511,"Roberto Boninsegna",1970,"Italy",1.2,0.36,0.42,0.87,-0.42,-0.76,0.71,0.51,-0.82,-0.6,-0.68,-0.59,0.16,0.09,1.8,1.72,-0.25,0.22
"5512",5512,"Roberto Rosato",1970,"Italy",-0.39,-0.5,-0.57,-0.4,-0.73,-0.26,-0.73,-0.95,-0.33,0.82,1.94,1.54,2.4,0.6,-0.34,-0.59,-1.21,-0.6275
"5513",5513,"Tarcisio Burgnich",1970,"Italy",0.4,-0.36,-0.57,-0.57,-0.47,0.04,-0.57,-0.82,0.74,0.04,2.92,0.48,0.9,0.95,-0.7,-0.79,-0.78,-0.48
"5514",5514,"Aaron Padilla Gutiérrez",1970,"Mexico",-0.39,-0.35,1.52,0.47,0.33,0.09,1.54,3.3,-0.04,0.22,-0.56,-0.59,-0.59,-0.83,0.92,0.93,3.39,1.6125
"5515",5515,"Antonio Munguia Flores",1970,"Mexico",-0.39,0.01,0.48,-0.17,0.5,-0.24,1.54,0.19,-0.06,1.14,-0.44,-0.59,0,-0.56,0.36,0.2,-0.05,0.4925
"5516",5516,"Enrique David Borja García",1970,"Mexico",-0.39,0.61,-0.57,1.75,-1.2,-1.17,-0.47,-1.01,-1.01,-0.99,-0.68,-0.59,-0.59,-1.1,-1.05,-0.24,-2.18,-0.805
"5517",5517,"Guillermo Hernández",1970,"Mexico",-0.39,-0.43,-0.57,-0.35,-0.52,-0.61,-0.47,-0.41,-0.11,-0.7,-0.32,-0.59,0,-1.1,-0.21,-0.76,-1.02,-0.515
"5518",5518,"Gustavo Pena",1970,"Mexico",0.87,1.84,-0.57,-0.35,0.63,0.79,-0.22,-0.41,-0.36,2.04,3.71,5.21,2.96,1.6,0.92,-0.4,0.38,-0.1025
"5519",5519,"Hector Pulido",1970,"Mexico",-0.39,0.04,0.48,-0.26,0.84,-0.47,-0.47,0.49,-0.07,0.21,0.27,0.12,0,-0.29,0.36,-0.11,0.02,0.00750000000000001
"5520",5520,"Horacio Lopez Salgado",1970,"Mexico",-0.39,0.8,-0.57,1.11,-1.12,-1.08,-0.22,-0.51,-1.01,-0.99,-0.68,-0.59,0,-0.02,-0.49,-0.47,-1.59,-0.595
"5521",5521,"Ignacio Calderón",1970,"Mexico",-0.39,-0.62,-0.57,-0.63,0.37,0.97,-0.73,-1.01,-1.01,-0.99,-0.09,-0.59,-0.59,-1.1,-0.77,-0.89,-0.04,-0.335
"5522",5522,"Isidoro Díaz",1970,"Mexico",-0.39,-0.46,-0.57,-0.63,-1.14,-0.89,-0.73,-1.01,-1.01,-0.37,-0.68,-0.59,-0.59,-0.83,-0.49,-0.79,-1.9,-0.8
"5523",5523,"Javier Fragoso",1970,"Mexico",0.87,1.05,-0.57,1.56,-0.07,-0.75,0.03,-0.11,-0.71,-0.4,-0.68,0.1,0.59,-0.02,0.92,0.8,-0.86,-0.35
"5524",5524,"Javier Guzmán Colín",1970,"Mexico",-0.39,0.5,-0.57,-0.08,0.27,0.65,-0.73,-0.41,2.14,1.11,2.76,6.62,4.15,0.79,-0.49,-0.08,0.24,-0.265
"5525",5525,"Javier Valdivia",1970,"Mexico",2.12,1.05,2.57,1.66,-0.4,-0.33,0.79,0.49,0.54,0.82,-0.68,-0.59,0,1.6,4.3,1.97,0.16,0.88
"5526",5526,"Jose Luis Gonzalez Davila",1970,"Mexico",0.87,1.49,0.48,0.1,0.33,-0.38,-0.22,-0.01,0.25,0.23,-0.56,0.15,-0.59,0.52,-0.77,0.02,-0.39,-0.0325
"5527",5527,"José Vantolra",1970,"Mexico",-0.39,-0.57,3.62,-0.45,1.74,2.19,-0.73,0.79,2.08,1.76,2.88,2.26,1.18,0.79,0.92,1.14,2.98,1.4675
"5528",5528,"Juan Ignacio Basaguren",1970,"Mexico",0.87,-0.54,-0.57,-0.17,-1.25,-1.13,-0.47,-0.71,-0.7,-0.7,-0.68,-0.59,-0.59,-0.29,-1.05,-0.73,-1.84,-0.72
"5529",5529,"Mario Pérez",1970,"Mexico",-0.39,-0.43,3.09,-0.26,1.29,1.58,1.04,2.6,1.77,4.13,1.81,0.15,0,2.41,0.64,1.37,4.18,2.0775
"5530",5530,"Mario Velarde Velázquez",1970,"Mexico",-0.39,-0.54,-0.57,-0.54,-1.14,-1.08,-0.73,-0.71,-0.71,-0.7,-0.68,-0.59,-0.59,-0.29,-0.49,-0.6,-1.79,-0.7725
"5531",5531,"Abdallah Lamrani",1970,"Morocco",-0.39,-0.62,-0.57,-0.63,-0.3,-0.24,-0.05,-0.47,-0.41,-0.2,1.06,-0.59,0.2,0.34,0.08,-0.89,-0.71,-0.3325
"5532",5532,"Ahmed Alaoui",1970,"Morocco",-0.39,-0.11,-0.57,0.35,-0.93,-0.99,-0.05,-0.34,-1.01,-0.99,-0.68,-0.59,-0.59,-0.38,-0.68,-0.44,-1.33,-0.4875
"5533",5533,"Allal Ben Kassou",1970,"Morocco",-0.39,-0.62,-0.57,-0.63,0.03,0.51,-0.73,-1.01,-1.01,-0.99,-0.52,-0.59,-0.59,-1.1,-1.05,-0.89,-0.5,-0.45
"5534",5534,"Boujemaa Benkhrif",1970,"Morocco",-0.39,-0.58,-0.57,-0.63,1.01,1.63,-0.39,0.19,0.63,0.68,1.85,0.47,-0.59,-0.02,0.08,-0.27,1.82,0.215
"5535",5535,"Driss Bamous",1970,"Morocco",-0.39,0.8,-0.57,0.35,0,-0.36,-0.05,0.59,-1.01,0,-0.2,-0.59,-0.59,0.34,-0.68,0.25,0.23,-0.0975
"5536",5536,"Jalili Fadili",1970,"Morocco",-0.39,-0.62,-0.57,-0.63,-0.75,-0.18,-0.39,-0.21,0.41,0.03,0.43,-0.59,-0.59,-0.74,-0.68,-0.44,-0.39,-0.3375
"5537",5537,"Kacem Slimani",1970,"Morocco",-0.39,0.15,-0.57,-0.63,0.68,-0.05,0.28,0.59,0.37,1.09,1.85,0.39,-0.59,-0.02,0.08,-0.37,0.54,0.0625
"5538",5538,"Khanoussi Moulay Idriss",1970,"Morocco",-0.39,-0.26,-0.57,-0.26,0.08,-0.05,-0.73,-0.47,1.41,1.19,1.85,3.61,0.2,-0.74,-1.05,-0.75,-0.52,-0.455
"5539",5539,"Maouhoub Ghazouani",1970,"Morocco",1.28,1.06,0.82,0.35,0.13,0.32,0.62,1.13,-0.05,-0.51,-0.68,-0.59,-0.59,0.34,1.58,0.11,1.45,0.7225
"5540",5540,"Mohammed El Filali",1970,"Morocco",-0.39,-0.22,-0.57,-0.14,0.28,0.51,-0.73,-0.07,-0.11,-0.55,-0.68,-0.59,-0.59,-0.02,-0.68,0.46,0.44,-0.215
"5541",5541,"Mohammed Hazzaz",1970,"Morocco",-0.39,-0.62,-0.57,-0.63,-0.5,0.57,-0.73,-1.01,-1.01,-0.99,-0.68,-0.59,-0.59,-1.1,-0.68,-0.89,-0.44,-0.435
"5542",5542,"Mohammed Houmane Jarir",1970,"Morocco",1.28,1.49,-0.57,0.1,-0.88,-1.05,-0.73,-1.01,-1.01,-0.99,-0.68,-0.59,0.2,-0.02,0.83,-0.75,-2.06,-0.84
"5543",5543,"Mohammed Mahroufi",1970,"Morocco",-0.39,-0.22,-0.57,0.22,0.63,0.82,0.28,-0.07,1.19,-0.41,0.9,1.21,-0.59,1.42,-0.68,0.01,0.75,0.115
"5544",5544,"Mustafa Choukri",1970,"Morocco",-0.39,-0.62,-0.57,-0.63,-0.98,-0.92,-0.05,-0.61,-1.01,-0.99,-0.68,-0.59,-0.59,-1.1,-1.05,-0.44,-1.53,-0.5375
"5545",5545,"Said Ghandi",1970,"Morocco",-0.39,-0.4,2.92,-0.26,0.26,0.13,-0.05,1.8,-0.37,-0.99,-0.68,-0.59,-0.59,-1.1,0.08,1.4,1.93,1.2
"5546",5546,"Alberto Gallardo",1970,"Peru",2.12,1.4,-0.05,2.94,-0.35,-0.1,0.53,0.69,2,-0.68,-0.68,-0.59,-0.59,0.25,0.08,1.29,0.59,0.2675
"5547",5547,"Eladio Reyes",1970,"Peru",-0.39,-0.62,-0.57,-0.35,-1.23,-1.08,-0.73,-0.91,-1.01,-0.8,-0.68,-0.59,-0.59,-0.83,-0.49,-0.71,-1.99,-0.8225
"5548",5548,"Eloy Campos",1970,"Peru",-0.39,-0.51,-0.57,-0.45,-0.71,-0.19,-0.22,-0.41,-0.8,-0.68,-0.32,-0.59,-0.59,0.52,-1.05,-0.89,-0.6,-0.3475
"5549",5549,"Hector Chumpitaz",1970,"Peru",0.87,0.88,-0.57,-0.63,0.61,1.25,0.28,0.39,1.23,3.74,1.81,0.79,1.78,0.25,-0.77,0.49,1.64,0.3375
"5550",5550,"Hugo Sotil",1970,"Peru",-0.39,-0.05,-0.57,1.2,0.14,-0.66,2.3,0.79,0.09,-0.62,-0.68,-0.59,-0.59,-0.29,1.2,3.97,0.13,0.465
"5551",5551,"Javier Gonzales",1970,"Peru",-0.39,-0.62,-0.57,-0.63,-1.16,-0.71,-0.47,-0.71,0.97,-0.04,-0.56,-0.59,-0.59,-0.83,-0.49,-0.42,-1.42,-0.615
"5552",5552,"Jose Fernandez",1970,"Peru",-0.39,-0.62,-0.57,-0.63,-1.27,-0.89,-0.73,-0.91,-0.6,-0.21,0.39,0.36,-0.59,-0.83,-1.05,-0.89,-1.8,-0.775
"5553",5553,"Julio Baylon",1970,"Peru",-0.39,-0.51,-0.05,-0.26,-0.86,-0.61,0.28,-0.51,-1.01,-0.99,-0.56,-0.59,-0.59,-0.56,-0.49,0.25,-1.12,-0.2225
"5554",5554,"Luis Cruzado",1970,"Peru",-0.39,-0.16,-0.57,-0.45,-0.57,-0.24,-0.73,-0.31,-1.01,-0.99,-0.68,-0.59,-0.59,-1.1,-1.05,0.8,-0.55,-0.4625
"5555",5555,"Luis Rubinos",1970,"Peru",-0.39,-0.62,-0.57,-0.63,0.75,2.52,-0.73,-1.01,-1.01,-0.99,-0.56,-0.59,-0.59,-1.1,-0.49,-0.89,1.51,0.0525
"5556",5556,"Nicolas Fuentes",1970,"Peru",-0.39,-0.24,0.48,-0.63,1.29,2.75,-0.47,0.49,2.44,0.65,0.39,-0.12,-0.59,-0.02,-0.21,0.15,3.24,0.8125
"5557",5557,"Orlando De La Torre",1970,"Peru",-0.39,-0.62,-0.57,-0.54,-0.1,0.04,-0.47,0.09,1.83,0.79,0.39,2.48,-0.59,0.52,0.36,-0.32,0.13,-0.2275
"5558",5558,"Oswaldo Ramírez",1970,"Peru",-0.39,-0.62,-0.05,-0.26,-1.27,-1.08,-0.47,-0.71,-1.01,-0.99,-0.68,-0.59,-0.59,-1.1,-1.05,-0.45,-1.79,-0.5775
"5559",5559,"Pedro Gonzalez Zavala",1970,"Peru",-0.39,-0.62,-0.57,-0.63,-0.14,-0.05,-0.73,-0.21,0.13,1.03,-0.2,0.29,-0.59,-1.1,-1.05,-0.6,-0.26,-0.39
"5560",5560,"Pedro Pablo Leon",1970,"Peru",-0.39,1.05,-0.57,0.83,0.93,-0.24,0.53,0.29,-1.01,-0.99,-0.68,-0.59,-0.59,-0.29,0.92,1.63,0.05,0.0025
"5561",5561,"Ramon Mifflin",1970,"Peru",-0.39,0.01,-0.57,-0.45,2.33,1.21,-0.73,0.79,2.08,0.37,-0.32,-0.12,-0.59,-0.02,-0.21,-0.01,2,0.175
"5562",5562,"Roberto Challe",1970,"Peru",0.87,0.12,-0.57,0.01,3.82,2.52,0.28,1.7,0.62,-0.44,-0.56,-0.12,-0.59,-0.29,-0.21,1.87,4.22,0.9825
"5563",5563,"Teófilo Cubillas",1970,"Peru",5.88,4.9,-0.57,3.3,1.8,0.37,2.05,2.1,-0.24,-0.31,-0.68,-0.59,-0.59,-0.29,0.08,2.85,2.47,0.9875
"5564",5564,"Alexandru Neagu",1970,"Romania",1.28,-0.04,-0.57,0.83,-0.7,-1.05,-0.05,0.06,0.4,-0.58,-0.68,-0.59,0.2,1.42,-0.3,0.63,-0.99,-0.4025
"5565",5565,"Cornel Dinu",1970,"Romania",-0.39,-0.11,-0.57,-0.63,0.93,0.94,0.28,0.73,1.44,1.87,1.85,1.03,0.2,1.42,0.45,-0.51,1.67,0.345
"5566",5566,"Emerich Dembrovschi",1970,"Romania",1.28,1.6,0.13,0.96,1.51,-0.11,0.95,2.87,-0.42,0.59,-0.52,-0.59,-0.59,-0.74,-0.3,-0.09,2.76,0.96
"5567",5567,"Florea Dumitrache",1970,"Romania",2.95,4.3,0.82,1.32,-0.4,-0.92,0.28,0.19,-1.01,-0.6,-0.68,-0.59,0.99,2.5,0.08,0.39,-0.73,0.0925
"5568",5568,"Gheorghe Tataru",1970,"Romania",-0.39,-0.47,0.13,-0.51,-0.73,-0.99,-0.05,0.33,0.21,-0.99,-0.68,-0.59,-0.59,-0.74,-1.05,-0.68,-0.66,-0.145
"5569",5569,"Lajos Satmareanu",1970,"Romania",-0.39,-0.51,2.92,-0.39,1.54,3.12,0.62,3.4,0.96,0.59,0.74,0.89,-0.59,0.34,0.83,1.47,6.52,2.515
"5570",5570,"Lita Dumitru",1970,"Romania",-0.39,-0.37,0.13,-0.51,1.11,-0.24,-0.05,0.46,1.88,1.3,-0.05,0.08,-0.59,2.14,0.08,0.32,0.22,0.075
"5571",5571,"Mihai Mocanu",1970,"Romania",-0.39,-0.4,0.13,-0.63,0.68,1.32,-0.73,1.4,2.62,0.02,0.74,2.49,0.2,2.14,1.58,-0.79,2.72,0.53
"5572",5572,"Mircea Lucescu",1970,"Romania",-0.39,0.84,0.82,1.2,0.38,-0.55,0.28,1.13,-0.38,-0.99,-0.68,0.08,0.2,1.42,1.95,0.25,0.58,0.42
"5573",5573,"Nicolae Lupescu",1970,"Romania",-0.39,-0.37,-0.57,-0.26,-0.05,0.51,-0.39,-0.34,1.57,-0.11,1.22,0.39,-0.59,0.7,-0.3,-0.54,0.17,-0.1975
"5574",5574,"Radu Nunweiller",1970,"Romania",-0.39,0.04,-0.57,-0.39,2.94,0.82,0.95,1.13,-0.09,0.09,-0.36,-0.59,1.78,0.34,1.2,0.74,1.95,0.5825
"5575",5575,"Rica Raducanu",1970,"Romania",-0.39,-0.62,-0.57,-0.63,-1.13,-0.55,-0.73,-1.01,-1.01,-0.99,-0.2,-0.59,-0.59,-1.1,-1.05,-0.65,-1.56,-0.715
"5576",5576,"Stearea Adamache",1970,"Romania",-0.39,-0.62,-0.57,-0.63,0.26,0.82,-0.73,-1.01,-1.01,-0.99,-0.52,-0.59,0.2,-1.1,-1.05,-0.89,-0.19,-0.3725
"5577",5577,"Björn Nordqvist",1970,"Sweden",-0.39,-0.47,-0.57,-0.63,0.13,-0.36,-0.39,0.19,-0.3,0.44,-0.05,0.74,-0.59,0.7,-0.68,-0.4,-0.17,-0.2825
"5578",5578,"Bo Larsson",1970,"Sweden",-0.39,0.58,0.82,0.22,0.73,0.51,0.62,1.26,1.92,1.73,-0.05,-0.59,0.2,0.7,1.95,1.29,1.77,0.8025
"5579",5579,"Claes Cronqvist",1970,"Sweden",-0.39,-0.62,0.82,-0.39,-0.22,0.13,-0.73,0.73,-0.67,-0.34,0.11,0.19,0.2,-0.38,-1.05,0.08,0.86,0.2375
"5580",5580,"Goran Nicklasson",1970,"Sweden",-0.39,-0.11,0.13,-0.39,-1.13,-0.99,-0.73,-0.87,0.28,-0.31,-0.52,-0.59,0.2,-0.38,-0.3,-0.4,-1.86,-0.615
"5581",5581,"Hans Selander",1970,"Sweden",-0.39,-0.62,0.13,-0.02,0.43,0.69,1.29,1.4,-0.06,1.44,0.27,-0.59,0.99,-0.38,-0.3,0.39,2.09,0.8775
"5582",5582,"Inge Ejderstedt",1970,"Sweden",-0.39,-0.62,-0.57,-0.63,-1.33,-1.05,-0.73,-0.61,-1.01,-0.99,-0.68,-0.59,-0.59,-1.1,-0.68,-0.89,-1.66,-0.74
"5583",5583,"Jan Olsson",1970,"Sweden",-0.39,-0.29,-0.57,-0.63,-0.1,-0.36,-0.39,-0.21,1.38,0.72,1.22,2.6,0.2,-0.74,0.08,-0.47,-0.57,-0.3825
"5584",5584,"Kurt Axelsson",1970,"Sweden",-0.39,-0.62,-0.57,-0.63,0.53,-0.3,-0.05,0.86,0.27,0.46,2.01,1.82,1.78,-0.38,-1.05,-0.58,0.56,-0.015
"5585",5585,"Leif Eriksson",1970,"Sweden",-0.39,-0.22,0.13,0.35,-0.85,-0.68,-0.73,-0.74,-0.77,-0.99,-0.52,-0.59,0.99,0.34,0.08,-0.27,-1.42,-0.505
"5586",5586,"Ove Grahn",1970,"Sweden",1.28,0.62,-0.57,0.59,-1.2,-1.17,-0.73,-1.01,-0.67,-0.34,-0.68,-0.59,0.2,0.34,-0.68,-0.89,-2.18,-0.87
"5587",5587,"Ove Kindvall",1970,"Sweden",-0.39,1.28,-0.57,1.08,-0.83,-0.8,0.28,-0.34,-1.01,-0.08,-0.68,-0.59,0.2,-0.02,1.95,-0.09,-1.14,-0.3575
"5588",5588,"Roland Grip",1970,"Sweden",-0.39,-0.44,1.52,0.35,1.03,1.69,0.62,2.2,-0.06,-0.08,0.11,-0.59,0.2,0.34,0.45,0.77,3.89,1.5075
"5589",5589,"Ronnie Hellström",1970,"Sweden",-0.39,-0.62,-0.57,-0.63,-0.45,-0.24,-0.73,-1.01,-1.01,-0.99,-0.68,-0.59,-0.59,-1.1,-1.05,-0.89,-1.25,-0.6375
"5590",5590,"Sven-Gunnar Larsson",1970,"Sweden",-0.39,-0.62,-0.57,-0.63,-0.15,0.69,-0.73,-1.01,-1.01,-0.76,-0.36,-0.59,0.2,-1.1,-0.3,-0.89,-0.32,-0.405
"5591",5591,"Tom Turesson",1970,"Sweden",1.28,0.36,0.82,-0.02,-1.08,-0.92,-0.05,-0.87,-0.03,-0.28,-0.68,-0.04,0.2,-0.02,0.08,-0.37,-1.79,-0.255
"5592",5592,"Tomas Nordahl",1970,"Sweden",-0.39,-0.55,-0.57,-0.51,-0.93,-0.74,-0.05,-0.87,-0.64,0.07,-0.68,-0.59,-0.59,-0.74,-0.68,-0.51,-1.61,-0.5575
"5593",5593,"Tommy Svensson",1970,"Sweden",-0.39,0.33,0.13,-0.14,1.86,0.26,0.28,3.13,2.2,1.28,-0.68,0.19,-0.59,0.7,1.58,0.67,3.39,0.95
"5594",5594,"Örjan Persson",1970,"Sweden",-0.39,-0.29,0.13,0.1,-0.73,-0.8,1.29,0.06,-0.03,-0.05,-0.36,-0.59,-0.59,-0.38,0.45,0.15,-0.74,0.17
"5595",5595,"Albert Shesternev",1970,"USSR",-0.39,-0.62,-0.09,-0.54,1.11,1.37,-0.49,0.56,1.31,3.62,2.71,1.36,1.59,-0.1,-0.27,-0.41,1.93,0.3375
"5596",5596,"Anatoli Puzach",1970,"USSR",-0.39,0.34,-0.09,-0.04,-0.97,-0.79,-0.26,-0.82,-1.01,-0.83,-0.68,-0.59,-0.59,-0.35,-1.05,-0.41,-1.61,-0.49
"5597",5597,"Anatoliy Byshovets",1970,"USSR",4.24,1.7,0.39,1.65,-0.64,-0.74,2.53,0.84,-0.69,-0.21,-0.57,-0.19,-0.05,3.88,4.41,0.77,0.1,0.755
"5598",5598,"Anzor Kavazashvili",1970,"USSR",-0.39,-0.62,-0.57,-0.63,0.64,1.93,-0.73,-1.01,-1.01,-0.99,-0.68,-0.59,-0.59,-0.85,-0.53,-0.75,0.92,-0.095
"5599",5599,"Evgeny Lovchev",1970,"USSR",-0.39,-0.62,-0.57,-0.63,-0.91,-0.66,-0.73,-0.64,0.26,-0.27,-0.24,-0.59,-0.59,1.39,0.25,-0.89,-1.3,-0.65
"5600",5600,"Gennadiy Evriuzhikhin",1970,"USSR",-0.39,0.01,1.36,1.56,-0.35,-0.4,0.67,0.19,-0.43,0.87,-0.68,-0.59,-0.05,-0.1,1.03,0.55,-0.21,0.455
"5601",5601,"Gennady Logofet",1970,"USSR",-0.39,-0.39,-0.09,-0.29,-0.96,-0.66,-0.73,-0.45,0.29,0.04,-0.13,-0.59,-0.59,-0.1,0.25,-0.75,-1.11,-0.4825
"5602",5602,"Givili Nodia",1970,"USSR",-0.39,-0.62,-0.57,-0.21,-1.32,-1.09,-0.73,-0.92,-1.01,-0.83,-0.68,-0.59,-0.59,-0.35,-0.27,-0.72,-2.01,-0.8275
"5603",5603,"Kakhi Asatiani",1970,"USSR",0.77,0.01,-0.57,-0.29,0.35,-0.35,0.44,0.38,0.39,0.52,-0.68,-0.59,-0.59,0.89,0.25,-0.46,0.03,-0.025
"5604",5604,"Murtaz Khurtsilava",1970,"USSR",-0.39,-0.54,-0.57,-0.63,0.12,0.21,0.2,-0.73,0.44,1.05,0.09,0.74,1.59,0.4,-0.53,-0.63,-0.52,-0.2225
"5605",5605,"Nicolai Kiselev",1970,"USSR",-0.39,-0.6,-0.09,-0.29,-0.44,-0.35,-0.03,-0.36,0.13,0,-0.35,0.13,-0.59,-0.85,-0.27,0.31,-0.71,-0.2075
"5606",5606,"Revaz Dzodzuashvilli",1970,"USSR",-0.39,-0.49,-0.57,-0.54,-0.14,0.16,-0.26,-0.18,0.53,1.15,0.31,0.07,-0.05,-0.1,-0.27,-0.84,-0.02,-0.2125
"5607",5607,"Valentin Afonin",1970,"USSR",-0.39,-0.62,0.39,-0.63,0.43,0.9,-0.73,-0.36,1.49,2.36,0.42,1.53,3.24,1.14,-0.53,-0.22,0.54,0.05
"5608",5608,"Viktor Serebrjanikov",1970,"USSR",-0.39,0.14,0.39,-0.12,-0.33,-0.22,-0.49,-0.55,-0.83,-0.52,-0.68,0.13,-0.05,-0.6,0.51,0.55,-0.77,-0.2175
"5609",5609,"Vitali Khmelnitski",1970,"USSR",0.77,0.59,-0.09,1.56,-0.28,-0.57,1.83,1.58,-0.05,-0.48,-0.68,0.31,-0.59,0.4,1.55,0.19,1.01,0.6875
"5610",5610,"Vladimir Kaplichny",1970,"USSR",-0.39,-0.62,-0.57,-0.63,-0.63,-0.83,-0.73,-0.92,1.61,0.18,1.07,0.07,2.14,3.63,-0.79,-0.79,-1.75,-0.7625
"5611",5611,"Vladimir Muntian",1970,"USSR",-0.39,1.15,3.29,-0.38,1.41,1.46,1.6,0.93,0.52,1.06,-0.35,0.07,0.5,-0.1,0.51,2.59,2.39,1.82
"5612",5612,"Atilio Ancheta",1970,"Uruguay",-0.39,-0.36,-0.24,1.16,-0.23,-0.02,-0.25,-0.88,0.88,1.32,3.82,0.23,5.02,1.63,-0.7,-0.55,-0.9,-0.3475
"5613",5613,"Castillo Julio Montero",1970,"Uruguay",-0.39,-0.38,0.75,-0.11,1.46,0.3,0.23,-0.19,1.54,1.12,0.15,-0.41,0.9,1.46,0.37,-0.23,0.11,0.2725
"5614",5614,"Dagoberto Fontes",1970,"Uruguay",-0.39,-0.29,-0.57,-0.22,-0.38,-0.82,-0.25,-0.63,-0.41,-0.45,-0.38,-0.41,-0.59,0.43,0.73,-0.78,-1.45,-0.5675
"5615",5615,"Ildo Enrique Maneiro",1970,"Uruguay",0.4,0.74,0.42,1.56,0.96,0.3,0.39,0.32,1.42,0.91,-0.6,-0.59,-0.22,0.78,1.62,0.8,0.62,0.3575
"5616",5616,"Juan Mujica",1970,"Uruguay",0.4,0.28,3.73,-0.28,1.65,2.75,-0.25,0.13,0.85,0.23,1.04,-0.59,0.53,1.97,0.19,1.62,2.88,1.59
"5617",5617,"Julio Cesar Cortes",1970,"Uruguay",-0.39,0.52,-0.24,0.18,0.7,0.27,0.07,0,0.44,1.46,-0.45,-0.59,-0.59,0.78,-0.16,0.19,0.27,0.025
"5618",5618,"Julio César Araújo Morales",1970,"Uruguay",-0.39,-0.52,0.75,-0.11,-0.91,-0.79,-0.25,-0.63,-0.84,-0.69,-0.68,-0.59,-0.59,-0.25,0.91,0.11,-1.42,-0.23
"5619",5619,"Julio Losada",1970,"Uruguay",-0.39,-0.31,0.09,-0.05,-1.12,-0.94,0.07,-0.76,-0.27,-0.66,-0.68,-0.59,-0.59,-0.42,0.19,-0.55,-1.7,-0.385
"5620",5620,"Ladislao Mazurkiewicz",1970,"Uruguay",-0.39,-0.62,-0.57,-0.63,0.24,1.69,-0.73,-1.01,-0.79,-0.92,-0.45,-0.59,-0.22,-0.93,-1.05,-0.89,0.68,-0.155
"5621",5621,"Luis Cubilla",1970,"Uruguay",0.4,1.11,2.07,1.85,-0.15,0.04,2.93,0,-0.45,-0.59,-0.6,-0.59,-0.59,1.12,4.64,1.7,0.04,1.26
"5622",5622,"Luis Ubiñas",1970,"Uruguay",-0.39,-0.59,2.07,-0.28,1.8,2.63,0.71,1.27,1.21,1.66,1.04,-0.22,-0.59,2.65,0.55,2.05,3.9,1.67
"5623",5623,"Oscar Zubia",1970,"Uruguay",-0.39,-0.48,-0.24,-0.63,-1.3,-1.06,-0.57,-0.88,-0.42,-0.99,-0.68,-0.14,-0.59,-1.1,-0.52,-0.48,-1.94,-0.6875
"5624",5624,"Roberto Matosas",1970,"Uruguay",-0.39,-0.46,-0.24,-0.63,0.62,0.86,-0.57,-0.44,0.3,2.96,1.49,2.01,0.9,-0.25,0.02,-0.51,0.42,-0.0975
"5625",5625,"Rúben Bareño",1970,"Uruguay",-0.39,-0.59,0.09,-0.4,-1.31,-1.11,-0.57,-0.88,-0.79,-0.78,-0.68,-0.59,-0.59,-1.1,-0.7,-0.55,-1.99,-0.6175
"5626",5626,"Victor Esparrago",1970,"Uruguay",0.4,0.21,-0.57,1.1,-0.86,-1.03,0.39,-0.69,0.23,-0.64,-0.68,-0.59,-0.59,0.09,0.19,-0.33,-1.72,-0.475
"5627",5627,"Bernd Patzke",1970,"West Germany",-0.39,-0.54,-0.57,-0.63,-1.12,-0.89,-0.73,-0.83,-0.37,-0.43,0.67,0.54,-0.59,-0.77,-0.54,-0.8,-1.72,-0.755
"5628",5628,"Berti Vogts",1970,"West Germany",-0.39,0.07,-0.26,-0.08,0.34,0.23,-0.12,0.13,3.85,0.83,1.46,1.31,0.47,2.14,0.64,-0.41,0.36,-0.005
"5629",5629,"Franz Beckenbauer",1970,"West Germany",0.36,0.91,-0.57,-0.08,1.63,1.18,2.3,1.28,2.37,1.11,-0.11,1.48,0.12,-0.45,1.15,3.21,2.46,1.0475
"5630",5630,"Gerd Müller",1970,"West Germany",7.13,6.14,-0.57,5.4,0.29,-0.78,-0.27,-0.53,-1.01,-0.22,-0.68,-0.59,0.12,-0.45,1.32,1.65,-1.31,-0.5375
"5631",5631,"Hannes Löhr",1970,"West Germany",-0.39,0.3,0.68,0.85,0.04,-0.33,0.18,1.1,-0.64,-0.81,-0.61,-0.18,0.12,-0.29,0.81,1.03,0.77,0.4075
"5632",5632,"Helmut Haller",1970,"West Germany",-0.39,-0.62,-0.26,-0.52,-1.21,-0.84,-0.57,-0.65,-1.01,-0.79,-0.68,-0.59,-0.59,-1.1,-1.05,-0.56,-1.49,-0.58
"5633",5633,"Horst Wolter",1970,"West Germany",-0.39,-0.62,-0.57,-0.63,-1.13,-0.67,-0.73,-1.01,-1.01,-0.86,-0.68,-0.59,-0.59,-1.1,-0.04,-0.89,-1.68,-0.745
"5634",5634,"Horst-Dieter Hottges",1970,"West Germany",-0.39,-0.55,-0.26,-0.63,-0.64,-0.44,-0.57,-0.83,0.57,0.65,-0.04,0.39,-0.24,-0.13,-0.71,-0.66,-1.27,-0.525
"5635",5635,"Josef Maier",1970,"West Germany",-0.39,-0.62,-0.57,-0.63,0.35,1.96,-0.73,-1.01,-1.01,-0.99,-0.68,-0.59,0.12,-0.94,-0.71,-0.89,0.95,-0.0875
"5636",5636,"Jürgen Grabowski",1970,"West Germany",-0.39,0.17,2.57,0.3,-0.18,-0.11,2.75,1.94,-0.26,-0.45,-0.68,-0.59,-0.24,-0.61,-0.04,1.68,1.83,1.7875
"5637",5637,"Karl-Heinz Schnellinger",1970,"West Germany",0.36,-0.31,0.06,-0.46,0.36,0.54,-0.73,-0.11,1.23,1.18,1.31,1.98,0.12,-0.13,-0.21,0.19,0.43,-0.06
"5638",5638,"Klaus Fichtel",1970,"West Germany",-0.39,-0.62,-0.26,-0.63,0.14,-0.28,-0.42,-0.29,-0.21,1.25,0.46,-0.28,0.12,0.68,-0.04,-0.61,-0.57,-0.3125
"5639",5639,"Max Lorenz",1970,"West Germany",-0.39,-0.55,-0.57,-0.57,-1.41,-1.15,-0.57,-0.95,-0.87,-0.99,-0.46,-0.59,-0.24,-0.61,-1.05,-0.66,-2.1,-0.81
"5640",5640,"Reinhard Libuda",1970,"West Germany",0.36,-0.44,6.34,-0.08,0.31,0.28,2.75,3.44,-0.09,-0.69,-0.68,-0.59,-0.59,-0.13,0.13,3.04,3.72,3.2025
"5641",5641,"Siegfried Held",1970,"West Germany",-0.39,-0.28,0.68,-0.24,-0.53,-0.22,1.09,0.31,-0.79,-0.58,-0.68,-0.59,-0.59,-0.77,0.64,0.89,0.09,0.465
"5642",5642,"Uwe Seeler",1970,"West Germany",1.87,2.33,0.06,4.64,0.5,-0.42,-0.27,0.07,0.55,0.78,-0.18,0.21,5.1,0.2,0.81,0.53,-0.35,-0.14
"5643",5643,"Willi Schulz",1970,"West Germany",-0.39,-0.62,-0.26,-0.63,-0.42,-0.02,-0.73,-0.59,1.16,0.24,-0.11,0.79,-0.24,0.52,-0.54,-0.06,-0.61,-0.4
"5644",5644,"Wolfgang Overath",1970,"West Germany",0.36,0.76,0.68,-0.24,3.26,1.68,0.48,1.58,0.13,1.19,-0.46,-0.18,-0.59,0.2,0.47,0.81,3.26,1.105
"5645",5645,"Wolfgang Weber",1970,"West Germany",-0.39,-0.62,-0.57,-0.63,-1.08,-1.06,-0.73,-0.89,-0.66,-0.66,0.1,-0.28,-0.24,-0.94,-0.54,-0.89,-1.95,-0.8125
"5646",5646,"Alberto Gonzalez",1966,"Argentina",-0.39,-0.09,-0.19,-0.42,2.2,0.26,2.02,3.72,1.47,1.5,-0.6,-0.62,0.2,2.06,1.47,0.16,3.98,1.4525
"5647",5647,"Antonio Rattin",1966,"Argentina",-0.39,-0.24,-0.62,-0.51,0.88,-0.08,0.06,-0.75,-0.21,0.24,-0.15,1.92,-0.2,1.46,-0.76,-0.48,-0.83,-0.3475
"5648",5648,"Antonio Roma",1966,"Argentina",-0.39,-0.63,-0.62,-0.67,1.53,2.14,-0.77,-1.09,-1.1,-1.01,-0.42,-0.62,0.2,-1.21,-0.2,-0.93,1.05,-0.085
"5649",5649,"Ermindo Onega",1966,"Argentina",0.93,2.24,0.24,0.88,2.57,1.22,2.58,2.94,-0.04,0.06,-0.42,-0.62,-0.6,-0.02,0.64,1.86,4.16,1.745
"5650",5650,"Jorge Salari",1966,"Argentina",-0.39,-0.37,-0.19,-0.26,2.1,-0.08,2.3,1.82,0.93,0.91,-0.24,-0.23,-0.6,2.65,2.03,0.55,1.74,0.9625
"5651",5651,"Luis Artime",1966,"Argentina",3.56,1.86,-0.62,1.62,-0.66,-0.95,0.62,-0.86,-0.95,-0.47,-0.69,-0.62,-0.2,-0.02,1.47,0.48,-1.81,-0.4525
"5652",5652,"Oscar Calics",1966,"Argentina",-0.39,-0.63,-0.62,-0.67,-1.34,-1.24,-0.77,-0.64,-0.95,-0.77,0.12,-0.62,-0.2,-0.91,-1.04,-0.77,-1.88,-0.8175
"5653",5653,"Oscar Más",1966,"Argentina",-0.39,0.32,-0.62,0.31,-0.03,-0.81,0.62,0.93,0.31,0.09,-0.6,-0.23,-0.2,2.06,1.75,-0.11,0.12,0.03
"5654",5654,"Rafael Albrecht",1966,"Argentina",-0.39,-0.63,-0.62,-0.67,-0.34,-0.42,-0.5,-0.53,0.09,0.34,1.3,0.37,0.2,0.27,0.08,-0.41,-0.95,-0.5175
"5655",5655,"Roberto Ferreiro",1966,"Argentina",-0.39,-0.47,-0.19,-0.42,1.14,1.37,0.62,0.26,0.95,2.54,0.66,-0.62,-0.6,-0.32,2.03,-0.45,1.63,0.515
"5656",5656,"Roberto Perfumo",1966,"Argentina",-0.39,-0.63,-0.62,-0.67,-0.19,-0.56,0.06,-0.86,-0.02,0.78,2.92,1.74,-0.2,-0.32,-0.2,-0.87,-1.42,-0.495
"5657",5657,"Silvio Marzolini",1966,"Argentina",-0.39,-0.47,-0.62,-0.18,2.18,2.33,0.62,1.93,0.6,1.81,0.75,-0.62,0.59,0.57,-0.48,-0.36,4.26,1.065
"5658",5658,"Alcindo Alcindo",1966,"Brazil",-0.39,1.15,-0.62,0.96,-1,-1.19,-0.03,-0.79,-0.76,-0.69,-0.69,-0.62,-0.6,-1.21,-0.67,-0.35,-1.98,-0.6575
"5659",5659,"Altair Altair",1966,"Brazil",-0.39,-0.63,-0.62,-0.67,-0.19,-0.36,-0.77,-0.04,1.16,0.98,0.87,-0.62,-0.07,0.37,-0.3,-0.93,-0.4,-0.4475
"5660",5660,"António dos Santos Lima",1966,"Brazil",-0.39,-0.11,-0.62,-0.67,2.41,1.7,0.71,0.85,1.99,0.78,-0.45,0.41,-0.6,2.36,0.08,1.05,2.55,0.66
"5661",5661,"Brito",1966,"Brazil",-0.39,-0.63,-0.62,-0.45,-1.24,-0.87,-0.77,-1.09,-1.1,-1.01,-0.21,0.43,0.46,-0.82,-1.04,-0.63,-1.96,-0.8375
"5662",5662,"Denílson",1966,"Brazil",-0.39,-0.39,-0.62,-0.67,1.43,-0.1,-0.4,0.4,0.87,0.26,-0.69,-0.62,-0.6,1.96,-1.04,-0.45,0.3,-0.18
"5663",5663,"Djalma Santos",1966,"Brazil",-0.39,-0.56,-0.05,-0.67,0.94,1.25,-0.77,0.85,0.68,-0.1,0.39,0.29,-0.6,-0.42,-0.3,-0.29,2.1,0.32
"5664",5664,"Fidelis",1966,"Brazil",-0.39,-0.63,0.52,-0.67,-0.63,0.42,-0.4,-0.49,0.51,-0.37,-0.21,0.43,-0.07,-1.21,-1.04,-0.23,-0.07,0.0125
"5665",5665,"Garrincha",1966,"Brazil",1.37,0.3,1.09,-0.12,-0.66,-0.87,2.58,0.11,-0.36,-0.73,-0.69,-0.62,-0.6,-0.42,0.82,0.26,-0.76,0.7275
"5666",5666,"Gérson",1966,"Brazil",-0.39,-0.59,-0.62,-0.45,-0.11,-0.03,-0.4,-0.94,-1.1,1.22,-0.45,0.29,-0.6,-1.21,-1.04,-0.51,-0.97,-0.4975
"5667",5667,"Jairzinho",1966,"Brazil",-0.39,1.15,-0.05,2.93,0.88,-0.36,3.69,0.85,2.99,0.53,-0.69,-0.62,-0.07,1.96,1.94,2.57,0.49,1.0325
"5668",5668,"Luiz Ballini",1966,"Brazil",-0.39,-0.63,-0.62,-0.67,-0.6,-0.42,-0.77,-0.64,-0.36,1.33,1.48,1.2,-0.07,-0.82,-0.3,-0.93,-1.06,-0.6125
"5669",5669,"Manga",1966,"Brazil",-0.39,-0.63,-0.62,-0.67,-1.24,-0.68,-0.77,-1.09,-1.1,-1.01,-0.69,-0.62,-0.6,-1.21,-1.04,-0.93,-1.77,-0.79
"5670",5670,"Parana de Barros Ademir",1966,"Brazil",-0.39,-0.56,0.52,-0.23,-1.06,-0.74,1.09,1.15,-0.3,-1.01,-0.69,-0.62,-0.6,0.37,0.45,0.96,0.41,0.505
"5671",5671,"Paulo Henrique",1966,"Brazil",-0.39,-0.63,-0.62,-0.67,0.88,0.93,-0.4,0.11,0.33,3.03,0.75,-0.62,-0.07,0.37,0.08,-0.93,1.04,0.005
"5672",5672,"Pecanha de Carvalho Orlando",1966,"Brazil",-0.39,-0.63,-0.62,-0.67,-0.95,-1,-0.4,-0.94,-0.7,-0.04,-0.45,-0.62,0.46,-1.21,-1.04,-0.93,-1.94,-0.74
"5673",5673,"Pelé",1966,"Brazil",1.37,0.36,-0.62,1.18,-0.19,-0.16,2.2,-0.49,1.25,-0.38,-0.57,-0.62,-0.6,1.17,2.68,2.06,-0.65,0.2325
"5674",5674,"Rildo",1966,"Brazil",1.37,-0.42,0.52,-0.12,-0.16,0.22,-0.4,-0.64,-0.7,-0.69,-0.69,0.43,-0.6,-0.42,-0.67,0.32,-0.42,-0.075
"5675",5675,"Santos Neves Gilmar",1966,"Brazil",-0.39,-0.63,-0.62,-0.67,-0.4,0.42,-0.77,-1.09,-1.1,-1.01,-0.45,-0.62,-0.6,-1.21,-1.04,-0.93,-0.67,-0.515
"5676",5676,"Silva Silva",1966,"Brazil",-0.39,0.81,-0.62,1.4,-0.83,-1.13,-0.4,-0.79,-1.1,-0.69,-0.69,-0.62,0.99,-0.02,-0.67,0.23,-1.92,-0.735
"5677",5677,"Tostao",1966,"Brazil",1.37,0.19,0.52,-0.34,-0.19,-0.61,-0.03,-0.04,-0.76,0.38,-0.69,-0.62,-0.07,-1.21,-0.67,0.26,-0.65,-0.04
"5678",5678,"Alexander Shalamanov",1966,"Bulgaria",-0.39,-0.56,-0.62,-0.56,0.07,0.87,1.46,0.11,1.07,-0.44,0.03,-0.62,-0.6,-1.21,1.94,-0.93,0.98,0.455
"5679",5679,"Boris Gaganelov",1966,"Bulgaria",-0.39,-0.59,-0.05,-0.67,0.44,0.8,-0.03,0.4,1.35,-0.65,0.27,-0.03,-0.6,-0.42,-0.3,-0.39,1.2,0.28
"5680",5680,"Dimitar Largov",1966,"Bulgaria",-0.39,-0.63,-0.62,-0.67,-0.8,-0.23,-0.77,-0.64,-0.65,-0.65,0.15,-0.03,-0.6,-0.42,-1.04,-0.78,-0.87,-0.565
"5681",5681,"Dimitar Penev",1966,"Bulgaria",-0.39,-0.39,-0.05,-0.56,0.13,0.03,-0.77,-0.64,0.28,0.6,3.16,1.75,-0.07,-0.82,-0.67,-0.26,-0.61,-0.3575
"5682",5682,"Dimitar Yakimov",1966,"Bulgaria",-0.39,0.26,-0.62,-0.23,2.56,0.74,4.81,2.64,0.21,-0.55,-0.69,-0.62,-0.6,-0.42,1.94,2.06,3.38,1.8925
"5683",5683,"Dinko Dermendjiev",1966,"Bulgaria",-0.39,0.16,-0.05,0.42,-0.4,0.03,0.34,0.7,-0.72,-1.01,-0.69,-0.62,-0.6,-0.42,-0.67,1.17,0.73,0.255
"5684",5684,"Dobromir Zhechev",1966,"Bulgaria",-0.39,-0.42,-0.62,-0.45,0.53,0.61,1.09,1.15,1.82,0.3,0.03,0.38,-0.6,1.96,0.82,-0.54,1.76,0.5575
"5685",5685,"Georgi Asparukhov",1966,"Bulgaria",1.37,1.15,-0.62,2.16,0.01,-0.42,2.58,0.26,-0.69,-0.86,-0.69,-0.62,3.1,-0.02,1.94,3,-0.16,0.45
"5686",5686,"Georgi Naydenov",1966,"Bulgaria",-0.39,-0.63,-0.62,-0.67,-0.8,0.35,-0.77,-1.09,-1.1,-1.01,-0.69,-0.62,-0.6,-1.21,-1.04,-0.78,-0.74,-0.5325
"5687",5687,"Ivan Davidov",1966,"Bulgaria",-0.39,-0.52,1.09,-0.34,-0.66,-0.36,-0.03,-0.49,-0.42,-1.01,-0.33,-0.03,-0.6,-0.02,-0.67,-0.23,-0.85,0.0525
"5688",5688,"Ivan Kolev",1966,"Bulgaria",-0.39,-0.22,-0.05,-0.12,-0.19,0.16,-0.03,0.26,-0.69,-0.37,-0.69,-0.62,-0.6,3.94,1.19,-0.35,0.42,0.085
"5689",5689,"Ivan Vutsov",1966,"Bulgaria",-0.39,-0.63,-0.62,-0.67,-0.43,-0.48,-0.77,-0.79,-0.71,-0.86,1.36,2.43,-0.6,-0.82,-1.04,-0.93,-1.27,-0.665
"5690",5690,"Nikola Kotkov",1966,"Bulgaria",-0.39,0.06,-0.05,-0.02,-0.22,-0.23,-0.03,0.4,-0.88,-0.33,-0.69,-0.62,-0.6,0.37,-0.3,0.93,0.17,0.0225
"5691",5691,"Petar Zhekov",1966,"Bulgaria",-0.39,0.91,-0.62,0.42,-1.24,-0.93,-0.4,-0.79,-0.62,-0.62,-0.69,-0.62,-0.07,-0.42,0.08,-0.6,-1.72,-0.685
"5692",5692,"Simeon Simeonov",1966,"Bulgaria",-0.39,-0.63,-0.62,-0.67,-1.09,-0.42,-0.77,-1.09,-1.1,-1.01,-0.69,-0.62,-0.6,-1.21,-1.04,-0.93,-1.51,-0.725
"5693",5693,"Stoian Kitov",1966,"Bulgaria",-0.39,-0.63,-0.62,-0.56,0.04,-0.81,-0.4,-0.79,-0.91,-0.86,-0.69,-0.62,-0.6,-0.02,-0.67,-0.66,-1.6,-0.655
"5694",5694,"Alberto Fouilloux",1966,"Chile",-0.39,-0.18,-0.05,0.75,0.1,-0.55,0.34,0.11,-0.76,-0.73,-0.69,-0.62,-0.6,-1.21,0.08,0.38,-0.44,-0.0375
"5695",5695,"Alberto Valentini",1966,"Chile",-0.39,-0.42,-0.05,-0.56,0.76,1.19,-0.03,-0.19,1.59,-0.46,0.51,0.43,-0.07,-0.02,0.08,-0.45,1,0.23
"5696",5696,"Armando Tobar",1966,"Chile",-0.39,-0.63,-0.62,-0.12,-1.24,-1.13,-0.77,-0.34,-1.1,-1.01,-0.57,-0.62,-0.6,-0.82,0.08,-0.6,-1.47,-0.715
"5697",5697,"Elias Figueroa",1966,"Chile",-0.39,-0.63,-0.62,-0.56,0.13,0.03,-0.77,-1.09,0.54,4.26,2.68,4.43,0.99,0.37,-1.04,-0.78,-1.06,-0.6125
"5698",5698,"Guillermo Yavar",1966,"Chile",-0.39,-0.08,-0.05,-0.02,-0.63,-1.06,-0.77,-0.64,-0.7,-1.01,-0.57,0.43,-0.6,-1.21,-0.67,-0.75,-1.7,-0.63
"5699",5699,"Honorino Landa",1966,"Chile",-0.39,2.07,-0.62,1.4,0.27,-0.87,2.2,0.4,-1.1,-0.46,-0.57,-0.62,-0.07,0.37,0.45,1.2,-0.47,0.2775
"5700",5700,"Hugo Villanueva",1966,"Chile",-0.39,-0.39,-0.05,-0.67,1.28,1.96,-0.77,1,1.23,2.06,0.39,0.43,-0.07,1.56,-0.67,-0.69,2.96,0.535
"5701",5701,"Humberto Cruz",1966,"Chile",-0.39,-0.59,-0.62,-0.67,0.42,0.48,-0.4,-0.79,0.48,0.58,1.24,0.53,0.46,1.56,-0.67,-0.63,-0.31,-0.3325
"5702",5702,"Ignacio Prieto",1966,"Chile",-0.39,-0.11,-0.62,0.2,1.6,0.42,1.46,2.79,1.93,0.42,-0.33,0.29,-0.6,0.37,0.08,0.32,3.21,1.0125
"5703",5703,"Juan Segundo Olivares Marambio",1966,"Chile",-0.39,-0.63,-0.62,-0.67,0.7,2.41,-0.77,-1.09,-1.1,-0.66,-0.69,-0.62,-0.6,-1.21,-1.04,-0.93,1.32,-0.0175
"5704",5704,"Leonel Sánchez",1966,"Chile",-0.39,1.28,2.23,0.31,1.08,1.19,2.2,0.11,-0.01,-0.73,-0.69,-0.62,-0.6,-0.02,3.06,2.12,1.3,1.4325
"5705",5705,"Luis Eyzaguirre",1966,"Chile",-0.39,-0.56,-0.62,-0.67,-0.31,-0.23,-0.4,-0.19,-0.22,-0.66,-0.45,0.53,-0.6,-1.21,-0.67,-0.93,-0.42,-0.36
"5706",5706,"Pedro Araya",1966,"Chile",-0.39,-0.28,1.66,0.86,0.56,0.29,0.71,0.26,2.81,0.26,-0.69,-0.62,-0.6,-0.42,1.57,0.84,0.55,0.73
"5707",5707,"Rubén Marcos",1966,"Chile",3.12,3.4,-0.05,0.53,2.5,1.06,-0.4,0.7,2.11,1.16,-0.21,0.29,-0.07,3.15,0.82,1.17,1.76,0.3275
"5708",5708,"Alan Ball",1966,"England",-0.39,-0.48,1,-0.1,0.59,0.14,2.22,2.23,0.37,-0.66,-0.63,-0.62,-0.35,1.6,1.61,0.41,2.37,1.3975
"5709",5709,"Bobby Charlton",1966,"England",2.11,1.35,2.62,0.05,1.64,0.26,1.34,3.08,0.44,-0.21,-0.41,-0.03,0.15,-0.27,0.02,1.45,3.34,1.825
"5710",5710,"Bobby Moore",1966,"England",-0.39,-0.38,-0.35,-0.41,2.37,1.97,-0.07,1.17,0.17,1.12,1.42,1.41,1.15,1.79,-0.34,0.03,3.14,0.68
"5711",5711,"Geoff Hurst",1966,"England",2.94,0.96,-0.62,1.81,-0.75,-0.96,0.11,-0.17,-0.79,-0.7,-0.63,-0.62,1.4,-0.27,-0.51,-0.11,-1.13,-0.41
"5712",5712,"George Cohen",1966,"England",-0.39,-0.59,1.54,-0.67,0.12,0.47,-0.6,-0.38,0.43,-0.04,0.62,0.42,-0.1,-0.09,0.02,0.19,0.09,0.2575
"5713",5713,"Gordon Banks",1966,"England",-0.39,-0.63,-0.62,-0.67,0.37,2.06,-0.77,-1.09,-1.1,-1.01,-0.69,-0.62,-0.6,-1.21,-1.04,-0.83,0.97,-0.105
"5714",5714,"Ian Callaghan",1966,"England",-0.39,-0.51,0.73,-0.62,-1.39,-0.9,-0.77,-0.66,-0.99,-0.74,-0.69,-0.62,-0.6,-0.84,-0.86,-0.25,-1.56,-0.4
"5715",5715,"Jack Charlton",1966,"England",-0.39,0.1,-0.62,1.03,-0.43,-0.26,-0.07,-0.45,0.61,0.55,3.24,1.87,5.65,1.23,-1.04,-0.31,-0.71,-0.35
"5716",5716,"Jimmy Greaves",1966,"England",-0.39,-0.04,1,0.93,-0.87,-0.78,0.28,0.33,-1.1,-0.56,-0.63,-0.62,-0.6,-0.46,-0.51,0.57,-0.45,0.2075
"5717",5717,"John Connelly",1966,"England",-0.39,-0.59,-0.35,-0.46,-1.55,-1.32,-0.77,-0.59,-0.99,-0.92,-0.69,-0.62,-0.6,-0.84,-0.86,-0.59,-1.91,-0.7575
"5718",5718,"Martin Peters",1966,"England",0.45,1.25,0.73,1.19,0.3,-0.29,0.11,0.75,0.22,0.78,0.16,0.33,1.4,1.04,-0.69,0.63,0.46,0.325
"5719",5719,"Nobby Stiles",1966,"England",-0.39,-0.4,-0.35,0.1,0.49,-0.29,-0.25,-0.03,0.87,0.72,0.28,2.04,0.4,1.42,0.37,-0.37,-0.32,-0.23
"5720",5720,"Ray Wilson",1966,"England",-0.39,-0.63,1.54,-0.36,1.46,1.17,-0.42,0.19,-0.2,0.16,0.45,1.33,0.15,-0.09,-0.69,0.66,1.36,0.62
"5721",5721,"Roger Hunt",1966,"England",2.11,1.15,-0.35,1.6,-0.64,-0.96,0.11,0.26,-0.22,-0.85,-0.41,-0.62,-0.1,0.29,0.72,0.31,-0.7,-0.235
"5722",5722,"Terry Paine",1966,"England",-0.39,-0.32,0.46,-0.1,-1.42,-0.84,0.28,-0.52,-1.1,-0.92,-0.69,-0.62,-0.6,-0.46,-0.86,0.25,-1.36,-0.155
"5723",5723,"Bernard Bosquier",1966,"France",-0.39,0.02,-0.05,-0.23,0.85,0.93,-0.4,-0.49,1.04,0.87,0.27,-0.62,0.46,0.37,0.08,0.99,0.44,-0.00249999999999999
"5724",5724,"Gabriel De Michéle",1966,"France",-0.39,-0.63,-0.62,-0.67,-1.15,-0.48,-0.77,-0.94,0.68,1,0.75,0.32,-0.6,0.37,-1.04,-0.9,-1.42,-0.7025
"5725",5725,"Gerard Hausser",1966,"France",1.37,1.39,1.09,1.07,0.85,0.03,1.83,2.79,0.03,0.54,-0.57,-0.62,-0.07,-0.42,0.45,1.6,2.82,1.435
"5726",5726,"Héctor de Bourgoing",1966,"France",1.37,2.55,-0.62,-0.34,-0.66,-0.61,-0.4,-0.49,-0.68,-1.01,-0.69,-0.62,-0.6,-0.42,0.08,-0.39,-1.1,-0.53
"5727",5727,"Jacques Simon",1966,"France",-0.39,0.33,-0.62,-0.23,0.21,-0.23,-0.03,-0.34,-0.76,-0.73,-0.33,-0.62,-0.07,0.37,-0.67,-0.51,-0.57,-0.305
"5728",5728,"Jean Djorkaeff",1966,"France",-0.39,-0.46,-0.05,-0.67,1.49,3.05,-0.4,0.26,1.96,2.94,1.11,-0.62,-0.07,-1.21,-0.3,-0.6,3.31,0.715
"5729",5729,"Joseph Bonnel",1966,"France",-0.39,-0.39,-0.62,-0.02,1.78,0.54,1.83,0.7,2.8,-0.05,-0.33,0.28,0.46,0.77,1.19,-0.29,1.24,0.6125
"5730",5730,"Marcel Artelesa",1966,"France",-0.39,-0.63,-0.05,-0.67,0.13,-0.03,-0.77,-0.94,2.66,0.41,1.24,2.35,-0.07,1.56,0.08,-0.75,-0.97,-0.4475
"5731",5731,"Marcel Aubour",1966,"France",-0.39,-0.63,-0.62,-0.67,0.1,2.02,-0.77,-1.09,-1.1,-1.01,-0.21,-0.62,-0.6,-1.21,-1.04,-0.93,0.93,-0.115
"5732",5732,"Nestor Combin",1966,"France",-0.39,-0.25,0.52,-0.23,-0.45,-0.29,-0.03,1,-1.1,-0.15,-0.57,-0.62,-0.6,-0.42,-0.67,0.74,0.71,0.3
"5733",5733,"Philippe Gondet",1966,"France",-0.39,0.36,-0.62,1.29,0.13,-0.68,2.58,1.9,0.74,-0.38,-0.69,0.5,0.46,0.37,3.06,1.11,1.22,0.795
"5734",5734,"Robert Budzinski",1966,"France",-0.39,-0.18,-0.05,-0.12,0.97,1.12,-0.77,0.26,1.59,1.14,2.08,-0.62,0.99,1.56,0.82,-0.26,1.38,0.14
"5735",5735,"Robert Herbin",1966,"France",-0.39,0.12,-0.62,1.29,0.13,-1.06,-0.4,-0.34,0.31,-0.44,-0.69,-0.62,0.46,-0.82,-0.67,0.16,-1.4,-0.605
"5736",5736,"Yves Herbet",1966,"France",-0.39,0.02,1.09,0.2,0.47,-0.1,0.71,1,0.01,0.78,-0.45,-0.62,0.99,0.37,0.45,0.47,0.9,0.675
"5737",5737,"Antal Szentmihályi",1966,"Hungary",-0.39,-0.63,-0.62,-0.67,-1.06,-0.32,-0.77,-1.09,-1.1,-1.01,-0.69,-0.62,-0.6,-1.21,-0.2,-0.93,-1.41,-0.7
"5738",5738,"Benö Káposzta",1966,"Hungary",-0.39,-0.19,2.8,-0.42,2.31,4.55,-0.5,0.81,1.66,1.13,-0.06,0.74,-0.2,1.17,0.36,1.03,5.36,1.915
"5739",5739,"Ferenc Bene",1966,"Hungary",4.87,2.37,2.8,3.42,-0.1,-0.42,0.9,0.14,0.52,-0.45,-0.69,-0.62,-0.6,0.87,0.36,2.48,-0.28,0.855
"5740",5740,"Ferenc Sipos",1966,"Hungary",-0.39,-0.11,-0.62,-0.26,1.31,0.79,0.06,1.04,1.54,1.39,0.12,0.54,0.2,-0.02,-0.76,0.07,1.83,0.3175
"5741",5741,"Flórián Albert",1966,"Hungary",-0.39,2.62,-0.62,3.33,0.88,-0.47,2.58,1.37,0.85,-0.12,-0.69,-0.62,1.38,-0.32,2.31,1.49,0.9,0.715
"5742",5742,"Gusztáv Szepesi",1966,"Hungary",-0.39,-0.14,0.24,-0.1,0.84,1.08,-0.5,0.48,1.43,0.34,0.57,-0.62,-0.2,0.87,-0.2,-0.48,1.56,0.325
"5743",5743,"Gyula Rákosi",1966,"Hungary",-0.39,0.22,5.8,0.72,0.57,0.79,0.9,1.6,0.49,-0.5,-0.69,-0.62,-0.2,0.57,2.59,2.93,2.39,2.2725
"5744",5744,"Imre Mathesz",1966,"Hungary",-0.39,-0.5,0.24,-0.18,-0.21,-0.23,-0.77,-0.53,-0.3,0.49,-0.51,-0.16,-0.6,-0.02,-0.48,0.46,-0.76,-0.3225
"5745",5745,"István Nagy",1966,"Hungary",-0.39,-0.29,0.67,0.07,-0.43,-0.42,-0.5,0.26,-0.19,-0.01,-0.69,-0.62,-0.6,1.17,0.64,0.85,-0.16,0.0025
"5746",5746,"János Farkas",1966,"Hungary",0.93,1.96,1.52,1.78,0.34,-0.03,0.62,-0.3,-0.34,-0.13,-0.69,-0.62,-0.2,-0.02,0.36,2.04,-0.33,0.4525
"5747",5747,"József Gelei",1966,"Hungary",-0.39,-0.6,-0.62,-0.67,-0.08,1.12,-0.77,-1.09,-1.1,-1.01,-0.42,-0.62,-0.6,-1.21,-0.76,-0.93,0.03,-0.34
"5748",5748,"Kálmán Mészöly",1966,"Hungary",2.24,2.83,-0.19,0.07,0.64,0.88,-0.5,0.7,1.36,0.62,0.93,1.14,1.38,1.76,0.08,0.71,1.58,0.2225
"5749",5749,"Kálmán Sovari",1966,"Hungary",-0.39,-0.63,-0.62,-0.67,-1.12,-0.9,-0.77,-0.3,-0.42,-0.28,-0.51,-0.62,-0.6,-0.32,-1.04,-0.93,-1.2,-0.6475
"5750",5750,"Sándor Mátrai",1966,"Hungary",-0.39,-0.63,-0.19,-0.67,0.4,0.69,-0.77,-0.19,2.28,1.36,1.75,3.73,0.2,0.87,-0.76,-0.57,0.5,-0.115
"5751",5751,"Alessandro Mazzola",1966,"Italy",1.37,1.49,3.37,3.14,0.42,0.54,0.34,0.11,0.07,-0.9,-0.69,-0.62,2.04,0.37,3.8,4.65,0.65,1.09
"5752",5752,"Alessandro Salvadore",1966,"Italy",-0.39,-0.63,-0.62,-0.67,-0.77,-0.42,-0.77,-0.49,0.12,-0.67,1.6,3,-0.6,-0.02,-1.04,-0.84,-0.91,-0.575
"5753",5753,"Aristide Guarneri",1966,"Italy",-0.39,-0.63,-0.62,-0.67,-1.18,-0.87,-0.77,-0.94,-1.1,0.55,0.27,2.45,0.46,-0.82,-1.04,-0.93,-1.81,-0.8
"5754",5754,"Enrico Albertosi",1966,"Italy",-0.39,-0.63,-0.62,-0.67,0.97,2.41,-0.77,-1.09,-1.1,-1.01,-0.69,-0.62,-0.6,-1.21,-0.67,-0.93,1.32,-0.0175
"5755",5755,"Ezio Pascutti",1966,"Italy",-0.39,0.7,-0.05,-0.12,-1.44,-0.87,-0.77,-0.94,-1.1,-1.01,-0.57,-0.62,-0.6,-0.82,-0.3,-0.48,-1.81,-0.6575
"5756",5756,"Francesco Janich",1966,"Italy",-0.39,-0.63,-0.62,-0.67,-0.8,-0.42,-0.77,-0.79,1.24,1.18,0.63,4.5,-0.6,-0.82,0.08,-0.93,-1.21,-0.65
"5757",5757,"Giacinto Facchetti",1966,"Italy",-0.39,-0.01,-0.05,-0.12,-0.08,0.35,-0.77,-0.34,0.2,-0.47,0.87,-0.62,0.99,-0.02,0.45,-0.35,0.00999999999999995,-0.2025
"5758",5758,"Giacomo Bulgarelli",1966,"Italy",-0.39,0.43,-0.05,0.75,0.3,0.42,0.34,-0.04,0.8,-0.3,-0.57,1.27,-0.6,1.96,2.31,0.87,0.38,0.1675
"5759",5759,"Gianfranco Leoncini",1966,"Italy",-0.39,-0.52,-0.62,-0.67,-1.12,-0.93,-0.03,-0.94,-0.44,-0.13,-0.69,-0.62,-0.6,0.37,-0.67,-0.93,-1.87,-0.63
"5760",5760,"Gianni Rivera",1966,"Italy",-0.39,0.02,3.37,0.42,0.59,0.48,0.71,1.45,0.1,-0.16,-0.57,-0.62,-0.6,0.37,-1.04,4.04,1.93,1.5025
"5761",5761,"Giovanni Lodetti",1966,"Italy",-0.39,-0.28,-0.05,-0.45,-0.37,-0.48,-0.4,-0.34,-0.24,-0.44,-0.33,-0.05,-0.6,-0.42,0.82,-0.57,-0.82,-0.3175
"5762",5762,"Luigi Meroni",1966,"Italy",-0.39,-0.35,-0.62,-0.12,-1.35,-0.87,-0.4,-0.49,-0.89,-1.01,-0.69,-0.62,-0.6,1.17,0.45,-0.51,-1.36,-0.595
"5763",5763,"Marino Perani",1966,"Italy",-0.39,2.92,1.66,1.95,-0.02,-0.16,-0.77,0.26,-0.96,-0.39,-0.57,-0.62,-0.6,-0.42,0.08,1.78,0.1,0.2475
"5764",5764,"Paolo Barison",1966,"Italy",1.37,1.52,-0.62,3.14,-0.95,-0.87,-0.03,1,-0.18,-0.27,-0.69,-0.62,2.04,0.77,-1.04,0.04,0.13,-0.13
"5765",5765,"Roberto Rosato",1966,"Italy",-0.39,-0.49,-0.62,-0.67,-0.74,-0.55,-0.77,0.11,0.92,-0.26,0.75,-0.25,-0.07,1.17,-0.67,-0.6,-0.44,-0.4575
"5766",5766,"Romano Fogli",1966,"Italy",-0.39,-0.01,0.52,-0.12,-0.54,0.22,-0.4,-0.19,-1.1,0.55,-0.57,2.45,-0.07,-1.21,-0.3,0.62,0.03,0.0375
"5767",5767,"Spartaco Landini",1966,"Italy",-0.39,-0.63,-0.62,-0.34,-0.74,-0.1,-0.4,-0.49,0.85,-0.07,-0.45,-0.62,-0.07,-0.82,-0.67,-0.63,-0.59,-0.4025
"5768",5768,"Tarcisio Burgnich",1966,"Italy",-0.39,-0.32,-0.62,-0.02,-0.54,0.22,-0.4,-0.64,1.28,-0.38,0.75,1.11,0.46,0.77,0.82,-0.57,-0.42,-0.36
"5769",5769,"Aaron Padilla Gutiérrez",1966,"Mexico",-0.39,-0.63,2.8,-0.34,1.02,0.03,-0.4,0.55,0.26,0.86,-0.45,-0.62,-0.6,0.37,2.68,1.17,0.58,0.745
"5770",5770,"Antonio Carbajal",1966,"Mexico",-0.39,-0.63,-0.62,-0.67,-0.86,-0.48,-0.77,-1.09,-1.1,-1.01,-0.69,-0.62,-0.6,-1.21,-0.3,-0.87,-1.57,-0.74
"5771",5771,"Arturo Chaires",1966,"Mexico",-0.39,-0.18,1.66,-0.12,2.18,2.99,-0.03,1.6,0.68,-0.44,0.15,0.31,0.46,-0.82,0.08,0.62,4.59,1.555
"5772",5772,"Enrique David Borja García",1966,"Mexico",1.37,2.44,-0.05,2.38,-0.37,-0.87,0.34,-0.64,0.36,-0.73,-0.69,0.92,0.46,0.77,0.45,0.38,-1.51,-0.305
"5773",5773,"Ernesto Cisneros Salcedo",1966,"Mexico",-0.39,0.53,-0.05,0.75,-1.24,-1.19,-0.77,-0.79,-1.1,-0.78,-0.69,-0.62,-0.6,-1.21,-1.04,-0.26,-1.98,-0.7
"5774",5774,"Gabriel Nunez",1966,"Mexico",-0.39,-0.56,-0.62,-0.67,0.3,0.48,-0.77,-0.79,0.28,0.86,2.08,2.01,0.46,1.17,-0.67,-0.84,-0.31,-0.425
"5775",5775,"Guillermo Hernández",1966,"Mexico",-0.39,-0.35,-0.05,-0.56,2.18,2.47,-0.03,1,3.5,0.1,0.99,-0.62,-0.6,0.37,1.19,-0.26,3.47,0.8475
"5776",5776,"Gustavo Pena",1966,"Mexico",-0.39,-0.63,-0.62,-0.67,-0.22,-0.36,-0.4,-0.49,0.67,1.19,2.32,3.2,0.46,1.17,0.08,-0.35,-0.85,-0.4675
"5777",5777,"Ignacio Calderón",1966,"Mexico",-0.39,-0.63,-0.62,-0.67,-0.48,-0.36,-0.77,-1.09,-1.1,-1.01,-0.69,-0.62,-0.6,-1.21,-1.04,-0.93,-1.45,-0.71
"5778",5778,"Ignacio Jáuregui",1966,"Mexico",-0.39,-0.28,-0.62,-0.45,-0.25,-1.19,-0.03,-0.64,-1.1,-0.73,-0.33,-0.62,-0.6,-1.21,0.08,-0.69,-1.83,-0.62
"5779",5779,"Isidoro Díaz",1966,"Mexico",-0.39,-0.42,1.09,-0.56,1.78,1.45,-0.4,-0.49,-0.52,-0.03,-0.57,-0.03,-0.6,-0.02,-0.3,1.2,0.96,0.4125
"5780",5780,"Javier Fragoso",1966,"Mexico",-0.39,-0.42,-0.62,-0.02,-1.12,-1.19,-0.77,-0.79,-0.88,-1.01,-0.69,-0.62,-0.07,-0.42,0.45,-0.39,-1.98,-0.8425
"5781",5781,"Jesus del Muro",1966,"Mexico",-0.39,-0.63,-0.62,-0.67,-1.35,-1.26,-0.77,-1.09,-0.75,-1.01,0.27,0.31,-0.6,-1.21,-1.04,-0.93,-2.35,-0.935
"5782",5782,"Magdaleno Mercado",1966,"Mexico",-0.39,-0.46,1.09,-0.56,0.36,-0.16,-0.4,-0.49,0.45,-0.6,-0.09,-0.62,-0.07,0.37,0.08,-0.2,-0.65,0.01
"5783",5783,"Salvador Reyes",1966,"Mexico",-0.39,0.36,-0.62,0.42,1.49,-0.68,-0.03,0.7,-0.52,0.11,-0.45,-0.62,0.99,-0.42,0.45,0.44,0.0199999999999999,-0.1575
"5784",5784,"Bong-Chil Kang",1966,"North Korea",-0.39,-0.63,-0.62,-0.67,-1.51,-1.14,-0.77,-1.09,-0.9,-0.85,-0.06,0.44,-0.6,-0.32,-0.76,-0.93,-2.23,-0.905
"5785",5785,"Bong-Hwan Kim",1966,"North Korea",-0.39,-0.17,-0.62,-0.02,-1.45,-1.29,-0.77,-0.97,-1.1,-1.01,-0.69,-0.62,-0.2,-1.21,-1.04,-0.64,-2.26,-0.9125
"5786",5786,"Bong-Zin Han",1966,"North Korea",-0.39,-0.11,-0.19,1.37,-0.06,-0.08,1.46,0.26,-0.35,-0.45,-0.6,-0.62,0.2,0.57,0.64,1.1,0.18,0.3625
"5787",5787,"Chan-Myong Li",1966,"North Korea",-0.39,-0.63,-0.62,-0.67,0.51,2.19,-0.77,-1.09,-1.1,-0.92,-0.51,-0.62,-0.6,-1.21,-0.48,-0.93,1.1,-0.0725
"5788",5788,"Dong-Woon Li",1966,"North Korea",0.93,0.35,-0.62,0.31,-0.9,-1.24,-0.77,-0.97,-0.93,-1.01,-0.6,-0.62,-0.2,-0.91,-0.76,-0.25,-2.21,-0.9
"5789",5789,"Doo-Ik Pak",1966,"North Korea",0.93,1.52,-0.19,1.13,0.73,-0.47,1.18,0.7,0.19,-0.4,-0.51,-0.62,-0.2,0.57,2.31,1.63,0.23,0.305
"5790",5790,"Li-Sup Pak",1966,"North Korea",-0.39,-0.63,-0.62,-0.59,-0.06,0.5,-0.77,-0.86,0.59,-0.08,0.21,0.31,0.2,-0.02,-0.48,-0.77,-0.36,-0.4375
"5791",5791,"Ryong-Woon Kang",1966,"North Korea",-0.39,-0.63,-0.62,-0.51,-1.38,-1.29,-0.5,-0.86,-1.1,-1.01,-0.69,-0.62,-0.6,-0.91,-0.2,-0.75,-2.15,-0.8175
"5792",5792,"Seung-Hwi Im",1966,"North Korea",-0.39,0.37,-0.62,-0.67,0.57,0.54,0.06,0.48,0.13,0.38,-0.6,0.84,-0.6,-0.02,0.08,0.1,1.02,0.115
"5793",5793,"Seung-Il Kim",1966,"North Korea",-0.39,-0.52,-0.19,-0.42,-1.03,-0.76,0.06,-0.3,-0.73,-0.87,-0.69,-0.62,-0.6,-0.91,-0.2,-0.2,-1.06,-0.2975
"5794",5794,"Seung-Kook Yang",1966,"North Korea",0.93,0.4,0.67,0.88,-0.86,-0.61,1.74,0.37,-0.96,-0.45,-0.42,-0.62,-0.6,0.87,-0.48,0.55,-0.24,0.5425
"5795",5795,"Seung-Zin Pak",1966,"North Korea",2.24,0.63,-0.19,-0.18,0.79,1.32,0.34,0.48,0.35,0.53,-0.24,0.14,-0.2,0.27,3.99,0.94,1.8,0.4875
"5796",5796,"Yoon-Kyung Oh",1966,"North Korea",-0.39,-0.52,-0.19,-0.59,-0.27,0.06,-0.22,-0.3,1.18,0.92,1.66,0.14,0.2,0.57,-0.76,-0.8,-0.24,-0.1625
"5797",5797,"Yung-Kyoo Shin",1966,"North Korea",-0.39,-0.17,-0.62,-0.67,0.23,0.93,0.06,-0.19,1.24,1.29,4.91,2.77,2.17,-0.32,0.36,-0.73,0.74,0.045
"5798",5798,"Yung-Won Ha",1966,"North Korea",-0.39,-0.6,-0.62,-0.67,-0.92,-0.52,-0.5,-0.86,-0.84,-0.28,1.11,-0.24,1.78,-0.32,0.36,-0.41,-1.38,-0.625
"5799",5799,"Zoong-Sun Lim",1966,"North Korea",-0.39,-0.27,-0.62,-0.67,0.05,0.88,-0.77,-0.41,0.42,0.01,3.1,-0.31,0.99,1.46,0.36,-0.93,0.47,-0.23
"5800",5800,"Alberto Festa",1966,"Portugal",-0.39,-0.56,0.24,-0.67,0.27,1.12,-0.22,1,0.33,-0.08,0.03,0.46,0.2,-1.01,-0.85,-0.42,2.12,0.535
"5801",5801,"Antonio Simoes",1966,"Portugal",0.49,0.11,4.51,0.26,1.39,1.25,0.9,2.04,0.53,0.31,-0.69,-0.62,-0.33,-0.22,0.64,3.29,3.29,2.175
"5802",5802,"Eusébio",1966,"Portugal",7.5,8.6,3.94,2.87,1.63,-0.26,5.56,2.34,0.7,-0.12,-0.63,-0.62,0.46,-0.42,2.5,1.78,2.08,2.895
"5803",5803,"Germano",1966,"Portugal",-0.39,-0.63,-0.62,-0.67,-1.63,-1.19,-0.77,-1.09,-0.89,-0.5,-0.21,-0.07,-0.6,-0.22,-1.04,-0.93,-2.28,-0.9175
"5804",5804,"Hilário Conceicao",1966,"Portugal",-0.39,-0.57,0.24,-0.67,1.14,1.8,-0.77,-0.71,1.91,3.09,1.42,-0.62,0.2,1.96,-0.11,-0.6,1.09,0.14
"5805",5805,"Jaime Graca",1966,"Portugal",-0.39,-0.18,0.81,-0.07,2.25,0.9,0.53,1.9,1.19,1.29,-0.57,0.53,0.46,-0.02,0.45,0.45,2.8,1.035
"5806",5806,"Joao Morais",1966,"Portugal",-0.39,-0.56,-0.33,-0.51,-0.44,0.09,-0.03,-0.71,-0.1,-0.22,-0.27,-0.39,-0.6,-0.62,-0.3,-0.75,-0.62,-0.245
"5807",5807,"Joaquim Carvalho",1966,"Portugal",-0.39,-0.63,-0.62,-0.67,-1.27,-0.9,-0.77,-1.09,-1.1,-1.01,-0.63,-0.62,-0.6,-1.21,-0.85,-0.93,-1.99,-0.845
"5808",5808,"Jose Alexandre Baptista",1966,"Portugal",-0.39,-0.63,-0.62,-0.67,-0.45,-0.29,-0.77,-0.71,0.08,1.17,1.6,4.04,1.25,-1.21,-0.85,-0.87,-1,-0.5975
"5809",5809,"Jose Augusto",1966,"Portugal",2.24,0.59,1.09,0.69,1.63,1.12,0.9,0.93,1.26,1.62,-0.45,-0.62,-0.33,-0.22,1.38,1.49,2.05,1.01
"5810",5810,"Jose Pereira",1966,"Portugal",-0.39,-0.63,-0.62,-0.67,0.1,1.12,-0.77,-1.09,-0.89,-1.01,-0.39,-0.62,-0.33,-1.01,-0.67,-0.93,0.03,-0.34
"5811",5811,"José Carlos",1966,"Portugal",-0.39,-0.63,-0.62,-0.67,-1.22,-1.03,-0.77,-1.09,-0.16,-0.4,0.03,-0.09,-0.07,-0.22,-1.04,-0.93,-2.12,-0.8775
"5812",5812,"José Torres",1966,"Portugal",2.24,2.05,-0.62,6.79,0.57,-0.65,-0.03,-0.56,-0.14,-0.26,-0.57,-0.62,10.22,1.36,0.26,1.46,-1.21,-0.465
"5813",5813,"Mario Coluna",1966,"Portugal",-0.39,-0.05,0.81,-0.07,1.04,0.32,2.02,1.22,1.84,2.26,0.33,-0.15,0.72,0.57,0.64,-0.03,1.54,1.0925
"5814",5814,"Vicente Lucas",1966,"Portugal",-0.39,-0.51,-0.62,-0.62,-0.85,-0.58,-0.77,-0.94,-0.2,0.68,1.36,1.69,0.46,-0.22,-1.04,-0.93,-1.52,-0.7275
"5815",5815,"Adelardo Rodriguez",1966,"Spain",-0.39,-0.49,0.52,-0.67,-0.57,-0.55,0.34,0.7,-0.73,-0.11,-0.57,-0.62,-0.07,-0.02,0.82,0.16,0.15,0.2525
"5816",5816,"Amancio Amaro Varela",1966,"Spain",1.37,0.26,0.52,1.29,-0.57,-0.93,0.34,0.11,-0.73,0.1,-0.57,-0.62,-0.6,-0.02,0.08,0.5,-0.82,0.01
"5817",5817,"Carlos Lapetra",1966,"Spain",-0.39,-0.63,2.23,-0.12,-0.63,-0.61,-0.77,-0.64,-1.1,-1.01,-0.69,-0.62,-0.6,-0.82,-0.67,0.38,-1.25,0.0525
"5818",5818,"Francisaco Gallego",1966,"Spain",-0.39,-0.63,-0.62,-0.45,0.07,-0.48,-0.77,-0.34,1.38,1.92,2.8,1.35,-0.07,1.56,-0.67,-0.93,-0.82,-0.5525
"5819",5819,"Francisco Gento",1966,"Spain",-0.39,-0.15,2.8,0.64,-0.11,-0.03,-0.03,2.04,-0.77,-0.8,-0.69,-0.62,-0.6,-0.82,0.08,1.69,2.01,1.195
"5820",5820,"Ignacio Zoco",1966,"Spain",-0.39,-0.35,-0.62,-0.45,1.49,0.35,0.34,1.9,1.8,3.49,2.32,1.99,-0.07,2.36,-0.3,-0.63,2.25,0.4925
"5821",5821,"Jesus Glaria Jordan",1966,"Spain",-0.39,-0.49,-0.62,-0.67,-1.12,-1.26,-0.77,-0.34,0.03,0.8,0.27,0.37,-0.6,0.77,-1.04,-0.75,-1.6,-0.7475
"5822",5822,"Joaquin Peiró Lucas",1966,"Spain",-0.39,-0.18,-0.62,1.51,-0.63,-0.93,-0.03,0.7,-0.51,-0.33,-0.69,0.25,-0.07,-1.21,-0.3,0.19,-0.23,-0.22
"5823",5823,"Jose Angel Iribar",1966,"Spain",-0.39,-0.63,-0.62,-0.67,0.88,2.93,-0.77,-1.09,-1.1,-0.71,-0.69,-0.62,-0.07,-1.21,-1.04,-0.93,1.84,0.1125
"5824",5824,"Jose Armando Ufarte",1966,"Spain",-0.39,-0.25,-0.62,-0.34,-1.09,-1,-0.03,-0.19,-0.44,-0.74,-0.69,-0.62,-0.6,-1.21,1.19,-0.93,-1.19,-0.46
"5825",5825,"Jose Martinez Pirri",1966,"Spain",1.37,1.28,-0.62,1.18,0.68,-0.74,0.71,0.11,-0.51,0.62,-0.57,0.06,-0.07,-0.02,-0.67,-0.11,-0.63,-0.135
"5826",5826,"José Maria Fusté",1966,"Spain",1.37,0.12,-0.62,-0.02,-0.71,-0.81,-0.4,0.11,-0.35,-1.01,-0.69,-0.62,-0.07,0.37,-1.04,-0.08,-0.7,-0.43
"5827",5827,"Luis Del Sol",1966,"Spain",-0.39,-0.22,-0.05,-0.67,1.46,0.48,0.71,3.09,0.79,1.25,-0.09,1.12,-0.6,-0.02,0.82,0.9,3.57,1.0575
"5828",5828,"Luisito",1966,"Spain",-0.39,0.3,-0.05,0.2,0.04,0.48,0.71,0.55,0.48,0.09,-0.45,-0.62,-0.6,-0.02,1.19,-0.02,1.03,0.4225
"5829",5829,"Manuel Sanchís",1966,"Spain",1.37,0.67,-0.05,-0.12,0.68,1.96,1.09,0.11,1.91,3.26,0.39,0.25,-0.07,-0.02,-0.3,0.26,2.07,0.7775
"5830",5830,"Marcelino Martinez",1966,"Spain",-0.39,0.09,0.52,0.64,-0.95,-1.06,-0.77,-0.79,-1.1,-1.01,-0.69,-0.62,0.46,-0.02,-0.3,0.59,-1.85,-0.525
"5831",5831,"Severino Reija",1966,"Spain",-0.39,-0.56,-0.05,-0.02,0.44,1.12,1.09,0.4,-0.58,2.28,0.51,-0.62,1.51,-0.42,-0.3,0.29,1.52,0.64
"5832",5832,"Silvestre Graells Eladio",1966,"Spain",-0.39,-0.63,-0.62,-0.67,-0.98,-0.55,-0.77,-0.49,-0.77,-0.74,0.03,-0.62,-0.07,-0.82,-1.04,-0.87,-1.04,-0.6075
"5833",5833,"André Grobéty",1966,"Switzerland",-0.39,-0.63,-0.62,-0.34,-0.89,-0.61,-0.4,-0.49,-0.09,0,-0.57,0.04,-0.6,-1.21,-1.04,-0.75,-1.1,-0.53
"5834",5834,"Ely Tacchella",1966,"Switzerland",-0.39,-0.56,-0.62,-0.67,-1.12,-1,-0.77,0.11,-1.1,-0.2,0.03,-0.62,0.46,-0.42,-1.04,-0.93,-0.89,-0.57
"5835",5835,"Fritz Künzli",1966,"Switzerland",-0.39,-0.22,-0.05,0.09,-0.57,-1.26,-0.77,-0.64,-0.47,-0.7,-0.69,-0.62,-0.6,1.56,0.08,-0.48,-1.9,-0.68
"5836",5836,"Hansruedi Fuhrer",1966,"Switzerland",-0.39,-0.35,-0.05,-0.45,1.98,2.41,0.34,2.94,2.47,3,0.39,-0.62,-0.07,2.36,0.08,0.16,5.35,1.41
"5837",5837,"Heinz Bäni",1966,"Switzerland",-0.39,-0.63,1.09,-0.56,2.3,0.8,-0.77,2.34,0.24,3.32,0.03,0.04,-0.07,-0.02,0.08,0.35,3.14,0.865
"5838",5838,"Heinz Schneiter",1966,"Switzerland",-0.39,-0.56,-0.62,-0.67,-0.98,-0.74,-0.77,-0.94,-0.85,-0.2,0.27,0.7,-0.07,-0.42,-1.04,-0.93,-1.68,-0.7675
"5839",5839,"Jean-Claude Schindelholz",1966,"Switzerland",-0.39,-0.42,-0.05,-0.56,-1.21,-0.87,-0.4,-0.34,-0.85,-1.01,-0.69,-0.62,-0.07,-1.21,0.45,0.13,-1.21,-0.415
"5840",5840,"Karl Elsener",1966,"Switzerland",-0.39,-0.63,-0.62,-0.67,0.59,1.9,-0.77,-1.09,-1.1,-0.75,-0.69,-0.62,-0.07,-1.21,-0.67,-0.93,0.81,-0.145
"5841",5841,"Karl Odermatt",1966,"Switzerland",-0.39,-0.59,-0.62,-0.34,-1.32,-1.13,-0.77,-0.34,-0.6,-0.81,-0.69,-0.62,-0.07,-0.42,-1.04,-0.6,-1.47,-0.715
"5842",5842,"Koebi Kuhn",1966,"Switzerland",-0.39,-0.18,0.52,-0.23,0.88,-0.42,0.34,0.11,-0.78,-0.44,-0.69,-0.62,-0.07,-0.82,-0.67,-0.02,-0.31,0.1375
"5843",5843,"Kurt Armbruster",1966,"Switzerland",-0.39,-0.63,-0.62,-0.23,0.59,-0.55,0.71,0.4,2.75,0.07,0.15,1.08,0.46,-0.42,-0.3,-0.72,-0.15,-0.015
"5844",5844,"Léo Eichmann",1966,"Switzerland",-0.39,-0.63,-0.62,-0.67,-0.77,-0.36,-0.77,-1.09,-1.1,-0.7,-0.69,-0.62,-0.6,-1.21,-1.04,-0.93,-1.45,-0.71
"5845",5845,"René Brodmann",1966,"Switzerland",-0.39,-0.46,-0.62,-0.67,0.04,0.22,-0.77,0.11,0.69,1.56,0.75,1.39,-0.07,-0.82,0.08,-0.93,0.33,-0.265
"5846",5846,"René-Pierre Quentin",1966,"Switzerland",1.37,0.09,-0.05,0.2,-0.4,-0.68,0.34,0.4,-0.4,-0.14,-0.69,0.38,-0.6,-1.21,0.08,1.02,-0.28,0.0025
"5847",5847,"Richard Dürr",1966,"Switzerland",-0.39,-0.42,-0.62,-0.67,-0.22,-0.81,-0.77,0.11,0.66,-0.4,-0.21,0.04,-0.6,-0.42,-1.04,-0.81,-0.7,-0.5225
"5848",5848,"Robert Hosp",1966,"Switzerland",-0.39,0.94,-0.62,0.86,1.54,-0.68,0.71,2.04,0.75,-0.29,-0.57,-0.62,-0.07,1.56,0.82,1.32,1.36,0.3625
"5849",5849,"Vittore Gottardi",1966,"Switzerland",-0.39,-0.35,1.09,0.96,-0.16,-0.61,-0.4,-0.49,-0.34,-0.44,-0.69,-0.62,-0.6,1.17,-0.67,0.04,-1.1,-0.1025
"5850",5850,"Werner Leimgruber",1966,"Switzerland",-0.39,-0.63,-0.62,-0.67,-1.03,-1.06,-0.03,-0.19,-0.46,-0.49,0.03,1.08,0.46,-0.42,-0.67,-0.93,-1.25,-0.475
"5851",5851,"Xavier Stierli",1966,"Switzerland",-0.39,-0.63,-0.62,-0.67,0.21,0.16,-0.77,0.4,1.08,1.35,0.03,0.38,-0.07,-0.02,-0.67,-0.57,0.56,-0.2075
"5852",5852,"Albert Shesternev",1966,"USSR",-0.39,-0.59,-0.62,-0.67,-0.73,-0.39,-0.22,-1.09,-0.31,-0.05,2.5,2.17,0.46,-0.22,-0.11,-0.93,-1.48,-0.58
"5853",5853,"Aleksey Korneev",1966,"USSR",-0.39,-0.63,-0.62,-0.67,-1.22,-1,-0.59,-1.01,-0.33,-0.7,0.33,-0.62,-0.33,-0.42,-0.67,-0.93,-2.01,-0.805
"5854",5854,"Anatoliy Banishevskiy",1966,"USSR",1.37,1.42,-0.33,2.33,-0.48,-1.06,0.71,0.11,-0.54,-0.71,-0.63,-0.62,0.46,-0.02,0.45,0.99,-0.95,-0.1425
"5855",5855,"Anzor Kavazashvili",1966,"USSR",-0.39,-0.63,-0.62,-0.67,-1.22,-0.42,-0.77,-1.09,-1.1,-1.01,-0.57,-0.62,-0.6,-1.21,-0.85,-0.8,-1.51,-0.725
"5856",5856,"Eduard Malofeev",1966,"USSR",1.37,2.14,-0.05,1.56,-0.27,-0.74,0.53,0.55,-0.68,-0.47,-0.63,-0.62,-0.07,0.18,1.75,0.97,-0.19,0.0725
"5857",5857,"Eduard Markarov",1966,"USSR",-0.39,-0.54,-0.33,-0.51,-1.34,-1.22,-0.77,-1.01,-1.01,-0.79,-0.69,-0.62,-0.6,-1.21,-0.85,-0.6,-2.23,-0.8325
"5858",5858,"Galimzian Khusainov",1966,"USSR",-0.39,0.89,1.38,0.42,-0.15,0.32,-0.03,-0.49,-0.13,-0.13,-0.09,-0.45,-0.33,1.56,0.45,0.65,-0.17,0.295
"5859",5859,"Georgij Sichinava",1966,"USSR",-0.39,-0.47,-0.05,-0.56,-0.73,-0.55,-0.59,-0.79,-0.48,-0.45,-0.57,-0.21,0.72,0.37,-1.04,-0.61,-1.34,-0.495
"5860",5860,"Igor Chislenko",1966,"USSR",1.37,0.67,1.66,0.42,-0.38,0.06,1.09,0.26,-0.5,-0.83,-0.39,-0.45,-0.33,0.37,1.57,1.78,0.32,0.7675
"5861",5861,"Josif Sabo",1966,"USSR",-0.39,0.14,0.24,-0.29,0.34,0.74,-0.22,-0.04,-0.18,0.76,0.21,0.15,0.46,1.76,0.45,0.29,0.7,0.18
"5862",5862,"Leonid Ostrovski",1966,"USSR",-0.39,-0.63,-0.62,-0.67,-1.22,-0.58,-0.77,-0.64,0.16,-0.32,-0.03,-0.62,-0.6,-0.62,-0.85,-0.8,-1.22,-0.6525
"5863",5863,"Lev Yashin",1966,"USSR",-0.39,-0.63,-0.62,-0.67,-0.25,1,-0.77,-1.09,-1.1,-1.01,-0.51,-0.62,-0.33,-1.21,-0.67,-0.93,-0.0900000000000001,-0.37
"5864",5864,"Murtaz Khurtsilava",1966,"USSR",-0.39,-0.54,-0.62,-0.67,-1.06,-0.74,-0.77,-0.86,-0.2,0.37,0.27,0.5,0.99,0.57,-0.67,-0.9,-1.6,-0.7475
"5865",5865,"Slava Metreveli",1966,"USSR",-0.39,-0.15,0.24,-0.02,-1.06,-0.84,0.34,0.11,-0.81,-0.79,-0.69,-0.62,-0.07,-0.82,0.08,-0.49,-0.73,-0.0375
"5866",5866,"Valentin Afonin",1966,"USSR",-0.39,-0.59,-0.62,-0.67,-1.34,-1.13,-0.77,-1.01,-1.01,-0.5,-0.51,-0.38,-0.6,-0.42,-0.85,-0.87,-2.14,-0.8825
"5867",5867,"Valeri Porkujan",1966,"USSR",3.12,1.15,0.24,0.37,-1.11,-0.9,-0.59,-0.49,-0.79,-1.01,-0.51,-0.45,-0.6,-0.22,-0.3,-0.14,-1.39,-0.435
"5868",5868,"Valeri Voronin",1966,"USSR",-0.39,-0.18,-0.62,-0.51,0.34,-0.07,-0.4,-0.27,0.48,-0.27,0.21,-0.33,0.99,0.97,-0.48,-0.66,-0.34,-0.34
"5869",5869,"Vasili Danilov",1966,"USSR",-0.39,-0.59,-0.62,-0.67,-0.73,-0.42,-0.4,-0.12,0.63,-0.22,0.15,-0.16,-0.07,0.18,0.08,-0.84,-0.54,-0.39
"5870",5870,"Victor Getmanov",1966,"USSR",-0.39,-0.63,-0.62,-0.67,-1.48,-1.19,-0.77,-1.01,-0.92,-0.86,-0.39,-0.62,-0.6,-0.82,-1.04,-0.93,-2.2,-0.8975
"5871",5871,"Viktor Serebrjanikov",1966,"USSR",-0.39,-0.17,-0.33,-0.34,-0.96,-0.87,-0.22,-1.01,-0.57,-0.52,-0.63,-0.62,0.46,-0.42,-0.48,-0.34,-1.88,-0.6075
"5872",5872,"Vladimir Ponomarev",1966,"USSR",-0.39,-0.59,1.09,-0.67,-0.12,0.16,-0.59,-0.79,0.63,1.25,1.3,0.97,-0.33,0.37,-0.3,0.09,-0.63,-0.0325
"5873",5873,"Domingo Pérez",1966,"Uruguay",-0.39,-0.22,2.8,1.54,0.01,-0.28,0.62,0.93,-0.99,-0.37,-0.6,-0.62,-0.2,0.87,1.47,2.29,0.65,1.0175
"5874",5874,"Horacio Troche",1966,"Uruguay",-0.39,-0.6,-0.62,-0.67,-0.66,-0.37,-0.22,-0.53,0.14,0.36,4.64,1.43,0.59,-0.91,-0.2,-0.82,-0.9,-0.435
"5875",5875,"Héctor Salva",1966,"Uruguay",-0.39,-0.47,0.67,-0.67,-1.14,-0.95,-0.77,-0.3,-1.1,-1.01,-0.69,-0.62,-0.6,-0.62,-0.48,-0.25,-1.25,-0.3375
"5876",5876,"Héctor Silva",1966,"Uruguay",-0.39,-0.09,-0.19,-0.1,-1.19,-1.19,-0.5,-0.3,-0.85,-0.81,-0.6,-0.62,-0.6,0.87,-0.76,-0.32,-1.49,-0.545
"5877",5877,"Jorge Manicera",1966,"Uruguay",-0.39,-0.57,-0.62,-0.67,-0.12,0.06,0.34,-0.75,0.1,1.29,2.92,0.52,-0.2,-0.02,0.36,-0.22,-0.69,-0.2425
"5878",5878,"José Sasía",1966,"Uruguay",-0.39,0.86,-0.62,1.29,-0.66,-0.71,0.9,-0.08,-0.99,-0.84,-0.6,-0.62,0.99,-0.02,0.08,0.76,-0.79,-0.1275
"5879",5879,"Julio Cesar Cortes",1966,"Uruguay",0.93,1.27,1.95,0.15,0.16,0.21,0.06,0.26,-0.08,-0.59,-0.24,-0.62,0.2,0.87,1.47,0.94,0.47,0.62
"5880",5880,"Ladislao Mazurkiewicz",1966,"Uruguay",-0.39,-0.63,-0.62,-0.67,0.4,1.17,-0.77,-1.09,-1.1,-1.01,-0.51,-0.62,-0.6,-1.21,-0.48,-0.93,0.0799999999999998,-0.3275
"5881",5881,"Luis Ubiñas",1966,"Uruguay",-0.39,-0.45,0.67,-0.34,0.97,1.9,1.18,2.04,0.93,0.9,1.02,0.04,0.2,2.06,-0.2,0.42,3.94,1.4475
"5882",5882,"Milton Viera",1966,"Uruguay",-0.39,-0.22,-0.62,-0.51,0.29,-0.66,-0.22,0.14,0.32,-0.11,-0.42,-0.62,-0.6,2.06,-0.48,0.16,-0.52,-0.34
"5883",5883,"Néstor Gonçalves",1966,"Uruguay",-0.39,-0.32,-0.19,-0.51,0.9,0.35,0.34,0.37,1.27,0.83,3.01,1.16,1.38,-0.02,1.75,-0.39,0.72,0.2175
"5884",5884,"Omar Caetano",1966,"Uruguay",-0.39,-0.55,-0.62,-0.51,0.42,0.74,-0.77,0.59,0.13,0.09,0.75,-0.16,-0.2,-0.62,-0.2,-0.8,1.33,-0.015
"5885",5885,"Pedro Virglio Rocha Franchetti",1966,"Uruguay",0.93,1.5,-0.62,1.37,1.07,-0.52,2.3,0.59,0.1,-0.13,-0.42,-0.62,-0.6,0.57,0.36,0.55,0.07,0.4375
"5886",5886,"Albert Brulls",1966,"West Germany",-0.39,-0.56,-0.08,-0.62,-0.76,-0.41,0.11,-0.1,-0.55,-0.5,-0.69,-0.62,-0.6,-1.02,-0.51,-0.7,-0.51,-0.12
"5887",5887,"Franz Beckenbauer",1966,"West Germany",2.94,1.78,-0.35,0.26,0.74,0.38,2.05,1.39,1.17,0.68,0.28,1.47,-0.1,0.67,0.02,1.52,1.77,0.8675
"5888",5888,"Friedel Lutz",1966,"West Germany",-0.39,-0.63,-0.62,-0.67,-1.55,-1.11,-0.77,-1.09,-1.1,-0.47,-0.52,-0.18,-0.6,-0.84,-0.86,-0.93,-2.2,-0.8975
"5889",5889,"Hans Tilkowski",1966,"West Germany",-0.39,-0.63,-0.62,-0.67,0.68,1.78,-0.77,-1.09,-1.1,-1.01,-0.58,-0.62,-0.1,-1.21,-0.34,-0.88,0.69,-0.175
"5890",5890,"Helmut Haller",1966,"West Germany",4.6,2.07,0.19,0.83,0.94,0.63,1.87,1.1,-0.03,0.18,-0.63,-0.31,-0.1,0.1,1.25,0.57,1.73,0.9475
"5891",5891,"Horst-Dieter Hottges",1966,"West Germany",-0.39,-0.53,-0.35,-0.62,-0.09,0.5,-0.6,-0.17,0.1,0.78,0.96,0.94,-0.1,0.48,0.19,-0.73,0.33,-0.155
"5892",5892,"Karl-Heinz Schnellinger",1966,"West Germany",-0.39,-0.43,-0.35,-0.46,1.04,1.27,-0.6,-0.17,1.03,1.72,1.02,0.92,2.9,0.67,0.55,0.4,1.1,0.0375
"5893",5893,"Lothar Emmerich",1966,"West Germany",0.45,0.36,0.73,0.72,-0.21,-0.07,-0.25,-0.24,-0.4,-0.52,-0.52,-0.62,0.15,-0.65,0.55,1.16,-0.31,0.0425
"5894",5894,"Siegfried Held",1966,"West Germany",0.45,1.18,2.62,1.86,0.45,0.05,1.69,2.94,-0.7,-0.54,-0.69,-0.18,-0.1,-0.09,1.43,2.98,2.99,1.825
"5895",5895,"Uwe Seeler",1966,"West Germany",1.28,3.01,-0.08,4.34,0.04,-0.65,-0.42,-0.03,-0.68,-0.01,-0.63,-0.26,2.9,-0.09,2.14,0.38,-0.68,-0.295
"5896",5896,"Werner Krämer",1966,"West Germany",-0.39,-0.63,0.46,-0.51,-1.53,-1.11,-0.6,-0.73,-1.1,-0.85,-0.69,-0.62,-0.6,-1.21,-0.34,-0.17,-1.84,-0.495
"5897",5897,"Willi Schulz",1966,"West Germany",-0.39,-0.63,-0.35,-0.67,0.49,0.41,-0.77,-0.66,1.48,0.7,2.45,3.12,0.15,0.1,-0.51,-0.6,-0.25,-0.3425
"5898",5898,"Wolfgang Overath",1966,"West Germany",-0.39,-0.12,0.73,0.05,1.82,0.87,0.11,0.26,1.64,1.49,-0.46,-0.62,-0.35,1.6,0.55,0.41,1.13,0.4925
"5899",5899,"Wolfgang Weber",1966,"West Germany",0.45,-0.16,-0.62,-0.41,-0.55,-0.41,-0.6,-0.52,0.17,1.77,2.05,0.46,1.65,-0.09,1.25,-0.86,-0.93,-0.5375
