CASEID,CATI_ID,SURVEY_ITERATION,SAMPLE,GW_BELIEF,BELIEVER_CAUSE,BELIEVER_CONFIDENCE,BELIEVER_FACTOR_ALGORE,BELIEVER_FACTOR_DROUGHTS,BELIEVER_FACTOR_EXTREMES,BELIEVER_FACTOR_GLACIERS,BELIEVER_FACTOR_HURRICANE,BELIEVER_FACTOR_MILDWINT,BELIEVER_FACTOR_MODELS,BELIEVER_FACTOR_OPEN,BELIEVER_FACTOR_OPEN_CODED,BELIEVER_FACTOR_POLARBRS,BELIEVER_FACTOR_WARMER,BELIEVER_IMMEDIACY,BELIEVER_PROBLEM,NONBELIEVER_CONFIDENCE,NONBELIEVER_FACTOR_DISTORT,NONBELIEVER_FACTOR_OPEN,NONBELIEVER_FACTOR_OPEN_CODED,NONBELIEVER_FACTOR_SCIEVID,NONBELIEVER_FACTOR_WEATH,GW_EARTHTOOBIG,GW_KNOWLEDGE,GW_MEDIAOVERSTATE,GW_NATTREND,GW_NOEVIDENCE,GW_SCIOVERSTATE,CAPTRADE_GOVT_V3,COAL_LEAVINGROUND,CPP_ACTION_V2,FED_MORALOBLIGATION,FRACKING_EFFECT_ECONOMY,FRACKING_EFFECT_ENVIRONMENT,FRACKING_EFFECT_PUBHEALTH,FRACKING_HEARDOF,FRACKING_POSNEGTERM,FRACKING_RISKS,FRACKING_SUPPORT,GOVT_FED,GOVT_LOCAL,GOVT_NOSTATEACTION,GOVT_STATE,NATGAS_MYSTATE_CPP,RELIGION_ENCYC_BELIEF,RELIGION_ENCYC_POPE_OPIN,RELIGION_ENCYC_SUPPORT,RELIGION_GOVTACTION,RELIGION_GOVTACTIONEXPLAIN,RELIGION_LEADERSDISCUSS,SCIENCE_TRUST,SOLAR_MYSTATE_CPP,STATE_CAPTRADE,STATE_CAPTRADE_MYSTATE_V1_CPP,STATE_CLEANCOAL,STATE_EE,STATE_EE_MYSTATE_CPP_V2,STATE_ETHANOL,STATE_FFTAX,STATE_GASTAX,STATE_HYBRIDS,STATE_IMPACTSFELT,STATE_NEIGHBORSACT,STATE_NUCLEAR,STATE_RPS_ECONOMY,STATE_RPS_KNOWLEDGE,STATE_RPS_NEIGHBR,STATE_RPS_V1,STATE_SPRAWL,STATE_VEHICLES_V1,STATE_VEHICLES_V2,PLACEMENT_Q20,WEATHER_PASTSUMMER_V3,VERSION_WILLING2PAY,WILLING2PAY_GHG,WILLING2PAY_LIST,WIND_MYSTATE_CPP,WOLDVIEWS_FREEMARKET,DEMOG_AGE_LIST,DEMOG_AGE_OPEN,DEMOG_EDU,DEMOG_GENDER,DEMOG_INCOME,DEMOG_NEWS,DEMOG_POLPARTY,DEMOG_POLVIEWS,DEMOG_RACE,DEMOG_RELIG,DEMOG_RELIG_EVANG,DEMOG_STATE,REGION,DEMOG_ZIP3,WEIGHT,AGEWEIGHT,EDWEIGHT,GENWEIGHT,RACEWEIGHT
1,1,FALL2015,2,1,1,1, ,1,1,1,2,1,3,MORE STORMS,3,2,1, , ,-9,-9, ,-9,-9,-9, ,2, , , , ,2,1,2,1,2,2,2,5,2,1,2, , , , ,4,98,5,98,4, ,4,1,1, ,1, , ,1, , , , , , , , , , , , , , ,3,1,1,-9,3,1,1,3, ,4,2,3,1,4,5,1,6,-9,FL,2,Masked,0.9, , , , 
2,2,FALL2015,2,1,1,1, ,1,2,1,2,4,1,WHAT I AM HEARING,6,2,1, , ,-9,-9, ,-9,-9,-9, ,2, , , , ,98,98,98,98,98,98,98,98,98,98,98, , , , ,98,98,98,98,4, ,4,2,1, ,98, , ,1, , , , , , , , , , , , , , ,3,2,1,-9,2,1,98,2, ,2,1,99,1,1,2,1,1,2,CA,4,Masked,1.05, , , , 
3,3,FALL2015,2,2,-9,-9, ,-9,-9,-9,-9,-9,-9, ,-9,-9,-9, , ,2,4,SAME AS ALWAYS,1,4,2, ,2, , , , ,3,2,1,1,98,2,98,5,2,3,4, , , , ,1,3,5,98,1, ,1,3,1, ,98, , ,2, , , , , , , , , , , , , , ,3,2,1,-9,98,1,98,4, ,4,2,1,1,1,2,1,6,-9,IL,3,Masked,0.88, , , , 
4,4,FALL2015,2,1,1,1, ,1,1,1,3,98,1,PLANTS OPENING EARLIER AND BIRDS SEEN TOO EARLY,14,1,1, , ,-9,-9, ,-9,-9,-9, ,1, , , , ,3,1,1,1,1,2,2,5,2,98,2, , , , ,2,3,1,1,4, ,1,1,1, ,1, , ,1, , , , , , , , , , , , , , ,3,1,1,-9,3,2,1,4, ,4,2,6,5,4,4,1,6,-9,MA,1,Masked,0.58, , , , 
5,5,FALL2015,2,1,98,1, ,1,1,3,1,1,2,WARMER TEMPERATURES,2,3,1, , ,-9,-9, ,-9,-9,-9, ,2, , , , ,98,2,98,98,98,98,98,98,98,98,98, , , , ,98,3,5,4,4, ,98,2,1, ,98, , ,2, , , , , , , , , , , , , , ,3,1,1,-9,98,98,98,2, ,2,2,99,1,99,98,1,99,-9,CA,4,Masked,1.28, , , , 
6,6,FALL2015,2,1,2,1, ,2,1,2,2,4,4,HOT SUMMERS AND COLDER WINTERS,2,4,1, , ,-9,-9, ,-9,-9,-9, ,2, , , , ,3,2,1,2,2,2,2,3,2,3,2, , , , ,98,1,5,1,2, ,2,2,2, ,2, , ,1, , , , , , , , , , , , , , ,3,4,1,-9,3,2,3,4, ,4,2,4,1,1,2,1,2,-9,NC,2, ,0.73, , , , 
7,7,FALL2015,2,1,2,2, ,3,3,2,3,3,98,GLACIERS MELTING,1,98,3, , ,-9,-9, ,-9,-9,-9, ,2, , , , ,3,1,2,1,98,2,98,3,2,1,3, , , , ,1,98,5,1,4, ,4,1,1, ,98, , ,1, , , , , , , , , , , , , , ,3,1,1,-9,2,1,1,4, ,3,1,2,1,1,3,1,98,-9,FL,2,Masked,0.75, , , , 
8,8,FALL2015,2,1,3,2, ,2,1,1,3,4,1,HISTORY,10,1,4, , ,-9,-9, ,-9,-9,-9, ,1, , , , ,98,1,1,1,2,2,2,5,2,1,4, , , , ,2,3,1,1,2, ,1,98,1, ,98, , ,1, , , , , , , , , , , , , , ,3,5,1,-9,2,1,2,4, ,4,2,5,5,4,3,1,1,98,CA,4,Masked,0.61, , , , 
9,9,FALL2015,2,1,2,2, ,2,4,2,3,4,2,CYCLE OF THE WEATHER,9,4,2, , ,-9,-9, ,-9,-9,-9, ,2, , , , ,1,1,1,1,1,3,98,3,3,3,2, , , , ,1,1,1,1,4, ,4,1,1, ,1, , ,1, , , , , , , , , , , , , , ,3,5,1,-9,4,1,1,1, ,4,1,5,5,2,3,1,1,2,CT,1,Masked,0.83, , , , 
10,10,FALL2015,2,2,-9,-9, ,-9,-9,-9,-9,-9,-9, ,-9,-9,-9, , ,2,1,DATA,5,2,2, ,2, , , , ,98,2,4,4,98,98,98,2,3,3,2, , , , ,98,3,3,2,2, ,2,3,98, ,4, , ,3, , , , , , , , , , , , , , ,3,3,1,-9,1,98,2,3, ,4,2,99,1,1,3,1,1,2,MN,3,Masked,0.8, , , , 
11,11,FALL2015,2,1,1,1, ,1,1,2,1,3,3,INCREASING TEMPERATURES,2,2,1, , ,-9,-9, ,-9,-9,-9, ,2, , , , ,3,1,2,1,1,1,1,3,2,1,2, , , , ,1,3,5,4,1, ,1,2,98, ,2, , ,2, , , , , , , , , , , , , , ,3,1,1,-9,3,4,2,4, ,5,2,6,1,1,2,2,6,-9,MD,2,Masked,1.15, , , , 
12,12,FALL2015,2,1,1,1, ,1,1,1,2,1,4,WAY MORE SUNNY HOT DAYS THAN NORMAL,2,1,1, , ,-9,-9, ,-9,-9,-9, ,1, , , , ,98,1,1,1,1,2,2,5,2,3,4, , , , ,4,98,2,1,4, ,4,1,2, ,4, , ,1, , , , , , , , , , , , , , ,3,1,1,-9,4,1,1,3, ,4,2,4,4,3,3,1,1,2,CA,4,Masked,0.85, , , , 
13,13,FALL2015,2,1,1,98, ,2,2,2,3,4,98,UNUSUAL JUNE TEMPERATURES AND RECENT WEATHER IN LOCAL AREA,3,4,1, , ,-9,-9, ,-9,-9,-9, ,2, , , , ,2,2,1,2,98,98,98,98,98,98,2, , , , ,2,1,2,2,4, ,2,98,2, ,98, , ,2, , , , , , , , , , , , , , ,3,2,1,-9,3,2,2,4, ,5,1,3,2,2,3,1,2,-9,SC,2,Masked,0.52, , , , 
14,14,FALL2015,2,2,-9,-9, ,-9,-9,-9,-9,-9,-9, ,-9,-9,-9, , ,1,4,POLITICIANS JUST MAKING MONEY ON THIS IT IS NOT REAL,7,4,1, ,1, , , , ,1,2,1,4,1,1,3,4,1,3,1, , , , ,1,2,3,2,99, ,4,4,1, ,4, , ,1, , , , , , , , , , , , , , ,3,2,1,-9,99,1,4,3, ,2,1,99,1,1,1,1,1,2,NY,1,Masked,0.67, , , , 
15,15,FALL2015,2,1,1,1, ,1,1,1,1,2,1,STUDIES,4,1,1, , ,-9,-9, ,-9,-9,-9, ,1, , , , ,3,1,2,1,3,2,2,4,2,1,4, , , , ,2,1,5,1,3, ,1,1,1, ,1, , ,1, , , , , , , , , , , , , , ,3,1,1,-9,3,1,1,2, ,3,2,4,1,1,4,1,2,-9,IA,3,Masked,1.38, , , , 
16,16,FALL2015,2,1,1,1, ,1,1,1,1,2,3,WARMER WINTERS,2,1,1, , ,-9,-9, ,-9,-9,-9, ,2, , , , ,2,1,2,1,1,2,2,2,3,1,1, , , , ,1,1,1,1,4, ,1,1,1, ,2, , ,1, , , , , , , , , , , , , , ,3,1,1,-9,3,1,3,4, ,2,2,4,1,4,1,1,2,-9,IL,3,Masked,0.83, , , , 
17,17,FALL2015,2,98,-9,-9, ,-9,-9,-9,-9,-9,-9, ,-9,-9,-9, , ,-9,-9, ,-9,-9,-9, ,2, , , , ,3,1,1,2,2,2,2,2,2,3,4, , , , ,2,3,3,3,2, ,2,3,2, ,3, , ,2, , , , , , , , , , , , , , ,3,5,1,-9,1,98,2,4, ,2,2,2,1,1,3,1,1,2,IL,3,Masked,0.93, , , , 
18,18,FALL2015,2,1,1,1, ,1,1,1,1,1,4,POLLUTION,8,1,1, , ,-9,-9, ,-9,-9,-9, ,3, , , , ,99,1,1,1,1,2,2,4,2,3,4, , , , ,4,98,2,1,4, ,2,2,1, ,4, , ,1, , , , , , , , , , , , , , ,3,5,1,-9,3,1,1,3, ,4,1,3,1,1,3,2,1,2,MA,1,Masked,1.27, , , , 
19,19,FALL2015,2,1,1,2, ,2,2,2,2,2,2,STORMS AND GLACIERS ARE SLOWLY MELTING,3,2,2, , ,-9,-9, ,-9,-9,-9, ,2, , , , ,3,98,98,3,1,98,98,2,1,98,2, , , , ,1,3,2,98,3, ,98,2,2, ,98, , ,2, , , , , , , , , , , , , , ,3,5,1,-9,2,2,2,4, ,2,2,99,1,1,2,1,1,1,MO,3,Masked,0.78, , , , 
20,20,FALL2015,2,1,3,1, ,2,2,3,3,3,4,GLACIERS MELTING,1,2,1, , ,-9,-9, ,-9,-9,-9, ,2, , , , ,1,98,1,2,1,1,3,4,1,98,2, , , , ,2,3,2,2,99, ,2,2,1, ,1, , ,3, , , , , , , , , , , , , , ,3,2,1,-9,1,1,2,4, ,2,2,99,1,2,3,1,2,-9,MI,3,Masked,0.78, , , , 
21,21,FALL2015,2,2,-9,-9, ,-9,-9,-9,-9,-9,-9, ,-9,-9,-9, , ,2,2,NO PROOF,3,4,2, ,2, , , , ,98,2,3,4,1,3,3,4,3,3,1, , , , ,1,3,3,3,4, ,4,3,4, ,4, , ,4, , , , , , , , , , , , , , ,3,5,1,-9,1,4,4,3, ,5,1,99,6,4,1,99,99,-9,PA,1,Masked,0.69, , , , 
22,22,FALL2015,2,98,-9,-9, ,-9,-9,-9,-9,-9,-9, ,-9,-9,-9, , ,-9,-9, ,-9,-9,-9, ,2, , , , ,3,2,1,2,1,98,98,4,2,3,2, , , , ,1,3,5,2,4, ,2,2,2, ,4, , ,2, , , , , , , , , , , , , , ,3,2,1,-9,2,2,3,2, ,4,1,2,1,4,3,1,2,-9,AR,2,Masked,1.1, , , , 
23,23,FALL2015,2,1,2,1, ,4,4,4,4,4,4,LONG TERM WEATHER PATTERNS,3,4,4, , ,-9,-9, ,-9,-9,-9, ,3, , , , ,1,2,1,3,2,2,2,5,3,3,2, , , , ,4,98,1,1,4, ,4,3,1, ,4, , ,1, , , , , , , , , , , , , , ,3,5,1,-9,4,1,4,4, ,4,1,4,2,2,3,1,2,-9,PA,1,Masked,0.5, , , , 
24,24,FALL2015,2,2,-9,-9, ,-9,-9,-9,-9,-9,-9, ,-9,-9,-9, , ,1,4,SOME SUMMERS ARE HOT AND SOME ARE NOT,3,4,4, ,2, , , , ,2,2,1,4,98,98,98,2,98,98,2, , , , ,1,3,5,4,4, ,4,4,1, ,2, , ,1, , , , , , , , , , , , , , ,3,2,1,-9,1,1,3,2, ,3,1,4,5,2,2,5,7,-9,NY,1,Masked,1.3, , , , 
25,25,FALL2015,2,98,-9,-9, ,-9,-9,-9,-9,-9,-9, ,-9,-9,-9, , ,-9,-9, ,-9,-9,-9, ,2, , , , ,3,1,1,2,2,2,2,2,2,3,3, , , , ,3,3,5,98,2, ,2,3,2, ,3, , ,2, , , , , , , , , , , , , , ,3,1,1,-9,1,2,2,4, ,3,2,2,1,4,3,1,1,2,FL,2,Masked,0.98, , , , 
26,26,FALL2015,2,1,2,3, ,4,2,4,4,4,4,FOSSIL FUEL,8,2,4, , ,-9,-9, ,-9,-9,-9, ,2, , , , ,2,1,1,4,98,98,98,1,2,98,98, , , , ,3,99,99,99,3, ,3,2,2, ,4, , ,2, , , , , , , , , , , , , , ,3,5,1,-9,2,2,3,1, ,3,2,99,5,99,5,5,5,-9,IL,3, ,1.43, , , , 
27,27,FALL2015,2,1,1,1, ,1,1,1,1,2,2,UNPREDICTABLE WEATHER PATTERNS,3,1,1, , ,-9,-9, ,-9,-9,-9, ,1, , , , ,2,1,2,1,1,2,2,2,2,1,98, , , , ,1,98,5,1,4, ,4,1,1, ,2, , ,1, , , , , , , , , , , , , , ,3,1,1,-9,4,1,2,1, ,3,2,3,5,4,5,1,6,-9,MO,3,Masked,1.38, , , , 
28,28,FALL2015,2,1,1,1, ,1,1,1,2,3,2,SUMMERS HOTTER THEN NORMAL,2,2,1, , ,-9,-9, ,-9,-9,-9, ,3, , , , ,98,1,98,2,98,98,98,1,98,98,98, , , , ,98,3,2,2,3, ,2,2,2, ,98, , ,2, , , , , , , , , , , , , , ,3,1,1,-9,2,2,2,2, ,3,2,99,1,1,3,4,2,-9,NY,1,Masked,1.48, , , , 
29,29,FALL2015,2,2,-9,-9, ,-9,-9,-9,-9,-9,-9, ,-9,-9,-9, , ,1,4,OVERALL HISTORY OF WEATER PATTERNS,2,4,4, ,1, , , , ,1,2,1,4,3,3,3,5,98,3,2, , , , ,1,3,5,4,99, ,99,4,1, ,4, , ,4, , , , , , , , , , , , , , ,3,5,1,-9,1,1,4,3, ,2,1,6,3,4,2,1,1,1,AR,2,Masked,0.57, , , , 
30,30,FALL2015,2,98,-9,-9, ,-9,-9,-9,-9,-9,-9, ,-9,-9,-9, , ,-9,-9, ,-9,-9,-9, ,3, , , , ,98,1,1,1,98,98,98,2,3,98,98, , , , ,1,3,5,1,4, ,98,1,1, ,98, , ,1, , , , , , , , , , , , , , ,3,4,1,-9,2,1,98,3, ,5,2,99,1,99,3,1,99,-9,NV,4, ,0.77, , , , 
31,31,FALL2015,2,1,1,1, ,2,1,2,2,1,2,COOLER WEATHER,3,2,1, , ,-9,-9, ,-9,-9,-9, ,2, , , , ,3,1,4,1,1,1,1,5,2,1,4, , , , ,1,3,5,4,3, ,1,2,1, ,98, , ,2, , , , , , , , , , , , , , ,3,3,1,-9,6,1,1,3, ,1,1,1,1,1,3,1,98,-9,OH,3,Masked,0.92, , , , 
32,32,FALL2015,2,1,1,1, ,1,1,2,1,2,2,MORE ERRATIC STORMS,3,2,1, , ,-9,-9, ,-9,-9,-9, ,3, , , , ,2,2,2,1,1,2,2,1,2,2,2, , , , ,1,1,2,1,1, ,3,2,1, ,2, , ,1, , , , , , , , , , , , , , ,3,2,1,-9,2,1,2,4, ,2,2,3,1,1,1,1,1,2,MO,3,Masked,0.88, , , , 
33,33,FALL2015,2,1,98,2, ,2,2,2,4,4,4,CHANGE IN THE ATMOSPHERE,10,4,2, , ,-9,-9, ,-9,-9,-9, ,3, , , , ,1,2,1,4,98,98,98,1,2,3,98, , , , ,3,3,5,3,1, ,1,3,1, ,4, , ,2, , , , , , , , , , , , , , ,3,2,1,-9,1,1,4,4, ,3,2,99,2,1,3,2,1,2,OH,3,Masked,1.43, , , , 
34,34,FALL2015,2,1,3,2, ,1,1,1,2,4,2,USE OF FOSSIL FUELS,8,2,2, , ,-9,-9, ,-9,-9,-9, ,1, , , , ,98,1,98,1,2,2,2,5,2,1,4, , , , ,3,3,2,1,4, ,1,1,1, ,4, , ,1, , , , , , , , , , , , , , ,3,2,1,-9,6,1,1,2, ,4,1,5,4,4,3,2,1,2,NY,1,Masked,1.48, , , , 
35,35,FALL2015,2,1,3,1, ,1,1,3,4,3,3,GETS HOTTER EVERY YEAR,2,3,1, , ,-9,-9, ,-9,-9,-9, ,3, , , , ,3,1,1,2,2,2,2,3,2,3,3, , , , ,2,1,2,4,2, ,2,3,2, ,4, , ,1, , , , , , , , , , , , , , ,3,1,1,-9,1,2,2,4, ,2,1,2,1,4,3,1,1,2,WV,2,Masked,0.7, , , , 
36,36,FALL2015,2,1,3,1, ,4,4,1,4,4,2,ICE MELT,1,2,4, , ,-9,-9, ,-9,-9,-9, ,2, , , , ,3,1,2,2,2,2,2,5,2,1,4, , , , ,3,3,5,2,4, ,4,2,2, ,3, , ,2, , , , , , , , , , , , , , ,3,5,1,-9,1,1,2,3, ,2,1,1,98,4,3,1,98,-9,NY,1,Masked,0.87, , , , 
37,37,FALL2015,2,2,-9,-9, ,-9,-9,-9,-9,-9,-9, ,-9,-9,-9, , ,4,2,JUST NOT INTO IT,8,4,4, ,3, , , , ,98,98,98,98,1,98,98,1,98,98,98, , , , ,98,3,5,4,4, ,4,3,2, ,98, , ,2, , , , , , , , , , , , , , ,3,4,1,-9,1,4,98,4, ,2,2,3,1,4,2,1,2,-9,RI,1,Masked,0.88, , , , 
38,38,FALL2015,2,2,-9,-9, ,-9,-9,-9,-9,-9,-9, ,-9,-9,-9, , ,2,98,WE HAVE WARMER WINTERS IF IT WAS HAPPENING,3,98,1, ,4, , , , ,98,1,1,2,98,98,98,1,3,98,98, , , , ,2,3,5,4,4, ,4,4,2, ,98, , ,1, , , , , , , , , , , , , , ,3,1,1,-9,1,2,1,4, ,2,2,6,1,2,5,1,2,-9,IL,3,Masked,0.68, , , , 
39,39,FALL2015,2,1,3,1, ,1,1,4,1,1,1,"HOTTER WEATHER, POLLUTION",2,3,4, , ,-9,-9, ,-9,-9,-9, ,3, , , , ,2,1,1,1,2,2,2,5,2,3,1, , , , ,4,3,1,1,4, ,4,2,1, ,4, , ,1, , , , , , , , , , , , , , ,3,98,1,-9,3,1,1,3, ,4,2,4,4,2,3,3,2,-9,NY,1,Masked,2.2, , , , 
40,40,FALL2015,2,1,1,2, ,3,2,1,4,4,2,CARBON EMISSIONS,8,2,3, , ,-9,-9, ,-9,-9,-9, ,1, , , , ,3,1,2,1,1,2,2,5,3,3,2, , , , ,1,3,5,1,4, ,4,1,1, ,98, , ,1, , , , , , , , , , , , , , ,3,2,1,-9,4,1,4,4, ,5,1,4,1,2,3,1,1,2,GA,2,Masked,0.47, , , , 
41,41,FALL2015,2,1,1,1, ,1,1,1,1,1,2,MORE PEOPLE COMPOUND THE PROBLEM,8,1,1, , ,-9,-9, ,-9,-9,-9, ,1, , , , ,2,1,1,1,1,2,2,3,2,2,4, , , , ,1,1,5,1,4, ,4,2,1, ,1, , ,1, , , , , , , , , , , , , , ,3,1,1,-9,3,1,2,3, ,4,2,3,4,4,3,1,6,-9,MT,4,Masked,0.9, , , , 
42,42,FALL2015,2,1,1,1, ,1,1,1,1,2,2,LARGER STORMS AND FLOODING,3,1,1, , ,-9,-9, ,-9,-9,-9, ,3, , , , ,2,1,2,1,1,2,1,2,2,1,2, , , , ,1,1,5,1,4, ,4,2,1, ,2, , ,1, , , , , , , , , , , , , , ,3,1,1,-9,3,1,2,4, ,1,2,3,1,2,3,1,1,1,TX,2,Masked,0.93, , , , 
43,43,FALL2015,2,98,-9,-9, ,-9,-9,-9,-9,-9,-9, ,-9,-9,-9, , ,-9,-9, ,-9,-9,-9, ,1, , , , ,2,1,1,4,3,3,3,5,3,2,2, , , , ,98,3,4,4,4, ,4,4,1, ,98, , ,2, , , , , , , , , , , , , , ,3,2,2,3,-9,1,2,4, ,4,2,2,5,2,1,1,1,2,CA,4,Masked,0.83, , , , 
44,44,FALL2015,2,1,98,1, ,2,2,1,98,2,1,POLES MELTING,1,2,1, , ,-9,-9, ,-9,-9,-9, ,2, , , , ,98,1,98,98,2,98,98,4,98,98,4, , , , ,98,3,5,2,4, ,4,1,1, ,98, , ,1, , , , , , , , , , , , , , ,3,1,2,98,-9,1,98,4, ,4,1,99,1,1,3,1,1,2,OR,4, ,0.45, , , , 
45,45,FALL2015,2,1,2,2, ,2,4,4,4,4,3,WHAT I HEARD IN THE MEDIA,6,2,3, , ,-9,-9, ,-9,-9,-9, ,2, , , , ,3,1,4,2,1,2,98,4,1,3,1, , , , ,2,3,5,1,1, ,1,1,1, ,2, , ,1, , , , , , , , , , , , , , ,3,1,2,6,-9,1,1,3, ,5,1,6,2,1,4,1,1,2,AR,2,Masked,0.44, , , , 
46,46,FALL2015,2,2,-9,-9, ,-9,-9,-9,-9,-9,-9, ,-9,-9,-9, , ,1,98,JUST NOT HAPPENING,8,2,1, ,4, , , , ,1,1,1,2,1,1,3,3,1,98,2, , , , ,2,3,98,98,2, ,2,3,1, ,2, , ,2, , , , , , , , , , , , , , ,3,2,2,1,-9,1,2,3, ,2,1,99,1,99,99,3,99,-9,CA,4,Masked,2.02, , , , 
47,47,FALL2015,1,98,-9,-9, ,-9,-9,-9,-9,-9,-9, ,-9,-9,-9, , ,-9,-9, ,-9,-9,-9, ,2, , , , ,98,98,98,2,3,1,1,1,3,98,2, , , , ,98,3,5,2,4, ,2,2,1, ,98, , ,2, , , , , , , , , , , , , , ,3,2,1,-9,3,2,2,4, ,4,1,5,1,1,3,1,1,2,NC,2,Masked,0.38, , , , 
48,48,FALL2015,1,98,-9,-9, ,-9,-9,-9,-9,-9,-9, ,-9,-9,-9, , ,-9,-9, ,-9,-9,-9, ,2, , , , ,98,98,1,1,2,2,2,2,2,1,4, , , , ,2,3,5,98,4, ,1,2,1, ,98, , ,1, , , , , , , , , , , , , , ,3,98,1,-9,4,1,4,1, ,5,2,2,4,1,5,1,6,-9,FL,2,Masked,1.25, , , , 
49,49,FALL2015,1,1,1,2, ,3,2,1,2,3,4,POLAR ICE,1,2,4, , ,-9,-9, ,-9,-9,-9, ,2, , , , ,3,1,98,1,1,2,2,2,2,1,3, , , , ,98,3,1,1,4, ,98,2,1, ,98, , ,1, , , , , , , , , , , , , , ,3,98,1,-9,5,1,1,5, ,5,2,5,4,1,4,1,3,-9,NY,1,Masked,0.78, , , , 
50,50,FALL2015,1,1,2,1, ,3,2,1,2,1,3,"THIS YEAR WAY TOO HOT, NEVER EXPERIENCED ANYTHING LIKE THIS",2,2,1, , ,-9,-9, ,-9,-9,-9, ,2, , , , ,98,98,3,3,98,98,98,98,98,98,98, , , , ,98,3,5,4,4, ,4,98,2, ,98, , ,4, , , , , , , , , , , , , , ,3,1,1,-9,1,3,98,3, ,2,2,99,1,1,3,1,2,-9,TX,2,Masked,0.9, , , , 
51,51,FALL2015,1,1,3,1, ,1,1,1,1,1,1,SEEMS A LOT HOTTER,2,2,2, , ,-9,-9, ,-9,-9,-9, ,2, , , , ,3,1,1,2,98,98,98,98,98,98,98, , , , ,3,98,98,98,4, ,2,1,1, ,2, , ,3, , , , , , , , , , , , , , ,3,2,1,-9,6,2,4,1, ,2,2,99,5,2,2,1,2,-9,TN,2,Masked,1.23, , , , 
52,52,FALL2015,1,1,2,1, ,1,1,3,3,2,4,FACTS,4,4,3, , ,-9,-9, ,-9,-9,-9, ,1, , , , ,2,1,1,2,1,3,3,1,1,3,1, , , , ,1,3,5,3,4, ,4,1,3, ,1, , ,1, , , , , , , , , , , , , , ,3,1,1,-9,2,2,2,1, ,3,1,4,5,1,3,1,2,-9,TX,2,Masked,1.1, , , , 
53,53,FALL2015,1,1,2,1, ,2,2,2,1,3,1,POLLUTION,8,98,1, , ,-9,-9, ,-9,-9,-9, ,1, , , , ,98,1,98,1,1,2,2,3,2,3,2, , , , ,3,1,5,4,4, ,4,2,1, ,4, , ,1, , , , , , , , , , , , , , ,3,1,1,-9,1,1,1,2, ,4,1,2,1,3,3,2,2,-9,GA,2,Masked,1.7, , , , 
54,54,FALL2015,1,1,2,2, ,3,4,2,4,4,4,SCIENTISTS,4,1,3, , ,-9,-9, ,-9,-9,-9, ,2, , , , ,2,1,1,1,3,98,3,2,3,3,98, , , , ,2,3,5,2,4, ,3,1,1, ,98, , ,2, , , , , , , , , , , , , , ,3,5,1,-9,2,1,3,4, ,5,2,99,5,2,2,1,3,-9,NY,1, ,0.65, , , , 
55,55,FALL2015,1,1,1,1, ,1,1,1,1,1,2,WARMER WINTERS,2,1,1, , ,-9,-9, ,-9,-9,-9, ,2, , , , ,2,1,3,1,2,2,2,2,2,1,2, , , , ,1,1,5,1,4, ,4,2,1, ,3, , ,1, , , , , , , , , , , , , , ,3,1,1,-9,3,2,2,1, ,4,2,4,1,1,2,2,1,2,DC,2, ,1.78, , , , 
56,56,FALL2015,1,1,1,2, ,2,1,2,1,1,2,EVERTHING,10,1,1, , ,-9,-9, ,-9,-9,-9, ,2, , , , ,3,98,98,2,98,98,98,3,3,3,98, , , , ,1,1,5,1,3, ,2,2,1, ,98, , ,98, , , , , , , , , , , , , , ,3,1,1,-9,98,1,1,3, ,2,2,2,5,98,3,1,6,-9,CA,4,Masked,1.05, , , , 
57,57,FALL2015,1,1,1,1, ,1,1,1,1,1,2,DESTROYING THE EARTH,10,1,1, , ,-9,-9, ,-9,-9,-9, ,1, , , , ,3,1,1,1,98,2,2,5,2,3,4, , , , ,1,3,5,1,4, ,3,1,1, ,1, , ,1, , , , , , , , , , , , , , ,3,1,1,-9,4,1,3,2, ,5,2,6,6,1,3,5,6,-9,MD,2,Masked,1.2, , , , 
58,58,FALL2015,1,1,1,1, ,1,3,2,2,1,4,GLACIERS MELTING,1,2,3, , ,-9,-9, ,-9,-9,-9, ,1, , , , ,98,98,98,1,98,98,98,98,98,98,98, , , , ,1,3,2,1,2, ,1,2,2, ,98, , ,2, , , , , , , , , , , , , , ,3,1,1,-9,98,2,98,1, ,3,2,99,5,2,3,1,6,-9,WA,4, ,1.28, , , , 
59,59,FALL2015,1,2,-9,-9, ,-9,-9,-9,-9,-9,-9, ,-9,-9,-9, , ,1,2,CYCLES,2,2,1, ,1, , , , ,98,2,3,4,1,3,3,5,3,2,2, , , , ,1,3,5,4,98, ,98,1,1, ,4, , ,4, , , , , , , , , , , , , , ,3,5,1,-9,2,1,1,4, ,5,2,6,1,98,3,1,1,2,TX,2,Masked,0.55, , , , 
60,60,FALL2015,1,2,-9,-9, ,-9,-9,-9,-9,-9,-9, ,-9,-9,-9, , ,1,2,FROM WHAT HE WAS TAUGHT,9,2,4, ,2, , , , ,1,2,98,4,1,1,2,4,1,2,1, , , , ,4,3,5,4,4, ,4,4,4, ,98, , ,2, , , , , , , , , , , , , , ,3,5,1,-9,1,4,2,4, ,1,1,1,1,2,1,1,6,-9,TX,2,Masked,0.8, , , , 
61,61,FALL2015,1,1,1,1, ,1,1,1,1,2,1,WE ARE GETTING CLOSER TO THE SUN,10,1,1, , ,-9,-9, ,-9,-9,-9, ,4, , , , ,2,2,2,1,1,2,2,1,2,1,1, , , , ,2,1,1,98,4, ,4,2,1, ,2, , ,1, , , , , , , , , , , , , , ,3,1,1,-9,3,1,2,2, ,1,1,3,1,2,1,3,3,-9,AL,2,Masked,2.55, , , , 
62,62,FALL2015,1,1,1,1, ,1,1,1,1,1,2,TEMPERATURES,3,1,1, , ,-9,-9, ,-9,-9,-9, ,2, , , , ,3,1,1,1,98,2,2,1,3,3,4, , , , ,1,3,2,1,4, ,2,3,1, ,1, , ,1, , , , , , , , , , , , , , ,3,3,1,-9,3,1,1,2, ,2,1,3,1,4,3,2,6,-9,MO,3,Masked,1.75, , , , 
63,63,FALL2015,1,1,1,1, ,1,1,1,1,1,2,MORE WEATHER EXTREMES,3,1,1, , ,-9,-9, ,-9,-9,-9, ,2, , , , ,2,1,2,1,2,2,2,1,2,98,98, , , , ,1,1,5,1,4, ,4,2,1, ,1, , ,1, , , , , , , , , , , , , , ,3,1,1,-9,4,1,3,1, ,2,2,3,5,4,3,1,6,-9,TX,2,Masked,1.33, , , , 
64,64,FALL2015,1,1,1,2, ,1,3,4,2,4,4,GLOBAL WARMING,2,1,4, , ,-9,-9, ,-9,-9,-9, ,2, , , , ,98,98,98,98,98,98,98,98,98,98,98, , , , ,98,3,5,3,4, ,2,2,98, ,98, , ,98, , , , , , , , , , , , , , ,3,5,1,-9,98,98,98,1, ,3,2,99,5,1,2,1,6,-9,IN,3, ,1.28, , , , 
65,65,FALL2015,1,1,2,1, ,2,3,1,2,2,4,ALASKA IS MELTING,1,4,4, , ,-9,-9, ,-9,-9,-9, ,2, , , , ,3,1,1,1,1,98,3,2,3,3,98, , , , ,2,1,5,1,4, ,2,2,1, ,1, , ,1, , , , , , , , , , , , , , ,3,4,1,-9,1,1,3,3, ,4,2,2,2,4,3,1,2,-9,IN,3,Masked,0.95, , , , 
66,66,FALL2015,1,1,1,1, ,1,1,2,1,2,3,EMMISIONS,8,1,3, , ,-9,-9, ,-9,-9,-9, ,3, , , , ,3,1,2,1,3,2,2,5,3,1,4, , , , ,3,3,2,2,4, ,98,1,1, ,1, , ,1, , , , , , , , , , , , , , ,3,3,1,-9,98,1,2,2, ,5,1,6,5,1,4,4,6,-9,MA,1,Masked,0.97, , , , 
67,67,FALL2015,1,1,3,1, ,1,1,1,2,1,2,SMOG,10,1,2, , ,-9,-9, ,-9,-9,-9, ,1, , , , ,3,1,1,1,3,2,3,98,3,3,3, , , , ,4,98,98,98,4, ,98,1,1, ,3, , ,1, , , , , , , , , , , , , , ,3,1,1,-9,3,1,98,3, ,4,1,5,1,1,3,5,2,-9,CA,4,Masked,0.65, , , , 
68,68,FALL2015,1,1,1,1, ,1,1,1,1,2,2,MELTING GLACIERS,1,1,2, , ,-9,-9, ,-9,-9,-9, ,2, , , , ,2,2,2,1,1,2,2,2,3,2,2, , , , ,1,1,1,1,4, ,4,2,1, ,3, , ,1, , , , , , , , , , , , , , ,3,1,1,-9,3,1,2,3, ,4,2,2,1,4,3,5,6,-9,HI,4,Masked,1.1, , , , 
69,69,FALL2015,1,98,-9,-9, ,-9,-9,-9,-9,-9,-9, ,-9,-9,-9, , ,-9,-9, ,-9,-9,-9, ,1, , , , ,3,1,1,2,2,2,2,98,3,3,2, , , , ,4,3,5,98,4, ,4,1,1, ,98, , ,1, , , , , , , , , , , , , , ,3,5,1,-9,1,1,98,1, ,3,1,99,5,1,3,1,1,2,GA,2,Masked,1.05, , , , 
70,70,FALL2015,1,2,-9,-9, ,-9,-9,-9,-9,-9,-9, ,-9,-9,-9, , ,2,98,CYCLES,2,3,4, ,2, , , , ,1,2,1,2,1,3,98,2,1,3,1, , , , ,2,3,5,4,1, ,2,3,2, ,3, , ,4, , , , , , , , , , , , , , ,3,3,1,-9,1,2,2,2, ,3,2,6,5,4,1,1,1,1,MO,3,Masked,1.23, , , , 
71,71,FALL2015,1,1,1,2, ,2,3,1,3,4,2,OBSERVATIONS AND STYROFOAM CUP RESEARCH,2,1,3, , ,-9,-9, ,-9,-9,-9, ,1, , , , ,98,98,98,98,1,2,3,3,2,3,2, , , , ,98,3,5,4,4, ,4,1,1, ,98, , ,1, , , , , , , , , , , , , , ,3,5,1,-9,98,1,98,1, ,3,2,99,5,2,1,1,2,-9,KY,2, ,1.28, , , , 
72,72,FALL2015,1,1,2,1, ,1,2,1,3,4,2,ACTUAL WARMER TEMPERATURES,2,2,1, , ,-9,-9, ,-9,-9,-9, ,2, , , , ,3,1,1,1,1,2,98,3,2,3,98, , , , ,1,3,5,2,4, ,4,2,1, ,2, , ,2, , , , , , , , , , , , , , ,3,2,1,-9,2,1,2,3, ,5,2,99,5,4,3,1,2,-9,PA,1,Masked,0.77, , , , 
73,73,FALL2015,1,1,3,2, ,1,1,1,2,2,3,GLACIERS MELTING,1,2,1, , ,-9,-9, ,-9,-9,-9, ,3, , , , ,98,1,98,2,1,2,2,2,3,3,3, , , , ,98,3,5,2,4, ,4,2,1, ,98, , ,1, , , , , , , , , , , , , , ,3,1,1,-9,1,1,2,2, ,3,2,99,1,1,3,2,1,2,IN,3,Masked,1.93, , , , 
74,74,FALL2015,1,2,-9,-9, ,-9,-9,-9,-9,-9,-9, ,-9,-9,-9, , ,3,4,NOT SURE,9,3,4, ,1, , , , ,2,1,1,1,1,2,2,5,3,3,98, , , , ,2,3,5,2,4, ,98,1,1, ,1, , ,1, , , , , , , , , , , , , , ,3,1,1,-9,6,1,4,4, ,5,1,99,5,1,4,1,2,-9,NJ,1,Masked,0.42, , , , 
75,75,FALL2015,1,1,1,1, ,2,2,2,4,3,2,SCIENTISTS,4,98,2, , ,-9,-9, ,-9,-9,-9, ,1, , , , ,2,1,1,3,1,2,3,5,98,2,1, , , , ,2,3,5,2,4, ,4,1,1, ,1, , ,1, , , , , , , , , , , , , , ,3,5,1,-9,3,1,98,3, ,4,1,99,4,2,5,1,2,-9,OH,3, ,0.57, , , , 
76,76,FALL2015,1,98,-9,-9, ,-9,-9,-9,-9,-9,-9, ,-9,-9,-9, , ,-9,-9, ,-9,-9,-9, ,2, , , , ,1,1,2,1,98,98,98,1,2,98,98, , , , ,1,3,5,4,4, ,2,2,98, ,98, , ,1, , , , , , , , , , , , , , ,3,5,1,-9,98,1,1,3, ,1,1,4,1,99,99,1,2,-9,NH,1,Masked,0.77, , , , 
77,77,FALL2015,1,1,3,2, ,1,1,1,2,2,2,MELTING AT THE NORTH NOTH POLE,1,1,2, , ,-9,-9, ,-9,-9,-9, ,2, , , , ,98,1,1,2,98,2,2,3,2,3,4, , , , ,98,3,99,99,4, ,4,3,1, ,98, , ,2, , , , , , , , , , , , , , ,3,2,1,-9,5,1,2,3, ,4,2,6,5,1,3,1,6,-9,UT,4,Masked,0.7, , , , 
78,78,FALL2015,1,2,-9,-9, ,-9,-9,-9,-9,-9,-9, ,-9,-9,-9, , ,2,2,COLDER  WEATHER THIS YEAR,1,2,1, ,2, , , , ,2,98,2,1,98,2,2,1,2,1,3, , , , ,1,1,1,1,4, ,4,2,1, ,98, , ,1, , , , , , , , , , , , , , ,3,2,1,-9,3,1,2,1, ,2,2,6,1,4,3,1,6,-9,OH,3,Masked,1.13, , , , 
79,79,FALL2015,1,1,1,1, ,4,2,2,98,2,2,NOT SURE,10,1,2, , ,-9,-9, ,-9,-9,-9, ,2, , , , ,98,98,98,98,98,98,98,98,98,98,98, , , , ,1,3,5,98,4, ,4,2,1, ,98, , ,1, , , , , , , , , , , , , , ,3,5,1,-9,98,1,98,1, ,4,2,99,1,99,99,1,98,-9,KS,3, ,1.13, , , , 
80,80,FALL2015,1,2,-9,-9, ,-9,-9,-9,-9,-9,-9, ,-9,-9,-9, , ,2,4,NATURAL CYCLES IN WEATHER OVER THE CENTURIES,2,4,2, ,2, , , , ,3,1,1,2,2,2,2,3,2,1,4, , , , ,3,3,5,98,4, ,4,3,2, ,3, , ,2, , , , , , , , , , , , , , ,3,2,1,-9,1,2,3,3, ,3,1,3,1,4,3,1,1,2,WV,2,Masked,0.82, , , , 
81,81,FALL2015,1,2,-9,-9, ,-9,-9,-9,-9,-9,-9, ,-9,-9,-9, , ,1,1,NO SCIENTIFIC PROOF,3,2,4, ,2, , , , ,3,2,1,2,1,3,3,4,1,3,1, , , , ,3,2,5,4,4, ,4,4,3, ,2, , ,2, , , , , , , , , , , , , , ,3,5,1,-9,1,4,2,4, ,4,1,5,1,2,1,1,2,-9,FL,2,Masked,0.38, , , , 
82,82,FALL2015,1,98,-9,-9, ,-9,-9,-9,-9,-9,-9, ,-9,-9,-9, , ,-9,-9, ,-9,-9,-9, ,3, , , , ,98,2,98,2,98,98,98,1,3,98,98, , , , ,98,98,5,98,3, ,3,98,2, ,98, , ,2, , , , , , , , , , , , , , ,3,5,1,-9,1,2,98,4, ,2,2,99,1,4,3,2,1,2,KY,2,Masked,1.38, , , , 
83,83,FALL2015,1,1,98,2, ,1,1,2,3,3,3,NOT SURE,10,3,2, , ,-9,-9, ,-9,-9,-9, ,2, , , , ,3,1,1,2,1,1,1,2,3,3,98, , , , ,3,3,5,98,4, ,4,1,2, ,98, , ,1, , , , , , , , , , , , , , ,3,1,1,-9,1,2,2,3, ,2,2,2,2,99,4,1,2,-9,NJ,1,Masked,1.05, , , , 
84,84,FALL2015,1,98,-9,-9, ,-9,-9,-9,-9,-9,-9, ,-9,-9,-9, , ,-9,-9, ,-9,-9,-9, ,2, , , , ,3,1,1,2,2,2,2,2,2,1,4, , , , ,2,3,5,98,4, ,2,4,1, ,4, , ,1, , , , , , , , , , , , , , ,3,5,1,-9,1,2,3,3, ,2,1,2,1,1,4,2,1,2,OH,3,Masked,1.42, , , , 
85,85,FALL2015,1,1,1,2, ,1,1,1,1,2,2,HUMAN ACTIVITY IS DECREASING THE OZONE LAYER,8,2,2, , ,-9,-9, ,-9,-9,-9, ,3, , , , ,3,1,1,2,1,2,2,2,1,3,2, , , , ,2,3,2,2,3, ,2,2,1, ,4, , ,1, , , , , , , , , , , , , , ,3,3,1,-9,2,1,3,4, ,2,1,99,1,2,2,1,2,-9,MI,3,Masked,0.55, , , , 
86,86,FALL2015,1,1,1,1, ,1,1,1,2,1,2,CARBON DIOXIDE,10,2,1, , ,-9,-9, ,-9,-9,-9, ,1, , , , ,2,1,1,1,1,2,2,3,2,1,4, , , , ,1,1,5,98,4, ,4,1,1, ,98, , ,1, , , , , , , , , , , , , , ,3,1,1,-9,3,1,1,2, ,4,1,6,4,1,5,1,6,-9,WI,3,Masked,0.85, , , , 
87,87,FALL2015,1,1,1,1, ,1,1,1,1,1,2,POLAR BEARS DECREASING,7,1,1, , ,-9,-9, ,-9,-9,-9, ,1, , , , ,98,1,3,1,2,2,2,5,2,1,4, , , , ,98,1,1,1,1, ,1,98,1, ,4, , ,1, , , , , , , , , , , , , , ,3,5,1,-9,98,1,1,2, ,4,2,99,5,2,1,1,6,-9,OK,2, ,1.18, , , , 
88,88,FALL2015,1,1,3,2, ,1,3,3,2,2,2,NOT SURE,10,3,3, , ,-9,-9, ,-9,-9,-9, ,2, , , , ,1,1,1,1,1,2,2,1,3,98,3, , , , ,2,3,5,2,4, ,2,2,1, ,2, , ,2, , , , , , , , , , , , , , ,3,3,1,-9,2,1,2,1, ,3,1,3,1,4,2,1,6,-9,FL,2,Masked,1.15, , , , 
89,89,FALL2015,1,2,-9,-9, ,-9,-9,-9,-9,-9,-9, ,-9,-9,-9, , ,1,2,NATURAL PATTERNS,2,2,2, ,2, , , , ,1,1,98,3,1,1,98,2,2,3,98, , , , ,2,3,5,3,4, ,4,3,2, ,4, , ,3, , , , , , , , , , , , , , ,3,5,1,-9,1,3,98,4, ,2,1,99,1,2,1,1,1,1,CA,4,Masked,0.55, , , , 
90,90,FALL2015,1,1,3,2, ,1,3,2,1,3,2,NEWS,6,1,3, , ,-9,-9, ,-9,-9,-9, ,1, , , , ,98,1,98,2,98,98,98,98,98,98,98, , , , ,98,3,2,2,4, ,98,1,1, ,98, , ,1, , , , , , , , , , , , , , ,3,5,1,-9,98,1,98,1, ,5,2,99,5,1,5,1,3,-9,MD,2, ,1.1, , , , 
91,91,FALL2015,1,1,1,1, ,1,2,1,2,3,1,ICEBERGS MELTING,1,1,2, , ,-9,-9, ,-9,-9,-9, ,1, , , , ,3,1,1,1,1,2,2,2,2,1,4, , , , ,1,3,5,3,4, ,4,1,1, ,98, , ,1, , , , , , , , , , , , , , ,3,5,1,-9,2,2,4,1, ,3,1,3,5,4,4,3,1,2,MA,1,Masked,2.5, , , , 
92,92,FALL2015,1,1,3,2, ,3,3,1,2,2,2,GLACIERS MELTING,1,1,2, , ,-9,-9, ,-9,-9,-9, ,2, , , , ,1,1,1,1,1,1,3,3,1,98,2, , , , ,2,3,2,2,2, ,3,2,1, ,2, , ,2, , , , , , , , , , , , , , ,3,1,1,-9,2,1,2,4, ,2,1,99,1,2,2,1,2,-9,NY,1,Masked,0.55, , , , 
93,93,FALL2015,1,2,-9,-9, ,-9,-9,-9,-9,-9,-9, ,-9,-9,-9, , ,2,4,HAS BEEN THE SAME FOR ALL HIS LIFE,1,2,1, ,2, , , , ,98,98,98,98,98,98,98,98,98,98,98, , , , ,98,98,98,98,4, ,98,1,98, ,98, , ,98, , , , , , , , , , , , , , ,3,5,1,-9,98,98,98,3, ,4,1,99,1,1,1,1,1,98,OH,3,Masked,0.57, , , , 
94,94,FALL2015,1,2,-9,-9, ,-9,-9,-9,-9,-9,-9, ,-9,-9,-9, , ,1,1,NOT SURE,9,2,1, ,1, , , , ,98,98,2,98,1,2,2,4,2,3,4, , , , ,2,3,1,1,4, ,1,1,2, ,4, , ,1, , , , , , , , , , , , , , ,3,4,1,-9,1,2,1,3, ,4,1,99,1,2,3,1,2,-9,MN,3,Masked,0.57, , , , 
95,95,FALL2015,1,1,1,1, ,1,1,1,1,1,1,SCIENTIFIC REPORTS,4,1,1, , ,-9,-9, ,-9,-9,-9, ,2, , , , ,2,1,2,1,1,2,2,5,2,1,4, , , , ,1,1,5,1,4, ,4,1,1, ,1, , ,1, , , , , , , , , , , , , , ,3,1,1,-9,4,1,1,3, ,3,1,99,1,1,3,1,1,2,CO,4,Masked,0.72, , , , 
96,96,FALL2015,1,1,3,1, ,1,3,1,2,98,2,A LOT OF SCIENTIFIC STUDIES,4,3,98, , ,-9,-9, ,-9,-9,-9, ,2, , , , ,3,1,2,1,98,98,98,1,98,98,98, , , , ,98,3,2,1,4, ,2,1,1, ,2, , ,2, , , , , , , , , , , , , , ,3,98,1,-9,4,1,2,1, ,2,1,99,5,1,3,1,7,-9,FL,2,Masked,1, , , , 
97,97,FALL2015,2,1,3,1, ,1,1,1,3,2,3,MY MEMORY,2,1,1, , ,-9,-9, ,-9,-9,-9, ,2, , , , ,3,2,1,1,1,98,3,3,3,3,2, , , , ,3,3,5,2,3, ,2,2,1, ,2, , ,2, , , , , , , , , , , , , , ,3,2,2,3,-9,1,2,2, ,3,2,4,1,1,4,5,2,-9,CA,4,Masked,1.53, , , , 
98,98,FALL2015,2,1,3,1, ,1,1,1,2,1,4,WEATHER IS HOTTER,2,1,1, , ,-9,-9, ,-9,-9,-9, ,1, , , , ,3,1,1,1,1,98,3,1,2,3,98, , , , ,2,3,5,1,4, ,1,2,1, ,2, , ,1, , , , , , , , , , , , , , ,3,1,2,3,-9,1,1,1, ,5,2,4,5,4,3,1,6,-9,CO,4,Masked,1.15, , , , 
99,99,FALL2015,2,1,2,1, ,2,2,4,4,1,4,WINTERS HAVE BEEN EXTREMELY WARM,2,4,2, , ,-9,-9, ,-9,-9,-9, ,2, , , , ,3,2,1,3,98,3,2,3,3,3,2, , , , ,2,3,5,3,4, ,2,2,3, ,2, , ,1, , , , , , , , , , , , , , ,3,4,2,1,-9,1,2,3, ,3,2,99,1,2,3,1,1,1,IL,3,Masked,0.95, , , , 
100,100,FALL2015,2,2,-9,-9, ,-9,-9,-9,-9,-9,-9, ,-9,-9,-9, , ,1,4,TEMPERATURES ARE GETTING COOLER,1,1,4, ,1, , , , ,3,1,1,3,98,2,98,4,3,2,98, , , , ,98,3,4,4,4, ,3,2,98, ,3, , ,1, , , , , , , , , , , , , , ,3,3,2,1,-9,3,4,4, ,4,1,1,3,2,1,1,1,1,MN,3,Masked,0.65, , , , 
101,101,FALL2015,2,1,1,1, ,2,4,2,4,2,4,NOTHING PARTICULAR,10,4,3, , ,-9,-9, ,-9,-9,-9, ,2, , , , ,98,98,98,98,98,98,98,98,98,98,3, , , , ,98,98,98,98,4, ,98,1,1, ,98, , ,2, , , , , , , , , , , , , , ,3,5,2,98,-9,1,98,3, ,4,2,99,1,1,4,1,3,-9,CA,4, ,0.8, , , , 
102,102,FALL2015,2,1,1,1, ,1,1,1,1,3,1,CYCLICAL CHANGES,9,1,3, , ,-9,-9, ,-9,-9,-9, ,1, , , , ,2,1,1,1,2,2,2,5,2,1,4, , , , ,4,1,1,1,4, ,4,4,1, ,4, , ,2, , , , , , , , , , , , , , ,3,2,2,3,-9,3,1,4, ,5,1,99,6,4,1,1,1,2,NV,4,Masked,0.42, , , , 
103,103,FALL2015,2,98,-9,-9, ,-9,-9,-9,-9,-9,-9, ,-9,-9,-9, , ,-9,-9, ,-9,-9,-9, ,2, , , , ,3,1,1,1,2,2,98,4,1,3,1, , , , ,1,3,5,2,4, ,4,2,1, ,1, , ,1, , , , , , , , , , , , , , ,3,1,2,2,-9,4,1,4, ,4,2,4,5,2,2,1,3,-9,CA,4,Masked,0.73, , , , 
104,104,FALL2015,2,1,2,2, ,1,2,1,4,4,4,WATCHES THE WEATHER,3,1,2, , ,-9,-9, ,-9,-9,-9, ,2, , , , ,98,1,98,98,1,1,98,3,2,3,98, , , , ,1,3,5,2,4, ,4,1,1, ,98, , ,1, , , , , , , , , , , , , , ,3,3,2,98,-9,1,3,4, ,4,2,3,1,4,2,1,1,2,CO,4,Masked,0.78, , , , 
105,105,FALL2015,2,1,3,2, ,1,1,1,2,1,3,THE FACTS,4,1,1, , ,-9,-9, ,-9,-9,-9, ,1, , , , ,98,98,1,1,98,2,98,3,2,3,4, , , , ,2,1,1,1,2, ,4,2,1, ,98, , ,2, , , , , , , , , , , , , , ,20,1,2,1,-9,2,3,4, ,5,2,99,2,1,5,1,1,2,OR,4,Masked,0.65, , , , 
106,106,FALL2015,2,98,-9,-9, ,-9,-9,-9,-9,-9,-9, ,-9,-9,-9, , ,-9,-9, ,-9,-9,-9, ,1, , , , ,3,1,1,1,2,2,2,5,2,3,4, , , , ,3,3,5,1,4, ,1,2,1, ,4, , ,1, , , , , , , , , , , , , , ,20,2,2,1,-9,1,2,3, ,3,2,3,1,4,3,1,1,2,OR,4,Masked,1.05, , , , 
107,107,FALL2015,2,2,-9,-9, ,-9,-9,-9,-9,-9,-9, ,-9,-9,-9, , ,2,2,SEEN IT BEFORE,1,2,1, ,2, , , , ,98,2,1,4,98,98,98,2,98,98,98, , , , ,2,3,5,2,4, ,3,2,2, ,98, , ,2, , , , , , , , , , , , , , ,20,5,2,1,-9,3,1,3, ,4,2,6,3,2,2,1,6,-9,CA,4,Masked,0.7, , , , 
108,108,FALL2015,2,2,-9,-9, ,-9,-9,-9,-9,-9,-9, ,-9,-9,-9, , ,1,2,CLIMATE IS JUST CHANGING NOT GLOBAL WARMING,8,2,2, ,2, , , , ,1,98,3,98,1,3,2,5,2,3,4, , , , ,2,3,2,1,2, ,2,2,1, ,98, , ,3, , , , , , , , , , , , , , ,20,2,2,1,-9,1,1,4, ,3,2,99,5,4,2,1,1,2,CA,4,Masked,0.83, , , , 
109,109,FALL2015,1,1,3,2, ,2,2,1,3,3,3,IT IS WARMER,2,1,2, , ,-9,-9, ,-9,-9,-9, ,2, , , , ,3,1,1,2,98,98,98,2,2,3,98, , , , ,98,3,5,98,4, ,4,2,1, ,98, , ,1, , , , , , , , , , , , , , ,20,5,2,4,-9,1,2,4, ,1,1,99,2,2,1,1,2,-9,NY,1,Masked,0.6, , , , 
110,110,FALL2015,1,1,3,1, ,2,2,1,4,4,2,DATA,4,2,4, , ,-9,-9, ,-9,-9,-9, ,1, , , , ,3,1,1,2,1,2,2,4,3,3,2, , , , ,3,3,5,99,4, ,3,2,2, ,1, , ,2, , , , , , , , , , , , , , ,20,4,2,2,-9,1,1,2, ,5,1,99,5,4,3,1,1,2,KS,3, ,0.92, , , , 
111,111,FALL2015,1,1,3,2, ,2,2,1,2,2,98,WARMER THEN USUAL,2,2,2, , ,-9,-9, ,-9,-9,-9, ,2, , , , ,1,1,1,2,1,1,3,2,1,3,2, , , , ,98,3,5,2,4, ,4,2,2, ,2, , ,1, , , , , , , , , , , , , , ,20,1,2,1,-9,2,2,4, ,2,1,99,1,4,3,1,2,-9,OR,4,Masked,0.55, , , , 
112,112,FALL2015,1,1,3,2, ,1,2,1,3,3,2,TEMPERATURES OF THE OCEANS,10,1,3, , ,-9,-9, ,-9,-9,-9, ,1, , , , ,3,1,2,1,1,2,2,3,2,3,4, , , , ,4,3,1,1,98, ,3,1,1, ,3, , ,1, , , , , , , , , , , , , , ,20,1,2,5,-9,1,1,3, ,3,2,5,4,1,4,1,6,-9,WA,4,Masked,0.88, , , , 
113,113,FALL2015,1,1,1,2, ,2,2,1,2,2,2,THE WAY WE ARE HANDLING THE OZONE LAYER,10,3,3, , ,-9,-9, ,-9,-9,-9, ,2, , , , ,2,1,1,2,2,2,98,2,2,3,3, , , , ,2,3,2,2,3, ,3,2,2, ,2, , ,2, , , , , , , , , , , , , , ,20,3,2,2,-9,1,2,4, ,4,1,3,1,4,3,1,2,-9,SD,3,Masked,0.55, , , , 
114,114,FALL2015,1,1,1,1, ,1,1,1,1,2,2,AIR POLLUTION CAUSED BY MORE CARS AND INDUSTRIES,8,2,1, , ,-9,-9, ,-9,-9,-9, ,2, , , , ,3,1,2,1,1,1,1,2,3,3,2, , , , ,2,1,5,98,4, ,4,2,1, ,98, , ,2, , , , , , , , , , , , , , ,20,1,2,3,-9,1,1,1, ,2,2,5,1,1,4,1,7,-9,MI,3,Masked,1.16, , , , 
115,115,FALL2015,1,1,3,1, ,1,1,2,2,2,2,FROM WHAT SHE HAS READ,6,2,2, , ,-9,-9, ,-9,-9,-9, ,1, , , , ,3,1,1,1,98,2,2,3,2,1,98, , , , ,1,1,5,1,4, ,2,2,1, ,2, , ,1, , , , , , , , , , , , , , ,20,1,2,98,-9,1,1,2, ,5,2,3,5,1,3,1,7,-9,WA,4,Masked,1.25, , , , 
116,116,FALL2015,1,1,3,2, ,1,1,2,2,3,1,NEWS,6,1,2, , ,-9,-9, ,-9,-9,-9, ,2, , , , ,2,1,1,1,98,98,98,1,98,98,98, , , , ,1,3,5,4,4, ,4,2,1, ,98, , ,1, , , , , , , , , , , , , , ,20,3,2,3,-9,1,1,3, ,4,2,3,1,4,2,1,4,-9,OH,3,Masked,0.9, , , , 
117,117,FALL2015,1,1,1,1, ,1,1,1,2,2,1,DATA,4,1,2, , ,-9,-9, ,-9,-9,-9, ,1, , , , ,3,1,98,1,2,2,2,5,2,1,4, , , , ,4,3,2,1,4, ,4,1,1, ,4, , ,1, , , , , , , , , , , , , , ,20,1,2,3,-9,1,1,1, ,3,1,99,5,1,5,1,6,-9,WV,2,Masked,1.05, , , , 
118,118,FALL2015,1,2,-9,-9, ,-9,-9,-9,-9,-9,-9, ,-9,-9,-9, , ,2,1,HOT AS USUAL,1,1,1, ,2, , , , ,3,2,1,1,1,2,2,2,3,3,2, , , , ,3,3,5,2,3, ,2,3,1, ,2, , ,1, , , , , , , , , , , , , , ,20,5,2,1,-9,1,2,3, ,2,1,2,1,1,3,3,2,-9,CA,4,Masked,2.17, , , , 
119,119,FALL2015,1,98,-9,-9, ,-9,-9,-9,-9,-9,-9, ,-9,-9,-9, , ,-9,-9, ,-9,-9,-9, ,2, , , , ,3,2,1,1,3,1,2,2,2,3,4, , , , ,98,1,2,2,1, ,3,2,1, ,4, , ,98, , , , , , , , , , , , , , ,20,5,2,2,-9,1,1,3, ,2,2,1,1,2,1,1,5,-9,OK,2,Masked,1.1, , , , 
120,120,FALL2015,1,2,-9,-9, ,-9,-9,-9,-9,-9,-9, ,-9,-9,-9, , ,1,4,NORMAL CYCLES OF SEASONS,2,4,4, ,2, , , , ,3,2,1,3,1,3,3,4,2,98,1, , , , ,2,3,5,3,4, ,3,2,3, ,2, , ,2, , , , , , , , , , , , , , ,20,2,2,2,-9,98,1,4, ,2,1,4,1,4,2,1,1,2,SC,2,Masked,0.6, , , , 
121,121,FALL2015,1,1,2,2, ,1,2,1,3,1,2,RISING TIDES AND ERODING BEACHES,11,1,1, , ,-9,-9, ,-9,-9,-9, ,1, , , , ,3,2,1,1,1,1,2,2,3,3,2, , , , ,98,3,5,2,2, ,1,2,1, ,2, , ,1, , , , , , , , , , , , , , ,20,1,2,2,-9,1,2,3, ,4,1,5,5,4,4,1,1,2,CA,4,Masked,0.5, , , , 
122,122,FALL2015,1,1,3,2, ,1,1,1,1,1,2,CRAZY WEATHER,3,1,2, , ,-9,-9, ,-9,-9,-9, ,2, , , , ,3,1,2,1,1,2,2,3,3,3,2, , , , ,1,3,5,1,4, ,2,1,1, ,2, , ,1, , , , , , , , , , , , , , ,20,5,2,2,-9,1,1,1, ,4,1,2,1,1,5,2,1,2,TX,2,Masked,1.65, , , , 
123,123,FALL2015,1,98,-9,-9, ,-9,-9,-9,-9,-9,-9, ,-9,-9,-9, , ,-9,-9, ,-9,-9,-9, ,3, , , , ,3,1,1,98,1,98,98,2,3,3,98, , , , ,98,3,5,2,4, ,4,98,2, ,98, , ,1, , , , , , , , , , , , , , ,20,98,2,1,-9,2,2,2, ,3,2,99,5,4,4,1,1,2,TX,2,Masked,1.33, , , , 
124,124,FALL2015,1,1,3,1, ,1,1,2,3,3,2,MELTING GLACIERS,1,2,3, , ,-9,-9, ,-9,-9,-9, ,2, , , , ,1,1,1,2,1,1,3,3,1,3,1, , , , ,2,3,2,2,2, ,2,2,1, ,2, , ,2, , , , , , , , , , , , , , ,20,2,2,1,-9,1,98,2, ,2,1,99,1,1,1,3,99,-9,SC,2,Masked,2.4, , , , 
125,125,FALL2015,1,1,1,1, ,1,1,1,1,1,3,WARMER INCREASING WINTERS,2,1,1, , ,-9,-9, ,-9,-9,-9, ,2, , , , ,2,2,2,1,1,2,3,2,2,3,2, , , , ,1,1,5,4,4, ,4,2,1, ,2, , ,2, , , , , , , , , , , , , , ,20,1,2,4,-9,1,2,3, ,2,1,4,1,1,3,1,1,2,SC,2,Masked,0.72, , , , 
126,126,FALL2015,1,1,1,2, ,2,2,1,2,3,2,ATHMOSPHERE,10,3,2, , ,-9,-9, ,-9,-9,-9, ,1, , , , ,3,1,2,2,1,2,2,2,2,1,3, , , , ,1,3,2,2,4, ,2,1,2, ,1, , ,1, , , , , , , , , , , , , , ,20,5,2,3,-9,1,2,1, ,3,1,6,1,3,4,1,7,-9,WI,3,Masked,0.95, , , , 
127,127,FALL2015,1,1,3,1, ,1,2,1,2,3,1,ICE MELTING,1,2,1, , ,-9,-9, ,-9,-9,-9, ,2, , , , ,3,1,1,2,1,2,2,2,3,3,2, , , , ,1,3,5,3,4, ,4,2,1, ,98, , ,1, , , , , , , , , , , , , , ,20,3,2,1,-9,1,2,1, ,2,1,99,5,4,3,1,1,2,OH,3,Masked,1, , , , 
128,128,FALL2015,1,1,3,1, ,2,2,2,1,2,2,NATURAL DISASTERS,3,3,2, , ,-9,-9, ,-9,-9,-9, ,1, , , , ,3,1,98,98,2,2,2,4,2,1,4, , , , ,98,3,5,98,1, ,2,98,2, ,98, , ,2, , , , , , , , , , , , , , ,20,3,2,2,-9,98,2,1, ,4,1,99,6,3,1,4,6,-9,CA,4, ,1.05, , , , 
129,129,FALL2015,1,1,1,1, ,1,1,1,1,1,2,NOT SURE,10,2,2, , ,-9,-9, ,-9,-9,-9, ,2, , , , ,2,1,1,1,1,2,3,1,1,3,1, , , , ,1,1,5,1,4, ,4,4,1, ,98, , ,1, , , , , , , , , , , , , , ,20,1,2,3,-9,1,2,1, ,2,1,5,5,4,5,1,2,-9,FL,2,Masked,0.93, , , , 
130,130,FALL2015,1,1,1,2, ,1,1,1,2,2,4,TEMPERATURES OVER ALL,3,2,2, , ,-9,-9, ,-9,-9,-9, ,2, , , , ,3,98,98,98,1,2,3,2,3,2,2, , , , ,2,3,5,2,4, ,2,2,1, ,98, , ,3, , , , , , , , , , , , , , ,20,2,2,1,-9,98,3,4, ,2,1,99,1,1,3,1,1,2,AZ,4,Masked,0.55, , , , 
131,131,FALL2015,1,1,1,1, ,1,2,1,2,2,2,INCREASE OF TEMPERTURES,2,3,1, , ,-9,-9, ,-9,-9,-9, ,2, , , , ,3,1,1,1,2,2,2,2,2,3,3, , , , ,2,3,5,2,3, ,3,3,2, ,3, , ,2, , , , , , , , , , , , , , ,20,1,2,1,-9,2,1,1, ,3,1,3,2,2,2,5,1,2,TX,2,Masked,1.3, , , , 
132,132,FALL2015,1,1,3,1, ,1,2,1,3,4,1,POPULATION,8,2,3, , ,-9,-9, ,-9,-9,-9, ,98, , , , ,1,1,1,1,1,2,2,5,2,3,4, , , , ,98,3,1,1,4, ,4,1,1, ,98, , ,1, , , , , , , , , , , , , , ,20,2,2,4,-9,1,1,1, ,5,1,6,5,3,5,1,6,-9,CA,4,Masked,0.77, , , , 
133,133,FALL2015,1,1,3,2, ,2,2,2,2,4,2,AIR POLLUTION,8,2,2, , ,-9,-9, ,-9,-9,-9, ,2, , , , ,3,1,2,2,1,1,1,1,1,98,1, , , , ,98,3,2,2,4, ,2,2,1, ,4, , ,1, , , , , , , , , , , , , , ,20,2,2,2,-9,1,2,3, ,4,1,99,1,1,2,2,2,-9,NJ,1,Masked,1.17, , , , 
134,134,FALL2015,1,1,3,2, ,2,2,1,1,3,1,RESEARCH,4,2,3, , ,-9,-9, ,-9,-9,-9, ,1, , , , ,98,98,1,1,1,1,1,2,3,98,98, , , , ,2,3,5,3,4, ,3,1,1, ,98, , ,1, , , , , , , , , , , , , , ,20,5,2,3,-9,1,2,2, ,2,2,6,1,1,4,4,2,-9,NV,4, ,1.33, , , , 
135,135,FALL2015,1,1,2,1, ,1,2,1,1,3,2,EARTH AND WEATHER CYCLES,9,2,1, , ,-9,-9, ,-9,-9,-9, ,2, , , , ,2,2,1,1,1,3,3,3,1,1,1, , , , ,98,1,5,1,4, ,4,2,1, ,98, , ,1, , , , , , , , , , , , , , ,20,1,2,1,-9,1,2,1, ,2,1,5,1,4,5,1,6,-9,CO,4,Masked,0.93, , , , 
136,136,FALL2015,1,1,2,1, ,1,1,2,1,3,2,EVERY SUMMER SEEMS TO BE GETTING WARMER AND WARMER,2,1,1, , ,-9,-9, ,-9,-9,-9, ,2, , , , ,3,2,98,1,98,98,98,1,98,3,98, , , , ,2,3,1,1,3, ,1,2,1, ,2, , ,1, , , , , , , , , , , , , , ,20,5,2,2,-9,1,1,4, ,2,2,99,5,2,1,1,1,1,TX,2,Masked,0.78, , , , 
137,137,FALL2015,1,2,-9,-9, ,-9,-9,-9,-9,-9,-9, ,-9,-9,-9, , ,2,4,NATURAL PATTERNS IN THE EARTH,2,4,4, ,2, , , , ,98,1,98,4,1,3,3,2,2,3,2, , , , ,4,3,5,4,1, ,3,3,4, ,98, , ,2, , , , , , , , , , , , , , ,20,5,2,98,-9,4,98,3, ,2,1,2,1,2,1,1,1,1,AL,2,Masked,0.82, , , , 
138,138,FALL2015,1,2,-9,-9, ,-9,-9,-9,-9,-9,-9, ,-9,-9,-9, , ,1,4,CYCLES,2,2,4, ,1, , , , ,98,2,98,4,1,3,3,5,1,98,2, , , , ,3,3,5,98,4, ,4,4,2, ,4, , ,2, , , , , , , , , , , , , , ,20,5,2,1,-9,3,4,4, ,5,1,6,6,4,1,1,1,2,WA,4,Masked,0.32, , , , 
139,139,FALL2015,1,1,1,1, ,1,1,1,2,1,2,LESS SNOWFALLS,3,2,1, , ,-9,-9, ,-9,-9,-9, ,2, , , , ,2,1,1,1,2,2,2,2,2,3,3, , , , ,1,1,5,1,4, ,1,2,1, ,4, , ,1, , , , , , , , , , , , , , ,20,1,2,3,-9,1,2,1, ,3,2,6,5,2,4,1,1,1,ID,4,Masked,1.18, , , , 
140,140,FALL2015,1,1,3,4, ,3,3,4,4,3,3,WATER POLLUTION,8,4,4, , ,-9,-9, ,-9,-9,-9, ,3, , , , ,1,1,1,2,1,1,3,3,1,3,1, , , , ,2,3,1,1,1, ,1,4,1, ,2, , ,2, , , , , , , , , , , , , , ,20,2,2,1,-9,1,2,3, ,2,1,99,1,1,1,1,1,2,NC,2,Masked,0.67, , , , 
141,141,FALL2015,1,1,1,1, ,1,1,1,98,1,2,ICE CAPS MELTING,1,1,1, , ,-9,-9, ,-9,-9,-9, ,1, , , , ,98,1,98,1,98,2,2,3,2,1,4, , , , ,4,1,5,1,4, ,99,1,1, ,98, , ,1, , , , , , , , , , , , , , ,20,5,2,4,-9,1,1,1, ,3,2,3,2,1,5,4,7,-9,CA,4,Masked,1.53, , , , 
142,142,FALL2015,1,1,98,1, ,2,1,4,2,3,4,FELLS HOTTER,2,3,3, , ,-9,-9, ,-9,-9,-9, ,2, , , , ,98,1,1,3,98,98,98,1,98,3,98, , , , ,98,3,5,2,3, ,4,2,98, ,98, , ,2, , , , , , , , , , , , , , ,20,5,2,1,-9,98,2,4, ,2,2,99,1,1,3,1,1,98,OH,3,Masked,0.78, , , , 
143,143,FALL2015,1,2,-9,-9, ,-9,-9,-9,-9,-9,-9, ,-9,-9,-9, , ,2,3,NOT SURE,9,4,4, ,2, , , , ,98,1,1,1,2,2,2,1,2,3,98, , , , ,98,3,5,98,2, ,2,4,1, ,98, , ,98, , , , , , , , , , , , , , ,20,5,2,1,-9,1,98,1, ,2,2,2,1,4,3,1,6,-9,IN,3,Masked,1.38, , , , 
144,144,FALL2015,1,1,3,2, ,1,1,3,2,2,3,INDUSTRIALIZATION BY HUMANS,8,3,1, , ,-9,-9, ,-9,-9,-9, ,1, , , , ,3,2,1,1,1,1,3,3,3,2,2, , , , ,98,1,2,2,2, ,2,3,2, ,2, , ,1, , , , , , , , , , , , , , ,20,1,2,3,-9,2,1,1, ,3,1,3,5,1,4,1,1,2,MS,2,Masked,1.15, , , , 
145,145,FALL2015,1,1,1,1, ,3,4,4,4,1,98,CLIMATE CHANGE,10,4,1, , ,-9,-9, ,-9,-9,-9, ,3, , , , ,3,1,1,4,2,2,2,5,2,1,1, , , , ,1,1,5,98,4, ,4,1,4, ,98, , ,1, , , , , , , , , , , , , , ,20,1,2,1,-9,4,1,2, ,3,1,2,5,1,3,2,99,-9,MD,2,Masked,1.85, , , , 
146,146,FALL2015,1,2,-9,-9, ,-9,-9,-9,-9,-9,-9, ,-9,-9,-9, , ,1,2,WINTERS ARE COLDER,2,4,1, ,2, , , , ,1,2,3,1,1,3,3,3,1,3,1, , , , ,1,3,3,4,4, ,4,4,4, ,4, , ,4, , , , , , , , , , , , , , ,20,3,2,1,-9,1,3,3, ,3,2,4,1,2,1,1,1,1,PA,1,Masked,1, , , , 
147,147,FALL2015,1,98,-9,-9, ,-9,-9,-9,-9,-9,-9, ,-9,-9,-9, , ,-9,-9, ,-9,-9,-9, ,3, , , , ,2,1,1,2,98,98,98,98,3,3,98, , , , ,2,3,5,3,4, ,3,2,2, ,98, , ,3, , , , , , , , , , , , , , ,20,5,2,1,-9,2,2,1, ,2,1,99,1,2,2,3,2,-9,PA,1,Masked,2.35, , , , 
148,148,FALL2015,1,1,2,2, ,1,1,2,4,4,2,WEATHER AND STORMS,3,4,2, , ,-9,-9, ,-9,-9,-9, ,2, , , , ,3,2,1,4,98,98,98,1,98,98,2, , , , ,1,3,5,2,4, ,1,2,1, ,4, , ,3, , , , , , , , , , , , , , ,20,5,2,1,-9,1,4,3, ,4,1,2,1,2,3,1,2,-9,FL,2,Masked,0.72, , , , 
149,149,FALL2015,1,1,1,2, ,3,3,2,2,1,2,SEA LEVELS,11,1,3, , ,-9,-9, ,-9,-9,-9, ,2, , , , ,3,1,1,1,1,3,3,4,3,3,1, , , , ,4,3,5,98,4, ,4,2,4, ,4, , ,2, , , , , , , , , , , , , , ,20,5,2,1,-9,1,4,2, ,4,1,99,1,4,3,1,6,-9,OH,3,Masked,0.95, , , , 
150,150,FALL2015,2,98,-9,-9, ,-9,-9,-9,-9,-9,-9, ,-9,-9,-9, , ,-9,-9, ,-9,-9,-9, ,3, , , , ,3,2,1,2,98,98,98,1,98,3,98, , , , ,98,98,98,98,4, ,98,2,98, ,98, , ,2, , , , , , , , , , , , , , ,20,98,2,1,-9,98,98,2, ,2,1,99,1,4,3,1,1,2,HI,4,Masked,1.05, , , , 
151,151,FALL2015,2,1,99,1, ,3,4,1,2,4,2,SAW CHARTS FROM 50'S AND TEMPERATURES HAVE BEEN RISING SINCE,4,98,4, , ,-9,-9, ,-9,-9,-9, ,1, , , , ,3,1,1,1,1,3,3,5,1,2,1, , , , ,1,3,2,2,4, ,4,1,1, ,1, , ,1, , , , , , , , , , , , , , ,20,5,2,6,-9,1,1,3, ,5,1,99,1,2,3,1,2,-9,MN,3,Masked,0.54, , , , 
152,152,FALL2015,2,98,-9,-9, ,-9,-9,-9,-9,-9,-9, ,-9,-9,-9, , ,-9,-9, ,-9,-9,-9, ,2, , , , ,3,98,4,4,1,3,3,2,3,3,2, , , , ,1,98,5,4,4, ,4,1,1, ,98, , ,1, , , , , , , , , , , , , , ,20,98,2,1,-9,1,4,3, ,3,2,4,5,2,2,1,6,-9,WA,4,Masked,1, , , , 
153,153,FALL2015,2,1,1,1, ,1,1,1,2,2,2,POLLUTION,8,2,1, , ,-9,-9, ,-9,-9,-9, ,2, , , , ,3,1,98,2,2,1,1,2,2,2,4, , , , ,2,3,5,3,4, ,2,2,1, ,4, , ,2, , , , , , , , , , , , , , ,20,1,2,1,-9,1,3,3, ,2,1,2,5,99,4,1,1,2,CA,4,Masked,0.82, , , , 
154,154,FALL2015,2,2,-9,-9, ,-9,-9,-9,-9,-9,-9, ,-9,-9,-9, , ,1,2,WINTERS ARE GETTING COLDER,2,2,1, ,2, , , , ,2,1,1,1,2,2,2,1,2,3,4, , , , ,1,1,5,2,4, ,1,2,1, ,3, , ,1, , , , , , , , , , , , , , ,20,1,2,3,-9,1,2,5, ,3,2,3,1,3,3,1,6,-9,IL,3,Masked,1.13, , , , 
155,155,FALL2015,2,1,1,1, ,1,1,1,3,1,3,WEATHER AND GLACIERS,3,2,1, , ,-9,-9, ,-9,-9,-9, ,1, , , , ,98,1,98,1,2,2,2,4,2,1,4, , , , ,98,3,5,2,4, ,4,2,1, ,4, , ,1, , , , , , , , , , , , , , ,20,1,2,1,-9,1,1,3, ,2,2,99,1,1,5,1,2,-9,MN,3, ,0.9, , , , 
156,156,FALL2015,2,2,-9,-9, ,-9,-9,-9,-9,-9,-9, ,-9,-9,-9, , ,1,1,PAST EXPERIENCE,1,4,2, ,1, , , , ,3,2,1,1,3,2,2,2,2,2,2, , , , ,1,3,3,4,4, ,4,3,1, ,4, , ,2, , , , , , , , , , , , , , ,20,5,2,2,-9,1,2,2, ,4,1,3,2,1,2,2,6,-9,MO,3,Masked,1.65, , , , 
157,157,FALL2015,2,1,1,1, ,1,1,1,1,4,1,OBSERVATION,2,1,1, , ,-9,-9, ,-9,-9,-9, ,1, , , , ,98,98,98,1,2,2,2,2,2,1,4, , , , ,1,1,2,1,4, ,4,1,1, ,4, , ,1, , , , , , , , , , , , , , ,20,1,2,3,-9,1,1,3, ,4,2,99,1,1,5,1,2,-9,CA,4, ,0.8, , , , 
158,158,FALL2015,2,1,2,2, ,2,4,3,98,4,98,JUST FEELING THE DIFFERENCE IN CLIMATE,2,4,2, , ,-9,-9, ,-9,-9,-9, ,2, , , , ,3,2,1,1,1,3,3,4,2,3,2, , , , ,1,3,2,2,3, ,3,2,1, ,98, , ,4, , , , , , , , , , , , , , ,20,3,2,2,-9,1,3,3, ,5,2,99,2,1,3,1,99,-9,CO,4,Masked,0.77, , , , 
159,159,FALL2015,2,1,1,1, ,98,1,1,2,2,4,GLACIERS MELTING,1,98,3, , ,-9,-9, ,-9,-9,-9, ,1, , , , ,98,1,98,1,2,2,2,5,2,1,4, , , , ,98,3,5,1,4, ,4,1,1, ,98, , ,1, , , , , , , , , , , , , , ,20,3,1,-9,98,98,98,3, ,4,2,99,1,99,99,1,99,-9,WI,3, ,0.8, , , , 
160,160,FALL2015,2,1,2,1, ,1,1,1,1,98,1,ELEMENTS ARE CHANGING,10,98,1, , ,-9,-9, ,-9,-9,-9, ,2, , , , ,3,1,4,1,2,98,98,2,2,3,2, , , , ,2,98,98,98,1, ,2,3,2, ,2, , ,3, , , , , , , , , , , , , , ,20,2,1,-9,98,2,98,4, ,1,2,2,1,2,98,1,6,-9,AR,2,Masked,0.98, , , , 
161,161,FALL2015,2,1,1,1, ,1,2,1,2,4,1,FOURTH DAY OF 100 DEGREE HEAT AND LESS RAIN,2,2,1, , ,-9,-9, ,-9,-9,-9, ,2, , , , ,3,1,1,2,1,2,2,2,3,3,2, , , , ,4,3,5,3,3, ,4,2,1, ,3, , ,2, , , , , , , , , , , , , , ,20,1,1,-9,2,1,3,4, ,4,2,99,1,1,4,1,1,2,CA,4,Masked,0.68, , , , 
162,162,FALL2015,2,98,-9,-9, ,-9,-9,-9,-9,-9,-9, ,-9,-9,-9, , ,-9,-9, ,-9,-9,-9, ,2, , , , ,2,2,1,2,98,98,98,1,98,98,98, , , , ,98,3,2,3,2, ,2,3,1, ,98, , ,1, , , , , , , , , , , , , , ,20,2,1,-9,2,2,2,4, ,2,2,3,1,2,1,1,1,2,CA,4,Masked,0.88, , , , 
163,163,FALL2015,2,1,1,1, ,1,1,1,1,4,1,SCIENTIFIC PAPERS,4,2,1, , ,-9,-9, ,-9,-9,-9, ,1, , , , ,2,1,1,1,1,2,2,5,2,1,4, , , , ,1,3,5,1,4, ,2,1,1, ,1, , ,1, , , , , , , , , , , , , , ,20,1,1,-9,3,1,2,3, ,5,1,6,1,1,5,1,3,-9,CA,4,Masked,0.44, , , , 
164,164,FALL2015,2,1,2,2, ,2,2,4,98,4,98,NEWS,6,4,4, , ,-9,-9, ,-9,-9,-9, ,2, , , , ,98,2,98,98,98,98,98,1,98,98,98, , , , ,98,3,5,4,4, ,4,3,98, ,98, , ,98, , , , , , , , , , , , , , ,3,5,1,-9,98,98,98,4, ,4,2,99,1,2,1,1,2,-9,WA,4, ,0.68, , , , 
165,165,FALL2015,2,98,-9,-9, ,-9,-9,-9,-9,-9,-9, ,-9,-9,-9, , ,-9,-9, ,-9,-9,-9, ,2, , , , ,1,2,1,2,1,2,2,5,2,1,4, , , , ,3,3,5,4,4, ,4,2,2, ,4, , ,1, , , , , , , , , , , , , , ,3,2,1,-9,98,2,1,2, ,5,1,6,5,4,3,1,2,-9,CA,4,Masked,0.82, , , , 
166,166,FALL2015,2,2,-9,-9, ,-9,-9,-9,-9,-9,-9, ,-9,-9,-9, , ,1,4,FACTS I HAVE READ,5,4,4, ,1, , , , ,1,98,1,1,1,3,3,4,3,3,2, , , , ,98,3,4,4,3, ,2,3,1, ,2, , ,2, , , , , , , , , , , , , , ,3,5,1,-9,1,2,1,4, ,3,1,99,1,4,1,1,6,-9,CA,4,Masked,0.6, , , , 
167,167,FALL2015,1,1,3,1, ,1,2,4,4,2,2,LOSING OUR WATER DUE TO WEATHER AND FOREST FIRES OCCURRING,10,2,1, , ,-9,-9, ,-9,-9,-9, ,1, , , , ,3,1,2,3,2,2,2,4,2,3,4, , , , ,3,1,5,2,3, ,2,1,1, ,2, , ,1, , , , , , , , , , , , , , ,3,1,2,98,-9,1,3,1, ,3,2,5,1,1,5,5,6,-9,CA,4,Masked,1.36, , , , 
168,168,FALL2015,1,1,2,1, ,1,1,1,1,1,2,TELEVISION REPORTS,6,2,1, , ,-9,-9, ,-9,-9,-9, ,2, , , , ,2,2,1,1,2,2,2,3,2,3,98, , , , ,4,2,5,1,4, ,2,2,4, ,4, , ,4, , , , , , , , , , , , , , ,3,1,2,3,-9,4,2,4, ,2,1,3,1,3,1,1,3,-9,FL,2,Masked,0.65, , , , 
169,169,FALL2015,1,1,1,2, ,1,1,1,1,4,1,MANY THIRD WORLD COUNTRIES BURN FOSSIL FUELS,8,1,1, , ,-9,-9, ,-9,-9,-9, ,2, , , , ,3,1,98,1,98,2,3,3,2,3,3, , , , ,98,3,5,2,4, ,4,1,1, ,98, , ,1, , , , , , , , , , , , , , ,3,3,2,4,-9,1,1,3, ,5,2,5,2,1,4,1,1,2,IL,3,Masked,0.7, , , , 
170,170,FALL2015,1,1,1,1, ,1,1,2,3,98,2,FOSSIL FULES,8,1,2, , ,-9,-9, ,-9,-9,-9, ,2, , , , ,3,1,2,1,98,98,98,2,2,3,98, , , , ,1,3,5,1,4, ,1,2,1, ,1, , ,1, , , , , , , , , , , , , , ,3,1,2,4,-9,1,98,1, ,2,2,99,5,99,4,4,5,-9,PA,1,Masked,1.38, , , , 
171,171,FALL2015,1,1,1,1, ,1,1,1,1,1,1,BECAUSE OF THE HUMAN ACTIVITY,8,1,1, , ,-9,-9, ,-9,-9,-9, ,1, , , , ,3,1,2,1,3,2,2,5,2,1,4, , , , ,2,1,1,1,4, ,2,1,1, ,1, , ,1, , , , , , , , , , , , , , ,3,4,2,5,-9,1,4,3, ,3,1,6,5,1,4,1,2,-9,MO,3,Masked,0.62, , , , 
172,172,FALL2015,1,1,2,1, ,1,2,2,3,4,2,COMMON SENSE,10,98,2, , ,-9,-9, ,-9,-9,-9, ,2, , , , ,2,1,1,2,98,98,98,1,98,98,98, , , , ,2,3,5,2,3, ,3,2,1, ,98, , ,2, , , , , , , , , , , , , , ,3,1,2,1,-9,1,98,3, ,1,1,1,5,4,2,3,6,-9,TX,2,Masked,2.27, , , , 
173,173,FALL2015,1,98,-9,-9, ,-9,-9,-9,-9,-9,-9, ,-9,-9,-9, , ,-9,-9, ,-9,-9,-9, ,2, , , , ,3,1,1,2,1,2,2,3,3,3,4, , , , ,4,3,5,2,4, ,2,2,1, ,3, , ,1, , , , , , , , , , , , , , ,3,4,2,3,-9,1,3,1, ,1,1,2,5,1,5,1,1,2,MA,1,Masked,1.2, , , , 
174,174,FALL2015,1,1,1,1, ,2,1,1,3,1,2,WARMER WINTERS AND LESS SNOW,2,2,2, , ,-9,-9, ,-9,-9,-9, ,2, , , , ,2,2,1,1,1,3,2,4,1,3,1, , , , ,4,3,5,2,4, ,2,2,1, ,98, , ,1, , , , , , , , , , , , , , ,3,1,2,3,-9,3,2,1, ,3,1,4,2,4,2,1,1,2,LA,2,Masked,1.1, , , , 
175,175,FALL2015,1,2,-9,-9, ,-9,-9,-9,-9,-9,-9, ,-9,-9,-9, , ,2,1,SAME AS USUAL,1,4,4, ,1, , , , ,3,2,1,2,1,98,98,5,1,3,1, , , , ,98,3,3,4,3, ,2,3,1, ,3, , ,2, , , , , , , , , , , , , , ,3,5,2,1,-9,1,3,3, ,4,1,4,5,4,2,1,5,-9,ME,1,Masked,0.62, , , , 
176,176,FALL2015,1,1,1,1, ,1,1,2,1,1,1,HOLES IN THE OZONE,10,1,1, , ,-9,-9, ,-9,-9,-9, ,1, , , , ,3,2,2,1,2,2,2,5,2,1,2, , , , ,1,2,2,2,1, ,1,2,1, ,2, , ,1, , , , , , , , , , , , , , ,3,1,2,1,-9,1,1,3, ,2,2,1,1,4,98,1,7,-9,GA,2,Masked,1.1, , , , 
177,177,FALL2015,1,2,-9,-9, ,-9,-9,-9,-9,-9,-9, ,-9,-9,-9, , ,2,4,WINTERS A LOT COLDER,2,4,1, ,2, , , , ,3,1,1,2,2,2,2,2,2,3,3, , , , ,2,3,2,2,2, ,2,98,2, ,3, , ,1, , , , , , , , , , , , , , ,3,4,2,3,-9,3,2,2, ,4,2,6,1,4,3,4,6,-9,MA,1,Masked,1.23, , , , 
178,178,FALL2015,1,1,1,1, ,98,1,1,4,4,1,DATA,4,98,3, , ,-9,-9, ,-9,-9,-9, ,1, , , , ,3,1,1,1,1,2,2,5,2,98,4, , , , ,4,3,1,1,4, ,1,1,1, ,4, , ,1, , , , , , , , , , , , , , ,3,1,2,6,-9,1,1,3, ,5,1,6,2,1,5,1,6,-9,MI,3,Masked,0.44, , , , 
179,179,FALL2015,1,1,2,1, ,1,1,1,1,2,2,WEATHER PATTERNS,3,1,2, , ,-9,-9, ,-9,-9,-9, ,2, , , , ,3,1,1,1,1,2,98,2,2,1,2, , , , ,2,3,2,1,4, ,2,1,1, ,1, , ,1, , , , , , , , , , , , , , ,3,5,2,4,-9,1,1,3, ,4,2,3,1,4,4,1,1,1,TX,2,Masked,0.9, , , , 
180,180,FALL2015,1,2,-9,-9, ,-9,-9,-9,-9,-9,-9, ,-9,-9,-9, , ,1,1,NO PROOF,3,3,3, ,2, , , , ,1,2,1,3,1,3,3,5,1,3,1, , , , ,2,3,2,2,3, ,2,4,2, ,4, , ,3, , , , , , , , , , , , , , ,3,1,2,1,-9,4,3,3, ,4,2,99,5,2,1,1,1,2,OH,3,Masked,0.8, , , , 
181,181,FALL2015,1,1,1,1, ,1,1,1,1,2,2,SCIENTIFIC ARTICLES,4,1,4, , ,-9,-9, ,-9,-9,-9, ,2, , , , ,2,2,1,1,1,2,2,5,2,3,3, , , , ,1,3,5,1,4, ,2,1,1, ,98, , ,1, , , , , , , , , , , , , , ,3,2,2,3,-9,2,2,1, ,4,1,5,5,2,3,1,2,-9,TX,2,Masked,0.83, , , , 
182,182,FALL2015,1,1,3,1, ,2,4,2,98,98,98,TOO HOT IN SUMMER,2,98,3, , ,-9,-9, ,-9,-9,-9, ,3, , , , ,3,98,98,2,98,98,98,1,98,98,98, , , , ,1,3,2,2,2, ,2,2,1, ,2, , ,1, , , , , , , , , , , , , , ,3,5,2,1,-9,2,98,2, ,2,2,99,1,4,3,3,2,-9,PA,1,Masked,2.63, , , , 
183,183,FALL2015,1,98,-9,-9, ,-9,-9,-9,-9,-9,-9, ,-9,-9,-9, , ,-9,-9, ,-9,-9,-9, ,2, , , , ,98,1,98,98,2,2,2,2,2,3,3, , , , ,98,1,2,2,1, ,98,98,1, ,98, , ,2, , , , , , , , , , , , , , ,3,1,2,98,-9,98,98,1, ,2,2,99,1,1,98,1,6,-9,TX,2,Masked,1.23, , , , 
184,184,FALL2015,1,1,1,1, ,1,1,1,1,1,1,"SEEN IT WHERE SHE LIVES, AREAS HAVE CHANGED",2,4,1, , ,-9,-9, ,-9,-9,-9, ,2, , , , ,3,1,1,1,1,2,3,3,2,3,2, , , , ,3,1,1,2,4, ,1,1,1, ,2, , ,2, , , , , , , , , , , , , , ,3,5,2,4,-9,1,1,4, ,3,2,3,4,2,2,1,2,-9,MT,4,Masked,0.93, , , , 
185,185,FALL2015,1,98,-9,-9, ,-9,-9,-9,-9,-9,-9, ,-9,-9,-9, , ,-9,-9, ,-9,-9,-9, ,3, , , , ,3,2,1,1,98,98,98,1,98,98,98, , , , ,4,3,5,98,4, ,4,4,1, ,4, , ,3, , , , , , , , , , , , , , ,3,2,2,5,-9,1,98,4, ,2,2,99,1,1,3,2,1,2,TN,2,Masked,1.38, , , , 
186,186,FALL2015,1,1,2,1, ,1,1,1,3,1,1,TEMPERATURES HAVE BEEN HOTTER,2,4,1, , ,-9,-9, ,-9,-9,-9, ,1, , , , ,1,2,1,4,1,2,2,4,2,1,4, , , , ,98,3,4,4,4, ,4,4,4, ,1, , ,4, , , , , , , , , , , , , , ,3,2,2,1,-9,4,4,1, ,3,1,98,1,2,2,1,7,-9,UT,4,Masked,1.05, , , , 
187,187,FALL2015,1,1,2,1, ,1,1,2,1,4,1,SPACE SHUTTLES,8,98,1, , ,-9,-9, ,-9,-9,-9, ,2, , , , ,3,1,2,3,2,2,2,1,2,3,4, , , , ,1,3,1,1,4, ,4,2,1, ,1, , ,1, , , , , , , , , , , , , , ,3,2,2,2,-9,1,4,2, ,3,2,99,5,2,1,1,2,-9,KY,2,Masked,1.33, , , , 
188,188,FALL2015,1,2,-9,-9, ,-9,-9,-9,-9,-9,-9, ,-9,-9,-9, , ,2,4,I DO NOT PAY ATTENTION TO IT,8,4,4, ,2, , , , ,3,1,1,1,2,2,2,2,2,3,3, , , , ,98,3,5,2,2, ,2,3,2, ,98, , ,1, , , , , , , , , , , , , , ,3,5,2,1,-9,2,2,2, ,2,2,3,1,4,4,1,1,2,NC,2,Masked,1.38, , , , 
189,189,FALL2015,1,98,-9,-9, ,-9,-9,-9,-9,-9,-9, ,-9,-9,-9, , ,-9,-9, ,-9,-9,-9, ,2, , , , ,1,98,1,1,98,98,98,1,98,98,98, , , , ,1,3,2,2,3, ,1,1,1, ,1, , ,2, , , , , , , , , , , , , , ,3,1,2,2,-9,1,3,3, ,2,2,99,1,4,2,1,2,-9,CA,4,Masked,0.9, , , , 
190,190,FALL2015,1,1,1,1, ,1,1,1,1,2,3,NOT SURE,10,3,2, , ,-9,-9, ,-9,-9,-9, ,2, , , , ,2,1,1,1,98,98,98,2,2,1,98, , , , ,1,3,1,1,4, ,2,2,1, ,2, , ,1, , , , , , , , , , , , , , ,3,2,2,4,-9,1,1,1, ,4,1,99,4,4,3,1,6,-9,PA,1,Masked,0.9, , , , 
191,191,FALL2015,1,2,-9,-9, ,-9,-9,-9,-9,-9,-9, ,-9,-9,-9, , ,4,4,WE HAVE ICE AGES AND TEMPERATURE VARIES,2,4,4, ,3, , , , ,1,1,3,1,3,2,2,2,3,3,4, , , , ,4,3,5,4,4, ,4,4,1, ,98, , ,4, , , , , , , , , , , , , , ,3,5,2,1,-9,1,4,2, ,3,1,4,5,3,1,1,6,-9,CO,4,Masked,1.15, , , , 
192,192,FALL2015,1,2,-9,-9, ,-9,-9,-9,-9,-9,-9, ,-9,-9,-9, , ,2,2,DATA INFORMATION,5,2,4, ,2, , , , ,98,2,4,98,1,98,3,3,1,2,1, , , , ,1,3,3,4,4, ,4,2,4, ,4, , ,1, , , , , , , , , , , , , , ,3,3,2,2,-9,1,4,3, ,5,1,99,1,2,2,1,1,98,NE,3,Masked,0.54, , , , 
193,193,FALL2015,1,1,1,1, ,1,1,1,1,4,1,POLLUTION,8,1,1, , ,-9,-9, ,-9,-9,-9, ,1, , , , ,3,2,1,2,1,2,2,2,2,3,4, , , , ,4,3,5,1,4, ,1,1,1, ,3, , ,1, , , , , , , , , , , , , , ,3,1,2,3,-9,1,1,1, ,4,2,4,5,1,3,1,1,2,FL,2,Masked,1.18, , , , 
194,194,FALL2015,1,1,2,1, ,2,2,2,2,3,2,CYCLES,9,3,2, , ,-9,-9, ,-9,-9,-9, ,1, , , , ,3,1,4,3,98,98,98,4,98,98,98, , , , ,98,3,5,3,4, ,4,98,2, ,3, , ,2, , , , , , , , , , , , , , ,3,1,2,98,-9,2,2,3, ,3,1,99,1,99,98,1,2,-9,MD,2, ,0.72, , , , 
195,195,FALL2015,1,2,-9,-9, ,-9,-9,-9,-9,-9,-9, ,-9,-9,-9, , ,2,1,SAME,1,4,4, ,3, , , , ,3,2,3,3,2,2,2,4,2,1,3, , , , ,2,3,5,98,4, ,4,3,1, ,2, , ,2, , , , , , , , , , , , , , ,3,3,2,98,-9,2,4,3, ,3,1,2,2,1,3,1,1,2,NE,3,Masked,0.87, , , , 
196,196,FALL2015,1,1,98,1, ,1,2,2,3,2,2,INTELLIGENCE,10,4,2, , ,-9,-9, ,-9,-9,-9, ,2, , , , ,98,1,1,4,1,2,2,5,2,98,3, , , , ,2,1,5,99,4, ,98,2,1, ,2, , ,1, , , , , , , , , , , , , , ,3,1,2,4,-9,1,4,4, ,4,1,3,1,1,3,1,1,98,SC,2,Masked,0.55, , , , 
197,197,FALL2015,1,1,3,2, ,1,2,1,4,3,4,MELTING POLAR CAPS,1,1,1, , ,-9,-9, ,-9,-9,-9, ,2, , , , ,3,1,1,2,1,2,2,3,2,3,3, , , , ,2,3,5,2,3, ,2,2,1, ,3, , ,1, , , , , , , , , , , , , , ,3,1,2,1,-9,1,2,3, ,4,2,5,5,1,4,1,1,2,LA,2,Masked,0.73, , , , 
198,198,FALL2015,1,1,3,1, ,2,2,1,2,4,1,WEATHER,3,2,2, , ,-9,-9, ,-9,-9,-9, ,2, , , , ,3,1,98,1,1,2,2,3,2,3,3, , , , ,1,3,2,2,4, ,2,2,1, ,1, , ,1, , , , , , , , , , , , , , ,3,1,2,3,-9,1,2,1, ,3,2,99,5,4,3,1,99,-9,MI,3,Masked,1.28, , , , 
199,199,FALL2015,1,1,1,1, ,2,3,2,2,2,1,TEACHERS,10,3,3, , ,-9,-9, ,-9,-9,-9, ,1, , , , ,3,1,2,2,1,2,2,4,2,1,3, , , , ,2,3,2,2,4, ,2,2,2, ,2, , ,1, , , , , , , , , , , , , , ,3,98,2,3,-9,1,2,1, ,3,1,98,5,1,5,1,7,-9,GA,2,Masked,1.05, , , , 
200,200,FALL2015,1,2,-9,-9, ,-9,-9,-9,-9,-9,-9, ,-9,-9,-9, , ,2,2,CYCLES,2,2,1, ,1, , , , ,98,2,3,3,1,3,3,5,1,2,1, , , , ,3,3,5,4,4, ,4,2,3, ,4, , ,2, , , , , , , , , , , , , , ,3,5,2,1,-9,3,4,4, ,4,1,98,6,1,2,1,1,2,ND,3,Masked,0.45, , , , 
201,201,FALL2015,1,1,3,1, ,1,2,1,2,1,4,HOTTER TEMPERATURES,2,1,1, , ,-9,-9, ,-9,-9,-9, ,2, , , , ,3,1,1,1,2,2,2,3,2,3,4, , , , ,1,3,5,3,3, ,2,3,1, ,2, , ,1, , , , , , , , , , , , , , ,3,1,2,2,-9,1,2,1, ,3,1,99,5,4,4,1,6,-9,CA,4,Masked,1.05, , , , 
202,202,FALL2015,1,2,-9,-9, ,-9,-9,-9,-9,-9,-9, ,-9,-9,-9, , ,2,1,POLITICIANS PROPAGANDA,7,2,4, ,2, , , , ,1,1,3,4,1,3,3,2,1,2,2, , , , ,98,3,5,4,3, ,3,4,4, ,4, , ,2, , , , , , , , , , , , , , ,3,5,2,1,-9,4,98,3, ,2,1,99,1,4,2,1,1,2,IL,3,Masked,0.67, , , , 
203,203,FALL2015,1,1,3,1, ,98,1,2,98,4,2,CYCLES,9,98,2, , ,-9,-9, ,-9,-9,-9, ,2, , , , ,3,98,4,4,98,98,98,1,98,98,98, , , , ,98,3,5,3,4, ,4,98,1, ,98, , ,2, , , , , , , , , , , , , , ,3,1,2,98,-9,1,98,1, ,4,1,99,5,99,99,5,99,-9,PA,1, ,1.05, , , , 
204,204,FALL2015,1,98,-9,-9, ,-9,-9,-9,-9,-9,-9, ,-9,-9,-9, , ,-9,-9, ,-9,-9,-9, ,2, , , , ,1,2,3,1,98,98,98,1,2,3,98, , , , ,3,3,5,2,1, ,1,2,1, ,1, , ,3, , , , , , , , , , , , , , ,3,2,2,3,-9,1,3,1, ,2,1,3,1,2,4,3,2,-9,NY,1,Masked,2.45, , , , 
205,205,FALL2015,1,1,3,2, ,3,3,1,3,2,2,RESEARCH DATA,4,3,1, , ,-9,-9, ,-9,-9,-9, ,2, , , , ,3,1,1,1,1,1,3,3,1,3,2, , , , ,1,3,2,2,2, ,2,2,1, ,2, , ,1, , , , , , , , , , , , , , ,3,2,2,1,-9,1,2,2, ,4,1,99,5,2,3,1,2,-9,MD,2,Masked,0.95, , , , 
206,206,FALL2015,1,2,-9,-9, ,-9,-9,-9,-9,-9,-9, ,-9,-9,-9, , ,2,1,NEWS,9,2,3, ,1, , , , ,3,2,3,4,1,3,3,4,1,2,1, , , , ,1,3,3,3,4, ,4,98,4, ,1, , ,3, , , , , , , , , , , , , , ,3,3,2,1,-9,98,4,2, ,4,1,99,5,4,2,99,99,-9,CA,4,Masked,1.1, , , , 
207,207,FALL2015,1,1,1,1, ,1,1,1,1,1,1,SEEN IT,2,1,1, , ,-9,-9, ,-9,-9,-9, ,1, , , , ,99,1,1,1,1,2,2,4,2,3,4, , , , ,4,1,1,1,4, ,1,1,1, ,4, , ,1, , , , , , , , , , , , , , ,3,1,2,3,-9,1,1,3, ,4,1,3,5,1,5,1,6,-9,CA,4,Masked,0.67, , , , 
208,208,FALL2015,1,1,3,1, ,1,1,1,1,1,2,MORE AUTOS AND HIGHER OCEAN TEMPERATURES,8,2,1, , ,-9,-9, ,-9,-9,-9, ,2, , , , ,2,98,1,1,1,2,98,3,3,3,2, , , , ,1,1,5,2,4, ,2,2,1, ,4, , ,1, , , , , , , , , , , , , , ,3,5,2,3,-9,1,2,3, ,4,1,5,1,1,1,1,1,2,FL,2,Masked,0.5, , , , 
209,209,FALL2015,1,1,1,1, ,1,3,1,3,3,3,GOING OUTSIDE AND TALKING TO PEOPLE ABOUT WEATHER,2,1,1, , ,-9,-9, ,-9,-9,-9, ,2, , , , ,3,1,2,1,98,2,2,5,2,3,4, , , , ,4,3,2,1,4, ,4,2,1, ,3, , ,1, , , , , , , , , , , , , , ,3,5,2,4,-9,1,1,2, ,4,1,1,5,3,5,5,6,-9,TX,2,Masked,1.3, , , , 
210,210,FALL2015,1,1,1,1, ,1,2,1,2,1,1,THINGS I READ BESIDES THE SCIENCE,6,2,1, , ,-9,-9, ,-9,-9,-9, ,1, , , , ,98,1,1,1,98,2,2,4,2,1,4, , , , ,2,3,1,1,4, ,4,1,1, ,3, , ,1, , , , , , , , , , , , , , ,3,2,2,5,-9,1,2,3, ,3,2,5,4,1,3,1,2,-9,NY,1,Masked,0.88, , , , 
211,211,FALL2015,1,1,2,2, ,2,2,2,98,4,4,WARMER  TEMPERATURES,2,2,2, , ,-9,-9, ,-9,-9,-9, ,1, , , , ,3,1,1,98,1,2,98,4,2,1,4, , , , ,98,98,98,98,4, ,4,1,1, ,2, , ,1, , , , , , , , , , , , , , ,3,1,2,98,-9,1,98,2, ,4,2,99,5,99,99,1,6,-9,OH,3, ,1.18, , , , 
212,212,FALL2015,1,1,2,1, ,2,1,1,2,1,2,GLACIERS ARE MELTING,1,1,2, , ,-9,-9, ,-9,-9,-9, ,2, , , , ,3,1,1,1,1,3,3,5,1,3,1, , , , ,2,3,2,1,4, ,4,2,1, ,98, , ,2, , , , , , , , , , , , , , ,3,2,2,99,-9,1,3,4, ,2,1,99,1,1,3,2,1,2,NY,1,Masked,1.15, , , , 
213,213,FALL2015,1,1,3,2, ,2,2,1,1,2,4,OVERPOPULATION,8,2,2, , ,-9,-9, ,-9,-9,-9, ,2, , , , ,1,1,3,3,3,3,3,4,1,2,1, , , , ,1,3,5,4,4, ,2,2,1, ,4, , ,1, , , , , , , , , , , , , , ,3,5,2,1,-9,1,3,4, ,2,1,99,1,1,3,1,1,2,TX,2,Masked,0.55, , , , 
214,214,FALL2015,1,98,-9,-9, ,-9,-9,-9,-9,-9,-9, ,-9,-9,-9, , ,-9,-9, ,-9,-9,-9, ,2, , , , ,98,2,1,1,1,2,2,2,2,3,4, , , , ,4,3,5,1,1, ,4,1,1, ,4, , ,1, , , , , , , , , , , , , , ,3,1,2,4,-9,1,1,1, ,2,1,4,5,1,5,2,1,2,NC,2,Masked,1.65, , , , 
215,215,FALL2015,1,1,3,1, ,1,1,2,2,4,1,RESEARCH,4,4,2, , ,-9,-9, ,-9,-9,-9, ,98, , , , ,98,1,1,1,1,2,2,3,2,3,3, , , , ,2,1,1,1,1, ,1,98,1, ,98, , ,1, , , , , , , , , , , , , , ,3,5,2,5,-9,1,1,2, ,5,1,99,5,1,4,3,2,-9,MA,1,Masked,2.27, , , , 
216,216,FALL2015,1,1,1,2, ,3,4,3,4,1,3,SCIENTIFC RESERCH,4,2,2, , ,-9,-9, ,-9,-9,-9, ,1, , , , ,3,1,2,1,1,1,1,5,2,1,4, , , , ,2,3,2,1,4, ,1,1,1, ,3, , ,1, , , , , , , , , , , , , , ,3,5,2,6,-9,1,1,1, ,5,1,5,5,1,5,1,7,-9,MA,1,Masked,0.8, , , , 
217,217,FALL2015,1,1,2,2, ,2,2,2,2,2,2,THAT IS HOW IT IS,10,1,1, , ,-9,-9, ,-9,-9,-9, ,2, , , , ,1,1,1,2,1,1,98,2,2,3,2, , , , ,2,1,2,4,98, ,4,2,1, ,2, , ,2, , , , , , , , , , , , , , ,3,2,2,2,-9,2,2,3, ,1,2,2,1,4,4,1,1,1,FL,2,Masked,1.1, , , , 
218,218,FALL2015,1,1,3,1, ,2,3,2,2,2,3,WEATHER CHANGES AND GLACIERS MELTING,3,2,3, , ,-9,-9, ,-9,-9,-9, ,1, , , , ,98,1,1,2,1,3,3,4,2,3,2, , , , ,1,98,2,2,3, ,3,2,1, ,4, , ,1, , , , , , , , , , , , , , ,3,2,2,3,-9,1,2,1, ,3,1,2,5,4,3,1,1,2,VA,2,Masked,1.2, , , , 
219,219,FALL2015,1,1,1,1, ,1,1,3,2,1,1,POLLUTION,8,1,1, , ,-9,-9, ,-9,-9,-9, ,98, , , , ,2,1,1,1,98,98,98,1,98,98,98, , , , ,1,1,1,1,4, ,4,1,1, ,4, , ,1, , , , , , , , , , , , , , ,3,1,2,2,-9,1,98,1, ,2,2,3,5,1,3,3,6,-9,NY,1,Masked,2.68, , , , 
220,220,FALL2015,1,2,-9,-9, ,-9,-9,-9,-9,-9,-9, ,-9,-9,-9, , ,4,1,NOT SURE,9,3,2, ,3, , , , ,1,2,3,3,1,2,3,2,2,3,2, , , , ,98,3,5,3,4, ,3,4,1, ,3, , ,3, , , , , , , , , , , , , , ,3,5,2,1,-9,1,2,1, ,3,1,99,5,2,1,1,6,-9,HI,4,Masked,1.05, , , , 
221,221,FALL2015,1,98,-9,-9, ,-9,-9,-9,-9,-9,-9, ,-9,-9,-9, , ,-9,-9, ,-9,-9,-9, ,2, , , , ,3,1,1,2,3,2,2,3,2,3,4, , , , ,4,3,5,2,4, ,98,1,2, ,1, , ,2, , , , , , , , , , , , , , ,3,2,2,1,-9,2,2,3, ,3,2,2,1,4,3,5,6,-9,CA,4,Masked,1.25, , , , 
222,222,FALL2015,1,1,3,2, ,2,2,2,2,3,2,COMBINATION OF NATURAL AND MAN MADE FACTORS,10,3,3, , ,-9,-9, ,-9,-9,-9, ,2, , , , ,2,2,1,1,1,2,3,3,2,3,2, , , , ,1,3,5,2,2, ,2,2,1, ,2, , ,1, , , , , , , , , , , , , , ,3,5,2,2,-9,1,1,2, ,4,1,6,5,4,2,1,6,-9,AZ,4,Masked,0.85, , , , 
223,223,FALL2015,2,1,3,2, ,1,1,2,1,4,4,WEATHER IS HOTTER THEN NORMAL,2,2,1, , ,-9,-9, ,-9,-9,-9, ,2, , , , ,98,1,98,98,98,98,98,1,98,98,98, , , , ,98,3,5,2,3, ,2,2,1, ,98, , ,1, , , , , , , , , , , , , , ,20,1,1,-9,98,1,3,3, ,2,2,99,1,4,4,1,1,2,CA,4,Masked,0.9, , , , 
224,224,FALL2015,2,1,3,1, ,1,1,1,1,1,2,MELTING OF GLACIERS,1,1,1, , ,-9,-9, ,-9,-9,-9, ,1, , , , ,2,1,1,1,1,2,98,4,2,3,2, , , , ,1,3,5,2,4, ,2,1,1, ,98, , ,1, , , , , , , , , , , , , , ,20,1,1,-9,2,1,2,4, ,4,2,3,1,2,3,1,1,2,FL,2,Masked,0.78, , , , 
225,225,FALL2015,2,2,-9,-9, ,-9,-9,-9,-9,-9,-9, ,-9,-9,-9, , ,1,2,CYCLES,2,3,1, ,1, , , , ,98,2,98,4,1,1,1,5,1,2,1, , , , ,4,3,5,4,4, ,4,98,4, ,98, , ,2, , , , , , , , , , , , , , ,20,4,1,-9,98,4,4,4, ,3,1,99,5,2,2,1,98,-9,UT,4, ,0.6, , , , 
226,226,FALL2015,2,1,2,1, ,2,2,1,2,2,98,SUNS GETTING CLOSER TO THE EARTH,10,2,2, , ,-9,-9, ,-9,-9,-9, ,3, , , , ,3,2,1,2,1,2,2,2,3,3,3, , , , ,2,1,2,2,3, ,3,2,1, ,98, , ,1, , , , , , , , , , , , , , ,20,1,1,-9,1,1,2,3, ,2,2,99,1,1,3,1,2,-9,AR,2,Masked,0.9, , , , 
227,227,FALL2015,2,1,3,1, ,3,2,1,2,3,2,WEATHER CHANGE,3,2,2, , ,-9,-9, ,-9,-9,-9, ,2, , , , ,3,1,1,1,1,1,3,3,2,3,4, , , , ,1,3,2,1,3, ,1,1,1, ,2, , ,1, , , , , , , , , , , , , , ,20,5,1,-9,4,1,98,4, ,3,2,99,1,99,1,1,2,-9,IL,3,Masked,0.83, , , , 
228,228,FALL2015,2,1,2,2, ,1,3,3,2,3,1,ON LINE RESOURCES,6,3,3, , ,-9,-9, ,-9,-9,-9, ,2, , , , ,3,2,2,2,1,3,2,1,2,3,2, , , , ,3,3,5,3,4, ,4,2,2, ,3, , ,1, , , , , , , , , , , , , , ,20,5,1,-9,2,2,2,1, ,2,1,1,1,4,3,1,6,-9,MO,3,Masked,1.2, , , , 
229,229,FALL2015,2,2,-9,-9, ,-9,-9,-9,-9,-9,-9, ,-9,-9,-9, , ,1,2,WE ARE IN NATURAL PATTERN OF CHANGE,2,2,2, ,2, , , , ,2,2,1,3,1,1,1,3,1,3,2, , , , ,1,3,5,4,4, ,2,3,1, ,4, , ,1, , , , , , , , , , , , , , ,20,1,1,-9,3,4,3,4, ,2,2,3,1,2,1,1,2,-9,TX,2,Masked,0.88, , , , 
230,230,FALL2015,2,1,2,1, ,1,2,1,4,2,98,GLACIERS MELTING,1,1,1, , ,-9,-9, ,-9,-9,-9, ,2, , , , ,3,1,98,98,98,98,98,2,3,98,98, , , , ,98,1,5,3,3, ,2,2,2, ,98, , ,2, , , , , , , , , , , , , , ,20,1,1,-9,2,2,98,4, ,2,2,99,2,99,99,1,99,-9,CA,4,Masked,0.78, , , , 
231,231,FALL2015,2,2,-9,-9, ,-9,-9,-9,-9,-9,-9, ,-9,-9,-9, , ,2,2,RECENT TEMPERATURES,1,2,4, ,2, , , , ,3,2,1,4,1,3,3,4,1,2,1, , , , ,2,3,4,4,3, ,3,4,3, ,3, , ,4, , , , , , , , , , , , , , ,3,5,2,1,-9,4,4,3, ,4,1,1,2,2,2,1,1,2,IL,3,Masked,0.77, , , , 
232,232,FALL2015,2,1,1,1, ,1,1,1,2,2,2,GLAICERS ARE MELTING,1,1,1, , ,-9,-9, ,-9,-9,-9, ,1, , , , ,3,1,1,1,1,1,2,4,2,1,3, , , , ,2,3,5,2,4, ,4,1,2, ,2, , ,2, , , , , , , , , , , , , , ,3,1,2,5,-9,2,1,4, ,4,2,3,2,1,4,1,98,-9,CA,4,Masked,0.78, , , , 
233,233,FALL2015,2,1,1,1, ,2,1,1,2,3,1,NEWS AND WEATHER REPORTS,6,2,2, , ,-9,-9, ,-9,-9,-9, ,2, , , , ,3,1,1,1,1,2,2,4,2,1,3, , , , ,1,1,1,1,1, ,1,2,1, ,1, , ,1, , , , , , , , , , , , , , ,3,5,2,3,-9,1,1,4, ,4,1,99,2,4,2,1,2,-9,IL,3,Masked,0.45, , , , 
234,234,FALL2015,2,1,3,1, ,1,1,1,1,1,3,MEDIA,6,1,1, , ,-9,-9, ,-9,-9,-9, ,3, , , , ,3,1,2,1,98,98,98,1,98,98,1, , , , ,1,2,2,1,3, ,2,2,1, ,98, , ,1, , , , , , , , , , , , , , ,20,1,2,1,-9,1,3,3, ,3,2,3,5,1,2,1,1,2,CA,4,Masked,1.05, , , , 
235,235,FALL2015,2,1,2,2, ,1,1,2,2,1,1,WEATHER,3,2,1, , ,-9,-9, ,-9,-9,-9, ,2, , , , ,3,1,1,1,1,1,1,2,2,3,4, , , , ,1,3,5,2,4, ,4,1,1, ,2, , ,1, , , , , , , , , , , , , , ,20,1,2,3,-9,1,4,3, ,4,2,3,1,2,98,1,3,-9,NV,4,Masked,0.9, , , , 
236,236,FALL2015,2,1,3,2, ,1,2,1,3,3,3,RISING TIDES,11,1,1, , ,-9,-9, ,-9,-9,-9, ,2, , , , ,3,2,2,1,1,2,2,3,3,2,2, , , , ,2,3,5,2,3, ,2,2,1, ,2, , ,1, , , , , , , , , , , , , , ,20,1,2,2,-9,1,2,4, ,4,1,3,1,2,2,1,1,2,CA,4,Masked,0.55, , , , 
237,237,FALL2015,2,1,3,1, ,1,1,1,1,1,3,MUCH WARMER TEMPERATURES,2,1,1, , ,-9,-9, ,-9,-9,-9, ,2, , , , ,2,1,1,1,1,2,2,4,2,3,4, , , , ,2,3,5,1,4, ,2,2,1, ,98, , ,1, , , , , , , , , , , , , , ,20,1,2,4,-9,1,2,3, ,4,2,6,1,2,3,1,1,2,CA,4,Masked,0.7, , , , 
238,238,FALL2015,2,1,99,3, ,2,2,2,98,1,3,NOT SURE,10,98,98, , ,-9,-9, ,-9,-9,-9, ,2, , , , ,98,2,3,4,2,2,2,99,2,99,99, , , , ,99,3,5,4,98, ,98,2,99, ,99, , ,99, , , , , , , , , , , , , , ,20,3,2,2,-9,99,98,4, ,3,2,99,1,2,3,1,1,1,CA,4,Masked,0.83, , , , 
239,239,FALL2015,2,2,-9,-9, ,-9,-9,-9,-9,-9,-9, ,-9,-9,-9, , ,3,1,CONFLICTING DATA,3,3,3, ,1, , , , ,99,2,2,4,1,3,3,5,1,3,1, , , , ,2,3,3,2,4, ,4,98,1, ,4, , ,4, , , , , , , , , , , , , , ,20,5,2,1,-9,1,4,3, ,5,1,99,5,2,2,1,1,2,CA,4,Masked,0.54, , , , 
240,240,FALL2015,1,2,-9,-9, ,-9,-9,-9,-9,-9,-9, ,-9,-9,-9, , ,1,3,UNPREDICTABLE,9,3,4, ,1, , , , ,3,2,4,1,1,3,2,5,1,98,1, , , , ,1,99,99,99,1, ,4,3,1, ,4, , ,1, , , , , , , , , , , , , , ,20,5,1,-9,1,1,4,3, ,4,1,6,3,2,2,1,1,1,OH,3,Masked,0.47, , , , 
241,241,FALL2015,1,1,3,1, ,2,2,2,2,2,2,NO SNOWFALL,3,2,2, , ,-9,-9, ,-9,-9,-9, ,1, , , , ,98,1,98,98,98,98,98,98,98,98,98, , , , ,2,3,5,4,4, ,4,1,1, ,98, , ,4, , , , , , , , , , , , , , ,20,2,1,-9,98,98,98,2, ,5,1,99,1,4,98,1,6,-9,ID,4, ,0.92, , , , 
242,242,FALL2015,1,1,1,1, ,2,2,1,2,2,1,RESEARCH,4,2,2, , ,-9,-9, ,-9,-9,-9, ,2, , , , ,3,1,1,1,1,2,2,3,98,3,3, , , , ,2,3,2,2,2, ,2,1,1, ,1, , ,2, , , , , , , , , , , , , , ,20,1,1,-9,98,2,2,2, ,5,2,98,5,1,4,4,98,-9,NY,1,Masked,1.3, , , , 
243,243,FALL2015,1,2,-9,-9, ,-9,-9,-9,-9,-9,-9, ,-9,-9,-9, , ,1,4,ALWAYS SEEMS THE SAME,1,4,4, ,2, , , , ,98,2,1,1,1,3,3,2,1,3,1, , , , ,1,98,5,98,1, ,4,4,1, ,4, , ,1, , , , , , , , , , , , , , ,20,4,1,-9,2,1,98,4, ,3,1,3,1,2,1,1,1,98,KY,2,Masked,0.7, , , , 
244,244,FALL2015,1,2,-9,-9, ,-9,-9,-9,-9,-9,-9, ,-9,-9,-9, , ,1,1,WATCH THE NEWS,9,1,4, ,2, , , , ,98,1,4,4,1,3,3,2,3,3,98, , , , ,4,3,5,2,4, ,4,4,4, ,4, , ,4, , , , , , , , , , , , , , ,20,5,1,-9,1,4,2,3, ,4,1,4,1,2,2,1,2,-9,IL,3,Masked,0.62, , , , 
245,245,FALL2015,1,1,3,1, ,4,4,1,4,2,1,DATA,4,2,4, , ,-9,-9, ,-9,-9,-9, ,1, , , , ,98,1,98,1,98,2,2,3,2,98,98, , , , ,4,3,98,98,2, ,2,1,1, ,98, , ,1, , , , , , , , , , , , , , ,20,98,1,-9,98,1,1,2, ,5,2,99,4,99,1,1,1,1,CA,4, ,1.15, , , , 
246,246,FALL2015,1,98,-9,-9, ,-9,-9,-9,-9,-9,-9, ,-9,-9,-9, , ,-9,-9, ,-9,-9,-9, ,2, , , , ,3,1,1,1,2,2,2,2,2,3,4, , , , ,2,3,5,2,3, ,2,4,1, ,4, , ,1, , , , , , , , , , , , , , ,20,98,1,-9,1,2,2,4, ,1,2,99,1,1,3,3,2,-9,FL,2,Masked,2.18, , , , 
247,247,FALL2015,1,1,3,2, ,2,4,1,4,3,2,ARTICLES THAT I HAVE READ,6,2,2, , ,-9,-9, ,-9,-9,-9, ,2, , , , ,3,1,1,1,98,2,98,5,2,1,4, , , , ,4,3,5,2,4, ,1,2,1, ,4, , ,1, , , , , , , , , , , , , , ,20,5,1,-9,5,1,1,2, ,4,2,99,5,2,2,1,1,2,TN,2,Masked,1.18, , , , 
248,248,FALL2015,1,1,3,1, ,4,2,1,1,1,2,NATURAL TENDENCIES OF EARTH,9,1,4, , ,-9,-9, ,-9,-9,-9, ,2, , , , ,2,1,1,4,1,2,98,4,3,3,4, , , , ,1,2,5,4,4, ,2,1,3, ,4, , ,1, , , , , , , , , , , , , , ,20,3,1,-9,3,3,2,1, ,4,1,5,1,4,3,1,2,-9,MN,3,Masked,0.83, , , , 
249,249,FALL2015,1,1,3,1, ,1,1,3,2,3,4,INDUSTRIAL SMOG,8,3,1, , ,-9,-9, ,-9,-9,-9, ,2, , , , ,3,2,2,1,1,1,2,2,3,2,2, , , , ,3,3,2,2,2, ,2,3,1, ,2, , ,1, , , , , , , , , , , , , , ,20,1,1,-9,3,1,1,2, ,3,1,2,2,1,3,5,1,2,TX,2,Masked,1.4, , , , 
250,250,FALL2015,1,1,98,1, ,1,1,1,1,1,2,TV REPORTS ON CONDITIONS,6,1,1, , ,-9,-9, ,-9,-9,-9, ,2, , , , ,2,2,1,1,98,2,3,3,2,2,98, , , , ,1,1,5,1,4, ,1,2,1, ,98, , ,1, , , , , , , , , , , , , , ,20,1,1,-9,3,1,2,4, ,4,2,99,1,4,3,1,1,2,NC,2,Masked,0.68, , , , 
251,251,FALL2015,1,1,1,1, ,2,1,1,1,2,3,OBSERVATION OF THE POLAR CAPS AND MORE SERVERE STORMS,1,2,2, , ,-9,-9, ,-9,-9,-9, ,1, , , , ,3,1,2,1,3,2,2,2,2,3,4, , , , ,4,3,1,1,4, ,2,1,1, ,1, , ,1, , , , , , , , , , , , , , ,20,5,1,-9,2,1,1,2, ,3,1,5,1,1,5,3,6,-9,KS,3,Masked,2.38, , , , 
252,252,FALL2015,1,1,1,98, ,98,2,2,1,2,2,GETTING HOTTER,2,4,1, , ,-9,-9, ,-9,-9,-9, ,2, , , , ,2,1,1,2,2,2,1,98,2,1,4, , , , ,2,1,1,2,4, ,3,3,1, ,1, , ,2, , , , , , , , , , , , , , ,20,1,1,-9,98,98,1,1, ,2,2,6,1,1,98,3,1,1,FL,2,Masked,2.48, , , , 
253,253,FALL2015,1,1,3,2, ,1,1,3,1,2,4,CYCLES OVER THE YEARS,9,3,2, , ,-9,-9, ,-9,-9,-9, ,2, , , , ,3,1,1,1,2,2,2,2,2,3,3, , , , ,2,3,5,2,4, ,2,3,1, ,3, , ,1, , , , , , , , , , , , , , ,20,5,1,-9,1,2,1,4, ,2,2,99,1,4,4,1,1,2,SC,2,Masked,0.78, , , , 
254,254,FALL2015,1,1,1,2, ,1,1,1,98,1,98,READ IN THE NEWS,6,1,1, , ,-9,-9, ,-9,-9,-9, ,2, , , , ,3,1,1,4,1,2,2,2,2,1,4, , , , ,1,98,98,98,4, ,4,1,1, ,1, , ,1, , , , , , , , , , , , , , ,20,1,1,-9,5,1,4,3, ,3,2,6,1,4,3,1,99,-9,NV,4,Masked,0.85, , , , 
255,255,FALL2015,1,1,2,2, ,2,98,2,3,2,3,CYCLES,9,4,2, , ,-9,-9, ,-9,-9,-9, ,2, , , , ,98,98,98,98,98,98,98,98,98,98,98, , , , ,98,98,98,98,4, ,98,1,98, ,98, , ,98, , , , , , , , , , , , , , ,20,2,1,-9,98,98,98,2, ,2,1,99,4,2,1,2,6,-9,GA,2,Masked,1.65, , , , 
256,256,FALL2015,1,98,-9,-9, ,-9,-9,-9,-9,-9,-9, ,-9,-9,-9, , ,-9,-9, ,-9,-9,-9, ,2, , , , ,3,1,1,1,1,2,2,2,3,2,2, , , , ,1,3,2,2,1, ,2,2,1, ,2, , ,1, , , , , , , , , , , , , , ,20,98,1,-9,3,1,1,1, ,3,2,4,5,1,4,3,2,-9,NY,1,Masked,2.68, , , , 
257,257,FALL2015,1,1,2,2, ,3,3,1,3,4,2,ICEBERGS ARE SHRINKING,1,1,98, , ,-9,-9, ,-9,-9,-9, ,4, , , , ,98,2,3,4,98,98,2,5,2,3,4, , , , ,1,3,5,4,1, ,4,4,1, ,4, , ,98, , , , , , , , , , , , , , ,20,5,1,-9,98,1,4,3, ,5,2,99,5,2,2,1,1,1,AL,2,Masked,0.77, , , , 
258,258,FALL2015,1,1,3,1, ,2,3,1,2,3,2,GLACIERS MELTING,1,2,2, , ,-9,-9, ,-9,-9,-9, ,1, , , , ,3,1,1,2,1,3,3,2,1,3,2, , , , ,1,3,2,2,2, ,2,2,1, ,2, , ,1, , , , , , , , , , , , , , ,20,2,1,-9,1,1,2,2, ,3,1,99,1,1,2,1,2,-9,NY,1,Masked,1.1, , , , 
259,259,FALL2015,1,1,2,3, ,1,1,2,1,98,4,WHAT YOU SEE ON TV,6,4,98, , ,-9,-9, ,-9,-9,-9, ,2, , , , ,3,1,4,1,1,1,98,4,2,98,4, , , , ,4,3,3,3,4, ,4,2,1, ,4, , ,1, , , , , , , , , , , , , , ,20,2,1,-9,98,1,1,3, ,4,1,6,5,2,3,1,6,-9,AZ,4,Masked,0.47, , , , 
260,260,FALL2015,1,1,3,1, ,1,1,1,1,1,1,WEATHER PATTERNS THAT ARE MIXING WITH THE POLLUTION OF MANKIN,3,1,1, , ,-9,-9, ,-9,-9,-9, ,1, , , , ,3,1,1,2,1,2,2,2,2,3,4, , , , ,4,3,2,2,4, ,98,1,1, ,4, , ,1, , , , , , , , , , , , , , ,20,4,1,-9,4,1,1,4, ,3,2,4,2,3,3,1,1,2,CT,1,Masked,0.88, , , , 
261,261,FALL2015,1,1,1,1, ,1,1,1,1,1,1,DECREASE OF ICE GLACERS,1,1,1, , ,-9,-9, ,-9,-9,-9, ,2, , , , ,3,1,2,1,1,2,2,5,2,1,4, , , , ,2,3,5,1,4, ,2,1,1, ,1, , ,1, , , , , , , , , , , , , , ,20,2,1,-9,3,1,3,1, ,3,1,6,5,1,5,1,6,-9,UT,4,Masked,0.95, , , , 
262,262,FALL2015,1,98,-9,-9, ,-9,-9,-9,-9,-9,-9, ,-9,-9,-9, , ,-9,-9, ,-9,-9,-9, ,2, , , , ,3,1,2,1,2,2,2,2,2,3,4, , , , ,1,1,2,2,2, ,2,4,1, ,4, , ,1, , , , , , , , , , , , , , ,20,5,1,-9,1,1,1,1, ,1,1,99,1,1,4,3,2,-9,SC,2,Masked,2.4, , , , 
263,263,FALL2015,1,1,2,1, ,2,4,3,4,2,98,NATURAL CYCLE,9,98,4, , ,-9,-9, ,-9,-9,-9, ,1, , , , ,99,2,3,4,1,3,1,5,1,3,1, , , , ,1,3,5,1,4, ,4,2,1, ,4, , ,1, , , , , , , , , , , , , , ,20,2,1,-9,1,4,4,4, ,4,1,6,1,4,3,1,6,-9,TX,2,Masked,0.35, , , , 
264,264,FALL2015,1,1,3,1, ,3,2,2,3,3,3,WEATHER CHANGES,3,2,2, , ,-9,-9, ,-9,-9,-9, ,3, , , , ,3,1,2,1,1,1,3,2,1,3,2, , , , ,1,1,3,2,3, ,2,2,1, ,2, , ,1, , , , , , , , , , , , , , ,20,2,1,-9,99,2,2,4, ,3,2,99,2,2,1,1,2,-9,NC,2,Masked,0.83, , , , 
265,265,FALL2015,1,1,2,2, ,1,3,1,2,3,4,POPULATION GROWTH,8,3,3, , ,-9,-9, ,-9,-9,-9, ,2, , , , ,3,2,1,2,2,2,2,5,2,1,3, , , , ,3,3,5,2,4, ,4,3,1, ,3, , ,1, , , , , , , , , , , , , , ,20,4,1,-9,4,1,4,3, ,2,1,4,2,4,2,3,2,-9,CO,4,Masked,2.07, , , , 
266,266,FALL2015,1,1,2,1, ,4,4,1,4,4,4,CYCLES,9,98,4, , ,-9,-9, ,-9,-9,-9, ,1, , , , ,98,2,98,99,1,3,3,5,1,2,1, , , , ,3,3,5,4,4, ,4,1,3, ,4, , ,3, , , , , , , , , , , , , , ,20,5,1,-9,99,3,99,4, ,5,1,99,1,2,1,1,1,1,AL,2, ,0.42, , , , 
267,267,FALL2015,1,1,2,1, ,1,1,1,2,1,98,HEAT IS GETTING WORSE,2,98,1, , ,-9,-9, ,-9,-9,-9, ,2, , , , ,1,1,2,98,1,2,1,2,2,3,4, , , , ,1,3,5,4,4, ,1,3,1, ,1, , ,98, , , , , , , , , , , , , , ,20,1,1,-9,1,4,1,4, ,2,2,99,1,1,1,2,5,-9,NC,2,Masked,1.38, , , , 
268,268,FALL2015,1,2,-9,-9, ,-9,-9,-9,-9,-9,-9, ,-9,-9,-9, , ,1,3,EVERYTHING I HAVE DONE ON MY OWN RESEARCH,9,1,1, ,2, , , , ,1,2,1,4,1,3,3,4,3,2,1, , , , ,1,3,5,98,4, ,2,3,2, ,98, , ,2, , , , , , , , , , , , , , ,20,5,1,-9,3,2,3,2, ,5,1,4,1,4,2,1,6,-9,CO,4,Masked,0.97, , , , 
269,269,FALL2015,1,1,3,1, ,2,2,2,2,3,2,CYCLES AND HUMANS,9,2,4, , ,-9,-9, ,-9,-9,-9, ,1, , , , ,98,1,98,1,2,2,2,5,2,1,4, , , , ,1,1,2,1,4, ,2,98,1, ,98, , ,2, , , , , , , , , , , , , , ,20,5,1,-9,98,1,2,4, ,4,1,99,1,99,4,1,2,-9,AL,2, ,0.45, , , , 
270,270,FALL2015,1,1,2,1, ,1,1,1,1,2,3,THROUGH HISTORY,10,2,1, , ,-9,-9, ,-9,-9,-9, ,2, , , , ,3,1,1,2,1,2,2,2,3,3,3, , , , ,1,3,5,1,3, ,2,3,1, ,1, , ,1, , , , , , , , , , , , , , ,20,1,1,-9,1,1,3,2, ,4,1,4,1,1,5,2,6,-9,TN,2,Masked,1.6, , , , 
271,271,FALL2015,1,1,1,2, ,2,1,1,2,3,2,ICE CAPS MELTING,1,1,3, , ,-9,-9, ,-9,-9,-9, ,2, , , , ,2,2,4,2,2,2,2,2,2,3,4, , , , ,2,3,5,2,3, ,2,2,1, ,3, , ,1, , , , , , , , , , , , , , ,20,2,1,-9,98,2,2,3, ,4,1,3,1,4,1,1,1,2,KY,2,Masked,0.67, , , , 
272,272,FALL2015,1,1,2,1, ,2,4,1,4,1,2,WE BURNED OUT THE OZONE,8,98,1, , ,-9,-9, ,-9,-9,-9, ,2, , , , ,98,1,98,1,1,1,98,2,98,98,98, , , , ,2,3,98,98,98, ,2,4,1, ,98, , ,1, , , , , , , , , , , , , , ,20,1,1,-9,98,2,2,3, ,1,1,1,5,98,98,1,98,-9,CA,4,Masked,0.92, , , , 
273,273,FALL2015,1,1,1,1, ,1,1,1,1,1,1,LISTENING TO SCEINTISTS,4,1,1, , ,-9,-9, ,-9,-9,-9, ,1, , , , ,3,1,2,1,3,2,2,5,2,1,4, , , , ,2,3,2,1,1, ,1,1,1, ,3, , ,1, , , , , , , , , , , , , , ,20,2,1,-9,6,1,1,3, ,5,2,1,5,1,5,1,1,2,SC,2,Masked,0.97, , , , 
274,274,FALL2015,1,1,3,2, ,3,2,2,2,2,3,LOTS OF WEATHER CHANGES,3,2,2, , ,-9,-9, ,-9,-9,-9, ,2, , , , ,2,1,2,2,1,1,3,2,1,2,2, , , , ,3,2,2,2,2, ,2,2,1, ,1, , ,2, , , , , , , , , , , , , , ,20,2,1,-9,99,2,2,2, ,3,2,3,1,2,2,1,2,-9,CA,4,Masked,1.43, , , , 
275,275,FALL2015,1,1,1,1, ,1,1,1,1,2,2,MORE USAGE OF FOSSIL FUELS,8,1,1, , ,-9,-9, ,-9,-9,-9, ,2, , , , ,2,98,1,1,1,2,2,1,2,3,2, , , , ,1,3,5,2,4, ,2,1,1, ,4, , ,1, , , , , , , , , , , , , , ,20,1,1,-9,2,1,2,1, ,3,1,3,5,1,3,1,1,2,SC,2,Masked,1.15, , , , 
276,276,FALL2015,1,98,-9,-9, ,-9,-9,-9,-9,-9,-9, ,-9,-9,-9, , ,-9,-9, ,-9,-9,-9, ,2, , , , ,3,1,2,1,98,98,98,2,98,98,98, , , , ,98,1,5,2,4, ,4,1,1, ,2, , ,1, , , , , , , , , , , , , , ,20,98,1,-9,2,1,98,1, ,2,1,1,1,3,3,1,2,-9,VA,2,Masked,1.2, , , , 
277,277,FALL2015,1,2,-9,-9, ,-9,-9,-9,-9,-9,-9, ,-9,-9,-9, , ,1,3,PATTERNS,2,1,1, ,1, , , , ,3,1,1,98,1,2,2,1,1,3,1, , , , ,1,3,3,4,4, ,4,4,1, ,1, , ,1, , , , , , , , , , , , , , ,20,5,1,-9,2,1,98,2, ,3,1,2,5,2,2,1,1,98,MI,3,Masked,1.25, , , , 
278,278,FALL2015,1,1,1,1, ,2,2,2,4,3,1,WEATHER IS CHANGING SO MUCH,3,3,4, , ,-9,-9, ,-9,-9,-9, ,2, , , , ,3,1,1,2,1,1,3,2,1,2,2, , , , ,1,3,2,1,2, ,2,1,1, ,2, , ,1, , , , , , , , , , , , , , ,20,1,1,-9,2,1,2,1, ,4,1,3,5,2,3,1,2,-9,NC,2,Masked,1, , , , 
279,279,FALL2015,1,1,1,1, ,1,1,1,2,1,2,WARMER IN MORE SEASONS,2,1,1, , ,-9,-9, ,-9,-9,-9, ,2, , , , ,2,1,1,1,1,2,2,2,2,3,1, , , , ,1,3,5,98,4, ,2,2,1, ,4, , ,1, , , , , , , , , , , , , , ,20,1,1,-9,2,1,2,1, ,2,2,2,5,1,5,2,6,-9,GA,2,Masked,1.98, , , , 
280,280,FALL2015,1,1,3,1, ,2,3,3,3,4,2,SCIENTIFIC RECORDS,4,4,3, , ,-9,-9, ,-9,-9,-9, ,1, , , , ,3,1,1,1,1,98,98,4,3,3,2, , , , ,2,3,5,2,4, ,4,2,1, ,4, , ,2, , , , , , , , , , , , , , ,20,5,1,-9,5,3,2,3, ,4,1,6,5,3,3,5,7,-9,NV,4,Masked,0.62, , , , 
281,281,FALL2015,1,1,1,1, ,1,1,2,2,3,1,IMPACT OF HUMANS AND RESORCES WE USE,8,2,1, , ,-9,-9, ,-9,-9,-9, ,1, , , , ,3,1,1,1,1,2,3,3,1,2,2, , , , ,4,3,5,1,4, ,3,1,1, ,1, , ,2, , , , , , , , , , , , , , ,20,1,1,-9,4,1,1,1, ,3,1,5,5,3,4,1,6,-9,CA,4,Masked,0.98, , , , 
282,282,FALL2015,1,1,1,1, ,1,1,1,3,1,1,BURNING OF FOSSIL FUELS,8,2,1, , ,-9,-9, ,-9,-9,-9, ,2, , , , ,3,1,2,2,1,1,3,2,1,2,1, , , , ,1,2,1,2,4, ,3,1,1, ,2, , ,1, , , , , , , , , , , , , , ,20,1,1,-9,4,1,2,1, ,3,1,2,5,4,3,3,2,-9,TX,2,Masked,2.55, , , , 
283,283,FALL2015,2,1,1,1, ,1,1,1,4,2,2,DEFORESTATION,8,1,2, , ,-9,-9, ,-9,-9,-9, ,2, , , , ,2,1,1,1,1,2,2,2,2,3,4, , , , ,2,2,5,1,2, ,2,1,1, ,98, , ,1, , , , , , , , , , , , , , ,3,1,2,4,-9,1,2,3, ,5,2,6,1,4,4,1,6,-9,CA,4,Masked,0.67, , , , 
284,284,FALL2015,2,1,3,1, ,1,1,1,3,2,1,THE WEATHER,3,1,1, , ,-9,-9, ,-9,-9,-9, ,1, , , , ,98,1,2,2,1,2,2,5,2,1,4, , , , ,3,3,1,1,4, ,1,1,2, ,4, , ,1, , , , , , , , , , , , , , ,3,5,2,1,-9,2,1,4, ,4,1,2,2,4,3,1,6,-9,MN,3,Masked,0.6, , , , 
285,285,FALL2015,2,2,-9,-9, ,-9,-9,-9,-9,-9,-9, ,-9,-9,-9, , ,2,4,WEATHER IS ALWAYS THE SAME,1,4,4, ,2, , , , ,3,1,2,1,2,2,2,2,2,3,4, , , , ,3,3,5,2,3, ,4,3,2, ,3, , ,1, , , , , , , , , , , , , , ,3,1,2,1,-9,2,2,1, ,3,2,3,5,4,4,5,2,-9,TX,2,Masked,1.53, , , , 
286,286,FALL2015,2,1,98,1, ,4,2,4,98,4,98,NEWS,6,98,98, , ,-9,-9, ,-9,-9,-9, ,2, , , , ,98,98,98,98,98,98,98,98,98,98,98, , , , ,98,98,5,98,99, ,4,2,98, ,98, , ,98, , , , , , , , , , , , , , ,3,5,2,98,-9,98,98,4, ,4,2,99,1,4,3,1,1,2,IL,3,Masked,0.68, , , , 
287,287,FALL2015,2,1,3,1, ,1,4,3,2,4,2,HUMAN ACTIVITIES,8,3,2, , ,-9,-9, ,-9,-9,-9, ,2, , , , ,3,98,1,2,1,1,1,2,1,2,2, , , , ,1,2,3,2,4, ,2,2,1, ,2, , ,1, , , , , , , , , , , , , , ,20,1,1,-9,3,1,2,2, ,5,2,99,5,4,3,3,5,-9,CA,4,Masked,2.5, , , , 
288,288,FALL2015,1,98,-9,-9, ,-9,-9,-9,-9,-9,-9, ,-9,-9,-9, , ,-9,-9, ,-9,-9,-9, ,2, , , , ,3,2,1,2,1,98,98,3,3,98,2, , , , ,2,3,5,99,4, ,4,98,2, ,2, , ,98, , , , , , , , , , , , , , ,20,3,1,-9,1,2,3,4, ,3,1,2,2,1,1,1,2,-9,PA,1,Masked,0.75, , , , 
289,289,FALL2015,1,1,3,2, ,2,2,1,2,3,3,HOTTER TEMPERATURES,2,3,1, , ,-9,-9, ,-9,-9,-9, ,2, , , , ,3,1,1,1,2,2,2,2,2,3,3, , , , ,1,3,5,2,2, ,2,3,1, ,4, , ,1, , , , , , , , , , , , , , ,20,5,1,-9,2,1,2,3, ,3,1,4,1,4,3,1,1,2,FL,2,Masked,0.77, , , , 
290,290,FALL2015,1,98,-9,-9, ,-9,-9,-9,-9,-9,-9, ,-9,-9,-9, , ,-9,-9, ,-9,-9,-9, ,2, , , , ,3,1,1,1,98,98,98,1,98,98,98, , , , ,3,99,99,98,4, ,1,98,1, ,2, , ,2, , , , , , , , , , , , , , ,20,98,1,-9,1,1,1,3, ,2,2,98,4,98,98,1,1,2,OH,3,Masked,0.9, , , , 
291,291,FALL2015,1,2,-9,-9, ,-9,-9,-9,-9,-9,-9, ,-9,-9,-9, , ,1,1,EVEYTHING HAS NATURAL PATTERNS,2,1,4, ,3, , , , ,1,2,3,4,1,3,3,2,1,3,1, , , , ,2,3,5,4,4, ,4,4,3, ,4, , ,4, , , , , , , , , , , , , , ,20,1,1,-9,1,2,98,4, ,3,2,3,1,2,2,1,1,2,WA,4,Masked,0.93, , , , 
292,292,FALL2015,1,98,-9,-9, ,-9,-9,-9,-9,-9,-9, ,-9,-9,-9, , ,-9,-9, ,-9,-9,-9, ,2, , , , ,3,1,1,1,1,2,2,2,2,98,4, , , , ,2,3,5,2,4, ,98,1,1, ,98, , ,1, , , , , , , , , , , , , , ,20,5,1,-9,2,1,3,1, ,2,2,99,5,98,4,1,98,-9,WV,2,Masked,1.23, , , , 
293,293,FALL2015,1,98,-9,-9, ,-9,-9,-9,-9,-9,-9, ,-9,-9,-9, , ,-9,-9, ,-9,-9,-9, ,2, , , , ,3,1,1,2,3,2,3,2,2,3,3, , , , ,98,3,5,98,4, ,4,2,1, ,2, , ,1, , , , , , , , , , , , , , ,20,5,1,-9,2,2,2,1, ,4,1,99,5,99,99,1,1,2,KS,3,Masked,0.9, , , , 
294,294,FALL2015,1,1,2,1, ,2,2,1,2,2,4,SHORTER WINTERS,3,1,1, , ,-9,-9, ,-9,-9,-9, ,2, , , , ,2,1,2,1,2,2,2,2,2,3,3, , , , ,4,1,5,2,2, ,2,2,1, ,4, , ,1, , , , , , , , , , , , , , ,20,1,1,-9,1,1,1,4, ,1,1,2,1,1,2,2,1,2,SC,2,Masked,1.35, , , , 
295,295,FALL2015,1,1,1,1, ,1,1,1,2,3,2,CLIMATE CHANGE,10,2,1, , ,-9,-9, ,-9,-9,-9, ,2, , , , ,98,1,1,1,98,2,2,3,2,1,4, , , , ,2,3,1,1,4, ,2,1,2, ,98, , ,1, , , , , , , , , , , , , , ,20,3,1,-9,98,2,2,3, ,2,1,4,5,1,5,1,2,-9,MD,2,Masked,0.72, , , , 
296,296,FALL2015,1,98,-9,-9, ,-9,-9,-9,-9,-9,-9, ,-9,-9,-9, , ,-9,-9, ,-9,-9,-9, ,1, , , , ,2,2,1,1,1,3,3,4,1,3,1, , , , ,1,3,3,4,4, ,2,2,1, ,4, , ,2, , , , , , , , , , , , , , ,20,3,1,-9,3,2,2,3, ,3,1,5,5,2,1,1,2,-9,PA,1,Masked,0.65, , , , 
297,297,FALL2015,1,1,1,1, ,1,1,1,1,2,1,SCIENCE AND DATA,4,2,2, , ,-9,-9, ,-9,-9,-9, ,1, , , , ,3,1,2,1,1,2,2,5,1,2,1, , , , ,1,1,2,1,1, ,1,1,1, ,1, , ,1, , , , , , , , , , , , , , ,20,5,1,-9,5,1,1,2, ,4,1,2,1,1,5,1,7,-9,TX,2,Masked,1.1, , , , 
298,298,FALL2015,1,1,1,1, ,1,1,1,2,2,2,GLACIERS SHRINKING,1,1,2, , ,-9,-9, ,-9,-9,-9, ,2, , , , ,3,1,1,1,98,2,2,3,2,1,4, , , , ,2,3,1,1,4, ,98,1,1, ,2, , ,1, , , , , , , , , , , , , , ,20,1,1,-9,4,2,2,4, ,4,2,99,1,1,4,1,7,-9,WA,4,Masked,0.68, , , , 
299,299,FALL2015,1,98,-9,-9, ,-9,-9,-9,-9,-9,-9, ,-9,-9,-9, , ,-9,-9, ,-9,-9,-9, ,2, , , , ,3,1,1,1,2,2,2,2,2,3,3, , , , ,3,3,5,3,2, ,2,4,2, ,3, , ,3, , , , , , , , , , , , , , ,20,2,1,-9,1,3,1,3, ,1,1,99,1,2,2,1,1,2,TN,2,Masked,0.72, , , , 
300,300,FALL2015,1,1,3,1, ,1,1,1,1,2,1,SEEING PICTURES OF GLACIERS,1,1,2, , ,-9,-9, ,-9,-9,-9, ,2, , , , ,3,1,1,2,1,2,2,2,2,3,2, , , , ,4,3,5,2,3, ,3,1,1, ,2, , ,2, , , , , , , , , , , , , , ,20,1,1,-9,3,1,2,3, ,4,1,5,1,2,2,1,2,-9,CA,4,Masked,0.5, , , , 
301,301,FALL2015,1,1,98,1, ,1,1,1,4,2,2,VARIOUS MEDIA PROGRAMMING,6,98,4, , ,-9,-9, ,-9,-9,-9, ,2, , , , ,98,1,98,1,3,2,2,3,2,3,4, , , , ,2,3,2,2,3, ,2,2,1, ,98, , ,2, , , , , , , , , , , , , , ,20,5,1,-9,2,1,1,4, ,3,1,99,5,2,3,1,1,2,NV,4,Masked,0.6, , , , 
302,302,FALL2015,1,98,-9,-9, ,-9,-9,-9,-9,-9,-9, ,-9,-9,-9, , ,-9,-9, ,-9,-9,-9, ,2, , , , ,3,1,1,1,2,2,2,2,2,3,4, , , , ,3,3,5,2,3, ,3,3,1, ,4, , ,1, , , , , , , , , , , , , , ,20,3,1,-9,1,1,2,4, ,2,2,99,1,1,3,1,2,-9,MI,3,Masked,0.78, , , , 
303,303,FALL2015,1,2,-9,-9, ,-9,-9,-9,-9,-9,-9, ,-9,-9,-9, , ,1,1,NATURAL PATTERNS,2,3,1, ,1, , , , ,2,2,1,4,1,3,3,3,1,3,1, , , , ,1,3,5,4,4, ,2,2,1, ,4, , ,4, , , , , , , , , , , , , , ,20,5,1,-9,3,1,2,4, ,5,2,6,1,2,3,1,1,2,NC,2,Masked,0.55, , , , 
304,304,FALL2015,1,2,-9,-9, ,-9,-9,-9,-9,-9,-9, ,-9,-9,-9, , ,2,1,NO PROOF,3,1,3, ,2, , , , ,98,1,98,2,3,2,2,2,2,3,2, , , , ,2,98,98,98,3, ,2,2,2, ,98, , ,2, , , , , , , , , , , , , , ,20,2,1,-9,1,2,2,1, ,2,1,3,4,2,2,1,1,2,ID,4,Masked,1.1, , , , 
305,305,FALL2015,1,2,-9,-9, ,-9,-9,-9,-9,-9,-9, ,-9,-9,-9, , ,98,1,COLDER WINTER IN CERTAIN AREAS,1,4,3, ,2, , , , ,3,2,1,4,1,98,98,1,98,3,98, , , , ,4,3,5,98,4, ,4,2,1, ,4, , ,4, , , , , , , , , , , , , , ,20,5,1,-9,1,98,4,2, ,4,2,5,3,4,3,5,6,-9,OR,4,Masked,1.26, , , , 
306,306,FALL2015,1,1,2,1, ,1,1,1,4,1,1,HOTTER,2,1,1, , ,-9,-9, ,-9,-9,-9, ,98, , , , ,3,1,2,1,98,98,98,98,98,98,98, , , , ,4,1,5,4,1, ,1,98,1, ,3, , ,1, , , , , , , , , , , , , , ,20,1,1,-9,98,1,1,3, ,3,1,98,1,98,98,1,99,-9,CA,4,Masked,0.72, , , , 
307,307,FALL2015,1,1,1,1, ,2,2,2,2,2,4,OZONE,10,98,2, , ,-9,-9, ,-9,-9,-9, ,2, , , , ,98,98,98,98,98,98,98,98,98,98,98, , , , ,98,3,5,98,4, ,98,1,98, ,98, , ,98, , , , , , , , , , , , , , ,20,1,1,-9,98,98,98,2, ,2,2,99,1,98,98,3,2,-9,TX,2,Masked,2.63, , , , 
308,308,FALL2015,1,1,2,2, ,2,1,1,1,3,3,LENGTH OF SUMMERS AND HIGHER TEMPERATURES,3,4,1, , ,-9,-9, ,-9,-9,-9, ,2, , , , ,3,1,1,1,2,2,2,2,2,3,4, , , , ,98,3,5,3,3, ,3,2,1, ,2, , ,1, , , , , , , , , , , , , , ,20,1,1,-9,1,1,1,3, ,4,1,6,1,1,3,2,1,2,GA,2,Masked,1.07, , , , 
309,309,FALL2015,1,1,2,1, ,1,4,1,4,4,1,STUDYING HISTORY,4,4,4, , ,-9,-9, ,-9,-9,-9, ,1, , , , ,2,98,1,3,1,98,3,3,3,3,1, , , , ,2,3,3,4,4, ,2,4,2, ,4, , ,2, , , , , , , , , , , , , , ,20,2,1,-9,3,2,2,4, ,4,2,3,5,2,3,1,1,1,TX,2,Masked,0.78, , , , 
310,310,FALL2015,1,1,3,1, ,98,4,2,4,3,3,OBSERVATION,2,98,3, , ,-9,-9, ,-9,-9,-9, ,1, , , , ,98,1,98,2,98,98,98,3,98,98,98, , , , ,2,3,5,2,4, ,4,98,1, ,98, , ,1, , , , , , , , , , , , , , ,20,2,1,-9,98,1,98,4, ,3,1,99,1,4,3,1,6,-9,OH,3, ,0.6, , , , 
311,311,FALL2015,2,1,1,1, ,1,1,1,2,2,1,REDUCTION IN THE POLAR CAPS,1,3,4, , ,-9,-9, ,-9,-9,-9, ,1, , , , ,1,98,3,1,1,3,3,5,1,2,1, , , , ,1,1,1,1,4, ,2,1,1, ,4, , ,3, , , , , , , , , , , , , , ,20,2,2,6,-9,1,3,3, ,4,2,99,5,1,3,1,99,-9,PA,1,Masked,0.8, , , , 
312,312,FALL2015,2,1,1,1, ,1,1,1,1,3,1,WEATHER IS EXTREME,3,98,4, , ,-9,-9, ,-9,-9,-9, ,1, , , , ,98,1,98,1,1,2,2,3,2,3,4, , , , ,1,3,1,1,4, ,98,2,1, ,98, , ,1, , , , , , , , , , , , , , ,20,3,2,3,-9,1,1,2, ,3,1,99,1,2,3,1,2,-9,TN,2,Masked,1.1, , , , 
313,313,FALL2015,2,1,1,1, ,1,1,1,3,3,98,REMOVING ALL THE TREES AND ALL THE CONSTRUCTION,8,2,1, , ,-9,-9, ,-9,-9,-9, ,2, , , , ,3,1,1,1,1,1,1,3,1,98,3, , , , ,98,3,5,98,1, ,2,2,1, ,98, , ,98, , , , , , , , , , , , , , ,20,3,2,2,-9,1,1,4, ,3,2,1,1,1,2,1,6,-9,MI,3,Masked,1.03, , , , 
314,314,FALL2015,2,1,3,1, ,2,1,4,2,2,2,WEATHER PATTERNS ARE CHANGING,3,2,2, , ,-9,-9, ,-9,-9,-9, ,2, , , , ,3,1,1,1,1,3,3,2,1,3,1, , , , ,1,98,2,2,2, ,2,2,1, ,2, , ,1, , , , , , , , , , , , , , ,20,2,2,1,-9,1,2,3, ,4,2,4,5,2,2,1,2,-9,AZ,4,Masked,0.85, , , , 
315,315,FALL2015,2,1,98,1, ,2,2,98,1,2,98,WARMER,2,98,1, , ,-9,-9, ,-9,-9,-9, ,98, , , , ,98,98,98,98,2,98,98,3,2,98,98, , , , ,98,3,5,98,4, ,2,98,98, ,98, , ,98, , , , , , , , , , , , , , ,20,1,2,98,-9,98,98,4, ,1,2,1,1,2,98,1,1,1,WV,2,Masked,1.03, , , , 
316,316,FALL2015,2,98,-9,-9, ,-9,-9,-9,-9,-9,-9, ,-9,-9,-9, , ,-9,-9, ,-9,-9,-9, ,2, , , , ,1,1,98,98,1,2,98,1,3,98,98, , , , ,2,3,5,98,3, ,2,3,2, ,98, , ,2, , , , , , , , , , , , , , ,20,2,2,1,-9,2,3,3, ,3,2,99,1,2,2,1,1,2,MI,3,Masked,0.95, , , , 
317,317,FALL2015,2,1,3,2, ,1,2,3,4,1,3,MILDER WINTERS,3,3,2, , ,-9,-9, ,-9,-9,-9, ,2, , , , ,3,2,1,98,1,1,98,2,1,3,1, , , , ,1,3,2,2,4, ,1,2,1, ,1, , ,98, , , , , , , , , , , , , , ,20,2,2,4,-9,1,1,4, ,2,1,1,1,2,1,1,1,98,PA,1,Masked,0.75, , , , 
318,318,FALL2015,2,1,3,1, ,2,2,1,98,3,2,AWARE OF IT IN HIS WORK,10,3,4, , ,-9,-9, ,-9,-9,-9, ,1, , , , ,2,2,3,4,3,98,98,5,3,3,1, , , , ,1,3,5,4,4, ,2,1,1, ,4, , ,4, , , , , , , , , , , , , , ,20,5,2,3,-9,1,2,4, ,5,1,3,2,4,1,1,1,1,PA,1,Masked,0.52, , , , 
319,319,FALL2015,2,1,3,2, ,1,1,2,2,2,3,CYCLES OF TEMPERATURES REOCCURING OVER THE YEARS,9,2,2, , ,-9,-9, ,-9,-9,-9, ,2, , , , ,3,1,1,1,2,2,2,2,2,3,3, , , , ,2,3,5,2,2, ,2,3,1, ,2, , ,1, , , , , , , , , , , , , , ,20,1,2,3,-9,2,1,3, ,3,2,4,1,2,2,1,1,2,TX,2,Masked,1, , , , 
320,320,FALL2015,2,1,2,1, ,1,1,1,2,1,2,SUN SEEMS AWFUL WARM,10,3,1, , ,-9,-9, ,-9,-9,-9, ,2, , , , ,2,2,2,2,1,3,3,5,1,3,1, , , , ,1,3,5,2,4, ,2,2,2, ,4, , ,1, , , , , , , , , , , , , , ,20,1,2,2,-9,2,2,4, ,2,2,2,1,1,1,1,6,-9,PA,1,Masked,0.93, , , , 
321,321,FALL2015,2,1,1,1, ,2,2,4,2,4,1,FEEL IT,2,2,1, , ,-9,-9, ,-9,-9,-9, ,1, , , , ,3,1,2,1,2,2,3,3,2,98,98, , , , ,1,3,1,1,98, ,4,1,1, ,98, , ,2, , , , , , , , , , , , , , ,20,1,2,98,-9,1,1,4, ,4,1,3,2,1,4,1,6,-9,NY,1,Masked,0.55, , , , 
322,322,FALL2015,2,2,-9,-9, ,-9,-9,-9,-9,-9,-9, ,-9,-9,-9, , ,1,2,WE HAVE EXTREMES ALL THE TIME,2,2,4, ,2, , , , ,3,1,1,2,2,2,2,2,2,3,4, , , , ,2,3,2,2,2, ,2,2,2, ,4, , ,1, , , , , , , , , , , , , , ,20,2,2,1,-9,2,1,3, ,4,1,99,1,2,1,1,1,2,MO,3,Masked,0.57, , , , 
323,323,FALL2015,2,1,99,1, ,4,4,98,4,4,2,TREND IN WEATHER,3,98,2, , ,-9,-9, ,-9,-9,-9, ,1, , , , ,99,1,99,99,99,99,99,5,99,99,99, , , , ,98,98,98,98,4, ,4,2,1, ,99, , ,4, , , , , , , , , , , , , , ,20,5,2,99,-9,1,99,3, ,99,1,99,5,99,99,1,99,-9,CO,4,Masked,0.62, , , , 
324,324,FALL2015,2,1,2,2, ,1,1,1,3,2,2,WEATHER PATTERNS CHANGED,3,98,1, , ,-9,-9, ,-9,-9,-9, ,2, , , , ,3,98,1,2,98,98,98,2,3,3,2, , , , ,2,3,2,2,4, ,2,2,2, ,2, , ,4, , , , , , , , , , , , , , ,20,2,2,1,-9,1,2,4, ,5,2,2,1,2,2,1,1,2,FL,2,Masked,0.8, , , , 
325,325,FALL2015,2,98,-9,-9, ,-9,-9,-9,-9,-9,-9, ,-9,-9,-9, , ,-9,-9, ,-9,-9,-9, ,2, , , , ,3,1,1,3,98,2,2,3,2,1,4, , , , ,98,3,5,98,4, ,4,2,2, ,98, , ,1, , , , , , , , , , , , , , ,20,2,2,3,-9,2,1,2, ,3,2,3,5,1,2,1,98,-9,NY,1,Masked,1.43, , , , 
326,326,FALL2015,2,1,98,2, ,98,98,98,4,4,98,WARMER,2,98,2, , ,-9,-9, ,-9,-9,-9, ,2, , , , ,98,2,98,98,1,1,98,1,98,98,98, , , , ,98,98,5,98,4, ,4,2,98, ,98, , ,98, , , , , , , , , , , , , , ,20,1,2,1,-9,99,98,4, ,3,2,2,1,2,2,1,1,1,GA,2,Masked,0.98, , , , 
327,327,FALL2015,2,1,3,2, ,1,1,2,1,3,2,I HAVE EXPERIENCED IT MYSELF AND I AM A STUDENT OF WEATHER,2,1,2, , ,-9,-9, ,-9,-9,-9, ,1, , , , ,2,1,1,2,2,2,3,5,2,3,4, , , , ,98,3,1,1,3, ,4,1,1, ,2, , ,1, , , , , , , , , , , , , , ,20,2,2,2,-9,1,2,4, ,5,2,3,1,1,5,1,1,2,FL,2,Masked,0.75, , , , 
328,328,FALL2015,2,1,98,1, ,1,1,1,1,2,2,MORE UNPREDICTABLE WEATHER AND EVOLUTION,3,1,1, , ,-9,-9, ,-9,-9,-9, ,2, , , , ,98,1,98,98,98,98,98,98,98,98,2, , , , ,98,98,5,4,98, ,98,2,98, ,98, , ,98, , , , , , , , , , , , , , ,20,1,2,98,-9,98,98,3, ,2,2,99,1,1,98,2,6,-9,NC,2,Masked,1.5, , , , 
329,329,FALL2015,2,1,3,2, ,2,2,2,4,4,2,HE IS A SCIENTIST,4,3,2, , ,-9,-9, ,-9,-9,-9, ,1, , , , ,3,1,1,1,2,2,3,5,2,1,4, , , , ,1,3,1,2,4, ,2,3,1, ,4, , ,2, , , , , , , , , , , , , , ,20,2,2,3,-9,4,1,3, ,5,1,6,5,3,3,1,1,2,FL,2,Masked,0.44, , , , 
330,330,FALL2015,2,2,-9,-9, ,-9,-9,-9,-9,-9,-9, ,-9,-9,-9, , ,1,2,NEWS REPORTS ON TV COMMENTS,9,1,1, ,2, , , , ,2,2,1,4,1,98,3,4,3,3,1, , , , ,1,3,3,4,2, ,2,3,1, ,4, , ,2, , , , , , , , , , , , , , ,20,2,1,-9,2,4,2,3, ,3,1,2,3,4,1,1,1,1,ME,1,Masked,0.87, , , , 
331,331,FALL2015,2,1,1,1, ,1,1,1,2,2,1,USE OF FOSSIL FUELS,8,1,1, , ,-9,-9, ,-9,-9,-9, ,2, , , , ,3,1,1,1,1,3,98,2,3,3,98, , , , ,98,3,5,2,4, ,98,2,1, ,98, , ,2, , , , , , , , , , , , , , ,20,2,1,-9,1,1,1,4, ,4,1,99,1,1,4,1,6,-9,NY,1,Masked,0.45, , , , 
332,332,FALL2015,2,2,-9,-9, ,-9,-9,-9,-9,-9,-9, ,-9,-9,-9, , ,2,1,EVIDENCE I HAVE SEEN,5,3,3, ,2, , , , ,98,2,98,4,1,3,3,3,3,3,2, , , , ,2,3,5,4,4, ,4,4,4, ,98, , ,3, , , , , , , , , , , , , , ,20,3,1,-9,1,2,98,3, ,3,2,6,1,2,1,1,2,-9,WV,2,Masked,0.85, , , , 
333,333,FALL2015,2,1,1,1, ,3,2,1,1,2,2,MANS ACTIVITY,8,1,3, , ,-9,-9, ,-9,-9,-9, ,1, , , , ,1,1,1,98,2,2,2,5,2,1,4, , , , ,2,3,5,3,4, ,4,1,1, ,4, , ,1, , , , , , , , , , , , , , ,20,1,1,-9,98,2,98,2, ,1,1,1,5,1,98,5,6,-9,OR,4,Masked,1.45, , , , 
334,334,FALL2015,2,1,2,1, ,4,4,4,4,1,4,NOT SURE,10,4,4, , ,-9,-9, ,-9,-9,-9, ,1, , , , ,98,98,1,2,3,2,3,2,3,98,4, , , , ,1,3,98,98,4, ,98,98,1, ,4, , ,1, , , , , , , , , , , , , , ,20,3,1,-9,1,1,1,4, ,3,1,3,1,2,3,1,1,98,GA,2,Masked,0.7, , , , 
335,335,FALL2015,2,98,-9,-9, ,-9,-9,-9,-9,-9,-9, ,-9,-9,-9, , ,-9,-9, ,-9,-9,-9, ,3, , , , ,3,2,3,4,1,1,1,4,1,98,1, , , , ,2,3,4,4,4, ,4,98,4, ,4, , ,2, , , , , , , , , , , , , , ,20,5,1,-9,1,98,4,4, ,99,1,99,3,99,99,1,6,-9,TX,2,Masked,0.5, , , , 
336,336,FALL2015,2,2,-9,-9, ,-9,-9,-9,-9,-9,-9, ,-9,-9,-9, , ,2,1,REGULAR CYCLES,2,2,3, ,3, , , , ,98,1,98,98,98,98,98,1,3,98,98, , , , ,3,3,5,3,3, ,2,3,3, ,4, , ,2, , , , , , , , , , , , , , ,20,5,1,-9,1,3,2,4, ,5,2,1,1,2,2,1,1,2,TX,2,Masked,0.85, , , , 
337,337,FALL2015,2,1,2,1, ,2,2,2,3,2,2,HOTTER,2,2,1, , ,-9,-9, ,-9,-9,-9, ,3, , , , ,98,98,1,1,1,1,2,4,2,3,98, , , , ,1,3,5,4,4, ,4,3,1, ,98, , ,2, , , , , , , , , , , , , , ,20,3,1,-9,2,1,1,3, ,2,2,3,1,2,2,3,1,1,CO,4,Masked,2.35, , , , 
338,338,FALL2015,2,1,3,2, ,2,3,2,3,3,3,READ ABOUT IT,6,2,2, , ,-9,-9, ,-9,-9,-9, ,2, , , , ,3,1,1,98,1,2,3,3,2,3,3, , , , ,2,3,1,1,2, ,3,1,1, ,1, , ,2, , , , , , , , , , , , , , ,20,5,1,-9,3,1,98,4, ,5,1,3,5,4,3,5,6,-9,FL,2,Masked,0.67, , , , 
339,339,FALL2015,2,2,-9,-9, ,-9,-9,-9,-9,-9,-9, ,-9,-9,-9, , ,4,3,I DO NOT BELIEVE THAT THE TEMPERATURES ARE CHANGING,8,3,4, ,3, , , , ,3,1,1,3,98,98,98,1,98,98,98, , , , ,4,3,5,98,4, ,4,3,2, ,98, , ,3, , , , , , , , , , , , , , ,20,5,1,-9,1,2,3,3, ,3,2,99,5,2,2,1,1,2,MD,2,Masked,0.95, , , , 
340,340,FALL2015,2,1,98,1, ,4,4,2,4,4,4,WARMER WEATHER,2,4,4, , ,-9,-9, ,-9,-9,-9, ,2, , , , ,2,1,1,1,1,3,3,4,3,3,2, , , , ,2,3,5,1,98, ,1,2,2, ,3, , ,1, , , , , , , , , , , , , , ,20,5,1,-9,98,2,1,4, ,4,1,6,1,98,98,1,1,1,VA,2,Masked,0.35, , , , 
341,341,FALL2015,2,1,3,2, ,1,1,1,1,1,4,POPULATION EXPLOSION,8,4,1, , ,-9,-9, ,-9,-9,-9, ,2, , , , ,98,1,98,1,98,98,98,1,98,98,98, , , , ,98,3,5,1,4, ,4,2,2, ,98, , ,1, , , , , , , , , , , , , , ,20,5,1,-9,2,2,1,3, ,2,2,2,1,4,3,1,6,-9,AZ,4,Masked,1.05, , , , 
342,342,FALL2015,2,2,-9,-9, ,-9,-9,-9,-9,-9,-9, ,-9,-9,-9, , ,1,4,NOT SEEN A TREND OF LESS COLD WINTERS,1,98,2, ,1, , , , ,98,1,98,98,2,2,2,5,98,98,98, , , , ,98,3,5,4,4, ,4,2,2, ,98, , ,98, , , , , , , , , , , , , , ,20,3,1,-9,98,2,98,2, ,3,2,99,3,2,1,1,6,-9,OK,2,Masked,1.33, , , , 
343,343,FALL2015,2,2,-9,-9, ,-9,-9,-9,-9,-9,-9, ,-9,-9,-9, , ,2,2,PAST HISTORY OF CYCLES,2,2,2, ,2, , , , ,1,98,98,2,3,2,1,4,1,3,2, , , , ,2,3,5,2,4, ,2,2,2, ,3, , ,2, , , , , , , , , , , , , , ,20,1,1,-9,1,2,2,3, ,1,1,2,1,4,3,1,6,-9,OH,3,Masked,0.87, , , , 
344,344,FALL2015,2,2,-9,-9, ,-9,-9,-9,-9,-9,-9, ,-9,-9,-9, , ,1,4,CYCLES,2,3,2, ,3, , , , ,1,1,1,1,2,2,2,3,2,3,4, , , , ,4,3,5,4,4, ,4,1,1, ,2, , ,1, , , , , , , , , , , , , , ,20,5,1,-9,3,4,4,3, ,5,2,4,3,4,2,1,1,2,IL,3,Masked,0.82, , , , 
345,345,FALL2015,2,98,-9,-9, ,-9,-9,-9,-9,-9,-9, ,-9,-9,-9, , ,-9,-9, ,-9,-9,-9, ,2, , , , ,3,1,1,2,1,1,1,3,1,2,2, , , , ,3,3,5,2,2, ,3,3,2, ,3, , ,1, , , , , , , , , , , , , , ,20,3,1,-9,1,2,2,4, ,1,2,1,2,1,1,1,1,2,OK,2,Masked,1.03, , , , 
346,346,FALL2015,2,1,1,1, ,1,1,1,2,2,2,SNOW MELTS ON MOUNTAINS EARLIER THEN NORMAL,1,2,2, , ,-9,-9, ,-9,-9,-9, ,2, , , , ,3,1,1,2,1,98,98,2,3,3,98, , , , ,2,1,5,2,3, ,2,2,2, ,98, , ,2, , , , , , , , , , , , , , ,20,2,1,-9,1,2,2,4, ,4,2,2,1,2,2,1,1,2,MT,4,Masked,0.83, , , , 
347,347,FALL2015,2,1,1,1, ,1,1,1,2,2,1,SCIENCE,4,1,3, , ,-9,-9, ,-9,-9,-9, ,1, , , , ,2,1,1,1,1,2,2,4,2,3,4, , , , ,4,1,1,1,4, ,1,1,1, ,1, , ,1, , , , , , , , , , , , , , ,20,1,1,-9,3,1,2,2, ,5,1,6,1,4,3,1,2,-9,IL,3,Masked,0.82, , , , 
348,348,FALL2015,2,2,-9,-9, ,-9,-9,-9,-9,-9,-9, ,-9,-9,-9, , ,1,2,CYCLES,2,2,4, ,3, , , , ,98,2,98,3,1,2,3,2,1,3,2, , , , ,2,3,5,4,3, ,3,4,2, ,3, , ,2, , , , , , , , , , , , , , ,20,5,1,-9,1,3,3,4, ,3,1,99,1,4,2,1,1,2,AL,2,Masked,0.6, , , , 
349,349,FALL2015,2,1,98,1, ,2,2,1,1,2,3,MELTING  OF ICE  CAPS,1,2,3, , ,-9,-9, ,-9,-9,-9, ,1, , , , ,3,1,98,1,2,2,98,5,2,98,3, , , , ,1,1,2,2,4, ,4,2,2, ,1, , ,1, , , , , , , , , , , , , , ,20,5,1,-9,98,2,1,3, ,5,1,99,6,98,3,1,2,-9,MS,2,Masked,0.54, , , , 
350,350,FALL2015,2,98,-9,-9, ,-9,-9,-9,-9,-9,-9, ,-9,-9,-9, , ,-9,-9, ,-9,-9,-9, ,2, , , , ,3,98,1,2,98,2,98,2,2,3,98, , , , ,98,3,5,98,98, ,2,3,1, ,98, , ,98, , , , , , , , , , , , , , ,20,5,2,1,-9,3,98,3, ,4,2,99,1,4,2,1,6,-9,AZ,4,Masked,0.8, , , , 
351,351,FALL2015,2,1,3,1, ,1,1,1,2,4,1,PERSONAL EXPERIENCE,2,1,1, , ,-9,-9, ,-9,-9,-9, ,2, , , , ,3,2,2,4,1,2,2,5,2,3,98, , , , ,4,3,5,98,3, ,3,3,1, ,98, , ,1, , , , , , , , , , , , , , ,3,1,1,-9,1,4,1,2, ,4,2,99,1,2,1,1,1,2,CA,4,Masked,1.18, , , , 
352,352,FALL2015,1,2,-9,-9, ,-9,-9,-9,-9,-9,-9, ,-9,-9,-9, , ,2,3,NOT THAT HOT OUTSIDE,1,4,4, ,2, , , , ,3,1,1,2,2,2,2,2,2,3,3, , , , ,3,3,2,2,3, ,2,3,2, ,2, , ,2, , , , , , , , , , , , , , ,3,5,1,-9,1,3,2,3, ,2,2,2,1,2,2,1,1,2,PA,1,Masked,1.05, , , , 
353,353,FALL2015,1,1,3,1, ,2,2,2,3,3,2,WATER TEMPERATURE,10,3,2, , ,-9,-9, ,-9,-9,-9, ,98, , , , ,3,98,98,98,98,98,98,98,98,98,98, , , , ,3,98,98,98,98, ,98,98,2, ,2, , ,1, , , , , , , , , , , , , , ,3,3,1,-9,98,1,98,1, ,98,2,99,98,98,98,98,98,-9,IL,3,Masked,1.33, , , , 
354,354,FALL2015,1,1,1,1, ,1,1,1,2,1,4,POLLUTION,8,2,3, , ,-9,-9, ,-9,-9,-9, ,2, , , , ,2,2,1,1,1,1,1,1,1,3,1, , , , ,1,3,5,1,4, ,2,2,2, ,98, , ,1, , , , , , , , , , , , , , ,3,3,1,-9,2,1,2,2, ,4,2,6,1,2,3,1,6,-9,OH,3,Masked,1.08, , , , 
355,355,FALL2015,1,1,2,1, ,2,1,2,3,3,2,WEATHER CYCLING PATTERNS BUT MEN ARE CONTRIBUTING TO IT,3,3,3, , ,-9,-9, ,-9,-9,-9, ,3, , , , ,98,2,3,4,1,3,3,2,1,3,1, , , , ,4,98,5,1,1, ,4,2,4, ,4, , ,4, , , , , , , , , , , , , , ,3,4,1,-9,3,4,1,4, ,5,1,5,1,2,1,1,1,2,OH,3,Masked,0.35, , , , 
356,356,FALL2015,1,1,2,2, ,1,1,1,1,2,1,NEWS REPORTS,6,2,1, , ,-9,-9, ,-9,-9,-9, ,2, , , , ,3,1,2,1,98,98,98,2,98,98,98, , , , ,1,3,5,1,4, ,1,1,1, ,1, , ,1, , , , , , , , , , , , , , ,3,5,1,-9,4,1,1,3, ,5,2,4,1,4,2,1,1,2,NY,1,Masked,0.82, , , , 
357,357,FALL2015,1,2,-9,-9, ,-9,-9,-9,-9,-9,-9, ,-9,-9,-9, , ,1,2,WINTERS ARE WORSE,2,3,1, ,1, , , , ,3,1,1,2,3,2,98,3,3,3,98, , , , ,98,3,5,3,4, ,4,2,1, ,98, , ,98, , , , , , , , , , , , , , ,3,5,1,-9,2,1,2,3, ,4,2,99,1,98,3,1,2,-9,DE,2,Masked,0.8, , , , 
358,358,FALL2015,1,1,3,1, ,1,2,1,2,1,2,OUR RESOURCES ARE NOT BEING USED PROPERLY,10,1,1, , ,-9,-9, ,-9,-9,-9, ,2, , , , ,2,1,1,1,2,2,2,3,2,3,4, , , , ,3,3,1,1,4, ,98,1,1, ,98, , ,1, , , , , , , , , , , , , , ,3,2,1,-9,2,1,2,1, ,5,2,4,1,1,3,1,2,-9,NY,1,Masked,1.15, , , , 
359,359,FALL2015,1,1,1,1, ,4,2,1,1,3,2,TEMPERATURE IS GETTING HOTTER EARLIER,2,3,1, , ,-9,-9, ,-9,-9,-9, ,2, , , , ,3,1,1,2,2,1,2,3,1,2,2, , , , ,1,1,2,1,4, ,4,1,1, ,1, , ,1, , , , , , , , , , , , , , ,3,1,1,-9,2,1,3,3, ,4,2,6,1,1,4,1,3,-9,FL,2,Masked,0.7, , , , 
360,360,FALL2015,1,1,3,2, ,1,1,1,3,2,1,SOLAR FLAIRS,10,1,1, , ,-9,-9, ,-9,-9,-9, ,2, , , , ,3,1,1,1,2,2,2,3,2,3,3, , , , ,3,3,5,2,2, ,2,2,1, ,3, , ,1, , , , , , , , , , , , , , ,3,1,1,-9,3,1,2,1, ,4,2,5,1,2,2,1,1,2,CA,4,Masked,1.06, , , , 
361,361,FALL2015,1,2,-9,-9, ,-9,-9,-9,-9,-9,-9, ,-9,-9,-9, , ,2,4,NO BASELINE STUDIES,3,1,98, ,1, , , , ,1,98,3,4,98,98,98,1,98,98,98, , , , ,3,3,5,4,4, ,2,2,1, ,4, , ,4, , , , , , , , , , , , , , ,3,2,1,-9,1,4,1,2, ,2,1,99,6,4,3,1,6,-9,ID,4,Masked,1.05, , , , 
362,362,FALL2015,1,1,1,1, ,1,1,1,1,2,2,LOSS OF VEGETATION,14,2,1, , ,-9,-9, ,-9,-9,-9, ,2, , , , ,3,1,1,1,2,2,2,2,2,3,4, , , , ,2,3,5,2,3, ,3,2,1, ,4, , ,1, , , , , , , , , , , , , , ,3,1,1,-9,1,1,2,1, ,3,1,3,1,1,3,5,2,-9,TX,2,Masked,1.3, , , , 
363,363,FALL2015,1,98,-9,-9, ,-9,-9,-9,-9,-9,-9, ,-9,-9,-9, , ,-9,-9, ,-9,-9,-9, ,98, , , , ,98,98,1,1,98,98,98,98,98,98,98, , , , ,1,98,98,98,4, ,98,98,1, ,98, , ,2, , , , , , , , , , , , , , ,3,2,1,-9,1,4,2,3, ,2,2,98,4,98,98,1,99,-9,MA,1,Masked,0.9, , , , 
364,364,FALL2015,1,1,1,1, ,1,1,1,1,2,2,WEATHER CHANGES,3,2,2, , ,-9,-9, ,-9,-9,-9, ,2, , , , ,3,2,1,2,1,2,2,2,2,3,4, , , , ,2,1,5,1,4, ,2,3,1, ,2, , ,2, , , , , , , , , , , , , , ,3,2,1,-9,2,1,2,4, ,3,1,99,1,1,3,4,4,-9,NY,1,Masked,0.75, , , , 
365,365,FALL2015,1,1,1,1, ,1,1,1,2,4,98,SEVERE WEATHER LIKE FIRES,3,1,2, , ,-9,-9, ,-9,-9,-9, ,2, , , , ,3,98,98,2,98,2,2,3,2,1,4, , , , ,1,1,1,1,4, ,4,1,1, ,2, , ,1, , , , , , , , , , , , , , ,3,5,1,-9,2,1,98,3, ,4,2,99,2,1,3,1,2,-9,IL,3,Masked,0.8, , , , 
366,366,FALL2015,1,98,-9,-9, ,-9,-9,-9,-9,-9,-9, ,-9,-9,-9, , ,-9,-9, ,-9,-9,-9, ,3, , , , ,1,1,1,2,98,98,98,1,98,98,98, , , , ,2,3,5,3,98, ,4,98,1, ,2, , ,2, , , , , , , , , , , , , , ,3,5,1,-9,2,4,2,1, ,3,1,2,98,98,98,5,98,-9,AZ,4,Masked,1.35, , , , 
367,367,FALL2015,1,1,3,1, ,1,1,2,1,4,3,CYCLICAL PATTERN OF WARMING AND COOLING OF THE OCEANS,9,2,4, , ,-9,-9, ,-9,-9,-9, ,2, , , , ,2,2,1,4,1,2,2,2,3,3,3, , , , ,4,1,1,1,1, ,1,2,1, ,1, , ,1, , , , , , , , , , , , , , ,3,4,1,-9,2,1,1,4, ,4,1,4,4,3,3,1,2,-9,OH,3,Masked,0.5, , , , 
368,368,FALL2015,1,1,2,2, ,1,1,2,1,4,2,NEWS AND TALK,6,2,2, , ,-9,-9, ,-9,-9,-9, ,2, , , , ,2,1,1,1,2,2,2,2,2,3,98, , , , ,3,3,5,1,4, ,4,2,1, ,3, , ,1, , , , , , , , , , , , , , ,3,5,1,-9,3,1,1,2, ,3,1,3,5,1,1,2,6,-9,LA,2,Masked,1.8, , , , 
369,369,FALL2015,1,98,-9,-9, ,-9,-9,-9,-9,-9,-9, ,-9,-9,-9, , ,-9,-9, ,-9,-9,-9, ,2, , , , ,3,98,2,1,1,98,98,3,3,2,2, , , , ,2,3,5,1,4, ,4,2,1, ,2, , ,1, , , , , , , , , , , , , , ,3,1,1,-9,2,1,1,3, ,4,1,4,1,1,3,1,2,-9,MA,1,Masked,0.62, , , , 
370,370,FALL2015,1,1,2,1, ,2,2,2,2,2,2,HOTTER,2,98,1, , ,-9,-9, ,-9,-9,-9, ,98, , , , ,98,1,2,1,98,98,98,98,98,98,98, , , , ,2,98,98,98,4, ,2,98,2, ,98, , ,2, , , , , , , , , , , , , , ,3,1,1,-9,1,98,2,4, ,98,1,98,98,98,98,3,98,-9,NY,1,Masked,1.85, , , , 
371,371,FALL2015,1,1,3,1, ,1,1,1,3,3,4,GETTING WARMER AND LACK OF RAIN,2,4,1, , ,-9,-9, ,-9,-9,-9, ,1, , , , ,2,1,1,4,1,2,3,4,3,3,1, , , , ,1,1,1,2,4, ,4,1,1, ,98, , ,2, , , , , , , , , , , , , , ,3,1,1,-9,1,1,3,4, ,5,2,6,1,4,4,1,1,2,CA,4,Masked,0.55, , , , 
372,372,FALL2015,1,1,98,1, ,1,2,2,2,3,3,WARMER,2,2,2, , ,-9,-9, ,-9,-9,-9, ,2, , , , ,98,98,98,4,98,98,98,1,98,98,98, , , , ,98,3,5,98,4, ,2,4,98, ,98, , ,98, , , , , , , , , , , , , , ,3,2,1,-9,1,98,4,2, ,1,1,99,1,1,3,3,6,-9,NJ,1,Masked,2.45, , , , 
373,373,FALL2015,1,1,3,1, ,1,1,1,1,4,2,CLIMATE CHANGE,10,4,2, , ,-9,-9, ,-9,-9,-9, ,2, , , , ,98,1,1,1,98,1,1,2,2,3,3, , , , ,2,3,5,1,1, ,1,2,1, ,98, , ,1, , , , , , , , , , , , , , ,3,3,1,-9,4,2,2,2, ,4,2,6,4,1,5,1,1,1,MI,3,Masked,1.08, , , , 
374,374,FALL2015,1,1,1,1, ,4,3,2,2,4,1,SCIENTISTS,4,2,2, , ,-9,-9, ,-9,-9,-9, ,1, , , , ,3,1,1,1,1,2,2,5,1,3,2, , , , ,1,1,1,1,1, ,1,2,1, ,2, , ,1, , , , , , , , , , , , , , ,3,3,1,-9,2,1,4,3, ,4,1,3,1,2,2,1,1,1,SC,2,Masked,0.67, , , , 
375,375,FALL2015,1,1,3,1, ,1,1,2,1,1,1,WEATHER PATTERN CYCLES,3,1,1, , ,-9,-9, ,-9,-9,-9, ,2, , , , ,3,2,1,4,1,2,3,2,2,3,4, , , , ,3,3,1,1,4, ,98,2,1, ,4, , ,1, , , , , , , , , , , , , , ,3,1,1,-9,2,1,1,3, ,4,1,4,1,1,5,1,1,2,CA,4,Masked,0.62, , , , 
376,376,FALL2015,1,1,3,1, ,1,1,1,2,1,2,WARMER THROUGHOUT THE YEARS,2,2,1, , ,-9,-9, ,-9,-9,-9, ,2, , , , ,2,2,1,1,1,3,2,1,1,3,1, , , , ,1,3,5,1,4, ,2,1,1, ,3, , ,1, , , , , , , , , , , , , , ,3,1,1,-9,2,1,2,4, ,2,1,4,1,1,1,1,6,-9,WA,4,Masked,0.6, , , , 
377,377,FALL2015,1,2,-9,-9, ,-9,-9,-9,-9,-9,-9, ,-9,-9,-9, , ,4,98,GREEN HOUSE EFFECT,9,4,4, ,3, , , , ,3,1,1,1,1,2,3,2,3,3,98, , , , ,2,3,5,4,3, ,4,2,2, ,98, , ,1, , , , , , , , , , , , , , ,3,2,1,-9,1,2,98,3, ,4,1,99,5,4,98,2,6,-9,MD,2,Masked,1.17, , , , 
378,378,FALL2015,1,1,3,1, ,1,1,2,1,4,4,OBSERVATION AND SEVERE WINTERS,3,4,4, , ,-9,-9, ,-9,-9,-9, ,2, , , , ,98,98,98,98,98,98,98,2,98,98,98, , , , ,98,3,5,98,1, ,2,2,98, ,98, , ,98, , , , , , , , , , , , , , ,3,4,1,-9,98,98,98,3, ,3,2,99,1,2,1,1,6,-9,MI,3, ,0.95, , , , 
379,379,FALL2015,1,1,1,1, ,1,4,1,1,1,4,CYCLICAL,9,2,1, , ,-9,-9, ,-9,-9,-9, ,2, , , , ,2,2,3,1,1,2,1,4,3,3,1, , , , ,2,3,5,4,4, ,2,4,1, ,4, , ,1, , , , , , , , , , , , , , ,3,1,1,-9,3,4,2,4, ,2,1,4,1,1,1,1,2,-9,KY,2,Masked,0.6, , , , 
380,380,FALL2015,1,2,-9,-9, ,-9,-9,-9,-9,-9,-9, ,-9,-9,-9, , ,1,1,NORMAL CYCLES,2,1,4, ,2, , , , ,3,1,2,4,1,2,2,1,2,1,4, , , , ,3,3,5,98,4, ,4,2,3, ,4, , ,3, , , , , , , , , , , , , , ,3,5,1,-9,3,3,1,1, ,3,1,2,5,3,5,1,99,-9,NV,4,Masked,1.2, , , , 
381,381,FALL2015,1,1,2,2, ,2,1,1,1,2,3,TEMPERATURES ARE GETTING HOTTER EVERY YEAR,2,3,2, , ,-9,-9, ,-9,-9,-9, ,2, , , , ,3,1,1,1,2,2,2,2,2,3,4, , , , ,3,3,5,1,2, ,2,4,2, ,4, , ,1, , , , , , , , , , , , , , ,3,3,1,-9,1,2,2,3, ,2,1,2,1,1,3,2,1,2,LA,2,Masked,1.42, , , , 
382,382,FALL2015,1,2,-9,-9, ,-9,-9,-9,-9,-9,-9, ,-9,-9,-9, , ,1,1,"THE WEATHER WORKS IN CYCLES, WEATHER REMAINS THE SAME IN THAT AREA",2,1,1, ,1, , , , ,1,2,3,4,1,3,3,2,1,3,1, , , , ,1,3,5,4,1, ,2,4,4, ,4, , ,1, , , , , , , , , , , , , , ,3,5,1,-9,1,2,4,3, ,3,1,4,1,2,1,1,2,-9,FL,2,Masked,0.77, , , , 
383,383,FALL2015,1,98,-9,-9, ,-9,-9,-9,-9,-9,-9, ,-9,-9,-9, , ,-9,-9, ,-9,-9,-9, ,2, , , , ,2,2,3,4,1,3,3,4,1,3,1, , , , ,4,3,3,4,4, ,2,2,1, ,4, , ,4, , , , , , , , , , , , , , ,3,1,1,-9,3,4,3,3, ,4,1,5,2,4,1,1,2,-9,AZ,4,Masked,0.5, , , , 
384,384,FALL2015,1,98,-9,-9, ,-9,-9,-9,-9,-9,-9, ,-9,-9,-9, , ,-9,-9, ,-9,-9,-9, ,2, , , , ,98,1,98,1,1,98,98,2,3,3,2, , , , ,98,1,5,98,3, ,98,98,1, ,98, , ,1, , , , , , , , , , , , , , ,3,2,1,-9,3,1,98,3, ,2,1,3,1,2,2,1,1,1,SD,3,Masked,0.77, , , , 
385,385,FALL2015,1,2,-9,-9, ,-9,-9,-9,-9,-9,-9, ,-9,-9,-9, , ,1,98,HAVE NOT TRACKED TEMPERATURES LONG ENOUGH,3,98,4, ,1, , , , ,1,2,3,4,1,3,3,2,3,3,1, , , , ,2,3,5,3,4, ,99,3,1, ,98, , ,4, , , , , , , , , , , , , , ,3,5,1,-9,1,4,4,3, ,4,2,99,5,4,2,5,99,-9,FL,2,Masked,0.95, , , , 
386,386,FALL2015,1,1,1,1, ,1,1,1,98,1,4,CARBON DIOXIDE AND HUMAN CONDUCT,8,1,1, , ,-9,-9, ,-9,-9,-9, ,2, , , , ,98,1,98,98,98,98,98,2,98,98,98, , , , ,2,3,5,4,4, ,4,2,1, ,98, , ,2, , , , , , , , , , , , , , ,3,1,1,-9,98,1,98,2, ,5,1,99,6,1,4,4,6,-9,CA,4, ,1.07, , , , 
387,387,FALL2015,1,1,2,1, ,4,1,4,1,1,4,WEATHER CYCLES,3,4,1, , ,-9,-9, ,-9,-9,-9, ,4, , , , ,98,98,98,4,98,98,98,1,3,3,98, , , , ,4,1,1,1,1, ,98,98,2, ,98, , ,1, , , , , , , , , , , , , , ,3,1,1,-9,1,1,98,1, ,4,2,4,2,2,1,1,6,-9,IA,3,Masked,1.18, , , , 
388,388,FALL2015,1,1,1,2, ,2,1,4,3,3,3,MAN MESSING WITH MOTHER NATURE,8,4,3, , ,-9,-9, ,-9,-9,-9, ,2, , , , ,3,2,3,2,3,3,1,2,1,2,3, , , , ,2,3,98,98,1, ,4,2,1, ,3, , ,2, , , , , , , , , , , , , , ,3,5,1,-9,1,3,4,2, ,4,1,2,1,1,3,5,4,-9,PA,1,Masked,1.25, , , , 
389,389,FALL2015,1,1,3,2, ,4,2,98,98,3,4,WARMER,2,98,3, , ,-9,-9, ,-9,-9,-9, ,4, , , , ,3,1,99,98,98,3,3,1,98,98,98, , , , ,2,3,5,2,98, ,98,98,2, ,98, , ,2, , , , , , , , , , , , , , ,3,5,1,-9,1,2,2,4, ,1,1,1,1,1,3,1,1,1,IN,3,Masked,0.8, , , , 
390,390,FALL2015,1,1,2,1, ,1,1,1,1,3,1,WEATHER EVENTS OVER THE YEARS,3,4,1, , ,-9,-9, ,-9,-9,-9, ,1, , , , ,3,1,2,1,3,1,1,1,1,3,3, , , , ,4,3,5,1,2, ,2,4,1, ,2, , ,1, , , , , , , , , , , , , , ,3,1,1,-9,2,1,2,4, ,5,1,1,1,1,2,3,2,-9,TX,2,Masked,1.97, , , , 
391,391,FALL2015,1,1,1,1, ,1,1,1,1,1,4,OBSERVATION,2,98,1, , ,-9,-9, ,-9,-9,-9, ,2, , , , ,98,98,98,98,98,98,98,2,98,98,98, , , , ,98,98,98,98,4, ,4,2,98, ,98, , ,98, , , , , , , , , , , , , , ,3,1,1,-9,98,98,98,1, ,5,1,99,1,4,1,1,6,-9,AR,2, ,0.87, , , , 
392,392,FALL2015,1,1,1,1, ,2,1,1,2,1,1,DATA SUPPORTS HUMAN ACTIVITY IS INCREASING WARMTH,4,1,2, , ,-9,-9, ,-9,-9,-9, ,1, , , , ,2,1,1,1,1,2,2,5,2,3,4, , , , ,1,3,5,1,1, ,1,1,1, ,2, , ,1, , , , , , , , , , , , , , ,3,2,1,-9,3,1,2,4, ,5,1,6,1,1,4,1,1,99,TX,2,Masked,0.32, , , , 
393,393,FALL2015,1,1,1,1, ,1,1,1,1,1,1,RUINING SO MUCH OF THE EARTH BY CUTTING DOWN TREES,8,1,1, , ,-9,-9, ,-9,-9,-9, ,2, , , , ,3,1,2,1,1,1,1,3,3,3,1, , , , ,1,1,5,1,1, ,1,1,1, ,1, , ,2, , , , , , , , , , , , , , ,3,1,1,-9,4,1,2,3, ,4,2,5,1,4,4,2,1,1,CA,4,Masked,1.33, , , , 
394,394,FALL2015,1,2,-9,-9, ,-9,-9,-9,-9,-9,-9, ,-9,-9,-9, , ,1,98,SEVERE WINTERS,1,98,1, ,2, , , , ,98,2,1,1,1,3,3,2,1,3,1, , , , ,1,3,5,1,4, ,4,2,1, ,4, , ,1, , , , , , , , , , , , , , ,3,5,1,-9,4,1,1,4, ,5,1,3,5,3,3,1,1,2,IL,3,Masked,0.52, , , , 
395,395,FALL2015,1,1,1,1, ,2,1,2,2,3,4,OBSERVATION,2,2,2, , ,-9,-9, ,-9,-9,-9, ,2, , , , ,98,98,98,98,98,98,98,1,98,98,98, , , , ,1,98,98,98,1, ,98,98,2, ,98, , ,1, , , , , , , , , , , , , , ,3,2,1,-9,98,98,98,5, ,99,1,99,1,4,98,99,99,-9,CA,4,Masked,0.85, , , , 
396,396,FALL2015,1,1,1,2, ,2,1,1,3,3,1,DIFFERENT STUDIES I HAVE SEEN,4,3,1, , ,-9,-9, ,-9,-9,-9, ,1, , , , ,3,1,1,1,2,2,2,3,2,3,4, , , , ,98,3,5,98,1, ,1,4,1, ,98, , ,2, , , , , , , , , , , , , , ,3,3,1,-9,1,1,1,4, ,3,1,99,1,99,99,2,2,-9,TX,2,Masked,1.2, , , , 
397,397,FALL2015,1,1,3,1, ,2,2,1,2,2,3,REPORTS ABOUT IT,6,1,2, , ,-9,-9, ,-9,-9,-9, ,2, , , , ,3,1,2,1,1,1,1,2,3,3,2, , , , ,2,3,5,1,3, ,1,2,1, ,4, , ,1, , , , , , , , , , , , , , ,3,2,1,-9,2,1,1,3, ,3,2,2,1,1,3,2,1,1,NJ,1,Masked,1.7, , , , 
398,398,FALL2015,1,1,2,1, ,1,1,1,1,2,2,CYCLES,9,2,3, , ,-9,-9, ,-9,-9,-9, ,2, , , , ,3,1,2,2,2,2,2,3,2,3,3, , , , ,1,3,5,98,4, ,2,3,1, ,1, , ,2, , , , , , , , , , , , , , ,3,5,1,-9,98,2,2,3, ,2,1,4,1,2,2,1,1,2,GA,2,Masked,0.72, , , , 
399,399,FALL2015,1,1,2,1, ,1,1,1,4,4,4,WARMER ALL OVER THE PLACE ESPECIALLY UP NORTH,2,3,4, , ,-9,-9, ,-9,-9,-9, ,2, , , , ,3,2,3,98,1,98,98,5,1,3,98, , , , ,1,3,5,98,4, ,98,4,2, ,4, , ,2, , , , , , , , , , , , , , ,3,5,1,-9,3,2,3,4, ,3,1,4,2,4,1,1,1,1,MD,2,Masked,0.65, , , , 
400,400,FALL2015,1,2,-9,-9, ,-9,-9,-9,-9,-9,-9, ,-9,-9,-9, , ,2,3,COLDEST WINTER LAST YEAR,1,4,4, ,2, , , , ,3,2,1,3,1,3,3,5,1,3,1, , , , ,2,3,5,4,4, ,4,2,1, ,98, , ,1, , , , , , , , , , , , , , ,3,2,1,-9,1,1,98,2, ,3,1,99,1,1,2,5,2,-9,NJ,1,Masked,1.25, , , , 
401,401,FALL2015,1,1,1,1, ,1,1,2,2,2,3,HAVE DONE REASEARCH ON IT IN COLLEGE,4,1,2, , ,-9,-9, ,-9,-9,-9, ,1, , , , ,3,1,1,1,1,2,2,5,2,3,4, , , , ,3,3,5,2,3, ,2,1,1, ,1, , ,1, , , , , , , , , , , , , , ,3,3,1,-9,4,2,1,2, ,3,2,3,4,1,3,1,1,2,PA,1,Masked,1.43, , , , 
402,402,FALL2015,1,2,-9,-9, ,-9,-9,-9,-9,-9,-9, ,-9,-9,-9, , ,1,1,SNOW THIS WINTER,1,1,4, ,1, , , , ,1,2,3,4,1,3,3,5,1,2,1, , , , ,1,3,4,4,4, ,4,4,4, ,4, , ,4, , , , , , , , , , , , , , ,3,3,1,-9,1,4,1,2, ,4,1,6,3,2,1,1,1,1,AZ,4,Masked,0.85, , , , 
403,403,FALL2015,1,98,-9,-9, ,-9,-9,-9,-9,-9,-9, ,-9,-9,-9, , ,-9,-9, ,-9,-9,-9, ,2, , , , ,3,1,1,1,98,98,98,2,2,3,4, , , , ,3,3,1,1,98, ,1,4,1, ,4, , ,2, , , , , , , , , , , , , , ,3,2,1,-9,2,1,1,3, ,3,1,99,1,98,98,1,6,-9,NY,1,Masked,0.72, , , , 
404,404,FALL2015,1,1,3,2, ,1,2,1,4,4,4,ICE MELTING,1,2,1, , ,-9,-9, ,-9,-9,-9, ,3, , , , ,3,1,1,1,98,2,2,2,2,3,3, , , , ,3,3,5,2,4, ,4,1,2, ,2, , ,2, , , , , , , , , , , , , , ,3,5,1,-9,1,1,98,3, ,5,2,99,1,1,5,1,6,-9,OH,3,Masked,0.77, , , , 
405,405,FALL2015,1,1,3,2, ,3,3,2,4,3,2,WARMER,2,2,2, , ,-9,-9, ,-9,-9,-9, ,2, , , , ,98,2,98,2,98,2,3,1,98,98,98, , , , ,2,1,2,1,4, ,1,2,2, ,2, , ,98, , , , , , , , , , , , , , ,3,2,1,-9,3,98,2,1, ,4,1,4,5,98,98,4,7,-9,AL,2,Masked,1.1, , , , 
406,406,FALL2015,2,98,-9,-9, ,-9,-9,-9,-9,-9,-9, ,-9,-9,-9, , ,-9,-9, ,-9,-9,-9, ,3, , , , ,3,2,1,2,1,98,98,2,1,3,98, , , , ,98,3,5,98,3, ,4,98,1, ,98, , ,2, , , , , , , , , , , , , , ,3,5,2,98,-9,1,3,4, ,3,2,5,1,4,2,1,1,2,MD,2,Masked,0.76, , , , 
407,407,FALL2015,2,1,1,1, ,1,4,1,2,4,4,EVERYDAY TEMPERATURES,2,2,1, , ,-9,-9, ,-9,-9,-9, ,2, , , , ,98,1,98,98,98,98,98,2,98,98,98, , , , ,2,3,5,2,4, ,4,2,98, ,98, , ,2, , , , , , , , , , , , , , ,3,1,2,1,-9,2,2,4, ,1,2,1,1,2,3,1,2,-9,PA,1,Masked,1.03, , , , 
408,408,FALL2015,2,1,1,1, ,4,98,2,4,1,98,HOTTER SUMMERS,2,2,2, , ,-9,-9, ,-9,-9,-9, ,2, , , , ,3,98,4,1,3,2,2,3,3,1,98, , , , ,98,3,5,98,4, ,1,2,1, ,4, , ,1, , , , , , , , , , , , , , ,3,1,2,5,-9,1,1,3, ,2,1,3,1,4,4,1,1,1,MA,1,Masked,0.77, , , , 
409,409,FALL2015,2,1,3,1, ,1,1,1,1,4,4,WEATHER CHANGES,3,2,2, , ,-9,-9, ,-9,-9,-9, ,3, , , , ,98,1,98,98,1,98,98,1,3,3,98, , , , ,98,3,5,2,4, ,2,2,2, ,98, , ,2, , , , , , , , , , , , , , ,3,2,2,1,-9,2,2,4, ,2,2,99,1,99,99,2,1,1,TX,2,Masked,1.38, , , , 
410,410,FALL2015,2,1,2,1, ,1,1,4,4,1,4,HEARD IT IS GETTING WARMER,10,4,1, , ,-9,-9, ,-9,-9,-9, ,4, , , , ,98,98,98,1,98,98,98,98,98,98,98, , , , ,98,3,1,1,4, ,4,98,1, ,4, , ,1, , , , , , , , , , , , , , ,3,1,2,1,-9,1,1,4, ,3,2,4,1,2,2,1,1,2,AZ,4,Masked,0.88, , , , 
411,411,FALL2015,2,1,1,1, ,1,1,1,1,1,3,PATTERNS OF EACH YEAR  ARE HOTTER,2,3,1, , ,-9,-9, ,-9,-9,-9, ,2, , , , ,98,2,98,98,98,98,98,98,98,98,98, , , , ,98,98,98,98,4, ,4,3,1, ,98, , ,98, , , , , , , , , , , , , , ,3,1,2,98,-9,98,98,3, ,4,2,99,1,98,3,1,2,-9,AZ,4, ,0.8, , , , 
412,412,FALL2015,2,98,-9,-9, ,-9,-9,-9,-9,-9,-9, ,-9,-9,-9, , ,-9,-9, ,-9,-9,-9, ,2, , , , ,3,98,1,2,1,1,98,2,1,3,2, , , , ,3,98,5,2,4, ,3,2,2, ,98, , ,98, , , , , , , , , , , , , , ,3,5,2,2,-9,2,2,4, ,3,1,4,1,2,2,1,1,2,FL,2,Masked,0.65, , , , 
413,413,FALL2015,2,1,3,2, ,2,1,1,1,1,4,"HOTTER DAYS, WEATHER CHANGING A LOT AND WINTERS HAVE CHANGED",2,4,1, , ,-9,-9, ,-9,-9,-9, ,2, , , , ,3,98,2,1,1,2,2,2,2,3,1, , , , ,1,98,5,1,1, ,2,2,1, ,4, , ,1, , , , , , , , , , , , , , ,3,2,2,2,-9,1,1,4, ,3,2,2,1,1,3,1,1,2,PA,1,Masked,0.98, , , , 
414,414,FALL2015,2,98,-9,-9, ,-9,-9,-9,-9,-9,-9, ,-9,-9,-9, , ,-9,-9, ,-9,-9,-9, ,2, , , , ,98,2,3,4,1,2,3,5,3,3,1, , , , ,2,3,5,4,4, ,4,98,4, ,4, , ,2, , , , , , , , , , , , , , ,3,2,2,1,-9,4,98,4, ,4,1,2,1,2,2,1,1,2,TX,2,Masked,0.6, , , , 
415,415,FALL2015,2,1,3,1, ,3,3,1,3,2,3,NATURAL WARMING,2,1,4, , ,-9,-9, ,-9,-9,-9, ,2, , , , ,98,1,98,2,1,2,3,4,2,3,3, , , , ,98,98,98,98,2, ,2,2,1, ,98, , ,2, , , , , , , , , , , , , , ,3,1,2,98,-9,1,2,3, ,5,1,99,1,4,2,1,1,1,IN,3,Masked,0.54, , , , 
416,416,FALL2015,2,1,3,1, ,2,1,1,2,4,2,NEWS REPORTS,6,2,2, , ,-9,-9, ,-9,-9,-9, ,2, , , , ,3,1,2,1,98,2,2,5,2,1,4, , , , ,4,3,2,2,4, ,1,1,1, ,1, , ,1, , , , , , , , , , , , , , ,3,5,2,4,-9,1,1,3, ,5,2,5,5,1,4,1,1,2,IA,3,Masked,0.7, , , , 
417,417,FALL2015,2,1,2,1, ,1,1,1,2,3,1,HEARD ON THE NEWS,6,1,3, , ,-9,-9, ,-9,-9,-9, ,1, , , , ,3,1,1,98,1,2,2,3,1,3,1, , , , ,1,1,5,1,4, ,4,1,1, ,1, , ,1, , , , , , , , , , , , , , ,3,5,2,1,-9,1,1,4, ,2,2,99,1,1,1,1,1,2,PA,1,Masked,0.78, , , , 
418,418,FALL2015,2,98,-9,-9, ,-9,-9,-9,-9,-9,-9, ,-9,-9,-9, , ,-9,-9, ,-9,-9,-9, ,2, , , , ,98,1,98,98,98,98,98,1,98,98,98, , , , ,98,98,98,4,4, ,4,98,98, ,98, , ,98, , , , , , , , , , , , , , ,3,1,2,98,-9,98,98,1, ,2,1,99,1,2,98,1,6,-9,NY,1, ,1, , , , 
419,419,FALL2015,2,1,2,1, ,2,2,2,2,1,98,HOTTER NOW,2,98,1, , ,-9,-9, ,-9,-9,-9, ,2, , , , ,1,98,98,2,98,98,98,1,98,98,98, , , , ,2,3,5,4,4, ,98,98,2, ,2, , ,98, , , , , , , , , , , , , , ,3,1,2,1,-9,98,1,4, ,2,2,1,1,98,1,1,2,-9,NY,1,Masked,0.98, , , , 
420,420,FALL2015,2,1,1,2, ,3,3,2,3,3,2,MORE CONCRETE BEING USED,8,2,3, , ,-9,-9, ,-9,-9,-9, ,1, , , , ,1,1,2,1,1,98,1,4,3,3,2, , , , ,2,1,2,1,2, ,2,1,1, ,2, , ,1, , , , , , , , , , , , , , ,3,2,2,4,-9,1,1,3, ,3,1,99,2,1,3,1,2,-9,PA,1,Masked,0.72, , , , 
421,421,FALL2015,2,98,-9,-9, ,-9,-9,-9,-9,-9,-9, ,-9,-9,-9, , ,-9,-9, ,-9,-9,-9, ,2, , , , ,2,98,1,1,3,3,3,2,3,2,1, , , , ,1,3,2,2,3, ,1,1,1, ,98, , ,1, , , , , , , , , , , , , , ,3,5,2,98,-9,2,2,4, ,4,1,2,1,2,2,1,1,1,FL,2,Masked,0.6, , , , 
422,422,FALL2015,2,1,3,1, ,2,1,1,1,1,4,CHANGES IN THE WEATHER AND CLIMATE,3,1,1, , ,-9,-9, ,-9,-9,-9, ,1, , , , ,2,2,2,1,2,2,2,5,2,3,4, , , , ,2,3,5,1,1, ,2,2,1, ,1, , ,1, , , , , , , , , , , , , , ,3,5,2,2,-9,1,2,4, ,5,1,4,1,4,3,2,1,2,FL,2,Masked,1.07, , , , 
423,423,FALL2015,2,1,3,1, ,2,3,1,4,4,2,ICE CAPS MELTING,1,2,4, , ,-9,-9, ,-9,-9,-9, ,1, , , , ,98,1,2,2,1,1,98,5,2,2,2, , , , ,2,98,98,98,98, ,1,3,1, ,98, , ,98, , , , , , , , , , , , , , ,3,5,2,6,-9,3,4,4, ,3,1,99,6,4,4,5,6,-9,FL,2,Masked,0.75, , , , 
424,424,FALL2015,2,2,-9,-9, ,-9,-9,-9,-9,-9,-9, ,-9,-9,-9, , ,1,3,STATISTICAL INFORMATION,5,3,4, ,2, , , , ,98,1,3,4,1,2,3,2,1,3,2, , , , ,1,3,5,4,4, ,4,3,2, ,4, , ,4, , , , , , , , , , , , , , ,3,3,2,3,-9,1,1,3, ,5,1,6,1,2,1,1,2,-9,KS,3,Masked,0.44, , , , 
425,425,FALL2015,2,2,-9,-9, ,-9,-9,-9,-9,-9,-9, ,-9,-9,-9, , ,2,3,NOTHING HAS CHANGED,1,98,4, ,98, , , , ,3,2,98,98,98,98,98,98,98,98,98, , , , ,98,98,98,98,98, ,98,98,98, ,4, , ,98, , , , , , , , , , , , , , ,3,5,2,98,-9,99,98,4, ,2,2,1,1,99,99,1,1,1,GA,2,Masked,0.98, , , , 
426,426,FALL2015,2,1,1,2, ,1,1,1,2,1,1,WEATHER WE HAVE HAD IN THIS STATE AND POLAR CAPS ARE MELTING,3,2,1, , ,-9,-9, ,-9,-9,-9, ,1, , , , ,1,1,2,1,2,2,2,5,2,3,4, , , , ,2,3,5,1,4, ,4,3,1, ,98, , ,2, , , , , , , , , , , , , , ,3,1,2,1,-9,1,2,4, ,3,2,3,1,1,5,1,1,2,WI,3,Masked,0.93, , , , 
427,427,FALL2015,2,98,-9,-9, ,-9,-9,-9,-9,-9,-9, ,-9,-9,-9, , ,-9,-9, ,-9,-9,-9, ,1, , , , ,98,1,98,2,1,2,2,3,2,3,4, , , , ,2,3,5,2,4, ,4,1,2, ,98, , ,2, , , , , , , , , , , , , , ,3,2,2,1,-9,2,3,3, ,5,2,3,4,4,4,2,6,-9,PA,1,Masked,1.47, , , , 
428,428,FALL2015,2,1,1,1, ,1,1,1,1,1,4,FOSSIL FUELS AND CHEMICAL RUN-OFF,8,1,1, , ,-9,-9, ,-9,-9,-9, ,2, , , , ,2,1,1,1,98,2,2,1,2,3,3, , , , ,3,3,5,3,4, ,2,1,1, ,4, , ,1, , , , , , , , , , , , , , ,3,1,2,3,-9,1,2,2, ,4,2,4,5,1,3,2,1,2,FL,2,Masked,1.83, , , , 
429,429,FALL2015,2,2,-9,-9, ,-9,-9,-9,-9,-9,-9, ,-9,-9,-9, , ,2,2,LIVE IN CHICAGO AND FREEZE MY BUTT OFF,1,2,2, ,2, , , , ,3,1,1,2,98,98,98,1,3,3,98, , , , ,2,3,5,2,3, ,3,3,2, ,98, , ,2, , , , , , , , , , , , , , ,3,5,2,1,-9,2,1,3, ,3,2,6,1,2,3,1,2,-9,IL,3,Masked,0.85, , , , 
430,430,FALL2015,2,1,3,2, ,98,3,1,3,2,3,ICE IS GETTING SMALLER,1,2,3, , ,-9,-9, ,-9,-9,-9, ,2, , , , ,3,2,1,98,1,98,3,5,3,1,1, , , , ,1,3,5,3,4, ,4,2,1, ,98, , ,2, , , , , , , , , , , , , , ,3,2,2,3,-9,2,1,4, ,3,1,3,2,4,2,1,1,1,MT,4,Masked,0.7, , , , 
431,431,FALL2015,2,2,-9,-9, ,-9,-9,-9,-9,-9,-9, ,-9,-9,-9, , ,2,2,CYCLES,2,1,4, ,1, , , , ,3,98,3,2,1,2,2,5,3,1,4, , , , ,2,3,2,2,2, ,2,4,1, ,3, , ,2, , , , , , , , , , , , , , ,20,5,2,2,-9,1,3,4, ,2,1,2,1,1,2,1,1,2,AZ,4,Masked,0.7, , , , 
432,432,FALL2015,2,1,3,2, ,1,1,1,3,3,2,WEATHER EVENTS AND MELTING POLAR ICE,3,1,2, , ,-9,-9, ,-9,-9,-9, ,2, , , , ,3,1,2,1,1,2,2,3,3,2,3, , , , ,3,3,5,2,2, ,2,2,1, ,2, , ,2, , , , , , , , , , , , , , ,20,2,2,2,-9,1,2,3, ,4,1,5,1,2,1,1,1,2,WA,4,Masked,0.5, , , , 
433,433,FALL2015,2,1,2,1, ,2,2,2,2,3,3,HOTTER,2,3,1, , ,-9,-9, ,-9,-9,-9, ,2, , , , ,3,1,1,1,2,2,2,2,2,1,98, , , , ,1,3,5,2,4, ,2,4,2, ,2, , ,1, , , , , , , , , , , , , , ,3,1,2,1,-9,3,2,3, ,3,2,1,1,1,2,2,6,-9,LA,2,Masked,1.75, , , , 
434,434,FALL2015,1,1,3,1, ,3,2,2,3,3,3,THE EARTH GETS OFF BALANCE AND HEATS UP,10,3,1, , ,-9,-9, ,-9,-9,-9, ,2, , , , ,3,1,2,2,2,2,2,3,2,3,4, , , , ,4,3,5,2,2, ,2,4,1, ,4, , ,1, , , , , , , , , , , , , , ,20,3,2,1,-9,2,1,2, ,4,1,2,1,4,2,1,2,-9,MS,2,Masked,1.1, , , , 
435,435,FALL2015,1,1,3,2, ,4,4,2,4,4,4,WHAT HE HAS READ,6,3,2, , ,-9,-9, ,-9,-9,-9, ,1, , , , ,1,1,1,2,1,3,3,5,1,3,1, , , , ,2,3,5,2,4, ,2,2,2, ,2, , ,3, , , , , , , , , , , , , , ,20,3,2,2,-9,2,2,4, ,4,1,6,1,4,3,1,1,1,TX,2,Masked,0.35, , , , 
436,436,FALL2015,1,1,2,1, ,1,1,1,1,1,2,WARMER TEMPERATURES IN THE WINTER,2,1,1, , ,-9,-9, ,-9,-9,-9, ,2, , , , ,2,2,1,1,1,2,2,1,2,3,2, , , , ,1,3,2,2,4, ,2,2,1, ,98, , ,1, , , , , , , , , , , , , , ,20,1,2,2,-9,1,2,2, ,2,2,3,1,4,1,1,2,-9,NJ,1,Masked,1.38, , , , 
437,437,FALL2015,1,2,-9,-9, ,-9,-9,-9,-9,-9,-9, ,-9,-9,-9, , ,1,1,MADE UP POLITICAL HOAX,7,1,4, ,3, , , , ,1,2,3,4,1,3,3,3,1,3,1, , , , ,1,3,5,2,4, ,4,4,2, ,4, , ,1, , , , , , , , , , , , , , ,20,4,2,1,-9,1,2,3, ,4,1,4,4,2,2,1,1,2,PA,1,Masked,0.62, , , , 
438,438,FALL2015,1,2,-9,-9, ,-9,-9,-9,-9,-9,-9, ,-9,-9,-9, , ,2,1,DATA AND RESEARCH,5,4,4, ,1, , , , ,1,2,3,4,1,3,3,3,1,2,1, , , , ,1,3,5,4,4, ,4,3,2, ,3, , ,4, , , , , , , , , , , , , , ,20,5,2,1,-9,3,1,2, ,4,1,6,1,4,3,3,6,-9,FL,2,Masked,2.2, , , , 
439,439,FALL2015,1,1,3,1, ,1,1,1,1,1,1,THE SUN IS HOTTER THAN WHAT IT USED TO BE,10,1,1, , ,-9,-9, ,-9,-9,-9, ,2, , , , ,3,1,2,1,3,2,3,2,2,3,2, , , , ,1,1,1,1,1, ,1,1,1, ,4, , ,1, , , , , , , , , , , , , , ,20,5,2,2,-9,1,1,3, ,2,2,99,1,4,5,1,6,-9,AL,2,Masked,0.9, , , , 
440,440,FALL2015,1,2,-9,-9, ,-9,-9,-9,-9,-9,-9, ,-9,-9,-9, , ,2,4,CYCLES TO EVERTHING,2,2,2, ,1, , , , ,3,1,1,2,2,3,98,3,3,3,3, , , , ,2,3,5,98,2, ,2,3,1, ,2, , ,2, , , , , , , , , , , , , , ,20,5,2,3,-9,1,2,3, ,3,1,4,1,4,2,1,1,2,MI,3,Masked,0.77, , , , 
441,441,FALL2015,1,2,-9,-9, ,-9,-9,-9,-9,-9,-9, ,-9,-9,-9, , ,2,1,IT HAS BEEN COLD,1,2,1, ,2, , , , ,98,1,98,2,98,98,98,2,98,98,2, , , , ,2,3,5,3,4, ,2,3,2, ,98, , ,2, , , , , , , , , , , , , , ,20,5,2,1,-9,3,2,3, ,2,2,99,1,4,2,1,1,2,AL,2,Masked,0.9, , , , 
442,442,FALL2015,1,1,1,1, ,1,1,1,1,1,1,REASONABLE BY WHAT I READ,6,1,1, , ,-9,-9, ,-9,-9,-9, ,2, , , , ,3,1,2,1,1,98,2,5,1,3,1, , , , ,1,3,1,1,1, ,1,1,1, ,98, , ,1, , , , , , , , , , , , , , ,20,5,2,2,-9,1,1,4, ,5,1,6,2,2,3,1,3,-9,OH,3,Masked,0.32, , , , 
443,443,FALL2015,1,1,98,99, ,4,4,4,4,4,4,VOLCANOES,10,4,4, , ,-9,-9, ,-9,-9,-9, ,1, , , , ,98,2,3,4,1,3,3,5,1,3,1, , , , ,1,2,3,3,1, ,4,3,2, ,4, , ,2, , , , , , , , , , , , , , ,20,3,2,99,-9,2,4,3, ,4,1,6,1,2,1,1,1,1,IL,3,Masked,0.47, , , , 
444,444,FALL2015,1,98,-9,-9, ,-9,-9,-9,-9,-9,-9, ,-9,-9,-9, , ,-9,-9, ,-9,-9,-9, ,2, , , , ,3,1,2,1,2,2,2,1,2,3,4, , , , ,3,1,2,1,3, ,3,2,1, ,2, , ,1, , , , , , , , , , , , , , ,20,5,2,2,-9,1,2,1, ,3,2,2,5,4,3,1,6,-9,AZ,4,Masked,1.43, , , , 
445,445,FALL2015,1,2,-9,-9, ,-9,-9,-9,-9,-9,-9, ,-9,-9,-9, , ,1,2,DO NOT BELIEVE IN IT,8,4,1, ,2, , , , ,1,2,1,4,1,3,1,3,1,3,1, , , , ,1,3,5,2,1, ,4,4,1, ,4, , ,1, , , , , , , , , , , , , , ,20,5,2,2,-9,1,4,4, ,3,2,4,1,2,1,1,1,1,IN,3,Masked,0.88, , , , 
446,446,FALL2015,1,1,1,2, ,1,1,1,1,2,1,NEWS,6,2,3, , ,-9,-9, ,-9,-9,-9, ,2, , , , ,3,1,1,1,3,2,2,3,2,3,3, , , , ,1,3,2,1,2, ,2,1,1, ,1, , ,1, , , , , , , , , , , , , , ,20,5,2,3,-9,1,3,1, ,4,2,6,5,1,4,4,1,2,MD,2,Masked,1.18, , , , 
447,447,FALL2015,1,1,3,1, ,1,1,1,2,2,4,THE NORTH POLE,1,1,1, , ,-9,-9, ,-9,-9,-9, ,2, , , , ,98,1,98,2,1,2,2,2,2,3,3, , , , ,98,3,5,2,3, ,98,2,2, ,98, , ,2, , , , , , , , , , , , , , ,20,2,2,98,-9,3,3,3, ,4,2,3,1,1,3,2,1,2,GA,2,Masked,1.5, , , , 
448,448,FALL2015,1,1,2,2, ,2,2,2,2,3,2,NEWS,6,2,4, , ,-9,-9, ,-9,-9,-9, ,2, , , , ,98,2,1,3,1,98,3,4,1,3,1, , , , ,2,3,5,3,4, ,4,2,1, ,3, , ,2, , , , , , , , , , , , , , ,20,3,2,2,-9,1,3,3, ,2,1,4,1,2,2,1,6,-9,NJ,1,Masked,0.72, , , , 
449,449,FALL2015,1,98,-9,-9, ,-9,-9,-9,-9,-9,-9, ,-9,-9,-9, , ,-9,-9, ,-9,-9,-9, ,2, , , , ,3,2,2,4,1,1,3,4,3,3,2, , , , ,4,3,5,2,2, ,2,2,1, ,2, , ,1, , , , , , , , , , , , , , ,20,1,2,3,-9,1,4,4, ,2,2,2,1,1,3,1,1,2,KY,2,Masked,0.93, , , , 
450,450,FALL2015,1,2,-9,-9, ,-9,-9,-9,-9,-9,-9, ,-9,-9,-9, , ,1,4,THE DISCOVERY CHANNEL,9,4,1, ,3, , , , ,3,98,2,4,1,1,1,4,1,98,1, , , , ,1,3,5,4,4, ,4,4,1, ,4, , ,1, , , , , , , , , , , , , , ,20,5,2,2,-9,1,4,4, ,4,1,4,5,4,4,1,6,-9,TX,2,Masked,0.5, , , , 
451,451,FALL2015,1,2,-9,-9, ,-9,-9,-9,-9,-9,-9, ,-9,-9,-9, , ,1,1,LIBERAL HOAX,7,2,1, ,2, , , , ,2,2,1,4,1,3,1,3,1,2,1, , , , ,1,2,3,3,4, ,4,4,4, ,1, , ,1, , , , , , , , , , , , , , ,20,5,2,1,-9,4,4,3, ,4,1,3,1,2,1,1,1,1,CA,4,Masked,0.67, , , , 
452,452,FALL2015,1,1,1,2, ,1,1,1,1,1,4,WARMER WINTERS HOTTER MORE HUMID SUMMERS,2,1,1, , ,-9,-9, ,-9,-9,-9, ,2, , , , ,3,1,1,2,98,98,98,2,2,3,98, , , , ,1,1,5,2,3, ,98,2,1, ,1, , ,2, , , , , , , , , , , , , , ,20,5,2,2,-9,2,98,4, ,3,2,3,1,2,2,1,1,2,AR,2,Masked,0.93, , , , 
453,453,FALL2015,1,1,3,1, ,1,4,1,2,2,4,BIBLE,12,1,2, , ,-9,-9, ,-9,-9,-9, ,2, , , , ,2,1,3,1,1,2,2,4,2,1,4, , , , ,3,3,5,3,2, ,2,2,4, ,4, , ,4, , , , , , , , , , , , , , ,20,2,2,1,-9,2,2,2, ,3,2,1,5,4,3,1,1,1,CA,4,Masked,1.53, , , , 
454,454,FALL2015,1,1,1,1, ,1,1,1,1,2,1,PUBLICATIONS AND PERSONAL EXPERIENCE,6,2,1, , ,-9,-9, ,-9,-9,-9, ,1, , , , ,2,1,1,1,1,2,2,5,2,3,4, , , , ,1,3,1,1,4, ,2,1,1, ,4, , ,1, , , , , , , , , , , , , , ,20,1,2,2,-9,1,2,1, ,4,1,3,5,4,5,1,6,-9,CA,4,Masked,1, , , , 
455,455,FALL2015,1,1,3,1, ,1,1,1,2,1,1,WORLD USE TO BE TOTALLY FROZEN AND NOW IT IS NOT,1,1,2, , ,-9,-9, ,-9,-9,-9, ,2, , , , ,3,1,1,2,3,2,2,4,2,1,4, , , , ,2,3,5,2,4, ,98,2,1, ,4, , ,1, , , , , , , , , , , , , , ,20,2,2,1,-9,1,4,3, ,2,1,2,1,4,2,1,2,-9,MA,1,Masked,0.82, , , , 
456,456,FALL2015,1,98,-9,-9, ,-9,-9,-9,-9,-9,-9, ,-9,-9,-9, , ,-9,-9, ,-9,-9,-9, ,2, , , , ,2,1,1,2,2,2,2,2,2,3,4, , , , ,3,1,2,2,2, ,2,3,2, ,4, , ,1, , , , , , , , , , , , , , ,20,2,2,1,-9,2,2,3, ,2,1,99,2,2,2,1,1,2,KY,2,Masked,0.67, , , , 
457,457,FALL2015,1,1,98,2, ,2,3,98,4,4,4,WEATHER IS HOTTER,2,2,98, , ,-9,-9, ,-9,-9,-9, ,4, , , , ,3,1,1,98,98,98,98,1,98,3,98, , , , ,3,3,5,3,4, ,3,3,2, ,98, , ,1, , , , , , , , , , , , , , ,20,5,2,1,-9,2,98,3, ,2,2,99,1,2,3,1,1,2,OH,3,Masked,0.9, , , , 
458,458,FALL2015,1,1,3,3, ,4,4,1,1,4,1,NOT SURE,10,1,1, , ,-9,-9, ,-9,-9,-9, ,2, , , , ,3,1,2,1,1,2,3,2,2,3,2, , , , ,98,3,5,98,4, ,4,1,1, ,98, , ,98, , , , , , , , , , , , , , ,20,5,2,2,-9,1,1,2, ,4,1,3,5,4,2,4,6,-9,GA,2,Masked,1.2, , , , 
459,459,FALL2015,1,1,2,1, ,4,4,3,4,4,4,NEW REPORTS,4,4,3, , ,-9,-9, ,-9,-9,-9, ,2, , , , ,3,98,2,2,1,1,3,5,2,1,4, , , , ,2,3,5,4,3, ,2,2,2, ,4, , ,1, , , , , , , , , , , , , , ,20,5,2,1,-9,2,2,3, ,5,1,6,1,2,3,1,6,-9,OK,2,Masked,0.44, , , , 
460,460,FALL2015,1,1,98,2, ,1,2,4,2,2,98,ICE CAPS MELTING,1,1,2, , ,-9,-9, ,-9,-9,-9, ,2, , , , ,3,1,1,1,1,2,98,4,3,2,3, , , , ,98,3,1,98,4, ,4,2,1, ,98, , ,1, , , , , , , , , , , , , , ,20,2,2,98,-9,1,1,4, ,4,1,4,1,4,98,1,6,-9,IA,3,Masked,0.5, , , , 
461,461,FALL2015,1,1,1,1, ,1,2,1,3,3,1,ICE MELTING,1,4,3, , ,-9,-9, ,-9,-9,-9, ,1, , , , ,3,1,2,1,1,2,2,5,2,3,4, , , , ,1,3,2,1,4, ,1,1,1, ,1, , ,1, , , , , , , , , , , , , , ,20,3,2,3,-9,1,1,1, ,5,1,4,4,1,5,1,6,-9,MD,2,Masked,0.92, , , , 
462,462,FALL2015,1,1,1,1, ,3,4,3,3,4,2,SCIENCE,4,1,4, , ,-9,-9, ,-9,-9,-9, ,2, , , , ,3,1,2,1,2,2,2,2,2,1,4, , , , ,1,3,2,1,4, ,4,1,1, ,1, , ,2, , , , , , , , , , , , , , ,20,2,2,5,-9,1,2,2, ,5,1,99,5,4,2,1,6,-9,NY,1,Masked,0.92, , , , 
463,463,FALL2015,1,1,1,1, ,2,1,4,2,4,1,SCIENTIFIC STUDIES,4,2,1, , ,-9,-9, ,-9,-9,-9, ,2, , , , ,3,1,2,1,1,2,2,5,3,3,2, , , , ,2,3,5,4,4, ,4,1,1, ,1, , ,1, , , , , , , , , , , , , , ,20,1,2,6,-9,1,1,2, ,4,1,5,1,1,5,1,7,-9,VT,1,Masked,0.88, , , , 
464,464,FALL2015,1,1,3,1, ,2,2,1,1,2,1,DATA,4,4,2, , ,-9,-9, ,-9,-9,-9, ,1, , , , ,3,1,2,1,1,2,2,5,3,3,98, , , , ,4,3,1,1,1, ,1,1,1, ,98, , ,1, , , , , , , , , , , , , , ,20,2,2,2,-9,1,3,4, ,5,1,4,2,1,5,1,1,1,MN,3,Masked,0.47, , , , 
465,465,FALL2015,1,1,1,1, ,1,1,1,1,4,1,READ ALOT OF ARTICLES THAT SUPPORT THIS BELIEF,6,1,4, , ,-9,-9, ,-9,-9,-9, ,1, , , , ,3,2,2,1,1,2,2,4,3,3,1, , , , ,2,1,1,1,1, ,1,1,1, ,1, , ,1, , , , , , , , , , , , , , ,20,5,2,5,-9,4,1,3, ,4,1,4,2,1,4,1,2,-9,WI,3,Masked,0.62, , , , 
466,466,FALL2015,1,1,1,1, ,2,1,2,1,4,1,TV AND NEWS,6,1,1, , ,-9,-9, ,-9,-9,-9, ,2, , , , ,3,1,98,1,98,98,98,1,98,98,98, , , , ,2,3,5,1,1, ,2,2,1, ,98, , ,1, , , , , , , , , , , , , , ,20,1,2,1,-9,1,3,3, ,2,2,2,1,1,2,2,2,-9,NJ,1,Masked,1.65, , , , 
467,467,FALL2015,1,1,3,2, ,2,2,1,2,2,2,WARMER WEATHER,2,2,2, , ,-9,-9, ,-9,-9,-9, ,2, , , , ,3,1,1,2,1,3,1,2,3,98,1, , , , ,1,3,5,2,4, ,3,1,1, ,2, , ,2, , , , , , , , , , , , , , ,20,3,2,2,-9,1,2,4, ,2,2,4,1,4,98,1,1,1,IA,3,Masked,0.83, , , , 
468,468,FALL2015,1,1,1,1, ,1,1,1,1,1,1,SCIENTIFIC EVIDENCE,4,1,2, , ,-9,-9, ,-9,-9,-9, ,2, , , , ,98,1,4,1,2,2,2,5,2,1,4, , , , ,3,1,1,1,2, ,4,1,1, ,98, , ,1, , , , , , , , , , , , , , ,20,2,2,98,-9,1,1,3, ,3,2,99,1,3,5,1,6,-9,TX,2,Masked,0.95, , , , 
469,469,FALL2015,1,1,2,1, ,2,2,2,3,2,2,FROM WHAT HE HAS READ,6,3,2, , ,-9,-9, ,-9,-9,-9, ,2, , , , ,3,1,1,2,1,2,3,3,1,2,2, , , , ,2,3,5,2,4, ,2,2,2, ,3, , ,2, , , , , , , , , , , , , , ,20,1,2,2,-9,2,2,2, ,5,1,4,5,2,2,1,1,2,MS,2,Masked,0.97, , , , 
470,470,FALL2015,1,2,-9,-9, ,-9,-9,-9,-9,-9,-9, ,-9,-9,-9, , ,1,1,TEMPERATURES FLUCTUATE,1,1,1, ,1, , , , ,1,2,3,4,1,1,1,4,1,3,1, , , , ,1,3,5,4,4, ,2,4,1, ,4, , ,4, , , , , , , , , , , , , , ,20,5,2,1,-9,2,4,3, ,4,1,6,5,4,3,1,1,2,TX,2,Masked,0.47, , , , 
471,471,FALL2015,1,1,1,2, ,1,1,1,2,2,1,CHANGES IN WEATHER PATTERNS,3,1,2, , ,-9,-9, ,-9,-9,-9, ,2, , , , ,3,98,2,1,98,98,98,2,3,3,2, , , , ,2,1,2,1,2, ,2,2,1, ,2, , ,1, , , , , , , , , , , , , , ,20,5,2,3,-9,1,1,3, ,4,2,99,1,99,99,3,2,-9,MA,1,Masked,2.15, , , , 
472,472,FALL2015,1,1,2,3, ,1,98,1,4,4,1,NEWS,6,1,2, , ,-9,-9, ,-9,-9,-9, ,2, , , , ,3,1,1,1,1,2,3,2,2,1,4, , , , ,2,3,2,2,3, ,3,1,1, ,4, , ,1, , , , , , , , , , , , , , ,20,1,2,4,-9,1,2,1, ,5,2,3,5,4,3,4,2,-9,WA,4,Masked,1.35, , , , 
473,473,FALL2015,1,1,98,1, ,2,3,2,3,3,2,EVIDENCE,4,2,3, , ,-9,-9, ,-9,-9,-9, ,3, , , , ,98,1,98,1,98,98,98,3,2,3,98, , , , ,98,3,5,1,4, ,98,98,1, ,98, , ,2, , , , , , , , , , , , , , ,20,5,2,6,-9,1,4,1, ,3,1,6,5,98,98,1,1,2,MN,3,Masked,0.95, , , , 
474,474,FALL2015,1,1,3,1, ,2,2,2,1,2,98,HOTTER AND HOTTER,2,98,2, , ,-9,-9, ,-9,-9,-9, ,2, , , , ,3,1,98,98,98,98,98,98,3,2,98, , , , ,98,3,5,98,98, ,98,2,1, ,98, , ,98, , , , , , , , , , , , , , ,20,2,2,99,-9,98,98,4, ,2,1,1,1,1,98,1,1,1,SC,2,Masked,0.75, , , , 
475,475,FALL2015,1,98,-9,-9, ,-9,-9,-9,-9,-9,-9, ,-9,-9,-9, , ,-9,-9, ,-9,-9,-9, ,2, , , , ,3,2,1,2,1,98,98,3,3,3,2, , , , ,98,3,5,4,4, ,4,2,2, ,98, , ,98, , , , , , , , , , , , , , ,20,3,2,3,-9,2,2,4, ,2,1,4,5,2,3,1,1,1,IN,3,Masked,0.6, , , , 
476,476,FALL2015,1,1,3,1, ,1,1,1,3,1,1,WEATHER PATTERNS HAVE SOMETHING DO TO WITH IT,3,1,4, , ,-9,-9, ,-9,-9,-9, ,1, , , , ,3,98,2,1,3,98,3,5,2,3,1, , , , ,1,3,1,1,98, ,1,1,1, ,4, , ,1, , , , , , , , , , , , , , ,20,5,2,2,-9,1,98,3, ,2,1,5,1,1,3,2,2,-9,VA,2,Masked,1.2, , , , 
477,477,FALL2015,1,2,-9,-9, ,-9,-9,-9,-9,-9,-9, ,-9,-9,-9, , ,1,1,PATTERNS,2,3,3, ,2, , , , ,3,1,1,1,1,98,3,3,1,98,2, , , , ,1,3,3,4,4, ,98,2,1, ,98, , ,98, , , , , , , , , , , , , , ,20,2,2,1,-9,1,98,3, ,2,2,99,4,99,2,1,1,1,PA,1,Masked,0.9, , , , 
478,478,FALL2015,1,1,98,2, ,4,4,1,4,3,3,NEWS,6,98,4, , ,-9,-9, ,-9,-9,-9, ,3, , , , ,98,2,1,3,1,3,3,5,1,2,1, , , , ,1,3,5,98,4, ,2,2,3, ,3, , ,3, , , , , , , , , , , , , , ,20,5,2,2,-9,3,2,4, ,3,1,4,2,2,2,1,1,1,MO,3,Masked,0.65, , , , 
479,479,FALL2015,1,98,-9,-9, ,-9,-9,-9,-9,-9,-9, ,-9,-9,-9, , ,-9,-9, ,-9,-9,-9, ,2, , , , ,3,1,1,1,1,2,3,2,2,3,2, , , , ,4,3,5,2,2, ,2,1,1, ,4, , ,1, , , , , , , , , , , , , , ,20,98,2,3,-9,1,1,3, ,4,2,4,5,2,4,1,1,2,VA,2,Masked,0.85, , , , 
480,480,FALL2015,1,1,1,2, ,1,1,1,1,2,4,WARMER THAN IT USED TO BE,2,2,1, , ,-9,-9, ,-9,-9,-9, ,2, , , , ,3,98,2,2,2,2,2,2,2,3,4, , , , ,4,1,2,2,2, ,2,3,1, ,1, , ,2, , , , , , , , , , , , , , ,20,3,2,2,-9,2,2,4, ,1,2,1,1,4,1,1,1,2,TN,2,Masked,1.03, , , , 
481,481,FALL2015,1,2,-9,-9, ,-9,-9,-9,-9,-9,-9, ,-9,-9,-9, , ,1,1,CYCLES,2,2,1, ,2, , , , ,98,1,98,3,1,98,98,2,3,3,3, , , , ,98,3,5,2,3, ,3,3,2, ,98, , ,3, , , , , , , , , , , , , , ,3,5,2,1,-9,2,2,2, ,3,2,99,5,4,3,1,6,-9,HI,4,Masked,1.33, , , , 
482,482,FALL2015,1,1,1,1, ,1,1,3,1,4,2,ACTIVELY DESTROYING THE WORLD,10,2,1, , ,-9,-9, ,-9,-9,-9, ,2, , , , ,3,1,1,1,1,2,2,2,2,3,4, , , , ,1,3,1,2,4, ,4,4,1, ,4, , ,1, , , , , , , , , , , , , , ,20,4,2,2,-9,1,1,1, ,2,2,4,5,1,5,1,1,2,NJ,1,Masked,1.28, , , , 
483,483,FALL2015,1,1,2,1, ,1,2,4,1,2,98,TEMPERATURES ARE GETTING HOTTER,2,3,2, , ,-9,-9, ,-9,-9,-9, ,2, , , , ,3,98,1,4,2,2,3,1,98,3,3, , , , ,1,3,5,2,3, ,98,2,1, ,4, , ,1, , , , , , , , , , , , , , ,20,2,2,1,-9,2,98,4, ,3,2,1,1,1,1,2,2,-9,GA,2,Masked,1.63, , , , 
484,484,FALL2015,1,2,-9,-9, ,-9,-9,-9,-9,-9,-9, ,-9,-9,-9, , ,2,2,DO NOT KNOW,9,2,2, ,99, , , , ,3,2,1,3,1,98,98,2,1,3,2, , , , ,2,3,1,2,4, ,4,4,2, ,3, , ,3, , , , , , , , , , , , , , ,20,5,2,1,-9,2,3,2, ,3,1,99,5,2,2,1,99,-9,GA,2,Masked,1.1, , , , 
485,485,FALL2015,1,1,1,1, ,1,1,1,1,1,2,PRIMARILY COLLECTED EVIDENCE,4,1,1, , ,-9,-9, ,-9,-9,-9, ,1, , , , ,3,1,1,1,1,2,2,5,2,3,4, , , , ,2,3,1,1,98, ,98,1,1, ,3, , ,1, , , , , , , , , , , , , , ,20,5,2,5,-9,1,2,1, ,4,1,6,5,4,4,1,2,-9,IN,3,Masked,0.8, , , , 
486,486,FALL2015,1,1,3,2, ,3,3,1,3,3,1,WARMER,2,1,3, , ,-9,-9, ,-9,-9,-9, ,1, , , , ,3,2,1,1,1,2,3,4,3,98,2, , , , ,2,3,2,2,4, ,2,2,1, ,2, , ,2, , , , , , , , , , , , , , ,20,5,2,4,-9,1,2,1, ,5,1,1,5,2,2,1,1,1,KS,3,Masked,1.07, , , , 
487,487,FALL2015,2,1,2,1, ,2,2,4,4,4,2,WARMER TEMPERATURES,2,2,2, , ,-9,-9, ,-9,-9,-9, ,1, , , , ,99,2,3,3,1,1,1,1,1,98,2, , , , ,2,3,5,4,4, ,4,2,2, ,4, , ,2, , , , , , , , , , , , , , ,20,5,1,-9,2,3,3,3, ,4,1,3,5,1,2,1,1,1,DE,2,Masked,0.67, , , , 
488,488,FALL2015,2,1,3,1, ,1,1,1,1,1,1,BECAUSE OF WHAT HUMANS ARE DOING,8,1,1, , ,-9,-9, ,-9,-9,-9, ,1, , , , ,98,1,1,2,98,98,98,2,2,3,98, , , , ,1,3,2,1,4, ,2,1,1, ,1, , ,1, , , , , , , , , , , , , , ,20,5,1,-9,5,1,2,2, ,5,2,3,4,1,5,1,2,-9,OH,3,Masked,1.25, , , , 
489,489,FALL2015,2,98,-9,-9, ,-9,-9,-9,-9,-9,-9, ,-9,-9,-9, , ,-9,-9, ,-9,-9,-9, ,2, , , , ,3,1,1,1,2,2,2,1,2,3,3, , , , ,98,3,5,1,4, ,3,2,1, ,98, , ,1, , , , , , , , , , , , , , ,20,1,1,-9,1,1,98,3, ,2,2,1,1,2,2,1,2,-9,MD,2,Masked,1.1, , , , 
490,490,FALL2015,2,2,-9,-9, ,-9,-9,-9,-9,-9,-9, ,-9,-9,-9, , ,1,4,THINGS SEEN AND HEARD ON THE NEWS,1,4,1, ,2, , , , ,3,2,1,4,1,2,3,2,3,3,1, , , , ,4,3,5,3,4, ,4,4,1, ,4, , ,1, , , , , , , , , , , , , , ,20,1,1,-9,3,1,1,2, ,4,2,5,5,1,3,1,1,1,NY,1,Masked,1.11, , , , 
491,491,FALL2015,2,2,-9,-9, ,-9,-9,-9,-9,-9,-9, ,-9,-9,-9, , ,1,3,MORE SEVERE,9,4,2, ,2, , , , ,3,1,4,1,2,2,2,5,2,1,98, , , , ,1,3,5,1,4, ,4,2,1, ,98, , ,1, , , , , , , , , , , , , , ,20,3,1,-9,2,1,4,1, ,4,2,2,1,4,4,1,1,2,OH,3,Masked,1.28, , , , 
492,492,FALL2015,2,98,-9,-9, ,-9,-9,-9,-9,-9,-9, ,-9,-9,-9, , ,-9,-9, ,-9,-9,-9, ,1, , , , ,3,1,1,2,1,1,98,5,2,3,98, , , , ,2,98,2,1,3, ,2,2,1, ,98, , ,2, , , , , , , , , , , , , , ,20,2,1,-9,5,2,2,1, ,4,1,2,2,4,5,2,1,2,MA,1,Masked,1.65, , , , 
493,493,FALL2015,2,1,1,2, ,2,1,1,1,3,98,POLLUTION,8,1,2, , ,-9,-9, ,-9,-9,-9, ,2, , , , ,3,1,1,1,2,2,2,3,2,3,4, , , , ,1,3,1,1,4, ,4,1,1, ,4, , ,1, , , , , , , , , , , , , , ,20,2,1,-9,3,1,4,3, ,4,2,4,1,2,2,1,1,1,PA,1,Masked,0.85, , , , 
494,494,FALL2015,2,1,1,2, ,1,1,1,1,2,2,FLOOD PLAINS IN AREA ARE MUCH LOWER,10,1,3, , ,-9,-9, ,-9,-9,-9, ,2, , , , ,3,98,2,1,98,2,2,4,2,3,98, , , , ,1,3,2,1,3, ,1,1,1, ,1, , ,1, , , , , , , , , , , , , , ,20,5,1,-9,2,1,2,2, ,4,2,4,1,99,3,1,2,-9,UT,4,Masked,1.23, , , , 
495,495,FALL2015,2,1,1,1, ,1,1,1,1,4,98,WEATHER,3,1,1, , ,-9,-9, ,-9,-9,-9, ,1, , , , ,3,1,2,1,3,2,2,3,2,2,1, , , , ,1,3,5,1,4, ,4,2,1, ,98, , ,1, , , , , , , , , , , , , , ,20,1,1,-9,3,1,1,3, ,5,2,6,1,4,3,1,2,-9,PA,1,Masked,0.67, , , , 
496,496,FALL2015,2,1,3,2, ,1,1,1,2,3,3,WEATHER IS WARMER,2,1,1, , ,-9,-9, ,-9,-9,-9, ,2, , , , ,3,1,1,98,1,98,1,4,1,3,1, , , , ,1,98,5,98,4, ,4,98,1, ,98, , ,1, , , , , , , , , , , , , , ,20,2,1,-9,98,1,1,3, ,5,1,6,5,4,3,1,98,-9,VA,2,Masked,0.44, , , , 
497,497,FALL2015,2,1,3,2, ,4,3,1,4,4,2,HOT AND ICE CAPS ARE MELTING,2,98,2, , ,-9,-9, ,-9,-9,-9, ,1, , , , ,3,2,1,4,1,98,1,4,3,3,1, , , , ,2,3,4,3,1, ,2,98,2, ,98, , ,2, , , , , , , , , , , , , , ,20,5,1,-9,1,2,3,3, ,2,2,5,1,2,1,1,6,-9,NJ,1,Masked,0.83, , , , 
498,498,FALL2015,2,1,1,1, ,1,2,1,4,2,4,PUTTING STUFF IN ATMOSPERE,8,2,2, , ,-9,-9, ,-9,-9,-9, ,1, , , , ,3,1,1,1,98,2,2,4,2,3,4, , , , ,2,1,1,1,2, ,2,2,2, ,3, , ,2, , , , , , , , , , , , , , ,20,1,1,-9,4,2,1,4, ,5,2,2,1,4,3,1,1,2,PA,1,Masked,0.8, , , , 
499,499,FALL2015,2,1,1,2, ,1,1,2,1,4,4,OBSERVATIONS OF WEATHER,3,4,1, , ,-9,-9, ,-9,-9,-9, ,2, , , , ,3,1,2,1,2,2,2,2,1,3,4, , , , ,98,3,5,1,2, ,2,4,1, ,4, , ,2, , , , , , , , , , , , , , ,20,5,1,-9,1,98,2,3, ,3,2,2,1,1,3,2,6,-9,NC,2,Masked,1.7, , , , 
500,500,FALL2015,2,1,98,1, ,1,1,2,1,2,98,HOTTER WEATHER,2,98,2, , ,-9,-9, ,-9,-9,-9, ,3, , , , ,98,2,2,1,2,2,2,2,2,3,4, , , , ,98,3,5,98,4, ,4,2,98, ,98, , ,98, , , , , , , , , , , , , , ,20,1,1,-9,1,98,1,4, ,2,2,99,2,99,3,1,1,2,PA,1,Masked,0.78, , , , 
501,501,FALL2015,2,1,3,1, ,1,1,1,1,1,1,ICE MELTING AND GLOBAL WARMING,1,1,1, , ,-9,-9, ,-9,-9,-9, ,1, , , , ,98,98,2,1,1,1,1,2,1,3,1, , , , ,1,3,5,98,4, ,4,1,1, ,98, , ,1, , , , , , , , , , , , , , ,20,1,1,-9,2,1,98,3, ,3,2,4,1,4,3,5,6,-9,FL,2,Masked,1.15, , , , 
502,502,FALL2015,2,98,-9,-9, ,-9,-9,-9,-9,-9,-9, ,-9,-9,-9, , ,-9,-9, ,-9,-9,-9, ,2, , , , ,98,1,4,1,98,98,98,2,3,98,98, , , , ,98,3,5,2,4, ,98,1,1, ,98, , ,98, , , , , , , , , , , , , , ,20,3,1,-9,3,1,98,3, ,4,2,4,6,2,2,1,1,1,AZ,4,Masked,0.85, , , , 
503,503,FALL2015,2,98,-9,-9, ,-9,-9,-9,-9,-9,-9, ,-9,-9,-9, , ,-9,-9, ,-9,-9,-9, ,4, , , , ,2,1,1,98,98,98,98,1,3,3,98, , , , ,98,3,5,98,1, ,2,3,1, ,98, , ,98, , , , , , , , , , , , , , ,20,5,1,-9,3,98,4,2, ,5,2,6,5,2,1,1,2,-9,GA,2,Masked,1.05, , , , 
504,504,FALL2015,2,1,3,1, ,2,1,1,3,3,2,MELTING GLACIERS,1,3,3, , ,-9,-9, ,-9,-9,-9, ,2, , , , ,3,1,1,3,1,3,3,2,1,3,2, , , , ,1,3,2,2,2, ,2,2,1, ,4, , ,1, , , , , , , , , , , , , , ,20,5,1,-9,99,1,3,2, ,3,1,99,1,2,3,1,2,-9,NY,1,Masked,1.1, , , , 
505,505,FALL2015,2,1,2,1, ,1,1,1,1,3,2,MELTING ICE,1,2,1, , ,-9,-9, ,-9,-9,-9, ,2, , , , ,3,1,1,2,1,2,2,2,2,3,2, , , , ,4,3,5,2,3, ,3,3,1, ,3, , ,3, , , , , , , , , , , , , , ,20,2,1,-9,2,1,98,1, ,2,2,2,1,1,4,3,2,-9,NY,1,Masked,2.73, , , , 
506,506,FALL2015,2,1,3,1, ,1,2,1,1,1,4,NEWS,6,1,2, , ,-9,-9, ,-9,-9,-9, ,3, , , , ,3,2,4,4,1,2,2,98,2,2,3, , , , ,1,2,4,4,4, ,4,2,1, ,98, , ,1, , , , , , , , , , , , , , ,20,1,1,-9,3,4,2,3, ,5,2,99,5,99,99,2,6,-9,OH,3,Masked,1.37, , , , 
507,507,FALL2015,2,1,2,1, ,2,2,1,2,2,1,HOTTER,2,2,1, , ,-9,-9, ,-9,-9,-9, ,2, , , , ,3,1,1,2,3,3,3,2,2,3,2, , , , ,1,3,5,3,4, ,4,2,1, ,4, , ,1, , , , , , , , , , , , , , ,20,1,1,-9,1,1,2,3, ,4,2,5,98,4,3,1,98,-9,TN,2,Masked,0.73, , , , 
508,508,FALL2015,2,2,-9,-9, ,-9,-9,-9,-9,-9,-9, ,-9,-9,-9, , ,1,1,THE WEATHER CLIMATE GLOBAL WARMING CENTER IN THE UK,3,1,4, ,1, , , , ,1,2,1,4,1,3,3,5,1,3,1, , , , ,1,3,4,4,4, ,4,1,4, ,4, , ,4, , , , , , , , , , , , , , ,20,5,2,1,-9,4,4,3, ,4,1,4,1,3,1,1,1,2,MA,1,Masked,0.62, , , , 
509,509,FALL2015,2,2,-9,-9, ,-9,-9,-9,-9,-9,-9, ,-9,-9,-9, , ,1,1,NO PROOF,3,4,4, ,2, , , , ,99,2,1,2,3,3,3,2,98,98,98, , , , ,1,3,5,4,1, ,4,4,1, ,4, , ,2, , , , , , , , , , , , , , ,20,1,2,99,-9,4,98,4, ,3,1,99,1,2,1,1,1,1,AL,2,Masked,0.6, , , , 
510,510,FALL2015,2,2,-9,-9, ,-9,-9,-9,-9,-9,-9, ,-9,-9,-9, , ,2,3,SAME TEMPERATURES AS ALWAYS,1,4,1, ,3, , , , ,2,1,2,1,2,2,2,1,2,3,3, , , , ,1,3,2,2,4, ,4,1,1, ,1, , ,1, , , , , , , , , , , , , , ,20,1,2,2,-9,1,2,3, ,4,2,6,1,1,4,1,1,2,CA,4,Masked,0.7, , , , 
511,511,FALL2015,2,1,98,2, ,1,1,4,1,1,4,HOTTER WEATHER,2,2,2, , ,-9,-9, ,-9,-9,-9, ,3, , , , ,3,1,1,2,98,98,98,1,98,98,98, , , , ,98,3,5,2,3, ,3,98,2, ,98, , ,2, , , , , , , , , , , , , , ,3,5,1,-9,1,2,98,4, ,2,2,2,1,2,1,1,1,2,MO,3,Masked,0.93, , , , 
512,512,FALL2015,2,2,-9,-9, ,-9,-9,-9,-9,-9,-9, ,-9,-9,-9, , ,2,2,WEATHER IS ALWAYS THE SAME,1,2,2, ,3, , , , ,2,1,1,2,1,2,2,1,1,3,2, , , , ,2,3,2,2,3, ,2,2,2, ,2, , ,2, , , , , , , , , , , , , , ,20,2,2,1,-9,1,2,4, ,1,1,99,1,1,2,1,99,-9,CO,4,Masked,0.6, , , , 
513,513,FALL2015,2,1,1,1, ,1,1,1,1,3,2,BURNING OF FOSSIL FUELS,8,2,1, , ,-9,-9, ,-9,-9,-9, ,1, , , , ,3,1,1,1,1,2,2,5,2,3,4, , , , ,1,1,2,1,1, ,1,2,1, ,4, , ,1, , , , , , , , , , , , , , ,20,1,2,5,-9,1,1,3, ,4,1,6,5,2,1,1,1,2,AR,2,Masked,0.47, , , , 
514,514,FALL2015,2,1,2,2, ,4,4,2,4,4,3,READING,6,4,4, , ,-9,-9, ,-9,-9,-9, ,1, , , , ,3,2,1,1,1,2,3,4,1,3,1, , , , ,4,3,5,98,4, ,4,1,1, ,4, , ,4, , , , , , , , , , , , , , ,20,2,2,98,-9,1,4,4, ,3,1,99,2,4,2,1,2,-9,WA,4,Masked,0.6, , , , 
515,515,FALL2015,2,1,2,1, ,1,3,2,2,4,2,NATURAL PATERNS,9,4,2, , ,-9,-9, ,-9,-9,-9, ,2, , , , ,98,1,1,1,98,98,98,1,98,3,98, , , , ,4,3,5,4,4, ,4,2,1, ,4, , ,1, , , , , , , , , , , , , , ,20,1,2,6,-9,1,1,2, ,1,1,98,1,1,5,3,99,-9,CA,4,Masked,2.45, , , , 
516,516,FALL2015,2,2,-9,-9, ,-9,-9,-9,-9,-9,-9, ,-9,-9,-9, , ,2,4,CYCLES,2,4,4, ,2, , , , ,3,1,2,1,1,2,3,4,2,3,1, , , , ,1,1,2,1,4, ,4,2,1, ,4, , ,1, , , , , , , , , , , , , , ,20,5,2,1,-9,1,1,3, ,4,1,6,1,4,4,4,2,-9,CA,4,Masked,0.62, , , , 
517,517,FALL2015,2,1,3,2, ,98,1,1,98,1,1,THINGS READ AND HEARD,6,1,1, , ,-9,-9, ,-9,-9,-9, ,3, , , , ,98,1,2,1,98,2,2,2,2,3,98, , , , ,98,3,98,98,4, ,4,1,1, ,98, , ,1, , , , , , , , , , , , , , ,20,1,2,2,-9,98,4,3, ,2,2,4,1,4,3,1,6,-9,WA,4,Masked,0.95, , , , 
518,518,FALL2015,2,2,-9,-9, ,-9,-9,-9,-9,-9,-9, ,-9,-9,-9, , ,1,3,SAME TEMPERATURES LAST FEW YEARS,1,2,1, ,3, , , , ,3,2,98,4,1,2,3,2,1,3,1, , , , ,3,3,2,2,3, ,3,1,3, ,4, , ,3, , , , , , , , , , , , , , ,20,2,2,99,-9,4,3,3, ,3,2,99,1,1,2,1,2,-9,CA,4,Masked,0.95, , , , 
519,519,FALL2015,2,1,2,2, ,2,3,2,3,3,3,RECORDED DATA,4,4,2, , ,-9,-9, ,-9,-9,-9, ,1, , , , ,99,2,1,4,1,98,3,4,1,3,2, , , , ,1,3,5,98,4, ,3,98,1, ,4, , ,3, , , , , , , , , , , , , , ,20,2,2,1,-9,2,4,4, ,5,1,6,5,4,2,1,1,2,CA,4,Masked,0.32, , , , 
520,520,FALL2015,1,1,1,1, ,1,1,1,1,3,2,MELTING OF ICE CAPS AND GLACIERS,1,1,2, , ,-9,-9, ,-9,-9,-9, ,2, , , , ,2,1,1,1,1,98,98,3,3,3,1, , , , ,1,3,1,1,4, ,2,1,1, ,2, , ,2, , , , , , , , , , , , , , ,3,1,2,2,-9,1,2,3, ,5,1,6,1,1,5,1,3,-9,PA,1,Masked,0.44, , , , 
521,521,FALL2015,1,98,-9,-9, ,-9,-9,-9,-9,-9,-9, ,-9,-9,-9, , ,-9,-9, ,-9,-9,-9, ,2, , , , ,3,1,1,1,2,2,2,2,2,3,4, , , , ,3,3,5,2,2, ,2,3,2, ,4, , ,1, , , , , , , , , , , , , , ,3,2,2,1,-9,4,98,4, ,2,1,2,1,1,3,1,1,2,MD,2,Masked,0.7, , , , 
522,522,FALL2015,1,98,-9,-9, ,-9,-9,-9,-9,-9,-9, ,-9,-9,-9, , ,-9,-9, ,-9,-9,-9, ,1, , , , ,98,1,1,2,1,2,2,4,3,3,2, , , , ,98,3,5,4,4, ,4,2,2, ,2, , ,1, , , , , , , , , , , , , , ,3,5,2,4,-9,3,1,3, ,4,1,6,2,4,3,1,1,1,NJ,1,Masked,0.47, , , , 
523,523,FALL2015,1,98,-9,-9, ,-9,-9,-9,-9,-9,-9, ,-9,-9,-9, , ,-9,-9, ,-9,-9,-9, ,2, , , , ,3,1,2,1,98,2,2,3,2,1,3, , , , ,98,3,5,98,2, ,2,98,2, ,4, , ,1, , , , , , , , , , , , , , ,3,2,2,1,-9,98,2,1, ,3,1,2,5,3,3,1,6,-9,MI,3,Masked,1.2, , , , 
524,524,FALL2015,1,2,-9,-9, ,-9,-9,-9,-9,-9,-9, ,-9,-9,-9, , ,1,1,NOT A LIBERAL AND DO NOT JUMP ON THAT BOARD,7,4,1, ,1, , , , ,98,2,1,2,2,2,2,5,3,3,1, , , , ,1,3,5,3,4, ,4,4,1, ,4, , ,2, , , , , , , , , , , , , , ,3,4,2,2,-9,1,4,3, ,5,1,4,5,2,2,1,6,-9,CO,4,Masked,0.59, , , , 
525,525,FALL2015,1,98,-9,-9, ,-9,-9,-9,-9,-9,-9, ,-9,-9,-9, , ,-9,-9, ,-9,-9,-9, ,2, , , , ,3,2,2,3,98,2,98,1,1,3,98, , , , ,2,3,5,98,4, ,98,4,1, ,4, , ,4, , , , , , , , , , , , , , ,3,3,2,2,-9,2,4,1, ,2,1,3,1,4,5,1,2,-9,VA,2,Masked,1.1, , , , 
526,526,FALL2015,1,1,1,1, ,1,2,1,2,1,4,EXPERIENCE FROM BEING OUTSIDE,2,1,1, , ,-9,-9, ,-9,-9,-9, ,2, , , , ,2,1,1,1,98,2,2,2,2,3,4, , , , ,4,1,1,1,4, ,4,1,1, ,2, , ,1, , , , , , , , , , , , , , ,3,1,2,2,-9,1,1,1, ,4,1,4,5,1,5,1,1,2,GA,2,Masked,0.95, , , , 
527,527,FALL2015,1,1,3,1, ,2,2,2,2,4,98,HOT SUMMERS AND COLDER WINTERS,2,98,2, , ,-9,-9, ,-9,-9,-9, ,2, , , , ,3,1,1,2,1,98,98,2,3,3,98, , , , ,2,3,5,98,4, ,98,2,2, ,98, , ,2, , , , , , , , , , , , , , ,3,5,2,3,-9,1,98,3, ,4,2,3,1,1,4,1,1,1,NJ,1,Masked,0.9, , , , 
528,528,FALL2015,1,2,-9,-9, ,-9,-9,-9,-9,-9,-9, ,-9,-9,-9, , ,2,1,TEMPERATURES AND WATER STAYS THE SAME,1,2,1, ,2, , , , ,3,1,1,3,1,3,3,4,1,3,2, , , , ,3,3,5,98,4, ,2,3,2, ,4, , ,2, , , , , , , , , , , , , , ,3,5,2,1,-9,2,2,4, ,4,1,6,2,2,1,1,1,2,TX,2,Masked,0.35, , , , 
529,529,FALL2015,1,1,1,1, ,1,1,1,1,1,2,MELTING ICE CAPS,1,1,1, , ,-9,-9, ,-9,-9,-9, ,2, , , , ,3,1,1,1,1,2,1,4,1,3,1, , , , ,1,3,5,98,4, ,2,1,1, ,98, , ,1, , , , , , , , , , , , , , ,3,1,2,2,-9,1,2,4, ,5,1,6,1,4,3,1,6,-9,CA,4,Masked,0.32, , , , 
530,530,FALL2015,1,1,1,1, ,1,1,1,3,2,1,"SCIENCE, GALCIERS AND ICE CAPS MUCH SMALLER IN PARKS",4,1,2, , ,-9,-9, ,-9,-9,-9, ,1, , , , ,2,1,2,1,3,2,2,5,2,3,4, , , , ,1,3,4,4,4, ,4,1,1, ,3, , ,1, , , , , , , , , , , , , , ,3,3,2,3,-9,1,2,3, ,5,2,5,4,4,3,1,6,-9,MO,3,Masked,0.7, , , , 
531,531,FALL2015,1,1,3,4, ,1,2,2,1,3,1,EXHAUST FROM CARS,8,2,1, , ,-9,-9, ,-9,-9,-9, ,3, , , , ,3,1,1,3,98,98,98,1,98,98,98, , , , ,2,3,5,98,2, ,2,2,1, ,98, , ,2, , , , , , , , , , , , , , ,3,5,2,1,-9,2,98,2, ,1,1,2,1,98,98,3,2,-9,TX,2,Masked,2.6, , , , 
532,532,FALL2015,1,1,3,2, ,1,4,2,2,4,2,NEWS,6,4,1, , ,-9,-9, ,-9,-9,-9, ,2, , , , ,98,1,2,1,3,3,3,2,2,2,2, , , , ,3,1,3,98,3, ,4,1,1, ,98, , ,1, , , , , , , , , , , , , , ,3,1,2,5,-9,1,1,2, ,2,1,6,5,2,4,1,2,-9,CA,4,Masked,0.95, , , , 
533,533,FALL2015,1,1,3,1, ,1,1,1,1,1,2,POLLUTION PUMPED INTO THE AIR,8,3,2, , ,-9,-9, ,-9,-9,-9, ,2, , , , ,3,1,1,1,1,2,2,3,2,3,4, , , , ,2,3,1,1,4, ,3,1,1, ,2, , ,1, , , , , , , , , , , , , , ,3,1,2,4,-9,1,1,2, ,3,1,4,3,3,2,1,2,-9,FL,2,Masked,1.15, , , , 
534,534,FALL2015,1,1,1,1, ,1,1,1,2,2,2,POLAR VORTEX,3,2,1, , ,-9,-9, ,-9,-9,-9, ,2, , , , ,3,1,2,2,2,2,2,2,2,1,4, , , , ,3,1,2,1,2, ,2,2,1, ,3, , ,1, , , , , , , , , , , , , , ,3,1,2,2,-9,1,1,2, ,3,1,4,1,1,4,5,2,-9,TX,2,Masked,1.3, , , , 
535,535,FALL2015,1,1,3,1, ,2,2,1,2,4,98,MILDER WINTERS,3,2,2, , ,-9,-9, ,-9,-9,-9, ,2, , , , ,2,98,1,1,1,2,2,2,3,3,2, , , , ,4,98,98,98,4, ,4,2,1, ,4, , ,1, , , , , , , , , , , , , , ,3,3,2,3,-9,2,2,2, ,5,2,6,3,2,2,1,1,1,MD,2,Masked,1.05, , , , 
536,536,FALL2015,1,1,3,2, ,2,1,1,2,2,4,ATMOSPHERE,10,2,2, , ,-9,-9, ,-9,-9,-9, ,3, , , , ,3,1,98,1,1,1,1,98,1,98,1, , , , ,1,98,98,98,4, ,98,2,1, ,1, , ,1, , , , , , , , , , , , , , ,3,3,2,1,-9,1,1,3, ,4,2,98,1,98,4,1,2,-9,IL,3,Masked,0.8, , , , 
537,537,FALL2015,1,2,-9,-9, ,-9,-9,-9,-9,-9,-9, ,-9,-9,-9, , ,3,4,HAS NOT BEEN MUCH DIFFERENT,1,4,4, ,3, , , , ,3,98,1,1,98,98,98,1,98,98,98, , , , ,98,3,5,3,1, ,1,2,1, ,2, , ,2, , , , , , , , , , , , , , ,3,5,2,3,-9,1,1,4, ,2,2,2,1,2,1,1,1,1,WI,3,Masked,0.93, , , , 
538,538,FALL2015,1,2,-9,-9, ,-9,-9,-9,-9,-9,-9, ,-9,-9,-9, , ,4,1,NEWS,9,4,4, ,3, , , , ,98,1,1,1,3,98,98,4,2,3,98, , , , ,1,3,5,4,4, ,3,4,1, ,98, , ,1, , , , , , , , , , , , , , ,3,5,2,2,-9,1,3,4, ,4,2,5,1,4,1,1,7,-9,TX,2,Masked,0.61, , , , 
539,539,FALL2015,1,98,-9,-9, ,-9,-9,-9,-9,-9,-9, ,-9,-9,-9, , ,-9,-9, ,-9,-9,-9, ,2, , , , ,2,1,1,2,98,98,98,1,3,3,2, , , , ,3,3,5,2,2, ,2,2,2, ,3, , ,2, , , , , , , , , , , , , , ,3,2,2,2,-9,2,2,1, ,3,1,4,5,2,2,1,6,-9,CA,4,Masked,1.1, , , , 
540,540,FALL2015,1,98,-9,-9, ,-9,-9,-9,-9,-9,-9, ,-9,-9,-9, , ,-9,-9, ,-9,-9,-9, ,1, , , , ,1,2,3,2,1,3,1,5,3,3,2, , , , ,2,3,5,2,2, ,1,2,2, ,4, , ,3, , , , , , , , , , , , , , ,3,3,2,2,-9,1,3,2, ,5,1,3,5,2,2,3,1,1,NY,1,Masked,2.37, , , , 
541,541,FALL2015,1,1,3,2, ,2,2,2,2,4,3,ATMOSPHERE,10,2,2, , ,-9,-9, ,-9,-9,-9, ,2, , , , ,3,1,1,1,1,2,2,3,2,1,4, , , , ,2,98,5,98,4, ,4,1,1, ,3, , ,1, , , , , , , , , , , , , , ,3,2,2,2,-9,1,3,3, ,3,1,2,5,1,4,1,2,-9,PA,1,Masked,0.87, , , , 
542,542,FALL2015,1,1,3,1, ,1,1,1,1,4,1,WARMER TEMPERATURES IN PAST FEW YEARS,2,1,1, , ,-9,-9, ,-9,-9,-9, ,1, , , , ,1,1,2,1,1,2,3,5,2,2,2, , , , ,1,3,5,1,4, ,3,2,1, ,2, , ,1, , , , , , , , , , , , , , ,3,3,2,4,-9,1,2,2, ,5,2,6,1,1,3,3,1,2,IL,3,Masked,2.4, , , , 
543,543,FALL2015,1,1,1,1, ,1,1,1,1,1,1,"LESS SNOW, AVERAGE TEMPERATURE IS 100",3,1,1, , ,-9,-9, ,-9,-9,-9, ,1, , , , ,3,1,2,1,2,2,2,5,2,3,4, , , , ,1,3,5,4,4, ,4,1,1, ,2, , ,1, , , , , , , , , , , , , , ,3,1,2,4,-9,1,1,3, ,5,2,4,1,4,5,5,1,1,WA,4,Masked,0.97, , , , 
544,544,FALL2015,1,1,1,2, ,1,1,1,3,4,3,NATURAL CYCLES,9,1,1, , ,-9,-9, ,-9,-9,-9, ,2, , , , ,3,1,2,2,1,2,2,2,2,3,4, , , , ,2,3,5,1,3, ,2,3,1, ,2, , ,1, , , , , , , , , , , , , , ,3,2,2,3,-9,1,2,4, ,2,1,4,1,2,1,1,1,2,IN,3,Masked,0.6, , , , 
545,545,FALL2015,1,98,-9,-9, ,-9,-9,-9,-9,-9,-9, ,-9,-9,-9, , ,-9,-9, ,-9,-9,-9, ,3, , , , ,3,2,1,1,1,1,1,3,1,2,1, , , , ,1,3,5,1,1, ,1,4,1, ,1, , ,1, , , , , , , , , , , , , , ,3,1,2,1,-9,4,1,3, ,3,1,2,3,2,1,1,1,2,KY,2,Masked,0.87, , , , 
546,546,FALL2015,1,1,98,2, ,4,3,1,98,2,1,ARTIC ICE MELT,1,2,4, , ,-9,-9, ,-9,-9,-9, ,3, , , , ,3,1,3,2,2,2,2,2,1,3,4, , , , ,1,3,5,2,98, ,2,1,2, ,2, , ,1, , , , , , , , , , , , , , ,3,5,2,1,-9,1,1,3, ,2,1,1,5,3,1,1,1,2,WY,4,Masked,0.87, , , , 
547,547,FALL2015,1,1,3,1, ,1,3,4,1,4,2,NEWS,6,3,4, , ,-9,-9, ,-9,-9,-9, ,4, , , , ,98,2,4,4,2,1,3,3,2,3,4, , , , ,3,3,5,98,1, ,1,3,3, ,98, , ,1, , , , , , , , , , , , , , ,3,1,2,1,-9,3,1,2, ,2,2,2,5,4,5,1,7,-9,NY,1,Masked,1.43, , , , 
548,548,FALL2015,1,2,-9,-9, ,-9,-9,-9,-9,-9,-9, ,-9,-9,-9, , ,2,2,LACK OF COVERAGE,3,98,4, ,4, , , , ,2,1,1,2,98,98,98,2,98,98,98, , , , ,2,3,5,98,4, ,4,2,1, ,2, , ,2, , , , , , , , , , , , , , ,3,5,2,2,-9,1,98,1, ,5,1,4,5,4,4,5,6,-9,MD,2,Masked,1.07, , , , 
549,549,FALL2015,1,98,-9,-9, ,-9,-9,-9,-9,-9,-9, ,-9,-9,-9, , ,-9,-9, ,-9,-9,-9, ,2, , , , ,3,2,2,1,1,2,3,3,1,3,2, , , , ,98,2,3,4,4, ,4,2,1, ,4, , ,1, , , , , , , , , , , , , , ,3,5,2,1,-9,1,2,2, ,4,1,4,1,2,2,4,6,-9,CA,4,Masked,1.15, , , , 
550,550,FALL2015,1,1,3,1, ,1,1,4,1,4,1,NOT SURE,10,4,1, , ,-9,-9, ,-9,-9,-9, ,2, , , , ,1,2,3,4,98,3,98,98,3,3,98, , , , ,4,2,4,4,1, ,1,4,4, ,4, , ,4, , , , , , , , , , , , , , ,3,1,2,1,-9,4,1,1, ,4,2,3,1,2,1,1,2,-9,GA,2,Masked,1.23, , , , 
551,551,FALL2015,1,1,3,1, ,1,1,1,1,2,2,NEWS,6,1,1, , ,-9,-9, ,-9,-9,-9, ,2, , , , ,98,1,1,3,1,1,1,2,1,3,2, , , , ,2,3,98,98,4, ,4,98,1, ,98, , ,1, , , , , , , , , , , , , , ,3,1,2,2,-9,1,98,1, ,5,2,98,5,1,3,2,6,-9,VA,2,Masked,1.7, , , , 
552,552,FALL2015,1,1,3,2, ,2,2,2,3,4,98,EXPLORATION IN OUTER SPACE,10,1,2, , ,-9,-9, ,-9,-9,-9, ,3, , , , ,2,2,1,98,3,3,3,5,3,3,1, , , , ,1,1,5,98,4, ,98,2,1, ,98, , ,98, , , , , , , , , , , , , , ,3,5,2,98,-9,1,98,4, ,5,2,2,1,2,3,1,1,1,PA,1,Masked,0.8, , , , 
553,553,FALL2015,1,2,-9,-9, ,-9,-9,-9,-9,-9,-9, ,-9,-9,-9, , ,1,1,TEMPERATURES NO DIFFERNT FROM WHEN HE WAS A KID,1,2,4, ,1, , , , ,3,2,3,4,3,3,3,4,1,3,2, , , , ,2,3,5,4,4, ,4,3,98, ,98, , ,3, , , , , , , , , , , , , , ,3,2,2,1,-9,2,2,3, ,3,1,2,1,2,1,1,2,-9,OR,4,Masked,0.87, , , , 
554,554,FALL2015,1,98,-9,-9, ,-9,-9,-9,-9,-9,-9, ,-9,-9,-9, , ,-9,-9, ,-9,-9,-9, ,2, , , , ,2,1,1,2,2,2,2,2,2,3,4, , , , ,4,3,5,2,2, ,2,3,1, ,3, , ,1, , , , , , , , , , , , , , ,3,1,2,3,-9,1,2,3, ,3,2,3,1,2,1,1,1,2,FL,2,Masked,1.05, , , , 
555,555,FALL2015,1,2,-9,-9, ,-9,-9,-9,-9,-9,-9, ,-9,-9,-9, , ,2,3,SUN CYCLES,2,2,4, ,2, , , , ,1,2,1,1,1,98,98,4,1,98,1, , , , ,1,3,3,4,3, ,3,3,1, ,4, , ,4, , , , , , , , , , , , , , ,3,4,2,1,-9,1,2,3, ,4,1,5,1,4,4,1,4,-9,FL,2,Masked,0.5, , , , 
556,556,FALL2015,1,1,2,1, ,4,4,4,4,2,4,CYCLES,9,4,2, , ,-9,-9, ,-9,-9,-9, ,2, , , , ,3,2,98,98,3,98,3,4,3,98,1, , , , ,98,98,98,98,1, ,1,3,1, ,98, , ,1, , , , , , , , , , , , , , ,3,5,2,98,-9,1,98,4, ,3,2,99,1,2,1,1,2,-9,OH,3,Masked,0.83, , , , 
557,557,FALL2015,1,1,2,2, ,1,1,4,2,2,4,EARTH IS CHANGING,10,98,1, , ,-9,-9, ,-9,-9,-9, ,2, , , , ,3,1,1,1,1,2,3,2,1,3,2, , , , ,3,3,5,1,1, ,1,1,1, ,98, , ,1, , , , , , , , , , , , , , ,3,1,2,2,-9,1,1,3, ,4,2,5,5,2,4,1,1,2,WV,2,Masked,0.73, , , , 
558,558,FALL2015,1,1,3,2, ,2,1,2,2,2,4,THE FACT THAT IT IS HOT,2,4,1, , ,-9,-9, ,-9,-9,-9, ,2, , , , ,3,1,1,2,98,98,98,2,3,98,98, , , , ,2,3,5,2,2, ,2,2,2, ,98, , ,2, , , , , , , , , , , , , , ,3,5,2,1,-9,2,2,2, ,4,2,99,1,4,3,2,1,2,GA,2,Masked,1.78, , , , 
559,559,FALL2015,1,98,-9,-9, ,-9,-9,-9,-9,-9,-9, ,-9,-9,-9, , ,-9,-9, ,-9,-9,-9, ,2, , , , ,98,1,98,98,98,98,98,98,98,98,98, , , , ,98,98,98,98,4, ,98,2,1, ,98, , ,2, , , , , , , , , , , , , , ,3,4,2,98,-9,1,98,2, ,1,2,99,1,98,98,1,2,-9,IL,3,Masked,1.33, , , , 
560,560,FALL2015,1,2,-9,-9, ,-9,-9,-9,-9,-9,-9, ,-9,-9,-9, , ,2,3,CYCLES,2,2,4, ,2, , , , ,3,1,1,2,2,2,2,1,2,98,4, , , , ,3,3,5,4,4, ,4,4,1, ,4, , ,1, , , , , , , , , , , , , , ,3,2,2,98,-9,1,2,3, ,3,1,3,1,2,3,5,6,-9,OK,2,Masked,0.97, , , , 
561,561,FALL2015,1,1,1,2, ,2,2,2,3,3,1,BASED ON THINGS THAT I READ,6,98,4, , ,-9,-9, ,-9,-9,-9, ,2, , , , ,3,1,1,1,2,2,2,2,2,1,2, , , , ,2,3,5,3,3, ,3,1,1, ,2, , ,2, , , , , , , , , , , , , , ,3,5,2,3,-9,1,2,1, ,4,1,99,5,2,3,1,1,2,FL,2,Masked,0.9, , , , 
562,562,FALL2015,1,1,1,1, ,2,2,2,2,4,1,WHAT HAS BEEN SEEN ON THE NEWS,6,2,1, , ,-9,-9, ,-9,-9,-9, ,2, , , , ,1,2,1,1,2,3,2,2,3,3,4, , , , ,2,3,5,1,4, ,4,2,1, ,4, , ,1, , , , , , , , , , , , , , ,3,1,2,3,-9,1,1,1, ,3,1,2,5,1,4,1,6,-9,NJ,1,Masked,1.2, , , , 
563,563,FALL2015,1,1,3,1, ,1,1,1,3,2,2,RISING TIDES AND ERODING BEACHES,11,1,1, , ,-9,-9, ,-9,-9,-9, ,1, , , , ,3,1,2,2,2,2,2,3,2,1,4, , , , ,2,1,2,2,2, ,2,3,1, ,4, , ,1, , , , , , , , , , , , , , ,3,1,2,3,-9,1,2,1, ,5,1,6,5,4,3,5,6,-9,CA,4,Masked,0.92, , , , 
564,564,FALL2015,1,1,3,1, ,1,1,2,1,2,2,HURRICANES IN MEXICO,3,3,2, , ,-9,-9, ,-9,-9,-9, ,2, , , , ,3,98,98,2,98,98,98,2,3,98,98, , , , ,2,1,5,2,3, ,1,2,1, ,98, , ,2, , , , , , , , , , , , , , ,3,1,2,98,-9,1,2,2, ,4,1,99,2,1,4,5,1,2,CA,4,Masked,1.1, , , , 
565,565,FALL2015,1,1,98,2, ,98,4,2,2,2,98,TYPE OF FUEL WE USE,8,98,1, , ,-9,-9, ,-9,-9,-9, ,2, , , , ,98,1,1,1,2,2,2,2,98,1,4, , , , ,3,3,5,1,4, ,1,2,1, ,98, , ,3, , , , , , , , , , , , , , ,3,1,2,1,-9,1,2,4, ,4,1,6,1,4,98,5,6,-9,DC,2,Masked,0.5, , , , 
566,566,FALL2015,1,1,3,2, ,2,1,2,2,98,98,GETTING WARMER,2,98,1, , ,-9,-9, ,-9,-9,-9, ,2, , , , ,1,1,1,1,98,1,1,2,1,98,2, , , , ,2,3,5,98,1, ,2,2,1, ,98, , ,1, , , , , , , , , , , , , , ,3,98,2,2,-9,1,98,2, ,4,1,6,5,4,2,4,1,1,TX,2,Masked,1, , , , 
567,567,FALL2015,1,1,1,1, ,1,4,1,4,2,4,OBSERVATIONS,2,1,1, , ,-9,-9, ,-9,-9,-9, ,1, , , , ,98,1,98,1,2,2,2,4,2,1,4, , , , ,4,98,98,3,4, ,4,2,1, ,98, , ,1, , , , , , , , , , , , , , ,3,1,2,98,-9,1,98,4, ,5,2,99,3,1,4,1,6,-9,AL,2,Masked,0.65, , , , 
568,568,FALL2015,1,1,3,1, ,1,1,1,1,4,1,RESEARCH,4,1,3, , ,-9,-9, ,-9,-9,-9, ,1, , , , ,1,1,2,1,2,2,2,3,2,3,4, , , , ,1,3,1,1,4, ,2,1,2, ,98, , ,1, , , , , , , , , , , , , , ,3,3,2,3,-9,1,2,2, ,5,1,6,4,1,4,1,2,-9,NC,2,Masked,0.82, , , , 
569,569,FALL2015,1,1,3,1, ,1,1,1,1,1,2,FOSSIL FUELS AND CARS POLLUTION,8,1,3, , ,-9,-9, ,-9,-9,-9, ,2, , , , ,1,2,1,3,1,2,98,3,3,3,2, , , , ,2,3,5,2,3, ,3,2,1, ,98, , ,98, , , , , , , , , , , , , , ,3,5,2,2,-9,2,3,1, ,2,1,98,1,4,2,1,1,2,AL,2,Masked,1, , , , 
570,570,FALL2015,1,1,1,1, ,1,2,2,1,3,2,HUMANS DO NOT RESPECT NATURE,8,3,2, , ,-9,-9, ,-9,-9,-9, ,2, , , , ,3,98,2,98,2,2,2,4,3,3,2, , , , ,1,1,1,2,98, ,3,2,1, ,2, , ,1, , , , , , , , , , , , , , ,3,5,2,1,-9,2,98,3, ,3,1,3,1,1,98,3,2,-9,FL,2,Masked,2.17, , , , 
571,571,FALL2015,1,1,1,1, ,1,1,2,4,2,4,OBSERVATIONS,2,4,2, , ,-9,-9, ,-9,-9,-9, ,1, , , , ,98,98,98,1,2,2,2,4,2,1,98, , , , ,2,98,98,98,4, ,4,2,1, ,98, , ,1, , , , , , , , , , , , , , ,3,1,2,98,-9,1,98,1, ,2,1,99,6,99,99,1,7,-9,MS,2, ,1, , , , 
572,572,FALL2015,1,1,1,2, ,1,1,2,2,3,2,INDUSTRIAL GASES,8,2,2, , ,-9,-9, ,-9,-9,-9, ,2, , , , ,3,1,2,2,2,2,2,2,2,3,2, , , , ,98,1,5,2,4, ,4,3,1, ,3, , ,1, , , , , , , , , , , , , , ,3,2,2,1,-9,3,2,2, ,4,2,99,1,1,3,4,2,-9,NY,1,Masked,1.33, , , , 
573,573,FALL2015,1,98,-9,-9, ,-9,-9,-9,-9,-9,-9, ,-9,-9,-9, , ,-9,-9, ,-9,-9,-9, ,3, , , , ,98,1,98,2,98,98,98,1,98,98,98, , , , ,98,3,2,2,3, ,3,98,98, ,98, , ,98, , , , , , , , , , , , , , ,3,1,2,1,-9,98,2,4, ,3,2,99,1,1,2,3,2,-9,CA,4,Masked,2.18, , , , 
574,574,FALL2015,1,1,2,1, ,4,2,4,4,2,98,NOT SURE,10,4,3, , ,-9,-9, ,-9,-9,-9, ,1, , , , ,1,2,3,4,1,1,3,5,1,3,1, , , , ,1,3,5,2,1, ,4,2,1, ,4, , ,4, , , , , , , , , , , , , , ,3,5,2,1,-9,1,1,5, ,3,1,99,1,99,5,1,1,98,MN,3,Masked,0.8, , , , 
575,575,FALL2015,1,1,3,2, ,1,3,1,2,98,4,NEWS,6,99,3, , ,-9,-9, ,-9,-9,-9, ,2, , , , ,98,2,1,98,98,98,98,1,98,98,98, , , , ,98,98,98,98,4, ,4,98,1, ,98, , ,1, , , , , , , , , , , , , , ,3,98,2,2,-9,1,1,1, ,2,2,99,1,4,3,1,2,-9,IN,3,Masked,1.23, , , , 
576,576,FALL2015,1,1,1,1, ,1,1,1,1,4,1,POLLUTION FROM SMOG IN THE AIR,8,1,1, , ,-9,-9, ,-9,-9,-9, ,1, , , , ,1,1,1,2,2,2,2,4,2,3,4, , , , ,1,3,1,2,4, ,4,1,1, ,4, , ,1, , , , , , , , , , , , , , ,3,98,2,2,-9,1,1,4, ,3,2,4,1,1,5,1,1,2,TX,2,Masked,0.88, , , , 
577,577,FALL2015,1,1,1,1, ,2,1,1,1,2,1,PWC REPORTS,4,2,2, , ,-9,-9, ,-9,-9,-9, ,2, , , , ,1,98,1,1,98,98,98,2,98,98,98, , , , ,1,3,1,1,4, ,1,1,1, ,98, , ,1, , , , , , , , , , , , , , ,3,3,2,98,-9,1,98,2, ,4,2,6,1,2,1,1,2,-9,TX,2,Masked,1.08, , , , 
578,578,FALL2015,1,1,3,2, ,2,4,3,4,4,98,WHAT YOU HEAR ON THE NEWS,6,3,4, , ,-9,-9, ,-9,-9,-9, ,2, , , , ,3,1,1,2,3,1,2,2,3,3,2, , , , ,2,3,5,98,4, ,4,2,2, ,98, , ,2, , , , , , , , , , , , , , ,3,2,2,3,-9,2,98,2, ,3,2,2,1,1,2,1,1,1,GA,2,Masked,1.48, , , , 
579,579,FALL2015,1,1,2,2, ,3,3,1,4,3,1,MY FEELINGS,10,1,2, , ,-9,-9, ,-9,-9,-9, ,2, , , , ,3,1,2,2,3,1,1,2,2,1,2, , , , ,2,1,2,1,2, ,2,2,1, ,4, , ,1, , , , , , , , , , , , , , ,3,1,2,2,-9,1,2,1, ,3,1,2,5,4,5,4,6,-9,PA,1,Masked,1.35, , , , 
580,580,FALL2015,1,1,2,2, ,2,4,1,98,2,4,CYCLES,9,2,4, , ,-9,-9, ,-9,-9,-9, ,1, , , , ,98,1,98,1,98,2,2,3,2,1,4, , , , ,2,3,5,2,4, ,4,2,1, ,98, , ,2, , , , , , , , , , , , , , ,3,4,2,98,-9,1,98,1, ,4,1,99,3,3,5,1,1,2,AL,2, ,0.9, , , , 
581,581,FALL2015,1,1,3,1, ,2,1,2,1,1,4,CLIMATE CHANGES,10,1,2, , ,-9,-9, ,-9,-9,-9, ,1, , , , ,1,99,3,1,2,2,2,5,2,1,3, , , , ,4,3,2,2,99, ,2,2,1, ,4, , ,4, , , , , , , , , , , , , , ,3,1,2,1,-9,1,4,3, ,5,2,99,5,99,99,1,99,-9,VA,2,Masked,0.77, , , , 
582,582,FALL2015,1,1,1,1, ,2,2,1,2,3,1,MELTING OF GLACIERS,1,1,3, , ,-9,-9, ,-9,-9,-9, ,1, , , , ,98,1,2,1,1,2,2,5,2,3,4, , , , ,1,3,1,1,4, ,4,1,1, ,4, , ,2, , , , , , , , , , , , , , ,3,5,2,6,-9,1,1,3, ,4,2,6,5,4,3,1,2,-9,GA,2,Masked,0.7, , , , 
583,583,FALL2015,1,1,3,1, ,2,2,2,2,2,98,RESEARCH,4,4,2, , ,-9,-9, ,-9,-9,-9, ,1, , , , ,1,1,1,1,1,2,2,3,2,3,4, , , , ,1,3,2,1,4, ,98,1,1, ,1, , ,1, , , , , , , , , , , , , , ,3,4,2,98,-9,1,1,1, ,4,2,3,5,4,4,1,1,2,IL,3,Masked,1.23, , , , 
584,584,FALL2015,1,1,1,2, ,98,3,1,2,2,3,WARMER WEATHER,2,2,1, , ,-9,-9, ,-9,-9,-9, ,3, , , , ,3,1,1,4,98,98,98,1,98,98,98, , , , ,98,98,98,1,2, ,1,2,1, ,98, , ,1, , , , , , , , , , , , , , ,3,5,2,98,-9,2,98,1, ,3,2,99,1,98,98,3,2,-9,TX,2,Masked,2.63, , , , 
585,585,FALL2015,1,1,98,3, ,1,1,1,1,1,1,WEATHER GETTING HOTTER,2,1,1, , ,-9,-9, ,-9,-9,-9, ,98, , , , ,3,98,4,98,98,98,98,1,2,3,98, , , , ,1,3,98,98,4, ,4,98,4, ,4, , ,1, , , , , , , , , , , , , , ,3,1,2,1,-9,4,98,4, ,2,1,3,1,1,98,2,6,-9,TN,2,Masked,1.25, , , , 
586,586,FALL2015,1,1,3,2, ,3,2,1,2,2,2,GLACIERS MELTING,1,1,1, , ,-9,-9, ,-9,-9,-9, ,2, , , , ,3,1,1,1,1,2,3,2,1,3,2, , , , ,1,3,2,2,3, ,3,2,1, ,2, , ,1, , , , , , , , , , , , , , ,3,2,2,1,-9,1,2,2, ,2,1,99,5,2,2,1,1,2,MO,3,Masked,1.05, , , , 
587,587,FALL2015,1,1,3,2, ,4,2,1,1,3,2,READ ABOUT ICE CAPS MELTING,6,2,3, , ,-9,-9, ,-9,-9,-9, ,2, , , , ,3,1,1,3,1,2,2,2,3,3,4, , , , ,2,3,5,3,4, ,4,3,1, ,2, , ,1, , , , , , , , , , , , , , ,3,2,2,6,-9,2,1,1, ,3,1,99,5,2,2,3,6,-9,NJ,1,Masked,2.4, , , , 
588,588,FALL2015,1,1,3,2, ,2,2,3,1,3,2,ATMOSPHERE CHANGE,10,1,3, , ,-9,-9, ,-9,-9,-9, ,3, , , , ,3,1,1,1,2,2,2,1,2,1,98, , , , ,2,98,5,1,4, ,2,2,4, ,4, , ,1, , , , , , , , , , , , , , ,3,4,2,5,-9,1,2,3, ,3,1,2,5,4,3,1,6,-9,MO,3,Masked,0.87, , , , 
589,589,FALL2015,1,1,3,1, ,1,1,1,98,4,4,OZONE LAYER,10,98,2, , ,-9,-9, ,-9,-9,-9, ,2, , , , ,3,1,1,98,2,2,98,1,2,1,4, , , , ,4,3,98,2,4, ,98,1,1, ,98, , ,4, , , , , , , , , , , , , , ,3,1,2,98,-9,1,1,2, ,3,2,99,5,4,4,1,98,-9,CT,1,Masked,1.33, , , , 
590,590,FALL2015,1,98,-9,-9, ,-9,-9,-9,-9,-9,-9, ,-9,-9,-9, , ,-9,-9, ,-9,-9,-9, ,2, , , , ,3,1,2,1,2,2,2,2,2,3,4, , , , ,3,3,5,98,4, ,4,4,2, ,4, , ,1, , , , , , , , , , , , , , ,3,3,2,1,-9,2,2,2, ,2,1,99,1,4,4,1,7,-9,IN,3,Masked,1.05, , , , 
591,591,FALL2015,1,1,1,1, ,1,1,1,1,2,2,DIFFERENCE IN WINTER TEMPERATURE,3,1,3, , ,-9,-9, ,-9,-9,-9, ,1, , , , ,3,1,1,1,2,2,2,4,2,2,4, , , , ,2,3,5,2,4, ,2,2,1, ,98, , ,1, , , , , , , , , , , , , , ,3,1,2,4,-9,1,2,4, ,1,2,3,1,4,3,1,1,1,IL,3,Masked,0.93, , , , 
592,592,FALL2015,2,1,3,1, ,2,1,1,4,3,4,OBSERVATION,2,1,1, , ,-9,-9, ,-9,-9,-9, ,1, , , , ,98,1,98,1,2,2,2,4,2,1,4, , , , ,3,98,98,98,4, ,4,98,1, ,98, , ,2, , , , , , , , , , , , , , ,3,1,2,98,-9,1,98,4, ,99,2,99,99,99,99,1,99,-9,SC,2, ,0.73, , , , 
593,593,FALL2015,2,1,3,2, ,2,1,3,2,4,3,MY OBSERVATIONS OVER THE YEARS OF WEATHER,3,3,2, , ,-9,-9, ,-9,-9,-9, ,2, , , , ,3,1,2,1,2,2,2,2,2,1,4, , , , ,2,3,5,98,2, ,2,3,2, ,4, , ,1, , , , , , , , , , , , , , ,3,2,2,1,-9,2,2,4, ,2,2,1,1,1,3,1,1,2,PA,1,Masked,0.98, , , , 
594,594,FALL2015,2,1,1,2, ,1,1,2,2,3,4,OWN OPINION,10,2,2, , ,-9,-9, ,-9,-9,-9, ,2, , , , ,3,1,1,2,1,2,98,1,3,3,98, , , , ,3,3,5,2,3, ,3,3,2, ,98, , ,2, , , , , , , , , , , , , , ,3,2,2,1,-9,2,2,4, ,2,2,99,1,2,3,1,1,2,NJ,1,Masked,0.78, , , , 
595,595,FALL2015,2,1,3,1, ,1,1,1,2,4,1,READING A LOT ABOUT IT,6,98,3, , ,-9,-9, ,-9,-9,-9, ,1, , , , ,3,2,1,1,1,2,2,5,2,3,3, , , , ,2,1,2,1,4, ,2,2,1, ,98, , ,1, , , , , , , , , , , , , , ,3,3,2,4,-9,2,1,4, ,4,2,4,2,1,4,1,1,1,AL,2,Masked,0.73, , , , 
596,596,FALL2015,2,1,1,3, ,2,1,1,3,3,3,WEATHER CHANGES,3,2,2, , ,-9,-9, ,-9,-9,-9, ,3, , , , ,3,98,2,4,1,99,98,1,1,3,98, , , , ,2,3,2,2,2, ,2,2,1, ,4, , ,2, , , , , , , , , , , , , , ,3,3,2,4,-9,1,2,3, ,5,2,1,1,1,3,1,2,-9,PA,1,Masked,0.97, , , , 
597,597,FALL2015,2,98,-9,-9, ,-9,-9,-9,-9,-9,-9, ,-9,-9,-9, , ,-9,-9, ,-9,-9,-9, ,2, , , , ,3,1,2,1,1,3,3,3,1,2,2, , , , ,3,2,3,3,4, ,4,3,1, ,3, , ,1, , , , , , , , , , , , , , ,3,1,2,4,-9,4,98,4, ,5,1,6,1,2,2,4,6,-9,CT,1,Masked,0.47, , , , 
598,598,FALL2015,2,2,-9,-9, ,-9,-9,-9,-9,-9,-9, ,-9,-9,-9, , ,2,3,ATMOSPHERE,9,3,4, ,2, , , , ,2,1,1,3,1,3,2,2,3,2,2, , , , ,3,2,98,4,98, ,4,2,2, ,4, , ,1, , , , , , , , , , , , , , ,3,3,2,2,-9,2,4,3, ,3,2,98,1,4,98,1,1,2,OH,3,Masked,0.95, , , , 
599,599,FALL2015,2,1,1,1, ,1,1,1,1,2,1,TEMPERATURES HAVE NEVER BEEN SO HOT,2,1,1, , ,-9,-9, ,-9,-9,-9, ,3, , , , ,98,1,1,1,98,98,98,2,2,3,98, , , , ,1,3,1,1,4, ,4,2,1, ,98, , ,1, , , , , , , , , , , , , , ,3,2,2,3,-9,1,2,3, ,3,2,4,1,1,4,1,98,-9,OH,3,Masked,1, , , , 
600,600,FALL2015,2,1,3,1, ,3,1,1,2,3,2,NOT AS COOL,2,2,1, , ,-9,-9, ,-9,-9,-9, ,3, , , , ,3,1,4,1,2,98,98,98,2,98,1, , , , ,98,1,2,2,1, ,1,1,1, ,2, , ,98, , , , , , , , , , , , , , ,3,5,2,4,-9,1,98,4, ,1,1,1,1,4,1,1,1,1,NM,4,Masked,0.8, , , , 
601,601,FALL2015,2,1,1,2, ,1,1,1,1,4,4,OPRAH SAYS SO,6,2,4, , ,-9,-9, ,-9,-9,-9, ,2, , , , ,3,1,1,2,98,2,2,2,2,3,3, , , , ,98,1,1,1,2, ,98,2,1, ,98, , ,1, , , , , , , , , , , , , , ,3,3,2,2,-9,2,2,4, ,4,2,5,1,99,2,1,2,-9,NY,1,Masked,0.61, , , , 
602,602,FALL2015,2,1,1,1, ,2,1,1,98,3,2,OBSERVATION,2,2,2, , ,-9,-9, ,-9,-9,-9, ,1, , , , ,98,1,98,2,2,2,2,5,2,1,4, , , , ,98,98,98,98,4, ,4,1,1, ,98, , ,2, , , , , , , , , , , , , , ,3,5,2,98,-9,2,98,4, ,2,2,99,1,1,4,1,6,-9,MN,3, ,0.78, , , , 
603,603,FALL2015,2,1,1,1, ,1,1,1,2,2,98,GLACIERS MELTING,1,1,2, , ,-9,-9, ,-9,-9,-9, ,1, , , , ,98,1,1,2,98,2,2,3,2,1,4, , , , ,4,3,2,1,4, ,3,1,2, ,98, , ,2, , , , , , , , , , , , , , ,3,1,2,1,-9,1,4,3, ,2,2,1,5,3,3,1,6,-9,NH,1,Masked,1.1, , , , 
604,604,FALL2015,2,2,-9,-9, ,-9,-9,-9,-9,-9,-9, ,-9,-9,-9, , ,1,1,NORMAL REVOLVING CYCLES,2,4,2, ,2, , , , ,3,98,1,4,1,2,98,5,98,3,1, , , , ,1,2,5,4,4, ,4,3,1, ,98, , ,1, , , , , , , , , , , , , , ,3,5,2,1,-9,1,1,4, ,2,2,99,1,2,2,1,2,-9,AK,4,Masked,0.78, , , , 
605,605,FALL2015,2,1,3,1, ,1,1,1,3,3,2,"MELTING GLACIERS, WILDLIFE PROLEMS AND RISING SEA LEVELS",1,1,3, , ,-9,-9, ,-9,-9,-9, ,1, , , , ,3,1,2,1,3,2,2,5,2,3,4, , , , ,2,1,1,1,4, ,2,1,1, ,3, , ,2, , , , , , , , , , , , , , ,3,2,2,2,-9,1,2,4, ,5,2,3,1,1,4,1,1,2,AL,2,Masked,0.75, , , , 
606,606,FALL2015,2,1,2,3, ,2,1,1,1,2,98,CLIMATE CHANGE,10,98,1, , ,-9,-9, ,-9,-9,-9, ,2, , , , ,3,1,1,2,1,1,3,3,2,3,2, , , , ,1,3,3,4,4, ,4,3,1, ,98, , ,2, , , , , , , , , , , , , , ,3,1,2,4,-9,1,2,4, ,2,1,3,1,3,3,1,2,-9,PA,1,Masked,0.65, , , , 
607,607,FALL2015,2,1,3,1, ,1,2,2,3,2,98,NEWS,6,98,2, , ,-9,-9, ,-9,-9,-9, ,1, , , , ,98,1,1,1,98,2,2,3,2,3,4, , , , ,1,3,2,1,4, ,4,2,1, ,98, , ,1, , , , , , , , , , , , , , ,3,1,2,4,-9,1,1,3, ,4,1,2,5,1,3,3,6,-9,TX,2,Masked,2.07, , , , 
608,608,FALL2015,2,1,98,98, ,3,3,98,98,2,98,VERY WARM,2,98,2, , ,-9,-9, ,-9,-9,-9, ,98, , , , ,98,98,1,98,98,98,98,98,98,98,98, , , , ,98,3,5,98,98, ,98,98,98, ,4, , ,98, , , , , , , , , , , , , , ,3,5,2,2,-9,98,98,4, ,1,1,1,1,98,99,1,1,1,MD,2,Masked,0.8, , , , 
609,609,FALL2015,2,1,3,1, ,1,1,2,3,3,1,POLAR CAPS ARE MELTING,1,1,1, , ,-9,-9, ,-9,-9,-9, ,2, , , , ,3,1,98,3,3,98,1,4,3,3,4, , , , ,1,3,4,1,4, ,4,2,1, ,98, , ,1, , , , , , , , , , , , , , ,3,1,2,1,-9,1,4,4, ,2,1,4,5,1,2,1,2,-9,MD,2,Masked,0.6, , , , 
610,610,FALL2015,2,1,1,1, ,3,4,1,3,3,3,MELTING GLAICERS,1,4,3, , ,-9,-9, ,-9,-9,-9, ,1, , , , ,3,1,1,1,1,2,2,5,2,3,4, , , , ,3,3,2,2,4, ,3,1,1, ,4, , ,2, , , , , , , , , , , , , , ,3,5,2,3,-9,2,1,3, ,3,1,6,4,2,4,1,99,-9,CA,4,Masked,0.62, , , , 
611,611,FALL2015,2,2,-9,-9, ,-9,-9,-9,-9,-9,-9, ,-9,-9,-9, , ,2,2,"LOOK AT THE EARTH, IT REVOLVES",9,2,2, ,2, , , , ,3,1,2,1,2,2,2,2,2,1,4, , , , ,2,3,5,1,2, ,2,2,1, ,3, , ,1, , , , , , , , , , , , , , ,3,1,2,1,-9,1,2,4, ,1,1,1,1,1,4,1,1,2,NJ,1,Masked,0.8, , , , 
612,612,FALL2015,2,1,3,1, ,1,1,1,1,2,2,END OF TIMES,12,2,1, , ,-9,-9, ,-9,-9,-9, ,1, , , , ,3,1,1,2,3,2,98,3,2,3,4, , , , ,2,1,2,2,3, ,2,1,2, ,3, , ,2, , , , , , , , , , , , , , ,3,2,2,1,-9,2,2,3, ,2,1,2,1,2,3,1,1,2,AL,2,Masked,0.82, , , , 
613,613,FALL2015,2,2,-9,-9, ,-9,-9,-9,-9,-9,-9, ,-9,-9,-9, , ,2,4,NOT SURE,9,4,3, ,3, , , , ,3,1,2,4,98,98,98,1,98,98,4, , , , ,3,98,5,4,4, ,4,1,1, ,98, , ,1, , , , , , , , , , , , , , ,3,98,2,98,-9,2,2,4, ,2,2,99,5,98,4,1,2,-9,SC,2,Masked,0.78, , , , 
614,614,FALL2015,2,98,-9,-9, ,-9,-9,-9,-9,-9,-9, ,-9,-9,-9, , ,-9,-9, ,-9,-9,-9, ,2, , , , ,98,1,3,98,98,2,2,5,2,3,4, , , , ,98,3,5,98,4, ,98,2,1, ,98, , ,4, , , , , , , , , , , , , , ,3,4,2,2,-9,1,98,4, ,3,2,99,1,1,2,1,1,2,MO,3,Masked,0.83, , , , 
615,615,FALL2015,2,98,-9,-9, ,-9,-9,-9,-9,-9,-9, ,-9,-9,-9, , ,-9,-9, ,-9,-9,-9, ,2, , , , ,3,1,2,98,98,98,98,2,2,3,4, , , , ,1,3,98,98,98, ,98,2,1, ,2, , ,1, , , , , , , , , , , , , , ,3,5,2,3,-9,1,4,1, ,3,2,4,5,4,3,1,2,-9,MA,1,Masked,1.33, , , , 
616,616,FALL2015,2,1,2,2, ,2,3,2,3,3,2,CLIMATE CHANGES,10,3,2, , ,-9,-9, ,-9,-9,-9, ,3, , , , ,3,1,1,2,1,3,3,2,1,3,2, , , , ,2,3,2,2,1, ,2,2,2, ,1, , ,1, , , , , , , , , , , , , , ,20,2,2,1,-9,2,2,3, ,4,2,99,5,2,2,1,2,-9,MO,3,Masked,0.8, , , , 
617,617,FALL2015,2,1,1,2, ,1,1,2,2,3,2,POLAR CAPS MELTING,1,1,1, , ,-9,-9, ,-9,-9,-9, ,2, , , , ,3,98,1,1,1,1,3,5,98,3,1, , , , ,1,3,5,98,4, ,4,1,1, ,1, , ,1, , , , , , , , , , , , , , ,20,3,2,2,-9,1,98,4, ,99,2,3,1,2,2,1,1,2,OK,2,Masked,0.83, , , , 
618,618,FALL2015,2,1,3,1, ,1,1,1,1,3,1,INCREASING GROUND TEMPERATURE,2,2,2, , ,-9,-9, ,-9,-9,-9, ,1, , , , ,2,1,1,1,1,2,3,3,3,3,2, , , , ,1,3,5,1,4, ,2,2,1, ,98, , ,1, , , , , , , , , , , , , , ,20,3,2,3,-9,1,2,4, ,4,1,3,2,1,3,1,1,2,MN,3,Masked,0.55, , , , 
619,619,FALL2015,2,1,3,1, ,1,1,1,2,2,4,POLLUTION,8,4,1, , ,-9,-9, ,-9,-9,-9, ,2, , , , ,3,1,1,1,1,2,2,2,2,3,4, , , , ,3,3,2,2,4, ,2,2,1, ,98, , ,2, , , , , , , , , , , , , , ,20,3,2,3,-9,2,98,3, ,2,1,99,1,2,2,1,1,2,WI,3,Masked,0.67, , , , 
620,620,FALL2015,2,1,1,2, ,1,1,1,2,1,1,WEATHER IS WEIRDER,3,1,2, , ,-9,-9, ,-9,-9,-9, ,2, , , , ,3,1,2,1,2,2,2,2,2,3,4, , , , ,2,3,5,1,4, ,2,1,1, ,4, , ,1, , , , , , , , , , , , , , ,20,3,2,98,-9,1,1,4, ,5,2,5,1,1,4,1,3,-9,CO,4,Masked,0.58, , , , 
621,621,FALL2015,2,1,1,1, ,1,1,1,3,1,98,RISE IN WATER LEVEL IN THE OCEANS,11,2,2, , ,-9,-9, ,-9,-9,-9, ,1, , , , ,98,1,1,1,3,98,3,2,3,3,3, , , , ,3,98,98,98,3, ,3,98,1, ,4, , ,1, , , , , , , , , , , , , , ,20,1,2,2,-9,1,1,4, ,4,2,99,2,4,5,99,99,-9,NV,4,Masked,0.83, , , , 
622,622,FALL2015,2,98,-9,-9, ,-9,-9,-9,-9,-9,-9, ,-9,-9,-9, , ,-9,-9, ,-9,-9,-9, ,2, , , , ,3,1,2,2,2,2,2,2,2,1,4, , , , ,2,3,5,1,2, ,2,98,2, ,4, , ,2, , , , , , , , , , , , , , ,3,2,1,-9,1,2,98,4, ,2,2,1,1,2,1,1,2,-9,OR,4,Masked,0.98, , , , 
623,623,FALL2015,2,1,1,1, ,1,2,1,2,1,4,MEDIA,6,3,4, , ,-9,-9, ,-9,-9,-9, ,2, , , , ,3,1,2,2,98,2,2,5,2,3,2, , , , ,3,98,2,2,4, ,2,1,1, ,1, , ,1, , , , , , , , , , , , , , ,3,3,1,-9,3,1,1,3, ,3,1,5,5,4,4,1,99,-9,CA,4,Masked,0.65, , , , 
624,624,FALL2015,2,2,-9,-9, ,-9,-9,-9,-9,-9,-9, ,-9,-9,-9, , ,1,98,NO EVIDENCE,3,4,3, ,1, , , , ,98,2,1,4,1,3,1,5,1,2,1, , , , ,1,3,3,98,4, ,4,2,4, ,4, , ,98, , , , , , , , , , , , , , ,3,98,1,-9,1,4,4,4, ,5,1,6,2,1,4,1,6,-9,CA,4,Masked,0.32, , , , 
625,625,FALL2015,2,1,1,1, ,1,1,1,1,2,1,ICE CAPS MELTING,1,1,1, , ,-9,-9, ,-9,-9,-9, ,1, , , , ,1,1,1,1,2,2,2,4,2,3,4, , , , ,3,3,1,1,4, ,3,2,1, ,98, , ,1, , , , , , , , , , , , , , ,3,1,1,-9,2,1,2,4, ,4,2,6,1,3,5,1,2,-9,CA,4,Masked,0.58, , , , 
626,626,FALL2015,1,1,1,2, ,1,1,1,3,2,3,POLAR CAPS MELTING,1,1,1, , ,-9,-9, ,-9,-9,-9, ,2, , , , ,3,1,2,1,2,2,2,2,2,1,4, , , , ,2,3,5,1,3, ,2,3,1, ,4, , ,1, , , , , , , , , , , , , , ,20,1,1,-9,1,1,2,1, ,3,2,5,5,4,4,4,6,-9,CA,4,Masked,1.36, , , , 
627,627,FALL2015,1,1,1,1, ,1,2,2,2,4,2,THINGS THAT I READ,6,1,3, , ,-9,-9, ,-9,-9,-9, ,2, , , , ,3,1,1,2,1,2,2,4,2,3,2, , , , ,3,3,5,2,4, ,3,2,1, ,2, , ,2, , , , , , , , , , , , , , ,20,1,1,-9,4,1,2,1, ,4,2,4,5,4,4,1,1,2,KY,2,Masked,1.18, , , , 
628,628,FALL2015,1,1,3,1, ,1,1,1,1,1,2,PERIODIC CYLES TENDING HIGHER TEMPERATURES,9,1,1, , ,-9,-9, ,-9,-9,-9, ,2, , , , ,1,98,1,1,1,3,3,3,2,3,98, , , , ,1,3,5,1,4, ,2,2,1, ,98, , ,2, , , , , , , , , , , , , , ,20,1,1,-9,4,1,2,4, ,5,1,6,5,1,1,1,6,-9,GA,2,Masked,0.32, , , , 
629,629,FALL2015,1,1,2,1, ,1,1,1,1,2,2,UNUSUAL TEMPERATURES,3,2,1, , ,-9,-9, ,-9,-9,-9, ,2, , , , ,3,1,1,2,1,2,2,3,3,3,4, , , , ,3,3,5,2,4, ,2,3,3, ,3, , ,3, , , , , , , , , , , , , , ,20,1,1,-9,1,3,2,4, ,2,2,99,1,1,5,2,1,1,TX,2,Masked,1.38, , , , 
630,630,FALL2015,1,1,1,2, ,1,1,1,4,3,3,THAT IS WHY EVERYTHING IS MELTING IN THE NORTH POLE,1,1,1, , ,-9,-9, ,-9,-9,-9, ,2, , , , ,3,1,2,1,98,98,98,1,98,98,98, , , , ,4,3,5,1,2, ,2,3,1, ,2, , ,2, , , , , , , , , , , , , , ,20,1,1,-9,1,2,2,3, ,1,1,1,1,1,4,2,6,-9,GA,2,Masked,1.52, , , , 
631,631,FALL2015,1,1,3,1, ,2,2,1,4,4,2,SCIENTIFIC STUDIES,4,2,2, , ,-9,-9, ,-9,-9,-9, ,1, , , , ,3,1,1,2,1,2,2,4,2,3,4, , , , ,2,3,5,2,4, ,1,2,1, ,98, , ,1, , , , , , , , , , , , , , ,20,2,1,-9,6,1,3,2, ,4,1,99,5,2,2,1,1,2,OR,4,Masked,0.95, , , , 
632,632,FALL2015,1,98,-9,-9, ,-9,-9,-9,-9,-9,-9, ,-9,-9,-9, , ,-9,-9, ,-9,-9,-9, ,2, , , , ,98,98,1,2,98,98,98,2,98,98,98, , , , ,98,1,1,1,2, ,2,2,2, ,98, , ,98, , , , , , , , , , , , , , ,20,98,1,-9,98,2,2,2, ,5,2,98,5,2,2,1,1,1,MA,1,Masked,1.15, , , , 
633,633,FALL2015,1,2,-9,-9, ,-9,-9,-9,-9,-9,-9, ,-9,-9,-9, , ,1,1,WATERS ARE NOT RISING,5,2,1, ,2, , , , ,1,2,1,4,3,3,3,4,1,3,1, , , , ,2,3,3,4,4, ,4,4,2, ,4, , ,2, , , , , , , , , , , , , , ,20,2,1,-9,1,3,2,4, ,3,1,4,1,4,2,1,2,-9,SC,2,Masked,0.65, , , , 
634,634,FALL2015,1,1,1,1, ,1,1,1,1,2,1,CONSUMPTION OF FOSSIL FUELS,8,1,2, , ,-9,-9, ,-9,-9,-9, ,2, , , , ,1,1,2,1,1,2,2,3,2,3,2, , , , ,1,3,5,1,4, ,3,1,1, ,1, , ,1, , , , , , , , , , , , , , ,20,1,1,-9,3,1,2,1, ,4,1,5,5,1,3,1,2,-9,TX,2,Masked,0.83, , , , 
635,635,FALL2015,1,1,3,1, ,1,1,1,1,1,1,WEATHER,3,1,1, , ,-9,-9, ,-9,-9,-9, ,1, , , , ,3,98,1,1,3,98,98,3,3,3,98, , , , ,1,3,5,1,3, ,1,1,1, ,98, , ,1, , , , , , , , , , , , , , ,20,1,1,-9,3,1,3,3, ,2,2,99,1,2,1,1,6,-9,NC,2,Masked,0.9, , , , 
636,636,FALL2015,1,1,3,1, ,2,4,1,4,4,1,DATA AND STATISTICS,4,2,4, , ,-9,-9, ,-9,-9,-9, ,1, , , , ,3,1,2,1,98,98,98,2,2,98,98, , , , ,2,1,98,2,2, ,2,2,1, ,3, , ,2, , , , , , , , , , , , , , ,20,5,1,-9,4,2,1,1, ,3,1,6,5,4,2,1,1,1,AZ,4,Masked,0.95, , , , 
637,637,FALL2015,1,1,1,1, ,3,2,2,3,3,3,WEATHER,3,3,2, , ,-9,-9, ,-9,-9,-9, ,2, , , , ,98,98,1,1,3,2,2,2,2,1,3, , , , ,2,3,5,98,4, ,3,1,2, ,98, , ,98, , , , , , , , , , , , , , ,20,3,1,-9,4,2,4,3, ,3,2,1,1,4,2,1,1,2,KY,2,Masked,1.15, , , , 
638,638,FALL2015,1,1,1,2, ,1,2,1,2,2,2,WEATHER AND ENVIRONMENT CHANGES,3,2,1, , ,-9,-9, ,-9,-9,-9, ,2, , , , ,3,1,1,1,1,2,2,2,2,3,4, , , , ,3,3,5,1,4, ,1,2,1, ,1, , ,1, , , , , , , , , , , , , , ,20,5,1,-9,3,1,4,3, ,5,2,6,1,4,3,1,2,-9,IA,3,Masked,0.67, , , , 
639,639,FALL2015,1,1,1,1, ,1,1,1,98,4,1,SCIENTIFIC EVIDENCE,4,2,98, , ,-9,-9, ,-9,-9,-9, ,1, , , , ,2,2,1,3,1,2,2,3,2,3,3, , , , ,1,1,5,2,3, ,3,2,1, ,3, , ,1, , , , , , , , , , , , , , ,20,2,1,-9,1,1,2,3, ,5,1,99,1,4,3,1,2,-9,AL,2,Masked,0.54, , , , 
640,640,FALL2015,1,2,-9,-9, ,-9,-9,-9,-9,-9,-9, ,-9,-9,-9, , ,2,2,WHAT I READ,9,4,4, ,1, , , , ,1,2,1,4,1,3,3,3,1,2,1, , , , ,2,3,3,4,3, ,3,1,3, ,3, , ,3, , , , , , , , , , , , , , ,20,5,1,-9,1,3,4,4, ,5,1,99,2,4,2,1,1,1,TN,2,Masked,0.42, , , , 
641,641,FALL2015,1,98,-9,-9, ,-9,-9,-9,-9,-9,-9, ,-9,-9,-9, , ,-9,-9, ,-9,-9,-9, ,2, , , , ,3,1,1,1,1,2,2,2,2,3,3, , , , ,3,3,5,98,4, ,4,2,2, ,98, , ,1, , , , , , , , , , , , , , ,20,5,1,-9,3,2,4,2, ,4,2,99,5,4,2,1,1,2,VA,2,Masked,1.18, , , , 
642,642,FALL2015,1,98,-9,-9, ,-9,-9,-9,-9,-9,-9, ,-9,-9,-9, , ,-9,-9, ,-9,-9,-9, ,2, , , , ,3,1,1,1,1,2,2,3,3,2,3, , , , ,98,3,5,2,2, ,2,2,1, ,2, , ,1, , , , , , , , , , , , , , ,20,5,1,-9,3,2,3,3, ,4,2,4,1,2,2,1,1,2,SC,2,Masked,0.85, , , , 
643,643,FALL2015,1,1,1,1, ,1,1,1,2,3,1,ICE CAPS MELTING,1,1,2, , ,-9,-9, ,-9,-9,-9, ,1, , , , ,3,1,1,1,1,2,3,1,2,3,4, , , , ,1,99,98,98,4, ,2,1,1, ,98, , ,98, , , , , , , , , , , , , , ,20,1,1,-9,2,4,1,1, ,4,2,99,6,4,4,3,2,-9,CA,4,Masked,2.48, , , , 
644,644,FALL2015,1,1,3,1, ,3,3,2,98,3,3,TILTING OF EARTH,10,2,3, , ,-9,-9, ,-9,-9,-9, ,1, , , , ,3,1,1,1,1,98,1,2,3,3,4, , , , ,2,98,98,98,4, ,2,98,1, ,4, , ,2, , , , , , , , , , , , , , ,20,5,1,-9,1,1,98,4, ,1,1,1,1,1,3,5,6,-9,AR,2,Masked,0.95, , , , 
645,645,FALL2015,1,1,2,1, ,1,1,1,1,1,1,"STUDY SCIENCE, EARTH IS GETTING CLOSER TO THE SUN",4,1,1, , ,-9,-9, ,-9,-9,-9, ,2, , , , ,98,1,98,2,1,2,2,2,3,3,3, , , , ,1,1,5,2,4, ,2,2,1, ,98, , ,2, , , , , , , , , , , , , , ,20,1,1,-9,2,1,2,2, ,3,2,99,5,4,4,2,1,2,LA,2,Masked,1.93, , , , 
646,646,FALL2015,1,1,2,3, ,1,1,4,2,4,2,MEDIA,6,4,1, , ,-9,-9, ,-9,-9,-9, ,2, , , , ,2,2,1,3,1,1,1,2,1,3,98, , , , ,1,3,5,2,1, ,2,2,3, ,2, , ,3, , , , , , , , , , , , , , ,20,5,1,-9,1,1,1,1, ,3,1,99,3,2,2,1,6,-9,KY,2,Masked,1.05, , , , 
647,647,FALL2015,1,2,-9,-9, ,-9,-9,-9,-9,-9,-9, ,-9,-9,-9, , ,1,1,LOOK AT THE LONG TERM HISTORY OF WEATHER CYCLES,2,1,1, ,1, , , , ,3,2,2,4,1,3,3,5,1,2,1, , , , ,1,3,5,4,4, ,4,2,4, ,4, , ,4, , , , , , , , , , , , , , ,20,4,1,-9,1,98,1,4, ,99,1,99,1,99,99,1,1,2,MO,3,Masked,0.5, , , , 
648,648,FALL2015,1,2,-9,-9, ,-9,-9,-9,-9,-9,-9, ,-9,-9,-9, , ,1,3,THE LAST 4 DECADES IS A VERY SMALL FRACTION COMPARED THE LAST 4 MI,3,3,3, ,3, , , , ,3,2,1,2,1,2,3,2,1,1,1, , , , ,2,2,2,3,4, ,2,1,1, ,3, , ,2, , , , , , , , , , , , , , ,20,5,1,-9,2,2,3,2, ,4,1,3,3,2,2,1,6,-9,AZ,4,Masked,1.05, , , , 
649,649,FALL2015,1,1,2,2, ,1,1,3,1,2,1,OVER POPULATION,8,3,1, , ,-9,-9, ,-9,-9,-9, ,2, , , , ,3,1,1,4,3,2,3,2,3,3,1, , , , ,1,3,5,1,4, ,1,1,1, ,2, , ,1, , , , , , , , , , , , , , ,20,2,1,-9,3,1,4,2, ,3,1,4,5,2,2,1,1,1,LA,2,Masked,1.15, , , , 
650,650,FALL2015,1,98,-9,-9, ,-9,-9,-9,-9,-9,-9, ,-9,-9,-9, , ,-9,-9, ,-9,-9,-9, ,2, , , , ,3,98,2,4,1,3,3,3,1,3,1, , , , ,2,3,5,3,4, ,4,2,2, ,98, , ,4, , , , , , , , , , , , , , ,20,3,1,-9,1,2,1,3, ,5,2,6,6,2,2,1,6,-9,IL,3,Masked,0.67, , , , 
651,651,FALL2015,1,1,3,2, ,3,1,1,4,2,1,POLAR CAPS MELTING,1,1,3, , ,-9,-9, ,-9,-9,-9, ,2, , , , ,3,1,2,1,1,2,2,3,3,3,4, , , , ,98,3,5,1,2, ,2,2,1, ,4, , ,1, , , , , , , , , , , , , , ,20,2,1,-9,1,1,2,3, ,4,1,4,1,4,4,1,1,2,CA,4,Masked,0.62, , , , 
652,652,FALL2015,1,2,-9,-9, ,-9,-9,-9,-9,-9,-9, ,-9,-9,-9, , ,2,1,NO PROOF,3,2,2, ,2, , , , ,98,2,98,98,1,98,98,1,1,3,1, , , , ,4,3,5,2,4, ,2,3,2, ,98, , ,2, , , , , , , , , , , , , , ,20,5,1,-9,1,98,2,2, ,5,1,2,5,3,4,4,5,-9,GA,2,Masked,1.22, , , , 
653,653,FALL2015,1,2,-9,-9, ,-9,-9,-9,-9,-9,-9, ,-9,-9,-9, , ,3,4,CYCLE,2,3,4, ,2, , , , ,98,98,3,1,98,98,98,2,2,98,98, , , , ,3,3,5,98,4, ,98,3,1, ,4, , ,4, , , , , , , , , , , , , , ,20,5,1,-9,1,2,98,3, ,2,2,99,1,4,2,1,99,-9,CA,4,Masked,0.9, , , , 
654,654,FALL2015,1,1,1,1, ,1,1,1,1,2,1,CO 2,10,1,2, , ,-9,-9, ,-9,-9,-9, ,1, , , , ,3,1,2,1,2,2,2,5,2,1,4, , , , ,2,3,2,1,4, ,2,1,1, ,4, , ,1, , , , , , , , , , , , , , ,20,2,1,-9,5,1,1,3, ,4,1,5,5,1,5,1,99,-9,OH,3,Masked,0.5, , , , 
655,655,FALL2015,1,2,-9,-9, ,-9,-9,-9,-9,-9,-9, ,-9,-9,-9, , ,1,4,IT HAS BEEN REALLY COLD IN THE WINTER HERE,1,4,1, ,2, , , , ,3,1,1,1,2,2,2,2,2,1,4, , , , ,1,1,2,2,2, ,1,3,1, ,4, , ,1, , , , , , , , , , , , , , ,20,3,1,-9,1,3,2,4, ,2,2,2,1,2,1,1,1,2,MN,3,Masked,0.93, , , , 
656,656,FALL2015,1,1,1,1, ,1,1,1,2,2,4,POLAR ICE CAPS ARE MELTING,1,2,1, , ,-9,-9, ,-9,-9,-9, ,1, , , , ,98,1,1,2,98,2,2,3,2,3,4, , , , ,2,3,5,98,4, ,3,2,2, ,4, , ,1, , , , , , , , , , , , , , ,20,2,1,-9,4,3,2,2, ,4,2,4,4,4,4,1,7,-9,NC,2,Masked,1.23, , , , 
657,657,FALL2015,1,2,-9,-9, ,-9,-9,-9,-9,-9,-9, ,-9,-9,-9, , ,1,1,MOTHER NATURE,9,2,1, ,3, , , , ,3,1,1,3,1,2,3,2,3,3,2, , , , ,2,2,5,4,4, ,3,4,98, ,3, , ,2, , , , , , , , , , , , , , ,20,2,1,-9,1,98,3,4, ,3,1,2,1,1,3,1,1,2,OH,3,Masked,0.75, , , , 
658,658,FALL2015,1,1,1,2, ,2,1,3,1,4,2,THE RAPTURE,10,2,2, , ,-9,-9, ,-9,-9,-9, ,1, , , , ,3,2,2,4,1,3,3,3,3,2,2, , , , ,1,3,2,2,3, ,3,2,1, ,4, , ,1, , , , , , , , , , , , , , ,20,1,1,-9,1,1,4,4, ,4,1,6,1,4,5,1,1,2,MA,1,Masked,0.35, , , , 
659,659,FALL2015,1,2,-9,-9, ,-9,-9,-9,-9,-9,-9, ,-9,-9,-9, , ,4,1,POLAR BEARS AND POLAR ICE MELTING,9,1,98, ,2, , , , ,3,1,1,1,98,2,2,3,2,1,4, , , , ,1,3,1,1,4, ,1,1,1, ,4, , ,1, , , , , , , , , , , , , , ,20,3,1,-9,2,1,98,3, ,5,2,99,1,4,3,1,1,1,MI,3,Masked,0.77, , , , 
660,660,FALL2015,1,2,-9,-9, ,-9,-9,-9,-9,-9,-9, ,-9,-9,-9, , ,1,4,HOTTER TEMPERATURES AND LONGER SUMMERS,9,4,3, ,2, , , , ,3,1,2,1,1,2,2,3,2,1,4, , , , ,2,3,5,2,4, ,2,3,1, ,4, , ,2, , , , , , , , , , , , , , ,20,1,1,-9,1,1,2,1, ,3,1,3,1,2,1,1,6,-9,SD,3,Masked,1.15, , , , 
661,661,FALL2015,1,1,1,1, ,1,1,1,4,3,2,TEACHING IN SCHOOL,10,2,2, , ,-9,-9, ,-9,-9,-9, ,2, , , , ,98,98,98,98,98,98,98,2,3,98,3, , , , ,98,3,5,2,3, ,2,2,1, ,98, , ,1, , , , , , , , , , , , , , ,20,3,1,-9,1,2,3,1, ,2,2,98,5,4,4,1,1,2,VT,1,Masked,1.23, , , , 
662,662,FALL2015,1,1,3,1, ,2,2,2,3,3,98,HUMAN ACTIVITY,8,2,3, , ,-9,-9, ,-9,-9,-9, ,2, , , , ,2,2,1,1,1,98,2,2,3,3,1, , , , ,1,3,5,1,4, ,1,2,1, ,1, , ,1, , , , , , , , , , , , , , ,20,5,1,-9,2,1,98,1, ,3,1,98,1,2,2,1,1,98,IA,3,Masked,1.05, , , , 
663,663,FALL2015,1,1,3,3, ,4,1,4,1,3,4,NEWS,6,4,4, , ,-9,-9, ,-9,-9,-9, ,2, , , , ,3,1,1,2,2,98,98,1,2,3,98, , , , ,1,3,5,98,3, ,3,3,4, ,3, , ,4, , , , , , , , , , , , , , ,20,2,1,-9,1,98,3,3, ,4,1,2,1,1,3,5,6,-9,GA,2,Masked,0.87, , , , 
664,664,FALL2015,1,1,3,1, ,3,2,1,3,2,2,MELTING GLACIERS,1,3,3, , ,-9,-9, ,-9,-9,-9, ,2, , , , ,3,1,1,1,1,2,3,3,1,3,2, , , , ,2,98,3,2,3, ,3,1,2, ,2, , ,2, , , , , , , , , , , , , , ,20,5,1,-9,1,2,1,3, ,2,1,99,1,2,2,1,2,-9,MN,3,Masked,0.67, , , , 
665,665,FALL2015,1,1,1,1, ,1,1,1,1,1,2,DAILY NEWS,6,1,1, , ,-9,-9, ,-9,-9,-9, ,2, , , , ,2,2,1,1,1,2,2,2,3,3,98, , , , ,1,3,5,2,4, ,2,2,1, ,2, , ,1, , , , , , , , , , , , , , ,20,1,1,-9,2,1,2,1, ,4,1,5,1,2,2,1,6,-9,TX,2,Masked,0.83, , , , 
666,666,FALL2015,1,1,1,2, ,2,2,1,2,4,2,PROBLEMS IN ALASKA AND MELTING GLACIERS,1,1,2, , ,-9,-9, ,-9,-9,-9, ,2, , , , ,3,1,2,2,2,2,2,2,2,3,4, , , , ,2,1,2,1,2, ,2,3,2, ,3, , ,1, , , , , , , , , , , , , , ,20,1,1,-9,2,3,2,2, ,4,2,4,1,1,4,1,1,2,MO,3,Masked,1.23, , , , 
667,667,FALL2015,1,1,3,2, ,98,4,1,3,4,1,DATA,4,98,4, , ,-9,-9, ,-9,-9,-9, ,1, , , , ,1,1,1,1,98,2,98,3,2,1,4, , , , ,3,3,5,1,2, ,1,2,1, ,4, , ,2, , , , , , , , , , , , , , ,20,5,1,-9,1,1,4,3, ,5,2,4,3,4,3,1,2,-9,NH,1,Masked,0.82, , , , 
668,668,FALL2015,1,1,3,3, ,3,2,2,2,2,98,NEWS MEDIA,6,1,4, , ,-9,-9, ,-9,-9,-9, ,2, , , , ,3,1,1,1,98,98,98,2,2,98,98, , , , ,2,3,2,2,4, ,2,1,2, ,98, , ,1, , , , , , , , , , , , , , ,20,3,1,-9,2,1,2,4, ,4,2,2,1,1,5,1,1,2,IA,3,Masked,0.83, , , , 
669,669,FALL2015,1,2,-9,-9, ,-9,-9,-9,-9,-9,-9, ,-9,-9,-9, , ,2,1,ALL POLITICAL,7,2,3, ,2, , , , ,1,98,3,98,2,2,2,5,2,1,4, , , , ,2,3,5,3,4, ,3,98,3, ,4, , ,2, , , , , , , , , , , , , , ,20,3,1,-9,1,3,2,3, ,3,1,2,1,4,2,5,2,-9,AZ,4,Masked,1.02, , , , 
670,670,FALL2015,1,1,1,2, ,1,1,1,4,1,4,THE TEMPERATURES KEEP GOING UP,2,1,1, , ,-9,-9, ,-9,-9,-9, ,3, , , , ,3,2,1,1,2,2,2,2,2,3,4, , , , ,1,1,2,1,1, ,1,2,4, ,1, , ,4, , , , , , , , , , , , , , ,20,1,1,-9,1,4,2,1, ,3,1,3,1,1,4,3,6,-9,CA,4,Masked,2.5, , , , 
671,671,FALL2015,1,2,-9,-9, ,-9,-9,-9,-9,-9,-9, ,-9,-9,-9, , ,1,1,READ ON THE INTERNET,9,1,4, ,1, , , , ,1,2,1,4,1,2,3,2,3,3,1, , , , ,2,3,2,2,4, ,4,3,4, ,4, , ,3, , , , , , , , , , , , , , ,20,5,1,-9,1,4,4,3, ,3,1,6,4,3,1,2,1,1,AL,2,Masked,1.22, , , , 
672,672,FALL2015,1,1,3,1, ,1,4,1,3,4,98,POLLUTION,8,4,1, , ,-9,-9, ,-9,-9,-9, ,2, , , , ,3,2,1,1,1,1,1,1,1,3,4, , , , ,4,1,98,98,4, ,4,1,4, ,4, , ,1, , , , , , , , , , , , , , ,20,1,1,-9,1,4,1,1, ,3,1,3,5,1,3,5,99,-9,CA,4,Masked,1.3, , , , 
673,673,FALL2015,1,1,3,1, ,1,1,1,1,1,1,"THINGS READ, SEEN AND WATCHED",6,1,1, , ,-9,-9, ,-9,-9,-9, ,1, , , , ,3,1,1,2,98,98,98,1,2,98,98, , , , ,2,3,1,1,4, ,2,1,2, ,3, , ,3, , , , , , , , , , , , , , ,20,2,1,-9,5,3,2,1, ,3,1,3,5,1,5,1,7,-9,UT,4,Masked,1.15, , , , 
674,674,FALL2015,1,1,3,1, ,2,4,4,2,4,4,NEWS,6,98,4, , ,-9,-9, ,-9,-9,-9, ,4, , , , ,98,98,98,1,98,98,98,2,98,98,98, , , , ,3,98,98,98,3, ,1,3,1, ,98, , ,1, , , , , , , , , , , , , , ,20,5,1,-9,1,1,1,3, ,3,1,5,2,2,2,1,1,1,IN,3,Masked,0.65, , , , 
675,675,FALL2015,1,1,1,1, ,1,3,1,1,1,2,SCIENTISTS,4,1,2, , ,-9,-9, ,-9,-9,-9, ,1, , , , ,98,1,2,1,1,2,2,5,2,98,4, , , , ,98,98,1,1,4, ,1,1,1, ,1, , ,1, , , , , , , , , , , , , , ,20,1,1,-9,4,1,1,2, ,5,2,5,3,1,4,1,6,-9,CA,4,Masked,1.08, , , , 
676,676,FALL2015,1,1,3,1, ,3,3,1,1,4,1,WE ARE IN A CYCLE,9,2,1, , ,-9,-9, ,-9,-9,-9, ,1, , , , ,3,1,2,2,1,2,2,5,2,3,4, , , , ,4,3,5,2,3, ,3,2,1, ,1, , ,1, , , , , , , , , , , , , , ,20,1,1,-9,6,1,3,3, ,5,1,99,2,4,5,1,1,2,NJ,1,Masked,0.54, , , , 
677,677,FALL2015,1,1,1,2, ,1,4,1,1,4,98,ATMOSPHERE,10,1,1, , ,-9,-9, ,-9,-9,-9, ,3, , , , ,98,1,4,2,2,2,2,1,2,98,98, , , , ,1,98,5,1,4, ,98,1,1, ,98, , ,1, , , , , , , , , , , , , , ,20,5,1,-9,98,1,2,2, ,2,2,4,5,4,98,1,2,-9,NM,4,Masked,1.33, , , , 
678,678,FALL2015,1,98,-9,-9, ,-9,-9,-9,-9,-9,-9, ,-9,-9,-9, , ,-9,-9, ,-9,-9,-9, ,2, , , , ,98,1,98,98,98,98,98,2,98,98,98, , , , ,2,98,98,98,2, ,2,2,3, ,98, , ,98, , , , , , , , , , , , , , ,20,2,1,-9,1,3,98,3, ,3,1,2,5,4,2,5,3,-9,IL,3,Masked,1.02, , , , 
679,679,FALL2015,1,1,3,1, ,1,1,1,1,3,98,GLACIERS MELTING,1,98,3, , ,-9,-9, ,-9,-9,-9, ,2, , , , ,3,1,1,98,1,98,98,3,3,3,1, , , , ,1,3,5,2,4, ,1,2,1, ,98, , ,1, , , , , , , , , , , , , , ,20,3,1,-9,2,1,98,3, ,4,1,2,1,2,2,1,1,1,MI,3,Masked,0.72, , , , 
680,680,FALL2015,1,1,1,1, ,1,1,1,1,1,2,BURNING OF FOSSIL FUELS,8,1,4, , ,-9,-9, ,-9,-9,-9, ,2, , , , ,1,1,1,2,2,2,2,3,2,3,4, , , , ,1,3,5,1,4, ,2,1,1, ,3, , ,1, , , , , , , , , , , , , , ,20,1,1,-9,3,1,2,1, ,3,1,6,1,4,5,1,2,-9,MA,1,Masked,0.95, , , , 
681,681,FALL2015,1,98,-9,-9, ,-9,-9,-9,-9,-9,-9, ,-9,-9,-9, , ,-9,-9, ,-9,-9,-9, ,3, , , , ,2,1,98,2,98,98,98,1,98,98,98, , , , ,1,99,2,2,4, ,2,3,1, ,2, , ,1, , , , , , , , , , , , , , ,20,5,1,-9,2,1,2,1, ,2,1,99,5,2,3,3,2,-9,OK,2,Masked,2.35, , , , 
682,682,FALL2015,1,98,-9,-9, ,-9,-9,-9,-9,-9,-9, ,-9,-9,-9, , ,-9,-9, ,-9,-9,-9, ,3, , , , ,3,1,2,1,98,3,3,3,2,3,2, , , , ,1,3,5,1,2, ,2,98,1, ,2, , ,1, , , , , , , , , , , , , , ,20,2,1,-9,2,1,2,4, ,3,1,2,1,1,5,1,1,2,WA,4,Masked,0.75, , , , 
683,683,FALL2015,1,1,3,2, ,2,3,1,3,3,1,GLACIER NATIONAL PARK MELTING,1,98,1, , ,-9,-9, ,-9,-9,-9, ,3, , , , ,3,1,2,1,1,3,3,3,2,3,98, , , , ,2,3,5,1,4, ,98,1,1, ,4, , ,2, , , , , , , , , , , , , , ,20,2,1,-9,3,1,3,4, ,4,1,5,2,1,1,1,1,2,FL,2,Masked,0.38, , , , 
684,684,FALL2015,2,2,-9,-9, ,-9,-9,-9,-9,-9,-9, ,-9,-9,-9, , ,2,3,ICE CAP ON THE SOUTH POLE IS GROWING,5,2,3, ,2, , , , ,3,1,1,1,1,2,2,2,2,3,2, , , , ,2,3,5,2,3, ,4,2,1, ,4, , ,1, , , , , , , , , , , , , , ,3,5,1,-9,1,1,4,4, ,2,1,2,1,1,1,1,2,-9,LA,2,Masked,0.7, , , , 
685,685,FALL2015,2,98,-9,-9, ,-9,-9,-9,-9,-9,-9, ,-9,-9,-9, , ,-9,-9, ,-9,-9,-9, ,2, , , , ,2,98,1,1,98,98,3,2,3,3,2, , , , ,3,3,5,2,4, ,2,98,1, ,3, , ,1, , , , , , , , , , , , , , ,3,3,1,-9,2,1,2,4, ,4,1,4,1,1,1,1,1,1,OK,2,Masked,0.5, , , , 
686,686,FALL2015,2,1,1,2, ,2,2,2,2,2,3,DIRTY AIR,8,1,3, , ,-9,-9, ,-9,-9,-9, ,3, , , , ,3,1,1,4,98,98,98,2,98,3,2, , , , ,1,3,3,4,1, ,2,3,2, ,98, , ,1, , , , , , , , , , , , , , ,3,5,1,-9,1,2,4,2, ,4,1,3,1,2,2,1,1,1,IA,3,Masked,1.05, , , , 
687,687,FALL2015,2,1,3,2, ,2,2,2,2,2,3,EVERYDAY OBSERVATIONS,2,2,2, , ,-9,-9, ,-9,-9,-9, ,2, , , , ,3,1,1,1,98,98,98,1,98,98,98, , , , ,2,3,5,1,4, ,1,2,1, ,3, , ,1, , , , , , , , , , , , , , ,3,2,1,-9,2,3,2,3, ,3,2,3,1,1,1,1,2,-9,IL,3,Masked,1.05, , , , 
688,688,FALL2015,2,1,2,2, ,2,2,3,3,3,2,WARMER WEATHER,2,2,4, , ,-9,-9, ,-9,-9,-9, ,3, , , , ,1,98,1,3,1,3,3,2,3,3,2, , , , ,2,3,2,2,4, ,1,3,3, ,4, , ,2, , , , , , , , , , , , , , ,3,2,1,-9,1,1,4,4, ,3,2,5,1,4,2,1,1,2,WA,4,Masked,0.76, , , , 
689,689,FALL2015,2,98,-9,-9, ,-9,-9,-9,-9,-9,-9, ,-9,-9,-9, , ,-9,-9, ,-9,-9,-9, ,1, , , , ,98,2,98,4,1,98,3,4,3,3,1, , , , ,1,3,3,4,4, ,98,2,2, ,4, , ,98, , , , , , , , , , , , , , ,3,5,1,-9,1,4,3,4, ,5,1,99,6,99,99,99,6,-9,OR,4,Masked,0.57, , , , 
690,690,FALL2015,2,98,-9,-9, ,-9,-9,-9,-9,-9,-9, ,-9,-9,-9, , ,-9,-9, ,-9,-9,-9, ,4, , , , ,98,1,1,2,98,98,98,98,98,98,98, , , , ,2,3,5,2,1, ,2,2,2, ,98, , ,3, , , , , , , , , , , , , , ,3,2,2,1,-9,2,4,2, ,2,2,2,1,4,3,3,2,-9,CA,4,Masked,2.78, , , , 
691,691,FALL2015,2,2,-9,-9, ,-9,-9,-9,-9,-9,-9, ,-9,-9,-9, , ,2,4,MY LIFE EXPIERNCE WITH CHANGES IN WEATHER,1,4,2, ,2, , , , ,3,1,2,1,1,2,2,3,2,3,4, , , , ,2,3,5,1,3, ,2,2,1, ,4, , ,1, , , , , , , , , , , , , , ,3,2,2,3,-9,1,2,4, ,4,2,2,1,1,4,1,1,1,WA,4,Masked,0.83, , , , 
692,692,FALL2015,2,1,3,1, ,1,1,1,2,4,98,EARTHS CLIMATE CHANGES NATURALLY,9,2,3, , ,-9,-9, ,-9,-9,-9, ,2, , , , ,98,1,98,98,1,98,98,2,3,3,3, , , , ,2,3,5,2,3, ,2,2,2, ,98, , ,2, , , , , , , , , , , , , , ,3,2,2,98,-9,2,98,4, ,3,1,99,1,2,2,1,1,2,CA,4,Masked,0.6, , , , 
693,693,FALL2015,1,1,1,2, ,3,3,2,3,3,2,SCIENTIFIC DATA,4,2,3, , ,-9,-9, ,-9,-9,-9, ,2, , , , ,3,1,98,2,2,2,2,3,2,98,4, , , , ,3,98,5,98,4, ,2,2,2, ,4, , ,1, , , , , , , , , , , , , , ,20,5,2,98,-9,2,1,2, ,4,1,2,5,4,4,1,6,-9,IA,3,Masked,1.1, , , , 
694,694,FALL2015,1,98,-9,-9, ,-9,-9,-9,-9,-9,-9, ,-9,-9,-9, , ,-9,-9, ,-9,-9,-9, ,2, , , , ,3,1,2,3,1,2,3,5,3,3,99, , , , ,3,3,5,98,4, ,3,99,3, ,3, , ,3, , , , , , , , , , , , , , ,20,1,2,1,-9,3,3,3, ,2,1,2,2,4,2,1,2,-9,PA,1,Masked,0.82, , , , 
695,695,FALL2015,1,1,3,2, ,1,1,1,98,2,4,I SWEAT A WHOLE LOT MORE,2,1,1, , ,-9,-9, ,-9,-9,-9, ,2, , , , ,3,1,1,1,2,2,2,2,2,3,3, , , , ,2,3,5,2,2, ,2,3,2, ,3, , ,2, , , , , , , , , , , , , , ,20,1,2,1,-9,2,2,4, ,2,1,2,1,2,1,1,1,2,GA,2,Masked,0.7, , , , 
696,696,FALL2015,1,1,3,2, ,1,3,2,3,2,2,OUTSIDE WORLD,10,1,2, , ,-9,-9, ,-9,-9,-9, ,1, , , , ,98,1,98,2,2,2,2,2,2,1,3, , , , ,1,98,98,98,4, ,2,2,1, ,98, , ,2, , , , , , , , , , , , , , ,20,1,2,2,-9,1,2,1, ,3,2,1,1,4,3,1,2,-9,PA,1,Masked,1.48, , , , 
697,697,FALL2015,1,98,-9,-9, ,-9,-9,-9,-9,-9,-9, ,-9,-9,-9, , ,-9,-9, ,-9,-9,-9, ,2, , , , ,3,1,2,2,1,2,2,2,2,1,4, , , , ,3,3,2,2,4, ,4,3,1, ,4, , ,1, , , , , , , , , , , , , , ,20,2,2,1,-9,1,2,1, ,3,2,3,5,4,5,5,2,-9,VA,2,Masked,1.53, , , , 
698,698,FALL2015,1,1,2,3, ,2,2,4,2,2,3,NOT SURE,10,2,3, , ,-9,-9, ,-9,-9,-9, ,3, , , , ,3,2,3,98,98,98,98,1,98,98,98, , , , ,2,3,5,98,3, ,3,3,2, ,98, , ,2, , , , , , , , , , , , , , ,20,5,2,1,-9,2,98,1, ,2,1,99,1,4,98,1,2,-9,AZ,4,Masked,1, , , , 
699,699,FALL2015,1,1,1,1, ,1,1,1,1,2,4,HE WATCHES ANIMAL PLANET AND THE ICE IS MELTING,6,2,2, , ,-9,-9, ,-9,-9,-9, ,1, , , , ,3,1,1,3,98,98,98,2,98,98,98, , , , ,98,3,2,1,1, ,1,4,2, ,1, , ,2, , , , , , , , , , , , , , ,20,2,2,2,-9,2,2,4, ,5,1,3,1,1,3,2,2,-9,OH,3,Masked,1.12, , , , 
700,700,FALL2015,1,2,-9,-9, ,-9,-9,-9,-9,-9,-9, ,-9,-9,-9, , ,1,4,NORMAL CYCLES,2,4,2, ,2, , , , ,3,1,2,1,2,2,2,2,2,3,4, , , , ,2,3,5,3,4, ,4,3,1, ,4, , ,1, , , , , , , , , , , , , , ,20,1,2,2,-9,2,98,2, ,4,2,99,1,2,2,1,1,2,PA,1,Masked,1.18, , , , 
701,701,FALL2015,1,1,3,1, ,1,1,1,1,1,4,GOD HAS A PLAN,12,2,1, , ,-9,-9, ,-9,-9,-9, ,2, , , , ,3,2,98,4,1,1,98,2,2,98,3, , , , ,98,3,5,3,1, ,98,2,3, ,98, , ,1, , , , , , , , , , , , , , ,20,3,2,1,-9,1,98,4, ,2,2,1,1,2,1,1,1,2,PA,1,Masked,0.98, , , , 
702,702,FALL2015,1,1,3,2, ,4,2,2,2,2,4,WHAT I HEARD ON THE NEWS,6,4,4, , ,-9,-9, ,-9,-9,-9, ,1, , , , ,3,2,1,1,1,2,2,3,2,1,3, , , , ,4,3,5,2,1, ,1,4,1, ,2, , ,1, , , , , , , , , , , , , , ,20,5,2,2,-9,1,4,4, ,4,1,4,1,2,3,1,6,-9,DE,2,Masked,0.5, , , , 
703,703,FALL2015,1,1,2,2, ,3,3,98,4,4,4,HOT AS HELL AND DRY AS A BONE,2,2,3, , ,-9,-9, ,-9,-9,-9, ,3, , , , ,98,1,1,2,98,3,3,5,3,3,2, , , , ,2,3,5,4,1, ,2,2,2, ,98, , ,4, , , , , , , , , , , , , , ,20,2,2,1,-9,3,1,4, ,2,2,2,1,1,2,1,6,-9,LA,2,Masked,0.93, , , , 
704,704,FALL2015,1,2,-9,-9, ,-9,-9,-9,-9,-9,-9, ,-9,-9,-9, , ,1,1,HASNT CHANGED IN 18 YEARS,1,2,3, ,1, , , , ,1,2,3,3,1,3,3,5,1,2,1, , , , ,1,3,5,3,2, ,2,4,1, ,4, , ,1, , , , , , , , , , , , , , ,20,5,2,1,-9,4,4,4, ,3,1,2,5,4,3,1,1,2,AR,2,Masked,0.75, , , , 
705,705,FALL2015,1,1,1,2, ,2,2,2,3,3,98,CARBON EMISSION,8,2,2, , ,-9,-9, ,-9,-9,-9, ,1, , , , ,98,1,1,1,98,2,3,2,2,3,4, , , , ,1,3,1,1,4, ,4,1,1, ,98, , ,1, , , , , , , , , , , , , , ,20,5,2,2,-9,1,1,4, ,3,2,99,1,99,99,1,1,1,NC,2,Masked,0.83, , , , 
706,706,FALL2015,1,1,3,1, ,1,1,2,3,3,4,CHANGES OVER THE YEARS,10,2,1, , ,-9,-9, ,-9,-9,-9, ,2, , , , ,98,1,98,98,98,1,98,3,98,3,4, , , , ,98,3,5,2,3, ,2,2,1, ,98, , ,2, , , , , , , , , , , , , , ,20,1,2,1,-9,98,2,4, ,4,2,1,1,2,3,2,1,2,NY,1,Masked,1.48, , , , 
707,707,FALL2015,1,1,3,2, ,2,3,3,3,1,3,WINTERS ARE WARMER THAN WHAT THEY USE TO BE,2,4,1, , ,-9,-9, ,-9,-9,-9, ,2, , , , ,3,1,1,4,98,98,98,2,98,3,98, , , , ,3,3,5,98,4, ,4,2,1, ,98, , ,1, , , , , , , , , , , , , , ,20,2,2,1,-9,1,1,2, ,3,1,1,2,4,5,2,6,-9,GA,2,Masked,1.9, , , , 
708,708,FALL2015,1,98,-9,-9, ,-9,-9,-9,-9,-9,-9, ,-9,-9,-9, , ,-9,-9, ,-9,-9,-9, ,2, , , , ,3,1,2,1,1,2,2,2,2,3,4, , , , ,2,3,5,1,2, ,2,98,1, ,4, , ,1, , , , , , , , , , , , , , ,20,1,2,1,-9,98,98,1, ,2,2,2,1,1,3,2,1,2,AL,2,Masked,1.98, , , , 
709,709,FALL2015,1,1,2,2, ,1,1,1,1,1,3,MILDER WINTERS,3,3,1, , ,-9,-9, ,-9,-9,-9, ,1, , , , ,3,1,1,1,2,2,2,5,2,1,4, , , , ,1,1,1,1,4, ,3,2,1, ,1, , ,1, , , , , , , , , , , , , , ,20,5,2,1,-9,1,1,3, ,3,1,6,1,2,2,1,2,-9,IL,3,Masked,0.62, , , , 
710,710,FALL2015,1,2,-9,-9, ,-9,-9,-9,-9,-9,-9, ,-9,-9,-9, , ,1,4,WEST SIDE OF CO,9,4,1, ,1, , , , ,3,2,3,2,3,3,3,5,1,2,1, , , , ,1,3,5,4,4, ,98,4,4, ,4, , ,98, , , , , , , , , , , , , , ,20,5,2,1,-9,4,4,4, ,2,1,1,2,2,1,1,2,-9,CO,4,Masked,0.75, , , , 
711,711,FALL2015,2,98,-9,-9, ,-9,-9,-9,-9,-9,-9, ,-9,-9,-9, , ,-9,-9, ,-9,-9,-9, ,4, , , , ,3,1,2,2,98,98,98,1,98,3,98, , , , ,4,3,5,4,3, ,3,98,1, ,4, , ,98, , , , , , , , , , , , , , ,20,2,1,-9,1,98,98,4, ,2,2,1,1,2,1,1,1,1,MS,2,Masked,0.98, , , , 
712,712,FALL2015,2,98,-9,-9, ,-9,-9,-9,-9,-9,-9, ,-9,-9,-9, , ,-9,-9, ,-9,-9,-9, ,2, , , , ,98,1,98,98,98,98,3,2,3,3,2, , , , ,98,3,5,3,2, ,2,98,2, ,98, , ,2, , , , , , , , , , , , , , ,20,5,1,-9,1,2,98,4, ,3,1,2,1,2,1,1,1,1,NY,1,Masked,0.75, , , , 
713,713,FALL2015,2,1,2,2, ,3,3,2,3,3,2,STATISTICS,4,4,4, , ,-9,-9, ,-9,-9,-9, ,2, , , , ,98,2,3,4,1,3,3,5,1,2,1, , , , ,1,3,5,4,4, ,2,2,2, ,4, , ,4, , , , , , , , , , , , , , ,20,5,1,-9,1,4,4,3, ,3,1,3,1,2,1,1,6,-9,PA,1,Masked,0.82, , , , 
714,714,FALL2015,2,2,-9,-9, ,-9,-9,-9,-9,-9,-9, ,-9,-9,-9, , ,2,4,WEATHER IS THE SAME WAY,1,3,2, ,2, , , , ,98,1,1,2,1,2,2,2,2,3,2, , , , ,4,3,5,2,1, ,1,2,1, ,98, , ,2, , , , , , , , , , , , , , ,20,2,1,-9,1,1,4,2, ,4,1,99,5,2,4,2,2,-9,CT,1,Masked,1.55, , , , 
715,715,FALL2015,2,98,-9,-9, ,-9,-9,-9,-9,-9,-9, ,-9,-9,-9, , ,-9,-9, ,-9,-9,-9, ,2, , , , ,3,2,1,2,1,3,3,2,3,3,2, , , , ,2,3,5,3,3, ,3,3,3, ,2, , ,2, , , , , , , , , , , , , , ,20,2,1,-9,1,4,3,4, ,2,2,2,1,2,2,1,1,1,ID,4,Masked,0.93, , , , 
716,716,FALL2015,2,1,1,1, ,4,2,1,4,1,98,NO SNOW,3,2,3, , ,-9,-9, ,-9,-9,-9, ,2, , , , ,98,1,1,1,1,3,98,4,98,3,2, , , , ,1,3,5,1,1, ,1,2,1, ,4, , ,1, , , , , , , , , , , , , , ,20,3,1,-9,1,1,4,3, ,4,1,4,5,4,3,1,1,2,SC,2,Masked,0.62, , , , 
717,717,FALL2015,2,1,98,1, ,2,2,2,2,3,4,READ,6,4,3, , ,-9,-9, ,-9,-9,-9, ,3, , , , ,3,98,1,2,98,2,2,2,2,3,2, , , , ,2,3,5,2,2, ,2,2,1, ,3, , ,2, , , , , , , , , , , , , , ,20,2,1,-9,2,98,98,4, ,3,1,2,1,2,3,1,1,2,IN,3,Masked,0.75, , , , 
718,718,FALL2015,2,2,-9,-9, ,-9,-9,-9,-9,-9,-9, ,-9,-9,-9, , ,1,1,USED TO GET AWFUL HOT BUT NOT SO MUCH,1,2,2, ,3, , , , ,98,2,98,98,1,2,2,3,2,3,4, , , , ,3,3,5,4,2, ,2,3,2, ,98, , ,2, , , , , , , , , , , , , , ,20,5,1,-9,1,3,98,4, ,2,1,3,1,1,1,1,1,2,OK,2,Masked,0.65, , , , 
719,719,FALL2015,2,98,-9,-9, ,-9,-9,-9,-9,-9,-9, ,-9,-9,-9, , ,-9,-9, ,-9,-9,-9, ,1, , , , ,98,1,98,98,98,98,98,4,3,3,2, , , , ,98,98,98,98,4, ,4,98,2, ,98, , ,2, , , , , , , , , , , , , , ,20,5,1,-9,98,2,98,3, ,3,1,99,1,4,3,1,6,-9,MI,3, ,0.72, , , , 
720,720,FALL2015,2,1,3,2, ,2,2,1,1,1,2,TEMPERATURES ARE RISING,2,4,1, , ,-9,-9, ,-9,-9,-9, ,2, , , , ,3,1,1,1,98,98,98,1,3,3,2, , , , ,1,3,5,1,4, ,3,2,1, ,2, , ,1, , , , , , , , , , , , , , ,20,1,1,-9,2,1,1,2, ,5,1,99,5,3,3,2,6,-9,MO,3,Masked,1.52, , , , 
721,721,FALL2015,2,1,1,1, ,1,1,2,2,2,2,SCIENCE,4,2,2, , ,-9,-9, ,-9,-9,-9, ,1, , , , ,3,1,2,2,1,2,2,5,2,3,3, , , , ,1,3,5,1,4, ,4,1,1, ,4, , ,2, , , , , , , , , , , , , , ,20,2,1,-9,3,1,4,4, ,3,1,5,1,4,3,1,6,-9,AZ,4,Masked,0.53, , , , 
722,722,FALL2015,2,1,1,1, ,1,1,1,1,1,1,NEWS REPORTS,6,1,4, , ,-9,-9, ,-9,-9,-9, ,2, , , , ,2,98,1,1,2,2,2,2,2,3,4, , , , ,3,3,5,1,4, ,2,1,1, ,4, , ,1, , , , , , , , , , , , , , ,20,2,1,-9,3,1,2,4, ,5,2,5,1,4,1,1,1,2,CT,1,Masked,0.58, , , , 
723,723,FALL2015,2,1,3,2, ,1,2,2,1,3,1,NEWS,6,1,1, , ,-9,-9, ,-9,-9,-9, ,3, , , , ,3,1,1,2,1,1,1,2,3,98,1, , , , ,1,3,98,98,4, ,3,2,1, ,2, , ,1, , , , , , , , , , , , , , ,20,1,1,-9,3,98,98,1, ,4,2,2,2,98,4,3,1,1,NJ,1,Masked,2.63, , , , 
724,724,FALL2015,2,1,2,2, ,1,1,2,2,3,4,TEMPERATURES IN MY OWN AREA,2,98,1, , ,-9,-9, ,-9,-9,-9, ,2, , , , ,98,1,1,3,3,2,98,1,3,3,3, , , , ,2,3,5,2,4, ,4,2,3, ,98, , ,1, , , , , , , , , , , , , , ,20,1,1,-9,2,2,2,4, ,2,2,99,2,98,1,1,2,-9,MN,3,Masked,0.78, , , , 
725,725,FALL2015,2,1,2,3, ,4,4,4,4,4,4,FROM HES READ AND THE DATA,6,4,4, , ,-9,-9, ,-9,-9,-9, ,1, , , , ,1,1,3,4,1,1,3,5,1,3,1, , , , ,2,3,3,4,4, ,4,99,2, ,4, , ,2, , , , , , , , , , , , , , ,20,3,1,-9,1,4,1,3, ,5,1,6,5,2,2,1,1,2,MD,2,Masked,0.44, , , , 
726,726,FALL2015,2,2,-9,-9, ,-9,-9,-9,-9,-9,-9, ,-9,-9,-9, , ,1,4,PATTERNS,2,4,4, ,1, , , , ,1,98,1,4,1,3,3,5,1,3,1, , , , ,1,3,5,4,3, ,3,4,1, ,1, , ,98, , , , , , , , , , , , , , ,20,4,1,-9,1,4,98,4, ,3,1,2,4,4,1,1,2,-9,IN,3,Masked,0.75, , , , 
727,727,FALL2015,2,2,-9,-9, ,-9,-9,-9,-9,-9,-9, ,-9,-9,-9, , ,3,98,ATMOSPHERE,9,2,3, ,2, , , , ,98,1,1,2,1,98,3,2,2,98,98, , , , ,2,1,2,2,98, ,4,3,2, ,2, , ,98, , , , , , , , , , , , , , ,20,2,1,-9,1,2,98,4, ,2,2,2,1,1,3,1,6,-9,PA,1,Masked,0.93, , , , 
728,728,FALL2015,2,1,1,1, ,1,1,1,1,1,2,WARMER WINTERS,2,1,1, , ,-9,-9, ,-9,-9,-9, ,2, , , , ,1,1,1,1,1,2,2,3,2,3,4, , , , ,1,3,5,1,4, ,2,1,1, ,98, , ,1, , , , , , , , , , , , , , ,20,1,1,-9,2,1,2,2, ,4,2,5,4,4,3,1,6,-9,MN,3,Masked,1.11, , , , 
729,729,FALL2015,2,99,-9,-9, ,-9,-9,-9,-9,-9,-9, ,-9,-9,-9, , ,-9,-9, ,-9,-9,-9, ,3, , , , ,3,99,98,4,99,2,98,1,98,98,98, , , , ,1,3,5,98,98, ,1,2,1, ,4, , ,1, , , , , , , , , , , , , , ,20,3,1,-9,1,1,98,4, ,3,1,4,1,1,2,2,1,2,IL,3,Masked,1.25, , , , 
730,730,FALL2015,2,1,3,2, ,2,2,4,3,4,98,HOTTER,2,4,2, , ,-9,-9, ,-9,-9,-9, ,4, , , , ,3,1,3,4,98,98,98,1,98,98,98, , , , ,1,3,5,1,3, ,1,2,2, ,4, , ,1, , , , , , , , , , , , , , ,20,5,1,-9,1,4,4,2, ,1,2,1,5,1,98,1,6,-9,ID,4,Masked,1.53, , , , 
731,731,FALL2015,2,1,1,2, ,98,1,1,4,4,1,GLACIERS MELTING,1,1,4, , ,-9,-9, ,-9,-9,-9, ,1, , , , ,98,1,98,98,98,98,98,2,98,98,98, , , , ,98,3,5,2,4, ,4,2,1, ,4, , ,2, , , , , , , , , , , , , , ,20,2,1,-9,98,1,98,3, ,5,2,99,1,99,98,1,1,1,FL,2, ,0.77, , , , 
732,732,FALL2015,2,1,3,3, ,4,2,1,1,2,2,WEATHER PATTERN CHANGES,3,3,4, , ,-9,-9, ,-9,-9,-9, ,2, , , , ,3,1,1,2,1,2,3,2,1,3,2, , , , ,1,3,3,3,4, ,4,2,1, ,2, , ,1, , , , , , , , , , , , , , ,20,2,1,-9,1,1,1,4, ,2,2,99,1,2,3,1,2,-9,GA,2,Masked,0.78, , , , 
733,733,FALL2015,2,1,2,1, ,1,2,2,2,1,4,TOO MANY CHEMICALS,8,4,2, , ,-9,-9, ,-9,-9,-9, ,2, , , , ,3,2,3,4,1,1,1,1,3,3,3, , , , ,2,3,5,3,3, ,3,2,2, ,4, , ,2, , , , , , , , , , , , , , ,20,2,1,-9,1,3,3,3, ,3,2,3,1,1,2,3,2,-9,CA,4,Masked,2.4, , , , 
734,734,FALL2015,2,2,-9,-9, ,-9,-9,-9,-9,-9,-9, ,-9,-9,-9, , ,1,4,VERY COLD WINTERS,1,4,1, ,2, , , , ,3,1,1,1,2,2,2,2,2,3,4, , , , ,2,3,5,2,3, ,3,4,1, ,3, , ,2, , , , , , , , , , , , , , ,20,1,1,-9,1,2,98,4, ,3,1,3,1,1,4,2,1,2,NJ,1,Masked,1.3, , , , 
735,735,FALL2015,2,1,3,3, ,1,1,1,1,1,2,WARMER WINTERS,2,1,1, , ,-9,-9, ,-9,-9,-9, ,2, , , , ,1,98,1,1,1,2,2,1,2,3,98, , , , ,1,3,2,1,4, ,2,1,1, ,98, , ,1, , , , , , , , , , , , , , ,20,1,1,-9,3,1,2,3, ,3,2,3,1,99,99,1,6,-9,TN,2,Masked,1.05, , , , 
736,736,FALL2015,2,2,-9,-9, ,-9,-9,-9,-9,-9,-9, ,-9,-9,-9, , ,2,1,COLD WINTERS,1,2,2, ,1, , , , ,1,2,3,4,98,3,3,3,98,98,4, , , , ,2,3,3,4,1, ,1,3,3, ,3, , ,2, , , , , , , , , , , , , , ,20,5,1,-9,1,3,98,4, ,4,2,99,3,2,3,1,1,1,MO,3,Masked,0.68, , , , 
737,737,FALL2015,2,98,-9,-9, ,-9,-9,-9,-9,-9,-9, ,-9,-9,-9, , ,-9,-9, ,-9,-9,-9, ,3, , , , ,3,1,1,1,98,98,98,2,98,98,98, , , , ,2,3,2,2,2, ,2,2,2, ,2, , ,1, , , , , , , , , , , , , , ,20,3,1,-9,1,2,2,4, ,5,2,99,1,99,3,1,1,2,GA,2,Masked,0.65, , , , 
738,738,FALL2015,2,2,-9,-9, ,-9,-9,-9,-9,-9,-9, ,-9,-9,-9, , ,1,2,CYCLICAL,2,3,2, ,2, , , , ,3,1,3,4,98,98,98,2,98,98,1, , , , ,2,3,2,2,98, ,2,2,1, ,4, , ,3, , , , , , , , , , , , , , ,20,5,1,-9,1,2,4,3, ,4,2,4,3,2,2,4,2,-9,FL,2,Masked,1, , , , 
739,739,FALL2015,2,1,3,1, ,2,3,1,3,4,2,NEWS,6,1,2, , ,-9,-9, ,-9,-9,-9, ,2, , , , ,2,1,1,1,2,2,2,3,2,1,4, , , , ,3,1,1,1,3, ,2,2,1, ,1, , ,1, , , , , , , , , , , , , , ,20,1,1,-9,6,1,1,2, ,5,2,3,4,4,3,1,6,-9,NC,2,Masked,1.25, , , , 
740,740,FALL2015,2,98,-9,-9, ,-9,-9,-9,-9,-9,-9, ,-9,-9,-9, , ,-9,-9, ,-9,-9,-9, ,2, , , , ,2,2,1,2,1,2,2,2,2,3,98, , , , ,98,3,5,98,4, ,2,2,1, ,1, , ,2, , , , , , , , , , , , , , ,20,3,1,-9,3,1,2,4, ,3,2,5,5,2,1,1,1,2,OH,3,Masked,0.76, , , , 
741,741,FALL2015,2,1,3,1, ,1,1,1,2,1,1,WEATHER HOTTER FOR A LONGER PERIOD OF TIME,2,1,1, , ,-9,-9, ,-9,-9,-9, ,2, , , , ,3,1,2,1,98,98,98,98,98,3,98, , , , ,1,3,4,4,4, ,4,1,1, ,2, , ,1, , , , , , , , , , , , , , ,20,1,1,-9,3,1,1,3, ,4,2,4,5,1,3,2,2,-9,MD,2,Masked,1.45, , , , 
742,742,FALL2015,2,1,1,2, ,1,1,1,1,3,98,LISTENED TO NEWS,6,1,1, , ,-9,-9, ,-9,-9,-9, ,1, , , , ,98,1,1,1,2,98,98,2,98,3,2, , , , ,98,2,1,1,4, ,1,1,1, ,98, , ,4, , , , , , , , , , , , , , ,20,1,1,-9,2,1,4,4, ,4,2,3,1,4,3,1,1,1,WI,3,Masked,0.78, , , , 
743,743,FALL2015,2,1,3,1, ,2,2,1,2,2,2,TEMP RECORDS,2,1,3, , ,-9,-9, ,-9,-9,-9, ,1, , , , ,98,1,1,1,2,2,2,3,2,3,4, , , , ,2,3,1,1,4, ,1,1,1, ,2, , ,1, , , , , , , , , , , , , , ,20,1,1,-9,3,1,1,3, ,5,2,6,2,1,4,1,1,1,CA,4,Masked,0.67, , , , 
744,744,FALL2015,2,1,2,2, ,2,1,2,2,3,2,INCREASING TEMPS,2,2,2, , ,-9,-9, ,-9,-9,-9, ,3, , , , ,98,1,98,1,1,2,2,3,2,3,4, , , , ,3,3,2,2,2, ,1,2,1, ,98, , ,1, , , , , , , , , , , , , , ,3,2,1,-9,1,1,2,4, ,3,2,99,1,1,2,2,1,1,NC,2,Masked,1.43, , , , 
745,745,FALL2015,2,1,2,1, ,1,1,1,1,1,2,NATURAL PATTERNS,9,1,3, , ,-9,-9, ,-9,-9,-9, ,2, , , , ,1,2,1,1,1,2,2,2,2,3,3, , , , ,3,3,5,1,4, ,2,2,1, ,98, , ,2, , , , , , , , , , , , , , ,3,1,1,-9,4,1,2,4, ,3,2,4,1,4,3,1,2,-9,WA,4,Masked,0.88, , , , 
746,746,FALL2015,2,1,3,3, ,98,1,98,98,2,1,HOTTER DAYS / SUMMER TOO HOT,2,98,1, , ,-9,-9, ,-9,-9,-9, ,3, , , , ,3,2,98,2,98,98,98,1,98,3,98, , , , ,1,3,5,98,98, ,98,4,1, ,4, , ,1, , , , , , , , , , , , , , ,3,5,1,-9,1,4,4,3, ,2,2,4,6,3,5,1,1,2,IN,3,Masked,0.95, , , , 
747,747,FALL2015,2,1,3,1, ,1,1,1,1,1,2,WARMER SEASONS,2,1,2, , ,-9,-9, ,-9,-9,-9, ,2, , , , ,1,1,1,1,1,2,2,2,2,3,4, , , , ,1,3,1,1,4, ,2,2,1, ,98, , ,1, , , , , , , , , , , , , , ,3,1,1,-9,3,1,2,4, ,4,1,3,1,1,1,1,2,-9,NJ,1,Masked,0.55, , , , 
748,748,FALL2015,2,1,1,1, ,1,4,2,2,2,1,WARMER WEATHER,2,3,1, , ,-9,-9, ,-9,-9,-9, ,2, , , , ,3,98,2,1,1,2,2,3,1,1,4, , , , ,4,3,3,2,4, ,1,1,1, ,98, , ,2, , , , , , , , , , , , , , ,3,2,1,-9,1,1,2,1, ,3,1,2,5,1,4,3,2,-9,TX,2,Masked,2.55, , , , 
749,749,FALL2015,2,1,1,1, ,1,1,1,1,3,4,FROM WHAT HES READ AND SEEN,6,4,4, , ,-9,-9, ,-9,-9,-9, ,2, , , , ,3,1,2,1,98,98,98,3,3,3,1, , , , ,2,98,98,98,4, ,2,1,1, ,1, , ,2, , , , , , , , , , , , , , ,3,1,1,-9,98,2,1,3, ,5,1,6,1,2,3,1,2,-9,NY,1,Masked,0.44, , , , 
750,750,FALL2015,2,1,2,1, ,1,2,1,2,3,4,ICE CAPS,1,1,3, , ,-9,-9, ,-9,-9,-9, ,1, , , , ,1,2,1,4,1,2,3,3,2,3,98, , , , ,3,3,5,2,4, ,4,2,4, ,98, , ,2, , , , , , , , , , , , , , ,3,3,1,-9,1,4,4,5, ,4,2,99,5,98,98,1,6,-9,KY,2,Masked,0.88, , , , 
751,751,FALL2015,2,1,3,1, ,1,1,1,1,2,2,VERY HOT SUMMERS,2,4,1, , ,-9,-9, ,-9,-9,-9, ,2, , , , ,3,1,1,2,2,2,2,2,2,1,4, , , , ,98,3,5,4,4, ,4,1,1, ,1, , ,1, , , , , , , , , , , , , , ,3,1,1,-9,3,1,2,4, ,5,2,4,2,1,3,1,2,-9,MA,1,Masked,0.7, , , , 
752,752,FALL2015,2,1,98,98, ,2,4,98,2,3,1,NEWS,6,98,1, , ,-9,-9, ,-9,-9,-9, ,2, , , , ,3,1,98,3,1,1,1,2,1,1,3, , , , ,3,98,98,98,2, ,2,2,2, ,3, , ,3, , , , , , , , , , , , , , ,3,4,1,-9,1,1,2,3, ,2,1,3,1,98,98,1,6,-9,IL,3,Masked,0.77, , , , 
753,753,FALL2015,2,98,-9,-9, ,-9,-9,-9,-9,-9,-9, ,-9,-9,-9, , ,-9,-9, ,-9,-9,-9, ,2, , , , ,3,98,2,2,2,2,2,2,2,3,2, , , , ,2,3,5,1,1, ,2,98,2, ,2, , ,1, , , , , , , , , , , , , , ,3,5,1,-9,1,2,98,3, ,4,2,1,5,4,3,4,6,-9,NY,1,Masked,1.15, , , , 
754,754,FALL2015,2,1,1,1, ,1,1,1,1,3,2,BURNING OF FOSSIL FUELS,8,1,2, , ,-9,-9, ,-9,-9,-9, ,2, , , , ,1,1,1,1,1,2,2,2,2,3,4, , , , ,2,3,2,1,4, ,2,1,1, ,2, , ,1, , , , , , , , , , , , , , ,3,2,1,-9,2,1,2,3, ,4,2,5,4,1,5,1,6,-9,VT,1,Masked,0.73, , , , 
755,755,FALL2015,2,98,-9,-9, ,-9,-9,-9,-9,-9,-9, ,-9,-9,-9, , ,-9,-9, ,-9,-9,-9, ,2, , , , ,1,1,1,1,98,98,98,1,98,3,2, , , , ,98,3,5,2,3, ,3,1,1, ,1, , ,1, , , , , , , , , , , , , , ,3,5,1,-9,2,1,2,2, ,5,2,99,6,4,98,1,6,-9,NJ,1,Masked,1.15, , , , 
756,756,FALL2015,2,1,3,3, ,98,4,2,4,4,98,NEWS,6,2,4, , ,-9,-9, ,-9,-9,-9, ,2, , , , ,98,2,1,1,1,3,98,4,3,3,2, , , , ,2,3,5,2,4, ,3,3,2, ,98, , ,1, , , , , , , , , , , , , , ,3,3,1,-9,3,2,1,4, ,5,2,2,1,4,3,1,1,1,PA,1,Masked,0.8, , , , 
757,757,FALL2015,2,98,-9,-9, ,-9,-9,-9,-9,-9,-9, ,-9,-9,-9, , ,-9,-9, ,-9,-9,-9, ,2, , , , ,3,1,98,2,98,2,2,2,98,98,4, , , , ,98,3,5,2,4, ,4,2,1, ,98, , ,2, , , , , , , , , , , , , , ,3,1,1,-9,98,1,2,4, ,1,2,1,1,1,3,1,2,-9,NJ,1,Masked,1.03, , , , 
758,758,FALL2015,2,2,-9,-9, ,-9,-9,-9,-9,-9,-9, ,-9,-9,-9, , ,1,3,COOLER SUMMER,1,2,1, ,2, , , , ,1,1,1,1,1,2,2,1,2,3,3, , , , ,1,3,5,1,4, ,2,1,1, ,98, , ,1, , , , , , , , , , , , , , ,3,5,1,-9,2,1,2,3, ,4,2,5,5,1,3,1,2,-9,MI,3,Masked,0.73, , , , 
759,759,FALL2015,2,1,1,1, ,1,1,1,1,1,2,WARMER SEASONS,2,1,1, , ,-9,-9, ,-9,-9,-9, ,2, , , , ,98,2,1,2,98,98,98,1,3,3,98, , , , ,3,3,5,1,4, ,1,2,1, ,98, , ,1, , , , , , , , , , , , , , ,3,1,1,-9,3,3,2,2, ,4,2,4,1,1,1,2,1,2,SC,2,Masked,1.83, , , , 
760,760,FALL2015,2,2,-9,-9, ,-9,-9,-9,-9,-9,-9, ,-9,-9,-9, , ,2,1,TEMPS ARE CHANGING,1,3,3, ,3, , , , ,3,2,1,3,1,3,3,2,1,2,1, , , , ,4,3,3,2,4, ,3,2,2, ,4, , ,2, , , , , , , , , , , , , , ,3,2,1,-9,2,1,2,3, ,2,1,4,5,2,3,1,2,-9,PA,1,Masked,0.72, , , , 
761,761,FALL2015,2,1,2,1, ,1,1,1,2,4,2,CYCLES,9,4,1, , ,-9,-9, ,-9,-9,-9, ,2, , , , ,98,2,98,98,1,1,1,4,1,1,2, , , , ,98,3,5,4,4, ,4,2,98, ,98, , ,98, , , , , , , , , , , , , , ,3,1,1,-9,98,98,98,4, ,3,2,99,1,2,1,1,6,-9,TN,2, ,0.83, , , , 
762,762,FALL2015,2,1,3,2, ,3,3,1,3,4,1,AVERAGE TEMP HAVE BEEN GOING UP,2,3,1, , ,-9,-9, ,-9,-9,-9, ,2, , , , ,1,1,1,1,3,2,98,2,2,3,3, , , , ,2,3,5,1,4, ,2,2,1, ,4, , ,1, , , , , , , , , , , , , , ,3,2,1,-9,98,1,1,3, ,4,2,5,1,1,3,1,2,-9,NY,1,Masked,0.73, , , , 
763,763,FALL2015,2,1,3,1, ,1,1,1,1,1,98,MELTING ICE,1,1,1, , ,-9,-9, ,-9,-9,-9, ,2, , , , ,98,1,1,1,98,98,98,5,98,3,98, , , , ,4,3,5,1,4, ,4,2,1, ,4, , ,1, , , , , , , , , , , , , , ,3,2,1,-9,1,1,1,4, ,2,2,2,4,1,3,1,2,-9,PA,1,Masked,0.93, , , , 
764,764,FALL2015,2,1,1,1, ,1,1,1,2,2,2,SCIENTIFIC DATA,4,1,2, , ,-9,-9, ,-9,-9,-9, ,1, , , , ,3,1,2,1,2,2,2,5,2,1,4, , , , ,4,3,5,1,4, ,1,1,1, ,1, , ,2, , , , , , , , , , , , , , ,3,1,1,-9,6,1,1,4, ,5,1,6,5,1,4,2,6,-9,DC,2,Masked,0.92, , , , 
765,765,FALL2015,2,2,-9,-9, ,-9,-9,-9,-9,-9,-9, ,-9,-9,-9, , ,1,2,PERSONAL EXPERIENCE,1,2,1, ,2, , , , ,1,2,1,1,3,2,2,4,2,3,1, , , , ,1,3,5,4,4, ,98,98,1, ,2, , ,1, , , , , , , , , , , , , , ,3,1,1,-9,3,1,2,4, ,4,2,3,1,2,1,2,1,1,LA,2,Masked,1.38, , , , 
766,766,FALL2015,2,1,1,1, ,1,1,1,3,4,4,THE USE OF FOSSIL FUELS AND COAL,8,1,1, , ,-9,-9, ,-9,-9,-9, ,2, , , , ,3,1,2,1,1,1,1,5,3,3,4, , , , ,98,1,5,2,4, ,2,2,1, ,4, , ,1, , , , , , , , , , , , , , ,3,1,1,-9,1,1,1,4, ,2,1,2,2,4,3,1,2,-9,CA,4,Masked,0.7, , , , 
767,767,FALL2015,2,1,2,2, ,98,98,4,4,4,4,NONE,10,98,4, , ,-9,-9, ,-9,-9,-9, ,2, , , , ,1,1,2,2,98,98,98,1,99,98,98, , , , ,1,98,5,4,4, ,4,1,2, ,4, , ,1, , , , , , , , , , , , , , ,3,3,1,-9,1,4,4,4, ,2,1,1,1,1,3,2,1,2,WI,3,Masked,1.35, , , , 
768,768,FALL2015,2,1,3,1, ,2,2,2,4,3,4,TEMPS ARE HIGHER GLACIERS ARE MELTING QUICKER,2,4,3, , ,-9,-9, ,-9,-9,-9, ,1, , , , ,98,1,1,1,1,2,3,2,2,3,2, , , , ,2,3,2,2,2, ,3,2,1, ,4, , ,2, , , , , , , , , , , , , , ,3,5,1,-9,99,1,2,4, ,4,2,3,1,2,2,1,2,-9,NY,1,Masked,0.78, , , , 
769,769,FALL2015,2,1,1,1, ,1,1,1,1,2,1,SCIENTISTS AND DATA,4,1,4, , ,-9,-9, ,-9,-9,-9, ,1, , , , ,1,1,1,1,1,2,2,3,2,3,4, , , , ,3,3,1,1,4, ,2,1,1, ,98, , ,1, , , , , , , , , , , , , , ,3,5,1,-9,2,1,2,2, ,4,1,6,5,4,5,1,6,-9,TX,2,Masked,0.85, , , , 
770,770,FALL2015,2,1,98,1, ,4,4,1,98,4,4,FROM WHAT HES READ,6,98,3, , ,-9,-9, ,-9,-9,-9, ,2, , , , ,3,98,2,4,1,98,98,3,1,3,1, , , , ,1,3,5,1,4, ,98,2,1, ,4, , ,1, , , , , , , , , , , , , , ,3,3,1,-9,98,2,1,3, ,4,1,6,1,2,3,1,2,-9,KS,3,Masked,0.47, , , , 
771,771,FALL2015,2,1,2,1, ,2,2,1,2,4,3,ICE BERGS MELTING,1,1,4, , ,-9,-9, ,-9,-9,-9, ,1, , , , ,3,2,1,2,3,2,2,4,2,1,4, , , , ,3,3,5,1,3, ,2,2,3, ,4, , ,2, , , , , , , , , , , , , , ,3,5,1,-9,1,4,98,3, ,3,2,5,5,1,3,1,2,-9,WY,4,Masked,0.88, , , , 
772,772,FALL2015,2,98,-9,-9, ,-9,-9,-9,-9,-9,-9, ,-9,-9,-9, , ,-9,-9, ,-9,-9,-9, ,2, , , , ,3,1,2,1,2,2,2,2,2,3,4, , , , ,2,3,5,1,98, ,98,4,2, ,3, , ,1, , , , , , , , , , , , , , ,3,2,1,-9,1,2,2,4, ,2,1,1,2,1,3,4,4,-9,IL,3,Masked,0.9, , , , 
773,773,FALL2015,2,1,1,1, ,1,2,1,2,2,4,HOTTER,2,2,1, , ,-9,-9, ,-9,-9,-9, ,2, , , , ,3,2,1,3,2,1,98,4,1,3,1, , , , ,4,98,5,98,3, ,2,2,3, ,98, , ,2, , , , , , , , , , , , , , ,3,5,2,1,-9,4,4,4, ,5,2,4,1,2,2,1,1,1,NM,4,Masked,0.7, , , , 
774,774,FALL2015,2,98,-9,-9, ,-9,-9,-9,-9,-9,-9, ,-9,-9,-9, , ,-9,-9, ,-9,-9,-9, ,2, , , , ,3,1,1,1,1,2,1,3,1,2,1, , , , ,3,1,2,1,4, ,1,1,1, ,4, , ,2, , , , , , , , , , , , , , ,3,5,1,-9,3,1,3,3, ,4,2,5,5,2,5,5,2,-9,IA,3,Masked,0.88, , , , 
775,775,FALL2015,2,1,3,1, ,2,2,4,4,3,4,BY LIVING,2,2,1, , ,-9,-9, ,-9,-9,-9, ,1, , , , ,3,1,2,4,1,1,1,3,1,98,1, , , , ,2,3,5,3,2, ,2,2,1, ,1, , ,2, , , , , , , , , , , , , , ,3,1,1,-9,1,1,3,4, ,2,2,1,1,1,3,2,1,2,MS,2,Masked,1.58, , , , 
776,776,FALL2015,2,1,1,1, ,1,1,1,1,1,1,AIR POLLUTION BY GOVERNMENT,8,1,1, , ,-9,-9, ,-9,-9,-9, ,2, , , , ,1,1,1,1,1,2,2,4,1,3,4, , , , ,1,3,2,1,1, ,2,2,1, ,1, , ,1, , , , , , , , , , , , , , ,3,1,2,2,-9,1,2,3, ,3,1,4,1,1,1,1,1,2,CA,4,Masked,0.77, , , , 
777,777,FALL2015,2,1,1,1, ,1,1,1,2,3,2,POLLUTION AND POPULATION,8,2,3, , ,-9,-9, ,-9,-9,-9, ,2, , , , ,3,1,3,2,98,2,98,3,2,3,4, , , , ,3,3,5,2,3, ,2,2,1, ,4, , ,2, , , , , , , , , , , , , , ,3,5,2,1,-9,1,2,3, ,3,1,99,2,4,4,1,1,2,CA,4,Masked,0.72, , , , 
778,778,FALL2015,2,98,-9,-9, ,-9,-9,-9,-9,-9,-9, ,-9,-9,-9, , ,-9,-9, ,-9,-9,-9, ,2, , , , ,3,1,1,2,98,98,98,1,98,3,98, , , , ,2,3,2,2,3, ,3,98,1, ,3, , ,2, , , , , , , , , , , , , , ,3,1,2,1,-9,2,2,4, ,4,2,2,1,1,4,5,2,-9,HI,4,Masked,0.98, , , , 
779,779,FALL2015,2,1,3,2, ,3,3,98,4,4,2,SCIENCE,4,1,4, , ,-9,-9, ,-9,-9,-9, ,1, , , , ,3,1,1,1,98,2,2,5,2,3,4, , , , ,3,3,5,1,4, ,3,1,2, ,2, , ,2, , , , , , , , , , , , , , ,3,98,2,6,-9,3,1,4, ,4,1,99,6,1,5,1,7,-9,CA,4,Masked,0.45, , , , 
780,780,FALL2015,1,2,-9,-9, ,-9,-9,-9,-9,-9,-9, ,-9,-9,-9, , ,2,1,HUNDREDS OF YEARS OF CYCLES,2,2,2, ,2, , , , ,3,1,1,2,98,2,2,2,2,1,4, , , , ,1,3,5,1,2, ,2,3,1, ,2, , ,1, , , , , , , , , , , , , , ,3,2,1,-9,1,3,98,3, ,4,1,4,2,2,1,1,1,2,VA,2,Masked,0.62, , , , 
781,781,FALL2015,1,1,1,1, ,1,1,1,1,1,2,MORE AUTOS,8,1,1, , ,-9,-9, ,-9,-9,-9, ,2, , , , ,1,2,1,1,1,3,3,3,3,3,2, , , , ,1,3,5,2,4, ,2,2,1, ,3, , ,1, , , , , , , , , , , , , , ,3,3,1,-9,3,1,2,2, ,4,1,5,1,1,1,1,2,-9,WV,2,Masked,0.88, , , , 
782,782,FALL2015,1,1,3,2, ,3,1,2,4,2,4,CHEMICALS,8,4,2, , ,-9,-9, ,-9,-9,-9, ,3, , , , ,3,99,1,2,3,3,98,2,3,98,2, , , , ,2,3,5,98,4, ,4,1,1, ,1, , ,2, , , , , , , , , , , , , , ,3,2,1,-9,98,1,98,1, ,2,1,4,1,4,98,1,2,-9,NY,1,Masked,1.05, , , , 
783,783,FALL2015,1,1,1,1, ,1,2,1,98,3,2,DRIER SUMMERS HOTTER WEATHER,3,2,3, , ,-9,-9, ,-9,-9,-9, ,1, , , , ,3,98,1,1,98,98,98,2,98,98,98, , , , ,1,1,2,1,4, ,2,2,1, ,98, , ,98, , , , , , , , , , , , , , ,3,5,1,-9,3,1,1,1, ,2,1,2,5,1,2,1,6,-9,MN,3,Masked,1.15, , , , 
784,784,FALL2015,1,1,1,1, ,1,1,1,2,2,2,SCIENTIFICANT DATA,4,2,2, , ,-9,-9, ,-9,-9,-9, ,1, , , , ,3,1,2,1,2,2,2,5,2,1,4, , , , ,2,3,4,4,4, ,1,1,1, ,1, , ,1, , , , , , , , , , , , , , ,3,3,1,-9,3,1,1,4, ,5,1,5,5,1,4,1,1,2,IL,3,Masked,0.35, , , , 
785,785,FALL2015,1,1,1,3, ,1,1,1,1,3,4,DAYS ARE HOTTER,2,1,1, , ,-9,-9, ,-9,-9,-9, ,2, , , , ,3,1,1,2,1,1,1,1,2,98,98, , , , ,3,98,98,98,4, ,1,1,4, ,98, , ,1, , , , , , , , , , , , , , ,3,1,1,-9,2,2,2,1, ,4,2,4,1,1,4,2,6,-9,NY,1,Masked,1.78, , , , 
786,786,FALL2015,1,2,-9,-9, ,-9,-9,-9,-9,-9,-9, ,-9,-9,-9, , ,2,4,ICE CAPS ARE MELTING,9,4,2, ,2, , , , ,3,1,1,1,98,2,2,2,3,3,2, , , , ,2,3,5,2,3, ,2,1,1, ,2, , ,2, , , , , , , , , , , , , , ,3,2,1,-9,4,1,3,1, ,3,1,5,5,4,2,1,6,-9,GA,2,Masked,0.98, , , , 
787,787,FALL2015,1,1,1,2, ,4,1,2,3,1,2,TECHNOLOGY IS CAUSING NEW PROBLEMS,8,98,3, , ,-9,-9, ,-9,-9,-9, ,2, , , , ,3,1,2,1,2,2,2,2,2,3,4, , , , ,4,3,5,4,4, ,4,2,1, ,1, , ,1, , , , , , , , , , , , , , ,3,2,1,-9,6,1,1,1, ,4,1,6,5,4,5,4,6,-9,IL,3,Masked,0.95, , , , 
788,788,FALL2015,1,1,1,1, ,1,1,1,2,1,4,IT FEELS WARMER EACH YEAR,2,2,1, , ,-9,-9, ,-9,-9,-9, ,2, , , , ,98,1,98,2,98,98,98,2,98,98,98, , , , ,98,98,98,98,4, ,98,3,1, ,98, , ,1, , , , , , , , , , , , , , ,3,3,1,-9,1,1,98,3, ,5,2,6,5,4,3,4,99,-9,NJ,1,Masked,0.82, , , , 
789,789,FALL2015,1,1,1,1, ,1,1,1,1,1,2,MORE AIR POLLUTION,8,1,1, , ,-9,-9, ,-9,-9,-9, ,2, , , , ,1,2,1,1,2,2,2,2,2,3,1, , , , ,1,3,5,2,4, ,2,1,1, ,98, , ,1, , , , , , , , , , , , , , ,3,1,1,-9,2,1,2,1, ,3,2,5,5,4,3,1,6,-9,WA,4,Masked,1.21, , , , 
790,790,FALL2015,1,1,2,2, ,3,2,2,2,2,2,ATMOSPHERE,10,2,2, , ,-9,-9, ,-9,-9,-9, ,2, , , , ,3,1,1,1,2,1,2,2,2,2,3, , , , ,2,1,5,2,4, ,1,1,1, ,2, , ,1, , , , , , , , , , , , , , ,3,3,1,-9,2,1,2,3, ,2,2,3,5,4,4,1,6,-9,AL,2,Masked,1, , , , 
791,791,FALL2015,1,1,1,1, ,1,1,2,3,4,2,FOREST FIRES AND DROUGHT,3,2,2, , ,-9,-9, ,-9,-9,-9, ,2, , , , ,3,1,1,1,1,1,1,2,98,3,98, , , , ,2,3,5,98,4, ,2,2,1, ,98, , ,2, , , , , , , , , , , , , , ,3,5,1,-9,3,1,98,1, ,2,1,99,5,2,98,1,7,-9,ND,3,Masked,1, , , , 
792,792,FALL2015,1,98,-9,-9, ,-9,-9,-9,-9,-9,-9, ,-9,-9,-9, , ,-9,-9, ,-9,-9,-9, ,3, , , , ,3,98,1,2,98,2,2,2,2,3,3, , , , ,98,3,5,98,4, ,4,98,1, ,2, , ,98, , , , , , , , , , , , , , ,3,5,1,-9,1,1,98,3, ,2,2,2,4,4,5,1,1,1,MI,3,Masked,1.05, , , , 
793,793,FALL2015,1,98,-9,-9, ,-9,-9,-9,-9,-9,-9, ,-9,-9,-9, , ,-9,-9, ,-9,-9,-9, ,2, , , , ,3,1,1,1,2,2,2,1,2,1,1, , , , ,2,3,5,1,4, ,4,2,1, ,1, , ,2, , , , , , , , , , , , , , ,3,5,1,-9,2,2,2,2, ,2,1,98,1,1,3,3,1,1,CA,4,Masked,2.4, , , , 
794,794,FALL2015,1,1,3,1, ,1,1,1,1,1,2,POLLUTION IN AIR  COMING FROM CHINA,8,1,1, , ,-9,-9, ,-9,-9,-9, ,1, , , , ,1,2,1,1,1,2,2,5,2,3,4, , , , ,1,3,2,1,4, ,2,2,1, ,4, , ,1, , , , , , , , , , , , , , ,3,1,1,-9,2,1,2,3, ,4,1,6,1,2,3,1,2,-9,CA,4,Masked,0.47, , , , 
795,795,FALL2015,1,1,3,1, ,2,2,98,2,4,2,FEEL THE DIFFERENCE EVERY DAY / WEATHER,2,1,2, , ,-9,-9, ,-9,-9,-9, ,2, , , , ,1,1,2,2,1,1,1,2,98,3,1, , , , ,1,3,5,4,4, ,4,2,1, ,1, , ,1, , , , , , , , , , , , , , ,3,2,1,-9,3,1,1,2, ,3,1,4,1,1,3,3,2,-9,NM,4,Masked,2.5, , , , 
796,796,FALL2015,1,2,-9,-9, ,-9,-9,-9,-9,-9,-9, ,-9,-9,-9, , ,1,1,EMAIL SCANDAL POLITICS INVOLVED,7,1,1, ,1, , , , ,98,2,4,3,1,1,1,5,1,2,1, , , , ,1,2,4,3,4, ,3,4,3, ,4, , ,1, , , , , , , , , , , , , , ,3,5,1,-9,1,3,3,3, ,5,1,4,5,2,1,1,1,1,TX,2,Masked,0.59, , , , 
797,797,FALL2015,1,1,2,2, ,98,98,4,98,98,4,CYCLICAL,9,98,1, , ,-9,-9, ,-9,-9,-9, ,1, , , , ,3,2,3,4,1,98,98,4,1,98,2, , , , ,1,98,98,98,98, ,4,4,1, ,4, , ,2, , , , , , , , , , , , , , ,3,4,1,-9,1,1,3,4, ,5,1,2,5,2,1,1,99,-9,WI,3,Masked,0.57, , , , 
798,798,FALL2015,1,1,2,1, ,1,1,1,1,2,2,MORE AIR POLLUTION FROM EQUIPMENT,8,1,1, , ,-9,-9, ,-9,-9,-9, ,2, , , , ,1,98,1,1,3,2,2,4,3,3,4, , , , ,2,3,2,1,4, ,2,2,1, ,98, , ,1, , , , , , , , , , , , , , ,3,2,1,-9,4,1,2,4, ,3,1,4,1,4,3,1,2,-9,MO,3,Masked,0.65, , , , 
799,799,FALL2015,1,1,3,2, ,1,1,2,2,2,1,INCREASE IN NATURAL DISASTERS,3,1,2, , ,-9,-9, ,-9,-9,-9, ,2, , , , ,3,1,2,1,1,2,2,3,3,3,4, , , , ,1,1,2,1,4, ,1,2,1, ,1, , ,1, , , , , , , , , , , , , , ,3,5,1,-9,1,1,1,1, ,4,1,4,5,4,3,4,5,-9,CA,4,Masked,1.1, , , , 
800,800,FALL2015,1,1,2,2, ,2,2,2,1,3,3,POLLUTION,8,1,2, , ,-9,-9, ,-9,-9,-9, ,2, , , , ,3,1,1,1,2,2,2,2,2,1,3, , , , ,1,1,2,1,4, ,2,1,1, ,2, , ,2, , , , , , , , , , , , , , ,3,2,1,-9,1,2,2,1, ,3,1,3,5,4,3,1,2,-9,TN,2,Masked,1.15, , , , 
801,801,FALL2015,1,98,-9,-9, ,-9,-9,-9,-9,-9,-9, ,-9,-9,-9, , ,-9,-9, ,-9,-9,-9, ,2, , , , ,3,98,2,98,1,3,3,4,3,3,2, , , , ,2,2,5,3,4, ,4,3,1, ,4, , ,1, , , , , , , , , , , , , , ,3,5,1,-9,1,1,2,3, ,3,1,99,1,4,2,5,1,2,AR,2,Masked,0.87, , , , 
802,802,FALL2015,1,1,3,2, ,2,1,2,1,4,98,NO SPRING AND FALL,3,1,2, , ,-9,-9, ,-9,-9,-9, ,2, , , , ,3,98,1,2,2,2,2,2,3,3,3, , , , ,98,98,98,98,3, ,2,1,1, ,4, , ,1, , , , , , , , , , , , , , ,3,1,1,-9,3,1,98,4, ,2,2,2,1,4,98,1,1,1,MA,1,Masked,0.93, , , , 
803,803,FALL2015,2,1,2,1, ,1,1,1,1,1,3,ACTIVITY WITHIN THE ATMOSPHERE,10,1,1, , ,-9,-9, ,-9,-9,-9, ,1, , , , ,1,2,1,4,1,1,1,4,1,3,1, , , , ,1,3,5,4,4, ,2,2,4, ,4, , ,1, , , , , , , , , , , , , , ,20,1,2,3,-9,4,2,4, ,4,1,5,2,2,1,1,1,1,WV,2,Masked,0.38, , , , 
804,804,FALL2015,2,2,-9,-9, ,-9,-9,-9,-9,-9,-9, ,-9,-9,-9, , ,1,4,NORMAL FLUCTUATION,2,4,4, ,1, , , , ,3,2,1,4,3,3,3,4,2,2,1, , , , ,1,3,5,4,3, ,3,4,1, ,4, , ,4, , , , , , , , , , , , , , ,20,2,2,1,-9,1,2,2, ,5,1,6,5,2,2,4,6,-9,CA,4,Masked,0.97, , , , 
805,805,FALL2015,2,2,-9,-9, ,-9,-9,-9,-9,-9,-9, ,-9,-9,-9, , ,2,4,REALLY COLD WINTERS,1,4,1, ,2, , , , ,3,2,2,1,1,2,2,2,2,3,3, , , , ,4,3,5,2,2, ,2,3,1, ,2, , ,1, , , , , , , , , , , , , , ,20,2,2,1,-9,2,2,2, ,3,1,3,1,1,4,2,1,2,NY,1,Masked,1.8, , , , 
806,806,FALL2015,2,98,-9,-9, ,-9,-9,-9,-9,-9,-9, ,-9,-9,-9, , ,-9,-9, ,-9,-9,-9, ,2, , , , ,3,1,1,1,1,1,1,2,2,2,98, , , , ,4,3,5,4,1, ,98,2,98, ,1, , ,1, , , , , , , , , , , , , , ,20,2,2,1,-9,98,98,3, ,2,2,99,1,99,4,1,3,-9,MI,3,Masked,0.9, , , , 
807,807,FALL2015,2,1,3,1, ,1,1,1,2,4,2,THE WEATHER PATTERNS / INFO RECEIVED THROUGH NEWS,3,1,2, , ,-9,-9, ,-9,-9,-9, ,4, , , , ,98,98,4,1,98,98,98,2,98,3,98, , , , ,1,3,4,4,4, ,4,4,1, ,98, , ,2, , , , , , , , , , , , , , ,20,2,2,3,-9,98,1,3, ,4,2,5,1,4,2,1,1,2,OH,3,Masked,0.73, , , , 
808,808,FALL2015,2,1,1,1, ,1,1,1,2,2,2,ARTIC ICE MELTING,1,1,2, , ,-9,-9, ,-9,-9,-9, ,2, , , , ,1,1,1,1,2,2,2,5,2,3,4, , , , ,1,3,5,1,4, ,2,2,1, ,98, , ,1, , , , , , , , , , , , , , ,20,1,2,3,-9,1,2,4, ,2,2,4,4,4,1,1,2,-9,MA,1,Masked,0.83, , , , 
809,809,FALL2015,2,1,2,1, ,2,4,1,1,1,3,SOLAR CYCLES,10,4,2, , ,-9,-9, ,-9,-9,-9, ,1, , , , ,1,2,1,2,1,3,98,4,1,3,1, , , , ,98,3,5,98,4, ,2,2,1, ,1, , ,1, , , , , , , , , , , , , , ,20,1,2,3,-9,1,2,2, ,5,1,6,2,4,1,1,1,2,AR,2,Masked,0.82, , , , 
810,810,FALL2015,2,1,1,2, ,2,1,2,1,2,98,RECEDING WATER LINES,11,1,2, , ,-9,-9, ,-9,-9,-9, ,2, , , , ,3,1,1,2,2,2,2,2,2,1,2, , , , ,2,2,5,2,2, ,2,1,1, ,3, , ,1, , , , , , , , , , , , , , ,20,2,2,2,-9,2,2,3, ,4,2,3,5,4,4,1,6,-9,PA,1,Masked,0.9, , , , 
811,811,FALL2015,2,2,-9,-9, ,-9,-9,-9,-9,-9,-9, ,-9,-9,-9, , ,2,98,CYCLICAL,2,98,3, ,2, , , , ,3,2,98,2,1,98,98,2,3,3,2, , , , ,1,98,98,2,1, ,1,4,2, ,3, , ,1, , , , , , , , , , , , , , ,20,5,2,1,-9,1,98,4, ,2,2,1,1,2,2,1,1,1,PA,1,Masked,0.98, , , , 
812,812,FALL2015,2,1,3,2, ,4,4,1,4,4,1,THE GLACIER MELT,1,1,2, , ,-9,-9, ,-9,-9,-9, ,2, , , , ,3,1,4,1,1,2,2,3,2,3,3, , , , ,98,3,5,4,4, ,4,2,98, ,2, , ,98, , , , , , , , , , , , , , ,20,5,2,3,-9,98,1,2, ,4,1,6,5,4,2,1,6,-9,AL,2,Masked,0.85, , , , 
813,813,FALL2015,2,1,1,1, ,1,1,1,2,2,1,SCIENTIFIC STUDIES,4,2,1, , ,-9,-9, ,-9,-9,-9, ,1, , , , ,2,1,2,1,98,2,2,3,2,3,4, , , , ,1,3,5,1,98, ,1,1,1, ,3, , ,1, , , , , , , , , , , , , , ,20,1,2,3,-9,1,1,3, ,5,2,99,5,1,4,5,2,-9,WI,3,Masked,0.92, , , , 
814,814,FALL2015,2,1,1,1, ,1,1,1,3,2,4,POLLUTION,8,1,3, , ,-9,-9, ,-9,-9,-9, ,2, , , , ,3,1,1,1,98,98,98,2,98,98,98, , , , ,1,3,5,4,4, ,4,1,1, ,2, , ,2, , , , , , , , , , , , , , ,20,1,2,3,-9,1,1,4, ,5,1,6,1,1,3,2,1,1,MN,3,Masked,0.92, , , , 
815,815,FALL2015,2,1,3,1, ,1,1,1,1,1,2,WARMER OCEAN TEMPERATURES,10,1,1, , ,-9,-9, ,-9,-9,-9, ,2, , , , ,1,2,1,3,2,2,2,3,1,3,98, , , , ,2,3,5,1,4, ,2,1,1, ,4, , ,1, , , , , , , , , , , , , , ,20,1,2,3,-9,1,2,2, ,4,2,6,1,98,3,1,6,-9,NC,2,Masked,1.08, , , , 
816,816,FALL2015,2,1,2,1, ,1,1,1,1,4,98,EACH YEAR TEMP GOING UP,2,98,1, , ,-9,-9, ,-9,-9,-9, ,3, , , , ,98,1,98,1,1,2,2,1,2,3,1, , , , ,98,3,5,98,4, ,4,1,98, ,98, , ,98, , , , , , , , , , , , , , ,20,1,2,3,-9,98,98,4, ,3,2,4,1,4,3,1,2,-9,TX,2,Masked,0.88, , , , 
817,817,FALL2015,2,1,2,2, ,3,1,1,1,2,2,TOO MUCH SMOG,10,1,2, , ,-9,-9, ,-9,-9,-9, ,2, , , , ,98,1,1,1,2,2,2,2,2,1,2, , , , ,2,1,2,1,3, ,1,1,2, ,98, , ,1, , , , , , , , , , , , , , ,20,1,2,3,-9,2,2,3, ,5,1,4,1,4,4,1,2,-9,NY,1,Masked,0.59, , , , 
818,818,FALL2015,2,1,1,1, ,2,1,2,1,3,3,NEWS,6,3,2, , ,-9,-9, ,-9,-9,-9, ,2, , , , ,98,1,98,3,3,3,3,98,2,98,3, , , , ,2,98,98,98,2, ,3,3,1, ,98, , ,1, , , , , , , , , , , , , , ,20,5,2,1,-9,1,98,3, ,4,2,4,1,3,3,1,2,-9,MS,2,Masked,0.85, , , , 
819,819,FALL2015,2,1,3,2, ,2,2,2,4,4,2,READING NEWS ARTICLES,6,2,4, , ,-9,-9, ,-9,-9,-9, ,2, , , , ,3,1,1,2,1,2,2,4,2,3,3, , , , ,2,1,2,1,4, ,3,2,1, ,2, , ,1, , , , , , , , , , , , , , ,20,5,2,5,-9,1,3,1, ,5,2,99,1,4,2,1,99,-9,NH,1,Masked,1.1, , , , 
820,820,FALL2015,2,2,-9,-9, ,-9,-9,-9,-9,-9,-9, ,-9,-9,-9, , ,2,1,SAME WEATHER,1,98,1, ,2, , , , ,3,1,1,4,2,1,2,3,1,2,1, , , , ,2,3,5,4,4, ,4,4,1, ,1, , ,4, , , , , , , , , , , , , , ,20,2,2,1,-9,4,4,4, ,3,1,2,1,2,3,1,2,-9,MA,1,Masked,0.75, , , , 
821,821,FALL2015,2,1,3,1, ,98,98,1,2,3,98,NEWS,6,4,3, , ,-9,-9, ,-9,-9,-9, ,2, , , , ,1,1,1,1,1,2,98,3,2,1,4, , , , ,98,3,5,1,1, ,98,2,1, ,98, , ,4, , , , , , , , , , , , , , ,20,5,2,2,-9,1,1,3, ,5,2,99,5,3,3,1,1,2,GA,2,Masked,0.77, , , , 
822,822,FALL2015,2,1,3,1, ,2,1,2,2,2,4,GETTING WARMER ALL THE TIME,2,2,1, , ,-9,-9, ,-9,-9,-9, ,3, , , , ,98,1,98,98,98,98,98,98,98,98,98, , , , ,98,3,5,2,3, ,2,2,2, ,98, , ,98, , , , , , , , , , , , , , ,20,2,2,1,-9,98,98,4, ,3,2,99,1,2,2,1,1,2,WA,4,Masked,0.83, , , , 
823,823,FALL2015,2,1,3,1, ,3,2,2,3,4,3,SCHOOL,10,3,2, , ,-9,-9, ,-9,-9,-9, ,2, , , , ,3,1,1,3,1,2,3,3,2,3,2, , , , ,2,3,5,2,4, ,3,2,2, ,3, , ,2, , , , , , , , , , , , , , ,20,2,2,2,-9,98,3,1, ,4,2,6,5,2,3,1,7,-9,CA,4,Masked,1.03, , , , 
824,824,FALL2015,2,98,-9,-9, ,-9,-9,-9,-9,-9,-9, ,-9,-9,-9, , ,-9,-9, ,-9,-9,-9, ,1, , , , ,1,2,1,1,1,98,98,5,3,3,1, , , , ,1,3,5,1,4, ,2,2,2, ,98, , ,1, , , , , , , , , , , , , , ,20,5,2,2,-9,2,2,2, ,5,1,6,5,2,3,1,6,-9,PA,1,Masked,0.82, , , , 
825,825,FALL2015,2,98,-9,-9, ,-9,-9,-9,-9,-9,-9, ,-9,-9,-9, , ,-9,-9, ,-9,-9,-9, ,3, , , , ,3,1,98,98,98,98,98,1,98,98,98, , , , ,98,98,2,2,1, ,2,3,2, ,98, , ,2, , , , , , , , , , , , , , ,20,2,2,1,-9,98,2,4, ,2,2,2,1,1,3,3,2,-9,CT,1, ,2.28, , , , 
826,826,FALL2015,2,1,1,2, ,1,1,1,1,4,1,COMMON SENSE,10,1,1, , ,-9,-9, ,-9,-9,-9, ,2, , , , ,3,1,1,1,1,2,2,2,2,3,98, , , , ,1,3,5,1,4, ,2,2,1, ,2, , ,1, , , , , , , , , , , , , , ,20,1,2,3,-9,1,2,3, ,3,2,3,1,4,3,1,2,-9,KY,2,Masked,1.05, , , , 
827,827,FALL2015,2,1,2,2, ,2,2,1,1,3,4,RECENT HEAT RISING IN THE YEARS,2,1,2, , ,-9,-9, ,-9,-9,-9, ,2, , , , ,3,1,1,1,2,2,2,2,2,1,2, , , , ,2,1,5,1,2, ,1,1,1, ,2, , ,1, , , , , , , , , , , , , , ,20,2,2,1,-9,1,2,3, ,3,1,3,5,4,4,1,6,-9,MO,3,Masked,0.82, , , , 
828,828,FALL2015,2,1,1,2, ,1,2,1,2,2,3,NONE,10,1,2, , ,-9,-9, ,-9,-9,-9, ,2, , , , ,2,1,2,2,2,1,1,2,1,3,2, , , , ,3,1,2,2,3, ,2,2,1, ,1, , ,2, , , , , , , , , , , , , , ,20,2,2,2,-9,2,2,3, ,5,1,2,1,98,3,4,5,-9,MD,2,Masked,0.84, , , , 
829,829,FALL2015,2,1,1,1, ,1,1,1,1,2,1,STUDY TRENDS,4,1,2, , ,-9,-9, ,-9,-9,-9, ,1, , , , ,3,1,2,1,1,2,2,5,2,98,4, , , , ,2,3,1,1,4, ,2,1,1, ,1, , ,1, , , , , , , , , , , , , , ,20,1,2,6,-9,1,1,3, ,3,1,6,5,1,5,1,6,-9,FL,2,Masked,0.62, , , , 
830,830,FALL2015,2,1,3,1, ,1,2,1,1,4,3,FOSSEL FUEL,8,1,1, , ,-9,-9, ,-9,-9,-9, ,2, , , , ,3,1,1,2,98,98,98,1,98,98,98, , , , ,3,3,5,4,4, ,4,2,1, ,2, , ,4, , , , , , , , , , , , , , ,20,1,2,2,-9,1,4,3, ,5,1,6,5,2,3,1,2,-9,NJ,1,Masked,0.44, , , , 
831,831,FALL2015,2,1,3,2, ,4,2,98,3,3,98,NOT SURE,10,98,2, , ,-9,-9, ,-9,-9,-9, ,4, , , , ,99,98,98,98,2,98,98,98,98,98,98, , , , ,98,98,98,98,98, ,2,98,98, ,99, , ,98, , , , , , , , , , , , , , ,20,1,2,98,-9,98,98,4, ,1,2,98,1,3,98,2,6,-9,PA,1,Masked,1.43, , , , 
832,832,FALL2015,2,1,3,1, ,1,1,1,98,1,98,WARMER TEMP,2,1,1, , ,-9,-9, ,-9,-9,-9, ,1, , , , ,3,98,1,4,1,1,98,3,3,3,2, , , , ,1,1,2,1,98, ,1,2,1, ,2, , ,1, , , , , , , , , , , , , , ,20,5,2,1,-9,1,4,3, ,4,2,1,1,1,3,1,6,-9,NM,4,Masked,1, , , , 
833,833,FALL2015,2,2,-9,-9, ,-9,-9,-9,-9,-9,-9, ,-9,-9,-9, , ,1,2,DONT BELIEVE IT,8,1,3, ,1, , , , ,3,98,2,1,1,3,3,4,3,3,1, , , , ,1,3,5,1,4, ,1,2,1, ,4, , ,1, , , , , , , , , , , , , , ,20,2,2,1,-9,1,1,3, ,3,1,3,1,2,2,1,6,-9,MN,3,Masked,0.82, , , , 
834,834,FALL2015,2,1,3,1, ,1,1,1,2,3,1,BURNING FOSSEL FUELS,8,1,1, , ,-9,-9, ,-9,-9,-9, ,2, , , , ,3,1,1,2,1,2,2,2,2,3,1, , , , ,98,3,5,1,3, ,4,3,1, ,4, , ,2, , , , , , , , , , , , , , ,20,2,2,1,-9,2,4,1, ,3,1,99,5,4,3,5,6,-9,AZ,4,Masked,1.2, , , , 
835,835,FALL2015,2,1,2,2, ,1,1,1,3,2,4,THE EARTH IS CHANGING THE LORD KNOWS WHAT HES DOING WITH IT,12,1,1, , ,-9,-9, ,-9,-9,-9, ,1, , , , ,3,1,1,4,2,2,2,4,2,3,4, , , , ,4,3,5,4,4, ,4,4,1, ,98, , ,1, , , , , , , , , , , , , , ,3,1,2,1,-9,1,2,4, ,3,2,1,1,4,1,1,1,2,NC,2,Masked,1.03, , , , 
836,836,FALL2015,2,1,3,2, ,1,1,1,98,2,1,WATCHED A LOT OF DISCOVERY AND WEATHER IS HOTTER,6,1,1, , ,-9,-9, ,-9,-9,-9, ,3, , , , ,3,1,2,1,1,98,1,2,2,3,4, , , , ,1,3,5,4,4, ,4,1,1, ,4, , ,1, , , , , , , , , , , , , , ,3,5,2,3,-9,1,4,4, ,1,1,5,1,4,3,1,1,2,AR,2,Masked,0.53, , , , 
837,837,FALL2015,2,2,-9,-9, ,-9,-9,-9,-9,-9,-9, ,-9,-9,-9, , ,1,2,LACK OF EVIDENCE,3,4,4, ,2, , , , ,3,98,1,1,2,2,2,5,2,1,4, , , , ,98,3,5,2,4, ,98,1,1, ,98, , ,1, , , , , , , , , , , , , , ,3,5,2,6,-9,1,1,3, ,5,2,6,5,2,3,1,2,-9,FL,2,Masked,0.67, , , , 
838,838,FALL2015,2,2,-9,-9, ,-9,-9,-9,-9,-9,-9, ,-9,-9,-9, , ,2,4,LAST WINTER WAS BITTER AND THEY KEEP GETTING WORSE,1,4,1, ,2, , , , ,3,2,2,98,1,1,3,4,1,2,2, , , , ,2,2,3,4,4, ,4,4,1, ,2, , ,1, , , , , , , , , , , , , , ,3,2,2,1,-9,4,3,3, ,4,1,4,5,3,3,1,7,-9,NY,1,Masked,0.62, , , , 
839,839,FALL2015,2,1,1,1, ,1,1,1,1,2,2,UNSEASONAL TEMPERATURES,3,1,1, , ,-9,-9, ,-9,-9,-9, ,2, , , , ,1,1,1,2,2,2,2,5,2,3,4, , , , ,98,3,5,2,4, ,2,1,1, ,98, , ,1, , , , , , , , , , , , , , ,3,1,2,2,-9,1,2,3, ,4,2,6,4,1,5,1,3,-9,PA,1,Masked,0.7, , , , 
840,840,FALL2015,2,1,1,2, ,1,1,2,3,2,1,MORE POPULATION TO CAUSE MORE POLUTION,8,98,3, , ,-9,-9, ,-9,-9,-9, ,2, , , , ,3,1,1,1,2,2,2,4,2,3,4, , , , ,3,3,5,1,4, ,2,3,1, ,98, , ,1, , , , , , , , , , , , , , ,3,2,2,6,-9,1,1,3, ,3,1,2,1,99,3,1,6,-9,TN,2,Masked,0.87, , , , 
841,841,FALL2015,2,1,2,1, ,2,2,3,2,2,2,HOTTER NOW,2,3,1, , ,-9,-9, ,-9,-9,-9, ,2, , , , ,3,1,1,1,98,98,98,1,98,3,4, , , , ,1,98,98,98,4, ,3,4,1, ,4, , ,2, , , , , , , , , , , , , , ,3,1,2,1,-9,1,4,3, ,2,2,5,1,4,1,1,6,-9,FL,2,Masked,0.83, , , , 
842,842,FALL2015,2,98,-9,-9, ,-9,-9,-9,-9,-9,-9, ,-9,-9,-9, , ,-9,-9, ,-9,-9,-9, ,2, , , , ,3,2,1,98,2,2,2,2,2,3,98, , , , ,98,3,5,4,4, ,4,98,1, ,4, , ,4, , , , , , , , , , , , , , ,3,5,2,1,-9,1,98,3, ,4,1,99,1,4,98,1,6,-9,MO,3,Masked,0.57, , , , 
843,843,FALL2015,2,1,1,3, ,2,2,3,4,4,3,BECAUSE OF ALL THE PEOPLE,8,4,4, , ,-9,-9, ,-9,-9,-9, ,2, , , , ,3,1,1,4,3,98,3,2,2,3,2, , , , ,2,3,5,4,3, ,4,3,2, ,4, , ,3, , , , , , , , , , , , , , ,3,2,2,1,-9,1,4,4, ,2,1,99,5,1,2,1,99,-9,AZ,4,Masked,0.55, , , , 
844,844,FALL2015,1,1,3,1, ,1,1,1,1,1,1,WHAT SHE HAD READ,6,1,1, , ,-9,-9, ,-9,-9,-9, ,2, , , , ,3,2,2,1,2,2,2,2,2,3,3, , , , ,1,3,5,4,4, ,4,1,1, ,4, , ,1, , , , , , , , , , , , , , ,20,5,2,2,-9,3,4,3, ,2,2,4,1,1,3,1,1,2,MN,3,Masked,0.95, , , , 
845,845,FALL2015,1,1,2,2, ,98,98,2,4,4,2,WHAT I HEAR,6,4,4, , ,-9,-9, ,-9,-9,-9, ,2, , , , ,98,98,1,2,98,98,98,2,2,3,98, , , , ,2,3,5,1,3, ,4,3,2, ,3, , ,1, , , , , , , , , , , , , , ,20,1,2,1,-9,3,98,4, ,3,1,99,1,4,2,1,1,2,KY,2,Masked,0.6, , , , 
846,846,FALL2015,1,2,-9,-9, ,-9,-9,-9,-9,-9,-9, ,-9,-9,-9, , ,1,1,COLDER WINTERS,1,1,1, ,2, , , , ,1,2,1,1,2,2,2,2,1,3,4, , , , ,1,3,5,1,4, ,1,2,1, ,1, , ,1, , , , , , , , , , , , , , ,20,1,2,2,-9,1,2,3, ,3,2,4,1,1,1,1,1,2,OH,3,Masked,1, , , , 
847,847,FALL2015,1,1,1,1, ,1,2,1,2,2,4,BURNING FOSSIL FUELS,8,2,1, , ,-9,-9, ,-9,-9,-9, ,2, , , , ,3,1,2,2,2,2,2,2,2,3,4, , , , ,4,3,5,1,2, ,2,3,1, ,4, , ,1, , , , , , , , , , , , , , ,20,1,2,2,-9,1,2,4, ,2,1,2,1,1,4,1,1,2,TN,2,Masked,0.7, , , , 
848,848,FALL2015,1,2,-9,-9, ,-9,-9,-9,-9,-9,-9, ,-9,-9,-9, , ,1,1,WEATHER IN MY STATE IS STAYING THE SAME,1,1,1, ,1, , , , ,3,2,2,2,1,2,2,1,2,3,1, , , , ,1,3,5,4,4, ,4,4,1, ,4, , ,1, , , , , , , , , , , , , , ,20,1,2,2,-9,1,1,4, ,2,1,4,1,1,3,5,6,-9,CT,1,Masked,0.75, , , , 
849,849,FALL2015,1,1,1,1, ,2,2,1,3,2,2,SCIENCE,4,1,3, , ,-9,-9, ,-9,-9,-9, ,2, , , , ,2,1,2,1,1,2,2,5,3,98,3, , , , ,2,3,2,1,98, ,1,1,1, ,2, , ,2, , , , , , , , , , , , , , ,20,3,2,6,-9,1,1,2, ,3,1,4,5,4,5,3,7,-9,TX,2,Masked,2.5, , , , 
850,850,FALL2015,1,98,-9,-9, ,-9,-9,-9,-9,-9,-9, ,-9,-9,-9, , ,-9,-9, ,-9,-9,-9, ,2, , , , ,3,2,2,1,1,2,2,4,2,3,4, , , , ,3,2,5,3,3, ,3,4,1, ,3, , ,1, , , , , , , , , , , , , , ,20,5,2,2,-9,3,2,3, ,3,2,4,2,1,3,2,1,2,NC,2,Masked,1.6, , , , 
851,851,FALL2015,1,98,-9,-9, ,-9,-9,-9,-9,-9,-9, ,-9,-9,-9, , ,-9,-9, ,-9,-9,-9, ,2, , , , ,98,1,2,2,98,98,98,2,2,3,98, , , , ,2,3,5,2,4, ,3,2,1, ,98, , ,1, , , , , , , , , , , , , , ,20,1,2,1,-9,1,98,2, ,4,2,5,5,1,3,2,6,-9,NY,1,Masked,1.71, , , , 
852,852,FALL2015,1,2,-9,-9, ,-9,-9,-9,-9,-9,-9, ,-9,-9,-9, , ,1,4,NEVER BELIEVED IN GLOBAL WARMING,8,4,4, ,2, , , , ,98,2,1,1,1,1,1,5,1,3,1, , , , ,1,3,5,3,4, ,4,99,1, ,4, , ,1, , , , , , , , , , , , , , ,20,3,2,3,-9,1,4,4, ,4,1,4,4,2,1,1,1,2,OH,3,Masked,0.5, , , , 
853,853,FALL2015,1,2,-9,-9, ,-9,-9,-9,-9,-9,-9, ,-9,-9,-9, , ,1,3,VERY BITTER WINTERS,1,3,1, ,2, , , , ,3,1,2,1,2,2,2,2,2,2,3, , , , ,3,3,5,3,98, ,2,2,1, ,4, , ,1, , , , , , , , , , , , , , ,20,2,2,3,-9,3,2,2, ,4,1,6,1,2,1,1,2,-9,MA,1,Masked,0.85, , , , 
854,854,FALL2015,1,1,1,1, ,1,1,1,2,4,2,WEATHER PATTERNS,3,1,1, , ,-9,-9, ,-9,-9,-9, ,1, , , , ,2,1,2,2,98,2,2,4,2,1,3, , , , ,2,3,1,1,3, ,2,1,1, ,2, , ,1, , , , , , , , , , , , , , ,20,2,2,2,-9,2,1,3, ,4,2,4,1,4,4,1,1,2,MA,1,Masked,0.85, , , , 
855,855,FALL2015,1,1,1,1, ,1,1,1,1,4,1,SCIENCE,4,2,3, , ,-9,-9, ,-9,-9,-9, ,1, , , , ,3,1,2,1,1,2,2,2,2,3,4, , , , ,1,3,5,4,4, ,4,1,1, ,4, , ,1, , , , , , , , , , , , , , ,20,3,2,2,-9,1,1,1, ,4,2,4,5,1,5,1,7,-9,IN,3,Masked,1.18, , , , 
856,856,FALL2015,1,1,98,2, ,2,2,4,4,4,4,JUST PAYING ATTENTION TO THE NEWS,6,4,1, , ,-9,-9, ,-9,-9,-9, ,3, , , , ,3,1,2,1,2,2,2,2,2,3,3, , , , ,2,3,5,1,2, ,2,2,1, ,98, , ,2, , , , , , , , , , , , , , ,20,2,2,98,-9,1,1,3, ,2,2,4,1,1,2,1,1,2,AL,2,Masked,0.95, , , , 
857,857,FALL2015,1,1,1,1, ,1,2,1,2,4,1,READING SCIENTIFIC ANAYLSIS,6,2,2, , ,-9,-9, ,-9,-9,-9, ,1, , , , ,3,1,2,1,98,2,2,5,2,2,3, , , , ,1,3,1,1,4, ,4,1,1, ,2, , ,1, , , , , , , , , , , , , , ,20,1,2,6,-9,1,1,4, ,5,1,6,2,1,5,1,98,-9,PA,1,Masked,0.32, , , , 
858,858,FALL2015,1,1,3,2, ,2,2,2,3,4,2,A NATURAL OCCURANCE,9,98,2, , ,-9,-9, ,-9,-9,-9, ,2, , , , ,3,1,2,2,3,3,3,4,3,3,98, , , , ,4,3,5,1,4, ,3,2,1, ,3, , ,4, , , , , , , , , , , , , , ,20,1,2,4,-9,1,2,4, ,3,1,3,5,4,2,1,2,-9,FL,2,Masked,0.7, , , , 
859,859,FALL2015,1,1,1,1, ,1,1,1,1,2,1,SCIENCE,4,1,2, , ,-9,-9, ,-9,-9,-9, ,1, , , , ,3,1,1,1,1,2,2,5,1,3,1, , , , ,4,3,5,98,4, ,4,1,1, ,2, , ,1, , , , , , , , , , , , , , ,20,2,2,3,-9,1,4,3, ,5,1,6,1,1,1,1,98,-9,OH,3,Masked,0.44, , , , 
860,860,FALL2015,1,2,-9,-9, ,-9,-9,-9,-9,-9,-9, ,-9,-9,-9, , ,2,4,CYCLES,2,3,3, ,2, , , , ,3,98,1,2,2,2,2,2,2,3,3, , , , ,2,2,2,2,4, ,4,2,1, ,2, , ,2, , , , , , , , , , , , , , ,20,2,2,1,-9,1,2,3, ,4,2,5,1,1,98,1,1,2,MN,3,Masked,0.73, , , , 
861,861,FALL2015,1,1,2,2, ,1,3,2,3,4,4,GREEN HOUSE GASES,10,4,2, , ,-9,-9, ,-9,-9,-9, ,2, , , , ,2,2,2,2,2,1,3,3,2,3,2, , , , ,3,3,5,2,3, ,1,2,1, ,2, , ,1, , , , , , , , , , , , , , ,20,5,2,2,-9,1,1,1, ,3,1,4,5,2,4,4,6,-9,FL,2,Masked,1.25, , , , 
862,862,FALL2015,1,1,1,2, ,1,1,2,1,4,2,MISUSE OF OUR PLANET,8,3,2, , ,-9,-9, ,-9,-9,-9, ,2, , , , ,2,1,2,1,98,98,98,2,2,98,98, , , , ,3,3,1,1,4, ,1,1,1, ,2, , ,1, , , , , , , , , , , , , , ,20,2,2,4,-9,1,1,3, ,5,2,5,3,1,5,1,2,-9,ME,1,Masked,0.7, , , , 
863,863,FALL2015,1,1,1,1, ,1,1,1,1,1,1,SCIENTIST,4,99,1, , ,-9,-9, ,-9,-9,-9, ,1, , , , ,99,1,4,1,1,2,2,5,99,3,3, , , , ,1,99,99,99,99, ,99,1,98, ,4, , ,98, , , , , , , , , , , , , , ,20,2,2,3,-9,1,2,3, ,5,1,5,1,4,4,1,99,-9,IL,3,Masked,0.47, , , , 
864,864,FALL2015,1,1,1,1, ,1,1,1,2,1,1,MELTING OF THE POLAR ICE,1,1,1, , ,-9,-9, ,-9,-9,-9, ,1, , , , ,3,1,1,1,1,2,2,5,2,1,4, , , , ,3,1,2,1,3, ,3,2,1, ,1, , ,1, , , , , , , , , , , , , , ,20,1,2,5,-9,1,1,2, ,4,2,6,2,1,5,1,6,-9,CA,4,Masked,1.08, , , , 
865,865,FALL2015,1,2,-9,-9, ,-9,-9,-9,-9,-9,-9, ,-9,-9,-9, , ,2,1,FROM WHAT HES READ,9,2,4, ,2, , , , ,98,1,98,98,1,98,98,2,3,3,3, , , , ,98,3,5,98,3, ,98,3,1, ,98, , ,2, , , , , , , , , , , , , , ,20,5,2,1,-9,2,2,3, ,2,1,99,1,4,3,1,7,-9,AZ,4,Masked,0.67, , , , 
866,866,FALL2015,1,1,3,2, ,1,1,1,3,2,3,WIFE TOLD ME WHO IS VERY SMART,10,1,2, , ,-9,-9, ,-9,-9,-9, ,1, , , , ,3,1,2,1,98,98,1,2,1,3,2, , , , ,1,1,1,1,4, ,1,2,1, ,2, , ,1, , , , , , , , , , , , , , ,20,5,2,5,-9,1,1,1, ,3,1,3,5,1,3,1,6,-9,NE,3,Masked,1.15, , , , 
867,867,FALL2015,1,1,1,1, ,1,1,1,1,2,2,WARMER WINTERS,2,1,1, , ,-9,-9, ,-9,-9,-9, ,2, , , , ,1,2,1,2,98,2,3,1,2,3,1, , , , ,1,3,5,1,4, ,2,1,1, ,98, , ,1, , , , , , , , , , , , , , ,20,1,2,2,-9,1,2,1, ,3,1,5,1,2,3,1,1,2,TX,2,Masked,0.98, , , , 
868,868,FALL2015,1,1,1,1, ,2,1,2,2,2,2,FROM WHAT SHES READ IN ARTICLES,6,2,2, , ,-9,-9, ,-9,-9,-9, ,2, , , , ,1,1,1,1,1,2,2,1,2,3,2, , , , ,2,3,5,2,4, ,3,1,1, ,2, , ,2, , , , , , , , , , , , , , ,20,2,2,4,-9,2,1,1, ,4,2,2,5,1,5,1,7,-9,WI,3,Masked,1.28, , , , 
869,869,FALL2015,1,1,3,1, ,3,2,98,2,2,4,HOTTER CYCLES,2,2,1, , ,-9,-9, ,-9,-9,-9, ,2, , , , ,2,1,1,1,2,2,2,2,2,3,4, , , , ,3,3,5,4,4, ,4,4,1, ,4, , ,2, , , , , , , , , , , , , , ,20,1,2,1,-9,2,3,1, ,2,1,99,1,1,4,1,1,2,TX,2,Masked,1, , , , 
870,870,FALL2015,1,1,3,1, ,98,4,1,2,4,4,ICE MELTING,1,98,2, , ,-9,-9, ,-9,-9,-9, ,2, , , , ,3,1,2,2,1,2,1,3,2,3,2, , , , ,2,98,98,98,3, ,3,2,2, ,3, , ,2, , , , , , , , , , , , , , ,20,2,2,2,-9,1,2,4, ,2,1,4,1,1,3,1,2,-9,MN,3,Masked,0.6, , , , 
871,871,FALL2015,1,1,2,1, ,1,1,1,2,3,3,EXTREAM HEAT,2,98,2, , ,-9,-9, ,-9,-9,-9, ,1, , , , ,2,1,2,2,98,98,98,1,98,98,98, , , , ,98,3,2,2,4, ,3,2,1, ,2, , ,2, , , , , , , , , , , , , , ,20,1,2,2,-9,2,1,4, ,4,1,99,4,4,3,5,6,-9,HI,4,Masked,0.6, , , , 
872,872,FALL2015,1,1,3,3, ,1,1,98,3,4,98,OTHER STATES ARE HOTTER BUT NOT TN,2,1,4, , ,-9,-9, ,-9,-9,-9, ,2, , , , ,1,2,2,1,2,98,2,2,98,3,1, , , , ,1,3,5,4,4, ,4,2,1, ,1, , ,1, , , , , , , , , , , , , , ,20,5,2,2,-9,1,4,2, ,4,2,3,2,99,99,1,1,2,TN,2,Masked,1.28, , , , 
873,873,FALL2015,1,98,-9,-9, ,-9,-9,-9,-9,-9,-9, ,-9,-9,-9, , ,-9,-9, ,-9,-9,-9, ,2, , , , ,3,1,2,1,98,98,98,1,98,98,98, , , , ,4,3,2,2,3, ,2,2,1, ,1, , ,1, , , , , , , , , , , , , , ,3,2,2,1,-9,4,2,2, ,4,1,3,5,4,3,2,6,-9,MD,2,Masked,1.65, , , , 
874,874,FALL2015,1,1,2,1, ,1,1,1,1,2,2,PERSONAL OBSERVATION,2,1,1, , ,-9,-9, ,-9,-9,-9, ,2, , , , ,2,1,1,1,98,1,3,2,2,3,1, , , , ,1,3,5,4,4, ,2,2,1, ,98, , ,1, , , , , , , , , , , , , , ,3,1,2,2,-9,1,2,1, ,3,2,6,5,4,5,1,2,-9,FL,2,Masked,1.18, , , , 
875,875,FALL2015,1,1,1,1, ,1,2,1,4,1,1,BURNING OF FOSSIL FUELS,8,2,1, , ,-9,-9, ,-9,-9,-9, ,1, , , , ,3,1,2,1,1,2,98,4,3,3,2, , , , ,1,3,3,2,4, ,4,2,1, ,2, , ,1, , , , , , , , , , , , , , ,20,1,1,-9,2,1,1,2, ,4,1,6,1,99,99,1,1,1,CA,4,Masked,0.85, , , , 
876,876,FALL2015,1,2,-9,-9, ,-9,-9,-9,-9,-9,-9, ,-9,-9,-9, , ,1,2,WEATHER NOT CHANGING IN MY STATE BAD,1,3,4, ,2, , , , ,3,1,2,1,2,2,2,2,1,3,1, , , , ,98,3,5,98,4, ,4,1,1, ,2, , ,98, , , , , , , , , , , , , , ,20,5,1,-9,1,1,4,3, ,2,1,5,1,2,3,1,1,2,OH,3,Masked,0.6, , , , 
877,877,FALL2015,1,1,1,2, ,2,1,1,1,1,98,INCREASED HEAT IN STATES THAT SHOULD BE COOLER,2,1,2, , ,-9,-9, ,-9,-9,-9, ,2, , , , ,3,1,1,1,1,2,2,2,2,1,3, , , , ,1,3,5,2,98, ,2,2,1, ,2, , ,1, , , , , , , , , , , , , , ,20,1,1,-9,2,1,2,2, ,3,2,3,5,4,4,1,6,-9,NC,2,Masked,1.43, , , , 
878,878,FALL2015,1,98,-9,-9, ,-9,-9,-9,-9,-9,-9, ,-9,-9,-9, , ,-9,-9, ,-9,-9,-9, ,2, , , , ,3,2,1,1,1,2,98,4,3,3,2, , , , ,1,3,5,1,1, ,1,1,2, ,3, , ,1, , , , , , , , , , , , , , ,20,3,1,-9,98,1,2,3, ,5,1,4,5,4,2,1,2,-9,MI,3,Masked,0.59, , , , 
879,879,FALL2015,1,1,2,1, ,1,1,1,1,4,2,INCREASING POPULATION,8,2,4, , ,-9,-9, ,-9,-9,-9, ,2, , , , ,2,1,1,1,98,2,2,1,2,3,98, , , , ,3,3,5,1,4, ,2,1,1, ,98, , ,1, , , , , , , , , , , , , , ,20,2,1,-9,1,1,2,3, ,3,1,4,2,2,1,1,2,-9,NJ,1,Masked,0.77, , , , 
880,880,FALL2015,1,1,1,1, ,1,1,1,1,98,1,SCIENTIFICANT STUDIES,4,1,2, , ,-9,-9, ,-9,-9,-9, ,2, , , , ,3,1,2,1,98,2,2,3,2,1,1, , , , ,98,3,5,4,4, ,98,1,1, ,98, , ,1, , , , , , , , , , , , , , ,20,1,1,-9,3,1,1,3, ,2,2,4,5,1,4,1,99,-9,NC,2,Masked,0.95, , , , 
881,881,FALL2015,1,1,1,1, ,1,1,1,2,3,1,GETTING HOT,2,2,3, , ,-9,-9, ,-9,-9,-9, ,1, , , , ,1,1,1,2,1,2,3,5,2,1,1, , , , ,1,98,5,98,2, ,2,2,1, ,3, , ,1, , , , , , , , , , , , , , ,20,2,1,-9,6,1,2,1, ,4,1,3,5,3,3,1,2,-9,KS,3,Masked,1, , , , 
882,882,FALL2015,1,2,-9,-9, ,-9,-9,-9,-9,-9,-9, ,-9,-9,-9, , ,1,1,NORMAL CYCLES,2,2,1, ,3, , , , ,98,2,98,98,98,98,98,2,3,98,98, , , , ,98,3,5,2,3, ,2,3,2, ,98, , ,2, , , , , , , , , , , , , , ,20,5,1,-9,1,3,3,4, ,1,1,1,2,4,5,1,1,2,FL,2,Masked,0.8, , , , 
883,883,FALL2015,1,1,3,2, ,1,1,1,2,2,2,WEATHER,3,1,1, , ,-9,-9, ,-9,-9,-9, ,3, , , , ,3,98,2,1,98,98,98,1,98,98,98, , , , ,2,98,5,98,4, ,2,1,1, ,4, , ,2, , , , , , , , , , , , , , ,20,1,1,-9,1,1,1,2, ,1,1,1,1,1,98,2,6,-9,MI,3,Masked,1.9, , , , 
884,884,FALL2015,1,1,1,1, ,2,1,1,3,4,2,WEATHER RELATED,3,2,1, , ,-9,-9, ,-9,-9,-9, ,1, , , , ,1,1,1,1,98,2,2,4,2,98,4, , , , ,2,3,5,2,4, ,3,1,1, ,3, , ,1, , , , , , , , , , , , , , ,20,1,1,-9,4,1,2,3, ,5,2,98,4,1,4,1,3,-9,CA,4,Masked,0.77, , , , 
885,885,FALL2015,1,1,3,1, ,1,1,2,2,3,2,NOTICED IT GETS HOTTER AND HOTTER,2,2,1, , ,-9,-9, ,-9,-9,-9, ,2, , , , ,3,2,1,1,1,2,2,1,3,98,4, , , , ,2,1,5,98,2, ,2,2,2, ,98, , ,2, , , , , , , , , , , , , , ,20,3,1,-9,1,98,2,1, ,3,2,99,5,4,3,3,6,-9,CA,4,Masked,2.63, , , , 
886,886,FALL2015,1,2,-9,-9, ,-9,-9,-9,-9,-9,-9, ,-9,-9,-9, , ,1,4,IT'S COLD AROUND HERE,1,4,1, ,1, , , , ,3,98,1,1,1,3,3,5,1,2,1, , , , ,98,2,3,4,3, ,3,2,1, ,4, , ,3, , , , , , , , , , , , , , ,20,5,1,-9,1,98,2,4, ,2,1,99,1,2,1,1,1,2,OR,4,Masked,0.55, , , , 
887,887,FALL2015,1,1,1,1, ,1,1,1,1,1,2,MORE PEOPLE,8,1,1, , ,-9,-9, ,-9,-9,-9, ,2, , , , ,1,2,1,1,1,3,3,3,3,3,2, , , , ,1,3,5,2,4, ,2,2,1, ,98, , ,1, , , , , , , , , , , , , , ,20,1,1,-9,3,1,2,2, ,2,1,2,1,1,3,1,2,-9,KY,2,Masked,1.2, , , , 
888,888,FALL2015,1,1,3,1, ,1,2,1,2,2,2,SCIENTIFIC DATA,4,1,1, , ,-9,-9, ,-9,-9,-9, ,1, , , , ,3,1,1,1,2,2,2,2,2,1,4, , , , ,2,98,98,98,4, ,99,2,1, ,3, , ,1, , , , , , , , , , , , , , ,20,2,1,-9,4,1,2,1, ,3,2,1,2,1,4,1,3,-9,FL,2,Masked,1.48, , , , 
889,889,FALL2015,1,1,2,2, ,4,4,2,4,4,2,NATURAL PATTERNS,9,2,4, , ,-9,-9, ,-9,-9,-9, ,2, , , , ,2,1,1,1,1,2,2,4,3,3,2, , , , ,2,3,5,2,2, ,98,2,1, ,4, , ,2, , , , , , , , , , , , , , ,20,5,1,-9,3,1,1,1, ,5,1,6,5,1,3,4,1,2,CA,4,Masked,0.92, , , , 
890,890,FALL2015,1,98,-9,-9, ,-9,-9,-9,-9,-9,-9, ,-9,-9,-9, , ,-9,-9, ,-9,-9,-9, ,2, , , , ,3,2,4,2,1,98,98,3,1,3,2, , , , ,1,3,5,4,4, ,4,3,1, ,98, , ,1, , , , , , , , , , , , , , ,3,2,1,-9,2,1,2,3, ,5,1,4,1,2,3,1,98,-9,TX,2,Masked,0.59, , , , 
891,891,FALL2015,1,2,-9,-9, ,-9,-9,-9,-9,-9,-9, ,-9,-9,-9, , ,1,2,STILL SEE SNOW IN TEXAS EVERY 6 TO 10 YEARS,1,3,1, ,3, , , , ,99,2,3,4,1,3,3,5,1,3,2, , , , ,1,99,99,99,4, ,1,2,4, ,4, , ,4, , , , , , , , , , , , , , ,3,5,1,-9,1,4,4,3, ,3,1,6,1,4,3,1,1,2,TX,2,Masked,0.62, , , , 
892,892,FALL2015,1,2,-9,-9, ,-9,-9,-9,-9,-9,-9, ,-9,-9,-9, , ,2,4,LONG BITTER COLD WINTERS,1,3,1, ,3, , , , ,3,1,2,2,1,2,2,3,2,1,4, , , , ,98,3,5,1,2, ,2,3,1, ,2, , ,2, , , , , , , , , , , , , , ,3,2,1,-9,1,4,2,3, ,4,2,5,5,2,1,1,1,1,MN,3,Masked,0.73, , , , 
893,893,FALL2015,1,1,2,2, ,4,1,1,1,3,4,HUMANS BURNING FUELS,8,2,1, , ,-9,-9, ,-9,-9,-9, ,3, , , , ,3,1,1,1,1,2,2,2,2,1,3, , , , ,2,3,5,2,2, ,2,1,1, ,3, , ,2, , , , , , , , , , , , , , ,3,1,1,-9,1,1,1,3, ,2,2,3,1,4,4,2,6,-9,WI,3,Masked,1.6, , , , 
894,894,FALL2015,1,2,-9,-9, ,-9,-9,-9,-9,-9,-9, ,-9,-9,-9, , ,1,3,NO CHANGE IN TEMP,3,3,3, ,2, , , , ,3,1,2,1,2,98,2,2,2,3,2, , , , ,1,3,5,4,4, ,3,1,1, ,3, , ,1, , , , , , , , , , , , , , ,3,98,1,-9,2,1,4,3, ,2,2,4,1,1,3,1,1,2,NC,2,Masked,0.95, , , , 
895,895,FALL2015,1,2,-9,-9, ,-9,-9,-9,-9,-9,-9, ,-9,-9,-9, , ,2,98,CYCLE,2,4,4, ,2, , , , ,3,1,1,2,98,98,98,1,98,98,98, , , , ,2,3,5,1,4, ,2,1,2, ,98, , ,98, , , , , , , , , , , , , , ,3,2,1,-9,1,2,2,4, ,4,1,99,1,1,2,1,2,-9,AZ,4,Masked,0.45, , , , 
896,896,FALL2015,1,1,3,1, ,1,1,3,1,3,2,SCIENTIST,4,2,4, , ,-9,-9, ,-9,-9,-9, ,2, , , , ,3,1,2,1,2,3,2,2,1,3,1, , , , ,4,3,5,4,4, ,4,2,1, ,4, , ,1, , , , , , , , , , , , , , ,3,5,1,-9,3,2,4,3, ,3,1,3,5,98,4,1,2,-9,TX,2,Masked,0.82, , , , 
897,897,FALL2015,1,1,2,2, ,3,2,2,3,4,1,GLOBAL ECONOMY,8,2,4, , ,-9,-9, ,-9,-9,-9, ,2, , , , ,3,2,1,2,1,3,3,3,1,3,2, , , , ,2,98,3,4,3, ,2,1,2, ,4, , ,3, , , , , , , , , , , , , , ,3,5,1,-9,4,2,3,1, ,5,1,4,5,2,3,1,2,-9,PA,1,Masked,0.92, , , , 
898,898,FALL2015,1,2,-9,-9, ,-9,-9,-9,-9,-9,-9, ,-9,-9,-9, , ,2,4,NOT SURE,9,4,1, ,2, , , , ,3,1,2,1,2,2,2,2,2,3,4, , , , ,4,3,5,1,4, ,4,3,1, ,4, , ,2, , , , , , , , , , , , , , ,3,1,1,-9,1,1,2,1, ,3,1,99,5,1,5,5,6,-9,CA,4,Masked,1.2, , , , 
899,899,FALL2015,1,1,3,1, ,1,1,2,1,4,2,WEATHER NOT CHANGING VERY MUCH,3,1,4, , ,-9,-9, ,-9,-9,-9, ,2, , , , ,3,1,2,1,98,98,98,1,98,98,98, , , , ,1,3,5,4,4, ,4,1,1, ,4, , ,1, , , , , , , , , , , , , , ,3,5,1,-9,3,1,4,4, ,3,2,4,1,3,3,1,1,2,OK,2,Masked,0.88, , , , 
900,900,FALL2015,1,1,3,1, ,1,2,1,3,4,98,NEWS,6,1,2, , ,-9,-9, ,-9,-9,-9, ,4, , , , ,2,1,1,1,3,1,1,2,3,98,2, , , , ,2,1,5,2,1, ,1,4,2, ,2, , ,2, , , , , , , , , , , , , , ,3,5,1,-9,1,2,1,4, ,5,2,2,1,4,4,3,6,-9,FL,2,Masked,2.15, , , , 
901,901,FALL2015,1,1,2,2, ,2,3,2,4,2,2,WARMER WINTERS FOR LAST SEVERAL YEARS,2,3,2, , ,-9,-9, ,-9,-9,-9, ,1, , , , ,3,1,1,1,3,2,3,5,3,3,2, , , , ,1,3,2,1,4, ,2,2,1, ,2, , ,1, , , , , , , , , , , , , , ,3,2,1,-9,4,1,1,3, ,5,2,1,5,99,3,1,1,2,AK,4,Masked,0.97, , , , 
902,902,FALL2015,1,1,3,2, ,1,3,1,1,3,3,OCEAN IS RISING,11,3,3, , ,-9,-9, ,-9,-9,-9, ,1, , , , ,3,2,2,1,1,2,2,5,1,3,2, , , , ,4,3,2,2,4, ,1,2,1, ,1, , ,2, , , , , , , , , , , , , , ,3,2,2,6,-9,3,4,2, ,5,1,6,1,2,3,2,2,-9,NY,1,Masked,1.42, , , , 
903,903,FALL2015,1,1,3,2, ,1,2,1,3,2,1,SCIENTIFIC DATA,4,1,2, , ,-9,-9, ,-9,-9,-9, ,2, , , , ,3,1,1,1,98,2,2,5,2,1,4, , , , ,3,3,5,98,4, ,2,2,2, ,2, , ,1, , , , , , , , , , , , , , ,3,2,2,2,-9,2,2,2, ,4,1,3,5,4,3,1,99,-9,CA,4,Masked,1.05, , , , 
904,904,FALL2015,1,1,3,1, ,1,1,2,2,2,3,NEWS,6,3,1, , ,-9,-9, ,-9,-9,-9, ,2, , , , ,1,1,1,3,1,2,2,2,1,1,1, , , , ,1,3,5,1,4, ,4,2,1, ,3, , ,2, , , , , , , , , , , , , , ,3,1,2,98,-9,1,2,3, ,2,2,3,1,4,2,1,1,1,OH,3,Masked,1, , , , 
905,905,FALL2015,1,98,-9,-9, ,-9,-9,-9,-9,-9,-9, ,-9,-9,-9, , ,-9,-9, ,-9,-9,-9, ,2, , , , ,3,1,1,1,2,2,2,2,2,3,4, , , , ,3,3,5,2,2, ,2,3,1, ,3, , ,2, , , , , , , , , , , , , , ,3,1,2,1,-9,1,1,3, ,2,1,2,1,4,3,2,1,2,GA,2,Masked,1.42, , , , 
906,906,FALL2015,1,2,-9,-9, ,-9,-9,-9,-9,-9,-9, ,-9,-9,-9, , ,3,3,GLOBAL WARMING,9,4,2, ,1, , , , ,1,1,2,2,1,1,3,3,3,1,4, , , , ,2,3,5,2,3, ,3,2,1, ,3, , ,2, , , , , , , , , , , , , , ,3,3,2,1,-9,2,2,1, ,5,2,6,5,2,2,1,2,-9,OH,3,Masked,1, , , , 
907,907,FALL2015,1,1,98,2, ,2,1,1,1,3,4,CYCLES / ALASKA IS CHANGING,9,98,2, , ,-9,-9, ,-9,-9,-9, ,1, , , , ,98,1,98,1,2,2,2,3,2,1,4, , , , ,2,98,5,2,4, ,4,2,1, ,98, , ,2, , , , , , , , , , , , , , ,3,5,2,98,-9,1,98,4, ,3,1,99,1,1,3,1,1,2,CO,4, ,0.6, , , , 
908,908,FALL2015,1,1,3,2, ,2,2,2,2,2,2,GETTING HOTTER OUT,2,98,2, , ,-9,-9, ,-9,-9,-9, ,1, , , , ,2,2,3,2,2,2,2,5,3,98,4, , , , ,3,98,4,4,2, ,3,2,3, ,2, , ,1, , , , , , , , , , , , , , ,3,5,2,3,-9,2,3,2, ,4,1,3,2,1,1,3,3,-9,OH,3,Masked,2.4, , , , 
909,909,FALL2015,1,2,-9,-9, ,-9,-9,-9,-9,-9,-9, ,-9,-9,-9, , ,1,4,CONSTANT CYCLICAL CHANGES / NOTHING TO DO WITH ANYTHING,2,4,1, ,1, , , , ,98,98,98,1,98,98,98,2,98,98,98, , , , ,1,1,2,2,4, ,4,2,1, ,98, , ,1, , , , , , , , , , , , , , ,3,1,2,98,-9,1,4,3, ,4,1,99,5,99,99,1,1,2,IL,3, ,0.57, , , , 
910,910,FALL2015,1,1,98,1, ,1,1,1,1,3,2,MORE BIG STORMS,3,1,1, , ,-9,-9, ,-9,-9,-9, ,2, , , , ,1,2,1,1,1,3,3,1,2,3,1, , , , ,1,3,5,1,4, ,2,2,1, ,98, , ,1, , , , , , , , , , , , , , ,3,1,2,3,-9,1,2,2, ,4,1,4,1,1,3,1,2,-9,IN,3,Masked,1, , , , 
911,911,FALL2015,2,98,-9,-9, ,-9,-9,-9,-9,-9,-9, ,-9,-9,-9, , ,-9,-9, ,-9,-9,-9, ,3, , , , ,1,1,1,1,2,2,2,3,2,3,4, , , , ,2,3,1,1,4, ,4,2,1, ,4, , ,98, , , , , , , , , , , , , , ,3,3,2,1,-9,1,2,3, ,4,1,6,5,4,4,2,98,-9,IL,3,Masked,1.07, , , , 
912,1,FALL 2008, ,98,-9,-9,-9,-9, ,-9,-9,-9,-9, ,-9,-9,-9,-9,-9, , , ,-9, , ,98, ,98,98,98,98, , , , , , , , , , , ,98,98,98,98, , , , ,98,-9, , , ,98, ,98,98, ,98,98,98,98,98,98,98,98,98,98,98,98,98,98, , , , ,98, , ,3,97,1,2,99,1,1, ,2,6,-9,SC, ,Masked,2.19,0.12,1,0.07,1
913,2,FALL 2008, ,2,-9,-9,-9,-9, ,-9,-9,-9,-9, ,-9,-9,-9,-9,-9, , ,TEMPERATURE WENT UP,1, , ,98, ,2,2,2,2, , , , , , , , , , , ,2,2,4,2, , , , ,3,-9, , , ,2, ,3,3, ,3,2,4,3,2,3,3,2,2,4,2,2,3,2, , , , ,98, , ,3,97,3,2,3,1,2, ,1,99,-9,SC, ,Masked,0.55,0.12,0.3,0.07,0.06
914,3,FALL 2008, ,1,2,1,4,2, ,2,3,3,2,NORTH AND SOUTH POLES GLACIERS RECEDING,1,2,2,2,2, , , ,-9, , ,2, ,2,1,4,3, , , , , , , , , , , ,3,3,3,3, , , , ,4,-9, , , ,4, ,2,4, ,4,4,4,4,2,2,2,2,2,2,4,4,4,4, , , , ,4, , ,3,97,4,1,6,5,2, ,1,1,1,SC, ,Masked,0.89,0.12,0.13,0.58,0.06
915,4,FALL 2008, ,1,3,2,4,1, ,3,1,1,2,NOTICING CHANGES IN WEATHER ALLERGIC REACTIONS AIR QUALITY,2,2,2,1,1, , , ,-9, , ,4, ,4,4,3,4, , , , , , , , , , , ,1,1,1,1, , , , ,1,1, , , ,2, ,1,1, ,1,2,1,1,2,4,98,1,98,4,1,1,1,2, , , , ,4, , ,2,97,4,2,3,1,4, ,1,2,-9,PA, ,Masked,0.61,0.35,0.13,0.07,0.06
916,5,FALL 2008, ,1,1,1,98,1, ,1,1,1,98,MELTING OF ICEBERGS,1,1,2,2,1, , , ,-9, , ,4, ,4,4,4,4, , , , , , , , , , , ,2,2,2,2, , , , ,4,-9, , , ,4, ,98,1, ,4,4,4,98,2,4,4,2,98,2,4,98,1,1, , , , ,2, , ,3,97,2,2,2,2,2, ,1,2,-9,MA, ,Masked,1,0.12,0.75,0.07,0.06
917,6,FALL 2008, ,1,3,2,98,4, ,1,3,4,98,OCEANS ARE RISING,10,2,2,2,3, , , ,-9, , ,4, ,2,4,2,2, , , , , , , , , , , ,2,2,4,2, , , , ,4,-9, , , ,4, ,2,1, ,1,4,4,4,2,4,1,2,2,3,1,4,1,4, , , , ,1, , ,5,97,3,2,3,1,3, ,1,6,-9,VA, ,Masked,0.68,0.25,0.3,0.07,0.06
918,7,FALL 2008, ,1,1,1,1,98, ,1,1,1,98,POLAR ICE CAPS ARE MELTING,1,1,1,1,1, , , ,-9, , ,4, ,4,3,4,4, , , , , , , , , , , ,1,2,3,1, , , , ,4,-9, , , ,3, ,4,1, ,2,3,4,1,2,3,4,1,2,2,1,4,1,1, , , , ,6, , ,3,97,4,2,98,5,1, ,1,99,-9,ME, ,Masked,0.38,0.12,0.13,0.07,0.06
919,8,FALL 2008, ,1,1,1,3,4, ,1,3,3,4,TV PROGRAMS,6,1,4,2,1, , , ,-9, , ,1, ,4,4,2,4, , , , , , , , , , , ,1,2,1,2, , , , ,1,98, , , ,98, ,1,1, ,1,3,4,1,4,3,98,1,2,4,1,1,1,4, , , , ,98, , ,4,97,2,2,99,1,4, ,1,1,2,OH, ,Masked,0.98,0.1,0.75,0.07,0.06
920,9,FALL 2008, ,1,2,2,4,4, ,4,4,4,2,WHAT I AM READING AND HEARING,6,4,4,2,3, , , ,-9, , ,2, ,98,1,98,3, , , , , , , , , , , ,2,2,3,2, , , , ,4,-9, , , ,4, ,2,1, ,2,3,4,1,4,3,4,98,98,4,2,4,1,1, , , , ,6, , ,3,97,4,1,99,5,2, ,99,1,99,OH, ,Masked,1.31,0.35,0.13,0.58,0.25
921,10,FALL 2008, ,1,3,1,4,2, ,2,2,4,2,MEDIA REPORTS AND PERSONAL OBSERVATION,6,2,2,1,1, , , ,-9, , ,4, ,2,4,3,2, , , , , , , , , , , ,1,1,1,1, , , , ,4,-9, , , ,4, ,2,2, ,4,4,4,2,2,4,1,1,2,2,1,3,2,3, , , , ,6, , ,2,97,3,1,4,5,2, ,1,2,-9,NC, ,Masked,1.29,0.35,0.3,0.58,0.06
922,11,FALL 2008, ,1,3,2,1,1, ,1,1,1,1,THE WEATHER,3,1,2,1,1, , , ,-9, , ,4, ,3,3,3,1, , , , , , , , , , , ,1,1,1,1, , , , ,3,-9, , , ,4, ,98,98, ,1,4,1,1,1,4,3,1,98,4,1,4,1,1, , , , ,4, , ,1,97,2,2,5,1,2, ,1,1,1,OH, ,Masked,1.33,0.45,0.75,0.07,0.06
923,12,FALL 2008, ,98,-9,-9,-9,-9, ,-9,-9,-9,-9, ,-9,-9,-9,-9,-9, , , ,-9, , ,2, ,2,2,2,2, , , , , , , , , , , ,98,2,3,3, , , , ,4,-9, , , ,1, ,2,4, ,4,3,4,1,2,2,4,98,1,1,1,4,4,4, , , , ,1, , ,3,97,4,2,99,1,3, ,1,2,-9,NY, ,Masked,0.38,0.12,0.13,0.07,0.06
924,13,FALL 2008, ,98,-9,-9,-9,-9, ,-9,-9,-9,-9, ,-9,-9,-9,-9,-9, , , ,-9, , ,2, ,1,1,3,2, , , , , , , , , , , ,2,2,2,2, , , , ,4,-9, , , ,3, ,2,1, ,2,4,4,3,3,2,3,98,98,2,2,2,3,3, , , , ,98, , ,3,97,3,2,1,3,4, ,1,1,2,WI, ,Masked,0.55,0.12,0.3,0.07,0.06
925,14,FALL 2008, ,2,-9,-9,-9,-9, ,-9,-9,-9,-9, ,-9,-9,-9,-9,-9, , ,TEMPERATURES,1, , ,4, ,1,3,1,1, , , , , , , , , , , ,3,3,4,3, , , , ,4,-9, , , ,4, ,1,4, ,4,4,4,4,4,1,1,4,1,4,1,4,4,4, , , , ,1, , ,3,97,5,1,6,5,2, ,1,3,-9,FL, ,Masked,1.05,0.35,0.06,0.58,0.06
926,15,FALL 2008, ,1,3,2,1,2, ,2,2,4,3,AL GORE,5,4,4,1,1, , , ,-9, , ,98, ,98,98,2,4, , , , , , , , , , , ,98,2,2,3, , , , ,4,-9, , , ,4, ,2,1, ,1,1,1,3,98,4,98,2,98,2,1,2,1,1, , , , ,98, , ,3,97,2,2,2,1,4, ,1,2,-9,PA, ,Masked,1.23,0.35,0.75,0.07,0.06
927,16,FALL 2008, ,1,2,2,4,4, ,3,2,4,4,ARTICLES AND STUDIES DONE,4,4,4,2,4, , , ,-9, , ,2, ,1,1,2,1, , , , , , , , , , , ,3,3,4,3, , , , ,4,-9, , , ,4, ,1,4, ,4,4,4,1,4,98,1,4,98,4,4,4,3,4, , , , ,1, , ,3,97,5,1,6,98,4, ,1,1,1,VA, ,Masked,0.82,0.12,0.06,0.58,0.06
928,17,FALL 2008, ,1,3,1,3,1, ,1,1,2,98,WEATHER GETTING WORSE,3,1,3,1,1, , , ,-9, , ,4, ,4,4,4,4, , , , , , , , , , , ,1,1,1,1, , , , ,4,-9, , , ,2, ,98,98, ,1,98,98,98,98,4,98,2,98,98,1,98,4,2, , , , ,98, , ,2,97,5,2,99,1,4, ,4,6,-9,NJ, ,Masked,0.98,0.45,0.06,0.07,0.4
929,18,FALL 2008, ,2,-9,-9,-9,-9, ,-9,-9,-9,-9, ,-9,-9,-9,-9,-9, , ,NO SPECIFIC REASON,8, , ,1, ,2,1,2,3, , , , , , , , , , , ,2,2,1,2, , , , ,4,-9, , , ,1, ,1,4, ,1,1,4,2,2,1,1,2,2,2,1,2,4,4, , , , ,3, , ,1,97,2,2,99,1,4, ,5,1,1,GA, ,Masked,1.52,0.45,0.75,0.07,0.25
930,19,FALL 2008, ,1,3,2,98,1, ,2,2,2,1,SEASONAL CHANGES,3,2,1,1,2, , , ,-9, , ,2, ,2,3,2,2, , , , , , , , , , , ,1,2,2,2, , , , ,4,-9, , , ,3, ,1,1, ,2,4,4,1,2,2,2,2,98,3,1,4,1,1, , , , ,5, , ,3,97,3,1,3,1,98, ,1,1,98,PA, ,Masked,1.29,0.35,0.3,0.58,0.06
931,20,FALL 2008, ,2,-9,-9,-9,-9, ,-9,-9,-9,-9, ,-9,-9,-9,-9,-9, , ,NOT VERY DIFFERENT,9, , ,4, ,98,3,3,2, , , , , , , , , , , ,1,3,2,1, , , , ,4,-9, , , ,1, ,1,1, ,98,3,4,1,98,1,1,4,98,4,1,98,1,1, , , , ,3, , ,4,97,3,1,4,2,4, ,1,2,-9,PA, ,Masked,1.04,0.1,0.3,0.58,0.06
932,21,FALL 2008, ,2,-9,-9,-9,-9, ,-9,-9,-9,-9, ,-9,-9,-9,-9,-9, , ,READING I HAVE DONE,5, , ,4, ,1,1,1,4, , , , , , , , , , , ,2,2,1,2, , , , ,98,-9, , , ,4, ,1,1, ,3,1,1,2,4,4,1,1,2,4,1,4,1,1, , , , ,6, , ,3,97,5,1,5,1,1, ,1,1,1,WV, ,Masked,0.82,0.12,0.06,0.58,0.06
933,22,FALL 2008, ,1,98,2,98,4, ,1,1,2,2,EXTREME TEMPERATURES,3,2,1,1,2, , , ,-9, , ,4, ,3,98,4,4, , , , , , , , , , , ,1,2,1,2, , , , ,4,-9, , , ,2, ,98,1, ,98,4,4,1,1,4,98,2,98,2,2,2,1,2, , , , ,98, , ,2,97,5,2,99,1,4, ,2,1,2,MI, ,Masked,1.48,0.35,0.06,0.07,1
934,23,FALL 2008, ,1,1,2,1,1, ,1,1,1,1,TEMPERATURES ARE GETTING HOTTER,2,1,1,98,1, , , ,-9, , ,98, ,4,4,4,4, , , , , , , , , , , ,2,2,4,2, , , , ,4,-9, , , ,4, ,4,98, ,98,3,4,1,3,1,4,2,98,1,98,4,1,98, , , , ,1, , ,3,97,2,2,2,1,98, ,1,2,-9,KY, ,Masked,1,0.12,0.75,0.07,0.06
935,24,FALL 2008, ,2,-9,-9,-9,-9, ,-9,-9,-9,-9, ,-9,-9,-9,-9,-9, , ,THE WEATHER GETTING WARMER,1, , ,3, ,3,3,2,98, , , , , , , , , , , ,3,3,3,3, , , , ,4,-9, , , ,98, ,2,2, ,3,3,3,1,2,3,2,2,2,2,2,2,2,2, , , , ,6, , ,3,97,5,1,6,1,2, ,1,99,-9,FL, ,Masked,0.82,0.12,0.06,0.58,0.06
936,25,FALL 2008, ,2,-9,-9,-9,-9, ,-9,-9,-9,-9, ,-9,-9,-9,-9,-9, , ,NOT TOO HOT MILDER WINTERS,1, , ,2, ,1,2,1,1, , , , , , , , , , , ,3,3,4,3, , , , ,1,2, , , ,98, ,4,4, ,1,4,4,4,4,1,3,1,98,4,4,4,1,1, , , , ,3, , ,4,97,5,2,2,1,4, ,1,1,2,AL, ,Masked,0.29,0.1,0.06,0.07,0.06
937,26,FALL 2008, ,1,3,1,3,2, ,1,2,2,2,MELTING ICE CAPS,1,1,2,1,1, , , ,-9, , ,4, ,3,3,4,3, , , , , , , , , , , ,1,3,2,2, , , , ,4,-9, , , ,2, ,1,1, ,1,2,4,1,2,3,4,1,2,2,1,1,1,2, , , , ,3, , ,1,97,2,1,5,1,1, ,1,1,2,PA, ,Masked,1.84,0.45,0.75,0.58,0.06
938,27,FALL 2008, ,1,2,3,98,2, ,2,1,4,2,THE WORLD GOES AROUND AND COMES AROUND,3,2,98,2,3, , , ,-9, , ,1, ,1,1,98,1, , , , , , , , , , , ,3,3,4,98, , , , ,4,-9, , , ,4, ,4,1, ,4,4,4,4,4,1,1,4,2,1,1,4,1,4, , , , ,1, , ,3,97,4,1,3,1,1, ,1,2,-9,PA, ,Masked,0.89,0.12,0.13,0.58,0.06
939,28,FALL 2008, ,2,-9,-9,-9,-9, ,-9,-9,-9,-9, ,-9,-9,-9,-9,-9, , ,LIVE AROUND LAKE,1, , ,1, ,1,1,1,1, , , , , , , , , , , ,3,3,4,3, , , , ,4,-9, , , ,2, ,2,1, ,4,2,4,2,4,4,2,4,98,4,2,4,2,98, , , , ,5, , ,4,97,5,1,6,2,4, ,99,99,-9,MI, ,Masked,0.99,0.1,0.06,0.58,0.25
940,29,FALL 2008, ,2,-9,-9,-9,-9, ,-9,-9,-9,-9, ,-9,-9,-9,-9,-9, , ,THE TEMPERATURE,1, , ,4, ,1,2,1,1, , , , , , , , , , , ,2,2,2,2, , , , ,4,-9, , , ,4, ,1,2, ,4,4,4,1,3,4,1,1,2,4,2,4,1,1, , , , ,5, , ,2,97,4,2,4,5,2, ,1,2,-9,OH, ,Masked,0.61,0.35,0.13,0.07,0.06
941,30,FALL 2008, ,1,3,2,98,2, ,4,1,2,2,POPULATION,10,2,1,98,2, , , ,-9, , ,4, ,1,1,1,1, , , , , , , , , , , ,2,2,4,2, , , , ,4,-9, , , ,98, ,1,1, ,4,98,1,4,1,1,98,4,2,4,1,4,4,4, , , , ,1, , ,1,97,2,2,1,1,98, ,4,4,-9,NY, ,Masked,1.67,0.45,0.75,0.07,0.4
942,31,FALL 2008, ,1,1,1,2,1, ,1,2,3,2,MELTING OF ICE FLOWS,1,1,2,1,2, , , ,-9, , ,4, ,3,3,4,4, , , , , , , , , , , ,1,1,1,1, , , , ,4,-9, , , ,2, ,1,1, ,2,2,2,1,2,4,1,1,98,3,1,2,1,1, , , , ,99, , ,3,97,3,2,5,3,1, ,1,1,2,MI, ,Masked,0.55,0.12,0.3,0.07,0.06
943,32,FALL 2008, ,1,2,2,4,2, ,2,4,4,4,THE EARTHS ATMOSPHERE,10,4,2,2,3, , , ,-9, , ,2, ,3,2,3,2, , , , , , , , , , , ,2,2,3,2, , , , ,4,-9, , , ,2, ,2,2, ,2,3,2,1,2,3,3,2,2,3,2,2,1,2, , , , ,98, , ,2,97,4,2,3,1,4, ,1,1,1,GA, ,Masked,0.61,0.35,0.13,0.07,0.06
944,33,FALL 2008, ,1,3,2,4,1, ,1,2,1,3,I SEE THE ENVIRONMENT CHANGING,2,1,1,1,1, , , ,-9, , ,4, ,4,4,4,4, , , , , , , , , , , ,2,1,1,1, , , , ,4,-9, , , ,4, ,1,1, ,4,1,4,1,1,4,1,1,98,1,1,4,1,98, , , , ,3, , ,3,97,4,2,5,1,2, ,1,1,2,PA, ,Masked,0.38,0.12,0.13,0.07,0.06
945,34,FALL 2008, ,1,3,2,1,1, ,1,1,1,1,TEMPERATURE CHANGES IN DIFFERENT LOCATIONS,2,1,1,1,1, , , ,-9, , ,2, ,2,98,1,2, , , , , , , , , , , ,2,2,2,2, , , , ,98,-9, , , ,4, ,1,4, ,1,4,4,2,2,98,3,2,1,98,1,98,98,1, , , , ,98, , ,1,97,3,2,2,2,98, ,3,2,-9,PA, ,Masked,4.02,0.45,0.3,0.07,3.2
946,35,FALL 2008, ,2,-9,-9,-9,-9, ,-9,-9,-9,-9, ,-9,-9,-9,-9,-9, , ,GETTING COLDER,1, , ,98, ,1,2,1,1, , , , , , , , , , , ,98,3,2,3, , , , ,4,-9, , , ,4, ,2,2, ,98,4,4,2,4,4,1,2,98,4,4,3,2,4, , , , ,1, , ,4,97,2,2,2,1,2, ,1,1,1,OH, ,Masked,0.98,0.1,0.75,0.07,0.06
947,36,FALL 2008, ,1,1,1,2,1, ,1,1,1,1,ICE MELTING,1,1,1,1,1, , , ,-9, , ,4, ,4,4,4,4, , , , , , , , , , , ,1,1,1,1, , , , ,4,-9, , , ,1, ,1,1, ,1,1,2,1,1,4,98,1,98,3,1,2,1,1, , , , ,6, , ,3,97,4,2,6,2,1, ,2,2,-9,DC, ,Masked,1.55,0.35,0.13,0.07,1
948,37,FALL 2008, ,1,1,1,1,1, ,1,1,1,3,ALL THE POLLUTION,8,1,1,1,1, , , ,-9, , ,4, ,4,4,4,4, , , , , , , , , , , ,2,3,1,2, , , , ,4,-9, , , ,1, ,1,1, ,1,4,4,1,1,3,98,2,98,4,1,3,3,3, , , , ,4, , ,2,97,5,2,6,5,4, ,3,2,-9,MA, ,Masked,3.68,0.35,0.06,0.07,3.2
949,38,FALL 2008, ,1,1,1,4,98, ,1,1,1,98,EMISSIONS,8,1,1,1,1, , , ,-9, , ,4, ,4,4,4,4, , , , , , , , , , , ,2,3,1,2, , , , ,4,-9, , , ,2, ,1,1, ,2,4,4,2,1,4,1,1,98,2,1,4,1,1, , , , ,1, , ,3,97,3,1,3,1,4, ,1,2,-9,MA, ,Masked,1.06,0.12,0.3,0.58,0.06
950,39,FALL 2008, ,1,2,2,4,4, ,3,4,4,2,RESEARCH,4,2,4,2,2, , , ,-9, , ,4, ,1,4,1,1, , , , , , , , , , , ,2,2,4,2, , , , ,4,-9, , , ,1, ,1,4, ,4,4,4,4,4,1,4,1,2,4,1,4,4,4, , , , ,2, , ,3,97,4,2,5,2,4, ,1,6,-9,SC, ,Masked,0.61,0.35,0.13,0.07,0.06
951,40,FALL 2008, ,2,-9,-9,-9,-9, ,-9,-9,-9,-9, ,-9,-9,-9,-9,-9, , ,NOTHING SPECIFIC,8, , ,4, ,4,4,4,4, , , , , , , , , , , ,3,2,1,3, , , , ,4,-9, , , ,2, ,1,2, ,1,1,1,1,1,4,98,1,2,4,1,4,1,1, , , , ,5, , ,4,97,3,2,99,2,1, ,1,1,2,LA, ,Masked,0.53,0.1,0.3,0.07,0.06
952,41,FALL 2008, ,1,1,1,98,2, ,1,2,3,1,THE WAY THE ICE IS MELTING,1,3,3,2,1, , , ,-9, , ,3, ,3,3,3,3, , , , , , , , , , , ,1,98,2,2, , , , ,4,-9, , , ,98, ,2,2, ,1,4,3,2,3,3,2,2,98,2,2,3,2,2, , , , ,3, , ,2,97,5,2,4,1,1, ,2,2,-9,MI, ,Masked,1.48,0.35,0.06,0.07,1
953,42,FALL 2008, ,1,3,1,1,1, ,1,1,4,1,WHAT I HAVE HEARD,6,1,3,1,1, , , ,-9, , ,4, ,4,4,4,4, , , , , , , , , , , ,1,1,1,1, , , , ,1,1, , , ,1, ,1,1, ,1,4,1,1,98,4,1,98,98,1,1,1,1,1, , , , ,3, , ,2,97,4,1,4,4,4, ,1,2,-9,OH, ,Masked,1.12,0.35,0.13,0.58,0.06
954,43,FALL 2008, ,1,3,2,98,1, ,1,1,4,1,SHIFT OF ATMOSPHERE,10,1,4,1,1, , , ,-9, , ,4, ,1,4,2,98, , , , , , , , , , , ,1,2,1,1, , , , ,4,-9, , , ,1, ,1,1, ,1,98,4,3,98,4,98,98,98,4,1,3,1,1, , , , ,98, , ,2,97,4,2,4,5,98, ,1,1,1,OH, ,Masked,0.71,0.45,0.13,0.07,0.06
955,44,FALL 2008, ,1,3,1,3,1, ,1,4,4,1,WHAT HE WATCHES ON THE NEWS,6,1,3,1,1, , , ,-9, , ,4, ,4,3,3,4, , , , , , , , , , , ,1,2,1,2, , , , ,4,-9, , , ,3, ,1,3, ,4,2,1,1,1,4,4,1,98,2,1,4,1,1, , , , ,98, , ,4,97,5,1,98,1,1, ,1,2,-9,NJ, ,Masked,0.8,0.1,0.06,0.58,0.06
956,45,FALL 2008, ,1,3,1,98,2, ,1,1,1,2,BIBLE,10,4,2,2,1, , , ,-9, , ,4, ,4,4,1,4, , , , , , , , , , , ,1,3,4,3, , , , ,1,2, , , ,4, ,1,4, ,2,4,4,4,1,4,4,2,1,2,2,4,4,3, , , , ,1, , ,2,97,1,1,99,6,3, ,1,6,-9,TX, ,Masked,1.99,0.35,1,0.58,0.06
957,46,FALL 2008, ,2,-9,-9,-9,-9, ,-9,-9,-9,-9, ,-9,-9,-9,-9,-9, , ,THE TIME,9, , ,2, ,2,2,2,2, , , , , , , , , , , ,2,2,3,2, , , , ,2,2, , , ,3, ,2,2, ,3,3,2,3,2,2,2,2,98,2,3,3,3,3, , , , ,1, , ,2,97,3,2,4,5,2, ,1,1,1,FL, ,Masked,0.78,0.35,0.3,0.07,0.06
958,47,FALL 2008, ,1,3,2,4,1, ,2,1,2,2,NOTHING IN PARTICULAR,10,4,2,1,2, , , ,-9, , ,4, ,4,3,3,3, , , , , , , , , , , ,2,2,2,2, , , , ,3,-9, , , ,1, ,2,2, ,1,3,4,2,2,1,3,1,1,1,2,1,2,2, , , , ,4, , ,2,97,5,2,99,1,99, ,2,6,-9,MI, ,Masked,1.48,0.35,0.06,0.07,1
959,48,FALL 2008, ,1,3,1,98,2, ,1,2,2,98,ICE MELTING IN ARCTIC,1,1,3,1,1, , , ,-9, , ,3, ,2,4,2,2, , , , , , , , , , , ,1,1,1,1, , , , ,4,-9, , , ,4, ,3,1, ,98,4,3,1,98,3,3,1,98,3,2,3,1,1, , , , ,2, , ,4,97,2,2,2,1,1, ,1,99,-9,NY, ,Masked,0.98,0.1,0.75,0.07,0.06
960,49,FALL 2008, ,1,1,2,98,4, ,1,1,1,2,POLAR CAP,10,4,2,1,1, , , ,-9, , ,3, ,4,3,4,4, , , , , , , , , , , ,1,2,2,2, , , , ,4,-9, , , ,98, ,2,1, ,98,3,3,1,2,4,98,3,98,2,2,4,2,2, , , , ,3, , ,2,97,4,2,2,1,1, ,5,99,-9,PA, ,Masked,0.8,0.35,0.13,0.07,0.25
961,50,FALL 2008, ,1,2,2,98,4, ,3,3,4,4,IT IS MUCH HOTTER,2,4,4,2,4, , , ,-9, , ,3, ,2,1,1,1, , , , , , , , , , , ,3,3,3,3, , , , ,4,-9, , , ,3, ,98,1, ,2,4,4,3,4,4,2,2,98,3,1,2,2,1, , , , ,3, , ,3,97,4,2,3,1,1, ,1,6,-9,MI, ,Masked,0.61,0.35,0.13,0.07,0.06
962,51,FALL 2008, ,1,3,1,3,3, ,98,3,3,3,WEATHER,2,98,3,1,2, , , ,-9, , ,98, ,4,3,3,2, , , , , , , , , , , ,2,2,4,2, , , , ,4,-9, , , ,98, ,98,2, ,98,2,1,98,2,4,2,3,98,2,2,2,98,1, , , , ,98, , ,3,97,4,2,98,2,2, ,5,2,-9,NY, ,Masked,0.57,0.12,0.13,0.07,0.25
963,52,FALL 2008, ,1,1,1,4,2, ,3,2,3,2,LITERATURE I HAVE READ BY CLIMATE SCIENTISTS,6,3,3,1,1, , , ,-9, , ,4, ,3,3,4,2, , , , , , , , , , , ,2,2,1,2, , , , ,4,-9, , , ,2, ,3,1, ,3,2,2,2,2,4,3,1,2,4,1,1,1,2, , , , ,6, , ,2,97,3,2,4,5,1, ,1,1,2,IN, ,Masked,0.78,0.35,0.3,0.07,0.06
964,53,FALL 2008, ,2,-9,-9,-9,-9, ,-9,-9,-9,-9, ,-9,-9,-9,-9,-9, , ,STUDIES,5, , ,3, ,1,1,1,3, , , , , , , , , , , ,1,1,4,1, , , , ,4,-9, , , ,1, ,1,1, ,1,3,3,1,4,1,1,1,98,4,1,3,1,3, , , , ,98, , ,3,97,4,1,99,1,2, ,1,2,-9,OH, ,Masked,0.89,0.12,0.13,0.58,0.06
965,54,FALL 2008, ,1,98,1,98,98, ,98,4,3,3,THE MELTING ICE,1,1,2,98,2, , , ,-9, , ,98, ,98,98,98,98, , , , , , , , , , , ,2,98,3,2, , , , ,98,-9, , , ,2, ,98,98, ,2,2,2,4,3,2,4,2,98,2,98,2,2,4, , , , ,1, , ,4,97,2,2,1,1,2, ,1,2,-9,DE, ,Masked,0.98,0.1,0.75,0.07,0.06
966,55,FALL 2008, ,2,-9,-9,-9,-9, ,-9,-9,-9,-9, ,-9,-9,-9,-9,-9, , ,TEMPERATURE THE SAME,1, , ,4, ,1,1,1,4, , , , , , , , , , , ,3,3,4,3, , , , ,4,-9, , , ,4, ,1,1, ,4,4,4,1,4,1,1,1,98,1,1,1,1,1, , , , ,1, , ,4,97,3,1,2,3,4, ,1,2,-9,NJ, ,Masked,1.04,0.1,0.3,0.58,0.06
967,56,FALL 2008, ,1,3,2,98,2, ,1,2,2,2,WHAT I HAVE READ,6,2,2,1,1, , , ,-9, , ,4, ,4,3,4,4, , , , , , , , , , , ,1,1,1,1, , , , ,4,-9, , , ,2, ,1,1, ,1,2,2,2,98,4,3,2,98,98,1,1,1,1, , , , ,3, , ,1,97,3,2,98,1,1, ,1,7,-9,MI, ,Masked,0.88,0.45,0.3,0.07,0.06
968,57,FALL 2008, ,1,3,1,3,1, ,2,1,1,2,WEATHER,3,2,1,2,2, , , ,-9, , ,2, ,4,2,2,4, , , , , , , , , , , ,2,2,2,2, , , , ,98,-9, , , ,4, ,3,4, ,4,4,1,4,2,3,4,2,2,2,4,3,4,4, , , , ,2, , ,1,97,3,2,99,1,4, ,2,6,-9,MD, ,Masked,1.82,0.45,0.3,0.07,1
969,58,FALL 2008, ,1,2,98,2,2, ,98,1,3,2,WEATHER PATTERNS,3,1,2,1,1, , , ,-9, , ,4, ,4,4,98,4, , , , , , , , , , , ,3,98,98,98, , , , ,4,-9, , , ,2, ,4,1, ,4,1,2,98,2,2,98,98,1,98,1,1,4,4, , , , ,1, , ,4,97,1,2,1,1,98, ,5,1,2,OH, ,Masked,1.42,0.1,1,0.07,0.25
970,59,FALL 2008, ,1,2,1,4,4, ,4,4,2,2,CYCLING CLIMATES,3,4,4,2,4, , , ,-9, , ,1, ,1,1,2,1, , , , , , , , , , , ,3,3,4,3, , , , ,1,98, , , ,2, ,4,4, ,1,4,4,4,1,98,2,2,2,3,4,4,4,4, , , , ,98, , ,2,97,5,1,4,5,2, ,1,1,1,OH, ,Masked,1.05,0.35,0.06,0.58,0.06
971,60,FALL 2008, ,2,-9,-9,-9,-9, ,-9,-9,-9,-9, ,-9,-9,-9,-9,-9, , ,ITS CYCLICAL,2, , ,3, ,2,2,2,3, , , , , , , , , , , ,2,3,2,2, , , , ,4,-9, , , ,98, ,1,2, ,98,4,4,4,3,3,4,2,2,3,1,4,1,2, , , , ,1, , ,3,97,3,1,5,2,4, ,1,2,-9,MA, ,Masked,1.06,0.12,0.3,0.58,0.06
972,61,FALL 2008, ,1,3,1,2,1, ,1,1,2,2,DIFFERENT CHANGE,3,2,2,1,1, , , ,-9, , ,3, ,3,3,3,3, , , , , , , , , , , ,2,2,2,2, , , , ,3,-9, , , ,2, ,2,2, ,2,98,3,2,2,3,2,2,1,3,2,98,2,2, , , , ,4, , ,3,97,3,1,6,1,99, ,1,1,2,AL, ,Masked,1.06,0.12,0.3,0.58,0.06
973,62,FALL 2008, ,2,-9,-9,-9,-9, ,-9,-9,-9,-9, ,-9,-9,-9,-9,-9, , ,WEATHER,1, , ,2, ,4,1,2,4, , , , , , , , , , , ,1,2,1,1, , , , ,1,2, , , ,1, ,1,1, ,1,1,3,1,3,1,1,1,1,4,1,3,1,3, , , , ,2, , ,2,97,2,1,4,5,98, ,4,98,-9,MA, ,Masked,2.08,0.35,0.75,0.58,0.4
974,63,FALL 2008, ,1,2,2,3,2, ,2,4,3,2,MEDIA,6,2,3,2,2, , , ,-9, , ,4, ,1,1,1,2, , , , , , , , , , , ,2,98,4,98, , , , ,4,-9, , , ,4, ,1,4, ,4,4,4,4,1,1,1,4,2,4,4,4,4,4, , , , ,1, , ,4,97,2,1,1,5,2, ,1,1,1,WV, ,Masked,1.49,0.1,0.75,0.58,0.06
975,64,FALL 2008, ,1,2,1,98,1, ,1,1,1,1,WHAT I READ THE EARTH IS GETTING CLOSER TO THE SUN,6,98,1,1,1, , , ,-9, , ,4, ,2,1,4,1, , , , , , , , , , , ,1,2,1,1, , , , ,98,-9, , , ,1, ,1,1, ,1,4,4,1,1,1,1,1,1,1,1,1,1,4, , , , ,2, , ,4,97,2,1,2,1,1, ,2,6,-9,GA, ,Masked,2.43,0.1,0.75,0.58,1
976,65,FALL 2008, ,1,1,2,2,2, ,1,1,1,2,RECORD BREAKING TEMPERATURES,2,1,1,1,1, , , ,-9, , ,4, ,3,4,4,4, , , , , , , , , , , ,1,2,1,2, , , , ,4,-9, , , ,2, ,2,2, ,3,2,4,2,2,4,3,1,1,3,1,2,1,2, , , , ,4, , ,3,97,4,1,6,2,4, ,1,2,-9,FL, ,Masked,0.89,0.12,0.13,0.58,0.06
977,66,FALL 2008, ,98,-9,-9,-9,-9, ,-9,-9,-9,-9, ,-9,-9,-9,-9,-9, , , ,-9, , ,98, ,98,3,2,98, , , , , , , , , , , ,3,3,3,3, , , , ,4,-9, , , ,2, ,2,1, ,2,4,4,1,98,2,2,1,2,3,1,3,2,1, , , , ,3, , ,3,97,2,2,4,1,2, ,1,1,98,PA, ,Masked,1,0.12,0.75,0.07,0.06
978,67,FALL 2008, ,2,-9,-9,-9,-9, ,-9,-9,-9,-9, ,-9,-9,-9,-9,-9, , ,LACK OF EVIDENCE,3, , ,4, ,1,4,1,2, , , , , , , , , , , ,2,3,4,3, , , , ,4,-9, , , ,4, ,4,4, ,4,4,4,4,4,4,1,98,98,4,4,1,4,4, , , , ,1, , ,4,97,5,2,99,2,2, ,1,2,-9,MD, ,Masked,0.29,0.1,0.06,0.07,0.06
979,68,FALL 2008, ,1,98,2,1,1, ,2,1,1,4,EVERY DAY LIVING,3,1,1,2,1, , , ,-9, , ,98, ,2,2,4,3, , , , , , , , , , , ,98,98,98,98, , , , ,1,2, , , ,2, ,1,98, ,1,4,4,1,1,2,4,1,2,2,1,3,4,4, , , , ,1, , ,4,97,2,2,98,1,1, ,1,1,1,OH, ,Masked,0.98,0.1,0.75,0.07,0.06
980,69,FALL 2008, ,1,3,2,99,1, ,1,1,1,98,TV SHOWS,6,2,1,1,1, , , ,-9, , ,3, ,4,3,4,4, , , , , , , , , , , ,1,1,1,1, , , , ,4,-9, , , ,98, ,1,1, ,2,1,4,1,2,4,98,98,2,4,1,3,1,1, , , , ,2, , ,3,97,2,2,1,1,98, ,5,1,2,DE, ,Masked,1.19,0.12,0.75,0.07,0.25
981,70,FALL 2008, ,1,3,1,4,2, ,2,2,4,3,READING IN JOURNALS PERIODICALS,6,2,3,1,1, , , ,-9, , ,4, ,3,98,3,4, , , , , , , , , , , ,1,2,2,2, , , , ,4,-9, , , ,1, ,1,2, ,3,2,2,3,98,3,1,2,2,2,2,3,2,2, , , , ,5, , ,3,97,5,1,6,1,4, ,1,1,2,MI, ,Masked,0.82,0.12,0.06,0.58,0.06
982,71,FALL 2008, ,1,1,1,4,1, ,1,1,3,2,POLAR ICE CAPS MELTING,1,1,3,1,1, , , ,-9, , ,4, ,3,3,4,4, , , , , , , , , , , ,2,2,1,2, , , , ,4,-9, , , ,2, ,2,1, ,3,2,1,2,2,4,1,2,2,3,2,2,1,1, , , , ,5, , ,2,97,4,2,6,4,1, ,1,6,-9,GA, ,Masked,0.61,0.35,0.13,0.07,0.06
983,72,FALL 2008, ,1,98,3,98,98, ,1,2,3,2,WHAT I HEARD,2,98,1,1,1, , , ,-9, , ,98, ,3,2,2,3, , , , , , , , , , , ,1,1,2,1, , , , ,3,-9, , , ,2, ,2,2, ,2,2,3,2,2,2,2,2,98,2,2,2,2,2, , , , ,1, , ,3,97,99,1,99,99,99, ,99,99,-9,PA, ,Masked,1.2,0.12,0.25,0.58,0.25
984,73,FALL 2008, ,1,1,1,4,1, ,1,1,1,2,LITERATURE READ,6,1,2,1,1, , , ,-9, , ,4, ,4,4,4,4, , , , , , , , , , , ,2,3,1,2, , , , ,4,-9, , , ,1, ,1,1, ,1,1,2,1,3,4,1,1,98,2,1,2,1,1, , , , ,3, , ,3,97,4,2,4,1,1, ,5,1,2,FL, ,Masked,0.57,0.12,0.13,0.07,0.25
985,74,FALL 2008, ,2,-9,-9,-9,-9, ,-9,-9,-9,-9, ,-9,-9,-9,-9,-9, , ,HEARD AND READ,8, , ,3, ,4,4,3,3, , , , , , , , , , , ,3,3,1,3, , , , ,4,-9, , , ,98, ,2,2, ,3,3,4,2,99,4,2,98,98,1,2,2,2,1, , , , ,2, , ,1,97,4,2,2,1,99, ,1,99,-9,IN, ,Masked,0.71,0.45,0.13,0.07,0.06
986,75,FALL 2008, ,1,3,1,4,1, ,4,2,3,2,WE CUT DOWN ALOT OF TREES,10,3,2,98,1, , , ,-9, , ,3, ,3,2,3,3, , , , , , , , , , , ,2,2,2,2, , , , ,4,-9, , , ,3, ,1,1, ,4,4,4,3,2,4,1,1,1,3,1,4,2,4, , , , ,4, , ,3,97,4,1,5,5,98, ,5,6,-9,RI, ,Masked,1.08,0.12,0.13,0.58,0.25
987,76,FALL 2008, ,2,-9,-9,-9,-9, ,-9,-9,-9,-9, ,-9,-9,-9,-9,-9, , ,NORMAL CYCLE,2, , ,4, ,2,2,1,2, , , , , , , , , , , ,1,2,1,2, , , , ,4,-9, , , ,2, ,1,1, ,2,3,4,2,1,3,1,3,98,1,1,2,1,2, , , , ,2, , ,3,97,2,1,1,1,2, ,3,1,1,GA, ,Masked,4.65,0.12,0.75,0.58,3.2
988,77,FALL 2008, ,1,2,2,4,4, ,1,3,4,4,THE MEDIA,6,4,4,2,3, , , ,-9, , ,2, ,1,2,3,3, , , , , , , , , , , ,2,2,4,2, , , , ,4,-9, , , ,2, ,4,2, ,2,2,1,4,4,4,1,4,98,4,98,4,4,4, , , , ,5, , ,2,97,4,1,99,2,4, ,1,1,2,CT, ,Masked,1.12,0.35,0.13,0.58,0.06
989,78,FALL 2008, ,1,1,1,1,1, ,1,1,4,1,NUMBER OF HURRICANES,3,1,1,1,2, , , ,-9, , ,4, ,4,4,4,4, , , , , , , , , , , ,2,1,1,2, , , , ,4,-9, , , ,2, ,1,1, ,4,4,4,4,1,4,2,1,1,4,1,2,1,1, , , , ,3, , ,5,97,4,2,2,1,1, ,1,2,-9,FL, ,Masked,0.51,0.25,0.13,0.07,0.06
990,79,FALL 2008, ,1,3,2,2,1, ,1,1,2,98,ICE MELTING,1,2,1,1,2, , , ,-9, , ,4, ,3,3,4,3, , , , , , , , , , , ,1,1,1,1, , , , ,4,-9, , , ,2, ,1,1, ,2,98,98,1,2,4,1,1,1,3,1,98,1,1, , , , ,4, , ,3,97,4,1,6,4,4, ,5,2,-9,WV, ,Masked,1.08,0.12,0.13,0.58,0.25
991,80,FALL 2008, ,1,1,1,1,1, ,1,1,2,1,SCENTIFIC REPORTS,4,1,2,1,1, , , ,-9, , ,4, ,4,4,4,4, , , , , , , , , , , ,1,2,1,1, , , , ,1,1, , , ,98, ,2,1, ,1,2,3,1,2,4,3,1,98,4,1,3,1,1, , , , ,3, , ,3,97,5,2,3,4,4, ,1,6,-9,MA, ,Masked,0.31,0.12,0.06,0.07,0.06
992,81,FALL 2008, ,1,1,2,3,1, ,1,1,1,3,TV SHOWS,6,1,3,1,1, , , ,-9, , ,4, ,4,4,4,4, , , , , , , , , , , ,1,2,1,2, , , , ,4,-9, , , ,1, ,2,1, ,1,1,4,1,1,1,1,1,2,4,1,1,1,1, , , , ,3, , ,4,97,3,2,2,1,1, ,1,2,-9,VT, ,Masked,0.53,0.1,0.3,0.07,0.06
993,82,FALL 2008, ,1,2,1,4,4, ,1,4,4,4,INFORMATION,5,4,4,2,3, , , ,-9, , ,4, ,4,1,2,1, , , , , , , , , , , ,2,2,4,2, , , , ,4,-9, , , ,98, ,1,1, ,4,4,4,4,1,1,1,4,98,1,1,4,2,4, , , , ,2, , ,2,97,4,1,4,3,2, ,1,1,2,MI, ,Masked,1.12,0.35,0.13,0.58,0.06
994,83,FALL 2008, ,1,1,1,4,1, ,1,1,2,4,ICE CAPS,1,1,1,1,1, , , ,-9, , ,4, ,4,4,4,4, , , , , , , , , , , ,1,1,1,1, , , , ,4,-9, , , ,4, ,4,1, ,1,4,4,1,1,4,4,1,98,3,1,4,1,1, , , , ,6, , ,3,97,4,2,1,1,1, ,1,6,-9,NC, ,Masked,0.38,0.12,0.13,0.07,0.06
995,84,FALL 2008, ,1,3,1,99,2, ,1,1,3,2,FEELS WARMER  ICE CAPS,2,2,2,1,1, , , ,-9, , ,3, ,4,2,4,1, , , , , , , , , , , ,1,2,1,1, , , , ,4,-9, , , ,2, ,1,1, ,4,4,4,98,98,4,1,2,1,3,1,1,1,3, , , , ,2, , ,4,97,4,1,2,98,1, ,1,2,-9,MI, ,Masked,0.87,0.1,0.13,0.58,0.06
996,85,FALL 2008, ,2,-9,-9,-9,-9, ,-9,-9,-9,-9, ,-9,-9,-9,-9,-9, , ,FACTS CHANGE,2, , ,1, ,1,1,1,1, , , , , , , , , , , ,3,3,4,2, , , , ,1,2, , , ,4, ,4,4, ,4,4,4,4,4,4,3,4,1,4,4,4,4,4, , , , ,1, , ,3,97,5,2,6,1,1, ,1,6,-9,GA, ,Masked,0.31,0.12,0.06,0.07,0.06
997,86,FALL 2008, ,1,1,1,2,1, ,1,1,4,1,HURRICANES DISASTERS,3,1,1,1,1, , , ,-9, , ,4, ,4,4,4,1, , , , , , , , , , , ,1,1,3,1, , , , ,4,-9, , , ,1, ,1,1, ,1,1,4,1,1,3,1,1,98,3,1,1,1,1, , , , ,2, , ,1,97,3,2,3,5,1, ,3,2,-9,FL, ,Masked,4.02,0.45,0.3,0.07,3.2
998,87,FALL 2008, ,1,1,1,2,2, ,1,1,2,4,WEATHER,3,4,2,1,1, , , ,-9, , ,4, ,4,4,4,4, , , , , , , , , , , ,1,1,1,1, , , , ,4,-9, , , ,98, ,1,1, ,1,2,98,1,1,4,98,2,98,2,1,98,1,1, , , , ,5, , ,2,97,3,2,6,98,99, ,99,99,-9,NY, ,Masked,1.07,0.45,0.3,0.07,0.25
999,88,FALL 2008, ,1,98,2,98,1, ,1,1,4,3,TIDAL WAVES,3,98,4,98,2, , , ,-9, , ,4, ,98,4,4,4, , , , , , , , , , , ,1,1,1,1, , , , ,4,-9, , , ,98, ,98,1, ,4,4,4,1,98,4,98,2,98,98,1,2,2,4, , , , ,4, , ,3,97,2,2,99,2,98, ,1,7,-9,MI, ,Masked,1,0.12,0.75,0.07,0.06
1000,89,FALL 2008, ,1,3,1,1,1, ,1,2,4,3,OBSERVING AND LEARNING,2,2,3,1,1, , , ,-9, , ,4, ,4,4,4,4, , , , , , , , , , , ,1,1,1,1, , , , ,4,-9, , , ,4, ,1,1, ,1,1,1,2,2,4,1,1,98,4,1,4,1,1, , , , ,6, , ,3,97,4,2,6,1,1, ,1,2,-9,TX, ,Masked,0.38,0.12,0.13,0.07,0.06
1001,90,FALL 2008, ,1,3,1,2,2, ,2,2,3,3,MEDIA AND EXPERIENCING HOTTER TEMPERATURES,6,2,2,1,1, , , ,-9, , ,4, ,3,3,4,4, , , , , , , , , , , ,1,2,1,2, , , , ,2,3, , , ,1, ,2,2, ,3,3,2,3,2,4,3,1,98,3,1,3,2,2, , , , ,5, , ,1,97,1,1,99,6,1, ,1,6,-9,NY, ,Masked,2.09,0.45,1,0.58,0.06
1002,91,FALL 2008, ,1,1,1,2,3, ,1,2,3,4,GLACIARS,1,3,4,1,1, , , ,-9, , ,4, ,4,4,4,4, , , , , , , , , , , ,2,2,1,2, , , , ,4,-9, , , ,1, ,1,3, ,1,1,4,2,1,4,1,2,2,2,1,3,2,3, , , , ,98, , ,3,97,4,2,3,1,1, ,1,1,1,MD, ,Masked,0.38,0.12,0.13,0.07,0.06
1003,92,FALL 2008, ,1,1,1,98,1, ,1,2,1,2,SCIENTIFIC STUDIES,4,2,1,1,1, , , ,-9, , ,4, ,4,4,4,4, , , , , , , , , , , ,1,2,1,1, , , , ,4,-9, , , ,98, ,2,1, ,98,4,4,2,1,3,3,98,98,4,1,3,2,1, , , , ,4, , ,3,97,3,2,99,2,1, ,1,2,-9,FL, ,Masked,0.55,0.12,0.3,0.07,0.06
1004,93,FALL 2008, ,1,2,1,4,3, ,3,3,3,1,NEWS,6,3,3,2,98, , , ,-9, , ,1, ,1,1,4,1, , , , , , , , , , , ,3,3,4,3, , , , ,1,98, , , ,3, ,1,4, ,4,4,4,3,98,4,1,1,98,1,1,4,1,4, , , , ,5, , ,3,97,5,2,99,4,2, ,1,1,1,NY, ,Masked,0.31,0.12,0.06,0.07,0.06
1005,94,FALL 2008, ,98,-9,-9,-9,-9, ,-9,-9,-9,-9, ,-9,-9,-9,-9,-9, , , ,-9, , ,98, ,98,4,98,98, , , , , , , , , , , ,2,2,2,2, , , , ,4,-9, , , ,98, ,2,1, ,3,4,4,2,98,2,2,1,98,98,3,3,2,3, , , , ,2, , ,4,97,5,1,99,2,1, ,1,1,2,OH, ,Masked,0.8,0.1,0.06,0.58,0.06
1006,95,FALL 2008, ,1,1,98,2,4, ,2,2,4,4,NEWSPAPER ARTICLES,6,1,4,1,2, , , ,-9, , ,3, ,3,4,3,3, , , , , , , , , , , ,1,2,2,1, , , , ,4,-9, , , ,2, ,1,2, ,2,3,3,1,2,1,3,2,2,3,1,2,1,2, , , , ,3, , ,3,97,2,2,3,2,4, ,1,7,-9,OH, ,Masked,1,0.12,0.75,0.07,0.06
1007,96,FALL 2008, ,1,3,1,1,1, ,1,3,2,2,LOSING LAND,10,1,1,1,1, , , ,-9, , ,98, ,3,98,2,3, , , , , , , , , , , ,2,2,1,2, , , , ,3,-9, , , ,2, ,2,2, ,2,3,4,1,2,1,2,98,98,2,3,3,2,3, , , , ,1, , ,3,97,4,2,2,1,1, ,2,4,-9,MD, ,Masked,1.32,0.12,0.13,0.07,1
1008,97,FALL 2008, ,1,1,1,98,98, ,2,1,4,98,CHANGE IN WEATHER,3,98,2,1,1, , , ,-9, , ,4, ,4,4,1,1, , , , , , , , , , , ,3,3,2,2, , , , ,2,1, , , ,2, ,3,2, ,2,2,2,3,98,1,3,2,98,2,2,2,3,2, , , , ,1, , ,3,97,1,2,1,1,3, ,2,1,2,IN, ,Masked,2.19,0.12,1,0.07,1
1009,98,FALL 2008, ,1,2,2,4,2, ,98,1,4,4,THE TEMPERATURES ARE  INCREASING AND DECREASING,3,4,2,98,2, , , ,-9, , ,2, ,3,2,2,2, , , , , , , , , , , ,98,98,2,98, , , , ,2,3, , , ,3, ,2,3, ,98,3,4,2,98,3,3,2,98,2,2,4,2,3, , , , ,1, , ,3,97,3,2,99,1,1, ,1,1,1,NY, ,Masked,0.78,0.35,0.3,0.07,0.06
1010,99,FALL 2008, ,1,1,2,98,1, ,98,1,2,1,THE CLIMATE,3,98,1,1,1, , , ,-9, , ,1, ,1,3,1,1, , , , , , , , , , , ,3,2,1,2, , , , ,4,-9, , , ,1, ,1,3, ,1,3,4,1,3,1,1,1,2,4,1,1,1,1, , , , ,98, , ,3,97,2,1,3,1,98, ,3,2,-9,TX, ,Masked,4.65,0.12,0.75,0.58,3.2
1011,100,FALL 2008, ,1,2,1,4,1, ,1,2,1,1,WARMER WEATHER,2,1,1,1,1, , , ,-9, , ,4, ,1,4,4,4, , , , , , , , , , , ,2,3,4,2, , , , ,1,3, , , ,4, ,99,98, ,4,1,4,2,3,4,1,2,98,3,1,1,1,98, , , , ,2, , ,2,97,4,1,1,5,4, ,5,5,-9,NJ, ,Masked,1.31,0.35,0.13,0.58,0.25
1012,101,FALL 2008, ,98,-9,-9,-9,-9, ,-9,-9,-9,-9, ,-9,-9,-9,-9,-9, , , ,-9, , ,4, ,2,98,98,3, , , , , , , , , , , ,1,3,4,2, , , , ,4,-9, , , ,2, ,98,1, ,2,3,4,2,2,3,3,4,98,1,2,3,98,2, , , , ,3, , ,4,97,2,2,98,2,2, ,1,1,1,FL, ,Masked,0.98,0.1,0.75,0.07,0.06
1013,102,FALL 2008, ,1,3,2,2,4, ,2,2,3,98,ICE MELTLING,1,2,4,1,2, , , ,-9, , ,4, ,1,3,4,3, , , , , , , , , , , ,2,2,1,2, , , , ,4,-9, , , ,2, ,1,1, ,4,4,4,98,98,98,1,2,98,98,98,98,1,98, , , , ,1, , ,4,97,2,2,1,2,1, ,1,2,-9,PA, ,Masked,0.98,0.1,0.75,0.07,0.06
1014,103,FALL 2008, ,98,-9,-9,-9,-9, ,-9,-9,-9,-9, ,-9,-9,-9,-9,-9, , , ,-9, , ,98, ,2,2,2,2, , , , , , , , , , , ,2,3,2,2, , , , ,4,-9, , , ,4, ,1,2, ,2,3,4,2,2,3,1,2,2,2,2,98,3,3, , , , ,3, , ,3,97,4,2,6,6,4, ,1,1,1,NC, ,Masked,0.38,0.12,0.13,0.07,0.06
1015,104,FALL 2008, ,1,2,1,4,98, ,2,2,2,2,CHANGE IN SEASONS,3,3,1,98,2, , , ,-9, , ,2, ,3,2,2,3, , , , , , , , , , , ,98,98,3,98, , , , ,2,2, , , ,98, ,98,2, ,3,4,4,3,2,3,98,98,98,98,2,98,2,98, , , , ,1, , ,5,97,3,2,2,1,99, ,2,6,-9,NC, ,Masked,1.62,0.25,0.3,0.07,1
1016,105,FALL 2008, ,1,3,2,98,2, ,2,2,2,2,DATA,4,98,3,1,2, , , ,-9, , ,2, ,2,3,2,3, , , , , , , , , , , ,2,1,2,2, , , , ,4,-9, , , ,2, ,2,1, ,2,2,3,1,98,3,2,2,99,98,1,2,1,2, , , , ,3, , ,3,97,5,2,99,1,2, ,1,1,2,MD, ,Masked,0.31,0.12,0.06,0.07,0.06
1017,106,FALL 2008, ,1,3,1,98,1, ,1,1,1,98,NO SNOW ANYMORE,2,98,1,1,1, , , ,-9, , ,4, ,4,3,4,4, , , , , , , , , , , ,1,1,1,1, , , , ,4,-9, , , ,4, ,98,1, ,1,4,4,1,1,4,4,1,98,4,1,4,1,4, , , , ,1, , ,2,97,2,2,99,1,1, ,1,6,-9,PA, ,Masked,1.23,0.35,0.75,0.07,0.06
1018,107,FALL 2008, ,1,3,1,99,1, ,1,2,1,1,HOTTER LONGER,2,1,1,1,2, , , ,-9, , ,2, ,2,4,4,4, , , , , , , , , , , ,1,1,1,1, , , , ,4,-9, , , ,4, ,1,1, ,1,4,4,1,98,4,1,2,98,3,1,1,1,4, , , , ,1, , ,4,97,2,2,3,1,2, ,1,2,-9,IN, ,Masked,0.98,0.1,0.75,0.07,0.06
1019,108,FALL 2008, ,2,-9,-9,-9,-9, ,-9,-9,-9,-9, ,-9,-9,-9,-9,-9, , ,IT IS ALL PROPAGANDA,9, , ,1, ,2,1,1,2, , , , , , , , , , , ,3,3,4,3, , , , ,4,-9, , , ,4, ,2,4, ,4,4,4,2,4,3,4,4,2,4,4,2,1,4, , , , ,1, , ,3,97,3,1,99,2,2, ,1,1,98,NJ, ,Masked,1.29,0.35,0.3,0.58,0.06
1020,109,FALL 2008, ,1,3,1,4,3, ,1,2,2,4,COMBINATION OF THINGS,10,1,98,1,1, , , ,-9, , ,4, ,4,4,2,4, , , , , , , , , , , ,2,2,4,2, , , , ,4,-9, , , ,1, ,1,1, ,2,1,4,1,2,3,1,2,2,3,2,3,2,3, , , , ,6, , ,3,97,1,1,6,2,1, ,1,2,-9,IN, ,Masked,1.76,0.12,1,0.58,0.06
1021,110,FALL 2008, ,1,1,2,2,1, ,1,2,1,2,RESEARCH,4,2,2,1,1, , , ,-9, , ,3, ,3,3,3,3, , , , , , , , , , , ,2,2,2,2, , , , ,2,1, , , ,2, ,1,2, ,2,2,2,2,98,3,2,2,2,3,2,2,1,2, , , , ,6, , ,3,97,5,2,5,5,4, ,1,6,-9,VA, ,Masked,0.31,0.12,0.06,0.07,0.06
1022,111,FALL 2008, ,1,3,1,1,1, ,1,1,1,1,SUMMERS HOTTER,2,1,4,1,1, , , ,-9, , ,4, ,4,3,2,1, , , , , , , , , , , ,2,2,1,2, , , , ,4,-9, , , ,1, ,1,1, ,1,1,1,1,1,1,1,2,2,98,1,1,1,1, , , , ,5, , ,4,97,3,2,4,1,1, ,1,2,-9,NY, ,Masked,0.53,0.1,0.3,0.07,0.06
1023,112,FALL 2008, ,1,3,2,2,3, ,1,3,4,2,THE ICE MELTING,1,2,4,1,1, , , ,-9, , ,4, ,4,4,4,2, , , , , , , , , , , ,1,2,1,1, , , , ,4,-9, , , ,4, ,98,2, ,2,3,4,2,2,4,1,2,1,3,1,4,4,2, , , , ,4, , ,4,97,5,1,99,1,1, ,1,1,2,MI, ,Masked,0.8,0.1,0.06,0.58,0.06
1024,113,FALL 2008, ,1,2,1,99,3, ,1,3,2,3,RESEARCH,4,2,1,2,2, , , ,-9, , ,4, ,1,3,2,2, , , , , , , , , , , ,2,2,98,2, , , , ,4,-9, , , ,2, ,98,1, ,3,3,4,2,2,2,2,1,1,2,1,4,1,1, , , , ,5, , ,3,97,3,1,98,1,2, ,1,6,-9,OH, ,Masked,1.06,0.12,0.3,0.58,0.06
1025,114,FALL 2008, ,1,3,2,98,98, ,1,1,2,1,SEEING TEMPERATURES INCREASE,2,2,1,1,1, , , ,-9, , ,3, ,3,2,4,4, , , , , , , , , , , ,2,2,1,2, , , , ,4,-9, , , ,1, ,1,1, ,1,1,4,1,3,1,1,1,98,4,1,1,1,1, , , , ,4, , ,4,97,2,1,3,3,4, ,1,2,-9,NY, ,Masked,1.49,0.1,0.75,0.58,0.06
1026,115,FALL 2008, ,1,2,2,4,2, ,2,2,1,2,OVER THE YEARS IT IS GETTING HOTTER,2,2,1,1,1, , , ,-9, , ,2, ,3,2,4,3, , , , , , , , , , , ,1,2,1,2, , , , ,4,-9, , , ,2, ,2,2, ,2,4,4,2,2,3,2,2,98,3,1,2,2,2, , , , ,2, , ,3,97,3,2,4,1,4, ,1,1,2,TN, ,Masked,0.55,0.12,0.3,0.07,0.06
1027,116,FALL 2008, ,1,3,1,1,1, ,1,2,2,2,ICE CAPS,1,1,2,1,1, , , ,-9, , ,4, ,2,4,4,4, , , , , , , , , , , ,1,1,1,1, , , , ,4,-9, , , ,4, ,1,1, ,98,98,4,1,1,4,98,1,98,4,1,1,1,98, , , , ,5, , ,3,97,5,2,6,5,1, ,1,6,-9,CT, ,Masked,0.31,0.12,0.06,0.07,0.06
1028,117,FALL 2008, ,1,3,1,4,4, ,2,4,4,2,TEMPERATURES,2,3,4,2,3, , , ,-9, , ,3, ,1,2,1,1, , , , , , , , , , , ,1,2,3,2, , , , ,4,-9, , , ,1, ,1,1, ,2,1,1,2,4,1,1,2,2,4,2,2,1,1, , , , ,6, , ,3,97,5,1,6,1,2, ,1,1,2,CT, ,Masked,0.82,0.12,0.06,0.58,0.06
1029,118,FALL 2008, ,2,-9,-9,-9,-9, ,-9,-9,-9,-9, ,-9,-9,-9,-9,-9, , ,WINTERS ARE FREEZING,1, , ,1, ,1,1,1,1, , , , , , , , , , , ,1,2,1,2, , , , ,4,-9, , , ,4, ,3,1, ,1,4,4,1,4,1,4,1,2,1,1,1,1,1, , , , ,3, , ,5,97,4,1,4,5,3, ,1,2,-9,RI, ,Masked,1.02,0.25,0.13,0.58,0.06
1030,119,FALL 2008, ,1,1,1,1,3, ,1,1,2,98,AL GORES WORK,5,2,2,1,1, , , ,-9, , ,4, ,4,4,3,3, , , , , , , , , , , ,1,2,1,2, , , , ,98,-9, , , ,2, ,98,1, ,1,2,3,2,98,3,3,1,98,98,1,3,1,2, , , , ,4, , ,4,97,5,2,4,1,1, ,1,2,-9,NY, ,Masked,0.29,0.1,0.06,0.07,0.06
1031,120,FALL 2008, ,98,-9,-9,-9,-9, ,-9,-9,-9,-9, ,-9,-9,-9,-9,-9, , , ,-9, , ,1, ,1,1,1,4, , , , , , , , , , , ,3,3,4,3, , , , ,1,99, , , ,4, ,4,4, ,4,4,4,4,4,1,4,4,98,4,4,4,4,4, , , , ,1, , ,1,97,3,2,98,1,1, ,1,6,-9,IA, ,Masked,0.88,0.45,0.3,0.07,0.06
1032,121,FALL 2008, ,98,-9,-9,-9,-9, ,-9,-9,-9,-9, ,-9,-9,-9,-9,-9, , , ,-9, , ,4, ,2,4,2,98, , , , , , , , , , , ,1,2,1,2, , , , ,4,-9, , , ,98, ,1,1, ,1,4,4,1,1,4,1,1,98,4,1,1,1,1, , , , ,4, , ,5,97,3,2,2,5,2, ,1,1,1,PA, ,Masked,0.68,0.25,0.3,0.07,0.06
1033,122,FALL 2008, ,1,2,2,4,1, ,98,2,1,2,WHAT I READ AND HEAR,2,1,1,2,2, , , ,-9, , ,4, ,1,4,4,1, , , , , , , , , , , ,1,3,4,3, , , , ,4,-9, , , ,1, ,1,1, ,1,4,4,1,2,1,1,3,2,1,1,4,1,4, , , , ,1, , ,3,97,4,1,3,1,2, ,1,6,-9,SC, ,Masked,0.89,0.12,0.13,0.58,0.06
1034,123,FALL 2008, ,2,-9,-9,-9,-9, ,-9,-9,-9,-9, ,-9,-9,-9,-9,-9, , ,TV PROGRAM,4, , ,1, ,1,1,1,1, , , , , , , , , , , ,2,2,2,2, , , , ,1,1, , , ,2, ,1,1, ,2,4,4,3,4,1,2,1,2,2,1,4,3,4, , , , ,4, , ,2,97,3,2,4,1,2, ,1,2,-9,NC, ,Masked,0.88,0.45,0.3,0.07,0.06
1035,124,FALL 2008, ,1,3,1,98,98, ,98,2,3,4,WEATHER,3,2,2,1,1, , , ,-9, , ,2, ,98,2,4,98, , , , , , , , , , , ,98,2,2,2, , , , ,4,-9, , , ,2, ,1,1, ,1,2,3,2,1,4,1,2,98,3,1,4,3,2, , , , ,3, , ,1,97,3,2,98,1,1, ,1,1,98,OH, ,Masked,0.88,0.45,0.3,0.07,0.06
1036,125,FALL 2008, ,2,-9,-9,-9,-9, ,-9,-9,-9,-9, ,-9,-9,-9,-9,-9, , ,NOTHING SPECIFIC,8, , ,1, ,1,1,1,1, , , , , , , , , , , ,2,2,1,2, , , , ,2,3, , , ,1, ,1,1, ,1,1,4,1,4,1,2,2,2,1,1,1,1,1, , , , ,6, , ,2,97,4,2,6,1,2, ,1,6,-9,GA, ,Masked,0.61,0.35,0.13,0.07,0.06
1037,126,FALL 2008, ,98,-9,-9,-9,-9, ,-9,-9,-9,-9, ,-9,-9,-9,-9,-9, , , ,-9, , ,2, ,2,4,98,2, , , , , , , , , , , ,2,2,2,2, , , , ,4,-9, , , ,2, ,2,2, ,3,4,4,2,3,2,3,2,98,2,2,2,2,2, , , , ,98, , ,3,97,2,2,99,2,99, ,1,1,2,NJ, ,Masked,1,0.12,0.75,0.07,0.06
1038,127,FALL 2008, ,1,98,1,98,1, ,1,1,1,1,WINTERS ARE GETTING WARMER,2,1,1,98,2, , , ,-9, , ,3, ,3,3,1,4, , , , , , , , , , , ,2,2,3,2, , , , ,4,-9, , , ,1, ,2,1, ,1,4,4,1,3,3,1,1,1,4,1,2,1,3, , , , ,98, , ,3,97,2,2,3,1,98, ,1,1,1,WI, ,Masked,1,0.12,0.75,0.07,0.06
1039,128,FALL 2008, ,1,3,2,3,2, ,2,2,2,3,MEDIA,6,3,2,1,1, , , ,-9, , ,4, ,4,2,4,4, , , , , , , , , , , ,1,2,1,2, , , , ,4,-9, , , ,2, ,98,4, ,2,1,2,1,2,4,2,2,2,2,2,2,1,2, , , , ,4, , ,1,97,4,2,6,1,1, ,1,1,2,FL, ,Masked,0.71,0.45,0.13,0.07,0.06
1040,129,FALL 2008, ,1,3,1,1,2, ,1,2,2,98,LESS SNOW IN KANSAS,2,98,2,1,1, , , ,-9, , ,4, ,4,4,4,4, , , , , , , , , , , ,1,1,1,1, , , , ,4,-9, , , ,98, ,1,1, ,1,4,4,4,98,4,98,1,2,1,1,98,1,1, , , , ,3, , ,3,97,3,2,6,1,1, ,1,1,2,KS, ,Masked,0.55,0.12,0.3,0.07,0.06
1041,130,FALL 2008, ,2,-9,-9,-9,-9, ,-9,-9,-9,-9, ,-9,-9,-9,-9,-9, , ,ITS A CYCLE,2, , ,2, ,2,1,2,3, , , , , , , , , , , ,3,3,4,3, , , , ,4,-9, , , ,2, ,4,4, ,3,4,4,4,4,1,4,2,98,2,3,3,4,3, , , , ,3, , ,4,97,5,1,99,2,1, ,1,2,-9,PA, ,Masked,0.8,0.1,0.06,0.58,0.06
1042,131,FALL 2008, ,1,3,2,98,1, ,1,4,1,4,REPORTS AND POLLS,4,1,4,98,1, , , ,-9, , ,4, ,4,98,4,4, , , , , , , , , , , ,1,1,1,1, , , , ,4,-9, , , ,4, ,1,1, ,1,4,4,1,98,4,4,1,2,4,1,4,1,1, , , , ,5, , ,3,97,4,2,2,1,4, ,1,1,2,MA, ,Masked,0.38,0.12,0.13,0.07,0.06
1043,132,FALL 2008, ,98,-9,-9,-9,-9, ,-9,-9,-9,-9, ,-9,-9,-9,-9,-9, , , ,-9, , ,3, ,1,1,3,98, , , , , , , , , , , ,2,2,2,2, , , , ,1,3, , , ,99, ,2,1, ,98,98,4,2,3,2,4,2,98,2,1,2,1,2, , , , ,98, , ,4,97,3,2,3,1,2, ,1,6,-9,OH, ,Masked,0.53,0.1,0.3,0.07,0.06
1044,133,FALL 2008, ,98,-9,-9,-9,-9, ,-9,-9,-9,-9, ,-9,-9,-9,-9,-9, , , ,-9, , ,98, ,4,4,4,4, , , , , , , , , , , ,1,1,2,1, , , , ,2,3, , , ,1, ,1,1, ,1,4,4,1,2,4,2,2,2,3,2,3,1,1, , , , ,5, , ,2,97,4,2,99,5,4, ,1,2,-9,GA, ,Masked,0.61,0.35,0.13,0.07,0.06
1045,134,FALL 2008, ,1,1,1,4,1, ,1,1,1,2,THE SEVERITY OF STORMS AND MELTING OF POLAR ICE CAPS,3,4,1,1,1, , , ,-9, , ,4, ,4,4,4,4, , , , , , , , , , , ,1,1,1,1, , , , ,4,-9, , , ,4, ,1,1, ,1,1,1,1,98,4,2,2,98,3,1,1,1,1, , , , ,4, , ,2,97,3,2,3,5,2, ,1,1,2,PA, ,Masked,0.78,0.35,0.3,0.07,0.06
1046,135,FALL 2008, ,2,-9,-9,-9,-9, ,-9,-9,-9,-9, ,-9,-9,-9,-9,-9, , ,RESEARCH,5, , ,98, ,1,1,1,1, , , , , , , , , , , ,2,2,4,2, , , , ,98,-9, , , ,98, ,4,4, ,2,4,4,1,3,1,1,1,2,98,4,4,4,4, , , , ,1, , ,3,97,4,1,3,4,2, ,1,1,1,OH, ,Masked,1.12,0.35,0.13,0.58,0.06
1047,136,FALL 2008, ,1,1,2,1,1, ,1,1,1,2,WEATHER PATTERNS ARE CHANGING,3,1,1,1,1, , , ,-9, , ,4, ,3,4,4,4, , , , , , , , , , , ,1,2,1,1, , , , ,4,-9, , , ,98, ,1,1, ,98,2,4,1,1,4,2,1,98,3,1,2,1,1, , , , ,5, , ,2,97,5,2,6,5,4, ,1,6,-9,NY, ,Masked,0.54,0.35,0.06,0.07,0.06
1048,137,FALL 2008, ,1,2,2,98,2, ,1,2,3,2,WEATHER CHANGES,3,2,2,1,2, , , ,-9, , ,2, ,2,3,1,2, , , , , , , , , , , ,1,1,2,1, , , , ,2,1, , , ,1, ,1,1, ,1,1,1,1,2,1,1,1,98,1,1,1,1,1, , , , ,2, , ,2,97,2,1,1,4,3, ,1,6,-9,IN, ,Masked,1.74,0.35,0.75,0.58,0.06
1049,138,FALL 2008, ,1,3,1,4,2, ,1,1,1,2,TEMPERATURES ARE INCREASING IN WINTER,3,2,1,1,2, , , ,-9, , ,3, ,2,3,98,3, , , , , , , , , , , ,1,2,2,2, , , , ,4,-9, , , ,3, ,1,2, ,2,4,4,2,1,3,3,98,98,3,2,2,2,2, , , , ,98, , ,3,97,3,2,99,2,99, ,1,1,98,GA, ,Masked,0.55,0.12,0.3,0.07,0.06
1050,139,FALL 2008, ,1,1,1,1,1, ,1,1,4,1,WHAT SHE HAS READ,6,1,3,1,1, , , ,-9, , ,4, ,4,4,4,4, , , , , , , , , , , ,3,2,1,3, , , , ,4,-9, , , ,98, ,1,1, ,1,2,4,4,1,4,1,1,2,4,1,4,1,1, , , , ,4, , ,4,97,4,2,2,2,1, ,1,6,-9,TX, ,Masked,0.36,0.1,0.13,0.07,0.06
1051,140,FALL 2008, ,98,-9,-9,-9,-9, ,-9,-9,-9,-9, ,-9,-9,-9,-9,-9, , , ,-9, , ,3, ,1,2,2,2, , , , , , , , , , , ,3,3,4,3, , , , ,2,2, , , ,4, ,1,3, ,2,4,4,3,3,1,1,3,98,2,4,3,3,3, , , , ,6, , ,3,97,5,1,4,1,2, ,1,1,1,VA, ,Masked,1.05,0.35,0.06,0.58,0.06
1052,141,FALL 2008, ,1,3,1,1,1, ,1,1,1,2,GREENHOUSE GAS,10,1,1,1,1, , , ,-9, , ,4, ,3,3,4,4, , , , , , , , , , , ,2,3,1,2, , , , ,4,-9, , , ,2, ,3,1, ,3,2,2,1,1,98,3,1,98,1,1,2,3,1, , , , ,3, , ,3,97,3,1,99,99,99, ,1,6,-9,PA, ,Masked,1.06,0.12,0.3,0.58,0.06
1053,142,FALL 2008, ,1,3,1,1,1, ,98,1,4,1,THE WEATHER,3,1,1,1,1, , , ,-9, , ,4, ,4,98,4,4, , , , , , , , , , , ,1,1,1,1, , , , ,4,-9, , , ,1, ,1,1, ,1,1,4,1,1,4,1,1,98,1,1,1,1,1, , , , ,2, , ,4,97,5,2,1,1,4, ,1,2,-9,GA, ,Masked,0.29,0.1,0.06,0.07,0.06
1054,143,FALL 2008, ,1,2,1,2,1, ,2,1,1,4,WINTERS APPEAR TO BE WARMER,2,4,1,2,1, , , ,-9, , ,4, ,3,3,4,4, , , , , , , , , , , ,1,2,1,1, , , , ,4,-9, , , ,4, ,1,1, ,1,4,4,1,1,4,4,1,98,4,1,4,1,1, , , , ,2, , ,3,97,3,2,4,1,4, ,1,2,-9,NJ, ,Masked,0.55,0.12,0.3,0.07,0.06
1055,144,FALL 2008, ,1,3,2,98,2, ,2,98,2,3,WEATHER PATTERNS,3,2,3,2,2, , , ,-9, , ,3, ,98,1,98,3, , , , , , , , , , , ,2,2,3,2, , , , ,4,-9, , , ,4, ,1,1, ,4,4,4,1,1,3,1,1,1,4,1,4,4,1, , , , ,3, , ,4,97,4,1,3,1,1, ,1,1,2,MA, ,Masked,0.87,0.1,0.13,0.58,0.06
1056,145,FALL 2008, ,1,1,1,1,1, ,2,2,1,2,THE AL GORE MOVIE,5,2,1,1,1, , , ,-9, , ,4, ,3,4,1,3, , , , , , , , , , , ,2,2,1,2, , , , ,3,-9, , , ,4, ,1,2, ,3,1,3,2,2,1,2,1,1,2,1,2,1,3, , , , ,98, , ,2,97,4,2,2,1,1, ,2,6,-9,PA, ,Masked,1.55,0.35,0.13,0.07,1
1057,146,FALL 2008, ,98,-9,-9,-9,-9, ,-9,-9,-9,-9, ,-9,-9,-9,-9,-9, , , ,-9, , ,3, ,1,1,1,1, , , , , , , , , , , ,2,3,4,3, , , , ,4,-9, , , ,2, ,2,4, ,4,4,4,4,4,4,1,2,98,4,4,4,4,4, , , , ,2, , ,3,97,2,1,98,3,99, ,1,6,-9,NY, ,Masked,1.74,0.35,0.75,0.58,0.06
1058,147,FALL 2008, ,1,1,1,4,3, ,1,3,1,2,SCIENCE ARTICLES,4,1,2,1,1, , , ,-9, , ,4, ,4,4,4,4, , , , , , , , , , , ,1,2,1,1, , , , ,2,1, , , ,98, ,1,1, ,4,4,2,1,1,4,4,1,2,98,1,2,2,1, , , , ,98, , ,4,97,5,1,6,2,1, ,1,6,-9,DC, ,Masked,0.8,0.1,0.06,0.58,0.06
1059,148,FALL 2008, ,2,-9,-9,-9,-9, ,-9,-9,-9,-9, ,-9,-9,-9,-9,-9, , ,IT IS TOO COLD,1, , ,3, ,2,2,1,98, , , , , , , , , , , ,1,2,2,2, , , , ,3,-9, , , ,98, ,2,2, ,1,4,4,1,2,2,2,2,98,3,1,2,1,2, , , , ,3, , ,3,97,5,2,99,5,4, ,1,1,1,PA, ,Masked,0.31,0.12,0.06,0.07,0.06
1060,149,FALL 2008, ,2,-9,-9,-9,-9, ,-9,-9,-9,-9, ,-9,-9,-9,-9,-9, , ,NO CHANGE,9, , ,1, ,1,1,1,1, , , , , , , , , , , ,3,3,4,3, , , , ,4,-9, , , ,98, ,98,2, ,4,4,4,3,4,1,2,1,2,98,1,3,2,4, , , , ,1, , ,4,97,2,2,98,3,2, ,1,1,2,MA, ,Masked,0.98,0.1,0.75,0.07,0.06
1061,150,FALL 2008, ,1,2,1,4,2, ,1,2,2,4,WEATHER,3,4,2,1,2, , , ,-9, , ,4, ,4,4,4,4, , , , , , , , , , , ,2,2,1,2, , , , ,4,-9, , , ,1, ,2,1, ,1,1,4,1,1,4,4,1,2,1,1,1,1,1, , , , ,3, , ,3,97,3,2,5,2,2, ,1,2,-9,NY, ,Masked,0.78,0.35,0.3,0.07,0.06
1062,151,FALL 2008, ,2,-9,-9,-9,-9, ,-9,-9,-9,-9, ,-9,-9,-9,-9,-9, , ,A METEOROLOGIST THAT SAYS THEY ARE NOT INCREA,9, , ,2, ,1,1,1,1, , , , , , , , , , , ,1,2,2,2, , , , ,4,-9, , , ,1, ,2,1, ,98,4,4,1,4,4,1,1,98,4,1,98,4,2, , , , ,1, , ,5,97,2,2,99,5,2, ,99,6,-9,MS, ,Masked,1.32,0.25,0.75,0.07,0.25
1063,152,FALL 2008, ,1,1,1,1,1, ,1,1,1,1,THE WEATHER AROUND THE WORLD,3,1,1,1,1, , , ,-9, , ,4, ,4,4,4,4, , , , , , , , , , , ,1,1,1,1, , , , ,4,-9, , , ,4, ,1,1, ,1,2,4,2,1,4,98,1,98,4,1,4,1,1, , , , ,5, , ,3,97,4,2,99,5,1, ,1,1,2,IN, ,Masked,0.38,0.12,0.13,0.07,0.06
1064,153,FALL 2008, ,2,-9,-9,-9,-9, ,-9,-9,-9,-9, ,-9,-9,-9,-9,-9, , ,NO CLUE,8, , ,1, ,1,1,1,1, , , , , , , , , , , ,3,3,4,3, , , , ,4,-9, , , ,1, ,1,1, ,4,4,4,4,4,4,1,1,2,4,1,4,1,1, , , , ,1, , ,2,97,2,2,4,4,4, ,1,6,-9,MS, ,Masked,1.33,0.45,0.75,0.07,0.06
1065,154,FALL 2008, ,1,1,1,2,1, ,1,1,2,2,MELTING GLACIERS,1,1,1,1,1, , , ,-9, , ,4, ,4,4,4,4, , , , , , , , , , , ,1,1,1,1, , , , ,1,1, , , ,2, ,1,1, ,1,4,4,2,1,4,2,1,2,4,1,1,1,1, , , , ,2, , ,3,97,3,2,1,1,1, ,2,1,2,NC, ,Masked,1.49,0.12,0.3,0.07,1
1066,155,FALL 2008, ,1,3,2,98,3, ,2,2,4,3,EVERYTHING,10,98,3,2,3, , , ,-9, , ,3, ,1,98,2,2, , , , , , , , , , , ,2,2,1,2, , , , ,4,-9, , , ,1, ,2,2, ,4,4,4,3,98,1,1,2,98,2,98,2,1,98, , , , ,2, , ,4,97,4,2,99,1,99, ,1,98,-9,MI, ,Masked,0.36,0.1,0.13,0.07,0.06
1067,156,FALL 2008, ,98,-9,-9,-9,-9, ,-9,-9,-9,-9, ,-9,-9,-9,-9,-9, , , ,-9, , ,1, ,4,1,1,4, , , , , , , , , , , ,1,1,1,1, , , , ,2,3, , , ,1, ,1,1, ,1,1,1,1,1,4,1,1,2,1,1,1,1,1, , , , ,3, , ,2,97,4,2,6,1,4, ,1,2,-9,VA, ,Masked,0.61,0.35,0.13,0.07,0.06
1068,157,FALL 2008, ,98,-9,-9,-9,-9, ,-9,-9,-9,-9, ,-9,-9,-9,-9,-9, , , ,-9, , ,98, ,1,1,1,1, , , , , , , , , , , ,2,2,4,2, , , , ,1,1, , , ,1, ,1,1, ,1,4,4,1,4,1,1,4,98,1,1,4,4,1, , , , ,1, , ,1,97,2,2,99,1,99, ,1,1,1,GA, ,Masked,1.33,0.45,0.75,0.07,0.06
1069,158,FALL 2008, ,2,-9,-9,-9,-9, ,-9,-9,-9,-9, ,-9,-9,-9,-9,-9, , ,ITS THE NATURAL TREND OF THINGS,2, , ,1, ,1,1,1,2, , , , , , , , , , , ,3,3,4,3, , , , ,4,-9, , , ,2, ,2,4, ,3,4,4,1,4,3,4,1,2,2,1,2,1,1, , , , ,1, , ,4,97,1,2,99,1,2, ,1,1,1,OH, ,Masked,1.23,0.1,1,0.07,0.06
1070,159,FALL 2008, ,1,3,2,4,1, ,1,1,1,4,CHANGE IN WEATHER PATTERNS,3,4,1,98,2, , , ,-9, , ,98, ,2,4,4,3, , , , , , , , , , , ,1,1,2,1, , , , ,2,1, , , ,2, ,1,1, ,2,2,4,98,2,3,2,2,2,2,2,2,2,2, , , , ,4, , ,3,97,4,2,99,1,4, ,1,98,-9,IN, ,Masked,0.38,0.12,0.13,0.07,0.06
1071,160,FALL 2008, ,1,3,1,2,1, ,1,3,2,1,SCIENTIFIC PROOF,4,1,3,1,1, , , ,-9, , ,4, ,4,4,4,4, , , , , , , , , , , ,1,2,1,1, , , , ,4,-9, , , ,98, ,1,1, ,3,1,2,1,98,4,1,1,98,4,1,1,1,1, , , , ,98, , ,1,97,4,1,99,1,4, ,1,3,-9,NY, ,Masked,1.22,0.45,0.13,0.58,0.06
1072,161,FALL 2008, ,1,2,3,2,4, ,2,3,4,3,WEATHER,3,3,3,2,3, , , ,-9, , ,98, ,1,1,1,1, , , , , , , , , , , ,2,3,4,2, , , , ,4,-9, , , ,1, ,2,4, ,1,4,4,3,4,2,1,4,98,2,1,4,4,4, , , , ,1, , ,3,97,5,2,6,3,4, ,1,1,98,MA, ,Masked,0.54,0.35,0.06,0.07,0.06
1073,162,FALL 2008, ,1,3,2,1,1, ,1,2,2,1,AL GORES FILM,5,2,2,1,1, , , ,-9, , ,3, ,3,3,4,4, , , , , , , , , , , ,1,2,2,2, , , , ,4,-9, , , ,2, ,98,2, ,2,4,4,2,2,4,3,2,98,3,1,98,2,2, , , , ,98, , ,3,97,5,2,2,4,1, ,1,6,-9,PA, ,Masked,0.31,0.12,0.06,0.07,0.06
1074,163,FALL 2008, ,1,1,1,98,1, ,1,4,2,98,GETTING WARMER,2,98,1,1,2, , , ,-9, , ,4, ,2,2,4,4, , , , , , , , , , , ,1,2,4,2, , , , ,4,-9, , , ,4, ,1,1, ,1,4,4,4,1,3,1,1,2,98,1,4,1,1, , , , ,98, , ,4,97,2,1,3,1,2, ,1,1,1,PA, ,Masked,1.49,0.1,0.75,0.58,0.06
1075,164,FALL 2008, ,2,-9,-9,-9,-9, ,-9,-9,-9,-9, ,-9,-9,-9,-9,-9, , ,SEE NO EVIDENCE THERE OF,3, , ,98, ,1,2,1,1, , , , , , , , , , , ,2,2,3,2, , , , ,1,3, , , ,98, ,1,4, ,1,1,4,2,4,3,1,1,98,2,3,1,98,4, , , , ,1, , ,3,97,5,2,4,1,2, ,1,1,1,IN, ,Masked,0.31,0.12,0.06,0.07,0.06
1076,165,FALL 2008, ,1,3,1,2,1, ,1,1,1,4,TOO MANY AUTO EMMISIONS,8,98,2,98,1, , , ,-9, , ,4, ,4,2,1,2, , , , , , , , , , , ,2,2,4,2, , , , ,99,-9, , , ,4, ,1,1, ,1,4,4,1,99,1,1,1,2,2,1,1,1,2, , , , ,3, , ,4,97,2,1,2,1,4, ,1,2,-9,MI, ,Masked,1.49,0.1,0.75,0.58,0.06
1077,166,FALL 2008, ,98,-9,-9,-9,-9, ,-9,-9,-9,-9, ,-9,-9,-9,-9,-9, , , ,-9, , ,4, ,4,4,4,4, , , , , , , , , , , ,3,2,3,2, , , , ,4,-9, , , ,2, ,1,1, ,1,1,3,1,2,3,1,2,1,4,1,2,1,1, , , , ,98, , ,4,97,3,2,3,1,2, ,1,1,1,IN, ,Masked,0.53,0.1,0.3,0.07,0.06
1078,167,FALL 2008, ,2,-9,-9,-9,-9, ,-9,-9,-9,-9, ,-9,-9,-9,-9,-9, , ,FROM WHAT I HAVE HEARD,9, , ,4, ,1,4,1,1, , , , , , , , , , , ,1,3,3,3, , , , ,2,2, , , ,4, ,98,4, ,1,4,4,4,4,98,1,4,98,4,1,4,4,4, , , , ,1, , ,1,97,3,1,1,2,2, ,99,3,-9,NJ, ,Masked,1.58,0.45,0.3,0.58,0.25
1079,168,FALL 2008, ,2,-9,-9,-9,-9, ,-9,-9,-9,-9, ,-9,-9,-9,-9,-9, , ,NOTHING SPECIFIC,8, , ,1, ,1,1,2,1, , , , , , , , , , , ,2,1,98,2, , , , ,2,3, , , ,2, ,2,2, ,3,3,3,98,3,98,1,2,2,98,3,3,2,3, , , , ,3, , ,2,97,4,2,4,3,99, ,99,99,-9,SC, ,Masked,0.9,0.45,0.13,0.07,0.25
1080,169,FALL 2008, ,1,3,1,2,1, ,1,1,1,2,THE MELTING ICE,1,1,1,1,2, , , ,-9, , ,3, ,3,3,3,3, , , , , , , , , , , ,1,2,2,1, , , , ,3,-9, , , ,2, ,2,2, ,2,2,3,3,2,3,2,2,2,2,2,2,98,3, , , , ,3, , ,3,97,5,2,6,1,99, ,1,6,-9,SC, ,Masked,0.54,0.35,0.06,0.07,0.06
1081,170,FALL 2008, ,2,-9,-9,-9,-9, ,-9,-9,-9,-9, ,-9,-9,-9,-9,-9, , ,NOTHING SPECIFIC,8, , ,4, ,4,3,98,4, , , , , , , , , , , ,1,1,1,1, , , , ,4,-9, , , ,2, ,1,1, ,98,4,4,1,3,1,98,2,98,2,1,1,4,3, , , , ,1, , ,5,97,3,2,99,1,99, ,99,99,-9,NJ, ,Masked,0.87,0.25,0.3,0.07,0.25
1082,171,FALL 2008, ,1,1,1,4,2, ,1,2,2,1,WEATHER PATTERN WE ARE SEEING RIGHT NOW,3,2,2,1,1, , , ,-9, , ,4, ,4,4,4,4, , , , , , , , , , , ,1,2,4,2, , , , ,4,-9, , , ,2, ,1,1, ,1,2,3,1,1,4,3,1,2,4,1,2,1,2, , , , ,6, , ,2,97,4,2,99,5,1, ,1,2,-9,MD, ,Masked,0.61,0.35,0.13,0.07,0.06
1083,172,FALL 2008, ,1,1,2,2,4, ,2,4,4,2,NEWS,6,4,2,1,2, , , ,-9, , ,3, ,3,2,1,2, , , , , , , , , , , ,1,1,2,1, , , , ,4,-9, , , ,3, ,2,2, ,2,3,4,2,2,4,1,4,2,3,1,3,2,2, , , , ,5, , ,3,97,4,1,5,2,4, ,1,6,-9,MA, ,Masked,0.89,0.12,0.13,0.58,0.06
1084,173,FALL 2008, ,98,-9,-9,-9,-9, ,-9,-9,-9,-9, ,-9,-9,-9,-9,-9, , , ,-9, , ,3, ,2,2,2,2, , , , , , , , , , , ,2,2,3,2, , , , ,98,-9, , , ,4, ,1,4, ,4,4,4,1,1,3,1,3,98,1,3,4,2,4, , , , ,98, , ,2,97,4,2,99,1,4, ,1,2,-9,OH, ,Masked,0.61,0.35,0.13,0.07,0.06
1085,174,FALL 2008, ,1,2,2,98,2, ,1,4,2,2,GLACIERS MELTING,1,4,2,98,2, , , ,-9, , ,2, ,98,2,3,2, , , , , , , , , , , ,2,2,2,2, , , , ,4,-9, , , ,2, ,1,1, ,2,2,4,2,2,2,2,2,1,2,2,2,1,2, , , , ,98, , ,4,97,4,2,99,2,1, ,1,3,-9,MI, ,Masked,0.36,0.1,0.13,0.07,0.06
1086,175,FALL 2008, ,1,1,1,1,1, ,1,1,2,1,SCIENTIFIC INFORMATION,4,1,2,1,1, , , ,-9, , ,4, ,4,4,4,4, , , , , , , , , , , ,1,1,1,1, , , , ,4,-9, , , ,4, ,1,1, ,1,2,2,1,1,4,4,98,2,4,1,1,1,1, , , , ,1, , ,3,97,5,2,6,1,1, ,1,2,-9,FL, ,Masked,0.31,0.12,0.06,0.07,0.06
1087,176,FALL 2008, ,98,-9,-9,-9,-9, ,-9,-9,-9,-9, ,-9,-9,-9,-9,-9, , , ,-9, , ,3, ,2,3,2,98, , , , , , , , , , , ,2,2,2,2, , , , ,3,-9, , , ,2, ,98,2, ,98,98,3,98,98,3,4,98,98,98,2,3,98,3, , , , ,3, , ,5,97,2,2,2,2,98, ,1,1,98,VA, ,Masked,1.13,0.25,0.75,0.07,0.06
1088,177,FALL 2008, ,1,3,2,4,2, ,2,2,3,2,WEATHER PATTERNS,3,3,1,1,2, , , ,-9, , ,3, ,1,2,3,1, , , , , , , , , , , ,1,1,1,1, , , , ,4,-9, , , ,2, ,1,1, ,2,4,4,1,2,4,2,2,2,2,1,1,1,1, , , , ,3, , ,2,97,3,2,3,1,2, ,1,1,1,KY, ,Masked,0.78,0.35,0.3,0.07,0.06
1089,178,FALL 2008, ,1,3,2,1,4, ,1,98,4,4,EXPERTS SHE HAS HEARD FROM SHE TRUSTS THE SCIENTISTS,10,1,3,1,1, , , ,-9, , ,4, ,4,3,4,4, , , , , , , , , , , ,1,1,1,1, , , , ,98,-9, , , ,98, ,1,98, ,98,4,4,1,1,4,98,1,2,3,1,4,1,1, , , , ,98, , ,4,97,4,2,6,1,1, ,1,3,-9,CT, ,Masked,0.36,0.1,0.13,0.07,0.06
1090,179,FALL 2008, ,1,98,2,1,1, ,1,1,4,4,NEWS,6,1,1,1,1, , , ,-9, , ,4, ,1,4,4,4, , , , , , , , , , , ,2,2,1,2, , , , ,4,-9, , , ,1, ,1,1, ,1,4,4,1,1,2,1,1,2,4,1,1,1,1, , , , ,5, , ,1,97,3,2,5,5,3, ,1,1,1,MS, ,Masked,0.88,0.45,0.3,0.07,0.06
1091,180,FALL 2008, ,1,1,1,1,1, ,1,1,1,2,READING MATERIAL AND THE GORE DOCUMENTARY,6,1,1,1,1, , , ,-9, , ,4, ,4,2,4,4, , , , , , , , , , , ,1,2,1,1, , , , ,4,-9, , , ,2, ,2,1, ,4,3,4,3,1,1,3,1,2,1,1,1,1,1, , , , ,4, , ,3,97,5,2,6,1,1, ,1,6,-9,NJ, ,Masked,0.31,0.12,0.06,0.07,0.06
1092,181,FALL 2008, ,1,1,1,4,1, ,1,1,3,1,WEATHER,3,1,1,1,1, , , ,-9, , ,3, ,3,3,1,3, , , , , , , , , , , ,1,1,1,1, , , , ,4,-9, , , ,2, ,1,1, ,1,1,1,1,1,4,1,1,98,3,1,1,1,1, , , , ,4, , ,2,97,3,2,3,1,2, ,1,1,98,FL, ,Masked,0.78,0.35,0.3,0.07,0.06
1093,182,FALL 2008, ,1,2,2,1,1, ,2,1,1,3,MORE WARMER SEASONS AND LONGER,2,1,1,98,2, , , ,-9, , ,4, ,2,98,3,2, , , , , , , , , , , ,1,3,1,2, , , , ,3,-9, , , ,98, ,1,4, ,4,4,4,98,2,1,98,2,2,1,98,98,1,4, , , , ,98, , ,4,97,2,2,3,1,1, ,1,1,1,IN, ,Masked,0.98,0.1,0.75,0.07,0.06
1094,183,FALL 2008, ,1,3,2,3,3, ,1,2,3,2,MELTING OF ICECAPS,1,2,3,1,2, , , ,-9, , ,4, ,3,3,3,3, , , , , , , , , , , ,2,2,2,2, , , , ,4,-9, , , ,98, ,2,2, ,98,2,2,2,98,3,2,2,98,2,3,2,1,2, , , , ,4, , ,3,97,5,1,3,1,1, ,1,1,2,OH, ,Masked,0.82,0.12,0.06,0.58,0.06
1095,184,FALL 2008, ,1,1,2,4,2, ,3,1,1,2,WINTER IS WARMER,2,4,1,1,1, , , ,-9, , ,4, ,4,4,4,4, , , , , , , , , , , ,2,2,1,2, , , , ,1,3, , , ,1, ,1,98, ,1,1,4,1,1,98,1,98,98,98,1,98,1,2, , , , ,2, , ,1,97,1,1,6,1,2, ,1,6,-9,MI, ,Masked,2.09,0.45,1,0.58,0.06
1096,185,FALL 2008, ,1,1,1,4,2, ,1,1,2,1,ICE CAPS MELTING,1,1,3,1,1, , , ,-9, , ,4, ,4,4,4,4, , , , , , , , , , , ,1,1,1,1, , , , ,4,-9, , , ,2, ,1,2, ,2,2,3,1,2,4,2,1,98,3,1,3,1,2, , , , ,98, , ,2,97,5,2,6,1,2, ,1,2,-9,NY, ,Masked,0.64,0.45,0.06,0.07,0.06
1097,186,FALL 2008, ,1,2,2,2,2, ,2,2,1,4,TEMPS ARE SHOWING,2,4,1,2,2, , , ,-9, , ,4, ,1,4,1,1, , , , , , , , , , , ,2,2,2,2, , , , ,4,-9, , , ,1, ,1,1, ,1,2,4,1,3,2,2,2,2,4,1,1,1,1, , , , ,2, , ,3,97,3,2,5,1,2, ,1,1,1,VA, ,Masked,0.55,0.12,0.3,0.07,0.06
1098,187,FALL 2008, ,98,-9,-9,-9,-9, ,-9,-9,-9,-9, ,-9,-9,-9,-9,-9, , , ,-9, , ,2, ,98,2,98,1, , , , , , , , , , , ,1,1,98,1, , , , ,1,3, , , ,98, ,1,1, ,2,98,4,1,98,1,4,1,2,98,1,3,98,4, , , , ,1, , ,3,97,1,1,2,1,4, ,1,6,-9,NC, ,Masked,1.99,0.35,1,0.58,0.06
1099,188,FALL 2008, ,1,3,2,2,3, ,1,3,3,1,SCIENTIFIC EVIDENCE,4,1,3,1,1, , , ,-9, , ,4, ,3,3,4,4, , , , , , , , , , , ,1,2,2,2, , , , ,4,-9, , , ,1, ,2,3, ,3,2,3,1,2,3,1,3,98,2,2,2,1,2, , , , ,6, , ,2,97,5,1,6,1,4, ,1,6,-9,NY, ,Masked,1.05,0.35,0.06,0.58,0.06
1100,189,FALL 2008, ,1,2,1,98,98, ,1,1,4,98,COLDER,2,98,4,1,1, , , ,-9, , ,98, ,3,3,98,98, , , , , , , , , , , ,1,1,1,1, , , , ,4,-9, , , ,1, ,1,1, ,98,4,98,3,98,4,1,1,98,1,1,4,1,1, , , , ,98, , ,3,97,4,2,3,1,4, ,1,1,1,SC, ,Masked,0.38,0.12,0.13,0.07,0.06
1101,190,FALL 2008, ,1,3,1,98,1, ,1,1,2,2,HURRICANES,3,1,1,1,1, , , ,-9, , ,4, ,2,2,4,4, , , , , , , , , , , ,1,1,98,1, , , , ,4,-9, , , ,1, ,1,1, ,1,2,3,1,1,1,2,2,98,98,1,3,1,1, , , , ,2, , ,4,97,3,2,5,1,2, ,1,1,98,FL, ,Masked,0.53,0.1,0.3,0.07,0.06
1102,191,FALL 2008, ,1,3,1,2,2, ,2,2,2,3,RESEARCH READ,4,3,2,1,2, , , ,-9, , ,3, ,4,3,4,4, , , , , , , , , , , ,1,1,1,1, , , , ,4,-9, , , ,2, ,2,2, ,2,98,3,1,2,2,98,2,98,2,2,3,1,2, , , , ,98, , ,2,97,5,2,6,99,4, ,1,99,-9,CT, ,Masked,0.54,0.35,0.06,0.07,0.06
1103,192,FALL 2008, ,1,3,1,3,1, ,1,1,2,1,ARTIC WARMING SEA LEVELS HIGHER,10,1,2,1,1, , , ,-9, , ,4, ,2,4,4,4, , , , , , , , , , , ,1,1,1,1, , , , ,4,-9, , , ,2, ,1,2, ,1,1,4,1,1,3,1,1,2,4,1,2,1,1, , , , ,6, , ,1,97,4,2,3,2,1, ,1,1,98,SC, ,Masked,0.71,0.45,0.13,0.07,0.06
1104,193,FALL 2008, ,1,1,1,98,2, ,1,2,3,3,WEATHER  PATTERN,3,1,3,98,3, , , ,-9, , ,4, ,4,4,4,4, , , , , , , , , , , ,3,3,1,2, , , , ,4,-9, , , ,4, ,98,1, ,98,2,3,1,98,4,3,1,2,1,98,2,1,1, , , , ,4, , ,3,97,4,1,5,3,4, ,1,6,-9,OH, ,Masked,0.89,0.12,0.13,0.58,0.06
1105,194,FALL 2008, ,1,1,2,2,1, ,2,2,1,1,THE WARMER TEMPERATURES,2,1,2,2,1, , , ,-9, , ,2, ,3,1,3,4, , , , , , , , , , , ,1,2,1,2, , , , ,4,-9, , , ,2, ,1,3, ,1,3,4,2,1,1,2,1,98,3,1,4,3,4, , , , ,4, , ,1,97,2,1,99,1,1, ,2,2,-9,VA, ,Masked,2.78,0.45,0.75,0.58,1
1106,195,FALL 2008, ,1,1,2,1,1, ,1,1,4,1,MELTING OF ARCTIC,1,1,1,1,1, , , ,-9, , ,4, ,4,4,4,4, , , , , , , , , , , ,1,1,1,1, , , , ,4,-9, , , ,1, ,1,1, ,98,1,4,1,1,4,1,1,98,98,1,1,1,1, , , , ,98, , ,4,97,2,2,99,2,1, ,1,3,-9,NY, ,Masked,0.98,0.1,0.75,0.07,0.06
1107,196,FALL 2008, ,1,1,1,4,4, ,1,2,1,1,SCIENTIFIC EVIDENCE,4,2,1,1,1, , , ,-9, , ,4, ,3,4,4,4, , , , , , , , , , , ,1,1,2,1, , , , ,4,-9, , , ,2, ,1,1, ,98,2,1,2,98,4,4,4,98,2,1,4,1,1, , , , ,6, , ,3,97,5,2,6,2,1, ,1,6,-9,DC, ,Masked,0.31,0.12,0.06,0.07,0.06
1108,197,FALL 2008, ,1,1,1,2,1, ,1,1,2,1,MELTING OF ICE AND ARTICLES ON WILDLIFE,4,1,3,1,1, , , ,-9, , ,4, ,4,4,4,4, , , , , , , , , , , ,1,1,1,1, , , , ,4,-9, , , ,4, ,2,4, ,4,4,4,3,1,4,2,1,2,1,1,4,1,1, , , , ,5, , ,3,97,5,1,6,2,4, ,99,2,-9,MD, ,Masked,1.01,0.12,0.06,0.58,0.25
1109,198,FALL 2008, ,1,1,1,98,1, ,1,1,4,2,SUMMER NEVER ENDS,2,1,1,1,1, , , ,-9, , ,2, ,2,4,4,2, , , , , , , , , , , ,2,2,2,2, , , , ,2,3, , , ,1, ,1,98, ,1,4,4,4,98,1,1,98,98,98,1,1,4,2, , , , ,3, , ,2,97,4,2,4,1,1, ,1,1,1,FL, ,Masked,0.61,0.35,0.13,0.07,0.06
1110,199,FALL 2008, ,98,-9,-9,-9,-9, ,-9,-9,-9,-9, ,-9,-9,-9,-9,-9, , , ,-9, , ,2, ,1,2,2,1, , , , , , , , , , , ,3,3,1,3, , , , ,4,-9, , , ,1, ,1,1, ,1,1,4,1,98,4,1,1,2,1,1,1,1,1, , , , ,3, , ,1,97,3,2,1,5,1, ,1,6,-9,PA, ,Masked,0.88,0.45,0.3,0.07,0.06
1111,200,FALL 2008, ,1,1,1,1,1, ,1,1,1,1,NEWS REPORTS AND TV,6,1,1,1,1, , , ,-9, , ,4, ,4,4,4,4, , , , , , , , , , , ,3,3,1,3, , , , ,4,-9, , , ,1, ,1,1, ,1,1,98,1,1,4,1,1,2,4,1,1,1,1, , , , ,4, , ,3,97,3,1,2,1,1, ,1,6,-9,OH, ,Masked,1.06,0.12,0.3,0.58,0.06
1112,201,FALL 2008, ,1,3,1,98,2, ,1,98,2,98,READING,6,98,3,1,2, , , ,-9, , ,3, ,3,98,3,3, , , , , , , , , , , ,1,2,2,2, , , , ,4,-9, , , ,4, ,3,2, ,2,4,4,3,2,98,4,1,1,3,1,4,2,2, , , , ,5, , ,2,97,5,1,99,3,2, ,1,1,98,MI, ,Masked,1.05,0.35,0.06,0.58,0.06
1113,202,FALL 2008, ,1,1,1,98,2, ,1,3,3,2,POLAR ICE MELTING FAST,1,3,2,1,1, , , ,-9, , ,3, ,3,3,3,3, , , , , , , , , , , ,1,3,2,2, , , , ,3,-9, , , ,2, ,2,2, ,3,2,2,3,2,2,2,2,1,2,3,2,2,2, , , , ,2, , ,3,97,2,1,6,1,4, ,1,99,-9,PA, ,Masked,1.51,0.12,0.75,0.58,0.06
1114,203,FALL 2008, ,1,1,3,4,2, ,1,2,2,2,EXTREMES IN WEATHER,3,2,2,1,1, , , ,-9, , ,3, ,2,4,2,4, , , , , , , , , , , ,1,1,1,1, , , , ,4,-9, , , ,2, ,1,1, ,4,1,4,2,2,4,2,1,1,4,2,1,1,2, , , , ,2, , ,3,97,3,2,5,1,4, ,1,2,-9,MA, ,Masked,0.78,0.35,0.3,0.07,0.06
1115,204,FALL 2008, ,98,-9,-9,-9,-9, ,-9,-9,-9,-9, ,-9,-9,-9,-9,-9, , , ,-9, , ,3, ,1,2,2,2, , , , , , , , , , , ,2,3,4,3, , , , ,4,-9, , , ,4, ,1,4, ,4,4,4,4,3,2,1,3,1,2,4,3,4,4, , , , ,1, , ,4,97,4,1,6,2,4, ,1,6,-9,PA, ,Masked,0.87,0.1,0.13,0.58,0.06
1116,205,FALL 2008, ,1,2,2,98,4, ,1,2,2,4,MELTING OF ICE,1,2,3,2,98, , , ,-9, , ,4, ,1,1,4,2, , , , , , , , , , , ,98,98,3,2, , , , ,4,-9, , , ,1, ,1,1, ,4,98,4,1,4,1,98,1,2,1,1,1,1,1, , , , ,99, , ,3,97,2,2,2,1,98, ,1,2,-9,NY, ,Masked,1,0.12,0.75,0.07,0.06
1117,206,FALL 2008, ,1,1,2,2,1, ,1,2,2,2,MORE PEOPLE,10,2,2,2,2, , , ,-9, , ,2, ,2,2,2,2, , , , , , , , , , , ,1,2,2,2, , , , ,2,3, , , ,2, ,2,2, ,1,2,3,2,2,2,2,2,98,2,2,2,2,2, , , , ,2, , ,2,97,4,2,99,1,2, ,1,2,-9,GA, ,Masked,0.61,0.35,0.13,0.07,0.06
1118,207,FALL 2008, ,1,1,1,98,1, ,1,1,1,1,SEEING IT ON THE NEWS WORRIED ABOUT POLAR BEARS,6,1,1,1,1, , , ,-9, , ,4, ,4,4,4,4, , , , , , , , , , , ,1,1,1,1, , , , ,4,-9, , , ,1, ,1,1, ,1,4,4,1,1,4,1,4,2,1,1,1,1,1, , , , ,3, , ,1,97,4,2,3,5,1, ,1,6,-9,GA, ,Masked,0.71,0.45,0.13,0.07,0.06
1119,208,FALL 2008, ,1,3,1,1,1, ,1,1,2,1,INDUSTRIAL WASTE,8,1,1,1,1, , , ,-9, , ,4, ,4,4,4,4, , , , , , , , , , , ,1,1,1,1, , , , ,4,-9, , , ,98, ,1,1, ,98,4,4,1,1,4,4,1,1,4,1,1,1,2, , , , ,1, , ,3,97,3,1,4,1,1, ,5,2,-9,HI, ,Masked,1.25,0.12,0.3,0.58,0.25
1120,209,FALL 2008, ,1,3,1,98,3, ,1,3,3,1,STUDIES OVER THE LAST HUNDRED YEARS,4,2,2,1,1, , , ,-9, , ,4, ,4,4,4,4, , , , , , , , , , , ,1,1,1,1, , , , ,4,-9, , , ,4, ,4,1, ,1,1,1,1,1,4,4,1,1,4,1,1,1,1, , , , ,6, , ,3,97,5,2,6,5,4, ,5,99,-9,NM, ,Masked,0.5,0.12,0.06,0.07,0.25
1121,210,FALL 2008, ,1,3,2,98,2, ,2,2,2,2,WEATHER,3,4,2,98,2, , , ,-9, , ,2, ,1,2,2,1, , , , , , , , , , , ,2,2,2,2, , , , ,4,-9, , , ,98, ,1,1, ,98,4,4,1,2,2,2,2,98,2,1,98,1,2, , , , ,5, , ,3,97,4,2,6,1,4, ,1,2,-9,WY, ,Masked,0.38,0.12,0.13,0.07,0.06
1122,211,FALL 2008, ,2,-9,-9,-9,-9, ,-9,-9,-9,-9, ,-9,-9,-9,-9,-9, , ,TOO MANY CARS,9, , ,4, ,4,4,4,4, , , , , , , , , , , ,1,1,1,1, , , , ,4,-9, , , ,1, ,1,1, ,1,1,1,98,98,4,1,1,2,4,1,98,1,1, , , , ,98, , ,4,97,3,2,1,2,1, ,5,2,-9,NM, ,Masked,0.72,0.1,0.3,0.07,0.25
1123,212,FALL 2008, ,1,3,2,3,2, ,2,2,3,98,WEATHER CHANGES,3,1,3,98,2, , , ,-9, , ,3, ,4,3,3,4, , , , , , , , , , , ,1,2,3,2, , , , ,4,-9, , , ,2, ,2,2, ,2,2,2,1,2,4,2,2,98,3,2,98,1,2, , , , ,98, , ,3,97,5,2,6,5,2, ,1,98,-9,CO, ,Masked,0.54,0.35,0.06,0.07,0.06
1124,213,FALL 2008, ,98,-9,-9,-9,-9, ,-9,-9,-9,-9, ,-9,-9,-9,-9,-9, , , ,-9, , ,2, ,1,1,1,1, , , , , , , , , , , ,3,1,1,1, , , , ,4,-9, , , ,4, ,1,4, ,4,4,4,1,1,4,4,1,2,4,1,4,4,4, , , , ,3, , ,3,97,3,2,99,1,3, ,99,6,-9,UT, ,Masked,0.97,0.35,0.3,0.07,0.25
1125,214,FALL 2008, ,1,1,1,4,2, ,1,2,2,1,THE RESEARCH,4,2,1,1,2, , , ,-9, , ,4, ,2,4,4,2, , , , , , , , , , , ,1,1,4,1, , , , ,4,-9, , , ,3, ,1,2, ,4,1,2,1,1,4,2,2,2,2,1,1,2,2, , , , ,4, , ,3,97,5,2,4,2,4, ,4,6,-9,UT, ,Masked,0.65,0.12,0.06,0.07,0.4
1126,215,FALL 2008, ,1,2,2,98,3, ,3,3,3,3,I THINK ITS GOD,10,3,3,2,3, , , ,-9, , ,1, ,2,2,3,2, , , , , , , , , , , ,3,3,3,3, , , , ,4,-9, , , ,3, ,3,3, ,4,2,3,2,3,2,2,2,98,3,4,3,2,3, , , , ,1, , ,3,97,5,1,99,1,2, ,1,1,1,CO, ,Masked,0.82,0.12,0.06,0.58,0.06
1127,216,FALL 2008, ,1,3,1,4,1, ,1,3,4,3,WEATHER PATTERNS HAVE CHANGED,3,1,3,1,1, , , ,-9, , ,4, ,3,4,4,4, , , , , , , , , , , ,1,1,4,1, , , , ,4,-9, , , ,2, ,3,2, ,1,1,2,1,3,4,1,3,1,2,1,1,1,1, , , , ,5, , ,4,97,4,2,3,2,2, ,1,6,-9,NM, ,Masked,0.36,0.1,0.13,0.07,0.06
1128,217,FALL 2008, ,2,-9,-9,-9,-9, ,-9,-9,-9,-9, ,-9,-9,-9,-9,-9, , ,CYCLES,2, , ,2, ,2,1,1,1, , , , , , , , , , , ,1,3,4,2, , , , ,4,-9, , , ,1, ,1,2, ,4,4,4,4,4,1,1,1,2,98,1,4,1,4, , , , ,1, , ,4,97,3,1,99,1,2, ,1,6,-9,AZ, ,Masked,1.04,0.1,0.3,0.58,0.06
1129,218,FALL 2008, ,1,1,2,4,1, ,1,1,1,1,I AM HOT,2,1,1,1,1, , , ,-9, , ,4, ,4,4,4,4, , , , , , , , , , , ,1,1,1,1, , , , ,4,-9, , , ,1, ,1,1, ,2,1,4,2,2,4,3,98,98,98,1,2,2,1, , , , ,2, , ,4,97,5,2,2,5,1, ,1,6,-9,NM, ,Masked,0.29,0.1,0.06,0.07,0.06
1130,219,FALL 2008, ,1,1,1,1,1, ,1,1,1,98,ICE MELT,1,1,1,1,1, , , ,-9, , ,4, ,2,4,4,4, , , , , , , , , , , ,1,1,1,1, , , , ,4,-9, , , ,4, ,1,1, ,4,1,1,1,98,4,1,1,98,4,1,1,1,1, , , , ,1, , ,4,97,5,2,99,2,1, ,1,99,-9,CO, ,Masked,0.29,0.1,0.06,0.07,0.06
1131,220,FALL 2008, ,98,-9,-9,-9,-9, ,-9,-9,-9,-9, ,-9,-9,-9,-9,-9, , , ,-9, , ,1, ,1,1,1,1, , , , , , , , , , , ,3,3,3,3, , , , ,4,-9, , , ,3, ,2,2, ,4,4,4,4,2,1,1,3,98,2,4,4,3,4, , , , ,1, , ,5,97,5,2,99,1,2, ,1,99,-9,CO, ,Masked,0.44,0.25,0.06,0.07,0.06
1132,221,FALL 2008, ,2,-9,-9,-9,-9, ,-9,-9,-9,-9, ,-9,-9,-9,-9,-9, , ,MAN IS NOT THE  PROBLEM,9, , ,3, ,1,1,4,1, , , , , , , , , , , ,3,3,4,3, , , , ,4,-9, , , ,1, ,2,4, ,3,4,4,4,2,4,1,4,1,2,4,4,4,4, , , , ,1, , ,3,97,5,1,6,2,2, ,1,1,2,CO, ,Masked,1.05,0.35,0.06,0.58,0.06
1133,222,FALL 2008, ,2,-9,-9,-9,-9, ,-9,-9,-9,-9, ,-9,-9,-9,-9,-9, , ,AL GORE IS A CROOK,7, , ,1, ,1,98,1,1, , , , , , , , , , , ,3,3,1,3, , , , ,4,-9, , , ,2, ,4,4, ,4,4,4,4,4,1,1,4,98,4,4,4,4,4, , , , ,1, , ,3,97,5,1,6,3,4, ,5,98,-9,CO, ,Masked,1.01,0.12,0.06,0.58,0.25
1134,223,FALL 2008, ,1,3,2,2,2, ,1,2,2,2,POLAR CAPS MELTING,1,2,2,1,1, , , ,-9, , ,3, ,2,3,1,3, , , , , , , , , , , ,2,2,2,2, , , , ,4,-9, , , ,2, ,2,2, ,3,4,4,2,2,3,2,1,98,1,1,2,2,3, , , , ,1, , ,4,97,2,1,4,2,1, ,1,2,-9,AZ, ,Masked,1.49,0.1,0.75,0.58,0.06
1135,224,FALL 2008, ,2,-9,-9,-9,-9, ,-9,-9,-9,-9, ,-9,-9,-9,-9,-9, , ,NORMAL CYCLE,2, , ,1, ,2,1,1,1, , , , , , , , , , , ,3,3,4,3, , , , ,4,-9, , , ,4, ,4,4, ,4,4,4,1,4,4,2,2,98,4,3,4,1,4, , , , ,1, , ,3,97,3,1,5,5,4, ,1,2,-9,CO, ,Masked,1.06,0.12,0.3,0.58,0.06
1136,225,FALL 2008, ,2,-9,-9,-9,-9, ,-9,-9,-9,-9, ,-9,-9,-9,-9,-9, , ,LISTEING TO THE NEWS,4, , ,98, ,2,2,1,2, , , , , , , , , , , ,1,3,2,3, , , , ,2,3, , , ,98, ,2,2, ,3,3,3,2,3,3,2,2,2,3,2,3,2,2, , , , ,6, , ,3,97,5,2,5,1,2, ,1,1,2,UT, ,Masked,0.31,0.12,0.06,0.07,0.06
1137,226,FALL 2008, ,1,2,1,1,1, ,1,1,1,4,NATURAL,10,1,1,1,1, , , ,-9, , ,4, ,4,1,4,4, , , , , , , , , , , ,2,2,1,2, , , , ,4,-9, , , ,98, ,1,4, ,1,1,4,1,1,99,98,4,98,1,98,1,98,1, , , , ,1, , ,3,97,3,2,2,1,99, ,3,2,-9,NM, ,Masked,3.69,0.12,0.3,0.07,3.2
1138,227,FALL 2008, ,2,-9,-9,-9,-9, ,-9,-9,-9,-9, ,-9,-9,-9,-9,-9, , ,LIVING IT,1, , ,4, ,1,3,1,3, , , , , , , , , , , ,2,2,2,2, , , , ,4,-9, , , ,2, ,98,1, ,4,4,4,3,3,3,2,2,1,4,3,4,3,3, , , , ,6, , ,2,97,4,1,5,5,2, ,1,2,-9,AZ, ,Masked,1.12,0.35,0.13,0.58,0.06
1139,228,FALL 2008, ,1,98,2,4,2, ,2,4,2,4,WARMER AND DRYER TEMPS,2,4,2,2,2, , , ,-9, , ,3, ,2,3,3,3, , , , , , , , , , , ,1,2,2,1, , , , ,4,-9, , , ,3, ,2,2, ,1,3,3,2,2,3,2,3,2,2,1,1,3,2, , , , ,5, , ,3,97,2,1,6,1,4, ,1,7,-9,CO, ,Masked,1.51,0.12,0.75,0.58,0.06
1140,229,FALL 2008, ,1,1,1,98,2, ,1,1,2,98,POLAR CAPS,1,1,1,1,1, , , ,-9, , ,98, ,4,3,1,1, , , , , , , , , , , ,1,2,1,2, , , , ,98,-9, , , ,2, ,1,1, ,2,2,4,1,3,1,1,2,2,1,2,1,1,2, , , , ,3, , ,4,97,2,1,98,1,2, ,1,2,-9,NM, , ,1.49,0.1,0.75,0.58,0.06
1141,230,FALL 2008, ,1,3,1,2,1, ,1,1,1,4,GLACIERS MELTING SEASONS,1,4,4,1,1, , , ,-9, , ,4, ,3,3,4,4, , , , , , , , , , , ,1,2,98,3, , , , ,4,-9, , , ,1, ,1,2, ,1,4,4,1,2,98,4,1,2,2,98,4,98,2, , , , ,98, , ,3,97,4,2,4,1,3, ,1,1,98,NM, ,Masked,0.38,0.12,0.13,0.07,0.06
1142,231,FALL 2008, ,1,3,2,98,1, ,1,98,1,1,NEWS,6,1,1,1,2, , , ,-9, , ,4, ,4,98,4,4, , , , , , , , , , , ,2,2,1,2, , , , ,4,-9, , , ,1, ,1,1, ,2,4,4,1,1,4,1,1,1,2,1,2,2,1, , , , ,98, , ,3,97,1,2,2,1,98, ,1,6,-9,UT, ,Masked,1.25,0.12,1,0.07,0.06
1143,232,FALL 2008, ,2,-9,-9,-9,-9, ,-9,-9,-9,-9, ,-9,-9,-9,-9,-9, , ,NONSENSE,9, , ,4, ,1,98,2,4, , , , , , , , , , , ,1,1,4,1, , , , ,4,-9, , , ,4, ,98,1, ,4,4,4,1,4,1,4,4,98,4,1,4,4,4, , , , ,98, , ,3,97,2,1,3,1,2, ,1,2,-9,AZ, ,Masked,1.74,0.35,0.75,0.58,0.06
1144,233,FALL 2008, ,1,3,1,2,1, ,1,1,2,1,ARCTIC AND THE POLAR BEARS,10,1,1,1,1, , , ,-9, , ,4, ,4,98,3,4, , , , , , , , , , , ,1,1,1,1, , , , ,4,-9, , , ,1, ,1,1, ,1,1,4,1,2,2,1,1,98,4,1,4,1,1, , , , ,3, , ,4,97,3,2,2,1,1, ,1,1,2,CO, ,Masked,0.53,0.1,0.3,0.07,0.06
1145,234,FALL 2008, ,98,-9,-9,-9,-9, ,-9,-9,-9,-9, ,-9,-9,-9,-9,-9, , , ,-9, , ,4, ,4,4,4,4, , , , , , , , , , , ,1,1,1,1, , , , ,4,-9, , , ,1, ,1,1, ,3,3,4,1,1,3,1,1,98,2,2,2,2,1, , , , ,4, , ,1,97,3,2,2,2,1, ,5,6,-9,UT, ,Masked,1.07,0.45,0.3,0.07,0.25
1146,235,FALL 2008, ,1,98,2,1,1, ,1,1,1,98,WINTERS ARE WARMER,2,1,3,1,2, , , ,-9, , ,3, ,1,2,98,4, , , , , , , , , , , ,2,2,2,2, , , , ,4,-9, , , ,98, ,2,1, ,1,2,2,1,2,1,2,1,98,3,1,4,1,1, , , , ,98, , ,4,97,1,1,2,1,1, ,1,98,-9,CO, ,Masked,1.74,0.1,1,0.58,0.06
1147,236,FALL 2008, ,1,3,1,1,2, ,2,2,2,2,READING AND RISING TEMP,2,4,1,1,1, , , ,-9, , ,3, ,3,3,3,3, , , , , , , , , , , ,1,1,1,1, , , , ,4,-9, , , ,2, ,1,1, ,4,4,4,4,1,4,3,98,98,1,4,4,1,2, , , , ,2, , ,2,97,4,2,1,1,4, ,1,6,-9,AZ, ,Masked,0.61,0.35,0.13,0.07,0.06
1148,237,FALL 2008, ,1,3,1,98,1, ,2,1,3,2,HOTTER EACH YEAR,2,3,1,1,1, , , ,-9, , ,2, ,3,98,2,2, , , , , , , , , , , ,1,1,2,1, , , , ,98,-9, , , ,2, ,2,2, ,2,3,3,2,2,2,2,2,1,2,2,98,2,2, , , , ,1, , ,4,97,3,2,1,1,2, ,1,1,1,AZ, ,Masked,0.53,0.1,0.3,0.07,0.06
1149,238,FALL 2008, ,98,-9,-9,-9,-9, ,-9,-9,-9,-9, ,-9,-9,-9,-9,-9, , , ,-9, , ,1, ,1,1,1,1, , , , , , , , , , , ,2,2,4,3, , , , ,4,-9, , , ,4, ,1,2, ,4,4,4,4,4,4,1,1,2,4,4,4,4,4, , , , ,1, , ,4,97,3,1,3,3,2, ,5,6,-9,ID, ,Masked,1.23,0.1,0.3,0.58,0.25
1150,239,FALL 2008, ,98,-9,-9,-9,-9, ,-9,-9,-9,-9, ,-9,-9,-9,-9,-9, , , ,-9, , ,4, ,2,4,2,2, , , , , , , , , , , ,2,1,1,1, , , , ,4,-9, , , ,1, ,4,3, ,1,4,4,1,4,4,4,1,2,4,4,4,1,1, , , , ,5, , ,2,97,4,2,2,1,2, ,1,6,-9,AZ, ,Masked,0.61,0.35,0.13,0.07,0.06
1151,240,FALL 2008, ,1,2,2,4,2, ,1,2,1,2,LIVING CONDITIONS,10,3,1,2,2, , , ,-9, , ,3, ,2,1,2,2, , , , , , , , , , , ,2,2,2,2, , , , ,4,-9, , , ,3, ,1,2, ,2,3,4,3,2,3,4,2,1,3,3,3,2,2, , , , ,3, , ,3,97,5,2,99,1,2, ,1,1,2,LA, ,Masked,0.54,0.35,0.06,0.07,0.06
1152,241,FALL 2008, ,2,-9,-9,-9,-9, ,-9,-9,-9,-9, ,-9,-9,-9,-9,-9, , ,NO EVIDENCE,3, , ,1, ,1,2,1,1, , , , , , , , , , , ,2,2,4,2, , , , ,98,-9, , , ,98, ,2,4, ,4,4,4,4,4,2,4,98,1,98,4,4,2,4, , , , ,1, , ,4,97,5,2,1,1,2, ,1,1,1,CO, ,Masked,0.29,0.1,0.06,0.07,0.06
1153,242,FALL 2008, ,1,1,2,4,2, ,1,2,2,2,NEWS,6,98,2,1,2, , , ,-9, , ,4, ,3,4,4,4, , , , , , , , , , , ,3,1,4,3, , , , ,4,-9, , , ,2, ,1,4, ,4,4,4,1,1,4,98,1,1,4,98,4,98,1, , , , ,2, , ,3,97,4,2,4,2,1, ,1,1,2,TX, ,Masked,0.38,0.12,0.13,0.07,0.06
1154,243,FALL 2008, ,1,3,1,98,2, ,2,4,2,3,LESS SNOW,2,2,2,2,2, , , ,-9, , ,3, ,3,3,3,3, , , , , , , , , , , ,2,2,2,2, , , , ,2,2, , , ,3, ,2,2, ,2,2,3,98,2,3,2,98,98,2,3,98,2,98, , , , ,2, , ,4,97,3,2,2,1,4, ,1,1,1,MT, ,Masked,0.53,0.1,0.3,0.07,0.06
1155,244,FALL 2008, ,1,1,2,1,2, ,2,2,4,3,AL GORE MOVIE AND OTHER MEDIA,5,2,4,1,1, , , ,-9, , ,4, ,3,4,1,3, , , , , , , , , , , ,1,2,1,2, , , , ,4,-9, , , ,1, ,3,1, ,4,1,2,1,2,4,1,1,1,3,1,2,1,1, , , , ,5, , ,2,97,5,1,3,5,1, ,1,6,-9,AZ, ,Masked,1.15,0.45,0.06,0.58,0.06
1156,245,FALL 2008, ,1,1,1,4,4, ,1,4,4,4,POLAR CAPS ARE SHRINKING,1,3,4,98,1, , , ,-9, , ,4, ,98,2,4,4, , , , , , , , , , , ,2,2,2,2, , , , ,4,-9, , , ,1, ,1,1, ,98,98,98,98,1,4,1,2,98,4,1,1,1,1, , , , ,6, , ,3,97,4,1,99,3,4, ,1,1,2,AZ, ,Masked,0.89,0.12,0.13,0.58,0.06
1157,246,FALL 2008, ,2,-9,-9,-9,-9, ,-9,-9,-9,-9, ,-9,-9,-9,-9,-9, , ,BECAUSE BACK IN 1970S EXPERTS SAID WE WERE GO,1, , ,4, ,1,1,2,2, , , , , , , , , , , ,2,2,2,2, , , , ,4,-9, , , ,3, ,1,1, ,4,4,4,2,4,3,2,1,1,4,2,3,4,3, , , , ,2, , ,3,97,5,1,5,5,1, ,1,2,-9,UT, ,Masked,1.05,0.35,0.06,0.58,0.06
1158,247,FALL 2008, ,1,1,2,3,1, ,2,98,3,1,WEATHER CHANGE,3,98,1,1,1, , , ,-9, , ,4, ,4,4,4,4, , , , , , , , , , , ,1,1,1,1, , , , ,4,-9, , , ,2, ,1,2, ,1,3,4,1,1,4,2,1,2,4,2,1,1,2, , , , ,3, , ,3,97,3,2,5,2,2, ,1,6,-9,UT, ,Masked,0.55,0.12,0.3,0.07,0.06
1159,248,FALL 2008, ,1,3,2,98,2, ,2,1,2,2,READING  RESEARCH,6,2,2,2,2, , , ,-9, , ,98, ,4,4,4,98, , , , , , , , , , , ,1,2,1,1, , , , ,4,-9, , , ,2, ,1,2, ,98,2,3,1,98,98,2,1,98,1,2,2,1,2, , , , ,2, , ,3,97,4,2,6,5,4, ,1,2,-9,MO, ,Masked,0.38,0.12,0.13,0.07,0.06
1160,249,FALL 2008, ,1,2,1,98,98, ,1,1,1,98,I CAN FEEL IT WHERE I AM LIVING,2,1,1,2,1, , , ,-9, , ,1, ,1,1,1,2, , , , , , , , , , , ,3,3,4,2, , , , ,4,-9, , , ,98, ,1,1, ,2,4,4,4,98,1,1,4,1,1,1,4,1,1, , , , ,1, , ,4,97,3,2,3,2,4, ,1,6,-9,AZ, ,Masked,0.53,0.1,0.3,0.07,0.06
1161,250,FALL 2008, ,2,-9,-9,-9,-9, ,-9,-9,-9,-9, ,-9,-9,-9,-9,-9, , ,UPS AND DOWNS,2, , ,2, ,2,1,1,3, , , , , , , , , , , ,2,2,1,2, , , , ,2,2, , , ,2, ,2,2, ,3,3,3,3,3,2,2,2,2,3,2,1,2,3, , , , ,1, , ,4,97,2,2,1,1,4, ,1,2,-9,CO, ,Masked,0.98,0.1,0.75,0.07,0.06
1162,251,FALL 2008, ,1,3,2,98,1, ,1,1,2,2,MELTING ICE CAPS,1,1,2,1,1, , , ,-9, , ,3, ,2,2,3,3, , , , , , , , , , , ,1,2,2,1, , , , ,3,-9, , , ,2, ,2,2, ,2,2,98,2,2,2,2,2,98,2,2,2,2,2, , , , ,3, , ,1,97,3,1,2,5,2, ,5,2,-9,ID, ,Masked,1.58,0.45,0.3,0.58,0.25
1163,252,FALL 2008, ,1,3,1,1,2, ,1,1,1,4,POLAR CAP,1,1,1,1,1, , , ,-9, , ,3, ,2,4,4,2, , , , , , , , , , , ,1,1,1,1, , , , ,4,-9, , , ,2, ,1,1, ,2,3,4,1,2,3,3,1,98,3,1,98,2,4, , , , ,3, , ,3,97,4,2,4,2,1, ,1,6,-9,CO, ,Masked,0.38,0.12,0.13,0.07,0.06
1164,253,FALL 2008, ,1,1,1,98,3, ,1,98,3,98,CHEMICALS GOING IN THE AIR,8,1,1,1,1, , , ,-9, , ,4, ,4,4,4,4, , , , , , , , , , , ,1,1,1,1, , , , ,4,-9, , , ,1, ,1,1, ,1,4,4,4,4,4,98,1,2,4,1,1,1,4, , , , ,3, , ,5,97,3,2,99,1,2, ,1,6,-9,AZ, ,Masked,0.68,0.25,0.3,0.07,0.06
1165,254,FALL 2008, ,1,3,1,98,2, ,1,1,3,98,READ AND HEAR ON TV,6,1,2,1,1, , , ,-9, , ,4, ,4,4,4,4, , , , , , , , , , , ,1,2,2,2, , , , ,4,-9, , , ,1, ,1,1, ,2,1,1,1,2,4,2,1,1,4,2,2,1,1, , , , ,3, , ,4,97,3,2,3,6,4, ,1,98,-9,UT, ,Masked,0.53,0.1,0.3,0.07,0.06
1166,255,FALL 2008, ,2,-9,-9,-9,-9, ,-9,-9,-9,-9, ,-9,-9,-9,-9,-9, , ,CYCLICAL,2, , ,2, ,1,1,1,98, , , , , , , , , , , ,2,2,3,2, , , , ,3,-9, , , ,2, ,1,2, ,2,3,3,3,2,2,2,2,1,1,2,2,1,3, , , , ,2, , ,3,97,3,1,4,2,2, ,1,6,-9,ND, ,Masked,1.06,0.12,0.3,0.58,0.06
1167,256,FALL 2008, ,98,-9,-9,-9,-9, ,-9,-9,-9,-9, ,-9,-9,-9,-9,-9, , , ,-9, , ,2, ,1,1,2,98, , , , , , , , , , , ,2,1,1,1, , , , ,4,-9, , , ,2, ,2,1, ,2,3,3,2,1,4,4,1,98,1,2,1,2,2, , , , ,2, , ,2,97,4,2,5,5,4, ,4,7,-9,CO, ,Masked,0.95,0.35,0.13,0.07,0.4
1168,257,FALL 2008, ,1,3,1,3,3, ,1,98,2,2,EVERY YEAR GETS HOTTER AND HOTTER,2,98,1,1,1, , , ,-9, , ,4, ,4,4,4,4, , , , , , , , , , , ,2,3,1,2, , , , ,4,-9, , , ,1, ,1,4, ,1,4,4,4,1,1,1,4,98,98,1,4,4,4, , , , ,3, , ,2,97,4,2,6,5,1, ,1,1,98,AZ, ,Masked,0.61,0.35,0.13,0.07,0.06
1169,258,FALL 2008, ,1,1,1,98,1, ,1,1,1,1,MELTING ICE CAPS,1,1,1,1,1, , , ,-9, , ,4, ,4,4,4,4, , , , , , , , , , , ,2,2,1,2, , , , ,4,-9, , , ,1, ,1,1, ,98,1,1,4,1,4,1,1,98,4,1,1,4,98, , , , ,3, , ,2,97,4,2,3,2,4, ,1,1,1,MT, ,Masked,0.61,0.35,0.13,0.07,0.06
1170,259,FALL 2008, ,98,-9,-9,-9,-9, ,-9,-9,-9,-9, ,-9,-9,-9,-9,-9, , , ,-9, , ,98, ,1,2,3,2, , , , , , , , , , , ,2,2,3,2, , , , ,3,-9, , , ,98, ,1,4, ,2,4,4,4,4,3,3,3,2,4,4,98,4,3, , , , ,1, , ,4,97,4,2,2,98,2, ,1,1,2,CO, ,Masked,0.36,0.1,0.13,0.07,0.06
1171,260,FALL 2008, ,1,3,3,98,1, ,1,2,4,98,HOTTER,2,1,3,98,2, , , ,-9, , ,1, ,2,2,1,1, , , , , , , , , , , ,98,98,98,98, , , , ,1,98, , , ,98, ,2,98, ,1,3,4,2,2,3,98,2,98,2,1,4,1,98, , , , ,1, , ,4,97,1,2,1,1,1, ,3,6,-9,CA, ,Masked,4.37,0.1,1,0.07,3.2
1172,261,FALL 2008, ,1,3,1,4,1, ,1,1,1,98,NATURAL AND MAN MADE EFFECTS,10,1,1,1,1, , , ,-9, , ,4, ,4,98,4,4, , , , , , , , , , , ,1,1,1,1, , , , ,4,-9, , , ,98, ,1,1, ,1,4,1,1,1,4,98,1,98,98,98,98,1,1, , , , ,1, , ,3,97,2,1,99,1,99, ,1,2,-9,CA, ,Masked,1.51,0.12,0.75,0.58,0.06
1173,262,FALL 2008, ,1,3,1,98,2, ,1,3,1,2,LOCAL WEATHER,2,2,1,1,2, , , ,-9, , ,3, ,2,3,3,2, , , , , , , , , , , ,1,2,1,2, , , , ,4,-9, , , ,1, ,1,1, ,4,3,4,1,1,3,2,2,1,3,1,1,1,1, , , , ,6, , ,2,97,5,2,3,1,1, ,1,6,-9,CA, ,Masked,0.54,0.35,0.06,0.07,0.06
1174,263,FALL 2008, ,2,-9,-9,-9,-9, ,-9,-9,-9,-9, ,-9,-9,-9,-9,-9, , ,SOMETHING I READ,1, , ,4, ,98,98,1,98, , , , , , , , , , , ,3,1,4,3, , , , ,98,-9, , , ,1, ,1,4, ,1,4,4,1,98,2,1,1,98,98,1,1,4,4, , , , ,1, , ,2,97,4,1,3,1,4, ,1,1,98,IL, ,Masked,1.22,0.45,0.13,0.58,0.06
1175,264,FALL 2008, ,1,2,1,98,1, ,2,1,2,1,SCIENTIFIC DISCUSSION,4,1,3,98,1, , , ,-9, , ,3, ,2,4,2,3, , , , , , , , , , , ,1,2,3,2, , , , ,4,-9, , , ,4, ,1,2, ,2,4,4,4,2,98,1,1,1,2,2,2,2,1, , , , ,98, , ,3,97,4,2,6,5,2, ,1,98,-9,CA, ,Masked,0.61,0.35,0.13,0.07,0.06
1176,265,FALL 2008, ,1,3,1,2,3, ,1,3,2,3,THE ICE MELTING,1,3,3,98,2, , , ,-9, , ,3, ,2,3,3,3, , , , , , , , , , , ,98,98,2,98, , , , ,2,2, , , ,2, ,2,2, ,3,2,2,2,3,2,3,98,2,2,3,2,2,2, , , , ,2, , ,2,97,2,1,2,1,4, ,2,1,2,WA, ,Masked,2.78,0.45,0.75,0.58,1
1177,266,FALL 2008, ,1,3,2,2,1, ,1,2,1,1,MELTING OF THE GLACIERS,1,1,2,1,1, , , ,-9, , ,4, ,4,4,4,4, , , , , , , , , , , ,1,1,1,1, , , , ,4,-9, , , ,98, ,4,1, ,4,2,2,2,1,4,4,1,98,4,1,1,1,1, , , , ,4, , ,3,97,3,2,99,1,4, ,1,1,2,OR, ,Masked,0.55,0.12,0.3,0.07,0.06
1178,267,FALL 2008, ,1,3,1,4,4, ,3,2,4,2,ICE CORE RESEARCH,4,3,4,2,3, , , ,-9, , ,3, ,3,3,4,4, , , , , , , , , , , ,3,3,4,3, , , , ,4,-9, , , ,3, ,4,4, ,2,4,4,3,3,4,2,1,2,2,4,4,2,3, , , , ,4, , ,3,97,5,1,3,1,2, ,1,1,2,WA, ,Masked,0.82,0.12,0.06,0.58,0.06
1179,268,FALL 2008, ,1,1,2,4,1, ,1,1,4,2,SEASONAL DELAY,10,4,1,1,1, , , ,-9, , ,4, ,2,4,4,4, , , , , , , , , , , ,1,2,2,1, , , , ,4,-9, , , ,3, ,4,1, ,2,3,2,1,2,4,4,2,98,2,2,1,1,1, , , , ,4, , ,2,97,3,1,5,5,1, ,1,6,-9,WA, ,Masked,1.29,0.35,0.3,0.58,0.06
1180,269,FALL 2008, ,1,2,1,98,4, ,1,3,98,3,NATURAL PROGRESSION OF THE WORLD,9,3,1,2,3, , , ,-9, , ,4, ,1,1,1,1, , , , , , , , , , , ,98,98,4,98, , , , ,98,-9, , , ,1, ,1,2, ,1,4,4,1,4,1,1,1,1,1,1,4,4,4, , , , ,5, , ,3,97,3,1,6,5,1, ,2,6,-9,CA, ,Masked,2.23,0.35,0.3,0.58,1
1181,270,FALL 2008, ,2,-9,-9,-9,-9, ,-9,-9,-9,-9, ,-9,-9,-9,-9,-9, , ,NO CHANGE IN WEATHER,1, , ,1, ,4,1,1,1, , , , , , , , , , , ,3,3,4,3, , , , ,1,2, , , ,4, ,98,1, ,4,98,4,4,1,1,1,1,98,1,1,98,1,1, , , , ,1, , ,3,97,2,1,99,1,1, ,1,2,-9,OR, ,Masked,1.74,0.35,0.75,0.58,0.06
1182,271,FALL 2008, ,2,-9,-9,-9,-9, ,-9,-9,-9,-9, ,-9,-9,-9,-9,-9, , ,HAS HAPPENED BEFORE,2, , ,3, ,1,2,1,2, , , , , , , , , , , ,98,98,3,98, , , , ,4,-9, , , ,4, ,1,1, ,2,4,4,3,4,3,1,1,1,3,1,3,1,1, , , , ,1, , ,5,97,3,2,6,3,2, ,1,99,-9,CA, ,Masked,0.68,0.25,0.3,0.07,0.06
1183,272,FALL 2008, ,1,1,1,1,1, ,1,1,1,1,LITERATURE READ REPORTS ON TV,6,1,1,1,1, , , ,-9, , ,4, ,4,4,4,4, , , , , , , , , , , ,1,2,1,1, , , , ,4,-9, , , ,2, ,4,1, ,3,1,2,2,1,4,4,1,1,4,1,1,1,1, , , , ,5, , ,3,97,3,2,4,1,1, ,1,3,-9,CA, ,Masked,0.55,0.12,0.3,0.07,0.06
1184,273,FALL 2008, ,1,1,1,1,1, ,1,1,98,1,AL GORE VIDEO,5,1,1,1,1, , , ,-9, , ,4, ,4,4,4,4, , , , , , , , , , , ,1,1,1,1, , , , ,4,-9, , , ,98, ,98,1, ,98,1,1,1,1,4,4,1,98,4,1,98,1,1, , , , ,98, , ,2,97,3,2,4,5,1, ,1,2,-9,ID, ,Masked,0.78,0.35,0.3,0.07,0.06
1185,274,FALL 2008, ,1,1,1,1,1, ,1,1,1,1,SNOW MELTING ICE BERGS,1,98,3,1,1, , , ,-9, , ,4, ,1,1,4,1, , , , , , , , , , , ,1,1,1,1, , , , ,4,-9, , , ,1, ,1,1, ,1,1,4,1,1,4,1,1,98,4,1,1,1,1, , , , ,3, , ,2,97,4,2,6,5,4, ,4,6,-9,CA, ,Masked,0.95,0.35,0.13,0.07,0.4
1186,275,FALL 2008, ,1,1,1,1,1, ,1,2,2,1,RESEARCH,4,1,1,1,1, , , ,-9, , ,4, ,4,4,4,4, , , , , , , , , , , ,1,2,1,2, , , , ,4,-9, , , ,2, ,1,1, ,1,2,2,1,1,4,2,1,98,2,1,1,1,2, , , , ,4, , ,3,97,5,2,6,1,1, ,3,2,-9,CA, ,Masked,3.68,0.35,0.06,0.07,3.2
1187,276,FALL 2008, ,98,-9,-9,-9,-9, ,-9,-9,-9,-9, ,-9,-9,-9,-9,-9, , , ,-9, , ,3, ,2,3,98,4, , , , , , , , , , , ,1,2,2,2, , , , ,4,-9, , , ,98, ,98,1, ,1,98,4,1,2,3,98,98,98,98,2,98,98,4, , , , ,1, , ,2,97,4,2,6,4,2, ,1,6,-9,MO, ,Masked,0.61,0.35,0.13,0.07,0.06
1188,277,FALL 2008, ,1,1,1,1,1, ,1,98,1,1,HOTTER AND HOTTER,2,1,1,1,1, , , ,-9, , ,4, ,4,4,4,4, , , , , , , , , , , ,1,1,1,1, , , , ,4,-9, , , ,1, ,1,1, ,1,1,4,2,1,4,98,1,98,3,1,1,1,2, , , , ,3, , ,3,97,3,2,5,1,1, ,5,6,-9,CA, ,Masked,0.74,0.12,0.3,0.07,0.25
1189,278,FALL 2008, ,1,1,1,2,1, ,1,1,1,1,COLLEGE COURSES FRIENDS,10,1,1,1,1, , , ,-9, , ,4, ,4,4,4,4, , , , , , , , , , , ,1,1,1,1, , , , ,4,-9, , , ,2, ,1,1, ,1,98,4,98,1,1,2,1,1,4,1,4,98,98, , , , ,6, , ,1,97,4,2,2,2,3, ,1,5,-9,CA, ,Masked,0.71,0.45,0.13,0.07,0.06
1190,279,FALL 2008, ,1,1,1,1,1, ,1,2,2,1,POLAR ICE SHRINKING,1,1,2,1,1, , , ,-9, , ,4, ,4,4,4,4, , , , , , , , , , , ,1,2,2,1, , , , ,4,-9, , , ,1, ,1,1, ,3,1,98,1,2,4,4,1,1,4,1,98,1,1, , , , ,6, , ,4,97,5,1,6,1,1, ,1,7,-9,CA, ,Masked,0.8,0.1,0.06,0.58,0.06
1191,280,FALL 2008, ,2,-9,-9,-9,-9, ,-9,-9,-9,-9, ,-9,-9,-9,-9,-9, , ,CONFLICTING DATA,5, , ,4, ,1,1,1,1, , , , , , , , , , , ,3,3,4,3, , , , ,4,-9, , , ,1, ,1,1, ,1,4,4,4,98,4,1,4,98,4,4,4,4,4, , , , ,1, , ,3,97,4,1,99,1,2, ,1,1,2,CA, ,Masked,1.12,0.35,0.13,0.58,0.06
1192,281,FALL 2008, ,2,-9,-9,-9,-9, ,-9,-9,-9,-9, ,-9,-9,-9,-9,-9, , ,TEMPERATURES VARY IN EVERY AREA EVERY YEAR,1, , ,1, ,1,1,1,1, , , , , , , , , , , ,2,2,3,2, , , , ,4,-9, , , ,98, ,2,4, ,4,4,4,1,4,1,2,1,1,4,3,4,1,4, , , , ,98, , ,4,97,3,2,99,6,2, ,1,1,1,CA, ,Masked,0.53,0.1,0.3,0.07,0.06
1193,282,FALL 2008, ,1,2,2,4,3, ,2,4,4,3,MEDIA COVERAGE,6,3,4,2,2, , , ,-9, , ,3, ,1,2,1,1, , , , , , , , , , , ,2,3,3,3, , , , ,4,-9, , , ,3, ,3,2, ,2,4,4,1,3,1,1,2,98,2,2,3,1,2, , , , ,6, , ,4,97,5,1,6,2,2, ,1,1,2,CA, ,Masked,0.8,0.1,0.06,0.58,0.06
1194,283,FALL 2008, ,2,-9,-9,-9,-9, ,-9,-9,-9,-9, ,-9,-9,-9,-9,-9, , ,TEMPERATURE FLUCTUATION TOO SPORADIC,2, , ,1, ,1,1,1,1, , , , , , , , , , , ,98,98,4,98, , , , ,2,3, , , ,2, ,2,98, ,2,4,4,98,4,3,1,2,98,2,98,3,2,3, , , , ,98, , ,1,97,2,1,99,3,4, ,1,2,-9,MO, ,Masked,1.84,0.45,0.75,0.58,0.06
1195,284,FALL 2008, ,1,2,1,98,1, ,98,1,4,2,FLOODS,10,1,1,1,1, , , ,-9, , ,98, ,4,4,4,4, , , , , , , , , , , ,2,98,4,2, , , , ,4,-9, , , ,1, ,98,1, ,1,4,4,4,4,2,1,1,2,1,98,2,98,1, , , , ,1, , ,3,97,2,2,99,1,99, ,1,2,-9,NV, , ,1,0.12,0.75,0.07,0.06
1196,285,FALL 2008, ,1,2,2,2,98, ,3,1,1,1,WARMER TEMPERATURES,2,1,1,1,1, , , ,-9, , ,4, ,4,4,4,4, , , , , , , , , , , ,1,1,1,1, , , , ,2,1, , , ,1, ,1,1, ,4,1,4,1,4,4,1,1,1,4,1,4,1,1, , , , ,6, , ,4,97,2,1,2,1,1, ,1,6,-9,CA, ,Masked,1.49,0.1,0.75,0.58,0.06
1197,286,FALL 2008, ,2,-9,-9,-9,-9, ,-9,-9,-9,-9, ,-9,-9,-9,-9,-9, , ,COOL SUMMER,1, , ,4, ,1,3,4,3, , , , , , , , , , , ,1,3,1,2, , , , ,2,2, , , ,1, ,1,1, ,1,1,4,1,1,4,4,1,98,3,1,4,1,1, , , , ,2, , ,3,97,99,1,99,99,99, ,2,99,-9,CA, ,Masked,1.95,0.12,0.25,0.58,1
1198,287,FALL 2008, ,1,2,2,98,3, ,2,4,3,2,MEDIA,6,3,2,1,2, , , ,-9, , ,2, ,2,1,2,3, , , , , , , , , , , ,1,1,2,1, , , , ,4,-9, , , ,2, ,2,1, ,2,3,2,2,2,3,2,2,98,2,1,2,2,2, , , , ,2, , ,2,97,4,2,6,3,2, ,1,6,-9,AL, ,Masked,0.61,0.35,0.13,0.07,0.06
1199,288,FALL 2008, ,2,-9,-9,-9,-9, ,-9,-9,-9,-9, ,-9,-9,-9,-9,-9, , ,NO SPECIFIC REASON,8, , ,2, ,98,3,98,2, , , , , , , , , , , ,2,2,2,2, , , , ,4,-9, , , ,2, ,98,2, ,2,4,4,1,2,2,2,2,98,2,2,2,2,4, , , , ,1, , ,4,97,2,2,1,1,2, ,1,6,-9,TN, ,Masked,0.98,0.1,0.75,0.07,0.06
1200,289,FALL 2008, ,2,-9,-9,-9,-9, ,-9,-9,-9,-9, ,-9,-9,-9,-9,-9, , ,TEMPERATURES DECLINING IN RECENT YEARS,1, , ,1, ,1,1,1,1, , , , , , , , , , , ,2,2,2,2, , , , ,4,-9, , , ,2, ,1,4, ,4,4,4,2,4,2,1,3,1,1,4,3,3,4, , , , ,2, , ,3,97,5,2,99,6,4, ,1,6,-9,CA, ,Masked,0.31,0.12,0.06,0.07,0.06
1201,290,FALL 2008, ,1,3,1,1,1, ,1,1,1,2,BEHAVIORS OF ANIMALS,10,1,1,1,1, , , ,-9, , ,4, ,2,4,4,4, , , , , , , , , , , ,1,1,1,1, , , , ,2,1, , , ,2, ,2,1, ,2,1,4,1,1,4,2,1,98,2,1,1,1,1, , , , ,98, , ,3,97,4,2,4,1,1, ,1,1,2,CA, ,Masked,0.38,0.12,0.13,0.07,0.06
1202,291,FALL 2008, ,1,1,2,2,1, ,2,1,3,1,CLIMATE CHANGES,3,2,3,1,1, , , ,-9, , ,4, ,4,3,3,4, , , , , , , , , , , ,1,2,2,1, , , , ,4,-9, , , ,1, ,2,1, ,2,3,4,2,1,4,3,98,98,4,1,3,1,1, , , , ,3, , ,3,97,5,2,99,2,1, ,1,3,-9,CA, ,Masked,0.31,0.12,0.06,0.07,0.06
1203,292,FALL 2008, ,1,1,1,4,1, ,1,1,1,1,ICE MELTING,1,1,2,1,1, , , ,-9, , ,4, ,4,4,4,4, , , , , , , , , , , ,1,1,1,1, , , , ,4,-9, , , ,2, ,1,1, ,1,2,3,1,2,4,2,2,1,4,1,1,1,1, , , , ,5, , ,3,97,3,2,6,1,4, ,1,6,-9,CA, ,Masked,0.55,0.12,0.3,0.07,0.06
1204,293,FALL 2008, ,98,-9,-9,-9,-9, ,-9,-9,-9,-9, ,-9,-9,-9,-9,-9, , , ,-9, , ,3, ,2,3,2,2, , , , , , , , , , , ,1,1,2,1, , , , ,4,-9, , , ,1, ,2,2, ,3,2,4,2,2,2,4,2,98,1,1,2,1,2, , , , ,4, , ,5,97,4,1,3,5,2, ,1,1,2,OR, ,Masked,1.02,0.25,0.13,0.58,0.06
1205,294,FALL 2008, ,1,3,2,2,2, ,1,2,2,2,MELTING OF POLAR CAPS,1,2,3,1,1, , , ,-9, , ,3, ,3,3,3,3, , , , , , , , , , , ,1,2,2,2, , , , ,4,-9, , , ,2, ,2,2, ,3,4,4,2,2,2,4,1,2,2,2,2,2,2, , , , ,3, , ,4,97,5,2,5,2,4, ,1,1,2,WA, ,Masked,0.29,0.1,0.06,0.07,0.06
1206,295,FALL 2008, ,1,3,1,2,1, ,1,1,2,2,MORE INTENSE SUN RAYS,10,1,1,1,1, , , ,-9, , ,98, ,2,3,3,4, , , , , , , , , , , ,1,1,1,1, , , , ,4,-9, , , ,98, ,3,2, ,2,2,4,2,2,2,2,2,1,2,1,1,2,2, , , , ,6, , ,4,97,4,1,3,2,1, ,1,6,-9,CA, ,Masked,0.87,0.1,0.13,0.58,0.06
1207,296,FALL 2008, ,1,3,1,1,1, ,1,2,2,3,MELTING OF THE ICE CAPS AND GLACIERS,1,2,3,1,1, , , ,-9, , ,4, ,98,98,4,4, , , , , , , , , , , ,1,2,1,1, , , , ,2,1, , , ,2, ,2,1, ,2,3,4,3,1,4,2,98,98,3,2,4,2,2, , , , ,3, , ,3,97,5,2,99,5,1, ,1,1,2,CA, ,Masked,0.31,0.12,0.06,0.07,0.06
1208,297,FALL 2008, ,2,-9,-9,-9,-9, ,-9,-9,-9,-9, ,-9,-9,-9,-9,-9, , ,READING AND WHAT I KNOW,1, , ,2, ,1,2,2,2, , , , , , , , , , , ,2,3,3,3, , , , ,4,-9, , , ,98, ,1,2, ,3,4,4,3,3,2,1,3,98,3,2,3,3,3, , , , ,1, , ,2,97,3,1,3,1,2, ,1,1,2,OR, ,Masked,1.29,0.35,0.3,0.58,0.06
1209,298,FALL 2008, ,98,-9,-9,-9,-9, ,-9,-9,-9,-9, ,-9,-9,-9,-9,-9, , , ,-9, , ,4, ,2,2,3,4, , , , , , , , , , , ,2,2,1,2, , , , ,4,-9, , , ,4, ,1,1, ,4,4,4,4,4,4,1,2,1,2,4,1,1,4, , , , ,1, , ,3,97,4,2,2,1,1, ,1,2,-9,CA, ,Masked,0.38,0.12,0.13,0.07,0.06
1210,299,FALL 2008, ,98,-9,-9,-9,-9, ,-9,-9,-9,-9, ,-9,-9,-9,-9,-9, , , ,-9, , ,4, ,2,2,2,3, , , , , , , , , , , ,1,1,2,1, , , , ,4,-9, , , ,2, ,1,2, ,1,2,3,2,3,4,2,1,2,3,1,3,1,1, , , , ,4, , ,3,97,2,2,3,1,4, ,1,2,-9,OR, ,Masked,1,0.12,0.75,0.07,0.06
1211,300,FALL 2008, ,1,3,2,1,2, ,1,1,2,2,HOTTER TEMPS AROUND THE WORLD,2,2,2,1,1, , , ,-9, , ,4, ,2,3,4,3, , , , , , , , , , , ,1,1,1,1, , , , ,4,-9, , , ,2, ,2,2, ,2,3,4,2,2,3,3,2,98,3,1,3,2,2, , , , ,5, , ,2,97,3,1,3,1,1, ,3,2,-9,CA, ,Masked,4.53,0.45,0.3,0.58,3.2
1212,301,FALL 2008, ,1,1,1,3,1, ,1,2,3,2,MY WORK,10,98,1,1,1, , , ,-9, , ,3, ,3,3,3,3, , , , , , , , , , , ,1,1,4,1, , , , ,3,-9, , , ,3, ,2,2, ,2,2,2,2,2,4,3,2,98,3,2,3,2,2, , , , ,4, , ,2,97,2,1,6,1,3, ,5,6,-9,CA, ,Masked,2.03,0.45,0.75,0.58,0.25
1213,302,FALL 2008, ,1,1,1,1,1, ,1,1,4,1,HURRICANES,3,1,3,1,1, , , ,-9, , ,4, ,4,4,4,4, , , , , , , , , , , ,1,2,1,2, , , , ,4,-9, , , ,1, ,1,1, ,2,2,1,1,98,1,1,1,2,1,1,1,1,1, , , , ,3, , ,4,97,3,1,4,2,1, ,1,98,-9,NV, , ,1.04,0.1,0.3,0.58,0.06
1214,303,FALL 2008, ,1,3,2,4,2, ,1,2,4,2,NEWS,6,2,4,1,2, , , ,-9, , ,3, ,98,3,3,3, , , , , , , , , , , ,1,2,2,1, , , , ,4,-9, , , ,2, ,98,2, ,3,2,4,2,3,3,98,98,1,98,2,2,2,2, , , , ,4, , ,2,97,5,1,5,4,1, ,1,1,2,WA, ,Masked,1.05,0.35,0.06,0.58,0.06
1215,304,FALL 2008, ,98,-9,-9,-9,-9, ,-9,-9,-9,-9, ,-9,-9,-9,-9,-9, , , ,-9, , ,1, ,2,1,2,2, , , , , , , , , , , ,1,1,1,1, , , , ,4,-9, , , ,98, ,1,1, ,1,98,4,1,1,4,98,1,98,98,1,98,1,1, , , , ,98, , ,2,97,3,1,99,1,1, ,2,99,-9,WA, ,Masked,2.33,0.45,0.3,0.58,1
1216,305,FALL 2008, ,2,-9,-9,-9,-9, ,-9,-9,-9,-9, ,-9,-9,-9,-9,-9, , ,THE TEMPERATURE,1, , ,1, ,1,1,4,1, , , , , , , , , , , ,2,3,4,2, , , , ,98,-9, , , ,98, ,1,98, ,3,4,3,3,1,1,98,1,1,98,98,3,3,98, , , , ,1, , ,4,97,4,2,99,4,3, ,5,1,98,CA, ,Masked,0.55,0.1,0.13,0.07,0.25
1217,306,FALL 2008, ,1,3,2,2,2, ,3,2,1,2,CHANGES IN WEATHER,3,2,2,98,2, , , ,-9, , ,98, ,3,4,1,1, , , , , , , , , , , ,2,2,2,2, , , , ,2,1, , , ,3, ,1,2, ,1,3,3,2,2,2,1,98,98,3,2,2,1,2, , , , ,2, , ,4,97,2,2,3,1,1, ,1,1,1,WI, ,Masked,0.98,0.1,0.75,0.07,0.06
1218,307,FALL 2008, ,2,-9,-9,-9,-9, ,-9,-9,-9,-9, ,-9,-9,-9,-9,-9, , ,THE DEMOCRATS,7, , ,2, ,1,1,1,1, , , , , , , , , , , ,1,2,2,2, , , , ,4,-9, , , ,4, ,1,2, ,3,4,4,4,4,4,1,1,1,4,3,3,2,3, , , , ,4, , ,3,97,5,1,6,1,2, ,1,1,2,CA, ,Masked,0.82,0.12,0.06,0.58,0.06
1219,308,FALL 2008, ,1,1,1,1,2, ,1,1,4,1,THE GLACIERS ARE DISAPPEARING,1,4,3,1,1, , , ,-9, , ,4, ,2,2,4,4, , , , , , , , , , , ,1,1,1,1, , , , ,4,-9, , , ,98, ,1,3, ,98,2,3,1,1,4,3,1,1,4,4,3,1,3, , , , ,98, , ,4,97,4,1,5,3,3, ,1,2,-9,CA, ,Masked,0.87,0.1,0.13,0.58,0.06
1220,309,FALL 2008, ,98,-9,-9,-9,-9, ,-9,-9,-9,-9, ,-9,-9,-9,-9,-9, , , ,-9, , ,4, ,3,2,2,3, , , , , , , , , , , ,2,2,1,2, , , , ,4,-9, , , ,1, ,1,1, ,1,1,4,1,98,4,1,1,98,4,1,1,1,1, , , , ,4, , ,3,97,3,1,2,1,1, ,1,1,1,OR, ,Masked,1.06,0.12,0.3,0.58,0.06
1221,310,FALL 2008, ,1,3,1,3,2, ,2,2,3,2,RESEARCH,4,3,2,2,2, , , ,-9, , ,4, ,2,2,4,4, , , , , , , , , , , ,2,2,2,2, , , , ,4,-9, , , ,3, ,3,2, ,4,3,4,1,1,4,98,1,2,4,1,3,2,2, , , , ,3, , ,2,97,4,1,2,5,3, ,1,6,-9,WA, ,Masked,1.22,0.45,0.13,0.58,0.06
1222,311,FALL 2008, ,1,3,2,2,3, ,2,2,4,2,MEDIA REPORTS,6,2,4,1,2, , , ,-9, , ,98, ,2,3,3,3, , , , , , , , , , , ,2,2,2,2, , , , ,4,-9, , , ,98, ,98,1, ,3,2,2,2,98,3,2,98,98,2,2,98,2,2, , , , ,2, , ,2,97,5,2,99,5,4, ,4,6,-9,CA, ,Masked,0.88,0.35,0.06,0.07,0.4
1223,312,FALL 2008, ,1,3,1,1,1, ,1,1,1,1,POLAR BEARS,7,1,1,1,1, , , ,-9, , ,4, ,4,4,3,4, , , , , , , , , , , ,1,2,2,2, , , , ,1,1, , , ,1, ,1,1, ,1,2,2,1,2,3,1,1,1,3,1,2,2,2, , , , ,3, , ,4,97,5,1,4,1,4, ,1,1,1,CA, ,Masked,0.8,0.1,0.06,0.58,0.06
1224,313,FALL 2008, ,1,3,2,2,1, ,2,2,1,2,HOTTER WEATHER PATTERNS,1,2,1,1,2, , , ,-9, , ,4, ,3,3,4,3, , , , , , , , , , , ,1,2,2,2, , , , ,4,-9, , , ,2, ,1,2, ,1,3,4,2,2,2,4,2,2,3,1,2,2,2, , , , ,2, , ,1,97,2,2,2,2,1, ,2,1,2,TN, ,Masked,2.27,0.45,0.75,0.07,1
1225,314,FALL 2008, ,1,1,1,2,2, ,1,3,3,2,MELTING OF THE ICE CAPS,1,1,3,1,1, , , ,-9, , ,4, ,4,3,4,4, , , , , , , , , , , ,1,1,1,1, , , , ,4,-9, , , ,2, ,1,2, ,3,3,3,3,1,4,2,1,98,4,2,3,1,2, , , , ,5, , ,3,97,4,2,6,1,1, ,1,2,-9,CA, ,Masked,0.38,0.12,0.13,0.07,0.06
1226,315,FALL 2008, ,1,3,2,98,2, ,2,2,2,2,CLIMATE CHANGE,3,3,1,1,2, , , ,-9, , ,4, ,4,4,4,4, , , , , , , , , , , ,2,2,4,2, , , , ,4,-9, , , ,2, ,2,1, ,2,2,1,1,2,3,4,2,98,4,1,2,1,1, , , , ,98, , ,3,97,4,2,6,1,1, ,5,98,-9,CA, ,Masked,0.8,0.35,0.13,0.07,0.25
1227,316,FALL 2008, ,1,3,1,3,4, ,98,98,3,98,SWEATING MORE WHEN I AM WORKING,2,98,1,1,1, , , ,-9, , ,4, ,4,4,1,4, , , , , , , , , , , ,3,3,4,2, , , , ,4,-9, , , ,1, ,1,1, ,98,4,1,1,1,4,4,1,1,1,1,1,1,1, , , , ,5, , ,2,97,3,1,5,2,2, ,3,2,-9,CA, ,Masked,4.43,0.35,0.3,0.58,3.2
1228,317,FALL 2008, ,2,-9,-9,-9,-9, ,-9,-9,-9,-9, ,-9,-9,-9,-9,-9, , ,SCIENTIST STUDIES,3, , ,2, ,2,1,1,3, , , , , , , , , , , ,3,3,4,3, , , , ,4,-9, , , ,3, ,2,3, ,2,4,4,3,4,3,3,2,2,3,2,3,3,3, , , , ,2, , ,3,97,2,2,3,2,3, ,1,1,2,CA, ,Masked,1.23,0.35,0.75,0.07,0.06
1229,318,FALL 2008, ,2,-9,-9,-9,-9, ,-9,-9,-9,-9, ,-9,-9,-9,-9,-9, , ,WEATHER CYCLES ALWAYS HAPPPEN,2, , ,1, ,1,1,1,2, , , , , , , , , , , ,98,98,4,98, , , , ,4,-9, , , ,1, ,1,1, ,1,4,4,1,2,3,4,1,1,3,1,1,1,3, , , , ,1, , ,3,97,5,2,99,1,99, ,1,6,-9,OR, ,Masked,0.31,0.12,0.06,0.07,0.06
1230,319,FALL 2008, ,98,-9,-9,-9,-9, ,-9,-9,-9,-9, ,-9,-9,-9,-9,-9, , , ,-9, , ,1, ,1,2,2,2, , , , , , , , , , , ,2,2,3,2, , , , ,1,3, , , ,2, ,2,1, ,4,2,2,1,3,1,1,2,1,2,1,3,1,2, , , , ,3, , ,3,97,3,1,1,2,2, ,1,1,1,WA, ,Masked,1.06,0.12,0.3,0.58,0.06
1231,320,FALL 2008, ,1,98,1,4,1, ,3,2,1,1,WEATHER,3,3,2,98,2, , , ,-9, , ,4, ,1,1,4,1, , , , , , , , , , , ,3,2,1,3, , , , ,4,-9, , , ,1, ,1,1, ,1,1,1,1,1,1,4,1,2,2,1,1,1,1, , , , ,1, , ,2,97,4,1,3,1,4, ,3,2,-9,CA, ,Masked,4.26,0.35,0.13,0.58,3.2
1232,321,FALL 2008, ,1,3,2,4,2, ,1,2,1,4,MILD WINTERS IN MINNESOTA,2,2,1,98,2, , , ,-9, , ,4, ,4,3,3,3, , , , , , , , , , , ,2,1,2,1, , , , ,4,-9, , , ,98, ,2,2, ,98,98,98,4,1,4,2,1,98,4,1,1,1,98, , , , ,2, , ,4,97,3,2,2,1,4, ,1,1,2,MN, ,Masked,0.53,0.1,0.3,0.07,0.06
1233,322,FALL 2008, ,1,1,1,1,1, ,1,1,2,1,SCIENTIFIC DATA,4,3,2,1,1, , , ,-9, , ,4, ,4,4,4,4, , , , , , , , , , , ,1,1,1,1, , , , ,4,-9, , , ,1, ,1,2, ,3,3,3,1,2,4,2,1,98,4,2,3,2,2, , , , ,3, , ,3,97,4,2,6,2,1, ,1,1,2,WA, ,Masked,0.38,0.12,0.13,0.07,0.06
1234,323,FALL 2008, ,1,3,2,98,1, ,98,1,1,2,JUST THE FACTS WHEN YOU LOOK AT IT OVER TIME,2,98,1,2,2, , , ,-9, , ,4, ,3,3,3,2, , , , , , , , , , , ,1,1,3,1, , , , ,4,-9, , , ,98, ,2,1, ,1,4,4,1,1,3,2,1,98,2,2,4,2,2, , , , ,2, , ,5,97,4,2,3,1,3, ,1,2,-9,TX, ,Masked,0.51,0.25,0.13,0.07,0.06
1235,324,FALL 2008, ,98,-9,-9,-9,-9, ,-9,-9,-9,-9, ,-9,-9,-9,-9,-9, , , ,-9, , ,98, ,2,2,3,3, , , , , , , , , , , ,2,2,98,2, , , , ,4,-9, , , ,2, ,2,98, ,2,3,2,2,98,2,98,2,98,3,2,4,2,98, , , , ,3, , ,3,97,5,2,6,1,1, ,1,2,-9,LA, ,Masked,0.31,0.12,0.06,0.07,0.06
1236,325,FALL 2008, ,1,3,2,98,2, ,98,98,4,98,MEDIA.,6,98,98,2,98, , , ,-9, , ,98, ,98,3,3,3, , , , , , , , , , , ,2,2,2,2, , , , ,4,-9, , , ,98, ,98,2, ,98,4,4,2,98,3,2,98,98,98,1,98,4,98, , , , ,1, , ,2,97,1,2,1,1,2, ,1,1,2,CA, ,Masked,1.48,0.35,1,0.07,0.06
1237,326,FALL 2008, ,1,1,1,1,2, ,1,1,1,1,NEWS,6,1,1,1,1, , , ,-9, , ,4, ,4,4,4,4, , , , , , , , , , , ,1,1,1,1, , , , ,4,-9, , , ,98, ,1,1, ,1,3,1,1,1,4,98,1,98,4,1,98,1,1, , , , ,2, , ,2,97,4,2,2,1,1, ,1,6,-9,CA, ,Masked,0.71,0.45,0.13,0.07,0.06
1238,327,FALL 2008, ,1,3,1,4,3, ,2,1,3,2,DAY TO DAY,2,4,3,1,1, , , ,-9, , ,3, ,3,3,3,3, , , , , , , , , , , ,1,1,2,1, , , , ,3,-9, , , ,3, ,2,2, ,2,4,3,2,3,3,2,2,1,3,2,2,3,2, , , , ,2, , ,3,97,5,1,99,1,99, ,2,6,-9,CA, ,Masked,1.99,0.35,0.06,0.58,1
1239,328,FALL 2008, ,1,3,2,2,2, ,1,2,1,98,SUMMERS ARE HOTTER AND WEATHER IS CRAZY,2,1,1,98,2, , , ,-9, , ,3, ,4,98,4,4, , , , , , , , , , , ,1,1,1,1, , , , ,4,-9, , , ,98, ,98,2, ,98,98,4,1,98,3,98,1,98,98,1,2,3,98, , , , ,1, , ,4,97,3,2,1,1,1, ,5,6,-9,CA, ,Masked,0.72,0.1,0.3,0.07,0.25
1240,329,FALL 2008, ,1,3,1,99,1, ,1,1,1,2,THE TEMPERATURES ARE MUCH MORE ERRATIC,2,1,1,98,1, , , ,-9, , ,4, ,3,2,4,4, , , , , , , , , , , ,1,1,2,1, , , , ,4,-9, , , ,1, ,98,98, ,98,98,98,98,1,98,98,1,98,98,1,4,2,98, , , , ,98, , ,3,97,2,2,1,1,99, ,1,99,-9,CA, ,Masked,1,0.12,0.75,0.07,0.06
1241,330,FALL 2008, ,1,1,1,2,1, ,1,1,1,1,GETTING WARMER,2,1,1,1,1, , , ,-9, , ,4, ,4,4,4,4, , , , , , , , , , , ,98,3,1,3, , , , ,4,-9, , , ,1, ,1,1, ,1,1,1,1,1,4,1,2,2,4,1,1,1,1, , , , ,3, , ,3,97,4,2,3,5,1, ,1,7,-9,CA, ,Masked,0.61,0.35,0.13,0.07,0.06
1242,331,FALL 2008, ,2,-9,-9,-9,-9, ,-9,-9,-9,-9, ,-9,-9,-9,-9,-9, , ,BEEN DECREASING IN RECENT YEARS,5, , ,1, ,1,1,4,1, , , , , , , , , , , ,2,2,99,2, , , , ,4,-9, , , ,4, ,1,3, ,4,4,4,4,4,99,1,3,2,4,4,4,4,4, , , , ,1, , ,4,97,3,1,2,98,2, ,1,1,1,WA, ,Masked,1.04,0.1,0.3,0.58,0.06
1243,332,FALL 2008, ,1,1,1,1,1, ,1,1,1,1,SEASONS ARENT STABLE,3,1,1,1,1, , , ,-9, , ,4, ,4,4,4,4, , , , , , , , , , , ,1,1,1,1, , , , ,4,-9, , , ,4, ,4,1, ,4,1,4,1,1,4,1,1,2,1,4,1,1,4, , , , ,2, , ,2,97,4,1,3,1,1, ,2,1,1,CA, ,Masked,2.06,0.35,0.13,0.58,1
1244,333,FALL 2008, ,1,98,2,1,1, ,1,98,1,1,THE POLAR ICE CAPS NORTH POLE,1,1,1,1,1, , , ,-9, , ,4, ,4,2,4,4, , , , , , , , , , , ,2,2,1,2, , , , ,4,-9, , , ,1, ,98,1, ,1,4,4,98,1,4,1,1,98,4,1,1,1,1, , , , ,98, , ,3,97,3,1,6,1,1, ,1,3,-9,CA, ,Masked,1.06,0.12,0.3,0.58,0.06
1245,334,FALL 2008, ,1,1,2,2,1, ,1,1,1,3,VERY OBVIOUS JUST OUR LIVING CONDITIONS DOING THIS,2,1,1,2,1, , , ,-9, , ,4, ,4,4,4,4, , , , , , , , , , , ,1,1,1,1, , , , ,1,3, , , ,98, ,98,1, ,3,4,4,1,1,1,1,98,98,1,1,1,1,4, , , , ,1, , ,4,97,2,2,99,1,99, ,1,6,-9,WA, ,Masked,0.98,0.1,0.75,0.07,0.06
1246,335,FALL 2008, ,98,-9,-9,-9,-9, ,-9,-9,-9,-9, ,-9,-9,-9,-9,-9, , , ,-9, , ,2, ,2,1,2,3, , , , , , , , , , , ,2,2,2,2, , , , ,1,1, , , ,2, ,1,2, ,98,3,3,2,3,2,98,1,2,3,1,2,2,98, , , , ,4, , ,3,97,2,2,6,1,2, ,1,1,2,MO, ,Masked,1.23,0.35,0.75,0.07,0.06
1247,336,FALL 2008, ,98,-9,-9,-9,-9, ,-9,-9,-9,-9, ,-9,-9,-9,-9,-9, , , ,-9, , ,3, ,2,2,2,2, , , , , , , , , , , ,98,98,3,98, , , , ,4,-9, , , ,2, ,2,2, ,2,4,4,2,3,2,2,2,2,2,1,3,2,2, , , , ,1, , ,4,97,2,2,3,1,1, ,1,1,1,MS, ,Masked,0.98,0.1,0.75,0.07,0.06
1248,337,FALL 2008, ,98,-9,-9,-9,-9, ,-9,-9,-9,-9, ,-9,-9,-9,-9,-9, , , ,-9, , ,98, ,2,4,2,2, , , , , , , , , , , ,2,2,1,2, , , , ,4,-9, , , ,4, ,1,1, ,1,4,4,4,98,4,1,2,98,4,1,4,1,1, , , , ,3, , ,4,97,3,1,4,2,2, ,1,1,98,IL, ,Masked,1.04,0.1,0.3,0.58,0.06
1249,338,FALL 2008, ,1,3,1,2,2, ,1,1,2,2,MORE CARS ON ROADS,8,2,3,1,1, , , ,-9, , ,3, ,3,2,4,3, , , , , , , , , , , ,1,1,2,1, , , , ,4,-9, , , ,2, ,2,2, ,2,2,2,2,2,4,3,3,98,3,2,2,2,2, , , , ,98, , ,1,97,3,1,2,5,3, ,1,6,-9,TX, ,Masked,1.39,0.45,0.3,0.58,0.06
1250,339,FALL 2008, ,1,1,1,98,1, ,1,1,1,1,ICE CAPS ARE MELTING,1,1,2,1,1, , , ,-9, , ,4, ,4,4,4,4, , , , , , , , , , , ,1,1,1,1, , , , ,1,3, , , ,4, ,1,1, ,3,2,3,2,1,4,98,1,98,1,1,98,1,98, , , , ,98, , ,2,97,2,2,99,1,99, ,1,6,-9,TX, ,Masked,1.23,0.35,0.75,0.07,0.06
1251,340,FALL 2008, ,2,-9,-9,-9,-9, ,-9,-9,-9,-9, ,-9,-9,-9,-9,-9, , ,MISUSE OF INFORMATION,5, , ,1, ,1,1,3,1, , , , , , , , , , , ,1,2,1,2, , , , ,1,3, , , ,1, ,98,1, ,2,1,4,1,4,2,1,1,98,3,2,2,1,4, , , , ,2, , ,3,97,3,2,4,5,2, ,1,98,-9,KS, ,Masked,0.55,0.12,0.3,0.07,0.06
1252,341,FALL 2008, ,1,3,1,98,1, ,1,1,3,1,WEATHER LATELY IS HOTTER  OZONE IS DEPLETING,2,4,1,1,1, , , ,-9, , ,4, ,4,3,4,4, , , , , , , , , , , ,1,1,1,1, , , , ,4,-9, , , ,98, ,1,1, ,98,4,4,1,1,4,98,1,98,2,1,2,1,1, , , , ,1, , ,1,97,2,2,4,1,2, ,1,2,-9,LA, ,Masked,1.33,0.45,0.75,0.07,0.06
1253,342,FALL 2008, ,1,2,2,4,2, ,1,2,2,2,PRESS REPORTS,6,98,1,1,2, , , ,-9, , ,4, ,2,4,3,1, , , , , , , , , , , ,3,3,2,3, , , , ,4,-9, , , ,2, ,3,1, ,4,2,2,2,2,3,4,2,98,3,2,3,1,2, , , , ,4, , ,3,97,4,1,6,1,4, ,1,6,-9,MN, ,Masked,1.12,0.35,0.13,0.58,0.06
1254,343,FALL 2008, ,1,1,1,4,4, ,1,3,1,4,ICE GLACIERS MELTING,1,2,2,98,1, , , ,-9, , ,3, ,2,3,3,98, , , , , , , , , , , ,3,3,3,3, , , , ,4,-9, , , ,4, ,2,4, ,4,4,4,4,98,2,4,3,98,2,1,3,3,4, , , , ,1, , ,3,97,3,2,4,3,98, ,5,1,98,TX, ,Masked,0.74,0.12,0.3,0.07,0.25
1255,344,FALL 2008, ,98,-9,-9,-9,-9, ,-9,-9,-9,-9, ,-9,-9,-9,-9,-9, , , ,-9, , ,4, ,4,4,4,4, , , , , , , , , , , ,3,3,1,3, , , , ,4,-9, , , ,1, ,1,1, ,2,1,1,4,4,4,1,1,1,4,4,4,1,1, , , , ,1, , ,4,97,1,1,3,1,1, ,1,2,-9,MN, ,Masked,1.74,0.1,1,0.58,0.06
1256,345,FALL 2008, ,2,-9,-9,-9,-9, ,-9,-9,-9,-9, ,-9,-9,-9,-9,-9, , ,OBSERVATION,1, , ,1, ,1,1,1,2, , , , , , , , , , , ,98,3,4,3, , , , ,1,3, , , ,4, ,1,3, ,4,4,4,2,4,2,1,1,2,4,4,4,2,4, , , , ,1, , ,3,97,4,1,6,5,2, ,1,1,1,OK, ,Masked,0.89,0.12,0.13,0.58,0.06
1257,346,FALL 2008, ,1,1,1,2,1, ,2,1,2,1,THE WEATHER,3,2,1,1,1, , , ,-9, , ,2, ,99,2,1,1, , , , , , , , , , , ,2,2,2,2, , , , ,2,98, , , ,2, ,4,2, ,2,2,2,2,2,2,2,2,98,2,2,4,2,2, , , , ,98, , ,3,97,3,2,1,5,1, ,1,2,-9,MS, ,Masked,0.78,0.35,0.3,0.07,0.06
1258,347,FALL 2008, ,1,2,1,98,1, ,2,1,2,2,WEATHER CHANGES,3,3,2,1,1, , , ,-9, , ,4, ,4,3,4,1, , , , , , , , , , , ,1,1,1,1, , , , ,4,-9, , , ,4, ,1,1, ,4,1,4,4,2,4,4,98,2,1,3,98,4,4, , , , ,2, , ,4,97,2,2,1,2,98, ,1,6,-9,MS, ,Masked,0.98,0.1,0.75,0.07,0.06
1259,348,FALL 2008, ,2,-9,-9,-9,-9, ,-9,-9,-9,-9, ,-9,-9,-9,-9,-9, , ,NO HEAT,1, , ,3, ,98,4,2,3, , , , , , , , , , , ,2,2,2,2, , , , ,3,-9, , , ,2, ,2,2, ,1,2,4,1,3,1,98,2,2,2,2,2,1,1, , , , ,3, , ,3,97,2,2,4,2,98, ,1,6,-9,IL, ,Masked,1.23,0.35,0.75,0.07,0.06
1260,349,FALL 2008, ,1,1,1,4,1, ,1,98,1,1,POLAR ICE CAP MELTING THINGS I READ,1,1,1,1,1, , , ,-9, , ,4, ,4,4,4,4, , , , , , , , , , , ,1,1,1,1, , , , ,1,1, , , ,1, ,1,1, ,1,1,1,1,1,4,1,1,98,2,1,98,1,1, , , , ,6, , ,4,97,4,2,3,2,2, ,1,2,-9,IL, ,Masked,0.36,0.1,0.13,0.07,0.06
1261,350,FALL 2008, ,1,1,2,2,2, ,2,2,2,2,THINGS I HAVE READ,6,2,1,1,2, , , ,-9, , ,3, ,2,2,3,2, , , , , , , , , , , ,1,2,2,1, , , , ,2,3, , , ,2, ,1,1, ,1,2,2,1,2,3,2,2,2,3,1,2,1,1, , , , ,5, , ,2,97,5,2,5,1,4, ,1,2,-9,IA, ,Masked,0.54,0.35,0.06,0.07,0.06
1262,351,FALL 2008, ,1,1,1,1,1, ,1,1,1,1,FEEL WARMER,2,1,1,2,2, , , ,-9, , ,4, ,4,3,3,2, , , , , , , , , , , ,1,1,2,1, , , , ,2,98, , , ,1, ,1,2, ,1,2,2,1,2,4,1,1,2,4,1,2,1,1, , , , ,98, , ,2,97,3,2,3,1,2, ,1,1,1,LA, ,Masked,0.78,0.35,0.3,0.07,0.06
1263,352,FALL 2008, ,1,98,1,4,2, ,1,4,4,4,MELTING OF GLACIERS,1,4,2,2,2, , , ,-9, , ,3, ,3,4,3,3, , , , , , , , , , , ,1,2,2,2, , , , ,4,-9, , , ,2, ,1,1, ,2,2,4,1,2,4,2,2,98,3,1,3,1,2, , , , ,5, , ,2,97,4,2,6,5,2, ,1,2,-9,TX, ,Masked,0.61,0.35,0.13,0.07,0.06
1264,353,FALL 2008, ,98,-9,-9,-9,-9, ,-9,-9,-9,-9, ,-9,-9,-9,-9,-9, , , ,-9, , ,3, ,2,3,3,3, , , , , , , , , , , ,2,2,3,2, , , , ,3,-9, , , ,98, ,2,2, ,2,2,2,2,3,2,2,2,98,2,2,2,2,2, , , , ,1, , ,2,97,2,2,99,1,99, ,1,7,-9,IL, ,Masked,1.23,0.35,0.75,0.07,0.06
1265,354,FALL 2008, ,1,1,2,2,2, ,1,2,1,1,GROWING METEOR PROBLEMS,10,1,3,1,2, , , ,-9, , ,4, ,3,4,4,4, , , , , , , , , , , ,2,2,4,2, , , , ,1,3, , , ,1, ,4,1, ,4,1,1,1,1,4,4,1,98,4,1,98,1,1, , , , ,4, , ,2,97,4,2,5,6,1, ,1,1,2,WI, ,Masked,0.71,0.45,0.13,0.07,0.06
1266,355,FALL 2008, ,98,-9,-9,-9,-9, ,-9,-9,-9,-9, ,-9,-9,-9,-9,-9, , , ,-9, , ,2, ,2,2,2,2, , , , , , , , , , , ,2,2,2,2, , , , ,4,-9, , , ,2, ,2,2, ,2,2,2,2,2,2,2,2,1,2,2,2,2,2, , , , ,98, , ,3,97,2,2,99,1,1, ,2,1,2,TN, ,Masked,1.94,0.12,0.75,0.07,1
1267,356,FALL 2008, ,1,1,1,1,1, ,1,1,1,98,ICE MELTING,1,1,4,1,1, , , ,-9, , ,4, ,4,4,4,4, , , , , , , , , , , ,1,1,1,1, , , , ,4,-9, , , ,4, ,1,1, ,1,4,4,98,98,4,1,1,1,4,1,1,1,1, , , , ,3, , ,4,97,3,2,3,1,1, ,1,1,1,IA, ,Masked,0.53,0.1,0.3,0.07,0.06
1268,357,FALL 2008, ,1,3,2,99,4, ,2,98,4,2,EMISSIONS,8,3,4,1,1, , , ,-9, , ,4, ,3,4,2,4, , , , , , , , , , , ,1,1,1,1, , , , ,4,-9, , , ,2, ,2,2, ,2,3,4,2,2,4,2,2,98,2,3,2,2,3, , , , ,5, , ,4,97,5,2,3,1,4, ,1,1,2,OK, ,Masked,0.29,0.1,0.06,0.07,0.06
1269,358,FALL 2008, ,2,-9,-9,-9,-9, ,-9,-9,-9,-9, ,-9,-9,-9,-9,-9, , ,NATURAL PROCESS,2, , ,2, ,1,1,2,2, , , , , , , , , , , ,3,3,2,3, , , , ,1,3, , , ,1, ,3,2, ,2,4,4,2,4,2,3,4,98,2,1,1,1,3, , , , ,1, , ,1,97,3,2,2,1,2, ,1,1,2,TX, ,Masked,0.88,0.45,0.3,0.07,0.06
1270,359,FALL 2008, ,98,-9,-9,-9,-9, ,-9,-9,-9,-9, ,-9,-9,-9,-9,-9, , , ,-9, , ,98, ,2,2,2,2, , , , , , , , , , , ,2,3,3,2, , , , ,4,-9, , , ,2, ,2,2, ,4,2,4,98,98,2,2,2,98,3,2,4,4,2, , , , ,3, , ,3,97,5,1,99,1,4, ,1,2,-9,TX, ,Masked,0.82,0.12,0.06,0.58,0.06
1271,360,FALL 2008, ,1,3,1,4,1, ,1,2,1,98,INCREASED BUILDING AND POPULATION,8,1,1,98,2, , , ,-9, , ,3, ,3,3,4,4, , , , , , , , , , , ,1,1,1,1, , , , ,2,1, , , ,98, ,1,1, ,2,98,2,2,1,3,98,1,98,3,1,2,1,2, , , , ,98, , ,4,97,2,2,99,1,1, ,1,1,1,FL, ,Masked,0.98,0.1,0.75,0.07,0.06
1272,361,FALL 2008, ,1,2,2,98,1, ,1,1,2,2,MEDIA,6,1,2,1,2, , , ,-9, , ,2, ,2,2,2,2, , , , , , , , , , , ,1,2,2,2, , , , ,4,-9, , , ,2, ,1,2, ,1,1,3,1,2,2,2,1,98,2,1,2,1,2, , , , ,4, , ,2,97,5,2,3,1,1, ,1,2,-9,MN, ,Masked,0.64,0.45,0.06,0.07,0.06
1273,362,FALL 2008, ,1,3,1,98,2, ,1,2,3,98,POLAR CAPS,1,3,3,1,1, , , ,-9, , ,4, ,4,4,4,4, , , , , , , , , , , ,1,1,1,1, , , , ,2,98, , , ,2, ,1,1, ,98,3,4,1,1,4,2,2,98,4,1,4,1,3, , , , ,98, , ,3,97,3,2,4,5,1, ,1,1,2,TN, ,Masked,0.78,0.35,0.3,0.07,0.06
1274,363,FALL 2008, ,1,3,2,4,2, ,2,4,4,2,HUMANS,8,2,4,2,2, , , ,-9, , ,3, ,2,2,3,2, , , , , , , , , , , ,2,2,2,2, , , , ,3,-9, , , ,2, ,2,3, ,2,4,4,2,3,3,3,3,98,3,2,3,2,4, , , , ,4, , ,3,97,2,1,6,1,2, ,1,2,-9,IL, ,Masked,1.74,0.35,0.75,0.58,0.06
1275,364,FALL 2008, ,2,-9,-9,-9,-9, ,-9,-9,-9,-9, ,-9,-9,-9,-9,-9, , ,TEMPS STAY THE SAME,1, , ,1, ,1,1,1,1, , , , , , , , , , , ,2,3,4,2, , , , ,4,-9, , , ,2, ,4,1, ,98,1,1,2,4,1,1,1,2,4,1,2,1,2, , , , ,6, , ,4,97,5,1,4,1,2, ,1,2,-9,NE, ,Masked,0.8,0.1,0.06,0.58,0.06
1276,365,FALL 2008, ,1,2,2,4,3, ,3,3,4,4,SIN IN THE WORLD,10,4,3,2,4, , , ,-9, , ,3, ,2,3,3,2, , , , , , , , , , , ,2,2,4,2, , , , ,1,2, , , ,3, ,2,2, ,3,4,4,4,4,2,98,1,2,4,3,3,1,3, , , , ,1, , ,2,97,3,1,2,1,4, ,99,1,1,AK, ,Masked,1.48,0.35,0.3,0.58,0.25
1277,366,FALL 2008, ,1,3,1,1,1, ,1,1,1,1,WARMER SUMMERS,2,1,1,1,1, , , ,-9, , ,3, ,98,4,4,3, , , , , , , , , , , ,3,2,1,3, , , , ,4,-9, , , ,1, ,98,1, ,3,1,3,1,2,4,98,1,1,4,1,1,1,1, , , , ,5, , ,3,97,1,1,5,4,4, ,1,7,-9,OK, ,Masked,1.76,0.12,1,0.58,0.06
1278,367,FALL 2008, ,2,-9,-9,-9,-9, ,-9,-9,-9,-9, ,-9,-9,-9,-9,-9, , ,SNOW,9, , ,3, ,1,2,1,1, , , , , , , , , , , ,2,2,2,2, , , , ,4,-9, , , ,98, ,2,2, ,3,4,4,3,4,2,1,98,98,2,1,4,1,2, , , , ,3, , ,2,97,4,1,4,5,4, ,1,1,1,IA, ,Masked,1.12,0.35,0.13,0.58,0.06
1279,368,FALL 2008, ,1,3,1,1,2, ,2,1,2,1,UNUSUAL WEATHER,3,4,1,1,1, , , ,-9, , ,4, ,4,4,4,4, , , , , , , , , , , ,2,2,4,2, , , , ,4,-9, , , ,98, ,1,3, ,2,3,4,1,2,4,2,1,98,4,1,4,1,1, , , , ,4, , ,2,97,2,1,6,1,2, ,3,1,1,TX, ,Masked,4.88,0.35,0.75,0.58,3.2
1280,369,FALL 2008, ,1,1,1,3,2, ,1,1,98,3,ICE MELTING ON POLAR CAPS,1,1,2,1,1, , , ,-9, , ,4, ,4,4,4,4, , , , , , , , , , , ,1,2,1,1, , , , ,4,-9, , , ,3, ,1,1, ,3,4,4,1,3,4,98,98,98,3,1,2,1,2, , , , ,4, , ,3,97,2,2,2,1,1, ,1,99,-9,MN, ,Masked,1,0.12,0.75,0.07,0.06
1281,370,FALL 2008, ,1,2,1,98,1, ,2,1,2,2,HOTTER TO ME,2,2,1,1,2, , , ,-9, , ,3, ,1,1,3,1, , , , , , , , , , , ,1,1,1,1, , , , ,4,-9, , , ,98, ,1,1, ,1,1,3,1,1,1,98,2,98,2,98,2,2,1, , , , ,1, , ,3,97,2,2,1,1,1, ,2,1,1,AL, ,Masked,1.94,0.12,0.75,0.07,1
1282,371,FALL 2008, ,2,-9,-9,-9,-9, ,-9,-9,-9,-9, ,-9,-9,-9,-9,-9, , ,RECORDED HISTORY HAS FLUCTUATIONS,2, , ,3, ,2,1,1,2, , , , , , , , , , , ,1,2,1,2, , , , ,4,-9, , , ,2, ,1,2, ,1,4,4,1,1,4,1,1,2,4,2,4,1,1, , , , ,6, , ,2,97,3,1,6,5,4, ,1,6,-9,TX, ,Masked,1.29,0.35,0.3,0.58,0.06
1283,372,FALL 2008, ,1,1,1,2,2, ,1,1,4,1,POLLUTION FROM PEOPLE,8,2,2,1,1, , , ,-9, , ,4, ,4,2,4,4, , , , , , , , , , , ,1,1,1,1, , , , ,4,-9, , , ,1, ,1,2, ,1,4,4,1,1,4,2,1,98,4,1,1,1,1, , , , ,4, , ,3,97,5,2,2,1,4, ,1,1,1,WI, ,Masked,0.31,0.12,0.06,0.07,0.06
1284,373,FALL 2008, ,1,1,3,98,2, ,98,1,2,98,JUST WHAT I HEAR,10,98,4,2,2, , , ,-9, , ,3, ,2,2,2,3, , , , , , , , , , , ,2,2,1,2, , , , ,4,-9, , , ,3, ,98,2, ,1,4,4,1,3,2,4,3,98,98,4,4,4,4, , , , ,5, , ,3,97,4,2,6,5,2, ,1,2,-9,LA, ,Masked,0.38,0.12,0.13,0.07,0.06
1285,374,FALL 2008, ,1,3,2,4,2, ,1,2,2,2,DECREASE IN POLAR CAPS,1,3,2,1,2, , , ,-9, , ,3, ,2,3,1,2, , , , , , , , , , , ,1,2,2,2, , , , ,4,-9, , , ,3, ,2,2, ,3,4,4,2,2,2,2,2,98,2,1,2,1,2, , , , ,3, , ,1,97,2,1,6,1,2, ,1,6,-9,TX, ,Masked,1.84,0.45,0.75,0.58,0.06
1286,375,FALL 2008, ,1,3,1,98,1, ,1,1,1,98,SUN IS HOTTER THAN IN THE PAST,2,1,1,1,1, , , ,-9, , ,4, ,4,2,4,4, , , , , , , , , , , ,1,1,1,1, , , , ,1,1, , , ,98, ,98,1, ,4,4,4,1,98,4,1,1,98,98,1,4,1,1, , , , ,1, , ,5,97,3,1,1,1,4, ,1,6,-9,TX, ,Masked,1.19,0.25,0.3,0.58,0.06
1287,376,FALL 2008, ,1,3,1,2,2, ,2,1,2,3,THE CLOTHES WE USE,10,2,2,1,1, , , ,-9, , ,3, ,3,3,3,3, , , , , , , , , , , ,1,2,2,1, , , , ,3,-9, , , ,2, ,2,2, ,98,2,2,3,3,3,2,2,2,3,2,3,3,2, , , , ,5, , ,2,97,5,1,4,5,4, ,1,2,-9,IL, ,Masked,1.15,0.45,0.06,0.58,0.06
1288,377,FALL 2008, ,1,2,1,4,4, ,4,4,4,4,MEDIA,6,4,4,2,3, , , ,-9, , ,2, ,1,1,2,4, , , , , , , , , , , ,2,2,98,2, , , , ,4,-9, , , ,98, ,2,1, ,4,4,4,4,4,4,1,4,2,1,99,1,4,4, , , , ,1, , ,5,97,4,1,2,1,4, ,1,2,-9,MN, ,Masked,1.02,0.25,0.13,0.58,0.06
1289,378,FALL 2008, ,1,1,1,1,2, ,1,98,2,98,SEASONS ARE CHANGING,3,98,1,1,1, , , ,-9, , ,4, ,4,4,4,4, , , , , , , , , , , ,2,2,2,2, , , , ,4,-9, , , ,98, ,2,2, ,2,98,3,2,2,3,2,1,2,3,1,98,1,2, , , , ,98, , ,3,97,4,2,99,1,4, ,1,1,2,WI, ,Masked,0.38,0.12,0.13,0.07,0.06
1290,379,FALL 2008, ,1,3,1,1,2, ,1,2,3,1,DATA TO BACK UP FINDINGS,4,1,3,1,1, , , ,-9, , ,4, ,4,3,4,4, , , , , , , , , , , ,1,2,2,1, , , , ,1,1, , , ,1, ,1,1, ,2,1,1,1,1,3,3,2,2,3,1,1,1,2, , , , ,2, , ,2,97,4,2,3,4,1, ,1,1,2,KY, ,Masked,0.71,0.45,0.13,0.07,0.06
1291,380,FALL 2008, ,1,1,1,2,2, ,1,98,98,2,ICE MELTING AND PENGUINS,1,2,4,1,1, , , ,-9, , ,4, ,2,4,2,4, , , , , , , , , , , ,1,1,1,1, , , , ,4,-9, , , ,1, ,1,1, ,2,98,4,1,1,2,1,1,98,98,1,2,1,98, , , , ,98, , ,4,97,4,2,2,1,1, ,1,1,2,MO, ,Masked,0.36,0.1,0.13,0.07,0.06
1292,381,FALL 2008, ,1,3,1,2,1, ,1,1,2,1,THE WEATHER AND MELTING ICE,3,1,1,1,1, , , ,-9, , ,3, ,3,3,3,3, , , , , , , , , , , ,1,1,2,1, , , , ,3,-9, , , ,3, ,2,2, ,3,3,3,2,2,3,3,3,2,3,2,2,98,2, , , , ,3, , ,2,97,5,2,99,5,99, ,2,6,-9,TX, ,Masked,1.48,0.35,0.06,0.07,1
1293,382,FALL 2008, ,1,1,2,2,2, ,1,2,1,2,NEWS,6,2,3,2,1, , , ,-9, , ,3, ,3,3,3,3, , , , , , , , , , , ,2,2,2,2, , , , ,2,1, , , ,2, ,2,4, ,1,4,4,4,4,1,1,4,98,1,2,4,4,2, , , , ,3, , ,3,97,2,2,3,1,2, ,1,1,1,NE, ,Masked,1,0.12,0.75,0.07,0.06
1294,383,FALL 2008, ,1,3,1,98,2, ,2,1,1,3,PATTERNS IN WEATHER,3,2,1,1,2, , , ,-9, , ,4, ,4,4,4,4, , , , , , , , , , , ,1,2,1,2, , , , ,1,98, , , ,4, ,1,2, ,1,1,1,1,98,4,4,1,98,4,1,1,1,1, , , , ,5, , ,2,97,4,1,2,1,4, ,2,1,1,AL, ,Masked,2.16,0.45,0.13,0.58,1
1295,384,FALL 2008, ,2,-9,-9,-9,-9, ,-9,-9,-9,-9, ,-9,-9,-9,-9,-9, , ,READ IT IS NORMAL,9, , ,98, ,1,1,1,1, , , , , , , , , , , ,3,3,4,3, , , , ,4,-9, , , ,4, ,2,2, ,2,3,4,3,4,2,98,1,98,4,1,4,1,2, , , , ,2, , ,3,97,2,2,2,4,4, ,1,1,2,WI, ,Masked,1.23,0.35,0.75,0.07,0.06
1296,385,FALL 2008, ,2,-9,-9,-9,-9, ,-9,-9,-9,-9, ,-9,-9,-9,-9,-9, , ,BELOW NORMAL THIS YEAR,1, , ,1, ,1,1,1,1, , , , , , , , , , , ,3,3,4,3, , , , ,4,-9, , , ,98, ,1,98, ,1,4,4,4,4,4,1,2,98,4,1,1,4,4, , , , ,1, , ,3,97,3,1,98,5,98, ,1,6,-9,MN, ,Masked,1.29,0.35,0.3,0.58,0.06
1297,386,FALL 2008, ,1,2,3,4,2, ,2,2,4,2,WEATHER IS DIFFERENT,3,2,2,2,2, , , ,-9, , ,1, ,1,2,1,1, , , , , , , , , , , ,2,1,2,1, , , , ,1,3, , , ,4, ,1,1, ,1,4,4,4,98,2,1,4,2,4,1,4,1,4, , , , ,3, , ,5,97,2,2,2,2,4, ,1,2,-9,WI, ,Masked,1.13,0.25,0.75,0.07,0.06
1298,387,FALL 2008, ,1,2,1,4,1, ,1,1,98,4,WAY THE WEATHER HAS CHANGED,3,4,1,1,1, , , ,-9, , ,98, ,3,2,98,2, , , , , , , , , , , ,98,98,2,98, , , , ,98,-9, , , ,98, ,2,2, ,2,98,98,98,98,98,98,2,98,98,1,98,1,2, , , , ,2, , ,4,97,3,2,1,1,2, ,1,1,98,MO, ,Masked,0.53,0.1,0.3,0.07,0.06
1299,388,FALL 2008, ,1,1,2,4,1, ,2,1,2,2,TEMPERATURE INCREASING,2,1,1,2,2, , , ,-9, , ,4, ,2,4,3,2, , , , , , , , , , , ,2,2,2,2, , , , ,4,-9, , , ,2, ,2,1, ,2,2,3,1,2,3,2,1,2,2,1,2,1,1, , , , ,5, , ,1,97,3,2,3,1,98, ,1,2,-9,IL, ,Masked,0.88,0.45,0.3,0.07,0.06
1300,389,FALL 2008, ,2,-9,-9,-9,-9, ,-9,-9,-9,-9, ,-9,-9,-9,-9,-9, , ,NO SOLID EVIDENCE,3, , ,3, ,1,1,1,1, , , , , , , , , , , ,2,3,4,2, , , , ,4,-9, , , ,4, ,2,4, ,3,3,4,3,4,1,4,1,98,3,4,3,2,4, , , , ,6, , ,3,97,3,1,99,3,2, ,1,1,1,TX, ,Masked,1.06,0.12,0.3,0.58,0.06
1301,390,FALL 2008, ,1,98,2,98,1, ,1,1,2,3,ICE CAPS MELTING,1,2,2,1,2, , , ,-9, , ,4, ,3,3,3,4, , , , , , , , , , , ,1,2,1,2, , , , ,98,-9, , , ,1, ,3,2, ,1,1,2,1,2,4,2,98,1,98,1,4,2,98, , , , ,4, , ,1,97,3,2,3,4,1, ,1,6,-9,MO, ,Masked,0.88,0.45,0.3,0.07,0.06
1302,391,FALL 2008, ,1,3,1,2,2, ,1,2,98,2,CROPS AND RAIN,10,1,1,98,2, , , ,-9, , ,98, ,3,2,4,98, , , , , , , , , , , ,1,2,98,2, , , , ,4,-9, , , ,98, ,1,98, ,98,4,98,98,1,4,2,98,98,98,2,98,98,98, , , , ,98, , ,4,97,3,2,4,2,2, ,1,1,2,IA, ,Masked,0.53,0.1,0.3,0.07,0.06
1303,392,FALL 2008, ,1,1,1,1,1, ,1,2,2,1,BURNING FOSSIL FUELS AND THE WEATHER,10,1,3,1,1, , , ,-9, , ,2, ,4,98,3,4, , , , , , , , , , , ,1,2,1,2, , , , ,98,-9, , , ,4, ,1,4, ,98,4,4,1,2,1,2,1,98,98,1,98,98,2, , , , ,99, , ,4,97,3,1,2,1,4, ,1,6,-9,IN, ,Masked,1.04,0.1,0.3,0.58,0.06
1304,393,FALL 2008, ,1,3,1,98,2, ,2,2,3,2,WEATHER,3,3,2,1,1, , , ,-9, , ,98, ,2,3,1,2, , , , , , , , , , , ,2,2,98,2, , , , ,1,98, , , ,98, ,98,2, ,2,2,4,2,2,2,98,2,98,2,98,98,2,2, , , , ,98, , ,3,97,2,1,2,1,1, ,1,98,-9,IL, ,Masked,1.51,0.12,0.75,0.58,0.06
1305,394,FALL 2008, ,1,3,2,98,1, ,2,2,1,2,FACTORIES,8,98,3,1,2, , , ,-9, , ,4, ,2,3,4,2, , , , , , , , , , , ,3,3,2,3, , , , ,4,-9, , , ,1, ,1,2, ,4,2,98,1,3,4,2,1,2,2,2,3,1,1, , , , ,6, , ,3,97,3,2,3,1,99, ,1,2,-9,OK, ,Masked,0.55,0.12,0.3,0.07,0.06
1306,395,FALL 2008, ,98,-9,-9,-9,-9, ,-9,-9,-9,-9, ,-9,-9,-9,-9,-9, , , ,-9, , ,4, ,1,2,1,1, , , , , , , , , , , ,1,1,1,1, , , , ,4,-9, , , ,4, ,1,4, ,4,4,4,4,4,4,1,4,98,1,3,4,4,4, , , , ,1, , ,2,97,3,1,3,5,3, ,1,6,-9,WI, ,Masked,1.39,0.45,0.3,0.58,0.06
1307,396,FALL 2008, ,1,3,1,4,3, ,1,98,3,3,THE NEWS,6,3,3,2,2, , , ,-9, , ,3, ,2,3,3,3, , , , , , , , , , , ,1,3,3,2, , , , ,3,-9, , , ,2, ,2,3, ,98,3,3,2,2,3,2,2,1,2,2,3,2,2, , , , ,1, , ,3,97,5,1,6,1,4, ,1,99,-9,TX, ,Masked,0.82,0.12,0.06,0.58,0.06
1308,397,FALL 2008, ,98,-9,-9,-9,-9, ,-9,-9,-9,-9, ,-9,-9,-9,-9,-9, , , ,-9, , ,4, ,1,1,4,4, , , , , , , , , , , ,1,2,1,1, , , , ,4,-9, , , ,1, ,1,1, ,2,4,4,1,1,4,4,1,98,1,1,4,1,1, , , , ,3, , ,3,97,3,2,99,1,1, ,1,6,-9,KS, ,Masked,0.55,0.12,0.3,0.07,0.06
1309,398,FALL 2008, ,2,-9,-9,-9,-9, ,-9,-9,-9,-9, ,-9,-9,-9,-9,-9, , ,MOST FREEZING SUMMER OF MY LIFE,1, , ,2, ,1,1,1,2, , , , , , , , , , , ,3,3,4,3, , , , ,3,-9, , , ,98, ,3,3, ,4,2,4,4,4,3,3,4,98,98,3,98,4,3, , , , ,1, , ,5,97,4,2,2,5,2, ,1,2,-9,MN, ,Masked,0.51,0.25,0.13,0.07,0.06
1310,399,FALL 2008, ,1,1,1,98,98, ,1,2,4,1,WATERS IN THE OCEAN,10,2,2,98,1, , , ,-9, , ,4, ,4,98,4,4, , , , , , , , , , , ,3,3,1,3, , , , ,4,-9, , , ,4, ,1,1, ,4,1,1,1,1,4,1,4,2,4,1,1,1,1, , , , ,3, , ,3,97,5,1,99,5,3, ,1,6,-9,WI, ,Masked,0.82,0.12,0.06,0.58,0.06
1311,400,FALL 2008, ,1,3,1,2,2, ,1,1,2,98,GLACIERS MELTING,1,98,1,1,2, , , ,-9, , ,2, ,2,2,98,3, , , , , , , , , , , ,1,1,1,1, , , , ,1,1, , , ,98, ,1,1, ,2,98,4,1,1,1,98,2,1,1,98,2,1,98, , , , ,1, , ,4,97,3,2,99,1,3, ,1,2,-9,IL, ,Masked,0.53,0.1,0.3,0.07,0.06
1312,401,FALL 2008, ,2,-9,-9,-9,-9, ,-9,-9,-9,-9, ,-9,-9,-9,-9,-9, , ,NO MORE THAN LAST 200 YEARS,9, , ,4, ,1,2,1,3, , , , , , , , , , , ,2,3,4,2, , , , ,4,-9, , , ,2, ,2,1, ,4,4,3,2,4,1,1,2,2,1,2,3,1,3, , , , ,2, , ,3,97,5,1,5,1,4, ,1,2,-9,WI, ,Masked,0.82,0.12,0.06,0.58,0.06
1313,402,FALL 2008, ,1,3,1,3,2, ,2,2,2,2,WARMER WINTERS,2,2,1,2,2, , , ,-9, , ,98, ,4,3,3,4, , , , , , , , , , , ,2,2,1,2, , , , ,98,-9, , , ,98, ,1,98, ,1,98,4,1,98,2,98,98,98,98,1,98,1,98, , , , ,98, , ,4,97,2,2,99,1,99, ,1,2,-9,MO, ,Masked,0.98,0.1,0.75,0.07,0.06
1314,403,FALL 2008, ,1,1,2,3,1, ,1,3,1,3,JUST BY EVERYTHING I HAVE READ AND HEARD IN CLASSES,2,1,2,1,2, , , ,-9, , ,3, ,3,4,4,4, , , , , , , , , , , ,1,2,2,1, , , , ,4,-9, , , ,3, ,2,1, ,2,3,3,2,2,3,98,2,98,3,1,3,2,3, , , , ,2, , ,1,97,4,2,5,1,2, ,1,6,-9,IL, ,Masked,0.71,0.45,0.13,0.07,0.06
1315,404,FALL 2008, ,2,-9,-9,-9,-9, ,-9,-9,-9,-9, ,-9,-9,-9,-9,-9, , ,NOT AS WARM,1, , ,1, ,1,1,1,1, , , , , , , , , , , ,3,3,4,3, , , , ,3,-9, , , ,98, ,1,3, ,3,4,4,4,3,98,1,3,2,98,4,4,3,98, , , , ,1, , ,4,97,3,1,2,2,4, ,1,1,1,TX, ,Masked,1.04,0.1,0.3,0.58,0.06
1316,405,FALL 2008, ,2,-9,-9,-9,-9, ,-9,-9,-9,-9, ,-9,-9,-9,-9,-9, , ,NO TEMPERATURE CHANGES THAT I DETECT,1, , ,3, ,1,4,2,1, , , , , , , , , , , ,98,2,98,2, , , , ,4,-9, , , ,1, ,4,1, ,4,2,98,2,4,3,1,1,2,98,2,1,1,1, , , , ,5, , ,4,97,3,1,3,1,2, ,1,1,98,TX, ,Masked,1.04,0.1,0.3,0.58,0.06
1317,406,FALL 2008, ,2,-9,-9,-9,-9, ,-9,-9,-9,-9, ,-9,-9,-9,-9,-9, , ,WINTERS ARE STILL COLD HERE,1, , ,2, ,2,1,98,2, , , , , , , , , , , ,3,3,3,3, , , , ,4,-9, , , ,3, ,1,3, ,98,4,4,2,3,4,3,1,98,4,1,3,2,3, , , , ,2, , ,2,97,3,2,5,1,2, ,1,2,-9,MN, ,Masked,0.78,0.35,0.3,0.07,0.06
1318,407,FALL 2008, ,1,2,1,3,1, ,1,1,4,4,I  FEEL IT,2,1,1,1,1, , , ,-9, , ,4, ,4,1,1,4, , , , , , , , , , , ,3,3,4,3, , , , ,4,-9, , , ,1, ,1,1, ,2,4,1,1,4,4,1,4,98,4,2,1,1,4, , , , ,1, , ,4,97,3,2,1,1,1, ,1,2,-9,WI, ,Masked,0.53,0.1,0.3,0.07,0.06
1319,408,FALL 2008, ,1,3,1,1,1, ,1,1,1,98,SEEN ON TV AND IN NEWS ARTICLES READ CLIMATE IS DIFFERENT,6,1,1,98,1, , , ,-9, , ,4, ,4,4,4,4, , , , , , , , , , , ,2,2,1,2, , , , ,4,-9, , , ,1, ,1,3, ,3,4,4,1,1,4,1,1,98,4,2,2,2,4, , , , ,2, , ,2,97,4,2,98,1,1, ,1,6,-9,KY, ,Masked,0.61,0.35,0.13,0.07,0.06
1320,409,FALL 2008, ,1,3,1,98,1, ,1,2,1,1,WARMER EVEY YEAR,2,2,1,1,1, , , ,-9, , ,3, ,3,3,3,3, , , , , , , , , , , ,1,2,2,2, , , , ,3,-9, , , ,3, ,2,2, ,2,3,2,98,2,3,2,98,98,2,2,3,2,2, , , , ,2, , ,3,97,3,1,3,1,4, ,1,99,-9,IL, ,Masked,1.29,0.35,0.3,0.58,0.06
1321,410,FALL 2008, ,1,1,1,98,1, ,1,1,98,1,POPULATION,10,1,1,1,1, , , ,-9, , ,4, ,4,4,4,4, , , , , , , , , , , ,2,3,1,1, , , , ,4,-9, , , ,4, ,1,1, ,1,4,4,1,1,4,1,1,98,4,4,4,4,4, , , , ,3, , ,2,97,4,1,5,1,2, ,1,6,-9,TX, ,Masked,1.12,0.35,0.13,0.58,0.06
1322,411,FALL 2008, ,1,3,1,98,1, ,1,1,1,1,THE NEWS,6,1,2,1,1, , , ,-9, , ,3, ,3,3,3,3, , , , , , , , , , , ,1,2,2,2, , , , ,3,-9, , , ,2, ,2,2, ,2,3,2,2,2,2,2,2,98,3,2,2,2,2, , , , ,3, , ,3,97,4,1,2,1,4, ,1,6,-9,IL, ,Masked,0.89,0.12,0.13,0.58,0.06
1323,412,FALL 2008, ,98,-9,-9,-9,-9, ,-9,-9,-9,-9, ,-9,-9,-9,-9,-9, , , ,-9, , ,98, ,3,3,98,4, , , , , , , , , , , ,98,98,98,98, , , , ,2,1, , , ,2, ,98,98, ,98,4,4,1,1,3,4,98,98,98,1,98,1,98, , , , ,98, , ,2,97,3,2,1,1,98, ,1,2,-9,WI, ,Masked,0.88,0.45,0.3,0.07,0.06
1324,413,FALL 2008, ,98,-9,-9,-9,-9, ,-9,-9,-9,-9, ,-9,-9,-9,-9,-9, , , ,-9, , ,4, ,1,4,2,4, , , , , , , , , , , ,1,1,1,1, , , , ,1,3, , , ,1, ,1,1, ,1,1,4,1,2,1,98,1,98,4,1,1,1,1, , , , ,6, , ,1,97,2,1,6,1,1, ,1,6,-9,KY, ,Masked,1.84,0.45,0.75,0.58,0.06
1325,414,FALL 2008, ,2,-9,-9,-9,-9, ,-9,-9,-9,-9, ,-9,-9,-9,-9,-9, , ,LONGER WINTERS,1, , ,3, ,2,2,2,2, , , , , , , , , , , ,3,3,2,3, , , , ,3,-9, , , ,3, ,3,3, ,3,3,3,3,98,2,3,2,1,2,3,4,3,3, , , , ,2, , ,1,97,4,1,4,1,99, ,1,99,-9,KS, ,Masked,1.22,0.45,0.13,0.58,0.06
1326,415,FALL 2008, ,1,1,2,98,2, ,3,98,2,4,SUN GETTING CLOSER TO EARTH,10,2,2,2,2, , , ,-9, , ,3, ,1,2,2,2, , , , , , , , , , , ,2,3,98,2, , , , ,4,-9, , , ,2, ,2,4, ,98,4,4,4,2,98,4,1,98,2,1,2,1,1, , , , ,99, , ,4,97,2,1,4,1,1, ,1,1,2,TX, ,Masked,1.49,0.1,0.75,0.58,0.06
1327,416,FALL 2008, ,1,3,2,98,98, ,2,1,98,4,FROM THE MEDIA,6,98,4,2,1, , , ,-9, , ,4, ,1,98,1,4, , , , , , , , , , , ,1,2,1,1, , , , ,98,-9, , , ,4, ,1,98, ,98,4,3,1,98,1,4,98,1,98,1,3,98,98, , , , ,4, , ,3,97,4,1,6,1,98, ,1,1,1,TX, ,Masked,0.89,0.12,0.13,0.58,0.06
1328,417,FALL 2008, ,1,1,2,1,3, ,1,3,1,1,BECAUSE OF WATCHED TV AND NEWS,6,3,1,1,1, , , ,-9, , ,4, ,4,4,4,4, , , , , , , , , , , ,1,2,4,2, , , , ,4,-9, , , ,1, ,1,1, ,1,4,4,1,98,1,1,1,98,4,1,4,1,1, , , , ,3, , ,3,97,4,1,6,2,1, ,1,2,-9,MO, ,Masked,0.89,0.12,0.13,0.58,0.06
1329,418,FALL 2008, ,1,3,2,98,4, ,1,2,3,2,SCIENTIFIC PAPERS,4,3,2,1,2, , , ,-9, , ,3, ,1,4,4,3, , , , , , , , , , , ,2,2,3,2, , , , ,4,-9, , , ,2, ,1,1, ,2,4,2,1,3,2,2,3,98,2,2,3,2,3, , , , ,3, , ,1,97,3,2,1,2,3, ,5,7,-9,MN, ,Masked,1.07,0.45,0.3,0.07,0.25
1330,419,FALL 2008, ,98,-9,-9,-9,-9, ,-9,-9,-9,-9, ,-9,-9,-9,-9,-9, , , ,-9, , ,3, ,2,98,98,2, , , , , , , , , , , ,2,2,2,2, , , , ,4,-9, , , ,2, ,98,1, ,2,4,4,2,98,3,3,98,2,3,1,3,1,2, , , , ,3, , ,3,97,5,2,2,2,1, ,1,3,-9,IL, ,Masked,0.31,0.12,0.06,0.07,0.06
1331,420,FALL 2008, ,1,98,1,99,1, ,2,2,1,2,IT FEELS WARMER,2,98,1,2,1, , , ,-9, , ,1, ,1,98,2,2, , , , , , , , , , , ,2,2,2,2, , , , ,4,-9, , , ,98, ,1,1, ,98,4,4,98,4,2,1,1,98,98,2,2,4,4, , , , ,98, , ,4,97,2,2,2,1,2, ,1,1,1,AL, ,Masked,0.98,0.1,0.75,0.07,0.06
1332,421,FALL 2008, ,2,-9,-9,-9,-9, ,-9,-9,-9,-9, ,-9,-9,-9,-9,-9, , ,HAVE NOT SEEN ANY EVIDENCE,3, , ,1, ,1,1,1,1, , , , , , , , , , , ,3,3,4,3, , , , ,2,3, , , ,4, ,2,4, ,4,4,4,1,4,1,2,1,2,4,1,4,1,4, , , , ,6, , ,3,97,4,1,6,1,2, ,1,1,2,AL, ,Masked,0.89,0.12,0.13,0.58,0.06
1333,422,FALL 2008, ,1,3,1,1,1, ,1,1,1,3,ICE IS MELTING VERY QUICKLY,1,3,3,1,1, , , ,-9, , ,4, ,4,98,4,4, , , , , , , , , , , ,1,2,1,1, , , , ,4,-9, , , ,1, ,1,1, ,98,98,4,1,4,4,98,1,2,4,1,1,1,4, , , , ,98, , ,3,97,3,2,1,1,1, ,2,6,-9,IN, ,Masked,1.49,0.12,0.3,0.07,1
1334,423,FALL 2008, ,98,-9,-9,-9,-9, ,-9,-9,-9,-9, ,-9,-9,-9,-9,-9, , , ,-9, , ,2, ,2,2,1,2, , , , , , , , , , , ,1,1,1,1, , , , ,2,1, , , ,2, ,1,1, ,98,98,3,1,2,2,98,1,2,2,1,2,1,98, , , , ,2, , ,3,97,4,2,5,1,2, ,1,2,-9,MO, ,Masked,0.61,0.35,0.13,0.07,0.06
1335,424,FALL 2008, ,1,1,2,2,1, ,1,1,3,1,COLDER AND EXTREME TEMPS,3,1,4,1,1, , , ,-9, , ,4, ,98,98,3,4, , , , , , , , , , , ,2,1,2,1, , , , ,98,-9, , , ,98, ,2,2, ,98,4,4,2,2,98,4,1,2,98,1,2,2,98, , , , ,1, , ,2,97,3,2,99,1,1, ,2,6,-9,TN, ,Masked,1.72,0.35,0.3,0.07,1
1336,425,FALL 2008, ,1,2,2,4,2, ,2,4,2,4,METEOROLOGY,10,2,2,2,3, , , ,-9, , ,4, ,1,1,2,1, , , , , , , , , , , ,2,2,98,2, , , , ,4,-9, , , ,1, ,2,2, ,3,3,3,3,2,98,1,1,98,1,2,3,2,2, , , , ,98, , ,3,97,5,1,5,5,2, ,1,2,-9,AK, ,Masked,0.82,0.12,0.06,0.58,0.06
1337,426,FALL 2008, ,1,1,2,98,2, ,2,2,2,2,TV INFO,6,98,2,1,1, , , ,-9, , ,3, ,2,3,3,4, , , , , , , , , , , ,1,98,2,98, , , , ,4,-9, , , ,2, ,1,1, ,1,1,2,1,98,2,1,2,1,98,1,2,1,98, , , , ,3, , ,3,97,5,1,3,5,3, ,5,6,-9,WI, ,Masked,1.01,0.12,0.06,0.58,0.25
1338,427,FALL 2008, ,1,1,1,2,1, ,1,1,1,2,NEW STRANGE WEATHER PATTERNS,3,2,1,1,1, , , ,-9, , ,3, ,4,2,4,4, , , , , , , , , , , ,2,2,1,2, , , , ,4,-9, , , ,1, ,2,2, ,4,4,4,3,1,3,2,98,2,98,1,3,2,2, , , , ,98, , ,4,97,5,2,99,4,1, ,1,3,-9,IL, ,Masked,0.29,0.1,0.06,0.07,0.06
1339,428,FALL 2008, ,1,3,3,3,3, ,3,3,3,3,THE SUN IS GETTING WARMER,10,3,3,2,3, , , ,-9, , ,2, ,2,2,2,2, , , , , , , , , , , ,3,3,2,3, , , , ,3,-9, , , ,3, ,3,2, ,2,3,2,3,3,2,3,2,2,3,3,2,2,3, , , , ,1, , ,3,97,4,1,2,1,1, ,1,99,-9,KS, ,Masked,0.89,0.12,0.13,0.58,0.06
1340,429,FALL 2008, ,1,1,1,98,1, ,2,2,1,2,CNN NEWS,6,2,1,1,2, , , ,-9, , ,4, ,2,3,4,2, , , , , , , , , , , ,1,2,1,2, , , , ,4,-9, , , ,2, ,2,2, ,1,2,4,2,2,3,4,1,1,3,2,3,3,2, , , , ,3, , ,3,97,2,1,5,1,4, ,1,1,2,IL, ,Masked,1.74,0.35,0.75,0.58,0.06
1341,430,FALL 2008, ,1,1,1,98,4, ,1,4,4,2,SCIENTIFIC MEASUREMENT,4,3,4,98,1, , , ,-9, , ,4, ,4,4,4,4, , , , , , , , , , , ,2,2,1,2, , , , ,98,-9, , , ,2, ,3,3, ,2,2,2,2,1,4,4,2,98,3,2,4,3,3, , , , ,5, , ,3,97,4,1,1,4,3, ,1,7,-9,TX, ,Masked,0.89,0.12,0.13,0.58,0.06
1342,431,FALL 2008, ,2,-9,-9,-9,-9, ,-9,-9,-9,-9, ,-9,-9,-9,-9,-9, , ,COLDER YEARS,1, , ,4, ,1,1,1,1, , , , , , , , , , , ,1,1,4,1, , , , ,4,-9, , , ,1, ,2,1, ,1,4,4,1,4,98,1,1,98,4,1,4,1,1, , , , ,6, , ,3,97,4,2,5,1,2, ,1,1,2,SD, ,Masked,0.38,0.12,0.13,0.07,0.06
1343,432,FALL 2008, ,1,3,1,1,2, ,1,1,1,1,THE GLACIERS MELTING AT A FAST RATE,1,1,1,1,1, , , ,-9, , ,4, ,4,4,4,4, , , , , , , , , , , ,1,2,1,2, , , , ,98,-9, , , ,2, ,2,2, ,1,2,2,1,2,4,2,1,1,2,2,2,1,98, , , , ,3, , ,3,97,4,2,99,5,1, ,1,1,1,MN, ,Masked,0.38,0.12,0.13,0.07,0.06
1344,433,FALL 2008, ,1,2,1,2,2, ,1,1,2,2,BREAKING OFF OF GLACIERS,1,2,2,1,2, , , ,-9, , ,3, ,3,2,4,4, , , , , , , , , , , ,1,2,1,1, , , , ,4,-9, , , ,2, ,2,1, ,2,4,4,3,3,1,3,1,2,2,1,3,3,3, , , , ,2, , ,2,97,4,2,3,2,1, ,5,1,2,TX, ,Masked,0.8,0.35,0.13,0.07,0.25
1345,434,FALL 2008, ,1,2,2,4,4, ,3,2,4,4,ICE IS MELTING,1,4,4,98,2, , , ,-9, , ,98, ,1,1,3,2, , , , , , , , , , , ,98,98,98,98, , , , ,2,98, , , ,98, ,1,4, ,1,4,4,2,4,98,98,98,1,98,1,98,1,98, , , , ,1, , ,5,97,4,2,99,2,2, ,1,1,1,IA, ,Masked,0.51,0.25,0.13,0.07,0.06
1346,435,FALL 2008, ,1,2,2,2,2, ,2,2,2,3,THE WEATHER PATTERNS CHANGING,3,2,2,98,2, , , ,-9, , ,3, ,2,2,3,3, , , , , , , , , , , ,2,2,2,2, , , , ,2,2, , , ,2, ,2,2, ,2,4,4,2,2,4,3,2,98,1,2,3,2,2, , , , ,2, , ,4,97,2,2,99,1,4, ,1,1,2,MN, ,Masked,0.98,0.1,0.75,0.07,0.06
1347,436,FALL 2008, ,1,98,1,1,1, ,98,1,4,4,RIVERS ARE DRYING UP,10,1,1,1,1, , , ,-9, , ,4, ,4,1,1,4, , , , , , , , , , , ,1,1,1,1, , , , ,4,-9, , , ,4, ,1,1, ,4,4,4,4,98,98,1,1,98,3,1,4,98,1, , , , ,1, , ,2,97,5,2,99,1,1, ,2,1,1,TX, ,Masked,1.58,0.45,0.06,0.07,1
1348,437,FALL 2008, ,1,3,2,98,2, ,1,98,4,98,FOSSIL EVIDENCE,10,4,3,2,2, , , ,-9, , ,3, ,98,4,2,3, , , , , , , , , , , ,1,1,4,1, , , , ,4,-9, , , ,98, ,2,1, ,3,4,4,3,98,4,98,4,98,98,3,4,2,2, , , , ,98, , ,3,97,4,1,99,1,4, ,1,1,98,MO, ,Masked,0.89,0.12,0.13,0.58,0.06
1349,438,FALL 2008, ,1,1,1,1,3, ,1,2,2,1,SCIENTIFIC EVIDENCE,4,4,3,1,1, , , ,-9, , ,4, ,4,4,4,4, , , , , , , , , , , ,1,2,1,2, , , , ,4,-9, , , ,2, ,2,1, ,3,2,2,1,2,3,2,2,2,2,1,1,1,1, , , , ,5, , ,1,97,4,1,6,1,1, ,1,7,-9,IL, ,Masked,1.22,0.45,0.13,0.58,0.06
1350,439,FALL 2008, ,2,-9,-9,-9,-9, ,-9,-9,-9,-9, ,-9,-9,-9,-9,-9, , ,GONE DOWN SINCE 1998 COOLER THAN IN PAST FEW,1, , ,3, ,1,1,1,1, , , , , , , , , , , ,3,3,1,3, , , , ,4,-9, , , ,1, ,1,1, ,4,4,4,1,4,4,1,1,2,1,4,1,1,1, , , , ,4, , ,3,97,4,1,4,5,2, ,1,6,-9,MO, ,Masked,0.89,0.12,0.13,0.58,0.06
1351,440,FALL 2008, ,1,2,1,2,1, ,1,1,1,4,SHORTER AND WARMER WINTERS,2,2,2,1,1, , , ,-9, , ,4, ,3,2,4,4, , , , , , , , , , , ,2,2,3,2, , , , ,4,-9, , , ,2, ,1,2, ,2,4,4,4,1,4,4,2,2,4,1,3,4,4, , , , ,1, , ,1,97,5,2,99,1,2, ,1,99,-9,AL, ,Masked,0.64,0.45,0.06,0.07,0.06
1352,441,FALL 2008, ,1,1,2,4,3, ,2,1,3,2,STUDIES,4,1,3,98,2, , , ,-9, , ,4, ,4,4,1,4, , , , , , , , , , , ,98,3,1,98, , , , ,4,-9, , , ,98, ,1,1, ,1,4,4,1,98,4,1,1,98,4,1,1,1,1, , , , ,5, , ,2,97,5,2,6,1,4, ,5,1,98,IL, ,Masked,0.73,0.35,0.06,0.07,0.25
1353,442,FALL 2008, ,1,3,3,4,2, ,1,1,2,2,MELTING POLAR CAPS,1,1,2,1,2, , , ,-9, , ,3, ,2,3,4,3, , , , , , , , , , , ,1,2,2,2, , , , ,4,-9, , , ,2, ,2,2, ,2,4,4,2,2,2,3,2,98,2,2,2,2,2, , , , ,3, , ,3,97,2,2,2,2,4, ,3,2,-9,MO, ,Masked,4.14,0.12,0.75,0.07,3.2
1354,443,FALL 2008, ,1,1,1,4,3, ,1,1,1,1,GETTING WARMER,2,1,1,2,2, , , ,-9, , ,4, ,4,4,4,4, , , , , , , , , , , ,2,2,1,2, , , , ,98,-9, , , ,4, ,2,1, ,4,1,1,1,1,1,98,1,2,4,1,1,1,1, , , , ,6, , ,1,97,4,1,2,6,4, ,1,2,-9,AK, ,Masked,1.22,0.45,0.13,0.58,0.06
1355,444,FALL 2008, ,2,-9,-9,-9,-9, ,-9,-9,-9,-9, ,-9,-9,-9,-9,-9, , ,NATURAL CYCLE,2, , ,1, ,1,1,1,1, , , , , , , , , , , ,2,3,1,2, , , , ,4,-9, , , ,4, ,4,4, ,1,4,4,1,4,4,1,1,98,4,1,3,1,4, , , , ,1, , ,3,97,5,1,3,1,4, ,1,2,-9,WI, ,Masked,0.82,0.12,0.06,0.58,0.06
1356,445,FALL 2008, ,98,-9,-9,-9,-9, ,-9,-9,-9,-9, ,-9,-9,-9,-9,-9, , , ,-9, , ,1, ,1,1,1,3, , , , , , , , , , , ,3,2,3,3, , , , ,2,1, , , ,1, ,2,1, ,98,2,4,4,1,3,2,2,98,1,98,98,2,4, , , , ,2, , ,1,97,2,1,2,1,4, ,1,2,-9,OK, ,Masked,1.84,0.45,0.75,0.58,0.06
1357,446,FALL 2008, ,1,2,2,98,2, ,2,2,2,2,THE SEASONS ARE CHANGING,3,2,2,2,2, , , ,-9, , ,2, ,2,1,2,3, , , , , , , , , , , ,3,3,3,3, , , , ,4,-9, , , ,98, ,2,2, ,1,4,4,2,4,2,98,1,2,2,1,3,2,2, , , , ,1, , ,3,97,3,2,3,1,2, ,1,1,2,MS, ,Masked,0.55,0.12,0.3,0.07,0.06
1358,447,FALL 2008, ,2,-9,-9,-9,-9, ,-9,-9,-9,-9, ,-9,-9,-9,-9,-9, , ,DO NOT KNOW NO SOLID EVIDENCE,3, , ,4, ,2,2,2,4, , , , , , , , , , , ,1,1,1,1, , , , ,4,-9, , , ,2, ,1,1, ,1,2,3,1,98,4,3,98,98,4,1,3,1,1, , , , ,6, , ,2,97,3,2,6,2,4, ,1,1,1,TN, ,Masked,0.78,0.35,0.3,0.07,0.06
1359,448,FALL 2008, ,2,-9,-9,-9,-9, ,-9,-9,-9,-9, ,-9,-9,-9,-9,-9, , ,DONT SEE IT,1, , ,98, ,1,1,1,1, , , , , , , , , , , ,2,2,1,2, , , , ,1,3, , , ,4, ,1,4, ,4,4,4,1,4,4,1,4,98,4,4,4,4,4, , , , ,2, , ,2,97,4,2,99,1,2, ,1,1,1,MN, ,Masked,0.61,0.35,0.13,0.07,0.06
1360,449,FALL 2008, ,1,2,2,4,4, ,2,4,4,2,WARMER TEMPERATURES,2,4,2,2,3, , , ,-9, , ,3, ,2,3,2,2, , , , , , , , , , , ,3,3,4,3, , , , ,4,-9, , , ,4, ,1,2, ,4,4,4,4,4,3,4,3,2,2,4,4,3,4, , , , ,98, , ,3,97,2,2,6,1,2, ,1,1,2,AK, ,Masked,1,0.12,0.75,0.07,0.06
1361,450,FALL 2008, ,1,1,1,1,1, ,1,1,1,1,INFORMATION READ AND OPINION,6,1,1,1,1, , , ,-9, , ,4, ,4,4,4,4, , , , , , , , , , , ,3,3,1,3, , , , ,4,-9, , , ,1, ,4,1, ,2,1,1,1,1,4,2,1,2,4,1,1,1,1, , , , ,2, , ,2,97,4,1,99,1,98, ,1,2,-9,IL, ,Masked,1.12,0.35,0.13,0.58,0.06
1362,451,FALL 2008, ,98,-9,-9,-9,-9, ,-9,-9,-9,-9, ,-9,-9,-9,-9,-9, , , ,-9, , ,4, ,1,4,4,1, , , , , , , , , , , ,1,1,1,1, , , , ,4,-9, , , ,1, ,1,1, ,1,1,4,1,2,4,1,1,98,4,1,1,1,1, , , , ,98, , ,2,97,2,2,1,1,1, ,1,2,-9,IL, ,Masked,1.33,0.45,0.75,0.07,0.06
1363,452,FALL 2008, ,1,2,1,98,3, ,3,4,3,98,DATA,4,4,3,2,4, , , ,-9, , ,4, ,3,1,1,4, , , , , , , , , , , ,2,2,1,2, , , , ,4,-9, , , ,1, ,98,4, ,1,4,4,1,98,1,1,1,98,4,1,4,1,98, , , , ,2, , ,4,97,3,2,3,1,2, ,1,2,-9,KS, ,Masked,0.53,0.1,0.3,0.07,0.06
1364,453,FALL 2008, ,2,-9,-9,-9,-9, ,-9,-9,-9,-9, ,-9,-9,-9,-9,-9, , ,NO SOLID EVIDENCE,3, , ,1, ,1,1,1,1, , , , , , , , , , , ,2,2,98,2, , , , ,98,-9, , , ,98, ,1,3, ,2,3,3,4,4,1,2,4,2,98,3,3,3,4, , , , ,2, , ,2,97,2,1,2,3,4, ,1,2,-9,MS, ,Masked,1.74,0.35,0.75,0.58,0.06
1365,454,FALL 2008, ,1,1,1,98,1, ,1,1,4,3,GLOBAL WARMING,10,2,1,1,1, , , ,-9, , ,4, ,4,4,4,4, , , , , , , , , , , ,1,2,2,2, , , , ,4,-9, , , ,1, ,98,1, ,1,2,4,2,1,4,4,1,1,3,1,4,1,1, , , , ,4, , ,3,97,3,2,5,1,1, ,2,2,-9,FL, ,Masked,1.49,0.12,0.3,0.07,1
1366,455,FALL 2008, ,1,3,2,1,1, ,2,1,1,1,WARMER OUTSIDE,2,1,1,1,1, , , ,-9, , ,3, ,3,3,3,3, , , , , , , , , , , ,2,2,2,2, , , , ,3,-9, , , ,2, ,2,2, ,2,2,2,2,2,3,2,3,98,3,2,2,2,2, , , , ,3, , ,3,97,3,1,6,2,4, ,1,2,-9,WI, ,Masked,1.06,0.12,0.3,0.58,0.06
1367,456,FALL 2008, ,98,-9,-9,-9,-9, ,-9,-9,-9,-9, ,-9,-9,-9,-9,-9, , , ,-9, , ,4, ,4,4,4,1, , , , , , , , , , , ,1,1,1,1, , , , ,4,-9, , , ,1, ,98,1, ,1,4,1,1,1,1,1,1,98,1,1,1,1,1, , , , ,1, , ,3,97,2,2,3,1,1, ,1,6,-9,IA, ,Masked,1.23,0.35,0.75,0.07,0.06
1368,457,FALL 2008, ,1,1,1,2,2, ,2,2,4,1,EVIDENCE,4,4,2,1,1, , , ,-9, , ,3, ,2,4,4,4, , , , , , , , , , , ,2,2,1,2, , , , ,4,-9, , , ,1, ,1,1, ,1,1,1,1,2,4,2,2,2,4,1,1,1,1, , , , ,5, , ,2,97,5,2,5,5,2, ,1,2,-9,TX, ,Masked,0.64,0.45,0.06,0.07,0.06
1369,458,FALL 2008, ,1,1,2,1,2, ,1,4,1,1,THE WEATHER,3,1,2,1,1, , , ,-9, , ,4, ,4,4,4,4, , , , , , , , , , , ,1,1,1,1, , , , ,4,-9, , , ,1, ,1,1, ,4,2,4,1,2,4,98,1,98,4,1,3,1,1, , , , ,98, , ,4,97,5,2,99,1,4, ,1,6,-9,IL, ,Masked,0.29,0.1,0.06,0.07,0.06
1370,459,FALL 2008, ,98,-9,-9,-9,-9, ,-9,-9,-9,-9, ,-9,-9,-9,-9,-9, , , ,-9, , ,1, ,1,98,1,1, , , , , , , , , , , ,1,1,2,1, , , , ,1,3, , , ,1, ,1,1, ,1,1,1,1,98,4,1,3,98,4,1,1,1,1, , , , ,3, , ,2,97,5,2,5,5,2, ,4,6,-9,IL, ,Masked,0.88,0.35,0.06,0.07,0.4
1371,460,FALL 2008, ,1,1,1,98,1, ,1,98,1,1,INFORMATION I HAVE READ,6,1,2,1,1, , , ,-9, , ,3, ,3,3,4,3, , , , , , , , , , , ,1,1,2,1, , , , ,2,98, , , ,2, ,2,1, ,3,1,2,1,1,3,2,1,2,2,1,2,1,1, , , , ,4, , ,3,97,5,2,3,4,1, ,1,1,98,WI, ,Masked,0.31,0.12,0.06,0.07,0.06
1372,461,FALL 2008, ,1,1,2,4,2, ,2,1,2,2,HISTORY CHANNEL,6,3,3,1,2, , , ,-9, , ,3, ,4,4,4,4, , , , , , , , , , , ,2,2,2,2, , , , ,3,-9, , , ,2, ,1,2, ,4,4,3,4,3,4,2,2,98,3,1,2,1,3, , , , ,98, , ,1,97,3,2,4,2,98, ,1,2,-9,WI, ,Masked,0.88,0.45,0.3,0.07,0.06
1373,462,FALL 2008, ,2,-9,-9,-9,-9, ,-9,-9,-9,-9, ,-9,-9,-9,-9,-9, , ,IT IS A CYCLE,2, , ,3, ,3,1,2,98, , , , , , , , , , , ,2,2,2,2, , , , ,4,-9, , , ,2, ,2,2, ,2,2,4,2,3,2,3,1,98,3,2,2,2,3, , , , ,1, , ,3,97,3,1,99,2,2, ,1,1,2,IA, ,Masked,1.06,0.12,0.3,0.58,0.06
1374,463,FALL 2008, ,2,-9,-9,-9,-9, ,-9,-9,-9,-9, ,-9,-9,-9,-9,-9, , ,THE SUMMER IS COLDER,1, , ,3, ,2,2,2,98, , , , , , , , , , , ,1,2,98,1, , , , ,3,-9, , , ,2, ,2,2, ,2,3,4,2,3,98,2,98,98,98,2,2,2,2, , , , ,1, , ,3,97,3,1,6,5,2, ,1,1,2,AL, ,Masked,1.06,0.12,0.3,0.58,0.06
1375,464,FALL 2008, ,1,2,1,98,1, ,2,4,1,4,SUN,10,4,1,2,2, , , ,-9, , ,2, ,3,2,2,2, , , , , , , , , , , ,3,3,1,3, , , , ,4,-9, , , ,98, ,2,1, ,1,4,4,4,98,2,4,1,98,98,1,4,1,1, , , , ,98, , ,4,97,2,2,3,5,1, ,2,1,2,LA, ,Masked,1.92,0.1,0.75,0.07,1
1376,465,FALL 2008, ,1,2,3,4,4, ,4,3,4,4,NOT ENOUGH EVIDENCE THAT NATURAL PATTERNS ISNT CAUSING IT,10,4,4,2,3, , , ,-9, , ,2, ,1,1,1,2, , , , , , , , , , , ,1,2,2,2, , , , ,1,3, , , ,4, ,2,2, ,3,4,3,2,3,3,3,2,1,1,1,3,2,3, , , , ,4, , ,2,97,5,2,3,2,2, ,1,1,2,AK, ,Masked,0.64,0.45,0.06,0.07,0.06
1377,466,FALL 2008, ,1,1,2,98,2, ,1,2,2,1,DATA,4,2,2,1,1, , , ,-9, , ,4, ,4,3,4,4, , , , , , , , , , , ,1,2,1,2, , , , ,4,-9, , , ,3, ,1,1, ,4,2,1,2,3,4,3,3,1,4,2,3,1,1, , , , ,98, , ,3,97,4,2,99,2,1, ,1,99,-9,MN, ,Masked,0.38,0.12,0.13,0.07,0.06
1378,467,FALL 2008, ,1,3,1,98,1, ,1,1,1,2,WEATHER PATTERNS OVER THE PAST FEW YEARS,3,1,1,1,1, , , ,-9, , ,4, ,4,4,4,4, , , , , , , , , , , ,1,1,2,1, , , , ,4,-9, , , ,1, ,1,1, ,98,98,4,4,1,4,4,1,2,1,1,1,1,1, , , , ,6, , ,2,97,4,2,99,1,2, ,1,6,-9,TX, ,Masked,0.61,0.35,0.13,0.07,0.06
1379,468,FALL 2008, ,2,-9,-9,-9,-9, ,-9,-9,-9,-9, ,-9,-9,-9,-9,-9, , ,NO CHANGES IN WEATHER WHERE I LIVE,1, , ,2, ,2,2,2,2, , , , , , , , , , , ,1,2,2,2, , , , ,4,-9, , , ,2, ,2,2, ,1,2,3,2,3,2,2,2,98,3,2,2,2,2, , , , ,4, , ,2,97,3,2,4,1,1, ,1,1,2,MN, ,Masked,0.78,0.35,0.3,0.07,0.06
1380,469,FALL 2008, ,1,1,1,98,1, ,1,1,1,1,POLAR ICE CAPS MELTING  WEATHER PATTERNS,1,1,1,1,1, , , ,-9, , ,4, ,4,4,4,4, , , , , , , , , , , ,1,1,1,1, , , , ,4,-9, , , ,4, ,1,1, ,1,98,4,1,1,4,4,1,2,1,1,1,4,3, , , , ,5, , ,3,97,3,2,4,5,1, ,1,1,1,NY, ,Masked,0.55,0.12,0.3,0.07,0.06
1381,470,FALL 2008, ,98,-9,-9,-9,-9, ,-9,-9,-9,-9, ,-9,-9,-9,-9,-9, , , ,-9, , ,3, ,2,2,2,2, , , , , , , , , , , ,1,2,98,1, , , , ,98,-9, , , ,1, ,1,1, ,1,2,98,1,1,3,1,1,2,3,1,1,1,1, , , , ,98, , ,3,97,4,1,1,1,1, ,1,1,1,NC, ,Masked,0.89,0.12,0.13,0.58,0.06
1382,471,FALL 2008, ,1,1,2,3,2, ,1,3,1,1,SUMMERS ARE LONGER,2,1,1,1,1, , , ,-9, , ,3, ,1,3,1,2, , , , , , , , , , , ,3,3,1,2, , , , ,4,-9, , , ,1, ,1,2, ,1,3,3,1,4,4,3,2,98,4,1,2,3,2, , , , ,4, , ,1,97,2,2,2,1,3, ,1,6,-9,NC, ,Masked,1.33,0.45,0.75,0.07,0.06
1383,472,FALL 2008, ,1,3,1,98,2, ,1,2,1,2,ITS HOTTER,2,2,1,1,1, , , ,-9, , ,2, ,3,2,3,4, , , , , , , , , , , ,1,1,2,1, , , , ,4,-9, , , ,2, ,2,2, ,2,4,2,4,1,3,3,2,2,2,2,2,2,2, , , , ,3, , ,3,97,5,2,2,1,99, ,1,7,-9,FL, ,Masked,0.54,0.35,0.06,0.07,0.06
1384,473,FALL 2008, ,1,1,2,2,2, ,2,1,1,2,PAYING ATTENTION,2,4,1,2,2, , , ,-9, , ,3, ,2,3,4,3, , , , , , , , , , , ,1,1,4,1, , , , ,4,-9, , , ,1, ,98,4, ,1,4,3,1,1,4,1,1,98,4,1,98,1,1, , , , ,1, , ,3,97,4,2,6,1,2, ,1,1,2,TX, ,Masked,0.38,0.12,0.13,0.07,0.06
1385,474,FALL 2008, ,1,3,2,4,1, ,1,4,2,98,RESEARCH MELTING OF ICE CAPS HEAR AND READ FROM COMMUNITY ME,1,98,4,1,1, , , ,-9, , ,4, ,98,4,4,4, , , , , , , , , , , ,3,2,1,3, , , , ,4,-9, , , ,4, ,1,1, ,4,98,98,1,1,4,4,1,2,3,1,98,1,1, , , , ,5, , ,3,97,2,1,2,1,4, ,1,7,-9,VT, ,Masked,1.51,0.12,0.75,0.58,0.06
1386,475,FALL 2008, ,98,-9,-9,-9,-9, ,-9,-9,-9,-9, ,-9,-9,-9,-9,-9, , , ,-9, , ,2, ,2,2,2,2, , , , , , , , , , , ,2,2,3,3, , , , ,4,-9, , , ,98, ,2,98, ,2,4,4,2,3,3,1,2,98,3,2,2,2,4, , , , ,2, , ,2,97,3,1,3,1,2, ,1,2,-9,NC, ,Masked,1.29,0.35,0.3,0.58,0.06
1387,476,FALL 2008, ,1,98,2,98,1, ,1,1,1,2,WHAT I HEAR NEW SEASONS THAT WE HAVE HAD,2,1,2,98,1, , , ,-9, , ,1, ,2,98,98,4, , , , , , , , , , , ,2,98,1,2, , , , ,4,-9, , , ,1, ,1,1, ,4,1,4,1,2,4,2,1,98,98,1,1,1,1, , , , ,4, , ,3,97,3,2,99,1,2, ,1,1,1,IN, ,Masked,0.55,0.12,0.3,0.07,0.06
1388,477,FALL 2008, ,1,1,1,1,1, ,1,1,1,2,WEATHER IN FLORIDA,2,1,1,1,1, , , ,-9, , ,98, ,4,4,4,4, , , , , , , , , , , ,1,1,1,1, , , , ,4,-9, , , ,2, ,2,1, ,4,3,1,1,1,4,4,2,98,4,1,3,1,1, , , , ,3, , ,4,97,5,2,99,2,99, ,1,1,2,FL, ,Masked,0.29,0.1,0.06,0.07,0.06
1389,478,FALL 2008, ,1,1,1,1,2, ,2,1,2,2,MORE EXTREME WEATHER MORE PEOPLE SUFFERING ALLERGIES,3,2,2,1,1, , , ,-9, , ,4, ,4,4,4,4, , , , , , , , , , , ,1,1,1,1, , , , ,4,-9, , , ,98, ,1,1, ,1,4,4,1,1,4,4,1,98,4,1,4,1,1, , , , ,4, , ,3,97,5,2,6,1,1, ,1,1,1,MN, ,Masked,0.31,0.12,0.06,0.07,0.06
1390,479,FALL 2008, ,2,-9,-9,-9,-9, ,-9,-9,-9,-9, ,-9,-9,-9,-9,-9, , ,STUDIES,3, , ,1, ,2,2,1,4, , , , , , , , , , , ,3,3,4,3, , , , ,4,-9, , , ,98, ,98,99, ,3,4,4,2,4,99,2,1,98,98,1,4,2,4, , , , ,1, , ,4,97,5,2,99,2,4, ,1,2,-9,CT, ,Masked,0.29,0.1,0.06,0.07,0.06
1391,480,FALL 2008, ,1,98,2,2,1, ,1,2,3,2,BECAUSE OF THE DIFFERENCE IN TEMPERATURES IN DIFFERENT PLACE,2,1,1,1,1, , , ,-9, , ,98, ,4,3,2,4, , , , , , , , , , , ,1,2,1,2, , , , ,98,-9, , , ,98, ,1,2, ,1,4,4,2,1,1,1,3,98,2,1,3,2,2, , , , ,4, , ,4,97,2,2,2,1,1, ,1,1,1,GA, ,Masked,0.98,0.1,0.75,0.07,0.06
1392,481,FALL 2008, ,98,-9,-9,-9,-9, ,-9,-9,-9,-9, ,-9,-9,-9,-9,-9, , , ,-9, , ,3, ,2,98,3,3, , , , , , , , , , , ,1,2,2,2, , , , ,3,-9, , , ,3, ,2,2, ,2,2,3,3,98,3,2,2,98,2,2,3,2,3, , , , ,1, , ,4,97,2,2,2,1,1, ,2,1,2,GA, ,Masked,1.92,0.1,0.75,0.07,1
1393,482,FALL 2008, ,2,-9,-9,-9,-9, ,-9,-9,-9,-9, ,-9,-9,-9,-9,-9, , ,WINTERS ARE GETTING COLDER,1, , ,3, ,3,98,2,3, , , , , , , , , , , ,1,2,2,2, , , , ,4,-9, , , ,98, ,3,2, ,1,3,4,1,3,3,2,1,98,2,1,3,2,2, , , , ,2, , ,3,97,4,2,1,5,4, ,1,2,-9,ME, ,Masked,0.38,0.12,0.13,0.07,0.06
1394,483,FALL 2008, ,1,2,2,99,1, ,2,1,4,2,EARTH GOES THROUGH CYCLES,9,4,4,2,4, , , ,-9, , ,2, ,1,1,2,1, , , , , , , , , , , ,3,3,4,3, , , , ,4,-9, , , ,2, ,1,2, ,4,2,4,1,4,1,1,2,1,3,2,2,1,3, , , , ,2, , ,2,97,4,2,2,1,2, ,1,1,1,TN, ,Masked,0.61,0.35,0.13,0.07,0.06
1395,484,FALL 2008, ,1,1,1,1,1, ,1,1,1,1,POLAR CAPS MELTING,1,1,2,1,1, , , ,-9, , ,4, ,4,3,4,4, , , , , , , , , , , ,3,3,1,3, , , , ,1,1, , , ,4, ,2,1, ,98,3,98,1,98,4,4,1,98,4,1,1,1,1, , , , ,4, , ,3,97,3,2,3,1,4, ,1,1,2,FL, ,Masked,0.55,0.12,0.3,0.07,0.06
1396,485,FALL 2008, ,1,3,2,98,1, ,1,2,1,98,TV SHOWS ON ALASKA ICE MELTLING,6,1,1,1,1, , , ,-9, , ,2, ,1,4,4,3, , , , , , , , , , , ,1,1,1,1, , , , ,4,-9, , , ,98, ,1,1, ,2,4,4,4,1,4,98,1,98,4,1,2,1,98, , , , ,1, , ,4,97,3,2,99,1,2, ,1,1,2,MA, ,Masked,0.53,0.1,0.3,0.07,0.06
1397,486,FALL 2008, ,98,-9,-9,-9,-9, ,-9,-9,-9,-9, ,-9,-9,-9,-9,-9, , , ,-9, , ,98, ,1,98,2,2, , , , , , , , , , , ,2,2,2,2, , , , ,2,3, , , ,98, ,2,2, ,3,4,4,3,4,2,2,98,98,3,3,98,2,2, , , , ,1, , ,3,97,4,1,2,1,3, ,1,1,1,FL, ,Masked,0.89,0.12,0.13,0.58,0.06
1398,487,FALL 2008, ,1,1,1,1,1, ,1,1,1,1,THE THINGS THAT HUMANS HAVE BEEN DOING,8,1,1,1,1, , , ,-9, , ,3, ,4,3,4,4, , , , , , , , , , , ,1,98,2,1, , , , ,98,-9, , , ,2, ,2,1, ,4,2,4,2,1,3,3,2,1,2,1,2,2,2, , , , ,4, , ,3,97,4,2,99,1,3, ,1,1,1,OH, ,Masked,0.38,0.12,0.13,0.07,0.06
1399,488,FALL 2008, ,1,1,1,98,1, ,1,1,1,3,MELTING OF THE ICE,1,1,1,1,1, , , ,-9, , ,3, ,3,3,3,3, , , , , , , , , , , ,1,1,2,1, , , , ,4,-9, , , ,2, ,2,2, ,2,2,3,2,2,3,2,2,98,3,2,2,2,2, , , , ,2, , ,3,97,1,1,1,5,1, ,1,2,-9,PA, ,Masked,1.76,0.12,1,0.58,0.06
1400,489,FALL 2008, ,1,1,1,2,1, ,2,2,1,1,I CAN FEEL IT,2,3,1,1,1, , , ,-9, , ,3, ,3,3,3,3, , , , , , , , , , , ,1,2,2,1, , , , ,4,-9, , , ,2, ,3,2, ,2,2,2,2,2,3,98,2,2,2,2,2,2,2, , , , ,4, , ,2,97,3,2,2,1,1, ,1,99,-9,NC, ,Masked,0.78,0.35,0.3,0.07,0.06
1401,490,FALL 2008, ,1,1,1,4,2, ,2,2,3,2,MELTING GLACIERS,1,2,3,1,1, , , ,-9, , ,3, ,3,3,4,3, , , , , , , , , , , ,99,99,2,99, , , , ,3,-9, , , ,2, ,1,2, ,1,1,2,1,3,3,1,2,2,2,1,3,2,1, , , , ,99, , ,3,97,4,1,3,2,99, ,4,2,-9,NY, ,Masked,1.23,0.12,0.13,0.58,0.4
1402,491,FALL 2008, ,2,-9,-9,-9,-9, ,-9,-9,-9,-9, ,-9,-9,-9,-9,-9, , ,NO SOLID EVIDENCE,3, , ,4, ,1,1,1,1, , , , , , , , , , , ,1,2,1,1, , , , ,4,-9, , , ,4, ,1,1, ,1,4,4,4,4,4,1,1,1,4,1,4,1,3, , , , ,1, , ,2,97,3,1,4,1,98, ,1,1,2,MN, ,Masked,1.29,0.35,0.3,0.58,0.06
1403,492,FALL 2008, ,1,1,2,3,2, ,2,2,1,2,TOO MUCH HEAT,2,2,2,1,2, , , ,-9, , ,4, ,3,4,3,3, , , , , , , , , , , ,1,2,2,2, , , , ,4,-9, , , ,3, ,2,2, ,2,3,2,1,2,3,4,1,98,1,1,3,1,2, , , , ,3, , ,2,97,4,1,6,5,1, ,2,1,1,FL, ,Masked,2.06,0.35,0.13,0.58,1
1404,493,FALL 2008, ,1,2,2,2,2, ,2,3,2,3,INCREASING POPULATION,8,2,2,1,2, , , ,-9, , ,2, ,2,2,2,4, , , , , , , , , , , ,2,2,4,2, , , , ,4,-9, , , ,1, ,1,2, ,4,4,4,4,2,1,1,4,98,4,1,4,1,2, , , , ,5, , ,3,97,4,1,4,4,2, ,1,1,1,PA, ,Masked,0.89,0.12,0.13,0.58,0.06
1405,494,FALL 2008, ,1,2,2,4,2, ,2,1,2,3,IT IS GETTING HOTTER IN MY AREA,2,2,1,1,2, , , ,-9, , ,2, ,2,3,3,3, , , , , , , , , , , ,2,2,2,2, , , , ,4,-9, , , ,98, ,2,2, ,3,3,4,2,2,2,3,2,98,2,2,2,2,2, , , , ,1, , ,3,97,2,2,1,1,1, ,2,6,-9,SC, ,Masked,1.94,0.12,0.75,0.07,1
1406,495,FALL 2008, ,1,98,3,98,2, ,2,1,1,2,HOTTER LONGER,2,98,2,1,1, , , ,-9, , ,98, ,2,4,98,2, , , , , , , , , , , ,1,2,98,2, , , , ,4,-9, , , ,98, ,1,1, ,1,4,4,1,3,3,4,98,98,98,2,4,98,4, , , , ,1, , ,3,97,2,2,1,1,1, ,1,1,2,IN, ,Masked,1,0.12,0.75,0.07,0.06
1407,496,FALL 2008, ,1,2,2,1,1, ,2,2,2,2,AL GORE,5,1,2,2,2, , , ,-9, , ,4, ,2,2,2,2, , , , , , , , , , , ,3,3,2,3, , , , ,4,-9, , , ,2, ,1,1, ,1,3,2,2,3,4,4,2,98,4,2,1,1,1, , , , ,4, , ,2,97,99,2,3,1,1, ,1,99,-9,OH, ,Masked,0.73,0.35,0.25,0.07,0.06
1408,497,FALL 2008, ,1,98,1,1,1, ,1,1,1,98,GLOBAL WARMING,10,1,1,1,1, , , ,-9, , ,98, ,4,4,4,2, , , , , , , , , , , ,1,1,1,1, , , , ,4,-9, , , ,98, ,1,1, ,1,98,4,1,1,4,1,1,1,1,1,98,1,1, , , , ,2, , ,4,97,3,2,1,1,1, ,1,1,1,PA, ,Masked,0.53,0.1,0.3,0.07,0.06
1409,498,FALL 2008, ,1,2,1,99,4, ,4,1,1,1,I FEEL IT,2,4,1,2,2, , , ,-9, , ,2, ,1,2,3,3, , , , , , , , , , , ,1,3,3,2, , , , ,4,-9, , , ,1, ,4,1, ,1,3,4,1,4,2,3,1,2,4,2,2,1,2, , , , ,2, , ,2,97,4,2,6,2,1, ,2,6,-9,NJ, ,Masked,1.55,0.35,0.13,0.07,1
1410,499,FALL 2008, ,1,3,2,4,4, ,1,4,4,98,READING IN NEWSPAPERS,6,98,98,2,3, , , ,-9, , ,1, ,1,1,3,1, , , , , , , , , , , ,2,2,2,2, , , , ,2,3, , , ,98, ,98,98, ,1,1,4,4,98,3,1,2,98,98,1,1,98,98, , , , ,98, , ,3,97,2,2,99,2,2, ,1,1,2,MI, ,Masked,1,0.12,0.75,0.07,0.06
1411,500,FALL 2008, ,1,1,2,4,1, ,1,1,1,3,TEMPERATURE CHANGES IN THE NORTH AND SOUTH,3,1,1,1,1, , , ,-9, , ,4, ,4,4,2,4, , , , , , , , , , , ,2,2,2,2, , , , ,4,-9, , , ,4, ,1,1, ,1,1,4,1,2,2,4,1,98,2,1,1,1,1, , , , ,98, , ,3,97,4,2,99,1,2, ,1,1,98,GA, ,Masked,0.61,0.35,0.13,0.07,0.06
1412,501,FALL 2008, ,98,-9,-9,-9,-9, ,-9,-9,-9,-9, ,-9,-9,-9,-9,-9, , , ,-9, , ,3, ,3,3,98,3, , , , , , , , , , , ,2,2,2,2, , , , ,4,-9, , , ,2, ,2,2, ,2,2,4,4,2,3,3,2,98,98,2,3,2,2, , , , ,3, , ,2,97,3,2,2,5,2, ,1,6,-9,MI, ,Masked,0.78,0.35,0.3,0.07,0.06
1413,502,FALL 2008, ,1,1,1,98,1, ,1,1,1,2,HEAT INDEX FOR GROWING PLANTS HAS GONE UP,14,1,1,1,1, , , ,-9, , ,4, ,4,3,4,4, , , , , , , , , , , ,1,1,1,2, , , , ,4,-9, , , ,4, ,98,1, ,1,3,3,1,2,4,1,1,98,4,1,4,98,4, , , , ,4, , ,3,97,2,2,99,1,2, ,1,2,-9,PA, ,Masked,1,0.12,0.75,0.07,0.06
1414,503,FALL 2008, ,2,-9,-9,-9,-9, ,-9,-9,-9,-9, ,-9,-9,-9,-9,-9, , ,THIS WAY BEFORE IN THE PAST,1, , ,1, ,1,1,2,1, , , , , , , , , , , ,98,3,4,3, , , , ,4,-9, , , ,4, ,1,1, ,1,1,4,4,4,4,1,4,2,4,2,4,4,4, , , , ,1, , ,2,97,2,1,2,1,2, ,5,6,-9,VA, ,Masked,1.93,0.35,0.75,0.58,0.25
1415,504,FALL 2008, ,1,2,2,98,1, ,98,1,1,2,SUMMERS BECOMING WARMER AND LASTING LONGER,2,98,2,2,2, , , ,-9, , ,4, ,98,4,4,4, , , , , , , , , , , ,2,1,1,1, , , , ,4,-9, , , ,1, ,1,1, ,1,4,4,1,1,4,1,1,98,4,1,98,1,1, , , , ,1, , ,2,97,3,2,1,1,4, ,1,6,-9,FL, ,Masked,0.78,0.35,0.3,0.07,0.06
1416,505,FALL 2008, ,1,2,2,3,1, ,3,1,1,2,CLIMATE,3,98,2,98,2, , , ,-9, , ,3, ,98,2,3,2, , , , , , , , , , , ,2,3,2,1, , , , ,4,-9, , , ,3, ,2,1, ,2,3,4,1,98,98,4,1,98,98,2,3,2,3, , , , ,4, , ,3,97,5,2,5,2,1, ,2,1,2,SC, ,Masked,1.25,0.12,0.06,0.07,1
1417,506,FALL 2008, ,1,3,2,1,1, ,1,2,2,1,WHAT I READ AND HEARD ON THE NEWS,6,1,3,1,2, , , ,-9, , ,4, ,4,4,4,4, , , , , , , , , , , ,1,2,1,2, , , , ,4,-9, , , ,4, ,1,4, ,4,4,4,4,1,4,4,1,98,4,98,4,4,4, , , , ,5, , ,3,97,5,2,6,2,1, ,1,1,1,KY, ,Masked,0.31,0.12,0.06,0.07,0.06
1418,507,FALL 2008, ,1,1,1,1,1, ,2,2,4,1,OVERWHELMING SCIENTIFIC EVIDENCE,4,3,4,1,1, , , ,-9, , ,4, ,4,4,4,4, , , , , , , , , , , ,1,1,1,1, , , , ,1,1, , , ,2, ,4,1, ,3,1,1,2,2,4,3,1,98,4,1,1,1,1, , , , ,5, , ,2,97,5,2,6,4,1, ,1,6,-9,IN, ,Masked,0.64,0.45,0.06,0.07,0.06
1419,508,FALL 2008, ,1,3,2,98,2, ,2,2,2,3,THE ICE CAPS ARE MELTING,1,2,3,2,2, , , ,-9, , ,3, ,3,3,2,2, , , , , , , , , , , ,2,3,3,3, , , , ,3,-9, , , ,4, ,3,2, ,3,3,3,3,3,2,3,3,1,2,3,2,2,98, , , , ,1, , ,4,97,3,2,1,1,99, ,1,7,-9,MD, ,Masked,0.53,0.1,0.3,0.07,0.06
1420,509,FALL 2008, ,1,2,1,4,1, ,4,1,4,3,ICE MELTING,1,1,4,1,1, , , ,-9, , ,4, ,4,1,1,1, , , , , , , , , , , ,1,2,4,1, , , , ,4,-9, , , ,1, ,1,1, ,4,4,4,1,1,1,4,1,1,1,1,1,1,4, , , , ,3, , ,3,97,2,2,2,1,1, ,2,6,-9,NC, ,Masked,1.94,0.12,0.75,0.07,1
1421,510,FALL 2008, ,1,1,2,2,1, ,1,1,2,1,WEATHER TRENDS,3,1,2,1,1, , , ,-9, , ,4, ,3,4,3,2, , , , , , , , , , , ,1,1,1,1, , , , ,4,-9, , , ,2, ,2,4, ,2,2,2,1,2,4,1,1,1,3,1,2,2,1, , , , ,3, , ,3,97,2,1,3,1,4, ,2,99,-9,OK, ,Masked,2.68,0.35,0.75,0.58,1
1422,511,FALL 2008, ,1,3,1,2,2, ,2,2,1,3,DATA,4,3,1,1,2, , , ,-9, , ,4, ,3,3,4,4, , , , , , , , , , , ,1,1,1,1, , , , ,3,-9, , , ,2, ,2,1, ,2,3,3,1,4,4,2,2,2,98,1,1,1,2, , , , ,5, , ,2,97,4,1,99,5,99, ,1,99,-9,OH, ,Masked,1.12,0.35,0.13,0.58,0.06
1423,512,FALL 2008, ,1,3,2,98,2, ,1,2,1,1,WINTERS NOT AS COLD,2,4,1,2,2, , , ,-9, , ,4, ,4,4,4,2, , , , , , , , , , , ,1,3,3,2, , , , ,4,-9, , , ,4, ,1,1, ,4,4,4,1,2,4,1,4,98,4,1,2,1,1, , , , ,2, , ,3,97,5,1,6,1,2, ,1,2,-9,PA, ,Masked,0.82,0.12,0.06,0.58,0.06
1424,513,FALL 2008, ,98,-9,-9,-9,-9, ,-9,-9,-9,-9, ,-9,-9,-9,-9,-9, , , ,-9, , ,2, ,2,2,2,2, , , , , , , , , , , ,1,2,2,2, , , , ,3,-9, , , ,98, ,2,2, ,98,3,4,3,98,3,1,2,2,3,2,3,1,2, , , , ,1, , ,4,97,3,2,2,1,2, ,1,1,2,TX, ,Masked,0.53,0.1,0.3,0.07,0.06
1425,514,FALL 2008, ,1,3,1,1,1, ,1,1,1,1,WARMER TEMPERATURES,2,2,1,1,1, , , ,-9, , ,4, ,4,4,4,4, , , , , , , , , , , ,3,3,1,3, , , , ,4,-9, , , ,2, ,4,2, ,3,2,1,2,2,1,98,1,2,2,1,1,1,2, , , , ,3, , ,2,97,2,1,3,1,2, ,1,6,-9,PA, ,Masked,1.74,0.35,0.75,0.58,0.06
1426,515,FALL 2008, ,1,3,1,1,1, ,1,1,1,1,OZONE THINNING,10,1,2,1,1, , , ,-9, , ,4, ,4,4,4,4, , , , , , , , , , , ,1,2,2,2, , , , ,4,-9, , , ,98, ,1,1, ,1,2,98,2,4,1,4,1,2,2,1,1,1,2, , , , ,98, , ,4,97,2,2,1,1,1, ,1,2,-9,IN, ,Masked,0.98,0.1,0.75,0.07,0.06
1427,516,FALL 2008, ,98,-9,-9,-9,-9, ,-9,-9,-9,-9, ,-9,-9,-9,-9,-9, , , ,-9, , ,2, ,2,1,4,1, , , , , , , , , , , ,3,3,3,3, , , , ,4,-9, , , ,3, ,2,1, ,3,2,4,1,3,2,2,1,2,2,1,2,3,2, , , , ,3, , ,3,97,2,2,3,1,1, ,1,1,2,PA, ,Masked,1,0.12,0.75,0.07,0.06
1428,517,FALL 2008, ,1,2,1,2,1, ,1,4,2,1,RESEARCH,4,1,98,2,2, , , ,-9, , ,1, ,4,1,4,98, , , , , , , , , , , ,2,2,2,2, , , , ,4,-9, , , ,1, ,1,4, ,98,4,4,1,98,4,1,98,1,4,4,4,1,1, , , , ,1, , ,4,97,4,1,3,2,4, ,1,1,1,NH, ,Masked,0.87,0.1,0.13,0.58,0.06
1429,518,FALL 2008, ,1,1,1,2,1, ,1,1,1,1,STATISTICAL DATA,4,1,1,1,1, , , ,-9, , ,4, ,4,4,4,4, , , , , , , , , , , ,1,1,1,1, , , , ,4,-9, , , ,1, ,1,1, ,1,4,4,1,1,4,1,1,2,4,1,1,1,2, , , , ,2, , ,1,97,3,1,3,5,4, ,5,6,-9,FL, ,Masked,1.58,0.45,0.3,0.58,0.25
1430,519,FALL 2008, ,1,1,2,4,1, ,1,1,1,1,TEMPERATURES ARE RISING INCREASE IN STORMS,3,2,1,1,1, , , ,-9, , ,4, ,4,3,4,4, , , , , , , , , , , ,1,2,1,1, , , , ,4,-9, , , ,3, ,2,1, ,2,2,2,1,2,3,3,3,2,3,2,2,1,1, , , , ,6, , ,3,97,5,1,6,2,1, ,1,6,-9,OH, ,Masked,0.82,0.12,0.06,0.58,0.06
1431,520,FALL 2008, ,1,2,2,2,1, ,3,1,1,2,WINTERS ARE NOT AS COLD AS USED TO BE,2,1,1,1,1, , , ,-9, , ,4, ,4,4,4,4, , , , , , , , , , , ,1,1,1,1, , , , ,1,3, , , ,98, ,1,1, ,1,98,98,1,1,4,4,1,98,98,98,98,1,98, , , , ,1, , ,5,97,4,2,99,1,1, ,99,99,-9,NY, ,Masked,0.7,0.25,0.13,0.07,0.25
1432,521,FALL 2008, ,1,3,1,2,2, ,1,2,2,3,ARTICLES AND STUDIES INDICATING THAT THE ICE CAPS ARE DECREA,4,1,3,2,2, , , ,-9, , ,4, ,4,3,4,4, , , , , , , , , , , ,2,2,1,2, , , , ,2,1, , , ,2, ,1,2, ,3,4,4,3,3,3,2,1,2,4,1,2,1,1, , , , ,5, , ,3,97,4,1,4,1,1, ,1,6,-9,NJ, ,Masked,0.89,0.12,0.13,0.58,0.06
1433,522,FALL 2008, ,1,3,2,2,2, ,2,3,2,2,FOSSIL FUELS,10,2,98,1,1, , , ,-9, , ,2, ,4,3,3,3, , , , , , , , , , , ,2,2,2,2, , , , ,4,-9, , , ,2, ,2,2, ,2,2,3,2,3,4,2,2,98,3,2,2,2,2, , , , ,98, , ,3,97,5,1,1,4,1, ,1,6,-9,PA, ,Masked,1.05,0.35,0.06,0.58,0.06
1434,523,FALL 2008, ,1,1,2,2,4, ,1,3,1,4,WEATHER,3,98,1,1,1, , , ,-9, , ,4, ,4,4,4,4, , , , , , , , , , , ,1,1,1,1, , , , ,1,1, , , ,1, ,1,1, ,4,1,2,1,1,4,1,1,98,4,1,4,1,1, , , , ,4, , ,3,97,5,2,4,4,1, ,1,6,-9,IL, ,Masked,0.31,0.12,0.06,0.07,0.06
1435,524,FALL 2008, ,98,-9,-9,-9,-9, ,-9,-9,-9,-9, ,-9,-9,-9,-9,-9, , , ,-9, , ,1, ,2,1,2,2, , , , , , , , , , , ,3,3,98,3, , , , ,4,-9, , , ,98, ,98,2, ,2,4,4,2,4,3,98,2,2,3,2,3,3,3, , , , ,1, , ,4,97,2,2,99,1,99, ,1,99,-9,IN, ,Masked,0.98,0.1,0.75,0.07,0.06
1436,525,FALL 2008, ,1,2,3,4,2, ,3,3,4,4,WHAT I HAVE SEEN,2,2,3,1,2, , , ,-9, , ,1, ,1,1,1,1, , , , , , , , , , , ,3,3,2,3, , , , ,1,3, , , ,2, ,98,1, ,98,2,4,3,2,2,2,2,98,98,1,1,1,1, , , , ,1, , ,1,97,2,2,99,2,4, ,99,1,1,OH, ,Masked,1.52,0.45,0.75,0.07,0.25
1437,526,FALL 2008, ,1,1,98,4,2, ,1,2,2,2,HUMAN BEHAVIOR,8,2,98,1,1, , , ,-9, , ,98, ,98,4,4,3, , , , , , , , , , , ,1,2,1,1, , , , ,4,-9, , , ,2, ,1,98, ,2,2,2,98,98,3,1,1,98,2,1,4,3,2, , , , ,3, , ,2,97,5,2,3,5,4, ,4,6,-9,PA, ,Masked,0.88,0.35,0.06,0.07,0.4
1438,527,FALL 2008, ,1,2,3,2,2, ,2,2,2,98,POPULATION TOO MANY PEOPLE,10,2,2,2,3, , , ,-9, , ,2, ,1,1,1,1, , , , , , , , , , , ,2,2,1,2, , , , ,4,-9, , , ,1, ,1,1, ,98,2,4,1,98,1,1,2,2,4,1,1,1,1, , , , ,2, , ,4,97,4,2,1,3,4, ,1,2,-9,NY, ,Masked,0.36,0.1,0.13,0.07,0.06
1439,528,FALL 2008, ,1,2,3,98,4, ,4,4,2,4,POLAR ICE CAPS,1,2,4,2,2, , , ,-9, , ,2, ,2,1,2,2, , , , , , , , , , , ,2,3,2,3, , , , ,4,-9, , , ,2, ,4,2, ,1,2,4,1,4,1,1,2,2,3,1,2,1,4, , , , ,98, , ,1,97,2,2,3,5,2, ,1,6,-9,WV, ,Masked,1.33,0.45,0.75,0.07,0.06
1440,529,FALL 2008, ,98,-9,-9,-9,-9, ,-9,-9,-9,-9, ,-9,-9,-9,-9,-9, , , ,-9, , ,1, ,1,1,1,1, , , , , , , , , , , ,98,2,3,2, , , , ,4,-9, , , ,1, ,1,1, ,1,4,4,1,4,1,1,1,98,1,1,4,1,1, , , , ,2, , ,1,97,4,2,2,1,98, ,1,99,-9,PA, ,Masked,0.71,0.45,0.13,0.07,0.06
1441,530,FALL 2008, ,98,-9,-9,-9,-9, ,-9,-9,-9,-9, ,-9,-9,-9,-9,-9, , , ,-9, , ,98, ,2,4,3,1, , , , , , , , , , , ,2,2,2,2, , , , ,4,-9, , , ,4, ,1,1, ,4,4,4,2,3,2,1,4,98,3,1,1,1,3, , , , ,2, , ,4,97,2,2,1,1,4, ,1,2,-9,CT, ,Masked,0.98,0.1,0.75,0.07,0.06
1442,531,FALL 2008, ,1,2,2,4,3, ,2,4,3,3,RESEARCH,4,2,2,2,2, , , ,-9, , ,2, ,1,2,2,2, , , , , , , , , , , ,1,1,1,1, , , , ,4,-9, , , ,2, ,1,2, ,2,3,4,3,1,1,2,2,98,2,1,2,2,1, , , , ,5, , ,3,97,5,1,6,1,4, ,1,2,-9,VA, ,Masked,0.82,0.12,0.06,0.58,0.06
1443,532,FALL 2008, ,1,98,3,2,4, ,1,2,4,4,SEEN ON NEWS AL GORE WINNING NOBEL PRIZE,5,4,4,98,2, , , ,-9, , ,2, ,2,2,98,1, , , , , , , , , , , ,2,2,2,2, , , , ,1,3, , , ,1, ,98,2, ,98,4,3,3,98,4,4,98,98,3,2,1,1,2, , , , ,6, , ,2,97,5,1,6,1,4, ,1,1,2,FL, ,Masked,1.05,0.35,0.06,0.58,0.06
1444,533,FALL 2008, ,1,2,2,98,2, ,1,2,2,3,STATISTICS,4,4,2,2,4, , , ,-9, , ,1, ,1,1,3,1, , , , , , , , , , , ,2,98,4,2, , , , ,4,-9, , , ,4, ,4,4, ,3,4,4,2,98,4,2,4,98,1,4,4,4,4, , , , ,98, , ,2,97,2,1,2,3,2, ,1,2,-9,OH, ,Masked,1.74,0.35,0.75,0.58,0.06
1445,534,FALL 2008, ,1,1,1,2,1, ,1,1,1,2,NEWS,6,1,3,1,1, , , ,-9, , ,4, ,4,4,4,4, , , , , , , , , , , ,1,1,1,1, , , , ,4,-9, , , ,2, ,1,1, ,2,2,1,1,2,4,2,1,1,4,1,1,1,1, , , , ,4, , ,3,97,4,1,3,1,1, ,1,6,-9,OH, ,Masked,0.89,0.12,0.13,0.58,0.06
1446,535,FALL 2008, ,1,3,1,98,1, ,2,98,98,98,HOTTER SEASONS,2,98,1,98,1, , , ,-9, , ,4, ,4,4,4,4, , , , , , , , , , , ,2,2,98,2, , , , ,4,-9, , , ,98, ,1,98, ,1,4,4,4,1,98,1,1,98,1,1,4,1,98, , , , ,98, , ,3,97,3,2,99,1,4, ,1,2,-9,IN, ,Masked,0.55,0.12,0.3,0.07,0.06
1447,536,FALL 2008, ,1,3,1,1,2, ,1,3,2,3,WHAT I HAVE READ,6,4,98,1,1, , , ,-9, , ,3, ,2,2,3,3, , , , , , , , , , , ,1,3,3,2, , , , ,98,-9, , , ,2, ,2,2, ,2,3,3,2,2,2,2,98,2,2,2,3,2,2, , , , ,4, , ,3,97,3,1,6,5,4, ,1,98,-9,IN, ,Masked,1.29,0.35,0.3,0.58,0.06
1448,537,FALL 2008, ,1,2,2,98,2, ,2,1,1,2,I HAVE SEEN ALOT HAPPEN IN MY LIFE MORE SNOW BEFORE THAN NOW,2,1,1,2,2, , , ,-9, , ,1, ,1,1,1,4, , , , , , , , , , , ,2,2,1,2, , , , ,3,-9, , , ,2, ,1,3, ,4,4,4,4,4,4,2,2,1,3,1,4,98,3, , , , ,1, , ,4,97,3,2,99,5,2, ,5,1,1,PA, ,Masked,0.72,0.1,0.3,0.07,0.25
1449,538,FALL 2008, ,2,-9,-9,-9,-9, ,-9,-9,-9,-9, ,-9,-9,-9,-9,-9, , ,PRACTICES FOR FOOTBALL WERE AS HOT AS THEY WE,1, , ,3, ,1,3,3,4, , , , , , , , , , , ,1,1,1,1, , , , ,4,-9, , , ,2, ,1,2, ,2,4,4,2,3,4,2,1,98,4,2,3,1,1, , , , ,6, , ,1,97,4,1,6,5,1, ,1,6,-9,KY, ,Masked,1.22,0.45,0.13,0.58,0.06
1450,539,FALL 2008, ,1,1,1,2,2, ,1,2,2,2,WEATHER PATTERNS,3,2,2,1,2, , , ,-9, , ,2, ,4,1,2,4, , , , , , , , , , , ,2,2,2,2, , , , ,4,-9, , , ,2, ,2,2, ,2,2,4,2,4,2,2,2,98,2,2,2,2,2, , , , ,3, , ,4,97,4,1,2,1,1, ,1,7,-9,MI, ,Masked,0.87,0.1,0.13,0.58,0.06
1451,540,FALL 2008, ,1,3,1,98,4, ,1,4,4,1,MAN MADE POLLUTIONS,8,1,4,1,2, , , ,-9, , ,4, ,2,3,3,3, , , , , , , , , , , ,1,1,2,1, , , , ,4,-9, , , ,1, ,1,1, ,1,3,2,1,1,4,2,98,2,98,1,1,1,1, , , , ,6, , ,3,97,4,1,6,2,1, ,1,7,-9,DC, ,Masked,1.12,0.35,0.13,0.58,0.06
1452,541,FALL 2008, ,98,-9,-9,-9,-9, ,-9,-9,-9,-9, ,-9,-9,-9,-9,-9, , , ,-9, , ,4, ,1,4,1,2, , , , , , , , , , , ,2,3,4,3, , , , ,4,-9, , , ,2, ,1,1, ,2,4,4,1,98,1,1,4,2,4,1,1,4,4, , , , ,2, , ,3,97,4,2,99,1,1, ,2,6,-9,VA, ,Masked,1.55,0.35,0.13,0.07,1
1453,542,FALL 2008, ,1,1,2,2,4, ,1,2,2,2,RESEARCH,4,4,4,1,1, , , ,-9, , ,4, ,4,4,4,4, , , , , , , , , , , ,1,2,1,2, , , , ,4,-9, , , ,2, ,2,2, ,4,2,1,1,2,4,3,2,1,4,1,2,1,2, , , , ,6, , ,3,97,4,1,6,2,4, ,1,7,-9,NJ, ,Masked,0.89,0.12,0.13,0.58,0.06
1454,543,FALL 2008, ,2,-9,-9,-9,-9, ,-9,-9,-9,-9, ,-9,-9,-9,-9,-9, , ,WINTERS HAVE NOT CHANGED,1, , ,1, ,2,1,1,1, , , , , , , , , , , ,3,3,4,3, , , , ,4,-9, , , ,4, ,98,2, ,3,4,4,2,4,1,2,3,98,4,1,4,3,4, , , , ,1, , ,3,97,3,2,99,1,1, ,1,1,2,FL, ,Masked,0.55,0.12,0.3,0.07,0.06
1455,544,FALL 2008, ,2,-9,-9,-9,-9, ,-9,-9,-9,-9, ,-9,-9,-9,-9,-9, , ,DATA,3, , ,3, ,2,3,2,2, , , , , , , , , , , ,3,3,3,3, , , , ,3,-9, , , ,3, ,2,2, ,3,3,3,2,3,2,2,3,98,2,3,2,2,2, , , , ,6, , ,2,97,5,1,4,2,4, ,1,7,-9,MD, ,Masked,1.05,0.35,0.06,0.58,0.06
1456,545,FALL 2008, ,1,3,2,4,4, ,4,4,4,4,WHA I HAVE READ,6,4,4,2,4, , , ,-9, , ,3, ,2,2,3,3, , , , , , , , , , , ,3,3,3,3, , , , ,4,-9, , , ,98, ,3,3, ,4,3,4,3,3,2,2,3,98,2,3,3,3,3, , , , ,1, , ,3,97,3,1,5,1,4, ,1,2,-9,IN, ,Masked,1.06,0.12,0.3,0.58,0.06
1457,546,FALL 2008, ,1,3,1,98,1, ,2,98,98,2,MATERIAL I HAVE READ,6,98,2,1,1, , , ,-9, , ,98, ,4,4,98,4, , , , , , , , , , , ,1,1,98,1, , , , ,4,-9, , , ,4, ,98,1, ,4,98,4,1,98,98,1,98,98,98,1,98,4,98, , , , ,1, , ,4,97,2,2,2,1,1, ,1,2,-9,GA, ,Masked,0.98,0.1,0.75,0.07,0.06
1458,547,FALL 2008, ,1,2,2,4,98, ,4,4,4,1,TV REPORTS,6,4,4,2,3, , , ,-9, , ,4, ,1,1,1,98, , , , , , , , , , , ,3,3,4,3, , , , ,4,-9, , , ,4, ,4,4, ,4,4,4,98,4,1,4,4,2,4,98,4,4,98, , , , ,1, , ,4,97,5,1,5,2,2, ,1,2,-9,MA, ,Masked,0.8,0.1,0.06,0.58,0.06
1459,548,FALL 2008, ,1,1,2,2,1, ,1,2,2,2,THE MELTING ICE,1,1,3,1,1, , , ,-9, , ,3, ,3,3,3,3, , , , , , , , , , , ,1,2,2,2, , , , ,4,-9, , , ,98, ,2,3, ,98,3,4,2,98,3,3,98,2,98,98,98,98,2, , , , ,6, , ,3,97,4,2,6,2,4, ,1,6,-9,OH, ,Masked,0.61,0.35,0.13,0.07,0.06
1460,549,FALL 2008, ,1,1,1,98,1, ,1,2,1,3,MELTING OF THE ICE,1,1,3,1,1, , , ,-9, , ,3, ,3,3,3,3, , , , , , , , , , , ,1,2,2,2, , , , ,3,-9, , , ,98, ,2,2, ,2,2,3,2,2,3,2,2,2,3,2,2,2,2, , , , ,5, , ,3,97,4,1,4,1,1, ,1,99,-9,KY, ,Masked,0.89,0.12,0.13,0.58,0.06
1461,550,FALL 2008, ,1,3,1,2,2, ,1,2,1,1,SAW GLACIERS MELTING,1,1,1,1,1, , , ,-9, , ,4, ,3,3,4,98, , , , , , , , , , , ,1,1,1,1, , , , ,2,98, , , ,2, ,1,1, ,2,4,4,1,1,98,3,98,98,98,1,98,1,1, , , , ,98, , ,4,97,3,2,1,1,2, ,1,1,1,PA, ,Masked,0.53,0.1,0.3,0.07,0.06
1462,551,FALL 2008, ,1,1,1,2,1, ,1,1,4,3,GLACIER PROBLEMS,1,2,3,1,1, , , ,-9, , ,3, ,3,4,4,4, , , , , , , , , , , ,1,1,1,1, , , , ,98,-9, , , ,2, ,1,1, ,1,3,4,2,1,4,2,1,2,4,3,4,3,2, , , , ,3, , ,3,97,2,2,4,3,1, ,1,1,1,MI, ,Masked,1,0.12,0.75,0.07,0.06
1463,552,FALL 2008, ,1,1,2,1,1, ,2,1,2,1,THE THINGS STUFF I HAVE READ,6,2,2,1,1, , , ,-9, , ,3, ,3,3,3,3, , , , , , , , , , , ,1,1,2,1, , , , ,3,-9, , , ,2, ,4,2, ,2,98,3,2,2,3,3,2,2,4,2,2,2,2, , , , ,3, , ,1,97,5,2,99,5,4, ,1,99,-9,VA, ,Masked,0.64,0.45,0.06,0.07,0.06
1464,553,FALL 2008, ,2,-9,-9,-9,-9, ,-9,-9,-9,-9, ,-9,-9,-9,-9,-9, , ,NO SPECIFIC REASON,8, , ,2, ,1,1,2,2, , , , , , , , , , , ,1,3,1,2, , , , ,4,-9, , , ,1, ,1,1, ,1,1,1,1,1,3,1,1,98,1,1,1,1,1, , , , ,2, , ,3,97,4,2,99,1,1, ,1,1,1,PA, ,Masked,0.38,0.12,0.13,0.07,0.06
1465,554,FALL 2008, ,1,1,1,99,2, ,1,1,2,2,ICE CAPS,1,2,4,1,1, , , ,-9, , ,4, ,4,4,3,4, , , , , , , , , , , ,1,1,1,1, , , , ,4,-9, , , ,98, ,1,2, ,2,4,4,98,1,3,1,1,98,98,1,4,1,98, , , , ,5, , ,3,97,3,2,4,1,1, ,1,1,2,MI, ,Masked,0.55,0.12,0.3,0.07,0.06
1466,555,FALL 2008, ,1,1,1,98,3, ,2,3,3,3,INCREASING TEMPERATURES,2,3,3,2,3, , , ,-9, , ,4, ,4,4,4,4, , , , , , , , , , , ,3,3,4,3, , , , ,4,-9, , , ,4, ,4,1, ,4,1,1,1,4,1,4,1,2,4,1,4,1,1, , , , ,3, , ,2,97,3,2,4,5,2, ,1,2,-9,OH, ,Masked,0.78,0.35,0.3,0.07,0.06
1467,556,FALL 2008, ,1,1,1,4,1, ,1,1,1,4,CRAZY WEATHER CHANGES,3,2,1,1,1, , , ,-9, , ,3, ,3,4,4,3, , , , , , , , , , , ,1,1,2,1, , , , ,4,-9, , , ,1, ,1,1, ,1,4,4,1,1,1,98,1,98,4,1,1,1,98, , , , ,1, , ,1,97,4,2,4,1,4, ,1,98,-9,MI, ,Masked,0.71,0.45,0.13,0.07,0.06
1468,557,FALL 2008, ,1,3,2,2,2, ,1,2,2,2,MELTING ICE CAPS,1,2,3,1,1, , , ,-9, , ,3, ,98,3,2,3, , , , , , , , , , , ,2,2,1,2, , , , ,4,-9, , , ,98, ,2,1, ,2,2,4,2,98,2,2,2,2,2,1,98,1,2, , , , ,98, , ,1,97,3,2,2,3,1, ,1,6,-9,MD, ,Masked,0.88,0.45,0.3,0.07,0.06
1469,558,FALL 2008, ,1,1,1,1,3, ,1,1,3,4,MEDIA AL GORES MOVIE,5,1,3,1,1, , , ,-9, , ,3, ,4,4,3,3, , , , , , , , , , , ,1,1,1,1, , , , ,4,-9, , , ,98, ,2,1, ,4,4,4,1,2,4,2,1,98,3,1,2,1,1, , , , ,3, , ,1,97,3,2,5,5,1, ,1,6,-9,MA, ,Masked,0.88,0.45,0.3,0.07,0.06
1470,559,FALL 2008, ,1,1,1,2,2, ,2,2,3,1,SCIENCE,4,1,4,1,1, , , ,-9, , ,4, ,4,4,4,4, , , , , , , , , , , ,98,1,1,3, , , , ,4,-9, , , ,3, ,3,1, ,2,3,4,1,1,4,4,1,98,4,2,1,2,1, , , , ,3, , ,3,97,5,2,3,5,1, ,1,2,-9,OH, ,Masked,0.31,0.12,0.06,0.07,0.06
1471,560,FALL 2008, ,1,3,1,98,1, ,1,1,1,98,WARMER SUMMERS MELTING ICE,1,1,1,1,1, , , ,-9, , ,4, ,4,98,4,4, , , , , , , , , , , ,1,1,1,1, , , , ,4,-9, , , ,1, ,1,1, ,98,1,1,1,1,4,98,1,1,4,1,98,1,1, , , , ,2, , ,3,97,4,2,99,1,4, ,3,2,-9,NJ, ,Masked,3.52,0.12,0.13,0.07,3.2
1472,561,FALL 2008, ,98,-9,-9,-9,-9, ,-9,-9,-9,-9, ,-9,-9,-9,-9,-9, , , ,-9, , ,4, ,3,3,2,3, , , , , , , , , , , ,3,3,1,3, , , , ,3,-9, , , ,98, ,4,2, ,4,98,4,4,2,1,2,2,98,98,98,98,4,3, , , , ,1, , ,4,97,3,1,1,1,4, ,1,1,2,OH, ,Masked,1.04,0.1,0.3,0.58,0.06
1473,562,FALL 2008, ,1,3,1,99,1, ,1,1,1,1,WEATHER IS GETTING WARMER,2,1,1,1,1, , , ,-9, , ,4, ,4,3,4,4, , , , , , , , , , , ,1,1,2,1, , , , ,4,-9, , , ,4, ,2,1, ,2,4,4,2,2,1,4,1,98,98,1,2,2,2, , , , ,98, , ,2,97,2,2,2,98,1, ,1,2,-9,DC, ,Masked,1.23,0.35,0.75,0.07,0.06
1474,563,FALL 2008, ,1,2,1,1,1, ,1,1,1,3,WARMER ARCTIC POLES LOSS OF POLAR BEARS,7,1,1,2,2, , , ,-9, , ,3, ,3,3,4,3, , , , , , , , , , , ,2,2,2,2, , , , ,4,-9, , , ,98, ,98,2, ,98,98,98,98,1,3,98,1,98,3,2,2,1,98, , , , ,3, , ,3,97,5,2,6,1,1, ,2,6,-9,NC, ,Masked,1.25,0.12,0.06,0.07,1
1475,564,FALL 2008, ,2,-9,-9,-9,-9, ,-9,-9,-9,-9, ,-9,-9,-9,-9,-9, , ,RAINED ALL SUMMER,1, , ,1, ,1,98,98,1, , , , , , , , , , , ,3,3,3,3, , , , ,4,-9, , , ,1, ,4,4, ,1,4,4,4,4,4,4,4,2,1,4,4,4,4, , , , ,1, , ,1,97,2,2,2,1,2, ,1,1,98,PA, ,Masked,1.33,0.45,0.75,0.07,0.06
1476,565,FALL 2008, ,1,3,1,1,1, ,1,1,4,1,READ ALOT,6,98,3,1,2, , , ,-9, , ,4, ,4,98,4,4, , , , , , , , , , , ,1,1,1,1, , , , ,4,-9, , , ,1, ,1,1, ,4,4,4,1,4,4,1,1,2,4,1,1,1,1, , , , ,5, , ,3,97,4,1,3,2,4, ,5,6,-9,OH, ,Masked,1.08,0.12,0.13,0.58,0.25
1477,566,FALL 2008, ,1,3,2,98,2, ,1,98,2,1,INCREASING POPULATION,13,2,3,2,2, , , ,-9, , ,98, ,4,98,2,98, , , , , , , , , , , ,2,2,98,2, , , , ,98,-9, , , ,1, ,1,98, ,98,98,98,98,98,2,1,1,1,98,2,98,1,1, , , , ,2, , ,4,97,4,2,5,6,4, ,4,6,-9,NY, ,Masked,0.7,0.1,0.13,0.07,0.4
1478,567,FALL 2008, ,1,1,1,98,1, ,1,1,1,1,WARMER TEMPS THAN BEFORE,2,1,1,1,1, , , ,-9, , ,3, ,4,4,3,1, , , , , , , , , , , ,1,1,1,1, , , , ,4,-9, , , ,2, ,2,1, ,1,2,2,2,1,4,2,1,98,4,1,1,1,1, , , , ,98, , ,2,97,3,2,6,1,2, ,1,2,-9,PA, ,Masked,0.78,0.35,0.3,0.07,0.06
1479,568,FALL 2008, ,2,-9,-9,-9,-9, ,-9,-9,-9,-9, ,-9,-9,-9,-9,-9, , ,WEATHERS THE SAME,1, , ,1, ,1,1,1,1, , , , , , , , , , , ,3,3,4,3, , , , ,4,-9, , , ,98, ,2,1, ,98,4,4,4,4,1,4,2,2,4,2,4,98,1, , , , ,3, , ,4,97,2,2,98,2,2, ,1,1,1,MD, ,Masked,0.98,0.1,0.75,0.07,0.06
1480,569,FALL 2008, ,98,-9,-9,-9,-9, ,-9,-9,-9,-9, ,-9,-9,-9,-9,-9, , , ,-9, , ,4, ,3,4,4,4, , , , , , , , , , , ,1,1,1,1, , , , ,4,-9, , , ,2, ,2,1, ,2,2,2,2,98,3,3,1,98,3,1,1,1,2, , , , ,4, , ,2,97,4,2,5,3,1, ,1,98,-9,MD, ,Masked,0.71,0.45,0.13,0.07,0.06
1481,570,FALL 2008, ,1,3,1,1,1, ,2,3,1,1,SCIENTIFIC PROOF,4,1,1,1,1, , , ,-9, , ,4, ,4,98,4,4, , , , , , , , , , , ,1,1,1,1, , , , ,4,-9, , , ,2, ,1,1, ,4,4,4,1,2,4,1,1,98,4,1,1,1,98, , , , ,3, , ,3,97,4,2,4,1,4, ,1,1,2,MD, ,Masked,0.38,0.12,0.13,0.07,0.06
1482,571,FALL 2008, ,1,3,2,99,2, ,2,1,2,2,I READ IT IN THE PAPER,6,3,3,1,1, , , ,-9, , ,3, ,3,3,3,3, , , , , , , , , , , ,1,2,2,1, , , , ,3,-9, , , ,3, ,3,2, ,98,2,2,2,98,3,3,2,98,4,2,2,2,2, , , , ,4, , ,3,97,5,2,6,2,1, ,1,1,2,PA, ,Masked,0.54,0.35,0.06,0.07,0.06
1483,572,FALL 2008, ,1,3,2,4,2, ,1,4,2,1,MEDIA,6,4,2,2,3, , , ,-9, , ,4, ,3,3,3,3, , , , , , , , , , , ,2,2,4,2, , , , ,4,-9, , , ,3, ,98,4, ,4,3,4,3,2,1,3,98,98,1,3,4,3,4, , , , ,99, , ,3,97,2,2,99,1,99, ,1,99,-9,NC, ,Masked,1,0.12,0.75,0.07,0.06
1484,573,FALL 2008, ,1,3,2,1,3, ,2,4,4,3,THE ENVIORNMENT,10,4,4,1,1, , , ,-9, , ,3, ,4,3,4,2, , , , , , , , , , , ,2,3,1,2, , , , ,4,-9, , , ,2, ,1,1, ,98,3,3,1,2,2,2,2,1,2,1,3,1,2, , , , ,98, , ,3,97,5,1,6,6,2, ,1,6,-9,NJ, ,Masked,0.82,0.12,0.06,0.58,0.06
1485,574,FALL 2008, ,1,1,2,2,1, ,2,2,1,1,CLIMATE CHANGE,3,2,2,1,2, , , ,-9, , ,4, ,3,3,4,4, , , , , , , , , , , ,1,1,1,1, , , , ,4,-9, , , ,3, ,3,2, ,2,2,2,1,1,4,2,98,2,4,1,3,1,1, , , , ,5, , ,3,97,5,2,3,2,1, ,1,1,1,VA, ,Masked,0.31,0.12,0.06,0.07,0.06
1486,575,FALL 2008, ,1,1,1,98,1, ,1,2,1,2,THE TEMPERATURE  ITSELF,10,1,1,1,1, , , ,-9, , ,98, ,2,2,3,2, , , , , , , , , , , ,1,2,2,1, , , , ,2,1, , , ,3, ,2,2, ,4,3,2,3,2,3,2,2,98,4,2,98,2,3, , , , ,5, , ,3,97,2,2,99,1,1, ,1,6,-9,PA, ,Masked,1,0.12,0.75,0.07,0.06
1487,576,FALL 2008, ,2,-9,-9,-9,-9, ,-9,-9,-9,-9, ,-9,-9,-9,-9,-9, , ,SAME TO ME,1, , ,4, ,4,3,98,4, , , , , , , , , , , ,1,1,2,1, , , , ,4,-9, , , ,2, ,2,1, ,98,98,4,2,98,4,98,1,2,3,1,2,2,1, , , , ,98, , ,5,97,99,2,99,1,4, ,1,99,-9,NY, ,Masked,0.63,0.25,0.25,0.07,0.06
1488,577,FALL 2008, ,1,3,98,98,98, ,1,98,1,98,ICE GLACIERS MELTING,1,1,2,1,2, , , ,-9, , ,4, ,4,4,4,4, , , , , , , , , , , ,2,2,1,3, , , , ,2,3, , , ,1, ,1,1, ,1,1,1,1,98,3,2,1,1,3,1,4,1,1, , , , ,4, , ,4,97,3,2,2,1,1, ,1,1,1,MI, ,Masked,0.53,0.1,0.3,0.07,0.06
1489,578,FALL 2008, ,1,3,1,2,1, ,1,2,2,2,LITERATURE FROM SCIENTIFIC JOURNALS,6,2,2,1,1, , , ,-9, , ,4, ,4,3,4,4, , , , , , , , , , , ,1,1,1,1, , , , ,2,1, , , ,2, ,1,1, ,2,2,4,1,1,2,2,4,1,4,1,3,1,1, , , , ,3, , ,4,97,5,2,3,1,4, ,1,1,2,NC, ,Masked,0.29,0.1,0.06,0.07,0.06
1490,579,FALL 2008, ,1,3,1,2,1, ,1,1,2,1,NORTH POLE AND CLIMATE CHANGES LOCAL CLIMATE CHANGES,3,1,2,1,1, , , ,-9, , ,4, ,3,4,4,4, , , , , , , , , , , ,1,1,1,1, , , , ,98,-9, , , ,1, ,3,1, ,1,4,4,1,1,4,4,1,98,4,1,4,1,1, , , , ,4, , ,4,97,5,1,5,1,4, ,1,2,-9,NJ, ,Masked,0.8,0.1,0.06,0.58,0.06
1491,580,FALL 2008, ,1,2,2,1,2, ,2,2,2,2,MELTING OF THE ICE BERGS,1,2,2,1,2, , , ,-9, , ,2, ,2,2,2,2, , , , , , , , , , , ,2,2,2,2, , , , ,4,-9, , , ,2, ,1,1, ,1,1,4,1,2,3,3,2,98,2,2,1,1,2, , , , ,4, , ,3,97,2,1,99,1,4, ,1,2,-9,PA, ,Masked,1.74,0.35,0.75,0.58,0.06
1492,581,FALL 2008, ,1,3,2,1,1, ,3,1,3,1,WARMER DAYS,2,1,1,98,1, , , ,-9, , ,1, ,3,98,1,98, , , , , , , , , , , ,1,3,3,3, , , , ,4,-9, , , ,2, ,2,2, ,2,4,2,2,1,1,3,1,98,1,2,2,2,2, , , , ,1, , ,2,97,3,2,99,2,99, ,1,1,2,NC, ,Masked,0.88,0.45,0.3,0.07,0.06
1493,582,FALL 2008, ,1,3,2,3,2, ,2,2,2,2,EXHAUST FROM CARS,8,2,1,98,2, , , ,-9, , ,4, ,1,4,3,4, , , , , , , , , , , ,2,2,4,2, , , , ,4,-9, , , ,1, ,1,1, ,1,4,4,1,1,4,98,1,98,4,1,1,1,1, , , , ,98, , ,3,97,5,2,6,1,2, ,1,1,1,NC, ,Masked,0.31,0.12,0.06,0.07,0.06
1494,583,FALL 2008, ,1,3,1,98,1, ,1,1,1,1,WEATHER,3,2,1,1,1, , , ,-9, , ,4, ,1,4,4,1, , , , , , , , , , , ,1,1,1,1, , , , ,4,-9, , , ,1, ,1,1, ,3,1,4,4,98,98,1,1,98,4,1,1,3,98, , , , ,98, , ,3,97,2,1,99,99,4, ,1,1,1,NY, ,Masked,1.51,0.12,0.75,0.58,0.06
1495,584,FALL 2008, ,1,1,1,98,1, ,1,1,98,98,ICE MELTING,1,1,1,1,1, , , ,-9, , ,4, ,4,4,4,4, , , , , , , , , , , ,2,2,1,2, , , , ,4,-9, , , ,1, ,1,1, ,1,1,4,1,1,4,98,1,2,4,1,1,1,1, , , , ,3, , ,4,97,5,2,5,5,1, ,1,3,-9,NC, ,Masked,0.29,0.1,0.06,0.07,0.06
1496,585,FALL 2008, ,1,1,1,2,2, ,1,1,4,2,NEWS MEDIA,6,1,2,1,1, , , ,-9, , ,4, ,4,2,4,4, , , , , , , , , , , ,2,3,2,2, , , , ,1,1, , , ,2, ,4,1, ,2,1,2,2,1,4,98,1,2,4,1,1,1,1, , , , ,5, , ,3,97,5,2,99,2,1, ,5,1,2,NJ, ,Masked,0.5,0.12,0.06,0.07,0.25
1497,586,FALL 2008, ,1,2,2,3,3, ,2,3,2,1,DATA THAT I READ,6,2,2,2,2, , , ,-9, , ,1, ,1,1,4,4, , , , , , , , , , , ,3,3,1,3, , , , ,4,-9, , , ,4, ,98,4, ,4,4,4,4,98,1,1,1,2,1,4,4,4,4, , , , ,1, , ,3,97,4,2,6,2,1, ,1,1,1,PA, ,Masked,0.61,0.35,0.13,0.07,0.06
1498,587,FALL 2008, ,1,1,2,98,2, ,2,2,2,2,WHAT IVE READ AND SEEN SUVS AND BIG TRUCKS,6,2,3,1,2, , , ,-9, , ,4, ,2,3,4,2, , , , , , , , , , , ,2,3,2,3, , , , ,4,-9, , , ,1, ,1,1, ,1,4,4,3,4,4,4,3,98,3,1,1,2,2, , , , ,4, , ,1,97,3,1,3,1,3, ,1,2,-9,FL, ,Masked,1.39,0.45,0.3,0.58,0.06
1499,588,FALL 2008, ,1,1,1,3,3, ,1,1,1,2,THE CHANGE IN YEARLY WEATHER PATTERNS,3,3,1,1,1, , , ,-9, , ,4, ,4,4,4,4, , , , , , , , , , , ,1,2,1,2, , , , ,4,-9, , , ,4, ,4,1, ,1,1,1,1,1,4,4,4,98,4,1,1,1,1, , , , ,4, , ,1,97,4,1,1,5,4, ,1,6,-9,NC, ,Masked,1.22,0.45,0.13,0.58,0.06
1500,589,FALL 2008, ,1,3,2,98,3, ,1,4,4,3,WHAT I HEARD,2,98,3,98,98, , , ,-9, , ,3, ,2,2,3,2, , , , , , , , , , , ,2,2,2,2, , , , ,4,-9, , , ,1, ,4,1, ,2,2,2,1,98,3,4,1,1,4,1,1,4,4, , , , ,3, , ,1,97,3,1,1,2,1, ,1,98,-9,MI, ,Masked,1.39,0.45,0.3,0.58,0.06
1501,590,FALL 2008, ,1,1,2,2,2, ,1,2,1,2,MILDER WINTERS,1,2,4,1,2, , , ,-9, , ,4, ,3,4,3,3, , , , , , , , , , , ,1,2,2,1, , , , ,4,-9, , , ,2, ,1,2, ,1,3,4,1,98,3,2,2,98,2,3,3,1,2, , , , ,3, , ,3,97,3,1,1,1,1, ,1,1,1,WV, ,Masked,1.06,0.12,0.3,0.58,0.06
1502,591,FALL 2008, ,1,3,1,98,2, ,2,2,3,3,THE MELTING OF THE ICE,1,3,2,1,2, , , ,-9, , ,3, ,3,3,3,3, , , , , , , , , , , ,2,2,2,2, , , , ,98,-9, , , ,3, ,2,3, ,98,3,3,3,3,3,3,3,2,3,3,2,2,2, , , , ,4, , ,3,97,5,2,99,5,1, ,1,2,-9,MD, ,Masked,0.31,0.12,0.06,0.07,0.06
1503,592,FALL 2008, ,98,-9,-9,-9,-9, ,-9,-9,-9,-9, ,-9,-9,-9,-9,-9, , , ,-9, , ,4, ,1,98,3,1, , , , , , , , , , , ,1,1,2,1, , , , ,4,-9, , , ,4, ,4,1, ,4,1,1,4,2,4,4,4,1,4,1,4,1,1, , , , ,4, , ,3,97,5,1,6,5,4, ,1,7,-9,MD, ,Masked,0.82,0.12,0.06,0.58,0.06
1504,593,FALL 2008, ,1,3,2,98,2, ,1,2,1,2,ICE CAPS MELTING,1,2,2,1,1, , , ,-9, , ,4, ,4,4,4,4, , , , , , , , , , , ,2,2,1,2, , , , ,4,-9, , , ,4, ,1,4, ,98,4,4,4,2,4,4,98,98,2,1,4,1,1, , , , ,3, , ,3,97,5,2,4,1,4, ,1,6,-9,CT, ,Masked,0.31,0.12,0.06,0.07,0.06
1505,594,FALL 2008, ,1,3,2,1,1, ,1,1,1,2,HUMAN ACTIVITY,8,1,1,1,1, , , ,-9, , ,4, ,4,4,3,3, , , , , , , , , , , ,1,1,1,1, , , , ,3,-9, , , ,98, ,1,1, ,2,4,4,98,1,3,4,1,98,3,1,98,2,98, , , , ,2, , ,3,97,4,2,1,1,1, ,1,2,-9,PA, ,Masked,0.61,0.35,0.13,0.07,0.06
1506,595,FALL 2008, ,2,-9,-9,-9,-9, ,-9,-9,-9,-9, ,-9,-9,-9,-9,-9, , ,NATURAL CONDITIONS,2, , ,98, ,1,2,1,2, , , , , , , , , , , ,2,2,2,2, , , , ,4,-9, , , ,98, ,2,1, ,4,4,98,4,98,4,4,2,98,4,4,4,4,4, , , , ,1, , ,3,97,5,2,5,2,99, ,1,2,-9,TX, ,Masked,0.31,0.12,0.06,0.07,0.06
1507,596,FALL 2008, ,98,-9,-9,-9,-9, ,-9,-9,-9,-9, ,-9,-9,-9,-9,-9, , , ,-9, , ,2, ,2,2,2,2, , , , , , , , , , , ,2,3,3,3, , , , ,4,-9, , , ,2, ,2,4, ,2,3,3,2,3,3,3,3,98,3,2,2,2,2, , , , ,3, , ,3,97,3,2,5,1,3, ,1,1,1,MI, ,Masked,0.78,0.35,0.3,0.07,0.06
1508,597,FALL 2008, ,2,-9,-9,-9,-9, ,-9,-9,-9,-9, ,-9,-9,-9,-9,-9, , ,I BELIEVE THERE ARE CYCLES THAT THE EARTH GOE,2, , ,1, ,1,1,1,1, , , , , , , , , , , ,3,3,4,3, , , , ,4,-9, , , ,1, ,1,2, ,2,3,4,3,4,3,1,2,2,98,1,3,3,2, , , , ,2, , ,4,97,2,1,2,1,2, ,1,1,1,OH, ,Masked,1.49,0.1,0.75,0.58,0.06
1509,598,FALL 2008, ,1,1,1,1,1, ,1,1,2,1,SEVERITY OF HURRICANES,3,1,4,1,1, , , ,-9, , ,4, ,4,4,4,4, , , , , , , , , , , ,1,1,1,1, , , , ,4,-9, , , ,4, ,98,1, ,2,1,4,1,1,4,4,1,2,4,1,98,1,2, , , , ,2, , ,4,97,5,2,2,2,1, ,1,3,-9,NY, ,Masked,0.29,0.1,0.06,0.07,0.06
1510,599,FALL 2008, ,2,-9,-9,-9,-9, ,-9,-9,-9,-9, ,-9,-9,-9,-9,-9, , ,TEMPERATURES HAVE VARIED OVER TIME,5, , ,2, ,1,1,1,1, , , , , , , , , , , ,2,2,3,2, , , , ,4,-9, , , ,4, ,2,2, ,4,4,4,2,4,1,1,1,2,2,2,1,2,98, , , , ,5, , ,4,97,5,1,5,5,2, ,1,1,2,GA, ,Masked,0.8,0.1,0.06,0.58,0.06
1511,600,FALL 2008, ,1,3,2,2,2, ,1,2,2,2,MY PLANTING ZONE HAS CHANGED,14,2,1,1,2, , , ,-9, , ,3, ,2,2,4,2, , , , , , , , , , , ,2,2,2,2, , , , ,3,-9, , , ,3, ,2,3, ,3,3,4,2,3,4,2,1,2,2,1,2,2,2, , , , ,3, , ,3,97,3,2,4,2,2, ,1,2,-9,NJ, ,Masked,0.55,0.12,0.3,0.07,0.06
1512,601,FALL 2008, ,1,2,3,4,4, ,4,4,2,4,WHAT I HEAR ON TV WARMER WINTERS,6,4,2,98,2, , , ,-9, , ,2, ,2,2,2,2, , , , , , , , , , , ,2,2,2,2, , , , ,1,98, , , ,98, ,1,2, ,4,4,4,4,98,1,98,3,2,98,1,4,2,4, , , , ,1, , ,4,97,3,2,2,1,98, ,1,1,2,VA, ,Masked,0.53,0.1,0.3,0.07,0.06
1513,602,FALL 2008, ,2,-9,-9,-9,-9, ,-9,-9,-9,-9, ,-9,-9,-9,-9,-9, , ,IT IS A  NATURAL CYCLE,2, , ,4, ,2,2,2,3, , , , , , , , , , , ,2,2,1,2, , , , ,4,-9, , , ,2, ,3,1, ,2,3,2,1,98,4,2,2,98,3,1,2,1,1, , , , ,6, , ,3,97,3,2,4,1,2, ,1,1,2,FL, ,Masked,0.55,0.12,0.3,0.07,0.06
1514,603,FALL 2008, ,1,3,2,2,1, ,1,2,2,98,MELTING ICE CAPS,1,2,2,98,2, , , ,-9, , ,99, ,99,99,99,99, , , , , , , , , , , ,99,99,99,99, , , , ,99,99, , , ,99, ,99,99, ,99,99,99,99,99,99,99,99,99,99,99,99,99,99, , , , ,99, , ,2,97,99,99,99,99,99, ,99,99,99,VA, ,Masked,1.2,0.45,0.25,0.25,0.25