X.1,X,respondent_id,gender,age,height,children_under_18,household_income,education,location,frequency,recline_frequency,recline_obligation,recline_rude,recline_eliminate,switch_seats_friends,switch_seats_family,wake_up_bathroom,wake_up_walk,baby,unruly_child,two_arm_rests,middle_arm_rest,shade,unsold_seat,talk_stranger,get_up,electronics,smoked,edu,NAcount,nrecline_rude,ngender
1,1,3436139758,NA,NA,NA,NA,NA,NA,NA,Once a year or less,NA,NA,NA,NA,NA,NA,NA,NA,NA,NA,NA,NA,NA,NA,NA,NA,NA,NA,NA,26,NA,NA
2,2,3434278696,Male,30-44,"6'3""",TRUE,NA,Graduate degree,Pacific,Once a year or less,About half the time,TRUE,Somewhat,FALSE,No,No,No,No,No,No,The arm rests should be shared,The arm rests should be shared,Everyone in the row should have some say,No,No,Twice,FALSE,FALSE,1,1,2,2
3,3,3434275578,Male,30-44,"5'8""",FALSE,"$100,000 - $149,999",Bachelor degree,Pacific,Once a year or less,Usually,TRUE,No,FALSE,No,No,No,Somewhat,Somewhat,Very,Whoever puts their arm on the arm rest first,The arm rests should be shared,The person in the window seat should have exclusive control,No,No,Three times,FALSE,FALSE,1,0,1,2
4,4,3434268208,Male,30-44,"5'11""",FALSE,"$0 - $24,999",Bachelor degree,Pacific,Once a year or less,Always,FALSE,No,FALSE,Somewhat,No,No,Somewhat,Somewhat,Very,The arm rests should be shared,The arm rests should be shared,Everyone in the row should have some say,No,No,Three times,FALSE,FALSE,1,0,1,2
5,5,3434250245,Male,30-44,"5'7""",FALSE,"$50,000 - $99,999",Bachelor degree,Pacific,Once a month or less,About half the time,FALSE,No,FALSE,No,No,Somewhat,Somewhat,Somewhat,Very,The person in the middle seat gets both arm rests,The person in aisle,Everyone in the row should have some say,No,No,Twice,TRUE,FALSE,1,0,1,2
6,6,3434245875,Male,30-44,"5'9""",TRUE,"$25,000 - $49,999",Graduate degree,East North Central,Once a year or less,Usually,TRUE,No,FALSE,Somewhat,No,Somewhat,Very,Very,Very,Whoever puts their arm on the arm rest first,Whoever puts their arm on the arm rest first,The person in the window seat should have exclusive control,Somewhat,No,Once,FALSE,FALSE,1,0,1,2
7,7,3434235351,Male,30-44,"6'2""",TRUE,NA,Some college or Associate degree,Pacific,Once a month or less,Once in a while,FALSE,Somewhat,TRUE,Somewhat,No,No,No,No,Somewhat,The person in the middle seat gets both arm rests,Whoever puts their arm on the arm rest first,Everyone in the row should have some say,No,Somewhat,Twice,FALSE,FALSE,1,1,2,2
8,8,3434218031,Male,30-44,"6'0""",TRUE,"$0 - $24,999",Bachelor degree,New England,Once a year or less,Once in a while,TRUE,No,TRUE,No,No,No,Somewhat,Somewhat,Very,The arm rests should be shared,The arm rests should be shared,The person in the window seat should have exclusive control,No,No,Four times,FALSE,FALSE,1,0,1,2
9,9,3434213681,NA,NA,"6'0""",TRUE,NA,NA,NA,Once a year or less,Once in a while,TRUE,No,TRUE,NA,NA,NA,NA,NA,NA,The arm rests should be shared,The arm rests should be shared,The person in the window seat should have exclusive control,No,No,Four times,NA,NA,NA,14,1,NA
10,10,3434172894,Male,30-44,"5'6""",FALSE,"$0 - $24,999",Bachelor degree,Pacific,Once a year or less,Never,TRUE,Very,TRUE,Very,Very,Very,Very,Very,Very,Other (please specify),Other (please specify),Everyone in the row should have some say,Very,Very,It is not okay to get up during flight,FALSE,FALSE,1,0,3,2
11,11,3434165659,Male,30-44,"6'0""",FALSE,"$50,000 - $99,999",High school degree,Mountain,Once a month or less,Usually,TRUE,No,FALSE,No,No,Somewhat,Very,Somewhat,Very,The arm rests should be shared,The arm rests should be shared,Everyone in the row should have some say,Very,No,Four times,FALSE,FALSE,0,0,1,2
12,12,3434164339,NA,NA,NA,NA,NA,NA,NA,Once a year or less,NA,NA,NA,NA,NA,NA,NA,NA,NA,NA,NA,NA,NA,NA,NA,NA,NA,NA,NA,26,NA,NA
13,13,3434161941,NA,NA,"5'7""",NA,NA,NA,NA,Once a year or less,Never,FALSE,No,FALSE,NA,NA,NA,NA,NA,NA,The arm rests should be shared,The arm rests should be shared,The person in the window seat should have exclusive control,Somewhat,Somewhat,Twice,NA,NA,NA,15,1,NA
14,14,3434155493,Male,30-44,NA,NA,"$100,000 - $149,999",Some college or Associate degree,Pacific,Never,NA,NA,NA,NA,NA,NA,NA,NA,NA,NA,NA,NA,NA,NA,NA,NA,NA,NA,1,20,NA,2
15,15,3434132453,Male,18-29,NA,NA,NA,High school degree,South Atlantic,Never,NA,NA,NA,NA,NA,NA,NA,NA,NA,NA,NA,NA,NA,NA,NA,NA,NA,NA,0,21,NA,2
16,16,3434131535,Male,18-29,"6'0""",FALSE,NA,Some college or Associate degree,East South Central,Once a year or less,Once in a while,TRUE,Somewhat,FALSE,Somewhat,No,No,Somewhat,Somewhat,Very,The arm rests should be shared,The arm rests should be shared,Everyone in the row should have some say,No,Somewhat,Twice,FALSE,FALSE,1,1,2,2
17,17,3434125180,NA,NA,NA,NA,NA,NA,NA,A few times per week,NA,NA,NA,NA,NA,NA,NA,NA,NA,NA,NA,NA,NA,NA,NA,NA,NA,NA,NA,26,NA,NA
18,18,3434122066,Male,30-44,"5'8""",TRUE,"$100,000 - $149,999",Some college or Associate degree,Middle Atlantic,Once a year or less,Always,FALSE,No,FALSE,No,No,Somewhat,Very,No,No,The arm rests should be shared,The arm rests should be shared,Everyone in the row should have some say,No,No,Once,FALSE,FALSE,1,0,1,2
19,19,3434114105,Male,30-44,"6'1""",FALSE,NA,Bachelor degree,West North Central,Once a year or less,Once in a while,TRUE,Somewhat,TRUE,No,No,No,No,No,No,The arm rests should be shared,The arm rests should be shared,The person in the window seat should have exclusive control,No,No,More than five times times,TRUE,FALSE,1,1,2,2
20,20,3434109246,NA,NA,NA,NA,NA,NA,NA,Once a year or less,NA,NA,NA,NA,NA,NA,NA,NA,NA,NA,NA,NA,NA,NA,NA,NA,NA,NA,NA,26,NA,NA
21,21,3434107997,Male,18-29,"5'10""",FALSE,"$25,000 - $49,999",Bachelor degree,South Atlantic,Once a year or less,Never,TRUE,Very,TRUE,No,No,No,No,No,No,The arm rests should be shared,The arm rests should be shared,Everyone in the row should have some say,No,No,More than five times times,FALSE,FALSE,1,0,3,2
22,22,3434100967,Male,30-44,"5'7""",FALSE,"$0 - $24,999",Bachelor degree,East North Central,Once a year or less,Once in a while,FALSE,No,FALSE,No,No,No,No,No,Somewhat,The arm rests should be shared,The arm rests should be shared,The person in the window seat should have exclusive control,No,No,Twice,FALSE,FALSE,1,0,1,2
23,23,3434087928,Male,18-29,NA,NA,"$50,000 - $99,999",Bachelor degree,East North Central,Never,NA,NA,NA,NA,NA,NA,NA,NA,NA,NA,NA,NA,NA,NA,NA,NA,NA,NA,1,20,NA,2
24,24,3434084098,Male,18-29,NA,NA,"$0 - $24,999",Some college or Associate degree,East North Central,Never,NA,NA,NA,NA,NA,NA,NA,NA,NA,NA,NA,NA,NA,NA,NA,NA,NA,NA,1,20,NA,2
25,25,3434071488,Male,18-29,NA,NA,"$50,000 - $99,999",Bachelor degree,Pacific,Never,NA,NA,NA,NA,NA,NA,NA,NA,NA,NA,NA,NA,NA,NA,NA,NA,NA,NA,1,20,NA,2
26,26,3434061256,Male,30-44,NA,NA,NA,High school degree,Middle Atlantic,Never,NA,NA,NA,NA,NA,NA,NA,NA,NA,NA,NA,NA,NA,NA,NA,NA,NA,NA,0,21,NA,2
27,27,3434059758,Male,18-29,NA,NA,"$50,000 - $99,999",Bachelor degree,Pacific,Never,NA,NA,NA,NA,NA,NA,NA,NA,NA,NA,NA,NA,NA,NA,NA,NA,NA,NA,1,20,NA,2
28,28,3434052290,Male,30-44,"6'0""",FALSE,"$25,000 - $49,999",Bachelor degree,East North Central,Once a year or less,Once in a while,TRUE,No,FALSE,No,No,No,Somewhat,No,Very,The arm rests should be shared,Whoever puts their arm on the arm rest first,Everyone in the row should have some say,No,No,Twice,FALSE,FALSE,1,0,1,2
29,29,3434049700,Male,18-29,"6'2""",FALSE,"$50,000 - $99,999",Some college or Associate degree,West South Central,Once a year or less,About half the time,TRUE,No,FALSE,Somewhat,Somewhat,No,No,Somewhat,Very,The arm rests should be shared,The arm rests should be shared,Everyone in the row should have some say,No,No,Four times,TRUE,FALSE,1,0,1,2
30,30,3434041278,Male,30-44,"5'6""",FALSE,NA,Some college or Associate degree,Pacific,Once a year or less,Always,FALSE,No,FALSE,Somewhat,Somewhat,No,Very,Somewhat,Very,Other (please specify),Other (please specify),The person in the window seat should have exclusive control,Somewhat,No,Once,FALSE,FALSE,1,1,1,2
31,31,3434033301,Male,18-29,"5'11""",FALSE,NA,Bachelor degree,Middle Atlantic,Once a year or less,About half the time,TRUE,Somewhat,FALSE,Very,Somewhat,Very,Very,Somewhat,Very,The people in the aisle and window seats get both arm rests,The person in aisle,The person in the window seat should have exclusive control,Somewhat,No,Once,FALSE,FALSE,1,1,2,2
32,32,3434024435,Male,30-44,"5'10""",FALSE,"$50,000 - $99,999",Some college or Associate degree,South Atlantic,Once a year or less,Never,TRUE,Somewhat,TRUE,No,No,No,No,Very,Very,The arm rests should be shared,The person by the window,The person in the window seat should have exclusive control,No,Very,Four times,FALSE,FALSE,1,0,2,2
33,33,3434018106,NA,NA,NA,NA,NA,NA,NA,A few times per week,NA,NA,NA,NA,NA,NA,NA,NA,NA,NA,NA,NA,NA,NA,NA,NA,NA,NA,NA,26,NA,NA
34,34,3434016416,Male,30-44,"6'2""",TRUE,"$50,000 - $99,999",Bachelor degree,West South Central,Once a year or less,Once in a while,TRUE,No,FALSE,Somewhat,No,No,Somewhat,No,Somewhat,The arm rests should be shared,The person by the window,Everyone in the row should have some say,Somewhat,No,Three times,FALSE,FALSE,1,0,1,2
35,35,3434013636,Male,18-29,"5'7""",TRUE,"$0 - $24,999",Some college or Associate degree,Pacific,Every day,Usually,FALSE,Very,TRUE,Somewhat,Somewhat,Somewhat,Somewhat,Very,Very,Whoever puts their arm on the arm rest first,The person in aisle,The person in the window seat should have exclusive control,Somewhat,Somewhat,Once,TRUE,FALSE,1,0,3,2
36,36,3434009177,Male,18-29,"5'10""",TRUE,"$50,000 - $99,999",Some college or Associate degree,Pacific,Once a year or less,Never,TRUE,Very,FALSE,No,No,Somewhat,Somewhat,No,Very,The arm rests should be shared,The arm rests should be shared,Everyone in the row should have some say,No,No,Twice,FALSE,FALSE,1,0,3,2
37,37,3434003204,Male,18-29,"6'0""",FALSE,"$0 - $24,999",Bachelor degree,Pacific,Once a year or less,About half the time,TRUE,No,FALSE,Somewhat,No,Somewhat,Somewhat,Somewhat,Somewhat,The arm rests should be shared,The arm rests should be shared,Everyone in the row should have some say,No,No,Twice,FALSE,FALSE,1,0,1,2
38,38,3434003093,Male,18-29,"5'11""",FALSE,"$25,000 - $49,999",Some college or Associate degree,Pacific,Once a year or less,Once in a while,TRUE,Somewhat,FALSE,Somewhat,No,No,Somewhat,No,Somewhat,The arm rests should be shared,The arm rests should be shared,Everyone in the row should have some say,Somewhat,No,Twice,FALSE,FALSE,1,0,2,2
39,39,3433976285,Male,18-29,NA,NA,NA,High school degree,South Atlantic,Never,NA,NA,NA,NA,NA,NA,NA,NA,NA,NA,NA,NA,NA,NA,NA,NA,NA,NA,0,21,NA,2
40,40,3433973110,Male,30-44,NA,NA,"$25,000 - $49,999",Some college or Associate degree,West South Central,Never,NA,NA,NA,NA,NA,NA,NA,NA,NA,NA,NA,NA,NA,NA,NA,NA,NA,NA,1,20,NA,2
41,41,3433964953,Male,18-29,"5'5""",FALSE,"$0 - $24,999",High school degree,Pacific,Once a year or less,Usually,FALSE,Somewhat,FALSE,Somewhat,No,No,Somewhat,Somewhat,Very,The arm rests should be shared,The arm rests should be shared,The person in the window seat should have exclusive control,Somewhat,No,More than five times times,FALSE,FALSE,0,0,2,2
42,42,3433964124,Male,30-44,"6'0""",TRUE,NA,Bachelor degree,New England,Once a year or less,Once in a while,FALSE,No,TRUE,No,No,No,No,No,No,The arm rests should be shared,The arm rests should be shared,The person in the window seat should have exclusive control,No,Somewhat,Three times,FALSE,FALSE,1,1,1,2
43,43,3433957540,Male,18-29,"5'7""",FALSE,"$25,000 - $49,999",Bachelor degree,Pacific,Once a year or less,Never,TRUE,Somewhat,TRUE,No,No,No,No,No,No,The arm rests should be shared,The arm rests should be shared,Everyone in the row should have some say,No,No,Three times,TRUE,FALSE,1,0,2,2
44,44,3433954490,Male,18-29,NA,NA,"$25,000 - $49,999",Some college or Associate degree,East South Central,Never,NA,NA,NA,NA,NA,NA,NA,NA,NA,NA,NA,NA,NA,NA,NA,NA,NA,NA,1,20,NA,2
45,45,3433928804,Male,18-29,"5'7""",TRUE,NA,Bachelor degree,South Atlantic,Once a year or less,Once in a while,TRUE,Very,FALSE,Somewhat,Somewhat,Somewhat,Very,No,Very,The arm rests should be shared,The arm rests should be shared,Everyone in the row should have some say,No,Somewhat,More than five times times,FALSE,FALSE,1,1,3,2
46,46,3433926438,Male,18-29,"6'2""",FALSE,NA,Graduate degree,South Atlantic,A few times per month,About half the time,FALSE,No,TRUE,No,No,No,No,No,No,The arm rests should be shared,The arm rests should be shared,Everyone in the row should have some say,No,No,More than five times times,FALSE,FALSE,1,1,1,2
47,47,3433914630,Male,30-44,"6'4""",FALSE,"$0 - $24,999",Bachelor degree,Mountain,Once a year or less,Once in a while,TRUE,Somewhat,FALSE,Somewhat,Somewhat,Somewhat,Somewhat,Somewhat,Somewhat,Other (please specify),Other (please specify),The person in the window seat should have exclusive control,No,Somewhat,More than five times times,FALSE,FALSE,1,0,2,2
48,48,3433912503,Male,18-29,"6'0""",FALSE,"$0 - $24,999",Some college or Associate degree,East North Central,Once a year or less,Never,TRUE,No,FALSE,No,No,No,Somewhat,Somewhat,No,The arm rests should be shared,The person in aisle,Everyone in the row should have some say,No,Somewhat,More than five times times,FALSE,FALSE,1,0,1,2
49,49,3433895905,Male,30-44,"5'10""",TRUE,"$50,000 - $99,999",Some college or Associate degree,South Atlantic,Once a year or less,Once in a while,TRUE,No,FALSE,Somewhat,Somewhat,Somewhat,Somewhat,No,Somewhat,Whoever puts their arm on the arm rest first,Whoever puts their arm on the arm rest first,The person in the window seat should have exclusive control,No,Somewhat,Twice,FALSE,FALSE,1,0,1,2
50,50,3433890093,Male,18-29,"6'0""",FALSE,"$0 - $24,999",Bachelor degree,Pacific,Once a year or less,Always,FALSE,No,FALSE,No,No,No,No,No,Somewhat,Other (please specify),Other (please specify),The person in the window seat should have exclusive control,No,No,More than five times times,TRUE,FALSE,1,0,1,2
51,51,3433882884,Male,30-44,NA,NA,"$0 - $24,999",Some college or Associate degree,East North Central,Never,NA,NA,NA,NA,NA,NA,NA,NA,NA,NA,NA,NA,NA,NA,NA,NA,NA,NA,1,20,NA,2
52,52,3433881615,Male,18-29,"5'7""",FALSE,"$0 - $24,999",Some college or Associate degree,West North Central,A few times per month,Usually,TRUE,No,FALSE,No,No,No,No,No,Somewhat,The arm rests should be shared,The arm rests should be shared,Everyone in the row should have some say,No,No,Three times,FALSE,FALSE,1,0,1,2
53,53,3433880747,Male,18-29,"5'9""",FALSE,"$0 - $24,999",Some college or Associate degree,Mountain,Once a year or less,Once in a while,FALSE,No,FALSE,No,No,No,No,No,No,Whoever puts their arm on the arm rest first,Whoever puts their arm on the arm rest first,Everyone in the row should have some say,No,No,More than five times times,FALSE,FALSE,1,0,1,2
54,54,3433877510,Male,30-44,"6'1""",FALSE,NA,Graduate degree,East North Central,Once a year or less,Once in a while,TRUE,Very,TRUE,No,No,No,Somewhat,Somewhat,Very,The arm rests should be shared,The arm rests should be shared,The person in the window seat should have exclusive control,No,No,Twice,TRUE,FALSE,1,1,3,2
55,55,3433877337,Male,30-44,"6'2""",FALSE,"$50,000 - $99,999",Bachelor degree,East North Central,Once a month or less,Once in a while,TRUE,Somewhat,TRUE,No,No,No,No,No,Very,The arm rests should be shared,The arm rests should be shared,The person in the window seat should have exclusive control,No,No,Twice,FALSE,FALSE,1,0,2,2
56,56,3433873724,Male,18-29,"5'11""",FALSE,"$25,000 - $49,999",Bachelor degree,Pacific,Once a month or less,Once in a while,FALSE,No,FALSE,No,No,Somewhat,Somewhat,No,No,The arm rests should be shared,The arm rests should be shared,Everyone in the row should have some say,Somewhat,No,Twice,FALSE,FALSE,1,0,1,2
57,57,3433863512,Male,30-44,"6'6"" and above",FALSE,NA,Graduate degree,Pacific,Once a month or less,Usually,FALSE,No,FALSE,No,No,No,No,No,Somewhat,The arm rests should be shared,The arm rests should be shared,The person in the window seat should have exclusive control,No,No,Three times,TRUE,FALSE,1,1,1,2
58,58,3433853098,Male,30-44,"5'10""",FALSE,"$50,000 - $99,999",Graduate degree,West South Central,Once a year or less,Usually,TRUE,Somewhat,TRUE,Somewhat,Somewhat,Somewhat,Somewhat,Somewhat,Somewhat,The person in the middle seat gets both arm rests,The person in aisle,Everyone in the row should have some say,Somewhat,Somewhat,Twice,FALSE,FALSE,1,0,2,2
59,59,3433847365,Male,30-44,"6'1""",TRUE,"$50,000 - $99,999",Bachelor degree,New England,Once a year or less,About half the time,TRUE,No,FALSE,No,No,No,Somewhat,No,Somewhat,The arm rests should be shared,The arm rests should be shared,Everyone in the row should have some say,No,No,More than five times times,FALSE,FALSE,1,0,1,2
60,60,3433842253,Male,30-44,"5'10""",FALSE,NA,Graduate degree,South Atlantic,Once a year or less,Never,TRUE,Very,TRUE,No,No,No,Somewhat,Somewhat,Very,Whoever puts their arm on the arm rest first,Whoever puts their arm on the arm rest first,The person in the window seat should have exclusive control,No,Somewhat,Twice,TRUE,FALSE,1,1,3,2
61,61,3433809714,Male,18-29,"6'0""",FALSE,NA,Bachelor degree,East North Central,Once a year or less,Never,TRUE,Somewhat,FALSE,No,No,No,Somewhat,No,Somewhat,The arm rests should be shared,The arm rests should be shared,The person in the window seat should have exclusive control,No,No,Twice,FALSE,FALSE,1,1,2,2
62,62,3433791959,Male,30-44,"6'2""",FALSE,"$0 - $24,999",Graduate degree,Pacific,Once a month or less,Usually,FALSE,No,FALSE,No,No,No,Somewhat,No,No,The arm rests should be shared,The arm rests should be shared,Everyone in the row should have some say,No,No,More than five times times,TRUE,FALSE,1,0,1,2
63,63,3433766902,Male,18-29,"5'8""",FALSE,"$100,000 - $149,999",Some college or Associate degree,Pacific,Once a month or less,Once in a while,TRUE,Somewhat,FALSE,No,Somewhat,Somewhat,Very,No,Somewhat,The arm rests should be shared,The person in aisle,The person in the window seat should have exclusive control,No,No,Twice,FALSE,FALSE,1,0,2,2
64,64,3433704267,NA,NA,"5'9""",FALSE,NA,NA,NA,Once a year or less,Always,FALSE,No,FALSE,NA,NA,NA,NA,NA,NA,Whoever puts their arm on the arm rest first,Whoever puts their arm on the arm rest first,The person in the window seat should have exclusive control,Somewhat,Somewhat,Twice,NA,NA,NA,14,1,NA
65,65,3433702768,Male,30-44,"5'7""",FALSE,"$0 - $24,999",Bachelor degree,Middle Atlantic,Once a year or less,Once in a while,TRUE,Somewhat,FALSE,No,No,No,Somewhat,No,Somewhat,The arm rests should be shared,The arm rests should be shared,Everyone in the row should have some say,Somewhat,Somewhat,Twice,FALSE,FALSE,1,0,2,2
66,66,3433696677,Male,30-44,"5'9""",FALSE,"$50,000 - $99,999",Bachelor degree,South Atlantic,Once a year or less,Usually,TRUE,No,FALSE,No,No,No,Somewhat,No,Somewhat,The arm rests should be shared,The arm rests should be shared,The person in the window seat should have exclusive control,No,No,Twice,FALSE,FALSE,1,0,1,2
67,67,3433682046,Male,30-44,"5'9""",TRUE,"$100,000 - $149,999",High school degree,Pacific,Once a year or less,Never,TRUE,No,FALSE,No,No,No,Somewhat,No,Somewhat,The arm rests should be shared,The arm rests should be shared,The person in the window seat should have exclusive control,No,No,Twice,FALSE,FALSE,0,0,1,2
68,68,3433675127,Male,30-44,"6'4""",FALSE,"$50,000 - $99,999",Some college or Associate degree,West South Central,Once a year or less,Once in a while,TRUE,No,FALSE,Somewhat,No,Somewhat,Somewhat,Somewhat,Very,The arm rests should be shared,The person in aisle,Everyone in the row should have some say,No,No,Once,TRUE,FALSE,1,0,1,2
69,69,3433674615,Male,30-44,"5'9""",FALSE,"$100,000 - $149,999",Graduate degree,East North Central,Once a month or less,Once in a while,FALSE,No,FALSE,No,No,No,Somewhat,Somewhat,Very,Whoever puts their arm on the arm rest first,Whoever puts their arm on the arm rest first,Everyone in the row should have some say,No,No,Three times,FALSE,FALSE,1,0,1,2
70,70,3433674116,Male,18-29,"5'10""",FALSE,"$0 - $24,999",Bachelor degree,East North Central,Once a year or less,Never,TRUE,Somewhat,TRUE,Somewhat,Somewhat,Somewhat,Very,No,No,The person in the middle seat gets both arm rests,The arm rests should be shared,Everyone in the row should have some say,No,No,Once,FALSE,FALSE,1,0,2,2
71,71,3433673902,Male,18-29,Under 5 ft.,FALSE,"$25,000 - $49,999",Less than high school degree,South Atlantic,Once a year or less,Once in a while,TRUE,Somewhat,FALSE,Somewhat,No,Somewhat,Very,Very,Very,The arm rests should be shared,The arm rests should be shared,Everyone in the row should have some say,No,Somewhat,More than five times times,FALSE,FALSE,0,0,2,2
72,72,3433669889,Male,30-44,NA,NA,"$0 - $24,999",Some college or Associate degree,East South Central,Never,NA,NA,NA,NA,NA,NA,NA,NA,NA,NA,NA,NA,NA,NA,NA,NA,NA,NA,1,20,NA,2
73,73,3433547088,Male,18-29,NA,NA,NA,Some college or Associate degree,Mountain,Never,NA,NA,NA,NA,NA,NA,NA,NA,NA,NA,NA,NA,NA,NA,NA,NA,NA,NA,1,21,NA,2
74,74,3433546426,Male,30-44,"5'7""",TRUE,"$100,000 - $149,999",Graduate degree,West North Central,Once a month or less,Once in a while,TRUE,No,FALSE,No,No,Somewhat,Somewhat,No,Somewhat,The arm rests should be shared,The arm rests should be shared,Everyone in the row should have some say,No,No,Three times,FALSE,FALSE,1,0,1,2
75,75,3433532135,Male,30-44,"6'4""",FALSE,"$0 - $24,999",Bachelor degree,East North Central,Once a year or less,Always,FALSE,Somewhat,TRUE,No,Somewhat,Somewhat,Somewhat,Somewhat,Somewhat,Whoever puts their arm on the arm rest first,Whoever puts their arm on the arm rest first,The person in the window seat should have exclusive control,No,No,Twice,FALSE,FALSE,1,0,2,2
76,76,3433529889,Male,18-29,NA,NA,"$25,000 - $49,999",Some college or Associate degree,Pacific,Never,NA,NA,NA,NA,NA,NA,NA,NA,NA,NA,NA,NA,NA,NA,NA,NA,NA,NA,1,20,NA,2
77,77,3433508090,Male,18-29,"5'8""",FALSE,"$25,000 - $49,999",Some college or Associate degree,Pacific,Once a year or less,Once in a while,TRUE,No,FALSE,No,No,No,Somewhat,No,Somewhat,Whoever puts their arm on the arm rest first,Whoever puts their arm on the arm rest first,The person in the window seat should have exclusive control,No,No,Twice,FALSE,FALSE,1,0,1,2
78,78,3433505616,Male,30-44,"5'7""",FALSE,"$100,000 - $149,999",Bachelor degree,Middle Atlantic,Once a year or less,Never,TRUE,Somewhat,TRUE,No,No,No,No,No,Somewhat,The arm rests should be shared,The arm rests should be shared,Everyone in the row should have some say,No,No,More than five times times,FALSE,FALSE,1,0,2,2
79,79,3433498776,Male,30-44,"5'11""",FALSE,"$100,000 - $149,999",High school degree,South Atlantic,Once a year or less,Usually,FALSE,No,FALSE,Somewhat,Somewhat,No,Somewhat,Somewhat,Very,The arm rests should be shared,The arm rests should be shared,Everyone in the row should have some say,No,No,Three times,FALSE,FALSE,0,0,1,2
80,80,3433491130,Male,18-29,"5'6""",FALSE,"$0 - $24,999",High school degree,West South Central,Once a year or less,Never,TRUE,No,FALSE,No,No,No,No,Somewhat,Very,Other (please specify),The arm rests should be shared,The person in the window seat should have exclusive control,No,No,Three times,TRUE,FALSE,0,0,1,2
81,81,3433481077,Male,30-44,"5'9""",FALSE,NA,High school degree,Middle Atlantic,Once a year or less,Usually,TRUE,Somewhat,TRUE,No,No,Very,Very,Somewhat,Somewhat,The person in the middle seat gets both arm rests,Whoever puts their arm on the arm rest first,The person in the window seat should have exclusive control,Somewhat,Somewhat,Twice,TRUE,FALSE,0,1,2,2
82,82,3433469104,Male,18-29,"5'9""",FALSE,"$0 - $24,999",Bachelor degree,West South Central,Once a year or less,Always,TRUE,No,FALSE,Somewhat,Somewhat,Somewhat,Very,No,No,The arm rests should be shared,The arm rests should be shared,The person in the window seat should have exclusive control,No,No,Twice,FALSE,FALSE,1,0,1,2
83,83,3433455019,Male,30-44,"6'2""",FALSE,"$25,000 - $49,999",Bachelor degree,East North Central,Once a year or less,Usually,FALSE,No,FALSE,No,No,No,Somewhat,No,Somewhat,Other (please specify),Other (please specify),The person in the window seat should have exclusive control,No,No,Three times,TRUE,FALSE,1,0,1,2
84,84,3433451973,Male,30-44,"6'0""",FALSE,"$100,000 - $149,999",Some college or Associate degree,West South Central,Once a year or less,Never,TRUE,Very,TRUE,Somewhat,Somewhat,No,Very,Somewhat,Very,Other (please specify),Other (please specify),The person in the window seat should have exclusive control,Somewhat,Very,Once,FALSE,FALSE,1,0,3,2
85,85,3433444761,Male,30-44,"5'11""",FALSE,NA,Bachelor degree,Pacific,Once a month or less,Once in a while,TRUE,No,FALSE,No,No,No,Somewhat,Somewhat,Very,The arm rests should be shared,The arm rests should be shared,The person in the window seat should have exclusive control,No,No,Three times,FALSE,FALSE,1,1,1,2
86,86,3433443270,Male,30-44,"5'8""",TRUE,NA,Bachelor degree,Pacific,Once a month or less,Never,TRUE,Somewhat,TRUE,No,No,No,No,No,Somewhat,The arm rests should be shared,The arm rests should be shared,The person in the window seat should have exclusive control,No,No,Three times,TRUE,FALSE,1,1,2,2
87,87,3433421347,Male,30-44,"6'2""",TRUE,"$50,000 - $99,999",Graduate degree,Pacific,Once a year or less,Usually,TRUE,No,FALSE,No,No,Somewhat,Somewhat,Somewhat,Very,The arm rests should be shared,The arm rests should be shared,The person in the window seat should have exclusive control,No,No,Three times,FALSE,FALSE,1,0,1,2
88,88,3433413347,Male,45-60,NA,NA,NA,Bachelor degree,South Atlantic,Never,NA,NA,NA,NA,NA,NA,NA,NA,NA,NA,NA,NA,NA,NA,NA,NA,NA,NA,1,21,NA,2
89,89,3433408077,Male,18-29,NA,NA,NA,Some college or Associate degree,South Atlantic,Never,NA,NA,NA,NA,NA,NA,NA,NA,NA,NA,NA,NA,NA,NA,NA,NA,NA,NA,1,21,NA,2
90,90,3433405051,Male,45-60,"6'1""",FALSE,"$50,000 - $99,999",Graduate degree,West South Central,Once a year or less,Once in a while,TRUE,Somewhat,TRUE,No,No,No,Somewhat,Very,Very,The arm rests should be shared,The arm rests should be shared,The person in the window seat should have exclusive control,No,No,Twice,FALSE,FALSE,1,0,2,2
91,91,3433400808,Male,45-60,NA,NA,"$50,000 - $99,999",Some college or Associate degree,Middle Atlantic,Never,NA,NA,NA,NA,NA,NA,NA,NA,NA,NA,NA,NA,NA,NA,NA,NA,NA,NA,1,20,NA,2
92,92,3433400150,Male,30-44,NA,NA,"$50,000 - $99,999",Bachelor degree,West South Central,Never,NA,NA,NA,NA,NA,NA,NA,NA,NA,NA,NA,NA,NA,NA,NA,NA,NA,NA,1,20,NA,2
93,93,3433396155,Male,45-60,NA,NA,"$50,000 - $99,999",Some college or Associate degree,South Atlantic,Never,NA,NA,NA,NA,NA,NA,NA,NA,NA,NA,NA,NA,NA,NA,NA,NA,NA,NA,1,20,NA,2
94,94,3433387742,Male,30-44,"5'10""",FALSE,"$100,000 - $149,999",Bachelor degree,Mountain,Once a month or less,Always,FALSE,No,FALSE,Somewhat,Somewhat,No,Somewhat,No,Somewhat,The arm rests should be shared,The arm rests should be shared,Everyone in the row should have some say,No,No,Twice,FALSE,FALSE,1,0,1,2
95,95,3433383009,Male,45-60,"5'9""",FALSE,"$25,000 - $49,999",Bachelor degree,East North Central,Once a year or less,Always,TRUE,No,FALSE,Somewhat,No,Somewhat,Very,No,Very,The arm rests should be shared,The arm rests should be shared,The person in the window seat should have exclusive control,No,No,Three times,FALSE,FALSE,1,0,1,2
96,96,3433381681,Male,> 60,"5'9""",FALSE,"$50,000 - $99,999",Bachelor degree,East South Central,Once a month or less,Once in a while,TRUE,No,FALSE,No,No,No,Somewhat,No,Very,The arm rests should be shared,The arm rests should be shared,Everyone in the row should have some say,No,No,Three times,FALSE,FALSE,1,0,1,2
97,97,3433379314,Male,> 60,"6'5""",FALSE,"$50,000 - $99,999",Bachelor degree,West North Central,Once a year or less,Never,TRUE,Very,TRUE,No,No,No,No,No,Somewhat,The arm rests should be shared,The arm rests should be shared,The person in the window seat should have exclusive control,No,Somewhat,Three times,FALSE,FALSE,1,0,3,2
98,98,3433372314,Male,> 60,"5'11""",FALSE,"$50,000 - $99,999",Some college or Associate degree,West North Central,Once a year or less,Always,FALSE,No,FALSE,No,No,No,Somewhat,No,No,The arm rests should be shared,The arm rests should be shared,Everyone in the row should have some say,No,No,Three times,FALSE,FALSE,1,0,1,2
99,99,3433370920,Male,30-44,"6'2""",TRUE,"$100,000 - $149,999",Graduate degree,East North Central,Once a year or less,Once in a while,FALSE,Somewhat,FALSE,No,No,No,Very,No,Somewhat,The arm rests should be shared,The arm rests should be shared,Everyone in the row should have some say,No,Somewhat,Once,FALSE,FALSE,1,0,2,2
100,100,3433368700,Male,45-60,"6'2""",FALSE,"$25,000 - $49,999",Some college or Associate degree,South Atlantic,Once a year or less,Once in a while,TRUE,No,FALSE,No,No,No,No,No,Somewhat,The arm rests should be shared,The arm rests should be shared,Everyone in the row should have some say,Somewhat,No,More than five times times,FALSE,FALSE,1,0,1,2
101,101,3433368365,Male,45-60,"5'10""",FALSE,NA,Graduate degree,South Atlantic,Once a month or less,Usually,FALSE,No,FALSE,No,No,Somewhat,Very,No,Very,The arm rests should be shared,The arm rests should be shared,The person in the window seat should have exclusive control,No,Somewhat,Once,FALSE,FALSE,1,1,1,2
102,102,3433366122,Male,30-44,"6'3""",TRUE,"$50,000 - $99,999",Less than high school degree,Mountain,Once a year or less,Always,TRUE,Very,FALSE,Very,Somewhat,Somewhat,Somewhat,Somewhat,Somewhat,The arm rests should be shared,The arm rests should be shared,Everyone in the row should have some say,No,No,Three times,FALSE,FALSE,0,0,3,2
103,103,3433365905,Male,45-60,NA,NA,"$50,000 - $99,999",High school degree,Mountain,Never,NA,NA,NA,NA,NA,NA,NA,NA,NA,NA,NA,NA,NA,NA,NA,NA,NA,NA,0,20,NA,2
104,104,3433365410,Male,> 60,"5'8""",FALSE,NA,Graduate degree,Mountain,Once a year or less,Never,FALSE,No,TRUE,Somewhat,No,No,Somewhat,No,No,The arm rests should be shared,The arm rests should be shared,The person in the window seat should have exclusive control,Somewhat,No,Four times,FALSE,FALSE,1,1,1,2
105,105,3433365207,NA,NA,NA,NA,NA,NA,NA,Once a year or less,NA,NA,NA,NA,NA,NA,NA,NA,NA,NA,NA,NA,NA,NA,NA,NA,NA,NA,NA,26,NA,NA
106,106,3433363377,Male,18-29,NA,NA,"$100,000 - $149,999",Graduate degree,NA,Never,NA,NA,NA,NA,NA,NA,NA,NA,NA,NA,NA,NA,NA,NA,NA,NA,NA,NA,1,21,NA,2
107,107,3433361838,Male,45-60,"6'1""",FALSE,"$50,000 - $99,999",Graduate degree,West South Central,Once a year or less,Once in a while,TRUE,Somewhat,FALSE,No,No,Somewhat,Somewhat,Somewhat,Very,The arm rests should be shared,The arm rests should be shared,The person in the window seat should have exclusive control,No,No,Three times,FALSE,FALSE,1,0,2,2
108,108,3433358233,Male,18-29,NA,NA,"$100,000 - $149,999",Graduate degree,Pacific,Never,NA,NA,NA,NA,NA,NA,NA,NA,NA,NA,NA,NA,NA,NA,NA,NA,NA,NA,1,20,NA,2
109,109,3433356966,Male,45-60,"6'0""",FALSE,NA,Graduate degree,Pacific,Once a year or less,Once in a while,TRUE,Somewhat,FALSE,No,No,No,Somewhat,Somewhat,Very,The arm rests should be shared,The arm rests should be shared,Everyone in the row should have some say,No,No,Three times,FALSE,FALSE,1,1,2,2
110,110,3433355321,Male,18-29,NA,NA,"$0 - $24,999",Some college or Associate degree,East North Central,Never,NA,NA,NA,NA,NA,NA,NA,NA,NA,NA,NA,NA,NA,NA,NA,NA,NA,NA,1,20,NA,2
111,111,3433351077,Male,> 60,"5'8""",FALSE,"$100,000 - $149,999",Some college or Associate degree,West South Central,Once a year or less,About half the time,FALSE,No,FALSE,Somewhat,Somewhat,No,Somewhat,Somewhat,Very,The arm rests should be shared,The arm rests should be shared,Everyone in the row should have some say,No,No,Three times,FALSE,FALSE,1,0,1,2
112,112,3433347213,Male,18-29,NA,NA,"$50,000 - $99,999",Some college or Associate degree,Pacific,Never,NA,NA,NA,NA,NA,NA,NA,NA,NA,NA,NA,NA,NA,NA,NA,NA,NA,NA,1,20,NA,2
113,113,3433343494,Male,> 60,"5'7""",FALSE,"$100,000 - $149,999",Bachelor degree,Mountain,Once a year or less,Once in a while,FALSE,No,FALSE,Somewhat,No,No,No,No,Very,The arm rests should be shared,The arm rests should be shared,The person in the window seat should have exclusive control,No,No,Four times,FALSE,FALSE,1,0,1,2
114,114,3433342645,Male,18-29,"5'9""",FALSE,"$50,000 - $99,999",Some college or Associate degree,South Atlantic,Once a month or less,Never,TRUE,Somewhat,FALSE,No,No,Somewhat,Somewhat,Very,Very,The arm rests should be shared,The arm rests should be shared,The person in the window seat should have exclusive control,No,No,Once,TRUE,FALSE,1,0,2,2
115,115,3433339828,Male,> 60,NA,NA,NA,Some college or Associate degree,Middle Atlantic,Never,NA,NA,NA,NA,NA,NA,NA,NA,NA,NA,NA,NA,NA,NA,NA,NA,NA,NA,1,21,NA,2
116,116,3433339691,Male,> 60,"5'11""",FALSE,NA,Graduate degree,Middle Atlantic,Once a year or less,Once in a while,FALSE,No,TRUE,Somewhat,No,No,Somewhat,No,Very,The people in the aisle and window seats get both arm rests,The arm rests should be shared,Everyone in the row should have some say,No,Somewhat,Three times,FALSE,FALSE,1,1,1,2
117,117,3433339394,Male,45-60,"5'10""",TRUE,"$50,000 - $99,999",Bachelor degree,Pacific,Once a month or less,Never,TRUE,No,FALSE,No,No,No,No,Somewhat,Somewhat,The arm rests should be shared,The arm rests should be shared,Everyone in the row should have some say,No,No,Twice,FALSE,FALSE,1,0,1,2
118,118,3433335323,Male,30-44,"6'4""",FALSE,"$50,000 - $99,999",Some college or Associate degree,Pacific,Once a month or less,Usually,FALSE,Somewhat,FALSE,No,No,Somewhat,Somewhat,Somewhat,Very,The arm rests should be shared,The arm rests should be shared,Everyone in the row should have some say,No,No,Once,FALSE,FALSE,1,0,2,2
119,119,3433334272,Male,> 60,"5'10""",FALSE,NA,Bachelor degree,Pacific,Once a month or less,Once in a while,TRUE,Very,TRUE,No,No,No,Somewhat,Somewhat,Very,The arm rests should be shared,The arm rests should be shared,Everyone in the row should have some say,No,No,Four times,FALSE,FALSE,1,1,3,2
120,120,3433333817,Male,45-60,NA,NA,NA,High school degree,Mountain,Never,NA,NA,NA,NA,NA,NA,NA,NA,NA,NA,NA,NA,NA,NA,NA,NA,NA,NA,0,21,NA,2
121,121,3433332557,Male,> 60,"5'9""",FALSE,NA,Graduate degree,Middle Atlantic,Once a year or less,Never,TRUE,Very,TRUE,Somewhat,No,No,No,Somewhat,Very,The arm rests should be shared,The arm rests should be shared,The person in the window seat should have exclusive control,No,Somewhat,Three times,FALSE,FALSE,1,1,3,2
122,122,3433330676,Male,> 60,NA,NA,NA,Graduate degree,Pacific,Never,NA,NA,NA,NA,NA,NA,NA,NA,NA,NA,NA,NA,NA,NA,NA,NA,NA,NA,1,21,NA,2
123,123,3433329602,Male,30-44,"5'11""",TRUE,"$100,000 - $149,999",Graduate degree,East South Central,Once a year or less,About half the time,TRUE,No,FALSE,No,No,Somewhat,Somewhat,No,No,The people in the aisle and window seats get both arm rests,The arm rests should be shared,The person in the window seat should have exclusive control,No,No,Once,FALSE,FALSE,1,0,1,2
124,124,3433327095,Male,> 60,"5'8""",FALSE,"$100,000 - $149,999",Graduate degree,West North Central,Once a year or less,Usually,TRUE,Somewhat,TRUE,Very,Somewhat,No,No,Somewhat,Very,The arm rests should be shared,The arm rests should be shared,Everyone in the row should have some say,Somewhat,No,Four times,FALSE,FALSE,1,0,2,2
125,125,3433323600,Male,> 60,"5'10""",FALSE,"$25,000 - $49,999",Bachelor degree,East North Central,Once a year or less,Usually,TRUE,No,FALSE,No,No,No,Somewhat,No,Somewhat,Other (please specify),The arm rests should be shared,Everyone in the row should have some say,No,Somewhat,More than five times times,TRUE,FALSE,1,0,1,2
126,126,3433322189,Male,> 60,"5'9""",FALSE,"$100,000 - $149,999",Some college or Associate degree,South Atlantic,Once a year or less,About half the time,TRUE,No,FALSE,No,No,No,No,No,Somewhat,The arm rests should be shared,Whoever puts their arm on the arm rest first,Everyone in the row should have some say,No,No,Three times,FALSE,FALSE,1,0,1,2
127,127,3433321137,Male,45-60,"6'5""",TRUE,"$25,000 - $49,999",Bachelor degree,Pacific,Once a year or less,Always,TRUE,No,TRUE,No,No,No,Somewhat,No,Somewhat,The arm rests should be shared,The arm rests should be shared,The person in the window seat should have exclusive control,No,No,Four times,FALSE,FALSE,1,0,1,2
128,128,3433314320,Male,> 60,"6'1""",FALSE,"$100,000 - $149,999",Some college or Associate degree,Pacific,Once a year or less,Always,FALSE,No,FALSE,No,No,Somewhat,Somewhat,No,Very,The arm rests should be shared,The arm rests should be shared,Everyone in the row should have some say,No,No,Once,TRUE,FALSE,1,0,1,2
129,129,3433313301,Male,45-60,"5'9""",FALSE,"$50,000 - $99,999",Graduate degree,West North Central,Once a year or less,Once in a while,TRUE,Somewhat,TRUE,No,No,No,Very,No,Very,The person in the middle seat gets both arm rests,The person in aisle,Everyone in the row should have some say,Very,No,Three times,FALSE,FALSE,1,0,2,2
130,130,3433312937,Male,30-44,NA,NA,"$25,000 - $49,999",High school degree,East North Central,Never,NA,NA,NA,NA,NA,NA,NA,NA,NA,NA,NA,NA,NA,NA,NA,NA,NA,NA,0,20,NA,2
131,131,3433309728,NA,NA,NA,NA,NA,NA,NA,Once a year or less,NA,NA,NA,NA,NA,NA,NA,NA,NA,NA,NA,NA,NA,NA,NA,NA,NA,NA,NA,26,NA,NA
132,132,3433309493,Female,> 60,NA,NA,"$0 - $24,999",High school degree,Pacific,Never,NA,NA,NA,NA,NA,NA,NA,NA,NA,NA,NA,NA,NA,NA,NA,NA,NA,NA,0,20,NA,1
133,133,3433308627,Female,> 60,"5'4""",FALSE,"$50,000 - $99,999",Graduate degree,East North Central,Once a year or less,Never,TRUE,No,FALSE,No,No,No,Very,No,Very,The arm rests should be shared,The person in aisle,The person in the window seat should have exclusive control,No,Somewhat,Once,FALSE,FALSE,1,0,1,1
134,134,3433307964,Male,18-29,NA,NA,"$0 - $24,999",Some college or Associate degree,West North Central,Never,NA,NA,NA,NA,NA,NA,NA,NA,NA,NA,NA,NA,NA,NA,NA,NA,NA,NA,1,20,NA,2
135,135,3433307757,Female,> 60,"5'5""",FALSE,NA,Graduate degree,Middle Atlantic,Once a year or less,Once in a while,TRUE,No,FALSE,No,No,No,No,No,Somewhat,The arm rests should be shared,The arm rests should be shared,The person in the window seat should have exclusive control,No,No,Three times,FALSE,FALSE,1,1,1,1
136,136,3433307051,Male,45-60,NA,NA,"$50,000 - $99,999",High school degree,East North Central,Never,NA,NA,NA,NA,NA,NA,NA,NA,NA,NA,NA,NA,NA,NA,NA,NA,NA,NA,0,20,NA,2
137,137,3433305065,Female,> 60,Under 5 ft.,FALSE,NA,Graduate degree,Pacific,Once a year or less,Usually,TRUE,No,FALSE,No,No,No,No,No,Somewhat,Other (please specify),Other (please specify),Everyone in the row should have some say,No,No,More than five times times,FALSE,FALSE,1,1,1,1
138,138,3433304709,Female,> 60,"5'6""",FALSE,"$50,000 - $99,999",Graduate degree,East North Central,Once a year or less,Usually,TRUE,No,FALSE,No,No,No,No,Somewhat,Very,The arm rests should be shared,The arm rests should be shared,Everyone in the row should have some say,No,No,Four times,FALSE,FALSE,1,0,1,1
139,139,3433304455,Female,> 60,"5'0""",FALSE,NA,Graduate degree,Middle Atlantic,Once a year or less,Always,TRUE,No,FALSE,No,No,Somewhat,Somewhat,No,Somewhat,The arm rests should be shared,The person by the window,The person in the window seat should have exclusive control,No,No,Three times,FALSE,FALSE,1,1,1,1
140,140,3433303387,Male,> 60,"5'11""",FALSE,NA,Bachelor degree,Mountain,Once a month or less,About half the time,TRUE,Somewhat,TRUE,No,No,No,Somewhat,No,Very,The person in the middle seat gets both arm rests,Other (please specify),The person in the window seat should have exclusive control,No,No,Twice,TRUE,FALSE,1,1,2,2
141,141,3433300838,Female,> 60,"5'6""",FALSE,"$25,000 - $49,999",High school degree,New England,Once a year or less,About half the time,TRUE,Somewhat,FALSE,No,No,Somewhat,Somewhat,No,No,The arm rests should be shared,The arm rests should be shared,The person in the window seat should have exclusive control,Somewhat,No,Three times,FALSE,FALSE,0,0,2,1
142,142,3433300075,Male,> 60,"6'1""",FALSE,"$100,000 - $149,999",Bachelor degree,Middle Atlantic,Once a year or less,Usually,TRUE,No,FALSE,No,No,No,Somewhat,No,Somewhat,The arm rests should be shared,The arm rests should be shared,The person in the window seat should have exclusive control,No,No,Twice,FALSE,FALSE,1,0,1,2
143,143,3433299462,Male,> 60,"5'11""",FALSE,"$50,000 - $99,999",Bachelor degree,West North Central,Once a year or less,Once in a while,TRUE,No,FALSE,Somewhat,Somewhat,Somewhat,Very,No,Somewhat,The arm rests should be shared,The arm rests should be shared,Everyone in the row should have some say,Very,No,Four times,FALSE,FALSE,1,0,1,2
144,144,3433297138,Female,> 60,NA,NA,"$0 - $24,999",Graduate degree,Mountain,Never,NA,NA,NA,NA,NA,NA,NA,NA,NA,NA,NA,NA,NA,NA,NA,NA,NA,NA,1,20,NA,1
145,145,3433294983,Female,> 60,"5'3""",FALSE,"$50,000 - $99,999",Bachelor degree,South Atlantic,Once a year or less,Never,TRUE,Very,TRUE,Very,Very,No,Very,Very,Very,The arm rests should be shared,The arm rests should be shared,The person in the window seat should have exclusive control,No,No,Once,FALSE,FALSE,1,0,3,1
146,146,3433292275,Female,> 60,NA,NA,NA,Bachelor degree,Pacific,Never,NA,NA,NA,NA,NA,NA,NA,NA,NA,NA,NA,NA,NA,NA,NA,NA,NA,NA,1,21,NA,1
147,147,3433292263,Female,> 60,"5'6""",FALSE,"$50,000 - $99,999",Bachelor degree,Pacific,Once a year or less,Usually,FALSE,No,FALSE,No,No,No,Somewhat,No,Very,The person in the middle seat gets both arm rests,The arm rests should be shared,Everyone in the row should have some say,No,Somewhat,More than five times times,FALSE,FALSE,1,0,1,1
148,148,3433292155,Female,> 60,"5'3""",FALSE,NA,Bachelor degree,Middle Atlantic,Once a year or less,Usually,FALSE,No,TRUE,No,No,No,Somewhat,No,Very,The arm rests should be shared,The arm rests should be shared,Everyone in the row should have some say,No,No,Once,FALSE,FALSE,1,1,1,1
149,149,3433292151,Female,> 60,"5'4""",FALSE,"$50,000 - $99,999",Graduate degree,East South Central,Once a month or less,Usually,FALSE,No,FALSE,No,No,No,No,No,Very,The arm rests should be shared,The arm rests should be shared,Everyone in the row should have some say,No,No,Twice,FALSE,FALSE,1,0,1,1
150,150,3433289256,Female,> 60,"5'5""",FALSE,"$50,000 - $99,999",Graduate degree,Pacific,Once a year or less,Usually,TRUE,No,FALSE,No,No,Somewhat,Somewhat,No,Somewhat,The arm rests should be shared,The arm rests should be shared,Everyone in the row should have some say,No,No,More than five times times,FALSE,FALSE,1,0,1,1
151,151,3433285778,Female,> 60,"5'9""",FALSE,NA,Graduate degree,East North Central,Once a month or less,Once in a while,TRUE,Somewhat,TRUE,No,No,Somewhat,Somewhat,No,Somewhat,The arm rests should be shared,The arm rests should be shared,Everyone in the row should have some say,No,Somewhat,Twice,FALSE,FALSE,1,1,2,1
152,152,3433285772,Female,> 60,"5'5""",FALSE,"$25,000 - $49,999",Graduate degree,New England,Once a year or less,Never,TRUE,Very,TRUE,No,No,No,Somewhat,No,Very,The person in the middle seat gets both arm rests,Whoever puts their arm on the arm rest first,The person in the window seat should have exclusive control,No,No,Twice,FALSE,FALSE,1,0,3,1
153,153,3433285767,Male,> 60,"5'6""",FALSE,"$0 - $24,999",High school degree,South Atlantic,Once a year or less,Usually,FALSE,No,TRUE,No,No,Somewhat,Very,Somewhat,Very,The arm rests should be shared,The arm rests should be shared,The person in the window seat should have exclusive control,No,No,Twice,FALSE,FALSE,0,0,1,2
154,154,3433284694,Male,> 60,"5'9""",FALSE,"$50,000 - $99,999",Some college or Associate degree,West North Central,Once a year or less,Usually,FALSE,Somewhat,FALSE,Very,Somewhat,No,Somewhat,No,No,The arm rests should be shared,The person by the window,Everyone in the row should have some say,Somewhat,No,More than five times times,FALSE,FALSE,1,0,2,2
155,155,3433284218,Female,> 60,"5'4""",FALSE,"$25,000 - $49,999",Some college or Associate degree,Pacific,Once a year or less,Usually,TRUE,No,FALSE,Somewhat,Somewhat,Somewhat,Very,No,Somewhat,The arm rests should be shared,The arm rests should be shared,The person in the window seat should have exclusive control,No,No,Twice,FALSE,FALSE,1,0,1,1
156,156,3433282292,Male,> 60,"5'11""",FALSE,"$50,000 - $99,999",Some college or Associate degree,Pacific,Once a year or less,Never,FALSE,No,FALSE,No,No,No,No,No,Somewhat,The arm rests should be shared,The arm rests should be shared,The person in the window seat should have exclusive control,No,No,Three times,FALSE,FALSE,1,0,1,2
157,157,3433282169,Male,> 60,NA,NA,"$0 - $24,999",Bachelor degree,West North Central,Never,NA,NA,NA,NA,NA,NA,NA,NA,NA,NA,NA,NA,NA,NA,NA,NA,NA,NA,1,20,NA,2
158,158,3433281784,Male,> 60,"6'0""",FALSE,"$100,000 - $149,999",Bachelor degree,Pacific,Once a year or less,Always,TRUE,No,FALSE,Somewhat,No,No,Very,No,Somewhat,The arm rests should be shared,The person in aisle,The person in the window seat should have exclusive control,No,No,Twice,FALSE,FALSE,1,0,1,2
159,159,3433280971,Female,> 60,NA,NA,"$0 - $24,999",Bachelor degree,South Atlantic,Never,NA,NA,NA,NA,NA,NA,NA,NA,NA,NA,NA,NA,NA,NA,NA,NA,NA,NA,1,20,NA,1
160,160,3433280373,Male,45-60,NA,NA,"$25,000 - $49,999",Some college or Associate degree,Middle Atlantic,Never,NA,NA,NA,NA,NA,NA,NA,NA,NA,NA,NA,NA,NA,NA,NA,NA,NA,NA,1,20,NA,2
161,161,3433279839,Male,> 60,"5'5""",FALSE,"$25,000 - $49,999",Some college or Associate degree,Pacific,Once a year or less,Once in a while,TRUE,Somewhat,TRUE,No,No,No,Somewhat,Somewhat,Very,The arm rests should be shared,The arm rests should be shared,The person in the window seat should have exclusive control,No,No,Three times,FALSE,FALSE,1,0,2,2
162,162,3433279798,Male,30-44,"6'4""",FALSE,NA,Graduate degree,Pacific,A few times per month,Once in a while,TRUE,Somewhat,TRUE,No,No,No,Somewhat,No,No,The person in the middle seat gets both arm rests,The person in aisle,The person in the window seat should have exclusive control,No,No,Twice,FALSE,FALSE,1,1,2,2
163,163,3433278680,Female,> 60,"5'4""",FALSE,"$100,000 - $149,999",Graduate degree,South Atlantic,A few times per month,Usually,FALSE,No,FALSE,Very,Somewhat,No,No,No,No,The arm rests should be shared,The arm rests should be shared,Everyone in the row should have some say,No,Somewhat,More than five times times,FALSE,FALSE,1,0,1,1
164,164,3433278304,Female,> 60,"5'5""",FALSE,"$25,000 - $49,999",Bachelor degree,Pacific,Once a year or less,Once in a while,TRUE,Somewhat,FALSE,Somewhat,No,No,Somewhat,No,No,The arm rests should be shared,The arm rests should be shared,The person in the window seat should have exclusive control,No,No,Four times,FALSE,FALSE,1,0,2,1
165,165,3433277841,Male,45-60,"6'2""",FALSE,"$50,000 - $99,999",Some college or Associate degree,South Atlantic,Once a year or less,Once in a while,TRUE,Somewhat,FALSE,No,No,Somewhat,Very,Somewhat,Very,The arm rests should be shared,The arm rests should be shared,The person in the window seat should have exclusive control,No,No,It is not okay to get up during flight,FALSE,FALSE,1,0,2,2
166,166,3433275891,Female,> 60,"5'6""",FALSE,"$50,000 - $99,999",High school degree,West South Central,Once a month or less,Once in a while,TRUE,Somewhat,TRUE,No,No,Very,Somewhat,No,Somewhat,The arm rests should be shared,The person in aisle,The person in the window seat should have exclusive control,No,Somewhat,Twice,FALSE,FALSE,0,0,2,1
167,167,3433274937,Female,> 60,"5'4""",FALSE,"$0 - $24,999",Some college or Associate degree,Middle Atlantic,Once a year or less,Never,TRUE,No,FALSE,No,No,Somewhat,Somewhat,No,Somewhat,The arm rests should be shared,The arm rests should be shared,Everyone in the row should have some say,No,No,More than five times times,FALSE,FALSE,1,0,1,1
168,168,3433273649,Female,> 60,"5'5""",FALSE,"$50,000 - $99,999",Graduate degree,Pacific,Once a year or less,Usually,TRUE,No,FALSE,No,No,Somewhat,Very,No,Somewhat,The arm rests should be shared,The arm rests should be shared,Everyone in the row should have some say,No,No,Twice,TRUE,FALSE,1,0,1,1
169,169,3433273447,Male,> 60,NA,NA,NA,Graduate degree,East North Central,Never,NA,NA,NA,NA,NA,NA,NA,NA,NA,NA,NA,NA,NA,NA,NA,NA,NA,NA,1,21,NA,2
170,170,3433273305,Male,30-44,"5'9""",FALSE,"$100,000 - $149,999",Bachelor degree,West North Central,Once a year or less,Once in a while,FALSE,No,FALSE,No,No,No,Somewhat,No,Somewhat,The arm rests should be shared,The arm rests should be shared,The person in the window seat should have exclusive control,Somewhat,No,Twice,FALSE,FALSE,1,0,1,2
171,171,3433270331,Male,45-60,"6'5""",TRUE,"$50,000 - $99,999",Bachelor degree,South Atlantic,A few times per week,Always,FALSE,No,FALSE,No,No,No,No,No,No,Other (please specify),Other (please specify),Everyone in the row should have some say,No,No,More than five times times,TRUE,TRUE,1,0,1,2
172,172,3433269181,Female,> 60,NA,NA,"$25,000 - $49,999",Bachelor degree,South Atlantic,Never,NA,NA,NA,NA,NA,NA,NA,NA,NA,NA,NA,NA,NA,NA,NA,NA,NA,NA,1,20,NA,1
173,173,3433268645,NA,NA,"5'9""",FALSE,NA,NA,NA,Once a month or less,Always,FALSE,No,FALSE,Somewhat,Somewhat,Somewhat,Somewhat,No,Somewhat,The person in the middle seat gets both arm rests,The person in aisle,The person in the window seat should have exclusive control,Very,Somewhat,Three times,FALSE,FALSE,NA,6,1,NA
174,174,3433268138,Male,45-60,"6'0""",FALSE,"$100,000 - $149,999",Graduate degree,West South Central,Once a year or less,Always,FALSE,No,FALSE,No,No,No,Somewhat,Very,Very,The person in the middle seat gets both arm rests,The arm rests should be shared,Everyone in the row should have some say,No,Somewhat,Four times,TRUE,FALSE,1,0,1,2
175,175,3433265290,Male,30-44,"5'10""",TRUE,"$100,000 - $149,999",Graduate degree,Pacific,Once a year or less,Once in a while,FALSE,No,FALSE,No,No,Somewhat,Very,No,No,Whoever puts their arm on the arm rest first,Whoever puts their arm on the arm rest first,The person in the window seat should have exclusive control,No,No,Three times,FALSE,FALSE,1,0,1,2
176,176,3433265138,Female,> 60,"5'3""",FALSE,"$25,000 - $49,999",Bachelor degree,Pacific,Once a year or less,Once in a while,FALSE,No,FALSE,No,No,Somewhat,Somewhat,No,Somewhat,The arm rests should be shared,The arm rests should be shared,Everyone in the row should have some say,No,No,Twice,FALSE,FALSE,1,0,1,1
177,177,3433263834,Female,> 60,NA,NA,"$0 - $24,999",Some college or Associate degree,Pacific,Never,NA,NA,NA,NA,NA,NA,NA,NA,NA,NA,NA,NA,NA,NA,NA,NA,NA,NA,1,20,NA,1
178,178,3433263574,Male,> 60,"6'0""",FALSE,"$50,000 - $99,999",Some college or Associate degree,South Atlantic,Once a year or less,Once in a while,TRUE,No,FALSE,No,No,No,Somewhat,No,Somewhat,The arm rests should be shared,The arm rests should be shared,Everyone in the row should have some say,No,No,More than five times times,FALSE,FALSE,1,0,1,2
179,179,3433262682,Female,> 60,"5'6""",FALSE,NA,Some college or Associate degree,South Atlantic,Once a year or less,About half the time,FALSE,No,FALSE,Somewhat,Somewhat,No,Somewhat,No,Very,The arm rests should be shared,The arm rests should be shared,The person in the window seat should have exclusive control,Somewhat,No,Three times,FALSE,FALSE,1,1,1,1
180,180,3433262269,Male,45-60,"5'9""",FALSE,"$25,000 - $49,999",Some college or Associate degree,Middle Atlantic,Once a month or less,Always,FALSE,No,FALSE,Somewhat,Somewhat,No,Somewhat,No,Somewhat,The person in the middle seat gets both arm rests,The person in aisle,The person in the window seat should have exclusive control,Somewhat,Somewhat,Three times,FALSE,FALSE,1,0,1,2
181,181,3433261318,Male,> 60,"6'3""",FALSE,"$25,000 - $49,999",Bachelor degree,East North Central,Once a year or less,Always,TRUE,No,FALSE,Somewhat,No,No,Somewhat,Somewhat,Very,The arm rests should be shared,The arm rests should be shared,Everyone in the row should have some say,No,No,Three times,FALSE,FALSE,1,0,1,2
182,182,3433260894,Male,> 60,"5'11""",FALSE,NA,Graduate degree,West North Central,Once a year or less,Usually,TRUE,No,TRUE,Somewhat,No,No,Somewhat,No,Somewhat,The arm rests should be shared,The arm rests should be shared,Everyone in the row should have some say,Somewhat,Somewhat,Twice,FALSE,FALSE,1,1,1,2
183,183,3433260889,Female,> 60,"5'6""",FALSE,NA,Bachelor degree,East North Central,Once a month or less,About half the time,TRUE,No,FALSE,Somewhat,Somewhat,No,No,No,Somewhat,The arm rests should be shared,The arm rests should be shared,Everyone in the row should have some say,No,No,Three times,FALSE,FALSE,1,1,1,1
184,184,3433260449,Male,45-60,"6'5""",FALSE,NA,Bachelor degree,Pacific,Once a year or less,Once in a while,TRUE,Somewhat,TRUE,No,No,No,Somewhat,No,Somewhat,The arm rests should be shared,The arm rests should be shared,Everyone in the row should have some say,No,Somewhat,Three times,FALSE,FALSE,1,1,2,2
185,185,3433260241,Female,30-44,"5'4""",FALSE,NA,Bachelor degree,West South Central,Once a year or less,Never,TRUE,No,TRUE,Somewhat,No,No,No,No,Very,The arm rests should be shared,The arm rests should be shared,Everyone in the row should have some say,No,No,Three times,FALSE,FALSE,1,1,1,1
186,186,3433259149,Female,30-44,Under 5 ft.,TRUE,"$0 - $24,999",Graduate degree,South Atlantic,Once a year or less,About half the time,TRUE,No,FALSE,No,No,No,Somewhat,No,No,The arm rests should be shared,The arm rests should be shared,The person in the window seat should have exclusive control,Somewhat,Somewhat,Once,FALSE,FALSE,1,0,1,1
187,187,3433259146,Female,> 60,"5'1""",FALSE,"$25,000 - $49,999",Bachelor degree,West North Central,Once a year or less,Once in a while,TRUE,Somewhat,TRUE,Somewhat,No,No,Somewhat,No,Somewhat,The arm rests should be shared,The arm rests should be shared,The person in the window seat should have exclusive control,Somewhat,No,Three times,FALSE,FALSE,1,0,2,1
188,188,3433258577,Female,30-44,"5'8""",TRUE,"$100,000 - $149,999",Bachelor degree,South Atlantic,A few times per month,Always,TRUE,No,FALSE,No,No,No,Somewhat,No,Somewhat,Whoever puts their arm on the arm rest first,Whoever puts their arm on the arm rest first,The person in the window seat should have exclusive control,No,No,Once,FALSE,FALSE,1,0,1,1
189,189,3433258429,Female,30-44,NA,NA,"$50,000 - $99,999",Some college or Associate degree,New England,Never,NA,NA,NA,NA,NA,NA,NA,NA,NA,NA,NA,NA,NA,NA,NA,NA,NA,NA,1,20,NA,1
190,190,3433257810,NA,NA,NA,NA,NA,NA,NA,Once a year or less,NA,NA,NA,NA,NA,NA,NA,NA,NA,NA,NA,NA,NA,NA,NA,NA,NA,NA,NA,26,NA,NA
191,191,3433256501,Female,> 60,"5'2""",FALSE,NA,Graduate degree,East North Central,Once a month or less,Once in a while,TRUE,No,FALSE,No,No,No,No,No,Somewhat,The person in the middle seat gets both arm rests,Whoever puts their arm on the arm rest first,Everyone in the row should have some say,No,No,More than five times times,FALSE,FALSE,1,1,1,1
192,192,3433256432,Female,30-44,"5'5""",FALSE,"$50,000 - $99,999",Bachelor degree,South Atlantic,Once a year or less,Never,TRUE,Somewhat,FALSE,Somewhat,Somewhat,No,Very,Somewhat,Very,The arm rests should be shared,The arm rests should be shared,The person in the window seat should have exclusive control,Somewhat,Somewhat,Four times,FALSE,FALSE,1,0,2,1
193,193,3433254127,Female,30-44,"6'6"" and above",TRUE,NA,NA,Pacific,Every day,Always,TRUE,Very,TRUE,Very,Very,Very,Very,Very,Very,Other (please specify),Other (please specify),The person in the window seat should have exclusive control,Very,Very,It is not okay to get up during flight,TRUE,TRUE,NA,3,3,1
194,194,3433254063,Female,30-44,"5'5""",FALSE,"$25,000 - $49,999",Graduate degree,Middle Atlantic,Once a year or less,Once in a while,TRUE,Somewhat,FALSE,No,No,No,Somewhat,No,No,The arm rests should be shared,The arm rests should be shared,The person in the window seat should have exclusive control,No,Somewhat,Three times,FALSE,FALSE,1,0,2,1
195,195,3433253031,Female,30-44,Under 5 ft.,TRUE,"$50,000 - $99,999",Some college or Associate degree,West North Central,Once a month or less,Always,TRUE,No,FALSE,Very,No,No,No,No,No,The arm rests should be shared,The arm rests should be shared,The person in the window seat should have exclusive control,No,No,More than five times times,FALSE,FALSE,1,0,1,1
196,196,3433252843,Male,> 60,"6'1""",FALSE,NA,Graduate degree,West North Central,Once a year or less,Never,TRUE,Somewhat,TRUE,No,No,No,Somewhat,No,Somewhat,The arm rests should be shared,The arm rests should be shared,Everyone in the row should have some say,No,No,Four times,FALSE,FALSE,1,1,2,2
197,197,3433251770,Female,30-44,"5'5""",TRUE,"$0 - $24,999",Graduate degree,Middle Atlantic,Once a year or less,Once in a while,TRUE,Somewhat,TRUE,No,No,Somewhat,Somewhat,No,No,The arm rests should be shared,The arm rests should be shared,Everyone in the row should have some say,No,No,More than five times times,FALSE,FALSE,1,0,2,1
198,198,3433250869,Male,30-44,"5'3""",FALSE,"$25,000 - $49,999",Less than high school degree,Middle Atlantic,Once a month or less,About half the time,TRUE,Somewhat,FALSE,No,No,No,Somewhat,Somewhat,Very,The arm rests should be shared,The person by the window,Everyone in the row should have some say,No,No,Three times,TRUE,FALSE,0,0,2,2
199,199,3433249096,Female,30-44,"5'4""",FALSE,"$0 - $24,999",Bachelor degree,Mountain,Once a year or less,Usually,FALSE,No,FALSE,No,No,No,Somewhat,Very,Very,The arm rests should be shared,The arm rests should be shared,The person in the window seat should have exclusive control,No,Very,Four times,FALSE,FALSE,1,0,1,1
200,200,3433246146,Female,> 60,"5'6""",FALSE,"$100,000 - $149,999",Some college or Associate degree,South Atlantic,Once a year or less,Usually,FALSE,Somewhat,TRUE,No,No,No,Somewhat,No,Somewhat,The arm rests should be shared,The arm rests should be shared,Everyone in the row should have some say,No,No,Twice,FALSE,FALSE,1,0,2,1
201,201,3433244090,Female,30-44,NA,NA,"$25,000 - $49,999",Graduate degree,South Atlantic,Never,NA,NA,NA,NA,NA,NA,NA,NA,NA,NA,NA,NA,NA,NA,NA,NA,NA,NA,1,20,NA,1
202,202,3433241823,Female,30-44,"5'3""",FALSE,NA,High school degree,East North Central,Once a year or less,Never,FALSE,Very,FALSE,Very,No,Very,Very,No,No,The people in the aisle and window seats get both arm rests,Whoever puts their arm on the arm rest first,Everyone in the row should have some say,Very,Very,Once,TRUE,FALSE,0,1,3,1
203,203,3433240354,Male,45-60,"5'11""",TRUE,"$100,000 - $149,999",Graduate degree,West South Central,A few times per month,Never,TRUE,Very,TRUE,Somewhat,No,No,Somewhat,No,Somewhat,The person in the middle seat gets both arm rests,The person by the window,Everyone in the row should have some say,No,No,Three times,FALSE,FALSE,1,0,3,2
204,204,3433238615,Male,> 60,"5'9""",FALSE,"$50,000 - $99,999",Some college or Associate degree,South Atlantic,Once a month or less,Usually,FALSE,No,FALSE,Somewhat,Somewhat,No,Somewhat,No,Very,The person in the middle seat gets both arm rests,The arm rests should be shared,The person in the window seat should have exclusive control,No,No,Once,FALSE,FALSE,1,0,1,2
205,205,3433238383,Male,> 60,"5'11""",FALSE,NA,Graduate degree,NA,Once a year or less,Once in a while,TRUE,Somewhat,TRUE,No,No,Somewhat,Somewhat,No,Somewhat,The arm rests should be shared,The arm rests should be shared,The person in the window seat should have exclusive control,Somewhat,No,Twice,FALSE,FALSE,1,2,2,2
206,206,3433237336,Female,30-44,"5'3""",FALSE,"$25,000 - $49,999",Graduate degree,Pacific,Once a year or less,About half the time,TRUE,No,FALSE,No,No,No,No,No,No,The arm rests should be shared,The arm rests should be shared,Everyone in the row should have some say,No,No,Three times,FALSE,FALSE,1,0,1,1
207,207,3433235280,Male,30-44,"5'11""",FALSE,"$50,000 - $99,999",Some college or Associate degree,West South Central,Once a year or less,Once in a while,FALSE,No,FALSE,No,No,No,Somewhat,No,Somewhat,The arm rests should be shared,The arm rests should be shared,Everyone in the row should have some say,No,No,Twice,FALSE,FALSE,1,0,1,2
208,208,3433234647,Male,45-60,NA,NA,"$0 - $24,999",Some college or Associate degree,East North Central,Never,NA,NA,NA,NA,NA,NA,NA,NA,NA,NA,NA,NA,NA,NA,NA,NA,NA,NA,1,20,NA,2
209,209,3433234161,Male,30-44,"5'5""",FALSE,"$0 - $24,999",Bachelor degree,Pacific,Once a year or less,Once in a while,FALSE,No,FALSE,Very,Very,Very,Very,Somewhat,Very,The arm rests should be shared,Other (please specify),The person in the window seat should have exclusive control,No,Somewhat,Once,FALSE,FALSE,1,0,1,2
210,210,3433227282,Male,45-60,"5'9""",FALSE,NA,Graduate degree,Mountain,Once a year or less,Once in a while,TRUE,Somewhat,FALSE,Somewhat,Somewhat,Somewhat,Somewhat,No,Somewhat,Whoever puts their arm on the arm rest first,Whoever puts their arm on the arm rest first,Everyone in the row should have some say,No,No,Twice,TRUE,FALSE,1,1,2,2
211,211,3433227239,Female,> 60,"5'8""",FALSE,"$50,000 - $99,999",High school degree,South Atlantic,Once a year or less,Never,TRUE,Somewhat,TRUE,Somewhat,No,No,Somewhat,No,Somewhat,The arm rests should be shared,The arm rests should be shared,Everyone in the row should have some say,No,No,Twice,FALSE,FALSE,0,0,2,1
212,212,3433225123,Male,18-29,"6'0""",FALSE,"$0 - $24,999",Some college or Associate degree,West South Central,Once a month or less,Usually,FALSE,No,FALSE,No,No,No,Somewhat,No,Somewhat,The arm rests should be shared,The arm rests should be shared,The person in the window seat should have exclusive control,Somewhat,No,More than five times times,TRUE,FALSE,1,0,1,2
213,213,3433225120,Female,30-44,"5'3""",FALSE,NA,Graduate degree,NA,Once a year or less,About half the time,FALSE,No,FALSE,No,No,No,Somewhat,No,Somewhat,The arm rests should be shared,The arm rests should be shared,Everyone in the row should have some say,No,No,Three times,FALSE,FALSE,1,2,1,1
214,214,3433221584,Female,> 60,"5'7""",TRUE,NA,Graduate degree,Pacific,Once a month or less,Usually,TRUE,Somewhat,FALSE,Somewhat,Somewhat,Somewhat,Somewhat,No,Somewhat,The arm rests should be shared,The arm rests should be shared,Everyone in the row should have some say,No,No,Three times,FALSE,FALSE,1,1,2,1
215,215,3433219834,Female,30-44,"5'4""",TRUE,"$50,000 - $99,999",Bachelor degree,West North Central,Once a year or less,Once in a while,FALSE,No,FALSE,Somewhat,Somewhat,Somewhat,Somewhat,No,Somewhat,The arm rests should be shared,The person by the window,The person in the window seat should have exclusive control,No,No,Four times,FALSE,FALSE,1,0,1,1
216,216,3433219750,Female,30-44,"5'1""",FALSE,NA,Graduate degree,New England,Once a year or less,Usually,FALSE,No,FALSE,No,No,No,Somewhat,No,Somewhat,The arm rests should be shared,The arm rests should be shared,Everyone in the row should have some say,No,No,Four times,FALSE,FALSE,1,1,1,1
217,217,3433219337,Female,30-44,"5'7""",FALSE,"$50,000 - $99,999",Some college or Associate degree,East North Central,Once a month or less,Never,TRUE,Very,TRUE,No,No,No,No,No,Somewhat,The arm rests should be shared,The person in aisle,Everyone in the row should have some say,Somewhat,Somewhat,Once,TRUE,FALSE,1,0,3,1
218,218,3433219199,Male,30-44,"5'11""",TRUE,"$100,000 - $149,999",Bachelor degree,Pacific,Once a year or less,About half the time,FALSE,Somewhat,FALSE,No,No,Somewhat,Very,No,No,Other (please specify),Other (please specify),The person in the window seat should have exclusive control,No,No,Three times,FALSE,FALSE,1,0,2,2
219,219,3433219186,Male,45-60,"6'4""",TRUE,"$50,000 - $99,999",Bachelor degree,Pacific,Once a year or less,Once in a while,TRUE,No,FALSE,No,No,No,Somewhat,No,Somewhat,The arm rests should be shared,Whoever puts their arm on the arm rest first,The person in the window seat should have exclusive control,Very,No,Twice,FALSE,FALSE,1,0,1,2
220,220,3433218213,Male,> 60,NA,NA,"$25,000 - $49,999",Bachelor degree,South Atlantic,Never,NA,NA,NA,NA,NA,NA,NA,NA,NA,NA,NA,NA,NA,NA,NA,NA,NA,NA,1,20,NA,2
221,221,3433213189,Female,30-44,"5'2""",FALSE,"$50,000 - $99,999",Some college or Associate degree,Pacific,Once a year or less,Never,TRUE,Somewhat,TRUE,Somewhat,Somewhat,Somewhat,Very,Very,Very,The arm rests should be shared,The arm rests should be shared,Everyone in the row should have some say,No,No,Three times,FALSE,FALSE,1,0,2,1
222,222,3433212442,Male,18-29,"6'2""",FALSE,NA,High school degree,South Atlantic,Once a year or less,Never,TRUE,Somewhat,FALSE,Somewhat,Somewhat,Very,Very,Somewhat,Somewhat,The people in the aisle and window seats get both arm rests,The person in aisle,Everyone in the row should have some say,No,No,Three times,FALSE,FALSE,0,1,2,2
223,223,3433212352,Female,> 60,"5'3""",FALSE,NA,Bachelor degree,Pacific,Once a year or less,Once in a while,TRUE,Somewhat,FALSE,Somewhat,Somewhat,Somewhat,Very,Very,Very,The arm rests should be shared,The arm rests should be shared,Everyone in the row should have some say,No,Somewhat,Once,FALSE,FALSE,1,1,2,1
224,224,3433212324,Male,45-60,"6'1""",FALSE,"$50,000 - $99,999",Bachelor degree,South Atlantic,Once a year or less,Usually,TRUE,No,FALSE,No,No,Somewhat,Somewhat,No,No,The arm rests should be shared,The arm rests should be shared,Everyone in the row should have some say,No,No,More than five times times,FALSE,FALSE,1,0,1,2
225,225,3433210555,Female,30-44,"5'3""",FALSE,"$50,000 - $99,999",Some college or Associate degree,Pacific,Once a year or less,Always,FALSE,No,FALSE,No,No,Somewhat,Very,No,Somewhat,The person in the middle seat gets both arm rests,The arm rests should be shared,Everyone in the row should have some say,No,No,Twice,FALSE,FALSE,1,0,1,1
226,226,3433209371,Male,30-44,"5'8""",TRUE,"$50,000 - $99,999",Some college or Associate degree,Mountain,Once a year or less,Always,FALSE,No,FALSE,No,No,No,Somewhat,Very,Very,Whoever puts their arm on the arm rest first,Whoever puts their arm on the arm rest first,The person in the window seat should have exclusive control,No,Somewhat,Three times,FALSE,FALSE,1,0,1,2
227,227,3433207203,NA,NA,"6'1""",FALSE,NA,NA,NA,Once a year or less,Always,FALSE,No,FALSE,No,No,No,Somewhat,Somewhat,Very,The arm rests should be shared,The arm rests should be shared,Everyone in the row should have some say,No,No,Three times,FALSE,FALSE,NA,6,1,NA
228,228,3433206921,Female,30-44,Under 5 ft.,FALSE,"$50,000 - $99,999",Bachelor degree,Middle Atlantic,Once a year or less,Always,FALSE,No,FALSE,Somewhat,Very,Somewhat,Very,Somewhat,Somewhat,The arm rests should be shared,Whoever puts their arm on the arm rest first,The person in the window seat should have exclusive control,Very,No,Twice,FALSE,FALSE,1,0,1,1
229,229,3433204206,Male,> 60,"5'7""",FALSE,NA,Graduate degree,West South Central,Once a year or less,About half the time,FALSE,No,FALSE,Somewhat,No,No,No,Somewhat,Very,The arm rests should be shared,The arm rests should be shared,The person in the window seat should have exclusive control,No,No,More than five times times,FALSE,FALSE,1,1,1,2
230,230,3433203817,Female,> 60,"5'4""",FALSE,NA,Bachelor degree,East South Central,Once a year or less,Always,TRUE,No,FALSE,No,No,Somewhat,Somewhat,No,Very,The arm rests should be shared,The arm rests should be shared,The person in the window seat should have exclusive control,No,Somewhat,Three times,FALSE,FALSE,1,1,1,1
231,231,3433203775,Female,30-44,"5'7""",TRUE,"$0 - $24,999",Some college or Associate degree,South Atlantic,Once a year or less,About half the time,FALSE,No,FALSE,No,No,No,No,No,Somewhat,Whoever puts their arm on the arm rest first,Whoever puts their arm on the arm rest first,The person in the window seat should have exclusive control,No,No,Three times,FALSE,FALSE,1,0,1,1
232,232,3433203355,Male,> 60,NA,NA,"$50,000 - $99,999",Bachelor degree,Mountain,Never,NA,NA,NA,NA,NA,NA,NA,NA,NA,NA,NA,NA,NA,NA,NA,NA,NA,NA,1,20,NA,2
233,233,3433202893,Female,> 60,"5'6""",FALSE,"$50,000 - $99,999",Graduate degree,West South Central,Once a month or less,About half the time,TRUE,No,FALSE,No,No,No,No,No,No,The person in the middle seat gets both arm rests,The arm rests should be shared,Everyone in the row should have some say,No,No,Three times,FALSE,FALSE,1,0,1,1
234,234,3433202043,Male,> 60,"6'1""",FALSE,"$50,000 - $99,999",Some college or Associate degree,Middle Atlantic,Once a year or less,Always,FALSE,No,FALSE,No,No,No,Somewhat,Somewhat,Very,The arm rests should be shared,The arm rests should be shared,Everyone in the row should have some say,No,No,Three times,FALSE,FALSE,1,0,1,2
235,235,3433197818,Female,> 60,NA,NA,"$100,000 - $149,999",High school degree,NA,Never,NA,NA,NA,NA,NA,NA,NA,NA,NA,NA,NA,NA,NA,NA,NA,NA,NA,NA,0,21,NA,1
236,236,3433195418,Male,45-60,"6'0""",TRUE,NA,Bachelor degree,Middle Atlantic,Once a month or less,About half the time,TRUE,No,FALSE,Somewhat,No,No,No,No,Somewhat,The arm rests should be shared,The arm rests should be shared,The person in the window seat should have exclusive control,Somewhat,Somewhat,Three times,FALSE,FALSE,1,1,1,2
237,237,3433194100,NA,NA,NA,NA,NA,NA,NA,Once a year or less,NA,NA,NA,NA,NA,NA,NA,NA,NA,NA,NA,NA,NA,NA,NA,NA,NA,NA,NA,26,NA,NA
238,238,3433191468,Female,> 60,"5'6""",FALSE,"$0 - $24,999",Some college or Associate degree,Middle Atlantic,Once a year or less,Usually,FALSE,No,FALSE,No,No,No,No,No,Very,The arm rests should be shared,The arm rests should be shared,Everyone in the row should have some say,No,No,Three times,FALSE,FALSE,1,0,1,1
239,239,3433189481,Female,> 60,NA,NA,"$0 - $24,999",High school degree,Middle Atlantic,Never,NA,NA,NA,NA,NA,NA,NA,NA,NA,NA,NA,NA,NA,NA,NA,NA,NA,NA,0,20,NA,1
240,240,3433186047,Male,> 60,"5'10""",FALSE,"$50,000 - $99,999",Bachelor degree,Mountain,Once a year or less,Usually,TRUE,No,FALSE,No,No,No,No,No,Very,The arm rests should be shared,The arm rests should be shared,Everyone in the row should have some say,No,Somewhat,More than five times times,FALSE,FALSE,1,0,1,2
241,241,3433185242,Female,> 60,"5'10""",FALSE,"$50,000 - $99,999",Some college or Associate degree,Pacific,Once a year or less,Once in a while,TRUE,No,FALSE,No,No,No,No,No,Very,The arm rests should be shared,The arm rests should be shared,The person in the window seat should have exclusive control,Very,No,Twice,FALSE,FALSE,1,0,1,1
242,242,3433184541,Male,> 60,"6'2""",NA,"$50,000 - $99,999",Bachelor degree,East North Central,Once a month or less,Never,FALSE,Very,FALSE,No,No,No,Very,Very,Somewhat,The arm rests should be shared,The person by the window,Everyone in the row should have some say,No,No,More than five times times,FALSE,FALSE,1,1,3,2
243,243,3433184499,Female,30-44,"5'4""",FALSE,"$50,000 - $99,999",Bachelor degree,South Atlantic,Once a year or less,Always,FALSE,No,FALSE,No,No,Very,Very,No,Very,The arm rests should be shared,The arm rests should be shared,Everyone in the row should have some say,No,No,Four times,FALSE,FALSE,1,0,1,1
244,244,3433183494,Male,> 60,"6'4""",FALSE,"$50,000 - $99,999",Some college or Associate degree,East North Central,Once a year or less,Usually,TRUE,No,TRUE,No,No,No,No,No,Somewhat,The arm rests should be shared,The arm rests should be shared,Everyone in the row should have some say,No,No,Three times,FALSE,FALSE,1,0,1,2
245,245,3433183371,Male,> 60,NA,NA,NA,Graduate degree,South Atlantic,Never,NA,NA,NA,NA,NA,NA,NA,NA,NA,NA,NA,NA,NA,NA,NA,NA,NA,NA,1,21,NA,2
246,246,3433182349,Female,> 60,"5'8""",FALSE,"$100,000 - $149,999",Graduate degree,Middle Atlantic,Once a month or less,Usually,TRUE,Somewhat,FALSE,No,No,Somewhat,Very,No,Somewhat,The arm rests should be shared,The arm rests should be shared,Everyone in the row should have some say,No,No,Twice,FALSE,FALSE,1,0,2,1
247,247,3433181353,NA,NA,NA,NA,NA,NA,NA,Once a year or less,NA,NA,NA,NA,NA,NA,NA,NA,NA,NA,NA,NA,NA,NA,NA,NA,NA,NA,NA,26,NA,NA
248,248,3433180795,Male,30-44,"5'6""",TRUE,"$50,000 - $99,999",NA,New England,Once a month or less,Once in a while,TRUE,Somewhat,FALSE,Somewhat,No,No,Somewhat,No,Somewhat,The arm rests should be shared,The person in aisle,The person in the window seat should have exclusive control,No,No,Three times,TRUE,FALSE,NA,2,2,2
249,249,3433178932,Female,> 60,"5'3""",TRUE,"$50,000 - $99,999",Graduate degree,Mountain,Once a year or less,Once in a while,TRUE,Somewhat,TRUE,No,No,No,No,No,No,The arm rests should be shared,The arm rests should be shared,Everyone in the row should have some say,No,No,Twice,FALSE,FALSE,1,0,2,1
250,250,3433175909,Female,30-44,"5'6""",TRUE,"$50,000 - $99,999",Graduate degree,Pacific,Once a year or less,Usually,TRUE,No,FALSE,No,No,Somewhat,Somewhat,No,Somewhat,The arm rests should be shared,The arm rests should be shared,Everyone in the row should have some say,No,Somewhat,Three times,FALSE,FALSE,1,0,1,1
251,251,3433174882,Male,> 60,"5'10""",FALSE,"$50,000 - $99,999",Bachelor degree,East North Central,Once a year or less,Once in a while,TRUE,No,FALSE,No,No,No,Very,No,Somewhat,The arm rests should be shared,The arm rests should be shared,Everyone in the row should have some say,No,No,Three times,FALSE,FALSE,1,0,1,2
252,252,3433173989,NA,NA,NA,NA,NA,NA,NA,Never,NA,NA,NA,NA,NA,NA,NA,NA,NA,NA,NA,NA,NA,NA,NA,NA,NA,NA,NA,26,NA,NA
253,253,3433173622,Female,> 60,NA,NA,"$25,000 - $49,999",Some college or Associate degree,Middle Atlantic,Never,NA,NA,NA,NA,NA,NA,NA,NA,NA,NA,NA,NA,NA,NA,NA,NA,NA,NA,1,20,NA,1
254,254,3433169661,Male,18-29,"5'8""",FALSE,NA,Some college or Associate degree,South Atlantic,Once a month or less,About half the time,FALSE,No,FALSE,No,No,Somewhat,Somewhat,No,Very,The person in the middle seat gets both arm rests,The arm rests should be shared,The person in the window seat should have exclusive control,No,No,Three times,TRUE,FALSE,1,1,1,2
255,255,3433169369,Male,> 60,"5'7""",FALSE,"$50,000 - $99,999",Graduate degree,Pacific,Once a year or less,Usually,TRUE,No,FALSE,Somewhat,Somewhat,Somewhat,Very,No,Very,The arm rests should be shared,The arm rests should be shared,Everyone in the row should have some say,No,No,Twice,FALSE,FALSE,1,0,1,2
256,256,3433167815,Male,> 60,"6'0""",FALSE,"$50,000 - $99,999",Bachelor degree,West South Central,Once a year or less,Usually,TRUE,No,FALSE,No,No,No,No,No,Somewhat,The arm rests should be shared,The arm rests should be shared,The person in the window seat should have exclusive control,No,No,Three times,FALSE,FALSE,1,0,1,2
257,257,3433166875,Male,30-44,"5'11""",TRUE,"$50,000 - $99,999",Graduate degree,Pacific,Once a year or less,Once in a while,FALSE,No,FALSE,No,No,Somewhat,Somewhat,No,No,The arm rests should be shared,The arm rests should be shared,Everyone in the row should have some say,No,No,Three times,TRUE,FALSE,1,0,1,2
258,258,3433166173,Female,> 60,NA,NA,NA,High school degree,South Atlantic,Never,NA,NA,NA,NA,NA,NA,NA,NA,NA,NA,NA,NA,NA,NA,NA,NA,NA,NA,0,21,NA,1
259,259,3433154896,Female,30-44,Under 5 ft.,FALSE,"$0 - $24,999",Some college or Associate degree,East North Central,Once a year or less,About half the time,FALSE,No,FALSE,No,No,Somewhat,Very,Somewhat,Somewhat,The arm rests should be shared,The arm rests should be shared,The person in the window seat should have exclusive control,No,No,Twice,TRUE,FALSE,1,0,1,1
260,260,3433154561,Male,> 60,"5'8""",FALSE,"$50,000 - $99,999",Bachelor degree,South Atlantic,Once a year or less,Usually,FALSE,No,FALSE,No,No,Somewhat,Somewhat,Very,Very,The arm rests should be shared,The arm rests should be shared,Everyone in the row should have some say,Somewhat,Somewhat,Three times,FALSE,FALSE,1,0,1,2
261,261,3433152440,Female,> 60,"5'5""",FALSE,"$25,000 - $49,999",Graduate degree,Middle Atlantic,Once a year or less,Always,TRUE,No,FALSE,No,No,No,Very,No,No,The arm rests should be shared,The arm rests should be shared,Everyone in the row should have some say,No,No,Twice,FALSE,FALSE,1,0,1,1
262,262,3433152270,Male,45-60,"5'7""",TRUE,NA,Bachelor degree,Pacific,Once a year or less,Always,FALSE,No,FALSE,No,No,No,No,No,Somewhat,The person in the middle seat gets both arm rests,The arm rests should be shared,The person in the window seat should have exclusive control,No,No,Twice,FALSE,FALSE,1,1,1,2
263,263,3433151150,Female,> 60,"5'10""",FALSE,"$50,000 - $99,999",Bachelor degree,West North Central,Once a year or less,Once in a while,TRUE,No,FALSE,No,No,Somewhat,Somewhat,No,Somewhat,The arm rests should be shared,The arm rests should be shared,Everyone in the row should have some say,No,No,Three times,FALSE,FALSE,1,0,1,1
264,264,3433147945,Female,> 60,"5'6""",FALSE,"$100,000 - $149,999",Some college or Associate degree,South Atlantic,Once a year or less,Never,TRUE,No,TRUE,No,No,No,No,No,No,The arm rests should be shared,Whoever puts their arm on the arm rest first,Everyone in the row should have some say,No,No,Once,FALSE,FALSE,1,0,1,1
265,265,3433142536,Female,30-44,"5'6""",FALSE,NA,Graduate degree,Middle Atlantic,Once a year or less,About half the time,TRUE,Somewhat,FALSE,Somewhat,Somewhat,Somewhat,Somewhat,Very,Very,The person in the middle seat gets both arm rests,The arm rests should be shared,The person in the window seat should have exclusive control,No,No,Twice,FALSE,FALSE,1,1,2,1
266,266,3433138607,Female,30-44,"5'10""",FALSE,NA,Bachelor degree,East North Central,Once a year or less,Always,TRUE,No,FALSE,No,No,No,No,No,Somewhat,The person in the middle seat gets both arm rests,The arm rests should be shared,Everyone in the row should have some say,No,Somewhat,More than five times times,FALSE,FALSE,1,1,1,1
267,267,3433136902,Female,30-44,"5'4""",TRUE,"$50,000 - $99,999",High school degree,East South Central,Once a year or less,Once in a while,TRUE,Somewhat,FALSE,No,No,No,Somewhat,Somewhat,Somewhat,The arm rests should be shared,The arm rests should be shared,Everyone in the row should have some say,No,Somewhat,Once,FALSE,FALSE,0,0,2,1
268,268,3433134491,Female,30-44,"5'6""",TRUE,"$50,000 - $99,999",High school degree,Mountain,Once a year or less,Once in a while,TRUE,No,FALSE,Somewhat,Somewhat,No,Somewhat,No,Very,The person in the middle seat gets both arm rests,The person in aisle,The person in the window seat should have exclusive control,No,No,Twice,TRUE,FALSE,0,0,1,1
269,269,3433134128,Female,> 60,"5'0""",FALSE,"$100,000 - $149,999",Graduate degree,South Atlantic,Once a year or less,Never,TRUE,Very,TRUE,No,No,No,Somewhat,Somewhat,Very,The arm rests should be shared,The arm rests should be shared,Everyone in the row should have some say,No,No,Three times,FALSE,FALSE,1,0,3,1
270,270,3433133066,Male,> 60,"5'9""",FALSE,NA,Some college or Associate degree,South Atlantic,Once a year or less,Once in a while,TRUE,No,FALSE,No,No,No,Somewhat,Somewhat,Very,The arm rests should be shared,The arm rests should be shared,Everyone in the row should have some say,No,Somewhat,Three times,FALSE,FALSE,1,1,1,2
271,271,3433132169,Male,> 60,"5'7""",FALSE,"$50,000 - $99,999",Graduate degree,Middle Atlantic,Once a year or less,Usually,TRUE,Somewhat,FALSE,No,No,Somewhat,Somewhat,No,Very,Whoever puts their arm on the arm rest first,The arm rests should be shared,The person in the window seat should have exclusive control,No,No,Three times,FALSE,FALSE,1,0,2,2
272,272,3433131247,Male,> 60,"6'0""",FALSE,"$100,000 - $149,999",Graduate degree,Pacific,Once a month or less,Never,TRUE,Very,TRUE,No,No,No,Somewhat,No,Very,The person in the middle seat gets both arm rests,Whoever puts their arm on the arm rest first,The person in the window seat should have exclusive control,No,Somewhat,Twice,TRUE,FALSE,1,0,3,2
273,273,3433130085,Male,45-60,"5'8""",FALSE,"$50,000 - $99,999",Some college or Associate degree,West North Central,Once a year or less,Never,FALSE,No,TRUE,Somewhat,No,No,Somewhat,No,No,The arm rests should be shared,The arm rests should be shared,Everyone in the row should have some say,No,Somewhat,More than five times times,FALSE,FALSE,1,0,1,2
274,274,3433128680,Male,> 60,"5'11""",FALSE,NA,Bachelor degree,Mountain,Once a month or less,Never,FALSE,No,TRUE,Very,Very,No,Somewhat,Somewhat,Very,The arm rests should be shared,The arm rests should be shared,Everyone in the row should have some say,No,No,Twice,FALSE,FALSE,1,1,1,2
275,275,3433127456,Female,45-60,"5'5""",FALSE,"$0 - $24,999",Some college or Associate degree,Mountain,Once a year or less,Once in a while,FALSE,No,TRUE,No,No,No,Somewhat,No,Very,The arm rests should be shared,The arm rests should be shared,The person in the window seat should have exclusive control,No,No,Three times,FALSE,FALSE,1,0,1,1
276,276,3433127355,Female,30-44,"5'4""",FALSE,"$25,000 - $49,999",Some college or Associate degree,Pacific,Once a year or less,Always,FALSE,No,FALSE,Somewhat,Somewhat,No,Somewhat,No,Very,The person in the middle seat gets both arm rests,The arm rests should be shared,The person in the window seat should have exclusive control,Very,Somewhat,Once,FALSE,FALSE,1,0,1,1
277,277,3433127341,Male,45-60,"6'3""",FALSE,"$50,000 - $99,999",Some college or Associate degree,Middle Atlantic,Once a year or less,Once in a while,TRUE,Somewhat,TRUE,Somewhat,Somewhat,No,Somewhat,No,No,The arm rests should be shared,The arm rests should be shared,Everyone in the row should have some say,Very,Somewhat,Three times,FALSE,FALSE,1,0,2,2
278,278,3433126810,Male,> 60,NA,NA,"$25,000 - $49,999",Bachelor degree,East North Central,Never,NA,NA,NA,NA,NA,NA,NA,NA,NA,NA,NA,NA,NA,NA,NA,NA,NA,NA,1,20,NA,2
279,279,3433125333,Female,45-60,Under 5 ft.,FALSE,"$50,000 - $99,999",Some college or Associate degree,East North Central,Once a year or less,Once in a while,TRUE,No,FALSE,No,No,No,Somewhat,No,Very,The arm rests should be shared,The arm rests should be shared,The person in the window seat should have exclusive control,No,No,Twice,FALSE,FALSE,1,0,1,1
280,280,3433125109,Female,30-44,"5'3""",FALSE,NA,Graduate degree,Middle Atlantic,A few times per month,Always,FALSE,No,FALSE,No,No,No,Very,Very,Very,The arm rests should be shared,The arm rests should be shared,Everyone in the row should have some say,No,Somewhat,Three times,FALSE,FALSE,1,1,1,1
281,281,3433124803,Male,18-29,"6'4""",FALSE,"$25,000 - $49,999",Bachelor degree,Pacific,Once a month or less,Never,TRUE,Very,TRUE,No,No,No,No,Somewhat,Very,The arm rests should be shared,The arm rests should be shared,The person in the window seat should have exclusive control,Somewhat,No,Three times,FALSE,FALSE,1,0,3,2
282,282,3433123624,Female,> 60,NA,NA,"$50,000 - $99,999",Some college or Associate degree,Pacific,Never,NA,NA,NA,NA,NA,NA,NA,NA,NA,NA,NA,NA,NA,NA,NA,NA,NA,NA,1,20,NA,1
283,283,3433122984,Female,30-44,NA,NA,NA,Some college or Associate degree,Middle Atlantic,Never,NA,NA,NA,NA,NA,NA,NA,NA,NA,NA,NA,NA,NA,NA,NA,NA,NA,NA,1,21,NA,1
284,284,3433122572,Female,30-44,"5'5""",FALSE,"$25,000 - $49,999",High school degree,West South Central,Once a year or less,Never,TRUE,Very,TRUE,No,No,No,No,Somewhat,Very,The arm rests should be shared,The arm rests should be shared,Everyone in the row should have some say,No,No,Once,FALSE,FALSE,0,0,3,1
285,285,3433120295,Female,> 60,"5'7""",FALSE,"$100,000 - $149,999",Graduate degree,New England,Once a year or less,Never,TRUE,Somewhat,TRUE,No,No,No,No,No,Somewhat,The arm rests should be shared,The arm rests should be shared,Everyone in the row should have some say,No,No,Three times,FALSE,FALSE,1,0,2,1
286,286,3433119106,Female,45-60,"5'6""",FALSE,"$100,000 - $149,999",Bachelor degree,East South Central,A few times per month,Usually,FALSE,No,FALSE,No,No,Somewhat,Somewhat,No,Very,The arm rests should be shared,Whoever puts their arm on the arm rest first,The person in the window seat should have exclusive control,No,Somewhat,Three times,FALSE,FALSE,1,0,1,1
287,287,3433118974,Female,30-44,"5'8""",FALSE,"$25,000 - $49,999",Graduate degree,East South Central,Once a year or less,Usually,TRUE,Somewhat,FALSE,No,No,Somewhat,Somewhat,Somewhat,Somewhat,The arm rests should be shared,The arm rests should be shared,Everyone in the row should have some say,Somewhat,No,Twice,TRUE,FALSE,1,0,2,1
288,288,3433118369,Female,45-60,NA,NA,"$50,000 - $99,999",Bachelor degree,New England,Never,NA,NA,NA,NA,NA,NA,NA,NA,NA,NA,NA,NA,NA,NA,NA,NA,NA,NA,1,20,NA,1
289,289,3433117854,Female,45-60,"5'3""",FALSE,"$50,000 - $99,999",High school degree,Middle Atlantic,Once a year or less,Never,FALSE,No,FALSE,No,No,No,Somewhat,No,Somewhat,The arm rests should be shared,The arm rests should be shared,Everyone in the row should have some say,Very,No,Twice,FALSE,FALSE,0,0,1,1
290,290,3433116022,Female,> 60,"5'3""",FALSE,NA,Graduate degree,Middle Atlantic,Once a year or less,Always,TRUE,No,FALSE,No,No,Somewhat,Somewhat,Very,Very,The arm rests should be shared,The arm rests should be shared,Everyone in the row should have some say,No,No,Four times,FALSE,FALSE,1,1,1,1
291,291,3433113130,Female,30-44,"5'4""",FALSE,NA,Some college or Associate degree,East North Central,Once a month or less,Once in a while,TRUE,No,TRUE,Somewhat,No,No,Somewhat,Somewhat,Very,The arm rests should be shared,The arm rests should be shared,Everyone in the row should have some say,No,No,More than five times times,TRUE,FALSE,1,1,1,1
292,292,3433112973,Female,> 60,"5'8""",FALSE,"$50,000 - $99,999",Graduate degree,New England,Once a year or less,Once in a while,TRUE,Somewhat,TRUE,Somewhat,Somewhat,No,Somewhat,No,No,The arm rests should be shared,The arm rests should be shared,Everyone in the row should have some say,No,No,More than five times times,FALSE,FALSE,1,0,2,1
293,293,3433111977,Female,30-44,"5'5""",FALSE,"$50,000 - $99,999",Some college or Associate degree,East North Central,Once a year or less,Always,TRUE,No,FALSE,No,No,Somewhat,Very,Somewhat,Very,The person in the middle seat gets both arm rests,The arm rests should be shared,Everyone in the row should have some say,No,No,Twice,FALSE,FALSE,1,0,1,1
294,294,3433111959,Male,30-44,"6'3""",FALSE,NA,Graduate degree,Pacific,Once a year or less,Never,TRUE,Somewhat,FALSE,No,No,No,Somewhat,No,Somewhat,The arm rests should be shared,The person in aisle,The person in the window seat should have exclusive control,No,Somewhat,Four times,FALSE,FALSE,1,1,2,2
295,295,3433107832,Male,> 60,"5'10""",FALSE,NA,Graduate degree,South Atlantic,Once a month or less,Always,TRUE,No,FALSE,No,No,No,Very,No,Very,The arm rests should be shared,The arm rests should be shared,The person in the window seat should have exclusive control,No,No,Twice,FALSE,FALSE,1,1,1,2
296,296,3433107608,Female,30-44,"5'2""",FALSE,"$25,000 - $49,999",Bachelor degree,Mountain,Once a year or less,Never,TRUE,Somewhat,TRUE,No,No,No,Somewhat,No,Somewhat,The arm rests should be shared,The arm rests should be shared,The person in the window seat should have exclusive control,Somewhat,No,More than five times times,FALSE,FALSE,1,0,2,1
297,297,3433106334,Male,18-29,NA,NA,"$0 - $24,999",Some college or Associate degree,Pacific,Never,NA,NA,NA,NA,NA,NA,NA,NA,NA,NA,NA,NA,NA,NA,NA,NA,NA,NA,1,20,NA,2
298,298,3433106170,Female,45-60,Under 5 ft.,FALSE,"$50,000 - $99,999",Bachelor degree,Middle Atlantic,Once a year or less,Once in a while,FALSE,No,FALSE,No,No,Somewhat,Somewhat,No,Somewhat,The people in the aisle and window seats get both arm rests,The arm rests should be shared,The person in the window seat should have exclusive control,No,No,Three times,FALSE,FALSE,1,0,1,1
299,299,3433104895,Female,45-60,"5'5""",FALSE,"$100,000 - $149,999",Graduate degree,NA,Once a year or less,Never,TRUE,Somewhat,FALSE,No,No,No,Somewhat,Very,Very,The person in the middle seat gets both arm rests,Whoever puts their arm on the arm rest first,Everyone in the row should have some say,No,No,Four times,FALSE,FALSE,1,1,2,1
300,300,3433101109,Female,45-60,NA,NA,NA,High school degree,Middle Atlantic,Never,NA,NA,NA,NA,NA,NA,NA,NA,NA,NA,NA,NA,NA,NA,NA,NA,NA,NA,0,21,NA,1
301,301,3433100773,Female,45-60,"5'7""",FALSE,NA,Graduate degree,New England,Once a year or less,Once in a while,TRUE,Somewhat,TRUE,No,No,Somewhat,Very,Somewhat,Very,The person in the middle seat gets both arm rests,Whoever puts their arm on the arm rest first,Everyone in the row should have some say,No,Very,Once,FALSE,FALSE,1,1,2,1
302,302,3433100648,Male,> 60,"5'10""",TRUE,"$25,000 - $49,999",Some college or Associate degree,Pacific,Once a year or less,Usually,TRUE,No,TRUE,No,No,No,Very,Somewhat,Very,The arm rests should be shared,Whoever puts their arm on the arm rest first,The person in the window seat should have exclusive control,Somewhat,Very,Twice,FALSE,FALSE,1,0,1,2
303,303,3433100189,Female,> 60,NA,NA,"$25,000 - $49,999",High school degree,Pacific,Never,NA,NA,NA,NA,NA,NA,NA,NA,NA,NA,NA,NA,NA,NA,NA,NA,NA,NA,0,20,NA,1
304,304,3433099083,Female,45-60,"5'7""",FALSE,NA,Graduate degree,South Atlantic,Once a month or less,Once in a while,FALSE,Somewhat,TRUE,No,No,Somewhat,Very,No,Very,The people in the aisle and window seats get both arm rests,The person by the window,Everyone in the row should have some say,No,No,Twice,FALSE,FALSE,1,1,2,1
305,305,3433092925,Male,45-60,"6'3""",FALSE,"$50,000 - $99,999",Bachelor degree,Pacific,Once a month or less,About half the time,TRUE,Somewhat,TRUE,Somewhat,No,Somewhat,Somewhat,Somewhat,Somewhat,The people in the aisle and window seats get both arm rests,The arm rests should be shared,Everyone in the row should have some say,No,No,Twice,TRUE,FALSE,1,0,2,2
306,306,3433092542,Female,45-60,"5'4""",FALSE,"$100,000 - $149,999",Some college or Associate degree,Middle Atlantic,Once a year or less,Usually,FALSE,No,FALSE,No,No,No,No,No,No,The arm rests should be shared,The arm rests should be shared,Everyone in the row should have some say,No,No,Twice,FALSE,FALSE,1,0,1,1
307,307,3433092034,Male,> 60,"5'8""",FALSE,"$25,000 - $49,999",Graduate degree,South Atlantic,Once a year or less,Once in a while,TRUE,No,FALSE,No,No,No,No,Somewhat,Very,The arm rests should be shared,The arm rests should be shared,Everyone in the row should have some say,No,No,Three times,FALSE,FALSE,1,0,1,2
308,308,3433091714,Female,> 60,"5'1""",FALSE,NA,Graduate degree,South Atlantic,Once a year or less,Never,TRUE,Very,TRUE,No,No,No,No,No,Very,The person in the middle seat gets both arm rests,The person in aisle,Everyone in the row should have some say,Somewhat,No,Twice,TRUE,FALSE,1,1,3,1
309,309,3433091359,Female,30-44,"5'7""",TRUE,"$25,000 - $49,999",Graduate degree,Mountain,Once a year or less,Once in a while,TRUE,No,FALSE,No,No,No,Somewhat,No,Somewhat,The arm rests should be shared,The arm rests should be shared,Everyone in the row should have some say,No,No,Three times,FALSE,FALSE,1,0,1,1
310,310,3433089571,Female,30-44,NA,NA,"$0 - $24,999",Bachelor degree,West South Central,Never,NA,NA,NA,NA,NA,NA,NA,NA,NA,NA,NA,NA,NA,NA,NA,NA,NA,NA,1,20,NA,1
311,311,3433089108,Female,> 60,NA,NA,"$25,000 - $49,999",High school degree,Pacific,Never,NA,NA,NA,NA,NA,NA,NA,NA,NA,NA,NA,NA,NA,NA,NA,NA,NA,NA,0,20,NA,1
312,312,3433085566,Female,30-44,"5'6""",FALSE,NA,Graduate degree,Middle Atlantic,Once a year or less,Usually,FALSE,No,FALSE,Somewhat,Somewhat,No,No,No,Somewhat,The arm rests should be shared,The arm rests should be shared,The person in the window seat should have exclusive control,No,Somewhat,Three times,FALSE,FALSE,1,1,1,1
313,313,3433081885,Male,> 60,"5'7""",TRUE,NA,Some college or Associate degree,Pacific,Once a year or less,Usually,TRUE,No,FALSE,No,No,No,Somewhat,No,No,The arm rests should be shared,The arm rests should be shared,The person in the window seat should have exclusive control,No,No,Four times,TRUE,FALSE,1,1,1,2
314,314,3433081158,Female,30-44,"5'8""",TRUE,"$50,000 - $99,999",Bachelor degree,South Atlantic,Once a year or less,Never,TRUE,No,FALSE,No,No,No,Somewhat,No,Somewhat,The arm rests should be shared,The arm rests should be shared,Everyone in the row should have some say,No,No,Four times,FALSE,FALSE,1,0,1,1
315,315,3433075339,Female,45-60,NA,NA,NA,Bachelor degree,South Atlantic,Never,NA,NA,NA,NA,NA,NA,NA,NA,NA,NA,NA,NA,NA,NA,NA,NA,NA,NA,1,21,NA,1
316,316,3433070885,Female,30-44,"5'8""",FALSE,"$100,000 - $149,999",Bachelor degree,New England,Once a year or less,Usually,TRUE,No,FALSE,No,No,No,Somewhat,No,No,The arm rests should be shared,The arm rests should be shared,Everyone in the row should have some say,No,No,Four times,FALSE,FALSE,1,0,1,1
317,317,3433070481,Female,45-60,"5'3""",FALSE,NA,Bachelor degree,West South Central,Once a year or less,Never,TRUE,Somewhat,FALSE,Somewhat,No,No,Very,No,Somewhat,The arm rests should be shared,The arm rests should be shared,Everyone in the row should have some say,Very,Somewhat,Twice,FALSE,FALSE,1,1,2,1
318,318,3433068348,Male,30-44,"5'11""",FALSE,"$50,000 - $99,999",Bachelor degree,East North Central,Once a year or less,Never,TRUE,Very,TRUE,Somewhat,Somewhat,Somewhat,Very,Somewhat,Very,The arm rests should be shared,The arm rests should be shared,The person in the window seat should have exclusive control,Somewhat,Somewhat,Three times,FALSE,FALSE,1,0,3,2
319,319,3433066014,Female,30-44,"5'3""",TRUE,"$50,000 - $99,999",Bachelor degree,Middle Atlantic,Once a month or less,Usually,TRUE,No,FALSE,No,No,No,No,No,No,The arm rests should be shared,The arm rests should be shared,The person in the window seat should have exclusive control,No,No,Three times,TRUE,FALSE,1,0,1,1
320,320,3433065951,Female,30-44,"5'4""",TRUE,"$100,000 - $149,999",Bachelor degree,Mountain,Once a year or less,About half the time,FALSE,No,TRUE,Somewhat,No,Somewhat,Very,No,Somewhat,The arm rests should be shared,The person in aisle,The person in the window seat should have exclusive control,No,No,Twice,TRUE,FALSE,1,0,1,1
321,321,3433065628,Male,18-29,NA,NA,"$0 - $24,999",Some college or Associate degree,West South Central,Never,NA,NA,NA,NA,NA,NA,NA,NA,NA,NA,NA,NA,NA,NA,NA,NA,NA,NA,1,20,NA,2
322,322,3433061705,Male,> 60,"5'9""",FALSE,"$50,000 - $99,999",Graduate degree,South Atlantic,Once a year or less,About half the time,TRUE,No,FALSE,Somewhat,No,No,Somewhat,No,Very,The arm rests should be shared,The arm rests should be shared,The person in the window seat should have exclusive control,No,No,Twice,FALSE,FALSE,1,0,1,2
323,323,3433060473,NA,NA,"6'3""",FALSE,NA,NA,NA,Once a month or less,About half the time,TRUE,Somewhat,TRUE,Somewhat,No,Somewhat,Somewhat,NA,NA,The person in the middle seat gets both arm rests,The arm rests should be shared,Everyone in the row should have some say,No,No,Twice,NA,NA,NA,10,2,NA
324,324,3433060186,Female,> 60,"5'8""",FALSE,"$0 - $24,999",Bachelor degree,Mountain,Once a year or less,Usually,TRUE,No,FALSE,Somewhat,Somewhat,Somewhat,Somewhat,No,Very,Other (please specify),Other (please specify),The person in the window seat should have exclusive control,No,No,Twice,FALSE,FALSE,1,0,1,1
325,325,3433059796,Female,45-60,"5'5""",FALSE,"$50,000 - $99,999",Graduate degree,South Atlantic,Once a year or less,About half the time,FALSE,No,FALSE,No,No,Somewhat,Somewhat,No,Very,The arm rests should be shared,Whoever puts their arm on the arm rest first,The person in the window seat should have exclusive control,No,No,Four times,FALSE,FALSE,1,0,1,1
326,326,3433058854,NA,NA,NA,NA,NA,NA,NA,Never,NA,NA,NA,NA,NA,NA,NA,NA,NA,NA,NA,NA,NA,NA,NA,NA,NA,NA,NA,26,NA,NA
327,327,3433058367,Male,18-29,NA,NA,"$50,000 - $99,999",Some college or Associate degree,West North Central,Never,NA,NA,NA,NA,NA,NA,NA,NA,NA,NA,NA,NA,NA,NA,NA,NA,NA,NA,1,20,NA,2
328,328,3433056786,Female,45-60,"5'4""",FALSE,NA,Bachelor degree,South Atlantic,Once a year or less,Never,FALSE,No,FALSE,No,No,No,No,Somewhat,Very,The arm rests should be shared,The arm rests should be shared,The person in the window seat should have exclusive control,No,No,More than five times times,FALSE,FALSE,1,1,1,1
329,329,3433056614,Female,30-44,NA,NA,"$0 - $24,999",Some college or Associate degree,Pacific,Never,NA,NA,NA,NA,NA,NA,NA,NA,NA,NA,NA,NA,NA,NA,NA,NA,NA,NA,1,20,NA,1
330,330,3433055279,Female,45-60,NA,NA,"$0 - $24,999",Bachelor degree,Middle Atlantic,Never,NA,NA,NA,NA,NA,NA,NA,NA,NA,NA,NA,NA,NA,NA,NA,NA,NA,NA,1,20,NA,1
331,331,3433048675,Female,> 60,"5'10""",FALSE,"$100,000 - $149,999",Bachelor degree,East North Central,Once a month or less,Once in a while,TRUE,No,FALSE,No,No,Somewhat,Somewhat,No,No,The arm rests should be shared,The arm rests should be shared,Everyone in the row should have some say,No,No,Twice,FALSE,FALSE,1,0,1,1
332,332,3433047339,Male,> 60,"5'8""",FALSE,"$50,000 - $99,999",Graduate degree,South Atlantic,Once a year or less,Once in a while,TRUE,Very,TRUE,Somewhat,Somewhat,No,No,Somewhat,Very,The arm rests should be shared,The arm rests should be shared,Everyone in the row should have some say,Somewhat,No,Three times,FALSE,FALSE,1,0,3,2
333,333,3433047308,Male,30-44,"6'0""",TRUE,"$50,000 - $99,999",Graduate degree,East North Central,Once a month or less,About half the time,FALSE,No,FALSE,No,No,Somewhat,Very,No,No,The arm rests should be shared,The arm rests should be shared,Everyone in the row should have some say,No,No,More than five times times,TRUE,FALSE,1,0,1,2
334,334,3433046738,Female,30-44,"5'7""",FALSE,"$50,000 - $99,999",Graduate degree,East North Central,Once a year or less,About half the time,TRUE,No,FALSE,No,No,No,Somewhat,No,No,The arm rests should be shared,The arm rests should be shared,The person in the window seat should have exclusive control,No,No,More than five times times,FALSE,FALSE,1,0,1,1
335,335,3433046022,Male,45-60,"5'7""",FALSE,"$25,000 - $49,999",Some college or Associate degree,East North Central,Once a year or less,Always,FALSE,No,FALSE,No,No,No,Somewhat,Very,Very,The arm rests should be shared,The arm rests should be shared,Everyone in the row should have some say,No,No,Twice,FALSE,FALSE,1,0,1,2
336,336,3433045463,Female,45-60,"5'5""",FALSE,"$50,000 - $99,999",Bachelor degree,Middle Atlantic,A few times per month,Always,FALSE,No,FALSE,No,No,No,Somewhat,No,Very,The arm rests should be shared,Whoever puts their arm on the arm rest first,The person in the window seat should have exclusive control,No,Somewhat,Three times,FALSE,FALSE,1,0,1,1
337,337,3433044521,Female,45-60,"5'6""",FALSE,"$50,000 - $99,999",Some college or Associate degree,Pacific,Once a year or less,Always,FALSE,No,FALSE,No,No,No,No,Very,Very,The arm rests should be shared,The arm rests should be shared,Everyone in the row should have some say,No,Somewhat,Three times,TRUE,FALSE,1,0,1,1
338,338,3433042186,Male,18-29,"5'7""",FALSE,"$0 - $24,999",Some college or Associate degree,Pacific,Once a year or less,Once in a while,TRUE,Very,TRUE,Very,Very,Very,Very,Very,Very,The arm rests should be shared,The arm rests should be shared,The person in the window seat should have exclusive control,Very,Very,It is not okay to get up during flight,FALSE,FALSE,1,0,3,2
339,339,3433041420,Female,45-60,"5'5""",FALSE,"$25,000 - $49,999",High school degree,South Atlantic,Once a year or less,Always,TRUE,No,FALSE,Very,No,No,No,No,Very,The arm rests should be shared,The arm rests should be shared,Everyone in the row should have some say,Very,No,Twice,FALSE,FALSE,0,0,1,1
340,340,3433040924,Female,45-60,"5'9""",FALSE,"$50,000 - $99,999",Some college or Associate degree,South Atlantic,Once a year or less,Once in a while,TRUE,Somewhat,FALSE,Somewhat,No,No,No,No,Very,The arm rests should be shared,Whoever puts their arm on the arm rest first,The person in the window seat should have exclusive control,No,Somewhat,Twice,FALSE,FALSE,1,0,2,1
341,341,3433040828,NA,NA,"5'8""",FALSE,NA,NA,NA,Once a year or less,Once in a while,NA,NA,NA,NA,NA,NA,NA,NA,NA,NA,NA,NA,NA,NA,NA,NA,NA,NA,23,NA,NA
342,342,3433040639,Female,30-44,"5'4""",FALSE,NA,Some college or Associate degree,Pacific,Once a year or less,About half the time,FALSE,No,FALSE,No,No,No,No,No,Somewhat,The arm rests should be shared,The arm rests should be shared,The person in the window seat should have exclusive control,Somewhat,No,More than five times times,FALSE,FALSE,1,1,1,1
343,343,3433040502,Male,30-44,"6'0""",TRUE,NA,Bachelor degree,Mountain,Once a year or less,Usually,TRUE,No,FALSE,Somewhat,No,No,No,No,Somewhat,The arm rests should be shared,The arm rests should be shared,Everyone in the row should have some say,Very,No,Four times,FALSE,FALSE,1,1,1,2
344,344,3433040208,NA,NA,"5'11""",NA,NA,NA,NA,Once a year or less,Never,TRUE,Very,TRUE,NA,NA,NA,NA,NA,NA,The arm rests should be shared,The arm rests should be shared,The person in the window seat should have exclusive control,Somewhat,Somewhat,Three times,NA,NA,NA,15,3,NA
345,345,3433038916,Male,18-29,"5'2""",FALSE,"$0 - $24,999",Graduate degree,West South Central,Once a year or less,Usually,FALSE,Somewhat,FALSE,Somewhat,Somewhat,Somewhat,Very,Somewhat,Very,The person in the middle seat gets both arm rests,The arm rests should be shared,Everyone in the row should have some say,Somewhat,No,Three times,TRUE,FALSE,1,0,2,2
346,346,3433038337,Female,> 60,"5'4""",FALSE,NA,High school degree,Pacific,Once a year or less,Never,TRUE,Very,TRUE,No,No,Somewhat,Somewhat,No,Very,The arm rests should be shared,The arm rests should be shared,The person in the window seat should have exclusive control,No,No,Twice,FALSE,FALSE,0,1,3,1
347,347,3433038245,Male,45-60,"6'0""",FALSE,NA,Some college or Associate degree,New England,Once a year or less,About half the time,FALSE,No,FALSE,No,No,No,Somewhat,Very,Very,Whoever puts their arm on the arm rest first,Whoever puts their arm on the arm rest first,The person in the window seat should have exclusive control,No,No,More than five times times,FALSE,FALSE,1,1,1,2
348,348,3433036321,Female,30-44,"5'2""",FALSE,"$25,000 - $49,999",Some college or Associate degree,West North Central,Once a year or less,Never,TRUE,Somewhat,FALSE,No,No,Somewhat,Very,Somewhat,Somewhat,The arm rests should be shared,The arm rests should be shared,The person in the window seat should have exclusive control,No,No,Twice,FALSE,FALSE,1,0,2,1
349,349,3433036205,Male,> 60,NA,NA,"$50,000 - $99,999",Graduate degree,West South Central,Never,NA,NA,NA,NA,NA,NA,NA,NA,NA,NA,NA,NA,NA,NA,NA,NA,NA,NA,1,20,NA,2
350,350,3433032917,Male,> 60,"5'8""",FALSE,"$25,000 - $49,999",Graduate degree,Pacific,Once a year or less,Usually,TRUE,No,FALSE,No,No,No,No,No,Somewhat,The arm rests should be shared,The arm rests should be shared,Everyone in the row should have some say,No,No,Three times,FALSE,FALSE,1,0,1,2
351,351,3433026928,Male,45-60,"5'11""",TRUE,NA,Graduate degree,Middle Atlantic,Once a month or less,Once in a while,FALSE,No,FALSE,No,No,No,Very,No,Somewhat,The person in the middle seat gets both arm rests,The arm rests should be shared,The person in the window seat should have exclusive control,No,No,Four times,FALSE,FALSE,1,1,1,2
352,352,3433024395,Female,> 60,NA,NA,"$50,000 - $99,999",Graduate degree,Middle Atlantic,Never,NA,NA,NA,NA,NA,NA,NA,NA,NA,NA,NA,NA,NA,NA,NA,NA,NA,NA,1,20,NA,1
353,353,3433024187,Male,45-60,"6'0""",FALSE,NA,Graduate degree,East South Central,Once a month or less,Once in a while,TRUE,Somewhat,TRUE,No,No,No,No,No,Somewhat,Other (please specify),Other (please specify),Everyone in the row should have some say,No,Somewhat,Four times,FALSE,FALSE,1,1,2,2
354,354,3433020399,Female,> 60,"5'0""",FALSE,NA,Some college or Associate degree,West North Central,Once a year or less,Always,TRUE,No,FALSE,No,No,Somewhat,Somewhat,Very,Very,The arm rests should be shared,The arm rests should be shared,Everyone in the row should have some say,No,No,Twice,FALSE,FALSE,1,1,1,1
355,355,3433018911,Female,45-60,"5'0""",FALSE,"$100,000 - $149,999",Some college or Associate degree,West North Central,Once a year or less,Never,TRUE,Somewhat,TRUE,No,No,No,Somewhat,No,Very,The arm rests should be shared,The arm rests should be shared,Everyone in the row should have some say,No,No,Twice,FALSE,FALSE,1,0,2,1
356,356,3433016483,Female,45-60,"5'6""",FALSE,NA,Bachelor degree,Pacific,Once a year or less,Always,FALSE,No,FALSE,No,No,No,No,No,Somewhat,The arm rests should be shared,The arm rests should be shared,The person in the window seat should have exclusive control,Somewhat,No,Twice,FALSE,FALSE,1,1,1,1
357,357,3433011754,Female,> 60,"5'7""",FALSE,"$100,000 - $149,999",Graduate degree,Pacific,Once a year or less,Usually,FALSE,No,FALSE,No,No,No,No,No,No,Whoever puts their arm on the arm rest first,Whoever puts their arm on the arm rest first,Everyone in the row should have some say,No,No,Three times,FALSE,FALSE,1,0,1,1
358,358,3433010954,Female,45-60,NA,NA,"$50,000 - $99,999",High school degree,Pacific,Never,NA,NA,NA,NA,NA,NA,NA,NA,NA,NA,NA,NA,NA,NA,NA,NA,NA,NA,0,20,NA,1
359,359,3433010053,Female,30-44,NA,NA,"$50,000 - $99,999",High school degree,East North Central,Never,NA,NA,NA,NA,NA,NA,NA,NA,NA,NA,NA,NA,NA,NA,NA,NA,NA,NA,0,20,NA,1
360,360,3433006165,Male,45-60,"5'8""",FALSE,"$100,000 - $149,999",Some college or Associate degree,East South Central,Once a year or less,Usually,TRUE,No,FALSE,No,No,No,Somewhat,No,No,The arm rests should be shared,The arm rests should be shared,Everyone in the row should have some say,No,No,Three times,FALSE,FALSE,1,0,1,2
361,361,3433005536,Female,> 60,"5'7""",FALSE,"$50,000 - $99,999",Graduate degree,New England,Once a year or less,Once in a while,TRUE,No,TRUE,Somewhat,Somewhat,No,No,No,No,The arm rests should be shared,Whoever puts their arm on the arm rest first,Everyone in the row should have some say,No,No,Four times,FALSE,FALSE,1,0,1,1
362,362,3433003776,Male,30-44,"5'10""",FALSE,"$25,000 - $49,999",Graduate degree,West South Central,Once a month or less,Usually,TRUE,No,FALSE,No,No,No,Somewhat,Very,Very,The arm rests should be shared,The arm rests should be shared,Everyone in the row should have some say,No,No,Twice,FALSE,FALSE,1,0,1,2
363,363,3433003301,Female,30-44,"5'4""",TRUE,NA,Some college or Associate degree,Mountain,Once a year or less,About half the time,FALSE,No,FALSE,Somewhat,Somewhat,No,No,No,No,Whoever puts their arm on the arm rest first,Whoever puts their arm on the arm rest first,The person in the window seat should have exclusive control,No,No,More than five times times,FALSE,FALSE,1,1,1,1
364,364,3433000796,Female,45-60,"5'5""",TRUE,"$100,000 - $149,999",Graduate degree,West North Central,Once a year or less,About half the time,TRUE,Somewhat,TRUE,Somewhat,Somewhat,Somewhat,Somewhat,No,Somewhat,The arm rests should be shared,The arm rests should be shared,Everyone in the row should have some say,No,No,Once,FALSE,FALSE,1,0,2,1
365,365,3432997737,Male,45-60,"5'11""",TRUE,"$50,000 - $99,999",High school degree,East North Central,Once a year or less,Once in a while,TRUE,Somewhat,TRUE,No,No,No,Somewhat,Somewhat,Somewhat,The person in the middle seat gets both arm rests,Whoever puts their arm on the arm rest first,Everyone in the row should have some say,No,No,Three times,FALSE,FALSE,0,0,2,2
366,366,3432993607,Female,45-60,"5'5""",FALSE,"$25,000 - $49,999",Some college or Associate degree,East North Central,Once a year or less,Once in a while,TRUE,Somewhat,FALSE,No,No,Very,Very,No,Somewhat,The arm rests should be shared,The arm rests should be shared,Everyone in the row should have some say,Somewhat,No,Three times,FALSE,FALSE,1,0,2,1
367,367,3432985328,NA,NA,"5'4""",FALSE,NA,NA,NA,Once a month or less,Once in a while,FALSE,No,FALSE,No,No,Somewhat,Very,No,Very,The arm rests should be shared,The arm rests should be shared,The person in the window seat should have exclusive control,No,No,Twice,FALSE,FALSE,NA,6,1,NA
368,368,3432985270,Female,30-44,"5'4""",FALSE,"$50,000 - $99,999",Bachelor degree,East South Central,Once a year or less,Always,TRUE,No,FALSE,No,No,Somewhat,Somewhat,No,Somewhat,The arm rests should be shared,The arm rests should be shared,The person in the window seat should have exclusive control,No,No,Twice,FALSE,FALSE,1,0,1,1
369,369,3432984528,Male,45-60,"5'11""",FALSE,"$100,000 - $149,999",Graduate degree,East North Central,Once a year or less,About half the time,TRUE,Somewhat,FALSE,No,No,Somewhat,Somewhat,No,Very,The arm rests should be shared,The arm rests should be shared,Everyone in the row should have some say,No,No,Three times,FALSE,FALSE,1,0,2,2
370,370,3432984086,Male,> 60,"5'11""",FALSE,NA,Some college or Associate degree,West South Central,Once a year or less,Usually,FALSE,No,FALSE,No,No,No,No,No,Very,Whoever puts their arm on the arm rest first,The person by the window,The person in the window seat should have exclusive control,No,No,Four times,FALSE,FALSE,1,1,1,2
371,371,3432983878,Male,> 60,NA,NA,"$25,000 - $49,999",Some college or Associate degree,East North Central,Never,NA,NA,NA,NA,NA,NA,NA,NA,NA,NA,NA,NA,NA,NA,NA,NA,NA,NA,1,20,NA,2
372,372,3432982461,Female,45-60,"5'6""",TRUE,NA,Bachelor degree,West South Central,A few times per month,About half the time,TRUE,No,FALSE,No,No,No,No,No,No,Other (please specify),Other (please specify),Everyone in the row should have some say,No,No,More than five times times,FALSE,FALSE,1,1,1,1
373,373,3432981710,Female,45-60,"5'6""",FALSE,"$50,000 - $99,999",Graduate degree,New England,Once a year or less,Always,TRUE,No,FALSE,Somewhat,No,No,Somewhat,Somewhat,Somewhat,The person in the middle seat gets both arm rests,The arm rests should be shared,Everyone in the row should have some say,No,No,Twice,TRUE,FALSE,1,0,1,1
374,374,3432981204,Male,18-29,"6'2""",FALSE,"$0 - $24,999",Some college or Associate degree,South Atlantic,Once a year or less,Once in a while,TRUE,Somewhat,FALSE,No,No,No,No,No,No,Whoever puts their arm on the arm rest first,Whoever puts their arm on the arm rest first,Everyone in the row should have some say,No,No,Three times,FALSE,FALSE,1,0,2,2
375,375,3432979719,Female,> 60,"5'4""",FALSE,"$50,000 - $99,999",Some college or Associate degree,Pacific,Once a year or less,Once in a while,FALSE,No,FALSE,No,No,Somewhat,Very,No,Very,The arm rests should be shared,The arm rests should be shared,The person in the window seat should have exclusive control,No,No,Twice,FALSE,FALSE,1,0,1,1
376,376,3432975899,Female,30-44,"5'8""",FALSE,"$50,000 - $99,999",Some college or Associate degree,Pacific,Once a year or less,Never,TRUE,Somewhat,TRUE,No,No,Somewhat,Somewhat,No,Somewhat,The arm rests should be shared,The arm rests should be shared,The person in the window seat should have exclusive control,No,No,Twice,FALSE,FALSE,1,0,2,1
377,377,3432974561,Female,> 60,"5'10""",FALSE,"$25,000 - $49,999",Some college or Associate degree,New England,Once a year or less,Once in a while,TRUE,No,FALSE,No,No,No,Somewhat,No,Somewhat,The arm rests should be shared,The arm rests should be shared,Everyone in the row should have some say,No,Somewhat,Once,FALSE,FALSE,1,0,1,1
378,378,3432973828,Male,45-60,"5'10""",FALSE,NA,Graduate degree,West South Central,A few times per month,Always,TRUE,No,FALSE,No,No,No,Somewhat,No,Somewhat,The arm rests should be shared,The arm rests should be shared,The person in the window seat should have exclusive control,No,No,Twice,TRUE,FALSE,1,1,1,2
379,379,3432972333,Female,> 60,"5'5""",FALSE,"$50,000 - $99,999",Graduate degree,South Atlantic,Once a year or less,Usually,FALSE,No,FALSE,Somewhat,Somewhat,No,No,Somewhat,Very,Whoever puts their arm on the arm rest first,Whoever puts their arm on the arm rest first,The person in the window seat should have exclusive control,No,No,More than five times times,FALSE,FALSE,1,0,1,1
380,380,3432970038,Female,45-60,"5'9""",FALSE,"$50,000 - $99,999",Bachelor degree,Pacific,Once a month or less,Usually,FALSE,Somewhat,TRUE,No,No,Somewhat,Somewhat,No,Somewhat,The arm rests should be shared,The arm rests should be shared,The person in the window seat should have exclusive control,No,No,Three times,FALSE,FALSE,1,0,2,1
381,381,3432968822,Male,> 60,"5'11""",FALSE,"$50,000 - $99,999",Some college or Associate degree,South Atlantic,Once a year or less,Always,FALSE,No,FALSE,No,No,No,No,No,Very,Whoever puts their arm on the arm rest first,Whoever puts their arm on the arm rest first,Everyone in the row should have some say,No,No,Twice,FALSE,FALSE,1,0,1,2
382,382,3432965050,Female,30-44,"5'3""",FALSE,NA,Graduate degree,Pacific,Once a month or less,About half the time,TRUE,Somewhat,FALSE,Somewhat,Somewhat,Somewhat,Very,Somewhat,Very,The person in the middle seat gets both arm rests,The person in aisle,The person in the window seat should have exclusive control,No,No,Once,FALSE,FALSE,1,1,2,1
383,383,3432963197,Female,> 60,"5'5""",FALSE,"$50,000 - $99,999",Graduate degree,South Atlantic,Once a month or less,Once in a while,TRUE,Somewhat,TRUE,Somewhat,Somewhat,No,Somewhat,Somewhat,Very,The arm rests should be shared,The arm rests should be shared,Everyone in the row should have some say,No,No,Three times,FALSE,FALSE,1,0,2,1
384,384,3432962590,Female,45-60,"5'8""",TRUE,"$100,000 - $149,999",Graduate degree,West North Central,Once a year or less,About half the time,FALSE,Somewhat,TRUE,No,No,Somewhat,Somewhat,No,No,Other (please specify),The arm rests should be shared,Everyone in the row should have some say,No,Somewhat,Twice,FALSE,FALSE,1,0,2,1
385,385,3432960705,Female,> 60,"5'2""",FALSE,NA,Bachelor degree,Mountain,Once a year or less,About half the time,TRUE,No,FALSE,No,No,No,Somewhat,No,Somewhat,The arm rests should be shared,The person in aisle,Everyone in the row should have some say,No,No,Four times,FALSE,FALSE,1,1,1,1
386,386,3432952223,Female,> 60,"5'9""",FALSE,"$100,000 - $149,999",Graduate degree,Pacific,Once a year or less,Once in a while,TRUE,No,TRUE,Somewhat,Somewhat,No,Somewhat,No,Very,The arm rests should be shared,The arm rests should be shared,Everyone in the row should have some say,No,No,Three times,FALSE,FALSE,1,0,1,1
387,387,3432949297,Female,30-44,"5'4""",TRUE,NA,Bachelor degree,West South Central,Once a month or less,Once in a while,TRUE,Somewhat,TRUE,No,No,No,Somewhat,No,Somewhat,The arm rests should be shared,The arm rests should be shared,The person in the window seat should have exclusive control,No,No,Twice,FALSE,FALSE,1,1,2,1
388,388,3432946991,Male,> 60,"5'10""",FALSE,"$25,000 - $49,999",Bachelor degree,Middle Atlantic,Once a year or less,Usually,TRUE,No,FALSE,Somewhat,Somewhat,Very,Very,No,Somewhat,The arm rests should be shared,The arm rests should be shared,Everyone in the row should have some say,Somewhat,Very,Twice,FALSE,FALSE,1,0,1,2
389,389,3432944386,Female,30-44,"5'7""",TRUE,"$25,000 - $49,999",Some college or Associate degree,New England,Once a year or less,About half the time,TRUE,No,FALSE,No,No,No,Somewhat,No,Very,The arm rests should be shared,The arm rests should be shared,The person in the window seat should have exclusive control,No,No,Three times,FALSE,FALSE,1,0,1,1
390,390,3432942662,Male,45-60,"5'11""",FALSE,"$50,000 - $99,999",Graduate degree,Pacific,Once a year or less,Always,FALSE,No,FALSE,No,No,No,No,Somewhat,Very,Other (please specify),Other (please specify),Everyone in the row should have some say,No,No,Four times,FALSE,FALSE,1,0,1,2
391,391,3432941768,Male,45-60,"5'8""",FALSE,NA,Some college or Associate degree,Pacific,A few times per month,Never,TRUE,Somewhat,TRUE,Somewhat,Somewhat,No,Somewhat,Very,Very,The person in the middle seat gets both arm rests,The arm rests should be shared,Everyone in the row should have some say,No,Somewhat,Once,FALSE,FALSE,1,1,2,2
392,392,3432941469,Female,45-60,"5'7""",TRUE,"$50,000 - $99,999",Some college or Associate degree,West North Central,Once a year or less,About half the time,FALSE,No,FALSE,No,No,No,Somewhat,No,Somewhat,The arm rests should be shared,The arm rests should be shared,The person in the window seat should have exclusive control,Somewhat,No,Three times,FALSE,FALSE,1,0,1,1
393,393,3432940589,NA,NA,"5'2""",TRUE,NA,NA,NA,Once a year or less,Never,TRUE,Somewhat,TRUE,Somewhat,No,Very,Very,No,Very,The arm rests should be shared,Whoever puts their arm on the arm rest first,The person in the window seat should have exclusive control,Somewhat,No,Twice,FALSE,FALSE,NA,6,2,NA
394,394,3432940391,Female,45-60,NA,NA,NA,Graduate degree,Middle Atlantic,Never,NA,NA,NA,NA,NA,NA,NA,NA,NA,NA,NA,NA,NA,NA,NA,NA,NA,NA,1,21,NA,1
395,395,3432939803,Male,45-60,"5'9""",TRUE,"$100,000 - $149,999",Bachelor degree,Mountain,Once a year or less,Always,FALSE,No,FALSE,Somewhat,No,No,Somewhat,Somewhat,Somewhat,The arm rests should be shared,The arm rests should be shared,Everyone in the row should have some say,No,No,Four times,FALSE,FALSE,1,0,1,2
396,396,3432938209,Female,45-60,"5'7""",FALSE,"$100,000 - $149,999",Bachelor degree,NA,Once a month or less,Always,FALSE,No,FALSE,No,No,No,No,Somewhat,Very,The arm rests should be shared,The arm rests should be shared,Everyone in the row should have some say,No,No,Twice,FALSE,FALSE,1,1,1,1
397,397,3432936449,Female,45-60,"5'4""",TRUE,"$100,000 - $149,999",Graduate degree,New England,Once a year or less,Usually,FALSE,No,FALSE,No,No,Somewhat,Very,No,Somewhat,The arm rests should be shared,The arm rests should be shared,Everyone in the row should have some say,No,No,Once,FALSE,FALSE,1,0,1,1
398,398,3432929915,Female,30-44,"5'3""",TRUE,NA,Graduate degree,West South Central,Once a month or less,Once in a while,TRUE,No,FALSE,No,No,Somewhat,No,No,No,The arm rests should be shared,The arm rests should be shared,The person in the window seat should have exclusive control,No,Very,Three times,FALSE,FALSE,1,1,1,1
399,399,3432928226,Male,> 60,"5'11""",TRUE,"$0 - $24,999",Some college or Associate degree,Middle Atlantic,Once a year or less,Usually,TRUE,No,FALSE,No,No,No,No,No,Very,The arm rests should be shared,The arm rests should be shared,Everyone in the row should have some say,No,No,Three times,FALSE,FALSE,1,0,1,2
400,400,3432927637,Female,45-60,"5'0""",FALSE,"$100,000 - $149,999",Bachelor degree,Middle Atlantic,Once a month or less,Always,TRUE,Somewhat,FALSE,No,No,Somewhat,Somewhat,No,Very,Other (please specify),The arm rests should be shared,Everyone in the row should have some say,No,Very,Once,FALSE,FALSE,1,0,2,1
401,401,3432923463,Male,> 60,"5'9""",FALSE,"$50,000 - $99,999",Graduate degree,South Atlantic,Once a year or less,Usually,FALSE,No,FALSE,No,No,No,No,No,Very,The arm rests should be shared,Whoever puts their arm on the arm rest first,The person in the window seat should have exclusive control,No,No,Three times,FALSE,FALSE,1,0,1,2
402,402,3432918978,Male,45-60,"6'0""",FALSE,"$100,000 - $149,999",Bachelor degree,West North Central,Once a month or less,Once in a while,TRUE,Somewhat,FALSE,No,No,No,Very,No,Very,The arm rests should be shared,The arm rests should be shared,Everyone in the row should have some say,No,No,Three times,FALSE,FALSE,1,0,2,2
403,403,3432918795,Male,18-29,NA,NA,"$0 - $24,999",Some college or Associate degree,Mountain,Never,NA,NA,NA,NA,NA,NA,NA,NA,NA,NA,NA,NA,NA,NA,NA,NA,NA,NA,1,20,NA,2
404,404,3432918732,Male,45-60,NA,NA,"$0 - $24,999",Some college or Associate degree,East North Central,Never,NA,NA,NA,NA,NA,NA,NA,NA,NA,NA,NA,NA,NA,NA,NA,NA,NA,NA,1,20,NA,2
405,405,3432918182,Female,45-60,"5'4""",TRUE,"$25,000 - $49,999",Some college or Associate degree,East North Central,Once a year or less,Always,FALSE,No,FALSE,No,No,No,Somewhat,No,Very,The person in the middle seat gets both arm rests,The arm rests should be shared,The person in the window seat should have exclusive control,No,Somewhat,Three times,FALSE,FALSE,1,0,1,1
406,406,3432913287,Female,45-60,"5'9""",FALSE,NA,Graduate degree,South Atlantic,Once a year or less,About half the time,TRUE,No,FALSE,No,No,No,No,Somewhat,Very,The arm rests should be shared,The arm rests should be shared,Everyone in the row should have some say,No,No,Twice,FALSE,FALSE,1,1,1,1
407,407,3432911727,Female,45-60,"5'3""",FALSE,NA,Bachelor degree,West North Central,Once a year or less,Always,FALSE,No,FALSE,Somewhat,No,Somewhat,Somewhat,No,Somewhat,The arm rests should be shared,The person in aisle,The person in the window seat should have exclusive control,No,No,Twice,FALSE,FALSE,1,1,1,1
408,408,3432911349,Female,30-44,NA,NA,"$100,000 - $149,999",Bachelor degree,Middle Atlantic,Never,NA,NA,NA,NA,NA,NA,NA,NA,NA,NA,NA,NA,NA,NA,NA,NA,NA,NA,1,20,NA,1
409,409,3432907771,Male,> 60,"6'0""",FALSE,NA,Graduate degree,South Atlantic,Once a year or less,Never,TRUE,Somewhat,TRUE,No,No,Somewhat,Somewhat,No,Somewhat,The arm rests should be shared,The arm rests should be shared,Everyone in the row should have some say,No,No,Four times,FALSE,FALSE,1,1,2,2
410,410,3432907735,Female,30-44,"5'8""",TRUE,"$100,000 - $149,999",Bachelor degree,South Atlantic,Once a year or less,Always,FALSE,No,FALSE,Somewhat,Somewhat,No,No,No,No,The arm rests should be shared,The arm rests should be shared,The person in the window seat should have exclusive control,No,No,Twice,FALSE,FALSE,1,0,1,1
411,411,3432907691,Female,> 60,"5'4""",FALSE,"$25,000 - $49,999",Some college or Associate degree,West South Central,Once a year or less,Usually,TRUE,No,FALSE,No,No,No,Somewhat,No,No,The arm rests should be shared,The arm rests should be shared,Everyone in the row should have some say,No,No,More than five times times,FALSE,FALSE,1,0,1,1
412,412,3432904458,Female,30-44,"5'7""",FALSE,"$50,000 - $99,999",High school degree,East North Central,Once a year or less,Usually,TRUE,Somewhat,FALSE,No,No,No,No,No,Somewhat,The arm rests should be shared,The person by the window,Everyone in the row should have some say,No,No,Twice,FALSE,FALSE,0,0,2,1
413,413,3432903879,Male,45-60,"5'10""",FALSE,"$100,000 - $149,999",Graduate degree,Mountain,Once a year or less,About half the time,TRUE,Somewhat,TRUE,No,No,Somewhat,Somewhat,No,No,The arm rests should be shared,The arm rests should be shared,Everyone in the row should have some say,No,No,Three times,FALSE,FALSE,1,0,2,2
414,414,3432902085,Female,45-60,"5'3""",FALSE,"$100,000 - $149,999",Graduate degree,Pacific,Once a month or less,About half the time,TRUE,Somewhat,FALSE,No,No,No,Somewhat,Somewhat,Very,The arm rests should be shared,The arm rests should be shared,Everyone in the row should have some say,Somewhat,No,Four times,FALSE,FALSE,1,0,2,1
415,415,3432898980,Male,> 60,NA,NA,"$50,000 - $99,999",Graduate degree,NA,Never,NA,NA,NA,NA,NA,NA,NA,NA,NA,NA,NA,NA,NA,NA,NA,NA,NA,NA,1,21,NA,2
416,416,3432893247,Male,30-44,"5'11""",FALSE,"$100,000 - $149,999",Some college or Associate degree,Pacific,Once a year or less,Once in a while,TRUE,No,FALSE,No,No,Somewhat,Very,Somewhat,Very,The arm rests should be shared,The arm rests should be shared,The person in the window seat should have exclusive control,No,Somewhat,Twice,TRUE,FALSE,1,0,1,2
417,417,3432892407,Female,45-60,"5'3""",FALSE,NA,Some college or Associate degree,East North Central,Once a year or less,Once in a while,TRUE,Somewhat,TRUE,Somewhat,Somewhat,Somewhat,Somewhat,No,Very,The arm rests should be shared,The arm rests should be shared,The person in the window seat should have exclusive control,No,No,Twice,FALSE,FALSE,1,1,2,1
418,418,3432889720,Female,> 60,"5'3""",FALSE,"$50,000 - $99,999",Graduate degree,East North Central,Once a year or less,About half the time,TRUE,No,TRUE,No,No,No,No,No,Very,The person in the middle seat gets both arm rests,The arm rests should be shared,The person in the window seat should have exclusive control,No,Somewhat,Three times,FALSE,FALSE,1,0,1,1
419,419,3432888725,Female,45-60,"5'7""",TRUE,"$100,000 - $149,999",Graduate degree,West South Central,Once a year or less,Never,TRUE,Somewhat,TRUE,No,No,No,Somewhat,No,Somewhat,The arm rests should be shared,The arm rests should be shared,Everyone in the row should have some say,No,No,Once,FALSE,FALSE,1,0,2,1
420,420,3432882886,Male,30-44,"6'0""",FALSE,NA,Graduate degree,West South Central,Once a month or less,Once in a while,TRUE,No,FALSE,No,No,No,No,No,No,The arm rests should be shared,The arm rests should be shared,Everyone in the row should have some say,No,No,Four times,TRUE,FALSE,1,1,1,2
421,421,3432882055,Female,45-60,"5'3""",FALSE,"$100,000 - $149,999",High school degree,South Atlantic,Once a year or less,Usually,FALSE,No,FALSE,No,No,No,Somewhat,No,Somewhat,The arm rests should be shared,The arm rests should be shared,The person in the window seat should have exclusive control,No,No,Three times,FALSE,FALSE,0,0,1,1
422,422,3432874714,Male,18-29,"5'10""",FALSE,NA,Bachelor degree,Middle Atlantic,Once a year or less,Always,FALSE,No,FALSE,No,No,Somewhat,Somewhat,Somewhat,Somewhat,The arm rests should be shared,The arm rests should be shared,Everyone in the row should have some say,No,Somewhat,Three times,TRUE,FALSE,1,1,1,2
423,423,3432870182,Female,> 60,"5'1""",FALSE,NA,Graduate degree,South Atlantic,Once a month or less,Once in a while,TRUE,Somewhat,FALSE,Somewhat,No,Somewhat,Somewhat,No,Somewhat,The arm rests should be shared,Other (please specify),Everyone in the row should have some say,No,Somewhat,Three times,FALSE,FALSE,1,1,2,1
424,424,3432863942,Male,45-60,"6'3""",TRUE,"$100,000 - $149,999",Some college or Associate degree,Middle Atlantic,Once a month or less,Never,FALSE,No,FALSE,Somewhat,No,No,No,No,Very,Whoever puts their arm on the arm rest first,The arm rests should be shared,The person in the window seat should have exclusive control,No,No,More than five times times,FALSE,FALSE,1,0,1,2
425,425,3432863119,Female,45-60,"5'7""",FALSE,"$25,000 - $49,999",High school degree,East North Central,Once a year or less,Always,TRUE,No,FALSE,No,No,Somewhat,Somewhat,No,Very,The arm rests should be shared,The arm rests should be shared,Everyone in the row should have some say,No,No,Three times,FALSE,FALSE,0,0,1,1
426,426,3432861352,Female,45-60,"5'2""",FALSE,NA,Graduate degree,South Atlantic,Once a year or less,Once in a while,TRUE,Very,TRUE,No,No,Very,Very,Very,Very,Other (please specify),The person by the window,Everyone in the row should have some say,No,Very,Twice,FALSE,FALSE,1,1,3,1
427,427,3432860870,Male,18-29,NA,NA,"$25,000 - $49,999",Some college or Associate degree,West South Central,Never,NA,NA,NA,NA,NA,NA,NA,NA,NA,NA,NA,NA,NA,NA,NA,NA,NA,NA,1,20,NA,2
428,428,3432860498,Male,45-60,"6'0""",TRUE,"$50,000 - $99,999",Graduate degree,West South Central,Once a month or less,Once in a while,TRUE,Somewhat,FALSE,No,No,No,No,No,Somewhat,The arm rests should be shared,The arm rests should be shared,The person in the window seat should have exclusive control,No,No,Four times,FALSE,FALSE,1,0,2,2
429,429,3432859575,Male,45-60,NA,NA,"$0 - $24,999",Some college or Associate degree,Pacific,Never,NA,NA,NA,NA,NA,NA,NA,NA,NA,NA,NA,NA,NA,NA,NA,NA,NA,NA,1,20,NA,2
430,430,3432858420,Female,> 60,"5'0""",FALSE,"$50,000 - $99,999",High school degree,West North Central,Once a year or less,Usually,TRUE,No,FALSE,No,No,No,Somewhat,No,Somewhat,The arm rests should be shared,The arm rests should be shared,Everyone in the row should have some say,No,No,Twice,FALSE,FALSE,0,0,1,1
431,431,3432855362,Female,45-60,"5'5""",FALSE,"$25,000 - $49,999",Bachelor degree,Pacific,Once a year or less,About half the time,TRUE,No,FALSE,Very,Somewhat,Very,Very,Somewhat,Very,The arm rests should be shared,Whoever puts their arm on the arm rest first,The person in the window seat should have exclusive control,No,No,Once,FALSE,FALSE,1,0,1,1
432,432,3432855309,Male,45-60,"6'2""",TRUE,"$100,000 - $149,999",Bachelor degree,South Atlantic,Once a year or less,Once in a while,TRUE,No,TRUE,No,No,No,No,No,Somewhat,The arm rests should be shared,Whoever puts their arm on the arm rest first,The person in the window seat should have exclusive control,No,No,Twice,FALSE,FALSE,1,0,1,2
433,433,3432853095,Male,> 60,"5'11""",FALSE,"$50,000 - $99,999",Bachelor degree,Middle Atlantic,Once a year or less,Always,TRUE,No,TRUE,No,No,No,Somewhat,No,Very,The arm rests should be shared,The arm rests should be shared,The person in the window seat should have exclusive control,No,No,Twice,FALSE,FALSE,1,0,1,2
434,434,3432852647,Female,45-60,"5'2""",FALSE,"$50,000 - $99,999",High school degree,East South Central,Once a month or less,Usually,FALSE,No,FALSE,No,No,Somewhat,Somewhat,No,No,Whoever puts their arm on the arm rest first,Whoever puts their arm on the arm rest first,The person in the window seat should have exclusive control,No,No,Three times,TRUE,FALSE,0,0,1,1
435,435,3432848594,Female,30-44,"5'7""",TRUE,"$50,000 - $99,999",Some college or Associate degree,Pacific,Once a year or less,Usually,FALSE,No,FALSE,Somewhat,No,Somewhat,Very,No,Very,The person in the middle seat gets both arm rests,The arm rests should be shared,Everyone in the row should have some say,No,No,Three times,FALSE,FALSE,1,0,1,1
436,436,3432848086,NA,NA,"6'0""",FALSE,NA,NA,NA,Once a year or less,Never,TRUE,No,FALSE,No,No,No,Somewhat,No,Somewhat,The arm rests should be shared,The arm rests should be shared,Everyone in the row should have some say,No,No,Four times,FALSE,FALSE,NA,6,1,NA
437,437,3432843728,Male,45-60,"6'0""",FALSE,NA,Graduate degree,New England,Once a year or less,Never,TRUE,No,FALSE,No,No,Somewhat,Somewhat,No,Somewhat,The arm rests should be shared,The arm rests should be shared,Everyone in the row should have some say,No,No,Four times,FALSE,FALSE,1,1,1,2
438,438,3432840422,Female,45-60,"5'7""",TRUE,NA,Graduate degree,South Atlantic,Once a year or less,Once in a while,TRUE,No,FALSE,No,No,No,Somewhat,No,Somewhat,The arm rests should be shared,The arm rests should be shared,The person in the window seat should have exclusive control,No,No,Twice,FALSE,FALSE,1,1,1,1
439,439,3432839137,Female,30-44,Under 5 ft.,FALSE,"$100,000 - $149,999",Some college or Associate degree,Pacific,Once a year or less,Usually,FALSE,No,FALSE,No,No,No,No,No,No,Other (please specify),Other (please specify),The person in the window seat should have exclusive control,No,No,More than five times times,FALSE,FALSE,1,0,1,1
440,440,3432838747,Female,45-60,NA,NA,"$25,000 - $49,999",High school degree,Middle Atlantic,Never,NA,NA,NA,NA,NA,NA,NA,NA,NA,NA,NA,NA,NA,NA,NA,NA,NA,NA,0,20,NA,1
441,441,3432837467,Male,18-29,"5'11""",FALSE,"$100,000 - $149,999",Some college or Associate degree,Pacific,Once a year or less,Once in a while,FALSE,No,FALSE,No,No,No,Somewhat,Somewhat,Very,The person in the middle seat gets both arm rests,The person by the window,Everyone in the row should have some say,No,No,Three times,FALSE,FALSE,1,0,1,2
442,442,3432836941,Female,30-44,"5'7""",FALSE,"$100,000 - $149,999",Some college or Associate degree,West North Central,Once a year or less,Usually,FALSE,No,FALSE,No,No,No,No,No,Somewhat,The arm rests should be shared,The arm rests should be shared,The person in the window seat should have exclusive control,No,No,Three times,FALSE,FALSE,1,0,1,1
443,443,3432833143,Male,18-29,NA,NA,"$100,000 - $149,999",Bachelor degree,Pacific,Never,NA,NA,NA,NA,NA,NA,NA,NA,NA,NA,NA,NA,NA,NA,NA,NA,NA,NA,1,20,NA,2
444,444,3432832379,Female,30-44,"5'0""",FALSE,NA,NA,East North Central,Once a year or less,About half the time,TRUE,No,FALSE,No,No,Somewhat,Somewhat,No,No,Other (please specify),Whoever puts their arm on the arm rest first,The person in the window seat should have exclusive control,No,No,More than five times times,FALSE,FALSE,NA,3,1,1
445,445,3432831602,Female,> 60,"5'5""",FALSE,"$100,000 - $149,999",Graduate degree,East South Central,Once a month or less,Always,FALSE,No,FALSE,No,No,Somewhat,Very,Somewhat,Very,Other (please specify),Other (please specify),Everyone in the row should have some say,No,No,Three times,FALSE,FALSE,1,0,1,1
446,446,3432831349,NA,NA,NA,NA,NA,NA,NA,Once a year or less,NA,NA,NA,NA,NA,NA,NA,NA,NA,NA,NA,NA,NA,NA,NA,NA,NA,NA,NA,26,NA,NA
447,447,3432830879,Female,45-60,"5'5""",FALSE,"$50,000 - $99,999",Graduate degree,West South Central,Once a year or less,Usually,TRUE,No,FALSE,No,No,Somewhat,Somewhat,No,Somewhat,The person in the middle seat gets both arm rests,The person by the window,The person in the window seat should have exclusive control,No,No,Twice,FALSE,FALSE,1,0,1,1
448,448,3432827955,Male,30-44,"5'8""",FALSE,NA,Bachelor degree,Pacific,Once a month or less,Usually,FALSE,No,FALSE,No,No,No,No,No,No,The arm rests should be shared,The arm rests should be shared,The person in the window seat should have exclusive control,No,No,More than five times times,FALSE,FALSE,1,1,1,2
449,449,3432826278,Male,18-29,"5'11""",FALSE,NA,NA,New England,Once a month or less,Never,FALSE,Very,TRUE,Very,Very,Very,Very,No,Very,The people in the aisle and window seats get both arm rests,The person by the window,Everyone in the row should have some say,Somewhat,Very,It is not okay to get up during flight,FALSE,FALSE,NA,3,3,2
450,450,3432823175,Male,18-29,NA,NA,NA,Less than high school degree,Pacific,Never,NA,NA,NA,NA,NA,NA,NA,NA,NA,NA,NA,NA,NA,NA,NA,NA,NA,NA,0,21,NA,2
451,451,3432814391,Male,> 60,"6'0""",FALSE,NA,Graduate degree,Pacific,Once a month or less,Once in a while,TRUE,Somewhat,TRUE,No,No,No,No,Somewhat,Very,The person in the middle seat gets both arm rests,The arm rests should be shared,Everyone in the row should have some say,No,Somewhat,Four times,TRUE,FALSE,1,1,2,2
452,452,3432814266,Male,18-29,NA,NA,"$100,000 - $149,999",Bachelor degree,Pacific,Never,NA,NA,NA,NA,NA,NA,NA,NA,NA,NA,NA,NA,NA,NA,NA,NA,NA,NA,1,20,NA,2
453,453,3432813588,Female,30-44,NA,NA,"$0 - $24,999",Some college or Associate degree,Pacific,Never,NA,NA,NA,NA,NA,NA,NA,NA,NA,NA,NA,NA,NA,NA,NA,NA,NA,NA,1,20,NA,1
454,454,3432813538,Female,45-60,NA,NA,NA,Bachelor degree,East North Central,Never,NA,NA,NA,NA,NA,NA,NA,NA,NA,NA,NA,NA,NA,NA,NA,NA,NA,NA,1,21,NA,1
455,455,3432809285,Female,45-60,"5'9""",FALSE,"$100,000 - $149,999",Graduate degree,Middle Atlantic,Once a year or less,About half the time,TRUE,No,FALSE,No,Somewhat,Somewhat,No,Somewhat,Somewhat,The arm rests should be shared,The arm rests should be shared,Everyone in the row should have some say,No,No,Four times,FALSE,FALSE,1,0,1,1
456,456,3432807061,Female,45-60,"5'2""",FALSE,"$25,000 - $49,999",Bachelor degree,Middle Atlantic,Once a year or less,About half the time,TRUE,Somewhat,FALSE,No,No,No,Somewhat,Somewhat,Very,The arm rests should be shared,The arm rests should be shared,Everyone in the row should have some say,No,No,Three times,FALSE,FALSE,1,0,2,1
457,457,3432800605,Male,30-44,"5'5""",FALSE,NA,Some college or Associate degree,Pacific,Once a month or less,Usually,FALSE,No,FALSE,No,No,No,Somewhat,Very,Very,The person in the middle seat gets both arm rests,The arm rests should be shared,Everyone in the row should have some say,No,No,Twice,TRUE,FALSE,1,1,1,2
458,458,3432799814,Female,45-60,"5'5""",TRUE,"$100,000 - $149,999",Graduate degree,Pacific,Once a month or less,Once in a while,TRUE,Somewhat,FALSE,No,No,No,No,No,Somewhat,Other (please specify),Whoever puts their arm on the arm rest first,Everyone in the row should have some say,No,No,Four times,FALSE,FALSE,1,0,2,1
459,459,3432797272,Female,30-44,"5'11""",FALSE,"$50,000 - $99,999",Graduate degree,Pacific,Once a month or less,Once in a while,TRUE,Somewhat,TRUE,No,No,No,No,No,No,The arm rests should be shared,The arm rests should be shared,Everyone in the row should have some say,No,No,Three times,FALSE,FALSE,1,0,2,1
460,460,3432793410,Female,18-29,"5'2""",FALSE,"$50,000 - $99,999",Bachelor degree,Pacific,Once a month or less,About half the time,FALSE,No,FALSE,No,No,Somewhat,Very,Somewhat,Somewhat,The arm rests should be shared,The arm rests should be shared,The person in the window seat should have exclusive control,No,No,Three times,TRUE,FALSE,1,0,1,1
461,461,3432792493,Male,45-60,"5'7""",FALSE,NA,Bachelor degree,Pacific,Once a month or less,Once in a while,TRUE,Somewhat,TRUE,No,No,No,Very,Very,Very,The person in the middle seat gets both arm rests,The arm rests should be shared,Everyone in the row should have some say,No,Somewhat,Three times,TRUE,FALSE,1,1,2,2
462,462,3432791789,Male,45-60,"6'3""",FALSE,"$0 - $24,999",Bachelor degree,East South Central,Once a year or less,Once in a while,TRUE,Somewhat,TRUE,No,Somewhat,No,Somewhat,Very,Very,The person in the middle seat gets both arm rests,The arm rests should be shared,The person in the window seat should have exclusive control,No,Very,Twice,FALSE,FALSE,1,0,2,2
463,463,3432786313,Female,30-44,"5'7""",TRUE,"$50,000 - $99,999",Bachelor degree,West North Central,Once a year or less,Always,FALSE,No,FALSE,No,No,No,Somewhat,No,No,The arm rests should be shared,Whoever puts their arm on the arm rest first,The person in the window seat should have exclusive control,No,No,Twice,FALSE,FALSE,1,0,1,1
464,464,3432784159,Male,30-44,"5'10""",FALSE,"$25,000 - $49,999",Bachelor degree,Pacific,Once a year or less,About half the time,FALSE,No,FALSE,No,No,Somewhat,Very,No,No,The arm rests should be shared,The arm rests should be shared,The person in the window seat should have exclusive control,No,No,Twice,TRUE,FALSE,1,0,1,2
465,465,3432782903,Female,45-60,"5'4""",FALSE,"$100,000 - $149,999",Graduate degree,East North Central,Once a year or less,Never,TRUE,No,FALSE,No,No,Somewhat,Somewhat,No,Somewhat,The arm rests should be shared,The arm rests should be shared,Everyone in the row should have some say,No,No,Three times,FALSE,FALSE,1,0,1,1
466,466,3432780542,Male,45-60,"6'0""",FALSE,"$50,000 - $99,999",Bachelor degree,West South Central,Once a month or less,Once in a while,TRUE,Somewhat,TRUE,No,No,No,No,No,Very,The arm rests should be shared,The arm rests should be shared,The person in the window seat should have exclusive control,No,No,Twice,FALSE,FALSE,1,0,2,2
467,467,3432779202,Male,> 60,"5'9""",FALSE,"$50,000 - $99,999",High school degree,Middle Atlantic,Once a year or less,Usually,TRUE,No,FALSE,No,No,No,No,No,Very,The arm rests should be shared,The person in aisle,Everyone in the row should have some say,Somewhat,No,Three times,FALSE,FALSE,0,0,1,2
468,468,3432773257,Male,45-60,"5'11""",FALSE,"$100,000 - $149,999",Some college or Associate degree,Pacific,Once a year or less,About half the time,TRUE,No,FALSE,No,No,No,Somewhat,No,Somewhat,The arm rests should be shared,The arm rests should be shared,The person in the window seat should have exclusive control,No,No,Once,FALSE,FALSE,1,0,1,2
469,469,3432768051,Female,> 60,"5'5""",FALSE,NA,Graduate degree,Pacific,Once a month or less,Usually,FALSE,No,FALSE,No,No,Somewhat,Somewhat,Somewhat,Very,The arm rests should be shared,The arm rests should be shared,The person in the window seat should have exclusive control,Somewhat,No,Three times,FALSE,FALSE,1,1,1,1
470,470,3432766511,Male,> 60,"5'10""",FALSE,"$100,000 - $149,999",Graduate degree,Pacific,Once a month or less,Never,FALSE,No,TRUE,Very,Very,No,Somewhat,Very,Very,The arm rests should be shared,The person by the window,Everyone in the row should have some say,Somewhat,No,Three times,FALSE,FALSE,1,0,1,2
471,471,3432764140,Female,30-44,"5'6""",TRUE,"$100,000 - $149,999",Bachelor degree,West South Central,Once a year or less,Usually,FALSE,Somewhat,FALSE,Somewhat,Somewhat,Somewhat,Somewhat,No,Somewhat,Whoever puts their arm on the arm rest first,The arm rests should be shared,The person in the window seat should have exclusive control,No,No,Three times,FALSE,FALSE,1,0,2,1
472,472,3432760923,Female,45-60,"5'10""",FALSE,NA,Bachelor degree,Middle Atlantic,Once a year or less,Usually,FALSE,Somewhat,TRUE,No,No,No,No,No,Very,Whoever puts their arm on the arm rest first,Whoever puts their arm on the arm rest first,The person in the window seat should have exclusive control,No,No,Three times,FALSE,FALSE,1,1,2,1
473,473,3432757907,Female,45-60,"5'6""",FALSE,"$25,000 - $49,999",Bachelor degree,Pacific,Once a year or less,Always,FALSE,No,FALSE,No,No,Somewhat,No,No,Somewhat,The arm rests should be shared,The arm rests should be shared,The person in the window seat should have exclusive control,No,No,Twice,FALSE,FALSE,1,0,1,1
474,474,3432757277,Female,45-60,"5'7""",FALSE,"$50,000 - $99,999",Bachelor degree,South Atlantic,Once a month or less,Usually,FALSE,No,FALSE,No,No,No,Somewhat,No,Somewhat,The arm rests should be shared,The arm rests should be shared,Everyone in the row should have some say,No,No,Twice,FALSE,FALSE,1,0,1,1
475,475,3432756587,Female,45-60,"5'5""",TRUE,"$50,000 - $99,999",Bachelor degree,South Atlantic,Once a month or less,Always,TRUE,No,FALSE,No,No,No,No,No,Somewhat,The arm rests should be shared,The arm rests should be shared,Everyone in the row should have some say,Somewhat,No,Twice,FALSE,FALSE,1,0,1,1
476,476,3432756556,Male,> 60,NA,NA,"$0 - $24,999",High school degree,New England,Never,NA,NA,NA,NA,NA,NA,NA,NA,NA,NA,NA,NA,NA,NA,NA,NA,NA,NA,0,20,NA,2
477,477,3432748659,Male,> 60,"5'8""",TRUE,NA,NA,Pacific,Once a month or less,About half the time,FALSE,No,FALSE,No,No,No,No,No,Somewhat,The arm rests should be shared,The arm rests should be shared,Everyone in the row should have some say,Very,No,It is not okay to get up during flight,FALSE,FALSE,NA,3,1,2
478,478,3432747385,Male,18-29,"6'3""",FALSE,NA,Bachelor degree,West South Central,Once a year or less,Never,TRUE,Very,TRUE,Somewhat,Somewhat,No,Very,Very,Very,Other (please specify),The person in aisle,The person in the window seat should have exclusive control,Somewhat,No,Once,FALSE,FALSE,1,1,3,2
479,479,3432743308,Male,> 60,NA,NA,"$25,000 - $49,999",Graduate degree,South Atlantic,Never,NA,NA,NA,NA,NA,NA,NA,NA,NA,NA,NA,NA,NA,NA,NA,NA,NA,NA,1,20,NA,2
480,480,3432743281,Female,45-60,"5'2""",TRUE,"$100,000 - $149,999",Graduate degree,East North Central,Once a year or less,Usually,TRUE,No,FALSE,No,No,Somewhat,Very,Very,Very,The arm rests should be shared,The arm rests should be shared,Everyone in the row should have some say,Somewhat,No,More than five times times,FALSE,FALSE,1,0,1,1
481,481,3432742047,Female,30-44,NA,NA,"$50,000 - $99,999",Bachelor degree,New England,Never,NA,NA,NA,NA,NA,NA,NA,NA,NA,NA,NA,NA,NA,NA,NA,NA,NA,NA,1,20,NA,1
482,482,3432732425,Male,30-44,"5'8""",FALSE,NA,Graduate degree,Middle Atlantic,Once a year or less,Never,TRUE,Somewhat,TRUE,No,No,No,Somewhat,Very,Very,The arm rests should be shared,The arm rests should be shared,Everyone in the row should have some say,Somewhat,Somewhat,Three times,FALSE,FALSE,1,1,2,2
483,483,3432730924,Male,> 60,"6'1""",FALSE,NA,Graduate degree,Pacific,Once a month or less,Always,FALSE,No,FALSE,No,No,Somewhat,Somewhat,No,Somewhat,The arm rests should be shared,The arm rests should be shared,Everyone in the row should have some say,No,No,Three times,FALSE,FALSE,1,1,1,2
484,484,3432729673,Male,18-29,"5'11""",FALSE,"$25,000 - $49,999",Some college or Associate degree,East North Central,Once a year or less,Always,FALSE,No,FALSE,No,No,No,Somewhat,No,Very,Whoever puts their arm on the arm rest first,Whoever puts their arm on the arm rest first,Everyone in the row should have some say,No,No,Three times,TRUE,FALSE,1,0,1,2
485,485,3432729279,Male,45-60,"5'11""",FALSE,"$25,000 - $49,999",Some college or Associate degree,South Atlantic,Once a year or less,Never,TRUE,Somewhat,TRUE,No,No,No,Somewhat,Somewhat,Very,The arm rests should be shared,The arm rests should be shared,The person in the window seat should have exclusive control,No,No,Three times,FALSE,FALSE,1,0,2,2
486,486,3432725309,Female,30-44,"5'0""",FALSE,"$50,000 - $99,999",Graduate degree,East North Central,Once a year or less,About half the time,TRUE,Somewhat,TRUE,No,No,No,Somewhat,No,Very,The arm rests should be shared,The arm rests should be shared,The person in the window seat should have exclusive control,Somewhat,No,More than five times times,FALSE,FALSE,1,0,2,1
487,487,3432725057,Male,30-44,"5'8""",FALSE,"$50,000 - $99,999",NA,East North Central,Once a year or less,Once in a while,FALSE,No,FALSE,Somewhat,Somewhat,No,Somewhat,Very,Very,The arm rests should be shared,The arm rests should be shared,The person in the window seat should have exclusive control,No,No,Twice,FALSE,FALSE,NA,2,1,2
488,488,3432723006,Male,30-44,"5'11""",FALSE,"$100,000 - $149,999",Some college or Associate degree,Pacific,Once a year or less,Usually,FALSE,No,TRUE,Somewhat,No,No,Somewhat,No,Very,The arm rests should be shared,Whoever puts their arm on the arm rest first,Everyone in the row should have some say,Somewhat,No,Three times,FALSE,FALSE,1,0,1,2
489,489,3432719444,Male,> 60,"5'10""",FALSE,"$50,000 - $99,999",Graduate degree,Pacific,Once a year or less,Always,FALSE,No,TRUE,No,No,No,No,Very,Very,Whoever puts their arm on the arm rest first,Whoever puts their arm on the arm rest first,The person in the window seat should have exclusive control,No,No,Three times,FALSE,FALSE,1,0,1,2
490,490,3432717557,Male,18-29,"5'7""",FALSE,"$0 - $24,999",Some college or Associate degree,Pacific,Once a year or less,Always,TRUE,No,FALSE,No,No,Somewhat,Very,No,Somewhat,The person in the middle seat gets both arm rests,The arm rests should be shared,Everyone in the row should have some say,No,No,Four times,FALSE,FALSE,1,0,1,2
491,491,3432716154,NA,NA,"5'10""",FALSE,NA,NA,NA,Once a year or less,Always,NA,NA,NA,NA,NA,NA,NA,NA,NA,Whoever puts their arm on the arm rest first,The person by the window,The person in the window seat should have exclusive control,NA,NA,NA,NA,NA,NA,20,NA,NA
492,492,3432715149,Female,45-60,"5'3""",FALSE,"$50,000 - $99,999",Bachelor degree,New England,Once a year or less,Usually,TRUE,No,FALSE,No,No,Somewhat,Very,No,Somewhat,Whoever puts their arm on the arm rest first,The arm rests should be shared,Everyone in the row should have some say,No,No,Twice,FALSE,FALSE,1,0,1,1
493,493,3432712883,Male,> 60,"6'1""",FALSE,NA,Bachelor degree,Pacific,A few times per month,About half the time,FALSE,No,FALSE,No,No,No,No,No,Somewhat,The arm rests should be shared,The arm rests should be shared,The person in the window seat should have exclusive control,No,No,Twice,TRUE,FALSE,1,1,1,2
494,494,3432712733,Female,30-44,"5'4""",TRUE,NA,Bachelor degree,Mountain,Once a year or less,Once in a while,FALSE,No,FALSE,No,No,No,No,No,No,The arm rests should be shared,The arm rests should be shared,Everyone in the row should have some say,No,No,More than five times times,FALSE,FALSE,1,1,1,1
495,495,3432712670,Male,18-29,"5'5""",FALSE,"$50,000 - $99,999",Bachelor degree,East North Central,Once a month or less,Usually,TRUE,No,FALSE,Somewhat,No,Somewhat,Very,No,No,The arm rests should be shared,The arm rests should be shared,Everyone in the row should have some say,No,No,Three times,TRUE,FALSE,1,0,1,2
496,496,3432710807,Female,45-60,"5'7""",FALSE,"$25,000 - $49,999",Graduate degree,West South Central,Once a year or less,Always,FALSE,No,FALSE,No,No,No,Somewhat,Very,Very,Whoever puts their arm on the arm rest first,Whoever puts their arm on the arm rest first,The person in the window seat should have exclusive control,No,Somewhat,Twice,FALSE,FALSE,1,0,1,1
497,497,3432708518,Female,30-44,"5'8""",TRUE,"$50,000 - $99,999",Graduate degree,West North Central,Once a month or less,Never,TRUE,Very,TRUE,No,No,No,No,No,No,The people in the aisle and window seats get both arm rests,The arm rests should be shared,The person in the window seat should have exclusive control,No,No,Three times,FALSE,FALSE,1,0,3,1
498,498,3432704896,Female,45-60,"5'2""",FALSE,"$50,000 - $99,999",Some college or Associate degree,West South Central,Once a year or less,Usually,FALSE,No,FALSE,No,No,Somewhat,Somewhat,No,No,The arm rests should be shared,The arm rests should be shared,Everyone in the row should have some say,No,Somewhat,Twice,FALSE,FALSE,1,0,1,1
499,499,3432703862,Male,45-60,"5'11""",FALSE,"$100,000 - $149,999",Bachelor degree,Middle Atlantic,Once a month or less,Always,FALSE,No,FALSE,No,No,No,No,No,Very,Whoever puts their arm on the arm rest first,Whoever puts their arm on the arm rest first,The person in the window seat should have exclusive control,No,No,More than five times times,TRUE,FALSE,1,0,1,2
500,500,3432702734,Female,18-29,NA,NA,"$25,000 - $49,999",Bachelor degree,Pacific,Never,NA,NA,NA,NA,NA,NA,NA,NA,NA,NA,NA,NA,NA,NA,NA,NA,NA,NA,1,20,NA,1
501,501,3432702376,Female,18-29,NA,NA,"$50,000 - $99,999",Bachelor degree,West South Central,Never,NA,NA,NA,NA,NA,NA,NA,NA,NA,NA,NA,NA,NA,NA,NA,NA,NA,NA,1,20,NA,1
502,502,3432701612,Female,18-29,"5'9""",FALSE,"$50,000 - $99,999",Bachelor degree,West North Central,Once a year or less,Never,TRUE,Somewhat,TRUE,Somewhat,Somewhat,Somewhat,Somewhat,No,Somewhat,The arm rests should be shared,The person in aisle,Everyone in the row should have some say,No,Somewhat,Twice,FALSE,FALSE,1,0,2,1
503,503,3432698661,Female,18-29,"5'8""",FALSE,"$25,000 - $49,999",Bachelor degree,South Atlantic,Once a year or less,About half the time,TRUE,Somewhat,FALSE,Very,Somewhat,Very,Very,Very,Very,Whoever puts their arm on the arm rest first,Whoever puts their arm on the arm rest first,The person in the window seat should have exclusive control,Very,Very,Twice,TRUE,FALSE,1,0,2,1
504,504,3432696460,Male,18-29,NA,NA,"$25,000 - $49,999",Some college or Associate degree,Pacific,Never,NA,NA,NA,NA,NA,NA,NA,NA,NA,NA,NA,NA,NA,NA,NA,NA,NA,NA,1,20,NA,2
505,505,3432694545,Female,30-44,"5'6""",FALSE,"$50,000 - $99,999",Some college or Associate degree,Middle Atlantic,Once a year or less,Always,TRUE,Somewhat,TRUE,Very,Very,Somewhat,Somewhat,No,Very,The arm rests should be shared,The arm rests should be shared,The person in the window seat should have exclusive control,No,No,Three times,FALSE,FALSE,1,0,2,1
506,506,3432693762,Female,30-44,"5'9""",TRUE,"$50,000 - $99,999",Bachelor degree,South Atlantic,Once a year or less,Usually,TRUE,No,FALSE,No,No,No,Somewhat,No,No,The arm rests should be shared,The arm rests should be shared,Everyone in the row should have some say,No,No,Four times,FALSE,FALSE,1,0,1,1
507,507,3432692283,Female,18-29,"5'5""",FALSE,NA,High school degree,East North Central,Once a year or less,Once in a while,TRUE,No,FALSE,No,No,No,Somewhat,No,Somewhat,Other (please specify),Other (please specify),The person in the window seat should have exclusive control,Somewhat,No,Three times,FALSE,FALSE,0,1,1,1
508,508,3432690556,Female,45-60,"5'2""",FALSE,"$100,000 - $149,999",Graduate degree,West South Central,Once a year or less,Once in a while,FALSE,No,FALSE,Somewhat,No,Somewhat,Very,No,Somewhat,The arm rests should be shared,The arm rests should be shared,Everyone in the row should have some say,No,No,Once,FALSE,FALSE,1,0,1,1
509,509,3432688045,Female,18-29,"5'5""",FALSE,"$50,000 - $99,999",Graduate degree,Pacific,Once a year or less,Always,FALSE,No,FALSE,Somewhat,No,No,No,Somewhat,Very,Whoever puts their arm on the arm rest first,The person by the window,The person in the window seat should have exclusive control,No,No,Four times,TRUE,FALSE,1,0,1,1
510,510,3432686853,Female,45-60,"6'0""",FALSE,"$50,000 - $99,999",Bachelor degree,NA,Once a year or less,Always,TRUE,No,FALSE,No,No,Somewhat,Somewhat,No,Somewhat,The arm rests should be shared,The arm rests should be shared,Everyone in the row should have some say,No,Somewhat,Twice,FALSE,FALSE,1,1,1,1
511,511,3432686527,Female,30-44,NA,NA,"$25,000 - $49,999",High school degree,East North Central,Never,NA,NA,NA,NA,NA,NA,NA,NA,NA,NA,NA,NA,NA,NA,NA,NA,NA,NA,0,20,NA,1
512,512,3432682685,Female,18-29,"5'6""",FALSE,"$50,000 - $99,999",Bachelor degree,New England,Once a month or less,About half the time,TRUE,Somewhat,FALSE,Somewhat,Somewhat,Somewhat,Very,Somewhat,Very,The arm rests should be shared,The person in aisle,The person in the window seat should have exclusive control,No,No,Four times,FALSE,FALSE,1,0,2,1
513,513,3432681188,Male,> 60,"6'0""",FALSE,"$100,000 - $149,999",Graduate degree,Pacific,Once a year or less,Once in a while,TRUE,No,FALSE,No,No,Somewhat,Somewhat,No,Somewhat,The arm rests should be shared,The arm rests should be shared,Everyone in the row should have some say,No,Somewhat,Twice,FALSE,FALSE,1,0,1,2
514,514,3432680969,Female,18-29,"5'7""",FALSE,"$25,000 - $49,999",Bachelor degree,West North Central,Once a month or less,Usually,FALSE,No,FALSE,Somewhat,No,No,No,No,Somewhat,The arm rests should be shared,The arm rests should be shared,Everyone in the row should have some say,No,No,Three times,FALSE,FALSE,1,0,1,1
515,515,3432679810,Female,> 60,NA,NA,"$25,000 - $49,999",Some college or Associate degree,South Atlantic,Never,NA,NA,NA,NA,NA,NA,NA,NA,NA,NA,NA,NA,NA,NA,NA,NA,NA,NA,1,20,NA,1
516,516,3432676303,Female,18-29,"5'4""",FALSE,"$50,000 - $99,999",Bachelor degree,Mountain,Once a month or less,Never,TRUE,Very,TRUE,No,No,No,Somewhat,No,Somewhat,The person in the middle seat gets both arm rests,Whoever puts their arm on the arm rest first,The person in the window seat should have exclusive control,Somewhat,No,Twice,FALSE,FALSE,1,0,3,1
517,517,3432674865,Male,45-60,"6'2""",TRUE,"$25,000 - $49,999",Some college or Associate degree,South Atlantic,Once a year or less,Once in a while,TRUE,Somewhat,TRUE,Somewhat,No,No,Very,No,Somewhat,The arm rests should be shared,The arm rests should be shared,The person in the window seat should have exclusive control,No,No,Three times,FALSE,FALSE,1,0,2,2
518,518,3432674597,Female,45-60,"5'4""",FALSE,NA,High school degree,South Atlantic,Once a year or less,Once in a while,TRUE,Somewhat,FALSE,No,No,Somewhat,Somewhat,No,Somewhat,The arm rests should be shared,The arm rests should be shared,The person in the window seat should have exclusive control,No,No,More than five times times,FALSE,FALSE,0,1,2,1
519,519,3432673760,Female,30-44,Under 5 ft.,FALSE,"$25,000 - $49,999",Some college or Associate degree,Middle Atlantic,Once a year or less,Once in a while,FALSE,No,FALSE,No,No,No,No,No,No,Whoever puts their arm on the arm rest first,Whoever puts their arm on the arm rest first,The person in the window seat should have exclusive control,No,No,Three times,FALSE,FALSE,1,0,1,1
520,520,3432671925,Female,30-44,"5'2""",FALSE,"$50,000 - $99,999",Graduate degree,East North Central,Once a year or less,Never,TRUE,No,FALSE,No,No,No,No,No,Very,The arm rests should be shared,The arm rests should be shared,The person in the window seat should have exclusive control,No,No,Three times,TRUE,FALSE,1,0,1,1
521,521,3432671796,Female,45-60,"5'6""",FALSE,"$100,000 - $149,999",Bachelor degree,New England,Once a year or less,Always,FALSE,No,FALSE,No,No,Somewhat,Somewhat,No,Somewhat,Other (please specify),The person in aisle,The person in the window seat should have exclusive control,No,No,More than five times times,FALSE,FALSE,1,0,1,1
522,522,3432669331,Male,45-60,NA,NA,"$100,000 - $149,999",Bachelor degree,East North Central,Never,NA,NA,NA,NA,NA,NA,NA,NA,NA,NA,NA,NA,NA,NA,NA,NA,NA,NA,1,20,NA,2
523,523,3432663659,Male,18-29,"6'1""",FALSE,"$25,000 - $49,999",Graduate degree,West North Central,Once a year or less,Always,FALSE,No,FALSE,No,No,No,Somewhat,No,Very,The arm rests should be shared,The arm rests should be shared,Everyone in the row should have some say,No,No,Twice,FALSE,FALSE,1,0,1,2
524,524,3432662408,Female,30-44,"5'1""",FALSE,NA,Graduate degree,Middle Atlantic,Once a year or less,Never,TRUE,Somewhat,TRUE,Very,Very,No,Somewhat,No,Very,The arm rests should be shared,The arm rests should be shared,Everyone in the row should have some say,No,No,Three times,FALSE,FALSE,1,1,2,1
525,525,3432659558,Female,45-60,Under 5 ft.,TRUE,"$50,000 - $99,999",Graduate degree,Mountain,Once a year or less,Never,TRUE,Somewhat,TRUE,No,No,Somewhat,Very,No,Somewhat,Whoever puts their arm on the arm rest first,Whoever puts their arm on the arm rest first,Everyone in the row should have some say,No,No,Twice,FALSE,FALSE,1,0,2,1
526,526,3432657800,Female,45-60,"5'7""",FALSE,NA,Graduate degree,South Atlantic,Once a year or less,Always,FALSE,No,FALSE,No,No,No,Somewhat,Somewhat,Very,Whoever puts their arm on the arm rest first,Whoever puts their arm on the arm rest first,Everyone in the row should have some say,No,No,Four times,FALSE,FALSE,1,1,1,1
527,527,3432657579,Female,45-60,NA,NA,"$25,000 - $49,999",Bachelor degree,Pacific,Never,NA,NA,NA,NA,NA,NA,NA,NA,NA,NA,NA,NA,NA,NA,NA,NA,NA,NA,1,20,NA,1
528,528,3432657414,Female,18-29,"5'7""",TRUE,NA,Some college or Associate degree,East South Central,Once a year or less,Always,TRUE,No,FALSE,No,No,Somewhat,Somewhat,No,Somewhat,The arm rests should be shared,The arm rests should be shared,Everyone in the row should have some say,No,No,Twice,FALSE,FALSE,1,1,1,1
529,529,3432656062,Male,18-29,"6'2""",FALSE,NA,Bachelor degree,New England,Once a year or less,About half the time,FALSE,Somewhat,TRUE,Somewhat,Somewhat,Somewhat,Very,Somewhat,Very,The arm rests should be shared,The arm rests should be shared,Everyone in the row should have some say,Somewhat,No,Once,FALSE,FALSE,1,1,2,2
530,530,3432654840,Female,45-60,"5'3""",FALSE,"$50,000 - $99,999",Bachelor degree,West South Central,Once a year or less,Usually,TRUE,No,FALSE,No,No,No,No,No,Very,The arm rests should be shared,The arm rests should be shared,Everyone in the row should have some say,No,No,More than five times times,FALSE,FALSE,1,0,1,1
531,531,3432654546,Male,45-60,"5'10""",FALSE,"$50,000 - $99,999",Graduate degree,Pacific,Once a year or less,Usually,FALSE,No,FALSE,No,No,No,No,Somewhat,Very,The arm rests should be shared,The arm rests should be shared,Everyone in the row should have some say,No,No,Twice,FALSE,FALSE,1,0,1,2
532,532,3432653582,Female,> 60,"5'4""",NA,"$100,000 - $149,999",Graduate degree,Middle Atlantic,Once a year or less,Always,TRUE,Somewhat,FALSE,No,Somewhat,Very,No,No,Somewhat,The arm rests should be shared,The person by the window,Everyone in the row should have some say,No,No,Three times,FALSE,FALSE,1,1,2,1
533,533,3432653171,Female,18-29,"5'2""",FALSE,"$50,000 - $99,999",Some college or Associate degree,East North Central,Once a year or less,Never,TRUE,Very,TRUE,No,No,Somewhat,Very,Somewhat,Very,Whoever puts their arm on the arm rest first,Whoever puts their arm on the arm rest first,Everyone in the row should have some say,No,No,Three times,FALSE,FALSE,1,0,3,1
534,534,3432651320,Female,18-29,"5'6""",FALSE,"$50,000 - $99,999",High school degree,West North Central,Once a year or less,Once in a while,TRUE,Somewhat,FALSE,No,No,No,No,Somewhat,Very,Whoever puts their arm on the arm rest first,The arm rests should be shared,The person in the window seat should have exclusive control,No,No,Three times,FALSE,FALSE,0,0,2,1
535,535,3432647057,Female,45-60,"5'7""",TRUE,"$100,000 - $149,999",Bachelor degree,New England,Once a year or less,Always,FALSE,No,FALSE,Somewhat,No,No,Somewhat,No,Somewhat,Whoever puts their arm on the arm rest first,Whoever puts their arm on the arm rest first,The person in the window seat should have exclusive control,No,No,Twice,FALSE,FALSE,1,0,1,1
536,536,3432646135,Male,18-29,"5'6""",FALSE,NA,Some college or Associate degree,South Atlantic,Once a year or less,Never,TRUE,Somewhat,FALSE,No,No,Somewhat,Somewhat,No,Somewhat,Whoever puts their arm on the arm rest first,Whoever puts their arm on the arm rest first,Everyone in the row should have some say,Somewhat,No,More than five times times,FALSE,FALSE,1,1,2,2
537,537,3432645979,Female,18-29,"5'4""",FALSE,"$25,000 - $49,999",Some college or Associate degree,South Atlantic,Once a year or less,Once in a while,TRUE,No,FALSE,No,No,Somewhat,Somewhat,Somewhat,Very,The arm rests should be shared,The arm rests should be shared,Everyone in the row should have some say,No,No,Three times,TRUE,FALSE,1,0,1,1
538,538,3432644073,Male,45-60,NA,NA,"$50,000 - $99,999",Graduate degree,East South Central,Never,NA,NA,NA,NA,NA,NA,NA,NA,NA,NA,NA,NA,NA,NA,NA,NA,NA,NA,1,20,NA,2
539,539,3432642283,Male,45-60,"5'10""",FALSE,NA,Graduate degree,South Atlantic,Once a year or less,Never,TRUE,Somewhat,TRUE,No,No,No,Very,No,Very,Whoever puts their arm on the arm rest first,Whoever puts their arm on the arm rest first,Everyone in the row should have some say,No,No,More than five times times,FALSE,FALSE,1,1,2,2
540,540,3432641073,Female,45-60,"5'2""",FALSE,"$25,000 - $49,999",Some college or Associate degree,Middle Atlantic,Once a month or less,Once in a while,TRUE,Somewhat,FALSE,No,No,No,No,No,No,The person in the middle seat gets both arm rests,The person in aisle,Everyone in the row should have some say,No,No,Three times,FALSE,FALSE,1,0,2,1
541,541,3432640585,Female,18-29,"5'8""",FALSE,"$50,000 - $99,999",Bachelor degree,Pacific,Once a month or less,Once in a while,FALSE,No,FALSE,No,No,Somewhat,Very,No,Somewhat,Whoever puts their arm on the arm rest first,Whoever puts their arm on the arm rest first,Everyone in the row should have some say,No,Somewhat,Twice,FALSE,FALSE,1,0,1,1
542,542,3432638246,Male,45-60,"5'7""",FALSE,"$100,000 - $149,999",Graduate degree,Mountain,Once a month or less,Once in a while,TRUE,Somewhat,FALSE,Somewhat,No,Somewhat,Somewhat,No,Very,The arm rests should be shared,The arm rests should be shared,The person in the window seat should have exclusive control,No,No,Twice,FALSE,FALSE,1,0,2,2
543,543,3432637495,Male,> 60,"5'11""",FALSE,NA,Graduate degree,South Atlantic,Once a year or less,Never,TRUE,No,TRUE,No,No,Somewhat,Very,No,Very,The person in the middle seat gets both arm rests,The arm rests should be shared,Everyone in the row should have some say,No,No,Three times,FALSE,FALSE,1,1,1,2
544,544,3432636848,Male,> 60,"5'10""",FALSE,"$0 - $24,999",Graduate degree,New England,Once a month or less,Once in a while,FALSE,No,TRUE,No,No,No,No,No,Somewhat,The arm rests should be shared,The arm rests should be shared,The person in the window seat should have exclusive control,No,No,Three times,FALSE,FALSE,1,0,1,2
545,545,3432636547,Female,> 60,"5'0""",TRUE,NA,Some college or Associate degree,South Atlantic,Once a year or less,Once in a while,TRUE,Somewhat,FALSE,Very,Very,Somewhat,Very,No,Somewhat,Whoever puts their arm on the arm rest first,The arm rests should be shared,The person in the window seat should have exclusive control,Very,No,More than five times times,FALSE,FALSE,1,1,2,1
546,546,3432635515,Male,> 60,"5'10""",FALSE,NA,Graduate degree,Pacific,Once a month or less,Always,FALSE,No,FALSE,No,No,No,No,Somewhat,Very,The person in the middle seat gets both arm rests,The arm rests should be shared,Everyone in the row should have some say,No,No,Three times,FALSE,FALSE,1,1,1,2
547,547,3432634383,Male,18-29,"5'10""",FALSE,"$50,000 - $99,999",Bachelor degree,Pacific,Once a month or less,Once in a while,TRUE,No,TRUE,No,No,No,Very,No,Somewhat,The person in the middle seat gets both arm rests,Whoever puts their arm on the arm rest first,The person in the window seat should have exclusive control,Somewhat,No,Twice,FALSE,FALSE,1,0,1,2
548,548,3432632431,Female,30-44,"5'3""",FALSE,"$100,000 - $149,999",Bachelor degree,Pacific,Once a year or less,Once in a while,TRUE,No,TRUE,No,No,No,Somewhat,No,No,The person in the middle seat gets both arm rests,The person in aisle,The person in the window seat should have exclusive control,No,No,Once,FALSE,FALSE,1,0,1,1
549,549,3432630149,Female,45-60,"5'1""",FALSE,"$50,000 - $99,999",Graduate degree,West North Central,Once a year or less,Once in a while,FALSE,No,FALSE,No,No,No,No,No,No,The arm rests should be shared,The arm rests should be shared,Everyone in the row should have some say,No,No,Twice,FALSE,FALSE,1,0,1,1
550,550,3432628864,Male,30-44,"5'6""",TRUE,"$50,000 - $99,999",Graduate degree,West South Central,Once a month or less,Usually,TRUE,No,FALSE,No,No,Somewhat,Somewhat,Somewhat,Somewhat,The arm rests should be shared,The arm rests should be shared,Everyone in the row should have some say,No,No,Twice,TRUE,FALSE,1,0,1,2
551,551,3432628841,Male,30-44,"5'8""",TRUE,"$100,000 - $149,999",Graduate degree,West North Central,Once a year or less,Never,FALSE,No,FALSE,No,No,No,Somewhat,No,No,The arm rests should be shared,The arm rests should be shared,The person in the window seat should have exclusive control,No,Somewhat,More than five times times,FALSE,FALSE,1,0,1,2
552,552,3432627503,Female,> 60,"5'1""",FALSE,"$0 - $24,999",Bachelor degree,East North Central,Once a year or less,Usually,TRUE,Somewhat,FALSE,No,No,No,Very,No,Somewhat,The arm rests should be shared,The arm rests should be shared,Everyone in the row should have some say,Very,No,It is not okay to get up during flight,FALSE,FALSE,1,0,2,1
553,553,3432625031,Female,18-29,"5'0""",FALSE,NA,Some college or Associate degree,Pacific,Once a month or less,Never,TRUE,Somewhat,FALSE,No,No,Somewhat,Somewhat,No,No,The arm rests should be shared,The arm rests should be shared,The person in the window seat should have exclusive control,No,No,Three times,FALSE,FALSE,1,1,2,1
554,554,3432622886,Male,> 60,"5'9""",FALSE,NA,Some college or Associate degree,Pacific,Once a year or less,Once in a while,TRUE,Somewhat,TRUE,No,No,No,No,Somewhat,Very,The arm rests should be shared,The arm rests should be shared,Everyone in the row should have some say,No,No,It is not okay to get up during flight,FALSE,FALSE,1,1,2,2
555,555,3432621625,Female,45-60,"5'6""",FALSE,"$50,000 - $99,999",High school degree,Pacific,Once a year or less,Never,TRUE,Somewhat,FALSE,No,No,No,Somewhat,No,Very,The arm rests should be shared,The arm rests should be shared,The person in the window seat should have exclusive control,No,No,Three times,FALSE,FALSE,0,0,2,1
556,556,3432621624,Male,> 60,"5'10""",FALSE,"$100,000 - $149,999",Graduate degree,West North Central,Once a month or less,Once in a while,TRUE,Somewhat,FALSE,No,No,No,No,Somewhat,Somewhat,The arm rests should be shared,The arm rests should be shared,Everyone in the row should have some say,No,No,Four times,FALSE,FALSE,1,0,2,2
557,557,3432619859,Female,30-44,"5'6""",TRUE,NA,Graduate degree,Mountain,Once a year or less,Once in a while,TRUE,No,FALSE,No,No,Somewhat,Somewhat,No,No,The arm rests should be shared,The arm rests should be shared,Everyone in the row should have some say,No,No,Four times,FALSE,FALSE,1,1,1,1
558,558,3432618918,Female,45-60,"5'6""",TRUE,NA,Graduate degree,West North Central,Once a month or less,Usually,TRUE,No,FALSE,No,No,No,No,No,No,The arm rests should be shared,The person by the window,Everyone in the row should have some say,Somewhat,No,Twice,FALSE,FALSE,1,1,1,1
559,559,3432618535,Female,18-29,"5'2""",FALSE,"$50,000 - $99,999",Some college or Associate degree,East North Central,Once a year or less,Never,TRUE,Somewhat,FALSE,No,No,No,Somewhat,No,Somewhat,The arm rests should be shared,The arm rests should be shared,Everyone in the row should have some say,Somewhat,No,Three times,FALSE,FALSE,1,0,2,1
560,560,3432617142,Male,45-60,"5'7""",FALSE,"$25,000 - $49,999",Graduate degree,Mountain,Once a year or less,About half the time,TRUE,Somewhat,FALSE,No,No,No,No,No,Somewhat,The person in the middle seat gets both arm rests,Whoever puts their arm on the arm rest first,Everyone in the row should have some say,No,No,Four times,FALSE,FALSE,1,0,2,2
561,561,3432614225,Male,18-29,"6'2""",FALSE,"$50,000 - $99,999",Bachelor degree,West South Central,Once a month or less,Never,TRUE,Very,TRUE,No,No,Somewhat,Somewhat,Somewhat,Somewhat,The person in the middle seat gets both arm rests,The arm rests should be shared,Everyone in the row should have some say,No,No,Twice,FALSE,FALSE,1,0,3,2
562,562,3432612410,Female,> 60,"5'4""",FALSE,"$50,000 - $99,999",Graduate degree,South Atlantic,Once a year or less,Always,FALSE,No,FALSE,No,No,No,No,No,Somewhat,The arm rests should be shared,The arm rests should be shared,Everyone in the row should have some say,No,Somewhat,More than five times times,FALSE,FALSE,1,0,1,1
563,563,3432612273,Male,> 60,"5'10""",TRUE,"$100,000 - $149,999",Graduate degree,Pacific,Once a year or less,Always,TRUE,No,TRUE,No,No,Somewhat,Somewhat,Somewhat,Very,The arm rests should be shared,The arm rests should be shared,The person in the window seat should have exclusive control,No,No,Twice,FALSE,FALSE,1,0,1,2
564,564,3432612073,Female,18-29,"5'4""",FALSE,"$50,000 - $99,999",Some college or Associate degree,Middle Atlantic,Once a year or less,Once in a while,TRUE,No,FALSE,No,No,No,Somewhat,Somewhat,Very,The person in the middle seat gets both arm rests,The person in aisle,Everyone in the row should have some say,No,No,More than five times times,FALSE,FALSE,1,0,1,1
565,565,3432604139,Male,> 60,"5'10""",FALSE,"$25,000 - $49,999",Bachelor degree,East North Central,Once a year or less,Usually,FALSE,No,FALSE,No,No,Somewhat,Somewhat,Very,Very,The arm rests should be shared,The arm rests should be shared,Everyone in the row should have some say,Very,Somewhat,Three times,FALSE,FALSE,1,0,1,2
566,566,3432603378,Male,45-60,NA,NA,"$50,000 - $99,999",Some college or Associate degree,Pacific,Never,NA,NA,NA,NA,NA,NA,NA,NA,NA,NA,NA,NA,NA,NA,NA,NA,NA,NA,1,20,NA,2
567,567,3432601329,Female,18-29,"5'3""",FALSE,"$50,000 - $99,999",Bachelor degree,South Atlantic,Once a year or less,Once in a while,TRUE,No,FALSE,No,No,Very,Very,No,No,The arm rests should be shared,The arm rests should be shared,Everyone in the row should have some say,No,No,Three times,FALSE,FALSE,1,0,1,1
568,568,3432601169,NA,NA,NA,NA,NA,NA,NA,Once a month or less,NA,NA,NA,NA,NA,NA,NA,NA,NA,NA,NA,NA,NA,NA,NA,NA,NA,NA,NA,26,NA,NA
569,569,3432597578,Female,45-60,"5'3""",FALSE,NA,Graduate degree,New England,Once a year or less,Always,FALSE,No,FALSE,No,No,No,No,No,No,The arm rests should be shared,The arm rests should be shared,Everyone in the row should have some say,No,No,More than five times times,FALSE,FALSE,1,1,1,1
570,570,3432597242,Female,18-29,NA,NA,"$0 - $24,999",Some college or Associate degree,South Atlantic,Never,NA,NA,NA,NA,NA,NA,NA,NA,NA,NA,NA,NA,NA,NA,NA,NA,NA,NA,1,20,NA,1
571,571,3432596789,Male,30-44,"5'5""",FALSE,NA,High school degree,New England,A few times per week,Never,TRUE,Somewhat,TRUE,Somewhat,Somewhat,Somewhat,Somewhat,Somewhat,Somewhat,The person in the middle seat gets both arm rests,The arm rests should be shared,The person in the window seat should have exclusive control,Very,Somewhat,Twice,TRUE,TRUE,0,1,2,2
572,572,3432596033,Female,> 60,"5'5""",TRUE,NA,Graduate degree,East South Central,Once a year or less,Once in a while,TRUE,Very,FALSE,Somewhat,Somewhat,No,No,No,No,The arm rests should be shared,The arm rests should be shared,Everyone in the row should have some say,No,No,Three times,FALSE,FALSE,1,1,3,1
573,573,3432595469,Female,18-29,"5'11""",FALSE,"$50,000 - $99,999",Bachelor degree,West South Central,Once a month or less,Never,TRUE,Somewhat,TRUE,No,No,No,Somewhat,No,Somewhat,The arm rests should be shared,Whoever puts their arm on the arm rest first,Everyone in the row should have some say,No,No,Twice,TRUE,FALSE,1,0,2,1
574,574,3432595447,Male,> 60,"6'0""",FALSE,NA,Graduate degree,West South Central,Once a year or less,Usually,FALSE,No,FALSE,Somewhat,Somewhat,Somewhat,Somewhat,No,Somewhat,The arm rests should be shared,The arm rests should be shared,The person in the window seat should have exclusive control,No,No,Once,FALSE,FALSE,1,1,1,2
575,575,3432594046,Male,45-60,"5'9""",FALSE,NA,Bachelor degree,South Atlantic,Once a year or less,Usually,TRUE,No,FALSE,No,No,No,No,No,No,The arm rests should be shared,The arm rests should be shared,The person in the window seat should have exclusive control,No,No,Three times,FALSE,TRUE,1,1,1,2
576,576,3432593810,Male,45-60,"5'11""",FALSE,"$100,000 - $149,999",Some college or Associate degree,South Atlantic,A few times per month,Never,TRUE,Very,TRUE,No,No,No,No,Very,Very,The person in the middle seat gets both arm rests,The arm rests should be shared,The person in the window seat should have exclusive control,Somewhat,No,Twice,FALSE,FALSE,1,0,3,2
577,577,3432593776,Female,18-29,"5'8""",FALSE,"$25,000 - $49,999",High school degree,East North Central,Once a year or less,Usually,TRUE,Somewhat,FALSE,Somewhat,No,Somewhat,Somewhat,No,Somewhat,The arm rests should be shared,The arm rests should be shared,Everyone in the row should have some say,No,No,Three times,TRUE,FALSE,0,0,2,1
578,578,3432592943,Male,45-60,"5'5""",TRUE,"$50,000 - $99,999",Graduate degree,West North Central,Once a year or less,Once in a while,TRUE,Somewhat,TRUE,No,No,Somewhat,Very,No,Somewhat,The arm rests should be shared,The person by the window,Everyone in the row should have some say,Somewhat,No,Twice,FALSE,FALSE,1,0,2,2
579,579,3432591264,Male,18-29,"6'0""",FALSE,"$0 - $24,999",Bachelor degree,Pacific,Once a year or less,Always,FALSE,No,FALSE,No,No,No,Somewhat,No,Very,The arm rests should be shared,The arm rests should be shared,Everyone in the row should have some say,No,No,More than five times times,FALSE,FALSE,1,0,1,2
580,580,3432591009,Male,30-44,"6'1""",TRUE,"$100,000 - $149,999",Bachelor degree,West North Central,Once a year or less,Usually,FALSE,No,FALSE,No,No,Somewhat,Somewhat,No,No,The arm rests should be shared,The arm rests should be shared,Everyone in the row should have some say,No,No,Three times,FALSE,FALSE,1,0,1,2
581,581,3432590797,Female,18-29,"5'1""",FALSE,"$25,000 - $49,999",High school degree,Middle Atlantic,Once a year or less,Never,TRUE,Somewhat,FALSE,No,No,No,Somewhat,No,Very,The arm rests should be shared,The arm rests should be shared,The person in the window seat should have exclusive control,Very,No,Four times,FALSE,FALSE,0,0,2,1
582,582,3432586012,Female,30-44,"5'4""",TRUE,NA,Graduate degree,Middle Atlantic,Once a year or less,Usually,FALSE,No,FALSE,No,No,Somewhat,Somewhat,No,No,The arm rests should be shared,The arm rests should be shared,Everyone in the row should have some say,No,No,Three times,FALSE,FALSE,1,1,1,1
583,583,3432585436,Female,18-29,"5'5""",FALSE,"$50,000 - $99,999",Bachelor degree,Mountain,Once a year or less,Once in a while,TRUE,No,FALSE,No,No,Somewhat,Somewhat,No,No,Whoever puts their arm on the arm rest first,The person in aisle,Everyone in the row should have some say,No,Somewhat,Twice,FALSE,FALSE,1,0,1,1
584,584,3432583627,Male,45-60,"5'10""",TRUE,NA,Bachelor degree,New England,Once a year or less,Once in a while,TRUE,Somewhat,FALSE,No,No,No,No,No,No,The arm rests should be shared,The arm rests should be shared,Everyone in the row should have some say,No,No,Three times,TRUE,FALSE,1,1,2,2
585,585,3432583317,Male,30-44,"5'11""",TRUE,"$50,000 - $99,999",Bachelor degree,Mountain,Once a month or less,Never,TRUE,Somewhat,FALSE,Somewhat,Somewhat,Somewhat,Very,No,Somewhat,The arm rests should be shared,The arm rests should be shared,The person in the window seat should have exclusive control,No,No,Twice,TRUE,FALSE,1,0,2,2
586,586,3432582665,Male,45-60,"6'2""",FALSE,NA,Graduate degree,Middle Atlantic,Once a month or less,About half the time,FALSE,Somewhat,TRUE,Somewhat,Somewhat,No,No,No,No,The arm rests should be shared,The arm rests should be shared,Everyone in the row should have some say,No,No,Three times,FALSE,FALSE,1,1,2,2
587,587,3432578499,Female,45-60,"5'10""",FALSE,"$25,000 - $49,999",High school degree,West South Central,Once a year or less,Never,TRUE,Somewhat,TRUE,No,No,No,Somewhat,No,Somewhat,The arm rests should be shared,The arm rests should be shared,Everyone in the row should have some say,No,No,Three times,FALSE,FALSE,0,0,2,1
588,588,3432577325,Female,45-60,"5'10""",FALSE,"$100,000 - $149,999",Bachelor degree,West South Central,Once a month or less,Once in a while,TRUE,Somewhat,TRUE,No,No,No,No,No,Somewhat,The arm rests should be shared,The arm rests should be shared,Everyone in the row should have some say,No,No,Three times,FALSE,FALSE,1,0,2,1
589,589,3432576298,Female,45-60,"5'7""",FALSE,"$100,000 - $149,999",High school degree,East North Central,Once a month or less,Never,TRUE,Somewhat,TRUE,No,No,Somewhat,Somewhat,No,Somewhat,The arm rests should be shared,The arm rests should be shared,Everyone in the row should have some say,No,No,Twice,FALSE,FALSE,0,0,2,1
590,590,3432575865,Male,18-29,NA,NA,"$0 - $24,999",High school degree,South Atlantic,Never,NA,NA,NA,NA,NA,NA,NA,NA,NA,NA,NA,NA,NA,NA,NA,NA,NA,NA,0,20,NA,2
591,591,3432573920,Male,> 60,"6'1""",FALSE,"$100,000 - $149,999",Bachelor degree,South Atlantic,Once a month or less,Never,TRUE,Somewhat,TRUE,No,No,No,Somewhat,Somewhat,Very,The person in the middle seat gets both arm rests,Other (please specify),The person in the window seat should have exclusive control,Very,Somewhat,Twice,FALSE,FALSE,1,0,2,2
592,592,3432572774,Male,45-60,NA,NA,"$100,000 - $149,999",Some college or Associate degree,South Atlantic,Never,NA,NA,NA,NA,NA,NA,NA,NA,NA,NA,NA,NA,NA,NA,NA,NA,NA,NA,1,20,NA,2
593,593,3432570755,Female,30-44,NA,NA,"$50,000 - $99,999",High school degree,Middle Atlantic,Never,NA,NA,NA,NA,NA,NA,NA,NA,NA,NA,NA,NA,NA,NA,NA,NA,NA,NA,0,20,NA,1
594,594,3432570285,Female,18-29,"5'4""",FALSE,NA,Some college or Associate degree,South Atlantic,Once a year or less,Usually,TRUE,Somewhat,FALSE,No,No,No,Very,No,Very,The arm rests should be shared,The arm rests should be shared,Everyone in the row should have some say,No,No,Twice,FALSE,FALSE,1,1,2,1
595,595,3432570266,Female,18-29,"5'5""",FALSE,"$50,000 - $99,999",High school degree,South Atlantic,Once a year or less,Once in a while,TRUE,No,FALSE,No,No,Somewhat,Somewhat,No,Somewhat,Whoever puts their arm on the arm rest first,Whoever puts their arm on the arm rest first,The person in the window seat should have exclusive control,No,Very,Three times,FALSE,FALSE,0,0,1,1
596,596,3432569102,Male,30-44,"6'1""",TRUE,"$100,000 - $149,999",Bachelor degree,Middle Atlantic,Once a year or less,Always,FALSE,Somewhat,FALSE,No,No,No,Somewhat,Somewhat,Somewhat,The arm rests should be shared,The arm rests should be shared,The person in the window seat should have exclusive control,No,No,Twice,FALSE,FALSE,1,0,2,2
597,597,3432561205,Male,18-29,"5'9""",FALSE,"$25,000 - $49,999",Bachelor degree,East North Central,Once a month or less,Never,FALSE,Somewhat,FALSE,No,No,Somewhat,Very,Somewhat,Very,The arm rests should be shared,The arm rests should be shared,The person in the window seat should have exclusive control,No,No,Three times,FALSE,FALSE,1,0,2,2
598,598,3432559580,Female,18-29,"5'6""",FALSE,NA,Some college or Associate degree,East North Central,Once a month or less,Once in a while,TRUE,Somewhat,TRUE,No,No,Somewhat,Somewhat,Somewhat,Somewhat,Whoever puts their arm on the arm rest first,Whoever puts their arm on the arm rest first,The person in the window seat should have exclusive control,No,No,Four times,TRUE,FALSE,1,1,2,1
599,599,3432558337,Male,18-29,"5'8""",FALSE,NA,Some college or Associate degree,Mountain,Once a month or less,Never,TRUE,Somewhat,TRUE,No,No,Somewhat,Somewhat,No,Somewhat,The arm rests should be shared,The arm rests should be shared,Everyone in the row should have some say,No,Somewhat,Three times,FALSE,FALSE,1,1,2,2
600,600,3432555887,Male,45-60,"5'4""",TRUE,"$25,000 - $49,999",Bachelor degree,East North Central,Once a year or less,Never,TRUE,No,FALSE,No,No,No,No,No,Somewhat,The arm rests should be shared,The person by the window,Everyone in the row should have some say,No,No,Three times,FALSE,FALSE,1,0,1,2
601,601,3432554556,Female,45-60,"5'4""",TRUE,"$25,000 - $49,999",Graduate degree,Middle Atlantic,Once a year or less,Always,FALSE,No,FALSE,No,No,Somewhat,Somewhat,No,No,The arm rests should be shared,The arm rests should be shared,Everyone in the row should have some say,No,No,Three times,TRUE,TRUE,1,0,1,1
602,602,3432552719,Male,> 60,"5'8""",FALSE,NA,Some college or Associate degree,Pacific,Once a year or less,Never,TRUE,No,TRUE,Somewhat,Somewhat,No,Somewhat,No,Very,The arm rests should be shared,The arm rests should be shared,Everyone in the row should have some say,No,No,Three times,FALSE,FALSE,1,1,1,2
603,603,3432551367,Female,18-29,"5'5""",FALSE,"$50,000 - $99,999",Some college or Associate degree,South Atlantic,Once a year or less,Never,TRUE,Somewhat,FALSE,Somewhat,Somewhat,Very,Very,No,No,Other (please specify),The person in aisle,The person in the window seat should have exclusive control,No,Somewhat,Twice,FALSE,FALSE,1,0,2,1
604,604,3432550970,Female,30-44,"5'3""",TRUE,NA,Graduate degree,Mountain,Once a year or less,Always,FALSE,No,FALSE,No,No,No,No,No,No,The arm rests should be shared,The arm rests should be shared,Everyone in the row should have some say,No,No,Three times,TRUE,FALSE,1,1,1,1
605,605,3432550291,Male,30-44,"5'9""",FALSE,"$50,000 - $99,999",Bachelor degree,East North Central,Once a month or less,Once in a while,TRUE,Somewhat,FALSE,Somewhat,Somewhat,No,Somewhat,Somewhat,Somewhat,Whoever puts their arm on the arm rest first,Whoever puts their arm on the arm rest first,The person in the window seat should have exclusive control,No,No,Four times,FALSE,FALSE,1,0,2,2
606,606,3432546954,Female,30-44,"5'2""",TRUE,NA,Some college or Associate degree,Pacific,Once a year or less,Always,FALSE,No,FALSE,Somewhat,Somewhat,No,No,No,Somewhat,The person in the middle seat gets both arm rests,The person by the window,The person in the window seat should have exclusive control,Somewhat,Somewhat,More than five times times,FALSE,FALSE,1,1,1,1
607,607,3432543444,Male,30-44,NA,NA,"$25,000 - $49,999",High school degree,Middle Atlantic,Never,NA,NA,NA,NA,NA,NA,NA,NA,NA,NA,NA,NA,NA,NA,NA,NA,NA,NA,0,20,NA,2
608,608,3432538384,Female,18-29,NA,NA,"$0 - $24,999",High school degree,East North Central,Never,NA,NA,NA,NA,NA,NA,NA,NA,NA,NA,NA,NA,NA,NA,NA,NA,NA,NA,0,20,NA,1
609,609,3432537258,Female,18-29,"5'7""",FALSE,"$25,000 - $49,999",Some college or Associate degree,West North Central,Once a year or less,About half the time,FALSE,No,FALSE,Somewhat,Somewhat,No,Very,No,Somewhat,The arm rests should be shared,The arm rests should be shared,The person in the window seat should have exclusive control,No,No,Twice,TRUE,FALSE,1,0,1,1
610,610,3432533720,Male,18-29,"6'5""",FALSE,"$0 - $24,999",Some college or Associate degree,New England,Once a year or less,About half the time,TRUE,No,FALSE,No,No,No,Somewhat,Somewhat,Very,The arm rests should be shared,The arm rests should be shared,Everyone in the row should have some say,No,No,Three times,FALSE,FALSE,1,0,1,2
611,611,3432529988,Male,18-29,"5'8""",FALSE,NA,Bachelor degree,East North Central,Once a month or less,Never,TRUE,Somewhat,FALSE,Somewhat,No,No,Somewhat,No,Very,The person in the middle seat gets both arm rests,The person in aisle,Everyone in the row should have some say,No,No,Once,FALSE,FALSE,1,1,2,2
612,612,3432529869,Male,> 60,"6'2""",FALSE,"$100,000 - $149,999",Graduate degree,Pacific,Once a year or less,Usually,TRUE,No,FALSE,No,No,No,Somewhat,No,Somewhat,Other (please specify),Other (please specify),The person in the window seat should have exclusive control,No,No,Three times,FALSE,FALSE,1,0,1,2
613,613,3432528671,Female,> 60,"5'5""",FALSE,NA,Graduate degree,South Atlantic,Once a month or less,About half the time,TRUE,No,FALSE,No,No,Somewhat,Somewhat,No,No,Other (please specify),Whoever puts their arm on the arm rest first,Everyone in the row should have some say,No,No,Three times,FALSE,FALSE,1,1,1,1
614,614,3432527936,Male,45-60,"6'2""",FALSE,"$50,000 - $99,999",Bachelor degree,East North Central,Once a year or less,Always,FALSE,No,FALSE,No,No,No,No,Very,Very,The person in the middle seat gets both arm rests,The arm rests should be shared,The person in the window seat should have exclusive control,No,No,Twice,FALSE,FALSE,1,0,1,2
615,615,3432527384,Female,18-29,"5'5""",FALSE,"$50,000 - $99,999",Bachelor degree,Pacific,Once a year or less,Once in a while,TRUE,Somewhat,TRUE,No,No,Somewhat,Very,No,Somewhat,The arm rests should be shared,The arm rests should be shared,Everyone in the row should have some say,No,No,Twice,FALSE,FALSE,1,0,2,1
616,616,3432526670,NA,NA,NA,NA,NA,NA,NA,Once a year or less,NA,NA,NA,NA,NA,NA,NA,NA,NA,NA,NA,NA,NA,NA,NA,NA,NA,NA,NA,26,NA,NA
617,617,3432526433,Female,18-29,"5'0""",FALSE,"$25,000 - $49,999",Some college or Associate degree,South Atlantic,Once a month or less,Usually,TRUE,No,FALSE,No,No,No,No,Somewhat,Somewhat,The arm rests should be shared,The person in aisle,Everyone in the row should have some say,No,No,Three times,FALSE,FALSE,1,0,1,1
618,618,3432525300,Female,30-44,"5'1""",FALSE,"$25,000 - $49,999",Some college or Associate degree,Mountain,Once a year or less,Never,FALSE,Somewhat,TRUE,Very,Somewhat,No,No,No,Very,The person in the middle seat gets both arm rests,The person in aisle,Everyone in the row should have some say,Somewhat,Somewhat,It is not okay to get up during flight,FALSE,FALSE,1,0,2,1
619,619,3432521348,Male,18-29,"5'11""",FALSE,"$100,000 - $149,999",Bachelor degree,East North Central,Once a year or less,Always,FALSE,No,FALSE,No,No,No,Somewhat,No,Somewhat,The person in the middle seat gets both arm rests,The person in aisle,Everyone in the row should have some say,Somewhat,No,Three times,TRUE,FALSE,1,0,1,2
620,620,3432520405,Female,45-60,"5'2""",FALSE,"$25,000 - $49,999",Some college or Associate degree,South Atlantic,Once a year or less,Always,FALSE,No,FALSE,No,No,No,No,No,No,Whoever puts their arm on the arm rest first,Whoever puts their arm on the arm rest first,Everyone in the row should have some say,No,No,Three times,FALSE,FALSE,1,0,1,1
621,621,3432520365,Female,18-29,"5'8""",FALSE,NA,Graduate degree,Middle Atlantic,Once a month or less,Once in a while,TRUE,Somewhat,TRUE,No,No,No,No,No,No,The person in the middle seat gets both arm rests,The arm rests should be shared,Everyone in the row should have some say,No,Somewhat,Three times,FALSE,FALSE,1,1,2,1
622,622,3432519959,Male,> 60,NA,NA,"$50,000 - $99,999",Bachelor degree,East North Central,Never,NA,NA,NA,NA,NA,NA,NA,NA,NA,NA,NA,NA,NA,NA,NA,NA,NA,NA,1,20,NA,2
623,623,3432516676,Male,45-60,"6'0""",FALSE,"$100,000 - $149,999",Some college or Associate degree,West South Central,Once a month or less,Once in a while,TRUE,Somewhat,TRUE,No,No,No,Somewhat,No,Somewhat,The arm rests should be shared,The arm rests should be shared,The person in the window seat should have exclusive control,Very,No,Four times,FALSE,FALSE,1,0,2,2
624,624,3432513839,Female,18-29,"5'2""",FALSE,"$0 - $24,999",Bachelor degree,West North Central,Once a year or less,Once in a while,TRUE,No,FALSE,No,No,Somewhat,Very,No,Very,The person in the middle seat gets both arm rests,The person in aisle,Everyone in the row should have some say,No,Somewhat,Twice,FALSE,FALSE,1,0,1,1
625,625,3432511675,Female,30-44,"5'7""",FALSE,"$50,000 - $99,999",Some college or Associate degree,West South Central,Once a year or less,Always,TRUE,No,FALSE,No,No,Somewhat,Somewhat,No,No,The person in the middle seat gets both arm rests,The person in aisle,The person in the window seat should have exclusive control,No,No,Three times,FALSE,FALSE,1,0,1,1
626,626,3432510812,Female,30-44,"5'10""",FALSE,"$50,000 - $99,999",Graduate degree,South Atlantic,Once a month or less,About half the time,TRUE,No,FALSE,No,No,No,No,No,No,The arm rests should be shared,The arm rests should be shared,The person in the window seat should have exclusive control,No,No,More than five times times,FALSE,FALSE,1,0,1,1
627,627,3432510382,Male,45-60,"5'9""",TRUE,NA,Bachelor degree,East North Central,A few times per month,Once in a while,TRUE,Somewhat,TRUE,No,No,No,Very,No,Very,The arm rests should be shared,The arm rests should be shared,Everyone in the row should have some say,Somewhat,Somewhat,Twice,FALSE,FALSE,1,1,2,2
628,628,3432506985,Female,30-44,"5'4""",TRUE,"$50,000 - $99,999",Some college or Associate degree,East South Central,Once a year or less,Never,TRUE,No,FALSE,Somewhat,No,No,Somewhat,No,Somewhat,The arm rests should be shared,The arm rests should be shared,Everyone in the row should have some say,Somewhat,No,Three times,FALSE,FALSE,1,0,1,1
629,629,3432506619,Female,30-44,"5'8""",FALSE,NA,Bachelor degree,Pacific,Once a year or less,Never,FALSE,No,FALSE,No,No,No,No,No,No,The people in the aisle and window seats get both arm rests,The person by the window,The person in the window seat should have exclusive control,No,No,Twice,TRUE,TRUE,1,1,1,1
630,630,3432503557,Male,30-44,"5'7""",FALSE,"$50,000 - $99,999",Bachelor degree,Middle Atlantic,Once a year or less,Once in a while,FALSE,Somewhat,TRUE,Somewhat,Somewhat,Somewhat,Somewhat,No,Somewhat,The arm rests should be shared,The arm rests should be shared,The person in the window seat should have exclusive control,Somewhat,Somewhat,Twice,FALSE,FALSE,1,0,2,2
631,631,3432499380,Male,45-60,"6'0""",FALSE,"$100,000 - $149,999",Some college or Associate degree,South Atlantic,A few times per month,Never,TRUE,Very,TRUE,No,No,No,No,Very,Very,Other (please specify),The arm rests should be shared,The person in the window seat should have exclusive control,Somewhat,No,Twice,FALSE,FALSE,1,0,3,2
632,632,3432496456,Female,> 60,"5'4""",FALSE,"$50,000 - $99,999",Graduate degree,East North Central,Once a year or less,Usually,TRUE,No,FALSE,No,No,No,Somewhat,No,Very,The person in the middle seat gets both arm rests,The arm rests should be shared,Everyone in the row should have some say,No,No,Three times,FALSE,FALSE,1,0,1,1
633,633,3432491632,Female,45-60,NA,NA,NA,High school degree,West North Central,Never,NA,NA,NA,NA,NA,NA,NA,NA,NA,NA,NA,NA,NA,NA,NA,NA,NA,NA,0,21,NA,1
634,634,3432491057,Male,45-60,"5'9""",TRUE,NA,Bachelor degree,Pacific,Once a month or less,Usually,FALSE,No,FALSE,No,No,No,Somewhat,No,Very,The person in the middle seat gets both arm rests,The arm rests should be shared,The person in the window seat should have exclusive control,No,No,Three times,FALSE,FALSE,1,1,1,2
635,635,3432490443,Female,45-60,"5'4""",FALSE,"$50,000 - $99,999",Graduate degree,West South Central,Once a year or less,About half the time,TRUE,No,FALSE,No,No,No,No,No,No,The arm rests should be shared,The person by the window,The person in the window seat should have exclusive control,No,No,Four times,FALSE,FALSE,1,0,1,1
636,636,3432490362,Female,30-44,"5'1""",FALSE,"$50,000 - $99,999",Graduate degree,South Atlantic,Once a month or less,Once in a while,FALSE,Somewhat,TRUE,No,No,No,No,No,Very,The arm rests should be shared,The arm rests should be shared,Everyone in the row should have some say,No,Somewhat,Twice,TRUE,FALSE,1,0,2,1
637,637,3432489108,Male,18-29,"5'8""",FALSE,NA,Some college or Associate degree,Mountain,Once a year or less,Never,TRUE,Somewhat,FALSE,No,No,Somewhat,Very,No,Somewhat,The arm rests should be shared,The arm rests should be shared,Everyone in the row should have some say,No,No,Twice,FALSE,FALSE,1,1,2,2
638,638,3432487771,Female,30-44,"5'4""",FALSE,"$25,000 - $49,999",Graduate degree,Pacific,Once a year or less,Once in a while,TRUE,Somewhat,TRUE,Somewhat,Somewhat,No,Somewhat,Somewhat,Very,Whoever puts their arm on the arm rest first,Whoever puts their arm on the arm rest first,The person in the window seat should have exclusive control,No,Somewhat,Twice,FALSE,FALSE,1,0,2,1
639,639,3432486033,Female,30-44,"5'2""",FALSE,"$50,000 - $99,999",Bachelor degree,South Atlantic,Once a year or less,Never,TRUE,Somewhat,TRUE,No,No,No,Somewhat,Somewhat,Very,The arm rests should be shared,The arm rests should be shared,The person in the window seat should have exclusive control,No,No,More than five times times,FALSE,FALSE,1,0,2,1
640,640,3432485197,Male,> 60,"5'6""",FALSE,"$100,000 - $149,999",Some college or Associate degree,New England,Once a month or less,About half the time,TRUE,Somewhat,TRUE,No,No,Somewhat,Somewhat,No,Very,The person in the middle seat gets both arm rests,The arm rests should be shared,Everyone in the row should have some say,No,No,Three times,TRUE,FALSE,1,0,2,2
641,641,3432482977,Male,45-60,NA,NA,"$50,000 - $99,999",Bachelor degree,Mountain,Never,NA,NA,NA,NA,NA,NA,NA,NA,NA,NA,NA,NA,NA,NA,NA,NA,NA,NA,1,20,NA,2
642,642,3432482309,Female,18-29,"5'1""",FALSE,"$50,000 - $99,999",Bachelor degree,South Atlantic,Once a year or less,About half the time,TRUE,No,FALSE,No,No,No,No,No,No,The arm rests should be shared,The arm rests should be shared,Everyone in the row should have some say,No,No,Twice,FALSE,FALSE,1,0,1,1
643,643,3432482201,Female,18-29,NA,NA,"$0 - $24,999",High school degree,New England,Never,NA,NA,NA,NA,NA,NA,NA,NA,NA,NA,NA,NA,NA,NA,NA,NA,NA,NA,0,20,NA,1
644,644,3432477188,Female,> 60,"5'4""",FALSE,"$50,000 - $99,999",Some college or Associate degree,South Atlantic,Once a year or less,About half the time,TRUE,Somewhat,FALSE,No,No,Somewhat,Very,No,Very,The arm rests should be shared,The person in aisle,Everyone in the row should have some say,No,Somewhat,Three times,FALSE,FALSE,1,0,2,1
645,645,3432476896,Female,> 60,"5'3""",FALSE,NA,High school degree,South Atlantic,Once a year or less,Always,FALSE,No,FALSE,No,No,No,Somewhat,No,Somewhat,The arm rests should be shared,The arm rests should be shared,Everyone in the row should have some say,No,No,Four times,FALSE,FALSE,0,1,1,1
646,646,3432476791,Male,45-60,"5'9""",TRUE,NA,Bachelor degree,New England,Once a month or less,About half the time,FALSE,No,FALSE,Somewhat,Somewhat,No,Somewhat,No,Very,The person in the middle seat gets both arm rests,The arm rests should be shared,Everyone in the row should have some say,No,No,Twice,FALSE,FALSE,1,1,1,2
647,647,3432476135,Male,18-29,NA,NA,NA,Bachelor degree,East North Central,Never,NA,NA,NA,NA,NA,NA,NA,NA,NA,NA,NA,NA,NA,NA,NA,NA,NA,NA,1,21,NA,2
648,648,3432475199,Male,30-44,"5'7""",TRUE,"$25,000 - $49,999",High school degree,West North Central,Once a year or less,Once in a while,TRUE,No,FALSE,Somewhat,No,Somewhat,Somewhat,No,Somewhat,The arm rests should be shared,Whoever puts their arm on the arm rest first,Everyone in the row should have some say,Somewhat,No,Twice,FALSE,FALSE,0,0,1,2
649,649,3432473889,Female,> 60,"5'6""",FALSE,"$100,000 - $149,999",Graduate degree,Pacific,Once a year or less,Never,TRUE,Very,TRUE,No,No,No,Somewhat,Very,Very,The arm rests should be shared,The arm rests should be shared,The person in the window seat should have exclusive control,No,No,Twice,FALSE,FALSE,1,0,3,1
650,650,3432471719,Male,45-60,"6'0""",FALSE,NA,Bachelor degree,West South Central,Once a month or less,Always,FALSE,No,FALSE,No,No,No,No,No,Very,The arm rests should be shared,The arm rests should be shared,The person in the window seat should have exclusive control,No,No,More than five times times,TRUE,FALSE,1,1,1,2
651,651,3432470238,Female,18-29,NA,NA,NA,Bachelor degree,West North Central,Never,NA,NA,NA,NA,NA,NA,NA,NA,NA,NA,NA,NA,NA,NA,NA,NA,NA,NA,1,21,NA,1
652,652,3432468599,Female,18-29,NA,NA,"$0 - $24,999",High school degree,Middle Atlantic,Never,NA,NA,NA,NA,NA,NA,NA,NA,NA,NA,NA,NA,NA,NA,NA,NA,NA,NA,0,20,NA,1
653,653,3432463153,Female,18-29,"5'5""",FALSE,"$50,000 - $99,999",Bachelor degree,South Atlantic,Once a month or less,Usually,TRUE,No,FALSE,No,No,No,Somewhat,No,Somewhat,The arm rests should be shared,The person in aisle,Everyone in the row should have some say,No,No,Twice,TRUE,FALSE,1,0,1,1
654,654,3432463048,Male,45-60,"6'2""",FALSE,"$50,000 - $99,999",High school degree,East North Central,Once a year or less,Once in a while,TRUE,Somewhat,TRUE,No,No,No,No,Somewhat,Very,The person in the middle seat gets both arm rests,The arm rests should be shared,The person in the window seat should have exclusive control,Somewhat,Somewhat,Three times,FALSE,FALSE,0,0,2,2
655,655,3432462633,Female,> 60,"5'3""",FALSE,NA,Some college or Associate degree,West South Central,Once a month or less,About half the time,FALSE,No,FALSE,Somewhat,No,No,No,No,Somewhat,The arm rests should be shared,The arm rests should be shared,The person in the window seat should have exclusive control,No,No,Three times,TRUE,FALSE,1,1,1,1
656,656,3432460247,Male,45-60,"5'7""",TRUE,"$50,000 - $99,999",Bachelor degree,East North Central,Once a year or less,About half the time,FALSE,No,FALSE,No,No,No,Somewhat,No,Very,The arm rests should be shared,The arm rests should be shared,Everyone in the row should have some say,Somewhat,No,Three times,FALSE,FALSE,1,0,1,2
657,657,3432455422,Female,> 60,"5'4""",FALSE,NA,Bachelor degree,West North Central,Once a year or less,Once in a while,FALSE,No,FALSE,Somewhat,Somewhat,No,Somewhat,No,No,The arm rests should be shared,The arm rests should be shared,The person in the window seat should have exclusive control,Somewhat,No,Twice,FALSE,FALSE,1,1,1,1
658,658,3432454450,Female,45-60,"5'6""",FALSE,"$50,000 - $99,999",Some college or Associate degree,Pacific,Once a year or less,About half the time,TRUE,No,FALSE,No,No,No,Somewhat,No,No,The arm rests should be shared,The arm rests should be shared,Everyone in the row should have some say,No,No,Four times,FALSE,FALSE,1,0,1,1
659,659,3432450277,Female,45-60,"5'6""",FALSE,"$50,000 - $99,999",Some college or Associate degree,East North Central,Once a year or less,Never,TRUE,No,TRUE,No,No,No,Somewhat,No,Somewhat,The arm rests should be shared,The arm rests should be shared,Everyone in the row should have some say,No,No,Twice,FALSE,FALSE,1,0,1,1
660,660,3432448472,Male,45-60,"5'9""",FALSE,"$25,000 - $49,999",Some college or Associate degree,Mountain,Once a month or less,Once in a while,TRUE,No,FALSE,No,No,No,Somewhat,Very,Very,The arm rests should be shared,The arm rests should be shared,Everyone in the row should have some say,No,No,More than five times times,FALSE,FALSE,1,0,1,2
661,661,3432446775,Male,18-29,"5'9""",NA,"$25,000 - $49,999",Less than high school degree,West South Central,Every day,Once in a while,TRUE,Very,TRUE,Somewhat,Somewhat,Somewhat,No,Somewhat,Somewhat,The people in the aisle and window seats get both arm rests,The person in aisle,Everyone in the row should have some say,Somewhat,Somewhat,Three times,FALSE,FALSE,0,1,3,2
662,662,3432444554,Male,18-29,"6'3""",FALSE,NA,High school degree,South Atlantic,Once a year or less,About half the time,FALSE,No,FALSE,No,No,No,Somewhat,No,Somewhat,The person in the middle seat gets both arm rests,Whoever puts their arm on the arm rest first,The person in the window seat should have exclusive control,No,No,Twice,TRUE,FALSE,0,1,1,2
663,663,3432444119,Male,> 60,"5'10""",FALSE,"$25,000 - $49,999",High school degree,West South Central,Once a year or less,Never,FALSE,Somewhat,TRUE,No,No,No,Somewhat,No,Very,The arm rests should be shared,The arm rests should be shared,Everyone in the row should have some say,No,No,Three times,FALSE,FALSE,0,0,2,2
664,664,3432443969,Male,18-29,"5'10""",FALSE,"$50,000 - $99,999",Bachelor degree,Pacific,Once a month or less,Usually,FALSE,No,FALSE,No,No,No,No,Somewhat,Somewhat,The person in the middle seat gets both arm rests,The person in aisle,The person in the window seat should have exclusive control,No,No,Four times,TRUE,FALSE,1,0,1,2
665,665,3432443875,Female,45-60,"5'1""",TRUE,"$50,000 - $99,999",Some college or Associate degree,Pacific,Once a year or less,Always,FALSE,Somewhat,TRUE,No,No,Very,Very,No,Somewhat,The person in the middle seat gets both arm rests,The person in aisle,Everyone in the row should have some say,Somewhat,No,Once,FALSE,FALSE,1,0,2,1
666,666,3432441808,Male,45-60,"5'11""",TRUE,NA,Graduate degree,South Atlantic,Once a month or less,Never,TRUE,Very,TRUE,No,No,No,Somewhat,No,Somewhat,The arm rests should be shared,The arm rests should be shared,The person in the window seat should have exclusive control,No,Somewhat,Twice,FALSE,FALSE,1,1,3,2
667,667,3432441362,Male,45-60,"5'6""",FALSE,NA,Some college or Associate degree,Mountain,Once a year or less,Once in a while,TRUE,Somewhat,TRUE,No,No,No,No,Somewhat,Very,The arm rests should be shared,The arm rests should be shared,The person in the window seat should have exclusive control,No,No,Four times,FALSE,FALSE,1,1,2,2
668,668,3432440815,Male,45-60,NA,NA,NA,Graduate degree,Middle Atlantic,Never,NA,NA,NA,NA,NA,NA,NA,NA,NA,NA,NA,NA,NA,NA,NA,NA,NA,NA,1,21,NA,2
669,669,3432438427,Female,45-60,NA,NA,NA,High school degree,Middle Atlantic,Never,NA,NA,NA,NA,NA,NA,NA,NA,NA,NA,NA,NA,NA,NA,NA,NA,NA,NA,0,21,NA,1
670,670,3432436500,Female,45-60,"5'7""",TRUE,"$25,000 - $49,999",Some college or Associate degree,South Atlantic,Once a year or less,About half the time,TRUE,No,FALSE,No,No,No,Somewhat,No,No,The arm rests should be shared,The arm rests should be shared,Everyone in the row should have some say,No,No,Twice,FALSE,FALSE,1,0,1,1
671,671,3432436102,Male,30-44,"5'8""",FALSE,"$25,000 - $49,999",Bachelor degree,New England,Once a year or less,Always,FALSE,No,FALSE,No,No,No,No,No,No,The arm rests should be shared,The arm rests should be shared,Everyone in the row should have some say,No,No,Three times,FALSE,FALSE,1,0,1,2
672,672,3432434565,Male,> 60,"6'0""",FALSE,"$25,000 - $49,999",Bachelor degree,South Atlantic,Once a year or less,Once in a while,FALSE,No,TRUE,No,No,No,No,No,Somewhat,The arm rests should be shared,The arm rests should be shared,The person in the window seat should have exclusive control,No,No,Three times,FALSE,FALSE,1,0,1,2
673,673,3432434015,Male,> 60,"5'9""",TRUE,NA,Graduate degree,Mountain,Once a year or less,Once in a while,TRUE,No,FALSE,No,No,Somewhat,Somewhat,Somewhat,Very,The arm rests should be shared,The arm rests should be shared,Everyone in the row should have some say,No,No,Twice,FALSE,FALSE,1,1,1,2
674,674,3432433897,Male,18-29,"5'10""",TRUE,"$25,000 - $49,999",Bachelor degree,East North Central,Once a year or less,Never,TRUE,Somewhat,TRUE,No,No,No,Somewhat,No,Very,The person in the middle seat gets both arm rests,The person in aisle,Everyone in the row should have some say,No,No,Twice,FALSE,FALSE,1,0,2,2
675,675,3432433704,Male,45-60,"5'9""",FALSE,NA,Graduate degree,Middle Atlantic,Once a year or less,Once in a while,TRUE,No,FALSE,No,No,No,Very,No,Very,The arm rests should be shared,The arm rests should be shared,Everyone in the row should have some say,No,No,Twice,FALSE,FALSE,1,1,1,2
676,676,3432428730,Male,18-29,"5'6""",FALSE,NA,Less than high school degree,Pacific,Once a year or less,About half the time,TRUE,Somewhat,FALSE,Somewhat,No,Somewhat,Very,No,No,The arm rests should be shared,The arm rests should be shared,Everyone in the row should have some say,No,No,Three times,FALSE,FALSE,0,1,2,2
677,677,3432428536,Female,18-29,"5'6""",FALSE,NA,High school degree,Middle Atlantic,Once a year or less,Once in a while,TRUE,Somewhat,FALSE,No,No,Somewhat,Somewhat,No,Somewhat,The arm rests should be shared,Whoever puts their arm on the arm rest first,The person in the window seat should have exclusive control,Somewhat,No,Twice,FALSE,FALSE,0,1,2,1
678,678,3432426212,Female,18-29,"5'8""",FALSE,"$50,000 - $99,999",Bachelor degree,Middle Atlantic,Once a year or less,Usually,FALSE,No,FALSE,No,No,No,Somewhat,No,No,The person in the middle seat gets both arm rests,Whoever puts their arm on the arm rest first,Everyone in the row should have some say,Somewhat,No,Twice,FALSE,FALSE,1,0,1,1
679,679,3432425938,Female,30-44,"5'5""",TRUE,"$50,000 - $99,999",High school degree,New England,Once a year or less,Always,FALSE,No,FALSE,Somewhat,Somewhat,No,No,No,Somewhat,Whoever puts their arm on the arm rest first,The arm rests should be shared,Everyone in the row should have some say,No,No,Three times,TRUE,FALSE,0,0,1,1
680,680,3432425094,Female,45-60,"5'6""",TRUE,NA,Graduate degree,Middle Atlantic,Once a year or less,Never,TRUE,Very,TRUE,No,No,No,Somewhat,No,Somewhat,The arm rests should be shared,The arm rests should be shared,Everyone in the row should have some say,No,No,Twice,FALSE,FALSE,1,1,3,1
681,681,3432424807,Female,30-44,"5'5""",TRUE,"$50,000 - $99,999",Bachelor degree,West South Central,Once a year or less,Never,TRUE,Somewhat,FALSE,Somewhat,Somewhat,No,Somewhat,No,Somewhat,The arm rests should be shared,The arm rests should be shared,Everyone in the row should have some say,No,No,Twice,FALSE,FALSE,1,0,2,1
682,682,3432420200,Male,45-60,"5'8""",FALSE,"$50,000 - $99,999",Bachelor degree,New England,Once a year or less,Usually,TRUE,No,FALSE,Somewhat,No,No,No,Somewhat,Somewhat,The person in the middle seat gets both arm rests,The person in aisle,The person in the window seat should have exclusive control,No,No,More than five times times,FALSE,FALSE,1,0,1,2
683,683,3432419815,Female,30-44,"5'5""",TRUE,"$100,000 - $149,999",Bachelor degree,East South Central,Once a year or less,About half the time,TRUE,No,FALSE,No,No,No,Somewhat,No,No,The arm rests should be shared,The person in aisle,Everyone in the row should have some say,No,No,Four times,FALSE,FALSE,1,0,1,1
684,684,3432419670,Female,18-29,"5'5""",FALSE,"$100,000 - $149,999",Bachelor degree,New England,Once a year or less,Usually,FALSE,No,FALSE,No,No,No,Somewhat,Somewhat,Somewhat,The arm rests should be shared,The arm rests should be shared,Everyone in the row should have some say,No,Somewhat,Three times,FALSE,FALSE,1,0,1,1
685,685,3432419184,Male,18-29,NA,NA,"$25,000 - $49,999",Some college or Associate degree,Pacific,Never,NA,NA,NA,NA,NA,NA,NA,NA,NA,NA,NA,NA,NA,NA,NA,NA,NA,NA,1,20,NA,2
686,686,3432418650,Female,> 60,"5'8""",FALSE,NA,Bachelor degree,West South Central,Once a year or less,Usually,TRUE,No,FALSE,No,No,No,No,No,Very,The arm rests should be shared,The arm rests should be shared,Everyone in the row should have some say,No,No,More than five times times,FALSE,FALSE,1,1,1,1
687,687,3432418495,Male,30-44,"5'9""",FALSE,NA,Bachelor degree,East North Central,Once a year or less,Once in a while,TRUE,No,FALSE,No,No,Somewhat,Somewhat,No,Somewhat,The arm rests should be shared,The arm rests should be shared,Everyone in the row should have some say,No,No,Four times,FALSE,FALSE,1,1,1,2
688,688,3432417788,Male,> 60,"6'0""",FALSE,NA,Graduate degree,Middle Atlantic,Once a year or less,Never,TRUE,Somewhat,FALSE,No,No,No,Somewhat,No,No,The person in the middle seat gets both arm rests,The person by the window,The person in the window seat should have exclusive control,No,No,Three times,FALSE,FALSE,1,1,2,2
689,689,3432414918,Female,> 60,"5'4""",FALSE,"$100,000 - $149,999",Graduate degree,West North Central,Once a month or less,Usually,FALSE,No,FALSE,No,No,No,No,Somewhat,Very,The arm rests should be shared,The person in aisle,Everyone in the row should have some say,Very,Very,Three times,FALSE,FALSE,1,0,1,1
690,690,3432413860,Female,18-29,"5'5""",FALSE,"$100,000 - $149,999",Some college or Associate degree,Pacific,Once a month or less,Usually,FALSE,No,FALSE,Somewhat,No,Somewhat,Very,Somewhat,Very,The arm rests should be shared,The person in aisle,Everyone in the row should have some say,Somewhat,No,Three times,TRUE,FALSE,1,0,1,1
691,691,3432413457,Male,30-44,"5'9""",FALSE,NA,Graduate degree,South Atlantic,Once a month or less,Usually,FALSE,No,FALSE,No,No,Very,Very,No,No,The arm rests should be shared,The arm rests should be shared,Everyone in the row should have some say,Somewhat,No,Three times,TRUE,FALSE,1,1,1,2
692,692,3432409146,Male,45-60,"5'8""",FALSE,NA,Graduate degree,West North Central,Once a month or less,About half the time,TRUE,No,TRUE,Very,Very,Very,Very,Very,Very,The arm rests should be shared,The arm rests should be shared,The person in the window seat should have exclusive control,Very,Very,Twice,FALSE,FALSE,1,1,1,2
693,693,3432409101,Male,> 60,"5'11""",FALSE,"$50,000 - $99,999",Some college or Associate degree,East North Central,Once a year or less,About half the time,FALSE,No,TRUE,No,No,No,Somewhat,Somewhat,Very,The arm rests should be shared,The arm rests should be shared,The person in the window seat should have exclusive control,No,No,Twice,FALSE,FALSE,1,0,1,2
694,694,3432404026,Male,18-29,"6'2""",FALSE,NA,Some college or Associate degree,West South Central,Once a year or less,Always,FALSE,No,FALSE,No,No,Somewhat,Very,Very,Very,The arm rests should be shared,The arm rests should be shared,The person in the window seat should have exclusive control,No,No,Three times,FALSE,FALSE,1,1,1,2
695,695,3432401832,Female,45-60,NA,NA,NA,Some college or Associate degree,East North Central,Never,NA,NA,NA,NA,NA,NA,NA,NA,NA,NA,NA,NA,NA,NA,NA,NA,NA,NA,1,21,NA,1
696,696,3432400140,Female,18-29,"5'4""",FALSE,"$50,000 - $99,999",Graduate degree,Middle Atlantic,Once a year or less,Usually,FALSE,No,FALSE,No,No,No,Somewhat,No,Somewhat,Whoever puts their arm on the arm rest first,Whoever puts their arm on the arm rest first,The person in the window seat should have exclusive control,No,No,More than five times times,FALSE,FALSE,1,0,1,1
697,697,3432398627,Female,> 60,Under 5 ft.,FALSE,NA,Graduate degree,West North Central,Once a month or less,Never,FALSE,Somewhat,FALSE,Somewhat,Somewhat,Somewhat,No,No,Somewhat,The arm rests should be shared,Whoever puts their arm on the arm rest first,Everyone in the row should have some say,No,No,More than five times times,FALSE,FALSE,1,1,2,1
698,698,3432398240,Male,18-29,"6'0""",FALSE,"$50,000 - $99,999",Bachelor degree,Middle Atlantic,Once a month or less,Usually,FALSE,No,FALSE,No,No,No,Very,Very,Very,Other (please specify),The person in aisle,The person in the window seat should have exclusive control,No,No,Three times,FALSE,FALSE,1,0,1,2
699,699,3432397267,Female,45-60,NA,NA,NA,Graduate degree,Pacific,Never,NA,NA,NA,NA,NA,NA,NA,NA,NA,NA,NA,NA,NA,NA,NA,NA,NA,NA,1,21,NA,1
700,700,3432396716,Female,18-29,"5'3""",FALSE,"$100,000 - $149,999",Some college or Associate degree,South Atlantic,Once a year or less,About half the time,TRUE,No,FALSE,No,No,Somewhat,Somewhat,Somewhat,Somewhat,Whoever puts their arm on the arm rest first,Whoever puts their arm on the arm rest first,Everyone in the row should have some say,Somewhat,No,Three times,FALSE,FALSE,1,0,1,1
701,701,3432391980,Female,18-29,"5'7""",FALSE,"$50,000 - $99,999",Graduate degree,New England,Once a year or less,Never,TRUE,No,TRUE,No,No,Somewhat,Somewhat,No,Somewhat,The arm rests should be shared,The arm rests should be shared,Everyone in the row should have some say,No,No,Twice,FALSE,FALSE,1,0,1,1
702,702,3432391522,Female,45-60,"5'8""",FALSE,NA,Graduate degree,East North Central,Once a year or less,Usually,TRUE,No,FALSE,No,No,Somewhat,Somewhat,No,Very,The arm rests should be shared,The arm rests should be shared,Everyone in the row should have some say,No,Somewhat,Twice,FALSE,FALSE,1,1,1,1
703,703,3432390537,Female,45-60,NA,NA,NA,Graduate degree,West South Central,Never,NA,NA,NA,NA,NA,NA,NA,NA,NA,NA,NA,NA,NA,NA,NA,NA,NA,NA,1,21,NA,1
704,704,3432389747,Female,30-44,"5'5""",TRUE,"$25,000 - $49,999",High school degree,South Atlantic,Once a year or less,Once in a while,TRUE,No,FALSE,No,No,Somewhat,Very,No,Very,The arm rests should be shared,The person by the window,Everyone in the row should have some say,No,Somewhat,Twice,FALSE,FALSE,0,0,1,1
705,705,3432388806,Female,30-44,"5'0""",FALSE,NA,Some college or Associate degree,West North Central,Once a year or less,Once in a while,TRUE,Somewhat,FALSE,No,No,No,No,No,Somewhat,The person in the middle seat gets both arm rests,The arm rests should be shared,The person in the window seat should have exclusive control,No,Somewhat,Three times,FALSE,FALSE,1,1,2,1
706,706,3432388180,Male,45-60,"6'4""",TRUE,"$100,000 - $149,999",Some college or Associate degree,South Atlantic,Once a year or less,Usually,TRUE,Somewhat,TRUE,No,No,No,No,No,Somewhat,The arm rests should be shared,The arm rests should be shared,Everyone in the row should have some say,No,No,Three times,FALSE,FALSE,1,0,2,2
707,707,3432384865,Female,> 60,"5'5""",FALSE,NA,Less than high school degree,West North Central,Once a year or less,Usually,TRUE,No,FALSE,No,No,Somewhat,Very,No,Very,Whoever puts their arm on the arm rest first,Whoever puts their arm on the arm rest first,Everyone in the row should have some say,No,No,Three times,TRUE,FALSE,0,1,1,1
708,708,3432384438,Female,18-29,"5'7""",FALSE,"$50,000 - $99,999",Bachelor degree,South Atlantic,Once a year or less,About half the time,FALSE,Somewhat,FALSE,Very,Somewhat,No,Very,Somewhat,Somewhat,Whoever puts their arm on the arm rest first,Whoever puts their arm on the arm rest first,The person in the window seat should have exclusive control,No,No,Twice,TRUE,FALSE,1,0,2,1
709,709,3432384307,Male,45-60,"6'1""",FALSE,"$100,000 - $149,999",Bachelor degree,West North Central,Once a year or less,About half the time,TRUE,No,FALSE,No,No,No,Somewhat,No,Very,The arm rests should be shared,The arm rests should be shared,Everyone in the row should have some say,No,No,More than five times times,FALSE,FALSE,1,0,1,2
710,710,3432382629,Male,45-60,"6'0""",FALSE,"$100,000 - $149,999",Graduate degree,Middle Atlantic,Once a year or less,Never,TRUE,Somewhat,TRUE,No,No,Somewhat,Somewhat,Very,Very,The arm rests should be shared,Other (please specify),The person in the window seat should have exclusive control,No,No,Three times,FALSE,FALSE,1,0,2,2
711,711,3432382358,Female,18-29,NA,NA,"$25,000 - $49,999",Some college or Associate degree,East South Central,Never,NA,NA,NA,NA,NA,NA,NA,NA,NA,NA,NA,NA,NA,NA,NA,NA,NA,NA,1,20,NA,1
712,712,3432380943,Female,18-29,"5'5""",FALSE,NA,High school degree,New England,Once a year or less,About half the time,TRUE,No,FALSE,Somewhat,Somewhat,Somewhat,Very,No,Somewhat,The person in the middle seat gets both arm rests,The arm rests should be shared,Everyone in the row should have some say,Somewhat,No,Twice,FALSE,FALSE,0,1,1,1
713,713,3432377141,Male,30-44,"5'8""",TRUE,NA,Bachelor degree,East North Central,Once a month or less,Usually,TRUE,No,FALSE,No,No,No,Somewhat,No,No,The person in the middle seat gets both arm rests,The person in aisle,Everyone in the row should have some say,No,No,Three times,TRUE,FALSE,1,1,1,2
714,714,3432372897,Female,45-60,"5'4""",TRUE,"$0 - $24,999",High school degree,East North Central,Once a year or less,Usually,TRUE,No,TRUE,No,No,Somewhat,Very,No,No,The arm rests should be shared,The arm rests should be shared,The person in the window seat should have exclusive control,Very,No,Twice,FALSE,FALSE,0,0,1,1
715,715,3432370067,Female,45-60,NA,NA,"$50,000 - $99,999",Bachelor degree,South Atlantic,Never,NA,NA,NA,NA,NA,NA,NA,NA,NA,NA,NA,NA,NA,NA,NA,NA,NA,NA,1,20,NA,1
716,716,3432367174,Female,45-60,"5'5""",FALSE,"$50,000 - $99,999",Bachelor degree,South Atlantic,Once a year or less,Usually,TRUE,No,FALSE,No,No,No,No,No,Somewhat,The person in the middle seat gets both arm rests,The arm rests should be shared,Everyone in the row should have some say,No,No,Twice,TRUE,FALSE,1,0,1,1
717,717,3432366661,Male,18-29,"6'0""",FALSE,"$50,000 - $99,999",Bachelor degree,East North Central,Once a year or less,Usually,FALSE,No,FALSE,Somewhat,No,Somewhat,Somewhat,No,Somewhat,The person in the middle seat gets both arm rests,The person in aisle,Everyone in the row should have some say,No,No,Twice,TRUE,FALSE,1,0,1,2
718,718,3432363206,Female,30-44,"5'5""",FALSE,"$50,000 - $99,999",Graduate degree,East North Central,Once a year or less,About half the time,TRUE,No,TRUE,No,No,No,Somewhat,No,Somewhat,The arm rests should be shared,The arm rests should be shared,Everyone in the row should have some say,No,No,Twice,FALSE,FALSE,1,0,1,1
719,719,3432361375,Female,45-60,NA,NA,NA,Some college or Associate degree,South Atlantic,Never,NA,NA,NA,NA,NA,NA,NA,NA,NA,NA,NA,NA,NA,NA,NA,NA,NA,NA,1,21,NA,1
720,720,3432361003,Male,> 60,"5'10""",FALSE,"$100,000 - $149,999",Bachelor degree,Middle Atlantic,Once a year or less,Once in a while,TRUE,No,FALSE,No,No,No,No,No,Very,The arm rests should be shared,The arm rests should be shared,Everyone in the row should have some say,Somewhat,No,Three times,FALSE,FALSE,1,0,1,2
721,721,3432359089,Male,18-29,"5'6""",FALSE,"$50,000 - $99,999",Graduate degree,West South Central,Once a year or less,Never,TRUE,Somewhat,TRUE,No,No,No,Somewhat,No,Somewhat,The arm rests should be shared,The arm rests should be shared,Everyone in the row should have some say,No,No,Twice,FALSE,FALSE,1,0,2,2
722,722,3432358454,Male,45-60,"5'10""",FALSE,"$100,000 - $149,999",Bachelor degree,South Atlantic,Once a month or less,Once in a while,TRUE,Somewhat,FALSE,No,No,Somewhat,Somewhat,No,Very,Other (please specify),Other (please specify),The person in the window seat should have exclusive control,No,No,Four times,FALSE,FALSE,1,0,2,2
723,723,3432348742,Female,18-29,NA,NA,"$50,000 - $99,999",Some college or Associate degree,South Atlantic,Never,NA,NA,NA,NA,NA,NA,NA,NA,NA,NA,NA,NA,NA,NA,NA,NA,NA,NA,1,20,NA,1
724,724,3432343914,Male,> 60,"6'3""",FALSE,"$100,000 - $149,999",Bachelor degree,West South Central,Once a year or less,Never,TRUE,Somewhat,TRUE,Very,Somewhat,No,Somewhat,No,Very,The person in the middle seat gets both arm rests,The arm rests should be shared,Everyone in the row should have some say,Somewhat,Somewhat,Twice,FALSE,FALSE,1,0,2,2
725,725,3432343720,Male,> 60,"5'9""",FALSE,"$25,000 - $49,999",Some college or Associate degree,East South Central,Once a year or less,Once in a while,TRUE,Somewhat,TRUE,No,No,No,No,No,Very,The arm rests should be shared,The arm rests should be shared,Everyone in the row should have some say,No,No,Three times,FALSE,FALSE,1,0,2,2
726,726,3432341473,Female,30-44,"5'6""",TRUE,NA,Bachelor degree,East North Central,Once a month or less,About half the time,TRUE,No,FALSE,Somewhat,No,No,Somewhat,No,Somewhat,The arm rests should be shared,The arm rests should be shared,The person in the window seat should have exclusive control,No,No,Twice,FALSE,FALSE,1,1,1,1
727,727,3432341455,Female,> 60,"5'4""",FALSE,"$100,000 - $149,999",Bachelor degree,Middle Atlantic,Once a year or less,Once in a while,TRUE,Somewhat,TRUE,No,No,No,No,No,Very,The arm rests should be shared,The arm rests should be shared,Everyone in the row should have some say,No,Somewhat,Twice,FALSE,FALSE,1,0,2,1
728,728,3432341030,NA,NA,NA,NA,NA,NA,NA,Once a year or less,NA,NA,NA,NA,NA,NA,NA,NA,NA,NA,NA,NA,NA,NA,NA,NA,NA,NA,NA,26,NA,NA
729,729,3432335270,Male,18-29,"5'10""",FALSE,"$25,000 - $49,999",Bachelor degree,West North Central,Once a month or less,Never,TRUE,Somewhat,FALSE,No,No,Somewhat,Very,No,No,The person in the middle seat gets both arm rests,Other (please specify),The person in the window seat should have exclusive control,No,Somewhat,Three times,FALSE,FALSE,1,0,2,2
730,730,3432333484,Male,18-29,"6'4""",FALSE,"$25,000 - $49,999",Some college or Associate degree,East North Central,Once a month or less,Never,FALSE,Somewhat,TRUE,No,No,Somewhat,Very,No,Somewhat,The person in the middle seat gets both arm rests,The arm rests should be shared,The person in the window seat should have exclusive control,Somewhat,No,Twice,FALSE,FALSE,1,0,2,2
731,731,3432333274,Female,> 60,"5'8""",FALSE,"$100,000 - $149,999",Graduate degree,West South Central,Once a year or less,Always,FALSE,No,FALSE,Somewhat,Somewhat,No,Very,No,Very,The arm rests should be shared,The arm rests should be shared,The person in the window seat should have exclusive control,No,No,Twice,FALSE,FALSE,1,0,1,1
732,732,3432332848,Male,> 60,"6'3""",FALSE,NA,Some college or Associate degree,South Atlantic,Once a year or less,Usually,FALSE,No,FALSE,No,No,No,No,No,Very,Whoever puts their arm on the arm rest first,Whoever puts their arm on the arm rest first,Everyone in the row should have some say,No,Somewhat,Twice,FALSE,FALSE,1,1,1,2
733,733,3432332409,Female,> 60,"5'2""",FALSE,"$50,000 - $99,999",Bachelor degree,South Atlantic,Once a year or less,Always,FALSE,No,FALSE,No,No,No,No,No,Somewhat,The arm rests should be shared,The arm rests should be shared,The person in the window seat should have exclusive control,No,No,Four times,FALSE,FALSE,1,0,1,1
734,734,3432331776,Female,> 60,"5'0""",FALSE,NA,Graduate degree,Middle Atlantic,Once a year or less,About half the time,TRUE,No,TRUE,No,No,No,Very,Somewhat,Somewhat,Whoever puts their arm on the arm rest first,Whoever puts their arm on the arm rest first,Everyone in the row should have some say,No,No,Twice,FALSE,FALSE,1,1,1,1
735,735,3432329841,Female,30-44,"5'0""",FALSE,"$50,000 - $99,999",Graduate degree,East North Central,Once a month or less,About half the time,TRUE,No,FALSE,No,No,No,Somewhat,No,Somewhat,The arm rests should be shared,The arm rests should be shared,The person in the window seat should have exclusive control,No,Somewhat,Twice,FALSE,FALSE,1,0,1,1
736,736,3432327041,Female,30-44,"5'0""",FALSE,"$50,000 - $99,999",Bachelor degree,New England,Once a month or less,About half the time,FALSE,No,FALSE,No,No,Somewhat,Somewhat,Very,Very,The person in the middle seat gets both arm rests,The arm rests should be shared,The person in the window seat should have exclusive control,No,No,Twice,FALSE,FALSE,1,0,1,1
737,737,3432325983,Female,30-44,NA,NA,"$0 - $24,999",High school degree,South Atlantic,Never,NA,NA,NA,NA,NA,NA,NA,NA,NA,NA,NA,NA,NA,NA,NA,NA,NA,NA,0,20,NA,1
738,738,3432324589,Female,18-29,NA,NA,NA,Less than high school degree,East North Central,Never,NA,NA,NA,NA,NA,NA,NA,NA,NA,NA,NA,NA,NA,NA,NA,NA,NA,NA,0,21,NA,1
739,739,3432321128,Male,30-44,"5'9""",FALSE,NA,Some college or Associate degree,South Atlantic,Once a year or less,Never,TRUE,Very,TRUE,Somewhat,Somewhat,Somewhat,Very,Very,Very,The arm rests should be shared,The person in aisle,Everyone in the row should have some say,Very,Somewhat,Twice,FALSE,FALSE,1,1,3,2
740,740,3432320859,Female,30-44,"5'3""",TRUE,NA,Bachelor degree,West North Central,Once a year or less,Usually,FALSE,No,FALSE,No,No,No,No,No,Somewhat,The arm rests should be shared,The arm rests should be shared,The person in the window seat should have exclusive control,No,No,Three times,FALSE,FALSE,1,1,1,1
741,741,3432316933,Female,30-44,"5'6""",TRUE,"$50,000 - $99,999",Bachelor degree,West North Central,Once a year or less,Never,TRUE,Somewhat,TRUE,Somewhat,Somewhat,No,Somewhat,No,No,Whoever puts their arm on the arm rest first,Whoever puts their arm on the arm rest first,The person in the window seat should have exclusive control,No,No,Three times,FALSE,FALSE,1,0,2,1
742,742,3432315866,Female,18-29,NA,NA,"$50,000 - $99,999",Bachelor degree,Middle Atlantic,Never,NA,NA,NA,NA,NA,NA,NA,NA,NA,NA,NA,NA,NA,NA,NA,NA,NA,NA,1,20,NA,1
743,743,3432313795,Female,18-29,"5'2""",FALSE,"$0 - $24,999",Bachelor degree,South Atlantic,Once a year or less,Once in a while,TRUE,Somewhat,TRUE,No,No,No,Somewhat,Somewhat,Very,The arm rests should be shared,The arm rests should be shared,Everyone in the row should have some say,No,No,Twice,FALSE,FALSE,1,0,2,1
744,744,3432312743,Female,> 60,"5'2""",FALSE,"$25,000 - $49,999",Bachelor degree,South Atlantic,Once a year or less,Once in a while,TRUE,Somewhat,FALSE,No,No,No,Somewhat,No,Very,The arm rests should be shared,The arm rests should be shared,The person in the window seat should have exclusive control,Somewhat,Somewhat,Twice,FALSE,FALSE,1,0,2,1
745,745,3432311036,Female,> 60,"5'2""",FALSE,"$50,000 - $99,999",Graduate degree,Middle Atlantic,Once a year or less,Never,TRUE,Very,TRUE,Somewhat,No,Somewhat,Somewhat,Somewhat,No,The arm rests should be shared,The arm rests should be shared,Everyone in the row should have some say,No,Very,Three times,FALSE,FALSE,1,0,3,1
746,746,3432311009,Male,45-60,"5'7""",TRUE,NA,Bachelor degree,Middle Atlantic,Once a month or less,Never,FALSE,No,FALSE,No,No,No,No,No,No,Whoever puts their arm on the arm rest first,Whoever puts their arm on the arm rest first,Everyone in the row should have some say,No,No,Twice,FALSE,FALSE,1,1,1,2
747,747,3432310432,Female,45-60,"5'6""",TRUE,NA,Graduate degree,West North Central,Once a year or less,Always,FALSE,No,FALSE,No,No,No,No,No,Very,The arm rests should be shared,The arm rests should be shared,Everyone in the row should have some say,No,No,Three times,FALSE,FALSE,1,1,1,1
748,748,3432309841,Female,45-60,"5'4""",FALSE,"$50,000 - $99,999",Bachelor degree,South Atlantic,Once a year or less,Usually,TRUE,Very,TRUE,Very,Very,Very,Somewhat,Somewhat,Very,Whoever puts their arm on the arm rest first,Whoever puts their arm on the arm rest first,The person in the window seat should have exclusive control,No,No,Twice,FALSE,FALSE,1,0,3,1
749,749,3432308015,Male,18-29,NA,NA,"$0 - $24,999",Bachelor degree,West North Central,Never,NA,NA,NA,NA,NA,NA,NA,NA,NA,NA,NA,NA,NA,NA,NA,NA,NA,NA,1,20,NA,2
750,750,3432304276,Female,18-29,"5'10""",FALSE,"$0 - $24,999",Bachelor degree,Mountain,Once a year or less,Once in a while,TRUE,Somewhat,TRUE,Somewhat,No,No,Somewhat,Very,Very,The arm rests should be shared,The person in aisle,The person in the window seat should have exclusive control,Somewhat,Somewhat,Twice,TRUE,FALSE,1,0,2,1
751,751,3432302232,Female,18-29,"5'5""",FALSE,"$25,000 - $49,999",Some college or Associate degree,West North Central,Once a year or less,Never,TRUE,Somewhat,TRUE,No,No,No,No,No,No,The arm rests should be shared,The person by the window,Everyone in the row should have some say,No,No,Three times,FALSE,FALSE,1,0,2,1
752,752,3432302009,Male,45-60,"6'3""",FALSE,NA,Bachelor degree,West South Central,Once a month or less,Never,TRUE,Somewhat,TRUE,No,No,Somewhat,No,No,Somewhat,The arm rests should be shared,The arm rests should be shared,Everyone in the row should have some say,No,No,Once,FALSE,FALSE,1,1,2,2
753,753,3432300719,Female,18-29,"5'6""",FALSE,"$50,000 - $99,999",Some college or Associate degree,East North Central,Once a year or less,Once in a while,TRUE,No,FALSE,No,No,No,Somewhat,No,Somewhat,The arm rests should be shared,Whoever puts their arm on the arm rest first,Everyone in the row should have some say,No,No,Three times,FALSE,FALSE,1,0,1,1
754,754,3432300680,Female,45-60,"5'5""",TRUE,"$50,000 - $99,999",High school degree,South Atlantic,Once a year or less,Once in a while,FALSE,No,FALSE,No,No,No,Somewhat,No,Somewhat,Whoever puts their arm on the arm rest first,Whoever puts their arm on the arm rest first,Everyone in the row should have some say,No,No,Three times,FALSE,FALSE,0,0,1,1
755,755,3432299458,Female,30-44,"5'6""",TRUE,"$25,000 - $49,999",Some college or Associate degree,New England,Once a year or less,Usually,TRUE,No,FALSE,Somewhat,Somewhat,Somewhat,Very,No,Somewhat,The arm rests should be shared,The arm rests should be shared,The person in the window seat should have exclusive control,No,No,Three times,FALSE,FALSE,1,0,1,1
756,756,3432298945,Female,18-29,"5'3""",FALSE,NA,Bachelor degree,Middle Atlantic,Once a year or less,Once in a while,TRUE,Somewhat,FALSE,No,No,Somewhat,Somewhat,No,Very,The person in the middle seat gets both arm rests,The person in aisle,Everyone in the row should have some say,No,No,Three times,FALSE,FALSE,1,1,2,1
757,757,3432298537,Male,45-60,"5'6""",FALSE,"$100,000 - $149,999",Some college or Associate degree,South Atlantic,A few times per month,Always,TRUE,No,FALSE,No,No,Somewhat,Somewhat,Somewhat,Very,The arm rests should be shared,The arm rests should be shared,Everyone in the row should have some say,No,Somewhat,Twice,TRUE,FALSE,1,0,1,2
758,758,3432294376,Male,> 60,"6'1""",FALSE,"$25,000 - $49,999",Some college or Associate degree,East North Central,Once a year or less,Usually,FALSE,No,FALSE,No,No,No,Somewhat,Very,Very,The arm rests should be shared,The person in aisle,The person in the window seat should have exclusive control,No,Somewhat,Four times,FALSE,FALSE,1,0,1,2
759,759,3432293549,Male,45-60,"5'5""",FALSE,"$50,000 - $99,999",Some college or Associate degree,Middle Atlantic,Once a month or less,Once in a while,FALSE,No,TRUE,No,No,No,No,No,Somewhat,The person in the middle seat gets both arm rests,Whoever puts their arm on the arm rest first,Everyone in the row should have some say,No,No,Three times,FALSE,FALSE,1,0,1,2
760,760,3432293441,Female,> 60,"5'4""",FALSE,"$25,000 - $49,999",Graduate degree,West North Central,Once a month or less,About half the time,FALSE,No,FALSE,Very,Very,Somewhat,Somewhat,Very,Very,The arm rests should be shared,The arm rests should be shared,The person in the window seat should have exclusive control,No,No,Twice,FALSE,FALSE,1,0,1,1
761,761,3432290352,Male,45-60,"5'8""",FALSE,"$100,000 - $149,999",Bachelor degree,Pacific,Once a month or less,Always,FALSE,No,FALSE,No,No,No,No,No,Somewhat,The arm rests should be shared,The arm rests should be shared,Everyone in the row should have some say,No,No,Three times,FALSE,FALSE,1,0,1,2
762,762,3432290120,Female,18-29,"5'10""",FALSE,"$100,000 - $149,999",High school degree,South Atlantic,Once a year or less,Once in a while,TRUE,Somewhat,FALSE,No,No,No,No,No,Somewhat,The arm rests should be shared,The arm rests should be shared,Everyone in the row should have some say,No,No,Three times,FALSE,FALSE,0,0,2,1
763,763,3432289618,Female,45-60,NA,NA,"$25,000 - $49,999",High school degree,South Atlantic,Never,NA,NA,NA,NA,NA,NA,NA,NA,NA,NA,NA,NA,NA,NA,NA,NA,NA,NA,0,20,NA,1
764,764,3432288635,Male,30-44,"5'10""",FALSE,"$25,000 - $49,999",Bachelor degree,Middle Atlantic,Once a year or less,Once in a while,FALSE,Somewhat,FALSE,No,No,Somewhat,Very,Very,Very,The arm rests should be shared,The arm rests should be shared,The person in the window seat should have exclusive control,No,Very,Twice,TRUE,FALSE,1,0,2,2
765,765,3432287277,Female,45-60,"5'6""",TRUE,"$25,000 - $49,999",High school degree,East North Central,Once a year or less,Never,TRUE,No,FALSE,No,No,No,Somewhat,No,Somewhat,The arm rests should be shared,The arm rests should be shared,Everyone in the row should have some say,No,No,Twice,FALSE,FALSE,0,0,1,1
766,766,3432285323,Male,18-29,"5'3""",FALSE,"$50,000 - $99,999",Bachelor degree,New England,A few times per month,Never,TRUE,Very,TRUE,No,No,No,No,No,No,The arm rests should be shared,Other (please specify),Everyone in the row should have some say,No,No,More than five times times,TRUE,FALSE,1,0,3,2
767,767,3432284769,Female,18-29,"5'7""",FALSE,"$25,000 - $49,999",Bachelor degree,East North Central,Once a year or less,Once in a while,TRUE,Very,TRUE,Somewhat,No,Somewhat,Very,Somewhat,Somewhat,The arm rests should be shared,The arm rests should be shared,Everyone in the row should have some say,No,No,Three times,FALSE,FALSE,1,0,3,1
768,768,3432284587,Male,18-29,"6'4""",FALSE,"$25,000 - $49,999",Bachelor degree,Middle Atlantic,Once a month or less,Always,TRUE,Very,TRUE,Somewhat,Very,Somewhat,Somewhat,Somewhat,Somewhat,The people in the aisle and window seats get both arm rests,The person in aisle,The person in the window seat should have exclusive control,Somewhat,Somewhat,Once,TRUE,TRUE,1,0,3,2
769,769,3432283462,Female,30-44,NA,NA,"$25,000 - $49,999",Bachelor degree,West North Central,Never,NA,NA,NA,NA,NA,NA,NA,NA,NA,NA,NA,NA,NA,NA,NA,NA,NA,NA,1,20,NA,1
770,770,3432281180,Male,30-44,"5'7""",TRUE,"$50,000 - $99,999",Bachelor degree,South Atlantic,Once a year or less,Once in a while,FALSE,No,FALSE,No,No,Somewhat,Very,No,Very,The arm rests should be shared,The arm rests should be shared,Everyone in the row should have some say,Somewhat,No,Twice,FALSE,FALSE,1,0,1,2
771,771,3432279494,Female,30-44,"5'4""",TRUE,NA,Graduate degree,East North Central,Once a month or less,Usually,FALSE,No,FALSE,No,No,Somewhat,Somewhat,No,No,The person in the middle seat gets both arm rests,Whoever puts their arm on the arm rest first,Everyone in the row should have some say,Somewhat,Somewhat,Three times,FALSE,FALSE,1,1,1,1
772,772,3432275513,Female,18-29,"5'9""",FALSE,"$25,000 - $49,999",Bachelor degree,South Atlantic,Once a month or less,Once in a while,FALSE,Somewhat,FALSE,No,No,No,Somewhat,Somewhat,Very,Whoever puts their arm on the arm rest first,Whoever puts their arm on the arm rest first,The person in the window seat should have exclusive control,No,No,More than five times times,TRUE,FALSE,1,0,2,1
773,773,3432275100,Male,30-44,"6'0""",TRUE,"$100,000 - $149,999",Bachelor degree,West South Central,Once a month or less,About half the time,TRUE,Somewhat,TRUE,No,No,Somewhat,Somewhat,No,Somewhat,The person in the middle seat gets both arm rests,The arm rests should be shared,Everyone in the row should have some say,No,No,Three times,FALSE,FALSE,1,0,2,2
774,774,3432270754,Female,> 60,"6'1""",FALSE,"$100,000 - $149,999",Graduate degree,South Atlantic,Once a month or less,Never,TRUE,Very,TRUE,No,No,No,Somewhat,No,Somewhat,The arm rests should be shared,The arm rests should be shared,Everyone in the row should have some say,No,Somewhat,Four times,FALSE,FALSE,1,0,3,1
775,775,3432269705,Male,30-44,"5'6""",TRUE,NA,Graduate degree,Pacific,Once a month or less,Usually,FALSE,No,FALSE,Somewhat,Somewhat,Somewhat,Very,Somewhat,Somewhat,The arm rests should be shared,The arm rests should be shared,Everyone in the row should have some say,No,No,Twice,FALSE,FALSE,1,1,1,2
776,776,3432269407,Male,18-29,NA,NA,NA,High school degree,Mountain,Never,NA,NA,NA,NA,NA,NA,NA,NA,NA,NA,NA,NA,NA,NA,NA,NA,NA,NA,0,21,NA,2
777,777,3432268300,Female,45-60,"5'8""",TRUE,"$100,000 - $149,999",Some college or Associate degree,New England,Once a year or less,About half the time,TRUE,No,FALSE,No,No,Somewhat,Somewhat,Somewhat,Very,The arm rests should be shared,The arm rests should be shared,Everyone in the row should have some say,No,No,More than five times times,FALSE,FALSE,1,0,1,1
778,778,3432266480,Male,30-44,"5'5""",TRUE,"$100,000 - $149,999",Bachelor degree,Middle Atlantic,Once a year or less,Always,TRUE,No,FALSE,No,No,No,No,No,No,Whoever puts their arm on the arm rest first,Whoever puts their arm on the arm rest first,The person in the window seat should have exclusive control,No,No,Three times,FALSE,FALSE,1,0,1,2
779,779,3432266376,Female,> 60,"5'7""",FALSE,NA,Graduate degree,West South Central,Once a month or less,Never,TRUE,Very,TRUE,Somewhat,Somewhat,No,Very,Somewhat,Very,The arm rests should be shared,The person by the window,Everyone in the row should have some say,No,No,Twice,FALSE,FALSE,1,1,3,1
780,780,3432265208,Male,30-44,"5'10""",FALSE,"$25,000 - $49,999",Some college or Associate degree,West South Central,Once a year or less,Usually,TRUE,Somewhat,TRUE,Somewhat,Somewhat,Somewhat,Very,Somewhat,Very,The arm rests should be shared,The arm rests should be shared,The person in the window seat should have exclusive control,No,No,Three times,TRUE,FALSE,1,0,2,2
781,781,3432264778,Male,> 60,"6'0""",FALSE,NA,Graduate degree,Middle Atlantic,Once a year or less,Always,FALSE,No,FALSE,No,No,No,Very,Very,Very,The person in the middle seat gets both arm rests,The arm rests should be shared,Everyone in the row should have some say,No,No,Four times,FALSE,FALSE,1,1,1,2
782,782,3432264655,Female,45-60,"5'3""",FALSE,"$25,000 - $49,999",Bachelor degree,Middle Atlantic,Once a year or less,Always,TRUE,No,FALSE,No,No,Somewhat,Somewhat,No,Somewhat,The arm rests should be shared,The arm rests should be shared,Everyone in the row should have some say,No,No,Three times,FALSE,FALSE,1,0,1,1
783,783,3432257707,Female,> 60,"5'2""",FALSE,NA,Some college or Associate degree,New England,Once a year or less,Never,TRUE,Somewhat,FALSE,Very,Somewhat,No,Very,No,Somewhat,The person in the middle seat gets both arm rests,Whoever puts their arm on the arm rest first,The person in the window seat should have exclusive control,No,No,Twice,FALSE,FALSE,1,1,2,1
784,784,3432257634,Male,> 60,NA,NA,"$0 - $24,999",Some college or Associate degree,East South Central,Never,NA,NA,NA,NA,NA,NA,NA,NA,NA,NA,NA,NA,NA,NA,NA,NA,NA,NA,1,20,NA,2
785,785,3432252295,Male,45-60,"5'9""",FALSE,NA,Bachelor degree,Middle Atlantic,Once a year or less,Once in a while,TRUE,No,FALSE,No,No,No,Somewhat,No,Somewhat,The arm rests should be shared,The arm rests should be shared,Everyone in the row should have some say,No,No,Four times,FALSE,FALSE,1,1,1,2
786,786,3432250494,Female,18-29,"5'3""",FALSE,"$50,000 - $99,999",Bachelor degree,Middle Atlantic,Once a month or less,Once in a while,TRUE,Somewhat,FALSE,No,No,No,No,No,Somewhat,The arm rests should be shared,The arm rests should be shared,The person in the window seat should have exclusive control,No,No,Twice,FALSE,FALSE,1,0,2,1
787,787,3432248891,Female,45-60,NA,NA,NA,Graduate degree,Middle Atlantic,Never,NA,NA,NA,NA,NA,NA,NA,NA,NA,NA,NA,NA,NA,NA,NA,NA,NA,NA,1,21,NA,1
788,788,3432248497,Male,45-60,"5'9""",TRUE,"$100,000 - $149,999",Bachelor degree,East North Central,Once a year or less,Usually,TRUE,No,TRUE,Somewhat,No,No,No,No,Somewhat,The arm rests should be shared,The arm rests should be shared,Everyone in the row should have some say,No,No,Four times,FALSE,FALSE,1,0,1,2
789,789,3432246483,Female,30-44,"5'2""",FALSE,NA,Bachelor degree,Middle Atlantic,Once a year or less,Usually,FALSE,No,FALSE,No,No,No,Very,No,Very,The people in the aisle and window seats get both arm rests,The arm rests should be shared,Everyone in the row should have some say,No,Somewhat,Twice,TRUE,FALSE,1,1,1,1
790,790,3432245461,Female,45-60,"5'2""",FALSE,NA,Some college or Associate degree,South Atlantic,Once a year or less,Once in a while,TRUE,No,FALSE,No,No,No,Somewhat,No,Somewhat,The arm rests should be shared,The arm rests should be shared,Everyone in the row should have some say,Somewhat,No,Three times,FALSE,FALSE,1,1,1,1
791,791,3432242535,Female,18-29,"5'5""",FALSE,"$100,000 - $149,999",Bachelor degree,East North Central,Once a year or less,Never,TRUE,Somewhat,TRUE,Somewhat,No,Somewhat,Very,No,Very,The arm rests should be shared,The arm rests should be shared,Everyone in the row should have some say,No,No,Twice,FALSE,FALSE,1,0,2,1
792,792,3432235696,Male,45-60,NA,NA,"$50,000 - $99,999",Bachelor degree,Middle Atlantic,Never,NA,NA,NA,NA,NA,NA,NA,NA,NA,NA,NA,NA,NA,NA,NA,NA,NA,NA,1,20,NA,2
793,793,3432234750,Male,30-44,"6'1""",FALSE,"$25,000 - $49,999",Graduate degree,East South Central,Once a year or less,Usually,TRUE,No,FALSE,No,No,No,No,Somewhat,Very,Other (please specify),Other (please specify),Everyone in the row should have some say,No,No,Three times,FALSE,FALSE,1,0,1,2
794,794,3432234640,Female,30-44,NA,NA,NA,Bachelor degree,Middle Atlantic,Never,NA,NA,NA,NA,NA,NA,NA,NA,NA,NA,NA,NA,NA,NA,NA,NA,NA,NA,1,21,NA,1
795,795,3432233039,Male,30-44,"6'3""",TRUE,NA,Bachelor degree,East North Central,Once a year or less,Usually,FALSE,Somewhat,FALSE,No,No,No,No,Somewhat,Somewhat,The arm rests should be shared,The arm rests should be shared,The person in the window seat should have exclusive control,No,No,More than five times times,FALSE,FALSE,1,1,2,2
796,796,3432231680,Female,18-29,"5'7""",FALSE,"$0 - $24,999",Bachelor degree,East South Central,Once a year or less,Never,TRUE,Somewhat,TRUE,No,No,Somewhat,Very,No,Very,The arm rests should be shared,The arm rests should be shared,The person in the window seat should have exclusive control,No,No,Twice,FALSE,FALSE,1,0,2,1
797,797,3432231525,Female,45-60,"5'4""",TRUE,"$100,000 - $149,999",Graduate degree,South Atlantic,Once a month or less,Once in a while,TRUE,Somewhat,FALSE,No,No,No,No,No,Very,The arm rests should be shared,The arm rests should be shared,Everyone in the row should have some say,No,No,Three times,FALSE,FALSE,1,0,2,1
798,798,3432231010,Female,30-44,"5'7""",FALSE,"$50,000 - $99,999",Some college or Associate degree,Mountain,Once a month or less,About half the time,TRUE,No,FALSE,No,No,Somewhat,Very,Somewhat,Very,The arm rests should be shared,Whoever puts their arm on the arm rest first,Everyone in the row should have some say,Very,Somewhat,Twice,FALSE,FALSE,1,0,1,1
799,799,3432230286,Female,18-29,NA,NA,NA,Some college or Associate degree,Middle Atlantic,Never,NA,NA,NA,NA,NA,NA,NA,NA,NA,NA,NA,NA,NA,NA,NA,NA,NA,NA,1,21,NA,1
800,800,3432229570,Male,> 60,"5'8""",FALSE,"$50,000 - $99,999",Graduate degree,South Atlantic,Once a month or less,About half the time,FALSE,Somewhat,TRUE,Somewhat,Somewhat,Somewhat,Somewhat,No,Very,The arm rests should be shared,The arm rests should be shared,Everyone in the row should have some say,No,No,Four times,FALSE,FALSE,1,0,2,2
801,801,3432225948,Female,45-60,"5'2""",TRUE,NA,Bachelor degree,Middle Atlantic,Once a year or less,Once in a while,TRUE,No,FALSE,No,No,No,No,No,Somewhat,The arm rests should be shared,The arm rests should be shared,Everyone in the row should have some say,No,No,More than five times times,FALSE,FALSE,1,1,1,1
802,802,3432224529,Female,> 60,"5'5""",FALSE,"$25,000 - $49,999",High school degree,Middle Atlantic,Once a year or less,Once in a while,FALSE,No,FALSE,Very,Somewhat,Somewhat,Very,No,Somewhat,The person in the middle seat gets both arm rests,Whoever puts their arm on the arm rest first,The person in the window seat should have exclusive control,Somewhat,No,Twice,FALSE,FALSE,0,0,1,1
803,803,3432224244,Female,45-60,"5'8""",TRUE,NA,Graduate degree,South Atlantic,Once a month or less,Once in a while,TRUE,Somewhat,FALSE,No,No,Somewhat,Very,No,Very,The arm rests should be shared,The arm rests should be shared,The person in the window seat should have exclusive control,No,No,Twice,FALSE,FALSE,1,1,2,1
804,804,3432218963,Female,> 60,"5'3""",FALSE,NA,Graduate degree,East North Central,Once a year or less,Never,TRUE,Very,TRUE,Very,Very,No,Somewhat,No,Somewhat,The person in the middle seat gets both arm rests,Whoever puts their arm on the arm rest first,The person in the window seat should have exclusive control,No,No,Twice,FALSE,FALSE,1,1,3,1
805,805,3432216980,NA,NA,NA,NA,NA,NA,NA,Once a year or less,NA,NA,NA,NA,NA,NA,NA,NA,NA,NA,NA,NA,NA,NA,NA,NA,NA,NA,NA,26,NA,NA
806,806,3432216979,Female,> 60,"5'6""",FALSE,"$100,000 - $149,999",Graduate degree,Pacific,Once a year or less,Usually,TRUE,Very,TRUE,Somewhat,Somewhat,No,No,Somewhat,Very,Whoever puts their arm on the arm rest first,Whoever puts their arm on the arm rest first,Everyone in the row should have some say,Somewhat,No,Three times,FALSE,FALSE,1,0,3,1
807,807,3432214956,Female,> 60,"5'3""",FALSE,"$50,000 - $99,999",Some college or Associate degree,East South Central,Once a year or less,Never,TRUE,Very,TRUE,No,No,Somewhat,Somewhat,No,Somewhat,The arm rests should be shared,The arm rests should be shared,The person in the window seat should have exclusive control,No,No,Once,FALSE,FALSE,1,0,3,1
808,808,3432211812,Male,18-29,"5'7""",TRUE,NA,Bachelor degree,South Atlantic,Once a year or less,Once in a while,TRUE,Somewhat,FALSE,Very,Somewhat,Very,Very,No,Very,The arm rests should be shared,The arm rests should be shared,Everyone in the row should have some say,No,Somewhat,Three times,FALSE,FALSE,1,1,2,2
809,809,3432210766,Female,45-60,"5'2""",FALSE,"$0 - $24,999",Some college or Associate degree,NA,Once a year or less,Usually,FALSE,No,FALSE,No,No,No,No,No,Very,The arm rests should be shared,Whoever puts their arm on the arm rest first,Everyone in the row should have some say,No,No,Three times,FALSE,FALSE,1,1,1,1
810,810,3432207463,Male,45-60,"6'2""",FALSE,NA,Graduate degree,East North Central,A few times per month,Usually,FALSE,No,FALSE,No,No,No,Somewhat,No,No,The person in the middle seat gets both arm rests,The person by the window,The person in the window seat should have exclusive control,No,Somewhat,Three times,TRUE,FALSE,1,1,1,2
811,811,3432207045,Female,18-29,"5'9""",FALSE,"$50,000 - $99,999",Bachelor degree,Middle Atlantic,Once a month or less,Once in a while,TRUE,No,FALSE,No,No,Somewhat,Somewhat,No,Somewhat,The arm rests should be shared,The arm rests should be shared,Everyone in the row should have some say,No,No,Once,TRUE,FALSE,1,0,1,1
812,812,3432206254,Female,45-60,"5'8""",TRUE,"$50,000 - $99,999",Graduate degree,East North Central,Once a year or less,Never,TRUE,Very,TRUE,No,No,No,Somewhat,Somewhat,Somewhat,The arm rests should be shared,The arm rests should be shared,The person in the window seat should have exclusive control,No,Somewhat,Twice,FALSE,FALSE,1,0,3,1
813,813,3432204296,Male,30-44,"5'11""",TRUE,"$50,000 - $99,999",Some college or Associate degree,East North Central,Once a year or less,Always,TRUE,No,FALSE,No,No,No,Somewhat,No,Somewhat,The arm rests should be shared,The arm rests should be shared,Everyone in the row should have some say,No,No,Four times,FALSE,FALSE,1,0,1,2
814,814,3432201943,Male,30-44,"5'10""",TRUE,"$25,000 - $49,999",Bachelor degree,East South Central,Once a year or less,Usually,FALSE,No,FALSE,No,No,Somewhat,Somewhat,No,Somewhat,The arm rests should be shared,The arm rests should be shared,Everyone in the row should have some say,Somewhat,No,Four times,FALSE,FALSE,1,0,1,2
815,815,3432201007,Male,> 60,"6'0""",FALSE,"$50,000 - $99,999",Graduate degree,New England,Once a year or less,Once in a while,FALSE,No,FALSE,No,No,No,No,Somewhat,Very,The arm rests should be shared,The arm rests should be shared,Everyone in the row should have some say,No,Very,Twice,FALSE,FALSE,1,0,1,2
816,816,3432200655,Female,> 60,"5'4""",FALSE,NA,Some college or Associate degree,South Atlantic,Once a year or less,About half the time,FALSE,No,FALSE,No,No,No,Somewhat,No,No,The arm rests should be shared,The arm rests should be shared,Everyone in the row should have some say,No,No,Three times,FALSE,FALSE,1,1,1,1
817,817,3432198356,Male,> 60,"6'0""",FALSE,"$50,000 - $99,999",Some college or Associate degree,West South Central,Once a year or less,Always,FALSE,No,FALSE,No,No,No,No,No,Very,The arm rests should be shared,The arm rests should be shared,The person in the window seat should have exclusive control,No,No,Three times,FALSE,FALSE,1,0,1,2
818,818,3432198063,Female,> 60,"5'5""",FALSE,"$50,000 - $99,999",Graduate degree,South Atlantic,Once a year or less,Never,TRUE,Very,TRUE,Somewhat,Somewhat,Somewhat,Somewhat,No,Somewhat,The arm rests should be shared,The arm rests should be shared,The person in the window seat should have exclusive control,No,No,Once,FALSE,FALSE,1,0,3,1
819,819,3432193153,Female,> 60,"5'4""",FALSE,"$100,000 - $149,999",Some college or Associate degree,Pacific,Once a year or less,Usually,FALSE,No,TRUE,No,No,No,No,No,Somewhat,The arm rests should be shared,Whoever puts their arm on the arm rest first,Everyone in the row should have some say,Somewhat,No,Once,FALSE,FALSE,1,0,1,1
820,820,3432189783,Female,45-60,"5'8""",FALSE,"$100,000 - $149,999",Some college or Associate degree,New England,Once a year or less,Once in a while,TRUE,Somewhat,TRUE,No,No,Somewhat,Somewhat,No,Somewhat,The arm rests should be shared,The arm rests should be shared,The person in the window seat should have exclusive control,No,Somewhat,Three times,FALSE,FALSE,1,0,2,1
821,821,3432186436,Male,45-60,"5'10""",TRUE,"$50,000 - $99,999",Some college or Associate degree,Middle Atlantic,Once a year or less,Never,FALSE,No,FALSE,No,No,Somewhat,Very,No,No,The arm rests should be shared,The arm rests should be shared,The person in the window seat should have exclusive control,No,No,Once,FALSE,FALSE,1,0,1,2
822,822,3432183076,Female,> 60,"5'2""",FALSE,"$100,000 - $149,999",Bachelor degree,Mountain,Once a month or less,Usually,FALSE,No,TRUE,Somewhat,Somewhat,No,Somewhat,No,Somewhat,The person in the middle seat gets both arm rests,The arm rests should be shared,The person in the window seat should have exclusive control,No,Somewhat,Twice,TRUE,FALSE,1,0,1,1
823,823,3432182699,Female,18-29,"5'2""",FALSE,"$100,000 - $149,999",Some college or Associate degree,South Atlantic,Once a year or less,Never,TRUE,Somewhat,TRUE,Somewhat,Somewhat,No,Somewhat,No,Somewhat,The arm rests should be shared,The arm rests should be shared,The person in the window seat should have exclusive control,Somewhat,Somewhat,More than five times times,FALSE,FALSE,1,0,2,1
824,824,3432182171,Female,18-29,"5'6""",FALSE,NA,Some college or Associate degree,Middle Atlantic,Once a year or less,Never,TRUE,Somewhat,TRUE,No,No,Somewhat,Very,Very,Very,The arm rests should be shared,The arm rests should be shared,The person in the window seat should have exclusive control,No,Very,Twice,TRUE,FALSE,1,1,2,1
825,825,3432178805,Female,> 60,NA,NA,"$50,000 - $99,999",Graduate degree,Middle Atlantic,Never,NA,NA,NA,NA,NA,NA,NA,NA,NA,NA,NA,NA,NA,NA,NA,NA,NA,NA,1,20,NA,1
826,826,3432173421,Male,45-60,"5'8""",FALSE,"$25,000 - $49,999",High school degree,East North Central,Once a year or less,Always,TRUE,Somewhat,FALSE,No,No,No,No,No,Somewhat,Whoever puts their arm on the arm rest first,Whoever puts their arm on the arm rest first,The person in the window seat should have exclusive control,No,No,Three times,FALSE,FALSE,0,0,2,2
827,827,3432173072,Female,> 60,"5'4""",FALSE,"$25,000 - $49,999",Some college or Associate degree,Middle Atlantic,Once a year or less,Never,TRUE,Somewhat,TRUE,No,No,Somewhat,Somewhat,No,Somewhat,The arm rests should be shared,The arm rests should be shared,Everyone in the row should have some say,Somewhat,No,Four times,FALSE,FALSE,1,0,2,1
828,828,3432171106,Male,45-60,"5'6""",FALSE,"$100,000 - $149,999",Graduate degree,South Atlantic,Once a year or less,Never,TRUE,Very,FALSE,No,No,No,No,Very,Very,The arm rests should be shared,The arm rests should be shared,Everyone in the row should have some say,Somewhat,No,Three times,FALSE,FALSE,1,0,3,2
829,829,3432169273,Male,45-60,"6'0""",TRUE,"$50,000 - $99,999",Some college or Associate degree,Middle Atlantic,Once a year or less,Usually,FALSE,No,FALSE,Very,Very,No,Somewhat,No,Somewhat,The arm rests should be shared,The arm rests should be shared,Everyone in the row should have some say,Somewhat,No,Four times,FALSE,FALSE,1,0,1,2
830,830,3432169093,Female,> 60,NA,NA,NA,Bachelor degree,East South Central,Never,NA,NA,NA,NA,NA,NA,NA,NA,NA,NA,NA,NA,NA,NA,NA,NA,NA,NA,1,21,NA,1
831,831,3432167201,Male,30-44,"5'9""",FALSE,"$50,000 - $99,999",Graduate degree,Pacific,Once a year or less,Usually,FALSE,No,FALSE,No,No,No,Somewhat,No,No,The arm rests should be shared,The arm rests should be shared,The person in the window seat should have exclusive control,No,No,Four times,FALSE,FALSE,1,0,1,2
832,832,3432163496,Female,30-44,"5'9""",TRUE,"$50,000 - $99,999",Some college or Associate degree,West South Central,Once a year or less,Once in a while,FALSE,No,FALSE,Somewhat,Somewhat,No,Somewhat,Somewhat,Very,The arm rests should be shared,The arm rests should be shared,Everyone in the row should have some say,Somewhat,No,Once,FALSE,FALSE,1,0,1,1
833,833,3432160108,Female,45-60,"5'5""",FALSE,NA,Some college or Associate degree,West South Central,Once a year or less,About half the time,TRUE,Somewhat,FALSE,Somewhat,Somewhat,No,Somewhat,Very,Very,The arm rests should be shared,The arm rests should be shared,Everyone in the row should have some say,No,Very,Twice,FALSE,FALSE,1,1,2,1
834,834,3432157976,Male,45-60,"5'11""",FALSE,"$100,000 - $149,999",Bachelor degree,Middle Atlantic,Once a year or less,Always,TRUE,No,TRUE,Somewhat,No,No,Somewhat,Somewhat,Very,The person in the middle seat gets both arm rests,The person in aisle,The person in the window seat should have exclusive control,No,No,Twice,FALSE,FALSE,1,0,1,2
835,835,3432152520,Male,30-44,"5'9""",FALSE,NA,High school degree,West South Central,Once a year or less,Once in a while,FALSE,Somewhat,FALSE,No,No,Somewhat,Somewhat,No,Very,The arm rests should be shared,The person by the window,The person in the window seat should have exclusive control,No,No,Three times,FALSE,FALSE,0,1,2,2
836,836,3432152404,Female,> 60,NA,NA,"$50,000 - $99,999",Some college or Associate degree,South Atlantic,Never,NA,NA,NA,NA,NA,NA,NA,NA,NA,NA,NA,NA,NA,NA,NA,NA,NA,NA,1,20,NA,1
837,837,3432148736,Male,45-60,"6'3""",FALSE,"$100,000 - $149,999",Graduate degree,West North Central,Once a year or less,Once in a while,TRUE,No,FALSE,No,No,No,Somewhat,No,No,The arm rests should be shared,The arm rests should be shared,Everyone in the row should have some say,No,No,Twice,FALSE,FALSE,1,0,1,2
838,838,3432147692,Male,45-60,"6'0""",FALSE,NA,Graduate degree,Pacific,Once a month or less,Once in a while,TRUE,No,FALSE,No,No,No,Somewhat,No,Somewhat,Whoever puts their arm on the arm rest first,The arm rests should be shared,Everyone in the row should have some say,No,No,Three times,FALSE,FALSE,1,1,1,2
839,839,3432144332,Female,45-60,"5'5""",TRUE,NA,Bachelor degree,East North Central,Once a year or less,Always,FALSE,No,FALSE,No,No,Somewhat,Somewhat,No,No,The arm rests should be shared,The arm rests should be shared,The person in the window seat should have exclusive control,No,No,Three times,FALSE,FALSE,1,1,1,1
840,840,3432144315,Female,45-60,"5'4""",TRUE,"$25,000 - $49,999",High school degree,East North Central,Once a year or less,Never,TRUE,Very,TRUE,No,No,No,Somewhat,No,Somewhat,The arm rests should be shared,The arm rests should be shared,Everyone in the row should have some say,No,No,Twice,FALSE,FALSE,0,0,3,1
841,841,3432142382,Male,30-44,"5'6""",FALSE,"$50,000 - $99,999",Bachelor degree,West South Central,Once a month or less,About half the time,FALSE,No,FALSE,Somewhat,Somewhat,Somewhat,Somewhat,Somewhat,Very,The arm rests should be shared,The arm rests should be shared,Everyone in the row should have some say,Somewhat,No,Twice,FALSE,FALSE,1,0,1,2
842,842,3432141356,Male,45-60,"5'8""",FALSE,"$25,000 - $49,999",Graduate degree,South Atlantic,Once a year or less,Usually,FALSE,Somewhat,TRUE,Somewhat,Somewhat,Somewhat,Somewhat,Somewhat,No,Whoever puts their arm on the arm rest first,The person in aisle,The person in the window seat should have exclusive control,Somewhat,Somewhat,Four times,TRUE,FALSE,1,0,2,2
843,843,3432137466,NA,NA,"5'8""",NA,NA,NA,NA,Once a month or less,About half the time,NA,NA,NA,NA,NA,NA,NA,NA,NA,NA,NA,NA,NA,NA,NA,NA,NA,NA,24,NA,NA
844,844,3432133469,Female,45-60,"5'1""",FALSE,NA,Graduate degree,East North Central,Once a year or less,Never,TRUE,Somewhat,FALSE,No,No,No,No,No,No,The arm rests should be shared,The arm rests should be shared,Everyone in the row should have some say,No,No,Twice,FALSE,FALSE,1,1,2,1
845,845,3432131854,Female,30-44,"5'6""",FALSE,"$25,000 - $49,999",Bachelor degree,South Atlantic,Once a year or less,Usually,FALSE,No,FALSE,No,No,Somewhat,No,No,No,The arm rests should be shared,The arm rests should be shared,Everyone in the row should have some say,No,No,Three times,FALSE,FALSE,1,0,1,1
846,846,3432130915,Female,> 60,"5'7""",FALSE,"$50,000 - $99,999",Graduate degree,South Atlantic,A few times per month,Once in a while,TRUE,Somewhat,TRUE,No,No,No,Somewhat,No,Very,Whoever puts their arm on the arm rest first,The arm rests should be shared,The person in the window seat should have exclusive control,No,No,Four times,FALSE,FALSE,1,0,2,1
847,847,3432121736,Female,18-29,"5'8""",FALSE,"$100,000 - $149,999",Bachelor degree,South Atlantic,Once a month or less,Once in a while,TRUE,No,FALSE,No,No,Somewhat,Somewhat,No,Very,The arm rests should be shared,The arm rests should be shared,The person in the window seat should have exclusive control,No,No,More than five times times,FALSE,FALSE,1,0,1,1
848,848,3432120794,Male,> 60,"5'9""",FALSE,"$100,000 - $149,999",Some college or Associate degree,South Atlantic,Once a year or less,Once in a while,TRUE,No,TRUE,No,No,No,Somewhat,No,Very,The arm rests should be shared,The arm rests should be shared,Everyone in the row should have some say,No,No,Three times,FALSE,FALSE,1,0,1,2
849,849,3432120431,Female,45-60,"5'4""",FALSE,"$50,000 - $99,999",Graduate degree,Middle Atlantic,Once a year or less,Usually,FALSE,No,FALSE,No,No,No,Very,Very,Very,The arm rests should be shared,The arm rests should be shared,The person in the window seat should have exclusive control,No,Somewhat,Once,FALSE,FALSE,1,0,1,1
850,850,3432120329,Female,45-60,"5'0""",TRUE,"$50,000 - $99,999",Some college or Associate degree,New England,Once a year or less,Usually,FALSE,No,FALSE,Somewhat,No,No,No,No,Somewhat,The arm rests should be shared,The arm rests should be shared,Everyone in the row should have some say,No,No,Four times,FALSE,FALSE,1,0,1,1
851,851,3432118621,Male,45-60,"6'0""",TRUE,"$50,000 - $99,999",Bachelor degree,East North Central,Once a year or less,Once in a while,FALSE,No,FALSE,No,No,No,No,No,No,The arm rests should be shared,The person by the window,Everyone in the row should have some say,No,No,Three times,FALSE,FALSE,1,0,1,2
852,852,3432118237,Female,45-60,"5'7""",FALSE,NA,Bachelor degree,New England,Once a year or less,Once in a while,FALSE,No,FALSE,Somewhat,Somewhat,Somewhat,Somewhat,Somewhat,Very,The arm rests should be shared,The arm rests should be shared,The person in the window seat should have exclusive control,Somewhat,No,Twice,FALSE,FALSE,1,1,1,1
853,853,3432116227,Female,30-44,"5'8""",TRUE,NA,Bachelor degree,East North Central,Once a year or less,Once in a while,TRUE,Somewhat,TRUE,Somewhat,No,No,No,Somewhat,Somewhat,The arm rests should be shared,The arm rests should be shared,Everyone in the row should have some say,No,No,Three times,FALSE,FALSE,1,1,2,1
854,854,3432115440,Female,30-44,"5'4""",TRUE,NA,Bachelor degree,East North Central,Once a year or less,Usually,FALSE,No,FALSE,No,No,Very,Very,No,No,The arm rests should be shared,Whoever puts their arm on the arm rest first,The person in the window seat should have exclusive control,No,No,Once,FALSE,FALSE,1,1,1,1
855,855,3432112874,Female,18-29,"5'3""",FALSE,NA,Bachelor degree,New England,Once a year or less,About half the time,TRUE,No,FALSE,No,No,Somewhat,Somewhat,No,No,The arm rests should be shared,Whoever puts their arm on the arm rest first,The person in the window seat should have exclusive control,No,No,Once,FALSE,FALSE,1,1,1,1
856,856,3432112271,Male,45-60,"6'2""",FALSE,"$100,000 - $149,999",Some college or Associate degree,Middle Atlantic,Once a year or less,Once in a while,FALSE,No,FALSE,No,No,Somewhat,Somewhat,No,Very,The arm rests should be shared,The arm rests should be shared,The person in the window seat should have exclusive control,No,No,Three times,TRUE,FALSE,1,0,1,2
857,857,3432109525,Female,45-60,"5'8""",FALSE,"$100,000 - $149,999",Some college or Associate degree,New England,Once a month or less,Usually,TRUE,No,FALSE,No,No,No,No,No,Somewhat,The person in the middle seat gets both arm rests,The arm rests should be shared,The person in the window seat should have exclusive control,No,No,Four times,FALSE,FALSE,1,0,1,1
858,858,3432108702,Male,45-60,"5'10""",TRUE,"$100,000 - $149,999",Bachelor degree,East North Central,Once a year or less,Once in a while,FALSE,No,FALSE,No,No,No,No,No,No,The person in the middle seat gets both arm rests,The arm rests should be shared,Everyone in the row should have some say,No,No,Twice,TRUE,FALSE,1,0,1,2
859,859,3432107773,Female,30-44,"5'4""",TRUE,"$50,000 - $99,999",Graduate degree,West North Central,Once a year or less,Once in a while,TRUE,Somewhat,TRUE,No,No,Somewhat,Somewhat,No,Very,The people in the aisle and window seats get both arm rests,The arm rests should be shared,Everyone in the row should have some say,No,No,Twice,FALSE,FALSE,1,0,2,1
860,860,3432102440,Female,18-29,"5'4""",FALSE,NA,Bachelor degree,South Atlantic,Once a year or less,Once in a while,TRUE,No,TRUE,No,No,No,Somewhat,No,Somewhat,The arm rests should be shared,The arm rests should be shared,The person in the window seat should have exclusive control,No,No,Twice,TRUE,FALSE,1,1,1,1
861,861,3432101827,Female,30-44,NA,NA,"$25,000 - $49,999",High school degree,New England,Never,NA,NA,NA,NA,NA,NA,NA,NA,NA,NA,NA,NA,NA,NA,NA,NA,NA,NA,0,20,NA,1
862,862,3432099779,Male,30-44,NA,NA,NA,Some college or Associate degree,East South Central,Never,NA,NA,NA,NA,NA,NA,NA,NA,NA,NA,NA,NA,NA,NA,NA,NA,NA,NA,1,21,NA,2
863,863,3432095255,Male,45-60,"5'7""",FALSE,"$50,000 - $99,999",Some college or Associate degree,Middle Atlantic,Once a year or less,Always,TRUE,No,TRUE,No,No,No,Somewhat,No,Somewhat,The arm rests should be shared,The arm rests should be shared,Everyone in the row should have some say,No,No,Twice,FALSE,FALSE,1,0,1,2
864,864,3432094936,Female,> 60,"5'2""",FALSE,NA,Bachelor degree,New England,Once a year or less,Once in a while,TRUE,Somewhat,TRUE,No,No,Somewhat,Somewhat,Somewhat,Very,The arm rests should be shared,The arm rests should be shared,Everyone in the row should have some say,No,No,It is not okay to get up during flight,FALSE,FALSE,1,1,2,1
865,865,3432093428,Male,18-29,"6'0""",FALSE,"$0 - $24,999",Some college or Associate degree,Mountain,Once a year or less,Usually,TRUE,No,FALSE,Somewhat,No,No,Somewhat,No,Somewhat,The arm rests should be shared,Other (please specify),The person in the window seat should have exclusive control,Somewhat,Somewhat,Four times,TRUE,FALSE,1,0,1,2
866,866,3432092158,Male,30-44,"5'10""",TRUE,"$100,000 - $149,999",Graduate degree,New England,Once a year or less,Usually,FALSE,No,FALSE,Somewhat,Somewhat,No,Somewhat,No,Somewhat,Whoever puts their arm on the arm rest first,Whoever puts their arm on the arm rest first,The person in the window seat should have exclusive control,No,No,More than five times times,FALSE,FALSE,1,0,1,2
867,867,3432086587,Female,18-29,"5'2""",TRUE,"$50,000 - $99,999",Bachelor degree,East North Central,Once a year or less,Once in a while,TRUE,Somewhat,TRUE,No,No,Somewhat,Very,No,Somewhat,The arm rests should be shared,The arm rests should be shared,Everyone in the row should have some say,Somewhat,Somewhat,Three times,FALSE,FALSE,1,0,2,1
868,868,3432079098,Male,45-60,"5'11""",FALSE,NA,Graduate degree,East North Central,Once a month or less,Never,TRUE,Somewhat,FALSE,Somewhat,No,No,Somewhat,No,Somewhat,The arm rests should be shared,The arm rests should be shared,Everyone in the row should have some say,No,No,Four times,FALSE,FALSE,1,1,2,2
869,869,3432077793,Female,18-29,"6'2""",FALSE,"$100,000 - $149,999",Graduate degree,Pacific,Once a year or less,Never,TRUE,Very,FALSE,No,No,Somewhat,Somewhat,No,Somewhat,The arm rests should be shared,The arm rests should be shared,Everyone in the row should have some say,No,No,Three times,FALSE,FALSE,1,0,3,1
870,870,3432076946,Female,18-29,"5'0""",FALSE,"$50,000 - $99,999",High school degree,Middle Atlantic,Once a year or less,Usually,FALSE,No,TRUE,No,No,No,Very,No,Somewhat,The arm rests should be shared,The arm rests should be shared,Everyone in the row should have some say,Somewhat,Somewhat,Three times,FALSE,FALSE,0,0,1,1
871,871,3432076181,Female,18-29,"5'9""",FALSE,"$50,000 - $99,999",Some college or Associate degree,New England,A few times per month,Never,TRUE,Very,FALSE,No,No,Somewhat,Very,Somewhat,Somewhat,The arm rests should be shared,The arm rests should be shared,The person in the window seat should have exclusive control,No,No,Twice,TRUE,FALSE,1,0,3,1
872,872,3432074152,Female,18-29,"5'2""",FALSE,"$50,000 - $99,999",Graduate degree,Middle Atlantic,Once a month or less,Always,FALSE,No,FALSE,Somewhat,No,No,Somewhat,No,No,The arm rests should be shared,The arm rests should be shared,The person in the window seat should have exclusive control,No,Somewhat,Twice,FALSE,FALSE,1,0,1,1
873,873,3432067639,Male,30-44,"5'10""",FALSE,"$100,000 - $149,999",Bachelor degree,South Atlantic,A few times per month,Never,FALSE,Somewhat,TRUE,Somewhat,Somewhat,Very,Very,Very,Very,Other (please specify),Other (please specify),The person in the window seat should have exclusive control,Very,No,It is not okay to get up during flight,FALSE,FALSE,1,0,2,2
874,874,3432063041,Male,> 60,"5'3""",FALSE,"$50,000 - $99,999",Graduate degree,East North Central,Once a year or less,About half the time,TRUE,No,FALSE,Somewhat,Somewhat,No,No,No,Somewhat,Other (please specify),Other (please specify),Everyone in the row should have some say,No,No,Twice,FALSE,FALSE,1,0,1,2
875,875,3432062843,Female,45-60,"5'6""",FALSE,"$50,000 - $99,999",Some college or Associate degree,West South Central,Once a month or less,Once in a while,FALSE,No,FALSE,No,No,No,No,No,Very,The arm rests should be shared,Other (please specify),The person in the window seat should have exclusive control,Somewhat,No,Once,FALSE,FALSE,1,0,1,1
876,876,3432059918,Male,45-60,NA,NA,"$100,000 - $149,999",Some college or Associate degree,East North Central,Never,NA,NA,NA,NA,NA,NA,NA,NA,NA,NA,NA,NA,NA,NA,NA,NA,NA,NA,1,20,NA,2
877,877,3432055722,Male,> 60,"6'2""",FALSE,NA,Bachelor degree,Middle Atlantic,Once a year or less,Never,TRUE,Somewhat,TRUE,No,No,No,Somewhat,Somewhat,Very,The arm rests should be shared,The person by the window,The person in the window seat should have exclusive control,No,No,Three times,FALSE,FALSE,1,1,2,2
878,878,3432050868,Female,> 60,"5'2""",FALSE,"$25,000 - $49,999",Some college or Associate degree,Mountain,Once a year or less,About half the time,FALSE,No,FALSE,Somewhat,Somewhat,No,No,No,Very,The arm rests should be shared,The arm rests should be shared,Everyone in the row should have some say,No,Somewhat,More than five times times,FALSE,FALSE,1,0,1,1
879,879,3432049127,Female,18-29,NA,NA,"$25,000 - $49,999",Some college or Associate degree,South Atlantic,Never,NA,NA,NA,NA,NA,NA,NA,NA,NA,NA,NA,NA,NA,NA,NA,NA,NA,NA,1,20,NA,1
880,880,3432045984,Male,18-29,"5'9""",FALSE,"$25,000 - $49,999",Graduate degree,Pacific,Once a year or less,About half the time,FALSE,No,FALSE,No,No,No,Very,No,Very,The arm rests should be shared,The arm rests should be shared,Everyone in the row should have some say,No,Somewhat,Four times,FALSE,FALSE,1,0,1,2
881,881,3432042471,Female,30-44,"5'4""",NA,"$0 - $24,999",Some college or Associate degree,South Atlantic,Once a month or less,Never,TRUE,No,TRUE,No,No,No,Somewhat,No,No,The arm rests should be shared,The arm rests should be shared,Everyone in the row should have some say,No,No,Three times,FALSE,FALSE,1,1,1,1
882,882,3432042001,Female,18-29,"5'6""",FALSE,"$50,000 - $99,999",High school degree,Mountain,Once a month or less,Usually,TRUE,Somewhat,FALSE,No,No,No,Somewhat,Somewhat,Very,The person in the middle seat gets both arm rests,Whoever puts their arm on the arm rest first,Everyone in the row should have some say,No,No,Twice,TRUE,FALSE,0,0,2,1
883,883,3432026203,Male,30-44,"6'0""",TRUE,"$50,000 - $99,999",Bachelor degree,West South Central,Once a year or less,Once in a while,FALSE,Somewhat,FALSE,No,No,No,No,No,Somewhat,The arm rests should be shared,The arm rests should be shared,Everyone in the row should have some say,No,No,Three times,TRUE,FALSE,1,0,2,2
884,884,3432019714,Female,45-60,"5'5""",FALSE,"$25,000 - $49,999",High school degree,East South Central,Once a year or less,Never,TRUE,No,FALSE,No,No,No,Somewhat,No,Somewhat,The arm rests should be shared,The arm rests should be shared,The person in the window seat should have exclusive control,No,No,Three times,FALSE,FALSE,0,0,1,1
885,885,3432002937,Male,45-60,NA,NA,NA,Graduate degree,South Atlantic,Never,NA,NA,NA,NA,NA,NA,NA,NA,NA,NA,NA,NA,NA,NA,NA,NA,NA,NA,1,21,NA,2
886,886,3432000900,Female,18-29,"5'4""",FALSE,NA,Some college or Associate degree,Pacific,Once a year or less,Once in a while,TRUE,No,FALSE,No,No,No,Very,Somewhat,Very,The arm rests should be shared,The arm rests should be shared,Everyone in the row should have some say,No,No,Twice,TRUE,FALSE,1,1,1,1
887,887,3431998894,Male,> 60,"5'7""",FALSE,NA,Graduate degree,East North Central,Once a year or less,Never,TRUE,Somewhat,FALSE,No,No,Somewhat,Somewhat,No,Very,The arm rests should be shared,The arm rests should be shared,Everyone in the row should have some say,No,No,Four times,FALSE,FALSE,1,1,2,2
888,888,3431991453,Female,18-29,NA,NA,NA,High school degree,East North Central,Never,NA,NA,NA,NA,NA,NA,NA,NA,NA,NA,NA,NA,NA,NA,NA,NA,NA,NA,0,21,NA,1
889,889,3431987978,Female,18-29,"5'4""",TRUE,"$25,000 - $49,999",Some college or Associate degree,Pacific,Once a year or less,Never,TRUE,Somewhat,TRUE,No,No,Somewhat,Somewhat,Somewhat,Somewhat,The arm rests should be shared,The arm rests should be shared,Everyone in the row should have some say,No,No,Three times,FALSE,FALSE,1,0,2,1
890,890,3431985765,Female,18-29,"5'7""",FALSE,"$50,000 - $99,999",High school degree,Pacific,Once a month or less,Once in a while,FALSE,Somewhat,FALSE,No,No,Somewhat,Very,No,No,The arm rests should be shared,The arm rests should be shared,The person in the window seat should have exclusive control,No,Somewhat,Three times,FALSE,FALSE,0,0,2,1
891,891,3431975254,Female,> 60,"5'4""",FALSE,"$50,000 - $99,999",Graduate degree,East North Central,Once a year or less,Once in a while,TRUE,Somewhat,FALSE,Somewhat,No,Somewhat,Somewhat,No,No,The person in the middle seat gets both arm rests,The arm rests should be shared,Everyone in the row should have some say,Somewhat,Somewhat,Once,FALSE,FALSE,1,0,2,1
892,892,3431974147,Female,30-44,"5'1""",TRUE,"$50,000 - $99,999",Some college or Associate degree,Pacific,Once a year or less,Usually,TRUE,No,FALSE,Somewhat,Somewhat,Somewhat,Somewhat,No,No,The person in the middle seat gets both arm rests,Whoever puts their arm on the arm rest first,The person in the window seat should have exclusive control,No,Somewhat,Twice,FALSE,FALSE,1,0,1,1
893,893,3431971431,Male,18-29,"5'2""",FALSE,"$50,000 - $99,999",Bachelor degree,West South Central,Once a year or less,Once in a while,FALSE,Somewhat,FALSE,Somewhat,No,Very,Very,Somewhat,Somewhat,The arm rests should be shared,The arm rests should be shared,The person in the window seat should have exclusive control,No,No,Twice,FALSE,FALSE,1,0,2,2
894,894,3431953153,Female,45-60,"6'0""",TRUE,"$50,000 - $99,999",Some college or Associate degree,West South Central,Once a month or less,Always,TRUE,No,FALSE,No,No,Somewhat,Very,No,Very,The arm rests should be shared,The arm rests should be shared,Everyone in the row should have some say,No,No,Twice,FALSE,FALSE,1,0,1,1
895,895,3431951668,Female,18-29,"5'6""",FALSE,NA,Bachelor degree,Pacific,Once a month or less,Always,FALSE,Somewhat,FALSE,Somewhat,Somewhat,No,No,No,Somewhat,The arm rests should be shared,The arm rests should be shared,The person in the window seat should have exclusive control,No,No,Four times,TRUE,FALSE,1,1,2,1
896,896,3431949818,Female,30-44,"5'8""",FALSE,NA,Graduate degree,Pacific,Once a year or less,Always,FALSE,No,FALSE,No,No,No,No,No,Somewhat,The arm rests should be shared,The arm rests should be shared,The person in the window seat should have exclusive control,No,No,Four times,FALSE,FALSE,1,1,1,1
897,897,3431936484,Male,30-44,"6'1""",FALSE,"$50,000 - $99,999",Bachelor degree,New England,Once a year or less,Usually,TRUE,No,FALSE,No,No,Somewhat,Very,Somewhat,Very,Other (please specify),The arm rests should be shared,The person in the window seat should have exclusive control,No,No,Twice,TRUE,FALSE,1,0,1,2
898,898,3431936351,Female,30-44,"5'4""",FALSE,"$50,000 - $99,999",Some college or Associate degree,Pacific,Once a year or less,Never,TRUE,Very,TRUE,Very,Somewhat,No,Somewhat,No,No,The arm rests should be shared,The arm rests should be shared,The person in the window seat should have exclusive control,No,No,Twice,FALSE,FALSE,1,0,3,1
899,899,3431932411,Female,30-44,"5'8""",FALSE,"$100,000 - $149,999",Graduate degree,South Atlantic,Once a month or less,Always,FALSE,No,FALSE,No,No,No,No,No,Somewhat,The arm rests should be shared,The arm rests should be shared,The person in the window seat should have exclusive control,No,No,Three times,FALSE,FALSE,1,0,1,1
900,900,3431921466,Male,30-44,"5'4""",TRUE,"$0 - $24,999",Some college or Associate degree,New England,Once a year or less,About half the time,TRUE,No,FALSE,No,No,No,Somewhat,No,Somewhat,Whoever puts their arm on the arm rest first,Whoever puts their arm on the arm rest first,Everyone in the row should have some say,No,No,More than five times times,FALSE,FALSE,1,0,1,2
901,901,3431912532,Male,45-60,"5'10""",FALSE,"$100,000 - $149,999",Graduate degree,Mountain,Once a year or less,Once in a while,FALSE,Somewhat,TRUE,No,No,Somewhat,Very,No,Somewhat,The arm rests should be shared,Whoever puts their arm on the arm rest first,Everyone in the row should have some say,No,No,Three times,FALSE,FALSE,1,0,2,2
902,902,3431907216,Male,45-60,"5'11""",FALSE,NA,Graduate degree,Pacific,Once a year or less,Once in a while,TRUE,Very,TRUE,No,No,No,Somewhat,Very,Very,Whoever puts their arm on the arm rest first,Whoever puts their arm on the arm rest first,The person in the window seat should have exclusive control,No,No,Three times,TRUE,FALSE,1,1,3,2
903,903,3431906335,Female,18-29,NA,NA,"$50,000 - $99,999",Bachelor degree,West North Central,Never,NA,NA,NA,NA,NA,NA,NA,NA,NA,NA,NA,NA,NA,NA,NA,NA,NA,NA,1,20,NA,1
904,904,3431904312,Female,> 60,NA,NA,NA,Some college or Associate degree,New England,Never,NA,NA,NA,NA,NA,NA,NA,NA,NA,NA,NA,NA,NA,NA,NA,NA,NA,NA,1,21,NA,1
905,905,3431897367,Male,> 60,"5'8""",FALSE,"$50,000 - $99,999",Graduate degree,Middle Atlantic,Once a year or less,Once in a while,FALSE,Somewhat,TRUE,No,No,No,Somewhat,No,Somewhat,The arm rests should be shared,The arm rests should be shared,Everyone in the row should have some say,No,No,Three times,FALSE,FALSE,1,0,2,2
906,906,3431896498,Female,18-29,"5'5""",FALSE,"$25,000 - $49,999",Some college or Associate degree,Pacific,Once a year or less,Once in a while,TRUE,Somewhat,FALSE,No,No,Somewhat,Very,Very,Very,Other (please specify),Whoever puts their arm on the arm rest first,The person in the window seat should have exclusive control,No,No,Twice,FALSE,FALSE,1,0,2,1
907,907,3431895941,Male,45-60,"5'9""",TRUE,"$25,000 - $49,999",Some college or Associate degree,Pacific,Once a year or less,Always,FALSE,No,TRUE,No,No,No,Very,No,Somewhat,The arm rests should be shared,The arm rests should be shared,The person in the window seat should have exclusive control,No,No,It is not okay to get up during flight,FALSE,FALSE,1,0,1,2
908,908,3431894372,Male,18-29,"5'8""",TRUE,NA,Bachelor degree,Middle Atlantic,A few times per month,Once in a while,TRUE,Somewhat,FALSE,No,No,Somewhat,Very,Very,Very,Whoever puts their arm on the arm rest first,Whoever puts their arm on the arm rest first,Everyone in the row should have some say,Somewhat,Somewhat,It is not okay to get up during flight,FALSE,FALSE,1,1,2,2
909,909,3431893642,Male,30-44,"5'8""",TRUE,NA,Some college or Associate degree,Pacific,Once a month or less,Always,FALSE,No,FALSE,No,No,No,Somewhat,No,Somewhat,Whoever puts their arm on the arm rest first,Whoever puts their arm on the arm rest first,Everyone in the row should have some say,No,No,Three times,FALSE,FALSE,1,1,1,2
910,910,3431888945,Female,18-29,"5'9""",FALSE,"$0 - $24,999",Bachelor degree,Mountain,Once a year or less,Never,TRUE,Very,TRUE,Very,Very,Somewhat,Very,Very,Very,The arm rests should be shared,The arm rests should be shared,The person in the window seat should have exclusive control,No,No,Twice,FALSE,FALSE,1,0,3,1
911,911,3431888682,Female,30-44,NA,NA,"$25,000 - $49,999",High school degree,West South Central,Never,NA,NA,NA,NA,NA,NA,NA,NA,NA,NA,NA,NA,NA,NA,NA,NA,NA,NA,0,20,NA,1
912,912,3431885678,Female,18-29,"5'6""",FALSE,"$0 - $24,999",Bachelor degree,East North Central,Once a year or less,Never,TRUE,Somewhat,TRUE,No,No,No,Somewhat,No,Very,Other (please specify),Other (please specify),Everyone in the row should have some say,No,No,Three times,FALSE,FALSE,1,0,2,1
913,913,3431885172,Female,45-60,NA,NA,"$0 - $24,999",Some college or Associate degree,Pacific,Never,NA,NA,NA,NA,NA,NA,NA,NA,NA,NA,NA,NA,NA,NA,NA,NA,NA,NA,1,20,NA,1
914,914,3431885098,Male,18-29,"6'1""",FALSE,NA,Graduate degree,Pacific,Once a month or less,Usually,FALSE,No,FALSE,No,No,No,Somewhat,Very,Very,Whoever puts their arm on the arm rest first,Whoever puts their arm on the arm rest first,Everyone in the row should have some say,No,No,Four times,FALSE,FALSE,1,1,1,2
915,915,3431883250,Female,45-60,"5'5""",TRUE,"$100,000 - $149,999",Graduate degree,Middle Atlantic,Once a year or less,Always,FALSE,No,FALSE,Somewhat,Somewhat,Somewhat,Somewhat,No,No,The arm rests should be shared,The arm rests should be shared,Everyone in the row should have some say,No,No,Three times,FALSE,FALSE,1,0,1,1
916,916,3431882220,Female,18-29,"5'9""",FALSE,"$0 - $24,999",Some college or Associate degree,Pacific,Once a year or less,Never,TRUE,Very,TRUE,Somewhat,Somewhat,No,Somewhat,No,Somewhat,The arm rests should be shared,The arm rests should be shared,The person in the window seat should have exclusive control,Somewhat,No,Twice,FALSE,FALSE,1,0,3,1
917,917,3431878240,Female,> 60,"5'6""",FALSE,"$50,000 - $99,999",Bachelor degree,New England,Once a year or less,About half the time,TRUE,No,FALSE,No,No,No,Somewhat,No,Somewhat,The arm rests should be shared,The arm rests should be shared,Everyone in the row should have some say,No,Very,Twice,FALSE,FALSE,1,0,1,1
918,918,3431875832,NA,NA,"6'0""",FALSE,NA,NA,NA,Once a month or less,Always,FALSE,No,FALSE,No,No,Somewhat,Very,No,Somewhat,The arm rests should be shared,The arm rests should be shared,Everyone in the row should have some say,No,No,Three times,FALSE,FALSE,NA,6,1,NA
919,919,3431874935,Female,18-29,NA,NA,NA,High school degree,Pacific,Never,NA,NA,NA,NA,NA,NA,NA,NA,NA,NA,NA,NA,NA,NA,NA,NA,NA,NA,0,21,NA,1
920,920,3431873790,Female,18-29,"6'0""",FALSE,"$25,000 - $49,999",High school degree,Pacific,Once a year or less,Always,FALSE,No,FALSE,No,No,Somewhat,Very,No,Somewhat,The arm rests should be shared,The arm rests should be shared,Everyone in the row should have some say,No,No,Three times,FALSE,FALSE,0,0,1,1
921,921,3431873661,NA,NA,NA,NA,NA,NA,NA,Once a month or less,NA,NA,NA,NA,NA,NA,NA,NA,NA,NA,NA,NA,NA,NA,NA,NA,NA,NA,NA,26,NA,NA
922,922,3431871050,Female,18-29,"5'1""",FALSE,NA,High school degree,South Atlantic,Once a month or less,Once in a while,TRUE,Somewhat,TRUE,No,No,Somewhat,Somewhat,No,Somewhat,The people in the aisle and window seats get both arm rests,The arm rests should be shared,Everyone in the row should have some say,No,No,Once,FALSE,FALSE,0,1,2,1
923,923,3431865276,Female,45-60,"5'7""",FALSE,NA,Graduate degree,East North Central,Once a month or less,Once in a while,FALSE,No,FALSE,Somewhat,Somewhat,Somewhat,Somewhat,No,No,Whoever puts their arm on the arm rest first,Whoever puts their arm on the arm rest first,The person in the window seat should have exclusive control,No,No,Once,FALSE,FALSE,1,1,1,1
924,924,3431864594,Female,45-60,"5'2""",FALSE,"$50,000 - $99,999",Some college or Associate degree,Pacific,Once a year or less,Once in a while,TRUE,Somewhat,TRUE,No,No,No,No,No,Very,The arm rests should be shared,The arm rests should be shared,Everyone in the row should have some say,No,Somewhat,Four times,FALSE,FALSE,1,0,2,1
925,925,3431864204,Female,45-60,"5'3""",FALSE,"$25,000 - $49,999",Some college or Associate degree,Pacific,Once a year or less,About half the time,TRUE,Somewhat,FALSE,No,No,No,Somewhat,No,Somewhat,The person in the middle seat gets both arm rests,Whoever puts their arm on the arm rest first,The person in the window seat should have exclusive control,Very,Very,Three times,FALSE,FALSE,1,0,2,1
926,926,3431862283,Female,> 60,"5'9""",FALSE,NA,Graduate degree,East North Central,Once a month or less,Once in a while,TRUE,No,FALSE,No,No,No,No,No,Very,The person in the middle seat gets both arm rests,The arm rests should be shared,Everyone in the row should have some say,No,No,Four times,FALSE,FALSE,1,1,1,1
927,927,3431859028,Male,30-44,"6'3""",TRUE,NA,Bachelor degree,Pacific,Once a year or less,Usually,FALSE,No,FALSE,No,No,Somewhat,Very,No,Somewhat,The arm rests should be shared,The arm rests should be shared,Everyone in the row should have some say,No,No,Four times,TRUE,FALSE,1,1,1,2
928,928,3431857651,Female,30-44,"5'7""",TRUE,NA,Some college or Associate degree,Mountain,Once a year or less,Once in a while,TRUE,No,FALSE,No,No,Somewhat,Very,No,Somewhat,The arm rests should be shared,The arm rests should be shared,Everyone in the row should have some say,No,No,Three times,FALSE,FALSE,1,1,1,1
929,929,3431856354,Male,45-60,"5'11""",FALSE,"$50,000 - $99,999",Bachelor degree,New England,Once a year or less,About half the time,TRUE,No,FALSE,No,No,Somewhat,Somewhat,Somewhat,Very,The arm rests should be shared,The arm rests should be shared,Everyone in the row should have some say,No,No,Twice,FALSE,FALSE,1,0,1,2
930,930,3431853237,Female,18-29,"5'2""",FALSE,NA,Some college or Associate degree,Pacific,Once a year or less,Never,TRUE,Somewhat,TRUE,Somewhat,No,Somewhat,Very,Somewhat,Very,Whoever puts their arm on the arm rest first,Whoever puts their arm on the arm rest first,Everyone in the row should have some say,No,No,Twice,FALSE,FALSE,1,1,2,1
931,931,3431851037,Male,45-60,NA,NA,"$100,000 - $149,999",Some college or Associate degree,Pacific,Never,NA,NA,NA,NA,NA,NA,NA,NA,NA,NA,NA,NA,NA,NA,NA,NA,NA,NA,1,20,NA,2
932,932,3431848412,Female,45-60,"5'7""",FALSE,"$100,000 - $149,999",Some college or Associate degree,Pacific,Once a year or less,Usually,TRUE,Somewhat,FALSE,No,No,No,No,No,Somewhat,The person in the middle seat gets both arm rests,The arm rests should be shared,Everyone in the row should have some say,No,No,Four times,FALSE,FALSE,1,0,2,1
933,933,3431846827,Female,18-29,"5'1""",FALSE,NA,Bachelor degree,Pacific,Once a year or less,Always,TRUE,No,FALSE,Somewhat,Somewhat,Somewhat,Somewhat,No,Somewhat,Other (please specify),The arm rests should be shared,Everyone in the row should have some say,Somewhat,No,Four times,FALSE,FALSE,1,1,1,1
934,934,3431845651,Female,> 60,"5'6""",FALSE,"$100,000 - $149,999",Graduate degree,Pacific,Once a year or less,Usually,TRUE,No,FALSE,No,No,No,Somewhat,No,Very,The arm rests should be shared,The arm rests should be shared,Everyone in the row should have some say,No,No,Three times,FALSE,FALSE,1,0,1,1
935,935,3431844950,Male,18-29,"5'10""",FALSE,"$50,000 - $99,999",Bachelor degree,Pacific,Once a month or less,About half the time,FALSE,No,FALSE,No,No,No,Somewhat,No,Somewhat,The person in the middle seat gets both arm rests,Whoever puts their arm on the arm rest first,The person in the window seat should have exclusive control,No,No,Three times,TRUE,FALSE,1,0,1,2
936,936,3431844008,Male,45-60,"5'9""",FALSE,NA,Graduate degree,Pacific,A few times per month,Once in a while,TRUE,Very,FALSE,No,No,No,No,No,Very,The arm rests should be shared,The arm rests should be shared,Everyone in the row should have some say,Very,No,More than five times times,FALSE,FALSE,1,1,3,2
937,937,3431840082,Male,45-60,"5'8""",TRUE,"$50,000 - $99,999",Some college or Associate degree,Middle Atlantic,Once a year or less,Usually,TRUE,No,FALSE,No,No,No,Somewhat,No,Somewhat,The arm rests should be shared,The arm rests should be shared,The person in the window seat should have exclusive control,No,Somewhat,Three times,FALSE,FALSE,1,0,1,2
938,938,3431838216,Female,18-29,"5'6""",TRUE,"$0 - $24,999",Some college or Associate degree,East North Central,Once a year or less,Once in a while,FALSE,No,FALSE,No,No,No,Somewhat,No,No,The arm rests should be shared,The arm rests should be shared,The person in the window seat should have exclusive control,No,No,Twice,FALSE,FALSE,1,0,1,1
939,939,3431837847,Male,> 60,"5'9""",FALSE,"$100,000 - $149,999",Graduate degree,West South Central,Once a year or less,Once in a while,TRUE,Somewhat,TRUE,No,No,Somewhat,Very,No,Somewhat,The arm rests should be shared,The arm rests should be shared,Everyone in the row should have some say,No,No,Once,FALSE,FALSE,1,0,2,2
940,940,3431837048,Male,18-29,"5'10""",FALSE,"$0 - $24,999",Some college or Associate degree,West North Central,Once a year or less,Usually,TRUE,No,FALSE,No,No,No,Somewhat,No,Very,The arm rests should be shared,The arm rests should be shared,The person in the window seat should have exclusive control,Somewhat,No,Three times,TRUE,FALSE,1,0,1,2
941,941,3431832795,Female,> 60,"5'4""",FALSE,NA,Graduate degree,West South Central,Once a month or less,Once in a while,TRUE,Somewhat,FALSE,No,No,No,No,No,Very,The arm rests should be shared,The arm rests should be shared,Everyone in the row should have some say,No,No,Four times,FALSE,FALSE,1,1,2,1
942,942,3431828635,Male,18-29,"5'7""",FALSE,"$0 - $24,999",Some college or Associate degree,West South Central,Once a year or less,Once in a while,TRUE,No,FALSE,No,No,No,Somewhat,No,Somewhat,The arm rests should be shared,The arm rests should be shared,Everyone in the row should have some say,No,Somewhat,Once,FALSE,FALSE,1,0,1,2
943,943,3431827807,Female,45-60,"5'9""",FALSE,NA,Graduate degree,Middle Atlantic,Once a year or less,Usually,FALSE,No,FALSE,No,No,No,No,Somewhat,Very,The arm rests should be shared,Whoever puts their arm on the arm rest first,The person in the window seat should have exclusive control,No,Somewhat,Four times,TRUE,FALSE,1,1,1,1
944,944,3431822775,Female,> 60,"5'5""",FALSE,NA,Graduate degree,East North Central,Once a year or less,Never,TRUE,Somewhat,FALSE,Somewhat,Somewhat,Very,Very,Somewhat,Very,The person in the middle seat gets both arm rests,The person by the window,Everyone in the row should have some say,Somewhat,No,Four times,FALSE,FALSE,1,1,2,1
945,945,3431822505,Female,30-44,NA,NA,"$25,000 - $49,999",Bachelor degree,West North Central,Never,NA,NA,NA,NA,NA,NA,NA,NA,NA,NA,NA,NA,NA,NA,NA,NA,NA,NA,1,20,NA,1
946,946,3431821681,Male,30-44,"6'1""",FALSE,"$100,000 - $149,999",Bachelor degree,Pacific,Once a year or less,Once in a while,FALSE,No,FALSE,No,No,No,Somewhat,No,Somewhat,The arm rests should be shared,The arm rests should be shared,Everyone in the row should have some say,No,No,Twice,FALSE,FALSE,1,0,1,2
947,947,3431821208,Male,> 60,"5'6""",FALSE,"$50,000 - $99,999",Graduate degree,Pacific,Once a year or less,Usually,FALSE,No,FALSE,No,No,No,Somewhat,No,Very,Whoever puts their arm on the arm rest first,Whoever puts their arm on the arm rest first,Everyone in the row should have some say,No,No,Three times,FALSE,FALSE,1,0,1,2
948,948,3431820584,NA,NA,"5'4""",FALSE,NA,NA,NA,Once a year or less,Never,NA,NA,NA,NA,NA,NA,NA,NA,NA,The people in the aisle and window seats get both arm rests,The arm rests should be shared,Everyone in the row should have some say,Somewhat,No,Once,NA,NA,NA,17,NA,NA
949,949,3431820319,Male,45-60,"5'9""",TRUE,"$100,000 - $149,999",Graduate degree,East North Central,Once a year or less,Usually,FALSE,No,FALSE,No,No,No,Very,No,Somewhat,The arm rests should be shared,The arm rests should be shared,Everyone in the row should have some say,No,No,More than five times times,FALSE,FALSE,1,0,1,2
950,950,3431818574,Female,> 60,NA,NA,"$0 - $24,999",Some college or Associate degree,Mountain,Never,NA,NA,NA,NA,NA,NA,NA,NA,NA,NA,NA,NA,NA,NA,NA,NA,NA,NA,1,20,NA,1
951,951,3431818301,Female,18-29,"5'4""",FALSE,"$100,000 - $149,999",Bachelor degree,Middle Atlantic,Once a year or less,Always,FALSE,No,FALSE,No,No,No,Somewhat,Somewhat,Very,Other (please specify),Other (please specify),The person in the window seat should have exclusive control,No,No,More than five times times,TRUE,FALSE,1,0,1,1
952,952,3431815266,Female,18-29,"5'5""",FALSE,"$100,000 - $149,999",Bachelor degree,Pacific,Once a year or less,Usually,TRUE,No,FALSE,No,No,No,Somewhat,No,Somewhat,The arm rests should be shared,The arm rests should be shared,Everyone in the row should have some say,Somewhat,No,Twice,TRUE,FALSE,1,0,1,1
953,953,3431814033,Male,18-29,"5'2""",FALSE,"$50,000 - $99,999",Some college or Associate degree,East South Central,Once a year or less,Once in a while,TRUE,No,FALSE,No,No,Somewhat,Very,Somewhat,Somewhat,The arm rests should be shared,The arm rests should be shared,Everyone in the row should have some say,No,No,Three times,TRUE,FALSE,1,0,1,2
954,954,3431813221,Male,30-44,NA,NA,"$0 - $24,999",Some college or Associate degree,East North Central,Never,NA,NA,NA,NA,NA,NA,NA,NA,NA,NA,NA,NA,NA,NA,NA,NA,NA,NA,1,20,NA,2
955,955,3431812523,Male,30-44,"5'9""",FALSE,"$25,000 - $49,999",Bachelor degree,Pacific,Once a month or less,Always,FALSE,No,FALSE,No,No,No,No,Somewhat,Very,The person in the middle seat gets both arm rests,The person in aisle,The person in the window seat should have exclusive control,Somewhat,No,Four times,TRUE,FALSE,1,0,1,2
956,956,3431811997,Female,45-60,"5'9""",FALSE,"$50,000 - $99,999",Bachelor degree,Pacific,Once a year or less,About half the time,TRUE,Somewhat,TRUE,No,No,Somewhat,Somewhat,No,Somewhat,Other (please specify),The person by the window,Everyone in the row should have some say,No,No,Three times,FALSE,FALSE,1,0,2,1
957,957,3431811871,Male,18-29,"5'6""",FALSE,"$50,000 - $99,999",Bachelor degree,South Atlantic,Once a year or less,Once in a while,TRUE,Somewhat,FALSE,No,No,Somewhat,Very,Somewhat,Somewhat,Other (please specify),The arm rests should be shared,The person in the window seat should have exclusive control,No,Somewhat,More than five times times,FALSE,FALSE,1,0,2,2
958,958,3431811073,Female,30-44,"5'6""",TRUE,NA,Graduate degree,Middle Atlantic,Once a month or less,Once in a while,TRUE,Somewhat,FALSE,No,No,Somewhat,Somewhat,No,Very,Whoever puts their arm on the arm rest first,Whoever puts their arm on the arm rest first,The person in the window seat should have exclusive control,No,No,Four times,FALSE,FALSE,1,1,2,1
959,959,3431810107,Male,45-60,"5'8""",FALSE,"$25,000 - $49,999",Graduate degree,Middle Atlantic,Once a year or less,Never,TRUE,Very,TRUE,No,No,Somewhat,Somewhat,No,Somewhat,The arm rests should be shared,The arm rests should be shared,Everyone in the row should have some say,Somewhat,Somewhat,Twice,FALSE,FALSE,1,0,3,2
960,960,3431809207,Female,45-60,"5'3""",FALSE,"$50,000 - $99,999",Graduate degree,Pacific,Once a month or less,About half the time,TRUE,Somewhat,FALSE,No,No,Somewhat,Somewhat,No,No,The arm rests should be shared,The arm rests should be shared,Everyone in the row should have some say,No,No,Three times,FALSE,FALSE,1,0,2,1
961,961,3431806805,Female,> 60,"5'6""",FALSE,NA,Graduate degree,West North Central,Once a month or less,Once in a while,FALSE,No,TRUE,No,No,No,Somewhat,Somewhat,Very,The arm rests should be shared,The arm rests should be shared,Everyone in the row should have some say,No,No,Four times,FALSE,FALSE,1,1,1,1
962,962,3431806310,Female,18-29,"5'3""",TRUE,"$50,000 - $99,999",Some college or Associate degree,East North Central,Once a year or less,About half the time,TRUE,No,FALSE,No,No,No,Somewhat,No,Somewhat,The arm rests should be shared,The arm rests should be shared,Everyone in the row should have some say,No,No,Four times,TRUE,FALSE,1,0,1,1
963,963,3431802612,Female,18-29,"5'7""",FALSE,NA,Some college or Associate degree,Pacific,Once a year or less,Always,FALSE,No,FALSE,No,No,Somewhat,Somewhat,No,No,Whoever puts their arm on the arm rest first,Whoever puts their arm on the arm rest first,Everyone in the row should have some say,No,No,More than five times times,TRUE,FALSE,1,1,1,1
964,964,3431797233,Male,> 60,NA,NA,"$0 - $24,999",Some college or Associate degree,New England,Never,NA,NA,NA,NA,NA,NA,NA,NA,NA,NA,NA,NA,NA,NA,NA,NA,NA,NA,1,20,NA,2
965,965,3431796148,Female,> 60,NA,NA,"$50,000 - $99,999",Bachelor degree,West South Central,Never,NA,NA,NA,NA,NA,NA,NA,NA,NA,NA,NA,NA,NA,NA,NA,NA,NA,NA,1,20,NA,1
966,966,3431794981,Male,45-60,"5'9""",TRUE,"$100,000 - $149,999",Some college or Associate degree,Middle Atlantic,Once a year or less,About half the time,FALSE,No,FALSE,No,No,No,No,No,Somewhat,The person in the middle seat gets both arm rests,Whoever puts their arm on the arm rest first,The person in the window seat should have exclusive control,No,No,Four times,FALSE,FALSE,1,0,1,2
967,967,3431794171,Female,18-29,"5'4""",FALSE,"$25,000 - $49,999",High school degree,Middle Atlantic,Once a year or less,Once in a while,TRUE,Somewhat,FALSE,No,No,Somewhat,Somewhat,Somewhat,Somewhat,The arm rests should be shared,The person by the window,Everyone in the row should have some say,No,No,Three times,FALSE,FALSE,0,0,2,1
968,968,3431793323,Female,18-29,"5'8""",FALSE,NA,Some college or Associate degree,Mountain,Once a year or less,Once in a while,FALSE,Somewhat,FALSE,Somewhat,No,No,Somewhat,Somewhat,Somewhat,The arm rests should be shared,Whoever puts their arm on the arm rest first,Everyone in the row should have some say,No,No,Once,FALSE,FALSE,1,1,2,1
969,969,3431793142,Male,18-29,"5'3""",FALSE,"$0 - $24,999",High school degree,West North Central,Once a year or less,Never,TRUE,Somewhat,FALSE,Somewhat,Somewhat,No,Somewhat,No,No,The arm rests should be shared,The arm rests should be shared,Everyone in the row should have some say,Somewhat,No,More than five times times,FALSE,FALSE,0,0,2,2
970,970,3431792084,Male,45-60,NA,NA,"$50,000 - $99,999",Some college or Associate degree,West South Central,Never,NA,NA,NA,NA,NA,NA,NA,NA,NA,NA,NA,NA,NA,NA,NA,NA,NA,NA,1,20,NA,2
971,971,3431791820,Female,45-60,"5'9""",FALSE,NA,Some college or Associate degree,Middle Atlantic,Once a year or less,Once in a while,TRUE,Somewhat,TRUE,No,No,No,No,No,Somewhat,The arm rests should be shared,The arm rests should be shared,Everyone in the row should have some say,Somewhat,No,Twice,FALSE,FALSE,1,1,2,1
972,972,3431791611,Male,45-60,"5'8""",FALSE,"$50,000 - $99,999",Bachelor degree,Mountain,Once a year or less,Always,FALSE,No,FALSE,No,No,No,Somewhat,No,Very,The arm rests should be shared,The arm rests should be shared,Everyone in the row should have some say,No,No,Twice,FALSE,FALSE,1,0,1,2
973,973,3431791454,Female,18-29,"5'6""",FALSE,"$50,000 - $99,999",Bachelor degree,Pacific,Once a month or less,Never,TRUE,Somewhat,TRUE,No,No,No,Somewhat,No,Somewhat,The person in the middle seat gets both arm rests,The arm rests should be shared,Everyone in the row should have some say,Very,No,Three times,FALSE,FALSE,1,0,2,1
974,974,3431789766,Male,> 60,NA,NA,"$100,000 - $149,999",Bachelor degree,Middle Atlantic,Never,NA,NA,NA,NA,NA,NA,NA,NA,NA,NA,NA,NA,NA,NA,NA,NA,NA,NA,1,20,NA,2
975,975,3431785714,Female,45-60,"5'4""",FALSE,"$50,000 - $99,999",Graduate degree,South Atlantic,Once a month or less,Usually,FALSE,No,FALSE,No,No,No,Very,Somewhat,Very,The arm rests should be shared,The arm rests should be shared,The person in the window seat should have exclusive control,Somewhat,No,Twice,FALSE,FALSE,1,0,1,1
976,976,3431785706,Female,> 60,NA,NA,"$25,000 - $49,999",High school degree,South Atlantic,Never,NA,NA,NA,NA,NA,NA,NA,NA,NA,NA,NA,NA,NA,NA,NA,NA,NA,NA,0,20,NA,1
977,977,3431781890,Male,> 60,"5'11""",FALSE,NA,Graduate degree,Pacific,Once a month or less,Once in a while,TRUE,No,FALSE,No,No,Somewhat,Somewhat,Somewhat,Somewhat,Whoever puts their arm on the arm rest first,Whoever puts their arm on the arm rest first,Everyone in the row should have some say,No,No,Twice,FALSE,FALSE,1,1,1,2
978,978,3431780662,Male,30-44,"5'10""",TRUE,"$25,000 - $49,999",Some college or Associate degree,West North Central,Once a year or less,Never,TRUE,Very,TRUE,No,No,No,No,Very,Very,The arm rests should be shared,The arm rests should be shared,The person in the window seat should have exclusive control,No,No,Three times,FALSE,FALSE,1,0,3,2
979,979,3431779152,Male,30-44,"5'11""",FALSE,"$0 - $24,999",Bachelor degree,Middle Atlantic,Once a year or less,Once in a while,TRUE,No,FALSE,No,No,No,No,Very,Very,Other (please specify),Other (please specify),Everyone in the row should have some say,Very,Very,Three times,FALSE,FALSE,1,0,1,2
980,980,3431777715,Female,30-44,NA,NA,"$0 - $24,999",High school degree,East North Central,Never,NA,NA,NA,NA,NA,NA,NA,NA,NA,NA,NA,NA,NA,NA,NA,NA,NA,NA,0,20,NA,1
981,981,3431776169,Female,18-29,"5'4""",TRUE,"$50,000 - $99,999",Some college or Associate degree,South Atlantic,Once a year or less,Always,FALSE,No,FALSE,No,No,No,No,No,No,The arm rests should be shared,The arm rests should be shared,Everyone in the row should have some say,No,No,Four times,FALSE,FALSE,1,0,1,1
982,982,3431775668,Female,> 60,"5'3""",FALSE,NA,Graduate degree,East North Central,Once a year or less,Once in a while,FALSE,No,FALSE,No,No,No,No,No,Somewhat,The arm rests should be shared,The person by the window,Everyone in the row should have some say,No,No,Twice,FALSE,FALSE,1,1,1,1
983,983,3431775137,Male,18-29,"6'0""",FALSE,"$25,000 - $49,999",Some college or Associate degree,East North Central,A few times per month,Always,FALSE,No,FALSE,No,No,No,Somewhat,Very,Very,Other (please specify),Other (please specify),The person in the window seat should have exclusive control,No,No,More than five times times,TRUE,FALSE,1,0,1,2
984,984,3431774671,Female,45-60,"5'9""",TRUE,"$100,000 - $149,999",Graduate degree,Pacific,Once a month or less,Usually,TRUE,No,FALSE,No,No,Somewhat,Very,No,Somewhat,The person in the middle seat gets both arm rests,Whoever puts their arm on the arm rest first,Everyone in the row should have some say,No,Somewhat,Twice,FALSE,FALSE,1,0,1,1
985,985,3431774647,Female,> 60,"5'4""",FALSE,"$50,000 - $99,999",Graduate degree,Pacific,Once a year or less,Never,TRUE,Somewhat,TRUE,No,No,No,Somewhat,No,No,The arm rests should be shared,The arm rests should be shared,Everyone in the row should have some say,Very,No,Twice,FALSE,FALSE,1,0,2,1
986,986,3431774571,Female,> 60,"5'3""",FALSE,NA,Graduate degree,East North Central,Once a month or less,About half the time,TRUE,Somewhat,TRUE,No,No,No,Somewhat,Very,Very,The arm rests should be shared,The arm rests should be shared,Everyone in the row should have some say,No,Somewhat,Three times,FALSE,FALSE,1,1,2,1
987,987,3431771032,Female,> 60,"5'5""",TRUE,NA,Graduate degree,West South Central,Once a month or less,Once in a while,TRUE,Somewhat,FALSE,No,No,No,Somewhat,No,Very,The person in the middle seat gets both arm rests,Whoever puts their arm on the arm rest first,Everyone in the row should have some say,Somewhat,No,Twice,FALSE,FALSE,1,1,2,1
988,988,3431769849,Male,18-29,"6'1""",FALSE,"$25,000 - $49,999",Bachelor degree,West South Central,Once a year or less,Usually,FALSE,No,FALSE,Somewhat,Somewhat,Somewhat,Very,Very,Very,The arm rests should be shared,The arm rests should be shared,Everyone in the row should have some say,Somewhat,Somewhat,Twice,FALSE,FALSE,1,0,1,2
989,989,3431769300,Female,> 60,"5'5""",FALSE,"$50,000 - $99,999",Graduate degree,South Atlantic,Once a year or less,About half the time,TRUE,Somewhat,TRUE,No,No,Very,No,No,Somewhat,The arm rests should be shared,The person by the window,Everyone in the row should have some say,No,Somewhat,Three times,FALSE,FALSE,1,0,2,1
990,990,3431768949,Female,30-44,"5'5""",FALSE,NA,Some college or Associate degree,South Atlantic,Once a year or less,Usually,TRUE,Somewhat,TRUE,No,No,Somewhat,Very,No,Very,The arm rests should be shared,The arm rests should be shared,Everyone in the row should have some say,No,No,Once,TRUE,FALSE,1,1,2,1
991,991,3431768059,Female,> 60,NA,NA,NA,Bachelor degree,East North Central,Never,NA,NA,NA,NA,NA,NA,NA,NA,NA,NA,NA,NA,NA,NA,NA,NA,NA,NA,1,21,NA,1
992,992,3431767233,Female,30-44,"5'5""",TRUE,NA,Graduate degree,Pacific,Once a month or less,About half the time,FALSE,No,FALSE,No,No,No,Somewhat,No,Somewhat,The person in the middle seat gets both arm rests,The person in aisle,Everyone in the row should have some say,No,No,Three times,FALSE,FALSE,1,1,1,1
993,993,3431767197,Female,18-29,"5'3""",FALSE,"$25,000 - $49,999",Bachelor degree,West North Central,Once a month or less,Usually,FALSE,No,FALSE,No,No,Somewhat,Somewhat,Somewhat,Very,Whoever puts their arm on the arm rest first,Whoever puts their arm on the arm rest first,Everyone in the row should have some say,No,No,Three times,TRUE,FALSE,1,0,1,1
994,994,3431765507,Male,30-44,"5'7""",FALSE,"$100,000 - $149,999",Bachelor degree,Pacific,Once a year or less,Never,TRUE,Very,TRUE,No,No,No,No,Very,Very,Whoever puts their arm on the arm rest first,Whoever puts their arm on the arm rest first,The person in the window seat should have exclusive control,No,No,Four times,FALSE,FALSE,1,0,3,2
995,995,3431764152,Female,> 60,"5'1""",FALSE,"$100,000 - $149,999",Graduate degree,West North Central,Once a year or less,Always,FALSE,No,FALSE,No,No,Somewhat,Somewhat,No,No,The arm rests should be shared,The arm rests should be shared,The person in the window seat should have exclusive control,No,No,Twice,FALSE,FALSE,1,0,1,1
996,996,3431763674,Female,18-29,"5'6""",FALSE,"$25,000 - $49,999",Bachelor degree,Mountain,Once a year or less,Once in a while,TRUE,Somewhat,FALSE,Very,Very,Somewhat,Somewhat,No,Very,The person in the middle seat gets both arm rests,Whoever puts their arm on the arm rest first,Everyone in the row should have some say,No,No,Three times,FALSE,FALSE,1,0,2,1
997,997,3431762850,Male,> 60,"5'10""",FALSE,"$50,000 - $99,999",Graduate degree,West South Central,Once a month or less,Once in a while,TRUE,Somewhat,FALSE,No,No,No,Somewhat,No,Somewhat,The arm rests should be shared,The arm rests should be shared,The person in the window seat should have exclusive control,No,No,Twice,FALSE,FALSE,1,0,2,2
998,998,3431762195,Female,> 60,"5'2""",FALSE,"$50,000 - $99,999",Graduate degree,Middle Atlantic,Once a year or less,Once in a while,TRUE,Somewhat,TRUE,No,No,No,Somewhat,No,Somewhat,The arm rests should be shared,The arm rests should be shared,Everyone in the row should have some say,No,No,Twice,FALSE,FALSE,1,0,2,1
999,999,3431760331,Female,> 60,"5'6""",FALSE,NA,Graduate degree,West South Central,Once a month or less,About half the time,FALSE,No,FALSE,No,No,No,No,No,Somewhat,The arm rests should be shared,The arm rests should be shared,The person in the window seat should have exclusive control,No,No,Twice,FALSE,FALSE,1,1,1,1
1000,1000,3431759736,Male,45-60,"5'8""",TRUE,NA,Bachelor degree,West South Central,Once a year or less,About half the time,TRUE,No,FALSE,No,No,Somewhat,Very,Somewhat,Very,The arm rests should be shared,The arm rests should be shared,Everyone in the row should have some say,Somewhat,No,Three times,FALSE,FALSE,1,1,1,2
1001,1001,3431755117,Female,30-44,"5'10""",TRUE,"$25,000 - $49,999",Some college or Associate degree,East North Central,Once a year or less,Once in a while,TRUE,Somewhat,FALSE,No,No,Somewhat,Somewhat,No,Somewhat,The arm rests should be shared,The arm rests should be shared,Everyone in the row should have some say,Somewhat,Somewhat,Three times,FALSE,FALSE,1,0,2,1
1002,1002,3431755097,Female,18-29,NA,NA,"$25,000 - $49,999",High school degree,East South Central,Never,NA,NA,NA,NA,NA,NA,NA,NA,NA,NA,NA,NA,NA,NA,NA,NA,NA,NA,0,20,NA,1
1003,1003,3431754696,Female,45-60,"5'1""",TRUE,NA,Graduate degree,East North Central,Once a month or less,Once in a while,FALSE,Somewhat,TRUE,Somewhat,Somewhat,Somewhat,Somewhat,Somewhat,Very,The arm rests should be shared,The arm rests should be shared,Everyone in the row should have some say,No,Somewhat,Four times,FALSE,FALSE,1,1,2,1
1004,1004,3431754605,Male,30-44,"5'11""",TRUE,"$50,000 - $99,999",Some college or Associate degree,Pacific,Once a year or less,Always,TRUE,No,FALSE,Somewhat,No,No,Somewhat,No,Somewhat,The arm rests should be shared,The arm rests should be shared,The person in the window seat should have exclusive control,No,Somewhat,Twice,TRUE,FALSE,1,0,1,2
1005,1005,3431754304,Male,45-60,"5'11""",TRUE,"$0 - $24,999",Some college or Associate degree,Pacific,Once a year or less,Always,TRUE,No,FALSE,No,No,No,Somewhat,Somewhat,Very,Whoever puts their arm on the arm rest first,Whoever puts their arm on the arm rest first,Everyone in the row should have some say,No,No,Twice,TRUE,FALSE,1,0,1,2
1006,1006,3431754014,Female,18-29,"5'6""",FALSE,NA,Some college or Associate degree,Pacific,Once a year or less,Never,TRUE,Somewhat,FALSE,No,No,No,Somewhat,No,Somewhat,The arm rests should be shared,The arm rests should be shared,Everyone in the row should have some say,Somewhat,No,Three times,FALSE,FALSE,1,1,2,1
1007,1007,3431753976,Female,45-60,"5'4""",FALSE,"$50,000 - $99,999",Some college or Associate degree,East North Central,Once a month or less,Never,FALSE,Somewhat,TRUE,No,No,Somewhat,Very,No,Very,The arm rests should be shared,The person by the window,The person in the window seat should have exclusive control,No,Somewhat,Three times,TRUE,FALSE,1,0,2,1
1008,1008,3431753863,Female,45-60,"5'9""",FALSE,NA,Some college or Associate degree,Pacific,Once a month or less,Once in a while,TRUE,Somewhat,TRUE,No,No,No,Somewhat,No,Somewhat,The person in the middle seat gets both arm rests,The arm rests should be shared,Everyone in the row should have some say,No,No,Three times,FALSE,FALSE,1,1,2,1
1009,1009,3431753137,Female,18-29,NA,NA,NA,Bachelor degree,New England,Never,NA,NA,NA,NA,NA,NA,NA,NA,NA,NA,NA,NA,NA,NA,NA,NA,NA,NA,1,21,NA,1
1010,1010,3431751323,Female,30-44,NA,NA,"$25,000 - $49,999",Some college or Associate degree,Pacific,Never,NA,NA,NA,NA,NA,NA,NA,NA,NA,NA,NA,NA,NA,NA,NA,NA,NA,NA,1,20,NA,1
1011,1011,3431751287,Female,45-60,"5'1""",FALSE,"$0 - $24,999",Graduate degree,Pacific,Once a year or less,Always,FALSE,No,FALSE,Somewhat,Somewhat,Somewhat,Somewhat,Somewhat,Very,Whoever puts their arm on the arm rest first,Whoever puts their arm on the arm rest first,The person in the window seat should have exclusive control,No,No,Three times,FALSE,FALSE,1,0,1,1
1012,1012,3431751153,Female,18-29,"5'2""",FALSE,"$0 - $24,999",Graduate degree,Pacific,Once a month or less,Once in a while,TRUE,Somewhat,FALSE,No,No,Very,Very,Somewhat,Somewhat,The arm rests should be shared,The arm rests should be shared,Everyone in the row should have some say,No,No,Twice,TRUE,FALSE,1,0,2,1
1013,1013,3431751080,Male,18-29,"6'5""",FALSE,"$25,000 - $49,999",Some college or Associate degree,East North Central,Once a month or less,Usually,TRUE,Somewhat,FALSE,No,No,No,Somewhat,Somewhat,Somewhat,The arm rests should be shared,The arm rests should be shared,Everyone in the row should have some say,No,No,Four times,TRUE,FALSE,1,0,2,2
1014,1014,3431748816,Female,45-60,"5'2""",FALSE,NA,Some college or Associate degree,Middle Atlantic,Once a year or less,Always,FALSE,Somewhat,FALSE,No,No,No,No,Somewhat,Very,The person in the middle seat gets both arm rests,The person by the window,Everyone in the row should have some say,No,No,Four times,FALSE,FALSE,1,1,2,1
1015,1015,3431748763,Female,> 60,"5'5""",FALSE,"$25,000 - $49,999",Some college or Associate degree,Pacific,Once a year or less,Once in a while,TRUE,Somewhat,TRUE,No,No,No,No,No,Somewhat,The arm rests should be shared,The arm rests should be shared,The person in the window seat should have exclusive control,No,No,Three times,FALSE,FALSE,1,0,2,1
1016,1016,3431748698,Male,45-60,"5'10""",TRUE,NA,Graduate degree,Mountain,A few times per month,Never,FALSE,Very,TRUE,No,No,No,No,No,Somewhat,The arm rests should be shared,The arm rests should be shared,The person in the window seat should have exclusive control,No,No,Three times,TRUE,FALSE,1,1,3,2
1017,1017,3431747718,Female,18-29,"5'2""",FALSE,"$25,000 - $49,999",Some college or Associate degree,Mountain,Once a year or less,Always,FALSE,No,FALSE,No,No,Very,Very,Somewhat,Somewhat,The arm rests should be shared,The person in aisle,The person in the window seat should have exclusive control,No,Somewhat,Four times,FALSE,FALSE,1,0,1,1
1018,1018,3431746726,Female,45-60,"5'4""",FALSE,"$50,000 - $99,999",Bachelor degree,Pacific,Once a year or less,Once in a while,FALSE,No,FALSE,No,No,Somewhat,Somewhat,Somewhat,Somewhat,The arm rests should be shared,The arm rests should be shared,The person in the window seat should have exclusive control,No,No,Three times,FALSE,FALSE,1,0,1,1
1019,1019,3431745079,Female,> 60,NA,NA,NA,Bachelor degree,Middle Atlantic,Never,NA,NA,NA,NA,NA,NA,NA,NA,NA,NA,NA,NA,NA,NA,NA,NA,NA,NA,1,21,NA,1
1020,1020,3431744747,Male,> 60,"5'8""",FALSE,NA,Graduate degree,Pacific,Once a month or less,Once in a while,TRUE,Somewhat,FALSE,No,No,No,Somewhat,No,Very,The arm rests should be shared,The arm rests should be shared,The person in the window seat should have exclusive control,No,No,Four times,FALSE,FALSE,1,1,2,2
1021,1021,3431744533,Female,30-44,"5'4""",TRUE,NA,Graduate degree,Pacific,A few times per month,Once in a while,TRUE,No,FALSE,No,No,No,Somewhat,No,Somewhat,The arm rests should be shared,The arm rests should be shared,Everyone in the row should have some say,No,No,Twice,FALSE,FALSE,1,1,1,1
1022,1022,3431744015,Female,> 60,NA,NA,NA,Some college or Associate degree,West South Central,Never,NA,NA,NA,NA,NA,NA,NA,NA,NA,NA,NA,NA,NA,NA,NA,NA,NA,NA,1,21,NA,1
1023,1023,3431743115,Male,45-60,"6'0""",FALSE,"$100,000 - $149,999",Bachelor degree,West North Central,Once a month or less,About half the time,TRUE,Somewhat,TRUE,No,No,No,Somewhat,No,Very,The arm rests should be shared,The arm rests should be shared,The person in the window seat should have exclusive control,No,No,Four times,FALSE,FALSE,1,0,2,2
1024,1024,3431741243,Female,18-29,"5'10""",FALSE,"$0 - $24,999",Some college or Associate degree,Pacific,Once a year or less,Never,TRUE,Very,TRUE,No,No,Very,Very,Very,Very,The arm rests should be shared,The arm rests should be shared,The person in the window seat should have exclusive control,No,No,Twice,FALSE,FALSE,1,0,3,1
1025,1025,3431740654,Female,> 60,"5'6""",FALSE,"$50,000 - $99,999",Bachelor degree,West North Central,Once a year or less,Once in a while,TRUE,Somewhat,FALSE,No,No,No,No,No,Somewhat,The person in the middle seat gets both arm rests,The arm rests should be shared,Everyone in the row should have some say,No,No,Four times,FALSE,FALSE,1,0,2,1
1026,1026,3431738966,Female,45-60,"5'4""",FALSE,NA,Some college or Associate degree,Pacific,A few times per month,Always,FALSE,No,FALSE,No,No,No,Somewhat,Very,Very,The arm rests should be shared,The arm rests should be shared,Everyone in the row should have some say,No,Somewhat,Four times,TRUE,FALSE,1,1,1,1
1027,1027,3431737634,Female,18-29,"5'6""",FALSE,NA,Some college or Associate degree,West South Central,Once a year or less,Once in a while,TRUE,Somewhat,FALSE,No,No,Somewhat,Somewhat,No,No,The arm rests should be shared,The arm rests should be shared,Everyone in the row should have some say,No,No,Four times,FALSE,FALSE,1,1,2,1
1028,1028,3431737213,Male,45-60,"5'8""",FALSE,NA,Graduate degree,Pacific,Once a year or less,Usually,FALSE,No,FALSE,No,No,No,Somewhat,No,Somewhat,Whoever puts their arm on the arm rest first,Whoever puts their arm on the arm rest first,The person in the window seat should have exclusive control,No,No,Three times,FALSE,FALSE,1,1,1,2
1029,1029,3431737008,Female,> 60,"5'4""",FALSE,"$50,000 - $99,999",Graduate degree,West North Central,Once a year or less,Never,TRUE,Very,TRUE,No,No,No,No,No,Somewhat,The arm rests should be shared,The arm rests should be shared,Everyone in the row should have some say,No,Somewhat,Three times,FALSE,FALSE,1,0,3,1
1030,1030,3431736876,Female,18-29,"5'4""",FALSE,NA,Bachelor degree,East North Central,Once a month or less,Once in a while,FALSE,Somewhat,TRUE,No,No,Very,Very,No,No,The people in the aisle and window seats get both arm rests,The person by the window,The person in the window seat should have exclusive control,No,No,Three times,TRUE,FALSE,1,1,2,1
1031,1031,3431736855,Female,30-44,NA,NA,"$0 - $24,999",Bachelor degree,Pacific,Never,NA,NA,NA,NA,NA,NA,NA,NA,NA,NA,NA,NA,NA,NA,NA,NA,NA,NA,1,20,NA,1
1032,1032,3431736438,Female,30-44,NA,NA,"$25,000 - $49,999",Some college or Associate degree,East South Central,Never,NA,NA,NA,NA,NA,NA,NA,NA,NA,NA,NA,NA,NA,NA,NA,NA,NA,NA,1,20,NA,1
1033,1033,3431735911,Female,30-44,"5'3""",FALSE,NA,High school degree,Middle Atlantic,Once a year or less,Always,FALSE,No,FALSE,No,No,Somewhat,Very,Very,Very,Whoever puts their arm on the arm rest first,Whoever puts their arm on the arm rest first,The person in the window seat should have exclusive control,No,No,Once,TRUE,FALSE,0,1,1,1
1034,1034,3431734973,Female,18-29,NA,NA,"$0 - $24,999",Some college or Associate degree,West South Central,Never,NA,NA,NA,NA,NA,NA,NA,NA,NA,NA,NA,NA,NA,NA,NA,NA,NA,NA,1,20,NA,1
1035,1035,3431734398,Male,30-44,"6'1""",TRUE,NA,Graduate degree,Pacific,A few times per month,Once in a while,FALSE,Somewhat,TRUE,No,No,Somewhat,Somewhat,Somewhat,Somewhat,The person in the middle seat gets both arm rests,Other (please specify),Everyone in the row should have some say,No,Somewhat,Once,FALSE,FALSE,1,1,2,2
1036,1036,3431732652,Male,30-44,"5'7""",FALSE,"$0 - $24,999",Some college or Associate degree,East North Central,Once a year or less,Once in a while,TRUE,Somewhat,FALSE,No,No,No,No,Somewhat,Very,Other (please specify),Other (please specify),Everyone in the row should have some say,No,No,Three times,FALSE,FALSE,1,0,2,2
1037,1037,3431731770,Male,45-60,NA,NA,NA,Bachelor degree,Pacific,Never,NA,NA,NA,NA,NA,NA,NA,NA,NA,NA,NA,NA,NA,NA,NA,NA,NA,NA,1,21,NA,2
1038,1038,3431731485,Female,> 60,NA,NA,NA,Some college or Associate degree,East North Central,Never,NA,NA,NA,NA,NA,NA,NA,NA,NA,NA,NA,NA,NA,NA,NA,NA,NA,NA,1,21,NA,1
1039,1039,3431731196,Female,30-44,NA,NA,"$50,000 - $99,999",Bachelor degree,New England,Never,NA,NA,NA,NA,NA,NA,NA,NA,NA,NA,NA,NA,NA,NA,NA,NA,NA,NA,1,20,NA,1
1040,1040,3431729581,Male,> 60,"6'3""",FALSE,"$50,000 - $99,999",Bachelor degree,Pacific,Once a year or less,Once in a while,TRUE,Somewhat,FALSE,No,No,Somewhat,Somewhat,Somewhat,Very,The arm rests should be shared,The arm rests should be shared,Everyone in the row should have some say,No,No,Three times,FALSE,FALSE,1,0,2,2
