"","gender","age","statereside","hhincome","education","maritalstatus","citizenus","working","probvote","Vote24Harris","Vote24Trump","Vote24Other","white","ContactsHarris","ContactsTrump","income","presvote"
"1","Male",75,"25 Massachusetts","13 60,000 to 74,999",10,"1 Married (spouse lives with me)","1 Yes","0 No","100",NA,NA,NA,"1 Yes",75,25,13,NA
"2","Female",63,"25 Massachusetts","11 40,000 to 49,999",13,"6 Never married","1 Yes","1 Yes","100",NA,NA,NA,"1 Yes",62,35,11,NA
"3","Male",54,"25 Massachusetts","15 100,000 to 149,999",13,"4 Divorced","1 Yes","1 Yes","100",NA,100,NA,"1 Yes",0,100,15,"Trump"
"4","Male",64,"36 New York","16 150,000 or more",13,"1 Married (spouse lives with me)","1 Yes","0 No","100",0,100,0,"1 Yes",0,100,16,"Trump"
"5","Female",74,"25 Massachusetts","4 10,000 to 12,499",13,"5 Widowed","1 Yes","0 No","80",50,50,0,"1 Yes",50,50,4,"Trump"
"6","Female",57,"25 Massachusetts","16 150,000 or more",13,"1 Married (spouse lives with me)","1 Yes","1 Yes","100",20,80,NA,"0 No",60,40,16,"Trump"
"7","Male",59,"33 New Hampshire","14 75,000 to 99,999",14,"1 Married (spouse lives with me)","1 Yes","1 Yes","100",100,0,0,"0 No",90,5,14,"Harris"
"8","Male",61,"33 New Hampshire","14 75,000 to 99,999",14,"4 Divorced","1 Yes","1 Yes","100",100,NA,NA,"1 Yes",90,5,14,"Harris"
"9","Male",55,"33 New Hampshire","16 150,000 or more",13,"3 Separated","1 Yes","1 Yes","100",NA,100,NA,"1 Yes",0,100,16,"Trump"
"10","Male",62,"37 North Carolina","14 75,000 to 99,999",14,"2 Married (spouse lives elsewhere)","1 Yes","1 Yes","0",0,95,5,"1 Yes",35,65,14,"Trump"
"11","Female",47,"9 Connecticut","13 60,000 to 74,999",13,"1 Married (spouse lives with me)","1 Yes","1 Yes","100",100,NA,NA,"0 No",70,30,13,"Harris"
"12","Female",78,"9 Connecticut","14 75,000 to 99,999",15,"1 Married (spouse lives with me)","1 Yes","0 No","99",100,NA,NA,"1 Yes",100,0,14,"Harris"
"13","Female",55,"12 Florida","9 30,000 to 34,999",10,"6 Never married","1 Yes","0 No","100",100,0,0,"1 Yes",80,20,9,"Harris"
"14","Female",73,"9 Connecticut","5 12,500 to 14,999",9,"4 Divorced","1 Yes","0 No","90",10,80,10,"1 Yes",10,90,5,"Trump"
"15","Male",72,"9 Connecticut","15 100,000 to 149,999",10,"4 Divorced","1 Yes","0 No","100",NA,100,NA,"1 Yes",10,90,15,"Trump"
"16","Female",74,"34 New Jersey","8 25,000 to 2,999",10,"4 Divorced","1 Yes","0 No","100",100,0,0,"0 No",98,0,8,"Harris"
"17","Male",71,"34 New Jersey","11 40,000 to 49,999",13,"4 Divorced","1 Yes","0 No","100",NA,100,NA,"1 Yes",25,75,11,"Trump"
"18","Male",83,"34 New Jersey","16 150,000 or more",14,"1 Married (spouse lives with me)","1 Yes","0 No","100",NA,NA,NA,"1 Yes",100,0,16,NA
"19","Female",76,"34 New Jersey","14 75,000 to 99,999",14,"4 Divorced","1 Yes","0 No","100",NA,NA,NA,"1 Yes",80,20,14,NA
"20","Female",51,"36 New York","15 100,000 to 149,999",14,"6 Never married","1 Yes","1 Yes","100",100,NA,NA,"0 No",100,0,15,"Harris"
"21","Female",38,"36 New York","16 150,000 or more",14,"1 Married (spouse lives with me)","1 Yes","1 Yes","99",100,0,0,"1 Yes",95,5,16,"Harris"
"22","Female",34,"36 New York","13 60,000 to 74,999",14,"6 Never married","1 Yes","1 Yes","100",100,NA,NA,"1 Yes",50,50,13,"Harris"
"23","Female",71,"36 New York","16 150,000 or more",14,"1 Married (spouse lives with me)","1 Yes","1 Yes","100",100,NA,NA,"1 Yes",100,0,16,"Harris"
"24","Male",61,"36 New York","16 150,000 or more",13,"1 Married (spouse lives with me)","1 Yes","1 Yes","100",100,0,0,"1 Yes",30,70,16,"Harris"
"25","Male",59,"36 New York","16 150,000 or more",14,"1 Married (spouse lives with me)","1 Yes","1 Yes","100",NA,100,NA,"1 Yes",0,100,16,"Trump"
"26","Male",66,"36 New York","16 150,000 or more",11,"1 Married (spouse lives with me)","1 Yes","1 Yes","100",NA,100,NA,"1 Yes",0,100,16,"Trump"
"27","Male",41,"36 New York","16 150,000 or more",14,"1 Married (spouse lives with me)","1 Yes","1 Yes","100",0,100,NA,"1 Yes",5,95,16,"Trump"
"28","Female",66,"37 North Carolina","15 100,000 to 149,999",12,"4 Divorced","1 Yes","1 Yes","100",100,0,0,"1 Yes",10,90,15,"Harris"
"29","Female",57,"36 New York","13 60,000 to 74,999",11,"4 Divorced","1 Yes","1 Yes","100",100,0,NA,"1 Yes",90,10,13,"Harris"
"30","Male",43,"36 New York","16 150,000 or more",14,"1 Married (spouse lives with me)","1 Yes","1 Yes","90",100,NA,NA,"1 Yes",90,10,16,"Harris"
"31","Female",53,"36 New York","15 100,000 to 149,999",9,"1 Married (spouse lives with me)","1 Yes","0 No","75",100,NA,NA,"1 Yes",90,10,15,"Harris"
"32","Male",69,"36 New York","12 50,000 to 59,999",13,"1 Married (spouse lives with me)","1 Yes","0 No","100",100,0,0,"1 Yes",100,0,12,"Harris"
"33","Male",77,"36 New York","7 20,000 to 24,999",10,"4 Divorced","1 Yes","0 No","100",0,100,0,"1 Yes",1,98,7,"Trump"
"34","Female",44,"36 New York","13 60,000 to 74,999",14,"6 Never married","1 Yes","1 Yes","100",0,100,0,"1 Yes",65,35,13,"Trump"
"35","Female",55,"36 New York","13 60,000 to 74,999",16,"6 Never married","1 Yes","1 Yes","100",100,0,0,"1 Yes",80,20,13,"Harris"
"36","Male",73,"42 Pennsylvania","11 40,000 to 49,999",13,"1 Married (spouse lives with me)","1 Yes","0 No","100",NA,NA,NA,"1 Yes",60,40,11,NA
"37","Male",72,"42 Pennsylvania","11 40,000 to 49,999",11,"1 Married (spouse lives with me)","1 Yes","0 No","100",100,0,0,"1 Yes",65,35,11,"Harris"
"38","Female",35,"42 Pennsylvania","15 100,000 to 149,999",14,"1 Married (spouse lives with me)","1 Yes","0 No","99",0,99,1,"1 Yes",35,65,15,"Trump"
"39","Male",86,"42 Pennsylvania","11 40,000 to 49,999",10,"1 Married (spouse lives with me)","1 Yes","0 No","100",NA,100,NA,"1 Yes",50,50,11,"Trump"
"40","Female",56,"42 Pennsylvania","7 20,000 to 24,999",11,"4 Divorced","1 Yes","0 No","0",0,100,0,"1 Yes",10,90,7,"Trump"
"41","Male",67,"42 Pennsylvania","15 100,000 to 149,999",14,"4 Divorced","1 Yes","0 No","100",0,100,0,"1 Yes",10,90,15,"Trump"
"42","Male",84,"42 Pennsylvania","12 50,000 to 59,999",6,"5 Widowed","1 Yes","0 No","100",NA,100,NA,"1 Yes",1,99,12,"Trump"
"43","Male",46,"42 Pennsylvania","14 75,000 to 99,999",13,"1 Married (spouse lives with me)","1 Yes","0 No","100",100,NA,NA,"1 Yes",40,60,14,"Harris"
"44","Female",43,"42 Pennsylvania","15 100,000 to 149,999",12,"1 Married (spouse lives with me)","1 Yes","0 No","25",0,0,100,"1 Yes",40,50,15,"Other"
"45","Female",81,"42 Pennsylvania","4 10,000 to 12,499",5,"5 Widowed","1 Yes","0 No","0",90,NA,10,"1 Yes",75,0,4,"Harris"
"46","Female",79,"42 Pennsylvania","12 50,000 to 59,999",13,"4 Divorced","1 Yes","0 No","100",NA,100,NA,"1 Yes",0,100,12,"Trump"
"47","Female",48,"42 Pennsylvania","15 100,000 to 149,999",9,"1 Married (spouse lives with me)","1 Yes","1 Yes","100",100,0,0,"0 No",NA,NA,15,"Harris"
"48","Female",38,"42 Pennsylvania","13 60,000 to 74,999",9,"1 Married (spouse lives with me)","1 Yes","1 Yes","100",0,90,10,"1 Yes",25,60,13,"Trump"
"49","Male",62,"42 Pennsylvania","15 100,000 to 149,999",13,"1 Married (spouse lives with me)","1 Yes","1 Yes","100",100,0,0,"1 Yes",75,20,15,"Harris"
"50","Male",52,"42 Pennsylvania","16 150,000 or more",10,"1 Married (spouse lives with me)","1 Yes","1 Yes","100",0,100,0,"1 Yes",2,98,16,"Trump"
"51","Female",52,"42 Pennsylvania","15 100,000 to 149,999",13,"1 Married (spouse lives with me)","1 Yes","1 Yes","100",100,NA,NA,"1 Yes",50,50,15,"Harris"
"52","Male",62,"42 Pennsylvania","12 50,000 to 59,999",13,"1 Married (spouse lives with me)","1 Yes","0 No","100",0,100,0,"1 Yes",2,90,12,"Trump"
"53","Male",41,"42 Pennsylvania","14 75,000 to 99,999",11,"1 Married (spouse lives with me)","1 Yes","1 Yes","100",0,100,0,"1 Yes",0,100,14,"Trump"
"54","Male",58,"42 Pennsylvania","15 100,000 to 149,999",10,"1 Married (spouse lives with me)","1 Yes","1 Yes","100",NA,NA,NA,"1 Yes",1,99,15,NA
"55","Female",69,"42 Pennsylvania","13 60,000 to 74,999",7,"4 Divorced","1 Yes","0 No","100",NA,NA,NA,"1 Yes",50,20,13,NA
"56","Female",52,"42 Pennsylvania","1 Less than $5,000",12,"4 Divorced","1 Yes","0 No","0",0,0,100,"1 Yes",50,50,1,"Other"
"57","Female",45,"42 Pennsylvania","15 100,000 to 149,999",14,"6 Never married","1 Yes","1 Yes","100",NA,NA,NA,"1 Yes",50,50,15,NA
"58","Male",58,"42 Pennsylvania","16 150,000 or more",14,"1 Married (spouse lives with me)","1 Yes","1 Yes","100",100,NA,NA,"1 Yes",85,15,16,"Harris"
"59","Male",69,"42 Pennsylvania","16 150,000 or more",13,"1 Married (spouse lives with me)","1 Yes","1 Yes","100",NA,NA,NA,"1 Yes",40,60,16,NA
"60","Female",69,"42 Pennsylvania","16 150,000 or more",9,"1 Married (spouse lives with me)","1 Yes","1 Yes","100",NA,100,NA,"1 Yes",50,50,16,"Trump"
"61","Male",69,"42 Pennsylvania","2 5,000 to 7,499",13,"4 Divorced","1 Yes","0 No","100",NA,NA,NA,"1 Yes",0,100,2,NA
"62","Male",79,"42 Pennsylvania","16 150,000 or more",15,"1 Married (spouse lives with me)","1 Yes","1 Yes","100",100,NA,NA,"0 No",95,5,16,"Harris"
"63","Male",69,"42 Pennsylvania","7 20,000 to 24,999",9,"6 Never married","1 Yes","0 No","50",100,NA,NA,"0 No",100,0,7,"Harris"
"64","Male",76,"42 Pennsylvania","15 100,000 to 149,999",14,"4 Divorced","1 Yes","0 No","100",NA,NA,NA,"1 Yes",90,10,15,NA
"65","Female",76,"10 Delaware","10 35,000 to 39,999",10,"4 Divorced","1 Yes","0 No","100",100,0,0,"1 Yes",50,50,10,"Harris"
"66","Female",62,"48 Texas","12 50,000 to 59,999",13,"1 Married (spouse lives with me)","1 Yes","0 No","100",NA,100,NA,"1 Yes",50,50,12,"Trump"
"67","Female",74,"37 North Carolina","4 10,000 to 12,499",9,"4 Divorced","1 Yes","0 No","100",100,0,0,"0 No",100,0,4,"Harris"
"68","Male",61,"24 Maryland","6 15,000 to 19,999",10,"4 Divorced","1 Yes","0 No","100",NA,NA,NA,"0 No",100,0,6,NA
"69","Male",85,"24 Maryland","13 60,000 to 74,999",10,"1 Married (spouse lives with me)","1 Yes","0 No","100",0,100,0,"1 Yes",30,70,13,"Trump"
"70","Male",78,"4 Arizona","15 100,000 to 149,999",16,"1 Married (spouse lives with me)","1 Yes","0 No","100",NA,NA,NA,"0 No",80,20,15,NA
"71","Female",56,"48 Texas","14 75,000 to 99,999",13,"1 Married (spouse lives with me)","1 Yes","1 Yes","90",40,40,20,"1 Yes",40,40,14,"Trump"
"72","Male",45,"51 Virginia","15 100,000 to 149,999",15,"1 Married (spouse lives with me)","1 Yes","1 Yes","100",NA,NA,NA,"1 Yes",40,60,15,NA
"73","Male",53,"51 Virginia","16 150,000 or more",13,"1 Married (spouse lives with me)","1 Yes","1 Yes","100",NA,NA,NA,"1 Yes",5,95,16,NA
"74","Female",46,"51 Virginia","10 35,000 to 39,999",13,"1 Married (spouse lives with me)","1 Yes","1 Yes","100",100,0,0,"1 Yes",100,0,10,"Harris"
"75","Male",56,"51 Virginia","15 100,000 to 149,999",14,"1 Married (spouse lives with me)","1 Yes","1 Yes","100",NA,NA,NA,"0 No",50,50,15,NA
"76","Male",58,"51 Virginia","16 150,000 or more",9,"1 Married (spouse lives with me)","1 Yes","1 Yes","100",50,50,NA,"0 No",50,50,16,"Trump"
"77","Female",56,"37 North Carolina","15 100,000 to 149,999",10,"1 Married (spouse lives with me)","1 Yes","1 Yes",".a",NA,NA,NA,"1 Yes",NA,NA,15,NA
"78","Female",69,"51 Virginia","8 25,000 to 2,999",9,"1 Married (spouse lives with me)","1 Yes","1 Yes","100",NA,100,NA,"1 Yes",0,100,8,"Trump"
"79","Male",67,"37 North Carolina","8 25,000 to 2,999",10,"4 Divorced","1 Yes","0 No","100",100,0,NA,"0 No",80,20,8,"Harris"
"80","Female",53,"37 North Carolina","15 100,000 to 149,999",13,"1 Married (spouse lives with me)","1 Yes","1 Yes","90",0,0,100,"0 No",90,9,15,"Other"
"81","Female",59,"37 North Carolina","14 75,000 to 99,999",13,"1 Married (spouse lives with me)","1 Yes","1 Yes","95",50,50,0,"0 No",100,0,14,"Trump"
"82","Male",47,"37 North Carolina","15 100,000 to 149,999",16,"1 Married (spouse lives with me)","1 Yes","1 Yes","99",99,0,1,"0 No",44,55,15,"Harris"
"83","Female",68,"37 North Carolina","11 40,000 to 49,999",9,"1 Married (spouse lives with me)","1 Yes","1 Yes","100",NA,NA,NA,"1 Yes",20,80,11,NA
"84","Male",76,"37 North Carolina","16 150,000 or more",15,"1 Married (spouse lives with me)","1 Yes","1 Yes","100",100,NA,NA,"1 Yes",50,50,16,"Harris"
"85","Male",47,"37 North Carolina","15 100,000 to 149,999",13,"1 Married (spouse lives with me)","1 Yes","1 Yes","100",NA,NA,NA,"0 No",90,10,15,NA
"86","Male",45,"37 North Carolina","1 Less than $5,000",10,"6 Never married","1 Yes","0 No","5",5,5,90,"1 Yes",20,80,1,"Other"
"87","Male",82,"37 North Carolina","15 100,000 to 149,999",13,"1 Married (spouse lives with me)","1 Yes","0 No","100",100,0,NA,"1 Yes",60,25,15,"Harris"
"88","Male",44,"37 North Carolina","14 75,000 to 99,999",13,"1 Married (spouse lives with me)","1 Yes","1 Yes","0",NA,100,NA,"1 Yes",100,0,14,"Trump"
"89","Male",81,"37 North Carolina","8 25,000 to 2,999",4,"1 Married (spouse lives with me)","1 Yes","0 No","100",0,100,0,"1 Yes",0,100,8,"Trump"
"90","Female",48,"37 North Carolina","4 10,000 to 12,499",9,"6 Never married","1 Yes","1 Yes","100",100,0,0,"0 No",100,0,4,"Harris"
"91","Female",51,"37 North Carolina","15 100,000 to 149,999",11,"4 Divorced","1 Yes","1 Yes","100",NA,NA,NA,"1 Yes",20,80,15,NA
"92","Female",63,"37 North Carolina","5 12,500 to 14,999",10,"6 Never married","1 Yes","1 Yes","100",0,100,0,"1 Yes",15,85,5,"Trump"
"93","Male",63,"45 South Carolina","7 20,000 to 24,999",11,"4 Divorced","1 Yes","0 No","100",NA,NA,NA,"1 Yes",1,99,7,NA
"94","Male",77,"42 Pennsylvania","11 40,000 to 49,999",14,"5 Widowed","1 Yes","0 No","100",100,0,0,"1 Yes",80,8,11,"Harris"
"95","Female",35,"45 South Carolina","1 Less than $5,000",6,"6 Never married","1 Yes","0 No","100",NA,NA,NA,"0 No",NA,NA,1,NA
"96","Male",50,"45 South Carolina","8 25,000 to 2,999",6,"1 Married (spouse lives with me)","1 Yes","1 Yes","6",NA,100,NA,"1 Yes",NA,NA,8,"Trump"
"97","Male",72,"56 Wyoming","15 100,000 to 149,999",13,"1 Married (spouse lives with me)","1 Yes","0 No","75",0,100,0,"1 Yes",0,100,15,"Trump"
"98","Female",59,"13 Georgia","15 100,000 to 149,999",13,"1 Married (spouse lives with me)","1 Yes","1 Yes","100",0,100,NA,"1 Yes",25,75,15,"Trump"
"99","Female",48,"13 Georgia","12 50,000 to 59,999",11,"1 Married (spouse lives with me)","1 Yes","1 Yes","100",NA,NA,NA,"0 No",100,0,12,NA
"100","Female",41,"13 Georgia","12 50,000 to 59,999",9,"6 Never married","1 Yes","1 Yes","100",100,NA,NA,"0 No",NA,NA,12,"Harris"
"101","Male",59,"13 Georgia","14 75,000 to 99,999",13,"1 Married (spouse lives with me)","1 Yes","1 Yes","100",NA,NA,NA,"1 Yes",50,50,14,NA
"102","Female",69,"13 Georgia","11 40,000 to 49,999",14,"1 Married (spouse lives with me)","1 Yes","0 No","100",NA,NA,NA,"0 No",100,0,11,NA
"103","Male",66,"13 Georgia","13 60,000 to 74,999",9,"4 Divorced","1 Yes","0 No","0",100,0,0,"1 Yes",0,100,13,"Harris"
"104","Male",46,"13 Georgia","15 100,000 to 149,999",9,"6 Never married","1 Yes","1 Yes","0",0,100,0,"1 Yes",25,50,15,"Trump"
"105","Female",59,"13 Georgia","15 100,000 to 149,999",10,"6 Never married","1 Yes","1 Yes","100",100,NA,NA,"0 No",100,0,15,"Harris"
"106","Female",50,"13 Georgia","11 40,000 to 49,999",11,"1 Married (spouse lives with me)","1 Yes","1 Yes","50",50,50,NA,"0 No",50,50,11,"Trump"
"107","Female",69,"13 Georgia","2 5,000 to 7,499",11,"1 Married (spouse lives with me)","1 Yes","0 No","100",NA,NA,NA,"1 Yes",0,100,2,NA
"108","Male",46,"13 Georgia","15 100,000 to 149,999",8,"1 Married (spouse lives with me)","1 Yes","0 No","100",0,100,0,"1 Yes",0,100,15,"Trump"
"109","Female",63,"13 Georgia","12 50,000 to 59,999",9,"6 Never married","1 Yes","0 No","100",NA,100,NA,"1 Yes",5,95,12,"Trump"
"110","Male",43,"13 Georgia","15 100,000 to 149,999",14,"1 Married (spouse lives with me)","1 Yes","1 Yes","100",100,0,0,"1 Yes",85,15,15,"Harris"
"111","Female",59,"13 Georgia","11 40,000 to 49,999",10,"4 Divorced","1 Yes","1 Yes","100",100,NA,NA,"0 No",100,0,11,"Harris"
"112","Male",82,"13 Georgia","11 40,000 to 49,999",9,"1 Married (spouse lives with me)","1 Yes","0 No",".a",NA,NA,NA,"1 Yes",NA,NA,11,NA
"113","Male",64,"13 Georgia","16 150,000 or more",13,"1 Married (spouse lives with me)","1 Yes","0 No","100",NA,NA,NA,"1 Yes",50,50,16,NA
"114","Male",78,"13 Georgia","11 40,000 to 49,999",12,"1 Married (spouse lives with me)","1 Yes","0 No","100",NA,NA,NA,"1 Yes",5,95,11,NA
"115","Female",59,"13 Georgia","12 50,000 to 59,999",9,"5 Widowed","1 Yes","1 Yes","100",NA,NA,NA,"0 No",90,10,12,NA
"116","Male",74,"13 Georgia","7 20,000 to 24,999",12,"1 Married (spouse lives with me)","1 Yes","1 Yes","100",0,100,0,"1 Yes",25,75,7,"Trump"
"117","Female",55,"13 Georgia","10 35,000 to 39,999",13,"1 Married (spouse lives with me)","1 Yes","1 Yes","100",0,100,0,"1 Yes",0,100,10,"Trump"
"118","Female",83,"13 Georgia","10 35,000 to 39,999",12,"1 Married (spouse lives with me)","1 Yes","0 No","100",NA,NA,NA,"1 Yes",2,98,10,NA
"119","Female",45,"13 Georgia","11 40,000 to 49,999",9,"6 Never married","1 Yes","1 Yes","60",0,100,0,"0 No",20,50,11,"Trump"
"120","Female",66,"13 Georgia","6 15,000 to 19,999",11,"4 Divorced","1 Yes","0 No","100",0,100,0,"1 Yes",50,50,6,"Trump"
"121","Female",67,"13 Georgia","3 7,500 to 9,999",7,"2 Married (spouse lives elsewhere)","1 Yes","0 No","100",0,100,0,"1 Yes",20,80,3,"Trump"
"122","Female",57,"12 Florida","16 150,000 or more",13,"1 Married (spouse lives with me)","1 Yes","1 Yes","100",NA,100,NA,"1 Yes",5,95,16,"Trump"
"123","Female",65,"12 Florida","10 35,000 to 39,999",11,"4 Divorced","1 Yes","0 No","100",0,100,0,"1 Yes",30,70,10,"Trump"
"124","Female",38,"12 Florida","11 40,000 to 49,999",12,"4 Divorced","1 Yes","1 Yes","100",0,100,0,"0 No",20,80,11,"Trump"
"125","Male",68,"12 Florida","15 100,000 to 149,999",10,"1 Married (spouse lives with me)","1 Yes","0 No","100",NA,100,NA,"1 Yes",NA,NA,15,"Trump"
"126","Male",74,"12 Florida","15 100,000 to 149,999",14,"1 Married (spouse lives with me)","1 Yes","0 No","100",0,100,0,"1 Yes",0,100,15,"Trump"
"127","Male",34,"12 Florida","1 Less than $5,000",7,"1 Married (spouse lives with me)","1 Yes","1 Yes",".e",40,50,10,"1 Yes",NA,NA,1,"Trump"
"128","Male",60,"12 Florida","13 60,000 to 74,999",10,"1 Married (spouse lives with me)","1 Yes","0 No","100",NA,NA,NA,"1 Yes",100,0,13,NA
"129","Male",42,"12 Florida","13 60,000 to 74,999",10,"6 Never married","1 Yes","0 No","100",NA,NA,NA,"1 Yes",0,100,13,NA
"130","Female",58,"12 Florida","14 75,000 to 99,999",13,"6 Never married","1 Yes","1 Yes","100",NA,100,NA,"1 Yes",40,60,14,"Trump"
"131","Male",63,"12 Florida","15 100,000 to 149,999",13,"1 Married (spouse lives with me)","1 Yes","1 Yes","100",0,100,0,"1 Yes",50,50,15,"Trump"
"132","Female",69,"12 Florida","11 40,000 to 49,999",9,"4 Divorced","1 Yes","1 Yes","100",NA,100,NA,"1 Yes",0,100,11,"Trump"
"133","Male",49,"12 Florida","16 150,000 or more",15,"1 Married (spouse lives with me)","1 Yes","1 Yes","100",100,0,0,"1 Yes",80,20,16,"Harris"
"134","Female",42,"12 Florida","9 30,000 to 34,999",12,"2 Married (spouse lives elsewhere)","1 Yes","1 Yes","100",45,10,45,"0 No",50,50,9,"Harris"
"135","Male",57,"17 Illinois","16 150,000 or more",13,"1 Married (spouse lives with me)","1 Yes","1 Yes","100",100,NA,NA,"1 Yes",90,10,16,"Harris"
"136","Female",50,"12 Florida","16 150,000 or more",10,"1 Married (spouse lives with me)","1 Yes","1 Yes",".a",NA,NA,NA,"0 No",NA,NA,16,NA
"137","Female",68,"13 Georgia","14 75,000 to 99,999",10,"4 Divorced","1 Yes","0 No","100",0,100,0,"1 Yes",45,55,14,"Trump"
"138","Female",49,"12 Florida","10 35,000 to 39,999",13,"6 Never married","1 Yes","1 Yes","100",100,0,0,"0 No",30,67,10,"Harris"
"139","Female",75,"12 Florida","14 75,000 to 99,999",14,"1 Married (spouse lives with me)","1 Yes","0 No","100",NA,100,NA,"1 Yes",75,25,14,"Trump"
"140","Female",60,"12 Florida","10 35,000 to 39,999",9,"4 Divorced","1 Yes","1 Yes","100",NA,NA,NA,"1 Yes",40,60,10,NA
"141","Female",78,"12 Florida","10 35,000 to 39,999",14,"5 Widowed","1 Yes","0 No","100",100,0,0,"1 Yes",53,47,10,"Harris"
"142","Female",74,"1 Alabama","11 40,000 to 49,999",9,"1 Married (spouse lives with me)","1 Yes","0 No","10",NA,100,NA,"1 Yes",1,99,11,"Trump"
"143","Male",82,"1 Alabama","16 150,000 or more",14,"1 Married (spouse lives with me)","1 Yes","0 No","100",50,50,NA,"1 Yes",40,60,16,"Trump"
"144","Female",82,"12 Florida","16 150,000 or more",10,"1 Married (spouse lives with me)","1 Yes","0 No","100",NA,NA,NA,"1 Yes",25,73,16,NA
"145","Male",73,"47 Tennessee","14 75,000 to 99,999",15,"1 Married (spouse lives with me)","1 Yes","0 No","100",NA,NA,NA,"1 Yes",70,30,14,NA
"146","Female",53,"1 Alabama","10 35,000 to 39,999",9,"6 Never married","1 Yes","1 Yes","100",100,0,NA,"0 No",100,0,10,"Harris"
"147","Female",40,"13 Georgia","15 100,000 to 149,999",14,"1 Married (spouse lives with me)","1 Yes","1 Yes","100",90,0,10,"1 Yes",40,60,15,"Harris"
"148","Female",47,"51 Virginia","12 50,000 to 59,999",10,"4 Divorced","1 Yes","1 Yes","50",0,100,0,"1 Yes",50,50,12,"Trump"
"149","Female",44,"21 Kentucky","15 100,000 to 149,999",13,"1 Married (spouse lives with me)","1 Yes","1 Yes","100",100,0,0,"1 Yes",90,10,15,"Harris"
"150","Male",59,"37 North Carolina","16 150,000 or more",14,"1 Married (spouse lives with me)","1 Yes","1 Yes","100",100,0,0,"1 Yes",90,10,16,"Harris"
"151","Female",40,"21 Kentucky","15 100,000 to 149,999",14,"6 Never married","1 Yes","1 Yes","100",100,0,0,"1 Yes",95,5,15,"Harris"
"152","Male",67,"21 Kentucky","13 60,000 to 74,999",16,"1 Married (spouse lives with me)","1 Yes","1 Yes","99",100,0,0,"1 Yes",75,25,13,"Harris"
"153","Male",36,"39 Ohio","15 100,000 to 149,999",13,"1 Married (spouse lives with me)","1 Yes","1 Yes","100",100,0,0,"1 Yes",60,40,15,"Harris"
"154","Male",77,"39 Ohio","16 150,000 or more",14,"1 Married (spouse lives with me)","1 Yes","1 Yes","100",NA,NA,NA,"1 Yes",39,60,16,NA
"155","Male",37,"39 Ohio","4 10,000 to 12,499",9,"2 Married (spouse lives elsewhere)","1 Yes","0 No","100",0,100,0,"1 Yes",0,100,4,"Trump"
"156","Female",41,"26 Michigan","16 150,000 or more",13,"1 Married (spouse lives with me)","1 Yes","1 Yes","100",100,NA,NA,"0 No",90,10,16,"Harris"
"157","Male",61,"39 Ohio","9 30,000 to 34,999",9,"1 Married (spouse lives with me)","1 Yes","1 Yes","100",100,NA,NA,"1 Yes",40,60,9,"Harris"
"158","Male",66,"18 Indiana","14 75,000 to 99,999",9,"1 Married (spouse lives with me)","1 Yes","1 Yes","100",NA,NA,NA,"1 Yes",10,90,14,NA
"159","Female",70,"18 Indiana","12 50,000 to 59,999",13,"5 Widowed","1 Yes","1 Yes","100",100,NA,NA,"0 No",100,0,12,"Harris"
"160","Female",67,"18 Indiana","11 40,000 to 49,999",10,"6 Never married","1 Yes","1 Yes","100",100,0,0,"1 Yes",95,5,11,"Harris"
"161","Female",43,"18 Indiana","16 150,000 or more",16,"1 Married (spouse lives with me)","1 Yes","1 Yes","100",50,50,0,"0 No",50,50,16,"Trump"
"162","Male",67,"18 Indiana","11 40,000 to 49,999",13,"1 Married (spouse lives with me)","1 Yes","0 No","100",NA,100,NA,"1 Yes",40,60,11,"Trump"
"163","Male",64,"26 Michigan","15 100,000 to 149,999",12,"1 Married (spouse lives with me)","1 Yes","1 Yes","100",0,100,NA,"1 Yes",25,75,15,"Trump"
"164","Male",75,"26 Michigan","15 100,000 to 149,999",14,"1 Married (spouse lives with me)","1 Yes","0 No","100",0,100,0,"1 Yes",20,80,15,"Trump"
"165","Female",66,"26 Michigan","14 75,000 to 99,999",16,"5 Widowed","1 Yes","1 Yes","100",NA,NA,NA,"1 Yes",100,0,14,NA
"166","Female",60,"26 Michigan","15 100,000 to 149,999",15,"1 Married (spouse lives with me)","1 Yes","0 No","100",100,0,0,"1 Yes",99,1,15,"Harris"
"167","Male",66,"26 Michigan","16 150,000 or more",13,"5 Widowed","1 Yes","1 Yes","100",100,0,NA,"1 Yes",70,30,16,"Harris"
"168","Female",59,"26 Michigan","13 60,000 to 74,999",14,"6 Never married","1 Yes","1 Yes","100",NA,NA,NA,"0 No",100,0,13,NA
"169","Male",76,"26 Michigan","14 75,000 to 99,999",10,"1 Married (spouse lives with me)","1 Yes","0 No","100",NA,NA,NA,"1 Yes",0,100,14,NA
"170","Male",46,"26 Michigan","16 150,000 or more",13,"1 Married (spouse lives with me)","1 Yes","1 Yes","100",NA,NA,NA,"1 Yes",75,25,16,NA
"171","Male",48,"26 Michigan","14 75,000 to 99,999",10,"1 Married (spouse lives with me)","1 Yes","1 Yes","100",NA,NA,100,"1 Yes",45,45,14,"Other"
"172","Male",73,"26 Michigan","10 35,000 to 39,999",11,"4 Divorced","1 Yes","0 No","100",NA,NA,NA,"1 Yes",10,90,10,NA
"173","Female",71,"26 Michigan","14 75,000 to 99,999",13,"5 Widowed","1 Yes","0 No","100",100,NA,NA,"1 Yes",100,0,14,"Harris"
"174","Male",74,"26 Michigan","15 100,000 to 149,999",10,"1 Married (spouse lives with me)","1 Yes","0 No","100",NA,NA,NA,"1 Yes",99,1,15,NA
"175","Female",48,"26 Michigan","6 15,000 to 19,999",14,"6 Never married","1 Yes","0 No","100",100,0,0,"1 Yes",100,0,6,"Harris"
"176","Male",67,"26 Michigan","9 30,000 to 34,999",13,"1 Married (spouse lives with me)","1 Yes","0 No","100",100,0,NA,"1 Yes",50,50,9,"Harris"
"177","Female",31,"8 Colorado","15 100,000 to 149,999",13,"1 Married (spouse lives with me)","1 Yes","1 Yes","100",NA,NA,NA,"1 Yes",100,0,15,NA
"178","Female",44,"26 Michigan","8 25,000 to 2,999",13,"6 Never married","1 Yes","1 Yes","80",19,1,80,"1 Yes",20,75,8,"Other"
"179","Male",64,"26 Michigan","13 60,000 to 74,999",10,"5 Widowed","1 Yes","1 Yes","95",20,80,0,"1 Yes",45,50,13,"Trump"
"180","Male",69,"26 Michigan","10 35,000 to 39,999",13,"4 Divorced","1 Yes","0 No","100",NA,NA,100,"1 Yes",50,50,10,"Other"
"181","Female",57,"26 Michigan","11 40,000 to 49,999",10,"1 Married (spouse lives with me)","1 Yes","1 Yes","100",0,100,0,"1 Yes",20,80,11,"Trump"
"182","Female",34,"26 Michigan","15 100,000 to 149,999",13,"1 Married (spouse lives with me)","1 Yes","1 Yes","100",95,0,5,"1 Yes",50,40,15,"Harris"
"183","Female",62,"26 Michigan","12 50,000 to 59,999",12,"4 Divorced","1 Yes","0 No","100",0,100,0,"1 Yes",5,95,12,"Trump"
"184","Male",73,"26 Michigan","8 25,000 to 2,999",9,"1 Married (spouse lives with me)","1 Yes","0 No","50",NA,100,NA,"1 Yes",0,100,8,"Trump"
"185","Male",50,"26 Michigan","16 150,000 or more",13,"1 Married (spouse lives with me)","1 Yes","1 Yes","100",0,100,0,"1 Yes",25,65,16,"Trump"
"186","Male",59,"26 Michigan","9 30,000 to 34,999",11,"1 Married (spouse lives with me)","1 Yes","1 Yes","100",100,0,0,"1 Yes",70,30,9,"Harris"
"187","Male",64,"26 Michigan","15 100,000 to 149,999",13,"1 Married (spouse lives with me)","1 Yes","0 No","100",100,0,NA,"1 Yes",80,20,15,"Harris"
"188","Male",66,"19 Iowa","15 100,000 to 149,999",5,"1 Married (spouse lives with me)","1 Yes","0 No","80",0,100,0,"1 Yes",0,100,15,"Trump"
"189","Male",48,"19 Iowa","14 75,000 to 99,999",13,"1 Married (spouse lives with me)","1 Yes","1 Yes","100",90,5,5,"1 Yes",47,43,14,"Harris"
"190","Female",72,"19 Iowa","7 20,000 to 24,999",13,"4 Divorced","1 Yes","0 No","100",100,NA,NA,"1 Yes",100,0,7,"Harris"
"191","Male",54,"19 Iowa","16 150,000 or more",13,"1 Married (spouse lives with me)","1 Yes","1 Yes","100",NA,NA,NA,"1 Yes",30,70,16,NA
"192","Male",66,"55 Wisconsin","5 12,500 to 14,999",11,"6 Never married","1 Yes","0 No","100",NA,100,NA,"1 Yes",0,100,5,"Trump"
"193","Male",72,"55 Wisconsin","13 60,000 to 74,999",14,"1 Married (spouse lives with me)","1 Yes","0 No","100",100,0,0,"1 Yes",51,49,13,"Harris"
"194","Female",57,"55 Wisconsin","4 10,000 to 12,499",10,"4 Divorced","1 Yes","0 No","100",0,100,0,"1 Yes",0,100,4,"Trump"
"195","Male",77,"55 Wisconsin","15 100,000 to 149,999",13,"1 Married (spouse lives with me)","1 Yes","0 No","100",NA,NA,NA,"1 Yes",65,35,15,NA
"196","Male",38,"55 Wisconsin","15 100,000 to 149,999",14,"1 Married (spouse lives with me)","1 Yes","1 Yes","100",98,2,0,"1 Yes",50,50,15,"Harris"
"197","Female",69,"55 Wisconsin","7 20,000 to 24,999",9,"5 Widowed","1 Yes","0 No","0",100,0,0,"1 Yes",90,10,7,"Harris"
"198","Female",65,"55 Wisconsin","5 12,500 to 14,999",11,"4 Divorced","1 Yes","0 No","50",50,50,NA,"1 Yes",50,50,5,"Trump"
"199","Male",71,"55 Wisconsin","15 100,000 to 149,999",14,"1 Married (spouse lives with me)","1 Yes","1 Yes","100",100,NA,NA,"1 Yes",90,8,15,"Harris"
"200","Female",75,"55 Wisconsin","14 75,000 to 99,999",14,"1 Married (spouse lives with me)","1 Yes","1 Yes","100",100,NA,NA,"1 Yes",99,0,14,"Harris"
"201","Male",64,"55 Wisconsin","14 75,000 to 99,999",13,"4 Divorced","1 Yes","1 Yes","100",100,NA,NA,"1 Yes",80,19,14,"Harris"
"202","Male",86,"55 Wisconsin","10 35,000 to 39,999",9,"1 Married (spouse lives with me)","1 Yes","0 No","100",NA,100,NA,"1 Yes",0,100,10,"Trump"
"203","Female",60,"55 Wisconsin","8 25,000 to 2,999",10,"4 Divorced","1 Yes","1 Yes","100",100,NA,NA,"1 Yes",60,40,8,"Harris"
"204","Male",71,"55 Wisconsin","12 50,000 to 59,999",10,"1 Married (spouse lives with me)","1 Yes","0 No","100",NA,NA,NA,"1 Yes",1,99,12,NA
"205","Female",67,"55 Wisconsin","4 10,000 to 12,499",9,"5 Widowed","1 Yes","1 Yes","100",0,100,0,"1 Yes",0,100,4,"Trump"
"206","Male",39,"55 Wisconsin","15 100,000 to 149,999",9,"1 Married (spouse lives with me)","1 Yes","1 Yes","20",50,0,50,"1 Yes",50,50,15,"Harris"
"207","Male",50,"55 Wisconsin","12 50,000 to 59,999",13,"4 Divorced","1 Yes","1 Yes","5",NA,100,NA,"1 Yes",25,75,12,"Trump"
"208","Female",62,"55 Wisconsin","4 10,000 to 12,499",8,"6 Never married","1 Yes","0 No","0",0,100,0,"1 Yes",40,45,4,"Trump"
"209","Male",NA,"55 Wisconsin","8 25,000 to 2,999",10,"4 Divorced","1 Yes","1 Yes","99",100,0,NA,"1 Yes",49,51,8,"Harris"
"210","Female",82,"55 Wisconsin","14 75,000 to 99,999",9,"1 Married (spouse lives with me)","1 Yes","0 No","100",100,NA,NA,"1 Yes",75,20,14,"Harris"
"211","Male",79,"27 Minnesota","13 60,000 to 74,999",13,"1 Married (spouse lives with me)","1 Yes","0 No","100",0,100,0,"1 Yes",55,44,13,"Trump"
"212","Male",79,"27 Minnesota","11 40,000 to 49,999",10,"6 Never married","1 Yes","0 No","100",100,0,NA,"1 Yes",90,10,11,"Harris"
"213","Female",41,"36 New York","14 75,000 to 99,999",13,"1 Married (spouse lives with me)","1 Yes","1 Yes","100",100,0,0,"1 Yes",100,0,14,"Harris"
"214","Male",59,"27 Minnesota","15 100,000 to 149,999",10,"1 Married (spouse lives with me)","1 Yes","1 Yes","100",0,100,0,"1 Yes",10,90,15,"Trump"
"215","Female",36,"27 Minnesota","11 40,000 to 49,999",9,"1 Married (spouse lives with me)","1 Yes","0 No","90",0,99,1,"1 Yes",10,90,11,"Trump"
"216","Female",70,"38 North Dakota","12 50,000 to 59,999",12,"6 Never married","1 Yes","1 Yes","75",50,25,25,"1 Yes",25,50,12,"Harris"
"217","Male",63,"30 Montana","11 40,000 to 49,999",11,"1 Married (spouse lives with me)","1 Yes","1 Yes","100",NA,100,NA,"1 Yes",5,90,11,"Trump"
"218","Female",78,"17 Illinois","7 20,000 to 24,999",10,"5 Widowed","1 Yes","0 No","100",NA,100,NA,"1 Yes",0,100,7,"Trump"
"219","Female",70,"55 Wisconsin","14 75,000 to 99,999",12,"5 Widowed","1 Yes","0 No","100",NA,NA,NA,"1 Yes",0,100,14,NA
"220","Male",42,"17 Illinois","16 150,000 or more",13,"1 Married (spouse lives with me)","1 Yes","1 Yes","99",NA,100,NA,"1 Yes",0,75,16,"Trump"
"221","Male",66,"17 Illinois","15 100,000 to 149,999",10,"1 Married (spouse lives with me)","1 Yes","1 Yes","100",NA,NA,NA,"1 Yes",65,35,15,NA
"222","Female",63,"6 California","16 150,000 or more",9,"1 Married (spouse lives with me)","1 Yes","0 No","100",100,NA,NA,"1 Yes",50,50,16,"Harris"
"223","Female",59,"18 Indiana","15 100,000 to 149,999",10,"1 Married (spouse lives with me)","1 Yes","1 Yes","100",0,100,0,"0 No",5,95,15,"Trump"
"224","Female",72,"17 Illinois","2 5,000 to 7,499",14,"4 Divorced","1 Yes","0 No","100",50,50,0,"0 No",100,0,2,"Trump"
"225","Female",71,"17 Illinois","13 60,000 to 74,999",14,"5 Widowed","1 Yes","0 No","100",NA,NA,NA,"0 No",100,0,13,NA
"226","Male",73,"29 Missouri","13 60,000 to 74,999",13,"1 Married (spouse lives with me)","1 Yes","0 No","100",NA,100,NA,"1 Yes",0,100,13,"Trump"
"227","Female",43,"29 Missouri","13 60,000 to 74,999",10,"6 Never married","1 Yes","1 Yes","100",NA,NA,NA,"1 Yes",50,50,13,NA
"228","Female",46,"29 Missouri","16 150,000 or more",10,"1 Married (spouse lives with me)","1 Yes","1 Yes","100",0,100,0,"1 Yes",10,90,16,"Trump"
"229","Female",73,"29 Missouri","6 15,000 to 19,999",9,"5 Widowed","1 Yes","0 No","100",100,NA,NA,"0 No",100,0,6,"Harris"
"230","Male",64,"29 Missouri","14 75,000 to 99,999",13,"1 Married (spouse lives with me)","1 Yes","1 Yes","100",NA,100,NA,"1 Yes",10,80,14,"Trump"
"231","Female",43,"29 Missouri","13 60,000 to 74,999",16,"4 Divorced","1 Yes","1 Yes","100",100,NA,NA,"1 Yes",90,10,13,"Harris"
"232","Male",63,"29 Missouri","16 150,000 or more",13,"1 Married (spouse lives with me)","1 Yes","0 No","100",100,NA,NA,"1 Yes",80,20,16,"Harris"
"233","Female",68,"31 Nebraska","13 60,000 to 74,999",11,"1 Married (spouse lives with me)","1 Yes","0 No","100",0,100,NA,"1 Yes",10,90,13,"Trump"
"234","Female",58,"22 Louisiana","16 150,000 or more",10,"1 Married (spouse lives with me)","1 Yes","0 No","100",100,0,0,"1 Yes",0,100,16,"Harris"
"235","Female",62,"5 Arkansas","15 100,000 to 149,999",13,"1 Married (spouse lives with me)","1 Yes","0 No","100",NA,NA,100,"1 Yes",10,90,15,"Other"
"236","Male",65,"40 Oklahoma","16 150,000 or more",13,"1 Married (spouse lives with me)","1 Yes","1 Yes","100",100,NA,NA,"0 No",98,2,16,"Harris"
"237","Male",52,"40 Oklahoma","15 100,000 to 149,999",13,"1 Married (spouse lives with me)","1 Yes","1 Yes","100",95,0,5,"1 Yes",40,58,15,"Harris"
"238","Female",36,"48 Texas","11 40,000 to 49,999",11,"4 Divorced","1 Yes","1 Yes","100",NA,100,NA,"1 Yes",5,95,11,"Trump"
"239","Male",42,"48 Texas","16 150,000 or more",14,"1 Married (spouse lives with me)","1 Yes","1 Yes","100",35,64,1,"1 Yes",40,55,16,"Trump"
"240","Male",63,"48 Texas","16 150,000 or more",13,"1 Married (spouse lives with me)","1 Yes","1 Yes","99",100,0,0,"1 Yes",40,60,16,"Harris"
"241","Male",36,"29 Missouri","16 150,000 or more",13,"1 Married (spouse lives with me)","1 Yes","1 Yes","80",0,10,90,"1 Yes",40,60,16,"Other"
"242","Female",77,"48 Texas","13 60,000 to 74,999",10,"1 Married (spouse lives with me)","1 Yes","0 No","100",NA,100,NA,"1 Yes",20,80,13,"Trump"
"243","Female",70,"48 Texas","11 40,000 to 49,999",13,"4 Divorced","1 Yes","0 No","100",100,0,0,"1 Yes",65,35,11,"Harris"
"244","Male",54,"48 Texas","14 75,000 to 99,999",14,"1 Married (spouse lives with me)","1 Yes","1 Yes","100",0,100,0,"1 Yes",25,75,14,"Trump"
"245","Male",49,"48 Texas","16 150,000 or more",16,"1 Married (spouse lives with me)","1 Yes","1 Yes","100",100,NA,NA,"1 Yes",100,0,16,"Harris"
"246","Female",83,"48 Texas","14 75,000 to 99,999",10,"1 Married (spouse lives with me)","1 Yes","0 No","100",NA,NA,NA,"1 Yes",20,80,14,NA
"247","Female",75,"48 Texas","15 100,000 to 149,999",10,"5 Widowed","1 Yes","1 Yes","100",NA,NA,NA,"1 Yes",0,100,15,NA
"248","Female",59,"48 Texas","7 20,000 to 24,999",12,"1 Married (spouse lives with me)","1 Yes","0 No","98",0,100,0,"1 Yes",5,95,7,"Trump"
"249","Male",70,"48 Texas","16 150,000 or more",13,"1 Married (spouse lives with me)","1 Yes","1 Yes","100",100,NA,NA,"1 Yes",100,0,16,"Harris"
"250","Female",56,"48 Texas","7 20,000 to 24,999",11,"3 Separated","1 Yes","1 Yes","100",100,0,0,"0 No",80,20,7,"Harris"
"251","Male",60,"48 Texas","12 50,000 to 59,999",14,"6 Never married","1 Yes","0 No","0",100,NA,NA,"0 No",90,0,12,"Harris"
"252","Female",45,"48 Texas","16 150,000 or more",13,"1 Married (spouse lives with me)","1 Yes","1 Yes","100",100,0,0,"1 Yes",50,50,16,"Harris"
"253","Female",62,"48 Texas","15 100,000 to 149,999",14,"6 Never married","1 Yes","1 Yes","100",NA,NA,NA,"0 No",100,0,15,NA
"254","Female",67,"48 Texas","11 40,000 to 49,999",13,"1 Married (spouse lives with me)","1 Yes","0 No","100",NA,100,NA,"1 Yes",0,100,11,"Trump"
"255","Male",74,"48 Texas","14 75,000 to 99,999",10,"1 Married (spouse lives with me)","1 Yes","0 No","100",0,100,0,"1 Yes",0,100,14,"Trump"
"256","Male",75,"48 Texas","13 60,000 to 74,999",13,"1 Married (spouse lives with me)","1 Yes","0 No","100",0,100,NA,"1 Yes",0,100,13,"Trump"
"257","Male",53,"48 Texas","15 100,000 to 149,999",12,"1 Married (spouse lives with me)","1 Yes","0 No","100",NA,100,NA,"1 Yes",0,90,15,"Trump"
"258","Male",60,"48 Texas","8 25,000 to 2,999",14,"1 Married (spouse lives with me)","1 Yes","1 Yes","100",100,NA,NA,"1 Yes",100,0,8,"Harris"
"259","Male",55,"48 Texas","11 40,000 to 49,999",10,"1 Married (spouse lives with me)","1 Yes","1 Yes","0",NA,NA,100,"1 Yes",40,40,11,"Other"
"260","Female",68,"48 Texas","8 25,000 to 2,999",9,"4 Divorced","1 Yes","0 No","100",NA,NA,NA,"1 Yes",20,35,8,NA
"261","Male",42,"32 Nevada","12 50,000 to 59,999",10,"3 Separated","1 Yes","0 No","0",0,0,100,"0 No",NA,NA,12,"Other"
"262","Male",38,"8 Colorado","15 100,000 to 149,999",13,"1 Married (spouse lives with me)","1 Yes","1 Yes","100",0,100,0,"1 Yes",30,68,15,"Trump"
"263","Male",50,"8 Colorado","14 75,000 to 99,999",13,"1 Married (spouse lives with me)","1 Yes","0 No","95",1,99,NA,"1 Yes",35,65,14,"Trump"
"264","Female",54,"8 Colorado","4 10,000 to 12,499",11,"4 Divorced","1 Yes","1 Yes",".a",NA,NA,NA,"1 Yes",NA,NA,4,NA
"265","Female",42,"8 Colorado","15 100,000 to 149,999",10,"1 Married (spouse lives with me)","1 Yes","0 No","100",0,70,30,"1 Yes",50,50,15,"Trump"
"266","Male",38,"8 Colorado","16 150,000 or more",11,"1 Married (spouse lives with me)","1 Yes","1 Yes","100",NA,100,NA,"1 Yes",0,100,16,"Trump"
"267","Female",62,"8 Colorado","14 75,000 to 99,999",13,"1 Married (spouse lives with me)","1 Yes","1 Yes","100",0,100,0,"1 Yes",0,100,14,"Trump"
"268","Female",76,"8 Colorado","11 40,000 to 49,999",13,"4 Divorced","1 Yes","1 Yes","100",0,100,0,"1 Yes",0,100,11,"Trump"
"269","Female",65,"8 Colorado","12 50,000 to 59,999",11,"4 Divorced","1 Yes","1 Yes","100",NA,NA,NA,"1 Yes",10,90,12,NA
"270","Male",74,"8 Colorado","12 50,000 to 59,999",13,"1 Married (spouse lives with me)","1 Yes","0 No","100",NA,NA,NA,"1 Yes",10,90,12,NA
"271","Male",65,"8 Colorado","16 150,000 or more",13,"1 Married (spouse lives with me)","1 Yes","0 No","100",NA,NA,NA,"1 Yes",60,40,16,NA
"272","Female",45,"56 Wyoming","15 100,000 to 149,999",10,"1 Married (spouse lives with me)","1 Yes","1 Yes","0",NA,100,NA,"1 Yes",0,100,15,"Trump"
"273","Male",81,"16 Idaho","8 25,000 to 2,999",11,"1 Married (spouse lives with me)","1 Yes","0 No","100",0,100,0,"1 Yes",25,75,8,"Trump"
"274","Male",46,"16 Idaho","14 75,000 to 99,999",13,"1 Married (spouse lives with me)","1 Yes","1 Yes","10",0,0,100,"1 Yes",30,20,14,"Other"
"275","Male",74,"4 Arizona","15 100,000 to 149,999",15,"1 Married (spouse lives with me)","1 Yes","0 No","100",NA,NA,NA,"1 Yes",25,75,15,NA
"276","Female",53,"4 Arizona","16 150,000 or more",14,"4 Divorced","1 Yes","1 Yes","100",NA,NA,NA,"1 Yes",75,23,16,NA
"277","Female",64,"4 Arizona","11 40,000 to 49,999",14,"4 Divorced","1 Yes","0 No","100",NA,NA,NA,"1 Yes",100,0,11,NA
"278","Male",55,"4 Arizona","16 150,000 or more",12,"1 Married (spouse lives with me)","1 Yes","0 No","60",0,95,5,"1 Yes",25,70,16,"Trump"
"279","Male",69,"4 Arizona","16 150,000 or more",14,"4 Divorced","1 Yes","1 Yes","100",NA,NA,NA,"1 Yes",35,65,16,NA
"280","Female",84,"4 Arizona","8 25,000 to 2,999",13,"4 Divorced","1 Yes","0 No","100",NA,NA,NA,"1 Yes",70,30,8,NA
"281","Male",53,"4 Arizona","15 100,000 to 149,999",13,"1 Married (spouse lives with me)","1 Yes","1 Yes","100",NA,NA,NA,"1 Yes",50,50,15,NA
"282","Male",62,"4 Arizona","15 100,000 to 149,999",16,"1 Married (spouse lives with me)","1 Yes","1 Yes","100",0,100,0,"1 Yes",40,59,15,"Trump"
"283","Male",80,"4 Arizona","12 50,000 to 59,999",9,"4 Divorced","1 Yes","0 No","100",NA,NA,NA,"1 Yes",0,100,12,NA
"284","Female",64,"4 Arizona","12 50,000 to 59,999",13,"6 Never married","1 Yes","1 Yes","100",100,0,0,"1 Yes",80,20,12,"Harris"
"285","Female",48,"4 Arizona","9 30,000 to 34,999",9,"1 Married (spouse lives with me)","1 Yes","1 Yes","100",NA,100,NA,"1 Yes",0,100,9,"Trump"
"286","Female",66,"35 New Mexico","13 60,000 to 74,999",13,"1 Married (spouse lives with me)","1 Yes","1 Yes","100",NA,NA,NA,"1 Yes",45,50,13,NA
"287","Male",49,"32 Nevada","15 100,000 to 149,999",10,"1 Married (spouse lives with me)","1 Yes","1 Yes","100",100,0,0,"1 Yes",90,9,15,"Harris"
"288","Female",48,"32 Nevada","15 100,000 to 149,999",14,"4 Divorced","1 Yes","1 Yes","90",40,60,0,"1 Yes",60,40,15,"Trump"
"289","Male",78,"32 Nevada","14 75,000 to 99,999",10,"1 Married (spouse lives with me)","1 Yes","0 No","99",100,0,0,"1 Yes",67,33,14,"Harris"
"290","Female",64,"6 California","12 50,000 to 59,999",9,"4 Divorced","1 Yes","1 Yes","100",0,100,0,"1 Yes",0,95,12,"Trump"
"291","Male",86,"6 California","13 60,000 to 74,999",14,"1 Married (spouse lives with me)","1 Yes","0 No","100",100,NA,NA,"1 Yes",80,20,13,"Harris"
"292","Male",43,"12 Florida","16 150,000 or more",16,"1 Married (spouse lives with me)","1 Yes","1 Yes","100",100,0,0,"1 Yes",95,5,16,"Harris"
"293","Male",43,"6 California","1 Less than $5,000",13,"6 Never married","1 Yes","0 No","100",50,NA,50,"1 Yes",67,0,1,"Harris"
"294","Female",34,"37 North Carolina","13 60,000 to 74,999",10,"1 Married (spouse lives with me)","1 Yes","1 Yes","100",33,33,34,"0 No",25,50,13,"Other"
"295","Female",84,"6 California","8 25,000 to 2,999",13,"4 Divorced","1 Yes","0 No","100",NA,NA,NA,"1 Yes",55,30,8,NA
"296","Female",64,"6 California","8 25,000 to 2,999",10,"4 Divorced","1 Yes","1 Yes","100",NA,100,NA,"1 Yes",0,75,8,"Trump"
"297","Female",63,"6 California","14 75,000 to 99,999",10,"1 Married (spouse lives with me)","1 Yes","0 No","100",NA,NA,NA,"1 Yes",90,10,14,NA
"298","Male",70,"6 California","16 150,000 or more",13,"1 Married (spouse lives with me)","1 Yes","1 Yes","100",NA,NA,NA,"1 Yes",30,60,16,NA
"299","Female",50,"6 California","16 150,000 or more",13,"1 Married (spouse lives with me)","1 Yes","1 Yes","100",NA,NA,NA,"1 Yes",94,2,16,NA
"300","Male",50,"6 California","11 40,000 to 49,999",13,"1 Married (spouse lives with me)","1 Yes","1 Yes","100",100,0,0,"0 No",100,0,11,"Harris"
"301","Male",71,"6 California","16 150,000 or more",10,"1 Married (spouse lives with me)","1 Yes","0 No","100",NA,100,NA,"1 Yes",30,70,16,"Trump"
"302","Male",61,"6 California","15 100,000 to 149,999",13,"6 Never married","1 Yes","1 Yes","100",NA,NA,NA,"1 Yes",100,0,15,NA
"303","Female",59,"6 California","15 100,000 to 149,999",14,"4 Divorced","1 Yes","1 Yes","100",NA,NA,NA,"0 No",70,20,15,NA
"304","Female",51,"6 California","15 100,000 to 149,999",13,"1 Married (spouse lives with me)","1 Yes","1 Yes","100",40,60,0,"1 Yes",50,50,15,"Trump"
"305","Female",59,"6 California","16 150,000 or more",14,"1 Married (spouse lives with me)","1 Yes","0 No","100",100,NA,NA,"1 Yes",99,1,16,"Harris"
"306","Male",69,"6 California","15 100,000 to 149,999",16,"1 Married (spouse lives with me)","1 Yes","1 Yes","100",NA,NA,NA,"1 Yes",95,5,15,NA
"307","Female",50,"6 California","15 100,000 to 149,999",13,"1 Married (spouse lives with me)","1 Yes","1 Yes","100",100,0,0,"0 No",70,20,15,"Harris"
"308","Female",78,"6 California","11 40,000 to 49,999",13,"1 Married (spouse lives with me)","1 Yes","0 No","100",0,100,0,"0 No",80,20,11,"Trump"
"309","Female",75,"6 California","1 Less than $5,000",10,"6 Never married","1 Yes","0 No","100",50,0,50,"1 Yes",NA,NA,1,"Harris"
"310","Female",77,"41 Oregon","14 75,000 to 99,999",14,"4 Divorced","1 Yes","1 Yes","100",NA,NA,NA,"1 Yes",50,50,14,NA
"311","Female",55,"41 Oregon","16 150,000 or more",14,"1 Married (spouse lives with me)","1 Yes","1 Yes","100",NA,NA,NA,"1 Yes",100,0,16,NA
"312","Male",57,"41 Oregon","13 60,000 to 74,999",16,"1 Married (spouse lives with me)","1 Yes","1 Yes","100",100,0,0,"1 Yes",85,15,13,"Harris"
"313","Female",55,"41 Oregon","15 100,000 to 149,999",9,"1 Married (spouse lives with me)","1 Yes","1 Yes","100",70,0,30,"1 Yes",60,20,15,"Harris"
"314","Female",81,"53 Washington","15 100,000 to 149,999",9,"4 Divorced","1 Yes","0 No","100",100,NA,NA,"1 Yes",99,1,15,"Harris"
"315","Female",42,"53 Washington","15 100,000 to 149,999",15,"1 Married (spouse lives with me)","1 Yes","0 No","100",0,100,0,"1 Yes",60,40,15,"Trump"
"316","Male",82,"41 Oregon","13 60,000 to 74,999",14,"5 Widowed","1 Yes","0 No","100",NA,NA,NA,"1 Yes",0,100,13,NA
"317","Female",67,"53 Washington","13 60,000 to 74,999",13,"4 Divorced","1 Yes","1 Yes","100",NA,100,NA,"1 Yes",10,90,13,"Trump"
"318","Female",43,"53 Washington","12 50,000 to 59,999",11,"2 Married (spouse lives elsewhere)","1 Yes","0 No","95",0,50,50,"1 Yes",10,80,12,"Trump"
"319","Male",50,"41 Oregon","14 75,000 to 99,999",10,"1 Married (spouse lives with me)","1 Yes","0 No","100",NA,100,NA,"1 Yes",0,100,14,"Trump"
"320","Female",85,"53 Washington","11 40,000 to 49,999",9,"5 Widowed","1 Yes","0 No","70",100,NA,NA,"1 Yes",50,50,11,"Harris"
"321","Male",64,"53 Washington","14 75,000 to 99,999",14,"1 Married (spouse lives with me)","1 Yes","0 No","100",100,0,0,"1 Yes",75,25,14,"Harris"
"322","Male",56,"53 Washington","16 150,000 or more",16,"1 Married (spouse lives with me)","1 Yes","1 Yes","100",100,NA,NA,"1 Yes",100,0,16,"Harris"
"323","Female",47,"2 Alaska","16 150,000 or more",13,"1 Married (spouse lives with me)","1 Yes","1 Yes","100",100,0,0,"1 Yes",50,48,16,"Harris"
"324","Male",52,"48 Texas","14 75,000 to 99,999",9,"1 Married (spouse lives with me)","1 Yes","1 Yes","100",NA,NA,NA,"1 Yes",60,40,14,NA
"325","Female",67,"12 Florida","15 100,000 to 149,999",13,"5 Widowed","1 Yes","0 No","100",100,0,0,"1 Yes",80,20,15,"Harris"
"326","Female",49,"12 Florida","1 Less than $5,000",9,"6 Never married","1 Yes","0 No","100",NA,NA,NA,"0 No",100,0,1,NA
"327","Male",94,"12 Florida","13 60,000 to 74,999",9,"5 Widowed","1 Yes","0 No","100",NA,100,NA,"1 Yes",19,80,13,"Trump"
"328","Female",62,"13 Georgia","15 100,000 to 149,999",13,"1 Married (spouse lives with me)","1 Yes","1 Yes","100",NA,NA,NA,"1 Yes",10,90,15,NA
"329","Female",44,"6 California","8 25,000 to 2,999",9,"4 Divorced","1 Yes","0 No","100",0,100,0,"1 Yes",NA,NA,8,"Trump"
"330","Male",83,"13 Georgia","10 35,000 to 39,999",10,"1 Married (spouse lives with me)","1 Yes","0 No","100",NA,NA,NA,"1 Yes",0,100,10,NA
"331","Female",63,"47 Tennessee","14 75,000 to 99,999",13,"1 Married (spouse lives with me)","1 Yes","0 No","100",NA,NA,NA,"1 Yes",80,20,14,NA
"332","Female",78,"25 Massachusetts","13 60,000 to 74,999",9,"1 Married (spouse lives with me)","1 Yes","0 No","100",NA,NA,NA,"0 No",80,20,13,NA
"333","Male",61,"48 Texas","1 Less than $5,000",9,"1 Married (spouse lives with me)","1 Yes","1 Yes","100",100,0,0,"0 No",48,42,1,"Harris"
"334","Female",73,"48 Texas","15 100,000 to 149,999",13,"1 Married (spouse lives with me)","1 Yes","0 No","100",NA,100,NA,"1 Yes",10,90,15,"Trump"
"335","Female",36,"48 Texas","5 12,500 to 14,999",8,"1 Married (spouse lives with me)","1 Yes","1 Yes","50",100,NA,NA,"0 No",100,0,5,"Harris"
"336","Male",55,"34 New Jersey","16 150,000 or more",14,"1 Married (spouse lives with me)","1 Yes","1 Yes","100",NA,NA,NA,"1 Yes",80,19,16,NA
"337","Male",59,"6 California","7 20,000 to 24,999",11,"1 Married (spouse lives with me)","1 Yes","1 Yes","100",NA,NA,NA,"1 Yes",50,50,7,NA
"338","Male",43,"37 North Carolina","15 100,000 to 149,999",12,"1 Married (spouse lives with me)","1 Yes","1 Yes","100",NA,100,NA,"1 Yes",10,90,15,"Trump"
"339","Female",77,"37 North Carolina","8 25,000 to 2,999",9,"1 Married (spouse lives with me)","1 Yes","0 No","100",0,100,0,"1 Yes",0,100,8,"Trump"
"340","Male",51,"8 Colorado","15 100,000 to 149,999",11,"1 Married (spouse lives with me)","1 Yes","1 Yes","99",0,99,1,"1 Yes",5,65,15,"Trump"
"341","Female",70,"13 Georgia","7 20,000 to 24,999",10,"6 Never married","1 Yes","0 No","76",100,0,0,"0 No",70,0,7,"Harris"
"342","Female",49,"45 South Carolina","8 25,000 to 2,999",12,"1 Married (spouse lives with me)","1 Yes","1 Yes","100",NA,100,NA,"1 Yes",NA,NA,8,"Trump"
"343","Male",71,"48 Texas","5 12,500 to 14,999",7,"6 Never married","1 Yes","0 No","90",0,100,0,"1 Yes",0,100,5,"Trump"
"344","Female",49,"51 Virginia","15 100,000 to 149,999",10,"1 Married (spouse lives with me)","1 Yes","0 No","100",NA,NA,NA,"1 Yes",50,50,15,NA
"345","Female",25,"42 Pennsylvania","16 150,000 or more",13,"6 Never married","1 Yes","1 Yes","100",100,0,0,"1 Yes",60,30,16,"Harris"
"346","Female",64,"48 Texas","14 75,000 to 99,999",14,"1 Married (spouse lives with me)","1 Yes","0 No","100",100,NA,NA,"1 Yes",70,30,14,"Harris"
"347","Female",58,"53 Washington","16 150,000 or more",14,"1 Married (spouse lives with me)","1 Yes","1 Yes","100",NA,NA,NA,"1 Yes",90,10,16,NA
"348","Female",64,"8 Colorado","16 150,000 or more",10,"1 Married (spouse lives with me)","1 Yes","0 No","100",0,0,100,"1 Yes",10,90,16,"Other"
"349","Male",85,"42 Pennsylvania","13 60,000 to 74,999",12,"5 Widowed","1 Yes","0 No","100",NA,100,NA,"1 Yes",0,100,13,"Trump"
"350","Male",83,"55 Wisconsin","14 75,000 to 99,999",14,"1 Married (spouse lives with me)","1 Yes","0 No","100",98,1,1,"1 Yes",50,49,14,"Harris"
"351","Female",84,"17 Illinois","13 60,000 to 74,999",14,"1 Married (spouse lives with me)","1 Yes","0 No","98",90,10,0,"1 Yes",50,50,13,"Harris"
"352","Male",40,"12 Florida","4 10,000 to 12,499",6,"6 Never married","1 Yes","0 No","1",100,0,NA,"0 No",99,1,4,"Harris"
"353","Male",79,"23 Maine","14 75,000 to 99,999",14,"1 Married (spouse lives with me)","1 Yes","0 No","100",NA,NA,NA,"1 Yes",65,30,14,NA
"354","Female",68,"36 New York","8 25,000 to 2,999",9,"1 Married (spouse lives with me)","1 Yes","1 Yes","100",0,100,0,"1 Yes",10,90,8,"Trump"
"355","Female",47,"36 New York","16 150,000 or more",13,"1 Married (spouse lives with me)","1 Yes","1 Yes","100",100,0,0,"1 Yes",70,30,16,"Harris"
"356","Female",62,"36 New York","10 35,000 to 39,999",9,"1 Married (spouse lives with me)","1 Yes","0 No","50",100,0,0,"1 Yes",30,70,10,"Harris"
"357","Female",73,"36 New York","14 75,000 to 99,999",10,"1 Married (spouse lives with me)","1 Yes","0 No","100",NA,100,NA,"1 Yes",0,100,14,"Trump"
"358","Female",68,"42 Pennsylvania","13 60,000 to 74,999",13,"4 Divorced","1 Yes","1 Yes","100",100,0,NA,"1 Yes",100,0,13,"Harris"
"359","Female",73,"42 Pennsylvania","4 10,000 to 12,499",14,"4 Divorced","1 Yes","1 Yes","100",NA,NA,NA,"1 Yes",100,0,4,NA
"360","Male",63,"42 Pennsylvania","16 150,000 or more",14,"1 Married (spouse lives with me)","1 Yes","1 Yes","100",NA,NA,NA,"1 Yes",85,15,16,NA
"361","Female",71,"42 Pennsylvania","11 40,000 to 49,999",13,"6 Never married","1 Yes","1 Yes","100",100,NA,NA,"1 Yes",50,50,11,"Harris"
"362","Female",52,"42 Pennsylvania","11 40,000 to 49,999",10,"1 Married (spouse lives with me)","1 Yes","0 No","100",100,0,NA,"1 Yes",65,35,11,"Harris"
"363","Female",40,"42 Pennsylvania","16 150,000 or more",13,"1 Married (spouse lives with me)","1 Yes","1 Yes","95",100,0,0,"1 Yes",75,25,16,"Harris"
"364","Female",47,"42 Pennsylvania","16 150,000 or more",11,"1 Married (spouse lives with me)","1 Yes","1 Yes","100",NA,100,NA,"1 Yes",5,95,16,"Trump"
"365","Female",70,"42 Pennsylvania","10 35,000 to 39,999",9,"1 Married (spouse lives with me)","1 Yes","0 No","100",100,0,0,"1 Yes",50,50,10,"Harris"
"366","Female",47,"42 Pennsylvania","12 50,000 to 59,999",11,"1 Married (spouse lives with me)","1 Yes","1 Yes","100",0,100,0,"1 Yes",0,100,12,"Trump"
"367","Male",61,"42 Pennsylvania","13 60,000 to 74,999",11,"1 Married (spouse lives with me)","1 Yes","0 No","90",75,0,25,"1 Yes",40,60,13,"Harris"
"368","Male",50,"55 Wisconsin","11 40,000 to 49,999",9,"1 Married (spouse lives with me)","1 Yes","1 Yes","100",100,0,0,"1 Yes",90,10,11,"Harris"
"369","Female",71,"37 North Carolina","10 35,000 to 39,999",14,"4 Divorced","1 Yes","0 No","100",NA,NA,NA,"0 No",75,20,10,NA
"370","Male",33,"37 North Carolina","11 40,000 to 49,999",13,"1 Married (spouse lives with me)","1 Yes","1 Yes","50",NA,30,70,"1 Yes",0,75,11,"Other"
"371","Male",45,"37 North Carolina","16 150,000 or more",14,"1 Married (spouse lives with me)","1 Yes","1 Yes","100",100,0,0,"1 Yes",80,20,16,"Harris"
"372","Male",43,"37 North Carolina","15 100,000 to 149,999",13,"6 Never married","1 Yes","1 Yes","100",NA,100,NA,"1 Yes",45,55,15,"Trump"
"373","Female",36,"37 North Carolina","15 100,000 to 149,999",9,"1 Married (spouse lives with me)","1 Yes","1 Yes","10",0,0,100,"1 Yes",50,50,15,"Other"
"374","Female",48,"26 Michigan","16 150,000 or more",13,"1 Married (spouse lives with me)","1 Yes","0 No","100",NA,NA,NA,"1 Yes",80,20,16,NA
"375","Female",83,"12 Florida","11 40,000 to 49,999",10,"1 Married (spouse lives with me)","1 Yes","0 No","100",NA,100,NA,"1 Yes",20,80,11,"Trump"
"376","Female",66,"48 Texas","7 20,000 to 24,999",10,"4 Divorced","1 Yes","0 No","0",0,0,100,"0 No",100,0,7,"Other"
"377","Male",61,"13 Georgia","14 75,000 to 99,999",11,"4 Divorced","1 Yes","1 Yes","100",NA,NA,NA,"1 Yes",4,95,14,NA
"378","Male",82,"4 Arizona","13 60,000 to 74,999",13,"5 Widowed","1 Yes","0 No","100",NA,NA,NA,"1 Yes",50,50,13,NA
"379","Male",61,"29 Missouri","15 100,000 to 149,999",9,"1 Married (spouse lives with me)","1 Yes","1 Yes","100",NA,NA,100,"1 Yes",30,60,15,"Other"
"380","Female",53,"12 Florida","15 100,000 to 149,999",12,"1 Married (spouse lives with me)","1 Yes","1 Yes","100",100,NA,NA,"1 Yes",50,50,15,"Harris"
"381","Female",37,"28 Mississippi","10 35,000 to 39,999",11,"1 Married (spouse lives with me)","1 Yes","1 Yes","100",100,NA,NA,"0 No",100,0,10,"Harris"
"382","Female",53,"39 Ohio","15 100,000 to 149,999",13,"1 Married (spouse lives with me)","1 Yes","1 Yes","100",0,100,0,"1 Yes",19,80,15,"Trump"
"383","Female",56,"39 Ohio","14 75,000 to 99,999",9,"1 Married (spouse lives with me)","1 Yes","1 Yes","100",0,100,0,"1 Yes",2,98,14,"Trump"
"384","Male",79,"55 Wisconsin","14 75,000 to 99,999",12,"1 Married (spouse lives with me)","1 Yes","0 No","100",NA,NA,NA,"1 Yes",70,30,14,NA
"385","Female",63,"55 Wisconsin","8 25,000 to 2,999",12,"4 Divorced","1 Yes","0 No","100",NA,100,NA,"1 Yes",25,75,8,"Trump"
"386","Male",58,"55 Wisconsin","6 15,000 to 19,999",10,"4 Divorced","1 Yes","1 Yes","80",100,0,0,"1 Yes",60,40,6,"Harris"
"387","Female",68,"55 Wisconsin","15 100,000 to 149,999",14,"1 Married (spouse lives with me)","1 Yes","0 No","100",100,NA,NA,"1 Yes",60,40,15,"Harris"
"388","Male",51,"55 Wisconsin","15 100,000 to 149,999",9,"6 Never married","1 Yes","1 Yes","98",0,85,15,"1 Yes",20,70,15,"Trump"
"389","Female",53,"55 Wisconsin","14 75,000 to 99,999",14,"1 Married (spouse lives with me)","1 Yes","1 Yes","95",0,0,100,"1 Yes",40,40,14,"Other"
"390","Male",78,"55 Wisconsin","14 75,000 to 99,999",10,"1 Married (spouse lives with me)","1 Yes","0 No","100",NA,NA,NA,"1 Yes",95,5,14,NA
"391","Male",81,"55 Wisconsin","9 30,000 to 34,999",8,"1 Married (spouse lives with me)","1 Yes","0 No","100",100,0,0,"1 Yes",40,60,9,"Harris"
"392","Female",49,"5 Arkansas","12 50,000 to 59,999",12,"3 Separated","1 Yes","1 Yes","85",45,0,55,"0 No",45,45,12,"Other"
"393","Female",52,"48 Texas","1 Less than $5,000",14,"4 Divorced","1 Yes","1 Yes","100",90,10,0,"0 No",26,73,1,"Harris"
"394","Female",42,"48 Texas","13 60,000 to 74,999",9,"1 Married (spouse lives with me)","1 Yes","1 Yes","100",0,100,0,"1 Yes",0,100,13,"Trump"
"395","Male",53,"8 Colorado","16 150,000 or more",14,"1 Married (spouse lives with me)","1 Yes","1 Yes","100",100,0,0,"1 Yes",80,20,16,"Harris"
"396","Male",37,"8 Colorado","16 150,000 or more",13,"4 Divorced","1 Yes","1 Yes","0",100,0,NA,"1 Yes",75,15,16,"Harris"
"397","Female",60,"8 Colorado","13 60,000 to 74,999",12,"1 Married (spouse lives with me)","1 Yes","1 Yes","100",100,NA,NA,"1 Yes",50,45,13,"Harris"
"398","Female",46,"8 Colorado","14 75,000 to 99,999",10,"1 Married (spouse lives with me)","1 Yes","0 No","90",50,0,50,"0 No",75,25,14,"Harris"
"399","Female",45,"8 Colorado","10 35,000 to 39,999",10,"1 Married (spouse lives with me)","1 Yes","1 Yes","0",50,0,50,"1 Yes",NA,NA,10,"Harris"
"400","Male",58,"8 Colorado","13 60,000 to 74,999",9,"6 Never married","1 Yes","1 Yes","100",100,0,0,"1 Yes",NA,NA,13,"Harris"
"401","Male",41,"4 Arizona","15 100,000 to 149,999",14,"1 Married (spouse lives with me)","1 Yes","1 Yes","100",NA,NA,NA,"1 Yes",15,85,15,NA
"402","Male",75,"4 Arizona","14 75,000 to 99,999",11,"1 Married (spouse lives with me)","1 Yes","0 No","100",NA,NA,NA,"1 Yes",66,33,14,NA
"403","Male",82,"4 Arizona","8 25,000 to 2,999",13,"5 Widowed","1 Yes","0 No","100",NA,NA,NA,"1 Yes",25,75,8,NA
"404","Female",65,"4 Arizona","14 75,000 to 99,999",11,"4 Divorced","1 Yes","1 Yes","100",NA,NA,NA,"1 Yes",75,25,14,NA
"405","Female",45,"6 California","13 60,000 to 74,999",11,"1 Married (spouse lives with me)","1 Yes","1 Yes","100",100,0,0,"1 Yes",85,5,13,"Harris"
"406","Female",47,"24 Maryland","15 100,000 to 149,999",9,"1 Married (spouse lives with me)","1 Yes","1 Yes","0",0,0,100,"0 No",NA,NA,15,"Other"
"407","Female",29,"27 Minnesota","16 150,000 or more",13,"6 Never married","1 Yes","1 Yes","100",100,NA,NA,"1 Yes",95,5,16,"Harris"
"408","Female",27,"55 Wisconsin","15 100,000 to 149,999",9,"6 Never married","1 Yes","1 Yes","20",0,100,0,"1 Yes",39,60,15,"Trump"
"409","Female",76,"55 Wisconsin","14 75,000 to 99,999",13,"1 Married (spouse lives with me)","1 Yes","0 No","100",NA,NA,100,"1 Yes",25,75,14,"Other"
"410","Female",64,"42 Pennsylvania","16 150,000 or more",14,"1 Married (spouse lives with me)","1 Yes","0 No","100",NA,NA,NA,"1 Yes",85,15,16,NA
"411","Female",27,"42 Pennsylvania","15 100,000 to 149,999",13,"6 Never married","1 Yes","1 Yes","100",0,100,0,"1 Yes",20,80,15,"Trump"
"412","Male",57,"42 Pennsylvania","11 40,000 to 49,999",13,"1 Married (spouse lives with me)","1 Yes","1 Yes","100",100,0,NA,"1 Yes",60,35,11,"Harris"
"413","Female",47,"39 Ohio","15 100,000 to 149,999",11,"1 Married (spouse lives with me)","1 Yes","1 Yes","100",0,90,10,"1 Yes",50,50,15,"Trump"
"414","Female",55,"22 Louisiana","9 30,000 to 34,999",10,"4 Divorced","1 Yes","0 No","100",100,0,0,"0 No",96,4,9,"Harris"
"415","Male",65,"13 Georgia","10 35,000 to 39,999",13,"1 Married (spouse lives with me)","1 Yes","1 Yes","100",NA,100,NA,"1 Yes",25,75,10,"Trump"
"416","Female",59,"13 Georgia","7 20,000 to 24,999",11,"4 Divorced","1 Yes","0 No","100",100,0,0,"1 Yes",80,20,7,"Harris"
"417","Male",47,"26 Michigan","16 150,000 or more",14,"1 Married (spouse lives with me)","1 Yes","1 Yes","100",NA,NA,NA,"1 Yes",80,18,16,NA
"418","Female",27,"39 Ohio","15 100,000 to 149,999",15,"6 Never married","1 Yes","1 Yes","99",0,100,0,"1 Yes",40,60,15,"Trump"
"419","Female",77,"4 Arizona","14 75,000 to 99,999",10,"1 Married (spouse lives with me)","1 Yes","0 No","100",NA,NA,NA,"1 Yes",100,0,14,NA
"420","Male",67,"36 New York","11 40,000 to 49,999",7,"1 Married (spouse lives with me)","1 Yes","0 No","100",100,0,0,"1 Yes",40,60,11,"Harris"
"421","Male",83,"23 Maine","14 75,000 to 99,999",11,"1 Married (spouse lives with me)","1 Yes","0 No","100",100,0,0,"1 Yes",80,20,14,"Harris"
"422","Female",48,"25 Massachusetts","16 150,000 or more",13,"1 Married (spouse lives with me)","1 Yes","0 No","100",NA,NA,NA,"1 Yes",80,18,16,NA
"423","Male",84,"23 Maine","15 100,000 to 149,999",10,"4 Divorced","1 Yes","1 Yes","100",NA,100,NA,"1 Yes",47,46,15,"Trump"
"424","Female",61,"23 Maine","14 75,000 to 99,999",14,"4 Divorced","1 Yes","1 Yes","100",NA,NA,NA,"1 Yes",90,10,14,NA
"425","Female",46,"34 New Jersey","16 150,000 or more",14,"1 Married (spouse lives with me)","1 Yes","1 Yes","100",100,NA,NA,"0 No",99,0,16,"Harris"
"426","Male",69,"34 New Jersey","9 30,000 to 34,999",11,"6 Never married","1 Yes","1 Yes","0",NA,100,NA,"1 Yes",0,100,9,"Trump"
"427","Male",65,"45 South Carolina","15 100,000 to 149,999",9,"1 Married (spouse lives with me)","1 Yes","0 No","100",0,100,NA,"1 Yes",0,100,15,"Trump"
"428","Male",81,"36 New York","11 40,000 to 49,999",9,"1 Married (spouse lives with me)","1 Yes","0 No","100",100,NA,NA,"1 Yes",80,20,11,"Harris"
"429","Male",52,"42 Pennsylvania","15 100,000 to 149,999",14,"6 Never married","1 Yes","1 Yes","100",NA,NA,100,"1 Yes",80,20,15,"Other"
"430","Male",43,"42 Pennsylvania","16 150,000 or more",14,"1 Married (spouse lives with me)","1 Yes","1 Yes","100",NA,NA,NA,"1 Yes",90,10,16,NA
"431","Male",40,"42 Pennsylvania","15 100,000 to 149,999",16,"1 Married (spouse lives with me)","1 Yes","1 Yes","100",100,0,0,"1 Yes",70,28,15,"Harris"
"432","Female",40,"42 Pennsylvania","15 100,000 to 149,999",11,"1 Married (spouse lives with me)","1 Yes","1 Yes","100",0,100,0,"1 Yes",9,90,15,"Trump"
"433","Male",57,"42 Pennsylvania","12 50,000 to 59,999",9,"1 Married (spouse lives with me)","1 Yes","0 No","100",0,100,0,"1 Yes",5,95,12,"Trump"
"434","Female",61,"42 Pennsylvania","13 60,000 to 74,999",9,"4 Divorced","1 Yes","1 Yes","98",0,100,0,"1 Yes",39,60,13,"Trump"
"435","Female",58,"42 Pennsylvania","12 50,000 to 59,999",10,"3 Separated","1 Yes","1 Yes","100",NA,100,NA,"1 Yes",2,98,12,"Trump"
"436","Female",75,"42 Pennsylvania","12 50,000 to 59,999",14,"5 Widowed","1 Yes","0 No","100",100,0,0,"1 Yes",25,75,12,"Harris"
"437","Male",36,"42 Pennsylvania","15 100,000 to 149,999",10,"6 Never married","1 Yes","1 Yes","100",NA,NA,NA,"1 Yes",0,100,15,NA
"438","Female",70,"42 Pennsylvania","10 35,000 to 39,999",9,"1 Married (spouse lives with me)","1 Yes","0 No","100",NA,NA,NA,"1 Yes",50,50,10,NA
"439","Female",58,"42 Pennsylvania","11 40,000 to 49,999",10,"1 Married (spouse lives with me)","1 Yes","0 No","100",0,100,0,"1 Yes",10,80,11,"Trump"
"440","Male",79,"42 Pennsylvania","12 50,000 to 59,999",13,"1 Married (spouse lives with me)","1 Yes","0 No","98",96,0,4,"1 Yes",40,60,12,"Harris"
"441","Female",72,"42 Pennsylvania","7 20,000 to 24,999",9,"4 Divorced","1 Yes","0 No","100",NA,NA,NA,"1 Yes",NA,NA,7,NA
"442","Male",44,"42 Pennsylvania","6 15,000 to 19,999",9,"6 Never married","1 Yes","0 No","0",0,100,0,"1 Yes",0,100,6,"Trump"
"443","Female",80,"42 Pennsylvania","10 35,000 to 39,999",10,"1 Married (spouse lives with me)","1 Yes","1 Yes","100",NA,100,NA,"1 Yes",5,95,10,"Trump"
"444","Male",65,"42 Pennsylvania","13 60,000 to 74,999",10,"1 Married (spouse lives with me)","1 Yes","0 No","100",NA,NA,NA,"1 Yes",10,90,13,NA
"445","Male",78,"42 Pennsylvania","10 35,000 to 39,999",12,"1 Married (spouse lives with me)","1 Yes","0 No","100",0,100,NA,"1 Yes",20,80,10,"Trump"
"446","Female",75,"42 Pennsylvania","3 7,500 to 9,999",11,"4 Divorced","1 Yes","0 No","100",NA,NA,NA,"1 Yes",65,25,3,NA
"447","Female",58,"42 Pennsylvania","12 50,000 to 59,999",9,"4 Divorced","1 Yes","0 No","100",NA,NA,NA,"1 Yes",90,10,12,NA
"448","Female",63,"42 Pennsylvania","14 75,000 to 99,999",14,"4 Divorced","1 Yes","1 Yes","100",100,NA,NA,"1 Yes",65,35,14,"Harris"
"449","Female",74,"42 Pennsylvania","11 40,000 to 49,999",10,"1 Married (spouse lives with me)","1 Yes","1 Yes","100",NA,NA,NA,"1 Yes",50,50,11,NA
"450","Male",43,"42 Pennsylvania","14 75,000 to 99,999",10,"1 Married (spouse lives with me)","1 Yes","1 Yes","100",NA,NA,NA,"1 Yes",51,49,14,NA
"451","Male",80,"42 Pennsylvania","14 75,000 to 99,999",10,"1 Married (spouse lives with me)","1 Yes","1 Yes","100",0,100,0,"1 Yes",4,96,14,"Trump"
"452","Male",72,"42 Pennsylvania","6 15,000 to 19,999",9,"5 Widowed","1 Yes","0 No","0",100,0,0,"1 Yes",NA,NA,6,"Harris"
"453","Female",32,"42 Pennsylvania","14 75,000 to 99,999",10,"6 Never married","1 Yes","0 No","0",NA,NA,100,"1 Yes",50,50,14,"Other"
"454","Male",73,"42 Pennsylvania","12 50,000 to 59,999",9,"1 Married (spouse lives with me)","1 Yes","0 No","60",60,0,40,"1 Yes",52,46,12,"Harris"
"455","Female",32,"42 Pennsylvania","11 40,000 to 49,999",11,"1 Married (spouse lives with me)","1 Yes","1 Yes","70",0,0,100,"1 Yes",0,0,11,"Other"
"456","Male",70,"42 Pennsylvania","10 35,000 to 39,999",5,"1 Married (spouse lives with me)","1 Yes","0 No","50",100,NA,NA,"1 Yes",90,10,10,"Harris"
"457","Female",50,"42 Pennsylvania","16 150,000 or more",11,"1 Married (spouse lives with me)","1 Yes","1 Yes","100",NA,100,NA,"1 Yes",40,60,16,"Trump"
"458","Female",87,"51 Virginia","11 40,000 to 49,999",9,"5 Widowed","1 Yes","0 No","100",NA,NA,NA,"1 Yes",5,95,11,NA
"459","Female",42,"51 Virginia","13 60,000 to 74,999",13,"1 Married (spouse lives with me)","1 Yes","0 No","100",100,0,0,"1 Yes",50,50,13,"Harris"
"460","Female",73,"54 West Virginia","12 50,000 to 59,999",9,"1 Married (spouse lives with me)","1 Yes","0 No","100",50,50,NA,"1 Yes",20,75,12,"Trump"
"461","Female",62,"37 North Carolina","11 40,000 to 49,999",10,"4 Divorced","1 Yes","1 Yes","100",0,100,0,"1 Yes",30,60,11,"Trump"
"462","Female",37,"37 North Carolina","14 75,000 to 99,999",11,"3 Separated","1 Yes","1 Yes","50",NA,100,NA,"1 Yes",NA,NA,14,"Trump"
"463","Male",62,"45 South Carolina","15 100,000 to 149,999",13,"4 Divorced","1 Yes","1 Yes","100",100,NA,NA,"1 Yes",80,20,15,"Harris"
"464","Female",58,"13 Georgia","11 40,000 to 49,999",12,"1 Married (spouse lives with me)","1 Yes","1 Yes","100",NA,100,NA,"1 Yes",5,95,11,"Trump"
"465","Male",52,"13 Georgia","11 40,000 to 49,999",10,"1 Married (spouse lives with me)","1 Yes","1 Yes","100",100,0,0,"1 Yes",25,75,11,"Harris"
"466","Male",85,"13 Georgia","7 20,000 to 24,999",10,"5 Widowed","1 Yes","0 No","100",NA,NA,NA,"1 Yes",0,100,7,NA
"467","Female",38,"13 Georgia","13 60,000 to 74,999",13,"1 Married (spouse lives with me)","1 Yes","1 Yes","99",20,79,1,"1 Yes",45,54,13,"Trump"
"468","Female",70,"13 Georgia","16 150,000 or more",16,"1 Married (spouse lives with me)","1 Yes","0 No","100",NA,NA,NA,"1 Yes",5,95,16,NA
"469","Female",77,"13 Georgia","13 60,000 to 74,999",12,"1 Married (spouse lives with me)","1 Yes","0 No","100",0,0,100,"1 Yes",30,70,13,"Other"
"470","Female",56,"12 Florida","15 100,000 to 149,999",13,"1 Married (spouse lives with me)","1 Yes","1 Yes","100",25,75,0,"1 Yes",50,50,15,"Trump"
"471","Male",84,"12 Florida","6 15,000 to 19,999",13,"4 Divorced","1 Yes","0 No","0",100,0,0,"1 Yes",75,25,6,"Harris"
"472","Female",76,"12 Florida","5 12,500 to 14,999",10,"6 Never married","1 Yes","1 Yes","100",100,0,0,"0 No",100,0,5,"Harris"
"473","Female",45,"26 Michigan","15 100,000 to 149,999",14,"1 Married (spouse lives with me)","1 Yes","1 Yes","100",NA,NA,NA,"1 Yes",60,38,15,NA
"474","Female",55,"47 Tennessee","10 35,000 to 39,999",9,"1 Married (spouse lives with me)","1 Yes","1 Yes","100",NA,100,NA,"1 Yes",0,100,10,"Trump"
"475","Male",42,"39 Ohio","16 150,000 or more",14,"1 Married (spouse lives with me)","1 Yes","1 Yes","100",NA,100,NA,"1 Yes",20,80,16,"Trump"
"476","Male",65,"39 Ohio","16 150,000 or more",13,"1 Married (spouse lives with me)","1 Yes","1 Yes","100",100,0,0,"1 Yes",60,40,16,"Harris"
"477","Female",77,"39 Ohio","15 100,000 to 149,999",13,"1 Married (spouse lives with me)","1 Yes","0 No","100",NA,100,NA,"1 Yes",60,40,15,"Trump"
"478","Female",68,"39 Ohio","12 50,000 to 59,999",12,"4 Divorced","1 Yes","0 No","100",NA,NA,NA,"1 Yes",55,35,12,NA
"479","Female",50,"39 Ohio","15 100,000 to 149,999",13,"6 Never married","1 Yes","1 Yes","100",NA,100,NA,"1 Yes",10,90,15,"Trump"
"480","Female",45,"39 Ohio","1 Less than $5,000",12,"4 Divorced","1 Yes","1 Yes","50",10,60,30,"1 Yes",NA,NA,1,"Trump"
"481","Female",63,"39 Ohio","10 35,000 to 39,999",9,"1 Married (spouse lives with me)","1 Yes","1 Yes","100",NA,NA,NA,"1 Yes",10,90,10,NA
"482","Male",71,"39 Ohio","14 75,000 to 99,999",13,"1 Married (spouse lives with me)","1 Yes","0 No","100",NA,NA,NA,"1 Yes",50,50,14,NA
"483","Female",86,"39 Ohio","11 40,000 to 49,999",14,"5 Widowed","1 Yes","0 No","100",NA,100,NA,"1 Yes",50,50,11,"Trump"
"484","Female",50,"39 Ohio","14 75,000 to 99,999",11,"1 Married (spouse lives with me)","1 Yes","1 Yes","90",NA,100,NA,"1 Yes",25,75,14,"Trump"
"485","Male",45,"18 Indiana","15 100,000 to 149,999",9,"1 Married (spouse lives with me)","1 Yes","1 Yes","100",NA,100,NA,"1 Yes",10,90,15,"Trump"
"486","Female",71,"18 Indiana","14 75,000 to 99,999",11,"1 Married (spouse lives with me)","1 Yes","0 No","100",0,100,0,"1 Yes",10,90,14,"Trump"
"487","Female",49,"18 Indiana","11 40,000 to 49,999",11,"6 Never married","1 Yes","1 Yes","100",NA,NA,NA,"1 Yes",0,100,11,NA
"488","Female",44,"21 Kentucky","13 60,000 to 74,999",13,"1 Married (spouse lives with me)","1 Yes","1 Yes","100",100,NA,NA,"1 Yes",100,0,13,"Harris"
"489","Female",61,"18 Indiana","6 15,000 to 19,999",10,"5 Widowed","1 Yes","0 No","100",NA,100,NA,"1 Yes",5,95,6,"Trump"
"490","Female",41,"18 Indiana","15 100,000 to 149,999",13,"1 Married (spouse lives with me)","1 Yes","1 Yes","100",NA,100,NA,"1 Yes",0,100,15,"Trump"
"491","Female",48,"13 Georgia","13 60,000 to 74,999",10,"1 Married (spouse lives with me)","1 Yes","0 No","100",0,100,0,"1 Yes",0,100,13,"Trump"
"492","Female",48,"26 Michigan","15 100,000 to 149,999",13,"1 Married (spouse lives with me)","1 Yes","1 Yes","100",100,0,0,"1 Yes",50,50,15,"Harris"
"493","Male",46,"26 Michigan","15 100,000 to 149,999",13,"1 Married (spouse lives with me)","1 Yes","1 Yes","100",NA,NA,NA,"1 Yes",10,90,15,NA
"494","Male",42,"26 Michigan","14 75,000 to 99,999",12,"1 Married (spouse lives with me)","1 Yes","1 Yes","99",100,0,0,"1 Yes",85,15,14,"Harris"
"495","Female",57,"26 Michigan","14 75,000 to 99,999",12,"4 Divorced","1 Yes","1 Yes","100",100,NA,NA,"1 Yes",70,30,14,"Harris"
"496","Male",38,"26 Michigan","15 100,000 to 149,999",13,"6 Never married","1 Yes","1 Yes","100",0,99,1,"1 Yes",15,85,15,"Trump"
"497","Female",40,"26 Michigan","4 10,000 to 12,499",13,"6 Never married","1 Yes","0 No","100",NA,NA,NA,"1 Yes",50,50,4,NA
"498","Female",61,"26 Michigan","11 40,000 to 49,999",12,"4 Divorced","1 Yes","0 No","100",NA,NA,NA,"1 Yes",50,50,11,NA
"499","Male",31,"26 Michigan","12 50,000 to 59,999",9,"6 Never married","1 Yes","1 Yes","90",NA,100,NA,"1 Yes",25,75,12,"Trump"
"500","Female",59,"26 Michigan","1 Less than $5,000",9,"4 Divorced","1 Yes","0 No","0",0,0,100,"1 Yes",50,0,1,"Other"
"501","Female",83,"26 Michigan","13 60,000 to 74,999",13,"1 Married (spouse lives with me)","1 Yes","0 No","100",NA,NA,NA,"1 Yes",0,98,13,NA
"502","Male",56,"26 Michigan","5 12,500 to 14,999",9,"1 Married (spouse lives with me)","1 Yes","0 No","100",NA,100,NA,"1 Yes",25,75,5,"Trump"
"503","Female",72,"19 Iowa","6 15,000 to 19,999",9,"1 Married (spouse lives with me)","1 Yes","1 Yes","100",NA,100,NA,"1 Yes",10,90,6,"Trump"
"504","Female",42,"28 Mississippi","12 50,000 to 59,999",9,"6 Never married","1 Yes","1 Yes","100",NA,100,NA,"1 Yes",0,100,12,"Trump"
"505","Male",40,"55 Wisconsin","13 60,000 to 74,999",14,"1 Married (spouse lives with me)","1 Yes","1 Yes","100",NA,NA,NA,"1 Yes",50,50,13,NA
"506","Female",57,"55 Wisconsin","14 75,000 to 99,999",11,"1 Married (spouse lives with me)","1 Yes","1 Yes","100",0,100,0,"1 Yes",0,100,14,"Trump"
"507","Male",58,"55 Wisconsin","13 60,000 to 74,999",11,"1 Married (spouse lives with me)","1 Yes","1 Yes","50",0,25,75,"1 Yes",2,90,13,"Other"
"508","Female",76,"55 Wisconsin","15 100,000 to 149,999",13,"1 Married (spouse lives with me)","1 Yes","0 No","100",100,0,0,"1 Yes",90,10,15,"Harris"
"509","Female",56,"55 Wisconsin","14 75,000 to 99,999",11,"1 Married (spouse lives with me)","1 Yes","0 No","100",100,0,0,"1 Yes",67,33,14,"Harris"
"510","Male",46,"55 Wisconsin","16 150,000 or more",10,"1 Married (spouse lives with me)","1 Yes","1 Yes","100",NA,100,NA,"1 Yes",1,90,16,"Trump"
"511","Female",57,"55 Wisconsin","14 75,000 to 99,999",9,"1 Married (spouse lives with me)","1 Yes","1 Yes","100",100,NA,NA,"1 Yes",50,50,14,"Harris"
"512","Female",47,"55 Wisconsin","13 60,000 to 74,999",9,"1 Married (spouse lives with me)","1 Yes","1 Yes","100",0,100,0,"1 Yes",0,100,13,"Trump"
"513","Male",64,"27 Minnesota","13 60,000 to 74,999",13,"1 Married (spouse lives with me)","1 Yes","0 No","100",100,NA,NA,"1 Yes",90,10,13,"Harris"
"514","Male",51,"27 Minnesota","16 150,000 or more",14,"1 Married (spouse lives with me)","1 Yes","1 Yes","90",0,0,100,"1 Yes",10,0,16,"Other"
"515","Male",76,"27 Minnesota","14 75,000 to 99,999",9,"1 Married (spouse lives with me)","1 Yes","0 No","50",50,50,NA,"1 Yes",50,50,14,"Trump"
"516","Female",68,"31 Nebraska","15 100,000 to 149,999",13,"1 Married (spouse lives with me)","1 Yes","1 Yes","100",0,100,0,"0 No",10,80,15,"Trump"
"517","Male",75,"17 Illinois","14 75,000 to 99,999",13,"1 Married (spouse lives with me)","1 Yes","0 No","97",2,98,NA,"1 Yes",55,40,14,"Trump"
"518","Female",47,"17 Illinois","15 100,000 to 149,999",14,"1 Married (spouse lives with me)","1 Yes","1 Yes","100",100,0,0,"1 Yes",50,50,15,"Harris"
"519","Male",74,"17 Illinois","8 25,000 to 2,999",10,"1 Married (spouse lives with me)","1 Yes","0 No","100",NA,100,NA,"1 Yes",20,25,8,"Trump"
"520","Female",74,"17 Illinois","13 60,000 to 74,999",10,"1 Married (spouse lives with me)","1 Yes","0 No","100",NA,NA,NA,"1 Yes",0,100,13,NA
"521","Male",77,"17 Illinois","14 75,000 to 99,999",10,"1 Married (spouse lives with me)","1 Yes","0 No","100",NA,NA,NA,"1 Yes",50,50,14,NA
"522","Female",63,"17 Illinois","16 150,000 or more",10,"6 Never married","1 Yes","0 No","100",NA,100,NA,"1 Yes",30,70,16,"Trump"
"523","Female",65,"20 Kansas","12 50,000 to 59,999",12,"1 Married (spouse lives with me)","1 Yes","0 No","100",0,100,0,"0 No",20,80,12,"Trump"
"524","Female",62,"20 Kansas","7 20,000 to 24,999",9,"5 Widowed","1 Yes","0 No","100",0,100,0,"1 Yes",40,55,7,"Trump"
"525","Female",77,"48 Texas","16 150,000 or more",10,"5 Widowed","1 Yes","0 No","100",100,NA,NA,"1 Yes",0,100,16,"Harris"
"526","Male",55,"48 Texas","13 60,000 to 74,999",9,"1 Married (spouse lives with me)","1 Yes","1 Yes","100",NA,NA,NA,"1 Yes",70,30,13,NA
"527","Male",36,"48 Texas","15 100,000 to 149,999",14,"1 Married (spouse lives with me)","1 Yes","1 Yes","100",0,100,0,"1 Yes",40,60,15,"Trump"
"528","Female",58,"48 Texas","13 60,000 to 74,999",10,"4 Divorced","1 Yes","1 Yes","100",0,100,0,"1 Yes",20,70,13,"Trump"
"529","Male",57,"48 Texas","15 100,000 to 149,999",13,"1 Married (spouse lives with me)","1 Yes","1 Yes","0",100,0,0,"1 Yes",50,20,15,"Harris"
"530","Male",35,"48 Texas","13 60,000 to 74,999",11,"1 Married (spouse lives with me)","1 Yes","1 Yes","95",0,100,0,"1 Yes",50,50,13,"Trump"
"531","Female",54,"48 Texas","14 75,000 to 99,999",14,"4 Divorced","1 Yes","1 Yes","100",0,100,0,"1 Yes",20,80,14,"Trump"
"532","Female",59,"48 Texas","12 50,000 to 59,999",9,"1 Married (spouse lives with me)","1 Yes","1 Yes","100",100,0,NA,"0 No",75,25,12,"Harris"
"533","Male",44,"4 Arizona","13 60,000 to 74,999",10,"1 Married (spouse lives with me)","1 Yes","1 Yes","100",0,100,0,"1 Yes",30,70,13,"Trump"
"534","Male",86,"4 Arizona","12 50,000 to 59,999",13,"1 Married (spouse lives with me)","1 Yes","0 No","100",NA,NA,NA,"1 Yes",40,60,12,NA
"535","Female",64,"35 New Mexico","13 60,000 to 74,999",11,"4 Divorced","1 Yes","1 Yes","100",NA,NA,NA,"1 Yes",100,0,13,NA
"536","Female",65,"53 Washington","14 75,000 to 99,999",13,"1 Married (spouse lives with me)","1 Yes","1 Yes","100",NA,NA,NA,"1 Yes",30,60,14,NA
"537","Male",66,"8 Colorado","13 60,000 to 74,999",13,"1 Married (spouse lives with me)","1 Yes","1 Yes","99",90,0,10,"1 Yes",60,40,13,"Harris"
"538","Male",31,"4 Arizona","15 100,000 to 149,999",14,"4 Divorced","1 Yes","1 Yes","99",0,0,100,"1 Yes",50,5,15,"Other"
"539","Female",64,"23 Maine","9 30,000 to 34,999",10,"6 Never married","1 Yes","0 No","100",NA,NA,NA,"1 Yes",70,30,9,NA
"540","Male",63,"23 Maine","16 150,000 or more",11,"1 Married (spouse lives with me)","1 Yes","1 Yes","99",100,0,0,"1 Yes",52,48,16,"Harris"
"541","Female",52,"37 North Carolina","15 100,000 to 149,999",10,"1 Married (spouse lives with me)","1 Yes","1 Yes","100",NA,NA,NA,"1 Yes",90,10,15,NA
"542","Female",64,"36 New York","16 150,000 or more",13,"4 Divorced","1 Yes","1 Yes","100",100,NA,NA,"1 Yes",95,5,16,"Harris"
"543","Female",69,"36 New York","8 25,000 to 2,999",8,"5 Widowed","1 Yes","0 No","50",0,100,0,"1 Yes",30,50,8,"Trump"
"544","Male",66,"42 Pennsylvania","9 30,000 to 34,999",11,"1 Married (spouse lives with me)","1 Yes","0 No","10",0,100,0,"1 Yes",30,70,9,"Trump"
"545","Female",57,"42 Pennsylvania","14 75,000 to 99,999",10,"1 Married (spouse lives with me)","1 Yes","1 Yes","100",0,100,NA,"1 Yes",50,50,14,"Trump"
"546","Female",77,"54 West Virginia","11 40,000 to 49,999",13,"5 Widowed","1 Yes","0 No","50",0,100,0,"1 Yes",20,80,11,"Trump"
"547","Female",40,"54 West Virginia","14 75,000 to 99,999",9,"1 Married (spouse lives with me)","1 Yes","1 Yes","100",0,100,NA,"1 Yes",10,90,14,"Trump"
"548","Female",49,"37 North Carolina","13 60,000 to 74,999",12,"4 Divorced","1 Yes","1 Yes","100",0,100,0,"1 Yes",0,100,13,"Trump"
"549","Female",58,"13 Georgia","11 40,000 to 49,999",9,"4 Divorced","1 Yes","1 Yes","50",0,100,0,"1 Yes",0,100,11,"Trump"
"550","Male",43,"12 Florida","15 100,000 to 149,999",9,"1 Married (spouse lives with me)","1 Yes","1 Yes","50",33,33,34,"1 Yes",33,33,15,"Other"
"551","Female",45,"12 Florida","7 20,000 to 24,999",10,"6 Never married","1 Yes","1 Yes","100",90,10,NA,"0 No",50,50,7,"Harris"
"552","Male",69,"12 Florida","13 60,000 to 74,999",9,"1 Married (spouse lives with me)","1 Yes","0 No","100",100,0,0,"0 No",45,10,13,"Harris"
"553","Male",82,"26 Michigan","8 25,000 to 2,999",12,"1 Married (spouse lives with me)","1 Yes","0 No","100",100,NA,NA,"1 Yes",50,50,8,"Harris"
"554","Female",72,"12 Florida","8 25,000 to 2,999",9,"4 Divorced","1 Yes","0 No","100",0,100,0,"1 Yes",5,90,8,"Trump"
"555","Female",45,"21 Kentucky","13 60,000 to 74,999",14,"1 Married (spouse lives with me)","1 Yes","1 Yes","100",NA,100,NA,"1 Yes",10,90,13,"Trump"
"556","Female",45,"21 Kentucky","1 Less than $5,000",4,"4 Divorced","1 Yes","0 No","100",0,100,0,"1 Yes",0,100,1,"Trump"
"557","Male",62,"21 Kentucky","4 10,000 to 12,499",11,"1 Married (spouse lives with me)","1 Yes","1 Yes","100",100,0,0,"1 Yes",30,70,4,"Harris"
"558","Female",61,"21 Kentucky","16 150,000 or more",16,"1 Married (spouse lives with me)","1 Yes","1 Yes","100",0,100,0,"1 Yes",10,90,16,"Trump"
"559","Female",28,"39 Ohio","1 Less than $5,000",10,"6 Never married","1 Yes","0 No","0",30,30,40,"1 Yes",30,40,1,"Other"
"560","Male",66,"39 Ohio","11 40,000 to 49,999",10,"1 Married (spouse lives with me)","1 Yes","0 No","99",NA,100,NA,"1 Yes",0,100,11,"Trump"
"561","Female",47,"18 Indiana","8 25,000 to 2,999",7,"3 Separated","1 Yes","1 Yes","0",0,0,100,"1 Yes",40,40,8,"Other"
"562","Male",73,"18 Indiana","13 60,000 to 74,999",10,"1 Married (spouse lives with me)","1 Yes","0 No","100",NA,100,NA,"1 Yes",15,85,13,"Trump"
"563","Male",73,"18 Indiana","8 25,000 to 2,999",10,"1 Married (spouse lives with me)","1 Yes","0 No","100",0,100,0,"1 Yes",20,80,8,"Trump"
"564","Female",66,"18 Indiana","13 60,000 to 74,999",9,"1 Married (spouse lives with me)","1 Yes","0 No","100",NA,NA,NA,"1 Yes",40,60,13,NA
"565","Female",75,"18 Indiana","14 75,000 to 99,999",11,"1 Married (spouse lives with me)","1 Yes","0 No","100",100,NA,NA,"1 Yes",85,15,14,"Harris"
"566","Female",74,"26 Michigan","12 50,000 to 59,999",12,"1 Married (spouse lives with me)","1 Yes","0 No","100",NA,100,NA,"1 Yes",1,99,12,"Trump"
"567","Male",80,"26 Michigan","13 60,000 to 74,999",13,"1 Married (spouse lives with me)","1 Yes","0 No","100",NA,NA,NA,"1 Yes",60,40,13,NA
"568","Male",48,"26 Michigan","11 40,000 to 49,999",9,"1 Married (spouse lives with me)","1 Yes","1 Yes","30",0,100,NA,"1 Yes",20,80,11,"Trump"
"569","Female",31,"26 Michigan","1 Less than $5,000",9,"6 Never married","1 Yes","0 No","0",0,100,NA,"1 Yes",NA,NA,1,"Trump"
"570","Female",42,"26 Michigan","15 100,000 to 149,999",12,"1 Married (spouse lives with me)","1 Yes","1 Yes","100",0,100,NA,"1 Yes",4,96,15,"Trump"
"571","Male",51,"26 Michigan","2 5,000 to 7,499",9,"1 Married (spouse lives with me)","1 Yes","1 Yes","90",NA,100,NA,"1 Yes",0,75,2,"Trump"
"572","Male",39,"26 Michigan","15 100,000 to 149,999",10,"6 Never married","1 Yes","1 Yes","100",0,100,0,"1 Yes",35,60,15,"Trump"
"573","Male",61,"26 Michigan","7 20,000 to 24,999",12,"1 Married (spouse lives with me)","1 Yes","0 No","100",NA,NA,NA,"1 Yes",50,50,7,NA
"574","Male",41,"26 Michigan","15 100,000 to 149,999",9,"1 Married (spouse lives with me)","1 Yes","1 Yes","100",0,100,0,"1 Yes",0,100,15,"Trump"
"575","Female",37,"26 Michigan","15 100,000 to 149,999",13,"1 Married (spouse lives with me)","1 Yes","1 Yes","100",NA,NA,NA,"1 Yes",35,65,15,NA
"576","Female",46,"26 Michigan","14 75,000 to 99,999",13,"1 Married (spouse lives with me)","1 Yes","1 Yes","100",5,95,0,"1 Yes",10,90,14,"Trump"
"577","Male",50,"26 Michigan","16 150,000 or more",14,"1 Married (spouse lives with me)","1 Yes","1 Yes","99",100,0,0,"1 Yes",20,80,16,"Harris"
"578","Female",47,"26 Michigan","12 50,000 to 59,999",14,"4 Divorced","1 Yes","1 Yes","100",0,100,0,"1 Yes",70,30,12,"Trump"
"579","Female",50,"26 Michigan","15 100,000 to 149,999",13,"4 Divorced","1 Yes","1 Yes","100",NA,NA,NA,"1 Yes",10,90,15,NA
"580","Female",65,"26 Michigan","5 12,500 to 14,999",13,"4 Divorced","1 Yes","0 No","100",100,0,0,"1 Yes",35,60,5,"Harris"
"581","Male",56,"26 Michigan","11 40,000 to 49,999",14,"4 Divorced","1 Yes","0 No","100",NA,100,NA,"1 Yes",25,75,11,"Trump"
"582","Male",67,"26 Michigan","13 60,000 to 74,999",13,"4 Divorced","1 Yes","1 Yes","100",0,100,0,"1 Yes",0,100,13,"Trump"
"583","Male",87,"19 Iowa","6 15,000 to 19,999",3,"4 Divorced","1 Yes","0 No","100",NA,NA,NA,"1 Yes",50,50,6,NA
"584","Male",41,"19 Iowa","16 150,000 or more",14,"1 Married (spouse lives with me)","1 Yes","1 Yes","99",0,100,NA,"1 Yes",45,55,16,"Trump"
"585","Male",40,"55 Wisconsin","15 100,000 to 149,999",13,"6 Never married","1 Yes","1 Yes","100",0,100,0,"1 Yes",0,100,15,"Trump"
"586","Female",76,"55 Wisconsin","6 15,000 to 19,999",10,"4 Divorced","1 Yes","0 No","100",NA,NA,NA,"1 Yes",55,45,6,NA
"587","Male",73,"55 Wisconsin","13 60,000 to 74,999",11,"1 Married (spouse lives with me)","1 Yes","0 No","100",75,0,25,"1 Yes",48,49,13,"Harris"
"588","Female",49,"55 Wisconsin","13 60,000 to 74,999",13,"1 Married (spouse lives with me)","1 Yes","0 No","100",100,0,0,"1 Yes",4,96,13,"Harris"
"589","Male",71,"55 Wisconsin","13 60,000 to 74,999",10,"1 Married (spouse lives with me)","1 Yes","0 No","100",100,NA,NA,"1 Yes",60,39,13,"Harris"
"590","Male",69,"55 Wisconsin","10 35,000 to 39,999",16,"4 Divorced","1 Yes","0 No","100",NA,NA,NA,"1 Yes",20,80,10,NA
"591","Male",74,"55 Wisconsin","13 60,000 to 74,999",13,"1 Married (spouse lives with me)","1 Yes","0 No","100",30,70,NA,"1 Yes",60,40,13,"Trump"
"592","Male",45,"55 Wisconsin","14 75,000 to 99,999",11,"1 Married (spouse lives with me)","1 Yes","1 Yes","100",0,100,0,"1 Yes",10,90,14,"Trump"
"593","Male",75,"55 Wisconsin","11 40,000 to 49,999",10,"1 Married (spouse lives with me)","1 Yes","0 No","100",40,60,NA,"1 Yes",45,55,11,"Trump"
"594","Female",58,"27 Minnesota","12 50,000 to 59,999",14,"5 Widowed","1 Yes","1 Yes","100",75,25,0,"1 Yes",85,15,12,"Harris"
"595","Female",67,"27 Minnesota","7 20,000 to 24,999",10,"4 Divorced","1 Yes","0 No","100",100,NA,NA,"1 Yes",100,0,7,"Harris"
"596","Male",38,"27 Minnesota","16 150,000 or more",10,"1 Married (spouse lives with me)","1 Yes","1 Yes","100",NA,NA,NA,"1 Yes",25,70,16,NA
"597","Male",43,"27 Minnesota","15 100,000 to 149,999",14,"1 Married (spouse lives with me)","1 Yes","1 Yes","100",100,0,0,"1 Yes",92,8,15,"Harris"
"598","Male",43,"17 Illinois","7 20,000 to 24,999",9,"6 Never married","1 Yes","0 No","100",100,0,0,"1 Yes",40,60,7,"Harris"
"599","Male",89,"17 Illinois","1 Less than $5,000",10,"2 Married (spouse lives elsewhere)","1 Yes","0 No","100",NA,NA,NA,"1 Yes",55,40,1,NA
"600","Female",53,"29 Missouri","15 100,000 to 149,999",13,"1 Married (spouse lives with me)","1 Yes","0 No","99",NA,100,NA,"1 Yes",20,75,15,"Trump"
"601","Male",86,"48 Texas","10 35,000 to 39,999",14,"1 Married (spouse lives with me)","1 Yes","0 No","100",NA,NA,NA,"1 Yes",40,50,10,NA
"602","Female",41,"16 Idaho","16 150,000 or more",13,"1 Married (spouse lives with me)","1 Yes","1 Yes","0",0,0,100,"1 Yes",30,65,16,"Other"
"603","Male",67,"32 Nevada","2 5,000 to 7,499",9,"4 Divorced","1 Yes","0 No","100",0,100,0,"1 Yes",33,67,2,"Trump"
"604","Female",72,"4 Arizona","12 50,000 to 59,999",10,"4 Divorced","1 Yes","0 No","100",NA,NA,NA,"1 Yes",50,50,12,NA
"605","Male",61,"6 California","5 12,500 to 14,999",16,"1 Married (spouse lives with me)","1 Yes","0 No","70",100,0,0,"1 Yes",80,20,5,"Harris"
"606","Female",64,"4 Arizona","13 60,000 to 74,999",9,"6 Never married","1 Yes","1 Yes","0",50,25,25,"0 No",50,50,13,"Harris"
"607","Female",57,"47 Tennessee","14 75,000 to 99,999",13,"1 Married (spouse lives with me)","1 Yes","1 Yes","100",0,100,0,"1 Yes",0,100,14,"Trump"
"608","Female",38,"39 Ohio","16 150,000 or more",14,"1 Married (spouse lives with me)","1 Yes","1 Yes","100",NA,100,NA,"1 Yes",28,72,16,"Trump"
"609","Female",33,"42 Pennsylvania","13 60,000 to 74,999",12,"6 Never married","1 Yes","1 Yes","100",NA,NA,NA,"1 Yes",0,100,13,NA
"610","Male",48,"48 Texas","16 150,000 or more",10,"4 Divorced","1 Yes","1 Yes","100",NA,100,NA,"1 Yes",0,100,16,"Trump"
"611","Female",60,"48 Texas","12 50,000 to 59,999",10,"1 Married (spouse lives with me)","1 Yes","1 Yes","100",100,0,0,".e",98,2,12,"Harris"
"612","Female",48,"34 New Jersey","16 150,000 or more",13,"1 Married (spouse lives with me)","1 Yes","1 Yes","100",100,0,0,"1 Yes",80,20,16,"Harris"
"613","Male",76,"36 New York","15 100,000 to 149,999",10,"1 Married (spouse lives with me)","1 Yes","0 No","99",100,0,0,"1 Yes",60,40,15,"Harris"
"614","Male",43,"42 Pennsylvania","15 100,000 to 149,999",11,"1 Married (spouse lives with me)","1 Yes","1 Yes","90",100,NA,NA,"1 Yes",50,50,15,"Harris"
"615","Male",55,"36 New York","1 Less than $5,000",13,"6 Never married","1 Yes","0 No","60",40,60,0,"1 Yes",10,90,1,"Trump"
"616","Male",47,"42 Pennsylvania","7 20,000 to 24,999",10,"1 Married (spouse lives with me)","1 Yes","0 No","90",0,100,0,"1 Yes",20,70,7,"Trump"
"617","Male",69,"42 Pennsylvania","11 40,000 to 49,999",13,"6 Never married","1 Yes","0 No","100",100,0,0,"1 Yes",80,20,11,"Harris"
"618","Female",44,"42 Pennsylvania","10 35,000 to 39,999",9,"4 Divorced","1 Yes","1 Yes","100",0,100,NA,"1 Yes",1,99,10,"Trump"
"619","Female",79,"42 Pennsylvania","7 20,000 to 24,999",9,"5 Widowed","1 Yes","0 No","100",0,100,0,"1 Yes",0,100,7,"Trump"
"620","Male",77,"42 Pennsylvania","9 30,000 to 34,999",9,"1 Married (spouse lives with me)","1 Yes","0 No","100",0,100,0,"1 Yes",0,100,9,"Trump"
"621","Female",66,"42 Pennsylvania","15 100,000 to 149,999",10,"5 Widowed","1 Yes","1 Yes","99",NA,100,NA,"1 Yes",40,50,15,"Trump"
"622","Male",73,"42 Pennsylvania","14 75,000 to 99,999",14,"4 Divorced","1 Yes","0 No","100",NA,100,NA,"1 Yes",10,90,14,"Trump"
"623","Female",46,"42 Pennsylvania","2 5,000 to 7,499",9,"4 Divorced","1 Yes","0 No","100",NA,NA,NA,"1 Yes",50,50,2,NA
"624","Male",54,"42 Pennsylvania","12 50,000 to 59,999",9,"1 Married (spouse lives with me)","1 Yes","1 Yes","100",0,100,0,"1 Yes",15,80,12,"Trump"
"625","Female",64,"42 Pennsylvania","13 60,000 to 74,999",9,"1 Married (spouse lives with me)","1 Yes","0 No","100",0,100,0,"1 Yes",45,50,13,"Trump"
"626","Female",44,"42 Pennsylvania","9 30,000 to 34,999",9,"1 Married (spouse lives with me)","1 Yes","1 Yes","100",100,0,0,"1 Yes",60,40,9,"Harris"
"627","Female",60,"42 Pennsylvania","1 Less than $5,000",8,"6 Never married","1 Yes","0 No","50",1,49,50,"1 Yes",25,50,1,"Other"
"628","Male",41,"42 Pennsylvania","14 75,000 to 99,999",9,"1 Married (spouse lives with me)","1 Yes","1 Yes","100",NA,100,NA,"1 Yes",0,100,14,"Trump"
"629","Female",60,"42 Pennsylvania","15 100,000 to 149,999",12,"1 Married (spouse lives with me)","1 Yes","1 Yes","100",100,0,0,"1 Yes",25,75,15,"Harris"
"630","Female",50,"42 Pennsylvania","15 100,000 to 149,999",9,"1 Married (spouse lives with me)","1 Yes","1 Yes","100",100,0,0,"1 Yes",70,30,15,"Harris"
"631","Female",37,"51 Virginia","13 60,000 to 74,999",14,"1 Married (spouse lives with me)","1 Yes","1 Yes","100",100,0,0,"1 Yes",48,50,13,"Harris"
"632","Female",71,"37 North Carolina","7 20,000 to 24,999",10,"5 Widowed","1 Yes","0 No","100",NA,NA,NA,"1 Yes",2,98,7,NA
"633","Female",55,"37 North Carolina","15 100,000 to 149,999",13,"1 Married (spouse lives with me)","1 Yes","1 Yes","100",NA,NA,NA,"1 Yes",85,10,15,NA
"634","Male",50,"37 North Carolina","16 150,000 or more",14,"1 Married (spouse lives with me)","1 Yes","1 Yes","100",NA,NA,NA,"1 Yes",16,80,16,NA
"635","Female",54,"37 North Carolina","14 75,000 to 99,999",11,"4 Divorced","1 Yes","1 Yes","100",100,0,0,"1 Yes",10,90,14,"Harris"
"636","Female",64,"37 North Carolina","8 25,000 to 2,999",11,"1 Married (spouse lives with me)","1 Yes","0 No","100",50,50,0,"0 No",60,40,8,"Trump"
"637","Female",66,"37 North Carolina","13 60,000 to 74,999",12,"4 Divorced","1 Yes","0 No","100",NA,NA,NA,"0 No",100,0,13,NA
"638","Male",81,"37 North Carolina","7 20,000 to 24,999",9,"5 Widowed","1 Yes","0 No","100",NA,NA,NA,"1 Yes",0,100,7,NA
"639","Female",35,"13 Georgia","16 150,000 or more",12,"1 Married (spouse lives with me)","1 Yes","1 Yes","100",0,100,0,"1 Yes",0,100,16,"Trump"
"640","Female",40,"13 Georgia","14 75,000 to 99,999",13,"1 Married (spouse lives with me)","1 Yes","1 Yes","100",NA,NA,NA,"1 Yes",100,0,14,NA
"641","Female",43,"12 Florida","7 20,000 to 24,999",11,"6 Never married","1 Yes","1 Yes","50",0,0,100,"0 No",50,50,7,"Other"
"642","Female",69,"37 North Carolina","13 60,000 to 74,999",11,"4 Divorced","1 Yes","0 No","100",100,0,0,"0 No",100,0,13,"Harris"
"643","Female",65,"12 Florida","13 60,000 to 74,999",10,"1 Married (spouse lives with me)","1 Yes","0 No","100",NA,NA,NA,"1 Yes",75,15,13,NA
"644","Male",65,"12 Florida","13 60,000 to 74,999",11,"1 Married (spouse lives with me)","1 Yes","0 No","100",NA,100,NA,"1 Yes",20,80,13,"Trump"
"645","Female",68,"12 Florida","6 15,000 to 19,999",10,"4 Divorced","1 Yes","0 No","0",0,100,0,"1 Yes",5,95,6,"Trump"
"646","Female",66,"48 Texas","14 75,000 to 99,999",10,"1 Married (spouse lives with me)","1 Yes","0 No","100",NA,NA,NA,"1 Yes",39,61,14,NA
"647","Female",74,"12 Florida","6 15,000 to 19,999",10,"4 Divorced","1 Yes","0 No","100",NA,NA,NA,"1 Yes",20,80,6,NA
"648","Male",73,"12 Florida","14 75,000 to 99,999",13,"5 Widowed","1 Yes","0 No","100",100,NA,NA,"1 Yes",60,40,14,"Harris"
"649","Female",83,"20 Kansas","7 20,000 to 24,999",9,"5 Widowed","1 Yes","0 No","100",NA,NA,NA,"1 Yes",50,50,7,NA
"650","Male",67,"12 Florida","13 60,000 to 74,999",13,"6 Never married","1 Yes","0 No","100",NA,NA,NA,"1 Yes",35,65,13,NA
"651","Female",52,"28 Mississippi","15 100,000 to 149,999",13,"1 Married (spouse lives with me)","1 Yes","1 Yes","100",0,100,0,"1 Yes",5,85,15,"Trump"
"652","Female",68,"21 Kentucky","11 40,000 to 49,999",11,"1 Married (spouse lives with me)","1 Yes","0 No","99",100,0,0,"1 Yes",60,40,11,"Harris"
"653","Male",60,"39 Ohio","13 60,000 to 74,999",13,"6 Never married","1 Yes","1 Yes","90",20,55,25,"1 Yes",20,75,13,"Trump"
"654","Male",67,"39 Ohio","14 75,000 to 99,999",10,"4 Divorced","1 Yes","0 No","100",100,0,NA,"1 Yes",40,60,14,"Harris"
"655","Male",65,"42 Pennsylvania","7 20,000 to 24,999",13,"5 Widowed","1 Yes","0 No","99",0,90,10,"1 Yes",25,75,7,"Trump"
"656","Male",79,"39 Ohio","13 60,000 to 74,999",16,"1 Married (spouse lives with me)","1 Yes","0 No","100",100,NA,NA,"1 Yes",60,40,13,"Harris"
"657","Female",68,"39 Ohio","13 60,000 to 74,999",11,"1 Married (spouse lives with me)","1 Yes","1 Yes","90",0,100,0,"1 Yes",25,65,13,"Trump"
"658","Male",61,"26 Michigan","16 150,000 or more",10,"6 Never married","1 Yes","1 Yes","100",0,100,0,"1 Yes",12,88,16,"Trump"
"659","Male",63,"26 Michigan","16 150,000 or more",15,"1 Married (spouse lives with me)","1 Yes","1 Yes","100",NA,NA,NA,"1 Yes",40,60,16,NA
"660","Female",61,"26 Michigan","15 100,000 to 149,999",9,"1 Married (spouse lives with me)","1 Yes","1 Yes","100",100,0,NA,"1 Yes",50,50,15,"Harris"
"661","Male",75,"26 Michigan","13 60,000 to 74,999",11,"1 Married (spouse lives with me)","1 Yes","0 No","100",NA,NA,NA,"1 Yes",52,48,13,NA
"662","Male",50,"26 Michigan","15 100,000 to 149,999",13,"1 Married (spouse lives with me)","1 Yes","1 Yes","100",0,100,0,"1 Yes",50,50,15,"Trump"
"663","Female",66,"55 Wisconsin","14 75,000 to 99,999",8,"5 Widowed","1 Yes","1 Yes","0",100,0,0,"1 Yes",25,75,14,"Harris"
"664","Male",69,"19 Iowa","13 60,000 to 74,999",9,"1 Married (spouse lives with me)","1 Yes","1 Yes","100",NA,100,NA,"1 Yes",0,100,13,"Trump"
"665","Female",70,"55 Wisconsin","16 150,000 or more",11,"1 Married (spouse lives with me)","1 Yes","1 Yes","100",0,100,0,"1 Yes",25,75,16,"Trump"
"666","Male",55,"55 Wisconsin","16 150,000 or more",13,"1 Married (spouse lives with me)","1 Yes","1 Yes","100",NA,100,NA,"1 Yes",20,80,16,"Trump"
"667","Female",50,"55 Wisconsin","16 150,000 or more",15,"1 Married (spouse lives with me)","1 Yes","1 Yes","100",0,100,0,"1 Yes",20,80,16,"Trump"
"668","Female",74,"55 Wisconsin","15 100,000 to 149,999",13,"5 Widowed","1 Yes","0 No","99",100,0,0,"1 Yes",40,60,15,"Harris"
"669","Female",75,"55 Wisconsin","12 50,000 to 59,999",11,"5 Widowed","1 Yes","0 No","75",50,50,NA,"1 Yes",90,10,12,"Trump"
"670","Female",58,"55 Wisconsin","15 100,000 to 149,999",9,"1 Married (spouse lives with me)","1 Yes","1 Yes","100",NA,NA,NA,"1 Yes",10,80,15,NA
"671","Female",47,"55 Wisconsin","8 25,000 to 2,999",10,"4 Divorced","1 Yes","1 Yes","100",NA,100,NA,"1 Yes",0,100,8,"Trump"
"672","Female",60,"27 Minnesota","14 75,000 to 99,999",10,"4 Divorced","1 Yes","0 No","100",NA,NA,NA,"1 Yes",98,2,14,NA
"673","Female",37,"38 North Dakota","16 150,000 or more",14,"1 Married (spouse lives with me)","1 Yes","1 Yes","98",98,1,1,"1 Yes",15,84,16,"Harris"
"674","Female",33,"17 Illinois","11 40,000 to 49,999",9,"1 Married (spouse lives with me)","1 Yes","1 Yes","10",1,99,0,"1 Yes",5,95,11,"Trump"
"675","Female",43,"17 Illinois","15 100,000 to 149,999",14,"1 Married (spouse lives with me)","1 Yes","1 Yes","100",100,0,0,"1 Yes",99,1,15,"Harris"
"676","Female",41,"17 Illinois","14 75,000 to 99,999",9,"1 Married (spouse lives with me)","1 Yes","1 Yes","50",0,100,0,"1 Yes",30,70,14,"Trump"
"677","Male",58,"29 Missouri","8 25,000 to 2,999",10,"5 Widowed","1 Yes","0 No","100",NA,NA,NA,"1 Yes",10,85,8,NA
"678","Female",58,"29 Missouri","5 12,500 to 14,999",9,"5 Widowed","1 Yes","0 No","0",100,0,0,"1 Yes",50,25,5,"Harris"
"679","Female",40,"29 Missouri","13 60,000 to 74,999",13,"1 Married (spouse lives with me)","1 Yes","1 Yes","100",0,100,0,"1 Yes",20,80,13,"Trump"
"680","Female",61,"45 South Carolina","9 30,000 to 34,999",10,"1 Married (spouse lives with me)","1 Yes","1 Yes","0",50,50,NA,"1 Yes",NA,NA,9,"Trump"
"681","Female",75,"12 Florida","12 50,000 to 59,999",10,"5 Widowed","1 Yes","1 Yes","100",NA,NA,NA,"1 Yes",90,9,12,NA
"682","Male",75,"22 Louisiana","9 30,000 to 34,999",13,"1 Married (spouse lives with me)","1 Yes","0 No","100",NA,100,NA,"1 Yes",0,100,9,"Trump"
"683","Female",63,"22 Louisiana","10 35,000 to 39,999",10,"4 Divorced","1 Yes","0 No","100",100,NA,NA,"1 Yes",0,100,10,"Harris"
"684","Female",65,"22 Louisiana","12 50,000 to 59,999",9,"1 Married (spouse lives with me)","1 Yes","0 No","100",NA,NA,NA,"1 Yes",0,100,12,NA
"685","Male",63,"48 Texas","1 Less than $5,000",9,"4 Divorced","1 Yes","1 Yes","100",100,NA,NA,"0 No",80,20,1,"Harris"
"686","Female",33,"48 Texas","9 30,000 to 34,999",10,"4 Divorced","1 Yes","1 Yes","100",100,0,NA,"1 Yes",100,0,9,"Harris"
"687","Male",44,"48 Texas","15 100,000 to 149,999",13,"1 Married (spouse lives with me)","1 Yes","1 Yes","100",100,0,0,"0 No",100,0,15,"Harris"
"688","Female",65,"48 Texas","10 35,000 to 39,999",12,"4 Divorced","1 Yes","1 Yes","100",100,NA,NA,"0 No",100,0,10,"Harris"
"689","Female",81,"48 Texas","9 30,000 to 34,999",11,"5 Widowed","1 Yes","0 No","100",100,0,0,"0 No",90,10,9,"Harris"
"690","Male",47,"13 Georgia","13 60,000 to 74,999",14,"1 Married (spouse lives with me)","1 Yes","1 Yes","25",0,100,0,"1 Yes",20,75,13,"Trump"
"691","Female",65,"48 Texas","8 25,000 to 2,999",12,"5 Widowed","1 Yes","1 Yes","99",100,0,0,"1 Yes",50,50,8,"Harris"
"692","Female",37,"48 Texas","13 60,000 to 74,999",13,"1 Married (spouse lives with me)","1 Yes","0 No","100",0,100,0,"1 Yes",10,90,13,"Trump"
"693","Male",54,"48 Texas","15 100,000 to 149,999",9,"1 Married (spouse lives with me)","1 Yes","1 Yes","100",0,100,0,"1 Yes",25,75,15,"Trump"
"694","Female",61,"48 Texas","10 35,000 to 39,999",13,"4 Divorced","1 Yes","0 No","100",NA,100,NA,"1 Yes",0,100,10,"Trump"
"695","Male",51,"48 Texas","15 100,000 to 149,999",11,"1 Married (spouse lives with me)","1 Yes","1 Yes","100",NA,100,NA,"1 Yes",10,90,15,"Trump"
"696","Male",40,"12 Florida","16 150,000 or more",13,"1 Married (spouse lives with me)","1 Yes","1 Yes","100",NA,NA,NA,"1 Yes",0,100,16,NA
"697","Female",34,"34 New Jersey","15 100,000 to 149,999",13,"6 Never married","1 Yes","1 Yes","100",0,100,NA,"1 Yes",50,50,15,"Trump"
"698","Female",80,"36 New York","8 25,000 to 2,999",10,"4 Divorced","1 Yes","0 No","100",NA,NA,NA,"1 Yes",20,80,8,NA
"699","Female",68,"4 Arizona","15 100,000 to 149,999",12,"1 Married (spouse lives with me)","1 Yes","0 No","100",NA,NA,NA,"1 Yes",35,65,15,NA
"700","Female",64,"4 Arizona","4 10,000 to 12,499",10,"3 Separated","1 Yes","0 No","100",NA,NA,NA,"0 No",65,35,4,NA
"701","Female",68,"35 New Mexico",".e",10,"1 Married (spouse lives with me)","1 Yes","0 No","100",NA,100,NA,"1 Yes",20,80,NA,"Trump"
"702","Female",77,"32 Nevada","14 75,000 to 99,999",10,"1 Married (spouse lives with me)","1 Yes","0 No","100",NA,100,NA,"1 Yes",25,73,14,"Trump"
"703","Female",41,"32 Nevada","14 75,000 to 99,999",14,"6 Never married","1 Yes","1 Yes","100",100,NA,NA,"1 Yes",50,50,14,"Harris"
"704","Female",41,"6 California","14 75,000 to 99,999",10,"1 Married (spouse lives with me)","1 Yes","1 Yes","2",0,100,0,"1 Yes",50,50,14,"Trump"
"705","Female",33,"6 California","16 150,000 or more",13,"6 Never married","1 Yes","1 Yes","100",NA,NA,NA,".e",100,0,16,NA
"706","Female",40,"6 California","15 100,000 to 149,999",10,"1 Married (spouse lives with me)","1 Yes","1 Yes","100",NA,NA,NA,"1 Yes",1,99,15,NA
"707","Male",43,"6 California","15 100,000 to 149,999",14,"6 Never married","1 Yes","1 Yes","98",100,0,0,"1 Yes",90,10,15,"Harris"
"708","Female",73,"41 Oregon","9 30,000 to 34,999",10,"4 Divorced","1 Yes","0 No","100",NA,NA,NA,"1 Yes",90,10,9,NA
"709","Female",72,"41 Oregon","6 15,000 to 19,999",14,"6 Never married","1 Yes","0 No","100",NA,NA,NA,"0 No",69,30,6,NA
"710","Female",74,"41 Oregon","16 150,000 or more",13,"1 Married (spouse lives with me)","1 Yes","0 No","100",100,0,0,"1 Yes",95,5,16,"Harris"
"711","Female",60,"53 Washington","16 150,000 or more",13,"4 Divorced","1 Yes","1 Yes","100",NA,100,NA,"1 Yes",20,80,16,"Trump"
"712","Female",50,"53 Washington","16 150,000 or more",10,"1 Married (spouse lives with me)","1 Yes","1 Yes","100",NA,NA,NA,"1 Yes",0,100,16,NA
"713","Male",64,"42 Pennsylvania","9 30,000 to 34,999",9,"1 Married (spouse lives with me)","1 Yes","0 No","100",NA,100,NA,"1 Yes",0,100,9,"Trump"
"714","Female",39,"37 North Carolina","12 50,000 to 59,999",10,"1 Married (spouse lives with me)","1 Yes","0 No","100",100,0,0,"1 Yes",100,0,12,"Harris"
"715","Female",54,"21 Kentucky","15 100,000 to 149,999",10,"1 Married (spouse lives with me)","1 Yes","1 Yes","50",100,0,0,"1 Yes",20,80,15,"Harris"
"716","Female",40,"55 Wisconsin","14 75,000 to 99,999",11,"1 Married (spouse lives with me)","1 Yes","0 No","100",NA,NA,NA,"1 Yes",25,75,14,NA
"717","Female",41,"55 Wisconsin","13 60,000 to 74,999",13,"1 Married (spouse lives with me)","1 Yes","1 Yes","100",0,100,0,"1 Yes",2,98,13,"Trump"
"718","Male",92,"12 Florida","12 50,000 to 59,999",13,"4 Divorced","1 Yes","0 No","100",NA,100,NA,"1 Yes",0,100,12,"Trump"
"719","Female",82,"12 Florida","14 75,000 to 99,999",16,"4 Divorced","1 Yes","1 Yes","100",100,0,0,"1 Yes",55,45,14,"Harris"
"720","Female",58,"12 Florida","16 150,000 or more",14,"1 Married (spouse lives with me)","1 Yes","1 Yes","99",0,100,0,"1 Yes",50,50,16,"Trump"
"721","Female",72,"42 Pennsylvania","13 60,000 to 74,999",9,"6 Never married","1 Yes","1 Yes","80",50,50,NA,"1 Yes",90,10,13,"Trump"
"722","Male",75,"42 Pennsylvania","4 10,000 to 12,499",9,"5 Widowed","1 Yes","0 No","100",NA,NA,NA,"1 Yes",5,90,4,NA
"723","Male",84,"50 Vermont","7 20,000 to 24,999",9,"5 Widowed","1 Yes","0 No","100",NA,NA,NA,"1 Yes",90,10,7,NA
"724","Female",74,"50 Vermont","6 15,000 to 19,999",12,"4 Divorced","1 Yes","0 No","100",NA,NA,NA,"1 Yes",50,50,6,NA
"725","Female",73,"39 Ohio","8 25,000 to 2,999",10,"4 Divorced","1 Yes","0 No","100",NA,NA,NA,"1 Yes",80,10,8,NA
"726","Female",73,"18 Indiana",".e",14,"1 Married (spouse lives with me)","1 Yes","0 No","100",NA,100,NA,"1 Yes",0,100,NA,"Trump"
"727","Female",77,"37 North Carolina","7 20,000 to 24,999",10,"6 Never married","1 Yes","0 No","100",NA,NA,NA,"1 Yes",20,80,7,NA
"728","Male",55,"26 Michigan","15 100,000 to 149,999",10,"1 Married (spouse lives with me)","1 Yes","1 Yes","100",NA,100,NA,"1 Yes",40,60,15,"Trump"
"729","Male",60,"26 Michigan","15 100,000 to 149,999",13,"1 Married (spouse lives with me)","1 Yes","0 No","100",NA,100,NA,"1 Yes",20,80,15,"Trump"
"730","Female",51,"48 Texas","15 100,000 to 149,999",14,"1 Married (spouse lives with me)","1 Yes","1 Yes","90",50,0,50,"1 Yes",35,35,15,"Harris"
"731","Male",70,"48 Texas","14 75,000 to 99,999",13,"1 Married (spouse lives with me)","1 Yes","1 Yes","100",100,0,0,"1 Yes",45,45,14,"Harris"
"732","Male",91,"26 Michigan","12 50,000 to 59,999",13,"4 Divorced","1 Yes","0 No","100",NA,NA,NA,"1 Yes",45,55,12,NA
"733","Female",79,"26 Michigan","16 150,000 or more",14,"6 Never married","1 Yes","0 No","100",NA,NA,NA,"1 Yes",80,20,16,NA
"734","Female",72,"26 Michigan","15 100,000 to 149,999",14,"6 Never married","1 Yes","0 No","100",NA,NA,NA,"1 Yes",80,20,15,NA
"735","Male",59,"16 Idaho","12 50,000 to 59,999",11,"1 Married (spouse lives with me)","1 Yes","0 No","80",NA,100,NA,"1 Yes",5,95,12,"Trump"
"736","Female",37,"16 Idaho","16 150,000 or more",9,"1 Married (spouse lives with me)","1 Yes","1 Yes","80",0,100,0,"1 Yes",15,70,16,"Trump"
"737","Female",71,"26 Michigan","14 75,000 to 99,999",13,"1 Married (spouse lives with me)","1 Yes","0 No","100",NA,NA,NA,"1 Yes",0,100,14,NA
"738","Female",76,"26 Michigan","12 50,000 to 59,999",14,"1 Married (spouse lives with me)","1 Yes","1 Yes","100",NA,100,NA,"1 Yes",25,75,12,"Trump"
"739","Male",64,"4 Arizona","11 40,000 to 49,999",13,"4 Divorced","1 Yes","0 No","100",NA,NA,NA,"1 Yes",10,90,11,NA
"740","Male",65,"46 South Dakota","13 60,000 to 74,999",10,"1 Married (spouse lives with me)","1 Yes","1 Yes","100",NA,NA,NA,"1 Yes",30,70,13,NA
"741","Male",59,"46 South Dakota","15 100,000 to 149,999",10,"4 Divorced","1 Yes","1 Yes","100",NA,NA,NA,"1 Yes",0,100,15,NA
"742","Female",65,"54 West Virginia","13 60,000 to 74,999",9,"1 Married (spouse lives with me)","1 Yes","0 No","100",100,0,0,"1 Yes",20,80,13,"Harris"
"743","Female",43,"37 North Carolina","14 75,000 to 99,999",13,"1 Married (spouse lives with me)","1 Yes","1 Yes","100",NA,NA,NA,"1 Yes",50,50,14,NA
"744","Male",42,"27 Minnesota","16 150,000 or more",11,"1 Married (spouse lives with me)","1 Yes","1 Yes","100",0,100,NA,"1 Yes",25,75,16,"Trump"
"745","Female",63,"39 Ohio","13 60,000 to 74,999",9,"1 Married (spouse lives with me)","1 Yes","1 Yes","100",NA,NA,NA,"1 Yes",50,50,13,NA
"746","Male",74,"39 Ohio","13 60,000 to 74,999",12,"1 Married (spouse lives with me)","1 Yes","0 No","100",100,NA,NA,"0 No",85,15,13,"Harris"
"747","Male",44,"39 Ohio","16 150,000 or more",13,"1 Married (spouse lives with me)","1 Yes","1 Yes","99",0,100,NA,"1 Yes",25,75,16,"Trump"
"748","Female",47,"29 Missouri","10 35,000 to 39,999",9,"1 Married (spouse lives with me)","1 Yes","1 Yes","100",0,100,0,"1 Yes",5,93,10,"Trump"
"749","Male",74,"37 North Carolina","7 20,000 to 24,999",9,"1 Married (spouse lives with me)","1 Yes","0 No","100",100,NA,NA,"0 No",50,50,7,"Harris"
"750","Female",61,"12 Florida","12 50,000 to 59,999",9,"1 Married (spouse lives with me)","1 Yes","1 Yes","100",NA,100,NA,"1 Yes",0,100,12,"Trump"
"751","Female",76,"17 Illinois","6 15,000 to 19,999",9,"5 Widowed","1 Yes","0 No","100",NA,NA,NA,"1 Yes",100,0,6,NA
"752","Male",69,"6 California","10 35,000 to 39,999",10,"1 Married (spouse lives with me)","1 Yes","0 No","100",0,100,0,"1 Yes",1,97,10,"Trump"
"753","Female",63,"6 California","4 10,000 to 12,499",10,"4 Divorced","1 Yes","1 Yes","100",60,40,0,"1 Yes",40,60,4,"Harris"
"754","Female",51,"4 Arizona","16 150,000 or more",15,"4 Divorced","1 Yes","1 Yes","99",33,33,34,"1 Yes",NA,NA,16,"Other"
"755","Female",62,"26 Michigan","14 75,000 to 99,999",16,"6 Never married","1 Yes","1 Yes","100",NA,NA,NA,"1 Yes",85,14,14,NA
"756","Female",73,"26 Michigan","13 60,000 to 74,999",14,"1 Married (spouse lives with me)","1 Yes","0 No","100",100,0,0,"1 Yes",80,10,13,"Harris"
"757","Male",62,"38 North Dakota","11 40,000 to 49,999",13,"1 Married (spouse lives with me)","1 Yes","0 No","100",NA,NA,NA,"1 Yes",1,99,11,NA
"758","Female",72,"51 Virginia","14 75,000 to 99,999",12,"5 Widowed","1 Yes","0 No","100",100,NA,NA,"1 Yes",30,70,14,"Harris"
"759","Female",62,"28 Mississippi","5 12,500 to 14,999",10,"4 Divorced","1 Yes","1 Yes","0",0,100,0,"1 Yes",0,75,5,"Trump"
"760","Male",76,"12 Florida","14 75,000 to 99,999",11,"1 Married (spouse lives with me)","1 Yes","0 No","100",NA,NA,NA,"1 Yes",50,50,14,NA
"761","Female",44,"26 Michigan","12 50,000 to 59,999",8,"6 Never married","1 Yes","0 No","100",100,0,0,"1 Yes",40,60,12,"Harris"
"762","Male",50,"49 Utah","14 75,000 to 99,999",13,"1 Married (spouse lives with me)","1 Yes","1 Yes","98",100,0,0,"1 Yes",65,30,14,"Harris"
"763","Female",47,"49 Utah","11 40,000 to 49,999",6,"1 Married (spouse lives with me)","1 Yes","0 No","100",NA,NA,NA,"1 Yes",0,100,11,NA
"764","Female",45,"31 Nebraska","15 100,000 to 149,999",15,"1 Married (spouse lives with me)","1 Yes","1 Yes","100",100,0,0,"1 Yes",85,15,15,"Harris"
"765","Female",76,"31 Nebraska","11 40,000 to 49,999",9,"4 Divorced","1 Yes","1 Yes","100",100,NA,NA,"1 Yes",80,0,11,"Harris"
"766","Male",79,"13 Georgia","14 75,000 to 99,999",9,"1 Married (spouse lives with me)","1 Yes","0 No","100",100,NA,NA,"0 No",100,0,14,"Harris"
"767","Female",83,"38 North Dakota","7 20,000 to 24,999",9,"5 Widowed","1 Yes","0 No","100",NA,NA,NA,"1 Yes",40,60,7,NA
"768","Male",82,"13 Georgia","14 75,000 to 99,999",14,"5 Widowed","1 Yes","0 No","100",0,100,0,"1 Yes",20,80,14,"Trump"
"769","Female",36,"13 Georgia","6 15,000 to 19,999",9,"1 Married (spouse lives with me)","1 Yes","1 Yes","100",100,NA,NA,"0 No",100,0,6,"Harris"
"770","Female",45,"13 Georgia","3 7,500 to 9,999",11,"1 Married (spouse lives with me)","1 Yes","0 No","0",NA,100,NA,"1 Yes",NA,NA,3,"Trump"
"771","Male",60,"37 North Carolina","14 75,000 to 99,999",10,"1 Married (spouse lives with me)","1 Yes","1 Yes","50",0,100,0,"1 Yes",0,100,14,"Trump"
"772","Female",42,"26 Michigan","15 100,000 to 149,999",13,"1 Married (spouse lives with me)","1 Yes","1 Yes","95",40,60,NA,"1 Yes",40,60,15,"Trump"
"773","Male",71,"26 Michigan","10 35,000 to 39,999",10,"1 Married (spouse lives with me)","1 Yes","0 No","37",100,NA,NA,"1 Yes",70,30,10,"Harris"
"774","Female",64,"26 Michigan","4 10,000 to 12,499",11,"6 Never married","1 Yes","0 No","100",NA,NA,NA,"0 No",100,0,4,NA
"775","Male",63,"16 Idaho","14 75,000 to 99,999",11,"1 Married (spouse lives with me)","1 Yes","0 No","100",NA,NA,NA,"1 Yes",10,90,14,NA
"776","Female",76,"26 Michigan","8 25,000 to 2,999",11,"4 Divorced","1 Yes","0 No","100",NA,NA,NA,"1 Yes",100,0,8,NA
"777","Female",42,"37 North Carolina","13 60,000 to 74,999",9,"1 Married (spouse lives with me)","1 Yes","1 Yes","100",NA,NA,NA,"1 Yes",15,85,13,NA
"778","Female",48,"37 North Carolina","2 5,000 to 7,499",11,"1 Married (spouse lives with me)","1 Yes","1 Yes","100",NA,NA,NA,"1 Yes",100,0,2,NA
"779","Female",60,"32 Nevada","15 100,000 to 149,999",13,"1 Married (spouse lives with me)","1 Yes","1 Yes","100",NA,NA,NA,"1 Yes",0,100,15,NA
"780","Female",67,"6 California","15 100,000 to 149,999",14,"6 Never married","1 Yes","1 Yes","99",100,NA,NA,"1 Yes",84,0,15,"Harris"
"781","Female",72,"42 Pennsylvania","4 10,000 to 12,499",13,"6 Never married","1 Yes","0 No","100",NA,NA,NA,"1 Yes",80,20,4,NA
"782","Female",33,"42 Pennsylvania","11 40,000 to 49,999",9,"6 Never married","1 Yes","1 Yes","100",0,100,NA,"1 Yes",NA,NA,11,"Trump"
"783","Male",32,"42 Pennsylvania","11 40,000 to 49,999",9,"6 Never married","1 Yes","1 Yes","100",100,0,0,".e",30,70,11,"Harris"
"784","Female",61,"20 Kansas","15 100,000 to 149,999",14,"1 Married (spouse lives with me)","1 Yes","1 Yes","60",NA,100,NA,"1 Yes",40,60,15,"Trump"
"785","Female",45,"23 Maine","12 50,000 to 59,999",10,"6 Never married","1 Yes","1 Yes","100",50,50,0,"1 Yes",50,50,12,"Trump"
"786","Female",42,"37 North Carolina","16 150,000 or more",14,"1 Married (spouse lives with me)","1 Yes","1 Yes","95",100,NA,NA,"0 No",75,25,16,"Harris"
"787","Female",58,"37 North Carolina","15 100,000 to 149,999",11,"5 Widowed","1 Yes","1 Yes","100",NA,100,NA,"1 Yes",0,100,15,"Trump"
"788","Male",51,"37 North Carolina","12 50,000 to 59,999",10,"1 Married (spouse lives with me)","1 Yes","1 Yes","100",0,100,0,"1 Yes",0,100,12,"Trump"
"789","Male",78,"39 Ohio","6 15,000 to 19,999",9,"1 Married (spouse lives with me)","1 Yes","0 No","70",NA,100,NA,"1 Yes",0,100,6,"Trump"
"790","Male",70,"37 North Carolina","15 100,000 to 149,999",16,"1 Married (spouse lives with me)","1 Yes","1 Yes","100",100,NA,NA,"1 Yes",35,65,15,"Harris"
"791","Male",74,"35 New Mexico","12 50,000 to 59,999",11,"1 Married (spouse lives with me)","1 Yes","0 No","100",NA,NA,NA,"0 No",50,50,12,NA
"792","Male",71,"36 New York","13 60,000 to 74,999",13,"5 Widowed","1 Yes","0 No","100",0,100,0,"1 Yes",5,95,13,"Trump"
"793","Male",85,"34 New Jersey","15 100,000 to 149,999",14,"1 Married (spouse lives with me)","1 Yes","0 No","100",NA,100,NA,"1 Yes",40,60,15,"Trump"
"794","Male",77,"48 Texas","15 100,000 to 149,999",13,"1 Married (spouse lives with me)","1 Yes","0 No","100",NA,100,NA,"1 Yes",2,98,15,"Trump"
"795","Male",43,"42 Pennsylvania","14 75,000 to 99,999",13,"1 Married (spouse lives with me)","1 Yes","1 Yes","100",NA,NA,NA,"1 Yes",0,100,14,NA
"796","Male",62,"54 West Virginia","15 100,000 to 149,999",6,"1 Married (spouse lives with me)","1 Yes","0 No","100",NA,100,NA,"1 Yes",0,100,15,"Trump"
"797","Female",61,"54 West Virginia","15 100,000 to 149,999",14,"1 Married (spouse lives with me)","1 Yes","0 No","100",0,100,0,"1 Yes",15,85,15,"Trump"
"798","Male",61,"37 North Carolina","16 150,000 or more",14,"6 Never married","1 Yes","1 Yes","100",100,NA,NA,"1 Yes",100,0,16,"Harris"
"799","Female",54,"37 North Carolina","13 60,000 to 74,999",10,"1 Married (spouse lives with me)","1 Yes","1 Yes","50",80,20,NA,"1 Yes",50,50,13,"Harris"
"800","Female",72,"37 North Carolina","10 35,000 to 39,999",13,"4 Divorced","1 Yes","0 No","100",100,0,0,"1 Yes",100,0,10,"Harris"
"801","Male",42,"37 North Carolina","15 100,000 to 149,999",14,"1 Married (spouse lives with me)","1 Yes","1 Yes","100",NA,NA,NA,"1 Yes",90,10,15,NA
"802","Male",72,"37 North Carolina","3 7,500 to 9,999",10,"6 Never married","1 Yes","0 No","100",98,2,0,"0 No",98,2,3,"Harris"
"803","Female",74,"37 North Carolina","10 35,000 to 39,999",10,"6 Never married","1 Yes","0 No","100",100,0,0,"1 Yes",65,35,10,"Harris"
"804","Male",83,"37 North Carolina","14 75,000 to 99,999",10,"1 Married (spouse lives with me)","1 Yes","0 No","100",NA,NA,NA,"1 Yes",25,75,14,NA
"805","Male",53,"37 North Carolina","7 20,000 to 24,999",13,"6 Never married","1 Yes","0 No","100",100,NA,NA,"1 Yes",80,20,7,"Harris"
"806","Female",50,"37 North Carolina","8 25,000 to 2,999",11,"6 Never married","1 Yes","1 Yes","100",NA,NA,NA,"0 No",100,0,8,NA
"807","Female",44,"22 Louisiana","5 12,500 to 14,999",13,"3 Separated","1 Yes","0 No","85",75,20,5,"1 Yes",75,25,5,"Harris"
"808","Male",62,"39 Ohio","13 60,000 to 74,999",11,"1 Married (spouse lives with me)","1 Yes","0 No","100",100,NA,NA,"1 Yes",30,70,13,"Harris"
"809","Female",62,"4 Arizona","11 40,000 to 49,999",10,"3 Separated","1 Yes","0 No","100",NA,NA,NA,"1 Yes",0,100,11,NA
"810","Male",54,"4 Arizona","14 75,000 to 99,999",12,"4 Divorced","1 Yes","1 Yes","100",0,100,0,"1 Yes",0,100,14,"Trump"
"811","Male",76,"51 Virginia","16 150,000 or more",13,"1 Married (spouse lives with me)","1 Yes","0 No","95",NA,90,10,"1 Yes",50,50,16,"Trump"
"812","Male",30,"39 Ohio","13 60,000 to 74,999",9,"6 Never married","1 Yes","0 No","100",100,0,0,"1 Yes",50,50,13,"Harris"
"813","Male",34,"39 Ohio","7 20,000 to 24,999",10,"1 Married (spouse lives with me)","1 Yes","0 No","100",0,99,1,"1 Yes",0,1,7,"Trump"
"814","Male",36,"26 Michigan","12 50,000 to 59,999",13,"1 Married (spouse lives with me)","1 Yes","1 Yes","100",0,0,100,"1 Yes",20,70,12,"Other"
"815","Male",61,"46 South Dakota","9 30,000 to 34,999",10,"1 Married (spouse lives with me)","1 Yes","0 No","100",100,0,0,"1 Yes",50,50,9,"Harris"
"816","Male",62,"26 Michigan","16 150,000 or more",10,"1 Married (spouse lives with me)","1 Yes","0 No","100",0,100,0,"1 Yes",50,50,16,"Trump"
"817","Male",71,"26 Michigan","14 75,000 to 99,999",13,"1 Married (spouse lives with me)","1 Yes","1 Yes","100",NA,NA,NA,"1 Yes",15,85,14,NA
"818","Male",72,"26 Michigan","15 100,000 to 149,999",10,"1 Married (spouse lives with me)","1 Yes","0 No","100",NA,NA,NA,"1 Yes",35,65,15,NA
"819","Male",77,"42 Pennsylvania","11 40,000 to 49,999",9,"1 Married (spouse lives with me)","1 Yes","0 No","99",NA,100,NA,"1 Yes",0,100,11,"Trump"
"820","Male",66,"42 Pennsylvania","4 10,000 to 12,499",5,"1 Married (spouse lives with me)","1 Yes","0 No","99",0,100,0,"1 Yes",0,100,4,"Trump"
"821","Male",59,"12 Florida","11 40,000 to 49,999",9,"1 Married (spouse lives with me)","1 Yes","0 No","0",0,0,100,"1 Yes",NA,NA,11,"Other"
"822","Male",58,"12 Florida","6 15,000 to 19,999",10,"6 Never married","1 Yes","1 Yes",".a",NA,NA,NA,"1 Yes",50,50,6,NA
"823","Female",51,"21 Kentucky","11 40,000 to 49,999",10,"1 Married (spouse lives with me)","1 Yes","0 No","0",50,50,NA,"1 Yes",50,50,11,"Trump"
"824","Male",48,"21 Kentucky","11 40,000 to 49,999",10,"4 Divorced","1 Yes","1 Yes","50",0,100,0,"1 Yes",10,90,11,"Trump"
"825","Female",61,"13 Georgia","2 5,000 to 7,499",9,"4 Divorced","1 Yes","0 No","50",100,0,0,"0 No",100,0,2,"Harris"
"826","Female",55,"13 Georgia","7 20,000 to 24,999",7,"1 Married (spouse lives with me)","1 Yes","1 Yes","80",100,0,0,"0 No",100,0,7,"Harris"
"827","Female",38,"13 Georgia","7 20,000 to 24,999",12,"6 Never married","1 Yes","1 Yes","75",100,0,0,"0 No",100,0,7,"Harris"
"828","Female",60,"54 West Virginia","4 10,000 to 12,499",10,"4 Divorced","1 Yes","0 No","100",60,40,NA,"1 Yes",50,50,4,"Harris"
"829","Male",69,"37 North Carolina","13 60,000 to 74,999",14,"6 Never married","1 Yes","1 Yes","100",99,0,1,".e",75,25,13,"Harris"
"830","Male",61,"36 New York","14 75,000 to 99,999",10,"1 Married (spouse lives with me)","1 Yes",".e","100",100,NA,NA,"0 No",100,0,14,"Harris"
"831","Male",73,"37 North Carolina","8 25,000 to 2,999",14,"4 Divorced","1 Yes","0 No","100",NA,NA,NA,"1 Yes",20,80,8,NA
"832","Female",69,"37 North Carolina","14 75,000 to 99,999",11,"1 Married (spouse lives with me)","1 Yes","0 No","100",NA,NA,NA,"1 Yes",30,60,14,NA
"833","Female",69,"51 Virginia","14 75,000 to 99,999",14,"1 Married (spouse lives with me)","1 Yes","0 No","100",100,0,0,"1 Yes",95,5,14,"Harris"
"834","Female",36,"27 Minnesota","9 30,000 to 34,999",11,"6 Never married","1 Yes","1 Yes","75",0,0,100,"1 Yes",25,25,9,"Other"
"835","Male",53,"1 Alabama","7 20,000 to 24,999",10,"4 Divorced","1 Yes","0 No","99",0,100,0,"1 Yes",1,99,7,"Trump"
"836","Female",61,"42 Pennsylvania","13 60,000 to 74,999",14,"1 Married (spouse lives with me)","1 Yes","1 Yes","100",NA,100,NA,"1 Yes",50,50,13,"Trump"
"837","Female",73,"42 Pennsylvania","11 40,000 to 49,999",13,"4 Divorced","1 Yes","0 No","100",NA,NA,NA,"1 Yes",75,25,11,NA
"838","Male",85,"42 Pennsylvania","12 50,000 to 59,999",12,"1 Married (spouse lives with me)","1 Yes","0 No","100",NA,100,NA,"1 Yes",49,51,12,"Trump"
"839","Female",70,"42 Pennsylvania","3 7,500 to 9,999",11,"6 Never married","1 Yes","1 Yes","100",100,NA,NA,"0 No",95,5,3,"Harris"
"840","Female",54,"42 Pennsylvania","15 100,000 to 149,999",14,"1 Married (spouse lives with me)","1 Yes","1 Yes","100",0,100,0,"1 Yes",24,75,15,"Trump"
"841","Female",41,"42 Pennsylvania","14 75,000 to 99,999",13,"6 Never married","1 Yes","1 Yes","95",50,50,0,"1 Yes",50,40,14,"Trump"
"842","Female",71,"12 Florida","13 60,000 to 74,999",13,"1 Married (spouse lives with me)","1 Yes","0 No","100",NA,NA,NA,"1 Yes",20,80,13,NA
"843","Male",69,"28 Mississippi","8 25,000 to 2,999",8,"4 Divorced","1 Yes","0 No","50",61,25,14,"0 No",61,25,8,"Harris"
"844","Female",53,"13 Georgia","13 60,000 to 74,999",10,"4 Divorced","1 Yes","1 Yes","10",100,NA,NA,"0 No",100,0,13,"Harris"
"845","Female",37,"13 Georgia","1 Less than $5,000",9,"6 Never married","1 Yes","0 No","100",100,0,NA,"0 No",100,0,1,"Harris"
"846","Male",51,"27 Minnesota","13 60,000 to 74,999",11,"1 Married (spouse lives with me)","1 Yes","1 Yes","100",NA,100,NA,"1 Yes",25,75,13,"Trump"
"847","Female",66,"27 Minnesota","5 12,500 to 14,999",9,"4 Divorced","1 Yes","0 No","100",100,0,0,"1 Yes",25,75,5,"Harris"
"848","Female",49,"27 Minnesota","16 150,000 or more",10,"1 Married (spouse lives with me)","1 Yes","1 Yes","100",NA,NA,100,"1 Yes",85,10,16,"Other"
"849","Female",74,"19 Iowa","6 15,000 to 19,999",10,"6 Never married","1 Yes","0 No","50",100,0,0,"1 Yes",75,25,6,"Harris"
"850","Female",73,"25 Massachusetts","12 50,000 to 59,999",12,"4 Divorced","1 Yes","1 Yes","100",NA,NA,NA,"1 Yes",100,0,12,NA
"851","Female",54,"25 Massachusetts","11 40,000 to 49,999",13,"6 Never married","1 Yes","1 Yes","100",NA,NA,NA,"1 Yes",75,25,11,NA
"852","Male",36,"41 Oregon","11 40,000 to 49,999",10,"6 Never married","1 Yes","1 Yes","85",95,0,5,"1 Yes",100,0,11,"Harris"
"853","Female",37,"26 Michigan","1 Less than $5,000",9,"4 Divorced","1 Yes","1 Yes","100",NA,NA,NA,"1 Yes",50,50,1,NA
"854","Female",35,"26 Michigan","14 75,000 to 99,999",9,"1 Married (spouse lives with me)","1 Yes","1 Yes","80",0,100,NA,"1 Yes",20,80,14,"Trump"
"855","Female",50,"26 Michigan","15 100,000 to 149,999",9,"1 Married (spouse lives with me)","1 Yes","0 No","100",95,0,5,"0 No",75,0,15,"Harris"
"856","Female",48,"42 Pennsylvania","16 150,000 or more",16,"1 Married (spouse lives with me)","1 Yes","1 Yes","95",100,0,0,"1 Yes",60,40,16,"Harris"
"857","Male",54,"19 Iowa","16 150,000 or more",10,"1 Married (spouse lives with me)","1 Yes","1 Yes","100",0,100,0,"1 Yes",1,99,16,"Trump"
"858","Male",56,"31 Nebraska","16 150,000 or more",13,"1 Married (spouse lives with me)","1 Yes","0 No","100",0,100,0,"1 Yes",10,90,16,"Trump"
"859","Male",61,"55 Wisconsin","11 40,000 to 49,999",13,"5 Widowed","1 Yes","1 Yes","100",0,100,0,"1 Yes",40,60,11,"Trump"
"860","Female",34,"55 Wisconsin","14 75,000 to 99,999",13,"1 Married (spouse lives with me)","1 Yes","1 Yes","100",100,0,0,"1 Yes",60,30,14,"Harris"
"861","Male",44,"55 Wisconsin","14 75,000 to 99,999",11,"1 Married (spouse lives with me)","1 Yes","1 Yes","100",NA,100,NA,"1 Yes",0,100,14,"Trump"
"862","Female",56,"48 Texas","15 100,000 to 149,999",14,"1 Married (spouse lives with me)","1 Yes","1 Yes","100",75,0,25,"1 Yes",40,55,15,"Harris"
"863","Female",63,"42 Pennsylvania","7 20,000 to 24,999",7,"5 Widowed","1 Yes","0 No","100",NA,NA,NA,"0 No",100,0,7,NA
"864","Male",80,"13 Georgia","10 35,000 to 39,999",7,"1 Married (spouse lives with me)","1 Yes","0 No","100",NA,NA,NA,"1 Yes",2,98,10,NA
"865","Male",55,"13 Georgia","15 100,000 to 149,999",13,"1 Married (spouse lives with me)","1 Yes","1 Yes","100",NA,NA,NA,"1 Yes",0,100,15,NA
"866","Female",56,"13 Georgia","9 30,000 to 34,999",10,"1 Married (spouse lives with me)","1 Yes","1 Yes","100",NA,100,NA,"1 Yes",0,100,9,"Trump"
"867","Female",39,"4 Arizona","7 20,000 to 24,999",10,"6 Never married","1 Yes","1 Yes","50",50,0,50,"0 No",50,0,7,"Harris"
"868","Male",68,"4 Arizona","14 75,000 to 99,999",10,"1 Married (spouse lives with me)","1 Yes","0 No","100",52,25,23,"0 No",100,0,14,"Harris"
"869","Male",56,"42 Pennsylvania","14 75,000 to 99,999",9,"1 Married (spouse lives with me)","1 Yes","1 Yes","100",0,100,0,"1 Yes",0,100,14,"Trump"
"870","Male",61,"42 Pennsylvania","11 40,000 to 49,999",10,"1 Married (spouse lives with me)","1 Yes","0 No","100",NA,100,NA,"1 Yes",0,100,11,"Trump"
"871","Female",45,"39 Ohio","13 60,000 to 74,999",12,"4 Divorced","1 Yes","1 Yes","90",0,95,5,"1 Yes",10,80,13,"Trump"
"872","Male",64,"48 Texas","10 35,000 to 39,999",11,"1 Married (spouse lives with me)","1 Yes","0 No","100",20,80,0,"1 Yes",20,80,10,"Trump"
"873","Male",71,"24 Maryland","11 40,000 to 49,999",14,"1 Married (spouse lives with me)","1 Yes","1 Yes","100",0,100,0,"1 Yes",0,100,11,"Trump"
"874","Male",81,"26 Michigan","7 20,000 to 24,999",10,"4 Divorced","1 Yes","0 No","100",NA,NA,NA,"1 Yes",100,0,7,NA
"875","Male",72,"26 Michigan","15 100,000 to 149,999",14,"1 Married (spouse lives with me)","1 Yes","0 No","100",NA,NA,NA,"1 Yes",90,10,15,NA
"876","Male",59,"26 Michigan","14 75,000 to 99,999",10,"1 Married (spouse lives with me)","1 Yes","1 Yes","100",NA,NA,NA,"1 Yes",0,100,14,NA
"877","Male",43,"26 Michigan","6 15,000 to 19,999",10,"2 Married (spouse lives elsewhere)","1 Yes","0 No","50",0,50,50,"1 Yes",20,75,6,"Trump"
"878","Female",71,"26 Michigan","12 50,000 to 59,999",13,"1 Married (spouse lives with me)","1 Yes","0 No","100",NA,NA,NA,"1 Yes",5,95,12,NA
"879","Male",46,"4 Arizona","15 100,000 to 149,999",14,"4 Divorced","1 Yes","1 Yes","100",NA,NA,NA,"1 Yes",0,100,15,NA
"880","Male",59,"10 Delaware","15 100,000 to 149,999",13,"1 Married (spouse lives with me)","1 Yes","1 Yes","100",0,40,60,"1 Yes",40,59,15,"Other"
"881","Male",68,"42 Pennsylvania","10 35,000 to 39,999",12,"6 Never married","1 Yes","0 No","100",0,100,0,"1 Yes",NA,NA,10,"Trump"
"882","Female",33,"37 North Carolina","5 12,500 to 14,999",10,"6 Never married","1 Yes","1 Yes","0",0,0,100,"1 Yes",NA,NA,5,"Other"
"883","Male",43,"37 North Carolina","5 12,500 to 14,999",9,"6 Never married","1 Yes","1 Yes","99",0,100,0,"1 Yes",50,50,5,"Trump"
"884","Female",61,"37 North Carolina","13 60,000 to 74,999",14,"6 Never married","1 Yes","1 Yes","100",NA,NA,NA,"0 No",98,2,13,NA
"885","Female",60,"37 North Carolina","12 50,000 to 59,999",10,"1 Married (spouse lives with me)","1 Yes","0 No","0",100,0,0,"1 Yes",100,0,12,"Harris"
"886","Male",74,"37 North Carolina","15 100,000 to 149,999",13,"1 Married (spouse lives with me)","1 Yes","0 No","100",0,100,0,"1 Yes",15,80,15,"Trump"
"887","Female",63,"48 Texas","12 50,000 to 59,999",13,"1 Married (spouse lives with me)","1 Yes","0 No","100",0,100,0,"1 Yes",0,100,12,"Trump"
"888","Female",24,"13 Georgia","14 75,000 to 99,999",13,"6 Never married","1 Yes","1 Yes","100",0,100,0,"0 No",0,100,14,"Trump"
"889","Female",54,"13 Georgia","16 150,000 or more",11,"1 Married (spouse lives with me)","1 Yes","1 Yes","100",80,20,0,"1 Yes",40,60,16,"Harris"
"890","Male",72,"36 New York","16 150,000 or more",13,"1 Married (spouse lives with me)","1 Yes","0 No","99",0,0,100,"1 Yes",40,60,16,"Other"
"891","Female",35,"17 Illinois","15 100,000 to 149,999",13,"4 Divorced","1 Yes","1 Yes","100",0,100,0,"1 Yes",1,99,15,"Trump"
"892","Male",64,"17 Illinois","16 150,000 or more",10,"1 Married (spouse lives with me)","1 Yes","1 Yes","100",0,100,0,"1 Yes",50,50,16,"Trump"
"893","Male",45,"24 Maryland","16 150,000 or more",14,"1 Married (spouse lives with me)","1 Yes","1 Yes","99",100,0,0,"1 Yes",88,12,16,"Harris"
"894","Female",72,"36 New York","13 60,000 to 74,999",10,"6 Never married","1 Yes","0 No","100",NA,NA,NA,"1 Yes",90,10,13,NA
"895","Male",58,"36 New York","16 150,000 or more",15,"1 Married (spouse lives with me)","1 Yes","1 Yes","100",100,NA,NA,"1 Yes",100,0,16,"Harris"
"896","Female",63,"42 Pennsylvania","7 20,000 to 24,999",10,"5 Widowed","1 Yes","0 No","100",0,100,0,"1 Yes",0,100,7,"Trump"
"897","Male",61,"42 Pennsylvania","16 150,000 or more",13,"3 Separated","1 Yes","1 Yes","100",NA,NA,NA,"1 Yes",20,80,16,NA
"898","Male",49,"42 Pennsylvania","15 100,000 to 149,999",14,"1 Married (spouse lives with me)","1 Yes","1 Yes","99",99,1,0,"1 Yes",50,50,15,"Harris"
"899","Male",67,"42 Pennsylvania","14 75,000 to 99,999",10,"1 Married (spouse lives with me)","1 Yes","1 Yes","100",NA,NA,NA,"1 Yes",19,80,14,NA
"900","Male",42,"42 Pennsylvania","16 150,000 or more",9,"1 Married (spouse lives with me)","1 Yes","1 Yes","100",0,100,0,"1 Yes",10,90,16,"Trump"
"901","Male",72,"42 Pennsylvania","15 100,000 to 149,999",14,"1 Married (spouse lives with me)","1 Yes","1 Yes","100",100,0,0,"1 Yes",40,58,15,"Harris"
"902","Male",66,"42 Pennsylvania","14 75,000 to 99,999",9,"1 Married (spouse lives with me)","1 Yes","1 Yes","100",30,70,0,"1 Yes",55,45,14,"Trump"
"903","Male",44,"42 Pennsylvania","16 150,000 or more",14,"1 Married (spouse lives with me)","1 Yes","1 Yes","100",NA,NA,NA,"1 Yes",52,46,16,NA
"904","Male",63,"6 California","16 150,000 or more",10,"6 Never married","1 Yes","0 No","100",NA,NA,NA,"1 Yes",10,90,16,NA
"905","Male",78,"41 Oregon","15 100,000 to 149,999",14,"1 Married (spouse lives with me)","1 Yes","0 No","100",NA,NA,NA,"1 Yes",100,0,15,NA
"906","Male",69,"41 Oregon","10 35,000 to 39,999",14,"1 Married (spouse lives with me)","1 Yes","0 No","100",100,NA,NA,"1 Yes",98,2,10,"Harris"
"907","Female",43,"1 Alabama","13 60,000 to 74,999",13,"6 Never married","1 Yes","1 Yes","100",100,0,0,"0 No",45,40,13,"Harris"
"908","Female",68,"13 Georgia","7 20,000 to 24,999",11,"4 Divorced","1 Yes","0 No","80",25,75,0,"1 Yes",10,90,7,"Trump"
"909","Female",43,"13 Georgia","14 75,000 to 99,999",13,"1 Married (spouse lives with me)","1 Yes","1 Yes","100",70,20,10,"1 Yes",85,10,14,"Harris"
"910","Female",42,"6 California","16 150,000 or more",14,"1 Married (spouse lives with me)","1 Yes","1 Yes","100",100,NA,NA,"1 Yes",NA,NA,16,"Harris"
"911","Male",58,"20 Kansas","14 75,000 to 99,999",7,"1 Married (spouse lives with me)","1 Yes","1 Yes","25",100,0,0,"1 Yes",25,75,14,"Harris"
"912","Male",48,"4 Arizona","14 75,000 to 99,999",9,"1 Married (spouse lives with me)","1 Yes","0 No","100",NA,NA,NA,"1 Yes",100,0,14,NA
"913","Male",74,"16 Idaho","13 60,000 to 74,999",13,"6 Never married","1 Yes","0 No","100",NA,NA,NA,"1 Yes",43,57,13,NA
"914","Male",38,"19 Iowa","15 100,000 to 149,999",13,"1 Married (spouse lives with me)","1 Yes","1 Yes","100",NA,NA,NA,"1 Yes",4,95,15,NA
"915","Female",33,"20 Kansas","16 150,000 or more",13,"1 Married (spouse lives with me)","1 Yes","1 Yes","98",NA,100,NA,"1 Yes",10,90,16,"Trump"
"916","Female",63,"35 New Mexico","6 15,000 to 19,999",10,"4 Divorced","1 Yes","0 No","100",100,0,0,"1 Yes",80,20,6,"Harris"
"917","Male",39,"35 New Mexico","16 150,000 or more",14,"1 Married (spouse lives with me)","1 Yes","1 Yes","100",80,0,20,"1 Yes",70,30,16,"Harris"
"918","Male",70,"12 Florida","13 60,000 to 74,999",13,"1 Married (spouse lives with me)","1 Yes","1 Yes","100",60,40,NA,"1 Yes",80,20,13,"Harris"
"919","Female",67,"8 Colorado","16 150,000 or more",14,"1 Married (spouse lives with me)","1 Yes","0 No","100",NA,NA,NA,"1 Yes",40,60,16,NA
"920","Female",65,"8 Colorado","14 75,000 to 99,999",14,"4 Divorced","1 Yes","0 No","100",NA,NA,NA,"1 Yes",90,10,14,NA
"921","Female",43,"8 Colorado","16 150,000 or more",14,"1 Married (spouse lives with me)","1 Yes","1 Yes","100",100,NA,NA,"1 Yes",90,10,16,"Harris"
"922","Male",88,"9 Connecticut","15 100,000 to 149,999",9,"5 Widowed","1 Yes","0 No","99",NA,99,1,"1 Yes",50,50,15,"Trump"
"923","Male",70,"9 Connecticut","15 100,000 to 149,999",14,"5 Widowed","1 Yes","0 No","100",1,98,1,"1 Yes",40,60,15,"Trump"
"924","Female",36,"48 Texas","15 100,000 to 149,999",10,"4 Divorced","1 Yes","1 Yes","50",100,NA,NA,"1 Yes",50,50,15,"Harris"
"925","Male",64,"34 New Jersey","16 150,000 or more",12,"1 Married (spouse lives with me)","1 Yes","1 Yes","100",NA,100,NA,"1 Yes",35,65,16,"Trump"
"926","Female",61,"39 Ohio","14 75,000 to 99,999",13,"4 Divorced","1 Yes","1 Yes","100",NA,NA,NA,"1 Yes",20,80,14,NA
"927","Male",56,"39 Ohio","15 100,000 to 149,999",13,"4 Divorced","1 Yes","1 Yes","100",NA,100,NA,"1 Yes",5,95,15,"Trump"
"928","Female",64,"27 Minnesota","14 75,000 to 99,999",13,"1 Married (spouse lives with me)","1 Yes","1 Yes","98",100,0,0,"1 Yes",98,0,14,"Harris"
"929","Female",57,"55 Wisconsin","16 150,000 or more",11,"1 Married (spouse lives with me)","1 Yes","1 Yes","100",20,70,10,"1 Yes",25,60,16,"Trump"
"930","Male",44,"51 Virginia","14 75,000 to 99,999",9,"1 Married (spouse lives with me)","1 Yes","1 Yes","100",0,100,0,"1 Yes",0,100,14,"Trump"
"931","Female",47,"39 Ohio","16 150,000 or more",15,"1 Married (spouse lives with me)","1 Yes","1 Yes","10",0,0,100,"1 Yes",10,89,16,"Other"
"932","Female",64,"35 New Mexico","11 40,000 to 49,999",10,"1 Married (spouse lives with me)","1 Yes","0 No","100",NA,NA,NA,"1 Yes",40,60,11,NA
"933","Female",42,"48 Texas","16 150,000 or more",13,"1 Married (spouse lives with me)","1 Yes","1 Yes","10",70,30,NA,"0 No",50,50,16,"Harris"
"934","Male",47,"8 Colorado","15 100,000 to 149,999",13,"5 Widowed","1 Yes","1 Yes","100",NA,100,NA,"1 Yes",50,50,15,"Trump"
"935","Female",77,"42 Pennsylvania","12 50,000 to 59,999",13,"1 Married (spouse lives with me)","1 Yes","0 No","99",100,NA,NA,"1 Yes",49,50,12,"Harris"
"936","Female",42,"42 Pennsylvania","12 50,000 to 59,999",13,"1 Married (spouse lives with me)","1 Yes","1 Yes","100",NA,NA,NA,"1 Yes",51,49,12,NA
"937","Female",42,"4 Arizona","10 35,000 to 39,999",14,"1 Married (spouse lives with me)","1 Yes","1 Yes","100",NA,NA,NA,"1 Yes",0,100,10,NA
"938","Female",65,"42 Pennsylvania","14 75,000 to 99,999",10,"1 Married (spouse lives with me)","1 Yes","0 No","100",NA,50,50,"1 Yes",45,55,14,"Trump"
"939","Male",68,"12 Florida","13 60,000 to 74,999",10,"1 Married (spouse lives with me)","1 Yes","0 No","100",NA,100,NA,"1 Yes",10,90,13,"Trump"
"940","Male",40,"37 North Carolina","13 60,000 to 74,999",9,"1 Married (spouse lives with me)","1 Yes","1 Yes","100",0,100,0,"1 Yes",20,70,13,"Trump"
"941","Female",44,"42 Pennsylvania","9 30,000 to 34,999",10,"4 Divorced","1 Yes","0 No","100",NA,100,NA,"1 Yes",0,100,9,"Trump"
"942","Female",51,"6 California","16 150,000 or more",8,"1 Married (spouse lives with me)","1 Yes","0 No",".a",NA,NA,NA,"1 Yes",20,75,16,NA
"943","Female",42,"37 North Carolina","15 100,000 to 149,999",14,"1 Married (spouse lives with me)","1 Yes","1 Yes","100",100,0,0,"1 Yes",80,20,15,"Harris"
"944","Male",48,"54 West Virginia","16 150,000 or more",15,"1 Married (spouse lives with me)","1 Yes","1 Yes","100",30,60,10,"1 Yes",30,65,16,"Trump"
"945","Male",74,"26 Michigan","11 40,000 to 49,999",10,"4 Divorced","1 Yes","0 No","99",40,60,NA,"1 Yes",50,50,11,"Trump"
"946","Female",63,"55 Wisconsin","9 30,000 to 34,999",11,"1 Married (spouse lives with me)","1 Yes","0 No","100",100,0,0,"1 Yes",50,50,9,"Harris"
"947","Male",40,"32 Nevada","12 50,000 to 59,999",12,"3 Separated","1 Yes","1 Yes","100",100,0,0,"1 Yes",50,50,12,"Harris"
"948","Female",68,"12 Florida","10 35,000 to 39,999",9,"1 Married (spouse lives with me)","1 Yes","0 No","80",NA,100,NA,"1 Yes",10,90,10,"Trump"
"949","Male",68,"41 Oregon","1 Less than $5,000",13,"6 Never married","1 Yes","0 No","0",0,0,100,"1 Yes",NA,NA,1,"Other"
"950","Female",42,"41 Oregon","15 100,000 to 149,999",9,"1 Married (spouse lives with me)","1 Yes","0 No","100",NA,NA,NA,"1 Yes",10,90,15,NA
"951","Female",44,"45 South Carolina","11 40,000 to 49,999",10,"6 Never married","1 Yes","1 Yes","90",100,0,0,"0 No",100,0,11,"Harris"
"952","Male",59,"42 Pennsylvania","14 75,000 to 99,999",13,"1 Married (spouse lives with me)","1 Yes","1 Yes","100",100,0,0,"1 Yes",49,50,14,"Harris"
"953","Male",77,"42 Pennsylvania","13 60,000 to 74,999",13,"5 Widowed","1 Yes","0 No","100",NA,100,NA,"1 Yes",2,98,13,"Trump"
"954","Male",35,"42 Pennsylvania","14 75,000 to 99,999",14,"1 Married (spouse lives with me)","1 Yes","1 Yes","100",0,0,100,"0 No",0,0,14,"Other"
"955","Female",65,"42 Pennsylvania","5 12,500 to 14,999",9,"6 Never married","1 Yes","0 No","100",NA,NA,NA,"1 Yes",75,20,5,NA
"956","Male",69,"55 Wisconsin","13 60,000 to 74,999",14,"1 Married (spouse lives with me)","1 Yes","1 Yes","100",NA,100,NA,"1 Yes",40,55,13,"Trump"
"957","Female",88,"28 Mississippi","4 10,000 to 12,499",7,"5 Widowed","1 Yes","0 No","100",100,0,0,"0 No",2,98,4,"Harris"
"958","Male",47,"20 Kansas","14 75,000 to 99,999",14,"1 Married (spouse lives with me)","1 Yes","1 Yes","90",10,90,0,"1 Yes",50,50,14,"Trump"
"959","Female",35,"36 New York","1 Less than $5,000",12,"6 Never married","1 Yes","1 Yes","100",100,0,0,"1 Yes",90,10,1,"Harris"
"960","Male",57,"1 Alabama","14 75,000 to 99,999",13,"6 Never married","1 Yes","1 Yes","99",99,0,1,"1 Yes",66,34,14,"Harris"
"961","Female",61,"20 Kansas","14 75,000 to 99,999",10,"1 Married (spouse lives with me)","1 Yes","1 Yes","100",0,100,0,"1 Yes",0,90,14,"Trump"
"962","Female",46,"20 Kansas","13 60,000 to 74,999",9,"1 Married (spouse lives with me)","1 Yes","0 No","90",100,0,0,"1 Yes",50,40,13,"Harris"
"963","Male",40,"21 Kentucky","14 75,000 to 99,999",10,"1 Married (spouse lives with me)","1 Yes","1 Yes","75",0,100,0,"1 Yes",5,95,14,"Trump"
"964","Female",79,"42 Pennsylvania","9 30,000 to 34,999",16,"4 Divorced","1 Yes","0 No","100",NA,NA,NA,"1 Yes",90,10,9,NA
"965","Male",58,"42 Pennsylvania","13 60,000 to 74,999",13,"1 Married (spouse lives with me)","1 Yes","1 Yes","100",NA,NA,NA,"1 Yes",80,20,13,NA
"966","Female",45,"6 California","13 60,000 to 74,999",10,"6 Never married","1 Yes","1 Yes","100",100,0,0,"0 No",70,20,13,"Harris"
"967","Male",69,"36 New York","7 20,000 to 24,999",9,"5 Widowed","1 Yes","0 No","100",NA,100,NA,"0 No",25,75,7,"Trump"
"968","Female",57,"12 Florida","13 60,000 to 74,999",10,"4 Divorced","1 Yes","1 Yes","100",100,NA,NA,"1 Yes",75,25,13,"Harris"
"969","Male",40,"12 Florida","15 100,000 to 149,999",10,"1 Married (spouse lives with me)","1 Yes","1 Yes","100",NA,NA,NA,"1 Yes",30,70,15,NA
"970","Male",68,"54 West Virginia","13 60,000 to 74,999",7,"1 Married (spouse lives with me)","1 Yes","0 No","100",NA,100,NA,"1 Yes",10,90,13,"Trump"
"971","Female",57,"36 New York","3 7,500 to 9,999",9,"6 Never married","1 Yes","0 No","0",0,100,0,"1 Yes",25,65,3,"Trump"
"972","Female",41,"48 Texas","14 75,000 to 99,999",13,"1 Married (spouse lives with me)","1 Yes","1 Yes","100",NA,100,NA,"1 Yes",5,95,14,"Trump"
"973","Male",58,"48 Texas","12 50,000 to 59,999",9,"4 Divorced","1 Yes","1 Yes","50",NA,100,NA,"1 Yes",50,50,12,"Trump"
"974","Male",56,"29 Missouri","15 100,000 to 149,999",13,"1 Married (spouse lives with me)","1 Yes","1 Yes","100",0,0,100,"1 Yes",0,40,15,"Other"
"975","Female",58,"13 Georgia","4 10,000 to 12,499",13,"6 Never married","1 Yes","0 No","100",100,NA,NA,"0 No",60,35,4,"Harris"
"976","Female",56,"36 New York","11 40,000 to 49,999",11,"1 Married (spouse lives with me)","1 Yes","0 No","100",NA,100,NA,"1 Yes",10,90,11,"Trump"
"977","Female",68,"37 North Carolina","8 25,000 to 2,999",12,"4 Divorced","1 Yes","0 No","99",NA,100,NA,"1 Yes",25,75,8,"Trump"
"978","Male",69,"6 California","12 50,000 to 59,999",12,"1 Married (spouse lives with me)","1 Yes","0 No","100",100,NA,NA,"0 No",85,5,12,"Harris"
"979","Female",85,"6 California","15 100,000 to 149,999",10,"1 Married (spouse lives with me)","1 Yes","0 No","100",NA,NA,NA,"1 Yes",75,25,15,NA
"980","Female",36,"6 California","16 150,000 or more",13,"1 Married (spouse lives with me)","1 Yes","0 No","90",99,1,NA,"0 No",90,10,16,"Harris"
"981","Female",38,"6 California","15 100,000 to 149,999",10,"1 Married (spouse lives with me)","1 Yes","1 Yes","100",100,0,0,"1 Yes",60,40,15,"Harris"
"982","Male",81,"20 Kansas","14 75,000 to 99,999",14,"1 Married (spouse lives with me)","1 Yes","0 No","100",NA,NA,NA,"1 Yes",40,55,14,NA
"983","Male",63,"20 Kansas","12 50,000 to 59,999",10,"4 Divorced","1 Yes","0 No","100",NA,NA,NA,"1 Yes",0,100,12,NA
"984","Female",71,"51 Virginia","12 50,000 to 59,999",10,"5 Widowed","1 Yes","1 Yes","100",NA,100,NA,"1 Yes",10,75,12,"Trump"
"985","Male",45,"51 Virginia","11 40,000 to 49,999",9,"3 Separated","1 Yes","1 Yes","100",0,100,0,"1 Yes",0,100,11,"Trump"
"986","Female",63,"51 Virginia","13 60,000 to 74,999",9,"1 Married (spouse lives with me)","1 Yes","0 No","100",20,55,25,"1 Yes",10,70,13,"Trump"
"987","Male",57,"42 Pennsylvania","15 100,000 to 149,999",16,"1 Married (spouse lives with me)","1 Yes","1 Yes","99",100,0,0,"1 Yes",100,0,15,"Harris"
"988","Female",67,"42 Pennsylvania","16 150,000 or more",12,"1 Married (spouse lives with me)","1 Yes","1 Yes","100",NA,NA,NA,"1 Yes",25,75,16,NA
"989","Female",34,"24 Maryland","15 100,000 to 149,999",14,"6 Never married","1 Yes","1 Yes","50",50,0,50,"1 Yes",100,0,15,"Harris"
"990","Female",64,"16 Idaho","12 50,000 to 59,999",9,"1 Married (spouse lives with me)","1 Yes","0 No","0",NA,100,NA,"1 Yes",13,87,12,"Trump"
"991","Female",61,"19 Iowa",".e",11,"1 Married (spouse lives with me)","1 Yes","0 No","100",NA,NA,NA,"1 Yes",2,98,NA,NA
"992","Male",43,"55 Wisconsin","8 25,000 to 2,999",12,"1 Married (spouse lives with me)","1 Yes","0 No","100",100,0,0,"1 Yes",90,10,8,"Harris"
"993","Male",47,"22 Louisiana","15 100,000 to 149,999",13,"1 Married (spouse lives with me)","1 Yes","1 Yes","100",NA,NA,NA,"1 Yes",0,100,15,NA
"994","Female",60,"22 Louisiana","4 10,000 to 12,499",9,"1 Married (spouse lives with me)","1 Yes","0 No","100",0,100,0,"1 Yes",0,100,4,"Trump"
"995","Female",55,"39 Ohio","13 60,000 to 74,999",10,"1 Married (spouse lives with me)","1 Yes","0 No","100",0,100,NA,"1 Yes",0,100,13,"Trump"
"996","Male",64,"26 Michigan","9 30,000 to 34,999",10,"1 Married (spouse lives with me)","1 Yes","0 No","100",NA,100,NA,"1 Yes",NA,NA,9,"Trump"
"997","Female",51,"42 Pennsylvania","14 75,000 to 99,999",13,"1 Married (spouse lives with me)","1 Yes","1 Yes","100",100,0,0,"0 No",79,21,14,"Harris"
"998","Female",64,"42 Pennsylvania","11 40,000 to 49,999",10,"1 Married (spouse lives with me)","1 Yes","0 No","100",NA,NA,NA,"1 Yes",10,90,11,NA
"999","Male",64,"5 Arkansas","5 12,500 to 14,999",9,"6 Never married","1 Yes","0 No","5",75,20,5,"0 No",25,50,5,"Harris"
"1000","Female",55,"5 Arkansas","11 40,000 to 49,999",14,"6 Never married","1 Yes","1 Yes","100",100,NA,NA,"0 No",97,3,11,"Harris"
"1001","Male",54,"47 Tennessee","14 75,000 to 99,999",9,"1 Married (spouse lives with me)","1 Yes","0 No","100",NA,NA,NA,"1 Yes",0,100,14,NA
"1002","Female",75,"48 Texas","14 75,000 to 99,999",14,"6 Never married","1 Yes","0 No","100",NA,100,NA,"1 Yes",5,95,14,"Trump"
"1003","Female",36,"48 Texas","13 60,000 to 74,999",10,"1 Married (spouse lives with me)","1 Yes","1 Yes","50",10,80,10,"1 Yes",5,85,13,"Trump"
"1004","Female",66,"42 Pennsylvania","4 10,000 to 12,499",9,"4 Divorced","1 Yes","1 Yes","100",NA,NA,NA,"1 Yes",70,30,4,NA
"1005","Female",35,"42 Pennsylvania","4 10,000 to 12,499",9,"6 Never married","1 Yes","0 No","100",40,30,30,"1 Yes",90,5,4,"Harris"
"1006","Male",77,"42 Pennsylvania","9 30,000 to 34,999",11,"5 Widowed","1 Yes","0 No","100",NA,NA,NA,"1 Yes",60,40,9,NA
"1007","Male",65,"48 Texas","14 75,000 to 99,999",9,"1 Married (spouse lives with me)","1 Yes","1 Yes","100",0,100,0,"1 Yes",1,99,14,"Trump"
"1008","Female",67,"6 California","16 150,000 or more",13,"1 Married (spouse lives with me)","1 Yes","1 Yes","100",NA,NA,NA,"1 Yes",90,10,16,NA
"1009","Female",51,"6 California","14 75,000 to 99,999",12,"6 Never married","1 Yes","1 Yes","85",95,0,5,"0 No",80,10,14,"Harris"
"1010","Male",63,"53 Washington","12 50,000 to 59,999",11,"1 Married (spouse lives with me)","1 Yes","0 No","100",NA,100,NA,"1 Yes",28,70,12,"Trump"
"1011","Male",67,"53 Washington","13 60,000 to 74,999",10,"6 Never married","1 Yes","0 No","100",100,0,0,"1 Yes",100,0,13,"Harris"
"1012","Female",63,"53 Washington","14 75,000 to 99,999",11,"4 Divorced","1 Yes","1 Yes","100",NA,NA,NA,"1 Yes",39,60,14,NA
"1013","Female",31,"36 New York","14 75,000 to 99,999",10,"1 Married (spouse lives with me)","1 Yes","1 Yes","100",NA,NA,100,"1 Yes",5,95,14,"Other"
"1014","Male",67,"17 Illinois","12 50,000 to 59,999",10,"1 Married (spouse lives with me)","1 Yes","0 No","100",NA,100,NA,"1 Yes",70,30,12,"Trump"
"1015","Female",49,"53 Washington","16 150,000 or more",13,"1 Married (spouse lives with me)","1 Yes","1 Yes","100",100,0,0,"1 Yes",80,20,16,"Harris"
"1016","Female",86,"47 Tennessee","14 75,000 to 99,999",14,"1 Married (spouse lives with me)","1 Yes","0 No","100",NA,NA,NA,"1 Yes",2,98,14,NA
"1017","Male",60,"47 Tennessee","15 100,000 to 149,999",10,"1 Married (spouse lives with me)","1 Yes","1 Yes","100",NA,NA,NA,"1 Yes",100,0,15,NA
"1018","Male",43,"18 Indiana","16 150,000 or more",13,"1 Married (spouse lives with me)","1 Yes","1 Yes","99",0,100,0,"1 Yes",10,85,16,"Trump"
"1019","Male",67,"47 Tennessee","16 150,000 or more",14,"1 Married (spouse lives with me)","1 Yes","1 Yes","0",0,100,NA,"1 Yes",50,50,16,"Trump"
"1020","Female",67,"8 Colorado","8 25,000 to 2,999",10,"1 Married (spouse lives with me)","1 Yes","0 No","100",50,0,50,"1 Yes",40,60,8,"Harris"
"1021","Female",59,"8 Colorado","14 75,000 to 99,999",14,"4 Divorced","1 Yes","1 Yes","100",65,0,35,"1 Yes",65,30,14,"Harris"
"1022","Female",42,"8 Colorado","10 35,000 to 39,999",14,"6 Never married","1 Yes","1 Yes","100",NA,NA,NA,"1 Yes",20,75,10,NA
"1023","Male",51,"8 Colorado","15 100,000 to 149,999",13,"1 Married (spouse lives with me)","1 Yes","1 Yes","100",NA,NA,NA,"1 Yes",0,100,15,NA
"1024","Male",49,"42 Pennsylvania","16 150,000 or more",10,"1 Married (spouse lives with me)","1 Yes","1 Yes","100",NA,100,NA,"1 Yes",0,100,16,"Trump"
"1025","Female",58,"42 Pennsylvania","15 100,000 to 149,999",14,"4 Divorced","1 Yes","1 Yes","50",0,50,50,"1 Yes",25,75,15,"Trump"
"1026","Female",37,"42 Pennsylvania","14 75,000 to 99,999",13,"1 Married (spouse lives with me)","1 Yes","1 Yes","40",20,80,0,"1 Yes",10,90,14,"Trump"
"1027","Female",63,"42 Pennsylvania","5 12,500 to 14,999",9,"4 Divorced","1 Yes","0 No","100",0,100,0,"1 Yes",0,100,5,"Trump"
"1028","Male",77,"42 Pennsylvania","14 75,000 to 99,999",10,"1 Married (spouse lives with me)","1 Yes","0 No","99",95,0,5,"1 Yes",50,45,14,"Harris"
"1029","Female",58,"42 Pennsylvania",".e",9,"1 Married (spouse lives with me)","1 Yes","0 No","100",100,0,0,"1 Yes",50,50,NA,"Harris"
"1030","Male",89,"42 Pennsylvania","12 50,000 to 59,999",11,"5 Widowed","1 Yes","0 No","100",NA,NA,NA,"1 Yes",100,0,12,NA
"1031","Female",80,"48 Texas","12 50,000 to 59,999",10,"1 Married (spouse lives with me)","1 Yes","0 No","100",NA,NA,NA,"1 Yes",0,100,12,NA
"1032","Female",48,"46 South Dakota","14 75,000 to 99,999",9,"1 Married (spouse lives with me)","1 Yes","0 No","90",75,15,10,"1 Yes",40,50,14,"Harris"
"1033","Male",48,"46 South Dakota","15 100,000 to 149,999",13,"1 Married (spouse lives with me)","1 Yes","1 Yes","100",0,100,0,"1 Yes",10,90,15,"Trump"
"1034","Male",63,"32 Nevada","15 100,000 to 149,999",13,"1 Married (spouse lives with me)","1 Yes","0 No","100",NA,100,NA,"1 Yes",0,100,15,"Trump"
"1035","Male",73,"26 Michigan","14 75,000 to 99,999",13,"1 Married (spouse lives with me)","1 Yes","0 No","100",NA,NA,NA,"1 Yes",70,30,14,NA
"1036","Male",79,"48 Texas","14 75,000 to 99,999",13,"1 Married (spouse lives with me)","1 Yes","0 No","100",NA,NA,NA,"1 Yes",60,40,14,NA
"1037","Female",44,"42 Pennsylvania","14 75,000 to 99,999",13,"1 Married (spouse lives with me)","1 Yes","1 Yes","100",NA,NA,NA,"1 Yes",100,0,14,NA
"1038","Male",70,"42 Pennsylvania","9 30,000 to 34,999",9,"1 Married (spouse lives with me)","1 Yes","0 No","99",NA,100,NA,"1 Yes",10,90,9,"Trump"
"1039","Male",28,"35 New Mexico","11 40,000 to 49,999",10,"6 Never married","1 Yes","1 Yes","100",100,0,0,"1 Yes",95,5,11,"Harris"
"1040","Male",39,"55 Wisconsin","15 100,000 to 149,999",9,"1 Married (spouse lives with me)","1 Yes","1 Yes","85",10,10,80,"1 Yes",45,35,15,"Other"
"1041","Female",53,"34 New Jersey","16 150,000 or more",9,"1 Married (spouse lives with me)","1 Yes","0 No","100",0,100,0,"1 Yes",25,75,16,"Trump"
"1042","Male",43,"26 Michigan","16 150,000 or more",14,"6 Never married","1 Yes","1 Yes","100",52,48,0,"1 Yes",70,30,16,"Harris"
"1043","Female",27,"54 West Virginia","8 25,000 to 2,999",9,"1 Married (spouse lives with me)","1 Yes","0 No","0",NA,100,NA,"1 Yes",0,100,8,"Trump"
"1044","Male",60,"47 Tennessee","14 75,000 to 99,999",10,"1 Married (spouse lives with me)","1 Yes","1 Yes","99",0,100,0,"1 Yes",10,90,14,"Trump"
"1045","Male",47,"55 Wisconsin","13 60,000 to 74,999",13,"1 Married (spouse lives with me)","1 Yes","1 Yes","100",NA,NA,NA,"1 Yes",18,82,13,NA
"1046","Female",41,"13 Georgia","13 60,000 to 74,999",9,"1 Married (spouse lives with me)","1 Yes","0 No","90",0,100,0,"1 Yes",0,100,13,"Trump"
"1047","Female",63,"42 Pennsylvania","13 60,000 to 74,999",9,"1 Married (spouse lives with me)","1 Yes","0 No","100",NA,NA,NA,"1 Yes",33,34,13,NA
"1048","Female",47,"39 Ohio","9 30,000 to 34,999",9,"6 Never married","1 Yes","0 No","100",NA,NA,NA,"1 Yes",0,100,9,NA
"1049","Male",45,"27 Minnesota","9 30,000 to 34,999",9,"6 Never married","1 Yes","0 No","75",0,0,100,"0 No",50,50,9,"Other"
"1050","Female",70,"42 Pennsylvania","11 40,000 to 49,999",10,"1 Married (spouse lives with me)","1 Yes","0 No","90",NA,100,NA,"1 Yes",20,80,11,"Trump"
"1051","Female",33,"35 New Mexico","15 100,000 to 149,999",13,"1 Married (spouse lives with me)","1 Yes","1 Yes","20",10,10,80,"1 Yes",10,40,15,"Other"
"1052","Male",61,"26 Michigan","4 10,000 to 12,499",9,"4 Divorced","1 Yes","0 No","80",50,50,NA,"1 Yes",50,50,4,"Trump"
"1053","Male",54,"47 Tennessee","15 100,000 to 149,999",11,"1 Married (spouse lives with me)","1 Yes","1 Yes","100",NA,NA,NA,"1 Yes",15,85,15,NA
"1054","Male",47,"39 Ohio","7 20,000 to 24,999",10,"4 Divorced","1 Yes","1 Yes","50",NA,100,NA,"1 Yes",0,100,7,"Trump"
"1055","Female",43,"9 Connecticut","16 150,000 or more",14,"1 Married (spouse lives with me)","1 Yes","1 Yes","10",10,50,40,"1 Yes",20,80,16,"Trump"
"1056","Male",63,"55 Wisconsin","7 20,000 to 24,999",9,"2 Married (spouse lives elsewhere)","1 Yes","0 No","0",0,50,50,"1 Yes",NA,NA,7,"Trump"
"1057","Female",70,"55 Wisconsin","10 35,000 to 39,999",9,"5 Widowed","1 Yes","0 No","100",0,100,0,"1 Yes",10,90,10,"Trump"
"1058","Female",36,"51 Virginia","12 50,000 to 59,999",13,"6 Never married","1 Yes","1 Yes","50",0,50,50,"0 No",40,40,12,"Trump"
"1059","Male",70,"6 California","13 60,000 to 74,999",10,"1 Married (spouse lives with me)","1 Yes","0 No","100",NA,NA,NA,"1 Yes",0,100,13,NA
"1060","Female",41,"29 Missouri","15 100,000 to 149,999",14,"6 Never married","1 Yes","1 Yes","0",0,100,0,"1 Yes",25,75,15,"Trump"
"1061","Male",63,"12 Florida","15 100,000 to 149,999",13,"1 Married (spouse lives with me)","1 Yes","1 Yes","100",100,0,0,"1 Yes",49,51,15,"Harris"
"1062","Male",60,"32 Nevada","16 150,000 or more",9,"1 Married (spouse lives with me)","1 Yes","1 Yes","100",NA,NA,NA,"1 Yes",2,90,16,NA
"1063","Male",26,"32 Nevada","15 100,000 to 149,999",11,"1 Married (spouse lives with me)","1 Yes","1 Yes","100",NA,100,NA,"1 Yes",0,100,15,"Trump"
"1064","Male",77,"1 Alabama","13 60,000 to 74,999",10,"1 Married (spouse lives with me)","1 Yes","0 No","100",NA,100,NA,"1 Yes",0,100,13,"Trump"
"1065","Male",72,"29 Missouri","12 50,000 to 59,999",10,"4 Divorced","1 Yes","0 No","100",0,0,100,"1 Yes",40,40,12,"Other"
"1066","Female",63,"42 Pennsylvania","7 20,000 to 24,999",12,"1 Married (spouse lives with me)","1 Yes","0 No","100",0,100,0,"1 Yes",50,50,7,"Trump"
"1067","Female",45,"40 Oklahoma","13 60,000 to 74,999",5,"1 Married (spouse lives with me)","1 Yes","1 Yes","100",NA,100,NA,"1 Yes",0,100,13,"Trump"
"1068","Female",89,"40 Oklahoma","11 40,000 to 49,999",9,"5 Widowed","1 Yes","0 No","100",NA,100,NA,"1 Yes",20,80,11,"Trump"
"1069","Male",79,"48 Texas","15 100,000 to 149,999",13,"1 Married (spouse lives with me)","1 Yes","0 No","100",100,0,0,"1 Yes",80,0,15,"Harris"
"1070","Female",71,"48 Texas","4 10,000 to 12,499",12,"5 Widowed","1 Yes","0 No","100",0,100,0,"1 Yes",5,95,4,"Trump"
"1071","Male",45,"48 Texas","9 30,000 to 34,999",10,"6 Never married","1 Yes","0 No","100",100,0,0,"0 No",97,3,9,"Harris"
"1072","Male",81,"19 Iowa","9 30,000 to 34,999",10,"2 Married (spouse lives elsewhere)","1 Yes","0 No","90",90,NA,10,"1 Yes",75,25,9,"Harris"
"1073","Female",57,"21 Kentucky","15 100,000 to 149,999",13,"1 Married (spouse lives with me)","1 Yes","1 Yes","100",0,100,0,"1 Yes",50,50,15,"Trump"
"1074","Female",44,"21 Kentucky","16 150,000 or more",13,"3 Separated","1 Yes","1 Yes","100",0,100,0,"1 Yes",20,80,16,"Trump"
"1075","Female",76,"6 California","16 150,000 or more",13,"1 Married (spouse lives with me)","1 Yes","1 Yes","100",NA,NA,NA,"1 Yes",0,100,16,NA
"1076","Female",54,"18 Indiana","13 60,000 to 74,999",9,"1 Married (spouse lives with me)","1 Yes","0 No","100",NA,100,NA,"1 Yes",0,100,13,"Trump"
"1077","Female",35,"20 Kansas","14 75,000 to 99,999",4,"1 Married (spouse lives with me)","1 Yes","0 No","100",0,100,0,"1 Yes",0,100,14,"Trump"
"1078","Female",51,"46 South Dakota","15 100,000 to 149,999",11,"1 Married (spouse lives with me)","1 Yes","1 Yes","100",9,90,1,"1 Yes",50,50,15,"Trump"
"1079","Male",37,"6 California","16 150,000 or more",13,"1 Married (spouse lives with me)","1 Yes","1 Yes","100",100,NA,NA,"1 Yes",90,10,16,"Harris"
"1080","Female",49,"54 West Virginia","9 30,000 to 34,999",12,"1 Married (spouse lives with me)","1 Yes","1 Yes","100",0,100,NA,"1 Yes",0,100,9,"Trump"
"1081","Female",61,"8 Colorado","15 100,000 to 149,999",16,"1 Married (spouse lives with me)","1 Yes","1 Yes","100",0,100,0,"1 Yes",50,50,15,"Trump"
"1082","Female",68,"13 Georgia","14 75,000 to 99,999",14,"5 Widowed","1 Yes","1 Yes","99",0,100,0,"1 Yes",26,74,14,"Trump"
"1083","Female",68,"13 Georgia","9 30,000 to 34,999",13,"1 Married (spouse lives with me)","1 Yes","0 No","100",NA,NA,NA,"0 No",100,0,9,NA
"1084","Male",51,"37 North Carolina","14 75,000 to 99,999",10,"4 Divorced","1 Yes","1 Yes","100",0,100,0,"1 Yes",2,98,14,"Trump"
"1085","Male",53,"37 North Carolina","1 Less than $5,000",16,"1 Married (spouse lives with me)","1 Yes","0 No","100",NA,NA,NA,"1 Yes",100,0,1,NA
"1086","Female",52,"1 Alabama","12 50,000 to 59,999",10,"4 Divorced","1 Yes","0 No","100",100,NA,NA,"0 No",100,0,12,"Harris"
"1087","Female",70,"36 New York","12 50,000 to 59,999",10,"1 Married (spouse lives with me)","1 Yes","0 No","100",100,0,0,"1 Yes",97,3,12,"Harris"
"1088","Female",59,"37 North Carolina","13 60,000 to 74,999",10,"1 Married (spouse lives with me)","1 Yes","0 No","100",0,100,NA,"1 Yes",40,60,13,"Trump"
"1089","Female",51,"13 Georgia","9 30,000 to 34,999",9,"1 Married (spouse lives with me)","1 Yes","1 Yes","100",NA,NA,NA,"1 Yes",0,100,9,NA
"1090","Female",64,"45 South Carolina","1 Less than $5,000",10,"4 Divorced","1 Yes","0 No","0",0,0,100,"1 Yes",0,0,1,"Other"
"1091","Male",66,"13 Georgia","6 15,000 to 19,999",9,"1 Married (spouse lives with me)","1 Yes","0 No","100",NA,NA,NA,"0 No",NA,NA,6,NA
"1092","Male",47,"42 Pennsylvania","12 50,000 to 59,999",14,"4 Divorced","1 Yes","1 Yes","100",NA,NA,100,"1 Yes",60,40,12,"Other"
"1093","Male",69,"55 Wisconsin","10 35,000 to 39,999",15,"5 Widowed","1 Yes","0 No","100",100,NA,NA,"1 Yes",85,14,10,"Harris"
"1094","Female",57,"55 Wisconsin","16 150,000 or more",12,"1 Married (spouse lives with me)","1 Yes","1 Yes","100",NA,NA,NA,"1 Yes",90,10,16,NA
"1095","Male",34,"55 Wisconsin","15 100,000 to 149,999",13,"1 Married (spouse lives with me)","1 Yes","1 Yes","98",0,100,0,"1 Yes",2,98,15,"Trump"
"1096","Female",48,"21 Kentucky","3 7,500 to 9,999",10,"4 Divorced","1 Yes","0 No","100",NA,100,NA,"1 Yes",0,100,3,"Trump"
"1097","Male",69,"55 Wisconsin","13 60,000 to 74,999",13,"1 Married (spouse lives with me)","1 Yes","0 No","99",NA,100,NA,"1 Yes",5,95,13,"Trump"
"1098","Female",52,"55 Wisconsin","14 75,000 to 99,999",11,"4 Divorced","1 Yes","1 Yes","0",0,100,0,"1 Yes",20,60,14,"Trump"
"1099","Female",46,"39 Ohio","15 100,000 to 149,999",13,"1 Married (spouse lives with me)","1 Yes","1 Yes","100",0,100,0,"1 Yes",10,90,15,"Trump"
"1100","Female",58,"48 Texas","7 20,000 to 24,999",9,"1 Married (spouse lives with me)","1 Yes","1 Yes","100",0,100,0,"0 No",20,80,7,"Trump"
"1101","Female",72,"48 Texas","8 25,000 to 2,999",13,"5 Widowed","1 Yes","0 No","100",100,0,0,"1 Yes",75,25,8,"Harris"
"1102","Female",70,"55 Wisconsin","11 40,000 to 49,999",13,"4 Divorced","1 Yes","0 No","100",100,NA,NA,"1 Yes",50,50,11,"Harris"
"1103","Male",70,"42 Pennsylvania","13 60,000 to 74,999",10,"1 Married (spouse lives with me)","1 Yes","0 No","99",100,0,0,"1 Yes",60,40,13,"Harris"
"1104","Male",72,"4 Arizona","16 150,000 or more",10,"1 Married (spouse lives with me)","1 Yes","0 No","100",NA,NA,NA,"1 Yes",100,0,16,NA
"1105","Male",77,"4 Arizona","15 100,000 to 149,999",15,"1 Married (spouse lives with me)","1 Yes","1 Yes","100",0,100,0,"1 Yes",2,98,15,"Trump"
"1106","Female",64,"13 Georgia","9 30,000 to 34,999",10,"1 Married (spouse lives with me)","1 Yes","0 No","100",100,0,0,"0 No",100,0,9,"Harris"
"1107","Female",80,"13 Georgia","13 60,000 to 74,999",12,"5 Widowed","1 Yes","0 No","100",NA,NA,NA,"1 Yes",0,100,13,NA
"1108","Male",50,"13 Georgia","14 75,000 to 99,999",9,"4 Divorced","1 Yes","1 Yes","100",100,0,0,"0 No",90,10,14,"Harris"
"1109","Male",55,"42 Pennsylvania","15 100,000 to 149,999",11,"6 Never married","1 Yes","1 Yes","100",100,NA,NA,"0 No",100,0,15,"Harris"
"1110","Female",63,"42 Pennsylvania","9 30,000 to 34,999",10,"4 Divorced","1 Yes","1 Yes","100",NA,NA,NA,"0 No",85,15,9,NA
"1111","Female",70,"23 Maine","7 20,000 to 24,999",13,"1 Married (spouse lives with me)","1 Yes","0 No","100",100,0,0,"1 Yes",98,0,7,"Harris"
"1112","Female",58,"42 Pennsylvania","14 75,000 to 99,999",13,"1 Married (spouse lives with me)","1 Yes","0 No","100",50,50,0,"1 Yes",20,80,14,"Trump"
"1113","Female",64,"42 Pennsylvania","13 60,000 to 74,999",13,"4 Divorced","1 Yes","1 Yes","100",100,NA,NA,"1 Yes",100,0,13,"Harris"
"1114","Female",49,"12 Florida","16 150,000 or more",14,"6 Never married","1 Yes","1 Yes","100",0,100,0,"1 Yes",50,40,16,"Trump"
"1115","Female",46,"42 Pennsylvania","12 50,000 to 59,999",13,"6 Never married","1 Yes","1 Yes","95",45,55,0,"1 Yes",75,25,12,"Trump"
"1116","Male",67,"15 Hawaii","9 30,000 to 34,999",13,"6 Never married","1 Yes","1 Yes","100",100,0,0,"1 Yes",80,20,9,"Harris"
"1117","Male",74,"12 Florida","13 60,000 to 74,999",10,"5 Widowed","1 Yes","1 Yes","100",NA,NA,NA,"0 No",75,20,13,NA
"1118","Male",69,"12 Florida","15 100,000 to 149,999",13,"1 Married (spouse lives with me)","1 Yes","1 Yes","99",NA,100,NA,"1 Yes",0,100,15,"Trump"
"1119","Female",53,"1 Alabama","7 20,000 to 24,999",9,"2 Married (spouse lives elsewhere)","1 Yes","1 Yes","100",50,50,0,"0 No",70,30,7,"Trump"
"1120","Female",69,"26 Michigan","10 35,000 to 39,999",10,"1 Married (spouse lives with me)","1 Yes","0 No","100",NA,NA,NA,"1 Yes",7,93,10,NA
"1121","Male",79,"26 Michigan","15 100,000 to 149,999",14,"1 Married (spouse lives with me)","1 Yes","0 No","100",NA,NA,NA,"1 Yes",60,30,15,NA
"1122","Male",77,"26 Michigan","14 75,000 to 99,999",12,"1 Married (spouse lives with me)","1 Yes","0 No","100",NA,NA,NA,"1 Yes",60,40,14,NA
"1123","Male",47,"26 Michigan","9 30,000 to 34,999",12,"1 Married (spouse lives with me)","1 Yes","1 Yes","100",NA,NA,NA,"0 No",0,90,9,NA
"1124","Female",34,"1 Alabama","9 30,000 to 34,999",7,"1 Married (spouse lives with me)","1 Yes","1 Yes","0",0,100,0,"1 Yes",0,100,9,"Trump"
"1125","Male",68,"4 Arizona","14 75,000 to 99,999",13,"1 Married (spouse lives with me)","1 Yes","0 No","100",NA,NA,NA,"1 Yes",100,0,14,NA
"1126","Male",81,"48 Texas","15 100,000 to 149,999",11,"1 Married (spouse lives with me)","1 Yes","0 No","100",0,100,0,"1 Yes",0,100,15,"Trump"
"1127","Female",59,"42 Pennsylvania","15 100,000 to 149,999",13,"3 Separated","1 Yes","1 Yes","100",0,100,0,"1 Yes",10,90,15,"Trump"
"1128","Female",48,"19 Iowa","15 100,000 to 149,999",13,"1 Married (spouse lives with me)","1 Yes","0 No","100",0,100,NA,"1 Yes",15,85,15,"Trump"
"1129","Male",69,"4 Arizona","14 75,000 to 99,999",6,"1 Married (spouse lives with me)","1 Yes","0 No","100",NA,NA,NA,"1 Yes",20,80,14,NA
"1130","Female",51,"4 Arizona","13 60,000 to 74,999",13,"4 Divorced","1 Yes","1 Yes","100",51,49,NA,"1 Yes",55,45,13,"Harris"
"1131","Female",61,"18 Indiana","8 25,000 to 2,999",10,"4 Divorced","1 Yes","1 Yes","100",NA,NA,NA,"1 Yes",1,99,8,NA
"1132","Female",47,"1 Alabama","15 100,000 to 149,999",11,"1 Married (spouse lives with me)","1 Yes","1 Yes","100",0,100,0,"1 Yes",0,100,15,"Trump"
"1133","Female",33,"6 California","8 25,000 to 2,999",10,"1 Married (spouse lives with me)","1 Yes","0 No","100",75,0,25,"1 Yes",50,25,8,"Harris"
"1134","Female",39,"55 Wisconsin","8 25,000 to 2,999",10,"1 Married (spouse lives with me)","1 Yes","1 Yes","99",99,0,1,"1 Yes",60,35,8,"Harris"
"1135","Male",38,"42 Pennsylvania","14 75,000 to 99,999",12,"1 Married (spouse lives with me)","1 Yes","1 Yes","100",1,98,1,"1 Yes",0,100,14,"Trump"
"1136","Female",55,"18 Indiana","6 15,000 to 19,999",11,"4 Divorced","1 Yes","0 No","80",80,20,0,"1 Yes",50,50,6,"Harris"
"1137","Male",78,"12 Florida","13 60,000 to 74,999",5,"1 Married (spouse lives with me)","1 Yes","0 No","100",NA,100,NA,"1 Yes",25,75,13,"Trump"
"1138","Female",55,"46 South Dakota","14 75,000 to 99,999",9,"1 Married (spouse lives with me)","1 Yes","1 Yes","99",NA,100,NA,"1 Yes",20,80,14,"Trump"
"1139","Male",72,"26 Michigan","13 60,000 to 74,999",16,"1 Married (spouse lives with me)","1 Yes","0 No","100",100,NA,NA,"1 Yes",80,20,13,"Harris"
"1140","Female",76,"42 Pennsylvania","13 60,000 to 74,999",9,"1 Married (spouse lives with me)","1 Yes","0 No","100",100,NA,NA,"1 Yes",60,40,13,"Harris"
"1141","Female",77,"26 Michigan","8 25,000 to 2,999",10,"1 Married (spouse lives with me)","1 Yes","0 No","100",NA,NA,NA,"1 Yes",10,80,8,NA
"1142","Male",62,"39 Ohio","13 60,000 to 74,999",9,"6 Never married","1 Yes","0 No","100",100,NA,NA,"1 Yes",70,30,13,"Harris"
"1143","Female",48,"55 Wisconsin","12 50,000 to 59,999",9,"1 Married (spouse lives with me)","1 Yes","1 Yes","100",25,50,25,"1 Yes",0,100,12,"Trump"
"1144","Male",36,"4 Arizona","13 60,000 to 74,999",9,"6 Never married","1 Yes","1 Yes","10",0,0,100,"1 Yes",0,0,13,"Other"
"1145","Female",27,"28 Mississippi","9 30,000 to 34,999",11,"6 Never married","1 Yes","1 Yes","100",100,NA,NA,"0 No",100,0,9,"Harris"
"1146","Female",72,"26 Michigan","13 60,000 to 74,999",12,"1 Married (spouse lives with me)","1 Yes","0 No","100",NA,NA,NA,"1 Yes",95,5,13,NA
"1147","Female",60,"42 Pennsylvania","13 60,000 to 74,999",9,"1 Married (spouse lives with me)","1 Yes","0 No","100",NA,NA,NA,"1 Yes",100,0,13,NA
"1148","Male",40,"42 Pennsylvania","9 30,000 to 34,999",9,"6 Never married","1 Yes","1 Yes","0",0,100,0,"0 No",50,50,9,"Trump"
"1149","Female",60,"42 Pennsylvania","10 35,000 to 39,999",10,"4 Divorced","1 Yes","1 Yes","100",0,100,0,"1 Yes",0,100,10,"Trump"
"1150","Female",46,"26 Michigan","2 5,000 to 7,499",10,"1 Married (spouse lives with me)","1 Yes","1 Yes","95",40,60,NA,"1 Yes",50,50,2,"Trump"
"1151","Male",41,"13 Georgia","4 10,000 to 12,499",9,"1 Married (spouse lives with me)","1 Yes","1 Yes","50",100,NA,NA,"0 No",100,0,4,"Harris"
"1152","Female",29,"41 Oregon","10 35,000 to 39,999",15,"6 Never married","1 Yes","1 Yes","100",100,0,0,"1 Yes",60,30,10,"Harris"
"1153","Female",40,"18 Indiana","14 75,000 to 99,999",9,"1 Married (spouse lives with me)","1 Yes","1 Yes","0",0,50,50,"1 Yes",0,50,14,"Trump"
"1154","Male",39,"26 Michigan","15 100,000 to 149,999",14,"1 Married (spouse lives with me)","1 Yes","1 Yes","100",NA,NA,NA,"1 Yes",70,30,15,NA
"1155","Male",61,"42 Pennsylvania","1 Less than $5,000",9,"4 Divorced","1 Yes","0 No","100",100,0,0,"1 Yes",50,50,1,"Harris"
"1156","Female",62,"16 Idaho","12 50,000 to 59,999",10,"1 Married (spouse lives with me)","1 Yes","0 No","100",0,100,0,"1 Yes",0,100,12,"Trump"
"1157","Male",39,"16 Idaho","4 10,000 to 12,499",10,"6 Never married","1 Yes","0 No","100",0,100,0,"1 Yes",0,100,4,"Trump"
"1158","Female",75,"12 Florida","11 40,000 to 49,999",9,"1 Married (spouse lives with me)","1 Yes","0 No","100",100,NA,NA,"1 Yes",30,70,11,"Harris"
"1159","Female",73,"12 Florida","13 60,000 to 74,999",13,"1 Married (spouse lives with me)","1 Yes","0 No","100",100,NA,NA,"1 Yes",90,10,13,"Harris"
"1160","Female",42,"55 Wisconsin","16 150,000 or more",13,"1 Married (spouse lives with me)","1 Yes","1 Yes","100",100,0,0,"1 Yes",40,50,16,"Harris"
"1161","Female",77,"26 Michigan","15 100,000 to 149,999",14,"1 Married (spouse lives with me)","1 Yes","0 No","100",NA,NA,NA,"1 Yes",85,15,15,NA
"1162","Male",55,"37 North Carolina","15 100,000 to 149,999",6,"4 Divorced","1 Yes","1 Yes","100",NA,NA,NA,"1 Yes",2,98,15,NA
"1163","Female",82,"4 Arizona","16 150,000 or more",16,"6 Never married","1 Yes","0 No","100",NA,NA,NA,"1 Yes",95,5,16,NA
"1164","Female",61,"6 California","10 35,000 to 39,999",10,"1 Married (spouse lives with me)","1 Yes","0 No","100",0,100,0,"1 Yes",1,97,10,"Trump"
"1165","Female",31,"6 California","1 Less than $5,000",9,"6 Never married","1 Yes","1 Yes","100",0,100,0,"1 Yes",25,75,1,"Trump"
"1166","Female",61,"26 Michigan","7 20,000 to 24,999",14,"5 Widowed","1 Yes","0 No","100",NA,100,NA,"1 Yes",5,95,7,"Trump"
"1167","Female",78,"12 Florida","13 60,000 to 74,999",10,"1 Married (spouse lives with me)","1 Yes","0 No","100",NA,NA,NA,"1 Yes",40,60,13,NA
"1168","Female",36,"31 Nebraska","16 150,000 or more",13,"1 Married (spouse lives with me)","1 Yes","1 Yes","100",0,100,0,"1 Yes",0,100,16,"Trump"
"1169","Male",50,"31 Nebraska","4 10,000 to 12,499",10,"1 Married (spouse lives with me)","1 Yes","0 No","50",NA,NA,100,"1 Yes",0,0,4,"Other"
"1170","Male",44,"42 Pennsylvania","14 75,000 to 99,999",11,"1 Married (spouse lives with me)","1 Yes","1 Yes","100",0,100,0,"1 Yes",10,90,14,"Trump"
"1171","Female",68,"26 Michigan","13 60,000 to 74,999",12,"1 Married (spouse lives with me)","1 Yes","0 No","100",NA,NA,NA,"1 Yes",45,40,13,NA
"1172","Female",34,"42 Pennsylvania","15 100,000 to 149,999",14,"1 Married (spouse lives with me)","1 Yes","1 Yes","50",NA,100,NA,"1 Yes",NA,NA,15,"Trump"
"1173","Male",46,"13 Georgia","3 7,500 to 9,999",6,"1 Married (spouse lives with me)","1 Yes","0 No","0",NA,100,NA,"1 Yes",0,100,3,"Trump"
"1174","Female",74,"55 Wisconsin","14 75,000 to 99,999",14,"1 Married (spouse lives with me)","1 Yes","1 Yes","100",0,100,NA,"1 Yes",0,50,14,"Trump"
"1175","Male",55,"39 Ohio","16 150,000 or more",13,"1 Married (spouse lives with me)","1 Yes","0 No","100",100,NA,NA,"1 Yes",100,0,16,"Harris"
"1176","Male",58,"42 Pennsylvania",".e",14,"1 Married (spouse lives with me)","1 Yes","1 Yes","100",NA,NA,NA,"1 Yes",50,50,NA,NA
"1177","Female",45,"42 Pennsylvania","14 75,000 to 99,999",14,"1 Married (spouse lives with me)","1 Yes","1 Yes","100",NA,NA,NA,"1 Yes",93,5,14,NA
"1178","Male",59,"26 Michigan","16 150,000 or more",14,"1 Married (spouse lives with me)","1 Yes","1 Yes","100",100,0,0,"1 Yes",90,10,16,"Harris"
"1179","Female",71,"53 Washington","14 75,000 to 99,999",13,"1 Married (spouse lives with me)","1 Yes","0 No","100",100,NA,NA,"1 Yes",100,0,14,"Harris"
"1180","Male",57,"42 Pennsylvania","12 50,000 to 59,999",9,"1 Married (spouse lives with me)","1 Yes","0 No","100",0,100,0,"1 Yes",2,98,12,"Trump"
"1181","Female",64,"39 Ohio","1 Less than $5,000",9,"5 Widowed","1 Yes","0 No","100",NA,NA,NA,"1 Yes",NA,NA,1,NA
"1182","Male",53,"4 Arizona","12 50,000 to 59,999",10,"6 Never married","1 Yes","1 Yes","0",50,10,40,"1 Yes",10,4,12,"Harris"
"1183","Female",69,"42 Pennsylvania","14 75,000 to 99,999",9,"1 Married (spouse lives with me)","1 Yes","0 No","100",NA,100,NA,"1 Yes",40,40,14,"Trump"
"1184","Male",64,"42 Pennsylvania","14 75,000 to 99,999",13,"1 Married (spouse lives with me)","1 Yes","1 Yes","100",NA,NA,100,"1 Yes",95,5,14,"Other"
"1185","Female",44,"13 Georgia","11 40,000 to 49,999",13,"6 Never married","1 Yes","1 Yes","75",0,90,10,"0 No",40,50,11,"Trump"
"1186","Female",48,"39 Ohio","10 35,000 to 39,999",9,"4 Divorced","1 Yes","1 Yes","100",0,0,100,"1 Yes",50,50,10,"Other"
"1187","Female",41,"42 Pennsylvania","16 150,000 or more",14,"1 Married (spouse lives with me)","1 Yes","1 Yes","100",0,100,NA,"1 Yes",20,80,16,"Trump"
"1188","Female",36,"42 Pennsylvania","15 100,000 to 149,999",16,"1 Married (spouse lives with me)","1 Yes","0 No","100",NA,NA,100,"0 No",25,25,15,"Other"
"1189","Female",68,"40 Oklahoma","13 60,000 to 74,999",9,"1 Married (spouse lives with me)","1 Yes","0 No","100",100,0,0,"1 Yes",15,85,13,"Harris"
"1190","Female",54,"5 Arkansas","14 75,000 to 99,999",13,"1 Married (spouse lives with me)","1 Yes","0 No","100",NA,NA,NA,"1 Yes",0,100,14,NA
"1191","Female",76,"34 New Jersey","15 100,000 to 149,999",12,"1 Married (spouse lives with me)","1 Yes","0 No","99",NA,100,NA,"1 Yes",40,60,15,"Trump"
"1192","Male",50,"39 Ohio","12 50,000 to 59,999",9,"1 Married (spouse lives with me)","1 Yes","1 Yes","100",0,100,0,"1 Yes",5,90,12,"Trump"
"1193","Female",40,"26 Michigan","14 75,000 to 99,999",1,"6 Never married","1 Yes","0 No","100",NA,NA,NA,"1 Yes",0,100,14,NA
"1194","Male",47,"6 California","16 150,000 or more",13,"1 Married (spouse lives with me)","1 Yes","1 Yes","100",100,NA,NA,"1 Yes",50,45,16,"Harris"
"1195","Male",48,"39 Ohio","15 100,000 to 149,999",11,"1 Married (spouse lives with me)","1 Yes","1 Yes","100",0,100,0,"1 Yes",10,80,15,"Trump"
"1196","Female",75,"4 Arizona","14 75,000 to 99,999",9,"5 Widowed","1 Yes","0 No","100",NA,NA,NA,"1 Yes",40,60,14,NA
"1197","Female",27,"48 Texas","14 75,000 to 99,999",14,"6 Never married","1 Yes","1 Yes","0",0,100,0,"1 Yes",10,90,14,"Trump"
"1198","Female",46,"42 Pennsylvania","14 75,000 to 99,999",13,"1 Married (spouse lives with me)","1 Yes","1 Yes","100",100,0,0,"1 Yes",55,45,14,"Harris"
"1199","Female",72,"4 Arizona","15 100,000 to 149,999",10,"1 Married (spouse lives with me)","1 Yes","0 No","100",NA,NA,NA,"1 Yes",48,52,15,NA
"1200","Female",41,"48 Texas","15 100,000 to 149,999",10,"1 Married (spouse lives with me)","1 Yes","0 No","1",0,100,0,"0 No",0,100,15,"Trump"
"1201","Female",34,"37 North Carolina","10 35,000 to 39,999",13,"6 Never married","1 Yes","1 Yes","100",100,NA,NA,"0 No",100,0,10,"Harris"
"1202","Male",50,"4 Arizona","13 60,000 to 74,999",10,"1 Married (spouse lives with me)","1 Yes","1 Yes","100",NA,NA,NA,"1 Yes",0,100,13,NA
"1203","Female",51,"42 Pennsylvania","12 50,000 to 59,999",13,"1 Married (spouse lives with me)","1 Yes","1 Yes","100",0,100,0,"1 Yes",25,60,12,"Trump"
"1204","Female",68,"4 Arizona","15 100,000 to 149,999",13,"1 Married (spouse lives with me)","1 Yes","0 No","100",NA,NA,NA,"1 Yes",80,20,15,NA
"1205","Male",37,"19 Iowa","16 150,000 or more",13,"1 Married (spouse lives with me)","1 Yes","1 Yes","100",100,0,NA,"1 Yes",50,50,16,"Harris"
"1206","Male",62,"12 Florida","12 50,000 to 59,999",10,"1 Married (spouse lives with me)","1 Yes","1 Yes","100",NA,NA,NA,"0 No",98,2,12,NA
"1207","Female",49,"13 Georgia","15 100,000 to 149,999",9,"6 Never married","1 Yes","1 Yes","85",0,100,0,"1 Yes",25,50,15,"Trump"
"1208","Female",69,"39 Ohio","12 50,000 to 59,999",12,"1 Married (spouse lives with me)","1 Yes","1 Yes","100",100,0,0,"1 Yes",20,80,12,"Harris"
"1209","Female",28,"13 Georgia","13 60,000 to 74,999",13,"1 Married (spouse lives with me)","1 Yes","1 Yes","0",0,0,100,"1 Yes",0,90,13,"Other"
"1210","Female",62,"6 California","7 20,000 to 24,999",6,"1 Married (spouse lives with me)","1 Yes","0 No","100",NA,NA,NA,"1 Yes",50,50,7,NA
"1211","Male",59,"17 Illinois","11 40,000 to 49,999",10,"1 Married (spouse lives with me)","1 Yes","1 Yes","100",NA,NA,NA,"1 Yes",40,60,11,NA
"1212","Male",57,"37 North Carolina","12 50,000 to 59,999",10,"1 Married (spouse lives with me)","1 Yes","1 Yes","100",100,NA,NA,"0 No",80,20,12,"Harris"
"1213","Female",66,"6 California","14 75,000 to 99,999",9,"6 Never married","1 Yes","1 Yes","100",NA,NA,NA,"1 Yes",10,90,14,NA
"1214","Female",44,"48 Texas","15 100,000 to 149,999",13,"1 Married (spouse lives with me)","1 Yes","0 No","98",0,100,0,"1 Yes",1,99,15,"Trump"
"1215","Female",55,"37 North Carolina","12 50,000 to 59,999",13,"1 Married (spouse lives with me)","1 Yes","1 Yes","100",2,98,0,"1 Yes",10,90,12,"Trump"
"1216","Male",34,"42 Pennsylvania","8 25,000 to 2,999",10,"6 Never married","1 Yes","1 Yes","100",NA,NA,NA,"1 Yes",75,25,8,NA
"1217","Male",83,"41 Oregon","13 60,000 to 74,999",11,"1 Married (spouse lives with me)","1 Yes","0 No","100",NA,100,NA,"1 Yes",20,70,13,"Trump"
"1218","Female",33,"26 Michigan","13 60,000 to 74,999",13,"1 Married (spouse lives with me)","1 Yes","1 Yes","90",0,0,100,"1 Yes",2,88,13,"Other"
"1219","Female",55,"42 Pennsylvania","14 75,000 to 99,999",6,"1 Married (spouse lives with me)","1 Yes","1 Yes","100",49,49,2,"1 Yes",49,50,14,"Trump"
"1220","Male",44,"28 Mississippi","7 20,000 to 24,999",3,"1 Married (spouse lives with me)","1 Yes","1 Yes","100",0,100,0,"1 Yes",0,100,7,"Trump"
"1221","Female",34,"21 Kentucky","1 Less than $5,000",9,"6 Never married","1 Yes","0 No","100",100,0,0,"1 Yes",NA,NA,1,"Harris"
"1222","Female",72,"4 Arizona","13 60,000 to 74,999",13,"1 Married (spouse lives with me)","1 Yes","0 No","100",NA,NA,NA,"1 Yes",5,95,13,NA
"1223","Female",70,"42 Pennsylvania","13 60,000 to 74,999",9,"1 Married (spouse lives with me)","1 Yes","0 No","100",0,100,0,"1 Yes",25,70,13,"Trump"
"1224","Female",77,"36 New York","16 150,000 or more",14,"1 Married (spouse lives with me)","1 Yes","0 No","100",100,NA,NA,"1 Yes",99,1,16,"Harris"
"1225","Male",50,"26 Michigan","15 100,000 to 149,999",10,"1 Married (spouse lives with me)","1 Yes","1 Yes","100",NA,NA,NA,"1 Yes",0,100,15,NA
"1226","Female",65,"48 Texas","11 40,000 to 49,999",10,"1 Married (spouse lives with me)","1 Yes","1 Yes","100",0,100,0,"1 Yes",10,90,11,"Trump"
"1227","Male",40,"4 Arizona","13 60,000 to 74,999",7,"6 Never married","1 Yes","1 Yes","0",0,0,100,"0 No",73,27,13,"Other"
"1228","Female",46,"48 Texas","7 20,000 to 24,999",9,"1 Married (spouse lives with me)","1 Yes","1 Yes","0",100,0,0,"1 Yes",95,5,7,"Harris"
"1229","Male",69,"17 Illinois","14 75,000 to 99,999",13,"1 Married (spouse lives with me)","1 Yes","0 No","100",0,100,0,"1 Yes",20,80,14,"Trump"
"1230","Female",36,"37 North Carolina","11 40,000 to 49,999",10,"1 Married (spouse lives with me)","1 Yes","0 No","100",0,100,NA,"1 Yes",10,90,11,"Trump"
"1231","Male",74,"12 Florida","12 50,000 to 59,999",14,"4 Divorced","1 Yes","0 No","100",0,100,NA,"1 Yes",20,80,12,"Trump"
"1232","Female",51,"42 Pennsylvania","15 100,000 to 149,999",11,"1 Married (spouse lives with me)","1 Yes","1 Yes","100",0,100,0,"1 Yes",5,95,15,"Trump"
"1233","Female",68,"21 Kentucky","15 100,000 to 149,999",9,"1 Married (spouse lives with me)","1 Yes","0 No","100",100,NA,NA,"1 Yes",80,20,15,"Harris"
"1234","Female",65,"42 Pennsylvania","14 75,000 to 99,999",9,"1 Married (spouse lives with me)","1 Yes","1 Yes","100",20,80,0,"1 Yes",35,65,14,"Trump"
"1235","Female",67,"42 Pennsylvania","10 35,000 to 39,999",9,"1 Married (spouse lives with me)","1 Yes","0 No","10",100,0,0,"1 Yes",40,60,10,"Harris"
"1236","Male",55,"55 Wisconsin","14 75,000 to 99,999",10,"1 Married (spouse lives with me)","1 Yes","1 Yes","0",30,0,70,"1 Yes",30,30,14,"Other"
"1237","Female",60,"4 Arizona","13 60,000 to 74,999",13,"4 Divorced","1 Yes","1 Yes","100",100,NA,NA,"1 Yes",70,30,13,"Harris"
"1238","Male",59,"42 Pennsylvania","15 100,000 to 149,999",9,"1 Married (spouse lives with me)","1 Yes","0 No","100",NA,100,NA,"1 Yes",5,95,15,"Trump"
"1239","Female",25,"45 South Carolina","7 20,000 to 24,999",8,"6 Never married","1 Yes","1 Yes","100",NA,100,NA,"1 Yes",0,100,7,"Trump"
"1240","Female",50,"8 Colorado","11 40,000 to 49,999",11,"1 Married (spouse lives with me)","1 Yes","0 No","99",70,30,NA,"1 Yes",60,40,11,"Harris"
"1241","Female",39,"21 Kentucky","14 75,000 to 99,999",13,"1 Married (spouse lives with me)","1 Yes","0 No","100",0,100,0,"1 Yes",10,90,14,"Trump"
"1242","Female",39,"27 Minnesota","14 75,000 to 99,999",10,"1 Married (spouse lives with me)","1 Yes","1 Yes","100",100,0,0,"1 Yes",95,5,14,"Harris"
"1243","Female",69,"35 New Mexico","13 60,000 to 74,999",13,"1 Married (spouse lives with me)","1 Yes","0 No","100",NA,NA,NA,"1 Yes",50,0,13,NA
"1244","Male",73,"8 Colorado","16 150,000 or more",13,"1 Married (spouse lives with me)","1 Yes","0 No","100",NA,NA,NA,"1 Yes",25,75,16,NA
"1245","Female",82,"37 North Carolina","12 50,000 to 59,999",10,"5 Widowed","1 Yes","0 No","100",0,100,0,"1 Yes",1,99,12,"Trump"
"1246","Female",49,"4 Arizona","15 100,000 to 149,999",13,"1 Married (spouse lives with me)","1 Yes","0 No","100",NA,NA,NA,"1 Yes",60,40,15,NA
"1247","Male",27,"28 Mississippi","9 30,000 to 34,999",12,"6 Never married","1 Yes","1 Yes","0",30,30,40,"0 No",NA,NA,9,"Other"
"1248","Female",28,"28 Mississippi","1 Less than $5,000",9,"6 Never married","1 Yes","0 No","50",50,20,30,"0 No",NA,NA,1,"Harris"
"1249","Male",34,"18 Indiana","6 15,000 to 19,999",6,"6 Never married","1 Yes","0 No","80",0,95,5,"1 Yes",NA,NA,6,"Trump"
"1250","Female",49,"12 Florida","15 100,000 to 149,999",14,"4 Divorced","1 Yes","1 Yes","100",0,0,100,"1 Yes",20,79,15,"Other"
"1251","Male",43,"37 North Carolina","11 40,000 to 49,999",10,"1 Married (spouse lives with me)","1 Yes","1 Yes","100",100,0,0,"0 No",25,75,11,"Harris"
"1252","Male",60,"48 Texas","4 10,000 to 12,499",9,"1 Married (spouse lives with me)","1 Yes","0 No","40",0,100,0,"1 Yes",0,100,4,"Trump"
"1253","Female",41,"26 Michigan","15 100,000 to 149,999",12,"1 Married (spouse lives with me)","1 Yes","1 Yes","100",0,100,0,"1 Yes",5,95,15,"Trump"
"1254","Male",50,"42 Pennsylvania","14 75,000 to 99,999",9,"6 Never married","1 Yes","1 Yes","100",NA,100,NA,"1 Yes",50,50,14,"Trump"
"1255","Female",25,"24 Maryland","11 40,000 to 49,999",10,"6 Never married","1 Yes","1 Yes","0",0,0,100,"0 No",NA,NA,11,"Other"
"1256","Male",37,"17 Illinois","1 Less than $5,000",7,"6 Never married","1 Yes","1 Yes","50",50,25,25,"1 Yes",25,40,1,"Harris"
"1257","Female",86,"4 Arizona","11 40,000 to 49,999",10,"1 Married (spouse lives with me)","1 Yes","0 No","100",NA,NA,NA,"1 Yes",25,70,11,NA
"1258","Female",57,"26 Michigan","15 100,000 to 149,999",12,"1 Married (spouse lives with me)","1 Yes","1 Yes","100",0,100,0,"1 Yes",25,75,15,"Trump"
"1259","Male",61,"37 North Carolina","11 40,000 to 49,999",9,"4 Divorced","1 Yes",".e","100",0,100,0,"0 No",30,70,11,"Trump"
"1260","Male",26,"13 Georgia","12 50,000 to 59,999",10,"6 Never married","1 Yes","1 Yes","100",100,NA,NA,"0 No",100,0,12,"Harris"
"1261","Female",71,"56 Wyoming","15 100,000 to 149,999",9,"1 Married (spouse lives with me)","1 Yes","0 No","50",NA,100,NA,"1 Yes",90,0,15,"Trump"
"1262","Female",72,"48 Texas","11 40,000 to 49,999",9,"1 Married (spouse lives with me)","1 Yes","0 No","100",0,100,0,"1 Yes",0,100,11,"Trump"
"1263","Female",53,"42 Pennsylvania","16 150,000 or more",11,"1 Married (spouse lives with me)","1 Yes","1 Yes","100",NA,100,NA,"1 Yes",0,100,16,"Trump"
"1264","Female",40,"36 New York","16 150,000 or more",14,"1 Married (spouse lives with me)","1 Yes","1 Yes","100",NA,100,NA,"1 Yes",0,100,16,"Trump"
"1265","Female",72,"42 Pennsylvania","11 40,000 to 49,999",9,"5 Widowed","1 Yes","0 No","100",NA,NA,NA,"1 Yes",65,35,11,NA
"1266","Male",64,"26 Michigan","15 100,000 to 149,999",13,"1 Married (spouse lives with me)","1 Yes","1 Yes","100",NA,NA,NA,"1 Yes",50,50,15,NA
"1267","Male",58,"55 Wisconsin","16 150,000 or more",11,"1 Married (spouse lives with me)","1 Yes","1 Yes","100",NA,NA,NA,"1 Yes",50,50,16,NA
"1268","Male",71,"26 Michigan","14 75,000 to 99,999",11,"1 Married (spouse lives with me)","1 Yes","0 No","100",NA,100,NA,"1 Yes",1,99,14,"Trump"
"1269","Female",59,"31 Nebraska","14 75,000 to 99,999",9,"4 Divorced","1 Yes","1 Yes","100",100,0,0,"1 Yes",90,5,14,"Harris"
"1270","Female",29,"12 Florida","14 75,000 to 99,999",14,"1 Married (spouse lives with me)","1 Yes","1 Yes","0",NA,NA,100,"1 Yes",0,100,14,"Other"
"1271","Female",70,"42 Pennsylvania","14 75,000 to 99,999",11,"1 Married (spouse lives with me)","1 Yes","0 No","100",100,0,0,"1 Yes",45,45,14,"Harris"
"1272","Male",35,"48 Texas","1 Less than $5,000",11,"6 Never married","1 Yes","1 Yes","80",100,NA,NA,"1 Yes",100,0,1,"Harris"
"1273","Female",55,"19 Iowa","14 75,000 to 99,999",9,"1 Married (spouse lives with me)","1 Yes","0 No","100",0,75,25,"1 Yes",40,40,14,"Trump"
"1274","Female",54,"16 Idaho","9 30,000 to 34,999",9,"1 Married (spouse lives with me)","1 Yes","1 Yes","90",0,100,0,"1 Yes",25,75,9,"Trump"
"1275","Female",67,"17 Illinois","13 60,000 to 74,999",13,"1 Married (spouse lives with me)","1 Yes","0 No","95",0,75,25,"1 Yes",50,50,13,"Trump"
"1276","Male",76,"19 Iowa","7 20,000 to 24,999",9,"1 Married (spouse lives with me)","1 Yes","1 Yes","100",NA,NA,NA,"1 Yes",0,100,7,NA
"1277","Female",60,"37 North Carolina","6 15,000 to 19,999",9,"6 Never married","1 Yes","0 No","0",40,40,20,"1 Yes",30,60,6,"Trump"
"1278","Female",53,"6 California","14 75,000 to 99,999",12,"6 Never married","1 Yes","1 Yes","98",40,50,10,"1 Yes",50,50,14,"Trump"
"1279","Female",76,"6 California","16 150,000 or more",14,"5 Widowed","1 Yes","0 No","100",100,NA,NA,"1 Yes",85,15,16,"Harris"
"1280","Female",78,"6 California","1 Less than $5,000",13,"1 Married (spouse lives with me)","1 Yes","0 No","100",100,0,0,"0 No",85,10,1,"Harris"
"1281","Male",48,"6 California","15 100,000 to 149,999",13,"6 Never married","1 Yes","1 Yes","75",NA,100,NA,"1 Yes",25,75,15,"Trump"
"1282","Female",78,"6 California","15 100,000 to 149,999",13,"1 Married (spouse lives with me)","1 Yes","0 No","100",100,NA,NA,"1 Yes",92,8,15,"Harris"
"1283","Male",29,"6 California","14 75,000 to 99,999",13,"6 Never married","1 Yes","1 Yes","100",NA,100,NA,"1 Yes",45,45,14,"Trump"
"1284","Male",29,"6 California","16 150,000 or more",13,"1 Married (spouse lives with me)","1 Yes","1 Yes","100",NA,100,NA,"1 Yes",40,60,16,"Trump"
"1285","Male",42,"29 Missouri","16 150,000 or more",13,"1 Married (spouse lives with me)","1 Yes","1 Yes","100",100,0,0,"1 Yes",55,45,16,"Harris"
"1286","Female",59,"53 Washington","13 60,000 to 74,999",12,"1 Married (spouse lives with me)","1 Yes","1 Yes","0",100,0,0,"0 No",50,20,13,"Harris"
"1287","Female",52,"32 Nevada","15 100,000 to 149,999",15,"1 Married (spouse lives with me)","1 Yes","0 No","100",0,100,0,"1 Yes",0,100,15,"Trump"
"1288","Female",78,"32 Nevada","12 50,000 to 59,999",10,"1 Married (spouse lives with me)","1 Yes","0 No","100",NA,NA,NA,"1 Yes",10,90,12,NA
"1289","Male",61,"32 Nevada","12 50,000 to 59,999",10,"1 Married (spouse lives with me)","1 Yes","1 Yes","100",0,100,0,"1 Yes",20,80,12,"Trump"
"1290","Male",34,"42 Pennsylvania","14 75,000 to 99,999",10,"6 Never married","1 Yes","1 Yes","100",0,100,0,"1 Yes",20,80,14,"Trump"
"1291","Male",69,"12 Florida","15 100,000 to 149,999",13,"1 Married (spouse lives with me)","1 Yes","0 No","100",NA,NA,NA,"1 Yes",15,85,15,NA
"1292","Male",73,"47 Tennessee","11 40,000 to 49,999",10,"1 Married (spouse lives with me)","1 Yes","0 No","100",NA,100,NA,"1 Yes",10,90,11,"Trump"
"1293","Female",46,"47 Tennessee","16 150,000 or more",10,"1 Married (spouse lives with me)","1 Yes","1 Yes","100",33,33,34,"1 Yes",15,65,16,"Other"
"1294","Female",54,"47 Tennessee","4 10,000 to 12,499",9,"4 Divorced","1 Yes","1 Yes","0",0,0,100,"1 Yes",0,100,4,"Other"
"1295","Female",76,"37 North Carolina","11 40,000 to 49,999",13,"4 Divorced","1 Yes","0 No","100",NA,NA,NA,"1 Yes",100,0,11,NA
"1296","Female",74,"37 North Carolina","15 100,000 to 149,999",13,"5 Widowed","1 Yes","0 No","100",100,0,0,"1 Yes",100,0,15,"Harris"
"1297","Female",53,"36 New York","16 150,000 or more",13,"1 Married (spouse lives with me)","1 Yes","0 No","100",100,NA,NA,"1 Yes",100,0,16,"Harris"
"1298","Female",58,"36 New York","16 150,000 or more",14,"4 Divorced","1 Yes","1 Yes","100",NA,NA,NA,"1 Yes",50,50,16,NA
"1299","Female",49,"36 New York","15 100,000 to 149,999",14,"6 Never married","1 Yes","1 Yes","100",0,100,0,"1 Yes",25,75,15,"Trump"
"1300","Female",44,"36 New York","13 60,000 to 74,999",9,"3 Separated","1 Yes","0 No","80",0,0,100,"1 Yes",20,30,13,"Other"
"1301","Female",72,"26 Michigan","15 100,000 to 149,999",13,"1 Married (spouse lives with me)","1 Yes","0 No","100",NA,100,NA,"1 Yes",10,90,15,"Trump"
"1302","Male",62,"37 North Carolina","13 60,000 to 74,999",13,"6 Never married","1 Yes","0 No","100",100,0,0,"0 No",60,40,13,"Harris"
"1303","Male",39,"49 Utah","13 60,000 to 74,999",14,"6 Never married","1 Yes","1 Yes","100",NA,NA,NA,"1 Yes",25,70,13,NA
"1304","Female",43,"49 Utah","13 60,000 to 74,999",10,"6 Never married","1 Yes","0 No","100",NA,NA,NA,"1 Yes",10,30,13,NA
"1305","Male",42,"26 Michigan","9 30,000 to 34,999",13,"3 Separated","1 Yes","1 Yes","0",100,0,0,"1 Yes",49,49,9,"Harris"
"1306","Female",56,"51 Virginia","15 100,000 to 149,999",13,"1 Married (spouse lives with me)","1 Yes","1 Yes","100",NA,100,NA,"1 Yes",25,75,15,"Trump"
"1307","Female",41,"19 Iowa","13 60,000 to 74,999",10,"1 Married (spouse lives with me)","1 Yes","0 No","100",0,100,0,"1 Yes",20,60,13,"Trump"
"1308","Female",57,"12 Florida","16 150,000 or more",13,"1 Married (spouse lives with me)","1 Yes","1 Yes","100",0,100,0,"1 Yes",25,75,16,"Trump"
"1309","Female",55,"12 Florida","13 60,000 to 74,999",10,"6 Never married","1 Yes","1 Yes","100",0,100,0,"1 Yes",10,90,13,"Trump"
"1310","Female",35,"12 Florida","15 100,000 to 149,999",13,"4 Divorced","1 Yes","1 Yes","100",0,100,0,"1 Yes",40,60,15,"Trump"
"1311","Female",85,"13 Georgia",".e",13,"1 Married (spouse lives with me)","1 Yes","0 No","100",NA,NA,NA,"1 Yes",70,30,NA,NA
"1312","Male",43,"48 Texas","16 150,000 or more",14,"1 Married (spouse lives with me)","1 Yes","1 Yes","100",33,33,34,"1 Yes",40,60,16,"Other"
"1313","Female",56,"39 Ohio","16 150,000 or more",12,"4 Divorced","1 Yes","0 No","100",NA,NA,NA,"1 Yes",80,20,16,NA
"1314","Female",76,"39 Ohio","16 150,000 or more",9,"1 Married (spouse lives with me)","1 Yes","0 No","100",NA,NA,NA,"1 Yes",30,70,16,NA
"1315","Female",57,"39 Ohio","13 60,000 to 74,999",14,"5 Widowed","1 Yes","1 Yes","100",100,0,0,"1 Yes",75,25,13,"Harris"
"1316","Male",73,"53 Washington","13 60,000 to 74,999",13,"1 Married (spouse lives with me)","1 Yes","1 Yes","100",100,NA,NA,"1 Yes",NA,NA,13,"Harris"
"1317","Male",75,"25 Massachusetts","16 150,000 or more",15,"1 Married (spouse lives with me)","1 Yes","1 Yes","100",100,0,NA,"1 Yes",70,30,16,"Harris"
"1318","Male",29,"4 Arizona","16 150,000 or more",13,"6 Never married","1 Yes","1 Yes","5",0,100,0,"1 Yes",40,60,16,"Trump"
"1319","Female",61,"13 Georgia","16 150,000 or more",13,"1 Married (spouse lives with me)","1 Yes","1 Yes","99",0,100,0,"1 Yes",5,95,16,"Trump"
"1320","Female",75,"13 Georgia","15 100,000 to 149,999",13,"1 Married (spouse lives with me)","1 Yes","0 No","100",100,NA,NA,".e",59,40,15,"Harris"
"1321","Male",43,"13 Georgia","16 150,000 or more",14,"1 Married (spouse lives with me)","1 Yes","1 Yes","100",NA,NA,NA,"1 Yes",55,40,16,NA
"1322","Female",47,"13 Georgia","14 75,000 to 99,999",13,"4 Divorced","1 Yes","1 Yes","100",NA,NA,NA,"0 No",50,20,14,NA
"1323","Male",38,"13 Georgia","16 150,000 or more",14,"1 Married (spouse lives with me)","1 Yes","1 Yes","100",100,0,0,"0 No",100,0,16,"Harris"
"1324","Female",65,"13 Georgia","15 100,000 to 149,999",14,"1 Married (spouse lives with me)","1 Yes","0 No","100",0,100,0,"1 Yes",10,90,15,"Trump"
"1325","Male",67,"13 Georgia","16 150,000 or more",14,"1 Married (spouse lives with me)","1 Yes","0 No","100",NA,NA,NA,"1 Yes",40,60,16,NA
"1326","Female",44,"13 Georgia","16 150,000 or more",8,"1 Married (spouse lives with me)","1 Yes","1 Yes","90",100,NA,NA,"1 Yes",100,0,16,"Harris"
"1327","Female",57,"13 Georgia","13 60,000 to 74,999",13,"4 Divorced","1 Yes","1 Yes","100",NA,NA,NA,"1 Yes",70,30,13,NA
"1328","Male",43,"13 Georgia","15 100,000 to 149,999",15,"4 Divorced","1 Yes","1 Yes","100",0,100,0,"1 Yes",30,70,15,"Trump"
"1329","Male",88,"12 Florida","16 150,000 or more",16,"1 Married (spouse lives with me)","1 Yes","0 No","100",NA,NA,NA,"1 Yes",100,0,16,NA
"1330","Female",82,"12 Florida","12 50,000 to 59,999",10,"1 Married (spouse lives with me)","1 Yes","0 No","100",NA,NA,NA,"1 Yes",80,20,12,NA
"1331","Female",90,"12 Florida","9 30,000 to 34,999",13,"5 Widowed","1 Yes","0 No","100",NA,NA,NA,"1 Yes",75,25,9,NA
"1332","Male",77,"25 Massachusetts","15 100,000 to 149,999",14,"5 Widowed","1 Yes","0 No","100",100,NA,NA,"1 Yes",100,0,15,"Harris"
"1333","Female",55,"12 Florida","12 50,000 to 59,999",11,"4 Divorced","1 Yes","1 Yes","100",NA,NA,NA,"1 Yes",99,1,12,NA
"1334","Male",78,"12 Florida","13 60,000 to 74,999",13,"1 Married (spouse lives with me)","1 Yes","0 No","100",100,0,0,"1 Yes",50,50,13,"Harris"
"1335","Male",47,"17 Illinois","15 100,000 to 149,999",13,"1 Married (spouse lives with me)","1 Yes","1 Yes","10",0,80,20,"0 No",70,20,15,"Trump"
"1336","Female",45,"17 Illinois","5 12,500 to 14,999",11,"4 Divorced","1 Yes","0 No","100",NA,NA,NA,"1 Yes",50,50,5,NA
"1337","Female",55,"17 Illinois","1 Less than $5,000",7,"6 Never married","1 Yes",".e","1",100,NA,NA,"0 No",100,0,1,"Harris"
"1338","Female",24,"17 Illinois","14 75,000 to 99,999",13,"6 Never married","1 Yes","1 Yes","50",0,100,0,"1 Yes",NA,NA,14,"Trump"
"1339","Female",51,"17 Illinois","6 15,000 to 19,999",10,"6 Never married","1 Yes","1 Yes","100",0,100,0,"0 No",60,40,6,"Trump"
"1340","Male",75,"48 Texas","16 150,000 or more",14,"1 Married (spouse lives with me)","1 Yes","0 No","100",100,0,0,"1 Yes",80,15,16,"Harris"
"1341","Male",77,"26 Michigan","15 100,000 to 149,999",13,"1 Married (spouse lives with me)","1 Yes","0 No","100",NA,NA,NA,"1 Yes",45,55,15,NA
"1342","Female",64,"26 Michigan","12 50,000 to 59,999",13,"1 Married (spouse lives with me)","1 Yes","0 No","100",NA,NA,NA,"1 Yes",80,20,12,NA
"1343","Male",77,"26 Michigan","13 60,000 to 74,999",13,"1 Married (spouse lives with me)","1 Yes","0 No","100",NA,100,NA,"1 Yes",15,85,13,"Trump"
"1344","Female",70,"26 Michigan","16 150,000 or more",13,"1 Married (spouse lives with me)","1 Yes","1 Yes","100",NA,NA,NA,"1 Yes",100,0,16,NA
"1345","Male",86,"26 Michigan","14 75,000 to 99,999",14,"1 Married (spouse lives with me)","1 Yes","0 No","100",100,NA,NA,"1 Yes",100,0,14,"Harris"
"1346","Male",80,"26 Michigan","14 75,000 to 99,999",15,"1 Married (spouse lives with me)","1 Yes","0 No","100",NA,NA,NA,"1 Yes",48,52,14,NA
"1347","Female",57,"26 Michigan","16 150,000 or more",14,"1 Married (spouse lives with me)","1 Yes","1 Yes","100",0,100,NA,"0 No",50,50,16,"Trump"
"1348","Male",74,"26 Michigan","13 60,000 to 74,999",14,"1 Married (spouse lives with me)","1 Yes","0 No","100",NA,NA,NA,"1 Yes",80,20,13,NA
"1349","Female",46,"26 Michigan","16 150,000 or more",14,"1 Married (spouse lives with me)","1 Yes","1 Yes","100",100,0,0,"1 Yes",80,10,16,"Harris"
"1350","Male",66,"45 South Carolina","16 150,000 or more",10,"1 Married (spouse lives with me)","1 Yes","0 No","100",NA,100,NA,"1 Yes",0,100,16,"Trump"
"1351","Female",46,"1 Alabama","10 35,000 to 39,999",9,"4 Divorced","1 Yes","0 No","100",0,100,NA,"1 Yes",0,100,10,"Trump"
"1352","Female",67,"1 Alabama","9 30,000 to 34,999",9,"1 Married (spouse lives with me)","1 Yes","0 No","75",0,100,0,"1 Yes",25,75,9,"Trump"
"1353","Female",80,"49 Utah","6 15,000 to 19,999",10,"5 Widowed","1 Yes","0 No","100",0,100,0,"1 Yes",10,90,6,"Trump"
"1354","Female",82,"49 Utah","7 20,000 to 24,999",10,"5 Widowed","1 Yes","0 No","100",NA,NA,NA,"1 Yes",10,80,7,NA
"1355","Female",69,"35 New Mexico","9 30,000 to 34,999",14,"5 Widowed","1 Yes","0 No","100",0,100,0,"1 Yes",5,95,9,"Trump"
"1356","Female",30,"6 California","16 150,000 or more",13,"1 Married (spouse lives with me)","1 Yes","1 Yes","100",90,NA,10,"1 Yes",55,35,16,"Harris"
"1357","Male",74,"20 Kansas","15 100,000 to 149,999",13,"1 Married (spouse lives with me)","1 Yes","1 Yes","100",100,NA,NA,"1 Yes",75,25,15,"Harris"
"1358","Female",73,"20 Kansas","15 100,000 to 149,999",10,"1 Married (spouse lives with me)","1 Yes","1 Yes","100",100,0,0,"1 Yes",95,5,15,"Harris"
"1359","Female",55,"20 Kansas","13 60,000 to 74,999",12,"1 Married (spouse lives with me)","1 Yes","1 Yes","100",NA,100,NA,"1 Yes",20,80,13,"Trump"
"1360","Male",73,"20 Kansas","12 50,000 to 59,999",15,"1 Married (spouse lives with me)","1 Yes","0 No","100",NA,100,NA,"1 Yes",45,55,12,"Trump"
"1361","Female",52,"45 South Carolina","16 150,000 or more",14,"1 Married (spouse lives with me)","1 Yes","1 Yes","100",100,0,0,"1 Yes",40,60,16,"Harris"
"1362","Male",38,"5 Arkansas","11 40,000 to 49,999",9,"1 Married (spouse lives with me)","1 Yes","1 Yes","100",NA,NA,NA,"1 Yes",0,100,11,NA
"1363","Male",46,"5 Arkansas","14 75,000 to 99,999",14,"1 Married (spouse lives with me)","1 Yes","1 Yes","50",5,10,85,"1 Yes",40,55,14,"Other"
"1364","Male",54,"51 Virginia","16 150,000 or more",14,"1 Married (spouse lives with me)","1 Yes","1 Yes","75",90,0,10,"1 Yes",75,25,16,"Harris"
"1365","Female",66,"51 Virginia","16 150,000 or more",14,"1 Married (spouse lives with me)","1 Yes","0 No","100",NA,NA,NA,"1 Yes",60,35,16,NA
"1366","Female",42,"51 Virginia","11 40,000 to 49,999",9,"2 Married (spouse lives elsewhere)","1 Yes","1 Yes","0",95,0,5,"1 Yes",95,0,11,"Harris"
"1367","Male",75,"51 Virginia","15 100,000 to 149,999",9,"1 Married (spouse lives with me)","1 Yes","0 No","100",NA,NA,NA,"1 Yes",80,20,15,NA
"1368","Female",51,"51 Virginia","13 60,000 to 74,999",14,"4 Divorced","1 Yes","1 Yes","100",NA,NA,NA,"1 Yes",30,70,13,NA
"1369","Female",47,"37 North Carolina","15 100,000 to 149,999",10,"1 Married (spouse lives with me)","1 Yes","1 Yes","100",0,100,0,"1 Yes",2,98,15,"Trump"
"1370","Male",78,"51 Virginia","15 100,000 to 149,999",14,"1 Married (spouse lives with me)","1 Yes","0 No","100",98,0,2,"1 Yes",49,51,15,"Harris"
"1371","Male",47,"51 Virginia","16 150,000 or more",10,"1 Married (spouse lives with me)","1 Yes","1 Yes","90",90,10,0,"1 Yes",85,15,16,"Harris"
"1372","Male",37,"51 Virginia","16 150,000 or more",13,"1 Married (spouse lives with me)","1 Yes","1 Yes","100",0,100,0,"1 Yes",10,89,16,"Trump"
"1373","Female",52,"51 Virginia","14 75,000 to 99,999",13,"4 Divorced","1 Yes","1 Yes","100",NA,NA,NA,"1 Yes",95,5,14,NA
"1374","Male",40,"8 Colorado","12 50,000 to 59,999",12,"1 Married (spouse lives with me)","1 Yes","1 Yes","100",NA,NA,NA,"1 Yes",2,97,12,NA
"1375","Male",66,"51 Virginia","11 40,000 to 49,999",10,"1 Married (spouse lives with me)","1 Yes","0 No","100",100,NA,NA,"1 Yes",50,50,11,"Harris"
"1376","Female",45,"48 Texas","15 100,000 to 149,999",15,"4 Divorced","1 Yes","1 Yes","100",NA,NA,NA,"1 Yes",60,40,15,NA
"1377","Male",55,"48 Texas","16 150,000 or more",14,"1 Married (spouse lives with me)","1 Yes","1 Yes","100",100,NA,NA,"0 No",48,52,16,"Harris"
"1378","Female",64,"48 Texas","14 75,000 to 99,999",14,"4 Divorced","1 Yes","1 Yes","100",100,NA,NA,"0 No",0,100,14,"Harris"
"1379","Male",63,"48 Texas","16 150,000 or more",13,"1 Married (spouse lives with me)","1 Yes","0 No","100",NA,100,NA,"1 Yes",0,100,16,"Trump"
"1380","Male",75,"4 Arizona","7 20,000 to 24,999",16,"1 Married (spouse lives with me)","1 Yes","0 No",".a",NA,NA,NA,"1 Yes",NA,NA,7,NA
"1381","Female",49,"47 Tennessee","10 35,000 to 39,999",14,"1 Married (spouse lives with me)","1 Yes","1 Yes","100",100,NA,NA,"1 Yes",100,0,10,"Harris"
"1382","Female",42,"13 Georgia","12 50,000 to 59,999",13,"2 Married (spouse lives elsewhere)","1 Yes","1 Yes","100",0,20,80,"1 Yes",40,50,12,"Other"
"1383","Male",77,"13 Georgia","12 50,000 to 59,999",12,"1 Married (spouse lives with me)","1 Yes","0 No","100",NA,NA,NA,"1 Yes",15,85,12,NA
"1384","Female",43,"13 Georgia","1 Less than $5,000",9,"1 Married (spouse lives with me)","1 Yes","0 No","0",NA,NA,100,"1 Yes",0,100,1,"Other"
"1385","Male",40,"13 Georgia","13 60,000 to 74,999",13,"1 Married (spouse lives with me)","1 Yes","1 Yes","100",NA,NA,NA,"1 Yes",30,70,13,NA
"1386","Female",38,"13 Georgia","14 75,000 to 99,999",15,"1 Married (spouse lives with me)","1 Yes","1 Yes","100",100,NA,NA,"1 Yes",65,35,14,"Harris"
"1387","Male",50,"13 Georgia","16 150,000 or more",13,"1 Married (spouse lives with me)","1 Yes","1 Yes","100",NA,NA,NA,"1 Yes",10,80,16,NA
"1388","Female",37,"13 Georgia","14 75,000 to 99,999",11,"1 Married (spouse lives with me)","1 Yes","0 No","100",NA,NA,NA,"1 Yes",50,33,14,NA
"1389","Male",74,"13 Georgia","15 100,000 to 149,999",14,"1 Married (spouse lives with me)","1 Yes","0 No","100",NA,NA,NA,"1 Yes",50,50,15,NA
"1390","Male",77,"13 Georgia","15 100,000 to 149,999",10,"1 Married (spouse lives with me)","1 Yes","1 Yes","100",NA,NA,NA,"1 Yes",5,95,15,NA
"1391","Female",38,"17 Illinois","16 150,000 or more",15,"4 Divorced","1 Yes","1 Yes","100",100,0,0,"0 No",99,0,16,"Harris"
"1392","Female",42,"17 Illinois","15 100,000 to 149,999",13,"6 Never married","1 Yes","1 Yes",".a",NA,NA,NA,"1 Yes",NA,NA,15,NA
"1393","Male",64,"17 Illinois","6 15,000 to 19,999",13,"6 Never married","1 Yes","0 No","98",100,0,0,"0 No",100,0,6,"Harris"
"1394","Male",40,"17 Illinois","16 150,000 or more",10,"1 Married (spouse lives with me)","1 Yes","1 Yes","100",100,NA,NA,"1 Yes",100,0,16,"Harris"
"1395","Female",62,"13 Georgia","15 100,000 to 149,999",13,"6 Never married","1 Yes","0 No","100",NA,NA,NA,"1 Yes",15,85,15,NA
"1396","Male",52,"37 North Carolina","15 100,000 to 149,999",9,"1 Married (spouse lives with me)","1 Yes","1 Yes","98",0,100,0,"1 Yes",1,99,15,"Trump"
"1397","Female",33,"37 North Carolina","2 5,000 to 7,499",10,"1 Married (spouse lives with me)","1 Yes","0 No","28",25,50,25,"0 No",25,25,2,"Trump"
"1398","Male",44,"13 Georgia","15 100,000 to 149,999",14,"1 Married (spouse lives with me)","1 Yes","1 Yes","100",NA,NA,NA,"0 No",50,50,15,NA
"1399","Female",55,"37 North Carolina","16 150,000 or more",14,"1 Married (spouse lives with me)","1 Yes","0 No","100",100,NA,NA,"1 Yes",75,25,16,"Harris"
"1400","Female",45,"37 North Carolina","4 10,000 to 12,499",10,"4 Divorced","1 Yes","0 No","0",5,5,90,"1 Yes",40,40,4,"Other"
"1401","Female",40,"37 North Carolina","16 150,000 or more",9,"1 Married (spouse lives with me)","1 Yes","1 Yes","100",0,100,0,"1 Yes",15,80,16,"Trump"
"1402","Female",55,"37 North Carolina","4 10,000 to 12,499",10,"6 Never married","1 Yes","0 No","100",80,5,15,"0 No",50,0,4,"Harris"
"1403","Female",37,"39 Ohio","1 Less than $5,000",10,"1 Married (spouse lives with me)","1 Yes","1 Yes","100",NA,NA,NA,"0 No",50,50,1,NA
"1404","Male",71,"39 Ohio","7 20,000 to 24,999",10,"4 Divorced","1 Yes","0 No","100",100,NA,NA,"1 Yes",100,0,7,"Harris"
"1405","Female",40,"39 Ohio","15 100,000 to 149,999",12,"1 Married (spouse lives with me)","1 Yes","1 Yes","100",NA,100,NA,"1 Yes",30,70,15,"Trump"
"1406","Female",58,"39 Ohio","12 50,000 to 59,999",11,"1 Married (spouse lives with me)","1 Yes","1 Yes","100",0,100,0,"1 Yes",50,50,12,"Trump"
"1407","Male",81,"39 Ohio","12 50,000 to 59,999",16,"1 Married (spouse lives with me)","1 Yes","0 No","100",NA,NA,NA,"1 Yes",78,20,12,NA
"1408","Male",45,"26 Michigan","14 75,000 to 99,999",14,"1 Married (spouse lives with me)","1 Yes","1 Yes","100",NA,NA,NA,"1 Yes",80,10,14,NA
"1409","Female",71,"26 Michigan","11 40,000 to 49,999",14,"4 Divorced","1 Yes","0 No","100",NA,NA,NA,"1 Yes",0,100,11,NA
"1410","Female",79,"26 Michigan","10 35,000 to 39,999",13,"5 Widowed","1 Yes","1 Yes","100",NA,NA,NA,"1 Yes",8,92,10,NA
"1411","Female",59,"26 Michigan","13 60,000 to 74,999",12,"1 Married (spouse lives with me)","1 Yes","1 Yes","100",100,0,0,"1 Yes",100,0,13,"Harris"
"1412","Female",40,"26 Michigan","15 100,000 to 149,999",13,"1 Married (spouse lives with me)","1 Yes","1 Yes","100",0,100,0,"1 Yes",10,90,15,"Trump"
"1413","Male",70,"26 Michigan","6 15,000 to 19,999",11,"6 Never married","1 Yes","0 No","100",NA,NA,NA,"1 Yes",100,0,6,NA
"1414","Female",53,"26 Michigan","13 60,000 to 74,999",10,"1 Married (spouse lives with me)","1 Yes","1 Yes","100",0,100,0,"1 Yes",30,65,13,"Trump"
"1415","Female",47,"26 Michigan","16 150,000 or more",13,"1 Married (spouse lives with me)","1 Yes","0 No","100",100,0,0,"1 Yes",70,30,16,"Harris"
"1416","Male",50,"26 Michigan","11 40,000 to 49,999",13,"1 Married (spouse lives with me)","1 Yes","1 Yes","100",NA,NA,NA,"1 Yes",80,20,11,NA
"1417","Female",52,"26 Michigan","15 100,000 to 149,999",13,"1 Married (spouse lives with me)","1 Yes","1 Yes","100",NA,NA,NA,"1 Yes",70,30,15,NA
"1418","Male",57,"26 Michigan","15 100,000 to 149,999",14,"3 Separated","1 Yes","1 Yes","99",80,0,20,"1 Yes",87,13,15,"Harris"
"1419","Female",73,"26 Michigan","14 75,000 to 99,999",13,"1 Married (spouse lives with me)","1 Yes","0 No","100",NA,NA,NA,"1 Yes",60,40,14,NA
"1420","Male",49,"13 Georgia","16 150,000 or more",13,"1 Married (spouse lives with me)","1 Yes","1 Yes","100",0,100,0,"1 Yes",20,80,16,"Trump"
"1421","Female",41,"4 Arizona","15 100,000 to 149,999",10,"1 Married (spouse lives with me)","1 Yes","1 Yes","100",NA,NA,NA,"1 Yes",10,90,15,NA
"1422","Male",36,"48 Texas","14 75,000 to 99,999",14,"1 Married (spouse lives with me)","1 Yes","1 Yes","100",100,0,0,"1 Yes",80,15,14,"Harris"
"1423","Female",60,"42 Pennsylvania","13 60,000 to 74,999",13,"4 Divorced","1 Yes","1 Yes","100",NA,NA,NA,"1 Yes",40,60,13,NA
"1424","Female",26,"48 Texas","15 100,000 to 149,999",12,"1 Married (spouse lives with me)","1 Yes","0 No","100",0,100,0,"1 Yes",0,100,15,"Trump"
"1425","Female",24,"42 Pennsylvania","15 100,000 to 149,999",13,"6 Never married","1 Yes","0 No","100",100,NA,NA,"1 Yes",80,20,15,"Harris"
"1426","Female",33,"13 Georgia","16 150,000 or more",10,"1 Married (spouse lives with me)","1 Yes","0 No","100",100,0,NA,"1 Yes",75,25,16,"Harris"
"1427","Female",54,"36 New York","5 12,500 to 14,999",10,"4 Divorced","1 Yes","0 No","100",NA,NA,NA,"0 No",100,0,5,NA
"1428","Female",72,"26 Michigan","15 100,000 to 149,999",10,"1 Married (spouse lives with me)","1 Yes","0 No","100",NA,NA,NA,"1 Yes",90,10,15,NA
"1429","Female",26,"13 Georgia","13 60,000 to 74,999",13,"6 Never married","1 Yes","1 Yes","100",100,0,0,"0 No",70,30,13,"Harris"
"1430","Female",61,"42 Pennsylvania","14 75,000 to 99,999",9,"1 Married (spouse lives with me)","1 Yes","0 No","100",0,100,0,"1 Yes",10,90,14,"Trump"
"1431","Female",28,"42 Pennsylvania","14 75,000 to 99,999",9,"6 Never married","1 Yes","1 Yes","100",0,100,0,"1 Yes",20,80,14,"Trump"
"1432","Male",66,"42 Pennsylvania","14 75,000 to 99,999",9,"1 Married (spouse lives with me)","1 Yes","0 No","100",0,100,0,"1 Yes",20,80,14,"Trump"
"1433","Male",41,"9 Connecticut","1 Less than $5,000",6,"1 Married (spouse lives with me)","1 Yes","0 No","0",60,40,0,"1 Yes",50,50,1,"Harris"
"1434","Female",29,"13 Georgia","16 150,000 or more",14,"6 Never married","1 Yes","1 Yes","100",NA,NA,NA,"1 Yes",40,60,16,NA
"1435","Male",56,"37 North Carolina","1 Less than $5,000",9,"4 Divorced","1 Yes","0 No","100",NA,100,NA,"1 Yes",0,80,1,"Trump"
"1436","Male",63,"8 Colorado","14 75,000 to 99,999",14,"1 Married (spouse lives with me)","1 Yes","1 Yes","99",0,100,0,"1 Yes",10,90,14,"Trump"
"1437","Male",30,"13 Georgia","16 150,000 or more",6,"1 Married (spouse lives with me)","1 Yes","1 Yes","100",NA,100,NA,"1 Yes",25,75,16,"Trump"
"1438","Female",60,"34 New Jersey","13 60,000 to 74,999",10,"5 Widowed","1 Yes","0 No","100",NA,NA,NA,"1 Yes",100,0,13,NA
"1439","Female",63,"48 Texas","10 35,000 to 39,999",10,"1 Married (spouse lives with me)","1 Yes","0 No","100",0,0,100,"1 Yes",0,100,10,"Other"
"1440","Female",29,"10 Delaware","16 150,000 or more",9,"6 Never married","1 Yes","1 Yes","50",0,0,100,"1 Yes",30,70,16,"Other"
"1441","Female",68,"47 Tennessee","13 60,000 to 74,999",10,"1 Married (spouse lives with me)","1 Yes","0 No","100",NA,100,NA,"1 Yes",5,95,13,"Trump"
"1442","Male",75,"26 Michigan","13 60,000 to 74,999",9,"1 Married (spouse lives with me)","1 Yes","0 No","100",NA,100,NA,"1 Yes",0,100,13,"Trump"
"1443","Female",69,"18 Indiana","11 40,000 to 49,999",11,"1 Married (spouse lives with me)","1 Yes","0 No","100",0,100,0,"1 Yes",0,100,11,"Trump"
"1444","Female",55,"48 Texas","15 100,000 to 149,999",13,"1 Married (spouse lives with me)","1 Yes","1 Yes","100",NA,NA,NA,"1 Yes",50,50,15,NA
"1445","Male",28,"51 Virginia","1 Less than $5,000",12,"6 Never married","1 Yes","0 No","100",50,50,0,"1 Yes",50,50,1,"Trump"
"1446","Male",62,"13 Georgia","10 35,000 to 39,999",5,"5 Widowed","1 Yes","0 No","0",0,0,100,"1 Yes",0,100,10,"Other"
"1447","Male",37,"49 Utah","13 60,000 to 74,999",10,"1 Married (spouse lives with me)","1 Yes","1 Yes","100",0,99,1,"1 Yes",10,90,13,"Trump"
"1448","Female",65,"36 New York","12 50,000 to 59,999",13,"1 Married (spouse lives with me)","1 Yes","1 Yes","100",0,100,0,"1 Yes",20,80,12,"Trump"
"1449","Male",30,"23 Maine","11 40,000 to 49,999",9,"6 Never married","1 Yes","0 No","5",50,0,50,"1 Yes",50,0,11,"Harris"
"1450","Male",37,"48 Texas","10 35,000 to 39,999",9,"1 Married (spouse lives with me)","1 Yes","1 Yes","0",50,50,NA,"1 Yes",50,50,10,"Trump"
"1451","Female",77,"18 Indiana","14 75,000 to 99,999",10,"5 Widowed","1 Yes","0 No","100",NA,NA,NA,"1 Yes",5,95,14,NA
"1452","Female",48,"26 Michigan","7 20,000 to 24,999",10,"6 Never married","1 Yes","0 No","100",NA,NA,NA,"1 Yes",1,99,7,NA
"1453","Female",42,"20 Kansas","4 10,000 to 12,499",9,"4 Divorced","1 Yes","0 No","0",25,25,50,"1 Yes",NA,NA,4,"Other"
"1454","Female",48,"42 Pennsylvania","10 35,000 to 39,999",9,"1 Married (spouse lives with me)","1 Yes","1 Yes","100",NA,100,NA,"1 Yes",1,99,10,"Trump"
"1455","Female",23,"48 Texas","7 20,000 to 24,999",13,"6 Never married","1 Yes","1 Yes","100",100,0,0,"1 Yes",100,0,7,"Harris"
"1456","Female",46,"48 Texas","10 35,000 to 39,999",12,"3 Separated","1 Yes","1 Yes","50",0,100,NA,"1 Yes",0,100,10,"Trump"
"1457","Male",41,"48 Texas","13 60,000 to 74,999",10,"1 Married (spouse lives with me)","1 Yes","1 Yes","100",NA,NA,NA,"1 Yes",50,50,13,NA
"1458","Male",52,"34 New Jersey","14 75,000 to 99,999",13,"4 Divorced","1 Yes","1 Yes","0",100,0,0,"0 No",90,10,14,"Harris"
"1459","Female",34,"6 California","10 35,000 to 39,999",10,"1 Married (spouse lives with me)","1 Yes","1 Yes","90",0,100,0,"0 No",20,80,10,"Trump"
"1460","Female",40,"6 California","16 150,000 or more",15,"1 Married (spouse lives with me)","1 Yes","1 Yes","99",0,100,0,"1 Yes",40,50,16,"Trump"
"1461","Female",75,"29 Missouri","13 60,000 to 74,999",9,"1 Married (spouse lives with me)","1 Yes","0 No","100",NA,NA,100,"1 Yes",50,50,13,"Other"
"1462","Female",38,"29 Missouri","16 150,000 or more",13,"1 Married (spouse lives with me)","1 Yes","1 Yes","100",0,100,0,"1 Yes",45,55,16,"Trump"
"1463","Male",57,"13 Georgia","10 35,000 to 39,999",11,"6 Never married","1 Yes","1 Yes","100",0,100,0,"1 Yes",1,99,10,"Trump"
"1464","Female",47,"13 Georgia","10 35,000 to 39,999",10,"4 Divorced","1 Yes","1 Yes","50",0,0,100,"1 Yes",NA,NA,10,"Other"
"1465","Male",53,"13 Georgia","12 50,000 to 59,999",14,"4 Divorced","1 Yes","1 Yes","100",NA,NA,NA,"0 No",75,25,12,NA
"1466","Female",41,"13 Georgia","16 150,000 or more",15,"1 Married (spouse lives with me)","1 Yes","1 Yes","100",NA,NA,NA,"0 No",90,10,16,NA
"1467","Female",58,"12 Florida","14 75,000 to 99,999",10,"1 Married (spouse lives with me)","1 Yes","0 No","100",NA,NA,NA,"1 Yes",99,1,14,NA
"1468","Female",62,"13 Georgia","2 5,000 to 7,499",10,"4 Divorced","1 Yes","0 No","0",100,0,0,"0 No",100,0,2,"Harris"
"1469","Female",36,"13 Georgia","9 30,000 to 34,999",10,"6 Never married","1 Yes","1 Yes","0",NA,NA,100,"0 No",NA,NA,9,"Other"
"1470","Female",62,"13 Georgia","16 150,000 or more",13,"1 Married (spouse lives with me)","1 Yes","1 Yes","100",NA,NA,NA,"0 No",100,0,16,NA
"1471","Female",48,"32 Nevada","16 150,000 or more",13,"4 Divorced","1 Yes","1 Yes","100",NA,NA,NA,"0 No",80,20,16,NA
"1472","Male",74,"13 Georgia","7 20,000 to 24,999",12,"4 Divorced","1 Yes","0 No","100",NA,100,NA,"1 Yes",20,80,7,"Trump"
"1473","Female",31,"13 Georgia","11 40,000 to 49,999",10,"1 Married (spouse lives with me)","1 Yes","1 Yes","30",25,55,20,"1 Yes",50,50,11,"Trump"
"1474","Female",50,"13 Georgia","1 Less than $5,000",10,"1 Married (spouse lives with me)","1 Yes","1 Yes","90",40,40,20,"0 No",50,50,1,"Trump"
"1475","Female",57,"13 Georgia","11 40,000 to 49,999",10,"6 Never married","1 Yes","1 Yes","100",100,0,0,"0 No",100,0,11,"Harris"
"1476","Female",38,"47 Tennessee","16 150,000 or more",14,"1 Married (spouse lives with me)","1 Yes","0 No","100",NA,NA,NA,"0 No",30,70,16,NA
"1477","Female",35,"47 Tennessee","1 Less than $5,000",5,"6 Never married","1 Yes","1 Yes","0",15,0,85,"1 Yes",NA,NA,1,"Other"
"1478","Male",45,"47 Tennessee",".e",NA,"6 Never married","1 Yes","1 Yes",".e",50,50,NA,"0 No",NA,NA,NA,"Trump"
"1479","Female",55,"17 Illinois","14 75,000 to 99,999",10,"4 Divorced","1 Yes","1 Yes","100",NA,NA,NA,"1 Yes",100,0,14,NA
"1480","Male",74,"18 Indiana","15 100,000 to 149,999",10,"1 Married (spouse lives with me)","1 Yes","0 No","100",50,50,0,"1 Yes",40,60,15,"Trump"
"1481","Female",30,"39 Ohio","12 50,000 to 59,999",16,"6 Never married","1 Yes","1 Yes","100",100,0,0,"1 Yes",90,10,12,"Harris"
"1482","Female",39,"39 Ohio","15 100,000 to 149,999",11,"4 Divorced","1 Yes","1 Yes","100",100,NA,NA,"1 Yes",90,10,15,"Harris"
"1483","Female",49,"39 Ohio","15 100,000 to 149,999",10,"1 Married (spouse lives with me)","1 Yes","1 Yes","100",0,100,0,"1 Yes",0,100,15,"Trump"
"1484","Male",76,"39 Ohio","9 30,000 to 34,999",10,"4 Divorced","1 Yes","0 No","100",NA,NA,NA,"1 Yes",1,99,9,NA
"1485","Male",62,"39 Ohio","15 100,000 to 149,999",10,"1 Married (spouse lives with me)","1 Yes","0 No","100",0,100,0,"1 Yes",5,94,15,"Trump"
"1486","Female",34,"5 Arkansas","15 100,000 to 149,999",13,"6 Never married","1 Yes","1 Yes","100",100,0,0,"0 No",100,0,15,"Harris"
"1487","Female",58,"5 Arkansas","15 100,000 to 149,999",15,"1 Married (spouse lives with me)","1 Yes","1 Yes","100",100,0,NA,"1 Yes",80,20,15,"Harris"
"1488","Male",66,"21 Kentucky","5 12,500 to 14,999",13,"6 Never married","1 Yes","1 Yes","95",90,0,10,"1 Yes",60,40,5,"Harris"
"1489","Male",67,"55 Wisconsin","15 100,000 to 149,999",13,"1 Married (spouse lives with me)","1 Yes","0 No","100",100,0,0,"1 Yes",22,78,15,"Harris"
"1490","Male",77,"55 Wisconsin","14 75,000 to 99,999",12,"1 Married (spouse lives with me)","1 Yes","0 No","65",0,100,NA,"1 Yes",60,40,14,"Trump"
"1491","Female",26,"55 Wisconsin","12 50,000 to 59,999",11,"1 Married (spouse lives with me)","1 Yes","1 Yes","100",NA,NA,100,"1 Yes",40,60,12,"Other"
"1492","Female",75,"55 Wisconsin","15 100,000 to 149,999",15,"1 Married (spouse lives with me)","1 Yes","0 No","99",100,0,0,"1 Yes",80,20,15,"Harris"
"1493","Male",75,"55 Wisconsin","13 60,000 to 74,999",10,"1 Married (spouse lives with me)","1 Yes","0 No","100",NA,NA,NA,"0 No",48,52,13,NA
"1494","Female",66,"19 Iowa","12 50,000 to 59,999",10,"5 Widowed","1 Yes","1 Yes","100",NA,100,NA,"1 Yes",20,80,12,"Trump"
"1495","Female",42,"20 Kansas","6 15,000 to 19,999",13,"1 Married (spouse lives with me)","1 Yes","1 Yes","20",40,60,NA,"1 Yes",60,40,6,"Trump"
"1496","Female",48,"20 Kansas","7 20,000 to 24,999",10,"6 Never married","1 Yes","1 Yes","50",70,30,0,"0 No",100,0,7,"Harris"
"1497","Female",32,"21 Kentucky","10 35,000 to 39,999",11,"1 Married (spouse lives with me)","1 Yes","1 Yes","50",0,50,50,"1 Yes",30,68,10,"Trump"
"1498","Female",63,"21 Kentucky","9 30,000 to 34,999",14,"5 Widowed","1 Yes","0 No","100",100,0,0,"0 No",95,5,9,"Harris"
"1499","Female",34,"21 Kentucky","16 150,000 or more",12,"1 Married (spouse lives with me)","1 Yes","1 Yes","100",100,0,0,"1 Yes",50,50,16,"Harris"
"1500","Female",59,"21 Kentucky","14 75,000 to 99,999",10,"1 Married (spouse lives with me)","1 Yes","1 Yes","100",0,100,0,"1 Yes",10,90,14,"Trump"
"1501","Female",29,"50 Vermont","10 35,000 to 39,999",9,"6 Never married","1 Yes","1 Yes","0",100,0,0,"1 Yes",100,0,10,"Harris"
"1502","Male",78,"39 Ohio","13 60,000 to 74,999",10,"1 Married (spouse lives with me)","1 Yes","1 Yes","100",100,0,0,"1 Yes",75,25,13,"Harris"
"1503","Female",64,"55 Wisconsin","3 7,500 to 9,999",14,"6 Never married","1 Yes","0 No","100",100,0,0,"0 No",90,10,3,"Harris"
"1504","Female",30,"55 Wisconsin","16 150,000 or more",13,"1 Married (spouse lives with me)","1 Yes","1 Yes","15",50,50,0,"1 Yes",60,40,16,"Trump"
"1505","Female",39,"55 Wisconsin","16 150,000 or more",12,"1 Married (spouse lives with me)","1 Yes","1 Yes","100",100,0,0,"1 Yes",40,60,16,"Harris"
"1506","Female",78,"55 Wisconsin","12 50,000 to 59,999",14,"1 Married (spouse lives with me)","1 Yes","0 No","100",0,100,0,"1 Yes",50,50,12,"Trump"
"1507","Male",67,"55 Wisconsin","14 75,000 to 99,999",10,"1 Married (spouse lives with me)","1 Yes","1 Yes","100",100,0,0,"1 Yes",75,25,14,"Harris"
"1508","Female",43,"55 Wisconsin","10 35,000 to 39,999",13,"6 Never married","1 Yes","1 Yes","100",NA,100,NA,"1 Yes",60,40,10,"Trump"
"1509","Female",51,"55 Wisconsin","4 10,000 to 12,499",9,"6 Never married","1 Yes","1 Yes","99",100,NA,NA,"0 No",100,0,4,"Harris"
"1510","Female",66,"55 Wisconsin","13 60,000 to 74,999",13,"1 Married (spouse lives with me)","1 Yes","0 No","100",NA,NA,NA,"1 Yes",100,0,13,NA
"1511","Male",38,"9 Connecticut","13 60,000 to 74,999",13,"6 Never married","1 Yes","1 Yes","50",100,0,0,"1 Yes",67,33,13,"Harris"
"1512","Female",59,"9 Connecticut","1 Less than $5,000",10,"6 Never married","1 Yes","1 Yes","0",0,100,0,"1 Yes",0,0,1,"Trump"
"1513","Female",52,"37 North Carolina","7 20,000 to 24,999",7,"3 Separated","1 Yes","0 No","50",NA,100,NA,"1 Yes",0,80,7,"Trump"
"1514","Female",28,"37 North Carolina","5 12,500 to 14,999",13,"6 Never married","1 Yes","1 Yes","10",70,0,30,"1 Yes",70,5,5,"Harris"
"1515","Female",54,"37 North Carolina","8 25,000 to 2,999",9,"4 Divorced","1 Yes","1 Yes","0",50,30,20,"1 Yes",10,80,8,"Harris"
"1516","Male",40,"55 Wisconsin","1 Less than $5,000",9,"6 Never married","1 Yes","0 No","0",0,0,100,"1 Yes",NA,NA,1,"Other"
"1517","Female",46,"53 Washington","14 75,000 to 99,999",10,"1 Married (spouse lives with me)","1 Yes","1 Yes","100",100,0,NA,"0 No",100,0,14,"Harris"
"1518","Male",57,"53 Washington","16 150,000 or more",14,"1 Married (spouse lives with me)","1 Yes","1 Yes","100",100,0,0,"1 Yes",100,0,16,"Harris"
"1519","Female",58,"53 Washington","13 60,000 to 74,999",10,"4 Divorced","1 Yes","1 Yes","100",100,0,0,"1 Yes",75,25,13,"Harris"
"1520","Female",49,"36 New York","15 100,000 to 149,999",14,"6 Never married","1 Yes","1 Yes","100",100,NA,NA,"1 Yes",100,0,15,"Harris"
"1521","Male",24,"36 New York","9 30,000 to 34,999",10,"6 Never married","1 Yes","0 No","30",50,0,50,"0 No",40,20,9,"Harris"
"1522","Female",39,"36 New York","14 75,000 to 99,999",13,"1 Married (spouse lives with me)","1 Yes","1 Yes","100",100,0,0,"1 Yes",95,0,14,"Harris"
"1523","Female",39,"11 District of Columbia","16 150,000 or more",14,"1 Married (spouse lives with me)","1 Yes","0 No","100",100,NA,NA,"1 Yes",NA,NA,16,"Harris"
"1524","Male",88,"48 Texas","12 50,000 to 59,999",14,"1 Married (spouse lives with me)","1 Yes","0 No","100",0,100,0,"1 Yes",10,90,12,"Trump"
"1525","Male",80,"23 Maine","16 150,000 or more",16,"1 Married (spouse lives with me)","1 Yes","0 No","99",100,NA,NA,"1 Yes",50,50,16,"Harris"
"1526","Female",60,"39 Ohio","16 150,000 or more",15,"1 Married (spouse lives with me)","1 Yes","0 No","100",100,NA,NA,"1 Yes",65,35,16,"Harris"
"1527","Female",56,"12 Florida","15 100,000 to 149,999",13,"1 Married (spouse lives with me)","1 Yes","1 Yes","100",NA,100,NA,"1 Yes",35,60,15,"Trump"
"1528","Female",75,"12 Florida","9 30,000 to 34,999",8,"5 Widowed","1 Yes","0 No","100",NA,NA,NA,"1 Yes",0,100,9,NA
"1529","Female",51,"12 Florida","13 60,000 to 74,999",10,"1 Married (spouse lives with me)","1 Yes","0 No","100",0,100,0,"1 Yes",0,100,13,"Trump"
"1530","Female",31,"13 Georgia","12 50,000 to 59,999",10,"6 Never married","1 Yes","1 Yes",".a",NA,NA,NA,"0 No",NA,NA,12,NA
"1531","Male",75,"13 Georgia","7 20,000 to 24,999",10,"5 Widowed","1 Yes","0 No","100",0,100,0,"1 Yes",45,55,7,"Trump"
"1532","Female",63,"53 Washington","15 100,000 to 149,999",11,"4 Divorced","1 Yes","0 No","0",100,0,0,"1 Yes",100,0,15,"Harris"
"1533","Female",69,"53 Washington","15 100,000 to 149,999",10,"1 Married (spouse lives with me)","1 Yes","0 No","100",NA,NA,NA,"1 Yes",100,0,15,NA
"1534","Female",67,"53 Washington","15 100,000 to 149,999",13,"4 Divorced","1 Yes","1 Yes","100",100,0,0,"1 Yes",80,0,15,"Harris"
"1535","Female",44,"30 Montana","14 75,000 to 99,999",13,"1 Married (spouse lives with me)","1 Yes","0 No","100",NA,NA,NA,"1 Yes",50,35,14,NA
"1536","Female",30,"30 Montana","14 75,000 to 99,999",10,"1 Married (spouse lives with me)","1 Yes","0 No","100",NA,NA,NA,"1 Yes",0,100,14,NA
"1537","Female",82,"30 Montana","5 12,500 to 14,999",9,"4 Divorced","1 Yes","0 No","100",NA,NA,NA,"1 Yes",0,100,5,NA
"1538","Female",43,"30 Montana","9 30,000 to 34,999",10,"6 Never married","1 Yes","1 Yes","90",100,0,NA,"1 Yes",80,20,9,"Harris"
"1539","Male",66,"30 Montana","13 60,000 to 74,999",16,"1 Married (spouse lives with me)","1 Yes","1 Yes","100",NA,NA,NA,"1 Yes",70,30,13,NA
"1540","Male",30,"4 Arizona","16 150,000 or more",10,"1 Married (spouse lives with me)","1 Yes","1 Yes","20",5,5,90,"1 Yes",100,0,16,"Other"
"1541","Female",69,"55 Wisconsin","6 15,000 to 19,999",11,"4 Divorced","1 Yes","1 Yes","100",50,0,50,"1 Yes",60,10,6,"Harris"
"1542","Male",66,"47 Tennessee","15 100,000 to 149,999",9,"1 Married (spouse lives with me)","1 Yes","0 No","100",NA,NA,NA,"0 No",100,0,15,NA
"1543","Female",55,"47 Tennessee","9 30,000 to 34,999",11,"4 Divorced","1 Yes","1 Yes","100",0,100,0,"1 Yes",0,100,9,"Trump"
"1544","Female",43,"42 Pennsylvania","16 150,000 or more",16,"6 Never married","1 Yes","1 Yes","100",NA,100,NA,"1 Yes",45,55,16,"Trump"
"1545","Male",77,"42 Pennsylvania","15 100,000 to 149,999",14,"1 Married (spouse lives with me)","1 Yes","0 No","100",NA,NA,NA,"1 Yes",100,0,15,NA
"1546","Female",77,"34 New Jersey","13 60,000 to 74,999",12,"1 Married (spouse lives with me)","1 Yes","0 No","100",100,0,NA,".e",70,30,13,"Harris"
"1547","Female",83,"12 Florida","12 50,000 to 59,999",16,"5 Widowed","1 Yes","0 No","100",NA,NA,NA,"1 Yes",70,30,12,NA
"1548","Female",63,"12 Florida","13 60,000 to 74,999",12,"4 Divorced","1 Yes","0 No","100",NA,100,NA,"1 Yes",25,75,13,"Trump"
"1549","Female",65,"12 Florida","15 100,000 to 149,999",14,"1 Married (spouse lives with me)","1 Yes","1 Yes","100",100,NA,NA,"1 Yes",50,50,15,"Harris"
"1550","Female",68,"12 Florida","3 7,500 to 9,999",14,"4 Divorced","1 Yes","0 No","100",NA,NA,NA,"1 Yes",100,0,3,NA
"1551","Male",94,"53 Washington","16 150,000 or more",13,"1 Married (spouse lives with me)","1 Yes","0 No","100",100,0,0,"1 Yes",100,0,16,"Harris"
"1552","Female",31,"6 California","16 150,000 or more",16,"6 Never married","1 Yes","1 Yes","100",100,0,0,"1 Yes",95,5,16,"Harris"
"1553","Female",39,"6 California","16 150,000 or more",14,"1 Married (spouse lives with me)","1 Yes","1 Yes","50",100,0,0,"1 Yes",99,0,16,"Harris"
"1554","Male",39,"6 California","16 150,000 or more",16,"1 Married (spouse lives with me)","1 Yes","1 Yes","100",100,NA,NA,"0 No",70,30,16,"Harris"
"1555","Male",66,"6 California","15 100,000 to 149,999",14,"1 Married (spouse lives with me)","1 Yes","1 Yes","100",100,NA,NA,"1 Yes",45,30,15,"Harris"
"1556","Female",61,"6 California","16 150,000 or more",14,"1 Married (spouse lives with me)","1 Yes","0 No","20",60,10,30,"0 No",60,40,16,"Harris"
"1557","Female",48,"13 Georgia","13 60,000 to 74,999",15,"1 Married (spouse lives with me)","1 Yes","1 Yes","100",NA,NA,NA,"0 No",40,60,13,NA
"1558","Female",35,"6 California","16 150,000 or more",16,"1 Married (spouse lives with me)","1 Yes","1 Yes","100",90,10,NA,"0 No",40,60,16,"Harris"
"1559","Female",88,"6 California","14 75,000 to 99,999",14,"6 Never married","1 Yes","0 No","100",NA,NA,NA,"1 Yes",55,40,14,NA
"1560","Male",71,"6 California","16 150,000 or more",13,"1 Married (spouse lives with me)","1 Yes","0 No","100",100,NA,NA,"1 Yes",90,10,16,"Harris"
"1561","Female",63,"6 California","14 75,000 to 99,999",13,"5 Widowed","1 Yes","0 No","100",100,0,0,"1 Yes",100,0,14,"Harris"
"1562","Male",55,"6 California","16 150,000 or more",14,"1 Married (spouse lives with me)","1 Yes","1 Yes","100",50,50,NA,"0 No",50,50,16,"Trump"
"1563","Male",57,"6 California","16 150,000 or more",16,"6 Never married","1 Yes","1 Yes","100",100,NA,NA,"1 Yes",100,0,16,"Harris"
"1564","Female",64,"29 Missouri","11 40,000 to 49,999",14,"6 Never married","1 Yes","0 No","100",NA,NA,NA,"0 No",80,20,11,NA
"1565","Male",25,"39 Ohio","9 30,000 to 34,999",13,"6 Never married","1 Yes","1 Yes","0",90,NA,10,"0 No",40,40,9,"Harris"
"1566","Female",NA,"29 Missouri","4 10,000 to 12,499",13,"4 Divorced","1 Yes","1 Yes","90",95,0,5,"1 Yes",90,10,4,"Harris"
"1567","Male",61,"55 Wisconsin","15 100,000 to 149,999",13,"1 Married (spouse lives with me)","1 Yes","1 Yes","100",0,100,0,"1 Yes",33,55,15,"Trump"
"1568","Female",83,"55 Wisconsin","10 35,000 to 39,999",10,"4 Divorced","1 Yes","1 Yes","100",100,NA,NA,"1 Yes",98,2,10,"Harris"
"1569","Female",42,"27 Minnesota","13 60,000 to 74,999",10,"1 Married (spouse lives with me)","1 Yes","1 Yes","90",0,100,0,"1 Yes",40,50,13,"Trump"
"1570","Female",70,"55 Wisconsin","11 40,000 to 49,999",14,"4 Divorced","1 Yes","0 No","100",NA,NA,NA,"1 Yes",90,10,11,NA
"1571","Female",47,"55 Wisconsin","16 150,000 or more",10,"6 Never married","1 Yes","1 Yes","100",NA,NA,NA,"1 Yes",30,70,16,NA
"1572","Female",35,"55 Wisconsin","15 100,000 to 149,999",14,"1 Married (spouse lives with me)","1 Yes","1 Yes","100",100,NA,NA,"1 Yes",60,40,15,"Harris"
"1573","Male",66,"55 Wisconsin","15 100,000 to 149,999",14,"1 Married (spouse lives with me)","1 Yes","0 No","95",0,100,NA,"1 Yes",10,90,15,"Trump"
"1574","Female",58,"55 Wisconsin","14 75,000 to 99,999",11,"2 Married (spouse lives elsewhere)","1 Yes","1 Yes","100",NA,NA,NA,"1 Yes",30,70,14,NA
"1575","Female",43,"20 Kansas","13 60,000 to 74,999",9,"1 Married (spouse lives with me)","1 Yes","0 No","0",0,0,100,"1 Yes",45,55,13,"Other"
"1576","Female",43,"42 Pennsylvania","15 100,000 to 149,999",12,"1 Married (spouse lives with me)","1 Yes","1 Yes","100",0,100,0,"1 Yes",50,50,15,"Trump"
"1577","Female",30,"24 Maryland","5 12,500 to 14,999",9,"6 Never married","1 Yes","1 Yes","100",NA,NA,NA,"1 Yes",50,50,5,NA
"1578","Female",61,"24 Maryland","9 30,000 to 34,999",10,"6 Never married","1 Yes","1 Yes","100",100,NA,NA,"1 Yes",100,0,9,"Harris"
"1579","Female",59,"55 Wisconsin","14 75,000 to 99,999",10,"1 Married (spouse lives with me)","1 Yes","1 Yes","100",100,0,NA,"1 Yes",50,50,14,"Harris"
"1580","Male",36,"55 Wisconsin","11 40,000 to 49,999",9,"6 Never married","1 Yes","1 Yes","90",NA,100,NA,"1 Yes",20,80,11,"Trump"
"1581","Female",73,"55 Wisconsin","11 40,000 to 49,999",9,"4 Divorced","1 Yes","0 No","100",100,0,0,"1 Yes",70,30,11,"Harris"
"1582","Male",80,"55 Wisconsin","15 100,000 to 149,999",16,"1 Married (spouse lives with me)","1 Yes","0 No","100",100,0,0,"1 Yes",100,0,15,"Harris"
"1583","Female",46,"8 Colorado","14 75,000 to 99,999",11,"1 Married (spouse lives with me)","1 Yes","1 Yes","15",5,95,0,"1 Yes",40,60,14,"Trump"
"1584","Female",45,"18 Indiana","13 60,000 to 74,999",13,"1 Married (spouse lives with me)","1 Yes","1 Yes","99",55,45,NA,"1 Yes",30,70,13,"Harris"
"1585","Female",45,"18 Indiana","16 150,000 or more",14,"1 Married (spouse lives with me)","1 Yes","1 Yes","100",100,0,0,"0 No",100,0,16,"Harris"
"1586","Male",49,"18 Indiana","13 60,000 to 74,999",10,"4 Divorced","1 Yes","1 Yes","100",NA,NA,NA,"0 No",85,15,13,NA
"1587","Female",71,"42 Pennsylvania","16 150,000 or more",10,"1 Married (spouse lives with me)","1 Yes","0 No","100",NA,NA,NA,"1 Yes",100,0,16,NA
"1588","Female",45,"42 Pennsylvania","3 7,500 to 9,999",9,"1 Married (spouse lives with me)","1 Yes","0 No","0",100,0,0,"0 No",100,0,3,"Harris"
"1589","Female",24,"42 Pennsylvania","15 100,000 to 149,999",13,"6 Never married","1 Yes","1 Yes","100",90,NA,10,"1 Yes",85,0,15,"Harris"
"1590","Male",75,"55 Wisconsin","13 60,000 to 74,999",10,"1 Married (spouse lives with me)","1 Yes","0 No","100",0,100,0,"1 Yes",25,75,13,"Trump"
"1591","Male",76,"55 Wisconsin","11 40,000 to 49,999",10,"1 Married (spouse lives with me)","1 Yes","0 No","100",100,NA,NA,"1 Yes",75,25,11,"Harris"
"1592","Male",76,"55 Wisconsin","12 50,000 to 59,999",9,"1 Married (spouse lives with me)","1 Yes","0 No","100",NA,100,NA,"1 Yes",15,85,12,"Trump"
"1593","Female",61,"1 Alabama",".e",12,"1 Married (spouse lives with me)","1 Yes","0 No","100",NA,NA,NA,"1 Yes",NA,NA,NA,NA
"1594","Female",61,"37 North Carolina","13 60,000 to 74,999",9,"1 Married (spouse lives with me)","1 Yes","0 No","100",NA,100,NA,"1 Yes",25,75,13,"Trump"
"1595","Female",34,"37 North Carolina","16 150,000 or more",14,"1 Married (spouse lives with me)","1 Yes","1 Yes","100",NA,NA,NA,"1 Yes",25,75,16,NA
"1596","Female",39,"37 North Carolina","9 30,000 to 34,999",11,"4 Divorced","1 Yes","1 Yes","100",NA,NA,NA,"1 Yes",70,30,9,NA
"1597","Male",57,"37 North Carolina","16 150,000 or more",13,"1 Married (spouse lives with me)","1 Yes","1 Yes","100",0,0,100,"1 Yes",45,45,16,"Other"
"1598","Female",66,"37 North Carolina","7 20,000 to 24,999",10,"4 Divorced","1 Yes","0 No","100",NA,NA,NA,"1 Yes",95,5,7,NA
"1599","Female",43,"37 North Carolina","14 75,000 to 99,999",14,"4 Divorced","1 Yes","1 Yes","100",80,20,NA,"1 Yes",60,40,14,"Harris"
"1600","Female",60,"37 North Carolina","1 Less than $5,000",13,"6 Never married","1 Yes","1 Yes","100",100,0,NA,"0 No",50,50,1,"Harris"
"1601","Female",66,"37 North Carolina","11 40,000 to 49,999",9,"4 Divorced","1 Yes","1 Yes","100",NA,100,NA,"1 Yes",10,90,11,"Trump"
"1602","Female",42,"37 North Carolina","15 100,000 to 149,999",10,"1 Married (spouse lives with me)","1 Yes","0 No","100",NA,NA,NA,"1 Yes",65,34,15,NA
"1603","Female",50,"37 North Carolina","15 100,000 to 149,999",13,"1 Married (spouse lives with me)","1 Yes","1 Yes","100",NA,100,NA,"1 Yes",25,75,15,"Trump"
"1604","Female",36,"37 North Carolina","8 25,000 to 2,999",9,"6 Never married","1 Yes","0 No","100",20,20,60,"0 No",50,50,8,"Other"
"1605","Female",35,"36 New York","15 100,000 to 149,999",13,"1 Married (spouse lives with me)","1 Yes","1 Yes","70",40,60,NA,"0 No",40,60,15,"Trump"
"1606","Male",75,"36 New York","16 150,000 or more",13,"1 Married (spouse lives with me)","1 Yes","0 No","100",NA,100,NA,"1 Yes",45,55,16,"Trump"
"1607","Male",69,"36 New York","14 75,000 to 99,999",13,"1 Married (spouse lives with me)","1 Yes","1 Yes","100",100,NA,NA,"1 Yes",55,45,14,"Harris"
"1608","Male",37,"36 New York","14 75,000 to 99,999",14,"6 Never married","1 Yes","1 Yes","100",NA,100,NA,"1 Yes",20,80,14,"Trump"
"1609","Male",72,"36 New York","15 100,000 to 149,999",14,"6 Never married","1 Yes","0 No","99",100,NA,NA,"1 Yes",92,8,15,"Harris"
"1610","Male",62,"8 Colorado","15 100,000 to 149,999",13,"6 Never married","1 Yes","1 Yes","100",NA,NA,NA,"1 Yes",80,20,15,NA
"1611","Male",41,"8 Colorado","15 100,000 to 149,999",13,"6 Never married","1 Yes","1 Yes","100",0,100,0,"1 Yes",10,90,15,"Trump"
"1612","Male",66,"48 Texas","11 40,000 to 49,999",13,"1 Married (spouse lives with me)","1 Yes","0 No","100",0,100,0,"1 Yes",0,100,11,"Trump"
"1613","Male",32,"21 Kentucky","13 60,000 to 74,999",13,"1 Married (spouse lives with me)","1 Yes","1 Yes","5",0,100,NA,"1 Yes",50,50,13,"Trump"
"1614","Female",39,"19 Iowa","16 150,000 or more",13,"1 Married (spouse lives with me)","1 Yes","1 Yes","100",100,0,0,"1 Yes",55,44,16,"Harris"
"1615","Male",71,"34 New Jersey","14 75,000 to 99,999",13,"1 Married (spouse lives with me)","1 Yes","0 No","100",100,0,0,"1 Yes",100,0,14,"Harris"
"1616","Male",55,"47 Tennessee","11 40,000 to 49,999",14,"1 Married (spouse lives with me)","1 Yes","0 No","100",100,NA,NA,"1 Yes",50,25,11,"Harris"
"1617","Male",43,"8 Colorado","13 60,000 to 74,999",16,"1 Married (spouse lives with me)","1 Yes","1 Yes","90",10,60,30,"1 Yes",45,40,13,"Trump"
"1618","Female",37,"26 Michigan","6 15,000 to 19,999",10,"4 Divorced","1 Yes","0 No",".a",NA,NA,NA,"1 Yes",NA,NA,6,NA
"1619","Female",23,"42 Pennsylvania","15 100,000 to 149,999",13,"6 Never married","1 Yes","1 Yes","50",100,0,0,"1 Yes",100,0,15,"Harris"
"1620","Male",39,"37 North Carolina","8 25,000 to 2,999",12,"4 Divorced","1 Yes","1 Yes","90",100,0,0,"1 Yes",90,10,8,"Harris"
"1621","Male",39,"13 Georgia","14 75,000 to 99,999",10,"2 Married (spouse lives elsewhere)","1 Yes","1 Yes","100",NA,NA,NA,"0 No",80,20,14,NA
"1622","Male",46,"37 North Carolina","15 100,000 to 149,999",13,"1 Married (spouse lives with me)","1 Yes","1 Yes","0",100,0,0,"1 Yes",95,5,15,"Harris"
"1623","Female",71,"8 Colorado","11 40,000 to 49,999",11,"1 Married (spouse lives with me)","1 Yes","0 No","100",NA,NA,NA,"1 Yes",10,90,11,NA
"1624","Female",71,"37 North Carolina","14 75,000 to 99,999",10,"1 Married (spouse lives with me)","1 Yes","1 Yes","100",NA,100,NA,"1 Yes",0,100,14,"Trump"
"1625","Male",36,"36 New York","13 60,000 to 74,999",12,"1 Married (spouse lives with me)","1 Yes","1 Yes","100",0,0,100,"1 Yes",25,75,13,"Other"
"1626","Female",75,"55 Wisconsin","12 50,000 to 59,999",10,"1 Married (spouse lives with me)","1 Yes","0 No","100",NA,100,NA,"1 Yes",15,75,12,"Trump"
"1627","Male",24,"37 North Carolina","14 75,000 to 99,999",13,"6 Never married","1 Yes","0 No","100",NA,100,NA,"1 Yes",0,100,14,"Trump"
"1628","Male",42,"42 Pennsylvania","15 100,000 to 149,999",12,"1 Married (spouse lives with me)","1 Yes","1 Yes","100",0,100,0,"1 Yes",10,90,15,"Trump"
"1629","Female",22,"48 Texas","15 100,000 to 149,999",9,"1 Married (spouse lives with me)","1 Yes","1 Yes","75",NA,100,NA,"1 Yes",0,100,15,"Trump"
"1630","Female",76,"55 Wisconsin","11 40,000 to 49,999",13,"1 Married (spouse lives with me)","1 Yes","0 No","100",100,NA,NA,"1 Yes",99,1,11,"Harris"
"1631","Female",50,"47 Tennessee","13 60,000 to 74,999",10,"5 Widowed","1 Yes","1 Yes","0",100,NA,NA,"0 No",90,5,13,"Harris"
"1632","Female",25,"30 Montana","15 100,000 to 149,999",14,"1 Married (spouse lives with me)","1 Yes","1 Yes","100",NA,NA,NA,"1 Yes",0,100,15,NA
"1633","Female",56,"39 Ohio","15 100,000 to 149,999",12,"1 Married (spouse lives with me)","1 Yes","1 Yes","100",NA,NA,100,"1 Yes",35,65,15,"Other"
"1634","Female",50,"37 North Carolina","16 150,000 or more",13,"1 Married (spouse lives with me)","1 Yes","1 Yes","100",NA,NA,100,"1 Yes",70,30,16,"Other"
"1635","Male",57,"39 Ohio","15 100,000 to 149,999",13,"1 Married (spouse lives with me)","1 Yes","1 Yes","99",0,100,0,"1 Yes",20,75,15,"Trump"
"1636","Female",81,"37 North Carolina","14 75,000 to 99,999",11,"1 Married (spouse lives with me)","1 Yes","0 No","100",NA,NA,NA,"0 No",100,0,14,NA
"1637","Female",48,"29 Missouri","16 150,000 or more",13,"6 Never married","1 Yes","0 No","100",NA,NA,NA,"0 No",95,5,16,NA
"1638","Male",52,"29 Missouri","15 100,000 to 149,999",13,"1 Married (spouse lives with me)","1 Yes","1 Yes","100",0,100,0,"1 Yes",15,80,15,"Trump"
"1639","Female",23,"26 Michigan","14 75,000 to 99,999",13,"6 Never married","1 Yes","1 Yes","90",0,100,0,"1 Yes",30,70,14,"Trump"
"1640","Male",72,"26 Michigan","13 60,000 to 74,999",13,"1 Married (spouse lives with me)","1 Yes","0 No","100",NA,NA,NA,"1 Yes",35,65,13,NA
"1641","Female",34,"6 California","16 150,000 or more",13,"1 Married (spouse lives with me)","1 Yes","0 No","100",100,NA,NA,"1 Yes",100,0,16,"Harris"
"1642","Female",27,"29 Missouri","11 40,000 to 49,999",14,"6 Never married","1 Yes","1 Yes","99",100,0,0,"1 Yes",100,0,11,"Harris"
"1643","Female",65,"49 Utah","15 100,000 to 149,999",9,"1 Married (spouse lives with me)","1 Yes","0 No","100",NA,NA,NA,"1 Yes",40,40,15,NA
"1644","Female",66,"39 Ohio","16 150,000 or more",14,"1 Married (spouse lives with me)","1 Yes","0 No","100",100,0,0,"1 Yes",88,12,16,"Harris"
"1645","Female",60,"13 Georgia","12 50,000 to 59,999",12,"1 Married (spouse lives with me)","1 Yes","0 No","100",NA,NA,NA,"0 No",45,45,12,NA
"1646","Female",49,"55 Wisconsin","15 100,000 to 149,999",9,"6 Never married","1 Yes","1 Yes","100",NA,100,NA,"1 Yes",20,80,15,"Trump"
"1647","Male",27,"27 Minnesota","16 150,000 or more",13,"6 Never married","1 Yes","1 Yes","100",NA,NA,NA,"1 Yes",90,10,16,NA
"1648","Female",24,"34 New Jersey","14 75,000 to 99,999",13,"6 Never married","1 Yes","1 Yes","15",100,0,NA,"0 No",80,20,14,"Harris"
"1649","Male",21,"8 Colorado","13 60,000 to 74,999",9,"6 Never married","1 Yes","0 No","100",100,0,0,"1 Yes",80,5,13,"Harris"
"1650","Male",37,"48 Texas","8 25,000 to 2,999",14,"1 Married (spouse lives with me)","1 Yes","1 Yes","100",NA,NA,NA,"1 Yes",1,99,8,NA
"1651","Female",47,"45 South Carolina","5 12,500 to 14,999",7,"6 Never married","1 Yes","0 No","90",50,25,25,"0 No",80,10,5,"Harris"
"1652","Male",59,"27 Minnesota","7 20,000 to 24,999",9,"1 Married (spouse lives with me)","1 Yes","1 Yes","100",NA,100,NA,"1 Yes",0,100,7,"Trump"
"1653","Female",36,"27 Minnesota","15 100,000 to 149,999",10,"6 Never married","1 Yes","0 No","0",50,50,NA,"1 Yes",25,75,15,"Trump"
"1654","Male",40,"27 Minnesota","13 60,000 to 74,999",13,"1 Married (spouse lives with me)","1 Yes","1 Yes","100",100,0,0,"1 Yes",90,10,13,"Harris"
"1655","Female",44,"19 Iowa","14 75,000 to 99,999",14,"1 Married (spouse lives with me)","1 Yes","1 Yes","100",100,NA,NA,"1 Yes",95,5,14,"Harris"
"1656","Male",37,"19 Iowa","14 75,000 to 99,999",16,"1 Married (spouse lives with me)","1 Yes","1 Yes","99",100,0,0,"1 Yes",100,0,14,"Harris"
"1657","Male",76,"48 Texas","7 20,000 to 24,999",13,"1 Married (spouse lives with me)","1 Yes","0 No","0",33,33,34,"1 Yes",NA,NA,7,"Other"
"1658","Male",30,"37 North Carolina","16 150,000 or more",14,"1 Married (spouse lives with me)","1 Yes","1 Yes","100",0,100,0,"1 Yes",40,60,16,"Trump"
"1659","Female",75,"28 Mississippi","6 15,000 to 19,999",11,"4 Divorced","1 Yes","0 No","100",0,100,NA,"1 Yes",0,100,6,"Trump"
"1660","Female",63,"26 Michigan","15 100,000 to 149,999",13,"4 Divorced","1 Yes","1 Yes","100",100,0,0,"1 Yes",80,15,15,"Harris"
"1661","Female",45,"19 Iowa","12 50,000 to 59,999",13,"4 Divorced","1 Yes","1 Yes","100",NA,NA,NA,"1 Yes",10,90,12,NA
"1662","Female",48,"34 New Jersey","16 150,000 or more",13,"1 Married (spouse lives with me)","1 Yes","1 Yes","100",NA,100,NA,"1 Yes",10,90,16,"Trump"
"1663","Female",55,"34 New Jersey","15 100,000 to 149,999",13,"1 Married (spouse lives with me)","1 Yes","1 Yes","100",NA,100,NA,"1 Yes",50,50,15,"Trump"
"1664","Male",86,"41 Oregon","4 10,000 to 12,499",16,"6 Never married","1 Yes","0 No","100",100,0,0,"1 Yes",75,25,4,"Harris"
"1665","Male",37,"41 Oregon","16 150,000 or more",13,"1 Married (spouse lives with me)","1 Yes","1 Yes","100",NA,NA,NA,"1 Yes",91,9,16,NA
"1666","Male",73,"41 Oregon","16 150,000 or more",13,"1 Married (spouse lives with me)","1 Yes","0 No","100",100,0,0,"1 Yes",85,10,16,"Harris"
"1667","Female",38,"41 Oregon","15 100,000 to 149,999",13,"1 Married (spouse lives with me)","1 Yes","1 Yes","95",100,0,0,"1 Yes",95,2,15,"Harris"
"1668","Male",33,"41 Oregon","14 75,000 to 99,999",14,"6 Never married","1 Yes","1 Yes","100",100,0,0,"0 No",90,10,14,"Harris"
"1669","Male",56,"41 Oregon","5 12,500 to 14,999",9,"4 Divorced","1 Yes","0 No","100",NA,NA,NA,"1 Yes",90,10,5,NA
"1670","Female",41,"47 Tennessee","4 10,000 to 12,499",5,"3 Separated","1 Yes","0 No","100",0,100,0,"1 Yes",0,100,4,"Trump"
"1671","Female",41,"21 Kentucky","1 Less than $5,000",9,"4 Divorced","1 Yes","0 No","50",0,0,100,"1 Yes",70,30,1,"Other"
"1672","Male",56,"49 Utah","16 150,000 or more",14,"1 Married (spouse lives with me)","1 Yes","1 Yes","100",50,0,50,"1 Yes",30,65,16,"Harris"
"1673","Male",42,"49 Utah","13 60,000 to 74,999",10,"1 Married (spouse lives with me)","1 Yes","1 Yes","100",NA,100,NA,"1 Yes",0,100,13,"Trump"
"1674","Male",61,"49 Utah","15 100,000 to 149,999",13,"1 Married (spouse lives with me)","1 Yes","1 Yes","100",0,100,0,"1 Yes",17,83,15,"Trump"
"1675","Male",60,"49 Utah","15 100,000 to 149,999",13,"1 Married (spouse lives with me)","1 Yes","1 Yes","100",0,100,0,"1 Yes",30,65,15,"Trump"
"1676","Male",66,"49 Utah","16 150,000 or more",13,"1 Married (spouse lives with me)","1 Yes","1 Yes","100",NA,NA,NA,"1 Yes",9,90,16,NA
"1677","Male",71,"41 Oregon","16 150,000 or more",13,"1 Married (spouse lives with me)","1 Yes","1 Yes","0",100,0,0,"1 Yes",59,40,16,"Harris"
"1678","Female",73,"40 Oklahoma","12 50,000 to 59,999",14,"1 Married (spouse lives with me)","1 Yes","1 Yes","100",0,100,0,"1 Yes",0,100,12,"Trump"
"1679","Female",51,"40 Oklahoma","14 75,000 to 99,999",10,"4 Divorced","1 Yes","1 Yes","100",100,0,0,"0 No",100,0,14,"Harris"
"1680","Female",37,"19 Iowa","15 100,000 to 149,999",12,"1 Married (spouse lives with me)","1 Yes","1 Yes","100",0,100,0,"1 Yes",40,60,15,"Trump"
"1681","Female",72,"19 Iowa","8 25,000 to 2,999",13,"1 Married (spouse lives with me)","1 Yes","0 No","100",NA,NA,NA,"1 Yes",10,90,8,NA
"1682","Male",38,"12 Florida","12 50,000 to 59,999",13,"6 Never married","1 Yes","1 Yes","100",NA,NA,NA,"1 Yes",0,100,12,NA
"1683","Male",54,"48 Texas","16 150,000 or more",10,"1 Married (spouse lives with me)","1 Yes","1 Yes","40",60,20,20,"0 No",55,25,16,"Harris"
"1684","Male",61,"26 Michigan","12 50,000 to 59,999",10,"4 Divorced","1 Yes","1 Yes","100",100,NA,NA,"1 Yes",100,0,12,"Harris"
"1685","Female",55,"26 Michigan","11 40,000 to 49,999",12,"3 Separated","1 Yes","1 Yes","100",50,50,0,"1 Yes",10,90,11,"Trump"
"1686","Female",55,"26 Michigan","13 60,000 to 74,999",10,"1 Married (spouse lives with me)","1 Yes","0 No","100",NA,NA,NA,"1 Yes",97,3,13,NA
"1687","Female",38,"26 Michigan","13 60,000 to 74,999",12,"1 Married (spouse lives with me)","1 Yes","1 Yes","0",NA,NA,100,"1 Yes",NA,NA,13,"Other"
"1688","Female",67,"26 Michigan","4 10,000 to 12,499",11,"4 Divorced","1 Yes","0 No","100",NA,NA,NA,"1 Yes",60,30,4,NA
"1689","Female",66,"26 Michigan","11 40,000 to 49,999",10,"6 Never married","1 Yes","0 No","100",100,0,0,"1 Yes",100,0,11,"Harris"
"1690","Female",69,"26 Michigan","13 60,000 to 74,999",9,"1 Married (spouse lives with me)","1 Yes","0 No","100",NA,NA,NA,"1 Yes",5,95,13,NA
"1691","Female",81,"13 Georgia","14 75,000 to 99,999",14,"1 Married (spouse lives with me)","1 Yes","0 No","100",100,0,NA,"1 Yes",20,80,14,"Harris"
"1692","Female",38,"36 New York","10 35,000 to 39,999",10,"1 Married (spouse lives with me)","1 Yes","1 Yes","100",0,100,0,"1 Yes",21,79,10,"Trump"
"1693","Male",73,"31 Nebraska","9 30,000 to 34,999",12,"1 Married (spouse lives with me)","1 Yes","0 No","100",NA,100,NA,"1 Yes",0,100,9,"Trump"
"1694","Male",48,"31 Nebraska","10 35,000 to 39,999",11,"1 Married (spouse lives with me)","1 Yes","0 No","100",NA,NA,NA,"1 Yes",33,33,10,NA
"1695","Female",38,"12 Florida","16 150,000 or more",13,"1 Married (spouse lives with me)","1 Yes","1 Yes","100",100,NA,NA,"1 Yes",70,30,16,"Harris"
"1696","Female",62,"12 Florida",".e",9,"1 Married (spouse lives with me)","1 Yes","0 No","0",0,100,0,"1 Yes",0,100,NA,"Trump"
"1697","Female",53,"12 Florida","9 30,000 to 34,999",14,"4 Divorced","1 Yes","1 Yes","100",100,0,0,"1 Yes",97,2,9,"Harris"
"1698","Male",33,"12 Florida","15 100,000 to 149,999",13,"1 Married (spouse lives with me)","1 Yes","1 Yes","100",0,0,100,"1 Yes",40,60,15,"Other"
"1699","Male",59,"12 Florida","16 150,000 or more",13,"6 Never married","1 Yes","1 Yes","100",NA,NA,NA,"1 Yes",80,20,16,NA
"1700","Male",67,"12 Florida","14 75,000 to 99,999",14,"1 Married (spouse lives with me)","1 Yes","0 No","100",0,100,0,"1 Yes",23,75,14,"Trump"
"1701","Female",48,"12 Florida","6 15,000 to 19,999",13,"1 Married (spouse lives with me)","1 Yes","1 Yes","50",100,0,NA,"1 Yes",NA,NA,6,"Harris"
"1702","Male",60,"12 Florida","11 40,000 to 49,999",9,"4 Divorced","1 Yes","1 Yes","100",0,100,0,"1 Yes",0,100,11,"Trump"
"1703","Female",75,"18 Indiana","12 50,000 to 59,999",9,"1 Married (spouse lives with me)","1 Yes","0 No","100",100,NA,NA,"1 Yes",25,75,12,"Harris"
"1704","Female",52,"45 South Carolina","16 150,000 or more",13,"1 Married (spouse lives with me)","1 Yes","0 No","100",0,100,0,"1 Yes",25,70,16,"Trump"
"1705","Female",64,"45 South Carolina","14 75,000 to 99,999",10,"1 Married (spouse lives with me)","1 Yes","0 No","100",NA,NA,NA,"1 Yes",0,100,14,NA
"1706","Female",59,"45 South Carolina","6 15,000 to 19,999",12,"1 Married (spouse lives with me)","1 Yes","1 Yes","100",NA,100,NA,"1 Yes",0,100,6,"Trump"
"1707","Male",81,"45 South Carolina","13 60,000 to 74,999",16,"1 Married (spouse lives with me)","1 Yes","0 No","100",NA,NA,NA,"1 Yes",10,90,13,NA
"1708","Male",69,"45 South Carolina","12 50,000 to 59,999",10,"1 Married (spouse lives with me)","1 Yes","0 No","100",NA,100,NA,"1 Yes",10,90,12,"Trump"
"1709","Male",56,"49 Utah","15 100,000 to 149,999",13,"4 Divorced","1 Yes","1 Yes","100",100,NA,NA,"1 Yes",50,50,15,"Harris"
"1710","Female",30,"45 South Carolina","6 15,000 to 19,999",9,"6 Never married","1 Yes","0 No","99",87,7,6,"0 No",94,3,6,"Harris"
"1711","Female",44,"45 South Carolina","14 75,000 to 99,999",10,"1 Married (spouse lives with me)","1 Yes","1 Yes",".a",NA,NA,NA,"1 Yes",NA,NA,14,NA
"1712","Female",74,"45 South Carolina","7 20,000 to 24,999",10,"5 Widowed","1 Yes","0 No","100",NA,100,NA,"1 Yes",25,75,7,"Trump"
"1713","Female",42,"45 South Carolina","15 100,000 to 149,999",12,"1 Married (spouse lives with me)","1 Yes","0 No","100",100,NA,NA,"1 Yes",100,0,15,"Harris"
"1714","Female",28,"51 Virginia","16 150,000 or more",10,"6 Never married","1 Yes","1 Yes","100",0,100,NA,"1 Yes",0,100,16,"Trump"
"1715","Female",75,"51 Virginia","15 100,000 to 149,999",12,"1 Married (spouse lives with me)","1 Yes","0 No","100",NA,NA,NA,"1 Yes",75,25,15,NA
"1716","Female",51,"21 Kentucky","4 10,000 to 12,499",8,"4 Divorced","1 Yes","0 No","100",0,100,0,"1 Yes",1,99,4,"Trump"
"1717","Female",63,"55 Wisconsin","11 40,000 to 49,999",9,"4 Divorced","1 Yes","0 No","100",0,100,0,"1 Yes",40,60,11,"Trump"
"1718","Female",42,"53 Washington","12 50,000 to 59,999",10,"1 Married (spouse lives with me)","1 Yes","1 Yes","100",0,100,0,"1 Yes",0,100,12,"Trump"
"1719","Female",27,"36 New York","15 100,000 to 149,999",14,"1 Married (spouse lives with me)","1 Yes","1 Yes","100",33,33,34,"1 Yes",33,33,15,"Other"
"1720","Male",26,"51 Virginia","14 75,000 to 99,999",13,"6 Never married","1 Yes","1 Yes","100",NA,NA,NA,"1 Yes",10,75,14,NA
"1721","Female",66,"8 Colorado","13 60,000 to 74,999",10,"1 Married (spouse lives with me)","1 Yes","0 No","0",NA,NA,NA,"1 Yes",NA,NA,13,NA
"1722","Male",56,"42 Pennsylvania","12 50,000 to 59,999",9,"6 Never married","1 Yes","1 Yes","100",NA,100,NA,"1 Yes",30,70,12,"Trump"
"1723","Female",50,"42 Pennsylvania","15 100,000 to 149,999",12,"1 Married (spouse lives with me)","1 Yes","1 Yes","100",0,100,0,"1 Yes",25,75,15,"Trump"
"1724","Female",71,"39 Ohio","14 75,000 to 99,999",12,"1 Married (spouse lives with me)","1 Yes","0 No","100",100,0,0,"1 Yes",51,49,14,"Harris"
"1725","Female",71,"12 Florida","15 100,000 to 149,999",14,"1 Married (spouse lives with me)","1 Yes","0 No","100",100,NA,NA,"1 Yes",100,0,15,"Harris"
"1726","Female",36,"25 Massachusetts","16 150,000 or more",10,"1 Married (spouse lives with me)","1 Yes","1 Yes","100",100,NA,NA,"1 Yes",100,0,16,"Harris"
"1727","Female",56,"36 New York","7 20,000 to 24,999",11,"4 Divorced","1 Yes","0 No","100",NA,NA,NA,"1 Yes",50,50,7,NA
"1728","Male",74,"25 Massachusetts","16 150,000 or more",14,"1 Married (spouse lives with me)","1 Yes","0 No","100",NA,NA,NA,"1 Yes",94,6,16,NA
"1729","Male",40,"26 Michigan","16 150,000 or more",14,"1 Married (spouse lives with me)","1 Yes","1 Yes","100",NA,NA,NA,"1 Yes",100,0,16,NA
"1730","Male",41,"37 North Carolina","16 150,000 or more",13,"4 Divorced","1 Yes","1 Yes","100",100,NA,NA,"1 Yes",90,10,16,"Harris"
"1731","Female",32,"42 Pennsylvania","16 150,000 or more",10,"1 Married (spouse lives with me)","1 Yes","0 No","100",NA,100,NA,"1 Yes",0,100,16,"Trump"
"1732","Female",29,"42 Pennsylvania","16 150,000 or more",13,"1 Married (spouse lives with me)","1 Yes","1 Yes","100",NA,NA,NA,"1 Yes",80,20,16,NA
"1733","Female",67,"42 Pennsylvania","11 40,000 to 49,999",12,"6 Never married","1 Yes","1 Yes","100",100,0,0,"1 Yes",50,30,11,"Harris"
"1734","Male",37,"26 Michigan","16 150,000 or more",14,"1 Married (spouse lives with me)","1 Yes","1 Yes","95",NA,75,25,"1 Yes",15,80,16,"Trump"
"1735","Female",42,"12 Florida","16 150,000 or more",14,"1 Married (spouse lives with me)","1 Yes","1 Yes","100",100,0,0,"1 Yes",20,80,16,"Harris"
"1736","Female",62,"36 New York","1 Less than $5,000",9,"6 Never married","1 Yes","0 No","100",NA,NA,NA,"0 No",95,5,1,NA
"1737","Female",77,"54 West Virginia","9 30,000 to 34,999",13,"5 Widowed","1 Yes","0 No","0",0,0,100,"1 Yes",25,50,9,"Other"
"1738","Male",73,"51 Virginia","16 150,000 or more",14,"1 Married (spouse lives with me)","1 Yes","1 Yes","50",NA,100,NA,"1 Yes",49,49,16,"Trump"
"1739","Female",78,"45 South Carolina","9 30,000 to 34,999",9,"1 Married (spouse lives with me)","1 Yes","0 No","100",100,0,NA,"1 Yes",5,95,9,"Harris"
"1740","Female",67,"25 Massachusetts","6 15,000 to 19,999",12,"5 Widowed","1 Yes","0 No","100",NA,NA,NA,"1 Yes",100,0,6,NA
"1741","Male",29,"42 Pennsylvania","3 7,500 to 9,999",8,"6 Never married","1 Yes","0 No","90",100,0,NA,"0 No",100,0,3,"Harris"
"1742","Male",34,"51 Virginia","9 30,000 to 34,999",9,"6 Never married","1 Yes","1 Yes","75",45,30,25,"0 No",45,30,9,"Harris"
"1743","Female",44,"12 Florida","13 60,000 to 74,999",9,"1 Married (spouse lives with me)","1 Yes","1 Yes","100",NA,NA,NA,".e",100,0,13,NA
"1744","Female",63,"37 North Carolina","16 150,000 or more",10,"1 Married (spouse lives with me)","1 Yes","0 No","100",NA,100,NA,"1 Yes",20,80,16,"Trump"
"1745","Female",66,"48 Texas","12 50,000 to 59,999",10,"1 Married (spouse lives with me)","1 Yes","1 Yes","100",40,0,60,"1 Yes",30,50,12,"Other"
"1746","Male",63,"37 North Carolina","13 60,000 to 74,999",10,"1 Married (spouse lives with me)","1 Yes","1 Yes","100",0,100,0,"1 Yes",34,65,13,"Trump"
"1747","Female",39,"24 Maryland","15 100,000 to 149,999",13,"4 Divorced","1 Yes","1 Yes","100",100,0,0,"1 Yes",75,25,15,"Harris"
"1748","Female",49,"36 New York","7 20,000 to 24,999",10,"2 Married (spouse lives elsewhere)","1 Yes","0 No","100",0,100,0,"1 Yes",0,100,7,"Trump"
"1749","Female",33,"26 Michigan","12 50,000 to 59,999",13,"1 Married (spouse lives with me)","1 Yes","1 Yes","25",0,100,0,"1 Yes",15,85,12,"Trump"
"1750","Male",69,"39 Ohio","14 75,000 to 99,999",14,"6 Never married","1 Yes","0 No","100",100,0,NA,"1 Yes",60,40,14,"Harris"
"1751","Female",41,"13 Georgia","15 100,000 to 149,999",14,"1 Married (spouse lives with me)","1 Yes","1 Yes","100",100,0,0,"1 Yes",90,10,15,"Harris"
"1752","Male",44,"26 Michigan","11 40,000 to 49,999",12,"1 Married (spouse lives with me)","1 Yes","1 Yes","50",25,65,10,"1 Yes",35,65,11,"Trump"
"1753","Female",52,"42 Pennsylvania","15 100,000 to 149,999",14,"6 Never married","1 Yes","1 Yes","100",NA,NA,NA,"1 Yes",60,40,15,NA
"1754","Female",67,"12 Florida","16 150,000 or more",10,"1 Married (spouse lives with me)","1 Yes","1 Yes","100",NA,100,NA,"1 Yes",0,100,16,"Trump"
"1755","Female",23,"12 Florida","9 30,000 to 34,999",11,"6 Never married","1 Yes","1 Yes","100",100,0,0,"0 No",90,10,9,"Harris"
"1756","Female",69,"21 Kentucky","4 10,000 to 12,499",10,"4 Divorced","1 Yes","0 No","100",NA,NA,NA,"1 Yes",100,0,4,NA
"1757","Female",46,"12 Florida","15 100,000 to 149,999",13,"1 Married (spouse lives with me)","1 Yes","1 Yes","100",NA,NA,NA,"0 No",51,49,15,NA
"1758","Male",58,"36 New York","12 50,000 to 59,999",14,"1 Married (spouse lives with me)","1 Yes","1 Yes","100",NA,NA,NA,"1 Yes",98,1,12,NA
"1759","Female",70,"1 Alabama","16 150,000 or more",13,"1 Married (spouse lives with me)","1 Yes","1 Yes","100",NA,100,NA,"1 Yes",10,90,16,"Trump"
"1760","Male",39,"55 Wisconsin","16 150,000 or more",14,"1 Married (spouse lives with me)","1 Yes","1 Yes","100",100,0,0,"1 Yes",75,25,16,"Harris"
"1761","Female",33,"27 Minnesota","15 100,000 to 149,999",13,"1 Married (spouse lives with me)","1 Yes","1 Yes","100",0,100,0,"1 Yes",50,50,15,"Trump"
"1762","Male",57,"17 Illinois","14 75,000 to 99,999",14,"4 Divorced","1 Yes","1 Yes","100",NA,NA,NA,"1 Yes",100,0,14,NA
"1763","Female",72,"12 Florida","7 20,000 to 24,999",10,"5 Widowed","1 Yes","0 No","100",0,100,0,"1 Yes",10,85,7,"Trump"
"1764","Male",71,"17 Illinois","15 100,000 to 149,999",14,"1 Married (spouse lives with me)","1 Yes","0 No","100",NA,NA,NA,"1 Yes",99,1,15,NA
"1765","Male",51,"17 Illinois","1 Less than $5,000",9,"6 Never married","1 Yes","0 No",".e",30,30,40,"1 Yes",NA,NA,1,"Other"
"1766","Female",49,"17 Illinois","6 15,000 to 19,999",9,"6 Never married","1 Yes","0 No","50",0,100,0,"1 Yes",25,75,6,"Trump"
"1767","Female",51,"48 Texas","13 60,000 to 74,999",12,"1 Married (spouse lives with me)","1 Yes","1 Yes","100",0,100,0,"1 Yes",0,100,13,"Trump"
"1768","Female",25,"47 Tennessee","10 35,000 to 39,999",13,"6 Never married","1 Yes","1 Yes","100",100,NA,NA,"1 Yes",80,20,10,"Harris"
"1769","Male",61,"26 Michigan","11 40,000 to 49,999",13,"1 Married (spouse lives with me)","1 Yes","0 No","100",NA,NA,NA,"1 Yes",10,90,11,NA
"1770","Female",61,"48 Texas","9 30,000 to 34,999",9,"1 Married (spouse lives with me)","1 Yes","1 Yes","100",100,NA,NA,"1 Yes",95,5,9,"Harris"
"1771","Female",57,"22 Louisiana","12 50,000 to 59,999",12,"1 Married (spouse lives with me)","1 Yes","1 Yes","100",NA,100,NA,"1 Yes",0,100,12,"Trump"
"1772","Male",77,"17 Illinois","15 100,000 to 149,999",10,"1 Married (spouse lives with me)","1 Yes","0 No","100",NA,NA,NA,"1 Yes",15,85,15,NA
"1773","Female",51,"31 Nebraska","15 100,000 to 149,999",14,"1 Married (spouse lives with me)","1 Yes","1 Yes","100",100,0,0,"1 Yes",75,20,15,"Harris"
"1774","Male",49,"48 Texas","16 150,000 or more",14,"1 Married (spouse lives with me)","1 Yes","1 Yes","100",NA,NA,NA,"0 No",40,40,16,NA
"1775","Female",48,"48 Texas","16 150,000 or more",13,"6 Never married","1 Yes","1 Yes","100",100,0,0,"1 Yes",70,30,16,"Harris"
"1776","Male",67,"48 Texas","14 75,000 to 99,999",9,"6 Never married","1 Yes","0 No","100",100,NA,NA,"1 Yes",33,33,14,"Harris"
"1777","Male",73,"49 Utah","15 100,000 to 149,999",16,"1 Married (spouse lives with me)","1 Yes","0 No","100",NA,NA,NA,"1 Yes",15,85,15,NA
"1778","Female",70,"8 Colorado","16 150,000 or more",11,"1 Married (spouse lives with me)","1 Yes","0 No","100",100,0,0,"1 Yes",80,10,16,"Harris"
"1779","Female",55,"49 Utah","16 150,000 or more",10,"1 Married (spouse lives with me)","1 Yes","0 No","100",0,0,100,"1 Yes",10,90,16,"Other"
"1780","Female",36,"16 Idaho","15 100,000 to 149,999",9,"1 Married (spouse lives with me)","1 Yes","1 Yes","100",0,0,100,"1 Yes",5,70,15,"Other"
"1781","Male",59,"16 Idaho","14 75,000 to 99,999",9,"6 Never married","1 Yes","1 Yes","100",0,100,0,"1 Yes",0,70,14,"Trump"
"1782","Female",59,"4 Arizona","11 40,000 to 49,999",13,"6 Never married","1 Yes","1 Yes","100",NA,NA,NA,"1 Yes",15,85,11,NA
"1783","Male",80,"8 Colorado","12 50,000 to 59,999",10,"1 Married (spouse lives with me)","1 Yes","0 No","100",100,NA,NA,"1 Yes",100,0,12,"Harris"
"1784","Male",74,"4 Arizona","15 100,000 to 149,999",13,"5 Widowed","1 Yes","0 No","100",NA,NA,NA,"1 Yes",5,95,15,NA
"1785","Male",37,"30 Montana","13 60,000 to 74,999",10,"6 Never married","1 Yes","1 Yes","100",0,100,0,"1 Yes",60,40,13,"Trump"
"1786","Female",41,"8 Colorado","14 75,000 to 99,999",12,"1 Married (spouse lives with me)","1 Yes","1 Yes","100",NA,NA,NA,"1 Yes",5,80,14,NA
"1787","Female",72,"4 Arizona","7 20,000 to 24,999",14,"4 Divorced","1 Yes","0 No","100",NA,NA,NA,"1 Yes",90,10,7,NA
"1788","Female",65,"6 California","16 150,000 or more",14,"1 Married (spouse lives with me)","1 Yes","0 No","100",NA,NA,NA,"0 No",10,90,16,NA
"1789","Female",39,"6 California","11 40,000 to 49,999",6,"1 Married (spouse lives with me)","1 Yes","0 No","100",NA,NA,NA,"1 Yes",50,50,11,NA
"1790","Male",71,"6 California","14 75,000 to 99,999",13,"1 Married (spouse lives with me)","1 Yes","0 No","100",100,NA,NA,"1 Yes",95,5,14,"Harris"
"1791","Male",80,"6 California","16 150,000 or more",14,"1 Married (spouse lives with me)","1 Yes","0 No","100",NA,NA,NA,"1 Yes",100,0,16,NA
"1792","Female",53,"6 California","10 35,000 to 39,999",10,"6 Never married","1 Yes","0 No","100",NA,100,NA,"0 No",5,95,10,"Trump"
"1793","Female",26,"6 California","11 40,000 to 49,999",13,"6 Never married","1 Yes","0 No","100",NA,NA,NA,"1 Yes",50,50,11,NA
"1794","Female",65,"6 California","15 100,000 to 149,999",14,"1 Married (spouse lives with me)","1 Yes","0 No","100",100,0,NA,"1 Yes",99,1,15,"Harris"
"1795","Male",64,"53 Washington","7 20,000 to 24,999",8,"6 Never married","1 Yes","0 No","50",NA,100,NA,"1 Yes",0,90,7,"Trump"
"1796","Female",34,"32 Nevada","13 60,000 to 74,999",9,"1 Married (spouse lives with me)","1 Yes","0 No","75",NA,100,NA,"1 Yes",0,100,13,"Trump"
"1797","Male",70,"6 California","8 25,000 to 2,999",13,"6 Never married","1 Yes","0 No","100",100,NA,NA,"1 Yes",60,40,8,"Harris"
"1798","Female",46,"53 Washington","16 150,000 or more",15,"1 Married (spouse lives with me)","1 Yes","0 No","100",100,NA,NA,"1 Yes",100,0,16,"Harris"
"1799","Female",31,"6 California","16 150,000 or more",13,"6 Never married","1 Yes","1 Yes","100",NA,NA,NA,"0 No",95,0,16,NA
"1800","Female",34,"32 Nevada","16 150,000 or more",14,"4 Divorced","1 Yes","0 No","100",NA,NA,NA,"1 Yes",0,100,16,NA
"1801","Female",41,"6 California","15 100,000 to 149,999",13,"1 Married (spouse lives with me)","1 Yes","1 Yes","100",100,0,0,"1 Yes",95,0,15,"Harris"
"1802","Male",54,"37 North Carolina","16 150,000 or more",14,"1 Married (spouse lives with me)","1 Yes","1 Yes","100",100,NA,NA,"1 Yes",85,15,16,"Harris"
"1803","Female",47,"22 Louisiana","15 100,000 to 149,999",12,"1 Married (spouse lives with me)","1 Yes","1 Yes","100",NA,NA,NA,"1 Yes",0,100,15,NA
"1804","Female",61,"49 Utah","1 Less than $5,000",13,"1 Married (spouse lives with me)","1 Yes","1 Yes","100",NA,NA,NA,"1 Yes",25,72,1,NA
"1805","Male",34,"13 Georgia","6 15,000 to 19,999",9,"1 Married (spouse lives with me)","1 Yes","1 Yes","100",0,100,0,"1 Yes",0,100,6,"Trump"
"1806","Male",26,"34 New Jersey","6 15,000 to 19,999",8,"2 Married (spouse lives elsewhere)","1 Yes","0 No","100",100,NA,NA,"0 No",100,0,6,"Harris"
"1807","Female",21,"25 Massachusetts","7 20,000 to 24,999",9,"6 Never married","1 Yes","1 Yes","100",NA,NA,NA,"1 Yes",80,18,7,NA
"1808","Female",21,"47 Tennessee","10 35,000 to 39,999",9,"1 Married (spouse lives with me)","1 Yes","0 No","20",NA,100,NA,"1 Yes",0,100,10,"Trump"
"1809","Female",63,"42 Pennsylvania","8 25,000 to 2,999",12,"5 Widowed","1 Yes","1 Yes","100",0,100,0,"1 Yes",0,100,8,"Trump"
"1810","Female",68,"42 Pennsylvania","11 40,000 to 49,999",11,"1 Married (spouse lives with me)","1 Yes","0 No","100",NA,NA,NA,"1 Yes",100,0,11,NA
"1811","Female",44,"45 South Carolina","14 75,000 to 99,999",9,"1 Married (spouse lives with me)","1 Yes","1 Yes","100",0,0,100,"1 Yes",33,33,14,"Other"
"1812","Female",47,"41 Oregon","16 150,000 or more",16,"1 Married (spouse lives with me)","1 Yes","0 No","100",100,NA,NA,"1 Yes",90,10,16,"Harris"
"1813","Male",24,"53 Washington","16 150,000 or more",14,"6 Never married","1 Yes","1 Yes","100",100,0,0,"1 Yes",50,50,16,"Harris"
"1814","Female",39,"26 Michigan","16 150,000 or more",14,"1 Married (spouse lives with me)","1 Yes","1 Yes","100",NA,NA,NA,"1 Yes",99,1,16,NA
"1815","Male",75,"45 South Carolina","13 60,000 to 74,999",13,"1 Married (spouse lives with me)","1 Yes","0 No","100",NA,100,NA,"1 Yes",10,90,13,"Trump"
"1816","Male",79,"45 South Carolina","15 100,000 to 149,999",13,"1 Married (spouse lives with me)","1 Yes","0 No","100",NA,NA,NA,"1 Yes",25,75,15,NA
"1817","Male",29,"42 Pennsylvania","16 150,000 or more",14,"1 Married (spouse lives with me)","1 Yes","1 Yes","100",NA,NA,NA,"1 Yes",85,10,16,NA
"1818","Male",76,"29 Missouri","12 50,000 to 59,999",13,"1 Married (spouse lives with me)","1 Yes","0 No","99",25,75,NA,"1 Yes",30,70,12,"Trump"
"1819","Female",38,"1 Alabama","15 100,000 to 149,999",9,"1 Married (spouse lives with me)","1 Yes","1 Yes","75",0,100,0,"1 Yes",15,85,15,"Trump"
"1820","Female",77,"55 Wisconsin","14 75,000 to 99,999",10,"1 Married (spouse lives with me)","1 Yes","0 No","100",100,NA,NA,"1 Yes",70,30,14,"Harris"
"1821","Female",28,"9 Connecticut","14 75,000 to 99,999",14,"6 Never married","1 Yes","1 Yes","50",50,50,NA,"1 Yes",75,25,14,"Trump"
"1822","Male",64,"44 Rhode Island","16 150,000 or more",13,"1 Married (spouse lives with me)","1 Yes","1 Yes","100",30,70,NA,"1 Yes",80,20,16,"Trump"
"1823","Female",47,"42 Pennsylvania","11 40,000 to 49,999",11,"6 Never married","1 Yes","1 Yes","100",50,50,0,"0 No",100,0,11,"Trump"
"1824","Male",52,"13 Georgia","16 150,000 or more",15,"1 Married (spouse lives with me)","1 Yes","1 Yes","0",50,50,0,"1 Yes",0,100,16,"Trump"
"1825","Female",64,"42 Pennsylvania","13 60,000 to 74,999",11,"1 Married (spouse lives with me)","1 Yes","0 No","100",0,100,0,"1 Yes",10,90,13,"Trump"
"1826","Male",77,"12 Florida","16 150,000 or more",14,"4 Divorced","1 Yes","0 No","100",NA,NA,NA,"1 Yes",0,100,16,NA
"1827","Female",47,"39 Ohio","16 150,000 or more",13,"1 Married (spouse lives with me)","1 Yes","1 Yes","99",5,90,5,"1 Yes",45,53,16,"Trump"
"1828","Male",85,"37 North Carolina","15 100,000 to 149,999",14,"1 Married (spouse lives with me)","1 Yes","0 No","100",NA,NA,NA,"1 Yes",70,30,15,NA
"1829","Female",71,"36 New York","11 40,000 to 49,999",13,"2 Married (spouse lives elsewhere)","1 Yes","1 Yes","50",50,50,NA,"1 Yes",30,70,11,"Trump"
"1830","Male",32,"26 Michigan","16 150,000 or more",12,"6 Never married","1 Yes","1 Yes","100",0,100,0,"1 Yes",70,30,16,"Trump"
"1831","Female",58,"42 Pennsylvania","15 100,000 to 149,999",14,"1 Married (spouse lives with me)","1 Yes","0 No","100",NA,NA,NA,"0 No",99,1,15,NA
"1832","Female",40,"12 Florida","16 150,000 or more",13,"6 Never married","1 Yes","1 Yes","99",NA,100,NA,"1 Yes",20,80,16,"Trump"
"1833","Female",76,"26 Michigan","12 50,000 to 59,999",11,"5 Widowed","1 Yes","1 Yes","100",NA,NA,NA,"1 Yes",40,60,12,NA
"1834","Female",44,"26 Michigan","15 100,000 to 149,999",13,"1 Married (spouse lives with me)","1 Yes","1 Yes","100",NA,100,NA,"1 Yes",10,85,15,"Trump"
"1835","Male",41,"26 Michigan","9 30,000 to 34,999",13,"6 Never married","1 Yes","1 Yes","100",100,0,0,"1 Yes",60,40,9,"Harris"
"1836","Female",79,"9 Connecticut","10 35,000 to 39,999",11,"5 Widowed","1 Yes","0 No","100",NA,100,NA,"1 Yes",11,89,10,"Trump"
"1837","Female",60,"36 New York","12 50,000 to 59,999",10,"1 Married (spouse lives with me)","1 Yes","1 Yes","100",NA,100,NA,"1 Yes",5,95,12,"Trump"
"1838","Female",74,"12 Florida","14 75,000 to 99,999",14,"1 Married (spouse lives with me)","1 Yes","0 No","100",NA,NA,NA,"1 Yes",49,51,14,NA
"1839","Male",39,"37 North Carolina","15 100,000 to 149,999",13,"6 Never married","1 Yes","1 Yes","100",NA,NA,NA,"1 Yes",25,75,15,NA
"1840","Male",55,"26 Michigan","7 20,000 to 24,999",13,"6 Never married","1 Yes","1 Yes","100",NA,NA,NA,"0 No",100,0,7,NA
"1841","Female",55,"37 North Carolina","14 75,000 to 99,999",11,"1 Married (spouse lives with me)","1 Yes","1 Yes","100",100,0,0,"0 No",99,1,14,"Harris"
"1842","Female",45,"37 North Carolina","8 25,000 to 2,999",9,"6 Never married","1 Yes","1 Yes","50",80,0,20,"0 No",50,40,8,"Harris"
"1843","Female",71,"34 New Jersey","13 60,000 to 74,999",13,"1 Married (spouse lives with me)","1 Yes","0 No","100",100,0,0,"1 Yes",100,0,13,"Harris"
"1844","Female",76,"23 Maine","12 50,000 to 59,999",10,"1 Married (spouse lives with me)","1 Yes","0 No","100",49,51,NA,"1 Yes",35,65,12,"Trump"
"1845","Male",55,"12 Florida","15 100,000 to 149,999",13,"1 Married (spouse lives with me)","1 Yes","1 Yes","100",0,95,5,"1 Yes",40,60,15,"Trump"
"1846","Male",72,"26 Michigan","15 100,000 to 149,999",13,"1 Married (spouse lives with me)","1 Yes","0 No","100",NA,NA,NA,"1 Yes",10,89,15,NA
"1847","Female",52,"13 Georgia","15 100,000 to 149,999",13,"1 Married (spouse lives with me)","1 Yes","1 Yes","100",NA,NA,NA,"1 Yes",1,98,15,NA
"1848","Female",51,"9 Connecticut","16 150,000 or more",12,"1 Married (spouse lives with me)","1 Yes","1 Yes","100",50,50,0,"1 Yes",80,20,16,"Trump"
"1849","Female",34,"26 Michigan","14 75,000 to 99,999",10,"1 Married (spouse lives with me)","1 Yes","0 No","100",100,0,0,"1 Yes",50,50,14,"Harris"
"1850","Male",47,"42 Pennsylvania","15 100,000 to 149,999",15,"1 Married (spouse lives with me)","1 Yes","1 Yes","100",100,0,0,"1 Yes",70,30,15,"Harris"
"1851","Male",78,"12 Florida","15 100,000 to 149,999",14,"1 Married (spouse lives with me)","1 Yes","0 No","100",100,0,0,"1 Yes",60,40,15,"Harris"
"1852","Female",36,"13 Georgia","16 150,000 or more",13,"6 Never married","1 Yes","1 Yes","100",NA,NA,NA,"0 No",90,10,16,NA
"1853","Female",53,"39 Ohio","11 40,000 to 49,999",11,"1 Married (spouse lives with me)","1 Yes","1 Yes","100",NA,NA,NA,"1 Yes",47,48,11,NA
"1854","Female",32,"24 Maryland","15 100,000 to 149,999",14,"1 Married (spouse lives with me)","1 Yes","0 No","99",0,100,0,"1 Yes",50,50,15,"Trump"
"1855","Female",70,"26 Michigan","16 150,000 or more",14,"6 Never married","1 Yes","1 Yes","100",100,NA,NA,"1 Yes",75,25,16,"Harris"
"1856","Female",54,"13 Georgia","13 60,000 to 74,999",12,"4 Divorced","1 Yes","1 Yes","100",0,100,0,"1 Yes",0,100,13,"Trump"
"1857","Female",39,"34 New Jersey","15 100,000 to 149,999",13,"1 Married (spouse lives with me)","1 Yes","0 No","100",70,0,30,"1 Yes",45,55,15,"Harris"
"1858","Male",51,"26 Michigan","16 150,000 or more",15,"1 Married (spouse lives with me)","1 Yes","1 Yes","100",75,25,0,"1 Yes",60,40,16,"Harris"
"1859","Male",38,"13 Georgia","15 100,000 to 149,999",13,"1 Married (spouse lives with me)","1 Yes","1 Yes","100",100,NA,NA,"1 Yes",100,0,15,"Harris"
"1860","Male",44,"13 Georgia","15 100,000 to 149,999",13,"1 Married (spouse lives with me)","1 Yes","1 Yes","100",NA,NA,NA,"1 Yes",0,100,15,NA
"1861","Female",52,"26 Michigan","16 150,000 or more",15,"1 Married (spouse lives with me)","1 Yes","1 Yes","100",NA,NA,NA,"1 Yes",50,50,16,NA
"1862","Female",54,"42 Pennsylvania","13 60,000 to 74,999",12,"6 Never married","1 Yes","1 Yes","100",50,0,50,"1 Yes",60,40,13,"Harris"
"1863","Female",64,"12 Florida","16 150,000 or more",9,"1 Married (spouse lives with me)","1 Yes","0 No","100",NA,100,NA,"1 Yes",0,100,16,"Trump"
"1864","Male",78,"44 Rhode Island","14 75,000 to 99,999",14,"1 Married (spouse lives with me)","1 Yes","0 No","100",100,0,0,"1 Yes",98,1,14,"Harris"
"1865","Female",66,"54 West Virginia","12 50,000 to 59,999",14,"1 Married (spouse lives with me)","1 Yes","0 No","100",0,100,NA,"1 Yes",50,50,12,"Trump"
"1866","Female",52,"12 Florida","10 35,000 to 39,999",9,"1 Married (spouse lives with me)","1 Yes","1 Yes","99",0,100,0,"1 Yes",50,50,10,"Trump"
"1867","Male",44,"13 Georgia","16 150,000 or more",13,"1 Married (spouse lives with me)","1 Yes","1 Yes","100",100,NA,NA,"1 Yes",80,20,16,"Harris"
"1868","Female",72,"9 Connecticut","13 60,000 to 74,999",13,"1 Married (spouse lives with me)","1 Yes","0 No","100",100,NA,NA,"1 Yes",85,15,13,"Harris"
"1869","Female",50,"12 Florida","16 150,000 or more",14,"1 Married (spouse lives with me)","1 Yes","1 Yes","100",100,NA,NA,"1 Yes",60,40,16,"Harris"
"1870","Female",29,"37 North Carolina","7 20,000 to 24,999",12,"6 Never married","1 Yes","1 Yes","0",40,30,30,"1 Yes",50,50,7,"Harris"
"1871","Female",64,"36 New York","10 35,000 to 39,999",9,"5 Widowed","1 Yes","0 No","75",50,0,50,"1 Yes",50,50,10,"Harris"
"1872","Male",44,"12 Florida","14 75,000 to 99,999",13,"4 Divorced","1 Yes","1 Yes","70",50,50,0,"0 No",52,45,14,"Trump"
"1873","Female",35,"36 New York","1 Less than $5,000",5,"6 Never married","1 Yes","0 No","100",80,20,0,"1 Yes",60,40,1,"Harris"
"1874","Female",53,"26 Michigan","16 150,000 or more",13,"1 Married (spouse lives with me)","1 Yes","1 Yes","100",NA,NA,100,"1 Yes",50,50,16,"Other"
"1875","Female",78,"13 Georgia","16 150,000 or more",13,"4 Divorced","1 Yes","0 No","100",NA,NA,NA,"0 No",100,0,16,NA
"1876","Male",72,"37 North Carolina","11 40,000 to 49,999",10,"6 Never married","1 Yes","0 No","100",NA,NA,NA,"1 Yes",50,50,11,NA
"1877","Male",54,"36 New York","13 60,000 to 74,999",12,"1 Married (spouse lives with me)","1 Yes","1 Yes","100",50,50,NA,"0 No",25,75,13,"Trump"
"1878","Female",53,"25 Massachusetts","16 150,000 or more",13,"4 Divorced","1 Yes","1 Yes","100",100,NA,NA,"1 Yes",90,5,16,"Harris"
"1879","Female",80,"25 Massachusetts","7 20,000 to 24,999",10,"5 Widowed","1 Yes","0 No","100",100,NA,NA,"1 Yes",90,10,7,"Harris"
"1880","Female",29,"37 North Carolina","4 10,000 to 12,499",10,"6 Never married","1 Yes","0 No","100",NA,NA,NA,"0 No",100,0,4,NA
"1881","Female",31,"24 Maryland","11 40,000 to 49,999",10,"4 Divorced","1 Yes","1 Yes","90",0,100,0,"1 Yes",30,70,11,"Trump"
"1882","Female",51,"36 New York","14 75,000 to 99,999",14,"6 Never married","1 Yes","1 Yes","90",25,75,NA,"1 Yes",50,50,14,"Trump"
"1883","Female",54,"51 Virginia","16 150,000 or more",13,"1 Married (spouse lives with me)","1 Yes","1 Yes","100",NA,100,NA,"1 Yes",2,98,16,"Trump"
"1884","Male",67,"45 South Carolina","13 60,000 to 74,999",13,"1 Married (spouse lives with me)","1 Yes","1 Yes","90",0,100,NA,"1 Yes",10,90,13,"Trump"
"1885","Female",64,"26 Michigan","14 75,000 to 99,999",12,"1 Married (spouse lives with me)","1 Yes","0 No","100",0,100,0,"1 Yes",30,60,14,"Trump"
"1886","Female",29,"42 Pennsylvania","10 35,000 to 39,999",9,"1 Married (spouse lives with me)","1 Yes","1 Yes","95",0,99,1,"1 Yes",5,95,10,"Trump"
"1887","Female",64,"25 Massachusetts","10 35,000 to 39,999",14,"6 Never married","1 Yes","0 No","100",100,NA,NA,"1 Yes",95,5,10,"Harris"
"1888","Male",58,"12 Florida","13 60,000 to 74,999",15,"1 Married (spouse lives with me)","1 Yes","1 Yes","100",0,100,0,"1 Yes",0,100,13,"Trump"
"1889","Female",60,"25 Massachusetts","8 25,000 to 2,999",12,"4 Divorced","1 Yes","1 Yes","99",99,1,NA,"1 Yes",60,40,8,"Harris"
"1890","Male",86,"37 North Carolina","15 100,000 to 149,999",12,"1 Married (spouse lives with me)","1 Yes","0 No",".a",NA,NA,NA,"1 Yes",NA,NA,15,NA
"1891","Male",69,"13 Georgia","15 100,000 to 149,999",14,"4 Divorced","1 Yes","0 No","100",NA,NA,100,"1 Yes",40,60,15,"Other"
"1892","Male",30,"32 Nevada","16 150,000 or more",14,"6 Never married","1 Yes","1 Yes","100",100,NA,NA,"1 Yes",90,5,16,"Harris"
"1893","Female",60,"42 Pennsylvania","16 150,000 or more",13,"1 Married (spouse lives with me)","1 Yes","1 Yes","100",100,NA,NA,"1 Yes",70,30,16,"Harris"
"1894","Male",65,"37 North Carolina","11 40,000 to 49,999",10,"4 Divorced","1 Yes","1 Yes","80",100,0,0,"0 No",100,0,11,"Harris"
"1895","Male",78,"39 Ohio","13 60,000 to 74,999",10,"5 Widowed","1 Yes","0 No","100",NA,NA,NA,"1 Yes",50,50,13,NA
"1896","Female",43,"26 Michigan","14 75,000 to 99,999",14,"1 Married (spouse lives with me)","1 Yes","1 Yes","100",0,100,0,"1 Yes",30,70,14,"Trump"
"1897","Female",54,"37 North Carolina","14 75,000 to 99,999",14,"1 Married (spouse lives with me)","1 Yes","0 No","100",100,0,0,"1 Yes",66,34,14,"Harris"
"1898","Male",39,"37 North Carolina","14 75,000 to 99,999",13,"1 Married (spouse lives with me)","1 Yes","1 Yes","100",NA,NA,NA,"1 Yes",0,100,14,NA
"1899","Male",74,"12 Florida","7 20,000 to 24,999",14,"6 Never married","1 Yes","0 No","100",NA,NA,NA,"1 Yes",80,20,7,NA
"1900","Female",43,"37 North Carolina","9 30,000 to 34,999",9,"1 Married (spouse lives with me)","1 Yes","1 Yes","100",0,100,0,"1 Yes",0,100,9,"Trump"
"1901","Female",39,"48 Texas","15 100,000 to 149,999",13,"1 Married (spouse lives with me)","1 Yes","1 Yes","5",0,0,100,"1 Yes",40,50,15,"Other"
"1902","Female",48,"13 Georgia","15 100,000 to 149,999",14,"6 Never married","1 Yes","1 Yes","100",80,20,0,"1 Yes",40,60,15,"Harris"
"1903","Male",27,"13 Georgia","10 35,000 to 39,999",9,"6 Never married","1 Yes","1 Yes","100",100,NA,NA,"0 No",50,50,10,"Harris"
"1904","Female",31,"5 Arkansas","9 30,000 to 34,999",9,"5 Widowed","1 Yes","0 No","8",0,100,0,"1 Yes",0,100,9,"Trump"
"1905","Male",76,"40 Oklahoma","9 30,000 to 34,999",10,"1 Married (spouse lives with me)","1 Yes","0 No","100",NA,100,NA,"1 Yes",5,95,9,"Trump"
"1906","Female",34,"55 Wisconsin","10 35,000 to 39,999",9,"6 Never married","1 Yes","1 Yes","100",100,NA,NA,"1 Yes",NA,NA,10,"Harris"
"1907","Female",68,"17 Illinois","15 100,000 to 149,999",14,"1 Married (spouse lives with me)","1 Yes","0 No","100",100,0,0,"1 Yes",75,25,15,"Harris"
"1908","Female",59,"55 Wisconsin","5 12,500 to 14,999",9,"4 Divorced","1 Yes","0 No","90",80,0,20,"1 Yes",50,50,5,"Harris"
"1909","Female",72,"55 Wisconsin","10 35,000 to 39,999",9,"5 Widowed","1 Yes","0 No","100",NA,NA,NA,"1 Yes",85,15,10,NA
"1910","Female",41,"48 Texas","15 100,000 to 149,999",13,"1 Married (spouse lives with me)","1 Yes","1 Yes","100",50,50,NA,"1 Yes",50,50,15,"Trump"
"1911","Male",62,"29 Missouri","15 100,000 to 149,999",10,"1 Married (spouse lives with me)","1 Yes","1 Yes","100",50,50,NA,"1 Yes",70,30,15,"Trump"
"1912","Female",35,"27 Minnesota","6 15,000 to 19,999",10,"4 Divorced","1 Yes","1 Yes","100",100,NA,NA,"1 Yes",75,25,6,"Harris"
"1913","Male",83,"27 Minnesota","12 50,000 to 59,999",14,"1 Married (spouse lives with me)","1 Yes","0 No","100",100,NA,NA,"1 Yes",70,20,12,"Harris"
"1914","Female",47,"48 Texas","7 20,000 to 24,999",5,"1 Married (spouse lives with me)","1 Yes","1 Yes","0",100,0,0,"1 Yes",NA,NA,7,"Harris"
"1915","Male",72,"48 Texas","13 60,000 to 74,999",13,"1 Married (spouse lives with me)","1 Yes","0 No","97",100,NA,NA,"0 No",100,0,13,"Harris"
"1916","Female",77,"19 Iowa","10 35,000 to 39,999",10,"5 Widowed","1 Yes","0 No","100",NA,NA,NA,"1 Yes",90,1,10,NA
"1917","Female",46,"17 Illinois","13 60,000 to 74,999",10,"1 Married (spouse lives with me)","1 Yes","1 Yes","100",100,NA,NA,"1 Yes",100,0,13,"Harris"
"1918","Female",56,"47 Tennessee","9 30,000 to 34,999",14,"6 Never married","1 Yes","0 No","100",NA,NA,NA,"1 Yes",100,0,9,NA
"1919","Female",77,"40 Oklahoma","6 15,000 to 19,999",10,"4 Divorced","1 Yes","0 No","100",NA,100,NA,"1 Yes",25,75,6,"Trump"
"1920","Female",44,"18 Indiana","15 100,000 to 149,999",13,"1 Married (spouse lives with me)","1 Yes","1 Yes","100",NA,NA,NA,"1 Yes",35,65,15,NA
"1921","Male",80,"17 Illinois","16 150,000 or more",14,"1 Married (spouse lives with me)","1 Yes","0 No","100",100,0,0,"1 Yes",95,5,16,"Harris"
"1922","Male",58,"27 Minnesota","15 100,000 to 149,999",13,"1 Married (spouse lives with me)","1 Yes","1 Yes","100",100,0,NA,"1 Yes",98,2,15,"Harris"
"1923","Male",53,"48 Texas","14 75,000 to 99,999",9,"6 Never married","1 Yes","1 Yes","50",50,50,0,"1 Yes",50,50,14,"Trump"
"1924","Female",45,"17 Illinois","14 75,000 to 99,999",10,"6 Never married","1 Yes","0 No","100",100,0,0,"1 Yes",NA,NA,14,"Harris"
"1925","Female",26,"55 Wisconsin","14 75,000 to 99,999",13,"6 Never married","1 Yes","1 Yes","100",NA,NA,NA,"1 Yes",60,30,14,NA
"1926","Male",58,"1 Alabama","5 12,500 to 14,999",9,"6 Never married","1 Yes","1 Yes","100",NA,NA,NA,"0 No",75,25,5,NA
"1927","Male",50,"17 Illinois","16 150,000 or more",9,"1 Married (spouse lives with me)","1 Yes","1 Yes","0",0,0,100,"1 Yes",70,0,16,"Other"
"1928","Female",35,"31 Nebraska","14 75,000 to 99,999",16,"1 Married (spouse lives with me)","1 Yes","1 Yes","100",100,0,0,"1 Yes",85,5,14,"Harris"
"1929","Male",47,"8 Colorado","16 150,000 or more",13,"1 Married (spouse lives with me)","1 Yes","1 Yes","100",100,NA,NA,"1 Yes",80,20,16,"Harris"
"1930","Male",42,"4 Arizona","14 75,000 to 99,999",15,"1 Married (spouse lives with me)","1 Yes","0 No","100",0,100,0,"1 Yes",15,85,14,"Trump"
"1931","Female",30,"8 Colorado","13 60,000 to 74,999",14,"6 Never married","1 Yes","1 Yes",".a",NA,NA,NA,"1 Yes",NA,NA,13,NA
"1932","Female",68,"4 Arizona","11 40,000 to 49,999",14,"1 Married (spouse lives with me)","1 Yes","0 No","100",NA,NA,NA,"1 Yes",50,50,11,NA
"1933","Female",50,"4 Arizona","16 150,000 or more",14,"1 Married (spouse lives with me)","1 Yes","1 Yes","100",100,0,0,"0 No",100,0,16,"Harris"
"1934","Female",65,"4 Arizona","12 50,000 to 59,999",13,"6 Never married","1 Yes","1 Yes","100",100,0,0,"1 Yes",40,60,12,"Harris"
"1935","Male",57,"49 Utah","15 100,000 to 149,999",13,"1 Married (spouse lives with me)","1 Yes","1 Yes","100",0,99,1,"1 Yes",0,99,15,"Trump"
"1936","Male",63,"56 Wyoming","13 60,000 to 74,999",13,"1 Married (spouse lives with me)","1 Yes","0 No","95",100,0,0,"1 Yes",25,70,13,"Harris"
"1937","Female",69,"4 Arizona","12 50,000 to 59,999",13,"6 Never married","1 Yes","0 No","100",NA,NA,NA,"1 Yes",NA,NA,12,NA
"1938","Female",59,"35 New Mexico","14 75,000 to 99,999",13,"1 Married (spouse lives with me)","1 Yes","0 No","100",NA,NA,NA,"1 Yes",75,25,14,NA
"1939","Female",42,"4 Arizona","6 15,000 to 19,999",10,"6 Never married","1 Yes","1 Yes","100",100,0,0,"1 Yes",50,50,6,"Harris"
"1940","Female",67,"8 Colorado","12 50,000 to 59,999",9,"1 Married (spouse lives with me)","1 Yes","0 No","100",NA,100,NA,"1 Yes",5,95,12,"Trump"
"1941","Female",38,"33 New Hampshire","14 75,000 to 99,999",13,"1 Married (spouse lives with me)","1 Yes","1 Yes","70",100,0,NA,"1 Yes",80,20,14,"Harris"
"1942","Female",63,"8 Colorado","11 40,000 to 49,999",13,"1 Married (spouse lives with me)","1 Yes","0 No","100",NA,NA,NA,"1 Yes",50,50,11,NA
"1943","Female",72,"4 Arizona","13 60,000 to 74,999",10,"1 Married (spouse lives with me)","1 Yes","0 No","100",100,NA,NA,"1 Yes",80,20,13,"Harris"
"1944","Male",54,"4 Arizona","16 150,000 or more",13,"1 Married (spouse lives with me)","1 Yes","1 Yes","100",NA,NA,NA,"1 Yes",80,20,16,NA
"1945","Female",68,"4 Arizona","14 75,000 to 99,999",10,"1 Married (spouse lives with me)","1 Yes","0 No","100",NA,NA,NA,"1 Yes",100,0,14,NA
"1946","Male",49,"6 California","16 150,000 or more",14,"1 Married (spouse lives with me)","1 Yes","1 Yes","100",100,NA,NA,"1 Yes",70,30,16,"Harris"
"1947","Male",75,"53 Washington","10 35,000 to 39,999",12,"5 Widowed","1 Yes","1 Yes","100",0,100,0,"1 Yes",0,100,10,"Trump"
"1948","Female",77,"53 Washington","15 100,000 to 149,999",13,"1 Married (spouse lives with me)","1 Yes","0 No","100",NA,NA,NA,"1 Yes",85,15,15,NA
"1949","Male",44,"48 Texas","16 150,000 or more",13,"1 Married (spouse lives with me)","1 Yes","0 No","100",NA,100,NA,"1 Yes",0,100,16,"Trump"
"1950","Male",60,"6 California","16 150,000 or more",13,"1 Married (spouse lives with me)","1 Yes","1 Yes","100",NA,NA,NA,"0 No",50,50,16,NA
"1951","Male",35,"6 California","14 75,000 to 99,999",11,"2 Married (spouse lives elsewhere)","1 Yes","1 Yes","100",NA,NA,NA,"1 Yes",50,50,14,NA
"1952","Male",33,"6 California","16 150,000 or more",13,"1 Married (spouse lives with me)","1 Yes","1 Yes","100",NA,NA,NA,"1 Yes",80,20,16,NA
"1953","Female",56,"6 California","16 150,000 or more",13,"4 Divorced","1 Yes","0 No","0",0,0,100,"0 No",100,0,16,"Other"
"1954","Male",65,"6 California","8 25,000 to 2,999",13,"1 Married (spouse lives with me)","1 Yes","1 Yes","0",100,0,0,"0 No",50,48,8,"Harris"
"1955","Male",43,"6 California","15 100,000 to 149,999",13,"1 Married (spouse lives with me)","1 Yes","1 Yes","100",100,0,0,"1 Yes",80,10,15,"Harris"
"1956","Female",40,"6 California","14 75,000 to 99,999",12,"4 Divorced","1 Yes","1 Yes","100",0,100,0,"1 Yes",NA,NA,14,"Trump"
"1957","Female",80,"6 California","14 75,000 to 99,999",13,"1 Married (spouse lives with me)","1 Yes","0 No",".a",NA,NA,NA,"1 Yes",NA,NA,14,NA
"1958","Female",39,"6 California","16 150,000 or more",14,"1 Married (spouse lives with me)","1 Yes","1 Yes","100",100,0,0,"1 Yes",90,9,16,"Harris"
"1959","Male",55,"6 California","9 30,000 to 34,999",10,"6 Never married","1 Yes","0 No","100",NA,NA,NA,"1 Yes",0,100,9,NA
"1960","Male",43,"53 Washington","16 150,000 or more",13,"6 Never married","1 Yes","1 Yes","100",100,0,NA,"1 Yes",100,0,16,"Harris"
"1961","Female",41,"6 California","14 75,000 to 99,999",14,"1 Married (spouse lives with me)","1 Yes","1 Yes","100",NA,NA,NA,"1 Yes",100,0,14,NA
"1962","Female",40,"41 Oregon","12 50,000 to 59,999",12,"1 Married (spouse lives with me)","1 Yes","1 Yes","100",NA,100,NA,"1 Yes",10,90,12,"Trump"
"1963","Male",48,"6 California","16 150,000 or more",10,"6 Never married","1 Yes","1 Yes","100",100,NA,NA,"1 Yes",75,20,16,"Harris"
"1964","Male",49,"55 Wisconsin","3 7,500 to 9,999",10,"6 Never married","1 Yes","0 No","0",0,100,0,"1 Yes",60,40,3,"Trump"
"1965","Male",27,"6 California","16 150,000 or more",15,"6 Never married","1 Yes","1 Yes","100",NA,NA,NA,"0 No",70,30,16,NA
"1966","Female",76,"6 California","16 150,000 or more",14,"1 Married (spouse lives with me)","1 Yes","0 No","90",50,50,NA,"1 Yes",100,0,16,"Trump"
"1967","Male",69,"48 Texas","12 50,000 to 59,999",10,"1 Married (spouse lives with me)","1 Yes","1 Yes","80",80,20,NA,"1 Yes",60,40,12,"Harris"
"1968","Male",21,"19 Iowa","16 150,000 or more",9,"6 Never married","1 Yes","0 No","99",NA,100,NA,"1 Yes",10,90,16,"Trump"
"1969","Female",41,"42 Pennsylvania","13 60,000 to 74,999",7,"1 Married (spouse lives with me)","1 Yes","1 Yes","100",100,NA,NA,"1 Yes",50,50,13,"Harris"
"1970","Female",25,"13 Georgia","3 7,500 to 9,999",10,"6 Never married","1 Yes","0 No","90",0,100,0,"0 No",0,100,3,"Trump"
"1971","Male",52,"32 Nevada","15 100,000 to 149,999",8,"1 Married (spouse lives with me)","1 Yes","1 Yes","100",0,100,0,"1 Yes",0,100,15,"Trump"
"1972","Male",28,"32 Nevada","15 100,000 to 149,999",9,"6 Never married","1 Yes","1 Yes","100",0,100,0,"1 Yes",0,100,15,"Trump"
"1973","Female",24,"13 Georgia","13 60,000 to 74,999",13,"1 Married (spouse lives with me)","1 Yes","1 Yes","100",NA,NA,NA,"1 Yes",0,100,13,NA
"1974","Female",39,"55 Wisconsin","11 40,000 to 49,999",13,"6 Never married","1 Yes","1 Yes","100",NA,NA,NA,"1 Yes",100,0,11,NA
"1975","Female",24,"21 Kentucky","3 7,500 to 9,999",9,"6 Never married","1 Yes","1 Yes","0",50,50,0,"1 Yes",NA,NA,3,"Trump"
"1976","Female",78,"6 California","10 35,000 to 39,999",10,"4 Divorced","1 Yes","0 No","100",NA,NA,NA,"1 Yes",0,100,10,NA
"1977","Male",47,"48 Texas","15 100,000 to 149,999",13,"1 Married (spouse lives with me)","1 Yes","1 Yes","100",NA,100,NA,"1 Yes",10,90,15,"Trump"
"1978","Female",73,"1 Alabama","12 50,000 to 59,999",16,"1 Married (spouse lives with me)","1 Yes","0 No","100",10,90,0,"1 Yes",20,80,12,"Trump"
"1979","Male",47,"26 Michigan","15 100,000 to 149,999",13,"1 Married (spouse lives with me)","1 Yes","1 Yes","100",NA,NA,NA,"1 Yes",20,80,15,NA
"1980","Male",57,"12 Florida","11 40,000 to 49,999",13,"1 Married (spouse lives with me)","1 Yes","1 Yes","100",NA,NA,100,"1 Yes",0,50,11,"Other"
"1981","Male",65,"26 Michigan","14 75,000 to 99,999",10,"1 Married (spouse lives with me)","1 Yes","1 Yes","100",0,100,0,"1 Yes",30,70,14,"Trump"
"1982","Female",58,"48 Texas","13 60,000 to 74,999",10,"1 Married (spouse lives with me)","1 Yes","1 Yes","100",NA,NA,NA,"0 No",80,10,13,NA
"1983","Male",22,"51 Virginia","8 25,000 to 2,999",10,"6 Never married","1 Yes","0 No","0",0,100,NA,"0 No",NA,NA,8,"Trump"
"1984","Female",54,"47 Tennessee","10 35,000 to 39,999",8,"5 Widowed","1 Yes","0 No","100",NA,NA,NA,"1 Yes",10,80,10,NA
"1985","Female",66,"12 Florida","7 20,000 to 24,999",10,"1 Married (spouse lives with me)","1 Yes","0 No","100",0,100,0,"1 Yes",5,95,7,"Trump"
"1986","Male",61,"13 Georgia","9 30,000 to 34,999",11,"1 Married (spouse lives with me)","1 Yes","1 Yes","100",NA,NA,NA,"0 No",20,10,9,NA
"1987","Female",49,"55 Wisconsin","14 75,000 to 99,999",10,"6 Never married","1 Yes","0 No","80",20,80,0,"1 Yes",75,25,14,"Trump"
"1988","Male",59,"20 Kansas","4 10,000 to 12,499",10,"1 Married (spouse lives with me)","1 Yes","0 No","50",0,50,50,"1 Yes",50,50,4,"Trump"
"1989","Female",70,"26 Michigan","14 75,000 to 99,999",10,"1 Married (spouse lives with me)","1 Yes","0 No","100",NA,NA,NA,"1 Yes",50,50,14,NA
"1990","Male",51,"6 California","16 150,000 or more",10,"1 Married (spouse lives with me)","1 Yes","1 Yes","100",30,70,NA,"1 Yes",40,60,16,"Trump"
"1991","Male",67,"34 New Jersey","14 75,000 to 99,999",9,"1 Married (spouse lives with me)","1 Yes","1 Yes","50",0,100,NA,"1 Yes",20,80,14,"Trump"
"1992","Female",23,"51 Virginia","12 50,000 to 59,999",13,"6 Never married","1 Yes","1 Yes","100",100,0,NA,"1 Yes",99,1,12,"Harris"
"1993","Female",43,"42 Pennsylvania","11 40,000 to 49,999",10,"1 Married (spouse lives with me)","1 Yes","0 No","0",100,0,0,"1 Yes",25,75,11,"Harris"
"1994","Female",60,"12 Florida","4 10,000 to 12,499",9,"4 Divorced","1 Yes","0 No","100",100,0,0,"0 No",100,0,4,"Harris"
"1995","Male",27,"37 North Carolina","8 25,000 to 2,999",11,"6 Never married","1 Yes","1 Yes","0",0,100,0,"1 Yes",NA,NA,8,"Trump"
"1996","Male",87,"18 Indiana","15 100,000 to 149,999",13,"1 Married (spouse lives with me)","1 Yes","0 No","100",NA,NA,NA,"1 Yes",50,50,15,NA
"1997","Female",31,"37 North Carolina","11 40,000 to 49,999",10,"6 Never married","1 Yes","1 Yes","89",50,50,0,"0 No",80,20,11,"Trump"
"1998","Female",56,"13 Georgia","14 75,000 to 99,999",14,"1 Married (spouse lives with me)","1 Yes","0 No","100",100,0,0,"1 Yes",95,5,14,"Harris"
"1999","Female",69,"12 Florida","13 60,000 to 74,999",10,"1 Married (spouse lives with me)","1 Yes","1 Yes","100",NA,NA,NA,"1 Yes",55,45,13,NA
"2000","Female",37,"42 Pennsylvania","15 100,000 to 149,999",10,"1 Married (spouse lives with me)","1 Yes","1 Yes","100",90,10,NA,"1 Yes",50,50,15,"Harris"
"2001","Male",33,"36 New York","13 60,000 to 74,999",13,"1 Married (spouse lives with me)","1 Yes","1 Yes","100",99,0,1,"1 Yes",50,50,13,"Harris"
"2002","Female",56,"42 Pennsylvania","10 35,000 to 39,999",10,"1 Married (spouse lives with me)","1 Yes","1 Yes","100",0,100,0,"1 Yes",0,100,10,"Trump"
"2003","Female",61,"26 Michigan","14 75,000 to 99,999",13,"1 Married (spouse lives with me)","1 Yes","0 No","100",NA,NA,NA,"1 Yes",80,10,14,NA
"2004","Female",23,"34 New Jersey","1 Less than $5,000",14,"6 Never married","1 Yes","1 Yes","100",NA,NA,NA,"1 Yes",1,18,1,NA
"2005","Male",30,"42 Pennsylvania","14 75,000 to 99,999",9,"6 Never married","1 Yes","1 Yes","95",50,45,5,"1 Yes",55,35,14,"Harris"
"2006","Female",38,"36 New York","15 100,000 to 149,999",15,"1 Married (spouse lives with me)","1 Yes","1 Yes","100",100,0,0,"1 Yes",90,10,15,"Harris"
"2007","Male",77,"25 Massachusetts","16 150,000 or more",15,"1 Married (spouse lives with me)","1 Yes","0 No","100",100,NA,NA,"1 Yes",100,0,16,"Harris"
"2008","Male",44,"42 Pennsylvania","15 100,000 to 149,999",13,"1 Married (spouse lives with me)","1 Yes","1 Yes","100",100,NA,NA,"1 Yes",75,25,15,"Harris"
"2009","Male",56,"13 Georgia","16 150,000 or more",14,"1 Married (spouse lives with me)","1 Yes","1 Yes","100",NA,NA,NA,"1 Yes",75,20,16,NA
"2010","Female",46,"26 Michigan","8 25,000 to 2,999",12,"2 Married (spouse lives elsewhere)","1 Yes","1 Yes","100",NA,NA,NA,"1 Yes",35,60,8,NA
"2011","Male",30,"51 Virginia","11 40,000 to 49,999",14,"6 Never married","1 Yes","1 Yes","100",100,0,0,"1 Yes",50,50,11,"Harris"
"2012","Female",50,"13 Georgia","11 40,000 to 49,999",10,"6 Never married","1 Yes","1 Yes","50",20,80,NA,"1 Yes",20,80,11,"Trump"
"2013","Male",40,"26 Michigan","1 Less than $5,000",7,"4 Divorced","1 Yes","1 Yes","0",0,100,0,"1 Yes",NA,NA,1,"Trump"
"2014","Male",51,"9 Connecticut","14 75,000 to 99,999",13,"6 Never married","1 Yes","1 Yes","100",100,NA,NA,"0 No",70,30,14,"Harris"
"2015","Female",48,"34 New Jersey","14 75,000 to 99,999",14,"6 Never married","1 Yes","1 Yes","100",100,0,NA,"1 Yes",90,10,14,"Harris"
"2016","Female",46,"26 Michigan","16 150,000 or more",16,"1 Married (spouse lives with me)","1 Yes","1 Yes","95",0,100,0,"1 Yes",50,50,16,"Trump"
"2017","Male",78,"24 Maryland","16 150,000 or more",14,"1 Married (spouse lives with me)","1 Yes","0 No","100",NA,NA,NA,"1 Yes",100,0,16,NA
"2018","Male",63,"36 New York","7 20,000 to 24,999",13,"1 Married (spouse lives with me)","1 Yes","1 Yes","100",100,NA,NA,"1 Yes",100,0,7,"Harris"
"2019","Female",28,"4 Arizona","13 60,000 to 74,999",11,"6 Never married","1 Yes","1 Yes","0",50,50,0,"1 Yes",0,100,13,"Trump"
"2020","Male",51,"36 New York","15 100,000 to 149,999",14,"4 Divorced","1 Yes","1 Yes","100",NA,100,NA,"1 Yes",0,100,15,"Trump"
"2021","Female",43,"12 Florida","16 150,000 or more",13,"1 Married (spouse lives with me)","1 Yes","1 Yes","100",NA,NA,NA,"0 No",80,20,16,NA
"2022","Female",50,"37 North Carolina","15 100,000 to 149,999",14,"1 Married (spouse lives with me)","1 Yes","1 Yes","100",0,100,0,"1 Yes",NA,NA,15,"Trump"
"2023","Male",27,"21 Kentucky","7 20,000 to 24,999",10,"6 Never married","1 Yes","1 Yes","100",0,50,50,"1 Yes",0,95,7,"Trump"
"2024","Female",39,"42 Pennsylvania","10 35,000 to 39,999",13,"5 Widowed","1 Yes","1 Yes","0",NA,100,NA,"1 Yes",0,100,10,"Trump"
"2025","Female",65,"21 Kentucky","1 Less than $5,000",6,"4 Divorced","1 Yes","0 No","100",100,0,0,"0 No",100,0,1,"Harris"
"2026","Female",82,"13 Georgia","7 20,000 to 24,999",9,"1 Married (spouse lives with me)","1 Yes","0 No","100",100,0,NA,"1 Yes",75,25,7,"Harris"
"2027","Male",27,"37 North Carolina","15 100,000 to 149,999",13,"1 Married (spouse lives with me)","1 Yes","1 Yes","99",0,100,0,"1 Yes",20,80,15,"Trump"
"2028","Female",24,"36 New York","7 20,000 to 24,999",13,"6 Never married","1 Yes","0 No","50",50,50,NA,"0 No",85,15,7,"Trump"
"2029","Female",43,"12 Florida","9 30,000 to 34,999",10,"1 Married (spouse lives with me)","1 Yes","1 Yes","100",NA,NA,NA,"0 No",45,45,9,NA
"2030","Female",74,"26 Michigan","13 60,000 to 74,999",11,"1 Married (spouse lives with me)","1 Yes","0 No","100",100,0,0,"1 Yes",100,0,13,"Harris"
"2031","Male",64,"42 Pennsylvania","7 20,000 to 24,999",10,"4 Divorced","1 Yes","0 No","100",100,0,NA,"1 Yes",80,20,7,"Harris"
"2032","Female",30,"42 Pennsylvania","1 Less than $5,000",12,"6 Never married","1 Yes","0 No","5",0,100,0,"0 No",0,100,1,"Trump"
"2033","Female",94,"13 Georgia","14 75,000 to 99,999",12,"5 Widowed","1 Yes","0 No","100",NA,NA,NA,"1 Yes",59,41,14,NA
"2034","Female",32,"37 North Carolina","12 50,000 to 59,999",9,"1 Married (spouse lives with me)","1 Yes","1 Yes","0",0,0,100,"0 No",0,0,12,"Other"
"2035","Female",37,"45 South Carolina","13 60,000 to 74,999",10,"1 Married (spouse lives with me)","1 Yes","1 Yes","0",50,50,0,"0 No",100,0,13,"Trump"
"2036","Female",50,"13 Georgia","1 Less than $5,000",11,"6 Never married","1 Yes","0 No","100",NA,NA,NA,"0 No",50,0,1,NA
"2037","Male",41,"25 Massachusetts","12 50,000 to 59,999",10,"4 Divorced","1 Yes","0 No","50",50,50,NA,"0 No",50,50,12,"Trump"
"2038","Female",48,"26 Michigan","8 25,000 to 2,999",14,"6 Never married","1 Yes","1 Yes","99",100,NA,NA,"1 Yes",100,0,8,"Harris"
"2039","Female",69,"50 Vermont","12 50,000 to 59,999",12,"1 Married (spouse lives with me)","1 Yes","0 No","100",0,100,0,"1 Yes",25,75,12,"Trump"
"2040","Male",58,"51 Virginia","14 75,000 to 99,999",13,"6 Never married","1 Yes","1 Yes","100",NA,100,NA,"1 Yes",38,60,14,"Trump"
"2041","Male",34,"50 Vermont","9 30,000 to 34,999",9,"6 Never married","1 Yes","1 Yes","100",NA,NA,NA,"1 Yes",100,0,9,NA
"2042","Female",52,"26 Michigan","16 150,000 or more",15,"1 Married (spouse lives with me)","1 Yes","1 Yes","100",NA,100,NA,"1 Yes",40,40,16,"Trump"
"2043","Female",64,"25 Massachusetts","15 100,000 to 149,999",13,"1 Married (spouse lives with me)","1 Yes","1 Yes","100",NA,NA,NA,"0 No",95,5,15,NA
"2044","Female",68,"10 Delaware","11 40,000 to 49,999",14,"5 Widowed","1 Yes","0 No","100",100,NA,NA,"1 Yes",50,50,11,"Harris"
"2045","Female",29,"13 Georgia","15 100,000 to 149,999",13,"6 Never married","1 Yes","1 Yes","100",NA,NA,NA,"1 Yes",40,60,15,NA
"2046","Female",27,"18 Indiana","1 Less than $5,000",8,"6 Never married","1 Yes","0 No","100",100,0,0,"0 No",100,0,1,"Harris"
"2047","Male",72,"42 Pennsylvania","14 75,000 to 99,999",12,"4 Divorced","1 Yes","0 No","100",100,NA,NA,"1 Yes",95,5,14,"Harris"
"2048","Female",65,"39 Ohio","16 150,000 or more",16,"4 Divorced","1 Yes","1 Yes","100",NA,100,NA,"1 Yes",50,50,16,"Trump"
"2049","Male",72,"33 New Hampshire","13 60,000 to 74,999",14,"1 Married (spouse lives with me)","1 Yes","0 No","100",100,NA,NA,"0 No",100,0,13,"Harris"
"2050","Female",52,"26 Michigan","15 100,000 to 149,999",11,"1 Married (spouse lives with me)","1 Yes","1 Yes","100",NA,100,NA,"1 Yes",10,80,15,"Trump"
"2051","Male",60,"13 Georgia","15 100,000 to 149,999",10,"1 Married (spouse lives with me)","1 Yes","1 Yes","100",50,0,50,"1 Yes",50,50,15,"Harris"
"2052","Male",52,"42 Pennsylvania","14 75,000 to 99,999",10,"1 Married (spouse lives with me)","1 Yes","1 Yes","100",100,0,0,"0 No",90,10,14,"Harris"
"2053","Female",70,"42 Pennsylvania","10 35,000 to 39,999",10,"4 Divorced","1 Yes","1 Yes","100",NA,NA,NA,"1 Yes",90,10,10,NA
"2054","Female",24,"26 Michigan","1 Less than $5,000",7,"6 Never married","1 Yes","0 No","75",50,50,NA,"1 Yes",NA,NA,1,"Trump"
"2055","Male",80,"42 Pennsylvania","13 60,000 to 74,999",13,"1 Married (spouse lives with me)","1 Yes","0 No","100",100,NA,NA,"1 Yes",100,0,13,"Harris"
"2056","Female",50,"12 Florida","16 150,000 or more",13,"4 Divorced","1 Yes","1 Yes","19",NA,NA,100,"1 Yes",50,50,16,"Other"
"2057","Female",33,"36 New York","14 75,000 to 99,999",14,"1 Married (spouse lives with me)","1 Yes","0 No","99",0,100,0,"1 Yes",10,90,14,"Trump"
"2058","Male",41,"24 Maryland","16 150,000 or more",14,"6 Never married","1 Yes","1 Yes","100",100,0,0,"0 No",60,40,16,"Harris"
"2059","Male",45,"37 North Carolina","14 75,000 to 99,999",13,"6 Never married","1 Yes","1 Yes","99",0,0,100,"1 Yes",90,10,14,"Other"
"2060","Female",70,"24 Maryland","13 60,000 to 74,999",9,"4 Divorced","1 Yes","0 No","100",NA,NA,NA,"0 No",79,21,13,NA
"2061","Male",58,"37 North Carolina","14 75,000 to 99,999",14,"1 Married (spouse lives with me)","1 Yes","1 Yes","100",0,0,100,"1 Yes",30,70,14,"Other"
"2062","Female",33,"13 Georgia","1 Less than $5,000",6,"3 Separated","1 Yes","0 No","0",1,98,1,"1 Yes",1,98,1,"Trump"
"2063","Female",59,"13 Georgia","13 60,000 to 74,999",14,"6 Never married","1 Yes","0 No","100",NA,NA,NA,"1 Yes",75,25,13,NA
"2064","Female",43,"26 Michigan","9 30,000 to 34,999",13,"6 Never married","1 Yes","1 Yes","100",100,0,0,"1 Yes",95,5,9,"Harris"
"2065","Male",72,"13 Georgia","15 100,000 to 149,999",13,"1 Married (spouse lives with me)","1 Yes","0 No","100",NA,NA,NA,"1 Yes",5,95,15,NA
"2066","Female",42,"18 Indiana","16 150,000 or more",14,"1 Married (spouse lives with me)","1 Yes","0 No","100",0,0,100,"1 Yes",10,90,16,"Other"
"2067","Female",35,"17 Illinois","15 100,000 to 149,999",13,"1 Married (spouse lives with me)","1 Yes","1 Yes","0",30,70,NA,"0 No",45,55,15,"Trump"
"2068","Female",74,"29 Missouri","14 75,000 to 99,999",13,"1 Married (spouse lives with me)","1 Yes","0 No","99",99,0,1,"1 Yes",90,10,14,"Harris"
"2069","Male",45,"29 Missouri","16 150,000 or more",16,"1 Married (spouse lives with me)","1 Yes","1 Yes","100",100,0,0,"1 Yes",35,65,16,"Harris"
"2070","Male",53,"17 Illinois","14 75,000 to 99,999",13,"6 Never married","1 Yes","1 Yes","99",99,0,1,"1 Yes",100,0,14,"Harris"
"2071","Female",57,"29 Missouri","5 12,500 to 14,999",10,"6 Never married","1 Yes","0 No","100",100,NA,NA,"0 No",100,0,5,"Harris"
"2072","Female",74,"55 Wisconsin","6 15,000 to 19,999",12,"4 Divorced","1 Yes","1 Yes","100",NA,NA,NA,"1 Yes",0,100,6,NA
"2073","Female",53,"48 Texas","12 50,000 to 59,999",10,"2 Married (spouse lives elsewhere)","1 Yes","0 No","100",100,0,0,"0 No",NA,NA,12,"Harris"
"2074","Male",49,"55 Wisconsin","16 150,000 or more",13,"1 Married (spouse lives with me)","1 Yes","0 No","100",NA,NA,NA,"1 Yes",95,5,16,NA
"2075","Female",54,"1 Alabama","6 15,000 to 19,999",9,"1 Married (spouse lives with me)","1 Yes","1 Yes","50",100,0,0,"0 No",100,0,6,"Harris"
"2076","Female",28,"48 Texas","14 75,000 to 99,999",13,"1 Married (spouse lives with me)","1 Yes","0 No","100",NA,NA,NA,"1 Yes",0,100,14,NA
"2077","Female",39,"5 Arkansas","15 100,000 to 149,999",13,"4 Divorced","1 Yes","1 Yes",".a",NA,NA,NA,"1 Yes",NA,NA,15,NA
"2078","Male",77,"17 Illinois","1 Less than $5,000",14,"1 Married (spouse lives with me)","1 Yes","0 No","100",NA,NA,NA,"1 Yes",50,50,1,NA
"2079","Female",49,"17 Illinois","16 150,000 or more",15,"1 Married (spouse lives with me)","1 Yes","1 Yes","100",NA,NA,NA,"0 No",100,0,16,NA
"2080","Female",62,"48 Texas","16 150,000 or more",14,"1 Married (spouse lives with me)","1 Yes","1 Yes","100",100,0,0,"1 Yes",50,50,16,"Harris"
"2081","Male",59,"12 Florida","15 100,000 to 149,999",14,"1 Married (spouse lives with me)","1 Yes","0 No","100",51,48,1,"1 Yes",45,55,15,"Harris"
"2082","Male",62,"55 Wisconsin","15 100,000 to 149,999",14,"1 Married (spouse lives with me)","1 Yes","0 No","100",100,0,0,"1 Yes",80,20,15,"Harris"
"2083","Female",58,"47 Tennessee","5 12,500 to 14,999",9,"4 Divorced","1 Yes","0 No","100",20,80,NA,"1 Yes",50,50,5,"Trump"
"2084","Female",34,"8 Colorado","13 60,000 to 74,999",13,"1 Married (spouse lives with me)","1 Yes","1 Yes","100",0,100,0,"1 Yes",50,50,13,"Trump"
"2085","Female",30,"4 Arizona","13 60,000 to 74,999",10,"6 Never married","1 Yes","1 Yes","100",50,50,NA,"1 Yes",80,20,13,"Trump"
"2086","Female",59,"49 Utah","10 35,000 to 39,999",12,"1 Married (spouse lives with me)","1 Yes","1 Yes","100",NA,NA,NA,"1 Yes",15,85,10,NA
"2087","Female",56,"4 Arizona","8 25,000 to 2,999",11,"5 Widowed","1 Yes","1 Yes","100",NA,NA,NA,"1 Yes",50,50,8,NA
"2088","Male",35,"41 Oregon","16 150,000 or more",14,"6 Never married","1 Yes","1 Yes","100",100,NA,NA,"0 No",60,40,16,"Harris"
"2089","Male",76,"6 California","12 50,000 to 59,999",13,"1 Married (spouse lives with me)","1 Yes","0 No","100",100,NA,NA,"1 Yes",100,0,12,"Harris"
"2090","Female",25,"6 California","12 50,000 to 59,999",12,"6 Never married","1 Yes","1 Yes","100",60,40,NA,"1 Yes",90,10,12,"Harris"
"2091","Female",26,"6 California","16 150,000 or more",13,"6 Never married","1 Yes","1 Yes","100",100,NA,NA,"1 Yes",90,10,16,"Harris"
"2092","Male",39,"6 California","11 40,000 to 49,999",10,"1 Married (spouse lives with me)","1 Yes","1 Yes","100",NA,100,NA,"1 Yes",40,60,11,"Trump"
"2093","Female",76,"6 California","8 25,000 to 2,999",14,"6 Never married","1 Yes","0 No","100",NA,NA,NA,"1 Yes",72,28,8,NA
"2094","Male",58,"6 California","16 150,000 or more",13,"1 Married (spouse lives with me)","1 Yes","1 Yes","100",NA,NA,NA,"0 No",75,25,16,NA
"2095","Female",48,"41 Oregon","12 50,000 to 59,999",14,"6 Never married","1 Yes","1 Yes","100",100,NA,NA,"1 Yes",98,2,12,"Harris"
"2096","Male",66,"6 California","12 50,000 to 59,999",10,"4 Divorced","1 Yes","1 Yes","100",NA,NA,NA,"1 Yes",100,0,12,NA
"2097","Male",74,"6 California","15 100,000 to 149,999",13,"5 Widowed","1 Yes","0 No","100",NA,NA,NA,"1 Yes",0,100,15,NA
"2098","Female",82,"6 California","13 60,000 to 74,999",7,"4 Divorced","1 Yes","0 No","100",NA,100,NA,"1 Yes",25,75,13,"Trump"
"2099","Male",77,"6 California","4 10,000 to 12,499",13,"4 Divorced","1 Yes","0 No","100",NA,NA,NA,"1 Yes",100,0,4,NA
"2100","Male",43,"32 Nevada","16 150,000 or more",10,"6 Never married","1 Yes","1 Yes","100",NA,NA,NA,"1 Yes",20,80,16,NA
"2101","Female",65,"48 Texas","9 30,000 to 34,999",10,"1 Married (spouse lives with me)","1 Yes","0 No","100",100,NA,NA,"1 Yes",40,60,9,"Harris"
"2102","Male",28,"6 California","15 100,000 to 149,999",13,"6 Never married","1 Yes","1 Yes","100",40,60,0,"1 Yes",60,40,15,"Trump"
"2103","Male",26,"47 Tennessee","10 35,000 to 39,999",9,"6 Never married","1 Yes","1 Yes","100",NA,NA,NA,"1 Yes",5,75,10,NA
"2104","Male",45,"53 Washington","16 150,000 or more",14,"6 Never married","1 Yes","1 Yes","100",NA,NA,NA,"0 No",70,20,16,NA
"2105","Male",20,"42 Pennsylvania","14 75,000 to 99,999",9,"6 Never married","1 Yes","0 No","10",50,50,0,"1 Yes",40,60,14,"Trump"
"2106","Female",84,"12 Florida","13 60,000 to 74,999",12,"5 Widowed","1 Yes","0 No","100",NA,NA,NA,"1 Yes",100,0,13,NA
"2107","Female",25,"40 Oklahoma","14 75,000 to 99,999",14,"1 Married (spouse lives with me)","1 Yes","1 Yes","100",NA,NA,NA,"1 Yes",40,60,14,NA
"2108","Female",38,"36 New York","14 75,000 to 99,999",13,"6 Never married","1 Yes","0 No","100",100,0,0,"1 Yes",95,0,14,"Harris"
"2109","Male",53,"42 Pennsylvania","15 100,000 to 149,999",12,"1 Married (spouse lives with me)","1 Yes","1 Yes","100",NA,100,NA,"1 Yes",10,90,15,"Trump"
"2110","Female",33,"49 Utah","12 50,000 to 59,999",13,"6 Never married","1 Yes","1 Yes","95",80,NA,20,"1 Yes",70,30,12,"Harris"
"2111","Female",70,"13 Georgia","15 100,000 to 149,999",13,"1 Married (spouse lives with me)","1 Yes","0 No","100",NA,NA,NA,"1 Yes",0,100,15,NA
"2112","Female",45,"42 Pennsylvania","6 15,000 to 19,999",9,"6 Never married","1 Yes","0 No","0",25,25,50,"1 Yes",25,25,6,"Other"
"2113","Male",21,"37 North Carolina","11 40,000 to 49,999",10,"6 Never married","1 Yes","1 Yes","100",0,100,0,"1 Yes",30,60,11,"Trump"
"2114","Male",53,"32 Nevada","15 100,000 to 149,999",14,"1 Married (spouse lives with me)","1 Yes","1 Yes","100",100,0,0,"1 Yes",97,2,15,"Harris"
"2115","Male",26,"29 Missouri","14 75,000 to 99,999",10,"1 Married (spouse lives with me)","1 Yes","1 Yes","20",0,0,100,"1 Yes",10,50,14,"Other"
"2116","Male",27,"1 Alabama","4 10,000 to 12,499",9,"6 Never married","1 Yes","1 Yes","100",NA,NA,NA,"0 No",NA,NA,4,NA
"2117","Male",37,"36 New York","8 25,000 to 2,999",9,"1 Married (spouse lives with me)","1 Yes","1 Yes","0",NA,100,NA,"1 Yes",35,65,8,"Trump"
"2118","Female",41,"12 Florida","8 25,000 to 2,999",6,"6 Never married","1 Yes","1 Yes","100",NA,100,NA,"1 Yes",25,50,8,"Trump"
"2119","Female",77,"24 Maryland","15 100,000 to 149,999",14,"1 Married (spouse lives with me)","1 Yes","0 No","100",NA,NA,NA,"1 Yes",90,10,15,NA
"2120","Female",53,"34 New Jersey","14 75,000 to 99,999",10,"4 Divorced","1 Yes","1 Yes","100",NA,NA,NA,"1 Yes",50,50,14,NA
"2121","Female",56,"9 Connecticut","16 150,000 or more",14,"6 Never married","1 Yes","0 No","100",100,NA,NA,"1 Yes",100,0,16,"Harris"
"2122","Female",38,"26 Michigan","8 25,000 to 2,999",12,"6 Never married","1 Yes","1 Yes","100",NA,NA,NA,"0 No",NA,NA,8,NA
"2123","Male",75,"24 Maryland","16 150,000 or more",10,"1 Married (spouse lives with me)","1 Yes","0 No","100",NA,NA,NA,"0 No",100,0,16,NA
"2124","Female",56,"36 New York","16 150,000 or more",10,"1 Married (spouse lives with me)","1 Yes","1 Yes","100",0,100,NA,"1 Yes",25,75,16,"Trump"
"2125","Female",69,"13 Georgia","13 60,000 to 74,999",13,"5 Widowed","1 Yes","0 No","100",NA,NA,NA,"0 No",100,0,13,NA
"2126","Female",39,"34 New Jersey","12 50,000 to 59,999",8,"1 Married (spouse lives with me)","1 Yes","1 Yes","100",NA,NA,NA,"1 Yes",20,80,12,NA
"2127","Male",79,"36 New York","13 60,000 to 74,999",13,"5 Widowed","1 Yes","0 No","100",100,NA,NA,"1 Yes",85,15,13,"Harris"
"2128","Female",49,"13 Georgia","12 50,000 to 59,999",10,"4 Divorced","1 Yes","1 Yes","100",NA,NA,NA,"1 Yes",15,85,12,NA
"2129","Male",43,"34 New Jersey","13 60,000 to 74,999",9,"1 Married (spouse lives with me)","1 Yes","1 Yes","100",0,100,0,"1 Yes",0,100,13,"Trump"
"2130","Female",51,"10 Delaware","15 100,000 to 149,999",12,"6 Never married","1 Yes","1 Yes","99",100,0,0,"1 Yes",100,0,15,"Harris"
"2131","Female",35,"37 North Carolina","14 75,000 to 99,999",13,"1 Married (spouse lives with me)","1 Yes","1 Yes","100",NA,NA,NA,"1 Yes",100,0,14,NA
"2132","Male",38,"36 New York","6 15,000 to 19,999",9,"1 Married (spouse lives with me)","1 Yes","0 No","100",NA,NA,100,"1 Yes",0,0,6,"Other"
"2133","Male",53,"12 Florida","16 150,000 or more",16,"1 Married (spouse lives with me)","1 Yes","1 Yes","100",NA,NA,NA,"0 No",20,80,16,NA
"2134","Male",74,"39 Ohio","16 150,000 or more",14,"1 Married (spouse lives with me)","1 Yes","0 No","100",NA,NA,NA,"1 Yes",24,70,16,NA
"2135","Male",75,"9 Connecticut","16 150,000 or more",16,"1 Married (spouse lives with me)","1 Yes","0 No","100",100,0,NA,"0 No",95,3,16,"Harris"
"2136","Female",42,"42 Pennsylvania","10 35,000 to 39,999",13,"1 Married (spouse lives with me)","1 Yes","1 Yes","0",0,100,0,"1 Yes",30,65,10,"Trump"
"2137","Female",76,"51 Virginia","14 75,000 to 99,999",16,"1 Married (spouse lives with me)","1 Yes","0 No","100",100,NA,NA,"1 Yes",100,0,14,"Harris"
"2138","Female",60,"51 Virginia","14 75,000 to 99,999",10,"1 Married (spouse lives with me)","1 Yes","1 Yes","100",100,0,NA,"0 No",70,30,14,"Harris"
"2139","Female",57,"42 Pennsylvania","13 60,000 to 74,999",10,"1 Married (spouse lives with me)","1 Yes","1 Yes","100",NA,100,NA,"1 Yes",15,75,13,"Trump"
"2140","Female",49,"51 Virginia","14 75,000 to 99,999",13,"4 Divorced","1 Yes","1 Yes","100",100,NA,NA,"1 Yes",60,40,14,"Harris"
"2141","Female",68,"42 Pennsylvania","13 60,000 to 74,999",10,"1 Married (spouse lives with me)","1 Yes","0 No","95",100,0,0,"1 Yes",75,25,13,"Harris"
"2142","Male",36,"55 Wisconsin","16 150,000 or more",14,"1 Married (spouse lives with me)","1 Yes","1 Yes","100",100,NA,NA,"1 Yes",60,40,16,"Harris"
"2143","Female",56,"13 Georgia","15 100,000 to 149,999",16,"1 Married (spouse lives with me)","1 Yes","0 No","100",NA,NA,NA,"1 Yes",100,0,15,NA
"2144","Male",73,"42 Pennsylvania","12 50,000 to 59,999",13,"1 Married (spouse lives with me)","1 Yes","0 No","99",0,50,50,"1 Yes",10,80,12,"Trump"
"2145","Female",65,"26 Michigan","8 25,000 to 2,999",13,"5 Widowed","1 Yes","0 No","100",NA,NA,NA,"1 Yes",90,10,8,NA
"2146","Female",39,"42 Pennsylvania","10 35,000 to 39,999",13,"6 Never married","1 Yes","1 Yes","100",100,0,0,"1 Yes",95,5,10,"Harris"
"2147","Male",77,"39 Ohio","8 25,000 to 2,999",11,"1 Married (spouse lives with me)","1 Yes","0 No","100",NA,NA,NA,"1 Yes",59,40,8,NA
"2148","Female",23,"25 Massachusetts","14 75,000 to 99,999",13,"6 Never married","1 Yes","1 Yes","100",100,NA,NA,"0 No",90,10,14,"Harris"
"2149","Male",41,"25 Massachusetts","16 150,000 or more",14,"1 Married (spouse lives with me)","1 Yes","1 Yes","100",100,NA,NA,"1 Yes",55,45,16,"Harris"
"2150","Female",29,"26 Michigan","15 100,000 to 149,999",13,"1 Married (spouse lives with me)","1 Yes","0 No","100",20,40,40,"1 Yes",60,40,15,"Trump"
"2151","Male",69,"42 Pennsylvania","13 60,000 to 74,999",9,"1 Married (spouse lives with me)","1 Yes","0 No","100",100,NA,NA,"1 Yes",10,90,13,"Harris"
"2152","Female",28,"26 Michigan","1 Less than $5,000",9,"6 Never married","1 Yes","0 No","90",97,3,NA,"0 No",40,60,1,"Harris"
"2153","Female",38,"42 Pennsylvania","15 100,000 to 149,999",10,"1 Married (spouse lives with me)","1 Yes","1 Yes","0",100,0,0,"1 Yes",50,50,15,"Harris"
"2154","Male",36,"42 Pennsylvania","16 150,000 or more",12,"1 Married (spouse lives with me)","1 Yes","1 Yes","100",NA,NA,NA,"1 Yes",50,50,16,NA
"2155","Female",32,"24 Maryland","16 150,000 or more",14,"6 Never married","1 Yes","0 No","1",100,0,0,"0 No",50,50,16,"Harris"
"2156","Female",79,"13 Georgia","10 35,000 to 39,999",10,"4 Divorced","1 Yes","0 No","100",100,NA,NA,"1 Yes",50,50,10,"Harris"
"2157","Female",68,"26 Michigan","4 10,000 to 12,499",10,"6 Never married","1 Yes","0 No","100",100,0,0,"0 No",NA,NA,4,"Harris"
"2158","Female",51,"36 New York","14 75,000 to 99,999",13,"3 Separated","1 Yes","1 Yes","100",100,0,0,"1 Yes",99,1,14,"Harris"
"2159","Female",39,"39 Ohio","16 150,000 or more",15,"1 Married (spouse lives with me)","1 Yes","1 Yes","99",90,0,10,"0 No",80,15,16,"Harris"
"2160","Male",55,"36 New York","11 40,000 to 49,999",14,"1 Married (spouse lives with me)","1 Yes","1 Yes","100",NA,NA,NA,"0 No",0,100,11,NA
"2161","Male",46,"26 Michigan","16 150,000 or more",15,"1 Married (spouse lives with me)","1 Yes","1 Yes","100",100,NA,NA,"1 Yes",75,25,16,"Harris"
"2162","Female",49,"26 Michigan","14 75,000 to 99,999",13,"1 Married (spouse lives with me)","1 Yes","1 Yes","100",50,50,NA,"0 No",50,50,14,"Trump"
"2163","Female",65,"37 North Carolina","15 100,000 to 149,999",13,"1 Married (spouse lives with me)","1 Yes","0 No","100",NA,NA,NA,"1 Yes",0,80,15,NA
"2164","Male",59,"45 South Carolina","14 75,000 to 99,999",13,"6 Never married","1 Yes","1 Yes","90",NA,100,NA,"1 Yes",0,100,14,"Trump"
"2165","Female",41,"42 Pennsylvania","16 150,000 or more",14,"1 Married (spouse lives with me)","1 Yes","1 Yes","100",100,0,0,"1 Yes",95,0,16,"Harris"
"2166","Female",32,"42 Pennsylvania","4 10,000 to 12,499",7,"1 Married (spouse lives with me)","1 Yes","0 No","0",100,0,NA,"1 Yes",75,25,4,"Harris"
"2167","Male",60,"13 Georgia","9 30,000 to 34,999",14,"6 Never married","1 Yes","1 Yes","0",0,0,100,"1 Yes",NA,NA,9,"Other"
"2168","Female",83,"26 Michigan","9 30,000 to 34,999",10,"5 Widowed","1 Yes","0 No","100",NA,NA,NA,"1 Yes",80,20,9,NA
"2169","Female",58,"24 Maryland","16 150,000 or more",13,"4 Divorced","1 Yes","1 Yes","100",100,0,0,"0 No",90,10,16,"Harris"
"2170","Female",32,"12 Florida","4 10,000 to 12,499",14,"6 Never married","1 Yes","1 Yes","99",70,30,NA,"1 Yes",40,60,4,"Harris"
"2171","Male",35,"12 Florida","15 100,000 to 149,999",10,"1 Married (spouse lives with me)","1 Yes","1 Yes","0",NA,NA,100,"1 Yes",0,0,15,"Other"
"2172","Female",69,"37 North Carolina","9 30,000 to 34,999",13,"5 Widowed","1 Yes","1 Yes","100",100,NA,NA,"0 No",95,5,9,"Harris"
"2173","Male",44,"11 District of Columbia","16 150,000 or more",14,"1 Married (spouse lives with me)","1 Yes","1 Yes","100",NA,NA,NA,"1 Yes",100,0,16,NA
"2174","Male",80,"26 Michigan","11 40,000 to 49,999",12,"5 Widowed","1 Yes","0 No","100",NA,NA,NA,"1 Yes",4,95,11,NA
"2175","Female",31,"42 Pennsylvania","4 10,000 to 12,499",10,"1 Married (spouse lives with me)","1 Yes","0 No","100",20,60,20,"0 No",50,50,4,"Trump"
"2176","Female",40,"42 Pennsylvania","12 50,000 to 59,999",14,"6 Never married","1 Yes","1 Yes","100",100,0,0,"1 Yes",90,10,12,"Harris"
"2177","Female",34,"42 Pennsylvania","12 50,000 to 59,999",9,"6 Never married","1 Yes","1 Yes","0",0,0,100,"1 Yes",100,0,12,"Other"
"2178","Male",76,"36 New York","14 75,000 to 99,999",14,"1 Married (spouse lives with me)","1 Yes","0 No","90",NA,100,NA,"1 Yes",0,100,14,"Trump"
"2179","Female",77,"25 Massachusetts","15 100,000 to 149,999",14,"4 Divorced","1 Yes","1 Yes","100",100,NA,NA,"1 Yes",85,15,15,"Harris"
"2180","Female",47,"18 Indiana","4 10,000 to 12,499",11,"6 Never married","1 Yes","1 Yes","100",NA,NA,NA,"1 Yes",20,80,4,NA
"2181","Female",56,"32 Nevada","16 150,000 or more",13,"4 Divorced","1 Yes","0 No","100",NA,NA,NA,"1 Yes",NA,NA,16,NA
"2182","Male",55,"26 Michigan","16 150,000 or more",14,"1 Married (spouse lives with me)","1 Yes","1 Yes","100",NA,NA,NA,"1 Yes",50,50,16,NA
"2183","Female",56,"36 New York","16 150,000 or more",14,"6 Never married","1 Yes","1 Yes","100",35,65,0,"1 Yes",80,20,16,"Trump"
"2184","Male",52,"36 New York","16 150,000 or more",15,"1 Married (spouse lives with me)","1 Yes","1 Yes","100",100,NA,NA,"1 Yes",90,5,16,"Harris"
"2185","Female",61,"40 Oklahoma","14 75,000 to 99,999",9,"1 Married (spouse lives with me)","1 Yes","1 Yes","0",0,100,NA,"1 Yes",NA,NA,14,"Trump"
"2186","Female",64,"17 Illinois","15 100,000 to 149,999",14,"1 Married (spouse lives with me)","1 Yes","0 No","100",NA,NA,NA,"1 Yes",90,10,15,NA
"2187","Male",33,"48 Texas","16 150,000 or more",13,"1 Married (spouse lives with me)","1 Yes","1 Yes","100",99,0,1,"1 Yes",71,29,16,"Harris"
"2188","Female",40,"21 Kentucky","12 50,000 to 59,999",13,"6 Never married","1 Yes","1 Yes","100",20,30,50,"1 Yes",40,60,12,"Other"
"2189","Male",78,"55 Wisconsin","12 50,000 to 59,999",14,"1 Married (spouse lives with me)","1 Yes","0 No","100",NA,NA,NA,"1 Yes",0,100,12,NA
"2190","Female",32,"48 Texas","1 Less than $5,000",9,"6 Never married","1 Yes","0 No","100",100,NA,NA,"0 No",100,0,1,"Harris"
"2191","Female",74,"17 Illinois","12 50,000 to 59,999",13,"4 Divorced","1 Yes","0 No","100",100,NA,NA,"1 Yes",100,0,12,"Harris"
"2192","Female",59,"47 Tennessee","14 75,000 to 99,999",9,"1 Married (spouse lives with me)","1 Yes","0 No","0",0,20,80,"1 Yes",5,85,14,"Other"
"2193","Female",52,"17 Illinois","15 100,000 to 149,999",13,"1 Married (spouse lives with me)","1 Yes","1 Yes","100",100,NA,NA,"1 Yes",75,25,15,"Harris"
"2194","Female",45,"17 Illinois","16 150,000 or more",13,"1 Married (spouse lives with me)","1 Yes","1 Yes","50",0,0,100,"1 Yes",70,30,16,"Other"
"2195","Female",57,"29 Missouri","5 12,500 to 14,999",9,"4 Divorced","1 Yes","0 No","0",0,0,100,"1 Yes",0,0,5,"Other"
"2196","Female",40,"48 Texas","16 150,000 or more",15,"2 Married (spouse lives elsewhere)","1 Yes","1 Yes","100",NA,NA,NA,"0 No",100,0,16,NA
"2197","Male",41,"55 Wisconsin","16 150,000 or more",13,"1 Married (spouse lives with me)","1 Yes","1 Yes","100",NA,100,NA,"1 Yes",35,65,16,"Trump"
"2198","Male",49,"29 Missouri","15 100,000 to 149,999",13,"1 Married (spouse lives with me)","1 Yes","1 Yes","50",NA,99,1,"0 No",0,99,15,"Trump"
"2199","Female",63,"17 Illinois","1 Less than $5,000",10,"1 Married (spouse lives with me)","1 Yes","0 No","100",NA,NA,NA,"0 No",100,0,1,NA
"2200","Male",63,"55 Wisconsin","5 12,500 to 14,999",10,"4 Divorced","1 Yes","0 No","99",NA,100,NA,"1 Yes",20,80,5,"Trump"
"2201","Female",29,"39 Ohio","14 75,000 to 99,999",13,"6 Never married","1 Yes","1 Yes","99",100,0,0,"1 Yes",80,20,14,"Harris"
"2202","Male",70,"4 Arizona","15 100,000 to 149,999",10,"1 Married (spouse lives with me)","1 Yes","1 Yes","100",NA,NA,NA,"1 Yes",10,90,15,NA
"2203","Female",70,"49 Utah","1 Less than $5,000",9,"5 Widowed","1 Yes","0 No","100",NA,100,NA,"1 Yes",25,65,1,"Trump"
"2204","Male",72,"8 Colorado","14 75,000 to 99,999",10,"1 Married (spouse lives with me)","1 Yes","0 No","100",NA,NA,NA,"1 Yes",99,1,14,NA
"2205","Male",60,"30 Montana","1 Less than $5,000",13,"6 Never married","1 Yes","0 No","100",0,100,0,"1 Yes",40,60,1,"Trump"
"2206","Female",59,"6 California","11 40,000 to 49,999",10,"6 Never married","1 Yes","1 Yes","100",NA,NA,NA,"1 Yes",95,5,11,NA
"2207","Male",35,"6 California","16 150,000 or more",15,"1 Married (spouse lives with me)","1 Yes","1 Yes","100",NA,NA,NA,"1 Yes",99,0,16,NA
"2208","Female",62,"6 California","15 100,000 to 149,999",10,"1 Married (spouse lives with me)","1 Yes","0 No","100",NA,NA,NA,"1 Yes",25,75,15,NA
"2209","Male",53,"6 California","16 150,000 or more",15,"1 Married (spouse lives with me)","1 Yes","1 Yes","99",100,NA,NA,"1 Yes",84,16,16,"Harris"
"2210","Male",61,"6 California","13 60,000 to 74,999",14,"1 Married (spouse lives with me)","1 Yes","0 No","100",NA,NA,NA,"0 No",20,80,13,NA
"2211","Male",43,"34 New Jersey","16 150,000 or more",14,"1 Married (spouse lives with me)","1 Yes","1 Yes","100",80,20,0,"0 No",60,40,16,"Harris"
"2212","Male",75,"6 California","11 40,000 to 49,999",10,"1 Married (spouse lives with me)","1 Yes","0 No","100",100,NA,NA,"1 Yes",70,25,11,"Harris"
"2213","Female",69,"6 California","14 75,000 to 99,999",10,"1 Married (spouse lives with me)","1 Yes","0 No","100",NA,NA,NA,"1 Yes",25,75,14,NA
"2214","Female",66,"6 California","13 60,000 to 74,999",13,"6 Never married","1 Yes","0 No","90",25,5,70,"0 No",50,40,13,"Other"
"2215","Female",27,"6 California","15 100,000 to 149,999",14,"6 Never married","1 Yes","1 Yes","100",33,33,34,"1 Yes",33,33,15,"Other"
"2216","Male",40,"6 California","16 150,000 or more",14,"1 Married (spouse lives with me)","1 Yes","1 Yes","100",100,0,0,"1 Yes",70,30,16,"Harris"
"2217","Male",68,"6 California","14 75,000 to 99,999",12,"1 Married (spouse lives with me)","1 Yes","0 No","100",NA,NA,NA,".e",80,20,14,NA
"2218","Male",49,"6 California","16 150,000 or more",14,"1 Married (spouse lives with me)","1 Yes","1 Yes","100",NA,NA,NA,"0 No",99,1,16,NA
"2219","Female",75,"6 California","16 150,000 or more",13,"1 Married (spouse lives with me)","1 Yes","0 No","100",100,NA,NA,"0 No",90,10,16,"Harris"
"2220","Male",60,"4 Arizona","15 100,000 to 149,999",15,"1 Married (spouse lives with me)","1 Yes","0 No","100",NA,NA,NA,"1 Yes",100,0,15,NA
"2221","Female",36,"6 California","16 150,000 or more",13,"6 Never married","1 Yes","1 Yes","100",100,NA,NA,"1 Yes",80,20,16,"Harris"
"2222","Male",36,"53 Washington","16 150,000 or more",10,"1 Married (spouse lives with me)","1 Yes","1 Yes","100",NA,NA,NA,"1 Yes",60,40,16,NA
"2223","Male",66,"50 Vermont","12 50,000 to 59,999",10,"1 Married (spouse lives with me)","1 Yes","1 Yes","100",0,90,10,"1 Yes",20,80,12,"Trump"
"2224","Female",27,"37 North Carolina","13 60,000 to 74,999",10,"6 Never married","1 Yes","1 Yes","50",0,50,50,"1 Yes",50,50,13,"Trump"
"2225","Female",51,"6 California","13 60,000 to 74,999",12,"6 Never married","1 Yes","1 Yes","100",100,NA,NA,"1 Yes",70,29,13,"Harris"
"2226","Male",53,"29 Missouri","12 50,000 to 59,999",9,"1 Married (spouse lives with me)","1 Yes","0 No","100",NA,NA,100,"1 Yes",0,0,12,"Other"
"2227","Male",51,"37 North Carolina","15 100,000 to 149,999",6,"1 Married (spouse lives with me)","1 Yes","1 Yes","95",0,100,0,"1 Yes",0,100,15,"Trump"
"2228","Male",61,"48 Texas","16 150,000 or more",10,"1 Married (spouse lives with me)","1 Yes","0 No","100",NA,NA,NA,"1 Yes",0,100,16,NA
"2229","Male",55,"48 Texas","15 100,000 to 149,999",13,"1 Married (spouse lives with me)","1 Yes","1 Yes","100",33,33,34,"1 Yes",38,60,15,"Other"
"2230","Male",36,"42 Pennsylvania","16 150,000 or more",9,"1 Married (spouse lives with me)","1 Yes","1 Yes","0",0,100,0,"1 Yes",NA,NA,16,"Trump"
"2231","Female",52,"55 Wisconsin","15 100,000 to 149,999",12,"1 Married (spouse lives with me)","1 Yes","1 Yes","100",25,75,NA,"1 Yes",40,60,15,"Trump"
"2232","Female",74,"55 Wisconsin","11 40,000 to 49,999",14,"1 Married (spouse lives with me)","1 Yes","0 No","100",NA,NA,NA,"1 Yes",0,100,11,NA
"2233","Male",69,"24 Maryland","11 40,000 to 49,999",14,"4 Divorced","1 Yes","0 No","100",NA,100,NA,"0 No",70,30,11,"Trump"
"2234","Female",31,"26 Michigan","16 150,000 or more",13,"6 Never married","1 Yes","1 Yes","100",90,8,2,"1 Yes",85,15,16,"Harris"
"2235","Female",75,"13 Georgia","16 150,000 or more",14,"4 Divorced","1 Yes","1 Yes","100",NA,NA,NA,"1 Yes",60,40,16,NA
"2236","Female",41,"6 California","16 150,000 or more",15,"1 Married (spouse lives with me)","1 Yes","1 Yes","100",100,NA,NA,"0 No",100,0,16,"Harris"
"2237","Female",20,"16 Idaho","12 50,000 to 59,999",9,"6 Never married","1 Yes","1 Yes","85",0,100,0,"1 Yes",0,100,12,"Trump"
"2238","Female",77,"12 Florida","13 60,000 to 74,999",15,"1 Married (spouse lives with me)","1 Yes","0 No","100",100,0,0,"1 Yes",30,70,13,"Harris"
"2239","Female",36,"26 Michigan","1 Less than $5,000",10,"6 Never married","1 Yes","0 No","100",50,20,30,"0 No",75,25,1,"Harris"
"2240","Female",35,"37 North Carolina","1 Less than $5,000",9,"6 Never married","1 Yes","0 No","50",2,98,NA,"0 No",NA,NA,1,"Trump"
"2241","Female",43,"42 Pennsylvania","5 12,500 to 14,999",9,"1 Married (spouse lives with me)","1 Yes","0 No","100",100,0,NA,"1 Yes",100,0,5,"Harris"
"2242","Female",46,"24 Maryland","13 60,000 to 74,999",10,"6 Never married","1 Yes","1 Yes","25",NA,NA,NA,"0 No",NA,NA,13,NA
"2243","Female",36,"42 Pennsylvania","5 12,500 to 14,999",9,"6 Never married","1 Yes","1 Yes","70",50,50,NA,"0 No",50,50,5,"Trump"
"2244","Female",28,"25 Massachusetts","16 150,000 or more",13,"6 Never married","1 Yes","1 Yes","100",NA,NA,NA,"1 Yes",80,20,16,NA
"2245","Female",73,"13 Georgia","1 Less than $5,000",13,"5 Widowed","1 Yes","0 No","100",NA,NA,NA,"0 No",39,45,1,NA
"2246","Male",46,"42 Pennsylvania","13 60,000 to 74,999",14,"6 Never married","1 Yes","1 Yes","100",NA,NA,NA,"1 Yes",NA,NA,13,NA
"2247","Female",32,"42 Pennsylvania","16 150,000 or more",13,"6 Never married","1 Yes","0 No","5",0,75,25,"1 Yes",0,75,16,"Trump"
"2248","Female",31,"39 Ohio","12 50,000 to 59,999",11,"1 Married (spouse lives with me)","1 Yes","1 Yes","100",50,0,50,"1 Yes",33,65,12,"Harris"
"2249","Female",70,"13 Georgia","13 60,000 to 74,999",14,"1 Married (spouse lives with me)","1 Yes","0 No","100",NA,NA,NA,"1 Yes",50,50,13,NA
"2250","Female",33,"42 Pennsylvania","13 60,000 to 74,999",13,"6 Never married","1 Yes","1 Yes","100",0,100,NA,"1 Yes",50,50,13,"Trump"
"2251","Male",45,"33 New Hampshire","6 15,000 to 19,999",10,"6 Never married","1 Yes","1 Yes","100",100,NA,NA,"1 Yes",100,0,6,"Harris"
"2252","Female",44,"42 Pennsylvania","12 50,000 to 59,999",10,"4 Divorced","1 Yes","1 Yes","25",100,NA,NA,"0 No",75,0,12,"Harris"
"2253","Female",80,"45 South Carolina","6 15,000 to 19,999",10,"5 Widowed","1 Yes","0 No","50",100,NA,NA,"1 Yes",100,0,6,"Harris"
"2254","Female",53,"13 Georgia","13 60,000 to 74,999",9,"2 Married (spouse lives elsewhere)","1 Yes","1 Yes","100",100,0,0,"0 No",100,0,13,"Harris"
"2255","Female",24,"13 Georgia","15 100,000 to 149,999",10,"6 Never married","1 Yes","1 Yes","100",NA,NA,NA,"0 No",100,0,15,NA
"2256","Male",33,"37 North Carolina","12 50,000 to 59,999",13,"1 Married (spouse lives with me)","1 Yes","1 Yes","100",NA,NA,100,"1 Yes",0,90,12,"Other"
"2257","Male",60,"13 Georgia","7 20,000 to 24,999",11,"6 Never married","1 Yes","1 Yes","100",100,0,0,"1 Yes",95,5,7,"Harris"
"2258","Female",54,"21 Kentucky","1 Less than $5,000",6,"4 Divorced","1 Yes","0 No","50",0,50,50,"1 Yes",0,100,1,"Trump"
"2259","Female",31,"24 Maryland","15 100,000 to 149,999",12,"1 Married (spouse lives with me)","1 Yes","1 Yes","15",50,50,0,"1 Yes",60,40,15,"Trump"
"2260","Female",29,"18 Indiana","11 40,000 to 49,999",13,"1 Married (spouse lives with me)","1 Yes","1 Yes","100",NA,NA,NA,"1 Yes",NA,NA,11,NA
"2261","Male",33,"9 Connecticut","16 150,000 or more",13,"1 Married (spouse lives with me)","1 Yes","1 Yes","100",100,0,0,"1 Yes",100,0,16,"Harris"
"2262","Female",62,"42 Pennsylvania","12 50,000 to 59,999",9,"5 Widowed","1 Yes","0 No","100",NA,100,NA,"1 Yes",10,90,12,"Trump"
"2263","Female",62,"13 Georgia","4 10,000 to 12,499",9,"6 Never married","1 Yes","1 Yes","2",100,0,0,"0 No",100,0,4,"Harris"
"2264","Female",63,"26 Michigan","15 100,000 to 149,999",14,"5 Widowed","1 Yes","0 No","100",100,0,0,"1 Yes",99,1,15,"Harris"
"2265","Female",26,"42 Pennsylvania","13 60,000 to 74,999",13,"6 Never married","1 Yes","1 Yes","99",100,0,0,"1 Yes",60,30,13,"Harris"
"2266","Female",60,"13 Georgia","8 25,000 to 2,999",10,"1 Married (spouse lives with me)","1 Yes","0 No","100",NA,NA,NA,"0 No",100,0,8,NA
"2267","Female",54,"42 Pennsylvania","4 10,000 to 12,499",11,"6 Never married","1 Yes","0 No","100",100,0,0,"0 No",95,5,4,"Harris"
"2268","Male",33,"42 Pennsylvania","16 150,000 or more",16,"1 Married (spouse lives with me)","1 Yes","1 Yes","100",NA,NA,NA,"1 Yes",80,20,16,NA
"2269","Female",53,"12 Florida","16 150,000 or more",16,"6 Never married","1 Yes","1 Yes","100",100,NA,NA,"1 Yes",70,30,16,"Harris"
"2270","Female",35,"37 North Carolina","9 30,000 to 34,999",11,"6 Never married","1 Yes","1 Yes","50",0,0,100,"0 No",100,0,9,"Other"
"2271","Female",43,"13 Georgia","14 75,000 to 99,999",13,"3 Separated","1 Yes","1 Yes","100",50,50,NA,"0 No",90,10,14,"Trump"
"2272","Male",34,"49 Utah","8 25,000 to 2,999",13,"6 Never married","1 Yes","1 Yes","100",NA,NA,NA,"1 Yes",25,75,8,NA
"2273","Female",57,"37 North Carolina","4 10,000 to 12,499",9,"6 Never married","1 Yes","0 No","100",100,0,0,"1 Yes",100,0,4,"Harris"
"2274","Male",73,"45 South Carolina","8 25,000 to 2,999",9,"1 Married (spouse lives with me)","1 Yes","0 No","99",NA,NA,NA,"1 Yes",0,100,8,NA
"2275","Male",62,"42 Pennsylvania","15 100,000 to 149,999",13,"1 Married (spouse lives with me)","1 Yes","1 Yes","100",NA,NA,NA,"1 Yes",90,10,15,NA
"2276","Male",77,"39 Ohio","7 20,000 to 24,999",13,"4 Divorced","1 Yes","0 No","100",100,NA,NA,"0 No",100,0,7,"Harris"
"2277","Male",41,"13 Georgia","14 75,000 to 99,999",9,"6 Never married","1 Yes","1 Yes","100",100,NA,NA,"0 No",100,0,14,"Harris"
"2278","Female",46,"18 Indiana","13 60,000 to 74,999",9,"1 Married (spouse lives with me)","1 Yes","0 No","100",NA,NA,NA,"1 Yes",90,10,13,NA
"2279","Female",57,"39 Ohio","14 75,000 to 99,999",9,"1 Married (spouse lives with me)","1 Yes","1 Yes","100",NA,100,NA,"1 Yes",10,85,14,"Trump"
"2280","Male",37,"37 North Carolina","12 50,000 to 59,999",14,"4 Divorced","1 Yes","1 Yes","95",90,0,10,"1 Yes",30,70,12,"Harris"
"2281","Female",63,"12 Florida","11 40,000 to 49,999",13,"4 Divorced","1 Yes","1 Yes","100",NA,100,NA,"1 Yes",20,80,11,"Trump"
"2282","Female",60,"25 Massachusetts","14 75,000 to 99,999",13,"4 Divorced","1 Yes","1 Yes","100",100,NA,NA,"1 Yes",95,0,14,"Harris"
"2283","Female",69,"44 Rhode Island","11 40,000 to 49,999",15,"1 Married (spouse lives with me)","1 Yes","0 No","100",NA,NA,NA,"1 Yes",100,0,11,NA
"2284","Male",90,"26 Michigan","16 150,000 or more",10,"1 Married (spouse lives with me)","1 Yes","0 No","100",NA,NA,NA,"1 Yes",90,10,16,NA
"2285","Female",64,"42 Pennsylvania","12 50,000 to 59,999",9,"6 Never married","1 Yes","0 No","100",NA,NA,NA,"1 Yes",3,97,12,NA
"2286","Female",32,"36 New York","16 150,000 or more",14,"6 Never married","1 Yes","1 Yes","100",100,0,0,"1 Yes",80,20,16,"Harris"
"2287","Female",62,"42 Pennsylvania","9 30,000 to 34,999",10,"1 Married (spouse lives with me)","1 Yes","0 No","100",100,0,0,"1 Yes",80,20,9,"Harris"
"2288","Female",32,"24 Maryland","13 60,000 to 74,999",14,"1 Married (spouse lives with me)","1 Yes","1 Yes","100",100,NA,NA,"1 Yes",100,0,13,"Harris"
"2289","Male",26,"45 South Carolina","14 75,000 to 99,999",13,"6 Never married","1 Yes","1 Yes","5",50,15,35,"1 Yes",35,55,14,"Harris"
"2290","Male",46,"42 Pennsylvania","16 150,000 or more",13,"1 Married (spouse lives with me)","1 Yes","1 Yes","100",NA,NA,NA,"1 Yes",85,15,16,NA
"2291","Male",36,"51 Virginia","16 150,000 or more",15,"1 Married (spouse lives with me)","1 Yes","1 Yes","95",100,0,0,"1 Yes",80,20,16,"Harris"
"2292","Male",50,"45 South Carolina","16 150,000 or more",13,"1 Married (spouse lives with me)","1 Yes","1 Yes","100",50,0,50,"1 Yes",50,30,16,"Harris"
"2293","Female",80,"37 North Carolina","7 20,000 to 24,999",13,"2 Married (spouse lives elsewhere)","1 Yes","0 No","100",NA,NA,NA,"0 No",80,20,7,NA
"2294","Female",64,"10 Delaware","8 25,000 to 2,999",10,"4 Divorced","1 Yes","0 No","100",NA,100,NA,"1 Yes",0,100,8,"Trump"
"2295","Male",26,"42 Pennsylvania","5 12,500 to 14,999",9,"1 Married (spouse lives with me)","1 Yes","1 Yes","100",1,98,1,"1 Yes",2,98,5,"Trump"
"2296","Female",37,"18 Indiana","15 100,000 to 149,999",14,"1 Married (spouse lives with me)","1 Yes","1 Yes","100",50,40,10,"1 Yes",50,40,15,"Harris"
"2297","Male",33,"51 Virginia","16 150,000 or more",14,"1 Married (spouse lives with me)","1 Yes","1 Yes","75",85,NA,15,"1 Yes",70,30,16,"Harris"
"2298","Male",70,"42 Pennsylvania","12 50,000 to 59,999",11,"1 Married (spouse lives with me)","1 Yes","0 No","100",NA,NA,NA,"1 Yes",90,10,12,NA
"2299","Female",48,"13 Georgia","15 100,000 to 149,999",16,"1 Married (spouse lives with me)","1 Yes","1 Yes","100",100,0,0,"0 No",100,0,15,"Harris"
"2300","Female",40,"37 North Carolina","12 50,000 to 59,999",13,"1 Married (spouse lives with me)","1 Yes","0 No","100",100,0,0,"0 No",100,0,12,"Harris"
"2301","Female",56,"26 Michigan","11 40,000 to 49,999",13,"4 Divorced","1 Yes","1 Yes","100",NA,NA,NA,"0 No",100,0,11,NA
"2302","Male",64,"37 North Carolina","6 15,000 to 19,999",10,"6 Never married","1 Yes","0 No","100",NA,NA,NA,"0 No",100,0,6,NA
"2303","Female",67,"55 Wisconsin","6 15,000 to 19,999",11,"4 Divorced","1 Yes","0 No","100",0,100,0,"1 Yes",0,100,6,"Trump"
"2304","Female",56,"48 Texas","14 75,000 to 99,999",14,"1 Married (spouse lives with me)","1 Yes","1 Yes","100",100,NA,NA,"0 No",100,0,14,"Harris"
"2305","Female",24,"17 Illinois","9 30,000 to 34,999",13,"6 Never married","1 Yes","1 Yes","100",100,0,0,"1 Yes",95,5,9,"Harris"
"2306","Female",49,"55 Wisconsin","14 75,000 to 99,999",10,"4 Divorced","1 Yes","1 Yes","100",NA,NA,NA,"0 No",100,0,14,NA
"2307","Female",49,"48 Texas","12 50,000 to 59,999",11,"2 Married (spouse lives elsewhere)","1 Yes","1 Yes","100",0,0,100,"0 No",100,0,12,"Other"
"2308","Female",20,"17 Illinois","11 40,000 to 49,999",9,"6 Never married","1 Yes","1 Yes","100",100,NA,NA,"1 Yes",100,0,11,"Harris"
"2309","Female",27,"31 Nebraska","11 40,000 to 49,999",9,"1 Married (spouse lives with me)","1 Yes","1 Yes","30",50,50,NA,"1 Yes",100,0,11,"Trump"
"2310","Male",23,"55 Wisconsin","12 50,000 to 59,999",13,"6 Never married","1 Yes","1 Yes","95",100,0,0,"1 Yes",25,75,12,"Harris"
"2311","Female",69,"17 Illinois","13 60,000 to 74,999",9,"1 Married (spouse lives with me)","1 Yes","0 No","100",NA,NA,NA,"1 Yes",51,49,13,NA
"2312","Male",39,"27 Minnesota","15 100,000 to 149,999",13,"1 Married (spouse lives with me)","1 Yes","1 Yes","95",NA,100,NA,"1 Yes",40,60,15,"Trump"
"2313","Female",72,"48 Texas","12 50,000 to 59,999",14,"1 Married (spouse lives with me)","1 Yes","0 No","100",NA,NA,NA,"1 Yes",25,75,12,NA
"2314","Female",26,"48 Texas","15 100,000 to 149,999",13,"1 Married (spouse lives with me)","1 Yes","1 Yes","90",0,90,10,"1 Yes",50,50,15,"Trump"
"2315","Male",44,"27 Minnesota","14 75,000 to 99,999",10,"1 Married (spouse lives with me)","1 Yes","0 No","70",50,50,0,"1 Yes",30,70,14,"Trump"
"2316","Female",29,"55 Wisconsin","1 Less than $5,000",8,"6 Never married","1 Yes","0 No","98",100,0,0,"1 Yes",100,0,1,"Harris"
"2317","Female",35,"48 Texas","16 150,000 or more",14,"6 Never married","1 Yes","1 Yes","100",100,NA,NA,"1 Yes",80,20,16,"Harris"
"2318","Female",70,"48 Texas","14 75,000 to 99,999",13,"1 Married (spouse lives with me)","1 Yes","0 No","100",100,NA,NA,"0 No",100,0,14,"Harris"
"2319","Female",48,"48 Texas","9 30,000 to 34,999",9,"1 Married (spouse lives with me)","1 Yes","1 Yes","100",NA,NA,NA,"1 Yes",80,20,9,NA
"2320","Female",77,"55 Wisconsin","14 75,000 to 99,999",14,"1 Married (spouse lives with me)","1 Yes","1 Yes","100",100,NA,NA,"1 Yes",50,50,14,"Harris"
"2321","Male",40,"1 Alabama","13 60,000 to 74,999",11,"1 Married (spouse lives with me)","1 Yes","1 Yes","25",0,0,100,"1 Yes",25,60,13,"Other"
"2322","Male",77,"48 Texas","11 40,000 to 49,999",10,"1 Married (spouse lives with me)","1 Yes","0 No","100",NA,NA,NA,"1 Yes",15,80,11,NA
"2323","Male",44,"48 Texas","4 10,000 to 12,499",13,"4 Divorced","1 Yes","0 No","100",NA,100,NA,"1 Yes",0,100,4,"Trump"
"2324","Female",56,"4 Arizona","6 15,000 to 19,999",11,"4 Divorced","1 Yes","1 Yes","100",0,100,0,"1 Yes",0,100,6,"Trump"
"2325","Female",36,"6 California","2 5,000 to 7,499",8,"3 Separated","1 Yes","1 Yes","75",50,50,0,"0 No",45,55,2,"Trump"
"2326","Female",69,"6 California","7 20,000 to 24,999",9,"4 Divorced","1 Yes","1 Yes","100",100,NA,NA,"1 Yes",100,0,7,"Harris"
"2327","Female",20,"6 California","7 20,000 to 24,999",10,"6 Never married","1 Yes","1 Yes","80",100,0,0,"1 Yes",70,15,7,"Harris"
"2328","Female",40,"6 California","13 60,000 to 74,999",9,"1 Married (spouse lives with me)","1 Yes","1 Yes","100",100,NA,NA,"0 No",95,5,13,"Harris"
"2329","Male",46,"53 Washington","16 150,000 or more",11,"1 Married (spouse lives with me)","1 Yes","1 Yes","100",NA,NA,NA,"1 Yes",90,10,16,NA
"2330","Male",32,"6 California","13 60,000 to 74,999",14,"6 Never married","1 Yes","1 Yes","100",100,NA,NA,"1 Yes",50,50,13,"Harris"
"2331","Female",43,"6 California","12 50,000 to 59,999",10,"1 Married (spouse lives with me)","1 Yes","1 Yes","100",100,0,0,"1 Yes",80,20,12,"Harris"
"2332","Male",74,"6 California","9 30,000 to 34,999",11,"1 Married (spouse lives with me)","1 Yes","0 No","100",NA,NA,NA,"1 Yes",95,5,9,NA
"2333","Male",52,"4 Arizona","16 150,000 or more",13,"1 Married (spouse lives with me)","1 Yes","1 Yes","100",NA,NA,NA,"1 Yes",99,1,16,NA
"2334","Male",51,"53 Washington","10 35,000 to 39,999",10,"4 Divorced","1 Yes","1 Yes","100",100,0,0,"1 Yes",90,10,10,"Harris"
"2335","Male",41,"9 Connecticut","16 150,000 or more",14,"1 Married (spouse lives with me)","1 Yes","1 Yes","100",0,100,0,"1 Yes",10,90,16,"Trump"
"2336","Male",20,"48 Texas","16 150,000 or more",10,"6 Never married","1 Yes","1 Yes","50",NA,100,NA,"1 Yes",0,100,16,"Trump"
"2337","Male",42,"54 West Virginia","1 Less than $5,000",10,"6 Never married","1 Yes","0 No","100",NA,NA,NA,"1 Yes",75,25,1,NA
"2338","Female",27,"37 North Carolina","15 100,000 to 149,999",16,"1 Married (spouse lives with me)","1 Yes","1 Yes","100",30,70,NA,"1 Yes",20,80,15,"Trump"
"2339","Female",57,"51 Virginia","15 100,000 to 149,999",10,"1 Married (spouse lives with me)","1 Yes","0 No","100",NA,100,NA,"1 Yes",2,98,15,"Trump"
"2340","Female",54,"48 Texas","10 35,000 to 39,999",9,"1 Married (spouse lives with me)","1 Yes","1 Yes",".a",NA,NA,NA,"0 No",NA,NA,10,NA
"2341","Male",30,"13 Georgia","1 Less than $5,000",9,"6 Never married","1 Yes","1 Yes",".a",NA,NA,NA,"0 No",NA,NA,1,NA
"2342","Male",53,"36 New York","16 150,000 or more",9,"1 Married (spouse lives with me)","1 Yes","1 Yes","100",0,100,NA,"1 Yes",20,80,16,"Trump"
"2343","Male",35,"48 Texas","3 7,500 to 9,999",7,"1 Married (spouse lives with me)","1 Yes","0 No","0",NA,NA,100,"1 Yes",0,0,3,"Other"
"2344","Male",33,"13 Georgia","13 60,000 to 74,999",9,"1 Married (spouse lives with me)","1 Yes","1 Yes","100",100,0,0,"0 No",100,0,13,"Harris"
"2345","Female",61,"48 Texas","15 100,000 to 149,999",14,"1 Married (spouse lives with me)","1 Yes","0 No","100",100,0,NA,"1 Yes",50,50,15,"Harris"
"2346","Female",71,"21 Kentucky","9 30,000 to 34,999",10,"4 Divorced","1 Yes","0 No","100",100,NA,NA,"0 No",95,0,9,"Harris"
"2347","Female",45,"37 North Carolina","13 60,000 to 74,999",10,"1 Married (spouse lives with me)","1 Yes","1 Yes","50",50,50,NA,"0 No",90,10,13,"Trump"
"2348","Female",37,"26 Michigan","1 Less than $5,000",12,"6 Never married","1 Yes","0 No","100",100,0,NA,"0 No",NA,NA,1,"Harris"
"2349","Female",30,"34 New Jersey","14 75,000 to 99,999",9,"1 Married (spouse lives with me)","1 Yes","1 Yes","0",50,50,0,"0 No",NA,NA,14,"Trump"
"2350","Female",32,"42 Pennsylvania","12 50,000 to 59,999",9,"1 Married (spouse lives with me)","1 Yes","1 Yes","100",NA,100,NA,"1 Yes",20,80,12,"Trump"
"2351","Female",64,"37 North Carolina","10 35,000 to 39,999",14,"5 Widowed","1 Yes","0 No","100",60,NA,40,"0 No",60,0,10,"Harris"
"2352","Male",37,"13 Georgia","16 150,000 or more",14,"1 Married (spouse lives with me)","1 Yes","1 Yes","100",NA,NA,NA,"1 Yes",100,0,16,NA
"2353","Female",32,"12 Florida","14 75,000 to 99,999",10,"1 Married (spouse lives with me)","1 Yes","1 Yes","100",0,100,0,"1 Yes",0,100,14,"Trump"
"2354","Female",45,"13 Georgia","9 30,000 to 34,999",9,"6 Never married","1 Yes","0 No","100",NA,NA,NA,"0 No",60,0,9,NA
"2355","Male",59,"37 North Carolina","16 150,000 or more",14,"4 Divorced","1 Yes","1 Yes","95",100,0,0,"0 No",85,15,16,"Harris"
"2356","Male",64,"13 Georgia","15 100,000 to 149,999",9,"1 Married (spouse lives with me)","1 Yes","1 Yes","100",NA,NA,NA,"1 Yes",30,70,15,NA
"2357","Female",55,"12 Florida","7 20,000 to 24,999",5,"1 Married (spouse lives with me)","1 Yes","1 Yes","100",NA,NA,NA,"1 Yes",10,90,7,NA
"2358","Female",42,"39 Ohio","14 75,000 to 99,999",10,"6 Never married","1 Yes","1 Yes",".a",NA,NA,NA,"0 No",NA,NA,14,NA
"2359","Female",42,"37 North Carolina","13 60,000 to 74,999",13,"1 Married (spouse lives with me)","1 Yes","1 Yes","99",30,40,30,"0 No",10,90,13,"Trump"
"2360","Female",27,"26 Michigan","15 100,000 to 149,999",13,"1 Married (spouse lives with me)","1 Yes","1 Yes","100",NA,NA,NA,"0 No",0,0,15,NA
"2361","Female",40,"13 Georgia","1 Less than $5,000",9,"6 Never married","1 Yes","0 No","56",100,0,0,"0 No",100,0,1,"Harris"
"2362","Female",26,"26 Michigan","14 75,000 to 99,999",13,"1 Married (spouse lives with me)","1 Yes","1 Yes","95",100,0,0,"1 Yes",90,8,14,"Harris"
"2363","Female",28,"42 Pennsylvania","11 40,000 to 49,999",10,"6 Never married","1 Yes","1 Yes","75",100,0,NA,"0 No",80,20,11,"Harris"
"2364","Male",62,"42 Pennsylvania","12 50,000 to 59,999",9,"1 Married (spouse lives with me)","1 Yes","1 Yes","100",0,100,0,"1 Yes",3,70,12,"Trump"
"2365","Female",36,"13 Georgia","12 50,000 to 59,999",11,"1 Married (spouse lives with me)","1 Yes","1 Yes","95",50,50,0,"0 No",50,50,12,"Trump"
"2366","Female",71,"42 Pennsylvania","10 35,000 to 39,999",10,"6 Never married","1 Yes","0 No","100",100,0,0,"1 Yes",100,0,10,"Harris"
"2367","Female",42,"13 Georgia","11 40,000 to 49,999",9,"1 Married (spouse lives with me)","1 Yes","1 Yes","0",0,0,100,"1 Yes",NA,NA,11,"Other"
"2368","Female",39,"36 New York","16 150,000 or more",13,"1 Married (spouse lives with me)","1 Yes","1 Yes","80",25,0,75,"1 Yes",80,10,16,"Other"
"2369","Male",25,"12 Florida","8 25,000 to 2,999",10,"1 Married (spouse lives with me)","1 Yes","1 Yes","100",NA,100,NA,"1 Yes",0,75,8,"Trump"
"2370","Female",34,"36 New York","14 75,000 to 99,999",14,"6 Never married","1 Yes","1 Yes","99",100,0,0,"0 No",99,1,14,"Harris"
"2371","Male",59,"10 Delaware","15 100,000 to 149,999",14,"1 Married (spouse lives with me)","1 Yes","0 No","100",100,NA,NA,"1 Yes",75,25,15,"Harris"
"2372","Female",47,"42 Pennsylvania","16 150,000 or more",12,"1 Married (spouse lives with me)","1 Yes","0 No","100",NA,100,NA,"1 Yes",1,99,16,"Trump"
"2373","Female",69,"42 Pennsylvania","14 75,000 to 99,999",10,"1 Married (spouse lives with me)","1 Yes","0 No","100",NA,NA,NA,"0 No",85,15,14,NA
"2374","Female",43,"34 New Jersey","13 60,000 to 74,999",13,"1 Married (spouse lives with me)","1 Yes","1 Yes","60",50,50,NA,"1 Yes",50,50,13,"Trump"
"2375","Female",39,"36 New York","10 35,000 to 39,999",12,"6 Never married","1 Yes","0 No","100",NA,NA,NA,"0 No",10,50,10,NA
"2376","Female",56,"13 Georgia","10 35,000 to 39,999",14,"4 Divorced","1 Yes","1 Yes","100",100,0,0,"0 No",100,0,10,"Harris"
"2377","Female",44,"40 Oklahoma","15 100,000 to 149,999",13,"1 Married (spouse lives with me)","1 Yes","1 Yes","0",0,0,100,"0 No",20,80,15,"Other"
"2378","Female",36,"13 Georgia","8 25,000 to 2,999",14,"6 Never married","1 Yes","1 Yes","100",NA,NA,NA,"1 Yes",85,15,8,NA
"2379","Male",66,"13 Georgia","8 25,000 to 2,999",10,"5 Widowed","1 Yes","0 No","100",0,0,100,"1 Yes",0,100,8,"Other"
"2380","Female",32,"36 New York","11 40,000 to 49,999",13,"6 Never married","1 Yes","1 Yes","100",100,0,0,"1 Yes",90,10,11,"Harris"
"2381","Female",30,"13 Georgia","7 20,000 to 24,999",9,"1 Married (spouse lives with me)","1 Yes","0 No","100",0,100,0,"1 Yes",0,100,7,"Trump"
"2382","Female",36,"13 Georgia","2 5,000 to 7,499",9,"6 Never married","1 Yes","1 Yes","100",NA,NA,NA,"0 No",NA,NA,2,NA
"2383","Male",77,"26 Michigan","7 20,000 to 24,999",14,"2 Married (spouse lives elsewhere)","1 Yes","0 No","100",NA,100,NA,"1 Yes",20,80,7,"Trump"
"2384","Male",69,"51 Virginia","11 40,000 to 49,999",10,"1 Married (spouse lives with me)","1 Yes","0 No","100",NA,NA,NA,"1 Yes",10,90,11,NA
"2385","Male",66,"13 Georgia","10 35,000 to 39,999",10,"5 Widowed","1 Yes","0 No","100",0,100,0,"1 Yes",0,100,10,"Trump"
"2386","Male",33,"37 North Carolina","1 Less than $5,000",12,"6 Never married","1 Yes","0 No","50",100,0,0,"0 No",100,0,1,"Harris"
"2387","Male",36,"24 Maryland","15 100,000 to 149,999",13,"4 Divorced","1 Yes","1 Yes","100",NA,NA,NA,"1 Yes",90,10,15,NA
"2388","Female",78,"13 Georgia","10 35,000 to 39,999",11,"5 Widowed","1 Yes","1 Yes","100",NA,NA,NA,"1 Yes",1,99,10,NA
"2389","Female",59,"34 New Jersey","13 60,000 to 74,999",2,"1 Married (spouse lives with me)","1 Yes","1 Yes","50",20,80,NA,"1 Yes",50,50,13,"Trump"
"2390","Female",36,"37 North Carolina","9 30,000 to 34,999",14,"6 Never married","1 Yes","1 Yes","99",0,98,2,"1 Yes",30,70,9,"Trump"
"2391","Male",39,"34 New Jersey","15 100,000 to 149,999",11,"1 Married (spouse lives with me)","1 Yes","0 No","0",100,0,NA,"1 Yes",80,20,15,"Harris"
"2392","Female",35,"25 Massachusetts","12 50,000 to 59,999",10,"6 Never married","1 Yes","1 Yes","100",50,0,50,"0 No",70,10,12,"Harris"
"2393","Female",57,"13 Georgia","12 50,000 to 59,999",13,"6 Never married","1 Yes","1 Yes","100",100,0,0,"0 No",100,0,12,"Harris"
"2394","Female",45,"11 District of Columbia","15 100,000 to 149,999",13,"1 Married (spouse lives with me)","1 Yes","1 Yes","100",0,100,0,"1 Yes",50,50,15,"Trump"
"2395","Male",35,"21 Kentucky","16 150,000 or more",13,"4 Divorced","1 Yes","1 Yes","100",NA,NA,NA,"1 Yes",20,80,16,NA
"2396","Female",65,"45 South Carolina","12 50,000 to 59,999",14,"4 Divorced","1 Yes","1 Yes","100",100,0,0,"0 No",70,10,12,"Harris"
"2397","Male",54,"24 Maryland","16 150,000 or more",11,"1 Married (spouse lives with me)","1 Yes","1 Yes","100",0,100,0,"1 Yes",74,25,16,"Trump"
"2398","Female",63,"34 New Jersey","16 150,000 or more",14,"1 Married (spouse lives with me)","1 Yes","0 No","100",NA,NA,NA,"0 No",75,25,16,NA
"2399","Female",21,"25 Massachusetts","10 35,000 to 39,999",9,"6 Never married","1 Yes","1 Yes","50",100,NA,NA,"0 No",100,0,10,"Harris"
"2400","Female",53,"42 Pennsylvania","16 150,000 or more",14,"1 Married (spouse lives with me)","1 Yes","1 Yes","100",NA,NA,NA,"1 Yes",95,5,16,NA
"2401","Female",64,"12 Florida","12 50,000 to 59,999",10,"1 Married (spouse lives with me)","1 Yes","0 No","0",0,0,100,"0 No",100,0,12,"Other"
"2402","Male",22,"18 Indiana","1 Less than $5,000",9,"6 Never married","1 Yes","0 No","0",50,25,25,"1 Yes",50,25,1,"Harris"
"2403","Male",75,"42 Pennsylvania","14 75,000 to 99,999",16,"1 Married (spouse lives with me)","1 Yes","0 No","100",100,0,NA,"1 Yes",80,20,14,"Harris"
"2404","Male",66,"36 New York","16 150,000 or more",13,"1 Married (spouse lives with me)","1 Yes","1 Yes","100",100,0,0,"0 No",80,20,16,"Harris"
"2405","Female",20,"36 New York","5 12,500 to 14,999",8,"6 Never married","1 Yes","0 No","0",50,50,NA,"0 No",NA,NA,5,"Trump"
"2406","Female",54,"12 Florida","2 5,000 to 7,499",10,"4 Divorced","1 Yes","0 No","100",NA,NA,NA,"1 Yes",50,50,2,NA
"2407","Female",33,"37 North Carolina","14 75,000 to 99,999",15,"6 Never married","1 Yes","1 Yes","100",100,NA,NA,"1 Yes",85,15,14,"Harris"
"2408","Female",31,"13 Georgia","9 30,000 to 34,999",14,"6 Never married","1 Yes","0 No","100",80,20,0,"0 No",50,50,9,"Harris"
"2409","Female",40,"37 North Carolina","7 20,000 to 24,999",10,"4 Divorced","1 Yes","1 Yes","100",NA,100,NA,"1 Yes",25,75,7,"Trump"
"2410","Male",33,"40 Oklahoma","15 100,000 to 149,999",14,"1 Married (spouse lives with me)","1 Yes","1 Yes","100",100,0,0,"1 Yes",90,10,15,"Harris"
"2411","Male",42,"48 Texas","15 100,000 to 149,999",14,"1 Married (spouse lives with me)","1 Yes","1 Yes","100",0,50,50,"1 Yes",25,75,15,"Trump"
"2412","Female",45,"55 Wisconsin","6 15,000 to 19,999",10,"4 Divorced","1 Yes","1 Yes","90",100,0,0,"1 Yes",100,0,6,"Harris"
"2413","Female",35,"1 Alabama","1 Less than $5,000",10,"6 Never married","1 Yes","0 No","100",100,0,0,"0 No",100,0,1,"Harris"
"2414","Female",65,"1 Alabama","13 60,000 to 74,999",10,"5 Widowed","1 Yes","0 No","100",0,100,0,"1 Yes",5,95,13,"Trump"
"2415","Female",56,"18 Indiana","4 10,000 to 12,499",10,"4 Divorced","1 Yes","1 Yes","0",0,0,100,"0 No",NA,NA,4,"Other"
"2416","Male",62,"48 Texas","11 40,000 to 49,999",9,"4 Divorced","1 Yes","1 Yes","100",NA,100,NA,"1 Yes",0,100,11,"Trump"
"2417","Female",60,"48 Texas","11 40,000 to 49,999",9,"6 Never married","1 Yes","1 Yes","100",100,0,0,"1 Yes",95,5,11,"Harris"
"2418","Male",58,"48 Texas","1 Less than $5,000",11,"6 Never married","1 Yes","0 No","100",100,0,0,"1 Yes",80,20,1,"Harris"
"2419","Male",51,"22 Louisiana","15 100,000 to 149,999",13,"1 Married (spouse lives with me)","1 Yes","1 Yes","100",NA,100,NA,"1 Yes",0,100,15,"Trump"
"2420","Female",43,"1 Alabama","9 30,000 to 34,999",11,"1 Married (spouse lives with me)","1 Yes","1 Yes","98",80,20,NA,"0 No",100,0,9,"Harris"
"2421","Female",52,"1 Alabama","10 35,000 to 39,999",12,"1 Married (spouse lives with me)","1 Yes","1 Yes","50",0,0,100,"1 Yes",50,25,10,"Other"
"2422","Male",67,"48 Texas","9 30,000 to 34,999",11,"4 Divorced","1 Yes","0 No","100",NA,100,NA,"1 Yes",10,90,9,"Trump"
"2423","Female",42,"48 Texas","11 40,000 to 49,999",13,"6 Never married","1 Yes","1 Yes","99",49,49,2,"1 Yes",50,50,11,"Trump"
"2424","Male",64,"17 Illinois","16 150,000 or more",13,"1 Married (spouse lives with me)","1 Yes","1 Yes","100",NA,NA,NA,"1 Yes",90,10,16,NA
"2425","Male",37,"48 Texas","5 12,500 to 14,999",13,"1 Married (spouse lives with me)","1 Yes","1 Yes","100",NA,NA,NA,"1 Yes",50,50,5,NA
"2426","Male",25,"48 Texas","12 50,000 to 59,999",10,"6 Never married","1 Yes","1 Yes","90",30,70,NA,"0 No",50,50,12,"Trump"
"2427","Female",54,"48 Texas","1 Less than $5,000",9,"2 Married (spouse lives elsewhere)","1 Yes","0 No","100",50,50,0,"0 No",50,50,1,"Trump"
"2428","Female",56,"48 Texas","7 20,000 to 24,999",13,"6 Never married","1 Yes","1 Yes","99",100,NA,NA,"1 Yes",90,5,7,"Harris"
"2429","Female",56,"47 Tennessee","15 100,000 to 149,999",12,"4 Divorced","1 Yes","1 Yes","100",NA,NA,NA,"0 No",99,1,15,NA
"2430","Female",58,"48 Texas","2 5,000 to 7,499",8,"5 Widowed","1 Yes","0 No","0",NA,100,NA,"1 Yes",50,50,2,"Trump"
"2431","Female",29,"17 Illinois","11 40,000 to 49,999",14,"6 Never married","1 Yes","0 No","100",NA,NA,NA,"1 Yes",100,0,11,NA
"2432","Female",59,"51 Virginia","13 60,000 to 74,999",9,"1 Married (spouse lives with me)","1 Yes","1 Yes","100",NA,NA,NA,"1 Yes",60,40,13,NA
"2433","Female",76,"5 Arkansas","5 12,500 to 14,999",10,"5 Widowed","1 Yes","0 No","100",100,0,0,"0 No",100,0,5,"Harris"
"2434","Female",60,"19 Iowa","11 40,000 to 49,999",10,"6 Never married","1 Yes","1 Yes","50",100,0,0,"1 Yes",60,40,11,"Harris"
"2435","Male",32,"4 Arizona","16 150,000 or more",14,"1 Married (spouse lives with me)","1 Yes","1 Yes","100",NA,NA,NA,"1 Yes",90,10,16,NA
"2436","Male",45,"4 Arizona","16 150,000 or more",12,"1 Married (spouse lives with me)","1 Yes","1 Yes","100",0,100,0,"1 Yes",10,90,16,"Trump"
"2437","Female",28,"16 Idaho","1 Less than $5,000",9,"1 Married (spouse lives with me)","1 Yes","0 No","0",20,30,50,"1 Yes",NA,NA,1,"Other"
"2438","Female",39,"6 California","16 150,000 or more",13,"1 Married (spouse lives with me)","1 Yes","1 Yes","100",100,NA,NA,"0 No",50,50,16,"Harris"
"2439","Female",74,"6 California","13 60,000 to 74,999",10,"5 Widowed","1 Yes","0 No","100",NA,NA,NA,"1 Yes",100,0,13,NA
"2440","Male",62,"6 California","15 100,000 to 149,999",13,"4 Divorced","1 Yes","1 Yes","100",100,NA,NA,"0 No",80,20,15,"Harris"
"2441","Female",45,"6 California","16 150,000 or more",13,"1 Married (spouse lives with me)","1 Yes","0 No","100",0,100,0,"0 No",0,80,16,"Trump"
"2442","Male",39,"53 Washington","13 60,000 to 74,999",10,"1 Married (spouse lives with me)","1 Yes","0 No","100",90,0,10,"1 Yes",100,0,13,"Harris"
"2443","Male",24,"6 California","1 Less than $5,000",10,"6 Never married","1 Yes","0 No","100",NA,NA,NA,"1 Yes",86,0,1,NA
"2444","Male",73,"6 California","11 40,000 to 49,999",12,"1 Married (spouse lives with me)","1 Yes","0 No","100",NA,NA,NA,"1 Yes",100,0,11,NA
"2445","Female",30,"6 California","8 25,000 to 2,999",10,"1 Married (spouse lives with me)","1 Yes","0 No","100",NA,NA,NA,"0 No",10,80,8,NA
"2446","Female",59,"6 California","16 150,000 or more",10,"1 Married (spouse lives with me)","1 Yes","1 Yes","100",NA,NA,NA,"1 Yes",60,30,16,NA
"2447","Male",54,"6 California","14 75,000 to 99,999",13,"1 Married (spouse lives with me)","1 Yes","1 Yes","100",NA,NA,NA,"0 No",100,0,14,NA
"2448","Male",37,"6 California","16 150,000 or more",14,"6 Never married","1 Yes","1 Yes","100",100,NA,NA,"1 Yes",70,30,16,"Harris"
"2449","Female",37,"6 California","16 150,000 or more",16,"6 Never married","1 Yes","1 Yes","100",100,0,0,"1 Yes",80,10,16,"Harris"
"2450","Female",58,"6 California","16 150,000 or more",14,"1 Married (spouse lives with me)","1 Yes","1 Yes","100",NA,NA,NA,"1 Yes",50,50,16,NA
"2451","Female",49,"32 Nevada","15 100,000 to 149,999",14,"1 Married (spouse lives with me)","1 Yes","1 Yes","100",100,NA,NA,"1 Yes",95,5,15,"Harris"
"2452","Male",34,"32 Nevada","11 40,000 to 49,999",10,"6 Never married","1 Yes","0 No","100",NA,NA,NA,"1 Yes",100,0,11,NA
"2453","Male",38,"36 New York","16 150,000 or more",13,"6 Never married","1 Yes","1 Yes","100",NA,NA,NA,"1 Yes",95,5,16,NA
"2454","Male",75,"32 Nevada","12 50,000 to 59,999",14,"6 Never married","1 Yes","0 No","100",100,NA,NA,"0 No",95,5,12,"Harris"
"2455","Female",54,"6 California","15 100,000 to 149,999",13,"4 Divorced","1 Yes","1 Yes","100",90,5,5,"1 Yes",50,50,15,"Harris"
"2456","Male",46,"6 California","16 150,000 or more",13,"1 Married (spouse lives with me)","1 Yes","1 Yes","100",NA,NA,NA,"1 Yes",0,100,16,NA
"2457","Female",66,"6 California","13 60,000 to 74,999",10,"4 Divorced","1 Yes","1 Yes","100",100,0,NA,"1 Yes",90,10,13,"Harris"
"2458","Female",56,"41 Oregon","16 150,000 or more",13,"1 Married (spouse lives with me)","1 Yes","1 Yes","100",100,0,NA,"1 Yes",97,3,16,"Harris"
"2459","Female",54,"32 Nevada","1 Less than $5,000",14,"6 Never married","1 Yes","0 No","100",NA,NA,NA,"1 Yes",50,50,1,NA
"2460","Male",46,"6 California","15 100,000 to 149,999",10,"1 Married (spouse lives with me)","1 Yes","1 Yes","50",NA,NA,100,"1 Yes",50,50,15,"Other"
"2461","Female",73,"6 California","8 25,000 to 2,999",2,"1 Married (spouse lives with me)","1 Yes","0 No","100",0,0,100,"1 Yes",0,0,8,"Other"
"2462","Female",38,"6 California","16 150,000 or more",15,"4 Divorced","1 Yes","1 Yes","100",NA,NA,NA,"1 Yes",80,10,16,NA
"2463","Male",52,"6 California","16 150,000 or more",14,"4 Divorced","1 Yes","1 Yes","100",10,90,NA,"0 No",50,50,16,"Trump"
"2464","Female",52,"6 California","16 150,000 or more",10,"1 Married (spouse lives with me)","1 Yes","1 Yes","100",100,0,0,"1 Yes",99,0,16,"Harris"
"2465","Female",44,"2 Alaska","15 100,000 to 149,999",9,"6 Never married","1 Yes","1 Yes","100",100,0,0,"1 Yes",80,20,15,"Harris"
"2466","Male",56,"2 Alaska","8 25,000 to 2,999",9,"4 Divorced","1 Yes","1 Yes","0",0,100,0,"1 Yes",NA,NA,8,"Trump"
"2467","Female",21,"26 Michigan","11 40,000 to 49,999",10,"6 Never married","1 Yes","1 Yes","100",100,0,0,"0 No",100,0,11,"Harris"
"2468","Female",50,"48 Texas","16 150,000 or more",12,"1 Married (spouse lives with me)","1 Yes","1 Yes","100",0,100,0,"1 Yes",15,85,16,"Trump"
"2469","Female",43,"48 Texas","8 25,000 to 2,999",14,"6 Never married","1 Yes","1 Yes","50",0,50,50,"1 Yes",0,100,8,"Trump"
"2470","Male",34,"18 Indiana","14 75,000 to 99,999",10,"1 Married (spouse lives with me)","1 Yes","1 Yes","100",NA,100,NA,"1 Yes",20,80,14,"Trump"
"2471","Female",25,"36 New York","15 100,000 to 149,999",14,"6 Never married","1 Yes","1 Yes","100",100,0,NA,"1 Yes",75,25,15,"Harris"
"2472","Female",66,"26 Michigan","14 75,000 to 99,999",10,"1 Married (spouse lives with me)","1 Yes","0 No","100",0,50,50,"1 Yes",5,95,14,"Trump"
"2473","Female",24,"26 Michigan","15 100,000 to 149,999",13,"6 Never married","1 Yes","0 No","100",NA,NA,NA,"1 Yes",90,10,15,NA
"2474","Female",22,"26 Michigan","12 50,000 to 59,999",13,"6 Never married","1 Yes","1 Yes","100",100,0,0,"1 Yes",60,40,12,"Harris"
"2475","Female",20,"26 Michigan","16 150,000 or more",9,"6 Never married","1 Yes","0 No","100",100,0,0,"1 Yes",100,0,16,"Harris"
"2476","Female",41,"36 New York","9 30,000 to 34,999",14,"1 Married (spouse lives with me)","1 Yes","0 No","100",0,99,1,"1 Yes",24,75,9,"Trump"
"2477","Female",39,"42 Pennsylvania","16 150,000 or more",13,"6 Never married","1 Yes","1 Yes","100",100,0,NA,"1 Yes",50,25,16,"Harris"
"2478","Female",47,"36 New York","15 100,000 to 149,999",10,"4 Divorced","1 Yes","1 Yes","100",100,0,0,"1 Yes",95,5,15,"Harris"
"2479","Female",57,"13 Georgia","9 30,000 to 34,999",14,"6 Never married","1 Yes","1 Yes","100",NA,NA,NA,"0 No",100,0,9,NA
"2480","Male",88,"42 Pennsylvania","15 100,000 to 149,999",10,"1 Married (spouse lives with me)","1 Yes","0 No","100",NA,NA,NA,"0 No",100,0,15,NA
"2481","Female",58,"13 Georgia","13 60,000 to 74,999",13,"6 Never married","1 Yes","1 Yes","100",NA,NA,NA,"1 Yes",80,20,13,NA
"2482","Female",70,"42 Pennsylvania","11 40,000 to 49,999",13,"5 Widowed","1 Yes","0 No","100",NA,NA,NA,"0 No",60,30,11,NA
"2483","Male",71,"24 Maryland","16 150,000 or more",15,"1 Married (spouse lives with me)","1 Yes","0 No","100",100,0,0,"1 Yes",90,10,16,"Harris"
"2484","Female",44,"51 Virginia","1 Less than $5,000",11,"4 Divorced","1 Yes","0 No","50",100,0,0,"1 Yes",100,0,1,"Harris"
"2485","Female",35,"13 Georgia","12 50,000 to 59,999",11,"3 Separated","1 Yes","1 Yes","100",100,NA,NA,"0 No",100,0,12,"Harris"
"2486","Female",57,"45 South Carolina","1 Less than $5,000",11,"1 Married (spouse lives with me)","1 Yes","0 No","0",50,50,0,"0 No",50,50,1,"Trump"
"2487","Female",59,"36 New York",".e",9,"4 Divorced","1 Yes","1 Yes","100",50,50,NA,"0 No",NA,NA,NA,"Trump"
"2488","Female",61,"26 Michigan","9 30,000 to 34,999",10,"3 Separated","1 Yes","0 No","100",NA,NA,NA,"0 No",100,0,9,NA
"2489","Female",36,"42 Pennsylvania","16 150,000 or more",14,"1 Married (spouse lives with me)","1 Yes","1 Yes","100",100,0,0,"1 Yes",100,0,16,"Harris"
"2490","Male",34,"12 Florida","16 150,000 or more",16,"1 Married (spouse lives with me)","1 Yes","1 Yes","100",NA,NA,NA,"0 No",50,50,16,NA
"2491","Male",52,"26 Michigan","10 35,000 to 39,999",14,"1 Married (spouse lives with me)","1 Yes","1 Yes","100",NA,NA,NA,"0 No",20,10,10,NA
"2492","Female",57,"26 Michigan","13 60,000 to 74,999",13,"1 Married (spouse lives with me)","1 Yes","1 Yes","100",100,NA,NA,"0 No",100,0,13,"Harris"
"2493","Female",40,"36 New York","12 50,000 to 59,999",14,"1 Married (spouse lives with me)","1 Yes","0 No","0",30,70,0,"1 Yes",30,70,12,"Trump"
"2494","Female",51,"13 Georgia","5 12,500 to 14,999",10,"6 Never married","1 Yes","1 Yes","0",65,35,NA,"0 No",60,40,5,"Harris"
"2495","Male",55,"13 Georgia","13 60,000 to 74,999",13,"1 Married (spouse lives with me)","1 Yes","1 Yes","100",0,100,0,"1 Yes",20,80,13,"Trump"
"2496","Female",47,"13 Georgia","16 150,000 or more",13,"1 Married (spouse lives with me)","1 Yes","1 Yes","100",100,NA,NA,"0 No",100,0,16,"Harris"
"2497","Male",59,"36 New York","13 60,000 to 74,999",13,"4 Divorced","1 Yes","1 Yes","100",100,0,0,"1 Yes",50,50,13,"Harris"
"2498","Male",43,"42 Pennsylvania","14 75,000 to 99,999",14,"6 Never married","1 Yes","1 Yes","95",100,0,0,"1 Yes",90,10,14,"Harris"
"2499","Male",64,"13 Georgia","15 100,000 to 149,999",14,"1 Married (spouse lives with me)","1 Yes","1 Yes","100",NA,NA,NA,"1 Yes",15,85,15,NA
"2500","Male",49,"34 New Jersey","16 150,000 or more",12,"1 Married (spouse lives with me)","1 Yes","1 Yes","100",NA,NA,100,"1 Yes",50,50,16,"Other"
"2501","Female",37,"13 Georgia","15 100,000 to 149,999",14,"1 Married (spouse lives with me)","1 Yes","1 Yes","100",NA,NA,NA,"1 Yes",90,10,15,NA
"2502","Female",54,"13 Georgia","8 25,000 to 2,999",9,"1 Married (spouse lives with me)","1 Yes","0 No","100",NA,NA,NA,"1 Yes",0,100,8,NA
"2503","Female",65,"42 Pennsylvania","10 35,000 to 39,999",13,"6 Never married","1 Yes","0 No","100",NA,NA,NA,"0 No",100,0,10,NA
"2504","Female",79,"12 Florida","11 40,000 to 49,999",14,"5 Widowed","1 Yes","0 No","100",100,NA,NA,"1 Yes",99,1,11,"Harris"
"2505","Female",58,"13 Georgia","1 Less than $5,000",11,"1 Married (spouse lives with me)","1 Yes","0 No","100",100,0,0,"0 No",100,0,1,"Harris"
"2506","Female",53,"37 North Carolina","8 25,000 to 2,999",13,"6 Never married","1 Yes","1 Yes","100",NA,100,NA,"1 Yes",30,70,8,"Trump"
"2507","Female",74,"13 Georgia","4 10,000 to 12,499",10,"4 Divorced","1 Yes","0 No","100",NA,NA,NA,"0 No",100,0,4,NA
"2508","Female",51,"47 Tennessee","7 20,000 to 24,999",11,"6 Never married","1 Yes","1 Yes","70",0,100,0,"1 Yes",10,90,7,"Trump"
"2509","Female",28,"12 Florida","5 12,500 to 14,999",9,"6 Never married","1 Yes","1 Yes","10",100,0,0,"1 Yes",NA,NA,5,"Harris"
"2510","Male",68,"13 Georgia","16 150,000 or more",16,"1 Married (spouse lives with me)","1 Yes","0 No","100",NA,NA,NA,"1 Yes",0,90,16,NA
"2511","Female",43,"26 Michigan","12 50,000 to 59,999",10,"6 Never married","1 Yes","1 Yes","100",100,NA,NA,"0 No",95,5,12,"Harris"
"2512","Male",57,"45 South Carolina","4 10,000 to 12,499",5,"3 Separated","1 Yes","1 Yes","75",0,100,NA,"1 Yes",30,70,4,"Trump"
"2513","Male",68,"18 Indiana","15 100,000 to 149,999",13,"1 Married (spouse lives with me)","1 Yes","1 Yes","100",NA,NA,NA,"1 Yes",100,0,15,NA
"2514","Female",29,"33 New Hampshire","13 60,000 to 74,999",14,"4 Divorced","1 Yes","1 Yes","80",100,0,0,"1 Yes",59,38,13,"Harris"
"2515","Female",61,"44 Rhode Island","5 12,500 to 14,999",9,"1 Married (spouse lives with me)","1 Yes","0 No","100",NA,100,NA,"1 Yes",10,70,5,"Trump"
"2516","Male",84,"26 Michigan","14 75,000 to 99,999",13,"1 Married (spouse lives with me)","1 Yes","0 No","100",NA,NA,NA,"1 Yes",60,38,14,NA
"2517","Female",62,"42 Pennsylvania","1 Less than $5,000",16,"4 Divorced","1 Yes","0 No","0",45,15,40,"0 No",17,18,1,"Harris"
"2518","Female",40,"24 Maryland","14 75,000 to 99,999",13,"4 Divorced","1 Yes","1 Yes","100",NA,NA,NA,"1 Yes",70,30,14,NA
"2519","Female",71,"12 Florida","6 15,000 to 19,999",11,"6 Never married","1 Yes","0 No","100",NA,NA,NA,"1 Yes",0,100,6,NA
"2520","Female",45,"6 California","13 60,000 to 74,999",14,"4 Divorced","1 Yes","0 No","100",NA,NA,NA,"1 Yes",96,4,13,NA
"2521","Female",69,"39 Ohio","13 60,000 to 74,999",10,"4 Divorced","1 Yes","0 No","100",NA,NA,NA,"0 No",100,0,13,NA
"2522","Female",48,"13 Georgia","15 100,000 to 149,999",13,"6 Never married","1 Yes","1 Yes","100",100,NA,NA,"0 No",70,30,15,"Harris"
"2523","Female",46,"42 Pennsylvania","8 25,000 to 2,999",9,"6 Never married","1 Yes","0 No","100",NA,NA,NA,"0 No",90,10,8,NA
"2524","Female",52,"13 Georgia","10 35,000 to 39,999",11,"1 Married (spouse lives with me)","1 Yes","0 No","100",NA,100,NA,"0 No",5,95,10,"Trump"
"2525","Female",40,"13 Georgia","2 5,000 to 7,499",9,"6 Never married","1 Yes","0 No","0",100,0,0,"0 No",100,0,2,"Harris"
"2526","Male",66,"37 North Carolina","15 100,000 to 149,999",13,"1 Married (spouse lives with me)","1 Yes","1 Yes","100",100,NA,NA,"1 Yes",95,5,15,"Harris"
"2527","Female",57,"42 Pennsylvania","16 150,000 or more",14,"4 Divorced","1 Yes","1 Yes","100",NA,100,NA,"1 Yes",30,50,16,"Trump"
"2528","Female",68,"26 Michigan","5 12,500 to 14,999",11,"4 Divorced","1 Yes","0 No","100",NA,NA,NA,"1 Yes",100,0,5,NA
"2529","Female",66,"25 Massachusetts","16 150,000 or more",14,"1 Married (spouse lives with me)","1 Yes","0 No","100",NA,NA,NA,"1 Yes",80,18,16,NA
"2530","Female",67,"42 Pennsylvania","9 30,000 to 34,999",10,"1 Married (spouse lives with me)","1 Yes","0 No","100",NA,NA,NA,"1 Yes",50,50,9,NA
"2531","Female",46,"24 Maryland","14 75,000 to 99,999",14,"4 Divorced","1 Yes","1 Yes","100",100,0,0,"0 No",85,15,14,"Harris"
"2532","Female",33,"26 Michigan","2 5,000 to 7,499",10,"6 Never married","1 Yes","1 Yes","0",0,0,100,"1 Yes",10,10,2,"Other"
"2533","Female",51,"13 Georgia","1 Less than $5,000",9,"4 Divorced","1 Yes","0 No","100",100,0,0,"0 No",80,10,1,"Harris"
"2534","Female",31,"26 Michigan","4 10,000 to 12,499",9,"6 Never married","1 Yes","1 Yes","70",100,NA,NA,"0 No",100,0,4,"Harris"
"2535","Female",65,"25 Massachusetts","11 40,000 to 49,999",9,"6 Never married","1 Yes","1 Yes","100",NA,NA,NA,"1 Yes",55,45,11,NA
"2536","Female",65,"39 Ohio","9 30,000 to 34,999",10,"1 Married (spouse lives with me)","1 Yes","0 No","100",NA,100,NA,"1 Yes",1,98,9,"Trump"
"2537","Male",40,"13 Georgia","9 30,000 to 34,999",9,"6 Never married","1 Yes","0 No","0",100,0,0,"0 No",100,0,9,"Harris"
"2538","Female",74,"13 Georgia","15 100,000 to 149,999",14,"1 Married (spouse lives with me)","1 Yes","0 No","100",NA,100,NA,"1 Yes",30,70,15,"Trump"
"2539","Female",58,"37 North Carolina","9 30,000 to 34,999",13,"6 Never married","1 Yes","0 No","100",100,NA,NA,"0 No",100,0,9,"Harris"
"2540","Male",70,"13 Georgia","8 25,000 to 2,999",10,"1 Married (spouse lives with me)","1 Yes","0 No","95",90,10,0,".e",70,30,8,"Harris"
"2541","Male",27,"37 North Carolina","15 100,000 to 149,999",12,"6 Never married","1 Yes","0 No","0",0,51,49,"1 Yes",0,100,15,"Trump"
"2542","Male",54,"51 Virginia","12 50,000 to 59,999",9,"1 Married (spouse lives with me)","1 Yes","0 No","100",NA,NA,NA,"0 No",100,0,12,NA
"2543","Male",59,"26 Michigan","9 30,000 to 34,999",13,"1 Married (spouse lives with me)","1 Yes","1 Yes","100",100,NA,NA,"0 No",85,15,9,"Harris"
"2544","Male",57,"39 Ohio","14 75,000 to 99,999",9,"1 Married (spouse lives with me)","1 Yes","1 Yes","100",0,100,0,"1 Yes",20,80,14,"Trump"
"2545","Female",37,"37 North Carolina","10 35,000 to 39,999",13,"6 Never married","1 Yes","1 Yes","100",100,0,NA,"0 No",100,0,10,"Harris"
"2546","Male",60,"13 Georgia","13 60,000 to 74,999",13,"4 Divorced","1 Yes","0 No","100",0,100,0,"1 Yes",50,50,13,"Trump"
"2547","Female",43,"37 North Carolina","3 7,500 to 9,999",9,"1 Married (spouse lives with me)","1 Yes","0 No","100",NA,NA,NA,"0 No",77,20,3,NA
"2548","Female",57,"36 New York","1 Less than $5,000",8,"6 Never married","1 Yes","0 No","80",70,20,10,"0 No",80,10,1,"Harris"
"2549","Male",18,"36 New York","9 30,000 to 34,999",9,"6 Never married","1 Yes","1 Yes","100",NA,NA,NA,"1 Yes",89,11,9,NA
"2550","Female",51,"36 New York","12 50,000 to 59,999",13,"4 Divorced","1 Yes","1 Yes","100",100,NA,NA,"1 Yes",99,1,12,"Harris"
"2551","Female",55,"13 Georgia","15 100,000 to 149,999",10,"1 Married (spouse lives with me)","1 Yes","1 Yes","100",NA,NA,NA,"1 Yes",0,100,15,NA
"2552","Female",42,"9 Connecticut","14 75,000 to 99,999",9,"1 Married (spouse lives with me)","1 Yes","1 Yes","0",100,0,0,"1 Yes",25,25,14,"Harris"
"2553","Female",38,"13 Georgia","11 40,000 to 49,999",9,"6 Never married","1 Yes","1 Yes","0",100,0,0,"0 No",100,0,11,"Harris"
"2554","Female",37,"12 Florida","14 75,000 to 99,999",12,"6 Never married","1 Yes","1 Yes","90",NA,100,NA,"1 Yes",40,60,14,"Trump"
"2555","Female",38,"51 Virginia","1 Less than $5,000",11,"2 Married (spouse lives elsewhere)","1 Yes","0 No","100",NA,100,NA,"0 No",10,90,1,"Trump"
"2556","Male",37,"33 New Hampshire","16 150,000 or more",13,"6 Never married","1 Yes","1 Yes","100",10,NA,90,"1 Yes",90,10,16,"Other"
"2557","Female",40,"42 Pennsylvania","8 25,000 to 2,999",10,"4 Divorced","1 Yes","0 No","100",100,0,0,"1 Yes",100,0,8,"Harris"
"2558","Male",38,"37 North Carolina","11 40,000 to 49,999",9,"6 Never married","1 Yes","0 No","100",NA,NA,NA,"1 Yes",100,0,11,NA
"2559","Female",48,"26 Michigan","9 30,000 to 34,999",9,"4 Divorced","1 Yes","1 Yes","100",NA,NA,NA,"1 Yes",100,0,9,NA
"2560","Female",24,"36 New York","13 60,000 to 74,999",10,"6 Never married","1 Yes","1 Yes","100",NA,NA,NA,"1 Yes",100,0,13,NA
"2561","Female",60,"37 North Carolina","14 75,000 to 99,999",16,"4 Divorced","1 Yes","1 Yes","100",NA,NA,NA,"0 No",100,0,14,NA
"2562","Female",79,"42 Pennsylvania","16 150,000 or more",13,"1 Married (spouse lives with me)","1 Yes","0 No","100",NA,NA,NA,"1 Yes",90,10,16,NA
"2563","Male",50,"24 Maryland","16 150,000 or more",11,"4 Divorced","1 Yes","1 Yes","100",0,100,0,"1 Yes",35,65,16,"Trump"
"2564","Male",60,"13 Georgia","8 25,000 to 2,999",9,"4 Divorced","1 Yes","0 No","100",100,NA,NA,"0 No",100,0,8,"Harris"
"2565","Male",62,"36 New York","12 50,000 to 59,999",12,"1 Married (spouse lives with me)","1 Yes","1 Yes","100",100,NA,NA,"0 No",100,0,12,"Harris"
"2566","Male",62,"42 Pennsylvania","9 30,000 to 34,999",9,"6 Never married","1 Yes","1 Yes","100",20,80,NA,"1 Yes",50,50,9,"Trump"
"2567","Female",59,"37 North Carolina","11 40,000 to 49,999",9,"4 Divorced","1 Yes","1 Yes","100",100,0,NA,"0 No",90,10,11,"Harris"
"2568","Male",60,"42 Pennsylvania","10 35,000 to 39,999",10,"2 Married (spouse lives elsewhere)","1 Yes","0 No","75",0,100,0,"0 No",0,100,10,"Trump"
"2569","Female",58,"42 Pennsylvania","13 60,000 to 74,999",13,"3 Separated","1 Yes","1 Yes","100",NA,100,NA,"1 Yes",25,75,13,"Trump"
"2570","Female",51,"13 Georgia","15 100,000 to 149,999",10,"1 Married (spouse lives with me)","1 Yes","0 No","100",NA,NA,NA,"1 Yes",100,0,15,NA
"2571","Female",56,"42 Pennsylvania","11 40,000 to 49,999",11,"1 Married (spouse lives with me)","1 Yes","1 Yes","100",95,0,5,"1 Yes",50,50,11,"Harris"
"2572","Female",76,"13 Georgia","12 50,000 to 59,999",16,"1 Married (spouse lives with me)","1 Yes","1 Yes","100",NA,NA,NA,"0 No",100,0,12,NA
"2573","Male",27,"26 Michigan","1 Less than $5,000",9,"6 Never married","1 Yes","1 Yes","0",NA,NA,100,"0 No",NA,NA,1,"Other"
"2574","Female",49,"26 Michigan","1 Less than $5,000",6,"6 Never married","1 Yes","0 No","100",NA,NA,NA,"0 No",100,0,1,NA
"2575","Male",43,"13 Georgia","16 150,000 or more",13,"6 Never married","1 Yes","1 Yes","100",NA,NA,NA,"1 Yes",60,40,16,NA
"2576","Male",27,"26 Michigan","8 25,000 to 2,999",9,"6 Never married","1 Yes","0 No","100",100,0,0,"0 No",50,50,8,"Harris"
"2577","Male",72,"13 Georgia","8 25,000 to 2,999",11,"5 Widowed","1 Yes","1 Yes","100",NA,NA,NA,"0 No",99,1,8,NA
"2578","Male",66,"26 Michigan","15 100,000 to 149,999",13,"6 Never married","1 Yes","1 Yes","100",NA,NA,NA,"1 Yes",55,45,15,NA
"2579","Female",30,"51 Virginia","16 150,000 or more",13,"6 Never married","1 Yes","1 Yes","100",100,NA,NA,"1 Yes",100,0,16,"Harris"
"2580","Male",41,"13 Georgia","14 75,000 to 99,999",10,"4 Divorced","1 Yes","1 Yes","0",0,100,0,"1 Yes",25,70,14,"Trump"
"2581","Female",35,"36 New York","14 75,000 to 99,999",8,"1 Married (spouse lives with me)","1 Yes","0 No","100",NA,NA,NA,"0 No",100,0,14,NA
"2582","Female",56,"51 Virginia","16 150,000 or more",10,"1 Married (spouse lives with me)","1 Yes","1 Yes","100",100,0,0,"0 No",90,10,16,"Harris"
"2583","Male",64,"12 Florida","7 20,000 to 24,999",10,"4 Divorced","1 Yes","0 No","0",NA,100,NA,"1 Yes",50,50,7,"Trump"
"2584","Female",34,"11 District of Columbia","15 100,000 to 149,999",13,"1 Married (spouse lives with me)","1 Yes","0 No","100",100,NA,NA,"1 Yes",100,0,15,"Harris"
"2585","Male",30,"13 Georgia","15 100,000 to 149,999",15,"1 Married (spouse lives with me)","1 Yes","1 Yes","1",1,1,98,"1 Yes",10,5,15,"Other"
"2586","Female",83,"12 Florida","13 60,000 to 74,999",14,"1 Married (spouse lives with me)","1 Yes","0 No","100",100,NA,NA,"1 Yes",95,5,13,"Harris"
"2587","Female",44,"37 North Carolina","16 150,000 or more",14,"1 Married (spouse lives with me)","1 Yes","1 Yes","100",100,NA,NA,"1 Yes",98,0,16,"Harris"
"2588","Female",25,"42 Pennsylvania","1 Less than $5,000",13,"6 Never married","1 Yes","0 No","100",100,NA,NA,"1 Yes",100,0,1,"Harris"
"2589","Male",67,"33 New Hampshire","12 50,000 to 59,999",13,"1 Married (spouse lives with me)","1 Yes","0 No","100",100,NA,NA,"1 Yes",80,19,12,"Harris"
"2590","Female",39,"42 Pennsylvania","4 10,000 to 12,499",10,"6 Never married","1 Yes","1 Yes","100",NA,NA,NA,"0 No",95,5,4,NA
"2591","Female",29,"36 New York","16 150,000 or more",13,"6 Never married","1 Yes","1 Yes","100",NA,NA,NA,"1 Yes",90,10,16,NA
"2592","Male",24,"42 Pennsylvania","14 75,000 to 99,999",13,"6 Never married","1 Yes","1 Yes","100",100,NA,NA,"0 No",100,0,14,"Harris"
"2593","Female",46,"13 Georgia","15 100,000 to 149,999",14,"1 Married (spouse lives with me)","1 Yes","1 Yes","100",100,NA,NA,"0 No",100,0,15,"Harris"
"2594","Female",47,"13 Georgia","12 50,000 to 59,999",9,"1 Married (spouse lives with me)","1 Yes","1 Yes","100",NA,NA,NA,"1 Yes",10,90,12,NA
"2595","Female",37,"13 Georgia","15 100,000 to 149,999",13,"4 Divorced","1 Yes","1 Yes","100",NA,NA,NA,"1 Yes",99,1,15,NA
"2596","Female",36,"42 Pennsylvania","4 10,000 to 12,499",10,"6 Never married","1 Yes","0 No","70",5,95,0,"1 Yes",33,34,4,"Trump"
"2597","Female",30,"9 Connecticut","14 75,000 to 99,999",12,"6 Never married","1 Yes","1 Yes","100",100,0,NA,"0 No",50,50,14,"Harris"
"2598","Male",61,"36 New York","7 20,000 to 24,999",9,"6 Never married","1 Yes","0 No","99",100,0,0,"1 Yes",100,0,7,"Harris"
"2599","Male",67,"42 Pennsylvania","14 75,000 to 99,999",13,"1 Married (spouse lives with me)","1 Yes","0 No","100",100,0,0,"1 Yes",50,50,14,"Harris"
"2600","Male",64,"39 Ohio","6 15,000 to 19,999",14,"4 Divorced","1 Yes","0 No","100",NA,NA,NA,"0 No",98,2,6,NA
"2601","Female",21,"26 Michigan","10 35,000 to 39,999",9,"6 Never married","1 Yes","1 Yes","100",NA,NA,NA,"1 Yes",100,0,10,NA
"2602","Female",70,"12 Florida","11 40,000 to 49,999",13,"4 Divorced","1 Yes","0 No","100",100,NA,NA,"0 No",80,5,11,"Harris"
"2603","Male",84,"25 Massachusetts","15 100,000 to 149,999",13,"1 Married (spouse lives with me)","1 Yes","0 No","100",100,NA,NA,"1 Yes",70,20,15,"Harris"
"2604","Male",64,"45 South Carolina","10 35,000 to 39,999",9,"1 Married (spouse lives with me)","1 Yes","0 No","100",NA,100,NA,"1 Yes",0,95,10,"Trump"
"2605","Female",57,"9 Connecticut","1 Less than $5,000",9,"4 Divorced","1 Yes","0 No","100",NA,100,NA,"1 Yes",0,95,1,"Trump"
"2606","Female",37,"44 Rhode Island","14 75,000 to 99,999",13,"1 Married (spouse lives with me)","1 Yes","1 Yes","100",100,0,0,"1 Yes",90,10,14,"Harris"
"2607","Female",66,"13 Georgia","15 100,000 to 149,999",14,"4 Divorced","1 Yes","0 No","100",NA,NA,NA,"1 Yes",0,100,15,NA
"2608","Male",48,"26 Michigan","13 60,000 to 74,999",13,"6 Never married","1 Yes","1 Yes","30",80,NA,20,"1 Yes",40,60,13,"Harris"
"2609","Female",45,"42 Pennsylvania","15 100,000 to 149,999",10,"1 Married (spouse lives with me)","1 Yes","1 Yes","0",0,0,100,"0 No",50,50,15,"Other"
"2610","Female",74,"26 Michigan","12 50,000 to 59,999",12,"5 Widowed","1 Yes","1 Yes","100",NA,NA,NA,"0 No",95,5,12,NA
"2611","Male",79,"37 North Carolina","13 60,000 to 74,999",15,"1 Married (spouse lives with me)","1 Yes","0 No","100",100,0,0,"1 Yes",80,10,13,"Harris"
"2612","Female",58,"36 New York","15 100,000 to 149,999",9,"1 Married (spouse lives with me)","1 Yes","0 No","100",0,100,0,"1 Yes",25,75,15,"Trump"
"2613","Female",52,"37 North Carolina","16 150,000 or more",13,"1 Married (spouse lives with me)","1 Yes","1 Yes","100",10,90,NA,"1 Yes",15,85,16,"Trump"
"2614","Female",65,"12 Florida","8 25,000 to 2,999",13,"1 Married (spouse lives with me)","1 Yes","0 No","100",NA,NA,NA,"1 Yes",50,50,8,NA
"2615","Female",69,"13 Georgia","15 100,000 to 149,999",10,"1 Married (spouse lives with me)","1 Yes","1 Yes","100",NA,NA,NA,"0 No",90,10,15,NA
"2616","Female",65,"37 North Carolina","15 100,000 to 149,999",13,"1 Married (spouse lives with me)","1 Yes","0 No","100",NA,NA,NA,"1 Yes",0,100,15,NA
"2617","Female",26,"42 Pennsylvania","13 60,000 to 74,999",13,"6 Never married","1 Yes","1 Yes","100",100,0,0,"1 Yes",90,10,13,"Harris"
"2618","Female",24,"18 Indiana","12 50,000 to 59,999",13,"6 Never married","1 Yes","0 No","70",60,0,40,"0 No",60,40,12,"Harris"
"2619","Male",49,"42 Pennsylvania","10 35,000 to 39,999",9,"1 Married (spouse lives with me)","1 Yes","0 No","100",0,100,0,"1 Yes",5,95,10,"Trump"
"2620","Male",27,"9 Connecticut","4 10,000 to 12,499",10,"6 Never married","1 Yes","0 No","100",100,NA,NA,"0 No",80,0,4,"Harris"
"2621","Male",72,"36 New York","4 10,000 to 12,499",10,"6 Never married","1 Yes","0 No","75",30,60,10,"1 Yes",35,55,4,"Trump"
"2622","Female",35,"13 Georgia","15 100,000 to 149,999",14,"1 Married (spouse lives with me)","1 Yes","1 Yes","100",100,NA,NA,"1 Yes",100,0,15,"Harris"
"2623","Female",45,"42 Pennsylvania","16 150,000 or more",13,"1 Married (spouse lives with me)","1 Yes","1 Yes","100",100,0,0,"1 Yes",75,0,16,"Harris"
"2624","Female",48,"36 New York","15 100,000 to 149,999",9,"1 Married (spouse lives with me)","1 Yes","1 Yes","70",50,50,NA,"1 Yes",30,70,15,"Trump"
"2625","Male",70,"26 Michigan","15 100,000 to 149,999",13,"1 Married (spouse lives with me)","1 Yes","0 No","100",NA,NA,NA,"1 Yes",100,0,15,NA
"2626","Female",36,"36 New York","5 12,500 to 14,999",12,"6 Never married","1 Yes","1 Yes","100",100,NA,NA,"1 Yes",95,5,5,"Harris"
"2627","Female",65,"13 Georgia","1 Less than $5,000",8,"1 Married (spouse lives with me)","1 Yes","0 No","50",100,NA,NA,"0 No",100,0,1,"Harris"
"2628","Female",26,"51 Virginia","13 60,000 to 74,999",9,"6 Never married","1 Yes","1 Yes","100",100,0,0,"0 No",85,5,13,"Harris"
"2629","Female",67,"25 Massachusetts","7 20,000 to 24,999",12,"4 Divorced","1 Yes","1 Yes","44",50,50,0,"1 Yes",48,50,7,"Trump"
"2630","Male",73,"13 Georgia","12 50,000 to 59,999",16,"1 Married (spouse lives with me)","1 Yes","0 No","100",NA,NA,NA,"0 No",90,10,12,NA
"2631","Male",37,"13 Georgia","16 150,000 or more",14,"1 Married (spouse lives with me)","1 Yes","1 Yes","90",100,NA,NA,"0 No",100,0,16,"Harris"
"2632","Female",34,"42 Pennsylvania","3 7,500 to 9,999",12,"6 Never married","1 Yes","1 Yes","0",50,25,25,"0 No",NA,NA,3,"Harris"
"2633","Male",37,"51 Virginia","10 35,000 to 39,999",10,"2 Married (spouse lives elsewhere)","1 Yes","1 Yes","99",100,0,NA,"1 Yes",99,1,10,"Harris"
"2634","Male",61,"13 Georgia","14 75,000 to 99,999",14,"6 Never married","1 Yes","0 No","100",NA,NA,NA,"1 Yes",99,1,14,NA
"2635","Male",65,"9 Connecticut","15 100,000 to 149,999",14,"1 Married (spouse lives with me)","1 Yes","0 No","100",NA,NA,NA,"1 Yes",80,20,15,NA
"2636","Male",61,"12 Florida","14 75,000 to 99,999",8,"4 Divorced","1 Yes","1 Yes","100",NA,100,NA,"1 Yes",0,100,14,"Trump"
"2637","Female",60,"13 Georgia","12 50,000 to 59,999",9,"1 Married (spouse lives with me)","1 Yes","1 Yes","100",0,100,0,"1 Yes",9,91,12,"Trump"
"2638","Female",20,"12 Florida","13 60,000 to 74,999",9,"6 Never married","1 Yes","1 Yes","65",100,NA,NA,"0 No",100,0,13,"Harris"
"2639","Female",36,"42 Pennsylvania","2 5,000 to 7,499",9,"6 Never married","1 Yes","1 Yes","100",NA,100,NA,"1 Yes",40,60,2,"Trump"
"2640","Female",63,"37 North Carolina","14 75,000 to 99,999",13,"4 Divorced","1 Yes","1 Yes","100",NA,NA,NA,"1 Yes",30,70,14,NA
"2641","Male",55,"42 Pennsylvania","16 150,000 or more",14,"1 Married (spouse lives with me)","1 Yes","1 Yes","100",NA,NA,NA,"1 Yes",40,60,16,NA
"2642","Female",28,"24 Maryland","16 150,000 or more",13,"6 Never married","1 Yes","1 Yes","85",75,15,10,"1 Yes",45,50,16,"Harris"
"2643","Female",55,"45 South Carolina","8 25,000 to 2,999",10,"4 Divorced","1 Yes","0 No","100",100,0,0,"1 Yes",NA,NA,8,"Harris"
"2644","Female",48,"26 Michigan","10 35,000 to 39,999",10,"6 Never married","1 Yes","0 No","100",100,NA,NA,"0 No",100,0,10,"Harris"
"2645","Female",30,"42 Pennsylvania","9 30,000 to 34,999",10,"6 Never married","1 Yes","0 No","100",100,0,NA,"0 No",100,0,9,"Harris"
"2646","Female",58,"42 Pennsylvania","10 35,000 to 39,999",9,"6 Never married","1 Yes","1 Yes","100",50,50,0,"1 Yes",50,50,10,"Trump"
"2647","Male",37,"12 Florida","14 75,000 to 99,999",9,"1 Married (spouse lives with me)","1 Yes","1 Yes","60",0,0,100,"0 No",50,50,14,"Other"
"2648","Female",56,"42 Pennsylvania","16 150,000 or more",13,"1 Married (spouse lives with me)","1 Yes","1 Yes","100",0,100,0,"1 Yes",30,70,16,"Trump"
"2649","Male",36,"26 Michigan","14 75,000 to 99,999",13,"6 Never married","1 Yes","1 Yes","100",NA,NA,NA,"1 Yes",75,25,14,NA
"2650","Male",34,"26 Michigan","14 75,000 to 99,999",13,"6 Never married","1 Yes","1 Yes","100",NA,NA,NA,"1 Yes",100,0,14,NA
"2651","Male",42,"36 New York","16 150,000 or more",13,"1 Married (spouse lives with me)","1 Yes","1 Yes","100",100,0,0,"1 Yes",89,10,16,"Harris"
"2652","Female",36,"26 Michigan","15 100,000 to 149,999",13,"1 Married (spouse lives with me)","1 Yes","1 Yes","100",20,0,80,"0 No",99,0,15,"Other"
"2653","Female",55,"12 Florida","11 40,000 to 49,999",9,"1 Married (spouse lives with me)","1 Yes","1 Yes",".a",NA,NA,NA,"1 Yes",NA,NA,11,NA
"2654","Female",64,"37 North Carolina","16 150,000 or more",13,"5 Widowed","1 Yes","0 No","50",50,50,NA,"1 Yes",80,20,16,"Trump"
"2655","Female",47,"26 Michigan","12 50,000 to 59,999",12,"6 Never married","1 Yes","1 Yes","100",NA,NA,NA,"0 No",100,0,12,NA
"2656","Female",65,"13 Georgia","10 35,000 to 39,999",10,"6 Never married","1 Yes","1 Yes","20",100,0,NA,"0 No",100,0,10,"Harris"
"2657","Female",71,"39 Ohio","9 30,000 to 34,999",12,"4 Divorced","1 Yes","0 No","100",100,NA,NA,"1 Yes",50,50,9,"Harris"
"2658","Female",67,"37 North Carolina","13 60,000 to 74,999",13,"1 Married (spouse lives with me)","1 Yes","0 No","100",100,0,0,"1 Yes",100,0,13,"Harris"
"2659","Female",29,"12 Florida","1 Less than $5,000",9,"6 Never married","1 Yes","0 No","5",0,0,100,"0 No",15,0,1,"Other"
"2660","Male",65,"24 Maryland","7 20,000 to 24,999",10,"4 Divorced","1 Yes","0 No","100",100,0,0,"0 No",95,0,7,"Harris"
"2661","Female",38,"42 Pennsylvania","15 100,000 to 149,999",13,"1 Married (spouse lives with me)","1 Yes","1 Yes","100",NA,NA,NA,"1 Yes",80,20,15,NA
"2662","Male",45,"51 Virginia","15 100,000 to 149,999",12,"6 Never married","1 Yes","1 Yes","100",100,0,NA,"0 No",100,0,15,"Harris"
"2663","Male",69,"45 South Carolina","6 15,000 to 19,999",9,"3 Separated","1 Yes","1 Yes","100",100,0,0,"0 No",52,48,6,"Harris"
"2664","Female",35,"13 Georgia","16 150,000 or more",13,"1 Married (spouse lives with me)","1 Yes","1 Yes","100",90,10,NA,"0 No",50,50,16,"Harris"
"2665","Female",61,"25 Massachusetts","14 75,000 to 99,999",14,"1 Married (spouse lives with me)","1 Yes","1 Yes","100",100,NA,NA,"1 Yes",90,10,14,"Harris"
"2666","Male",52,"37 North Carolina","15 100,000 to 149,999",14,"1 Married (spouse lives with me)","1 Yes","1 Yes","100",100,NA,NA,"1 Yes",95,5,15,"Harris"
"2667","Male",45,"42 Pennsylvania","14 75,000 to 99,999",9,"1 Married (spouse lives with me)","1 Yes","1 Yes","0",75,25,NA,"1 Yes",50,50,14,"Harris"
"2668","Female",60,"18 Indiana","11 40,000 to 49,999",9,"2 Married (spouse lives elsewhere)","1 Yes","1 Yes","50",100,NA,NA,"0 No",100,0,11,"Harris"
"2669","Male",76,"34 New Jersey","13 60,000 to 74,999",13,"1 Married (spouse lives with me)","1 Yes","1 Yes","100",NA,NA,NA,"1 Yes",95,5,13,NA
"2670","Female",54,"37 North Carolina","7 20,000 to 24,999",12,"6 Never married","1 Yes","1 Yes","100",NA,NA,NA,"0 No",94,2,7,NA
"2671","Female",32,"37 North Carolina","16 150,000 or more",12,"1 Married (spouse lives with me)","1 Yes","1 Yes","100",100,0,0,"1 Yes",90,10,16,"Harris"
"2672","Female",50,"36 New York","14 75,000 to 99,999",14,"4 Divorced","1 Yes","1 Yes","100",NA,NA,NA,"0 No",100,0,14,NA
"2673","Male",60,"36 New York","16 150,000 or more",11,"1 Married (spouse lives with me)","1 Yes","1 Yes","100",100,0,0,"1 Yes",80,20,16,"Harris"
"2674","Female",50,"34 New Jersey","15 100,000 to 149,999",13,"1 Married (spouse lives with me)","1 Yes","0 No","100",100,NA,NA,"0 No",50,50,15,"Harris"
"2675","Female",43,"25 Massachusetts","15 100,000 to 149,999",14,"1 Married (spouse lives with me)","1 Yes","1 Yes","100",NA,NA,NA,"1 Yes",90,10,15,NA
"2676","Male",86,"12 Florida","13 60,000 to 74,999",10,"1 Married (spouse lives with me)","1 Yes","0 No","100",NA,NA,NA,"1 Yes",35,60,13,NA
"2677","Female",32,"26 Michigan","12 50,000 to 59,999",10,"6 Never married","1 Yes","1 Yes","75",0,50,50,"1 Yes",80,10,12,"Trump"
"2678","Female",34,"24 Maryland","14 75,000 to 99,999",14,"1 Married (spouse lives with me)","1 Yes","1 Yes","100",NA,NA,NA,"1 Yes",99,0,14,NA
"2679","Male",25,"26 Michigan","11 40,000 to 49,999",13,"6 Never married","1 Yes","1 Yes","95",55,45,0,"1 Yes",45,55,11,"Harris"
"2680","Female",56,"34 New Jersey","10 35,000 to 39,999",9,"1 Married (spouse lives with me)","1 Yes","0 No","100",NA,NA,NA,"1 Yes",60,40,10,NA
"2681","Male",72,"13 Georgia","11 40,000 to 49,999",10,"4 Divorced","1 Yes","1 Yes","100",NA,NA,NA,"1 Yes",48,52,11,NA
"2682","Male",53,"13 Georgia","9 30,000 to 34,999",13,"6 Never married","1 Yes","1 Yes","100",NA,NA,NA,"0 No",100,0,9,NA
"2683","Female",70,"9 Connecticut","8 25,000 to 2,999",10,"5 Widowed","1 Yes","0 No","100",100,0,NA,"1 Yes",90,10,8,"Harris"
"2684","Female",54,"13 Georgia","14 75,000 to 99,999",10,"1 Married (spouse lives with me)","1 Yes","0 No","100",100,0,NA,"1 Yes",35,64,14,"Harris"
"2685","Female",62,"42 Pennsylvania","14 75,000 to 99,999",10,"6 Never married","1 Yes","1 Yes","100",100,NA,NA,"1 Yes",95,5,14,"Harris"
"2686","Female",33,"51 Virginia","16 150,000 or more",14,"6 Never married","1 Yes","1 Yes","100",5,85,10,"0 No",50,50,16,"Trump"
"2687","Female",43,"12 Florida","15 100,000 to 149,999",14,"6 Never married","1 Yes","1 Yes","100",100,NA,NA,"1 Yes",100,0,15,"Harris"
"2688","Female",64,"34 New Jersey","15 100,000 to 149,999",13,"1 Married (spouse lives with me)","1 Yes","1 Yes","100",0,100,0,"1 Yes",30,70,15,"Trump"
"2689","Female",69,"39 Ohio","13 60,000 to 74,999",11,"4 Divorced","1 Yes","0 No","0",0,0,100,"0 No",100,0,13,"Other"
"2690","Female",48,"13 Georgia","13 60,000 to 74,999",10,"1 Married (spouse lives with me)","1 Yes","1 Yes","100",NA,NA,NA,"0 No",0,0,13,NA
"2691","Male",47,"42 Pennsylvania","10 35,000 to 39,999",9,"1 Married (spouse lives with me)","1 Yes","0 No","0",100,NA,NA,".e",100,0,10,"Harris"
"2692","Female",38,"33 New Hampshire","16 150,000 or more",16,"1 Married (spouse lives with me)","1 Yes","1 Yes","100",100,NA,NA,"1 Yes",100,0,16,"Harris"
"2693","Female",52,"26 Michigan","14 75,000 to 99,999",13,"1 Married (spouse lives with me)","1 Yes","1 Yes","100",100,NA,NA,"0 No",65,35,14,"Harris"
"2694","Male",69,"37 North Carolina","13 60,000 to 74,999",10,"1 Married (spouse lives with me)","1 Yes","0 No","100",NA,NA,NA,"1 Yes",0,100,13,NA
"2695","Female",56,"44 Rhode Island","11 40,000 to 49,999",14,"4 Divorced","1 Yes","1 Yes","100",100,0,0,"1 Yes",98,2,11,"Harris"
"2696","Male",68,"37 North Carolina","9 30,000 to 34,999",10,"4 Divorced","1 Yes","0 No","100",NA,NA,NA,"0 No",90,10,9,NA
"2697","Female",45,"34 New Jersey","16 150,000 or more",13,"1 Married (spouse lives with me)","1 Yes","1 Yes","100",50,0,50,"1 Yes",60,30,16,"Harris"
"2698","Female",55,"12 Florida","14 75,000 to 99,999",14,"6 Never married","1 Yes","1 Yes","100",NA,NA,NA,"1 Yes",56,40,14,NA
"2699","Female",58,"26 Michigan","10 35,000 to 39,999",10,"1 Married (spouse lives with me)","1 Yes","1 Yes","60",0,100,0,"1 Yes",0,100,10,"Trump"
"2700","Female",32,"13 Georgia","11 40,000 to 49,999",10,"1 Married (spouse lives with me)","1 Yes","1 Yes","100",100,0,0,"0 No",100,0,11,"Harris"
"2701","Female",57,"26 Michigan","11 40,000 to 49,999",10,"4 Divorced","1 Yes","1 Yes","100",NA,100,NA,"1 Yes",2,98,11,"Trump"
"2702","Female",42,"36 New York","15 100,000 to 149,999",10,"1 Married (spouse lives with me)","1 Yes","0 No","100",100,0,0,"1 Yes",100,0,15,"Harris"
"2703","Female",44,"13 Georgia","16 150,000 or more",16,"1 Married (spouse lives with me)","1 Yes","1 Yes","100",NA,NA,NA,"1 Yes",100,0,16,NA
"2704","Female",33,"36 New York","8 25,000 to 2,999",10,"6 Never married","1 Yes","1 Yes","50",40,40,20,"0 No",50,25,8,"Trump"
"2705","Female",47,"12 Florida","11 40,000 to 49,999",10,"6 Never married","1 Yes","1 Yes","100",0,100,NA,"1 Yes",0,100,11,"Trump"
"2706","Female",77,"23 Maine","6 15,000 to 19,999",12,"4 Divorced","1 Yes","0 No","100",NA,NA,NA,"1 Yes",70,25,6,NA
"2707","Female",31,"39 Ohio","14 75,000 to 99,999",10,"6 Never married","1 Yes","1 Yes","100",0,100,0,"0 No",80,20,14,"Trump"
"2708","Female",58,"12 Florida","15 100,000 to 149,999",13,"1 Married (spouse lives with me)","1 Yes","1 Yes","100",100,NA,NA,"0 No",90,10,15,"Harris"
"2709","Female",59,"13 Georgia","1 Less than $5,000",10,"6 Never married","1 Yes","0 No","10",50,50,NA,"0 No",50,50,1,"Trump"
"2710","Female",30,"13 Georgia","16 150,000 or more",14,"4 Divorced","1 Yes","1 Yes","100",NA,NA,NA,"1 Yes",5,95,16,NA
"2711","Female",27,"36 New York","8 25,000 to 2,999",9,"6 Never married","1 Yes","0 No","100",100,0,0,"0 No",100,0,8,"Harris"
"2712","Female",76,"26 Michigan","14 75,000 to 99,999",13,"4 Divorced","1 Yes","1 Yes","100",NA,100,NA,"1 Yes",0,100,14,"Trump"
"2713","Female",46,"24 Maryland","14 75,000 to 99,999",13,"6 Never married","1 Yes","1 Yes",".a",NA,NA,NA,"0 No",NA,NA,14,NA
"2714","Female",64,"12 Florida","7 20,000 to 24,999",10,"4 Divorced","1 Yes","0 No","100",100,NA,NA,"0 No",100,0,7,"Harris"
"2715","Female",31,"13 Georgia","9 30,000 to 34,999",9,"6 Never married","1 Yes","0 No","50",90,0,10,"1 Yes",70,10,9,"Harris"
"2716","Female",76,"51 Virginia","16 150,000 or more",13,"1 Married (spouse lives with me)","1 Yes","0 No","100",NA,NA,NA,"1 Yes",80,20,16,NA
"2717","Female",47,"42 Pennsylvania","16 150,000 or more",15,"4 Divorced","1 Yes","1 Yes","100",100,NA,NA,"0 No",100,0,16,"Harris"
"2718","Female",45,"34 New Jersey","13 60,000 to 74,999",10,"1 Married (spouse lives with me)","1 Yes","1 Yes","100",100,NA,NA,"1 Yes",80,20,13,"Harris"
"2719","Female",48,"13 Georgia","16 150,000 or more",11,"1 Married (spouse lives with me)","1 Yes","1 Yes","50",50,50,NA,"1 Yes",50,50,16,"Trump"
"2720","Male",69,"37 North Carolina","13 60,000 to 74,999",14,"6 Never married","1 Yes","0 No","100",NA,NA,NA,"1 Yes",49,51,13,NA
"2721","Male",27,"37 North Carolina","13 60,000 to 74,999",13,"6 Never married","1 Yes","1 Yes","100",40,60,NA,"1 Yes",50,50,13,"Trump"
"2722","Male",28,"13 Georgia","7 20,000 to 24,999",14,"6 Never married","1 Yes","0 No","0",0,0,100,"0 No",50,50,7,"Other"
"2723","Female",57,"13 Georgia","13 60,000 to 74,999",13,"4 Divorced","1 Yes","1 Yes","100",100,NA,NA,"1 Yes",89,11,13,"Harris"
"2724","Female",19,"13 Georgia","15 100,000 to 149,999",10,"6 Never married","1 Yes","1 Yes","100",NA,NA,NA,"1 Yes",10,90,15,NA
"2725","Male",66,"24 Maryland","16 150,000 or more",13,"1 Married (spouse lives with me)","1 Yes","0 No","100",100,0,0,"0 No",80,20,16,"Harris"
"2726","Female",67,"42 Pennsylvania","15 100,000 to 149,999",14,"1 Married (spouse lives with me)","1 Yes","1 Yes","100",0,100,0,"1 Yes",5,95,15,"Trump"
"2727","Female",63,"26 Michigan","12 50,000 to 59,999",9,"4 Divorced","1 Yes","1 Yes","100",NA,NA,NA,"0 No",100,0,12,NA
"2728","Female",35,"25 Massachusetts","1 Less than $5,000",10,"6 Never married","1 Yes","1 Yes","0",60,30,10,"1 Yes",40,50,1,"Harris"
"2729","Male",27,"42 Pennsylvania","16 150,000 or more",13,"1 Married (spouse lives with me)","1 Yes","1 Yes","100",NA,NA,NA,"0 No",100,0,16,NA
"2730","Male",81,"13 Georgia","11 40,000 to 49,999",12,"4 Divorced","1 Yes","0 No","100",NA,NA,NA,"1 Yes",0,100,11,NA
"2731","Female",46,"13 Georgia","14 75,000 to 99,999",11,"1 Married (spouse lives with me)","1 Yes","1 Yes","100",0,100,0,"1 Yes",2,98,14,"Trump"
"2732","Female",66,"24 Maryland","16 150,000 or more",13,"1 Married (spouse lives with me)","1 Yes","0 No","100",100,0,0,"1 Yes",94,5,16,"Harris"
"2733","Male",59,"36 New York","4 10,000 to 12,499",9,"4 Divorced","1 Yes","0 No",".e",0,100,0,"0 No",0,100,4,"Trump"
"2734","Female",67,"24 Maryland","13 60,000 to 74,999",13,"4 Divorced","1 Yes","0 No","100",0,100,0,"1 Yes",40,60,13,"Trump"
"2735","Female",54,"36 New York","13 60,000 to 74,999",12,"6 Never married","1 Yes","1 Yes","100",NA,NA,NA,"0 No",35,65,13,NA
"2736","Male",78,"12 Florida","16 150,000 or more",13,"1 Married (spouse lives with me)","1 Yes","0 No","100",NA,100,NA,"1 Yes",10,90,16,"Trump"
"2737","Male",27,"36 New York","12 50,000 to 59,999",13,"6 Never married","1 Yes","1 Yes","50",0,0,100,"0 No",30,30,12,"Other"
"2738","Female",29,"42 Pennsylvania","15 100,000 to 149,999",13,"4 Divorced","1 Yes","1 Yes","100",NA,NA,NA,"0 No",80,15,15,NA
"2739","Female",35,"13 Georgia","4 10,000 to 12,499",9,"6 Never married","1 Yes","1 Yes","2",100,0,0,"0 No",100,0,4,"Harris"
"2740","Male",68,"42 Pennsylvania","7 20,000 to 24,999",14,"4 Divorced","1 Yes","0 No","100",100,NA,NA,"0 No",100,0,7,"Harris"
"2741","Male",40,"42 Pennsylvania","12 50,000 to 59,999",13,"1 Married (spouse lives with me)","1 Yes","1 Yes","100",NA,NA,NA,"1 Yes",96,2,12,NA
"2742","Female",42,"51 Virginia","16 150,000 or more",14,"1 Married (spouse lives with me)","1 Yes","0 No","100",NA,NA,NA,"1 Yes",20,75,16,NA
"2743","Female",70,"51 Virginia","15 100,000 to 149,999",10,"4 Divorced","1 Yes","1 Yes","100",NA,NA,NA,"0 No",100,0,15,NA
"2744","Female",47,"36 New York","1 Less than $5,000",14,"4 Divorced","1 Yes","0 No","100",NA,100,NA,"1 Yes",10,90,1,"Trump"
"2745","Female",30,"42 Pennsylvania","16 150,000 or more",13,"6 Never married","1 Yes","1 Yes","100",50,0,50,"1 Yes",50,50,16,"Harris"
"2746","Female",49,"25 Massachusetts","8 25,000 to 2,999",9,"1 Married (spouse lives with me)","1 Yes","0 No","100",0,100,0,"1 Yes",45,50,8,"Trump"
"2747","Male",86,"9 Connecticut","14 75,000 to 99,999",16,"5 Widowed","1 Yes","0 No","100",100,NA,NA,"1 Yes",60,40,14,"Harris"
"2748","Female",61,"26 Michigan","2 5,000 to 7,499",13,"4 Divorced","1 Yes","1 Yes","100",NA,NA,NA,"1 Yes",45,30,2,NA
"2749","Female",40,"20 Kansas","7 20,000 to 24,999",9,"6 Never married","1 Yes","1 Yes","100",NA,100,NA,"1 Yes",20,80,7,"Trump"
"2750","Female",32,"17 Illinois","16 150,000 or more",13,"1 Married (spouse lives with me)","1 Yes","1 Yes","100",NA,NA,NA,"1 Yes",80,20,16,NA
"2751","Female",49,"17 Illinois","16 150,000 or more",14,"2 Married (spouse lives elsewhere)","1 Yes","1 Yes","100",100,NA,NA,"1 Yes",50,10,16,"Harris"
"2752","Female",72,"48 Texas","11 40,000 to 49,999",11,"1 Married (spouse lives with me)","1 Yes","0 No","100",NA,100,NA,"1 Yes",25,50,11,"Trump"
"2753","Female",22,"48 Texas","7 20,000 to 24,999",9,"1 Married (spouse lives with me)","1 Yes","0 No","80",NA,100,NA,"1 Yes",50,50,7,"Trump"
"2754","Female",40,"48 Texas","10 35,000 to 39,999",10,"2 Married (spouse lives elsewhere)","1 Yes","1 Yes","100",0,100,0,"0 No",50,50,10,"Trump"
"2755","Male",44,"40 Oklahoma","16 150,000 or more",14,"1 Married (spouse lives with me)","1 Yes","1 Yes","100",100,0,0,"1 Yes",70,30,16,"Harris"
"2756","Male",61,"48 Texas","7 20,000 to 24,999",10,"6 Never married","1 Yes","0 No","100",100,NA,NA,"0 No",100,0,7,"Harris"
"2757","Male",57,"17 Illinois","12 50,000 to 59,999",15,"4 Divorced","1 Yes","0 No","100",NA,NA,NA,"1 Yes",90,10,12,NA
"2758","Female",37,"48 Texas","14 75,000 to 99,999",9,"1 Married (spouse lives with me)","1 Yes","0 No","100",NA,100,NA,"1 Yes",5,95,14,"Trump"
"2759","Female",51,"48 Texas","5 12,500 to 14,999",10,"5 Widowed","1 Yes","0 No","100",100,NA,NA,"0 No",100,0,5,"Harris"
"2760","Female",40,"17 Illinois","1 Less than $5,000",9,"6 Never married","1 Yes","0 No","100",90,10,NA,"0 No",90,10,1,"Harris"
"2761","Female",44,"5 Arkansas","10 35,000 to 39,999",14,"6 Never married","1 Yes","1 Yes","100",0,100,0,"1 Yes",10,90,10,"Trump"
"2762","Female",50,"28 Mississippi","9 30,000 to 34,999",9,"1 Married (spouse lives with me)","1 Yes","1 Yes","50",50,35,15,"0 No",50,48,9,"Harris"
"2763","Female",68,"47 Tennessee","7 20,000 to 24,999",13,"4 Divorced","1 Yes","0 No","100",NA,NA,NA,"1 Yes",30,60,7,NA
"2764","Male",56,"28 Mississippi","14 75,000 to 99,999",13,"1 Married (spouse lives with me)","1 Yes","1 Yes","100",0,100,0,"1 Yes",5,95,14,"Trump"
"2765","Female",28,"48 Texas","13 60,000 to 74,999",10,"6 Never married","1 Yes","1 Yes","100",50,50,0,"1 Yes",75,25,13,"Trump"
"2766","Male",56,"28 Mississippi","14 75,000 to 99,999",11,"4 Divorced","1 Yes","1 Yes","100",NA,NA,NA,"1 Yes",0,95,14,NA
"2767","Female",62,"47 Tennessee","4 10,000 to 12,499",9,"3 Separated","1 Yes","0 No","100",100,0,0,"0 No",100,0,4,"Harris"
"2768","Female",42,"48 Texas","6 15,000 to 19,999",10,"4 Divorced","1 Yes","1 Yes","100",NA,NA,NA,"1 Yes",25,75,6,NA
"2769","Female",32,"1 Alabama","9 30,000 to 34,999",9,"4 Divorced","1 Yes","1 Yes","100",NA,100,NA,"1 Yes",0,100,9,"Trump"
"2770","Male",53,"5 Arkansas","6 15,000 to 19,999",14,"4 Divorced","1 Yes","1 Yes","100",100,0,0,"1 Yes",60,40,6,"Harris"
"2771","Male",43,"48 Texas","1 Less than $5,000",4,"4 Divorced","1 Yes","0 No","100",42,29,29,"0 No",42,29,1,"Harris"
"2772","Male",37,"48 Texas","1 Less than $5,000",9,"6 Never married","1 Yes","1 Yes","0",100,0,0,"1 Yes",100,0,1,"Harris"
"2773","Female",69,"5 Arkansas","15 100,000 to 149,999",13,"1 Married (spouse lives with me)","1 Yes","0 No","100",NA,NA,NA,"1 Yes",85,15,15,NA
"2774","Female",19,"48 Texas","9 30,000 to 34,999",9,"6 Never married","1 Yes","0 No","10",90,10,0,"1 Yes",90,10,9,"Harris"
"2775","Male",74,"5 Arkansas","7 20,000 to 24,999",10,"4 Divorced","1 Yes","0 No","0",100,0,NA,"1 Yes",50,50,7,"Harris"
"2776","Female",68,"55 Wisconsin","14 75,000 to 99,999",14,"1 Married (spouse lives with me)","1 Yes","0 No","100",100,0,0,"1 Yes",95,5,14,"Harris"
"2777","Male",61,"17 Illinois","16 150,000 or more",12,"1 Married (spouse lives with me)","1 Yes","1 Yes","100",NA,NA,NA,"1 Yes",100,0,16,NA
"2778","Male",57,"22 Louisiana","11 40,000 to 49,999",10,"1 Married (spouse lives with me)","1 Yes","1 Yes","100",100,NA,NA,"1 Yes",99,1,11,"Harris"
"2779","Female",68,"55 Wisconsin","15 100,000 to 149,999",14,"1 Married (spouse lives with me)","1 Yes","0 No","100",NA,NA,NA,"1 Yes",25,70,15,NA
"2780","Female",41,"17 Illinois","8 25,000 to 2,999",13,"6 Never married","1 Yes","1 Yes","100",100,NA,NA,"1 Yes",85,15,8,"Harris"
"2781","Female",29,"1 Alabama","13 60,000 to 74,999",11,"1 Married (spouse lives with me)","1 Yes","1 Yes","100",0,100,0,"1 Yes",25,70,13,"Trump"
"2782","Female",52,"48 Texas","12 50,000 to 59,999",13,"6 Never married","1 Yes","1 Yes","100",100,NA,NA,"1 Yes",80,20,12,"Harris"
"2783","Female",46,"40 Oklahoma","15 100,000 to 149,999",14,"1 Married (spouse lives with me)","1 Yes","1 Yes","100",100,0,0,"1 Yes",60,38,15,"Harris"
"2784","Female",32,"55 Wisconsin","7 20,000 to 24,999",13,"6 Never married","1 Yes","1 Yes","100",100,0,0,"1 Yes",100,0,7,"Harris"
"2785","Female",61,"48 Texas","13 60,000 to 74,999",9,"1 Married (spouse lives with me)","1 Yes","1 Yes","1",NA,100,NA,"1 Yes",30,70,13,"Trump"
"2786","Female",24,"28 Mississippi","1 Less than $5,000",10,"6 Never married","1 Yes","0 No","100",NA,NA,NA,"0 No",100,0,1,NA
"2787","Female",39,"55 Wisconsin","12 50,000 to 59,999",11,"1 Married (spouse lives with me)","1 Yes","1 Yes",".a",NA,NA,NA,"1 Yes",NA,NA,12,NA
"2788","Female",43,"29 Missouri","15 100,000 to 149,999",14,"1 Married (spouse lives with me)","1 Yes","1 Yes","100",100,NA,NA,"1 Yes",60,40,15,"Harris"
"2789","Male",59,"27 Minnesota","15 100,000 to 149,999",11,"1 Married (spouse lives with me)","1 Yes","1 Yes","100",NA,100,NA,"1 Yes",10,90,15,"Trump"
"2790","Female",65,"48 Texas","10 35,000 to 39,999",16,"4 Divorced","1 Yes","0 No","100",100,NA,NA,"1 Yes",100,0,10,"Harris"
"2791","Male",64,"5 Arkansas","11 40,000 to 49,999",10,"1 Married (spouse lives with me)","1 Yes","0 No","100",100,0,0,"0 No",100,0,11,"Harris"
"2792","Female",63,"48 Texas","6 15,000 to 19,999",10,"4 Divorced","1 Yes","0 No","100",100,0,0,"0 No",100,0,6,"Harris"
"2793","Male",67,"47 Tennessee","16 150,000 or more",13,"2 Married (spouse lives elsewhere)","1 Yes","1 Yes","100",100,NA,NA,"1 Yes",50,50,16,"Harris"
"2794","Female",39,"48 Texas","12 50,000 to 59,999",12,"1 Married (spouse lives with me)","1 Yes","1 Yes","100",NA,NA,NA,"1 Yes",75,25,12,NA
"2795","Female",40,"48 Texas","16 150,000 or more",15,"1 Married (spouse lives with me)","1 Yes","1 Yes","99",100,0,0,"1 Yes",60,40,16,"Harris"
"2796","Female",70,"1 Alabama","1 Less than $5,000",9,"2 Married (spouse lives elsewhere)","1 Yes","0 No","100",100,NA,NA,"0 No",100,0,1,"Harris"
"2797","Female",64,"1 Alabama","6 15,000 to 19,999",11,"5 Widowed","1 Yes","0 No","100",100,0,0,"0 No",100,0,6,"Harris"
"2798","Male",60,"1 Alabama","3 7,500 to 9,999",10,"6 Never married","1 Yes","1 Yes","100",100,0,0,"1 Yes",NA,NA,3,"Harris"
"2799","Female",70,"22 Louisiana","10 35,000 to 39,999",9,"4 Divorced","1 Yes","1 Yes","100",NA,100,NA,"1 Yes",10,85,10,"Trump"
"2800","Male",28,"48 Texas","16 150,000 or more",14,"6 Never married","1 Yes","0 No","100",100,NA,NA,"1 Yes",40,40,16,"Harris"
"2801","Female",21,"48 Texas","11 40,000 to 49,999",9,"6 Never married","1 Yes","1 Yes","100",100,NA,NA,"1 Yes",100,0,11,"Harris"
"2802","Male",70,"55 Wisconsin","10 35,000 to 39,999",13,"4 Divorced","1 Yes","0 No","100",NA,NA,NA,"1 Yes",90,10,10,NA
"2803","Male",57,"47 Tennessee","8 25,000 to 2,999",9,"6 Never married","1 Yes","1 Yes","0",0,52,48,"1 Yes",2,48,8,"Trump"
"2804","Female",36,"47 Tennessee","1 Less than $5,000",10,"3 Separated","1 Yes","1 Yes","0",50,50,NA,"1 Yes",30,70,1,"Trump"
"2805","Female",42,"40 Oklahoma","16 150,000 or more",13,"1 Married (spouse lives with me)","1 Yes","1 Yes","100",0,100,0,"1 Yes",15,85,16,"Trump"
"2806","Female",68,"17 Illinois","1 Less than $5,000",10,"6 Never married","1 Yes","0 No","100",100,0,0,"0 No",99,1,1,"Harris"
"2807","Male",27,"48 Texas","7 20,000 to 24,999",10,"1 Married (spouse lives with me)","1 Yes","1 Yes","0",0,0,100,"1 Yes",0,0,7,"Other"
"2808","Female",86,"29 Missouri","12 50,000 to 59,999",10,"5 Widowed","1 Yes","0 No","100",NA,NA,NA,"1 Yes",19,80,12,NA
"2809","Female",67,"55 Wisconsin","7 20,000 to 24,999",10,"6 Never married","1 Yes","0 No","100",100,NA,NA,"0 No",90,0,7,"Harris"
"2810","Female",43,"48 Texas","15 100,000 to 149,999",14,"1 Married (spouse lives with me)","1 Yes","1 Yes","100",0,95,5,"1 Yes",10,80,15,"Trump"
"2811","Female",51,"17 Illinois","16 150,000 or more",13,"1 Married (spouse lives with me)","1 Yes","1 Yes","100",NA,100,NA,"1 Yes",30,70,16,"Trump"
"2812","Female",44,"22 Louisiana","1 Less than $5,000",9,"6 Never married","1 Yes","0 No","0",0,100,0,"1 Yes",0,100,1,"Trump"
"2813","Male",65,"29 Missouri","12 50,000 to 59,999",10,"6 Never married","1 Yes","1 Yes","75",NA,100,NA,"1 Yes",25,75,12,"Trump"
"2814","Male",43,"48 Texas","16 150,000 or more",14,"1 Married (spouse lives with me)","1 Yes","1 Yes","99",10,90,NA,"1 Yes",50,50,16,"Trump"
"2815","Male",42,"47 Tennessee","12 50,000 to 59,999",8,"6 Never married","1 Yes","0 No","99",0,100,0,"1 Yes",0,98,12,"Trump"
"2816","Female",51,"48 Texas","12 50,000 to 59,999",13,"3 Separated","1 Yes","1 Yes","50",NA,100,NA,"0 No",70,30,12,"Trump"
"2817","Female",30,"48 Texas","1 Less than $5,000",11,"6 Never married","1 Yes","1 Yes","50",100,0,0,"0 No",90,0,1,"Harris"
"2818","Female",38,"48 Texas","8 25,000 to 2,999",13,"1 Married (spouse lives with me)","1 Yes","0 No","90",50,50,0,"0 No",50,50,8,"Trump"
"2819","Female",58,"48 Texas","2 5,000 to 7,499",10,"4 Divorced","1 Yes","0 No","100",NA,NA,NA,"1 Yes",NA,NA,2,NA
"2820","Female",36,"47 Tennessee","7 20,000 to 24,999",12,"6 Never married","1 Yes","1 Yes","50",50,0,50,"1 Yes",NA,NA,7,"Harris"
"2821","Female",25,"28 Mississippi","1 Less than $5,000",6,"6 Never married","1 Yes","0 No","50",75,25,NA,"0 No",50,0,1,"Harris"
"2822","Male",35,"48 Texas","1 Less than $5,000",10,"6 Never married","1 Yes","0 No","100",NA,NA,NA,".e",NA,NA,1,NA
"2823","Female",45,"22 Louisiana","9 30,000 to 34,999",12,"4 Divorced","1 Yes","1 Yes","100",100,0,0,"0 No",90,5,9,"Harris"
"2824","Female",60,"55 Wisconsin","7 20,000 to 24,999",10,"4 Divorced","1 Yes","0 No",".a",NA,NA,NA,"0 No",NA,NA,7,NA
"2825","Female",48,"48 Texas","15 100,000 to 149,999",12,"1 Married (spouse lives with me)","1 Yes","1 Yes","100",100,0,NA,"1 Yes",50,50,15,"Harris"
"2826","Female",41,"40 Oklahoma","14 75,000 to 99,999",10,"1 Married (spouse lives with me)","1 Yes","0 No","100",100,0,0,"1 Yes",35,65,14,"Harris"
"2827","Male",43,"17 Illinois","13 60,000 to 74,999",15,"6 Never married","1 Yes","1 Yes","90",NA,100,NA,"1 Yes",60,40,13,"Trump"
"2828","Female",42,"1 Alabama","13 60,000 to 74,999",12,"3 Separated","1 Yes","1 Yes","100",100,NA,NA,"0 No",100,0,13,"Harris"
"2829","Female",57,"48 Texas","14 75,000 to 99,999",10,"6 Never married","1 Yes","1 Yes","0",0,0,100,"1 Yes",80,20,14,"Other"
"2830","Female",36,"28 Mississippi","8 25,000 to 2,999",11,"6 Never married","1 Yes","1 Yes","100",100,NA,NA,"0 No",25,75,8,"Harris"
"2831","Female",45,"55 Wisconsin","16 150,000 or more",16,"1 Married (spouse lives with me)","1 Yes","1 Yes","100",100,0,NA,"1 Yes",95,5,16,"Harris"
"2832","Male",36,"48 Texas","15 100,000 to 149,999",13,"1 Married (spouse lives with me)","1 Yes","1 Yes","100",20,30,50,"1 Yes",65,20,15,"Other"
"2833","Male",65,"8 Colorado","15 100,000 to 149,999",10,"1 Married (spouse lives with me)","1 Yes","0 No","100",NA,NA,NA,"1 Yes",52,48,15,NA
"2834","Female",29,"27 Minnesota","16 150,000 or more",13,"1 Married (spouse lives with me)","1 Yes","0 No","100",NA,NA,NA,"1 Yes",90,10,16,NA
"2835","Female",71,"17 Illinois","4 10,000 to 12,499",9,"1 Married (spouse lives with me)","1 Yes","0 No","100",NA,NA,NA,"1 Yes",95,5,4,NA
"2836","Female",62,"17 Illinois","1 Less than $5,000",9,"6 Never married","1 Yes","0 No","95",85,10,5,"0 No",100,0,1,"Harris"
"2837","Male",59,"26 Michigan","15 100,000 to 149,999",13,"1 Married (spouse lives with me)","1 Yes","1 Yes","100",100,NA,NA,"1 Yes",60,40,15,"Harris"
"2838","Female",28,"18 Indiana","1 Less than $5,000",9,"6 Never married","1 Yes","0 No","0",25,25,50,"0 No",NA,NA,1,"Other"
"2839","Male",25,"51 Virginia","15 100,000 to 149,999",13,"6 Never married","1 Yes","1 Yes","100",NA,NA,NA,"1 Yes",65,35,15,NA
"2840","Female",29,"48 Texas","1 Less than $5,000",12,"1 Married (spouse lives with me)","1 Yes","0 No","100",NA,NA,NA,"0 No",25,50,1,NA
"2841","Female",37,"22 Louisiana","8 25,000 to 2,999",9,"1 Married (spouse lives with me)","1 Yes","1 Yes","60",0,100,0,"1 Yes",0,100,8,"Trump"
"2842","Female",53,"48 Texas","6 15,000 to 19,999",9,"2 Married (spouse lives elsewhere)","1 Yes","0 No","0",50,0,50,"1 Yes",NA,NA,6,"Harris"
"2843","Male",24,"17 Illinois","10 35,000 to 39,999",10,"1 Married (spouse lives with me)","1 Yes","1 Yes","100",50,50,0,"0 No",40,60,10,"Trump"
"2844","Female",29,"48 Texas","16 150,000 or more",10,"1 Married (spouse lives with me)","1 Yes","1 Yes","80",0,0,100,"1 Yes",50,50,16,"Other"
"2845","Female",54,"17 Illinois","14 75,000 to 99,999",13,"1 Married (spouse lives with me)","1 Yes","0 No","100",100,NA,NA,"0 No",50,50,14,"Harris"
"2846","Male",55,"17 Illinois","2 5,000 to 7,499",9,"6 Never married","1 Yes","0 No","100",NA,NA,NA,"0 No",0,100,2,NA
"2847","Female",43,"55 Wisconsin","5 12,500 to 14,999",10,"6 Never married","1 Yes","0 No","100",NA,NA,NA,"0 No",90,10,5,NA
"2848","Male",65,"17 Illinois","13 60,000 to 74,999",13,"6 Never married","1 Yes","0 No","100",NA,NA,NA,"0 No",75,25,13,NA
"2849","Female",39,"22 Louisiana","7 20,000 to 24,999",10,"1 Married (spouse lives with me)","1 Yes","0 No","80",100,NA,NA,"0 No",100,0,7,"Harris"
"2850","Female",36,"17 Illinois","16 150,000 or more",15,"1 Married (spouse lives with me)","1 Yes","1 Yes","99",100,0,0,"1 Yes",100,0,16,"Harris"
"2851","Male",44,"27 Minnesota","10 35,000 to 39,999",10,"1 Married (spouse lives with me)","1 Yes","1 Yes","95",NA,NA,100,"1 Yes",10,80,10,"Other"
"2852","Female",65,"29 Missouri","8 25,000 to 2,999",10,"5 Widowed","1 Yes","0 No","100",0,100,0,"1 Yes",1,99,8,"Trump"
"2853","Female",28,"53 Washington","16 150,000 or more",13,"1 Married (spouse lives with me)","1 Yes","1 Yes","100",100,0,0,"1 Yes",70,27,16,"Harris"
"2854","Male",59,"4 Arizona","16 150,000 or more",13,"1 Married (spouse lives with me)","1 Yes","1 Yes","100",100,0,NA,"1 Yes",70,30,16,"Harris"
"2855","Female",104,"35 New Mexico","14 75,000 to 99,999",10,"4 Divorced","1 Yes","1 Yes","100",NA,NA,NA,"1 Yes",5,95,14,NA
"2856","Male",58,"21 Kentucky","16 150,000 or more",13,"1 Married (spouse lives with me)","1 Yes","1 Yes","100",NA,NA,NA,"1 Yes",10,90,16,NA
"2857","Female",39,"4 Arizona","15 100,000 to 149,999",10,"1 Married (spouse lives with me)","1 Yes","0 No","100",NA,NA,NA,"1 Yes",50,50,15,NA
"2858","Female",69,"53 Washington","13 60,000 to 74,999",9,"5 Widowed","1 Yes","0 No","100",0,100,NA,"1 Yes",2,98,13,"Trump"
"2859","Female",28,"8 Colorado","13 60,000 to 74,999",13,"6 Never married","1 Yes","1 Yes","100",100,0,0,"1 Yes",100,0,13,"Harris"
"2860","Male",31,"4 Arizona","13 60,000 to 74,999",13,"6 Never married","1 Yes","1 Yes","100",NA,100,NA,"0 No",50,50,13,"Trump"
"2861","Male",60,"35 New Mexico","16 150,000 or more",13,"1 Married (spouse lives with me)","1 Yes","1 Yes","100",NA,NA,NA,"1 Yes",99,0,16,NA
"2862","Female",53,"8 Colorado","16 150,000 or more",13,"1 Married (spouse lives with me)","1 Yes","1 Yes","100",100,NA,NA,"1 Yes",90,10,16,"Harris"
"2863","Male",30,"8 Colorado","14 75,000 to 99,999",13,"4 Divorced","1 Yes","1 Yes","100",100,NA,NA,"0 No",100,0,14,"Harris"
"2864","Male",67,"30 Montana","14 75,000 to 99,999",15,"4 Divorced","1 Yes","1 Yes","100",NA,NA,NA,"1 Yes",95,5,14,NA
"2865","Male",65,"4 Arizona","11 40,000 to 49,999",9,"1 Married (spouse lives with me)","1 Yes","0 No","100",10,10,80,"1 Yes",50,50,11,"Other"
"2866","Male",51,"6 California","14 75,000 to 99,999",14,"1 Married (spouse lives with me)","1 Yes","1 Yes","0",NA,NA,100,"0 No",NA,NA,14,"Other"
"2867","Male",55,"6 California","15 100,000 to 149,999",14,"1 Married (spouse lives with me)","1 Yes","1 Yes","10",50,50,NA,"0 No",85,15,15,"Trump"
"2868","Female",37,"6 California","15 100,000 to 149,999",13,"1 Married (spouse lives with me)","1 Yes","1 Yes","100",NA,NA,NA,"0 No",60,40,15,NA
"2869","Female",55,"6 California","14 75,000 to 99,999",9,"5 Widowed","1 Yes","1 Yes","100",100,0,0,"1 Yes",50,50,14,"Harris"
"2870","Male",62,"6 California","13 60,000 to 74,999",10,"1 Married (spouse lives with me)","1 Yes","0 No","100",100,NA,NA,"0 No",75,25,13,"Harris"
"2871","Male",67,"6 California","3 7,500 to 9,999",6,"4 Divorced","1 Yes","0 No","0",NA,100,NA,"1 Yes",0,100,3,"Trump"
"2872","Female",33,"6 California","15 100,000 to 149,999",13,"1 Married (spouse lives with me)","1 Yes","0 No","80",90,0,10,"0 No",50,50,15,"Harris"
"2873","Female",55,"32 Nevada","16 150,000 or more",5,"4 Divorced","1 Yes","1 Yes","100",0,100,0,"1 Yes",0,100,16,"Trump"
"2874","Female",52,"32 Nevada","12 50,000 to 59,999",10,"4 Divorced","1 Yes","1 Yes","100",0,100,0,"1 Yes",NA,NA,12,"Trump"
"2875","Male",32,"6 California","15 100,000 to 149,999",13,"1 Married (spouse lives with me)","1 Yes","1 Yes","100",NA,NA,NA,"0 No",100,0,15,NA
"2876","Female",26,"41 Oregon","13 60,000 to 74,999",12,"1 Married (spouse lives with me)","1 Yes","1 Yes","100",100,NA,NA,"1 Yes",95,0,13,"Harris"
"2877","Female",36,"6 California","12 50,000 to 59,999",14,"1 Married (spouse lives with me)","1 Yes","0 No","100",NA,90,10,"1 Yes",40,60,12,"Trump"
"2878","Male",32,"32 Nevada","14 75,000 to 99,999",9,"6 Never married","1 Yes","1 Yes","100",100,0,0,"1 Yes",40,60,14,"Harris"
"2879","Female",26,"6 California","12 50,000 to 59,999",11,"6 Never married","1 Yes","0 No","100",NA,100,NA,"1 Yes",50,50,12,"Trump"
"2880","Female",55,"32 Nevada","16 150,000 or more",10,"1 Married (spouse lives with me)","1 Yes","1 Yes","100",NA,NA,100,"1 Yes",50,50,16,"Other"
"2881","Female",40,"6 California","14 75,000 to 99,999",10,"6 Never married","1 Yes","1 Yes","100",NA,NA,NA,"0 No",65,35,14,NA
"2882","Male",49,"6 California","9 30,000 to 34,999",9,"6 Never married","1 Yes","1 Yes","100",100,0,0,"1 Yes",90,5,9,"Harris"
"2883","Male",64,"6 California","3 7,500 to 9,999",9,"5 Widowed","1 Yes","0 No","100",NA,NA,NA,"1 Yes",90,0,3,NA
"2884","Male",85,"6 California","16 150,000 or more",14,"1 Married (spouse lives with me)","1 Yes","0 No","100",NA,NA,NA,"1 Yes",0,100,16,NA
"2885","Female",42,"6 California","16 150,000 or more",13,"1 Married (spouse lives with me)","1 Yes","1 Yes","20",90,10,NA,"0 No",60,40,16,"Harris"
"2886","Male",39,"6 California","16 150,000 or more",14,"1 Married (spouse lives with me)","1 Yes","1 Yes","100",50,50,NA,"0 No",50,50,16,"Trump"
"2887","Female",54,"6 California","15 100,000 to 149,999",10,"4 Divorced","1 Yes","1 Yes","0",0,0,100,"1 Yes",99,1,15,"Other"
"2888","Male",44,"6 California","16 150,000 or more",13,"1 Married (spouse lives with me)","1 Yes","1 Yes","100",NA,100,NA,"0 No",10,90,16,"Trump"
"2889","Female",53,"6 California","16 150,000 or more",11,"1 Married (spouse lives with me)","1 Yes","1 Yes","100",NA,NA,NA,"1 Yes",95,5,16,NA
"2890","Female",40,"6 California","15 100,000 to 149,999",14,"1 Married (spouse lives with me)","1 Yes","1 Yes","100",100,0,NA,"0 No",90,10,15,"Harris"
"2891","Female",37,"53 Washington","12 50,000 to 59,999",13,"1 Married (spouse lives with me)","1 Yes","0 No","100",100,NA,NA,"1 Yes",80,20,12,"Harris"
"2892","Male",37,"6 California","13 60,000 to 74,999",10,"6 Never married","1 Yes","1 Yes","100",NA,NA,NA,"0 No",0,100,13,NA
"2893","Male",73,"6 California","14 75,000 to 99,999",14,"1 Married (spouse lives with me)","1 Yes","1 Yes","100",0,90,10,"1 Yes",20,70,14,"Trump"
"2894","Male",72,"6 California","14 75,000 to 99,999",13,"1 Married (spouse lives with me)","1 Yes","0 No","100",0,100,NA,"1 Yes",45,55,14,"Trump"
"2895","Male",69,"48 Texas","12 50,000 to 59,999",13,"6 Never married","1 Yes","0 No","100",NA,NA,NA,"1 Yes",40,60,12,NA
"2896","Female",65,"32 Nevada","8 25,000 to 2,999",10,"4 Divorced","1 Yes","0 No","100",100,0,0,"1 Yes",40,60,8,"Harris"
"2897","Male",66,"53 Washington","4 10,000 to 12,499",10,"4 Divorced","1 Yes","0 No","100",NA,100,NA,"1 Yes",0,100,4,"Trump"
"2898","Female",34,"6 California","2 5,000 to 7,499",10,"6 Never married","1 Yes","0 No","50",100,NA,NA,"1 Yes",100,0,2,"Harris"
"2899","Male",61,"6 California","16 150,000 or more",13,"1 Married (spouse lives with me)","1 Yes","1 Yes","100",95,0,5,"0 No",85,10,16,"Harris"
"2900","Female",50,"41 Oregon","13 60,000 to 74,999",13,"4 Divorced","1 Yes","1 Yes","100",0,0,100,"1 Yes",50,50,13,"Other"
"2901","Female",68,"41 Oregon","14 75,000 to 99,999",13,"1 Married (spouse lives with me)","1 Yes","0 No","100",NA,100,NA,"1 Yes",20,80,14,"Trump"
"2902","Female",37,"6 California","16 150,000 or more",14,"6 Never married","1 Yes","1 Yes","100",NA,NA,NA,"1 Yes",100,0,16,NA
"2903","Female",82,"6 California","15 100,000 to 149,999",13,"4 Divorced","1 Yes","0 No","100",NA,NA,NA,"1 Yes",100,0,15,NA
"2904","Female",47,"53 Washington","15 100,000 to 149,999",13,"4 Divorced","1 Yes","1 Yes","100",100,0,0,"1 Yes",85,15,15,"Harris"
"2905","Male",46,"6 California","16 150,000 or more",15,"1 Married (spouse lives with me)","1 Yes","1 Yes","100",100,0,0,"1 Yes",95,5,16,"Harris"
"2906","Female",60,"6 California","12 50,000 to 59,999",9,"4 Divorced","1 Yes","1 Yes","100",100,0,NA,"1 Yes",100,0,12,"Harris"
"2907","Female",27,"6 California","16 150,000 or more",13,"1 Married (spouse lives with me)","1 Yes","1 Yes","99",100,0,0,"1 Yes",70,0,16,"Harris"
"2908","Female",74,"32 Nevada","2 5,000 to 7,499",13,"5 Widowed","1 Yes","1 Yes","100",NA,NA,NA,"0 No",5,95,2,NA
"2909","Female",49,"6 California","16 150,000 or more",15,"1 Married (spouse lives with me)","1 Yes","1 Yes","100",100,NA,NA,"1 Yes",85,15,16,"Harris"
"2910","Female",46,"6 California","16 150,000 or more",15,"1 Married (spouse lives with me)","1 Yes","1 Yes","60",NA,NA,100,"1 Yes",50,50,16,"Other"
"2911","Female",65,"6 California","16 150,000 or more",13,"1 Married (spouse lives with me)","1 Yes","1 Yes","100",100,0,0,"1 Yes",80,20,16,"Harris"
"2912","Male",24,"6 California","1 Less than $5,000",13,"6 Never married","1 Yes","0 No","50",0,100,0,"0 No",20,80,1,"Trump"
"2913","Female",41,"6 California","16 150,000 or more",13,"6 Never married","1 Yes","1 Yes","100",50,50,NA,"0 No",75,25,16,"Trump"
"2914","Female",69,"32 Nevada","9 30,000 to 34,999",13,"4 Divorced","1 Yes","0 No","100",NA,NA,NA,"1 Yes",86,14,9,NA
"2915","Female",20,"6 California","12 50,000 to 59,999",9,"6 Never married","1 Yes","0 No","100",NA,NA,NA,".e",100,0,12,NA
"2916","Female",77,"32 Nevada","15 100,000 to 149,999",9,"1 Married (spouse lives with me)","1 Yes","0 No","100",NA,100,NA,"1 Yes",25,75,15,"Trump"
"2917","Female",67,"32 Nevada","13 60,000 to 74,999",10,"4 Divorced","1 Yes","1 Yes","100",NA,NA,NA,"1 Yes",100,0,13,NA
"2918","Male",58,"6 California","15 100,000 to 149,999",13,"1 Married (spouse lives with me)","1 Yes","1 Yes","50",50,50,NA,"0 No",50,50,15,"Trump"
"2919","Female",50,"6 California","16 150,000 or more",13,"1 Married (spouse lives with me)","1 Yes","1 Yes","50",10,90,0,"0 No",0,100,16,"Trump"
"2920","Female",33,"32 Nevada","15 100,000 to 149,999",9,"6 Never married","1 Yes","0 No","100",NA,NA,NA,"1 Yes",NA,NA,15,NA
"2921","Male",54,"32 Nevada","8 25,000 to 2,999",13,"6 Never married","1 Yes","0 No","100",50,50,0,"0 No",34,66,8,"Trump"
"2922","Female",81,"6 California","14 75,000 to 99,999",13,"4 Divorced","1 Yes","0 No","100",100,0,0,"1 Yes",80,20,14,"Harris"
"2923","Female",73,"6 California","13 60,000 to 74,999",10,"4 Divorced","1 Yes","0 No","100",100,NA,NA,"1 Yes",100,0,13,"Harris"
"2924","Female",39,"6 California","16 150,000 or more",14,"1 Married (spouse lives with me)","1 Yes","1 Yes","100",100,NA,NA,"0 No",100,0,16,"Harris"
"2925","Male",77,"32 Nevada","16 150,000 or more",10,"4 Divorced","1 Yes","1 Yes","100",100,NA,NA,"1 Yes",100,0,16,"Harris"
"2926","Male",70,"6 California","16 150,000 or more",15,"1 Married (spouse lives with me)","1 Yes","0 No","100",100,NA,NA,"1 Yes",80,20,16,"Harris"
"2927","Male",47,"6 California","16 150,000 or more",14,"1 Married (spouse lives with me)","1 Yes","1 Yes","100",NA,NA,NA,"0 No",97,3,16,NA
"2928","Female",45,"6 California","5 12,500 to 14,999",12,"2 Married (spouse lives elsewhere)","1 Yes","0 No","100",NA,NA,NA,"0 No",18,79,5,NA
"2929","Female",40,"41 Oregon","12 50,000 to 59,999",12,"1 Married (spouse lives with me)","1 Yes","0 No","50",0,50,50,"0 No",50,50,12,"Trump"
"2930","Female",34,"6 California","3 7,500 to 9,999",13,"1 Married (spouse lives with me)","1 Yes","0 No","100",NA,NA,NA,"0 No",80,10,3,NA
"2931","Male",33,"6 California","7 20,000 to 24,999",13,"6 Never married","1 Yes","0 No","100",100,NA,NA,"0 No",80,20,7,"Harris"
"2932","Female",36,"32 Nevada","16 150,000 or more",14,"4 Divorced","1 Yes","1 Yes","100",NA,100,NA,"1 Yes",0,100,16,"Trump"
"2933","Female",46,"32 Nevada","10 35,000 to 39,999",10,"4 Divorced","1 Yes","1 Yes","100",NA,NA,NA,"1 Yes",100,0,10,NA
"2934","Male",22,"6 California","14 75,000 to 99,999",13,"6 Never married","1 Yes","1 Yes","70",0,100,0,"0 No",30,70,14,"Trump"
"2935","Male",34,"6 California","2 5,000 to 7,499",10,"6 Never married","1 Yes","0 No","100",NA,100,NA,"1 Yes",30,70,2,"Trump"
"2936","Male",68,"6 California","14 75,000 to 99,999",10,"6 Never married","1 Yes","0 No","100",0,100,0,"0 No",0,100,14,"Trump"
"2937","Male",53,"6 California","16 150,000 or more",13,"4 Divorced","1 Yes","1 Yes","100",NA,NA,NA,"1 Yes",50,50,16,NA
"2938","Female",26,"6 California","10 35,000 to 39,999",13,"6 Never married","1 Yes","1 Yes","20",100,0,0,"0 No",80,20,10,"Harris"
"2939","Female",28,"6 California","7 20,000 to 24,999",11,"6 Never married","1 Yes","1 Yes","50",40,60,NA,"1 Yes",20,80,7,"Trump"
"2940","Female",47,"6 California","3 7,500 to 9,999",14,"1 Married (spouse lives with me)","1 Yes","1 Yes","60",50,50,NA,"0 No",50,50,3,"Trump"
"2941","Female",29,"6 California","14 75,000 to 99,999",13,"6 Never married","1 Yes","1 Yes","100",NA,NA,NA,"0 No",100,0,14,NA
"2942","Female",39,"6 California","16 150,000 or more",14,"1 Married (spouse lives with me)","1 Yes","1 Yes","100",100,0,0,"0 No",75,20,16,"Harris"
"2943","Male",68,"6 California","13 60,000 to 74,999",11,"1 Married (spouse lives with me)","1 Yes","0 No","100",100,0,0,"1 Yes",70,30,13,"Harris"
"2944","Male",36,"6 California","6 15,000 to 19,999",7,"6 Never married","1 Yes","0 No","25",100,0,0,"1 Yes",100,0,6,"Harris"
"2945","Female",30,"6 California","16 150,000 or more",15,"1 Married (spouse lives with me)","1 Yes","1 Yes","100",NA,NA,NA,"1 Yes",95,5,16,NA
"2946","Male",39,"6 California","16 150,000 or more",13,"6 Never married","1 Yes","1 Yes","100",NA,NA,NA,"0 No",85,5,16,NA
"2947","Female",47,"32 Nevada","16 150,000 or more",14,"6 Never married","1 Yes","1 Yes","100",NA,100,NA,"1 Yes",75,25,16,"Trump"
"2948","Male",74,"6 California","11 40,000 to 49,999",11,"1 Married (spouse lives with me)","1 Yes","0 No","100",0,100,0,"1 Yes",0,100,11,"Trump"
"2949","Male",53,"6 California","16 150,000 or more",15,"1 Married (spouse lives with me)","1 Yes","1 Yes","100",100,NA,NA,"0 No",90,10,16,"Harris"
"2950","Female",79,"6 California","14 75,000 to 99,999",9,"5 Widowed","1 Yes","0 No","100",NA,NA,NA,"1 Yes",90,10,14,NA
"2951","Male",66,"6 California","15 100,000 to 149,999",13,"6 Never married","1 Yes","1 Yes","100",NA,NA,NA,"1 Yes",80,20,15,NA
"2952","Female",61,"6 California","6 15,000 to 19,999",9,"6 Never married","1 Yes","1 Yes","100",NA,NA,NA,"1 Yes",60,40,6,NA
"2953","Female",36,"53 Washington","10 35,000 to 39,999",10,"4 Divorced","1 Yes","0 No","90",100,NA,NA,"1 Yes",50,50,10,"Harris"
"2954","Male",68,"6 California","15 100,000 to 149,999",10,"1 Married (spouse lives with me)","1 Yes","0 No","100",NA,NA,NA,"1 Yes",100,0,15,NA
"2955","Male",58,"6 California","16 150,000 or more",16,"1 Married (spouse lives with me)","1 Yes","1 Yes","100",100,NA,NA,"0 No",85,15,16,"Harris"
"2956","Female",35,"53 Washington","16 150,000 or more",13,"6 Never married","1 Yes","1 Yes","100",100,0,0,"1 Yes",90,10,16,"Harris"
"2957","Female",52,"32 Nevada","16 150,000 or more",12,"2 Married (spouse lives elsewhere)","1 Yes","1 Yes","100",NA,NA,NA,"1 Yes",0,100,16,NA
"2958","Female",38,"32 Nevada","13 60,000 to 74,999",14,"6 Never married","1 Yes","1 Yes","100",NA,NA,NA,"1 Yes",0,100,13,NA
"2959","Female",31,"53 Washington","13 60,000 to 74,999",13,"6 Never married","1 Yes","0 No","100",60,0,40,"1 Yes",50,0,13,"Harris"
"2960","Male",56,"6 California","14 75,000 to 99,999",14,"6 Never married","1 Yes","1 Yes","90",90,0,10,"0 No",90,10,14,"Harris"
"2961","Male",39,"6 California","10 35,000 to 39,999",11,"6 Never married","1 Yes","1 Yes","96",100,NA,NA,"1 Yes",50,50,10,"Harris"
"2962","Male",26,"32 Nevada","12 50,000 to 59,999",9,"1 Married (spouse lives with me)","1 Yes","1 Yes","100",NA,NA,NA,"1 Yes",10,80,12,NA
"2963","Female",60,"6 California","13 60,000 to 74,999",12,"1 Married (spouse lives with me)","1 Yes","1 Yes","100",0,25,75,"1 Yes",25,60,13,"Other"
"2964","Female",47,"6 California","13 60,000 to 74,999",13,"6 Never married","1 Yes","1 Yes","0",100,0,0,"1 Yes",90,5,13,"Harris"
"2965","Male",30,"6 California","14 75,000 to 99,999",14,"6 Never married","1 Yes","1 Yes","100",NA,NA,NA,"0 No",100,0,14,NA
"2966","Male",76,"6 California","14 75,000 to 99,999",14,"1 Married (spouse lives with me)","1 Yes","0 No","100",NA,NA,NA,"0 No",90,10,14,NA
"2967","Female",44,"6 California","10 35,000 to 39,999",10,"6 Never married","1 Yes","1 Yes","100",NA,NA,NA,"1 Yes",50,50,10,NA
"2968","Female",41,"6 California","16 150,000 or more",14,"4 Divorced","1 Yes","1 Yes","100",NA,NA,NA,"1 Yes",90,10,16,NA
"2969","Female",65,"6 California","15 100,000 to 149,999",10,"1 Married (spouse lives with me)","1 Yes","1 Yes","100",NA,NA,NA,"1 Yes",50,50,15,NA
"2970","Male",64,"32 Nevada","9 30,000 to 34,999",11,"6 Never married","1 Yes","0 No","100",NA,NA,NA,"1 Yes",NA,NA,9,NA
"2971","Female",50,"32 Nevada","4 10,000 to 12,499",13,"4 Divorced","1 Yes","0 No","100",NA,NA,NA,"1 Yes",100,0,4,NA
"2972","Female",79,"6 California","15 100,000 to 149,999",13,"5 Widowed","1 Yes","0 No","100",NA,NA,NA,"0 No",100,0,15,NA
"2973","Female",27,"6 California","11 40,000 to 49,999",14,"1 Married (spouse lives with me)","1 Yes","0 No","95",10,90,0,"0 No",NA,NA,11,"Trump"
"2974","Female",44,"6 California","16 150,000 or more",12,"1 Married (spouse lives with me)","1 Yes","0 No","100",50,50,NA,"1 Yes",90,10,16,"Trump"
"2975","Female",38,"6 California","14 75,000 to 99,999",10,"1 Married (spouse lives with me)","1 Yes","1 Yes","50",90,10,0,"1 Yes",80,20,14,"Harris"
"2976","Male",40,"6 California","16 150,000 or more",14,"6 Never married","1 Yes","1 Yes","100",NA,NA,NA,"0 No",75,25,16,NA
"2977","Male",30,"41 Oregon","14 75,000 to 99,999",13,"1 Married (spouse lives with me)","1 Yes","1 Yes","100",NA,NA,NA,"1 Yes",98,2,14,NA
"2978","Female",23,"32 Nevada","12 50,000 to 59,999",9,"6 Never married","1 Yes","0 No","50",25,75,NA,"1 Yes",0,100,12,"Trump"
"2979","Male",50,"6 California","16 150,000 or more",13,"1 Married (spouse lives with me)","1 Yes","1 Yes","100",NA,NA,NA,"0 No",70,30,16,NA
"2980","Female",40,"6 California","10 35,000 to 39,999",10,"1 Married (spouse lives with me)","1 Yes","0 No","100",50,50,NA,"0 No",60,40,10,"Trump"
"2981","Male",77,"6 California","14 75,000 to 99,999",13,"1 Married (spouse lives with me)","1 Yes","0 No","100",NA,NA,NA,"1 Yes",95,5,14,NA
"2982","Male",46,"53 Washington","16 150,000 or more",13,"4 Divorced","1 Yes","1 Yes","100",NA,NA,NA,"1 Yes",80,20,16,NA
"2983","Female",64,"53 Washington","4 10,000 to 12,499",9,"6 Never married","1 Yes","0 No","100",NA,NA,NA,"1 Yes",0,100,4,NA
"2984","Male",39,"6 California","16 150,000 or more",14,"1 Married (spouse lives with me)","1 Yes","1 Yes","100",NA,NA,NA,"0 No",80,20,16,NA
"2985","Female",33,"6 California","13 60,000 to 74,999",10,"1 Married (spouse lives with me)","1 Yes","0 No","100",NA,100,NA,"1 Yes",0,100,13,"Trump"
"2986","Female",30,"6 California","11 40,000 to 49,999",13,"5 Widowed","1 Yes","1 Yes","50",10,60,30,"1 Yes",0,100,11,"Trump"
"2987","Female",29,"6 California","15 100,000 to 149,999",11,"1 Married (spouse lives with me)","1 Yes","1 Yes","100",70,0,30,"1 Yes",100,0,15,"Harris"
"2988","Male",65,"2 Alaska","8 25,000 to 2,999",12,"2 Married (spouse lives elsewhere)","1 Yes","0 No","100",NA,100,NA,"1 Yes",25,75,8,"Trump"
"2989","Female",43,"2 Alaska","16 150,000 or more",15,"1 Married (spouse lives with me)","1 Yes","1 Yes","100",NA,NA,NA,"1 Yes",100,0,16,NA
"2990","Male",70,"15 Hawaii","16 150,000 or more",10,"1 Married (spouse lives with me)","1 Yes","1 Yes","100",NA,NA,NA,"1 Yes",100,0,16,NA
"2991","Female",50,"15 Hawaii","16 150,000 or more",13,"1 Married (spouse lives with me)","1 Yes","1 Yes","100",100,0,0,"1 Yes",90,10,16,"Harris"
"2992","Male",53,"15 Hawaii","16 150,000 or more",14,"1 Married (spouse lives with me)","1 Yes","1 Yes","100",99,NA,1,"0 No",98,1,16,"Harris"
"2993","Male",38,"42 Pennsylvania","10 35,000 to 39,999",9,"1 Married (spouse lives with me)","1 Yes","1 Yes","100",NA,100,NA,"1 Yes",25,75,10,"Trump"
"2994","Male",33,"34 New Jersey","14 75,000 to 99,999",9,"1 Married (spouse lives with me)","1 Yes","1 Yes","0",0,0,100,"0 No",NA,NA,14,"Other"
"2995","Female",43,"40 Oklahoma","15 100,000 to 149,999",12,"1 Married (spouse lives with me)","1 Yes","1 Yes","100",0,100,0,"1 Yes",0,100,15,"Trump"
"2996","Female",43,"34 New Jersey","15 100,000 to 149,999",10,"1 Married (spouse lives with me)","1 Yes","1 Yes","60",100,0,0,"1 Yes",60,40,15,"Harris"
"2997","Female",22,"36 New York","16 150,000 or more",13,"6 Never married","1 Yes","1 Yes","100",100,NA,NA,"1 Yes",80,20,16,"Harris"
"2998","Male",66,"42 Pennsylvania","11 40,000 to 49,999",10,"1 Married (spouse lives with me)","1 Yes","1 Yes","100",100,NA,NA,"1 Yes",100,0,11,"Harris"
"2999","Male",51,"17 Illinois","13 60,000 to 74,999",13,"6 Never married","1 Yes","1 Yes","5",49,51,NA,"1 Yes",50,50,13,"Trump"
"3000","Male",48,"6 California","16 150,000 or more",15,"1 Married (spouse lives with me)","1 Yes","1 Yes","100",100,0,0,"0 No",100,0,16,"Harris"
"3001","Male",49,"6 California","15 100,000 to 149,999",8,"1 Married (spouse lives with me)","1 Yes","1 Yes","99",0,100,0,"1 Yes",40,40,15,"Trump"
"3002","Male",29,"4 Arizona","9 30,000 to 34,999",10,"4 Divorced","1 Yes","0 No","95",35,0,65,"1 Yes",0,0,9,"Other"
"3003","Male",41,"36 New York","15 100,000 to 149,999",13,"1 Married (spouse lives with me)","1 Yes","1 Yes","99",100,NA,NA,"0 No",90,10,15,"Harris"
"3004","Female",25,"47 Tennessee","12 50,000 to 59,999",13,"1 Married (spouse lives with me)","1 Yes","0 No","100",NA,100,NA,"1 Yes",0,100,12,"Trump"
"3005","Male",70,"37 North Carolina","13 60,000 to 74,999",13,"1 Married (spouse lives with me)","1 Yes","0 No","100",100,NA,NA,"1 Yes",50,50,13,"Harris"
"3006","Male",42,"13 Georgia","13 60,000 to 74,999",6,"1 Married (spouse lives with me)","1 Yes","1 Yes","0",40,60,0,"0 No",80,20,13,"Trump"
"3007","Male",41,"24 Maryland","15 100,000 to 149,999",9,"1 Married (spouse lives with me)","1 Yes","1 Yes","98",100,0,0,"1 Yes",85,10,15,"Harris"
"3008","Male",52,"13 Georgia","16 150,000 or more",10,"1 Married (spouse lives with me)","1 Yes","1 Yes","50",50,50,NA,"1 Yes",30,70,16,"Trump"
"3009","Female",21,"13 Georgia","14 75,000 to 99,999",10,"6 Never married","1 Yes","1 Yes","50",0,100,0,"1 Yes",30,70,14,"Trump"
"3010","Male",27,"29 Missouri","9 30,000 to 34,999",9,"1 Married (spouse lives with me)","1 Yes","1 Yes","50",25,75,0,"1 Yes",25,50,9,"Trump"
"3011","Female",54,"48 Texas","16 150,000 or more",14,"1 Married (spouse lives with me)","1 Yes","0 No","100",NA,NA,NA,"1 Yes",60,40,16,NA
"3012","Male",63,"24 Maryland","16 150,000 or more",14,"1 Married (spouse lives with me)","1 Yes","0 No","100",100,0,0,"1 Yes",40,60,16,"Harris"
"3013","Female",48,"12 Florida","14 75,000 to 99,999",11,"1 Married (spouse lives with me)","1 Yes","1 Yes","100",75,0,25,"1 Yes",25,25,14,"Harris"
"3014","Male",19,"1 Alabama","3 7,500 to 9,999",8,"6 Never married","1 Yes","1 Yes","10",100,0,0,"0 No",100,0,3,"Harris"
"3015","Female",37,"13 Georgia","15 100,000 to 149,999",13,"1 Married (spouse lives with me)","1 Yes","0 No","100",100,NA,NA,"0 No",100,0,15,"Harris"
"3016","Female",22,"34 New Jersey","12 50,000 to 59,999",10,"6 Never married","1 Yes","1 Yes","50",100,NA,NA,"1 Yes",50,50,12,"Harris"
"3017","Male",19,"42 Pennsylvania","10 35,000 to 39,999",9,"6 Never married","1 Yes","1 Yes","0",20,80,NA,"1 Yes",0,100,10,"Trump"
"3018","Male",40,"51 Virginia","15 100,000 to 149,999",10,"1 Married (spouse lives with me)","1 Yes","1 Yes","100",0,0,100,"0 No",50,25,15,"Other"
"3019","Male",47,"13 Georgia","14 75,000 to 99,999",13,"6 Never married","1 Yes","0 No","100",NA,NA,NA,"1 Yes",80,20,14,NA
"3020","Female",23,"48 Texas","14 75,000 to 99,999",13,"6 Never married","1 Yes","1 Yes","99",0,0,100,"0 No",70,0,14,"Other"
"3021","Male",19,"48 Texas","15 100,000 to 149,999",9,"6 Never married","1 Yes","0 No","100",100,0,0,"0 No",80,5,15,"Harris"
"3022","Male",24,"45 South Carolina","10 35,000 to 39,999",9,"1 Married (spouse lives with me)","1 Yes","1 Yes","5",0,100,0,"1 Yes",15,85,10,"Trump"
"3023","Male",40,"18 Indiana","1 Less than $5,000",7,"6 Never married","1 Yes","0 No","0",0,0,100,"0 No",NA,NA,1,"Other"
"3024","Female",19,"18 Indiana","1 Less than $5,000",6,"6 Never married","1 Yes","0 No","0",0,0,100,"1 Yes",NA,NA,1,"Other"
"3025","Male",43,"40 Oklahoma","1 Less than $5,000",9,"1 Married (spouse lives with me)","1 Yes","0 No","90",100,NA,NA,"0 No",100,0,1,"Harris"
"3026","Female",50,"13 Georgia","11 40,000 to 49,999",10,"1 Married (spouse lives with me)","1 Yes","1 Yes","100",NA,NA,100,"0 No",0,0,11,"Other"
"3027","Male",24,"13 Georgia","11 40,000 to 49,999",9,"6 Never married","1 Yes","1 Yes","0",0,0,100,"1 Yes",45,45,11,"Other"
"3028","Female",29,"45 South Carolina","15 100,000 to 149,999",10,"1 Married (spouse lives with me)","1 Yes","1 Yes","99",NA,100,NA,"1 Yes",0,100,15,"Trump"
"3029","Female",NA,"15 Hawaii","11 40,000 to 49,999",9,"6 Never married","1 Yes","1 Yes","50",0,49,51,"0 No",0,50,11,"Other"
"3030","Male",77,"39 Ohio","16 150,000 or more",16,"1 Married (spouse lives with me)","1 Yes","0 No","100",100,NA,NA,"1 Yes",98,2,16,"Harris"
"3031","Female",25,"6 California","10 35,000 to 39,999",10,"6 Never married","1 Yes","1 Yes","80",10,90,0,"1 Yes",20,50,10,"Trump"
"3032","Female",66,"12 Florida","11 40,000 to 49,999",13,"4 Divorced","1 Yes","0 No","100",100,NA,NA,"1 Yes",75,25,11,"Harris"
"3033","Male",55,"13 Georgia","16 150,000 or more",10,"3 Separated","1 Yes","0 No","100",NA,NA,NA,"0 No",47,50,16,NA
"3034","Female",28,"13 Georgia","11 40,000 to 49,999",9,"1 Married (spouse lives with me)","1 Yes","0 No","100",NA,NA,NA,"1 Yes",100,0,11,NA
"3035","Female",44,"36 New York","14 75,000 to 99,999",11,"6 Never married","1 Yes","1 Yes","100",0,100,0,"1 Yes",50,50,14,"Trump"
"3036","Male",37,"51 Virginia","14 75,000 to 99,999",10,"1 Married (spouse lives with me)","1 Yes","1 Yes","100",0,50,50,"1 Yes",45,55,14,"Trump"
"3037","Female",50,"12 Florida","14 75,000 to 99,999",11,".e","1 Yes","1 Yes","100",NA,NA,NA,".e",100,0,14,NA
"3038","Female",42,"51 Virginia","16 150,000 or more",13,"1 Married (spouse lives with me)","1 Yes","1 Yes","100",0,100,0,"1 Yes",25,75,16,"Trump"
"3039","Male",61,"9 Connecticut","16 150,000 or more",13,"1 Married (spouse lives with me)","1 Yes","1 Yes","90",1,60,39,"1 Yes",90,5,16,"Trump"
"3040","Female",49,"18 Indiana","5 12,500 to 14,999",9,"6 Never married","1 Yes","0 No","0",100,0,0,"1 Yes",100,0,5,"Harris"
"3041","Female",44,"26 Michigan","16 150,000 or more",13,"1 Married (spouse lives with me)","1 Yes","1 Yes","100",NA,100,NA,"1 Yes",50,50,16,"Trump"
"3042","Female",56,"37 North Carolina","1 Less than $5,000",7,"6 Never married","1 Yes","0 No","100",80,0,20,"0 No",40,0,1,"Harris"
"3043","Male",27,"36 New York","14 75,000 to 99,999",13,"1 Married (spouse lives with me)","1 Yes","1 Yes","100",NA,NA,NA,"0 No",80,10,14,NA
"3044","Female",57,"26 Michigan","11 40,000 to 49,999",10,"4 Divorced","1 Yes","0 No","100",100,0,0,"0 No",100,0,11,"Harris"
"3045","Male",25,"26 Michigan","15 100,000 to 149,999",13,"6 Never married","1 Yes","0 No","100",100,NA,NA,"1 Yes",100,0,15,"Harris"
"3046","Female",41,"37 North Carolina","8 25,000 to 2,999",11,"6 Never married","1 Yes","1 Yes","100",NA,100,NA,"1 Yes",15,85,8,"Trump"
"3047","Male",25,"24 Maryland","1 Less than $5,000",11,"6 Never married","1 Yes","0 No","100",0,0,100,"0 No",0,0,1,"Other"
"3048","Male",49,"45 South Carolina","16 150,000 or more",14,"1 Married (spouse lives with me)","1 Yes","1 Yes","100",100,0,NA,"1 Yes",50,50,16,"Harris"
"3049","Female",65,"42 Pennsylvania","10 35,000 to 39,999",14,"1 Married (spouse lives with me)","1 Yes","1 Yes","100",100,NA,NA,"1 Yes",90,10,10,"Harris"
"3050","Female",56,"39 Ohio","15 100,000 to 149,999",11,"1 Married (spouse lives with me)","1 Yes","1 Yes","100",NA,100,NA,"1 Yes",20,80,15,"Trump"
"3051","Female",53,"25 Massachusetts","7 20,000 to 24,999",9,"1 Married (spouse lives with me)","1 Yes","1 Yes","0",NA,100,NA,"1 Yes",25,75,7,"Trump"
"3052","Male",71,"26 Michigan","15 100,000 to 149,999",14,"1 Married (spouse lives with me)","1 Yes","0 No","100",NA,NA,NA,"1 Yes",60,40,15,NA
"3053","Female",56,"12 Florida","5 12,500 to 14,999",5,"4 Divorced","1 Yes","0 No","0",0,100,0,"1 Yes",0,100,5,"Trump"
"3054","Male",52,"13 Georgia","16 150,000 or more",14,"1 Married (spouse lives with me)","1 Yes","1 Yes","100",0,100,NA,"1 Yes",10,90,16,"Trump"
"3055","Female",32,"25 Massachusetts","16 150,000 or more",13,"1 Married (spouse lives with me)","1 Yes","1 Yes","100",100,NA,NA,"1 Yes",75,25,16,"Harris"
"3056","Female",39,"26 Michigan","15 100,000 to 149,999",9,"1 Married (spouse lives with me)","1 Yes","1 Yes","100",0,100,0,"1 Yes",1,99,15,"Trump"
"3057","Female",34,"13 Georgia","9 30,000 to 34,999",8,"1 Married (spouse lives with me)","1 Yes","1 Yes","100",NA,NA,NA,"0 No",75,5,9,NA
"3058","Male",NA,"34 New Jersey","13 60,000 to 74,999",13,".e","1 Yes","1 Yes","50",55,45,NA,"0 No",60,40,13,"Harris"
"3059","Male",54,"36 New York","16 150,000 or more",13,"1 Married (spouse lives with me)","1 Yes","1 Yes","95",100,0,0,"0 No",90,5,16,"Harris"
"3060","Male",42,"42 Pennsylvania","4 10,000 to 12,499",6,"6 Never married","1 Yes","0 No","100",NA,NA,NA,"1 Yes",75,25,4,NA
"3061","Male",69,"37 North Carolina","16 150,000 or more",13,"1 Married (spouse lives with me)","1 Yes","1 Yes","100",100,0,0,"1 Yes",60,40,16,"Harris"
"3062","Female",64,"42 Pennsylvania","14 75,000 to 99,999",14,"1 Married (spouse lives with me)","1 Yes","1 Yes","100",NA,NA,NA,"0 No",90,0,14,NA
"3063","Male",74,"42 Pennsylvania","8 25,000 to 2,999",9,"4 Divorced","1 Yes","0 No","0",100,NA,NA,"1 Yes",50,50,8,"Harris"
"3064","Male",65,"42 Pennsylvania","8 25,000 to 2,999",10,"6 Never married","1 Yes","0 No","100",NA,NA,NA,"1 Yes",80,10,8,NA
"3065","Male",36,"39 Ohio","12 50,000 to 59,999",9,"1 Married (spouse lives with me)","1 Yes","1 Yes","100",100,0,0,"1 Yes",80,20,12,"Harris"
"3066","Male",64,"25 Massachusetts","15 100,000 to 149,999",14,"1 Married (spouse lives with me)","1 Yes","1 Yes","100",NA,100,NA,"1 Yes",50,50,15,"Trump"
"3067","Female",29,"13 Georgia","1 Less than $5,000",9,"6 Never married","1 Yes","0 No","2",100,NA,NA,"0 No",100,0,1,"Harris"
"3068","Female",40,"37 North Carolina","15 100,000 to 149,999",10,"1 Married (spouse lives with me)","1 Yes","0 No","100",NA,NA,NA,"1 Yes",5,95,15,NA
"3069","Female",49,"13 Georgia","15 100,000 to 149,999",12,"1 Married (spouse lives with me)","1 Yes","1 Yes","100",NA,100,NA,"0 No",20,80,15,"Trump"
"3070","Female",89,"34 New Jersey","15 100,000 to 149,999",14,"1 Married (spouse lives with me)","1 Yes","0 No","100",NA,100,NA,"1 Yes",25,75,15,"Trump"
"3071","Female",64,"37 North Carolina","5 12,500 to 14,999",6,"1 Married (spouse lives with me)","1 Yes","0 No","100",100,0,0,"0 No",100,0,5,"Harris"
"3072","Male",30,"36 New York","15 100,000 to 149,999",14,"1 Married (spouse lives with me)","1 Yes","1 Yes","100",NA,NA,100,"1 Yes",50,50,15,"Other"
"3073","Male",55,"24 Maryland","14 75,000 to 99,999",13,"6 Never married","1 Yes","1 Yes","100",100,NA,NA,"1 Yes",100,0,14,"Harris"
"3074","Female",23,"42 Pennsylvania","14 75,000 to 99,999",13,"6 Never married","1 Yes","1 Yes","100",100,0,0,"1 Yes",75,25,14,"Harris"
"3075","Female",81,"24 Maryland","16 150,000 or more",14,"1 Married (spouse lives with me)","1 Yes","0 No","100",NA,NA,NA,"1 Yes",65,35,16,NA
"3076","Male",63,"42 Pennsylvania","14 75,000 to 99,999",13,"6 Never married","1 Yes","0 No","100",100,NA,NA,"1 Yes",95,5,14,"Harris"
"3077","Male",39,"26 Michigan","8 25,000 to 2,999",9,"1 Married (spouse lives with me)","1 Yes","1 Yes",".e",22,23,55,"0 No",NA,NA,8,"Other"
"3078","Male",34,"26 Michigan","9 30,000 to 34,999",7,"6 Never married","1 Yes","1 Yes","50",0,50,50,"1 Yes",50,50,9,"Trump"
"3079","Male",26,"13 Georgia","8 25,000 to 2,999",6,"6 Never married","1 Yes","0 No","30",40,40,20,"1 Yes",30,60,8,"Trump"
"3080","Male",45,"24 Maryland","15 100,000 to 149,999",13,"1 Married (spouse lives with me)","1 Yes","1 Yes","100",0,100,0,"1 Yes",5,95,15,"Trump"
"3081","Female",49,"13 Georgia","12 50,000 to 59,999",11,"1 Married (spouse lives with me)","1 Yes","0 No","100",NA,NA,NA,"1 Yes",0,100,12,NA
"3082","Female",33,"21 Kentucky","11 40,000 to 49,999",11,"1 Married (spouse lives with me)","1 Yes","0 No","0",50,50,NA,"1 Yes",50,50,11,"Trump"
"3083","Male",72,"26 Michigan","16 150,000 or more",14,"1 Married (spouse lives with me)","1 Yes","0 No","100",NA,NA,NA,"1 Yes",100,0,16,NA
"3084","Female",67,"39 Ohio","3 7,500 to 9,999",7,"4 Divorced","1 Yes","0 No","90",50,30,20,"0 No",60,30,3,"Harris"
"3085","Male",52,"13 Georgia","15 100,000 to 149,999",10,"1 Married (spouse lives with me)","1 Yes","0 No","100",NA,NA,NA,"0 No",35,55,15,NA
"3086","Female",62,"34 New Jersey","15 100,000 to 149,999",13,"1 Married (spouse lives with me)","1 Yes","1 Yes","100",NA,NA,NA,"1 Yes",40,60,15,NA
"3087","Male",33,"26 Michigan","12 50,000 to 59,999",16,"6 Never married","1 Yes","1 Yes","100",NA,NA,NA,"0 No",100,0,12,NA
"3088","Female",45,"34 New Jersey","16 150,000 or more",13,"1 Married (spouse lives with me)","1 Yes","1 Yes","100",NA,NA,NA,"1 Yes",75,25,16,NA
"3089","Female",66,"18 Indiana","13 60,000 to 74,999",11,"1 Married (spouse lives with me)","1 Yes","0 No","100",100,0,0,"1 Yes",58,40,13,"Harris"
"3090","Female",40,"42 Pennsylvania","14 75,000 to 99,999",10,"1 Married (spouse lives with me)","1 Yes","1 Yes","100",100,0,0,"1 Yes",65,30,14,"Harris"
"3091","Female",51,"26 Michigan","15 100,000 to 149,999",13,"1 Married (spouse lives with me)","1 Yes","1 Yes","70",0,0,100,"1 Yes",20,40,15,"Other"
"3092","Female",53,"42 Pennsylvania","16 150,000 or more",10,"1 Married (spouse lives with me)","1 Yes","1 Yes","100",0,100,0,"1 Yes",0,100,16,"Trump"
"3093","Female",50,"23 Maine","16 150,000 or more",14,"1 Married (spouse lives with me)","1 Yes","0 No","100",0,100,NA,"1 Yes",0,100,16,"Trump"
"3094","Male",64,"13 Georgia","12 50,000 to 59,999",10,"1 Married (spouse lives with me)","1 Yes","0 No","100",52,48,0,"0 No",52,48,12,"Harris"
"3095","Male",37,"4 Arizona","14 75,000 to 99,999",13,"6 Never married","1 Yes","1 Yes","100",NA,NA,NA,"0 No",100,0,14,NA
"3096","Male",47,"42 Pennsylvania","8 25,000 to 2,999",13,"6 Never married","1 Yes","0 No","99",100,0,0,"1 Yes",68,30,8,"Harris"
"3097","Female",43,"13 Georgia","1 Less than $5,000",5,"4 Divorced","1 Yes","0 No","0",0,100,0,"1 Yes",0,100,1,"Trump"
"3098","Male",NA,"34 New Jersey","16 150,000 or more",13,"1 Married (spouse lives with me)","1 Yes","1 Yes","100",NA,NA,NA,"0 No",64,35,16,NA
"3099","Female",62,"50 Vermont","13 60,000 to 74,999",15,"1 Married (spouse lives with me)","1 Yes","1 Yes","100",NA,NA,NA,"1 Yes",100,0,13,NA
"3100","Female",39,"37 North Carolina","15 100,000 to 149,999",14,"1 Married (spouse lives with me)","1 Yes","1 Yes","100",100,0,0,"1 Yes",85,15,15,"Harris"
"3101","Female",59,"36 New York","13 60,000 to 74,999",14,"6 Never married","1 Yes","0 No","100",50,50,0,"1 Yes",70,30,13,"Trump"
"3102","Female",77,"13 Georgia","9 30,000 to 34,999",13,"4 Divorced","1 Yes","0 No","100",NA,NA,NA,"0 No",100,0,9,NA
"3103","Female",27,"37 North Carolina","15 100,000 to 149,999",14,"6 Never married","1 Yes","1 Yes","100",NA,NA,NA,"1 Yes",100,0,15,NA
"3104","Female",69,"42 Pennsylvania","15 100,000 to 149,999",14,"1 Married (spouse lives with me)","1 Yes","1 Yes","100",0,100,0,"1 Yes",30,70,15,"Trump"
"3105","Male",60,"24 Maryland","16 150,000 or more",13,"1 Married (spouse lives with me)","1 Yes","1 Yes","99",100,0,0,"1 Yes",80,20,16,"Harris"
"3106","Female",39,"24 Maryland","13 60,000 to 74,999",10,"4 Divorced","1 Yes","1 Yes","100",90,0,10,"0 No",50,40,13,"Harris"
"3107","Female",50,"47 Tennessee","12 50,000 to 59,999",9,"1 Married (spouse lives with me)","1 Yes","0 No","90",0,100,0,"1 Yes",30,70,12,"Trump"
"3108","Female",40,"12 Florida","13 60,000 to 74,999",10,"1 Married (spouse lives with me)","1 Yes","1 Yes","0",100,0,0,"1 Yes",50,50,13,"Harris"
"3109","Male",31,"48 Texas","12 50,000 to 59,999",13,"6 Never married","1 Yes","1 Yes","100",100,NA,NA,"0 No",100,0,12,"Harris"
"3110","Female",39,"27 Minnesota","2 5,000 to 7,499",9,"1 Married (spouse lives with me)","1 Yes","1 Yes","0",50,50,NA,"0 No",NA,NA,2,"Trump"
"3111","Female",35,"48 Texas","15 100,000 to 149,999",10,"1 Married (spouse lives with me)","1 Yes","1 Yes","100",NA,NA,NA,"1 Yes",70,30,15,NA
"3112","Male",73,"48 Texas","5 12,500 to 14,999",9,"6 Never married","1 Yes","0 No","100",100,0,0,"1 Yes",100,0,5,"Harris"
"3113","Male",86,"5 Arkansas","8 25,000 to 2,999",11,"5 Widowed","1 Yes","0 No","100",100,NA,NA,"1 Yes",50,50,8,"Harris"
"3114","Male",34,"55 Wisconsin","13 60,000 to 74,999",14,"1 Married (spouse lives with me)","1 Yes","1 Yes","95",1,75,24,"1 Yes",1,99,13,"Trump"
"3115","Female",48,"20 Kansas","2 5,000 to 7,499",7,"6 Never married","1 Yes","1 Yes","40",50,20,30,"1 Yes",80,1,2,"Harris"
"3116","Male",23,"48 Texas","15 100,000 to 149,999",13,"6 Never married","1 Yes","1 Yes","100",100,NA,NA,"0 No",90,10,15,"Harris"
"3117","Female",53,"48 Texas","13 60,000 to 74,999",14,"6 Never married","1 Yes","1 Yes","100",75,0,25,"0 No",90,10,13,"Harris"
"3118","Female",29,"55 Wisconsin","12 50,000 to 59,999",12,"1 Married (spouse lives with me)","1 Yes","0 No","80",40,41,19,"1 Yes",20,75,12,"Trump"
"3119","Female",65,"40 Oklahoma","16 150,000 or more",13,"4 Divorced","1 Yes","1 Yes","100",NA,NA,NA,"1 Yes",95,5,16,NA
"3120","Female",55,"48 Texas","10 35,000 to 39,999",12,"6 Never married","1 Yes","1 Yes","99",60,40,0,"1 Yes",60,40,10,"Harris"
"3121","Male",60,"27 Minnesota","15 100,000 to 149,999",10,"1 Married (spouse lives with me)","1 Yes","1 Yes","100",0,100,0,"1 Yes",5,90,15,"Trump"
"3122","Male",88,"40 Oklahoma","9 30,000 to 34,999",13,"1 Married (spouse lives with me)","1 Yes","0 No","100",90,NA,10,"1 Yes",30,70,9,"Harris"
"3123","Male",63,"55 Wisconsin","7 20,000 to 24,999",13,"4 Divorced","1 Yes","0 No","100",100,0,NA,"1 Yes",100,0,7,"Harris"
"3124","Male",26,"48 Texas","13 60,000 to 74,999",13,"6 Never married","1 Yes","1 Yes","100",0,100,0,"1 Yes",1,99,13,"Trump"
"3125","Female",23,"20 Kansas","11 40,000 to 49,999",13,"6 Never married","1 Yes","1 Yes","100",NA,NA,NA,"0 No",70,30,11,NA
"3126","Male",76,"29 Missouri","16 150,000 or more",16,"1 Married (spouse lives with me)","1 Yes","0 No","99",100,NA,NA,"1 Yes",45,55,16,"Harris"
"3127","Male",27,"55 Wisconsin","7 20,000 to 24,999",13,"6 Never married","1 Yes","1 Yes","100",NA,NA,NA,"0 No",50,45,7,NA
"3128","Female",34,"27 Minnesota","16 150,000 or more",13,"1 Married (spouse lives with me)","1 Yes","1 Yes","100",NA,NA,NA,"1 Yes",70,30,16,NA
"3129","Female",64,"48 Texas","13 60,000 to 74,999",10,"6 Never married","1 Yes","1 Yes","100",100,NA,NA,"0 No",99,1,13,"Harris"
"3130","Male",57,"22 Louisiana","16 150,000 or more",15,"1 Married (spouse lives with me)","1 Yes","1 Yes","100",100,0,0,"1 Yes",100,0,16,"Harris"
"3131","Female",68,"48 Texas","7 20,000 to 24,999",10,"4 Divorced","1 Yes","0 No","50",NA,100,NA,"1 Yes",0,100,7,"Trump"
"3132","Male",46,"27 Minnesota","1 Less than $5,000",10,"6 Never married","1 Yes","0 No","100",NA,NA,NA,"1 Yes",90,10,1,NA
"3133","Male",30,"4 Arizona","2 5,000 to 7,499",5,"6 Never married","1 Yes","0 No","100",NA,NA,NA,"0 No",100,0,2,NA
"3134","Female",61,"35 New Mexico","12 50,000 to 59,999",13,"1 Married (spouse lives with me)","1 Yes","0 No","100",NA,NA,NA,"1 Yes",40,60,12,NA
"3135","Male",42,"35 New Mexico","12 50,000 to 59,999",9,"1 Married (spouse lives with me)","1 Yes","1 Yes","100",NA,100,NA,"0 No",40,45,12,"Trump"
"3136","Male",77,"6 California","16 150,000 or more",13,"1 Married (spouse lives with me)","1 Yes","0 No","80",85,15,NA,"0 No",55,45,16,"Harris"
"3137","Female",70,"32 Nevada","11 40,000 to 49,999",10,"2 Married (spouse lives elsewhere)","1 Yes","1 Yes","100",NA,NA,NA,"1 Yes",49,49,11,NA
"3138","Male",31,"53 Washington","16 150,000 or more",13,"1 Married (spouse lives with me)","1 Yes","1 Yes","100",0,100,0,"1 Yes",45,50,16,"Trump"
"3139","Female",69,"53 Washington","7 20,000 to 24,999",10,"5 Widowed","1 Yes","0 No","100",100,0,NA,"1 Yes",85,15,7,"Harris"
"3140","Male",49,"6 California","14 75,000 to 99,999",13,"1 Married (spouse lives with me)","1 Yes","1 Yes","50",33,33,34,"0 No",33,33,14,"Other"
"3141","Male",35,"6 California","16 150,000 or more",14,"1 Married (spouse lives with me)","1 Yes","1 Yes","100",100,NA,NA,"0 No",100,0,16,"Harris"
"3142","Female",30,"41 Oregon","15 100,000 to 149,999",15,"1 Married (spouse lives with me)","1 Yes","1 Yes","100",NA,NA,NA,"1 Yes",98,2,15,NA
"3143","Female",31,"6 California","15 100,000 to 149,999",13,"1 Married (spouse lives with me)","1 Yes","1 Yes","100",0,100,0,"1 Yes",50,50,15,"Trump"
"3144","Male",74,"6 California","15 100,000 to 149,999",11,"4 Divorced","1 Yes","0 No","100",NA,NA,NA,"1 Yes",15,85,15,NA
"3145","Male",57,"53 Washington","15 100,000 to 149,999",11,"6 Never married","1 Yes","1 Yes","100",NA,NA,NA,"1 Yes",80,10,15,NA
"3146","Male",65,"6 California","14 75,000 to 99,999",9,"1 Married (spouse lives with me)","1 Yes","0 No","100",NA,NA,NA,"0 No",75,25,14,NA
"3147","Male",38,"32 Nevada","3 7,500 to 9,999",12,"6 Never married","1 Yes","0 No","100",0,100,0,"1 Yes",0,100,3,"Trump"
"3148","Female",59,"41 Oregon","9 30,000 to 34,999",7,"1 Married (spouse lives with me)","1 Yes","0 No","100",0,100,0,"1 Yes",30,60,9,"Trump"
"3149","Female",36,"2 Alaska","10 35,000 to 39,999",13,"3 Separated","1 Yes","1 Yes","30",100,NA,NA,"1 Yes",70,30,10,"Harris"
"3150","Male",70,"2 Alaska","4 10,000 to 12,499",10,"4 Divorced","1 Yes","0 No","0",NA,NA,100,"1 Yes",0,0,4,"Other"
"3151","Male",60,"15 Hawaii","15 100,000 to 149,999",9,"1 Married (spouse lives with me)","1 Yes","1 Yes","100",1,99,0,"0 No",50,50,15,"Trump"
"3152","Male",62,"48 Texas","11 40,000 to 49,999",9,"4 Divorced","1 Yes","0 No","0",100,0,0,"1 Yes",98,1,11,"Harris"
"3153","Female",41,"32 Nevada","1 Less than $5,000",11,"1 Married (spouse lives with me)","1 Yes","0 No","100",NA,100,NA,"1 Yes",0,100,1,"Trump"
"3154","Female",68,"53 Washington","13 60,000 to 74,999",13,"1 Married (spouse lives with me)","1 Yes","0 No","100",NA,50,50,"1 Yes",40,50,13,"Trump"
"3155","Male",23,"17 Illinois","1 Less than $5,000",13,"6 Never married","1 Yes","0 No","90",25,25,50,"0 No",NA,NA,1,"Other"
"3156","Male",19,"17 Illinois","1 Less than $5,000",9,"6 Never married","1 Yes","0 No","100",NA,NA,NA,"0 No",100,0,1,NA
"3157","Male",67,"24 Maryland","6 15,000 to 19,999",4,"6 Never married","1 Yes","0 No","50",50,45,5,"0 No",55,45,6,"Harris"
"3158","Male",19,"12 Florida","14 75,000 to 99,999",9,"6 Never married","1 Yes","1 Yes","0",NA,NA,100,"1 Yes",50,50,14,"Other"
"3159","Male",33,"6 California","16 150,000 or more",14,"6 Never married","1 Yes","1 Yes","100",NA,NA,NA,"1 Yes",100,0,16,NA
"3160","Female",64,"34 New Jersey","14 75,000 to 99,999",10,"1 Married (spouse lives with me)","1 Yes","0 No","100",100,NA,NA,"1 Yes",60,40,14,"Harris"
"3161","Male",34,"37 North Carolina","2 5,000 to 7,499",9,"6 Never married","1 Yes","1 Yes","100",NA,NA,NA,"0 No",11,20,2,NA
"3162","Male",61,"34 New Jersey","13 60,000 to 74,999",10,"1 Married (spouse lives with me)","1 Yes","0 No","100",NA,NA,NA,"1 Yes",75,25,13,NA
"3163","Female",62,"18 Indiana","13 60,000 to 74,999",10,"4 Divorced","1 Yes","1 Yes","100",100,0,0,"0 No",100,0,13,"Harris"
"3164","Female",61,"48 Texas","10 35,000 to 39,999",13,"1 Married (spouse lives with me)","1 Yes","0 No","100",NA,NA,NA,"1 Yes",5,95,10,NA
"3165","Female",32,"13 Georgia","13 60,000 to 74,999",11,"1 Married (spouse lives with me)","1 Yes","1 Yes","100",100,0,0,"0 No",100,0,13,"Harris"
"3166","Female",33,"42 Pennsylvania","16 150,000 or more",14,"1 Married (spouse lives with me)","1 Yes","1 Yes","100",100,0,0,"1 Yes",70,30,16,"Harris"
"3167","Male",57,"48 Texas","11 40,000 to 49,999",3,"1 Married (spouse lives with me)","1 Yes","1 Yes","100",30,70,NA,"0 No",50,50,11,"Trump"
"3168","Male",38,"36 New York","10 35,000 to 39,999",13,"1 Married (spouse lives with me)","1 Yes","1 Yes","50",50,50,NA,"0 No",25,75,10,"Trump"
"3169","Female",63,"18 Indiana","15 100,000 to 149,999",14,"1 Married (spouse lives with me)","1 Yes","1 Yes","100",NA,NA,NA,"1 Yes",99,1,15,NA
"3170","Female",48,"34 New Jersey","15 100,000 to 149,999",14,"1 Married (spouse lives with me)","1 Yes","0 No","98",100,0,0,"0 No",100,0,15,"Harris"
"3171","Male",33,"36 New York","15 100,000 to 149,999",15,"1 Married (spouse lives with me)","1 Yes","1 Yes","100",30,70,0,"1 Yes",20,80,15,"Trump"
"3172","Female",63,"6 California","15 100,000 to 149,999",12,"1 Married (spouse lives with me)","1 Yes","0 No","100",NA,NA,NA,"1 Yes",45,50,15,NA
"3173","Female",19,"37 North Carolina","1 Less than $5,000",10,"6 Never married","1 Yes","1 Yes","100",NA,NA,NA,"1 Yes",20,70,1,NA
"3174","Male",25,"6 California","1 Less than $5,000",9,"1 Married (spouse lives with me)","1 Yes","0 No","100",NA,NA,NA,"0 No",NA,NA,1,NA
"3175","Female",19,"26 Michigan","16 150,000 or more",10,"6 Never married","1 Yes","1 Yes","90",100,0,0,"1 Yes",6,90,16,"Harris"
"3176","Male",69,"36 New York","4 10,000 to 12,499",9,"4 Divorced","1 Yes","0 No","100",NA,NA,NA,"0 No",0,0,4,NA
"3177","Female",74,"29 Missouri","16 150,000 or more",11,"5 Widowed","1 Yes","0 No","100",NA,100,NA,"1 Yes",0,100,16,"Trump"
"3178","Female",20,"51 Virginia","15 100,000 to 149,999",12,"6 Never married","1 Yes","0 No",".a",NA,NA,NA,"1 Yes",NA,NA,15,NA
"3179","Female",53,"13 Georgia","9 30,000 to 34,999",9,"4 Divorced","1 Yes","1 Yes","100",NA,100,NA,"1 Yes",40,60,9,"Trump"
"3180","Female",64,"24 Maryland","15 100,000 to 149,999",14,"1 Married (spouse lives with me)","1 Yes","1 Yes","100",100,NA,NA,"1 Yes",80,20,15,"Harris"
"3181","Male",45,"13 Georgia","12 50,000 to 59,999",14,"6 Never married","1 Yes","1 Yes","50",90,0,10,"1 Yes",95,0,12,"Harris"
"3182","Female",56,"55 Wisconsin","15 100,000 to 149,999",9,"1 Married (spouse lives with me)","1 Yes","1 Yes","100",NA,NA,NA,"1 Yes",55,45,15,NA
"3183","Female",35,"13 Georgia","13 60,000 to 74,999",12,"3 Separated","1 Yes","0 No","100",25,75,NA,"0 No",25,75,13,"Trump"
"3184","Male",26,"6 California","14 75,000 to 99,999",14,"6 Never married","1 Yes","0 No","100",NA,NA,NA,"0 No",100,0,14,NA
"3185","Female",19,"28 Mississippi","4 10,000 to 12,499",9,"6 Never married","1 Yes","0 No","0",NA,NA,100,"1 Yes",NA,NA,4,"Other"
"3186","Female",33,"1 Alabama","13 60,000 to 74,999",13,"1 Married (spouse lives with me)","1 Yes","1 Yes","2",0,0,100,"0 No",0,60,13,"Other"
"3187","Male",28,"51 Virginia","16 150,000 or more",14,"6 Never married","1 Yes","1 Yes","100",NA,NA,NA,"0 No",0,0,16,NA
"3188","Male",46,"37 North Carolina","15 100,000 to 149,999",10,"1 Married (spouse lives with me)","1 Yes","1 Yes","100",0,100,0,"1 Yes",5,95,15,"Trump"
"3189","Male",47,"13 Georgia","12 50,000 to 59,999",9,"1 Married (spouse lives with me)","1 Yes","1 Yes","100",NA,NA,NA,"1 Yes",0,100,12,NA
"3190","Male",57,"41 Oregon","13 60,000 to 74,999",12,"1 Married (spouse lives with me)","1 Yes","1 Yes","100",NA,NA,NA,"1 Yes",20,80,13,NA
"3191","Male",55,"13 Georgia","7 20,000 to 24,999",10,"4 Divorced","1 Yes","0 No","33",35,35,30,"1 Yes",34,34,7,"Trump"
"3192","Male",24,"17 Illinois","2 5,000 to 7,499",9,"6 Never married","1 Yes","0 No","50",NA,100,NA,"0 No",0,100,2,"Trump"
"3193","Female",57,"37 North Carolina","14 75,000 to 99,999",13,"1 Married (spouse lives with me)","1 Yes","0 No","100",50,5,45,"1 Yes",30,60,14,"Harris"
"3194","Female",23,"37 North Carolina","13 60,000 to 74,999",13,"6 Never married","1 Yes","1 Yes","95",98,0,2,"1 Yes",20,70,13,"Harris"
"3195","Male",44,"6 California","16 150,000 or more",14,"1 Married (spouse lives with me)","1 Yes","1 Yes","100",NA,NA,NA,"1 Yes",100,0,16,NA
"3196","Female",25,"13 Georgia","4 10,000 to 12,499",10,"6 Never married","1 Yes","1 Yes","100",NA,100,NA,"1 Yes",0,100,4,"Trump"
"3197","Female",65,"48 Texas","13 60,000 to 74,999",10,"3 Separated","1 Yes","0 No","0",100,0,0,"1 Yes",20,50,13,"Harris"
"3198","Male",19,"13 Georgia","16 150,000 or more",9,"6 Never married","1 Yes","0 No","70",NA,100,NA,"1 Yes",10,90,16,"Trump"
"3199","Female",74,"13 Georgia","15 100,000 to 149,999",11,"1 Married (spouse lives with me)","1 Yes","0 No","100",NA,NA,NA,"1 Yes",80,20,15,NA
"3200","Female",30,"13 Georgia","3 7,500 to 9,999",8,"1 Married (spouse lives with me)","1 Yes","1 Yes","0",79,20,1,"0 No",NA,NA,3,"Harris"
"3201","Male",51,"12 Florida","16 150,000 or more",14,"1 Married (spouse lives with me)","1 Yes","1 Yes","100",NA,100,NA,"1 Yes",0,100,16,"Trump"
"3202","Male",30,"34 New Jersey","9 30,000 to 34,999",11,"6 Never married","1 Yes","1 Yes","90",NA,100,NA,"1 Yes",0,100,9,"Trump"
"3203","Female",78,"13 Georgia","15 100,000 to 149,999",9,"6 Never married","1 Yes","1 Yes","100",100,NA,NA,"1 Yes",60,40,15,"Harris"
"3204","Female",59,"34 New Jersey","14 75,000 to 99,999",9,"4 Divorced","1 Yes","1 Yes","100",NA,100,NA,"1 Yes",0,100,14,"Trump"
"3205","Female",26,"34 New Jersey","14 75,000 to 99,999",13,"1 Married (spouse lives with me)","1 Yes","0 No","100",100,0,0,"1 Yes",80,15,14,"Harris"
"3206","Female",28,"13 Georgia","11 40,000 to 49,999",10,"1 Married (spouse lives with me)","1 Yes","0 No","0",100,0,0,"0 No",NA,NA,11,"Harris"
"3207","Female",41,"37 North Carolina","10 35,000 to 39,999",9,"6 Never married","1 Yes","1 Yes","0",0,100,0,"0 No",45,55,10,"Trump"
"3208","Female",69,"51 Virginia","8 25,000 to 2,999",10,"1 Married (spouse lives with me)","1 Yes","0 No","100",NA,NA,NA,"0 No",50,0,8,NA
"3209","Female",46,"42 Pennsylvania","7 20,000 to 24,999",9,"1 Married (spouse lives with me)","1 Yes","0 No","100",NA,NA,NA,"1 Yes",0,100,7,NA
"3210","Female",40,"34 New Jersey","11 40,000 to 49,999",10,"3 Separated","1 Yes","1 Yes","100",NA,NA,NA,"0 No",100,0,11,NA
"3211","Female",24,"12 Florida","12 50,000 to 59,999",10,"1 Married (spouse lives with me)","1 Yes","0 No","0",NA,100,NA,"1 Yes",40,60,12,"Trump"
"3212","Female",45,"48 Texas","16 150,000 or more",14,"6 Never married","1 Yes","1 Yes","100",100,0,0,"0 No",85,15,16,"Harris"
"3213","Male",29,"26 Michigan","13 60,000 to 74,999",13,"6 Never married","1 Yes","1 Yes","100",NA,NA,NA,"1 Yes",80,20,13,NA
"3214","Male",49,"36 New York","12 50,000 to 59,999",16,"1 Married (spouse lives with me)","1 Yes","1 Yes","100",100,NA,NA,"0 No",80,20,12,"Harris"
"3215","Female",26,"12 Florida","10 35,000 to 39,999",9,"6 Never married","1 Yes","0 No","10",NA,100,NA,"1 Yes",0,100,10,"Trump"
"3216","Male",69,"26 Michigan","9 30,000 to 34,999",10,"6 Never married","1 Yes","0 No","100",NA,NA,NA,"0 No",70,30,9,NA
"3217","Female",70,"39 Ohio","11 40,000 to 49,999",13,"5 Widowed","1 Yes","0 No","100",NA,NA,NA,"1 Yes",75,25,11,NA
"3218","Female",39,"36 New York","9 30,000 to 34,999",9,"6 Never married","1 Yes","1 Yes","100",80,18,2,"0 No",70,28,9,"Harris"
"3219","Male",60,"36 New York","6 15,000 to 19,999",7,"5 Widowed","1 Yes","0 No","0",0,0,100,"1 Yes",NA,NA,6,"Other"
"3220","Male",27,"36 New York","16 150,000 or more",13,"1 Married (spouse lives with me)","1 Yes","1 Yes","100",100,0,0,"0 No",100,0,16,"Harris"
"3221","Male",72,"34 New Jersey","15 100,000 to 149,999",13,"1 Married (spouse lives with me)","1 Yes","0 No","100",NA,NA,NA,"1 Yes",75,25,15,NA
"3222","Male",34,"36 New York","14 75,000 to 99,999",13,"6 Never married","1 Yes","1 Yes","100",50,50,NA,"0 No",50,50,14,"Trump"
"3223","Female",47,"45 South Carolina","9 30,000 to 34,999",9,"6 Never married","1 Yes","1 Yes","100",0,85,15,"0 No",20,80,9,"Trump"
"3224","Female",33,"42 Pennsylvania","10 35,000 to 39,999",10,"1 Married (spouse lives with me)","1 Yes","1 Yes","100",100,0,0,"1 Yes",25,75,10,"Harris"
"3225","Female",35,"42 Pennsylvania","15 100,000 to 149,999",14,"1 Married (spouse lives with me)","1 Yes","1 Yes","100",50,50,NA,"1 Yes",35,65,15,"Trump"
"3226","Male",36,"26 Michigan","1 Less than $5,000",10,"6 Never married","1 Yes","0 No","100",NA,NA,NA,"0 No",100,0,1,NA
"3227","Male",37,"34 New Jersey","15 100,000 to 149,999",13,"4 Divorced","1 Yes","1 Yes","0",100,0,0,"1 Yes",50,50,15,"Harris"
"3228","Female",61,"12 Florida","12 50,000 to 59,999",10,"1 Married (spouse lives with me)","1 Yes","1 Yes","100",NA,100,NA,"1 Yes",30,70,12,"Trump"
"3229","Male",68,"36 New York","15 100,000 to 149,999",10,"2 Married (spouse lives elsewhere)","1 Yes","1 Yes","99",49,49,2,"1 Yes",52,47,15,"Trump"
"3230","Female",69,"36 New York","8 25,000 to 2,999",12,"4 Divorced","1 Yes","1 Yes","100",100,0,0,"1 Yes",99,1,8,"Harris"
"3231","Female",50,"36 New York","16 150,000 or more",13,"1 Married (spouse lives with me)","1 Yes","1 Yes","100",100,NA,NA,"0 No",100,0,16,"Harris"
"3232","Female",31,"26 Michigan","13 60,000 to 74,999",14,"6 Never married","1 Yes","1 Yes","100",100,0,0,"1 Yes",90,10,13,"Harris"
"3233","Female",30,"42 Pennsylvania","12 50,000 to 59,999",13,"6 Never married","1 Yes","1 Yes","100",100,0,0,"1 Yes",80,15,12,"Harris"
"3234","Female",59,"36 New York","15 100,000 to 149,999",10,"1 Married (spouse lives with me)","1 Yes","1 Yes","100",100,0,0,"0 No",97,3,15,"Harris"
"3235","Female",56,"10 Delaware","1 Less than $5,000",10,"4 Divorced","1 Yes","0 No","100",NA,100,NA,"1 Yes",0,100,1,"Trump"
"3236","Female",55,"51 Virginia","14 75,000 to 99,999",13,"4 Divorced","1 Yes","1 Yes","100",NA,100,NA,"1 Yes",50,50,14,"Trump"
"3237","Male",47,"24 Maryland","16 150,000 or more",13,"1 Married (spouse lives with me)","1 Yes","1 Yes","40",40,20,40,"1 Yes",40,40,16,"Harris"
"3238","Male",23,"21 Kentucky","2 5,000 to 7,499",9,"6 Never married","1 Yes","0 No","100",NA,100,NA,"1 Yes",0,100,2,"Trump"
"3239","Male",53,"11 District of Columbia","14 75,000 to 99,999",9,"1 Married (spouse lives with me)","1 Yes","1 Yes","100",NA,NA,NA,"0 No",100,0,14,NA
"3240","Female",35,"26 Michigan","12 50,000 to 59,999",13,"6 Never married","1 Yes","1 Yes","100",45,45,10,"1 Yes",50,50,12,"Trump"
"3241","Female",61,"33 New Hampshire","16 150,000 or more",13,"1 Married (spouse lives with me)","1 Yes","0 No","100",100,NA,NA,"1 Yes",50,50,16,"Harris"
"3242","Male",49,"12 Florida","15 100,000 to 149,999",10,"1 Married (spouse lives with me)","1 Yes","1 Yes","100",100,NA,NA,"1 Yes",70,30,15,"Harris"
"3243","Male",63,"51 Virginia","13 60,000 to 74,999",13,"4 Divorced","1 Yes","0 No","100",NA,NA,NA,"1 Yes",60,40,13,NA
"3244","Female",68,"42 Pennsylvania","9 30,000 to 34,999",9,"5 Widowed","1 Yes","0 No","100",100,NA,NA,"1 Yes",50,50,9,"Harris"
"3245","Male",77,"12 Florida","14 75,000 to 99,999",13,"1 Married (spouse lives with me)","1 Yes","0 No","100",50,50,0,"1 Yes",25,75,14,"Trump"
"3246","Female",65,"42 Pennsylvania","14 75,000 to 99,999",9,"1 Married (spouse lives with me)","1 Yes","1 Yes","100",100,0,0,"1 Yes",80,20,14,"Harris"
"3247","Female",47,"12 Florida","8 25,000 to 2,999",10,"6 Never married","1 Yes","1 Yes","20",20,60,20,"1 Yes",0,75,8,"Trump"
"3248","Male",70,"12 Florida","14 75,000 to 99,999",12,"1 Married (spouse lives with me)","1 Yes","1 Yes","100",100,0,0,"0 No",75,25,14,"Harris"
"3249","Male",72,"42 Pennsylvania","12 50,000 to 59,999",13,"6 Never married","1 Yes","0 No","100",100,NA,NA,"1 Yes",95,5,12,"Harris"
"3250","Female",77,"42 Pennsylvania","7 20,000 to 24,999",10,"4 Divorced","1 Yes","0 No","100",NA,NA,NA,"1 Yes",75,25,7,NA
"3251","Female",22,"37 North Carolina","9 30,000 to 34,999",12,"6 Never married","1 Yes","1 Yes","100",0,50,50,"1 Yes",0,100,9,"Trump"
"3252","Male",67,"36 New York","16 150,000 or more",10,"1 Married (spouse lives with me)","1 Yes","1 Yes","100",NA,NA,NA,"1 Yes",40,30,16,NA
"3253","Female",20,"36 New York","10 35,000 to 39,999",10,"6 Never married","1 Yes","0 No","25",50,50,NA,"0 No",30,70,10,"Trump"
"3254","Male",44,"24 Maryland","15 100,000 to 149,999",10,"1 Married (spouse lives with me)","1 Yes","1 Yes","100",100,NA,NA,"1 Yes",70,30,15,"Harris"
"3255","Female",23,"36 New York","1 Less than $5,000",9,"6 Never married","1 Yes","0 No","85",100,NA,NA,"0 No",100,0,1,"Harris"
"3256","Male",79,"17 Illinois","11 40,000 to 49,999",10,"5 Widowed","1 Yes","0 No","100",NA,NA,NA,"1 Yes",100,0,11,NA
"3257","Female",54,"37 North Carolina","12 50,000 to 59,999",14,"4 Divorced","1 Yes","1 Yes","100",NA,NA,NA,"0 No",85,15,12,NA
"3258","Male",39,"47 Tennessee","11 40,000 to 49,999",11,"6 Never married","1 Yes","1 Yes","100",NA,NA,NA,"1 Yes",60,40,11,NA
"3259","Male",78,"42 Pennsylvania","11 40,000 to 49,999",10,"1 Married (spouse lives with me)","1 Yes","0 No","100",100,0,NA,"1 Yes",50,50,11,"Harris"
"3260","Male",59,"51 Virginia","15 100,000 to 149,999",10,"1 Married (spouse lives with me)","1 Yes","1 Yes","100",NA,NA,NA,"0 No",95,5,15,NA
"3261","Female",66,"36 New York","10 35,000 to 39,999",12,"4 Divorced","1 Yes","1 Yes","100",0,100,0,"1 Yes",15,85,10,"Trump"
"3262","Female",36,"42 Pennsylvania","15 100,000 to 149,999",13,"1 Married (spouse lives with me)","1 Yes","1 Yes","100",100,NA,NA,"1 Yes",78,21,15,"Harris"
"3263","Male",38,"36 New York","11 40,000 to 49,999",10,"6 Never married","1 Yes","1 Yes","100",75,25,NA,"0 No",90,0,11,"Harris"
"3264","Female",30,"48 Texas","9 30,000 to 34,999",11,"6 Never married","1 Yes","1 Yes","100",0,100,0,"0 No",25,75,9,"Trump"
"3265","Female",54,"34 New Jersey","16 150,000 or more",13,"1 Married (spouse lives with me)","1 Yes","1 Yes","100",NA,NA,NA,"1 Yes",80,10,16,NA
"3266","Male",41,"37 North Carolina","1 Less than $5,000",10,"1 Married (spouse lives with me)","1 Yes","1 Yes","90",45,45,10,"0 No",49,35,1,"Trump"
"3267","Female",34,"36 New York","12 50,000 to 59,999",14,"6 Never married","1 Yes","1 Yes","100",0,100,NA,"1 Yes",10,90,12,"Trump"
"3268","Male",70,"39 Ohio","9 30,000 to 34,999",9,"4 Divorced","1 Yes","0 No","100",NA,NA,NA,"1 Yes",48,48,9,NA
"3269","Male",39,"36 New York","14 75,000 to 99,999",10,"1 Married (spouse lives with me)","1 Yes","1 Yes","100",NA,NA,NA,"1 Yes",49,50,14,NA
"3270","Female",31,"26 Michigan","1 Less than $5,000",5,"6 Never married","1 Yes","0 No","100",0,100,NA,"1 Yes",0,100,1,"Trump"
"3271","Female",64,"54 West Virginia","9 30,000 to 34,999",10,"4 Divorced","1 Yes","0 No","100",100,0,0,"1 Yes",80,5,9,"Harris"
"3272","Female",40,"24 Maryland","16 150,000 or more",16,"1 Married (spouse lives with me)","1 Yes","0 No","100",NA,NA,NA,"1 Yes",100,0,16,NA
"3273","Male",79,"34 New Jersey","12 50,000 to 59,999",13,"1 Married (spouse lives with me)","1 Yes","0 No","100",NA,100,NA,"1 Yes",30,70,12,"Trump"
"3274","Female",70,"37 North Carolina","12 50,000 to 59,999",13,"1 Married (spouse lives with me)","1 Yes","0 No","100",NA,NA,NA,"1 Yes",20,75,12,NA
"3275","Male",66,"13 Georgia","14 75,000 to 99,999",12,"1 Married (spouse lives with me)","1 Yes","0 No","100",NA,NA,NA,"0 No",70,30,14,NA
"3276","Female",60,"12 Florida","15 100,000 to 149,999",9,"1 Married (spouse lives with me)","1 Yes","1 Yes","100",NA,NA,NA,"1 Yes",85,15,15,NA
"3277","Female",59,"39 Ohio","14 75,000 to 99,999",12,"1 Married (spouse lives with me)","1 Yes","0 No","100",NA,100,NA,"1 Yes",25,75,14,"Trump"
"3278","Female",38,"36 New York","16 150,000 or more",13,"1 Married (spouse lives with me)","1 Yes","1 Yes","99",100,0,0,"1 Yes",75,25,16,"Harris"
"3279","Female",32,"44 Rhode Island","1 Less than $5,000",11,"5 Widowed","1 Yes","1 Yes","25",0,50,50,"0 No",0,100,1,"Trump"
"3280","Female",76,"26 Michigan","9 30,000 to 34,999",9,"4 Divorced","1 Yes","0 No","50",50,NA,50,"0 No",100,0,9,"Harris"
"3281","Male",54,"12 Florida","1 Less than $5,000",7,"6 Never married","1 Yes","0 No","0",40,20,40,"1 Yes",30,70,1,"Harris"
"3282","Female",67,"25 Massachusetts","5 12,500 to 14,999",12,"6 Never married","1 Yes","0 No","100",100,0,0,"0 No",100,0,5,"Harris"
"3283","Female",54,"45 South Carolina","6 15,000 to 19,999",10,"5 Widowed","1 Yes","0 No","0",0,100,0,"0 No",0,100,6,"Trump"
"3284","Male",64,"45 South Carolina","5 12,500 to 14,999",11,"6 Never married","1 Yes","0 No","100",100,NA,NA,"1 Yes",50,50,5,"Harris"
"3285","Male",68,"42 Pennsylvania","16 150,000 or more",15,"1 Married (spouse lives with me)","1 Yes","0 No","100",100,NA,NA,"1 Yes",92,8,16,"Harris"
"3286","Male",38,"36 New York","16 150,000 or more",13,"1 Married (spouse lives with me)","1 Yes","1 Yes","75",100,NA,NA,"0 No",100,0,16,"Harris"
"3287","Female",74,"36 New York","11 40,000 to 49,999",9,"1 Married (spouse lives with me)","1 Yes","0 No","100",100,NA,NA,"0 No",100,0,11,"Harris"
"3288","Female",72,"42 Pennsylvania","11 40,000 to 49,999",12,"1 Married (spouse lives with me)","1 Yes","0 No","100",50,50,NA,"1 Yes",50,50,11,"Trump"
"3289","Female",23,"13 Georgia","13 60,000 to 74,999",13,"6 Never married","1 Yes","1 Yes","100",NA,100,NA,"1 Yes",40,60,13,"Trump"
"3290","Male",80,"36 New York","11 40,000 to 49,999",10,"6 Never married","1 Yes","0 No","100",100,NA,NA,"1 Yes",85,15,11,"Harris"
"3291","Female",42,"13 Georgia","16 150,000 or more",15,"1 Married (spouse lives with me)","1 Yes","1 Yes","100",75,0,25,"1 Yes",20,75,16,"Harris"
"3292","Female",45,"13 Georgia","14 75,000 to 99,999",14,"6 Never married","1 Yes","1 Yes","100",NA,NA,NA,"0 No",100,0,14,NA
"3293","Female",68,"42 Pennsylvania","15 100,000 to 149,999",9,"4 Divorced","1 Yes","1 Yes","100",NA,NA,NA,"1 Yes",100,0,15,NA
"3294","Female",39,"13 Georgia","4 10,000 to 12,499",9,"6 Never married","1 Yes","0 No","100",0,100,0,"1 Yes",0,100,4,"Trump"
"3295","Male",78,"12 Florida","12 50,000 to 59,999",13,"4 Divorced","1 Yes","0 No","85",0,100,0,"1 Yes",38,60,12,"Trump"
"3296","Female",48,"36 New York","16 150,000 or more",14,"6 Never married","1 Yes","1 Yes","100",100,0,0,"1 Yes",100,0,16,"Harris"
"3297","Female",42,"13 Georgia","2 5,000 to 7,499",9,"6 Never married","1 Yes","0 No","100",100,0,0,"0 No",60,30,2,"Harris"
"3298","Male",67,"25 Massachusetts","16 150,000 or more",10,"1 Married (spouse lives with me)","1 Yes","1 Yes","100",0,100,0,"1 Yes",5,95,16,"Trump"
"3299","Female",45,"13 Georgia","14 75,000 to 99,999",14,"6 Never married","1 Yes","1 Yes","100",NA,NA,NA,"0 No",100,0,14,NA
"3300","Female",36,"13 Georgia","1 Less than $5,000",10,"6 Never married","1 Yes","0 No","100",NA,NA,100,"0 No",100,0,1,"Other"
"3301","Male",75,"42 Pennsylvania","13 60,000 to 74,999",14,"4 Divorced","1 Yes","0 No","100",100,NA,NA,"1 Yes",75,25,13,"Harris"
"3302","Female",23,"37 North Carolina","13 60,000 to 74,999",10,"6 Never married","1 Yes","1 Yes","100",NA,NA,100,"1 Yes",25,25,13,"Other"
"3303","Female",85,"12 Florida","15 100,000 to 149,999",16,"1 Married (spouse lives with me)","1 Yes","0 No","100",100,NA,NA,"1 Yes",100,0,15,"Harris"
"3304","Female",70,"26 Michigan","8 25,000 to 2,999",10,"2 Married (spouse lives elsewhere)","1 Yes","0 No","0",0,75,25,"1 Yes",50,50,8,"Trump"
"3305","Female",39,"34 New Jersey","1 Less than $5,000",11,"6 Never married","1 Yes","0 No","100",100,NA,NA,"0 No",100,0,1,"Harris"
"3306","Female",45,"13 Georgia","16 150,000 or more",12,"1 Married (spouse lives with me)","1 Yes","1 Yes","100",NA,NA,NA,"0 No",100,0,16,NA
"3307","Male",57,"10 Delaware","14 75,000 to 99,999",9,"1 Married (spouse lives with me)","1 Yes","0 No","100",100,0,0,"1 Yes",80,20,14,"Harris"
"3308","Male",38,"12 Florida","15 100,000 to 149,999",14,"1 Married (spouse lives with me)","1 Yes","1 Yes","100",NA,100,NA,"1 Yes",25,75,15,"Trump"
"3309","Female",45,"13 Georgia","15 100,000 to 149,999",10,"1 Married (spouse lives with me)","1 Yes","1 Yes","80",50,50,NA,"1 Yes",0,100,15,"Trump"
"3310","Male",45,"24 Maryland","15 100,000 to 149,999",14,"1 Married (spouse lives with me)","1 Yes","1 Yes","90",0,55,45,"1 Yes",15,75,15,"Trump"
"3311","Male",41,"42 Pennsylvania","15 100,000 to 149,999",13,"1 Married (spouse lives with me)","1 Yes","1 Yes","90",90,0,10,"1 Yes",40,60,15,"Harris"
"3312","Male",58,"34 New Jersey","16 150,000 or more",14,"1 Married (spouse lives with me)","1 Yes","1 Yes","100",100,NA,NA,"1 Yes",50,50,16,"Harris"
"3313","Female",46,"42 Pennsylvania","14 75,000 to 99,999",14,"1 Married (spouse lives with me)","1 Yes","1 Yes","100",100,NA,NA,"1 Yes",75,20,14,"Harris"
"3314","Female",33,"26 Michigan","14 75,000 to 99,999",12,"1 Married (spouse lives with me)","1 Yes","1 Yes","98",0,98,2,"1 Yes",35,60,14,"Trump"
"3315","Male",74,"13 Georgia","13 60,000 to 74,999",13,"1 Married (spouse lives with me)","1 Yes","0 No","100",NA,NA,NA,"1 Yes",5,95,13,NA
"3316","Female",42,"25 Massachusetts","5 12,500 to 14,999",10,"1 Married (spouse lives with me)","1 Yes","0 No","40",5,95,0,"1 Yes",40,60,5,"Trump"
"3317","Female",45,"51 Virginia","10 35,000 to 39,999",11,"4 Divorced","1 Yes","1 Yes","100",NA,NA,100,"0 No",100,0,10,"Other"
"3318","Male",62,"33 New Hampshire","14 75,000 to 99,999",10,"1 Married (spouse lives with me)","1 Yes","1 Yes","100",49,51,NA,"1 Yes",20,80,14,"Trump"
"3319","Male",40,"34 New Jersey","7 20,000 to 24,999",10,"6 Never married","1 Yes","1 Yes","50",NA,NA,100,"0 No",0,0,7,"Other"
"3320","Male",79,"12 Florida","13 60,000 to 74,999",14,"1 Married (spouse lives with me)","1 Yes","0 No","100",NA,NA,NA,"1 Yes",10,90,13,NA
"3321","Male",61,"39 Ohio","13 60,000 to 74,999",10,"6 Never married","1 Yes","1 Yes","100",0,0,100,"1 Yes",30,25,13,"Other"
"3322","Female",69,"12 Florida","12 50,000 to 59,999",13,"1 Married (spouse lives with me)","1 Yes","0 No","100",NA,100,NA,"1 Yes",25,75,12,"Trump"
"3323","Male",80,"13 Georgia","13 60,000 to 74,999",16,"1 Married (spouse lives with me)","1 Yes","0 No","100",NA,NA,NA,"1 Yes",80,20,13,NA
"3324","Female",23,"47 Tennessee","10 35,000 to 39,999",12,"6 Never married","1 Yes","0 No","80",100,0,0,"1 Yes",100,0,10,"Harris"
"3325","Female",49,"12 Florida","1 Less than $5,000",6,"6 Never married","1 Yes","0 No","0",50,50,0,"0 No",50,50,1,"Trump"
"3326","Female",42,"42 Pennsylvania","13 60,000 to 74,999",9,"1 Married (spouse lives with me)","1 Yes","0 No","100",NA,100,NA,"1 Yes",5,95,13,"Trump"
"3327","Male",73,"12 Florida","13 60,000 to 74,999",13,"5 Widowed","1 Yes","0 No","100",NA,NA,NA,"1 Yes",100,0,13,NA
"3328","Female",42,"13 Georgia","12 50,000 to 59,999",9,"1 Married (spouse lives with me)","1 Yes","1 Yes","100",0,100,0,"1 Yes",25,75,12,"Trump"
"3329","Male",71,"26 Michigan","14 75,000 to 99,999",13,"1 Married (spouse lives with me)","1 Yes","0 No","100",NA,NA,NA,"1 Yes",25,74,14,NA
"3330","Female",43,"45 South Carolina","11 40,000 to 49,999",10,"3 Separated","1 Yes","1 Yes","10",10,70,20,"1 Yes",20,80,11,"Trump"
"3331","Female",36,"13 Georgia","9 30,000 to 34,999",9,"6 Never married","1 Yes","0 No","100",65,35,NA,"0 No",100,0,9,"Harris"
"3332","Female",37,"25 Massachusetts","13 60,000 to 74,999",16,"6 Never married","1 Yes","1 Yes","100",100,NA,NA,"0 No",100,0,13,"Harris"
"3333","Female",45,"13 Georgia","10 35,000 to 39,999",6,"6 Never married","1 Yes","0 No","0",0,0,100,"1 Yes",50,50,10,"Other"
"3334","Female",69,"12 Florida","13 60,000 to 74,999",13,"1 Married (spouse lives with me)","1 Yes","0 No","100",100,0,NA,"1 Yes",40,60,13,"Harris"
"3335","Female",68,"42 Pennsylvania","12 50,000 to 59,999",13,"1 Married (spouse lives with me)","1 Yes","0 No","100",100,NA,NA,"1 Yes",50,50,12,"Harris"
"3336","Female",38,"42 Pennsylvania","15 100,000 to 149,999",13,"3 Separated","1 Yes","1 Yes","100",100,0,0,"0 No",90,10,15,"Harris"
"3337","Female",35,"12 Florida","11 40,000 to 49,999",13,"6 Never married","1 Yes","0 No","100",NA,NA,NA,"1 Yes",100,0,11,NA
"3338","Female",67,"26 Michigan","15 100,000 to 149,999",8,"1 Married (spouse lives with me)","1 Yes","0 No","100",NA,NA,NA,"1 Yes",50,50,15,NA
"3339","Female",71,"42 Pennsylvania","12 50,000 to 59,999",10,"1 Married (spouse lives with me)","1 Yes","0 No","100",NA,NA,NA,"1 Yes",20,75,12,NA
"3340","Female",35,"42 Pennsylvania","10 35,000 to 39,999",14,"1 Married (spouse lives with me)","1 Yes","0 No","100",0,0,100,"1 Yes",85,15,10,"Other"
"3341","Female",43,"12 Florida","12 50,000 to 59,999",13,"1 Married (spouse lives with me)","1 Yes","1 Yes","100",NA,NA,NA,"1 Yes",20,60,12,NA
"3342","Male",75,"37 North Carolina","8 25,000 to 2,999",10,"5 Widowed","1 Yes","1 Yes","100",100,NA,NA,"1 Yes",90,10,8,"Harris"
"3343","Female",27,"36 New York","15 100,000 to 149,999",13,"6 Never married","1 Yes","1 Yes","100",100,0,0,"1 Yes",90,10,15,"Harris"
"3344","Female",46,"26 Michigan","6 15,000 to 19,999",9,"6 Never married","1 Yes","0 No","100",100,0,0,"0 No",100,0,6,"Harris"
"3345","Female",NA,"13 Georgia","15 100,000 to 149,999",13,"6 Never married","1 Yes","1 Yes","100",0,100,0,"1 Yes",50,50,15,"Trump"
"3346","Male",89,"36 New York","15 100,000 to 149,999",14,"1 Married (spouse lives with me)","1 Yes","0 No","100",100,0,0,"1 Yes",100,0,15,"Harris"
"3347","Male",72,"34 New Jersey","16 150,000 or more",14,"1 Married (spouse lives with me)","1 Yes","0 No","100",NA,NA,NA,"1 Yes",60,40,16,NA
"3348","Female",20,"42 Pennsylvania","16 150,000 or more",10,"6 Never married","1 Yes","1 Yes","100",NA,NA,NA,"1 Yes",75,20,16,NA
"3349","Female",74,"12 Florida","9 30,000 to 34,999",12,"4 Divorced","1 Yes","0 No","100",NA,NA,NA,"1 Yes",97,3,9,NA
"3350","Female",75,"34 New Jersey","16 150,000 or more",11,"1 Married (spouse lives with me)","1 Yes","0 No","100",NA,NA,NA,"1 Yes",89,10,16,NA
"3351","Female",60,"25 Massachusetts","15 100,000 to 149,999",9,"6 Never married","1 Yes","0 No","100",NA,NA,NA,"1 Yes",25,75,15,NA
"3352","Male",63,"36 New York","7 20,000 to 24,999",14,"1 Married (spouse lives with me)","1 Yes","0 No","100",100,0,0,"1 Yes",100,0,7,"Harris"
"3353","Female",68,"12 Florida","4 10,000 to 12,499",9,"4 Divorced","1 Yes","0 No","25",75,25,0,"1 Yes",45,55,4,"Harris"
"3354","Female",64,"39 Ohio","10 35,000 to 39,999",10,"4 Divorced","1 Yes","0 No","100",75,25,0,"1 Yes",60,40,10,"Harris"
"3355","Male",40,"34 New Jersey","16 150,000 or more",13,"1 Married (spouse lives with me)","1 Yes","1 Yes","100",NA,NA,NA,"1 Yes",100,0,16,NA
"3356","Female",88,"12 Florida","15 100,000 to 149,999",13,"4 Divorced","1 Yes","0 No","100",100,0,0,"1 Yes",50,50,15,"Harris"
"3357","Female",38,"42 Pennsylvania","13 60,000 to 74,999",9,"1 Married (spouse lives with me)","1 Yes","1 Yes","100",NA,100,NA,"1 Yes",5,95,13,"Trump"
"3358","Male",41,"42 Pennsylvania","16 150,000 or more",13,"1 Married (spouse lives with me)","1 Yes","1 Yes","100",NA,NA,NA,"1 Yes",50,50,16,NA
"3359","Female",58,"18 Indiana","14 75,000 to 99,999",10,"4 Divorced","1 Yes","1 Yes","100",NA,100,NA,"1 Yes",NA,NA,14,"Trump"
"3360","Male",42,"42 Pennsylvania","15 100,000 to 149,999",11,"1 Married (spouse lives with me)","1 Yes","1 Yes","0",0,30,70,"1 Yes",0,100,15,"Other"
"3361","Male",70,"37 North Carolina","9 30,000 to 34,999",9,"4 Divorced","1 Yes","1 Yes","100",NA,NA,NA,"1 Yes",1,99,9,NA
"3362","Female",48,"34 New Jersey","16 150,000 or more",14,"1 Married (spouse lives with me)","1 Yes","0 No","100",99,0,1,"0 No",80,20,16,"Harris"
"3363","Female",52,"13 Georgia","12 50,000 to 59,999",13,"6 Never married","1 Yes","1 Yes","100",100,NA,NA,"0 No",99,1,12,"Harris"
"3364","Female",59,"12 Florida","15 100,000 to 149,999",13,"1 Married (spouse lives with me)","1 Yes","1 Yes","100",100,0,0,"1 Yes",90,10,15,"Harris"
"3365","Male",81,"34 New Jersey","12 50,000 to 59,999",10,"1 Married (spouse lives with me)","1 Yes","0 No","100",NA,NA,NA,"1 Yes",50,50,12,NA
"3366","Male",45,"24 Maryland","12 50,000 to 59,999",11,"4 Divorced","1 Yes","1 Yes","100",100,0,0,"0 No",98,2,12,"Harris"
"3367","Male",29,"25 Massachusetts","16 150,000 or more",16,"1 Married (spouse lives with me)","1 Yes","1 Yes","100",100,0,0,"0 No",90,10,16,"Harris"
"3368","Female",31,"37 North Carolina","1 Less than $5,000",7,"1 Married (spouse lives with me)","1 Yes","0 No","50",0,100,0,"0 No",0,99,1,"Trump"
"3369","Male",36,"36 New York","16 150,000 or more",10,"6 Never married","1 Yes","0 No","100",100,0,0,"0 No",95,5,16,"Harris"
"3370","Male",70,"42 Pennsylvania","14 75,000 to 99,999",14,"1 Married (spouse lives with me)","1 Yes","0 No","100",NA,NA,NA,"1 Yes",75,25,14,NA
"3371","Male",68,"42 Pennsylvania","15 100,000 to 149,999",14,"4 Divorced","1 Yes","1 Yes","100",NA,100,NA,"1 Yes",30,70,15,"Trump"
"3372","Female",31,"26 Michigan","7 20,000 to 24,999",10,"6 Never married","1 Yes","1 Yes","100",NA,NA,NA,"0 No",60,0,7,NA
"3373","Female",25,"13 Georgia","10 35,000 to 39,999",11,"6 Never married","1 Yes","1 Yes","100",100,NA,NA,"0 No",100,0,10,"Harris"
"3374","Male",72,"26 Michigan","15 100,000 to 149,999",13,"1 Married (spouse lives with me)","1 Yes","0 No","100",NA,NA,NA,"1 Yes",70,30,15,NA
"3375","Female",41,"42 Pennsylvania","14 75,000 to 99,999",16,"6 Never married","1 Yes","1 Yes","99",20,80,0,"1 Yes",60,40,14,"Trump"
"3376","Female",56,"42 Pennsylvania","6 15,000 to 19,999",9,"6 Never married","1 Yes","0 No","100",NA,NA,NA,"0 No",100,0,6,NA
"3377","Male",35,"12 Florida","15 100,000 to 149,999",13,"1 Married (spouse lives with me)","1 Yes","1 Yes","100",100,NA,NA,"1 Yes",60,40,15,"Harris"
"3378","Male",45,"25 Massachusetts","11 40,000 to 49,999",9,"6 Never married","1 Yes","1 Yes","100",100,NA,NA,"1 Yes",60,20,11,"Harris"
"3379","Male",67,"37 North Carolina","10 35,000 to 39,999",12,"6 Never married","1 Yes","0 No","100",NA,NA,NA,"0 No",100,0,10,NA
"3380","Male",39,"42 Pennsylvania","4 10,000 to 12,499",9,"1 Married (spouse lives with me)","1 Yes","0 No","100",100,NA,NA,"0 No",80,20,4,"Harris"
"3381","Female",37,"13 Georgia","15 100,000 to 149,999",13,"1 Married (spouse lives with me)","1 Yes","1 Yes","100",100,NA,NA,"1 Yes",45,55,15,"Harris"
"3382","Female",43,"42 Pennsylvania","13 60,000 to 74,999",12,"1 Married (spouse lives with me)","1 Yes","1 Yes","100",0,100,0,"1 Yes",25,75,13,"Trump"
"3383","Female",33,"36 New York","15 100,000 to 149,999",14,"1 Married (spouse lives with me)","1 Yes","1 Yes","95",100,0,NA,"1 Yes",100,0,15,"Harris"
"3384","Female",22,"9 Connecticut","7 20,000 to 24,999",10,"6 Never married","1 Yes","1 Yes","15",0,0,100,"1 Yes",NA,NA,7,"Other"
"3385","Male",42,"13 Georgia","1 Less than $5,000",9,"6 Never married","1 Yes","1 Yes","100",100,0,0,"0 No",100,0,1,"Harris"
"3386","Male",43,"26 Michigan","2 5,000 to 7,499",6,"6 Never married","1 Yes","0 No","0",NA,90,10,"1 Yes",0,100,2,"Trump"
"3387","Female",67,"34 New Jersey","14 75,000 to 99,999",14,"1 Married (spouse lives with me)","1 Yes","0 No","100",100,0,0,"1 Yes",90,10,14,"Harris"
"3388","Female",36,"42 Pennsylvania","9 30,000 to 34,999",12,"6 Never married","1 Yes","1 Yes","100",100,NA,NA,"0 No",100,0,9,"Harris"
"3389","Female",70,"25 Massachusetts","3 7,500 to 9,999",10,"4 Divorced","1 Yes","0 No","100",NA,NA,NA,"1 Yes",50,50,3,NA
"3390","Female",44,"25 Massachusetts","16 150,000 or more",14,"1 Married (spouse lives with me)","1 Yes","1 Yes","90",85,15,0,"1 Yes",65,35,16,"Harris"
"3391","Female",40,"42 Pennsylvania","14 75,000 to 99,999",14,"1 Married (spouse lives with me)","1 Yes","1 Yes","90",0,100,NA,"1 Yes",20,80,14,"Trump"
"3392","Male",68,"42 Pennsylvania","16 150,000 or more",14,"1 Married (spouse lives with me)","1 Yes","0 No","100",0,50,50,"1 Yes",48,42,16,"Trump"
"3393","Male",65,"26 Michigan","10 35,000 to 39,999",10,"6 Never married","1 Yes","1 Yes","100",NA,NA,NA,"1 Yes",60,40,10,NA
"3394","Female",67,"37 North Carolina","13 60,000 to 74,999",14,"6 Never married","1 Yes","0 No","0",100,NA,NA,"1 Yes",70,30,13,"Harris"
"3395","Female",35,"25 Massachusetts","13 60,000 to 74,999",13,"4 Divorced","1 Yes","1 Yes","100",NA,NA,NA,"1 Yes",67,32,13,NA
"3396","Male",35,"36 New York","14 75,000 to 99,999",14,"6 Never married","1 Yes","1 Yes","100",NA,NA,NA,"0 No",40,40,14,NA
"3397","Male",79,"17 Illinois","16 150,000 or more",13,"1 Married (spouse lives with me)","1 Yes","1 Yes","100",0,100,0,"1 Yes",10,90,16,"Trump"
"3398","Female",30,"42 Pennsylvania","13 60,000 to 74,999",10,"6 Never married","1 Yes","1 Yes","20",99,0,1,"1 Yes",20,50,13,"Harris"
"3399","Female",71,"42 Pennsylvania","15 100,000 to 149,999",10,"1 Married (spouse lives with me)","1 Yes","0 No","100",50,50,NA,"1 Yes",20,80,15,"Trump"
"3400","Female",38,"44 Rhode Island","14 75,000 to 99,999",13,"1 Married (spouse lives with me)","1 Yes","1 Yes","95",95,0,5,"1 Yes",50,48,14,"Harris"
"3401","Female",49,"42 Pennsylvania","14 75,000 to 99,999",10,"1 Married (spouse lives with me)","1 Yes","0 No","50",0,90,10,"1 Yes",0,80,14,"Trump"
"3402","Male",63,"13 Georgia","1 Less than $5,000",9,"6 Never married","1 Yes","0 No","0",100,NA,NA,"1 Yes",70,30,1,"Harris"
"3403","Female",54,"42 Pennsylvania","10 35,000 to 39,999",9,"1 Married (spouse lives with me)","1 Yes","0 No","100",NA,NA,NA,"1 Yes",0,90,10,NA
"3404","Male",41,"42 Pennsylvania","14 75,000 to 99,999",12,"1 Married (spouse lives with me)","1 Yes","1 Yes","100",50,50,0,"0 No",50,50,14,"Trump"
"3405","Female",59,"42 Pennsylvania","10 35,000 to 39,999",13,"3 Separated","1 Yes","1 Yes","0",NA,100,NA,"1 Yes",10,90,10,"Trump"
"3406","Female",55,"36 New York","2 5,000 to 7,499",11,"1 Married (spouse lives with me)","1 Yes","0 No","100",100,0,0,"0 No",90,0,2,"Harris"
"3407","Female",71,"37 North Carolina","1 Less than $5,000",8,"5 Widowed","1 Yes","0 No","100",0,100,0,"1 Yes",50,50,1,"Trump"
"3408","Male",66,"13 Georgia","14 75,000 to 99,999",14,"1 Married (spouse lives with me)","1 Yes","0 No","100",NA,NA,NA,"0 No",50,50,14,NA
"3409","Female",72,"12 Florida","10 35,000 to 39,999",9,"5 Widowed","1 Yes","1 Yes","100",NA,NA,NA,"1 Yes",10,90,10,NA
"3410","Female",55,"42 Pennsylvania","16 150,000 or more",9,"1 Married (spouse lives with me)","1 Yes","1 Yes","100",NA,100,NA,"1 Yes",5,95,16,"Trump"
"3411","Male",33,"25 Massachusetts","16 150,000 or more",13,"1 Married (spouse lives with me)","1 Yes","1 Yes","100",100,NA,NA,"1 Yes",100,0,16,"Harris"
"3412","Male",64,"51 Virginia","9 30,000 to 34,999",10,"6 Never married","1 Yes","1 Yes","80",100,0,NA,"1 Yes",75,25,9,"Harris"
"3413","Female",36,"42 Pennsylvania","1 Less than $5,000",9,"6 Never married","1 Yes","0 No","75",90,10,NA,"0 No",100,0,1,"Harris"
"3414","Male",80,"12 Florida","10 35,000 to 39,999",9,"1 Married (spouse lives with me)","1 Yes","0 No","100",100,NA,NA,"1 Yes",80,20,10,"Harris"
"3415","Male",31,"6 California","16 150,000 or more",15,"6 Never married","1 Yes","1 Yes","100",100,NA,NA,"0 No",90,10,16,"Harris"
"3416","Male",25,"42 Pennsylvania","14 75,000 to 99,999",13,"1 Married (spouse lives with me)","1 Yes","1 Yes","100",0,100,0,"1 Yes",25,75,14,"Trump"
"3417","Female",38,"39 Ohio","12 50,000 to 59,999",13,"1 Married (spouse lives with me)","1 Yes","1 Yes","100",100,NA,NA,"1 Yes",65,35,12,"Harris"
"3418","Female",39,"13 Georgia","3 7,500 to 9,999",10,"2 Married (spouse lives elsewhere)","1 Yes","1 Yes","100",NA,NA,NA,"0 No",100,0,3,NA
"3419","Female",41,"42 Pennsylvania","15 100,000 to 149,999",14,"1 Married (spouse lives with me)","1 Yes","1 Yes","75",40,45,15,"1 Yes",50,50,15,"Trump"
"3420","Male",56,"26 Michigan","13 60,000 to 74,999",13,"1 Married (spouse lives with me)","1 Yes","1 Yes","100",0,100,NA,"1 Yes",40,60,13,"Trump"
"3421","Female",49,"12 Florida","4 10,000 to 12,499",5,"4 Divorced","1 Yes","0 No","50",0,100,0,"1 Yes",0,100,4,"Trump"
"3422","Female",69,"13 Georgia","4 10,000 to 12,499",10,"4 Divorced","1 Yes","0 No","100",100,0,0,"1 Yes",100,0,4,"Harris"
"3423","Female",73,"42 Pennsylvania","15 100,000 to 149,999",13,"1 Married (spouse lives with me)","1 Yes","0 No","100",NA,NA,NA,"1 Yes",1,99,15,NA
"3424","Male",53,"36 New York","15 100,000 to 149,999",10,"6 Never married","1 Yes","0 No","100",0,100,0,"0 No",0,100,15,"Trump"
"3425","Male",70,"12 Florida","13 60,000 to 74,999",10,"1 Married (spouse lives with me)","1 Yes","0 No","100",NA,100,NA,"1 Yes",20,75,13,"Trump"
"3426","Male",71,"26 Michigan","3 7,500 to 9,999",10,"6 Never married","1 Yes","1 Yes","100",NA,100,NA,"1 Yes",25,75,3,"Trump"
"3427","Male",64,"26 Michigan","12 50,000 to 59,999",13,"4 Divorced","1 Yes","1 Yes","100",NA,NA,NA,"1 Yes",80,20,12,NA
"3428","Male",56,"37 North Carolina","16 150,000 or more",14,"1 Married (spouse lives with me)","1 Yes","0 No","50",NA,100,NA,"0 No",39,60,16,"Trump"
"3429","Male",58,"42 Pennsylvania","16 150,000 or more",13,"1 Married (spouse lives with me)","1 Yes","1 Yes","100",NA,NA,NA,"1 Yes",50,50,16,NA
"3430","Male",60,"42 Pennsylvania","11 40,000 to 49,999",9,"6 Never married","1 Yes","1 Yes","100",NA,NA,NA,"0 No",100,0,11,NA
"3431","Female",25,"42 Pennsylvania","16 150,000 or more",13,"6 Never married","1 Yes","1 Yes","100",NA,NA,NA,"1 Yes",80,20,16,NA
"3432","Female",68,"42 Pennsylvania",".e",10,"1 Married (spouse lives with me)","1 Yes","0 No","100",0,100,0,"1 Yes",2,98,NA,"Trump"
"3433","Female",66,"9 Connecticut","1 Less than $5,000",13,"1 Married (spouse lives with me)","1 Yes","0 No","100",NA,NA,NA,"0 No",0,100,1,NA
"3434","Female",77,"42 Pennsylvania","11 40,000 to 49,999",10,"5 Widowed","1 Yes","0 No","100",NA,NA,NA,"1 Yes",80,20,11,NA
"3435","Female",57,"36 New York","8 25,000 to 2,999",10,"2 Married (spouse lives elsewhere)","1 Yes","1 Yes","100",NA,NA,NA,"0 No",100,0,8,NA
"3436","Male",67,"13 Georgia","16 150,000 or more",13,"1 Married (spouse lives with me)","1 Yes","0 No","100",100,0,0,"1 Yes",60,40,16,"Harris"
"3437","Female",27,"37 North Carolina","2 5,000 to 7,499",9,"6 Never married","1 Yes","0 No","100",100,0,0,"0 No",100,0,2,"Harris"
"3438","Male",82,"12 Florida","14 75,000 to 99,999",13,"1 Married (spouse lives with me)","1 Yes","0 No","100",NA,NA,NA,"1 Yes",0,100,14,NA
"3439","Male",66,"51 Virginia","16 150,000 or more",15,"1 Married (spouse lives with me)","1 Yes","0 No","100",NA,NA,NA,"1 Yes",80,20,16,NA
"3440","Male",62,"42 Pennsylvania","11 40,000 to 49,999",9,"6 Never married","1 Yes","0 No","100",100,0,0,"0 No",80,18,11,"Harris"
"3441","Male",74,"25 Massachusetts","16 150,000 or more",15,"1 Married (spouse lives with me)","1 Yes","0 No","100",NA,NA,NA,"1 Yes",88,12,16,NA
"3442","Male",78,"47 Tennessee","10 35,000 to 39,999",10,"1 Married (spouse lives with me)","1 Yes","0 No","100",NA,100,NA,"1 Yes",5,95,10,"Trump"
"3443","Female",63,"5 Arkansas","8 25,000 to 2,999",9,"4 Divorced","1 Yes","1 Yes","100",100,0,0,"0 No",30,40,8,"Harris"
"3444","Male",42,"48 Texas","4 10,000 to 12,499",9,"1 Married (spouse lives with me)","1 Yes","1 Yes","50",0,50,50,"1 Yes",40,60,4,"Trump"
"3445","Female",51,"17 Illinois","7 20,000 to 24,999",9,"6 Never married","1 Yes","1 Yes","100",NA,NA,NA,"0 No",95,5,7,NA
"3446","Female",53,"28 Mississippi","4 10,000 to 12,499",9,"4 Divorced","1 Yes","0 No","0",50,50,0,"1 Yes",50,50,4,"Trump"
"3447","Female",38,"47 Tennessee","13 60,000 to 74,999",14,"6 Never married","1 Yes","1 Yes","100",100,0,0,"0 No",80,0,13,"Harris"
"3448","Male",67,"48 Texas","15 100,000 to 149,999",14,"1 Married (spouse lives with me)","1 Yes","0 No","100",NA,NA,NA,"1 Yes",0,100,15,NA
"3449","Female",35,"48 Texas","1 Less than $5,000",5,"6 Never married","1 Yes","1 Yes","0",100,0,0,"1 Yes",50,0,1,"Harris"
"3450","Female",81,"29 Missouri","9 30,000 to 34,999",9,"5 Widowed","1 Yes","0 No","100",50,50,NA,"1 Yes",48,45,9,"Trump"
"3451","Female",33,"5 Arkansas","14 75,000 to 99,999",10,"1 Married (spouse lives with me)","1 Yes","0 No","100",20,20,60,"1 Yes",20,70,14,"Other"
"3452","Male",43,"48 Texas","7 20,000 to 24,999",9,"1 Married (spouse lives with me)","1 Yes","1 Yes","0",0,50,50,"1 Yes",NA,NA,7,"Trump"
"3453","Male",63,"40 Oklahoma","5 12,500 to 14,999",9,"4 Divorced","1 Yes","0 No","10",90,0,10,"1 Yes",20,80,5,"Harris"
"3454","Female",49,"48 Texas","11 40,000 to 49,999",9,"4 Divorced","1 Yes","1 Yes","0",0,0,100,"1 Yes",10,90,11,"Other"
"3455","Female",60,"1 Alabama","12 50,000 to 59,999",12,"1 Married (spouse lives with me)","1 Yes","1 Yes","0",100,0,0,"0 No",100,0,12,"Harris"
"3456","Male",73,"21 Kentucky","12 50,000 to 59,999",7,"1 Married (spouse lives with me)","1 Yes","0 No","0",0,100,0,"1 Yes",25,75,12,"Trump"
"3457","Male",24,"21 Kentucky","1 Less than $5,000",10,"6 Never married","1 Yes","0 No","100",NA,NA,NA,"1 Yes",0,100,1,NA
"3458","Male",53,"47 Tennessee","14 75,000 to 99,999",13,"1 Married (spouse lives with me)","1 Yes","1 Yes","100",0,100,NA,"1 Yes",10,90,14,"Trump"
"3459","Female",28,"17 Illinois","13 60,000 to 74,999",14,"6 Never married","1 Yes","1 Yes","50",40,60,0,"1 Yes",60,40,13,"Trump"
"3460","Female",36,"48 Texas","1 Less than $5,000",6,"6 Never married","1 Yes","0 No","40",10,50,40,"1 Yes",40,50,1,"Trump"
"3461","Male",67,"29 Missouri","16 150,000 or more",14,"1 Married (spouse lives with me)","1 Yes","1 Yes","80",50,50,NA,"1 Yes",50,50,16,"Trump"
"3462","Male",33,"40 Oklahoma","13 60,000 to 74,999",9,"6 Never married","1 Yes","0 No","0",0,100,0,"1 Yes",75,25,13,"Trump"
"3463","Male",40,"40 Oklahoma","8 25,000 to 2,999",10,"6 Never married","1 Yes","1 Yes","0",100,0,0,"1 Yes",50,50,8,"Harris"
"3464","Male",82,"48 Texas","9 30,000 to 34,999",9,"1 Married (spouse lives with me)","1 Yes","0 No","100",NA,NA,NA,"1 Yes",75,25,9,NA
"3465","Female",28,"48 Texas","13 60,000 to 74,999",15,"6 Never married","1 Yes","1 Yes","100",100,0,NA,"1 Yes",100,0,13,"Harris"
"3466","Female",62,"5 Arkansas","11 40,000 to 49,999",10,"4 Divorced","1 Yes","1 Yes","100",NA,NA,NA,"1 Yes",0,100,11,NA
"3467","Female",33,"48 Texas","16 150,000 or more",13,"1 Married (spouse lives with me)","1 Yes","1 Yes","0",0,0,100,"1 Yes",33,67,16,"Other"
"3468","Female",51,"48 Texas","15 100,000 to 149,999",14,"1 Married (spouse lives with me)","1 Yes","1 Yes","100",100,NA,NA,"0 No",100,0,15,"Harris"
"3469","Male",27,"48 Texas","15 100,000 to 149,999",13,"6 Never married","1 Yes","1 Yes","0",100,0,0,"1 Yes",90,10,15,"Harris"
"3470","Female",73,"55 Wisconsin","6 15,000 to 19,999",13,"6 Never married","1 Yes","0 No","100",100,0,NA,"1 Yes",40,40,6,"Harris"
"3471","Female",45,"17 Illinois","10 35,000 to 39,999",13,"1 Married (spouse lives with me)","1 Yes","0 No","80",100,NA,NA,"1 Yes",100,0,10,"Harris"
"3472","Male",64,"29 Missouri","4 10,000 to 12,499",11,"3 Separated","1 Yes","0 No","100",0,100,0,"1 Yes",5,75,4,"Trump"
"3473","Male",66,"5 Arkansas","4 10,000 to 12,499",9,"1 Married (spouse lives with me)","1 Yes","0 No","50",50,50,NA,"0 No",50,50,4,"Trump"
"3474","Male",82,"48 Texas","5 12,500 to 14,999",11,"4 Divorced","1 Yes","0 No","100",NA,NA,NA,"1 Yes",0,99,5,NA
"3475","Female",24,"55 Wisconsin","11 40,000 to 49,999",10,"6 Never married","1 Yes","1 Yes","100",100,0,0,"0 No",100,0,11,"Harris"
"3476","Male",45,"29 Missouri","9 30,000 to 34,999",9,"1 Married (spouse lives with me)","1 Yes","0 No","0",0,0,100,"0 No",20,80,9,"Other"
"3477","Female",65,"26 Michigan","9 30,000 to 34,999",9,"5 Widowed","1 Yes","1 Yes","100",NA,100,NA,"1 Yes",10,75,9,"Trump"
"3478","Male",31,"19 Iowa","4 10,000 to 12,499",9,"6 Never married","1 Yes","0 No","40",100,NA,NA,"1 Yes",40,60,4,"Harris"
"3479","Male",62,"1 Alabama","4 10,000 to 12,499",10,"4 Divorced","1 Yes","0 No","100",0,100,NA,"1 Yes",10,90,4,"Trump"
"3480","Female",24,"48 Texas","16 150,000 or more",13,"6 Never married","1 Yes","1 Yes","100",100,0,0,"1 Yes",50,50,16,"Harris"
"3481","Female",55,"48 Texas","4 10,000 to 12,499",9,"4 Divorced","1 Yes","0 No","100",NA,NA,NA,"0 No",100,0,4,NA
"3482","Female",61,"1 Alabama","16 150,000 or more",13,"1 Married (spouse lives with me)","1 Yes","1 Yes","100",NA,100,NA,"1 Yes",50,50,16,"Trump"
"3483","Female",27,"47 Tennessee","1 Less than $5,000",9,"6 Never married","1 Yes","1 Yes","70",25,0,75,"0 No",0,0,1,"Other"
"3484","Female",51,"1 Alabama","15 100,000 to 149,999",11,"1 Married (spouse lives with me)","1 Yes","0 No","100",0,100,0,"1 Yes",0,100,15,"Trump"
"3485","Female",42,"48 Texas","13 60,000 to 74,999",10,"6 Never married","1 Yes","1 Yes","100",100,NA,NA,"0 No",100,0,13,"Harris"
"3486","Female",46,"12 Florida","12 50,000 to 59,999",12,"6 Never married","1 Yes","1 Yes","1",8,12,80,"1 Yes",40,40,12,"Other"
"3487","Male",74,"55 Wisconsin","13 60,000 to 74,999",13,"2 Married (spouse lives elsewhere)","1 Yes","0 No","100",NA,NA,NA,"1 Yes",100,0,13,NA
"3488","Male",57,"27 Minnesota","15 100,000 to 149,999",14,"4 Divorced","1 Yes","1 Yes","100",NA,NA,NA,"1 Yes",90,10,15,NA
"3489","Female",20,"17 Illinois","4 10,000 to 12,499",10,"6 Never married","1 Yes","1 Yes","100",100,0,0,"1 Yes",100,0,4,"Harris"
"3490","Female",31,"48 Texas","11 40,000 to 49,999",12,"1 Married (spouse lives with me)","1 Yes","0 No","100",NA,100,NA,"1 Yes",NA,NA,11,"Trump"
"3491","Male",78,"55 Wisconsin","13 60,000 to 74,999",14,"5 Widowed","1 Yes","0 No","100",NA,100,NA,"1 Yes",0,100,13,"Trump"
"3492","Female",44,"29 Missouri","11 40,000 to 49,999",10,"6 Never married","1 Yes","1 Yes","100",100,0,0,"0 No",100,0,11,"Harris"
"3493","Female",24,"17 Illinois","2 5,000 to 7,499",13,"6 Never married","1 Yes","1 Yes","100",100,NA,NA,"1 Yes",80,20,2,"Harris"
"3494","Female",52,"17 Illinois","15 100,000 to 149,999",10,"1 Married (spouse lives with me)","1 Yes","0 No","0",40,60,NA,"1 Yes",50,50,15,"Trump"
"3495","Female",36,"17 Illinois","6 15,000 to 19,999",14,"5 Widowed","1 Yes","0 No","96",21,79,0,"0 No",43,52,6,"Trump"
"3496","Female",43,"29 Missouri","14 75,000 to 99,999",9,"1 Married (spouse lives with me)","1 Yes","0 No","100",0,100,0,"1 Yes",5,95,14,"Trump"
"3497","Male",28,"29 Missouri","11 40,000 to 49,999",10,"6 Never married","1 Yes","1 Yes","98",97,0,3,"1 Yes",100,0,11,"Harris"
"3498","Female",38,"1 Alabama","3 7,500 to 9,999",9,"6 Never married","1 Yes","0 No","100",0,100,0,"1 Yes",0,100,3,"Trump"
"3499","Male",62,"47 Tennessee","14 75,000 to 99,999",9,"1 Married (spouse lives with me)","1 Yes","1 Yes","100",NA,NA,NA,"1 Yes",9,90,14,NA
"3500","Female",24,"55 Wisconsin","3 7,500 to 9,999",9,"6 Never married","1 Yes","0 No","0",100,0,0,"1 Yes",95,5,3,"Harris"
"3501","Male",33,"40 Oklahoma","16 150,000 or more",12,"1 Married (spouse lives with me)","1 Yes","1 Yes","100",45,55,0,"1 Yes",20,80,16,"Trump"
"3502","Female",19,"27 Minnesota","2 5,000 to 7,499",9,"6 Never married","1 Yes","0 No","50",100,0,NA,"0 No",90,10,2,"Harris"
"3503","Male",25,"28 Mississippi","11 40,000 to 49,999",13,"6 Never married","1 Yes","1 Yes","100",NA,100,NA,"1 Yes",10,90,11,"Trump"
"3504","Female",72,"28 Mississippi","9 30,000 to 34,999",12,"4 Divorced","1 Yes","0 No","100",100,0,0,"0 No",75,20,9,"Harris"
"3505","Female",23,"31 Nebraska","13 60,000 to 74,999",13,"6 Never married","1 Yes","1 Yes","100",90,NA,10,"1 Yes",75,25,13,"Harris"
"3506","Male",76,"22 Louisiana","12 50,000 to 59,999",10,"1 Married (spouse lives with me)","1 Yes","0 No","100",NA,NA,NA,"1 Yes",0,100,12,NA
"3507","Female",30,"1 Alabama","14 75,000 to 99,999",10,"1 Married (spouse lives with me)","1 Yes","0 No","50",NA,100,NA,"1 Yes",0,100,14,"Trump"
"3508","Female",67,"1 Alabama","6 15,000 to 19,999",9,"4 Divorced","1 Yes","0 No","100",NA,90,10,"1 Yes",5,95,6,"Trump"
"3509","Male",76,"19 Iowa","15 100,000 to 149,999",14,"1 Married (spouse lives with me)","1 Yes","0 No","100",100,NA,NA,"1 Yes",60,40,15,"Harris"
"3510","Female",41,"48 Texas","12 50,000 to 59,999",10,"6 Never married","1 Yes","1 Yes","100",100,0,0,"1 Yes",80,20,12,"Harris"
"3511","Female",69,"29 Missouri","11 40,000 to 49,999",12,"5 Widowed","1 Yes","0 No","100",100,0,0,"0 No",75,25,11,"Harris"
"3512","Male",62,"1 Alabama","16 150,000 or more",14,"1 Married (spouse lives with me)","1 Yes","1 Yes","100",100,0,NA,"1 Yes",60,40,16,"Harris"
"3513","Male",65,"22 Louisiana","15 100,000 to 149,999",13,"1 Married (spouse lives with me)","1 Yes","0 No","100",NA,NA,NA,"1 Yes",1,99,15,NA
"3514","Male",65,"55 Wisconsin","14 75,000 to 99,999",13,"1 Married (spouse lives with me)","1 Yes","0 No","100",60,40,NA,"1 Yes",50,50,14,"Harris"
"3515","Female",51,"19 Iowa","9 30,000 to 34,999",9,"1 Married (spouse lives with me)","1 Yes","1 Yes","100",0,100,NA,"1 Yes",20,80,9,"Trump"
"3516","Female",52,"17 Illinois","16 150,000 or more",14,"1 Married (spouse lives with me)","1 Yes","1 Yes","100",NA,NA,NA,"0 No",96,4,16,NA
"3517","Female",35,"12 Florida","13 60,000 to 74,999",10,"1 Married (spouse lives with me)","1 Yes","0 No","100",100,NA,NA,"1 Yes",70,30,13,"Harris"
"3518","Male",34,"55 Wisconsin","4 10,000 to 12,499",10,"1 Married (spouse lives with me)","1 Yes","0 No","0",11,79,10,"1 Yes",32,42,4,"Trump"
"3519","Female",29,"47 Tennessee","15 100,000 to 149,999",14,"6 Never married","1 Yes","1 Yes","80",20,80,NA,"1 Yes",40,60,15,"Trump"
"3520","Male",50,"20 Kansas","1 Less than $5,000",9,"6 Never married","1 Yes","0 No","0",0,0,100,"1 Yes",50,50,1,"Other"
"3521","Female",83,"48 Texas","13 60,000 to 74,999",10,"1 Married (spouse lives with me)","1 Yes","0 No","100",NA,NA,NA,"1 Yes",0,100,13,NA
"3522","Female",67,"48 Texas","7 20,000 to 24,999",10,"4 Divorced","1 Yes","0 No","0",50,50,NA,"1 Yes",50,50,7,"Trump"
"3523","Male",27,"27 Minnesota","14 75,000 to 99,999",13,"4 Divorced","1 Yes","1 Yes","100",0,100,NA,"1 Yes",18,80,14,"Trump"
"3524","Female",51,"48 Texas","14 75,000 to 99,999",10,"1 Married (spouse lives with me)","1 Yes","1 Yes","0",100,NA,NA,"1 Yes",50,50,14,"Harris"
"3525","Female",37,"1 Alabama","3 7,500 to 9,999",9,"6 Never married","1 Yes","0 No","100",100,0,0,"0 No",100,0,3,"Harris"
"3526","Male",53,"22 Louisiana","15 100,000 to 149,999",10,"1 Married (spouse lives with me)","1 Yes","1 Yes","100",NA,NA,NA,"1 Yes",0,100,15,NA
"3527","Female",46,"47 Tennessee","11 40,000 to 49,999",12,"4 Divorced","1 Yes","0 No","100",NA,100,NA,"1 Yes",0,100,11,"Trump"
"3528","Female",47,"28 Mississippi","14 75,000 to 99,999",14,"6 Never married","1 Yes","1 Yes","100",100,0,0,"0 No",100,0,14,"Harris"
"3529","Female",63,"1 Alabama","11 40,000 to 49,999",9,"4 Divorced","1 Yes","1 Yes","75",50,50,NA,"0 No",50,50,11,"Trump"
"3530","Female",55,"55 Wisconsin","12 50,000 to 59,999",10,"4 Divorced","1 Yes","1 Yes",".a",NA,NA,NA,"1 Yes",NA,NA,12,NA
"3531","Male",60,"48 Texas","12 50,000 to 59,999",13,"4 Divorced","1 Yes","1 Yes","0",NA,NA,100,"0 No",50,50,12,"Other"
"3532","Female",43,"5 Arkansas","8 25,000 to 2,999",12,"4 Divorced","1 Yes","1 Yes","100",100,0,NA,"0 No",100,0,8,"Harris"
"3533","Male",51,"17 Illinois","16 150,000 or more",13,"1 Married (spouse lives with me)","1 Yes","1 Yes","99",NA,100,NA,"0 No",0,100,16,"Trump"
"3534","Female",27,"28 Mississippi","1 Less than $5,000",9,"6 Never married","1 Yes","0 No","20",50,50,0,"0 No",50,50,1,"Trump"
"3535","Male",45,"21 Kentucky","5 12,500 to 14,999",10,"1 Married (spouse lives with me)","1 Yes","1 Yes","50",0,0,100,"1 Yes",0,0,5,"Other"
"3536","Female",45,"48 Texas","10 35,000 to 39,999",12,"1 Married (spouse lives with me)","1 Yes","1 Yes","100",100,NA,NA,"0 No",80,20,10,"Harris"
"3537","Male",70,"55 Wisconsin","14 75,000 to 99,999",11,"1 Married (spouse lives with me)","1 Yes","0 No","100",NA,NA,NA,"1 Yes",80,20,14,NA
"3538","Male",50,"48 Texas","1 Less than $5,000",9,"6 Never married","1 Yes","0 No","100",0,100,0,"1 Yes",NA,NA,1,"Trump"
"3539","Male",27,"29 Missouri","7 20,000 to 24,999",13,"6 Never married","1 Yes","0 No","100",100,NA,NA,"1 Yes",95,5,7,"Harris"
"3540","Male",37,"17 Illinois","16 150,000 or more",16,"1 Married (spouse lives with me)","1 Yes","1 Yes","0",50,50,0,"0 No",67,33,16,"Trump"
"3541","Female",26,"48 Texas","6 15,000 to 19,999",9,"6 Never married","1 Yes","1 Yes","100",100,0,0,"1 Yes",60,40,6,"Harris"
"3542","Female",53,"48 Texas","3 7,500 to 9,999",9,"1 Married (spouse lives with me)","1 Yes","0 No","0",NA,100,NA,"1 Yes",0,100,3,"Trump"
"3543","Female",40,"55 Wisconsin","1 Less than $5,000",9,"5 Widowed","1 Yes","1 Yes","100",NA,NA,NA,"1 Yes",50,10,1,NA
"3544","Female",60,"29 Missouri","9 30,000 to 34,999",10,"1 Married (spouse lives with me)","1 Yes","1 Yes","100",100,0,0,"0 No",50,50,9,"Harris"
"3545","Female",29,"48 Texas","13 60,000 to 74,999",13,"1 Married (spouse lives with me)","1 Yes","1 Yes","100",NA,100,NA,"1 Yes",5,90,13,"Trump"
"3546","Male",52,"48 Texas","16 150,000 or more",16,"1 Married (spouse lives with me)","1 Yes","1 Yes","100",100,NA,NA,"1 Yes",90,10,16,"Harris"
"3547","Female",29,"31 Nebraska","14 75,000 to 99,999",12,"1 Married (spouse lives with me)","1 Yes","1 Yes","99",100,0,0,"1 Yes",50,50,14,"Harris"
"3548","Male",43,"55 Wisconsin","15 100,000 to 149,999",13,"1 Married (spouse lives with me)","1 Yes","1 Yes","98",90,5,5,"1 Yes",60,30,15,"Harris"
"3549","Female",67,"22 Louisiana","11 40,000 to 49,999",13,"4 Divorced","1 Yes","1 Yes","100",100,0,NA,"0 No",95,5,11,"Harris"
"3550","Male",81,"22 Louisiana","9 30,000 to 34,999",6,"1 Married (spouse lives with me)","1 Yes","0 No","0",50,50,0,"1 Yes",50,50,9,"Trump"
"3551","Female",41,"22 Louisiana","11 40,000 to 49,999",9,"6 Never married","1 Yes","1 Yes","40",25,0,75,"0 No",36,64,11,"Other"
"3552","Female",68,"27 Minnesota","14 75,000 to 99,999",15,"6 Never married","1 Yes","0 No","100",NA,NA,NA,"1 Yes",90,10,14,NA
"3553","Female",25,"48 Texas","12 50,000 to 59,999",13,"6 Never married","1 Yes","1 Yes","100",0,100,0,"1 Yes",0,100,12,"Trump"
"3554","Male",81,"27 Minnesota","10 35,000 to 39,999",10,"5 Widowed","1 Yes","0 No","100",NA,NA,NA,"1 Yes",100,0,10,NA
"3555","Male",36,"17 Illinois","3 7,500 to 9,999",10,"6 Never married","1 Yes","0 No","40",1,98,1,"1 Yes",20,80,3,"Trump"
"3556","Male",74,"29 Missouri","11 40,000 to 49,999",11,"5 Widowed","1 Yes","0 No","100",NA,100,NA,"1 Yes",50,50,11,"Trump"
"3557","Male",51,"48 Texas","15 100,000 to 149,999",10,"1 Married (spouse lives with me)","1 Yes","1 Yes","100",NA,NA,NA,"0 No",NA,NA,15,NA
"3558","Male",34,"17 Illinois","15 100,000 to 149,999",14,"6 Never married","1 Yes","1 Yes","100",100,0,0,"1 Yes",90,10,15,"Harris"
"3559","Female",61,"17 Illinois","11 40,000 to 49,999",14,"5 Widowed","1 Yes","0 No","100",NA,100,NA,"0 No",0,100,11,"Trump"
"3560","Female",25,"17 Illinois","14 75,000 to 99,999",13,"6 Never married","1 Yes","1 Yes","75",100,NA,NA,"1 Yes",60,30,14,"Harris"
"3561","Female",64,"20 Kansas","7 20,000 to 24,999",10,"4 Divorced","1 Yes","0 No","75",100,0,NA,"1 Yes",90,10,7,"Harris"
"3562","Male",34,"17 Illinois","5 12,500 to 14,999",9,"6 Never married","1 Yes","0 No","0",50,50,NA,"0 No",100,0,5,"Trump"
"3563","Female",32,"48 Texas","16 150,000 or more",14,"1 Married (spouse lives with me)","1 Yes","1 Yes","100",100,0,0,"1 Yes",75,20,16,"Harris"
"3564","Female",64,"22 Louisiana","11 40,000 to 49,999",13,"4 Divorced","1 Yes","1 Yes","100",100,NA,NA,"0 No",100,0,11,"Harris"
"3565","Female",55,"22 Louisiana","14 75,000 to 99,999",14,"1 Married (spouse lives with me)","1 Yes","1 Yes","100",100,NA,NA,"0 No",100,0,14,"Harris"
"3566","Female",50,"47 Tennessee","12 50,000 to 59,999",10,"4 Divorced","1 Yes","1 Yes","0",0,0,100,"0 No",0,0,12,"Other"
"3567","Male",85,"47 Tennessee","15 100,000 to 149,999",15,"1 Married (spouse lives with me)","1 Yes","0 No","99",NA,100,NA,"1 Yes",1,99,15,"Trump"
"3568","Female",65,"5 Arkansas","11 40,000 to 49,999",9,"1 Married (spouse lives with me)","1 Yes","0 No","100",NA,NA,NA,"1 Yes",0,100,11,NA
"3569","Female",56,"48 Texas","4 10,000 to 12,499",10,"2 Married (spouse lives elsewhere)","1 Yes","0 No","0",100,NA,NA,"1 Yes",100,0,4,"Harris"
"3570","Female",49,"29 Missouri","14 75,000 to 99,999",9,"1 Married (spouse lives with me)","1 Yes","1 Yes","100",0,100,0,"1 Yes",40,60,14,"Trump"
"3571","Female",72,"22 Louisiana","5 12,500 to 14,999",9,"6 Never married","1 Yes","0 No","0",0,0,100,"0 No",NA,NA,5,"Other"
"3572","Female",50,"48 Texas","16 150,000 or more",13,"1 Married (spouse lives with me)","1 Yes","1 Yes","0",NA,100,NA,"1 Yes",10,90,16,"Trump"
"3573","Male",39,"17 Illinois","14 75,000 to 99,999",11,"4 Divorced","1 Yes","1 Yes","100",NA,NA,NA,"1 Yes",35,60,14,NA
"3574","Male",33,"47 Tennessee","15 100,000 to 149,999",14,"4 Divorced","1 Yes","1 Yes","99",100,NA,NA,"1 Yes",100,0,15,"Harris"
"3575","Male",55,"29 Missouri","13 60,000 to 74,999",13,"6 Never married","1 Yes","0 No","100",0,100,0,"1 Yes",0,100,13,"Trump"
"3576","Female",69,"46 South Dakota","14 75,000 to 99,999",14,"1 Married (spouse lives with me)","1 Yes","0 No","100",100,0,0,"1 Yes",25,75,14,"Harris"
"3577","Female",24,"55 Wisconsin","4 10,000 to 12,499",13,"1 Married (spouse lives with me)","1 Yes","0 No","80",5,80,15,"1 Yes",30,40,4,"Trump"
"3578","Male",83,"35 New Mexico","11 40,000 to 49,999",14,"1 Married (spouse lives with me)","1 Yes","0 No","100",100,0,0,"1 Yes",80,20,11,"Harris"
"3579","Female",30,"35 New Mexico","1 Less than $5,000",9,"1 Married (spouse lives with me)","1 Yes","1 Yes","0",0,0,100,"1 Yes",25,25,1,"Other"
"3580","Male",65,"4 Arizona","11 40,000 to 49,999",12,"1 Married (spouse lives with me)","1 Yes","0 No","100",NA,NA,NA,"1 Yes",0,100,11,NA
"3581","Female",33,"4 Arizona","15 100,000 to 149,999",13,"1 Married (spouse lives with me)","1 Yes","1 Yes","100",100,NA,NA,"1 Yes",80,20,15,"Harris"
"3582","Female",59,"4 Arizona","12 50,000 to 59,999",10,"4 Divorced","1 Yes","1 Yes","100",NA,NA,NA,"1 Yes",75,25,12,NA
"3583","Female",24,"4 Arizona","1 Less than $5,000",13,"6 Never married","1 Yes","0 No","100",NA,NA,NA,"1 Yes",95,5,1,NA
"3584","Female",70,"35 New Mexico","11 40,000 to 49,999",12,"5 Widowed","1 Yes","0 No","100",75,0,25,"0 No",60,20,11,"Harris"
"3585","Female",69,"4 Arizona","15 100,000 to 149,999",13,"1 Married (spouse lives with me)","1 Yes","0 No","100",NA,NA,NA,"1 Yes",25,75,15,NA
"3586","Female",25,"49 Utah","13 60,000 to 74,999",14,"6 Never married","1 Yes","1 Yes","100",NA,NA,NA,"1 Yes",95,0,13,NA
"3587","Male",58,"4 Arizona","16 150,000 or more",14,"4 Divorced","1 Yes","0 No","100",NA,NA,NA,"1 Yes",60,38,16,NA
"3588","Female",72,"4 Arizona","14 75,000 to 99,999",6,"5 Widowed","1 Yes","0 No","10",100,NA,NA,"1 Yes",50,50,14,"Harris"
"3589","Female",69,"4 Arizona","8 25,000 to 2,999",10,"4 Divorced","1 Yes","1 Yes","100",NA,NA,NA,"1 Yes",50,50,8,NA
"3590","Male",60,"4 Arizona","12 50,000 to 59,999",10,"1 Married (spouse lives with me)","1 Yes","0 No","100",NA,NA,NA,"1 Yes",5,95,12,NA
"3591","Male",63,"48 Texas","14 75,000 to 99,999",13,"2 Married (spouse lives elsewhere)","1 Yes","1 Yes","100",NA,NA,NA,"0 No",80,20,14,NA
"3592","Female",24,"8 Colorado","15 100,000 to 149,999",13,"6 Never married","1 Yes","1 Yes","100",NA,NA,NA,"1 Yes",90,10,15,NA
"3593","Female",30,"35 New Mexico","2 5,000 to 7,499",11,"6 Never married","1 Yes","1 Yes","0",50,50,NA,"1 Yes",0,50,2,"Trump"
"3594","Male",40,"48 Texas","5 12,500 to 14,999",10,"4 Divorced","1 Yes","0 No","80",0,100,0,"1 Yes",50,50,5,"Trump"
"3595","Female",82,"4 Arizona","15 100,000 to 149,999",13,"1 Married (spouse lives with me)","1 Yes","0 No","100",NA,NA,NA,"1 Yes",65,35,15,NA
"3596","Male",58,"4 Arizona","16 150,000 or more",15,"1 Married (spouse lives with me)","1 Yes","0 No","100",NA,NA,NA,"1 Yes",100,0,16,NA
"3597","Female",64,"8 Colorado","10 35,000 to 39,999",9,"1 Married (spouse lives with me)","1 Yes","1 Yes","100",NA,NA,NA,"1 Yes",5,95,10,NA
"3598","Male",68,"35 New Mexico","8 25,000 to 2,999",10,"1 Married (spouse lives with me)","1 Yes","0 No","100",NA,NA,NA,"1 Yes",70,30,8,NA
"3599","Male",43,"6 California","13 60,000 to 74,999",13,"1 Married (spouse lives with me)","1 Yes","1 Yes","100",NA,NA,NA,"0 No",100,0,13,NA
"3600","Female",37,"53 Washington","14 75,000 to 99,999",14,"4 Divorced","1 Yes","0 No","100",NA,NA,NA,"1 Yes",90,10,14,NA
"3601","Male",70,"6 California","15 100,000 to 149,999",13,"1 Married (spouse lives with me)","1 Yes","1 Yes","100",NA,NA,NA,"0 No",100,0,15,NA
"3602","Female",60,"53 Washington","12 50,000 to 59,999",14,"1 Married (spouse lives with me)","1 Yes","0 No","100",100,NA,NA,"1 Yes",50,50,12,"Harris"
"3603","Female",36,"32 Nevada","10 35,000 to 39,999",10,"6 Never married","1 Yes","1 Yes","100",0,100,0,"1 Yes",0,100,10,"Trump"
"3604","Male",38,"6 California","16 150,000 or more",14,"6 Never married","1 Yes","1 Yes","100",NA,NA,NA,"0 No",80,20,16,NA
"3605","Male",40,"53 Washington","16 150,000 or more",10,"6 Never married","1 Yes","1 Yes","100",NA,NA,NA,"1 Yes",55,45,16,NA
"3606","Male",77,"6 California","14 75,000 to 99,999",12,"1 Married (spouse lives with me)","1 Yes","0 No","100",NA,NA,NA,"1 Yes",40,60,14,NA
"3607","Male",27,"6 California","12 50,000 to 59,999",9,"6 Never married","1 Yes","1 Yes","100",NA,NA,NA,"1 Yes",20,80,12,NA
"3608","Male",30,"6 California","16 150,000 or more",13,"6 Never married","1 Yes","1 Yes","100",60,40,NA,"0 No",50,50,16,"Harris"
"3609","Male",31,"6 California","15 100,000 to 149,999",14,"6 Never married","1 Yes","1 Yes","100",NA,NA,NA,"1 Yes",90,10,15,NA
"3610","Female",21,"6 California","4 10,000 to 12,499",10,"6 Never married","1 Yes","1 Yes","0",50,50,0,"0 No",NA,NA,4,"Trump"
"3611","Female",66,"53 Washington","13 60,000 to 74,999",9,"1 Married (spouse lives with me)","1 Yes","0 No","100",NA,NA,NA,"1 Yes",100,0,13,NA
"3612","Male",85,"32 Nevada","12 50,000 to 59,999",11,"1 Married (spouse lives with me)","1 Yes","0 No","100",NA,100,NA,"1 Yes",0,100,12,"Trump"
"3613","Female",49,"6 California","16 150,000 or more",13,"6 Never married","1 Yes","1 Yes","100",NA,NA,NA,"1 Yes",95,5,16,NA
"3614","Male",84,"6 California","16 150,000 or more",15,"1 Married (spouse lives with me)","1 Yes","0 No","100",NA,NA,NA,"1 Yes",95,5,16,NA
"3615","Female",63,"6 California","15 100,000 to 149,999",10,"1 Married (spouse lives with me)","1 Yes","0 No","100",0,100,NA,"1 Yes",20,80,15,"Trump"
"3616","Female",34,"53 Washington","16 150,000 or more",14,"1 Married (spouse lives with me)","1 Yes","1 Yes","100",90,0,10,"1 Yes",95,5,16,"Harris"
"3617","Female",34,"6 California","15 100,000 to 149,999",10,"6 Never married","1 Yes","1 Yes","100",100,NA,NA,"0 No",100,0,15,"Harris"
"3618","Male",58,"6 California","14 75,000 to 99,999",13,"4 Divorced","1 Yes","1 Yes","100",100,NA,NA,"1 Yes",65,35,14,"Harris"
"3619","Female",57,"6 California","15 100,000 to 149,999",10,"6 Never married","1 Yes","1 Yes","100",NA,NA,NA,"1 Yes",100,0,15,NA
"3620","Female",26,"53 Washington","15 100,000 to 149,999",13,"6 Never married","1 Yes","1 Yes","100",NA,NA,NA,"1 Yes",100,0,15,NA
"3621","Female",46,"53 Washington","15 100,000 to 149,999",14,"1 Married (spouse lives with me)","1 Yes","1 Yes","100",100,NA,NA,"1 Yes",100,0,15,"Harris"
"3622","Female",35,"6 California","16 150,000 or more",13,"1 Married (spouse lives with me)","1 Yes","1 Yes","100",100,NA,NA,"0 No",80,20,16,"Harris"
"3623","Female",69,"6 California","10 35,000 to 39,999",13,"4 Divorced","1 Yes","0 No","100",NA,NA,NA,"0 No",90,10,10,NA
"3624","Female",37,"32 Nevada","11 40,000 to 49,999",10,"6 Never married","1 Yes","1 Yes","0",0,0,100,"0 No",0,0,11,"Other"
"3625","Male",74,"6 California","16 150,000 or more",14,"1 Married (spouse lives with me)","1 Yes","0 No","100",NA,NA,NA,"0 No",90,10,16,NA
"3626","Female",35,"32 Nevada","8 25,000 to 2,999",14,"1 Married (spouse lives with me)","1 Yes","1 Yes","100",NA,NA,NA,"1 Yes",90,10,8,NA
"3627","Male",45,"6 California","16 150,000 or more",13,"1 Married (spouse lives with me)","1 Yes","1 Yes","100",NA,NA,NA,"0 No",50,50,16,NA
"3628","Male",34,"6 California","4 10,000 to 12,499",13,"6 Never married","1 Yes","0 No","100",50,NA,50,"1 Yes",80,0,4,"Harris"
"3629","Female",43,"6 California","6 15,000 to 19,999",15,"1 Married (spouse lives with me)","1 Yes","1 Yes","90",100,0,0,"1 Yes",90,10,6,"Harris"
"3630","Male",70,"6 California","15 100,000 to 149,999",10,"4 Divorced","1 Yes","1 Yes","100",NA,NA,NA,"1 Yes",40,50,15,NA
"3631","Female",60,"6 California","14 75,000 to 99,999",13,"1 Married (spouse lives with me)","1 Yes","1 Yes","100",100,NA,NA,"1 Yes",75,25,14,"Harris"
"3632","Male",73,"6 California","16 150,000 or more",13,"1 Married (spouse lives with me)","1 Yes","0 No","100",0,100,0,"1 Yes",90,10,16,"Trump"
"3633","Female",34,"6 California","16 150,000 or more",13,"6 Never married","1 Yes","1 Yes","98",98,2,NA,"0 No",70,30,16,"Harris"
"3634","Female",34,"6 California","1 Less than $5,000",11,"6 Never married","1 Yes","1 Yes","100",0,100,0,"0 No",0,100,1,"Trump"
"3635","Male",26,"6 California","13 60,000 to 74,999",10,"6 Never married","1 Yes","1 Yes","100",NA,NA,NA,"1 Yes",10,80,13,NA
"3636","Female",40,"6 California","11 40,000 to 49,999",12,"3 Separated","1 Yes","0 No","0",50,50,NA,"1 Yes",50,50,11,"Trump"
"3637","Male",22,"6 California","7 20,000 to 24,999",10,"6 Never married","1 Yes","1 Yes","100",100,0,0,"1 Yes",90,0,7,"Harris"
"3638","Female",65,"6 California","13 60,000 to 74,999",13,"6 Never married","1 Yes","0 No","100",100,0,0,"0 No",99,1,13,"Harris"
"3639","Male",65,"6 California","16 150,000 or more",13,"1 Married (spouse lives with me)","1 Yes","1 Yes","100",NA,NA,NA,"1 Yes",45,50,16,NA
"3640","Female",74,"6 California","7 20,000 to 24,999",14,"4 Divorced","1 Yes","0 No","0",100,0,0,"1 Yes",80,20,7,"Harris"
"3641","Female",65,"6 California","16 150,000 or more",11,"1 Married (spouse lives with me)","1 Yes","1 Yes","100",100,0,0,"1 Yes",50,50,16,"Harris"
"3642","Male",39,"6 California","16 150,000 or more",13,"1 Married (spouse lives with me)","1 Yes","1 Yes","99",100,NA,NA,"0 No",100,0,16,"Harris"
"3643","Female",42,"6 California","15 100,000 to 149,999",15,"6 Never married","1 Yes","1 Yes","99",100,NA,NA,"1 Yes",85,5,15,"Harris"
"3644","Male",33,"6 California","13 60,000 to 74,999",13,"6 Never married","1 Yes","1 Yes","100",NA,NA,NA,"1 Yes",50,25,13,NA
"3645","Female",62,"6 California","11 40,000 to 49,999",11,"6 Never married","1 Yes","1 Yes","100",NA,100,NA,"1 Yes",1,99,11,"Trump"
"3646","Female",54,"32 Nevada","16 150,000 or more",12,"1 Married (spouse lives with me)","1 Yes","1 Yes","100",33,33,34,"1 Yes",33,33,16,"Other"
"3647","Male",76,"6 California","14 75,000 to 99,999",14,"1 Married (spouse lives with me)","1 Yes","0 No","100",100,0,NA,".e",90,10,14,"Harris"
"3648","Male",33,"6 California","15 100,000 to 149,999",10,"6 Never married","1 Yes","1 Yes","100",100,NA,NA,"1 Yes",100,0,15,"Harris"
"3649","Female",30,"6 California","14 75,000 to 99,999",14,"6 Never married","1 Yes","1 Yes","100",NA,NA,NA,"1 Yes",100,0,14,NA
"3650","Male",49,"15 Hawaii","14 75,000 to 99,999",15,"4 Divorced","1 Yes","1 Yes","100",NA,NA,NA,"0 No",100,0,14,NA
"3651","Female",29,"15 Hawaii","15 100,000 to 149,999",10,"1 Married (spouse lives with me)","1 Yes","1 Yes","95",0,100,0,"0 No",20,80,15,"Trump"
"3652","Female",53,"15 Hawaii","15 100,000 to 149,999",14,"1 Married (spouse lives with me)","1 Yes","1 Yes","100",90,10,NA,"0 No",100,0,15,"Harris"
"3653","Male",30,"42 Pennsylvania","16 150,000 or more",13,"1 Married (spouse lives with me)","1 Yes","1 Yes","100",100,0,0,"1 Yes",100,0,16,"Harris"
"3654","Female",33,"34 New Jersey","12 50,000 to 59,999",10,"6 Never married","1 Yes","1 Yes","90",80,0,20,"1 Yes",80,10,12,"Harris"
"3655","Male",40,"34 New Jersey","12 50,000 to 59,999",6,"6 Never married","1 Yes","0 No","0",0,0,100,"1 Yes",100,0,12,"Other"
"3656","Female",38,"42 Pennsylvania","13 60,000 to 74,999",10,"1 Married (spouse lives with me)","1 Yes","0 No","100",0,100,0,"1 Yes",5,95,13,"Trump"
"3657","Female",24,"13 Georgia","14 75,000 to 99,999",15,"1 Married (spouse lives with me)","1 Yes","0 No","0",1,1,98,"1 Yes",10,10,14,"Other"
"3658","Male",77,"12 Florida","13 60,000 to 74,999",12,"1 Married (spouse lives with me)","1 Yes","0 No","100",NA,NA,NA,"1 Yes",60,40,13,NA
"3659","Male",67,"13 Georgia","4 10,000 to 12,499",7,"1 Married (spouse lives with me)","1 Yes","0 No","100",NA,NA,NA,"0 No",100,0,4,NA
"3660","Female",66,"13 Georgia","2 5,000 to 7,499",11,"1 Married (spouse lives with me)","1 Yes","0 No","100",NA,NA,100,"0 No",0,0,2,"Other"
"3661","Male",50,"13 Georgia","1 Less than $5,000",10,"4 Divorced","1 Yes","0 No","100",NA,100,NA,"0 No",50,50,1,"Trump"
"3662","Female",29,"42 Pennsylvania","8 25,000 to 2,999",9,"6 Never married","1 Yes","0 No","100",NA,NA,NA,"0 No",100,0,8,NA
"3663","Male",33,"42 Pennsylvania","4 10,000 to 12,499",11,"6 Never married","1 Yes","0 No","100",NA,NA,NA,"0 No",90,0,4,NA
"3664","Female",30,"21 Kentucky","1 Less than $5,000",5,"1 Married (spouse lives with me)","1 Yes","0 No","75",20,60,20,"1 Yes",40,50,1,"Trump"
"3665","Female",57,"22 Louisiana","14 75,000 to 99,999",13,"1 Married (spouse lives with me)","1 Yes","1 Yes","100",NA,NA,NA,"1 Yes",15,80,14,NA
"3666","Female",47,"42 Pennsylvania","4 10,000 to 12,499",9,"1 Married (spouse lives with me)","1 Yes","1 Yes","100",NA,NA,NA,"1 Yes",0,100,4,NA
"3667","Male",62,"47 Tennessee","7 20,000 to 24,999",9,"4 Divorced","1 Yes","0 No","0",0,100,0,"1 Yes",0,100,7,"Trump"
"3668","Female",20,"36 New York","13 60,000 to 74,999",9,"6 Never married","1 Yes","1 Yes","3",0,0,100,"0 No",50,50,13,"Other"
"3669","Female",47,"48 Texas","1 Less than $5,000",11,"6 Never married","1 Yes","0 No","100",0,100,NA,"1 Yes",0,100,1,"Trump"
"3670","Male",36,"6 California","14 75,000 to 99,999",13,"6 Never married","1 Yes","1 Yes","100",55,45,NA,"0 No",50,50,14,"Harris"
"3671","Male",48,"42 Pennsylvania","13 60,000 to 74,999",12,"1 Married (spouse lives with me)","1 Yes","1 Yes","100",NA,100,NA,"1 Yes",10,90,13,"Trump"
"3672","Male",29,"13 Georgia","11 40,000 to 49,999",9,"6 Never married","1 Yes","0 No","0",0,0,100,"1 Yes",0,0,11,"Other"
"3673","Female",60,"12 Florida","14 75,000 to 99,999",10,"4 Divorced","1 Yes","0 No","100",50,50,NA,".e",50,50,14,"Trump"
"3674","Male",27,"6 California","16 150,000 or more",13,"6 Never married","1 Yes","1 Yes","100",NA,NA,NA,"1 Yes",85,15,16,NA
"3675","Female",18,"6 California","16 150,000 or more",9,"6 Never married","1 Yes","0 No","99",99,NA,1,"1 Yes",100,0,16,"Harris"
"3676","Female",66,"6 California","16 150,000 or more",14,"1 Married (spouse lives with me)","1 Yes","0 No","100",NA,NA,NA,"1 Yes",80,20,16,NA
"3677","Female",62,"26 Michigan","14 75,000 to 99,999",13,"6 Never married","1 Yes","0 No","99",50,50,0,"1 Yes",80,20,14,"Trump"
"3678","Female",42,"55 Wisconsin","16 150,000 or more",15,"1 Married (spouse lives with me)","1 Yes","1 Yes","100",100,NA,NA,"1 Yes",98,2,16,"Harris"
"3679","Male",19,"5 Arkansas","9 30,000 to 34,999",9,"6 Never married","1 Yes","1 Yes","100",100,0,0,"0 No",35,40,9,"Harris"
"3680","Female",35,"26 Michigan","1 Less than $5,000",9,"6 Never married","1 Yes","0 No","100",50,0,50,"0 No",50,30,1,"Harris"
"3681","Female",57,"34 New Jersey","15 100,000 to 149,999",9,"1 Married (spouse lives with me)","1 Yes","0 No","100",95,0,5,"1 Yes",73,9,15,"Harris"
"3682","Male",27,"47 Tennessee","15 100,000 to 149,999",14,"6 Never married","1 Yes","1 Yes","100",NA,100,NA,"1 Yes",0,80,15,"Trump"
"3683","Female",35,"36 New York","14 75,000 to 99,999",13,"1 Married (spouse lives with me)","1 Yes","1 Yes","100",100,NA,NA,"0 No",70,30,14,"Harris"
"3684","Male",48,"13 Georgia","12 50,000 to 59,999",9,"1 Married (spouse lives with me)","1 Yes","0 No","0",100,0,0,"1 Yes",100,0,12,"Harris"
"3685","Female",51,"42 Pennsylvania","11 40,000 to 49,999",10,"1 Married (spouse lives with me)","1 Yes","1 Yes","50",100,0,0,"1 Yes",100,0,11,"Harris"
"3686","Female",23,"6 California","12 50,000 to 59,999",13,"6 Never married","1 Yes","1 Yes","100",NA,NA,NA,"1 Yes",100,0,12,NA
"3687","Female",58,"22 Louisiana","7 20,000 to 24,999",9,"4 Divorced","1 Yes","0 No","100",0,100,0,"1 Yes",0,100,7,"Trump"
"3688","Female",72,"12 Florida","14 75,000 to 99,999",10,"1 Married (spouse lives with me)","1 Yes","1 Yes","100",100,0,0,"1 Yes",65,35,14,"Harris"
"3689","Female",22,"39 Ohio","11 40,000 to 49,999",12,"1 Married (spouse lives with me)","1 Yes","1 Yes","50",5,70,25,"1 Yes",5,90,11,"Trump"
"3690","Female",59,"48 Texas","11 40,000 to 49,999",12,"1 Married (spouse lives with me)","1 Yes","1 Yes","75",NA,100,NA,"1 Yes",20,80,11,"Trump"
"3691","Female",38,"12 Florida","12 50,000 to 59,999",9,"6 Never married","1 Yes","1 Yes","100",NA,NA,NA,"1 Yes",22,75,12,NA
"3692","Male",73,"42 Pennsylvania","14 75,000 to 99,999",9,"1 Married (spouse lives with me)","1 Yes","1 Yes","100",100,NA,NA,"0 No",70,0,14,"Harris"
"3693","Male",18,"28 Mississippi","14 75,000 to 99,999",9,"6 Never married","1 Yes","1 Yes","75",10,90,NA,"1 Yes",0,100,14,"Trump"
"3694","Male",21,"47 Tennessee","9 30,000 to 34,999",9,"1 Married (spouse lives with me)","1 Yes","1 Yes","75",NA,100,NA,"1 Yes",0,100,9,"Trump"
"3695","Female",46,"13 Georgia","9 30,000 to 34,999",10,"1 Married (spouse lives with me)","1 Yes","0 No","100",NA,NA,NA,"0 No",50,50,9,NA
"3696","Male",50,"36 New York","16 150,000 or more",14,"1 Married (spouse lives with me)","1 Yes","1 Yes","100",100,NA,NA,"1 Yes",35,60,16,"Harris"
"3697","Male",24,"26 Michigan","13 60,000 to 74,999",13,"6 Never married","1 Yes","1 Yes","25",0,10,90,"1 Yes",20,75,13,"Other"
"3698","Female",37,"48 Texas","8 25,000 to 2,999",11,"3 Separated","1 Yes","1 Yes","100",90,0,10,"1 Yes",90,0,8,"Harris"
"3699","Male",60,"42 Pennsylvania","1 Less than $5,000",9,"1 Married (spouse lives with me)","1 Yes","0 No","100",0,100,0,"1 Yes",20,80,1,"Trump"
